magic,entry_time,exit_time,volume,entry_price,exit_price,executive_stop,disaster_stop,exit_reason,net_pnl,cash_after
6001,2020-01-08 13:00:00+00:00,2020-01-10 18:00:00+00:00,0.04,8859.37,8988.24,8671.755625000002,8609.217500000002,signal_exit,102.85599999999917,100102.706
6001,2020-01-13 11:00:00+00:00,2020-01-14 19:00:00+00:00,0.11,9009.7,9040.27,8924.78875,8896.485,signal_exit,66.59399999999935,100169.3
6001,2020-01-15 13:00:00+00:00,2020-01-15 21:00:00+00:00,0.07,9054.140000000001,9035.84,8930.251250000001,8888.955,signal_exit,-26.04000000000153,100143.26
6002,2020-01-08 12:00:00+00:00,2020-01-15 21:00:00+00:00,0.05,8852.78,9035.84,8666.581250000001,8604.515000000001,signal_exit,182.7599999999995,100326.17
6001,2020-01-16 09:00:00+00:00,2020-01-20 13:00:00+00:00,0.08,9085.970000000001,9152.05,8980.235,8944.99,signal_exit,105.24799999999699,100431.41799999999
6001,2020-01-21 00:00:00+00:00,2020-01-21 08:00:00+00:00,0.13,9157.82,9122.88,9085.608124999999,9061.537499999999,signal_exit,-91.62400000000132,100339.794
6001,2020-01-21 18:00:00+00:00,2020-01-23 04:00:00+00:00,0.12,9180.550000000001,9170.56,9104.09125,9078.605,signal_exit,-24.69600000000384,100314.73799999998
6001,2020-01-23 19:00:00+00:00,2020-01-24 17:00:00+00:00,0.08,9203.27,9195.94,9086.945000000002,9048.170000000002,signal_exit,-12.207999999999883,100302.52999999998
6002,2020-01-21 18:00:00+00:00,2020-01-24 19:00:00+00:00,0.12,9180.550000000001,9139.75,9104.09125,9078.605,signal_exit,-98.64000000000262,100204.24999999999
6001,2020-01-28 14:00:00+00:00,2020-01-30 02:00:00+00:00,0.05,9018.45,9087.9,8842.93125,8784.425,signal_exit,69.1499999999989,100273.25
6002,2020-01-29 05:00:00+00:00,2020-01-30 02:00:00+00:00,0.05,9132.800000000001,9087.9,8974.04,8921.12,signal_exit,-45.20000000000146,100228.2
6001,2020-01-31 01:00:00+00:00,2020-01-31 15:00:00+00:00,0.04,9222.48,9120.24,8995.818749999999,8920.265,signal_exit,-82.03199999999983,100146.04800000001
6002,2020-01-31 01:00:00+00:00,2020-01-31 17:00:00+00:00,0.04,9222.48,9064.949999999999,8995.818749999999,8920.265,signal_exit,-126.26400000000054,100019.90400000001
6001,2020-02-03 16:00:00+00:00,2020-02-06 14:00:00+00:00,0.04,9125.98,9396.359999999999,8892.728125,8814.9775,signal_exit,216.06399999999937,100235.84800000001
6001,2020-02-06 19:00:00+00:00,2020-02-07 08:00:00+00:00,0.04,9436.130000000001,9431.46,9238.773125000002,9172.987500000001,signal_exit,-3.976000000001514,100231.87200000002
6002,2020-02-03 16:00:00+00:00,2020-02-07 14:00:00+00:00,0.04,9125.98,9400.859999999999,8892.728125,8814.9775,signal_exit,219.66399999999936,100451.65600000002
6001,2020-02-10 17:00:00+00:00,2020-02-12 03:00:00+00:00,0.04,9468.390000000001,9528.199999999999,9274.9835625,9210.514749999998,signal_exit,47.60799999999815,100499.14400000003
6001,2020-02-12 11:00:00+00:00,2020-02-13 08:00:00+00:00,0.07,9568.390000000001,9552.67,9444.713125000002,9403.487500000003,signal_exit,-22.42800000000163,100476.71600000001
6002,2020-02-10 17:00:00+00:00,2020-02-13 08:00:00+00:00,0.04,9468.390000000001,9552.67,9274.9835625,9210.514749999998,signal_exit,67.18399999999906,100544.02000000002
6001,2020-02-13 17:00:00+00:00,2020-02-14 18:00:00+00:00,0.06,9607.95,9593.779999999999,9460.021875,9410.712500000001,signal_exit,-17.364000000002267,100526.47600000002
6001,2020-02-17 01:00:00+00:00,2020-02-18 00:00:00+00:00,0.06,9647.84,9591.859999999999,9498.768124999999,9449.0775,signal_exit,-67.53600000000166,100458.94000000003
6002,2020-02-13 17:00:00+00:00,2020-02-18 01:00:00+00:00,0.06,9607.95,9579.539999999999,9460.021875,9410.712500000001,signal_exit,-34.45200000000201,100424.66800000003
6001,2020-02-19 03:00:00+00:00,2020-02-20 17:00:00+00:00,0.06,9653.800000000001,9570.96,9518.670625,9473.6275,signal_exit,-99.76800000000237,100324.72000000004
6002,2020-02-19 03:00:00+00:00,2020-02-20 17:00:00+00:00,0.06,9653.800000000001,9570.96,9518.670625,9473.6275,signal_exit,-99.76800000000237,100225.13200000004
6001,2020-03-02 04:00:00+00:00,2020-03-02 15:00:00+00:00,0.01,8509.42,8508.369999999999,7712.891875000001,7447.382500000001,signal_exit,-0.2700000000002183,100224.86200000004
6001,2020-03-03 00:00:00+00:00,2020-03-03 19:00:00+00:00,0.01,8859.470000000001,8589.38,8047.133750000001,7776.3550000000005,signal_exit,-54.0780000000004,100170.75400000004
6002,2020-03-03 02:00:00+00:00,2020-03-03 19:00:00+00:00,0.01,8818.34,8589.38,8034.30875,7772.964999999999,signal_exit,-45.85200000000019,100124.93200000004
6001,2020-03-04 10:00:00+00:00,2020-03-05 09:00:00+00:00,0.01,8761.06,8776.8,8250.443124999998,8080.237499999997,signal_exit,3.0879999999999566,100127.99000000005
6002,2020-03-05 02:00:00+00:00,2020-03-05 11:00:00+00:00,0.01,8835.29,8714.19,8320.71125,8149.185000000001,signal_exit,-24.280000000000076,100103.74000000005
6001,2020-03-24 06:00:00+00:00,2020-03-26 00:00:00+00:00,0.01,7206.900000000001,7489.9,6274.880625000001,5964.2075,signal_exit,56.539999999999814,100160.25000000006
6002,2020-03-25 05:00:00+00:00,2020-03-26 10:00:00+00:00,0.01,7501.59,7384.98,6792.58875,6556.255,signal_exit,-23.382000000000122,100136.89800000006
6001,2020-03-26 15:00:00+00:00,2020-03-27 12:00:00+00:00,0.01,7692.33,7652.049999999999,7004.40375,6775.095,signal_exit,-8.11600000000013,100128.75200000007
6002,2020-03-26 15:00:00+00:00,2020-03-30 01:00:00+00:00,0.01,7692.33,7481.349999999999,7004.40375,6775.095,signal_exit,-42.2560000000001,100086.52600000007
6001,2020-03-30 14:00:00+00:00,2020-03-31 21:00:00+00:00,0.01,7695.240000000001,7811.299999999999,7180.241250000001,7008.575000000001,signal_exit,23.151999999999717,100109.64800000007
6002,2020-03-30 08:00:00+00:00,2020-04-01 03:00:00+00:00,0.01,7617.75,7744.45,7089.365625,6913.2375,signal_exit,25.27999999999996,100134.95800000007
6001,2020-04-03 01:00:00+00:00,2020-04-03 10:00:00+00:00,0.02,7607.9400000000005,7548.79,7187.983125000001,7047.997500000001,signal_exit,-23.780000000000218,100111.17800000007
6001,2020-04-06 01:00:00+00:00,2020-04-08 01:00:00+00:00,0.02,7668.68,8050.75,7214.1743750000005,7062.672500000001,signal_exit,152.70799999999988,100263.82600000007
6001,2020-04-08 15:00:00+00:00,2020-04-09 13:00:00+00:00,0.01,8084.150000000001,8150.049999999999,7602.815000000001,7442.370000000001,signal_exit,13.119999999999745,100276.94600000007
6002,2020-04-06 03:00:00+00:00,2020-04-13 00:00:00+00:00,0.02,7805.530000000001,8150.42,7366.5231250000015,7220.187500000002,signal_exit,137.83599999999979,100414.84200000006
6001,2020-04-13 14:00:00+00:00,2020-04-15 17:00:00+00:00,0.02,8214.25,8538.65,7840.918750000001,7716.475000000001,signal_exit,129.63999999999984,100544.42200000006
6001,2020-04-16 08:00:00+00:00,2020-04-17 19:00:00+00:00,0.03,8688.42,8747.34,8384.165624999998,8282.747499999998,signal_exit,35.17200000000004,100579.59400000007
6002,2020-04-13 13:00:00+00:00,2020-04-20 21:00:00+00:00,0.02,8211.1,8722.369999999999,7836.236875000001,7711.282500000002,signal_exit,204.38799999999947,100784.04200000007
6001,2020-04-22 19:00:00+00:00,2020-04-23 09:00:00+00:00,0.02,8661.45,8612.42,8293.295625000002,8170.577500000004,signal_exit,-19.73200000000026,100764.31000000007
6001,2020-04-23 15:00:00+00:00,2020-04-24 01:00:00+00:00,0.03,8735.9,8561.69,8457.59375,8364.825,signal_exit,-104.70599999999948,100659.51400000008
6002,2020-04-23 17:00:00+00:00,2020-04-24 03:00:00+00:00,0.03,8740.68,8526.59,8462.225625000001,8369.407500000001,signal_exit,-128.6340000000001,100530.97000000009
6001,2020-04-24 13:00:00+00:00,2020-04-28 05:00:00+00:00,0.02,8645.9,8804.3,8318.10125,8208.835,signal_exit,63.23999999999985,100594.1500000001
6001,2020-04-28 12:00:00+00:00,2020-04-28 20:00:00+00:00,0.04,8935.19,8732.869999999999,8706.927500000002,8630.840000000002,signal_exit,-162.09600000000123,100432.0540000001
6002,2020-04-27 02:00:00+00:00,2020-04-29 09:00:00+00:00,0.02,8797.58,8830.16,8441.258749999999,8322.484999999999,signal_exit,12.91199999999997,100445.0260000001
6001,2020-04-29 18:00:00+00:00,2020-04-30 20:00:00+00:00,0.03,8961.67,8932.63,8648.5,8544.11,signal_exit,-17.604000000000525,100427.33200000011
6002,2020-04-29 18:00:00+00:00,2020-05-01 07:00:00+00:00,0.03,8961.67,8816.039999999999,8648.5,8544.11,signal_exit,-87.55800000000062,100339.86400000012
6001,2020-05-04 21:00:00+00:00,2020-05-06 21:00:00+00:00,0.03,8831.710000000001,8981.52,8522.095000000001,8418.89,signal_exit,89.70599999999969,100429.48000000013
6002,2020-05-05 03:00:00+00:00,2020-05-06 21:00:00+00:00,0.03,8884.11,8981.52,8584.06875,8484.055,signal_exit,58.2659999999999,100487.83600000013
6001,2020-05-07 05:00:00+00:00,2020-05-11 13:00:00+00:00,0.03,9034.57,9154.449999999999,8785.89625,8703.005,signal_exit,71.74799999999952,100559.49400000014
6001,2020-05-11 18:00:00+00:00,2020-05-12 08:00:00+00:00,0.04,9289.06,9252.96,9066.585625,8992.4275,signal_exit,-29.120000000000296,100530.37400000014
6002,2020-05-07 05:00:00+00:00,2020-05-12 21:00:00+00:00,0.03,9034.57,9108.89,8785.89625,8703.005,signal_exit,44.41199999999982,100574.87600000013
6001,2020-05-15 00:00:00+00:00,2020-05-15 12:00:00+00:00,0.02,9088.28,9044.33,8696.628125000001,8566.077500000001,signal_exit,-17.70000000000029,100557.17600000014
6001,2020-05-18 00:00:00+00:00,2020-05-19 21:00:00+00:00,0.02,9166.37,9296.22,8810.931875000002,8692.452500000001,signal_exit,51.81999999999942,100608.93600000015
6001,2020-05-20 12:00:00+00:00,2020-05-21 17:00:00+00:00,0.04,9404.1,9400.5,9179.023125000002,9103.997500000001,signal_exit,-3.1200000000002914,100605.81600000015
6002,2020-05-18 00:00:00+00:00,2020-05-21 20:00:00+00:00,0.02,9166.37,9387.539999999999,8810.931875000002,8692.452500000001,signal_exit,88.3479999999993,100694.22400000015
6001,2020-05-25 01:00:00+00:00,2020-05-26 17:00:00+00:00,0.03,9460.54,9447.039999999999,9210.61,9127.3,signal_exit,-8.28000000000109,100685.85400000015
6002,2020-05-25 01:00:00+00:00,2020-05-27 01:00:00+00:00,0.03,9460.54,9396.42,9210.61,9127.3,signal_exit,-38.65200000000049,100647.29200000015
6001,2020-05-28 17:00:00+00:00,2020-05-29 07:00:00+00:00,0.02,9521.2,9437.38,9173.425000000001,9057.5,signal_exit,-33.648000000000614,100613.58400000015
6002,2020-05-28 17:00:00+00:00,2020-05-29 09:00:00+00:00,0.02,9521.2,9411.69,9173.425000000001,9057.5,signal_exit,-43.92400000000009,100569.72000000015
6001,2020-05-29 21:00:00+00:00,2020-06-02 17:00:00+00:00,0.02,9555.12,9538.52,9217.190625000001,9104.5475,signal_exit,-6.760000000000145,100562.90000000015
6001,2020-06-04 16:00:00+00:00,2020-06-05 02:00:00+00:00,0.05,9713.27,9631.869999999999,9534.216875000002,9474.532500000001,signal_exit,-81.70000000000148,100481.20000000016
6002,2020-06-01 02:00:00+00:00,2020-06-05 03:00:00+00:00,0.02,9545.02,9634.14,9199.70875,9084.605,signal_exit,35.52799999999959,100516.78800000016
6001,2020-06-05 16:00:00+00:00,2020-06-09 10:00:00+00:00,0.04,9782.1,9822.69,9551.064375,9474.0525,signal_exit,32.23200000000013,100548.90000000017
6002,2020-06-05 16:00:00+00:00,2020-06-11 18:00:00+00:00,0.04,9782.1,9705.84,9551.064375,9474.0525,signal_exit,-61.24800000000017,100487.77200000017
6001,2020-06-15 21:00:00+00:00,2020-06-18 02:00:00+00:00,0.01,9779.92,9944.57,9303.2575,9144.37,signal_exit,32.869999999999926,100520.61200000017
6002,2020-06-16 02:00:00+00:00,2020-06-18 18:00:00+00:00,0.01,9869.59,9986.609999999999,9386.5375,9225.52,signal_exit,23.34399999999972,100543.98600000016
6001,2020-06-19 08:00:00+00:00,2020-06-19 19:00:00+00:00,0.03,10064.94,9962.06,9813.761250000001,9730.035000000002,signal_exit,-61.90800000000062,100482.07800000017
6001,2020-06-22 18:00:00+00:00,2020-06-24 11:00:00+00:00,0.03,10107.35,10146.59,9849.216874999998,9763.172499999999,signal_exit,23.36399999999987,100505.35200000017
6002,2020-06-22 18:00:00+00:00,2020-06-24 17:00:00+00:00,0.03,10107.35,9979.94,9849.216874999998,9763.172499999999,signal_exit,-76.62599999999992,100428.81600000018
6001,2020-06-26 00:00:00+00:00,2020-06-26 13:00:00+00:00,0.02,10112.470000000001,10099.16,9743.935000000001,9621.09,signal_exit,-5.444000000000523,100423.28200000018
6002,2020-06-26 06:00:00+00:00,2020-06-26 16:00:00+00:00,0.03,10108.02,9898.779999999999,9802.98375,9701.305,signal_exit,-125.72400000000097,100297.64800000018
6001,2020-06-30 01:00:00+00:00,2020-06-30 12:00:00+00:00,0.02,10005.34,9972.449999999999,9656.9575,9540.83,signal_exit,-13.276000000000495,100284.37200000018
6001,2020-06-30 17:00:00+00:00,2020-07-03 16:00:00+00:00,0.03,10088.9,10338.27,9831.580625,9745.8075,signal_exit,149.44200000000046,100433.72400000019
6001,2020-07-06 03:00:00+00:00,2020-07-07 21:00:00+00:00,0.05,10473.630000000001,10526.66,10289.111250000002,10227.605000000003,signal_exit,52.72999999999884,100486.4540000002
6001,2020-07-08 16:00:00+00:00,2020-07-09 17:00:00+00:00,0.04,10641.58,10635.66,10410.039999999999,10332.86,signal_exit,-4.976000000000059,100481.4780000002
6001,2020-07-10 18:00:00+00:00,2020-07-13 21:00:00+00:00,0.03,10754.460000000001,10607.15,10475.010000000002,10381.860000000002,signal_exit,-88.56600000000078,100392.91200000021
6002,2020-06-30 21:00:00+00:00,2020-07-14 01:00:00+00:00,0.03,10149.970000000001,10655.27,9878.113750000002,9787.495000000003,signal_exit,302.9999999999996,100696.00200000021
6001,2020-07-15 02:00:00+00:00,2020-07-15 11:00:00+00:00,0.01,10731.11,10685.49,10211.238125000002,10037.947500000002,signal_exit,-9.18400000000016,100686.81800000022
6001,2020-07-20 16:00:00+00:00,2020-07-21 21:00:00+00:00,0.04,10769.62,10835.09,10540.95625,10464.735,signal_exit,52.135999999999484,100738.83400000022
6002,2020-07-20 16:00:00+00:00,2020-07-23 01:00:00+00:00,0.04,10769.62,10831.619999999999,10540.95625,10464.735,signal_exit,49.35999999999855,100788.31400000022
6001,2020-07-23 09:00:00+00:00,2020-07-23 17:00:00+00:00,0.03,10928.07,10804.289999999999,10666.102499999999,10578.779999999999,signal_exit,-74.4480000000004,100713.77600000022
6002,2020-07-23 09:00:00+00:00,2020-07-23 17:00:00+00:00,0.03,10928.07,10804.289999999999,10666.102499999999,10578.779999999999,signal_exit,-74.4480000000004,100639.41800000021
6001,2020-07-27 12:00:00+00:00,2020-07-28 17:00:00+00:00,0.02,10582.45,10625.369999999999,10237.716250000001,10122.805,signal_exit,17.047999999999305,100656.4060000002
6002,2020-07-28 02:00:00+00:00,2020-07-28 17:00:00+00:00,0.02,10743.5,10625.369999999999,10403.40125,10290.035,signal_exit,-47.37200000000041,100609.0940000002
6001,2020-07-30 00:00:00+00:00,2020-07-30 09:00:00+00:00,0.03,10691.27,10573.18,10437.421250000003,10352.805000000004,signal_exit,-71.0340000000001,100538.0600000002
6001,2020-07-30 20:00:00+00:00,2020-08-04 20:00:00+00:00,0.03,10723.880000000001,11038.74,10443.790625000001,10350.427500000002,signal_exit,188.73599999999925,100726.70600000021
6002,2020-07-30 20:00:00+00:00,2020-08-06 12:00:00+00:00,0.03,10723.880000000001,11073.43,10443.790625000001,10350.427500000002,signal_exit,209.54999999999956,100936.34600000021
6001,2020-08-06 17:00:00+00:00,2020-08-07 19:00:00+00:00,0.05,11139.17,11081.359999999999,10953.359375,10891.4225,signal_exit,-58.110000000001314,100878.23600000021
6001,2020-08-12 17:00:00+00:00,2020-08-13 07:00:00+00:00,0.03,11142.61,11109.23,10828.294375,10723.5225,signal_exit,-20.208000000000613,100857.96800000021
6002,2020-08-12 20:00:00+00:00,2020-08-13 07:00:00+00:00,0.02,11163.300000000001,11109.23,10843.68375,10737.145,signal_exit,-21.74800000000061,100836.28000000022
6001,2020-08-13 15:00:00+00:00,2020-08-14 16:00:00+00:00,0.04,11222.67,11121.19,10998.830625,10924.2175,signal_exit,-81.42399999999967,100754.73600000022
6002,2020-08-13 17:00:00+00:00,2020-08-17 01:00:00+00:00,0.04,11240.87,11165.34,11007.078125,10929.147500000001,signal_exit,-60.66400000000051,100694.19200000023
6001,2020-08-17 10:00:00+00:00,2020-08-19 20:00:00+00:00,0.05,11202.23,11373.07,11028.623749999999,10970.755,signal_exit,170.54000000000013,100864.73200000024
6001,2020-08-20 17:00:00+00:00,2020-08-25 13:00:00+00:00,0.04,11423.65,11621.4,11192.430624999999,11115.3575,signal_exit,157.96,101022.57200000025
6001,2020-08-25 19:00:00+00:00,2020-08-27 21:00:00+00:00,0.04,11670.4,11928.539999999999,11442.628750000002,11366.705000000002,signal_exit,206.27199999999954,101228.84400000024
6001,2020-08-28 06:00:00+00:00,2020-08-28 16:00:00+00:00,0.03,12006.35,11958.72,11733.400625,11642.417500000001,signal_exit,-28.758000000000607,101200.08600000024
6001,2020-08-28 21:00:00+00:00,2020-09-03 10:00:00+00:00,0.03,11995.41,12361.93,11695.012499999999,11594.88,signal_exit,219.73200000000023,101419.81800000025
6002,2020-08-20 17:00:00+00:00,2020-09-03 15:00:00+00:00,0.04,11423.65,12173.68,11192.430624999999,11115.3575,signal_exit,599.7840000000004,102019.72200000024
6001,2020-09-09 19:00:00+00:00,2020-09-10 08:00:00+00:00,0.01,11390.93,11434.859999999999,10788.194562500003,10587.282750000002,signal_exit,8.725999999999695,102028.44800000024
6001,2020-09-10 15:00:00+00:00,2020-09-11 01:00:00+00:00,0.02,11508.65,11202.68,11045.502687500002,10891.120250000002,signal_exit,-122.50799999999977,101905.94000000024
6001,2020-09-11 11:00:00+00:00,2020-09-11 19:00:00+00:00,0.02,11326.130000000001,10968.81,10870.223750000001,10718.255000000001,signal_exit,-143.04800000000063,101762.89200000024
6001,2020-09-14 17:00:00+00:00,2020-09-16 16:00:00+00:00,0.02,11339.11,11383.88,10915.90375,10774.835,signal_exit,17.78799999999945,101780.62000000024
6002,2020-09-15 07:00:00+00:00,2020-09-16 16:00:00+00:00,0.02,11330.85,11383.88,11000.595,10890.51,signal_exit,21.091999999999537,101801.77200000024
6001,2020-09-22 00:00:00+00:00,2020-09-22 13:00:00+00:00,0.01,11001.33,11016.21,10486.055624999999,10314.297499999999,signal_exit,2.91599999999984,101804.68800000024
6001,2020-09-22 20:00:00+00:00,2020-09-23 17:00:00+00:00,0.02,11125.29,11003.88,10666.025624999998,10512.937499999998,signal_exit,-48.68400000000068,101755.94400000025
6002,2020-09-22 21:00:00+00:00,2020-09-23 17:00:00+00:00,0.02,11182.87,11003.88,10723.914999999999,10570.929999999998,signal_exit,-71.71600000000065,101684.28800000025
6001,2020-09-25 02:00:00+00:00,2020-09-25 11:00:00+00:00,0.01,10972.28,10882.22,10468.16375,10300.125,signal_exit,-18.072000000000266,101666.21600000025
6001,2020-09-25 19:00:00+00:00,2020-09-29 16:00:00+00:00,0.02,11080.11,11327.46,10632.590625,10483.4175,signal_exit,98.81999999999941,101764.97600000026
6001,2020-09-30 17:00:00+00:00,2020-10-02 06:00:00+00:00,0.02,11501.74,11470.24,11157.973750000001,11043.385000000002,signal_exit,-12.72,101752.25600000026
6002,2020-09-25 19:00:00+00:00,2020-10-02 07:00:00+00:00,0.02,11080.11,11360.359999999999,10632.590625,10483.4175,signal_exit,111.97999999999928,101864.29600000025
6001,2020-10-05 20:00:00+00:00,2020-10-06 10:00:00+00:00,0.02,11480.220000000001,11439.64,11105.045625000002,10979.987500000003,signal_exit,-16.3520000000007,101847.94400000025
6002,2020-10-06 14:00:00+00:00,2020-10-07 00:00:00+00:00,0.04,11460.77,11238.85,11234.624375,11159.2425,signal_exit,-177.77600000000007,101670.16800000025
6001,2020-10-07 18:00:00+00:00,2020-10-14 00:00:00+00:00,0.03,11472.28,12112.0,11165.833750000002,11063.685000000003,signal_exit,383.65199999999965,102053.70000000026
6002,2020-10-08 09:00:00+00:00,2020-10-14 21:00:00+00:00,0.04,11568.04,11984.65,11353.024375,11281.3525,signal_exit,333.04799999999904,102386.86800000026
6002,2020-10-16 13:00:00+00:00,2020-10-16 21:00:00+00:00,0.03,11936.880000000001,11835.74,11623.822499999998,11519.469999999998,signal_exit,-60.86400000000076,102325.91400000027
6001,2020-10-16 15:00:00+00:00,2020-10-19 01:00:00+00:00,0.03,11972.09,11883.0,11653.804999999997,11547.709999999995,signal_exit,-53.63400000000009,102272.37000000027
6001,2020-10-29 18:00:00+00:00,2020-10-30 04:00:00+00:00,0.02,11396.149000000001,11212.949,11026.5405625,10903.33775,signal_exit,-73.4000000000003,102198.97000000028
6001,2020-11-02 11:00:00+00:00,2020-11-02 19:00:00+00:00,0.02,11210.729000000001,10960.268,10800.206562500001,10663.365750000003,signal_exit,-100.30440000000047,102098.66560000028
6001,2020-11-03 17:00:00+00:00,2020-11-06 10:00:00+00:00,0.02,11308.248,11907.729,10960.0370625,10843.96675,signal_exit,239.67239999999993,102338.27800000028
6001,2020-11-06 18:00:00+00:00,2020-11-09 20:00:00+00:00,0.02,12069.209,12013.969,11647.0911875,11506.38525,signal_exit,-22.216000000000637,102316.06200000028
6002,2020-11-03 21:00:00+00:00,2020-11-09 20:00:00+00:00,0.02,11270.218,12013.969,10908.3124375,10787.67725,signal_exit,297.3803999999993,102613.50240000027
6002,2020-11-12 11:00:00+00:00,2020-11-12 19:00:00+00:00,0.02,11947.269,11862.579,11594.804625,11477.3165,signal_exit,-33.99600000000021,102579.47640000028
6001,2020-11-11 16:00:00+00:00,2020-11-12 20:00:00+00:00,0.01,11815.829,11808.149,11291.159,11116.269,signal_exit,-1.5960000000000583,102577.91040000027
6001,2020-11-13 11:00:00+00:00,2020-11-13 19:00:00+00:00,0.03,11916.949,11866.707,11610.658000000001,11508.561000000002,signal_exit,-30.325200000000116,102547.58520000028
6002,2020-11-16 01:00:00+00:00,2020-11-16 14:00:00+00:00,0.03,12043.647,11902.429,11729.311500000002,11624.533000000001,signal_exit,-84.91080000000046,102462.67440000028
6001,2020-11-17 00:00:00+00:00,2020-11-18 01:00:00+00:00,0.03,12055.767,11951.749,11750.013749999998,11648.095999999998,signal_exit,-62.590800000000016,102400.08360000029
6001,2020-11-20 02:00:00+00:00,2020-11-20 15:00:00+00:00,0.03,11970.699,11964.429,11702.650125,11613.300500000001,signal_exit,-3.942000000000262,102396.1416000003
6001,2020-11-24 18:00:00+00:00,2020-11-27 03:00:00+00:00,0.04,12049.559000000001,12146.269,11820.062750000001,11743.564,signal_exit,77.12799999999929,102473.1496000003
6001,2020-11-27 12:00:00+00:00,2020-12-02 15:00:00+00:00,0.08,12195.209,12374.427,12080.279,12041.969000000001,signal_exit,286.2687999999983,102759.41840000029
6001,2020-12-03 03:00:00+00:00,2020-12-04 14:00:00+00:00,0.04,12474.019,12473.469,12248.237125000001,12172.976500000002,signal_exit,-0.6800000000008731,102758.7384000003
6001,2020-12-07 00:00:00+00:00,2020-12-07 09:00:00+00:00,0.05,12543.667,12485.899,12364.839625,12305.2305,signal_exit,-58.068000000000026,102700.6704000003
6001,2020-12-07 16:00:00+00:00,2020-12-09 18:00:00+00:00,0.06,12589.149000000001,12493.347,12433.577625000002,12381.720500000001,signal_exit,-115.3224000000018,102585.3480000003
6002,2020-11-24 20:00:00+00:00,2020-12-09 18:00:00+00:00,0.04,12078.429,12493.347,11840.204249999999,11760.795999999998,signal_exit,331.69439999999975,102917.1624000003
6002,2020-12-14 12:00:00+00:00,2020-12-15 17:00:00+00:00,0.04,12445.607,12495.457,12247.1735,12181.029000000002,signal_exit,39.6400000000003,102956.71240000031
6001,2020-12-14 01:00:00+00:00,2020-12-18 16:00:00+00:00,0.03,12413.519,12715.466999999999,12121.2455,12023.821000000002,signal_exit,180.9887999999991,103137.79120000031
6001,2020-12-21 06:00:00+00:00,2020-12-21 10:30:00+00:00,0.05,12762.539,12512.824,12576.26525,12514.174,server_disaster_stop,-250.01500000000019,102887.77620000031
6001,2020-12-22 14:00:00+00:00,2020-12-23 01:00:00+00:00,0.03,12745.437,12657.429,12445.341375,12345.3095,signal_exit,-52.98479999999989,102834.70140000033
6002,2020-12-22 13:00:00+00:00,2020-12-23 01:00:00+00:00,0.03,12750.307,12657.429,12451.84075,12352.351999999999,signal_exit,-55.90680000000037,102778.88460000033
6001,2020-12-28 03:00:00+00:00,2020-12-30 00:00:00+00:00,0.05,12775.849,12848.419,12609.320875,12553.8115,signal_exit,72.2699999999997,102850.97460000034
6001,2020-12-30 08:00:00+00:00,2020-12-30 16:00:00+00:00,0.07,12890.989,12857.059,12755.767749999999,12710.694,signal_exit,-47.922000000000416,102803.05260000033
6002,2020-12-28 09:00:00+00:00,2020-12-31 04:00:00+00:00,0.06,12788.129,12848.559,12644.847125,12597.086500000001,signal_exit,72.15599999999814,102875.38860000033
6001,2021-01-04 08:00:00+00:00,2021-01-04 16:00:00+00:00,0.07,12935.517,12767.469,12799.348125,12753.9585,executive_stop,-235.68720000000098,102639.49140000032
6002,2021-01-04 08:00:00+00:00,2021-01-04 16:00:00+00:00,0.07,12935.517,12767.469,12799.348125,12753.9585,executive_stop,-235.68720000000098,102404.01420000033
6001,2021-01-05 20:00:00+00:00,2021-01-06 06:00:00+00:00,0.02,12785.419,12618.169,12454.373875,12344.0255,signal_exit,-67.02000000000001,102336.99420000032
6001,2021-01-07 16:00:00+00:00,2021-01-11 15:00:00+00:00,0.02,12911.459,12966.859,12520.0865,12389.629,signal_exit,22.03999999999986,102358.97420000033
6002,2021-01-07 16:00:00+00:00,2021-01-12 04:00:00+00:00,0.02,12911.459,12923.419,12520.0865,12389.629,signal_exit,4.6639999999996515,102363.69820000033
6001,2021-01-13 17:00:00+00:00,2021-01-14 19:00:00+00:00,0.03,12978.277,12952.287,12725.6666875,12641.46325,signal_exit,-15.773999999999868,102347.83420000035
6002,2021-01-13 17:00:00+00:00,2021-01-14 19:00:00+00:00,0.03,12978.277,12952.287,12725.6666875,12641.46325,signal_exit,-15.773999999999868,102332.15020000035
6001,2021-01-19 04:00:00+00:00,2021-01-19 16:00:00+00:00,0.04,12939.339,12885.559,12719.931,12646.795000000002,signal_exit,-43.26400000000052,102288.88620000036
6001,2021-01-25 01:00:00+00:00,2021-01-25 16:00:00+00:00,0.04,13446.577000000001,13356.507,13222.785625,13148.1885,signal_exit,-72.29600000000124,102216.44020000036
6001,2021-01-26 16:00:00+00:00,2021-01-27 12:00:00+00:00,0.03,13520.669,13459.019,13223.35925,13124.256,signal_exit,-37.16999999999979,102179.27020000036
6002,2021-01-19 19:00:00+00:00,2021-01-27 13:00:00+00:00,0.05,12998.379,13365.458999999999,12835.246875000003,12780.869500000003,signal_exit,366.7799999999982,102546.20020000036
6001,2021-02-01 18:00:00+00:00,2021-02-03 20:00:00+00:00,0.01,13266.357,13461.378999999999,12716.699625000001,12533.480500000001,signal_exit,38.9443999999998,102585.08460000037
6002,2021-02-02 04:00:00+00:00,2021-02-04 05:00:00+00:00,0.02,13353.309000000001,13370.499,12898.417875000003,12746.787500000002,signal_exit,6.755999999999476,102591.90060000037
6001,2021-02-04 17:00:00+00:00,2021-02-05 15:00:00+00:00,0.03,13468.619,13546.269,13206.890750000002,13119.648000000001,signal_exit,46.40999999999977,102638.31060000038
6001,2021-02-11 19:00:00+00:00,2021-02-12 07:00:00+00:00,0.03,13703.417,13714.927,13449.0336875,13364.239249999999,signal_exit,6.726000000000131,102644.94660000039
6002,2021-02-11 19:00:00+00:00,2021-02-12 14:00:00+00:00,0.03,13703.417,13688.439,13449.0336875,13364.239249999999,signal_exit,-9.166799999999494,102635.8698000004
6001,2021-02-12 21:00:00+00:00,2021-02-16 16:00:00+00:00,0.04,13810.909,13838.269,13598.526812499998,13527.73275,signal_exit,21.648000000000465,102657.3978000004
6002,2021-02-12 21:00:00+00:00,2021-02-16 19:00:00+00:00,0.04,13810.909,13758.677,13598.526812499998,13527.73275,signal_exit,-42.025599999999976,102615.4922000004
6001,2021-02-19 13:00:00+00:00,2021-02-19 21:00:00+00:00,0.03,13710.339,13580.269,13456.473,13371.851,signal_exit,-78.22199999999982,102537.2702000004
6001,2021-02-24 19:00:00+00:00,2021-02-25 09:00:00+00:00,0.01,13261.619,13254.229,12615.087875,12399.5775,signal_exit,-1.5380000000002476,102535.7322000004
6001,2021-03-01 02:00:00+00:00,2021-03-02 18:00:00+00:00,0.01,13072.167,13173.149,12345.379124999998,12103.116499999996,signal_exit,20.13639999999999,102555.83860000041
6002,2021-03-01 20:00:00+00:00,2021-03-02 18:00:00+00:00,0.01,13277.339,13173.149,12782.140999999998,12617.074999999997,signal_exit,-20.898000000000106,102534.97060000041
6001,2021-03-05 21:00:00+00:00,2021-03-08 08:00:00+00:00,0.01,12667.199,12475.657,11904.994250000002,11650.926000000001,signal_exit,-38.36840000000026,102496.60220000042
6001,2021-03-09 15:00:00+00:00,2021-03-10 21:00:00+00:00,0.01,12710.269,12752.306999999999,12185.825125,12011.0105,signal_exit,8.347599999999732,102504.91980000041
6001,2021-03-11 07:00:00+00:00,2021-03-12 09:00:00+00:00,0.02,12893.757,12830.247,12485.498999999998,12349.412999999999,signal_exit,-25.524000000000086,102479.3958000004
6002,2021-03-09 18:00:00+00:00,2021-03-12 18:00:00+00:00,0.01,12778.269,12875.817,12249.919125,12073.8025,signal_exit,19.449599999999773,102498.87540000041
6001,2021-03-15 00:00:00+00:00,2021-03-15 12:00:00+00:00,0.02,12962.167,12936.237,12585.900624999998,12460.478499999997,signal_exit,-10.492000000000118,102488.32340000042
6001,2021-03-15 19:00:00+00:00,2021-03-17 07:00:00+00:00,0.02,13032.099,13130.069,12676.465124999999,12557.920499999997,signal_exit,39.067999999999735,102527.39140000042
6002,2021-03-15 00:00:00+00:00,2021-03-17 17:00:00+00:00,0.02,12962.167,12971.689,12585.900624999998,12460.478499999997,signal_exit,3.6888000000003376,102531.14020000042
6001,2021-03-17 20:00:00+00:00,2021-03-18 08:00:00+00:00,0.02,13206.451000000001,13075.447,12835.704625000002,12712.122500000001,signal_exit,-52.521600000000326,102478.61860000042
6002,2021-03-22 18:00:00+00:00,2021-03-23 19:00:00+00:00,0.02,13151.979000000001,13054.117,12828.4845,12720.653,signal_exit,-39.264800000000406,102439.29380000042
6001,2021-03-22 03:00:00+00:00,2021-03-23 20:00:00+00:00,0.02,12925.927,13017.339,12542.581375,12414.799500000001,signal_exit,36.4448000000001,102475.79860000042
6001,2021-03-24 10:00:00+00:00,2021-03-24 18:00:00+00:00,0.03,13133.367,12957.247,12861.931875,12771.453500000001,signal_exit,-105.85200000000049,102369.85660000042
6002,2021-03-24 10:00:00+00:00,2021-03-24 18:00:00+00:00,0.03,13133.367,12957.247,12861.931875,12771.453500000001,signal_exit,-105.85200000000049,102264.09460000042
6002,2021-03-29 12:00:00+00:00,2021-03-30 02:00:00+00:00,0.02,12958.959,12957.567,12620.466000000002,12507.635000000002,signal_exit,-0.6768000000006578,102263.35780000042
6001,2021-03-29 01:00:00+00:00,2021-03-30 03:00:00+00:00,0.02,12934.879,12939.958999999999,12507.834625000001,12365.4865,signal_exit,1.9119999999992432,102265.32980000041
6001,2021-03-31 15:00:00+00:00,2021-04-05 09:00:00+00:00,0.03,13067.989,13328.747,12816.406375,12732.5455,signal_exit,156.27479999999989,102421.51460000042
6001,2021-04-07 17:00:00+00:00,2021-04-09 14:00:00+00:00,0.04,13607.919,13672.427,13391.4015,13319.229000000001,signal_exit,51.36639999999986,102472.88100000042
6001,2021-04-09 19:00:00+00:00,2021-04-13 07:00:00+00:00,0.04,13793.597,13795.079,13577.102375,13504.9375,signal_exit,0.9455999999999768,102473.82660000042
6002,2021-03-31 15:00:00+00:00,2021-04-13 07:00:00+00:00,0.03,13067.989,13795.079,12816.406375,12732.5455,signal_exit,436.0740000000001,102909.99060000043
6001,2021-04-13 15:00:00+00:00,2021-04-14 17:00:00+00:00,0.04,13953.967,13915.466999999999,13751.341375,13683.799500000001,signal_exit,-31.04000000000146,102878.80060000044
6002,2021-04-13 12:00:00+00:00,2021-04-15 03:00:00+00:00,0.05,13808.167,13812.056999999999,13632.323875,13573.709499999999,signal_exit,3.589999999999419,102882.54060000044
6001,2021-04-15 10:00:00+00:00,2021-04-16 09:00:00+00:00,0.05,13891.947,13976.269,13701.601125,13638.1525,signal_exit,84.02200000000012,102966.44260000046
6001,2021-04-16 17:00:00+00:00,2021-04-19 13:00:00+00:00,0.04,14014.649000000001,13988.219,13801.61075,13730.598,signal_exit,-21.384000000001695,102945.05860000047
6002,2021-04-15 13:00:00+00:00,2021-04-19 17:00:00+00:00,0.04,13923.197,13884.407,13724.5055,13658.275,signal_exit,-31.272000000000705,102913.90660000047
6001,2021-04-21 20:00:00+00:00,2021-04-22 11:00:00+00:00,0.03,13868.159,13922.507,13578.874625,13482.4465,signal_exit,32.42879999999997,102946.33540000048
6001,2021-04-23 17:00:00+00:00,2021-04-26 10:00:00+00:00,0.03,13936.369,13891.639,13692.821875000001,13611.639500000001,signal_exit,-27.01800000000083,102919.31740000048
6001,2021-04-26 19:00:00+00:00,2021-04-27 19:00:00+00:00,0.05,14004.897,13969.979,13831.345500000001,13773.495000000003,signal_exit,-35.21800000000149,102883.94940000049
6002,2021-04-26 20:00:00+00:00,2021-04-28 02:00:00+00:00,0.05,14032.747000000001,13967.537,13856.872750000002,13798.248000000003,signal_exit,-65.51000000000097,102818.58940000049
6001,2021-04-29 04:00:00+00:00,2021-04-29 15:00:00+00:00,0.04,14032.729000000001,13978.009,13835.189125000004,13769.342500000004,signal_exit,-44.01600000000093,102774.4234000005
6002,2021-04-29 06:00:00+00:00,2021-04-29 17:00:00+00:00,0.05,14030.227,13873.259,13841.938750000003,13779.176000000003,signal_exit,-157.26800000000077,102617.30540000049
6002,2021-04-29 21:00:00+00:00,2021-04-30 07:00:00+00:00,0.03,13970.769,13888.976999999999,13709.851687500002,13622.879250000002,signal_exit,-49.25520000000077,102568.05020000049
6001,2021-05-07 00:00:00+00:00,2021-05-10 15:00:00+00:00,0.02,13617.477,13539.547,13282.48875,13170.826000000001,signal_exit,-31.29200000000011,102536.6982000005
6002,2021-05-07 01:00:00+00:00,2021-05-10 15:00:00+00:00,0.02,13621.137,13539.547,13289.786250000001,13179.336000000001,signal_exit,-32.75600000000007,102504.0022000005
6001,2021-05-14 02:00:00+00:00,2021-05-17 17:00:00+00:00,0.02,13155.869,13245.389,12735.293000000001,12595.101,signal_exit,35.68799999999945,102539.6302000005
6001,2021-05-18 06:00:00+00:00,2021-05-18 20:00:00+00:00,0.03,13356.279,13275.929,13099.803000000002,13014.311000000002,signal_exit,-48.39000000000023,102491.2402000005
6002,2021-05-14 19:00:00+00:00,2021-05-18 21:00:00+00:00,0.02,13375.207,13220.136999999999,13022.607250000001,12905.074000000002,signal_exit,-62.14800000000062,102429.15220000049
6001,2021-05-20 07:00:00+00:00,2021-05-21 18:00:00+00:00,0.02,13228.187,13426.159,12870.3515,12751.073,signal_exit,79.0687999999999,102508.1610000005
6001,2021-05-24 12:00:00+00:00,2021-05-26 15:00:00+00:00,0.04,13497.419,13672.787,13267.842499999999,13191.317,signal_exit,140.05440000000033,102648.21540000051
6002,2021-05-20 07:00:00+00:00,2021-05-27 08:00:00+00:00,0.02,13228.187,13652.667,12870.3515,12751.073,signal_exit,169.67199999999985,102817.94740000051
6001,2021-05-28 11:00:00+00:00,2021-05-31 04:00:00+00:00,0.05,13714.487000000001,13702.357,13542.457250000001,13485.114000000001,signal_exit,-12.430000000001021,102805.36740000053
6002,2021-05-28 11:00:00+00:00,2021-05-31 04:00:00+00:00,0.05,13714.487000000001,13702.357,13542.457250000001,13485.114000000001,signal_exit,-12.430000000001021,102793.08740000053
6001,2021-06-01 11:00:00+00:00,2021-06-01 19:00:00+00:00,0.06,13742.339,13662.899,13596.983750000001,13548.532000000001,signal_exit,-95.68800000000063,102697.39940000053
6001,2021-06-03 03:00:00+00:00,2021-06-03 11:00:00+00:00,0.04,13698.037,13641.817,13498.327,13431.757,signal_exit,-45.21600000000093,102652.18340000053
6002,2021-06-04 17:00:00+00:00,2021-06-07 19:00:00+00:00,0.03,13757.277,13739.249,13490.013375,13400.925500000001,signal_exit,-10.996800000000148,102641.09660000054
6001,2021-06-04 16:00:00+00:00,2021-06-09 03:00:00+00:00,0.03,13735.657000000001,13818.386999999999,13472.968375000002,13385.4055,signal_exit,49.457999999998634,102690.64460000054
6001,2021-06-09 13:00:00+00:00,2021-06-10 00:00:00+00:00,0.05,13858.579,13815.577,13676.549125,13615.8725,signal_exit,-43.30200000000041,102647.34260000054
6001,2021-06-10 18:00:00+00:00,2021-06-15 20:00:00+00:00,0.04,13944.227,14029.659,13708.480625,13629.8985,signal_exit,68.10559999999911,102715.32820000056
6002,2021-06-10 18:00:00+00:00,2021-06-16 17:00:00+00:00,0.04,13944.227,14029.857,13708.480625,13629.8985,signal_exit,68.26399999999936,102783.71220000056
6001,2021-06-17 17:00:00+00:00,2021-06-18 18:00:00+00:00,0.03,14150.479000000001,14091.386999999999,13871.519500000002,13778.533000000003,signal_exit,-35.63520000000143,102747.98700000056
6002,2021-06-17 17:00:00+00:00,2021-06-18 20:00:00+00:00,0.03,14150.479000000001,14047.896999999999,13871.519500000002,13778.533000000003,signal_exit,-61.729200000001306,102686.34780000056
6001,2021-06-21 11:00:00+00:00,2021-06-22 09:00:00+00:00,0.04,14121.017,14082.306999999999,13891.147625,13814.5245,signal_exit,-31.208000000000762,102655.01980000056
6001,2021-06-22 17:00:00+00:00,2021-06-25 15:00:00+00:00,0.04,14211.649000000001,14350.747,13972.358125000002,13892.594500000003,signal_exit,111.0383999999985,102766.05820000057
6001,2021-06-28 10:00:00+00:00,2021-06-30 20:00:00+00:00,0.06,14383.267,14550.189,14241.375624999999,14194.0785,signal_exit,199.94640000000058,102966.00460000057
6001,2021-07-01 02:00:00+00:00,2021-07-01 11:00:00+00:00,0.06,14579.769,14550.917,14426.939625,14375.996500000001,signal_exit,-34.98240000000092,102931.02220000057
6002,2021-06-22 05:00:00+00:00,2021-07-02 00:00:00+00:00,0.04,14145.757,14543.497,13915.885375,13839.2615,signal_exit,317.9519999999998,103249.09420000057
6001,2021-07-02 14:00:00+00:00,2021-07-06 04:00:00+00:00,0.05,14631.989,14688.419,14457.78575,14399.717999999999,signal_exit,56.130000000000294,103305.07420000058
6001,2021-07-06 14:00:00+00:00,2021-07-08 07:00:00+00:00,0.1,14744.137,14788.097,14654.297500000002,14624.351000000002,signal_exit,87.31999999999827,103392.39420000058
6002,2021-07-02 14:00:00+00:00,2021-07-08 10:00:00+00:00,0.05,14631.989,14663.359,14457.78575,14399.717999999999,signal_exit,31.07000000000081,103423.61420000058
6001,2021-07-09 14:00:00+00:00,2021-07-13 14:00:00+00:00,0.03,14714.319,14809.587,14429.65575,14334.768,signal_exit,56.980800000000016,103480.50500000059
6001,2021-07-14 12:00:00+00:00,2021-07-15 13:00:00+00:00,0.04,14921.947,14896.919,14711.300125,14641.084499999999,signal_exit,-20.262400000000202,103460.2426000006
6002,2021-07-09 18:00:00+00:00,2021-07-15 14:00:00+00:00,0.03,14827.797,14894.009,14518.150875000001,14414.935500000001,signal_exit,39.54719999999971,103499.87980000059
6001,2021-07-20 18:00:00+00:00,2021-07-27 09:00:00+00:00,0.03,14753.039,15083.378999999999,14445.894124999999,14343.512499999999,signal_exit,198.023999999999,103697.7838000006
6001,2021-07-27 13:00:00+00:00,2021-07-27 15:30:00+00:00,0.06,15126.059000000001,14924.430500000002,14975.850125000003,14925.780500000003,server_disaster_stop,-242.31419999999872,103455.46960000061
6002,2021-07-21 08:00:00+00:00,2021-07-27 16:00:00+00:00,0.04,14740.029,14920.607,14505.784125,14427.7025,signal_exit,144.22239999999962,103599.8120000006
6001,2021-07-28 21:00:00+00:00,2021-07-29 07:00:00+00:00,0.02,15017.649000000001,14993.449,14678.897625000001,14565.980500000001,signal_exit,-9.800000000000294,103589.9220000006
6002,2021-07-28 19:00:00+00:00,2021-07-29 12:00:00+00:00,0.03,14984.749,14983.288999999999,14665.625875,14559.2515,signal_exit,-1.0560000000005674,103588.9560000006
6001,2021-07-29 16:00:00+00:00,2021-07-30 02:00:00+00:00,0.03,15082.369,14844.737,14827.40725,14742.42,signal_exit,-142.75920000000087,103446.1968000006
6001,2021-08-02 03:00:00+00:00,2021-08-02 15:00:00+00:00,0.04,15022.319,14985.357,14781.075499999999,14700.660999999998,signal_exit,-29.80959999999963,103416.38720000061
6001,2021-08-03 18:00:00+00:00,2021-08-04 14:00:00+00:00,0.04,15034.457,15039.146999999999,14799.801875,14721.5835,signal_exit,3.5119999999989524,103419.77920000062
6002,2021-08-04 03:00:00+00:00,2021-08-09 00:00:00+00:00,0.04,15051.857,15061.419,14835.96725,14764.004,signal_exit,7.4095999999999185,103427.30880000061
6002,2021-08-10 03:00:00+00:00,2021-08-10 16:00:00+00:00,0.06,15108.107,15047.839,14950.236874999999,14897.6135,signal_exit,-72.68160000000005,103354.38720000061
6001,2021-08-10 12:00:00+00:00,2021-08-10 20:00:00+00:00,0.08,15151.737000000001,15063.559,15034.003125000001,14994.7585,signal_exit,-141.56480000000275,103213.0624000006
6001,2021-08-12 20:00:00+00:00,2021-08-16 12:00:00+00:00,0.04,15085.767,15093.377,14888.132625,14822.254500000001,signal_exit,5.848000000000465,103218.7004000006
6002,2021-08-13 15:00:00+00:00,2021-08-16 12:00:00+00:00,0.07,15110.019,15093.377,14976.623625,14932.158500000001,signal_exit,-23.71879999999976,103195.1916000006
6001,2021-08-20 02:00:00+00:00,2021-08-20 10:00:00+00:00,0.03,14951.469000000001,14882.907,14644.41,14542.057,signal_exit,-41.31720000000104,103153.87440000061
6001,2021-08-20 16:00:00+00:00,2021-08-25 19:00:00+00:00,0.03,15070.917,15355.669,14774.164124999998,14675.246499999997,signal_exit,170.67120000000023,103324.45560000061
6002,2021-08-23 00:00:00+00:00,2021-08-26 05:00:00+00:00,0.03,15118.007,15329.197,14832.582124999999,14737.440499999999,signal_exit,126.53400000000029,103451.07960000061
6001,2021-08-27 17:00:00+00:00,2021-08-31 19:00:00+00:00,0.05,15417.729000000001,15588.029,15229.4445,15166.682999999999,signal_exit,169.99999999999926,103620.92960000061
6001,2021-09-01 06:00:00+00:00,2021-09-02 02:00:00+00:00,0.06,15617.329,15608.707,15458.876875,15406.0595,signal_exit,-10.706399999999267,103610.22320000062
6002,2021-08-27 17:00:00+00:00,2021-09-02 10:00:00+00:00,0.05,15417.729000000001,15642.476999999999,15229.4445,15166.682999999999,signal_exit,224.44799999999776,103834.82120000062
6001,2021-09-02 14:00:00+00:00,2021-09-03 00:00:00+00:00,0.07,15657.179,15602.798999999999,15532.15025,15490.474,signal_exit,-76.55200000000141,103758.2692000006
6001,2021-09-03 21:00:00+00:00,2021-09-07 11:00:00+00:00,0.05,15653.199,15637.037,15481.291875,15423.9895,signal_exit,-16.462000000000263,103741.65720000061
6002,2021-09-03 21:00:00+00:00,2021-09-08 06:00:00+00:00,0.05,15653.199,15672.548999999999,15481.291875,15423.9895,signal_exit,19.049999999998548,103760.6172000006
6001,2021-09-08 02:00:00+00:00,2021-09-08 10:00:00+00:00,0.08,15684.919,15634.199,15564.332124999999,15524.1365,signal_exit,-81.63199999999895,103679.22520000061
6002,2021-09-08 14:00:00+00:00,2021-09-09 00:00:00+00:00,0.06,15669.749,15596.517,15525.356375,15477.2255,signal_exit,-88.23839999999997,103590.98680000062
6001,2021-09-09 19:00:00+00:00,2021-09-10 05:00:00+00:00,0.04,15580.697,15578.849,15365.663750000002,15293.986,signal_exit,-1.7183999999999653,103589.26840000063
6001,2021-09-10 13:00:00+00:00,2021-09-10 21:00:00+00:00,0.06,15628.557,15443.466999999999,15474.399750000002,15423.014000000003,executive_stop,-222.46800000000235,103366.80040000063
6001,2021-09-15 21:00:00+00:00,2021-09-16 15:00:00+00:00,0.03,15504.209,15414.798999999999,15254.670875,15171.4915,signal_exit,-53.82600000000101,103312.85440000064
6002,2021-09-16 02:00:00+00:00,2021-09-16 15:00:00+00:00,0.04,15510.147,15414.798999999999,15285.527625,15210.6545,signal_exit,-76.51840000000144,103236.45600000063
6001,2021-09-17 04:00:00+00:00,2021-09-17 15:00:00+00:00,0.05,15504.927,15410.219,15318.348375,15256.1555,signal_exit,-95.00800000000055,103141.44800000063
6001,2021-09-22 18:00:00+00:00,2021-09-24 11:00:00+00:00,0.02,15163.677,15222.997,14833.430624999999,14723.3485,signal_exit,23.607999999999883,103164.99600000064
6002,2021-09-23 00:00:00+00:00,2021-09-24 11:00:00+00:00,0.02,15195.679,15222.997,14835.99325,14716.098,signal_exit,10.807199999999721,103175.86320000063
6001,2021-09-24 21:00:00+00:00,2021-09-27 12:00:00+00:00,0.03,15331.947,15250.197,15076.582875,14991.4615,signal_exit,-49.23000000000001,103126.54320000064
6002,2021-09-24 21:00:00+00:00,2021-09-27 14:00:00+00:00,0.03,15331.947,15210.878999999999,15076.582875,14991.4615,signal_exit,-72.82080000000069,103053.81240000064
6001,2021-10-04 06:00:00+00:00,2021-10-04 14:00:00+00:00,0.02,14743.079,14731.056999999999,14356.933625000001,14228.218500000003,signal_exit,-4.928800000000337,103048.88360000064
6001,2021-10-05 18:00:00+00:00,2021-10-06 06:00:00+00:00,0.02,14736.237000000001,14586.849,14351.665125000001,14223.474500000002,signal_exit,-59.87520000000033,102988.94840000065
6002,2021-10-05 20:00:00+00:00,2021-10-06 06:00:00+00:00,0.02,14747.029,14586.849,14371.097125,14245.786500000002,signal_exit,-64.19200000000014,102924.81640000065
6001,2021-10-06 17:00:00+00:00,2021-10-08 06:00:00+00:00,0.02,14671.829,14885.267,14304.348875,14181.855499999998,signal_exit,85.25520000000004,103010.01160000065
6002,2021-10-07 02:00:00+00:00,2021-10-11 04:00:00+00:00,0.02,14831.409,14747.729,14429.550374999999,14295.597499999998,signal_exit,-33.59200000000012,102976.47960000065
6001,2021-10-13 18:00:00+00:00,2021-10-18 08:00:00+00:00,0.02,14716.989,15079.378999999999,14394.633375,14287.181499999999,signal_exit,144.83599999999976,103121.22560000065
6001,2021-10-18 16:00:00+00:00,2021-10-20 19:00:00+00:00,0.04,15184.869,15365.958999999999,14961.84525,14887.504,signal_exit,144.63199999999867,103265.85760000064
6001,2021-10-21 17:00:00+00:00,2021-10-22 17:00:00+00:00,0.04,15430.899000000001,15325.729,15227.96025,15160.314,signal_exit,-84.37600000000153,103181.48160000064
6002,2021-10-14 04:00:00+00:00,2021-10-22 17:00:00+00:00,0.03,14827.487000000001,15325.729,14544.189125,14449.756500000001,signal_exit,298.7651999999991,103480.33680000064
6001,2021-10-25 12:00:00+00:00,2021-10-27 03:00:00+00:00,0.04,15393.369,15536.117,15197.221500000001,15131.839000000002,signal_exit,113.95839999999967,103594.17520000065
6001,2021-10-27 15:00:00+00:00,2021-10-29 11:00:00+00:00,0.04,15654.269,15638.716999999999,15436.446125,15363.8385,signal_exit,-12.681600000001197,103581.49360000066
6001,2021-10-29 16:00:00+00:00,2021-11-02 02:00:00+00:00,0.04,15706.567000000001,15876.056999999999,15474.315624999997,15396.898499999996,signal_exit,135.35199999999836,103716.84560000066
6001,2021-11-02 05:00:00+00:00,2021-11-02 13:00:00+00:00,0.05,15881.847,15877.877,15689.631749999999,15625.559999999998,signal_exit,-4.269999999999346,103712.57560000067
6001,2021-11-08 13:00:00+00:00,2021-11-08 21:00:00+00:00,0.04,16351.429,16336.537,16135.334875000002,16063.303500000004,signal_exit,-12.153599999999859,103700.42200000068
6002,2021-10-25 17:00:00+00:00,2021-11-09 01:00:00+00:00,0.04,15449.029,16293.847,15219.795625,15143.384500000002,signal_exit,675.6143999999995,104376.15640000068
6002,2021-11-09 10:00:00+00:00,2021-11-09 18:00:00+00:00,0.05,16359.509,16214.437,16189.987625000002,16133.480500000003,signal_exit,-145.37200000000016,104230.78440000069
6001,2021-11-12 18:00:00+00:00,2021-11-15 19:00:00+00:00,0.04,16184.019,16134.659,15952.322250000001,15875.090000000002,signal_exit,-39.72800000000046,104190.93640000069
6002,2021-11-15 01:00:00+00:00,2021-11-15 19:00:00+00:00,0.04,16238.499,16134.659,16005.328500000001,15927.605000000001,signal_exit,-83.31200000000013,104107.7444000007
6001,2021-11-16 08:00:00+00:00,2021-11-17 21:00:00+00:00,0.05,16202.727,16315.269,16018.804500000002,15957.497000000001,signal_exit,112.24199999999946,104219.8664000007
6002,2021-11-16 18:00:00+00:00,2021-11-22 21:00:00+00:00,0.04,16299.049,16382.298999999999,16063.612375,15985.133500000002,signal_exit,66.35999999999854,104286.3464000007
6001,2021-11-25 00:00:00+00:00,2021-11-26 00:00:00+00:00,0.02,16360.149000000001,16369.947,15947.05275,15809.354000000001,signal_exit,3.7991999999995456,104290.1456000007
6001,2021-11-29 18:00:00+00:00,2021-11-30 07:00:00+00:00,0.02,16402.159,16331.759,16001.185,15867.527,signal_exit,-28.279999999999855,104261.8656000007
6002,2021-11-30 11:00:00+00:00,2021-11-30 19:00:00+00:00,0.03,16316.869,16208.419,16014.41575,15913.598000000002,signal_exit,-65.25000000000044,104196.5256000007
6001,2021-11-30 15:00:00+00:00,2021-12-01 01:00:00+00:00,0.03,16411.349,16196.017,16085.381,15976.724999999999,signal_exit,-129.37919999999912,104067.23640000071
6001,2021-12-01 07:00:00+00:00,2021-12-01 17:00:00+00:00,0.02,16381.239,16338.769,15962.972625,15823.550500000001,signal_exit,-17.107999999999738,104050.06840000072
6002,2021-12-01 07:00:00+00:00,2021-12-01 17:00:00+00:00,0.02,16381.239,16338.769,15962.972625,15823.550500000001,signal_exit,-17.107999999999738,104033.02040000072
6001,2021-12-06 20:00:00+00:00,2021-12-09 10:00:00+00:00,0.01,15838.599,16355.839,15265.621500000001,15074.629,signal_exit,103.38799999999996,104136.34840000073
6002,2021-12-07 14:00:00+00:00,2021-12-09 20:00:00+00:00,0.02,16122.939,16203.739,15722.990625,15589.6745,signal_exit,32.199999999999704,104168.60840000072
6001,2021-12-13 01:00:00+00:00,2021-12-13 15:00:00+00:00,0.02,16385.858999999997,16272.409,16034.325374999997,15917.147499999997,signal_exit,-45.49999999999885,104123.04840000073
6002,2021-12-13 01:00:00+00:00,2021-12-13 17:00:00+00:00,0.02,16385.858999999997,16136.089,16034.325374999997,15917.147499999997,signal_exit,-100.02799999999873,104023.08040000073
6001,2021-12-15 21:00:00+00:00,2021-12-16 17:00:00+00:00,0.02,16286.319,15981.107,15809.899125,15651.0925,signal_exit,-122.20479999999984,103900.81560000074
6002,2021-12-16 00:00:00+00:00,2021-12-16 17:00:00+00:00,0.02,16325.177,15981.107,15844.969625,15684.9005,signal_exit,-137.74799999999988,103763.12760000075
6001,2021-12-21 06:00:00+00:00,2021-12-21 15:00:00+00:00,0.02,15789.089,15672.249,15364.29275,15222.694000000001,signal_exit,-46.856000000000066,103716.27160000075
6001,2021-12-21 19:00:00+00:00,2021-12-28 18:00:00+00:00,0.02,15923.419,16503.199,15523.442125,15390.1165,signal_exit,231.7920000000003,103948.00360000075
6001,2021-12-29 09:00:00+00:00,2021-12-29 17:00:00+00:00,0.04,16547.269,16434.689000000002,16335.7615,16265.259000000002,signal_exit,-90.3039999999985,103857.69960000076
6002,2021-12-22 04:00:00+00:00,2021-12-29 20:00:00+00:00,0.02,15939.579,16499.857,15575.7015,15454.409,signal_exit,223.9912000000001,104081.75080000077
6001,2021-12-30 19:00:00+00:00,2021-12-31 05:00:00+00:00,0.04,16540.409,16410.399,16332.07475,16262.63,signal_exit,-104.24799999999873,103977.38280000078
6002,2021-12-30 19:00:00+00:00,2021-12-31 05:00:00+00:00,0.04,16540.409,16410.399,16332.07475,16262.63,signal_exit,-104.24799999999873,103873.25480000078
6001,2022-01-03 20:00:00+00:00,2022-01-04 16:00:00+00:00,0.03,16481.878999999997,16230.907,16201.953125,16108.6445,signal_exit,-150.76319999999876,103722.40160000078
6002,2022-01-04 06:00:00+00:00,2022-01-04 16:00:00+00:00,0.03,16538.698999999997,16230.907,16292.318374999999,16210.1915,executive_stop,-184.8551999999986,103537.63640000079
6001,2022-01-11 18:00:00+00:00,2022-01-13 08:00:00+00:00,0.01,15781.449,15870.947,15224.133375,15038.361499999999,signal_exit,17.839599999999916,103555.4460000008
6002,2022-01-11 21:00:00+00:00,2022-01-13 18:00:00+00:00,0.01,15842.439,15645.939,15292.49775,15109.184,signal_exit,-39.36000000000001,103516.1160000008
6001,2022-01-26 15:00:00+00:00,2022-01-27 01:00:00+00:00,0.01,14471.117,14171.769,13716.864875,13465.4475,signal_exit,-59.92959999999999,103456.1564000008
6002,2022-01-26 19:00:00+00:00,2022-01-27 05:00:00+00:00,0.01,14494.539,13945.457,13742.323125,13491.5845,signal_exit,-109.87640000000007,103346.3100000008
6001,2022-01-31 00:00:00+00:00,2022-02-03 00:00:00+00:00,0.01,14411.067000000001,14779.298999999999,13571.714625,13291.930500000002,signal_exit,73.58639999999963,103419.8664000008
6002,2022-01-31 04:00:00+00:00,2022-02-03 00:00:00+00:00,0.01,14507.629,14779.298999999999,13738.660000000002,13482.337000000001,signal_exit,54.273999999999646,103474.1704000008
6001,2022-02-07 15:00:00+00:00,2022-02-08 01:00:00+00:00,0.01,14796.929,14614.767,14254.987625,14074.340499999998,signal_exit,-36.49240000000005,103437.6780000008
6001,2022-02-09 02:00:00+00:00,2022-02-10 14:00:00+00:00,0.02,14778.879,14811.396999999999,14325.200625000001,14173.9745,signal_exit,12.887199999999282,103450.5052000008
6002,2022-02-09 12:00:00+00:00,2022-02-10 14:00:00+00:00,0.02,14914.179,14811.396999999999,14573.1645,14459.493,signal_exit,-41.23280000000043,103409.3324000008
6001,2022-02-15 10:00:00+00:00,2022-02-16 14:00:00+00:00,0.01,14517.709,14530.437,13980.866500000002,13801.919000000002,signal_exit,2.4855999999998315,103411.7880000008
6002,2022-02-16 02:00:00+00:00,2022-02-16 14:00:00+00:00,0.01,14569.759,14530.437,14073.925375,13908.647500000001,signal_exit,-7.924400000000024,103403.8936000008
6001,2022-02-17 09:00:00+00:00,2022-02-17 17:00:00+00:00,0.02,14514.799,14366.788999999999,14165.080000000002,14048.507000000001,signal_exit,-59.32400000000083,103344.5696000008
6001,2022-02-23 09:00:00+00:00,2022-02-23 17:00:00+00:00,0.01,14023.989,13818.499,13454.2245,13264.303,signal_exit,-41.15799999999996,103303.4116000008
6001,2022-02-25 00:00:00+00:00,2022-02-25 11:00:00+00:00,0.01,13865.189,13909.037,13032.531125000001,12754.978500000001,signal_exit,8.709599999999993,103312.12120000081
6001,2022-02-28 12:00:00+00:00,2022-03-01 17:00:00+00:00,0.01,13996.949,14040.529,13332.381125,13110.858499999998,signal_exit,8.655999999999988,103320.74720000081
6002,2022-02-25 20:00:00+00:00,2022-03-01 20:00:00+00:00,0.01,14116.959,14004.878999999999,13326.040500000001,13062.401,signal_exit,-22.476000000000354,103298.30120000082
6001,2022-03-02 20:00:00+00:00,2022-03-03 09:00:00+00:00,0.01,14245.609,14191.458999999999,13677.037750000001,13487.514000000001,signal_exit,-10.89000000000029,103287.38120000082
6002,2022-03-02 06:00:00+00:00,2022-03-03 19:00:00+00:00,0.01,14072.569,14129.449,13553.766062499999,13380.831749999998,signal_exit,11.316000000000205,103298.72720000082
6001,2022-03-09 11:00:00+00:00,2022-03-10 12:00:00+00:00,0.01,13519.867,13547.157,12791.8165,12549.133000000002,signal_exit,5.3979999999998105,103304.09520000083
6002,2022-03-10 01:00:00+00:00,2022-03-10 12:00:00+00:00,0.01,13745.139000000001,13547.157,13031.509875000002,12793.633500000004,signal_exit,-39.65640000000036,103264.46880000083
6001,2022-03-11 07:00:00+00:00,2022-03-11 17:00:00+00:00,0.02,13593.907000000001,13460.189,13168.423,13026.595000000001,signal_exit,-53.607200000000304,103210.80160000084
6002,2022-03-11 13:00:00+00:00,2022-03-11 21:00:00+00:00,0.02,13776.247000000001,13298.019,13303.277125,13145.6205,executive_stop,-191.4112000000004,103019.45040000083
6001,2022-03-15 19:00:00+00:00,2022-03-21 19:00:00+00:00,0.01,13379.579,14257.208999999999,12815.845999999998,12627.934999999998,signal_exit,175.46599999999984,103194.85640000083
6001,2022-03-22 08:00:00+00:00,2022-03-23 17:00:00+00:00,0.02,14386.099,14600.499,14031.403,13913.171,signal_exit,85.63999999999986,103280.49640000083
6002,2022-03-16 07:00:00+00:00,2022-03-23 20:00:00+00:00,0.02,13596.347,14445.669,13154.922125,13007.780499999997,signal_exit,339.60880000000003,103620.16520000083
6001,2022-03-24 10:00:00+00:00,2022-03-28 02:00:00+00:00,0.03,14544.737000000001,14709.646999999999,14248.958375000002,14150.365500000002,signal_exit,98.76599999999881,103718.93120000084
6001,2022-03-28 09:00:00+00:00,2022-03-30 16:00:00+00:00,0.02,14717.677,15152.409,14372.97475,14258.074,signal_exit,173.7728,103892.70400000084
6001,2022-03-31 11:00:00+00:00,2022-03-31 19:00:00+00:00,0.03,15132.009,14996.896999999999,14888.067187499999,14806.75325,signal_exit,-81.24720000000062,103811.45680000084
6001,2022-04-04 16:00:00+00:00,2022-04-05 17:00:00+00:00,0.03,15057.089,14884.407,14739.2945,14633.363000000001,signal_exit,-103.78920000000043,103707.60760000085
6002,2022-04-05 00:00:00+00:00,2022-04-05 17:00:00+00:00,0.02,15150.447,14884.407,14816.874375,14705.6835,signal_exit,-106.53600000000036,103601.13160000085
6001,2022-04-08 08:00:00+00:00,2022-04-08 16:00:00+00:00,0.02,14596.827000000001,14465.099,14204.487375,14073.7075,signal_exit,-52.8112000000004,103548.32040000086
6001,2022-04-13 21:00:00+00:00,2022-04-14 17:00:00+00:00,0.01,14217.209,14013.277,13727.219000000001,13563.889,signal_exit,-40.846400000000145,103507.44400000086
6002,2022-04-13 21:00:00+00:00,2022-04-14 17:00:00+00:00,0.01,14217.209,14013.277,13727.219000000001,13563.889,signal_exit,-40.846400000000145,103466.62760000087
6001,2022-04-19 02:00:00+00:00,2022-04-19 10:00:00+00:00,0.02,13953.989,13863.267,13515.64775,13369.534,signal_exit,-36.40879999999991,103430.21880000086
6001,2022-04-19 17:00:00+00:00,2022-04-20 18:00:00+00:00,0.02,14173.419,14050.627,13734.142125,13587.7165,signal_exit,-49.23679999999979,103380.92200000086
6002,2022-04-20 05:00:00+00:00,2022-04-20 18:00:00+00:00,0.02,14120.939,14050.627,13701.005375,13561.027500000002,signal_exit,-28.24479999999996,103352.73720000086
6001,2022-04-21 10:00:00+00:00,2022-04-21 18:00:00+00:00,0.02,14171.567000000001,13908.737,13796.928125000002,13672.0485,signal_exit,-105.25200000000072,103247.48520000087
6001,2022-04-26 00:00:00+00:00,2022-04-26 11:00:00+00:00,0.01,13522.219000000001,13497.859,12913.358875000002,12710.405500000003,signal_exit,-4.932000000000118,103242.55320000087
6001,2022-04-28 04:00:00+00:00,2022-04-28 15:00:00+00:00,0.01,13180.709,13134.189,12555.421625,12346.9925,signal_exit,-9.364000000000088,103233.18920000087
6002,2022-04-28 20:00:00+00:00,2022-04-29 13:00:00+00:00,0.01,13496.577000000001,13263.417,12865.593750000002,12655.266000000001,signal_exit,-46.69200000000034,103186.46720000087
6001,2022-04-28 19:00:00+00:00,2022-04-29 18:00:00+00:00,0.01,13447.719000000001,13075.447,12820.866,12611.915,signal_exit,-74.51440000000018,103111.98280000087
6001,2022-05-03 02:00:00+00:00,2022-05-03 12:00:00+00:00,0.01,13106.577000000001,13019.819,12440.841375000002,12218.929500000002,signal_exit,-17.41160000000033,103094.57120000088
6001,2022-05-04 21:00:00+00:00,2022-05-05 16:00:00+00:00,0.01,13535.679,12984.669,13002.777750000001,12825.144,executive_stop,-110.26200000000004,102984.27920000088
6002,2022-05-04 21:00:00+00:00,2022-05-05 16:00:00+00:00,0.01,13535.679,12984.669,13002.777750000001,12825.144,executive_stop,-110.26200000000004,102874.04720000087
6001,2022-05-11 12:00:00+00:00,2022-05-11 20:00:00+00:00,0.01,12522.607,12042.939,11988.19525,11810.058,signal_exit,-95.99359999999994,102778.05360000087
6001,2022-05-13 10:00:00+00:00,2022-05-16 18:00:00+00:00,0.01,12147.489,12234.267,11513.0608125,11301.58475,signal_exit,17.295600000000046,102795.31920000087
6002,2022-05-16 01:00:00+00:00,2022-05-16 18:00:00+00:00,0.01,12466.097,12234.267,11810.963749999999,11592.586,signal_exit,-46.425999999999995,102748.92320000088
6001,2022-05-17 11:00:00+00:00,2022-05-18 12:00:00+00:00,0.02,12530.067000000001,12475.747,12079.58025,11929.418000000001,signal_exit,-21.84800000000061,102727.01520000088
6002,2022-05-17 11:00:00+00:00,2022-05-18 16:00:00+00:00,0.02,12530.067000000001,12298.618999999999,12079.58025,11929.418000000001,signal_exit,-92.69920000000086,102634.37600000088
6001,2022-05-20 04:00:00+00:00,2022-05-20 15:00:00+00:00,0.01,11991.877,11991.027,11420.606875,11230.1835,signal_exit,-0.23000000000007279,102634.14600000088
6001,2022-05-25 21:00:00+00:00,2022-05-26 07:00:00+00:00,0.01,11945.359,11853.749,11414.773375,11237.911500000002,signal_exit,-18.38200000000012,102615.76400000088
6002,2022-05-26 13:00:00+00:00,2022-06-01 06:00:00+00:00,0.02,11971.999,12676.127,11520.582250000001,11370.11,signal_exit,281.5312000000003,102897.29520000088
6001,2022-06-02 19:00:00+00:00,2022-06-03 16:00:00+00:00,0.02,12830.637,12564.489,12372.63375,12219.966,signal_exit,-106.57920000000044,102790.65600000089
6002,2022-06-02 19:00:00+00:00,2022-06-03 16:00:00+00:00,0.02,12830.637,12564.489,12372.63375,12219.966,signal_exit,-106.57920000000044,102684.1368000009
6001,2022-06-06 10:00:00+00:00,2022-06-06 20:00:00+00:00,0.03,12744.837,12585.359,12425.747062499999,12319.383749999999,signal_exit,-95.8667999999995,102588.2700000009
6001,2022-06-08 00:00:00+00:00,2022-06-08 14:00:00+00:00,0.02,12687.309000000001,12648.009,12241.878,12093.401000000002,signal_exit,-15.840000000000437,102572.37000000091
6002,2022-06-08 04:00:00+00:00,2022-06-08 18:00:00+00:00,0.02,12681.659,12641.697,12259.60925,12118.926,signal_exit,-16.104799999999813,102556.32520000091
6001,2022-06-15 18:00:00+00:00,2022-06-16 09:00:00+00:00,0.02,11459.059000000001,11338.447,11002.624000000002,10850.479000000001,signal_exit,-48.3648000000004,102507.93040000091
6002,2022-06-15 21:00:00+00:00,2022-06-16 09:00:00+00:00,0.01,11598.369,11338.447,11049.0705,10865.971,signal_exit,-52.044400000000095,102455.91600000091
6001,2022-06-17 20:00:00+00:00,2022-06-20 12:00:00+00:00,0.01,11295.679,11339.819,10799.900124999998,10634.640499999998,signal_exit,8.767999999999885,102464.68400000091
6002,2022-06-21 01:00:00+00:00,2022-06-22 07:00:00+00:00,0.02,11387.117,11388.797,10990.302875,10858.0315,signal_exit,0.5520000000001164,102465.2360000009
6001,2022-06-22 16:00:00+00:00,2022-06-28 01:00:00+00:00,0.02,11661.667,12030.877,11293.39225,11170.634,signal_exit,147.5640000000004,102612.74000000091
6002,2022-06-22 16:00:00+00:00,2022-06-28 17:00:00+00:00,0.02,11661.667,11755.288999999999,11293.39225,11170.634,signal_exit,37.32879999999975,102650.12880000091
6001,2022-07-04 08:00:00+00:00,2022-07-05 10:00:00+00:00,0.02,11529.539,11494.919,11108.28425,10967.866000000002,signal_exit,-13.968000000000321,102636.10080000092
6002,2022-07-05 01:00:00+00:00,2022-07-05 10:00:00+00:00,0.02,11664.557,11494.919,11298.797375000002,11176.877500000002,signal_exit,-67.97520000000034,102568.18560000091
6001,2022-07-05 20:00:00+00:00,2022-07-11 03:00:00+00:00,0.02,11729.319,12024.517,11370.924375,11251.4595,signal_exit,117.95920000000014,102686.08480000091
6002,2022-07-05 20:00:00+00:00,2022-07-11 15:00:00+00:00,0.02,11729.319,11855.257,11370.924375,11251.4595,signal_exit,50.25520000000004,102736.40000000091
6001,2022-07-15 02:00:00+00:00,2022-07-15 12:00:00+00:00,0.02,11784.009,11791.247,11313.051,11156.064999999999,signal_exit,2.7751999999997494,102739.17520000091
6001,2022-07-19 12:00:00+00:00,2022-07-22 17:00:00+00:00,0.03,11982.089,12431.989,11693.0525,11596.707,signal_exit,269.7599999999998,103008.87520000093
6002,2022-07-15 17:00:00+00:00,2022-07-22 20:00:00+00:00,0.02,11928.339,12356.409,11520.936,11385.135,signal_exit,171.1079999999999,103180.04320000093
6001,2022-07-27 16:00:00+00:00,2022-08-01 10:00:00+00:00,0.03,12402.309000000001,12897.249,12109.797750000003,12012.294000000004,signal_exit,296.78399999999925,103476.76720000093
6002,2022-07-27 21:00:00+00:00,2022-08-02 07:00:00+00:00,0.02,12592.789,12875.239,12238.969000000001,12121.029000000002,signal_exit,112.85999999999956,103589.68720000093
6001,2022-08-02 17:00:00+00:00,2022-08-03 03:00:00+00:00,0.02,12962.059000000001,12888.029,12615.071125,12499.408500000001,signal_exit,-29.73200000000026,103559.89520000093
6002,2022-08-02 17:00:00+00:00,2022-08-03 03:00:00+00:00,0.02,12962.059000000001,12888.029,12615.071125,12499.408500000001,signal_exit,-29.73200000000026,103530.22320000092
6001,2022-08-03 14:00:00+00:00,2022-08-05 14:00:00+00:00,0.03,12979.999,13113.737,12664.911999999998,12559.882999999998,signal_exit,80.06279999999961,103610.19600000093
6002,2022-08-03 12:00:00+00:00,2022-08-08 00:00:00+00:00,0.03,12946.227,13161.309,12634.428750000001,12530.496,signal_exit,128.8691999999991,103739.15520000093
6001,2022-08-10 15:00:00+00:00,2022-08-11 20:00:00+00:00,0.03,13296.299,13297.917,12988.924625000001,12886.4665,signal_exit,0.7907999999991444,103739.88600000093
6002,2022-08-11 00:00:00+00:00,2022-08-11 21:00:00+00:00,0.02,13352.149000000001,13295.377,13007.504875000002,12892.623500000002,signal_exit,-22.828800000000335,103717.11720000092
6001,2022-08-12 11:00:00+00:00,2022-08-16 20:00:00+00:00,0.03,13374.029,13602.219,13123.940750000002,13040.578000000003,signal_exit,136.7339999999992,103853.85120000092
6002,2022-08-18 19:00:00+00:00,2022-08-19 05:00:00+00:00,0.02,13521.097,13476.989,13189.537,13079.017,signal_exit,-17.76320000000007,103836.02800000092
6001,2022-08-18 19:00:00+00:00,2022-08-19 06:00:00+00:00,0.02,13521.097,13469.469,13189.537,13079.017,signal_exit,-20.771200000000242,103815.31680000092
6001,2022-08-25 03:00:00+00:00,2022-08-26 16:00:00+00:00,0.03,12957.679,12878.199,12673.642749999999,12578.964,signal_exit,-47.867999999999746,103767.35880000092
6002,2022-08-25 09:00:00+00:00,2022-08-26 16:00:00+00:00,0.03,13057.609,12878.199,12814.138375,12732.9815,signal_exit,-107.82599999999991,103659.62280000091
6001,2022-08-30 11:00:00+00:00,2022-08-30 19:00:00+00:00,0.02,12625.327000000001,12288.359,12294.824125,12184.6565,executive_stop,-134.90720000000033,103524.71560000091
6001,2022-09-02 04:00:00+00:00,2022-09-02 12:00:00+00:00,0.02,12260.819,12248.089,11878.277375,11750.763500000001,signal_exit,-5.211999999999825,103519.50360000091
6001,2022-09-02 17:00:00+00:00,2022-09-05 03:00:00+00:00,0.02,12410.169,12097.769,12007.755374999999,11873.6175,signal_exit,-125.07999999999987,103394.42360000091
6002,2022-09-06 03:00:00+00:00,2022-09-06 11:00:00+00:00,0.02,12182.117,12186.817,11767.46975,11629.254,signal_exit,1.7599999999995635,103396.12360000091
6001,2022-09-06 03:00:00+00:00,2022-09-06 14:00:00+00:00,0.02,12182.117,12160.719,11767.46975,11629.254,signal_exit,-8.67920000000042,103387.50440000091
6001,2022-09-07 20:00:00+00:00,2022-09-08 14:00:00+00:00,0.02,12266.469000000001,12172.937,11861.278124999999,11726.214499999998,signal_exit,-37.53280000000043,103349.91160000091
6002,2022-09-07 20:00:00+00:00,2022-09-08 14:00:00+00:00,0.02,12266.469000000001,12172.937,11861.278124999999,11726.214499999998,signal_exit,-37.53280000000043,103312.4388000009
6001,2022-09-15 04:00:00+00:00,2022-09-15 12:00:00+00:00,0.02,12156.547,12095.146999999999,11785.262875000002,11661.501500000002,signal_exit,-24.68000000000058,103287.75880000091
6001,2022-09-19 21:00:00+00:00,2022-09-20 19:00:00+00:00,0.02,11958.429,11764.907,11594.269875000002,11472.883500000002,signal_exit,-77.52880000000034,103210.14000000092
6002,2022-09-20 05:00:00+00:00,2022-09-20 19:00:00+00:00,0.03,11987.029,11764.907,11675.865625000002,11572.144500000002,signal_exit,-133.45320000000072,103076.77680000091
6001,2022-09-21 19:00:00+00:00,2022-09-21 21:00:00+00:00,0.03,11961.989,11631.969,11656.126999999999,11554.172999999999,executive_stop,-198.1920000000003,102878.58480000091
6001,2022-09-27 09:00:00+00:00,2022-09-27 17:00:00+00:00,0.02,11424.359,11278.958999999999,11022.944,10889.139,signal_exit,-58.28000000000059,102820.30480000091
6001,2022-09-28 20:00:00+00:00,2022-09-29 09:00:00+00:00,0.01,11456.619,11323.929,10965.914250000002,10802.346000000001,signal_exit,-26.598000000000102,102793.67680000092
6002,2022-09-29 00:00:00+00:00,2022-09-29 09:00:00+00:00,0.01,11468.249,11323.929,10971.48425,10805.896,signal_exit,-28.923999999999946,102764.78280000092
6001,2022-10-03 21:00:00+00:00,2022-10-05 14:00:00+00:00,0.01,11234.049,11446.699,10748.078625,10586.0885,signal_exit,42.469999999999935,102807.19280000092
6002,2022-10-04 02:00:00+00:00,2022-10-05 14:00:00+00:00,0.02,11324.737000000001,11446.699,10856.551,10700.489,signal_exit,48.66479999999981,102855.91760000092
6001,2022-10-05 21:00:00+00:00,2022-10-06 11:00:00+00:00,0.02,11575.989,11481.979,11224.49325,11107.328,signal_exit,-37.72400000000009,102818.13360000092
6002,2022-10-05 21:00:00+00:00,2022-10-06 21:00:00+00:00,0.02,11575.989,11483.667,11224.49325,11107.328,signal_exit,-37.04880000000006,102781.08480000091
6001,2022-10-06 16:00:00+00:00,2022-10-07 02:00:00+00:00,0.02,11584.907000000001,11454.089,11206.413500000002,11080.249000000003,signal_exit,-52.44720000000046,102728.69760000092
6001,2022-10-13 19:00:00+00:00,2022-10-14 16:00:00+00:00,0.01,11023.379,10866.628999999999,10492.94,10316.127,signal_exit,-31.41000000000037,102697.25760000091
6002,2022-10-13 20:00:00+00:00,2022-10-14 16:00:00+00:00,0.01,11060.069,10866.628999999999,10515.329375,10333.7495,signal_exit,-38.748000000000104,102658.53960000092
6001,2022-10-17 18:00:00+00:00,2022-10-18 18:00:00+00:00,0.01,11043.877,11142.679,10559.1443125,10397.566750000002,signal_exit,19.700399999999934,102678.18000000092
6002,2022-10-17 19:00:00+00:00,2022-10-20 01:00:00+00:00,0.02,11076.467,11036.667,10596.584937500002,10436.62425,signal_exit,-16.040000000000436,102662.20000000093
6001,2022-10-20 17:00:00+00:00,2022-10-21 03:00:00+00:00,0.01,11225.509,10968.878999999999,10743.3175,10582.587,signal_exit,-51.38600000000021,102610.81400000093
6001,2022-10-21 20:00:00+00:00,2022-10-26 00:00:00+00:00,0.02,11260.439,11425.329,10810.66625,10660.742,signal_exit,65.83599999999977,102676.59000000093
6001,2022-10-26 17:00:00+00:00,2022-10-27 04:00:00+00:00,0.02,11620.979000000001,11428.439,11261.726750000002,11141.976000000002,signal_exit,-77.13600000000037,102599.45400000093
6002,2022-10-21 20:00:00+00:00,2022-10-27 08:00:00+00:00,0.02,11260.439,11409.886999999999,10810.66625,10660.742,signal_exit,59.6591999999994,102659.17320000092
6001,2022-10-28 18:00:00+00:00,2022-10-31 14:00:00+00:00,0.02,11477.169,11379.337,11021.677875,10869.847499999998,signal_exit,-39.25280000000014,102619.86040000092
6002,2022-10-28 19:00:00+00:00,2022-10-31 14:00:00+00:00,0.02,11487.019,11379.337,11031.8635,10880.144999999999,signal_exit,-43.19280000000029,102576.72760000092
6001,2022-11-01 05:00:00+00:00,2022-11-01 15:00:00+00:00,0.03,11445.759,11315.288999999999,11178.39375,11089.272,signal_exit,-78.46200000000071,102498.17560000092
6002,2022-11-01 12:00:00+00:00,2022-11-01 20:00:00+00:00,0.03,11545.939,11287.457,11300.634625,11218.8665,executive_stop,-155.26919999999998,102342.99640000092
6001,2022-11-07 10:00:00+00:00,2022-11-09 14:00:00+00:00,0.02,10865.699,10981.806999999999,10420.697750000001,10272.364000000001,signal_exit,46.323199999999346,102389.28960000092
6002,2022-11-07 20:00:00+00:00,2022-11-09 16:00:00+00:00,0.01,10963.139000000001,10917.019,10454.313875,10284.7055,signal_exit,-9.284000000000159,102380.03560000092
6001,2022-11-10 15:00:00+00:00,2022-11-14 11:00:00+00:00,0.02,11418.927,11732.517,11012.51925,10877.05,signal_exit,125.31600000000007,102505.29160000093
6001,2022-11-15 13:00:00+00:00,2022-11-16 01:00:00+00:00,0.03,11882.677,11800.939,11632.147374999999,11548.637499999999,signal_exit,-49.22279999999964,102456.06880000092
6002,2022-11-10 15:00:00+00:00,2022-11-16 16:00:00+00:00,0.02,11418.927,11676.329,11012.51925,10877.05,signal_exit,102.84080000000003,102558.96960000093
6001,2022-11-18 13:00:00+00:00,2022-11-18 21:00:00+00:00,0.03,11774.847,11675.319,11461.86525,11357.538,signal_exit,-59.896800000000155,102499.07280000093
6001,2022-11-22 19:00:00+00:00,2022-11-25 08:00:00+00:00,0.03,11672.769,11870.117,11408.55225,11320.48,signal_exit,118.22879999999998,102617.21160000093
6002,2022-11-23 01:00:00+00:00,2022-11-28 00:00:00+00:00,0.03,11711.357,11702.969,11446.268,11357.904999999999,signal_exit,-5.212800000000498,102612.08880000093
6001,2022-11-30 20:00:00+00:00,2022-12-02 02:00:00+00:00,0.03,11874.907000000001,11979.987,11559.703750000002,11454.636000000002,signal_exit,62.867999999998865,102674.89680000093
6002,2022-11-30 21:00:00+00:00,2022-12-05 03:00:00+00:00,0.02,12025.089,11973.269,11685.278250000001,11572.008000000002,signal_exit,-20.84799999999988,102654.10880000093
6001,2022-12-08 15:00:00+00:00,2022-12-09 21:00:00+00:00,0.03,11587.757,11561.339,11296.761125,11199.7625,signal_exit,-16.0307999999998,102637.98800000094
6002,2022-12-09 03:00:00+00:00,2022-12-09 21:00:00+00:00,0.03,11657.509,11561.339,11378.183125000001,11285.0745,signal_exit,-57.88200000000005,102580.19600000094
6001,2022-12-13 00:00:00+00:00,2022-12-14 20:00:00+00:00,0.03,11702.399000000001,11708.949,11411.981187500001,11315.175250000002,signal_exit,3.749999999999564,102583.82600000095
6002,2022-12-13 05:00:00+00:00,2022-12-15 08:00:00+00:00,0.04,11689.389000000001,11634.479,11487.570562500001,11420.297750000002,signal_exit,-44.168000000001335,102539.77800000095
6001,2022-12-21 08:00:00+00:00,2022-12-22 14:00:00+00:00,0.03,11136.179,11098.169,10850.690375,10755.5275,signal_exit,-22.986000000000132,102516.70200000097
6002,2022-12-21 20:00:00+00:00,2022-12-22 14:00:00+00:00,0.03,11239.179,11098.169,10942.675125,10843.840499999998,signal_exit,-84.78600000000014,102432.00600000097
6001,2022-12-27 01:00:00+00:00,2022-12-27 12:00:00+00:00,0.02,11054.807,11037.146999999999,10668.258875,10539.4095,signal_exit,-7.184000000000669,102424.82200000098
6001,2022-12-29 17:00:00+00:00,2022-12-30 15:00:00+00:00,0.03,10972.509,10825.507,10703.361374999999,10613.645499999999,signal_exit,-88.38120000000025,102336.35080000098
6002,2022-12-30 02:00:00+00:00,2022-12-30 15:00:00+00:00,0.03,10926.117,10825.507,10659.045375,10570.021499999999,signal_exit,-60.54600000000036,102275.89480000097
6001,2023-01-03 00:00:00+00:00,2023-01-03 17:00:00+00:00,0.03,10967.457,10790.239,10676.672999999999,10579.744999999999,signal_exit,-106.51080000000046,102169.29400000097
6002,2023-01-03 09:00:00+00:00,2023-01-03 17:00:00+00:00,0.03,11044.069,10790.239,10783.387749999998,10696.493999999999,signal_exit,-152.47799999999995,102016.90600000096
6001,2023-01-06 18:00:00+00:00,2023-01-10 03:00:00+00:00,0.02,10937.239,11062.538999999999,10584.17125,10466.482,signal_exit,49.9999999999997,102066.84600000097
6001,2023-01-10 16:00:00+00:00,2023-01-13 12:00:00+00:00,0.03,11133.579,11399.019,10822.963124999998,10719.4245,signal_exit,159.0840000000003,102225.93000000097
6001,2023-01-13 18:00:00+00:00,2023-01-16 10:00:00+00:00,0.02,11458.489,11444.277,11088.679374999998,10965.409499999998,signal_exit,-5.804799999999813,102220.12520000097
6002,2023-01-06 21:00:00+00:00,2023-01-17 04:00:00+00:00,0.02,11038.857,11480.878999999999,10670.769,10548.073,signal_exit,176.68879999999962,102396.87400000097
6001,2023-01-17 16:00:00+00:00,2023-01-18 17:00:00+00:00,0.05,11543.549,11481.377,11363.0718125,11302.912750000001,signal_exit,-62.47200000000048,102334.40200000098
6001,2023-01-20 16:00:00+00:00,2023-01-24 19:00:00+00:00,0.03,11406.349,11859.439,11153.846875,11069.6795,signal_exit,271.67400000000015,102605.98600000098
6002,2023-01-23 00:00:00+00:00,2023-01-25 15:00:00+00:00,0.03,11595.707,11562.699,11315.544875,11222.157500000001,signal_exit,-19.984799999999886,102586.09120000098
6001,2023-01-26 03:00:00+00:00,2023-01-30 16:00:00+00:00,0.03,11848.999,11972.329,11548.95625,11448.942,signal_exit,73.81799999999996,102659.81920000099
6002,2023-01-26 03:00:00+00:00,2023-01-31 01:00:00+00:00,0.03,11848.999,11939.288999999999,11548.95625,11448.942,signal_exit,53.993999999999424,102713.90320000099
6001,2023-01-31 21:00:00+00:00,2023-02-01 11:00:00+00:00,0.03,12099.569,12055.189,11793.310249999999,11691.223999999998,signal_exit,-26.807999999999517,102687.005200001
6002,2023-01-31 21:00:00+00:00,2023-02-06 09:00:00+00:00,0.03,12099.569,12483.159,11793.310249999999,11691.223999999998,signal_exit,229.97400000000005,102917.069200001
6001,2023-02-07 21:00:00+00:00,2023-02-08 19:00:00+00:00,0.02,12726.729000000001,12521.279,12314.839125,12177.542500000001,signal_exit,-82.3000000000003,102834.709200001
6002,2023-02-07 21:00:00+00:00,2023-02-09 00:00:00+00:00,0.02,12726.729000000001,12513.469,12314.839125,12177.542500000001,signal_exit,-85.42400000000083,102749.345200001
6001,2023-02-09 10:00:00+00:00,2023-02-09 18:00:00+00:00,0.03,12657.969000000001,12497.169,12400.476750000002,12314.646,signal_exit,-96.66000000000066,102652.685200001
6002,2023-02-14 06:00:00+00:00,2023-02-15 15:00:00+00:00,0.04,12476.597,12515.329,12236.569249999999,12156.559999999998,signal_exit,30.74559999999998,102683.34080000101
6001,2023-02-13 14:00:00+00:00,2023-02-16 14:00:00+00:00,0.03,12342.647,12512.136999999999,12069.879125,11978.9565,signal_exit,101.51399999999876,102784.944800001
6002,2023-02-16 17:00:00+00:00,2023-02-17 03:00:00+00:00,0.03,12605.147,12372.989,12310.136375,12211.7995,signal_exit,-139.47480000000076,102645.470000001
6001,2023-02-23 11:00:00+00:00,2023-02-24 02:00:00+00:00,0.03,12155.719000000001,12153.489,11905.545250000001,11822.154000000002,signal_exit,-1.5180000000008296,102643.95200000101
6001,2023-02-28 04:00:00+00:00,2023-03-01 00:00:00+00:00,0.04,12089.087,11994.466999999999,11862.556249999998,11787.045999999998,signal_exit,-75.93600000000066,102568.01600000101
6001,2023-03-03 09:00:00+00:00,2023-03-07 14:00:00+00:00,0.03,12046.517,12323.947,11770.653875,11678.6995,signal_exit,166.27800000000016,102734.20400000102
6002,2023-03-03 20:00:00+00:00,2023-03-08 20:00:00+00:00,0.03,12286.009,12163.339,12015.209875,11924.943500000001,signal_exit,-73.78200000000005,102660.51200000102
6001,2023-03-09 19:00:00+00:00,2023-03-10 06:00:00+00:00,0.03,12105.069,11938.349,11846.435249999999,11760.223999999998,signal_exit,-100.21199999999962,102560.21000000103
6002,2023-03-09 19:00:00+00:00,2023-03-10 06:00:00+00:00,0.03,12105.069,11938.349,11846.435249999999,11760.223999999998,signal_exit,-100.21199999999962,102460.08800000102
6001,2023-03-14 19:00:00+00:00,2023-03-20 06:00:00+00:00,0.02,12097.639000000001,12520.949,11632.924375000002,11478.019500000002,signal_exit,169.2039999999998,102629.23200000102
6001,2023-03-21 04:00:00+00:00,2023-03-22 22:00:00+00:00,0.02,12566.839,12567.669,12240.700375,12131.9875,signal_exit,0.21199999999997093,102629.44400000102
6002,2023-03-14 20:00:00+00:00,2023-03-22 22:00:00+00:00,0.02,12193.179,12567.669,11714.906250000002,11555.482000000002,signal_exit,149.6759999999999,102779.18000000103
6001,2023-03-23 14:00:00+00:00,2023-03-24 18:00:00+00:00,0.03,12758.869,12687.899,12481.6920625,12389.299749999998,signal_exit,-42.762000000000704,102736.41800000102
6001,2023-03-30 00:00:00+00:00,2023-04-04 23:00:00+00:00,0.04,12833.807,13106.909,12624.683375,12554.9755,signal_exit,218.2415999999992,102954.53960000104
6002,2023-03-30 00:00:00+00:00,2023-04-05 17:00:00+00:00,0.04,12833.807,12934.759,12624.683375,12554.9755,signal_exit,80.52159999999945,103035.18120000104
6001,2023-04-07 00:00:00+00:00,2023-04-10 08:00:00+00:00,0.04,13042.969000000001,12994.979,12802.616875,12722.4995,signal_exit,-38.63200000000128,102996.42920000105
6002,2023-04-07 00:00:00+00:00,2023-04-10 14:00:00+00:00,0.04,13042.969000000001,12944.396999999999,12802.616875,12722.4995,signal_exit,-79.09760000000156,102917.45160000105
6001,2023-04-11 09:00:00+00:00,2023-04-12 01:00:00+00:00,0.04,13055.349,12978.538999999999,12841.84875,12770.682,signal_exit,-61.688000000001054,102855.76360000105
6001,2023-04-13 21:00:00+00:00,2023-04-14 20:00:00+00:00,0.03,13108.439,13066.368999999999,12827.303,12733.591,signal_exit,-25.422000000000914,102830.25160000107
6002,2023-04-14 08:00:00+00:00,2023-04-17 17:00:00+00:00,0.03,13083.769,13001.349,12811.1815,12720.319,signal_exit,-49.632000000000055,102780.70960000106
6001,2023-04-18 11:00:00+00:00,2023-04-19 03:00:00+00:00,0.04,13174.147,13069.917,12943.06075,12866.032,signal_exit,-83.6240000000011,102696.96560000107
6002,2023-04-18 11:00:00+00:00,2023-04-19 04:00:00+00:00,0.04,13174.147,13072.219,12943.06075,12866.032,signal_exit,-81.78240000000137,102615.30320000107
6001,2023-04-27 17:00:00+00:00,2023-05-02 14:00:00+00:00,0.03,13060.517,13218.809,12806.165749999998,12721.381999999998,signal_exit,94.79519999999967,102710.00840000108
6002,2023-04-27 20:00:00+00:00,2023-05-02 21:00:00+00:00,0.03,13159.719000000001,13112.509,12909.965250000001,12826.714,signal_exit,-28.506000000000565,102681.59240000109
6002,2023-05-05 19:00:00+00:00,2023-05-09 08:00:00+00:00,0.03,13239.669,13258.889,12980.80875,12894.522,signal_exit,11.351999999999608,102692.85440000109
6001,2023-05-05 19:00:00+00:00,2023-05-09 11:00:00+00:00,0.03,13239.669,13233.538999999999,12980.80875,12894.522,signal_exit,-3.8580000000006103,102689.08640000109
6001,2023-05-10 18:00:00+00:00,2023-05-12 18:00:00+00:00,0.05,13272.137,13267.437,13099.64825,13042.152,signal_exit,-5.000000000000729,102683.9664000011
6001,2023-05-16 20:00:00+00:00,2023-05-22 09:00:00+00:00,0.05,13482.997000000001,13817.976999999999,13307.122000000001,13248.497000000001,signal_exit,334.67999999999785,103018.6464000011
6001,2023-05-23 00:00:00+00:00,2023-05-23 16:00:00+00:00,0.05,13864.917,13794.189,13678.8975,13616.891,signal_exit,-71.02799999999917,102947.61840000111
6002,2023-05-11 01:00:00+00:00,2023-05-23 20:00:00+00:00,0.04,13361.439,13690.419,13159.906125,13092.7285,signal_exit,262.9439999999997,103210.68240000111
6001,2023-05-25 09:00:00+00:00,2023-05-30 20:00:00+00:00,0.04,13796.009,14384.919,13556.144,13476.189000000002,signal_exit,470.88799999999986,103681.45040000112
6002,2023-05-25 09:00:00+00:00,2023-05-31 19:00:00+00:00,0.04,13796.009,14307.409,13556.144,13476.189000000002,signal_exit,408.8799999999997,104090.45040000112
6001,2023-06-01 21:00:00+00:00,2023-06-07 05:00:00+00:00,0.03,14442.227,14555.419,14197.995499999999,14116.585,signal_exit,67.73519999999945,104158.09560000114
6002,2023-06-01 21:00:00+00:00,2023-06-07 17:00:00+00:00,0.03,14442.227,14403.579,14197.995499999999,14116.585,signal_exit,-23.36880000000063,104134.81680000114
6001,2023-06-09 07:00:00+00:00,2023-06-15 15:00:00+00:00,0.04,14483.989,15005.708999999999,14240.6970625,14159.599750000001,signal_exit,417.1359999999995,104551.83280000114
6002,2023-06-09 07:00:00+00:00,2023-06-20 20:00:00+00:00,0.04,14483.989,15066.359,14240.6970625,14159.599750000001,signal_exit,465.65600000000063,105017.60880000114
6001,2023-06-23 09:00:00+00:00,2023-06-26 01:00:00+00:00,0.03,14967.889000000001,14931.269,14696.13175,14605.546000000002,signal_exit,-22.15200000000048,104995.45680000113
6001,2023-06-28 08:00:00+00:00,2023-06-30 06:00:00+00:00,0.03,14888.937,14968.169,14611.735499999999,14519.335,signal_exit,47.35919999999997,105042.72600000114
6002,2023-06-29 11:00:00+00:00,2023-07-07 00:00:00+00:00,0.03,15008.849,15078.069,14747.186,14659.965,signal_exit,41.351999999999606,105084.16800000114
6001,2023-07-12 02:00:00+00:00,2023-07-17 13:00:00+00:00,0.04,15122.239,15553.779,14879.2615,14798.269,signal_exit,344.9920000000007,105429.04000000114
6002,2023-07-12 10:00:00+00:00,2023-07-20 17:00:00+00:00,0.04,15151.597,15619.877,14933.324875,14860.5675,signal_exit,374.3840000000005,105803.54400000114
6001,2023-07-25 15:00:00+00:00,2023-07-26 13:00:00+00:00,0.04,15550.169,15516.127,15346.386875,15278.459499999999,signal_exit,-27.47359999999957,105776.07040000115
6001,2023-07-27 02:00:00+00:00,2023-07-28 01:00:00+00:00,0.04,15563.167,15483.809,15354.877562499998,15285.44775,signal_exit,-63.72640000000013,105712.22400000115
6002,2023-07-27 02:00:00+00:00,2023-07-28 01:00:00+00:00,0.04,15563.167,15483.809,15354.877562499998,15285.44775,signal_exit,-63.72640000000013,105648.61760000115
6001,2023-07-28 18:00:00+00:00,2023-08-01 10:00:00+00:00,0.03,15749.039,15710.099,15424.253375,15315.9915,signal_exit,-23.544000000000306,105624.98360000116
6002,2023-07-28 18:00:00+00:00,2023-08-02 00:00:00+00:00,0.03,15749.039,15656.359,15424.253375,15315.9915,signal_exit,-55.78800000000019,105569.28560000115
6001,2023-08-04 07:00:00+00:00,2023-08-04 15:00:00+00:00,0.03,15466.859,15364.708999999999,15178.51775,15082.404,signal_exit,-61.47000000000088,105507.81560000115
6001,2023-08-08 01:00:00+00:00,2023-08-08 09:00:00+00:00,0.02,15406.789,15354.958999999999,15073.53775,14962.453999999998,signal_exit,-20.8520000000007,105486.96360000115
6001,2023-08-14 17:00:00+00:00,2023-08-15 09:00:00+00:00,0.02,15145.297,15135.136999999999,14809.6885,14697.819,signal_exit,-4.184000000000669,105482.71960000116
6002,2023-08-15 01:00:00+00:00,2023-08-15 09:00:00+00:00,0.02,15232.959,15135.136999999999,14890.583625,14776.458499999999,signal_exit,-39.248800000000784,105443.53080000116
6001,2023-08-21 10:00:00+00:00,2023-08-23 00:00:00+00:00,0.03,14774.739,14916.517,14520.588375,14435.871500000001,signal_exit,84.88680000000015,105528.32760000117
6002,2023-08-21 21:00:00+00:00,2023-08-23 00:00:00+00:00,0.03,14935.329,14916.517,14611.027499999998,14502.927,signal_exit,-11.46719999999994,105516.95040000117
6001,2023-08-23 08:00:00+00:00,2023-08-24 16:00:00+00:00,0.04,14977.349,14991.529,14759.939,14687.469000000001,signal_exit,11.104000000000235,105527.93440000118
6002,2023-08-23 08:00:00+00:00,2023-08-24 17:00:00+00:00,0.04,14977.349,14903.868999999999,14759.939,14687.469000000001,signal_exit,-59.02400000000111,105469.03040000118
6002,2023-08-28 03:00:00+00:00,2023-08-28 17:00:00+00:00,0.02,14965.497000000001,14975.357,14562.93525,14428.748,signal_exit,3.8239999999995056,105472.79440000119
6001,2023-08-28 02:00:00+00:00,2023-09-01 16:00:00+00:00,0.02,14947.487000000001,15465.449,14518.347125,14375.300500000001,signal_exit,207.06479999999982,105679.8592000012
6001,2023-09-04 12:00:00+00:00,2023-09-05 01:00:00+00:00,0.04,15533.049,15497.409,15327.207750000001,15258.594000000001,signal_exit,-28.752000000000994,105651.1072000012
6002,2023-08-29 02:00:00+00:00,2023-09-05 02:00:00+00:00,0.02,15059.929,15466.319,14692.065812499999,14569.444749999999,signal_exit,162.43599999999975,105813.6032000012
6001,2023-09-08 18:00:00+00:00,2023-09-11 05:00:00+00:00,0.03,15315.559000000001,15305.507,15013.599625,14912.9465,signal_exit,-6.2112000000009,105807.39200000121
6002,2023-09-11 13:00:00+00:00,2023-09-12 16:00:00+00:00,0.04,15386.699,15334.749,15158.8235,15082.865,signal_exit,-41.80000000000058,105765.59200000121
6001,2023-09-13 19:00:00+00:00,2023-09-14 09:00:00+00:00,0.03,15403.099,15396.929,15142.293625,15055.358500000002,signal_exit,-3.882000000000043,105761.62000000122
6001,2023-09-14 17:00:00+00:00,2023-09-15 15:00:00+00:00,0.03,15482.999,15316.337,15204.671750000001,15111.896,signal_exit,-100.17720000000017,105661.44280000123
6002,2023-09-13 19:00:00+00:00,2023-09-15 15:00:00+00:00,0.03,15403.099,15316.337,15142.293625,15055.358500000002,signal_exit,-52.237200000000385,105609.29560000122
6001,2023-09-28 18:00:00+00:00,2023-09-29 19:00:00+00:00,0.02,14739.379,14668.249,14398.730875000001,14285.1815,signal_exit,-28.5720000000004,105580.66360000122
6002,2023-09-28 20:00:00+00:00,2023-09-29 19:00:00+00:00,0.02,14690.619,14668.249,14334.807750000002,14216.204000000002,signal_exit,-9.068000000000321,105571.65560000122
6001,2023-10-03 01:00:00+00:00,2023-10-03 11:00:00+00:00,0.02,14841.069,14824.729,14465.338312500002,14340.094750000002,signal_exit,-6.656000000000057,105564.93960000122
6002,2023-10-03 00:00:00+00:00,2023-10-03 13:00:00+00:00,0.02,14837.739,14743.966999999999,14458.76625,14332.442000000003,signal_exit,-37.628800000000346,105527.37080000123
6001,2023-10-04 19:00:00+00:00,2023-10-05 11:00:00+00:00,0.02,14673.109,14728.329,14290.127125,14162.4665,signal_exit,21.967999999999744,105549.27880000124
6002,2023-10-05 00:00:00+00:00,2023-10-05 15:00:00+00:00,0.02,14764.779,14696.298999999999,14372.9565,14242.349,signal_exit,-27.51200000000055,105521.82680000123
6001,2023-10-06 07:00:00+00:00,2023-10-06 15:00:00+00:00,0.03,14702.479000000001,14626.868999999999,14440.890625,14353.6945,signal_exit,-45.54600000000144,105476.28080000123
6001,2023-10-12 00:00:00+00:00,2023-10-12 19:00:00+00:00,0.03,15273.979000000001,15149.038999999999,15023.846125000002,14940.468500000003,signal_exit,-75.14400000000141,105401.07680000123
6002,2023-10-06 18:00:00+00:00,2023-10-12 20:00:00+00:00,0.02,14910.679,15146.458999999999,14536.599624999999,14411.906499999997,signal_exit,94.19199999999954,105495.32880000123
6001,2023-10-16 19:00:00+00:00,2023-10-17 06:00:00+00:00,0.02,15186.469000000001,15140.009,14842.520499999999,14727.871,signal_exit,-18.704000000000374,105476.62480000123
6001,2023-10-23 19:00:00+00:00,2023-10-24 08:00:00+00:00,0.02,14699.239,14705.149,14337.027999999998,14216.291,signal_exit,2.2439999999999416,105478.86880000123
6001,2023-10-24 12:00:00+00:00,2023-10-25 09:00:00+00:00,0.03,14697.089,14644.337,14409.972875,14314.2675,signal_exit,-31.831200000000244,105447.03760000123
6001,2023-10-30 19:00:00+00:00,2023-10-31 06:00:00+00:00,0.03,14354.169,14249.939,14025.472125,13915.9065,signal_exit,-62.71799999999974,105384.22960000124
6002,2023-10-31 00:00:00+00:00,2023-10-31 14:00:00+00:00,0.03,14316.149000000001,14256.769,13989.702125000002,13880.8865,signal_exit,-35.80800000000062,105348.51160000125
6001,2023-10-31 17:00:00+00:00,2023-11-07 00:00:00+00:00,0.03,14355.679,15131.839,14042.640625,13938.2945,signal_exit,465.5159999999999,105813.93760000126
6001,2023-11-07 15:00:00+00:00,2023-11-08 18:00:00+00:00,0.05,15224.447,15254.449,15040.681625000001,14979.426500000001,signal_exit,29.702000000000414,105843.63960000126
6001,2023-11-09 07:00:00+00:00,2023-11-09 20:00:00+00:00,0.06,15321.359,15191.899,15170.004875,15119.5535,signal_exit,-155.71200000000115,105687.92760000126
6002,2023-10-31 18:00:00+00:00,2023-11-09 20:00:00+00:00,0.03,14397.079,15191.899,14076.326874999999,13969.4095,signal_exit,476.7119999999998,106164.72960000126
6001,2023-11-10 18:00:00+00:00,2023-11-16 00:00:00+00:00,0.03,15454.199,15798.179,15193.188125,15106.184500000001,signal_exit,206.20799999999969,106370.84760000126
6002,2023-11-10 18:00:00+00:00,2023-11-16 19:00:00+00:00,0.03,15454.199,15783.829,15193.188125,15106.184500000001,signal_exit,197.59799999999953,106568.41560000126
6001,2023-11-16 15:00:00+00:00,2023-11-17 14:00:00+00:00,0.04,15827.359,15825.859,15601.486374999999,15526.195499999998,signal_exit,-1.44,106567.09560000125
6002,2023-11-17 19:00:00+00:00,2023-11-20 05:00:00+00:00,0.04,15850.657000000001,15793.199,15645.569875000001,15577.2075,signal_exit,-46.20640000000043,106520.88920000126
6001,2023-11-20 16:00:00+00:00,2023-11-21 17:00:00+00:00,0.05,15943.169,15905.989,15749.121500000001,15684.439000000002,signal_exit,-37.480000000000295,106483.40920000126
6001,2023-11-22 12:00:00+00:00,2023-11-23 04:00:00+00:00,0.06,15978.499,16003.169,15819.791875,15766.889500000001,signal_exit,29.244000000000092,106512.65320000127
6001,2023-11-23 11:00:00+00:00,2023-11-24 03:00:00+00:00,0.05,16028.049,16020.669,15854.392875000001,15796.507500000002,signal_exit,-7.680000000001019,106504.97320000127
6001,2023-11-29 02:00:00+00:00,2023-11-29 21:00:00+00:00,0.04,16033.169,15985.169,15818.078375,15746.3815,signal_exit,-38.63999999999999,106466.21320000128
6002,2023-11-29 02:00:00+00:00,2023-11-29 21:00:00+00:00,0.04,16033.169,15985.169,15818.078375,15746.3815,signal_exit,-38.63999999999999,106427.69320000127
6001,2023-12-01 19:00:00+00:00,2023-12-04 07:00:00+00:00,0.03,15962.669,15933.729,15697.347125,15608.9065,signal_exit,-17.544000000000306,106410.14920000128
6001,2023-12-06 00:00:00+00:00,2023-12-06 13:00:00+00:00,0.03,15902.189,15912.627,15607.488125000002,15509.254500000001,signal_exit,6.082800000000062,106416.23200000128
6001,2023-12-07 15:00:00+00:00,2023-12-15 00:00:00+00:00,0.04,15888.139000000001,16545.049000000003,15657.881875000003,15581.129500000003,signal_exit,525.2880000000013,106941.43000000129
6001,2023-12-15 09:00:00+00:00,2023-12-18 06:00:00+00:00,0.04,16585.637,16638.219,16378.867624999999,16309.944499999998,signal_exit,41.82560000000173,106983.2556000013
6001,2023-12-18 09:00:00+00:00,2023-12-20 20:00:00+00:00,0.05,16630.197,16629.739,16449.493875,16389.2595,signal_exit,-0.7579999999987195,106982.49760000131
6002,2023-12-07 18:00:00+00:00,2023-12-20 20:00:00+00:00,0.03,16013.779,16629.739,15747.311875000001,15658.489500000001,signal_exit,369.39600000000064,107351.98360000132
6001,2023-12-22 01:00:00+00:00,2023-12-22 11:00:00+00:00,0.03,16732.128999999997,16731.919,16462.62775,16372.793999999998,signal_exit,-0.3059999999972933,107351.58760000132
6001,2023-12-22 15:00:00+00:00,2023-12-29 02:00:00+00:00,0.04,16827.108999999997,16911.329,16618.942749999995,16549.553999999993,signal_exit,67.13600000000383,107418.72360000134
6002,2023-12-22 01:00:00+00:00,2023-12-29 16:00:00+00:00,0.03,16732.128999999997,16830.469,16462.62775,16372.793999999998,signal_exit,58.82400000000226,107477.63760000134
6001,2024-01-05 17:00:00+00:00,2024-01-08 04:00:00+00:00,0.03,16357.269,16280.349,16099.56675,16013.666,signal_exit,-46.33200000000005,107431.30560000135
6001,2024-01-08 16:00:00+00:00,2024-01-11 17:00:00+00:00,0.03,16502.718999999997,16631.509000000002,16216.462375,16121.0435,signal_exit,77.0940000000027,107508.30960000136
6001,2024-01-11 20:00:00+00:00,2024-01-12 10:00:00+00:00,0.03,16836.198999999997,16786.639000000003,16517.09275,16410.724,signal_exit,-29.91599999999642,107478.39360000136
6001,2024-01-12 19:00:00+00:00,2024-01-15 09:00:00+00:00,0.02,16839.878999999997,16828.549000000003,16495.514625,16380.7265,signal_exit,-4.651999999997788,107473.74160000136
6002,2024-01-08 17:00:00+00:00,2024-01-15 17:00:00+00:00,0.03,16520.918999999998,16821.66,16231.159875,16134.573499999999,signal_exit,180.26460000000108,107654.09620000137
6001,2024-01-18 10:00:00+00:00,2024-01-23 02:00:00+00:00,0.03,16794.17,17346.492000000002,16528.142375,16439.466500000002,signal_exit,331.2132000000023,107985.21940000138
6001,2024-01-24 00:00:00+00:00,2024-01-25 10:00:00+00:00,0.04,17452.604,17506.881,17199.829062499997,17115.570749999995,signal_exit,43.181600000001495,108028.4010000014
6001,2024-01-25 15:00:00+00:00,2024-01-26 01:00:00+00:00,0.04,17551.048,17412.181,17302.9661875,17220.272249999998,signal_exit,-111.33359999999871,107917.0674000014
6002,2024-01-18 12:00:00+00:00,2024-01-26 03:00:00+00:00,0.03,16868.968999999997,17399.936,16593.0726875,16501.10725,signal_exit,318.4002000000026,108235.5576000014
6002,2024-01-29 08:00:00+00:00,2024-01-29 16:00:00+00:00,0.03,17446.982,17417.825,17184.296749999998,17096.735,signal_exit,-17.674199999999544,108217.8834000014
6001,2024-01-29 21:00:00+00:00,2024-01-30 18:00:00+00:00,0.03,17597.136,17463.182,17323.597124999997,17232.417499999996,signal_exit,-80.55239999999876,108137.2410000014
6002,2024-01-29 21:00:00+00:00,2024-01-30 18:00:00+00:00,0.03,17597.136,17463.182,17323.597124999997,17232.417499999996,signal_exit,-80.55239999999876,108056.7786000014
6001,2024-02-01 21:00:00+00:00,2024-02-05 21:00:00+00:00,0.02,17343.935999999998,17605.593,17003.549812499994,16890.08774999999,signal_exit,104.54280000000114,108161.23140000142
6001,2024-02-06 07:00:00+00:00,2024-02-06 15:00:00+00:00,0.04,17649.037,17566.325,17427.7320625,17353.96375,signal_exit,-66.40959999999964,108094.82180000142
6002,2024-02-02 05:00:00+00:00,2024-02-06 17:00:00+00:00,0.03,17512.081,17498.326,17193.330249999995,17087.079999999994,signal_exit,-8.432999999998428,108086.47880000142
6001,2024-02-07 17:00:00+00:00,2024-02-12 20:00:00+00:00,0.03,17756.092999999997,17871.237,17488.827124999996,17399.738499999996,signal_exit,68.90640000000232,108155.29520000143
6002,2024-02-07 17:00:00+00:00,2024-02-13 11:00:00+00:00,0.03,17756.092999999997,17773.425000000003,17488.827124999996,17399.738499999996,signal_exit,10.219200000003475,108165.60440000144
6001,2024-02-14 17:00:00+00:00,2024-02-15 15:00:00+00:00,0.03,17657.646999999997,17751.170000000002,17332.300749999995,17223.851999999995,signal_exit,55.933800000002805,108221.53820000145
6002,2024-02-15 19:00:00+00:00,2024-02-16 15:00:00+00:00,0.03,17847.282,17706.601000000002,17571.862125000003,17480.055500000002,signal_exit,-84.58859999999812,108136.94960000146
6001,2024-02-22 01:00:00+00:00,2024-02-23 20:00:00+00:00,0.02,17716.859999999997,17963.204,17346.124874999998,17222.546499999997,signal_exit,98.41760000000184,108235.27720000147
6001,2024-02-26 14:00:00+00:00,2024-02-27 00:00:00+00:00,0.04,17968.57,17916.870000000003,17751.6769375,17679.37925,signal_exit,-41.59999999999767,108193.67720000148
6002,2024-02-22 07:00:00+00:00,2024-02-27 00:00:00+00:00,0.03,17773.403,17916.870000000003,17468.8930625,17367.38975,signal_exit,85.90020000000251,108279.66740000148
6001,2024-02-29 15:00:00+00:00,2024-03-04 21:00:00+00:00,0.03,18015.381999999998,18222.615,17757.9488125,17672.137749999998,signal_exit,124.1598000000023,108403.73720000149
6002,2024-03-01 01:00:00+00:00,2024-03-05 15:00:00+00:00,0.03,18043.76,18006.769,17749.045062499998,17650.806749999996,signal_exit,-22.3745999999989,108381.45260000149
6001,2024-03-06 18:00:00+00:00,2024-03-07 04:00:00+00:00,0.03,18106.782,17946.939000000002,17800.65675,17698.614999999998,signal_exit,-96.08579999999829,108285.27680000149
6002,2024-03-06 18:00:00+00:00,2024-03-07 04:00:00+00:00,0.03,18106.782,17946.939000000002,17800.65675,17698.614999999998,signal_exit,-96.08579999999829,108189.28100000149
6001,2024-03-07 11:00:00+00:00,2024-03-08 17:00:00+00:00,0.03,18096.235999999997,18156.891000000003,17812.553187499994,17717.992249999996,signal_exit,36.21300000000366,108225.43400000149
6002,2024-03-07 17:00:00+00:00,2024-03-08 17:00:00+00:00,0.02,18280.948999999997,18156.891000000003,17941.852999999996,17828.820999999993,signal_exit,-49.74319999999746,108175.7508000015
6001,2024-03-12 07:00:00+00:00,2024-03-13 17:00:00+00:00,0.03,18063.591999999997,18095.026,17739.86725,17631.959,signal_exit,18.680400000002848,108194.34120000151
6002,2024-03-12 07:00:00+00:00,2024-03-13 20:00:00+00:00,0.03,18063.591999999997,18073.392,17739.86725,17631.959,signal_exit,5.700000000001746,108200.13120000152
6001,2024-03-18 16:00:00+00:00,2024-03-19 02:00:00+00:00,0.03,18045.658,17920.793,17735.375125,17631.947500000002,signal_exit,-75.09899999999878,108125.03220000151
6002,2024-03-20 04:00:00+00:00,2024-03-20 18:00:00+00:00,0.03,17997.347999999998,18028.026,17708.809499999996,17612.629999999997,signal_exit,18.226800000002115,108143.19900000152
6001,2024-03-19 19:00:00+00:00,2024-03-22 02:00:00+00:00,0.02,18019.137,18318.014000000003,17681.056124999996,17568.362499999996,signal_exit,119.43080000000161,108262.68980000152
6001,2024-03-26 11:00:00+00:00,2024-03-26 20:00:00+00:00,0.05,18375.680999999997,18219.693000000003,18198.304687499996,18139.179249999994,signal_exit,-156.28799999999393,108106.25180000154
6002,2024-03-26 10:00:00+00:00,2024-03-26 20:00:00+00:00,0.05,18373.935999999998,18219.693000000003,18196.676874999997,18137.5905,signal_exit,-154.54299999999498,107951.85880000154
6001,2024-04-01 02:00:00+00:00,2024-04-01 16:00:00+00:00,0.03,18377.259,18268.492000000002,18110.109,18021.059,signal_exit,-65.44019999999772,107886.29860000155
6002,2024-04-01 05:00:00+00:00,2024-04-01 16:00:00+00:00,0.04,18367.591999999997,18268.492000000002,18136.509124999997,18059.481499999998,signal_exit,-79.51999999999595,107806.89860000156
6002,2024-04-04 18:00:00+00:00,2024-04-04 19:45:00+00:00,0.03,18352.993,18011.07925,18097.570187499998,18012.429249999997,server_disaster_stop,-205.32824999999983,107601.48035000157
6001,2024-04-03 17:00:00+00:00,2024-04-04 20:00:00+00:00,0.03,18194.791999999998,18022.204,17922.704375,17832.0085,signal_exit,-103.73279999999767,107497.83755000157
6001,2024-04-08 01:00:00+00:00,2024-04-08 10:00:00+00:00,0.02,18124.036,18076.893,17719.440062499998,17584.57475,signal_exit,-18.97720000000001,107478.86035000157
6001,2024-04-10 10:00:00+00:00,2024-04-10 13:30:00+00:00,0.04,18215.071,17904.3105,17983.013124999998,17905.660499999998,server_disaster_stop,-248.84840000000025,107229.89195000158
6002,2024-04-10 10:00:00+00:00,2024-04-10 13:30:00+00:00,0.04,18215.071,17904.3105,17983.013124999998,17905.660499999998,server_disaster_stop,-248.84840000000025,106981.16355000157
6001,2024-04-11 18:00:00+00:00,2024-04-12 14:00:00+00:00,0.02,18132.024999999998,18135.869000000002,17740.367874999996,17609.815499999997,signal_exit,1.4176000000018394,106982.52115000157
6002,2024-04-11 18:00:00+00:00,2024-04-12 16:00:00+00:00,0.02,18132.024999999998,18024.804,17740.367874999996,17609.815499999997,signal_exit,-43.0083999999991,106939.57275000158
6001,2024-04-15 15:00:00+00:00,2024-04-15 18:30:00+00:00,0.03,18133.981,17719.184500000003,17823.896125,17720.5345,server_disaster_stop,-249.05789999999806,106690.51485000158
6001,2024-04-22 20:00:00+00:00,2024-04-25 00:00:00+00:00,0.02,17268.871,17332.659,16849.5986875,16709.84125,signal_exit,25.39520000000019,106715.85005000158
6002,2024-04-23 20:00:00+00:00,2024-04-25 00:00:00+00:00,0.02,17507.349,17332.659,17160.1485,17044.415,signal_exit,-69.99599999999948,106645.91405000158
6002,2024-04-25 12:00:00+00:00,2024-04-25 20:00:00+00:00,0.03,17351.591999999997,17396.304,17054.538374999996,16955.5205,signal_exit,26.647200000001906,106672.56125000158
6001,2024-04-26 01:00:00+00:00,2024-04-30 09:00:00+00:00,0.02,17631.315,17772.467,17182.769625,17033.254500000003,signal_exit,56.34080000000075,106728.90205000159
6001,2024-05-02 12:00:00+00:00,2024-05-08 12:00:00+00:00,0.02,17484.137,18073.658000000003,17136.945125,17021.2145,signal_exit,235.6884000000017,106964.53045000159
6002,2024-05-03 04:00:00+00:00,2024-05-09 03:00:00+00:00,0.02,17654.982,18072.760000000002,17221.7255625,17077.30675,signal_exit,166.99120000000082,107131.5816500016
6001,2024-05-10 01:00:00+00:00,2024-05-14 14:00:00+00:00,0.04,18134.349,18166.149,17892.194812499998,17811.476749999998,signal_exit,25.200000000002326,107156.66165000161
6002,2024-05-10 01:00:00+00:00,2024-05-14 14:00:00+00:00,0.04,18134.349,18166.149,17892.194812499998,17811.476749999998,signal_exit,25.200000000002326,107181.98165000162
6001,2024-05-14 21:00:00+00:00,2024-05-16 21:00:00+00:00,0.04,18316.346999999998,18556.760000000002,18104.0085,18033.229,signal_exit,192.09040000000329,107373.95205000162
6002,2024-05-14 21:00:00+00:00,2024-05-20 14:00:00+00:00,0.04,18316.346999999998,18560.226000000002,18104.0085,18033.229,signal_exit,194.86320000000356,107568.93525000162
6001,2024-05-20 16:00:00+00:00,2024-05-21 17:00:00+00:00,0.05,18658.315,18658.658000000003,18486.6563125,18429.436749999997,signal_exit,0.04300000000439469,107568.97825000163
6001,2024-05-23 01:00:00+00:00,2024-05-23 19:00:00+00:00,0.05,18797.337,18642.748000000003,18597.38025,18530.728,signal_exit,-154.88899999999632,107413.93925000164
6002,2024-05-23 00:00:00+00:00,2024-05-23 20:00:00+00:00,0.05,18776.693,18559.07,18579.2054375,18513.37625,executive_stop,-217.92299999999963,107196.16625000164
6001,2024-05-24 17:00:00+00:00,2024-05-27 07:00:00+00:00,0.03,18826.038999999997,18794.681,18529.162,18430.203,signal_exit,-18.994799999997923,107177.08145000164
6002,2024-05-24 17:00:00+00:00,2024-05-28 02:00:00+00:00,0.03,18826.038999999997,18827.182,18529.162,18430.203,signal_exit,0.5058000000022003,107177.52725000164
6001,2024-05-27 17:00:00+00:00,2024-05-28 15:00:00+00:00,0.05,18870.738999999998,18794.148,18691.2694375,18631.446249999997,signal_exit,-76.89099999999674,107100.78625000165
6001,2024-06-03 06:00:00+00:00,2024-06-03 16:00:00+00:00,0.02,18596.880999999998,18540.170000000002,18228.814,18106.125,signal_exit,-22.804399999998274,107077.98185000166
6001,2024-06-04 21:00:00+00:00,2024-06-07 02:00:00+00:00,0.02,18652.269999999997,19041.292,18286.953812499996,18165.181749999996,signal_exit,155.48880000000182,107233.41065000166
6002,2024-06-04 21:00:00+00:00,2024-06-10 03:00:00+00:00,0.02,18652.269999999997,19000.437,18286.953812499996,18165.181749999996,signal_exit,139.14680000000197,107372.49745000167
6001,2024-06-07 18:00:00+00:00,2024-06-10 04:00:00+00:00,0.04,19105.992,18998.871000000003,18857.605874999997,18774.810499999996,signal_exit,-85.93679999999647,107286.68065000167
6001,2024-06-11 04:00:00+00:00,2024-06-11 12:00:00+00:00,0.04,19054.114999999998,19023.812,18820.4748125,18742.59475,signal_exit,-24.482399999997,107262.10825000168
6001,2024-06-11 20:00:00+00:00,2024-06-14 11:00:00+00:00,0.04,19178.439,19530.858,18928.7296875,18845.49325,signal_exit,281.69520000000136,107543.80345000168
6001,2024-06-14 19:00:00+00:00,2024-06-18 21:00:00+00:00,0.03,19638.247,19909.215,19360.647625,19268.1145,signal_exit,162.40080000000046,107706.20425000168
6002,2024-06-10 17:00:00+00:00,2024-06-20 17:00:00+00:00,0.03,19055.136,19878.571,18780.0444375,18688.34725,signal_exit,493.8810000000009,108200.17525000169
6001,2024-06-25 21:00:00+00:00,2024-06-26 14:00:00+00:00,0.03,19704.781,19669.614,19376.625062500003,19267.23975,signal_exit,-21.280199999998583,108178.7750500017
6002,2024-06-26 10:00:00+00:00,2024-06-27 00:00:00+00:00,0.04,19784.879999999997,19669.27,19553.2201875,19476.00025,signal_exit,-92.72799999999756,108086.1670500017
6001,2024-06-27 13:00:00+00:00,2024-06-28 20:00:00+00:00,0.04,19716.048,19765.459000000003,19466.91075,19383.865,signal_exit,39.288800000002965,108125.36585000172
6002,2024-06-27 16:00:00+00:00,2024-06-28 21:00:00+00:00,0.03,19770.89,19680.869000000002,19479.3693125,19382.19575,signal_exit,-54.19259999999821,108071.26325000172
6002,2024-07-01 05:00:00+00:00,2024-07-01 15:00:00+00:00,0.03,19752.893,19641.358,19468.02875,19373.074,signal_exit,-67.10099999999993,108004.16225000173
6001,2024-07-02 16:00:00+00:00,2024-07-09 19:00:00+00:00,0.03,19873.235999999997,20431.658000000003,19549.155187499997,19441.128249999994,signal_exit,334.8732000000036,108338.94545000173
6001,2024-07-10 09:00:00+00:00,2024-07-11 16:00:00+00:00,0.06,20488.569,20383.526,20320.867499999997,20264.966999999997,signal_exit,-126.41159999999743,108212.53385000174
6002,2024-07-02 20:00:00+00:00,2024-07-11 16:00:00+00:00,0.03,19978.391,20383.526,19644.3100625,19532.94975,signal_exit,242.9010000000012,108455.52485000173
6001,2024-07-12 20:00:00+00:00,2024-07-15 06:00:00+00:00,0.02,20500.612999999998,20378.258,20084.343875,19945.587499999998,signal_exit,-49.06199999999838,108406.46285000174
6001,2024-07-15 12:00:00+00:00,2024-07-15 21:00:00+00:00,0.03,20420.404,20387.392,20129.808062499997,20032.942749999995,signal_exit,-19.987199999999284,108386.47565000175
6002,2024-07-16 02:00:00+00:00,2024-07-16 10:00:00+00:00,0.02,20426.146999999997,20397.969,20055.952812499996,19932.554749999996,signal_exit,-11.3911999999985,108375.08445000176
6001,2024-07-22 19:00:00+00:00,2024-07-23 09:00:00+00:00,0.02,19817.26,19714.681,19329.862937499995,19167.397249999995,signal_exit,-41.15159999999917,108333.93285000176
6001,2024-07-29 03:00:00+00:00,2024-07-29 20:00:00+00:00,0.01,19145.002999999997,19072.947,18581.857062499996,18394.141749999995,signal_exit,-14.47119999999937,108319.46165000176
6001,2024-07-31 16:00:00+00:00,2024-08-01 17:00:00+00:00,0.02,19306.193,19023.882,18842.3315,18687.711000000003,signal_exit,-113.04439999999917,108206.35725000176
6002,2024-07-31 17:00:00+00:00,2024-08-01 17:00:00+00:00,0.02,19324.914999999997,19023.882,18854.918125,18698.2525,signal_exit,-120.53319999999833,108085.88405000177
6001,2024-08-07 12:00:00+00:00,2024-08-07 20:00:00+00:00,0.01,18326.502999999997,17921.893,17593.986812499996,17349.814749999998,signal_exit,-80.9819999999994,108004.87205000177
6002,2024-08-07 13:00:00+00:00,2024-08-07 21:00:00+00:00,0.01,18288.291999999998,17863.459000000003,17564.1173125,17322.725749999998,signal_exit,-85.02659999999902,107919.87545000177
6001,2024-08-08 19:00:00+00:00,2024-08-19 08:00:00+00:00,0.01,18407.349,19480.826,17640.762187499997,17385.233249999997,signal_exit,214.63540000000052,108134.48085000177
6001,2024-08-19 17:00:00+00:00,2024-08-21 01:00:00+00:00,0.03,19548.235999999997,19696.626,19217.8235,19107.685999999998,signal_exit,88.85400000000182,108223.33485000177
6001,2024-08-21 19:00:00+00:00,2024-08-22 17:00:00+00:00,0.03,19807.024999999998,19623.504,19481.769125,19373.3505,signal_exit,-110.29259999999819,108113.04225000177
6002,2024-08-09 04:00:00+00:00,2024-08-22 17:00:00+00:00,0.01,18488.058999999997,19623.504,17753.269374999996,17508.3395,signal_exit,227.02900000000068,108340.10125000177
6002,2024-08-26 00:00:00+00:00,2024-08-26 08:00:00+00:00,0.02,19665.881999999998,19713.460000000003,19200.693937499997,19045.631249999995,signal_exit,18.911200000001994,108358.95245000177
6001,2024-08-26 02:00:00+00:00,2024-08-26 14:00:00+00:00,0.02,19733.549,19698.760000000002,19264.491875,19108.139499999997,signal_exit,-14.035599999998816,108344.97685000177
6001,2024-08-29 19:00:00+00:00,2024-08-30 05:00:00+00:00,0.02,19572.136,19394.303,19065.899874999996,18897.154499999997,signal_exit,-71.2531999999995,108273.72365000178
6001,2024-08-30 11:00:00+00:00,2024-08-30 19:00:00+00:00,0.02,19474.613999999998,19392.904000000002,19064.409937499997,18927.67525,signal_exit,-32.803999999998204,108240.91965000179
6002,2024-09-02 01:00:00+00:00,2024-09-03 04:00:00+00:00,0.02,19536.492,19501.848,19067.0784375,18910.60725,signal_exit,-13.977599999998638,108226.94205000179
6001,2024-09-09 19:00:00+00:00,2024-09-10 05:00:00+00:00,0.01,18606.548,18620.258,18081.8324375,17906.92725,signal_exit,2.6820000000005533,108229.62405000179
6001,2024-09-10 19:00:00+00:00,2024-09-11 16:00:00+00:00,0.02,18761.014,18579.58,18299.166999999998,18145.217999999997,signal_exit,-72.693599999999,108156.87045000179
6002,2024-09-10 21:00:00+00:00,2024-09-11 16:00:00+00:00,0.02,18824.514,18579.58,18354.323249999998,18197.593,signal_exit,-98.09359999999899,108058.8368500018
6001,2024-09-17 14:00:00+00:00,2024-09-18 00:00:00+00:00,0.03,19550.104,19439.259000000002,19275.203874999996,19183.570499999994,signal_exit,-66.68699999999852,107992.05985000181
6002,2024-09-17 14:00:00+00:00,2024-09-18 10:00:00+00:00,0.03,19550.104,19438.260000000002,19275.203874999996,19183.570499999994,signal_exit,-67.2863999999984,107924.86345000181
6001,2024-09-19 05:00:00+00:00,2024-09-20 15:00:00+00:00,0.02,19624.791999999998,19763.348,19176.338874999994,19026.854499999994,signal_exit,55.302400000001654,107980.10585000181
6001,2024-09-23 02:00:00+00:00,2024-09-24 01:00:00+00:00,0.02,19901.626,19842.139000000003,19523.707374999998,19397.7345,signal_exit,-23.914799999998937,107956.19105000181
6002,2024-09-19 05:00:00+00:00,2024-09-24 03:00:00+00:00,0.02,19624.791999999998,19824.539,19176.338874999994,19026.854499999994,signal_exit,79.77880000000121,108036.02985000181
6001,2024-09-24 09:00:00+00:00,2024-09-25 07:00:00+00:00,0.03,19926.448999999997,19869.77,19655.093937499994,19564.642249999994,signal_exit,-34.18739999999787,108001.84245000182
6001,2024-09-25 16:00:00+00:00,2024-09-27 09:00:00+00:00,0.03,20005.626,20028.048000000003,19714.075312499997,19616.89175,signal_exit,13.273200000001381,108015.02565000183
6002,2024-09-25 14:00:00+00:00,2024-09-30 04:00:00+00:00,0.03,19923.147999999997,19970.249,19651.747562499997,19561.280749999998,signal_exit,28.08060000000143,108043.19625000183
6001,2024-10-01 06:00:00+00:00,2024-10-01 15:00:00+00:00,0.02,20047.047,19833.426000000003,19685.633812499997,19565.162749999996,signal_exit,-85.56839999999822,107957.56785000184
6002,2024-10-01 13:00:00+00:00,2024-10-01 21:00:00+00:00,0.02,20061.636,19771.849000000002,19722.028499999997,19608.825999999997,signal_exit,-116.03479999999865,107841.59305000184
6001,2024-10-04 12:00:00+00:00,2024-10-07 16:00:00+00:00,0.02,19855.547,19970.960000000003,19471.9758125,19344.11875,signal_exit,46.045200000001635,107887.57825000185
6002,2024-10-04 12:00:00+00:00,2024-10-07 16:00:00+00:00,0.02,19855.547,19970.960000000003,19471.9758125,19344.11875,signal_exit,46.045200000001635,107933.68345000186
6001,2024-10-08 16:00:00+00:00,2024-10-10 20:00:00+00:00,0.02,20048.858999999997,20227.426000000003,19679.682937499994,19556.624249999993,signal_exit,71.30680000000255,108004.93025000187
6001,2024-10-11 17:00:00+00:00,2024-10-14 03:00:00+00:00,0.03,20290.668999999998,20221.215,19986.27175,19884.805999999997,signal_exit,-41.85239999999875,107963.07785000188
6002,2024-10-08 16:00:00+00:00,2024-10-14 03:00:00+00:00,0.02,20048.858999999997,20221.215,19679.682937499994,19556.624249999993,signal_exit,68.82240000000137,108031.96025000188
6001,2024-10-14 12:00:00+00:00,2024-10-15 16:00:00+00:00,0.04,20334.457,20222.126,20111.12275,20036.677999999996,signal_exit,-90.10479999999866,107941.73545000188
6002,2024-10-14 11:00:00+00:00,2024-10-15 17:00:00+00:00,0.04,20311.26,20172.425000000003,20091.434437499996,20018.159249999997,signal_exit,-111.3079999999964,107830.54745000189
6001,2024-10-17 11:00:00+00:00,2024-10-21 12:00:00+00:00,0.03,20317.549,20209.525,20034.383499999996,19939.994999999995,signal_exit,-64.99439999999856,107765.4930500019
6002,2024-10-21 03:00:00+00:00,2024-10-21 12:00:00+00:00,0.02,20347.693,20209.525,20002.129375,19886.9415,signal_exit,-55.38719999999914,107710.1658500019
6001,2024-10-22 19:00:00+00:00,2024-10-23 17:00:00+00:00,0.02,20418.604,20205.16,20077.1865625,19963.38075,signal_exit,-85.4975999999998,107624.5782500019
6002,2024-10-22 09:00:00+00:00,2024-10-23 18:00:00+00:00,0.03,20306.57,20097.459000000003,20035.654625000003,19945.349500000004,signal_exit,-125.6465999999983,107499.0216500019
6001,2024-10-25 12:00:00+00:00,2024-10-28 20:00:00+00:00,0.03,20285.970999999998,20355.204,20002.080062499997,19907.44975,signal_exit,41.35980000000228,107540.29145000191
6001,2024-10-29 16:00:00+00:00,2024-10-30 15:00:00+00:00,0.03,20481.39,20509.925000000003,20182.13475,20082.383,signal_exit,16.941000000002095,107557.23245000192
6002,2024-10-25 16:00:00+00:00,2024-10-30 18:00:00+00:00,0.03,20506.404,20435.948,20231.7234375,20140.16325,signal_exit,-42.45359999999899,107514.86885000192
6001,2024-11-01 20:00:00+00:00,2024-11-04 08:00:00+00:00,0.02,20028.238999999998,20058.215,19616.883499999996,19479.764999999996,signal_exit,11.870400000000954,107526.73925000192
6001,2024-11-05 16:00:00+00:00,2024-11-11 15:00:00+00:00,0.02,20136.16,21065.193000000003,19778.3074375,19659.02325,signal_exit,371.49320000000125,107898.17245000192
6002,2024-11-05 16:00:00+00:00,2024-11-12 03:00:00+00:00,0.02,20136.16,21096.937,19778.3074375,19659.02325,signal_exit,384.19080000000076,108282.42325000191
6001,2024-11-13 20:00:00+00:00,2024-11-14 06:00:00+00:00,0.03,21073.024999999998,21008.369000000002,20757.885124999997,20652.838499999998,signal_exit,-38.97359999999725,108243.35965000192
6002,2024-11-13 20:00:00+00:00,2024-11-14 06:00:00+00:00,0.03,21073.024999999998,21008.369000000002,20757.885124999997,20652.838499999998,signal_exit,-38.97359999999725,108204.47605000192
6001,2024-11-19 20:00:00+00:00,2024-11-20 18:00:00+00:00,0.02,20648.180999999997,20520.014000000003,20210.261625,20064.2885,signal_exit,-51.386799999997606,108153.02925000193
6002,2024-11-20 00:00:00+00:00,2024-11-20 18:00:00+00:00,0.02,20694.226,20520.014000000003,20254.015375,20107.278499999997,signal_exit,-69.80479999999838,108083.28445000193
6001,2024-11-21 14:00:00+00:00,2024-11-22 10:00:00+00:00,0.02,20760.66,20674.925000000003,20323.791749999997,20178.168999999998,signal_exit,-34.41399999999879,108048.84045000194
6001,2024-11-22 19:00:00+00:00,2024-11-26 00:00:00+00:00,0.02,20769.87,20760.181,20290.418999999998,20130.602,signal_exit,-3.9955999999993947,108044.84485000194
6002,2024-11-21 19:00:00+00:00,2024-11-26 01:00:00+00:00,0.01,20772.935999999998,20724.171000000002,20220.540562499995,20036.408749999995,signal_exit,-9.812999999999155,108035.06185000195
6001,2024-11-26 13:00:00+00:00,2024-11-27 09:00:00+00:00,0.03,20875.103,20860.47,20577.045124999997,20477.692499999997,signal_exit,-8.959799999998795,108026.10205000195
6002,2024-11-29 00:00:00+00:00,2024-11-29 11:00:00+00:00,0.04,20829.637,20834.693000000003,20622.797874999997,20553.851499999997,signal_exit,3.804800000003307,108029.78685000197
6001,2024-11-29 04:00:00+00:00,2024-11-29 12:00:00+00:00,0.04,20856.668999999998,20824.225000000002,20647.385437499997,20577.624249999997,signal_exit,-26.1951999999967,108003.71165000198
6001,2024-11-29 17:00:00+00:00,2024-12-06 00:00:00+00:00,0.05,20938.435999999998,21406.937,20756.1295625,20695.360749999996,signal_exit,468.20100000000394,108471.762650002
6001,2024-12-06 15:00:00+00:00,2024-12-09 17:00:00+00:00,0.05,21566.859999999997,21471.039,21374.9786875,21311.018249999997,signal_exit,-96.12099999999629,108375.64165000201
6002,2024-11-29 18:00:00+00:00,2024-12-09 17:00:00+00:00,0.05,20931.582,21471.039,20744.325374999997,20681.906499999997,signal_exit,539.1570000000022,108914.94865000201
6001,2024-12-11 16:00:00+00:00,2024-12-12 17:00:00+00:00,0.04,21658.148999999998,21642.703,21411.893437499995,21329.808249999995,signal_exit,-12.596799999997017,108902.23185000202
6001,2024-12-13 10:00:00+00:00,2024-12-13 18:00:00+00:00,0.04,21762.413999999997,21659.458000000002,21552.694874999997,21482.788499999995,signal_exit,-82.60479999999575,108819.62705000203
6001,2024-12-18 11:00:00+00:00,2024-12-18 19:00:00+00:00,0.04,22046.982,21978.037,21796.836750000002,21713.455,signal_exit,-55.395999999999766,108764.23105000204
6002,2024-12-11 16:00:00+00:00,2024-12-18 20:00:00+00:00,0.04,21658.148999999998,21601.004,21411.893437499995,21329.808249999995,signal_exit,-45.95599999999744,108718.39505000204
6002,2024-12-23 04:00:00+00:00,2024-12-23 19:00:00+00:00,0.01,21405.181999999997,21479.259000000002,20758.685937499995,20543.187249999995,signal_exit,14.755400000000957,108733.12045000205
6001,2024-12-20 18:00:00+00:00,2024-12-27 05:00:00+00:00,0.01,21493.748,21714.870000000003,20858.578249999995,20646.854999999996,signal_exit,44.164400000000605,108777.22485000207
6002,2024-12-24 14:00:00+00:00,2024-12-27 15:00:00+00:00,0.03,21566.659,21464.792,21234.601000000002,21123.915000000005,signal_exit,-61.30019999999903,108716.01465000206
6001,2025-01-03 19:00:00+00:00,2025-01-07 15:00:00+00:00,0.01,21309.002999999997,21527.239,20747.172375,20559.8955,signal_exit,43.58720000000089,108759.57185000207
6002,2025-01-03 21:00:00+00:00,2025-01-07 18:00:00+00:00,0.01,21310.524999999998,21259.703,20745.888249999996,20557.676,signal_exit,-10.224399999999294,108749.37745000208
6001,2025-01-14 06:00:00+00:00,2025-01-14 15:00:00+00:00,0.02,20896.104,20818.069000000003,20406.786,20243.68,signal_exit,-31.333999999998483,108718.04345000208
6001,2025-01-15 15:00:00+00:00,2025-01-16 21:00:00+00:00,0.02,21163.17,21086.66,20680.8399375,20520.06325,signal_exit,-30.72399999999936,108687.25945000208
6002,2025-01-15 15:00:00+00:00,2025-01-16 21:00:00+00:00,0.02,21163.17,21086.66,20680.8399375,20520.06325,signal_exit,-30.72399999999936,108656.59545000207
6001,2025-01-17 12:00:00+00:00,2025-01-21 01:00:00+00:00,0.02,21177.104,21318.726000000002,20804.6118125,20680.44775,signal_exit,56.528800000001205,108713.12425000207
6001,2025-01-21 11:00:00+00:00,2025-01-23 11:00:00+00:00,0.02,21537.948999999997,21729.681,21158.460437499998,21031.964249999997,signal_exit,76.57280000000144,108789.69705000208
6001,2025-01-24 00:00:00+00:00,2025-01-24 19:00:00+00:00,0.03,21873.871,21729.225000000002,21593.9580625,21500.65375,signal_exit,-86.9675999999982,108702.7294500021
6001,2025-01-28 11:00:00+00:00,2025-01-29 19:00:00+00:00,0.01,21266.082,21338.892,20603.688,20382.89,signal_exit,14.502000000000262,108717.1714500021
6002,2025-01-29 09:00:00+00:00,2025-01-29 19:00:00+00:00,0.02,21545.757999999998,21338.892,21126.280375,20986.4545,signal_exit,-82.86639999999927,108634.3650500021
6001,2025-01-30 06:00:00+00:00,2025-01-30 16:00:00+00:00,0.02,21540.581,21341.582000000002,21163.461875,21037.7555,signal_exit,-79.71959999999848,108554.6454500021
6002,2025-01-30 20:00:00+00:00,2025-02-02 23:00:00+00:00,0.02,21540.470999999998,20884.480000000003,21049.49025,20885.83,server_disaster_stop,-262.5163999999978,108292.12905000211
6001,2025-02-04 03:00:00+00:00,2025-02-04 11:00:00+00:00,0.01,21360.469999999998,21277.847,20621.083624999996,20374.621499999994,signal_exit,-16.584599999999195,108275.54445000211
6001,2025-02-04 16:00:00+00:00,2025-02-07 16:00:00+00:00,0.01,21528.935999999998,21625.435,20945.31975,20750.780999999995,signal_exit,19.239800000000685,108294.72425000211
6002,2025-02-05 17:00:00+00:00,2025-02-07 21:00:00+00:00,0.02,21610.304,21492.86,21192.424062500002,21053.130750000004,signal_exit,-47.09759999999981,108247.68665000211
6001,2025-02-10 17:00:00+00:00,2025-02-11 04:00:00+00:00,0.02,21775.759,21682.882,21380.931624999997,21249.3225,signal_exit,-37.27079999999871,108210.35585000212
6002,2025-02-10 17:00:00+00:00,2025-02-11 14:00:00+00:00,0.02,21775.759,21579.493000000002,21380.931624999997,21249.3225,signal_exit,-78.6263999999984,108131.78945000212
6001,2025-02-12 01:00:00+00:00,2025-02-12 14:00:00+00:00,0.03,21722.680999999997,21451.437,21406.529187499997,21301.145249999998,signal_exit,-162.92639999999707,107968.77305000213
6002,2025-02-11 21:00:00+00:00,2025-02-12 14:00:00+00:00,0.03,21698.604,21451.437,21378.9976875,21272.46225,signal_exit,-148.48019999999858,107820.38285000213
6001,2025-02-13 06:00:00+00:00,2025-02-18 15:00:00+00:00,0.02,21812.759,22125.248000000003,21438.0730625,21313.17775,signal_exit,124.87560000000202,107945.19845000214
6002,2025-02-13 15:00:00+00:00,2025-02-19 10:00:00+00:00,0.02,21834.103,22168.225000000002,21409.363375,21267.7835,signal_exit,133.5288000000012,108078.78725000213
6002,2025-02-19 21:00:00+00:00,2025-02-20 07:00:00+00:00,0.03,22171.314,22079.104000000003,21872.369249999996,21772.720999999998,signal_exit,-55.50599999999731,108023.28125000214
6001,2025-03-03 01:00:00+00:00,2025-03-03 15:00:00+00:00,0.01,20838.470999999998,20807.736,20029.336312499996,19759.624749999995,signal_exit,-6.20699999999939,108017.07425000214
6001,2025-03-05 21:00:00+00:00,2025-03-06 08:00:00+00:00,0.01,20621.639,20492.882,19797.028437499997,19522.158249999997,signal_exit,-25.81139999999956,107991.26285000215
6001,2025-03-12 20:00:00+00:00,2025-03-13 08:00:00+00:00,0.01,19586.648999999998,19412.226000000002,18757.9483125,18481.71475,signal_exit,-34.94459999999905,107956.28825000215
6002,2025-03-13 01:00:00+00:00,2025-03-13 12:00:00+00:00,0.01,19624.404,19507.493000000002,18819.797625,18551.595500000003,signal_exit,-23.442199999999286,107932.87605000215
6001,2025-03-14 17:00:00+00:00,2025-03-17 05:00:00+00:00,0.01,19672.557999999997,19578.258,19033.8904375,18821.001249999998,signal_exit,-18.919999999999128,107913.95605000215
6001,2025-03-17 12:00:00+00:00,2025-03-18 14:00:00+00:00,0.02,19668.726,19456.848,19289.263499999997,19162.775999999994,signal_exit,-84.87119999999881,107829.02485000216
6002,2025-03-17 09:00:00+00:00,2025-03-18 16:00:00+00:00,0.02,19604.470999999998,19444.359,19219.678249999997,19091.413999999997,signal_exit,-64.16479999999895,107764.92005000215
6001,2025-03-19 17:00:00+00:00,2025-03-20 11:00:00+00:00,0.02,19662.048,19598.07,19216.203375,19067.5885,signal_exit,-25.71119999999966,107739.17885000216
6002,2025-03-19 20:00:00+00:00,2025-03-21 06:00:00+00:00,0.01,19738.439,19647.203,19217.7340625,19044.16575,signal_exit,-18.307199999999433,107720.87165000217
6001,2025-03-21 02:00:00+00:00,2025-03-21 10:00:00+00:00,0.01,19725.547,19594.158000000003,19189.28125,19010.526,signal_exit,-26.33779999999912,107694.56385000217
6001,2025-03-24 00:00:00+00:00,2025-03-26 14:00:00+00:00,0.01,19909.17,20112.082000000002,19347.2109375,19159.89125,signal_exit,40.52240000000078,107735.05625000218
6002,2025-03-24 00:00:00+00:00,2025-03-26 16:00:00+00:00,0.01,19909.17,19994.259000000002,19347.2109375,19159.89125,signal_exit,16.957800000000713,107752.04405000218
6001,2025-04-01 05:00:00+00:00,2025-04-01 13:00:00+00:00,0.01,19186.447,19175.27,18637.3560625,18454.32575,signal_exit,-2.2953999999999355,107749.74865000218
6002,2025-04-02 06:00:00+00:00,2025-04-02 14:00:00+00:00,0.01,19418.457,19211.535,18874.728,18693.484999999997,signal_exit,-41.44439999999974,107708.30425000218
6001,2025-04-02 16:00:00+00:00,2025-04-02 23:00:00+00:00,0.01,19460.547,18730.639,18914.1285,18731.988999999998,server_disaster_stop,-146.0415999999999,107562.26265000219
6001,2025-04-22 16:00:00+00:00,2025-04-24 09:00:00+00:00,0.01,18226.492,18561.069000000003,17711.804687499996,17540.242249999996,signal_exit,66.85540000000096,107629.08805000219
6001,2025-04-24 16:00:00+00:00,2025-04-28 18:00:00+00:00,0.01,19031.849,19212.549000000003,18383.048375,18166.781499999997,signal_exit,36.08000000000087,107665.16805000219
6001,2025-04-29 08:00:00+00:00,2025-04-30 03:00:00+00:00,0.02,19443.069,19407.303,19017.364312499998,18875.46275,signal_exit,-14.42639999999985,107650.7416500022
6002,2025-04-23 01:00:00+00:00,2025-04-30 03:00:00+00:00,0.01,18650.726,19407.303,17970.700437499996,17744.025249999995,signal_exit,151.25540000000024,107802.02705000219
6001,2025-05-01 01:00:00+00:00,2025-05-02 07:00:00+00:00,0.01,19822.448,19854.436,19172.753937499998,18956.18925,signal_exit,6.337600000000238,107808.33465000219
6001,2025-05-02 13:00:00+00:00,2025-05-06 02:00:00+00:00,0.02,19825.324999999997,19902.482,19354.51062499999,19197.57249999999,signal_exit,30.742800000001157,107839.0774500022
6002,2025-05-01 00:00:00+00:00,2025-05-06 02:00:00+00:00,0.01,19806.058999999997,19902.482,19160.529124999997,18945.352499999997,signal_exit,19.2246000000005,107858.3320500022
6001,2025-05-08 06:00:00+00:00,2025-05-09 16:00:00+00:00,0.01,20101.435999999998,20061.081000000002,19573.547187499997,19397.58425,signal_exit,-8.130999999999185,107850.1710500022
6001,2025-05-12 01:00:00+00:00,2025-05-15 09:00:00+00:00,0.01,20374.859999999997,21187.547000000002,19820.966062499992,19636.33474999999,signal_exit,162.47740000000107,108012.6484500022
6001,2025-05-15 18:00:00+00:00,2025-05-16 08:00:00+00:00,0.02,21408.735999999997,21286.237,21018.195437499995,20888.015249999997,signal_exit,-49.11959999999847,107963.52885000221
6002,2025-05-08 06:00:00+00:00,2025-05-19 02:00:00+00:00,0.01,20101.435999999998,21221.715,19573.547187499997,19397.58425,signal_exit,223.9958000000005,108187.55465000222
6001,2025-05-19 17:00:00+00:00,2025-05-20 14:00:00+00:00,0.02,21356.769999999997,21357.369000000002,20910.418937499995,20761.635249999996,signal_exit,0.11960000000224688,108187.61425000223
6002,2025-05-19 17:00:00+00:00,2025-05-20 20:00:00+00:00,0.02,21356.769999999997,21271.639000000003,20910.418937499995,20761.635249999996,signal_exit,-34.17239999999759,108153.50185000223
6001,2025-05-21 17:00:00+00:00,2025-05-22 03:00:00+00:00,0.02,21444.893,21083.037,21056.5955,20927.163,signal_exit,-144.86239999999992,108008.57945000223
6002,2025-05-21 18:00:00+00:00,2025-05-22 04:00:00+00:00,0.02,21445.536,21084.848,21055.170374999998,20925.048499999997,signal_exit,-144.39519999999933,107864.24425000223
6001,2025-05-26 10:00:00+00:00,2025-05-27 03:00:00+00:00,0.02,21191.257999999998,21120.358,20708.812062499997,20547.99675,signal_exit,-28.479999999999126,107835.76425000223
6001,2025-05-27 10:00:00+00:00,2025-05-28 21:00:00+00:00,0.02,21261.470999999998,21314.782000000003,20921.640937499997,20808.36425,signal_exit,21.204400000002064,107856.87865000224
6002,2025-05-27 18:00:00+00:00,2025-05-30 00:00:00+00:00,0.03,21375.015,21302.937,21073.402499999997,20972.864999999998,signal_exit,-43.42679999999863,107813.54185000224
6001,2025-06-02 20:00:00+00:00,2025-06-05 15:00:00+00:00,0.01,21475.537,21684.926000000003,20958.960062500002,20786.76775,signal_exit,41.81780000000057,107855.32965000224
6002,2025-06-02 21:00:00+00:00,2025-06-05 21:00:00+00:00,0.01,21492.126,21549.471,20973.8304375,20801.06525,signal_exit,11.409000000000235,107866.76865000224
6001,2025-06-09 02:00:00+00:00,2025-06-09 21:00:00+00:00,0.02,21718.46,21791.314000000002,21228.049625,21064.5795,signal_exit,29.0216000000012,107895.73025000225
6002,2025-06-09 02:00:00+00:00,2025-06-09 21:00:00+00:00,0.02,21718.46,21791.314000000002,21228.049625,21064.5795,signal_exit,29.0216000000012,107924.81185000225
6001,2025-06-11 10:00:00+00:00,2025-06-11 20:00:00+00:00,0.03,21919.17,21836.960000000003,21584.738062499997,21473.260749999998,signal_exit,-49.5059999999973,107875.30585000226
6002,2025-06-16 16:00:00+00:00,2025-06-17 03:00:00+00:00,0.02,21945.159,21842.649,21507.0249375,21360.98025,signal_exit,-41.12399999999936,107834.12185000227
6001,2025-06-16 11:00:00+00:00,2025-06-17 18:00:00+00:00,0.02,21733.702999999998,21800.16,21240.7698125,21076.458749999998,signal_exit,26.462800000000865,107860.64465000227
6001,2025-06-20 14:00:00+00:00,2025-06-23 00:00:00+00:00,0.02,21807.435999999998,21538.460000000003,21433.260062499998,21308.534749999995,signal_exit,-107.71039999999807,107752.93425000228
6001,2025-06-23 17:00:00+00:00,2025-07-01 11:00:00+00:00,0.02,21721.168999999998,22615.014000000003,21254.513749999995,21098.961999999996,signal_exit,357.4180000000019,108110.32225000228
6002,2025-06-23 20:00:00+00:00,2025-07-01 16:00:00+00:00,0.01,21817.613999999998,22474.670000000002,21284.625374999996,21106.962499999994,signal_exit,131.35120000000083,108241.70345000229
6001,2025-07-02 19:00:00+00:00,2025-07-07 10:00:00+00:00,0.02,22615.171,22717.736,22270.286312499997,22155.32475,signal_exit,40.90600000000093,108282.54945000229
6002,2025-07-02 19:00:00+00:00,2025-07-08 03:00:00+00:00,0.02,22615.171,22695.514000000003,22270.286312499997,22155.32475,signal_exit,32.01720000000175,108314.62665000229
6001,2025-07-09 18:00:00+00:00,2025-07-11 02:00:00+00:00,0.03,22792.859999999997,22699.525,22487.432437499996,22385.623249999997,signal_exit,-56.1809999999973,108258.3556500023
6002,2025-07-09 18:00:00+00:00,2025-07-11 02:00:00+00:00,0.03,22792.859999999997,22699.525,22487.432437499996,22385.623249999997,signal_exit,-56.1809999999973,108202.2646500023
6001,2025-07-14 19:00:00+00:00,2025-07-16 00:00:00+00:00,0.03,22866.76,22833.114,22555.914062499996,22452.298749999998,signal_exit,-20.367599999998202,108181.8070500023
6002,2025-07-15 03:00:00+00:00,2025-07-16 01:00:00+00:00,0.03,22967.113999999998,22837.714,22660.085937499996,22557.743249999996,signal_exit,-77.8199999999987,108104.0770500023
6001,2025-07-17 08:00:00+00:00,2025-07-18 19:00:00+00:00,0.03,22968.125,23039.003,22663.262375,22561.641499999998,signal_exit,42.34680000000036,108146.33385000231
6001,2025-07-21 09:00:00+00:00,2025-07-22 11:00:00+00:00,0.05,23136.968999999997,23122.193000000003,22958.450062499996,22898.943749999995,signal_exit,-15.075999999994385,108131.25785000232
6002,2025-07-17 11:00:00+00:00,2025-07-22 11:00:00+00:00,0.03,22939.425,23122.193000000003,22651.5748125,22555.62475,signal_exit,109.48080000000219,108240.82865000232
6001,2025-07-24 00:00:00+00:00,2025-07-25 09:00:00+00:00,0.02,23238.015,23219.837000000003,22896.950625,22783.2625,signal_exit,-7.3911999999984985,108233.34745000233
6001,2025-07-25 18:00:00+00:00,2025-07-29 17:00:00+00:00,0.04,23306.193,23361.47,23086.115625,23012.7565,signal_exit,43.9816000000015,108277.32905000233
6002,2025-07-23 21:00:00+00:00,2025-07-30 04:00:00+00:00,0.03,23172.281,23352.725000000002,22841.606,22731.381,signal_exit,108.08640000000186,108385.50545000233
6001,2025-07-31 01:00:00+00:00,2025-07-31 16:00:00+00:00,0.03,23591.770999999997,23404.436,23267.528187499996,23159.447249999997,signal_exit,-112.58099999999729,108272.83445000234
6002,2025-07-31 01:00:00+00:00,2025-07-31 19:00:00+00:00,0.03,23591.770999999997,23253.771,23267.528187499996,23159.447249999997,executive_stop,-202.97999999999783,108069.94445000234
6001,2025-08-04 16:00:00+00:00,2025-08-05 17:00:00+00:00,0.02,23096.203999999998,23042.647,22597.802,22431.668,signal_exit,-21.54279999999882,108048.31165000235
6002,2025-08-05 14:00:00+00:00,2025-08-06 00:00:00+00:00,0.03,23245.403,22973.114,22973.3020625,22882.601749999998,signal_exit,-163.55339999999822,107884.84825000235
6001,2025-08-06 17:00:00+00:00,2025-08-08 14:00:00+00:00,0.02,23256.982,23430.969,22854.6926875,22720.59625,signal_exit,69.4748000000004,107954.26305000235
6001,2025-08-12 15:00:00+00:00,2025-08-14 03:00:00+00:00,0.03,23702.524999999998,23833.114,23426.277312499995,23334.194749999995,signal_exit,78.17340000000215,108032.43645000235
6002,2025-08-06 21:00:00+00:00,2025-08-15 02:00:00+00:00,0.02,23311.680999999997,23798.014000000003,22905.538187499995,22770.157249999997,signal_exit,194.4132000000024,108226.90965000236
6002,2025-08-22 17:00:00+00:00,2025-08-25 18:00:00+00:00,0.02,23517.680999999997,23526.037,23085.798937499996,22941.838249999997,signal_exit,3.222400000001362,108230.07205000236
6001,2025-08-22 17:00:00+00:00,2025-08-25 21:00:00+00:00,0.02,23517.680999999997,23426.014000000003,23085.798937499996,22941.838249999997,signal_exit,-36.786799999997605,108193.34525000236
6001,2025-08-26 16:00:00+00:00,2025-08-28 00:00:00+00:00,0.03,23458.235999999997,23455.382,23192.40675,23103.797,signal_exit,-1.892399999997433,108191.36285000236
6002,2025-08-27 02:00:00+00:00,2025-08-28 00:00:00+00:00,0.03,23533.639,23455.382,23252.6284375,23158.95825,signal_exit,-47.13419999999868,108144.31865000236
6001,2025-08-28 13:00:00+00:00,2025-08-29 15:00:00+00:00,0.04,23555.939,23463.164,23318.66,23239.567,signal_exit,-74.45999999999827,108069.73865000237
6002,2025-08-28 07:00:00+00:00,2025-08-29 15:00:00+00:00,0.04,23482.948999999997,23463.164,23247.007062499997,23168.359749999996,signal_exit,-16.067999999996974,108053.79065000237
6001,2025-09-03 12:00:00+00:00,2025-09-03 20:00:00+00:00,0.02,23398.658,23299.191000000003,22986.339125000002,22848.8995,signal_exit,-39.906799999998775,108013.88385000237
6001,2025-09-08 16:00:00+00:00,2025-09-09 17:00:00+00:00,0.02,23824.018,23749.232,23482.267375,23368.350499999997,signal_exit,-30.034400000000023,107983.78945000237
6002,2025-09-04 17:00:00+00:00,2025-09-09 18:00:00+00:00,0.02,23496.011,23786.785,23142.2264375,23024.29825,signal_exit,116.1896000000005,108100.03905000236
6001,2025-09-10 00:00:00+00:00,2025-09-11 06:00:00+00:00,0.03,23868.168999999998,23853.120000000003,23612.8305625,23527.717749999996,signal_exit,-9.209399999997258,108090.70965000238
6001,2025-09-11 15:00:00+00:00,2025-09-17 03:00:00+00:00,0.03,23954.819,24280.086000000003,23689.6574375,23601.270249999998,signal_exit,194.98020000000207,108285.68985000238
6002,2025-09-09 21:00:00+00:00,2025-09-17 18:00:00+00:00,0.04,23835.845999999998,24135.999,23585.559374999997,23502.1305,signal_exit,239.88240000000167,108525.69225000238
6001,2025-09-18 01:00:00+00:00,2025-09-23 19:00:00+00:00,0.03,24334.331,24589.775,24039.889812499998,23941.742749999998,signal_exit,153.08640000000187,108678.68865000238
6002,2025-09-18 01:00:00+00:00,2025-09-24 03:00:00+00:00,0.03,24334.331,24580.649,24039.889812499998,23941.742749999998,signal_exit,147.61080000000177,108826.38945000239
6001,2025-09-24 12:00:00+00:00,2025-09-24 17:00:00+00:00,0.05,24663.905,24437.843,24465.988437499997,24400.016249999997,executive_stop,-226.36199999999812,108599.8774500024
6002,2025-09-24 12:00:00+00:00,2025-09-24 17:00:00+00:00,0.05,24663.905,24437.843,24465.988437499997,24400.016249999997,executive_stop,-226.36199999999812,108373.6654500024
6001,2025-09-26 21:00:00+00:00,2025-09-30 08:00:00+00:00,0.02,24497.612999999998,24588.149,24017.315437499998,23857.216249999998,signal_exit,36.09440000000148,108409.6698500024
6002,2025-09-29 11:00:00+00:00,2025-09-30 08:00:00+00:00,0.03,24649.378999999997,24588.149,24330.125187499998,24223.70725,signal_exit,-36.91799999999756,108372.84185000241
6001,2025-10-01 18:00:00+00:00,2025-10-03 15:00:00+00:00,0.02,24737.469999999998,24883.175000000003,24349.177,24219.746,signal_exit,58.16200000000215,108430.94385000243
6001,2025-10-03 18:00:00+00:00,2025-10-06 04:00:00+00:00,0.04,24910.014,24875.429,24657.528,24573.366,signal_exit,-27.907999999999305,108403.03585000243
6001,2025-10-06 13:00:00+00:00,2025-10-07 09:00:00+00:00,0.03,24981.177,24953.733,24720.3841875,24633.45325,signal_exit,-16.6463999999997,108386.38945000243
6002,2025-10-01 18:00:00+00:00,2025-10-07 17:00:00+00:00,0.02,24737.469999999998,24821.77,24349.177,24219.746,signal_exit,33.60000000000117,108419.92945000244
6001,2025-10-07 14:00:00+00:00,2025-10-08 00:00:00+00:00,0.04,25047.915999999997,24879.15,24803.384124999997,24721.873499999994,signal_exit,-135.2527999999968,108284.79665000245
6001,2025-10-08 19:00:00+00:00,2025-10-09 18:00:00+00:00,0.03,25071.913999999997,25006.236,24762.355999999996,24659.169999999995,signal_exit,-39.58679999999776,108245.11985000246
6002,2025-10-08 19:00:00+00:00,2025-10-09 19:00:00+00:00,0.03,25071.913999999997,25017.869000000002,24762.355999999996,24659.169999999995,signal_exit,-32.60699999999677,108212.60285000247
6001,2025-10-10 06:00:00+00:00,2025-10-10 14:00:00+00:00,0.04,25119.969999999998,25107.619000000002,24866.858125,24782.4875,signal_exit,-10.120799999996088,108202.48205000248
6001,2025-10-14 03:00:00+00:00,2025-10-14 11:00:00+00:00,0.01,24829.774999999998,24460.575,24109.3998125,23869.274750000004,signal_exit,-73.89999999999942,108128.58205000249
6001,2025-10-15 03:00:00+00:00,2025-10-16 06:00:00+00:00,0.01,24628.438,24756.749,23985.1388125,23770.70575,signal_exit,25.6022000000003,108154.1842500025
6001,2025-10-20 00:00:00+00:00,2025-10-21 18:00:00+00:00,0.01,24895.749,25119.466,24174.62325,23934.248,signal_exit,44.68340000000011,108198.83765000249
6002,2025-10-20 06:00:00+00:00,2025-10-22 18:00:00+00:00,0.01,24947.036,24822.029000000002,24316.034,24105.7,signal_exit,-25.06139999999956,108173.8062500025
6001,2025-10-23 20:00:00+00:00,2025-10-30 05:00:00+00:00,0.01,25117.752999999997,26063.053,24571.088312499996,24388.866749999997,signal_exit,189.0000000000006,108362.7762500025
6002,2025-10-23 20:00:00+00:00,2025-10-30 19:00:00+00:00,0.01,25117.752999999997,25848.161,24571.088312499996,24388.866749999997,signal_exit,146.02160000000063,108508.8278500025
6001,2025-11-05 20:00:00+00:00,2025-11-06 06:00:00+00:00,0.01,25739.970999999998,25569.455,25144.109124999995,24945.488499999996,signal_exit,-34.1631999999992,108474.66465000251
6001,2025-11-06 14:00:00+00:00,2025-11-06 17:00:00+00:00,0.02,25646.860999999997,25101.265000000003,25170.796437499997,25012.108249999997,executive_stop,-218.35839999999763,108256.30625000251
6001,2025-11-10 05:00:00+00:00,2025-11-11 16:00:00+00:00,0.01,25361.438,25408.189000000002,24677.930937499998,24450.09525,signal_exit,9.29020000000077,108265.56645000252
6002,2025-11-10 21:00:00+00:00,2025-11-12 03:00:00+00:00,0.01,25609.002999999997,25620.588,25016.310437499997,24818.746249999997,signal_exit,2.257000000000554,108267.85345000251
6001,2025-11-12 03:00:00+00:00,2025-11-12 16:00:00+00:00,0.02,25623.287999999997,25452.709000000003,25233.476062499998,25103.53875,signal_exit,-68.3515999999977,108199.41185000252
6002,2025-11-12 11:00:00+00:00,2025-11-12 19:00:00+00:00,0.03,25694.721999999998,25511.462000000003,25362.747624999996,25252.0895,signal_exit,-110.13599999999686,108089.36585000252
6001,2025-11-17 01:00:00+00:00,2025-11-17 13:00:00+00:00,0.01,25144.981,25042.358,24314.43325,24037.583999999995,signal_exit,-20.584599999999924,108068.78125000252
6001,2025-11-20 01:00:00+00:00,2025-11-20 17:00:00+00:00,0.01,25044.448999999997,24471.936,24170.833999999995,23879.628999999997,signal_exit,-114.56259999999908,107954.18865000251
6002,2025-11-20 02:00:00+00:00,2025-11-20 17:00:00+00:00,0.01,25073.144,24471.936,24201.3693125,23910.77775,signal_exit,-120.30159999999977,107833.91705000252
6001,2025-11-24 16:00:00+00:00,2025-12-01 03:00:00+00:00,0.01,24708.668999999998,25230.683,23807.514375,23507.1295,signal_exit,104.34280000000057,107938.22985000252
6001,2025-12-01 16:00:00+00:00,2025-12-03 15:00:00+00:00,0.02,25363.220999999998,25447.120000000003,25006.246875,24887.2555,signal_exit,33.43960000000195,107971.66945000252
6001,2025-12-03 20:00:00+00:00,2025-12-04 11:00:00+00:00,0.02,25625.144999999997,25598.477000000003,25211.828249999995,25074.055999999997,signal_exit,-10.787199999997684,107960.88225000253
6002,2025-11-25 00:00:00+00:00,2025-12-04 20:00:00+00:00,0.01,24892.249,25542.198,24066.5951875,23791.37725,signal_exit,129.9298000000001,108090.84205000252
6001,2025-12-05 07:00:00+00:00,2025-12-08 17:00:00+00:00,0.03,25673.188,25602.037,25365.9375625,25263.52075,signal_exit,-42.870599999998824,108047.91145000253
6002,2025-12-05 16:00:00+00:00,2025-12-08 17:00:00+00:00,0.02,25704.573999999997,25602.037,25333.708375,25210.086499999998,signal_exit,-41.13479999999866,108006.83665000253
6001,2025-12-10 21:00:00+00:00,2025-12-11 07:00:00+00:00,0.02,25770.606,25482.531000000003,25413.0523125,25293.86775,signal_exit,-115.34999999999886,107891.42665000254
6002,2025-12-10 21:00:00+00:00,2025-12-11 07:00:00+00:00,0.02,25770.606,25482.531000000003,25413.0523125,25293.86775,signal_exit,-115.34999999999886,107776.13665000255
6001,2025-12-12 06:00:00+00:00,2025-12-12 14:00:00+00:00,0.01,25673.405,25605.455,25151.011062499998,24976.879749999996,signal_exit,-13.649999999999418,107762.48665000255
6001,2025-12-17 09:00:00+00:00,2025-12-17 17:00:00+00:00,0.01,25167.569,24795.825,24629.2701875,24449.83725,signal_exit,-74.40879999999976,107688.07785000255
6001,2025-12-18 19:00:00+00:00,2025-12-19 06:00:00+00:00,0.01,25095.709,25054.564000000002,24520.9935625,24329.421749999998,signal_exit,-8.288999999999358,107679.78885000254
6001,2025-12-19 11:00:00+00:00,2025-12-23 05:00:00+00:00,0.02,25126.536,25455.350000000002,24682.9430625,24535.07875,signal_exit,131.40560000000085,107811.16445000254
6001,2025-12-23 18:00:00+00:00,2025-12-29 02:00:00+00:00,0.03,25523.732,25625.238,25255.7345,25166.402,signal_exit,60.72360000000073,107871.88805000254
6002,2025-12-19 20:00:00+00:00,2025-12-29 08:00:00+00:00,0.01,25331.872,25582.781000000003,24811.40275,24637.913,signal_exit,50.12180000000066,107922.03985000255
6001,2026-01-02 10:00:00+00:00,2026-01-02 16:00:00+00:00,0.03,25533.35,25182.514000000003,25254.688812499997,25161.80175,executive_stop,-210.68159999999742,107711.35825000255
6001,2026-01-05 19:00:00+00:00,2026-01-06 09:00:00+00:00,0.02,25428.604,25387.749,24970.4678125,24817.755749999997,signal_exit,-16.461999999999822,107694.83625000255
6002,2026-01-06 04:00:00+00:00,2026-01-06 12:00:00+00:00,0.02,25439.002999999997,25412.694000000003,25069.620124999994,24946.492499999993,signal_exit,-10.643599999997534,107684.25265000256
6002,2026-01-06 21:00:00+00:00,2026-01-08 15:00:00+00:00,0.02,25629.887,25426.661,25280.7783125,25164.40875,signal_exit,-81.41039999999951,107602.84225000256
6001,2026-01-09 18:00:00+00:00,2026-01-12 04:00:00+00:00,0.02,25749.915999999997,25567.977000000003,25339.201937499998,25202.297249999996,signal_exit,-72.89559999999794,107529.88665000258
6002,2026-01-09 18:00:00+00:00,2026-01-12 09:00:00+00:00,0.02,25749.915999999997,25495.183,25339.201937499998,25202.297249999996,signal_exit,-102.01319999999862,107427.93345000257
6001,2026-01-12 16:00:00+00:00,2026-01-13 18:00:00+00:00,0.02,25750.588,25710.525,25337.669687499998,25200.03025,signal_exit,-16.145199999999313,107411.78825000257
6001,2026-01-15 14:00:00+00:00,2026-01-16 00:00:00+00:00,0.02,25734.628999999997,25586.455,25286.081,25136.565,signal_exit,-59.38959999999818,107352.33865000258
6002,2026-01-15 14:00:00+00:00,2026-01-16 00:00:00+00:00,0.02,25734.628999999997,25586.455,25286.081,25136.565,signal_exit,-59.38959999999818,107293.00905000258
6001,2026-01-16 11:00:00+00:00,2026-01-16 19:00:00+00:00,0.02,25701.35,25556.598,25358.779437500005,25244.589250000005,signal_exit,-58.020799999998715,107234.98825000259
6001,2026-01-21 21:00:00+00:00,2026-01-23 00:00:00+00:00,0.01,25327.857,25479.725000000002,24651.476624999996,24426.016499999994,signal_exit,30.31360000000044,107265.2718500026
6002,2026-01-22 01:00:00+00:00,2026-01-23 00:00:00+00:00,0.01,25419.115999999998,25479.725000000002,24743.017437499995,24517.651249999995,signal_exit,12.061800000000805,107277.36365000259
6001,2026-01-23 17:00:00+00:00,2026-01-26 03:00:00+00:00,0.02,25652.803,25478.216,25230.436375,25089.647500000003,signal_exit,-69.95479999999982,107207.3488500026
6001,2026-01-26 16:00:00+00:00,2026-01-29 02:00:00+00:00,0.02,25749.729,25999.549000000003,25261.2279375,25098.39425,signal_exit,99.80800000000134,107307.1568500026
6001,2026-01-29 07:00:00+00:00,2026-01-29 15:00:00+00:00,0.02,26119.531,25735.803,25772.2935625,25656.547749999998,executive_stop,-153.61119999999968,107153.5456500026
6002,2026-01-23 16:00:00+00:00,2026-01-29 15:00:00+00:00,0.02,25692.121,25735.803,25273.270187500002,25133.653250000003,signal_exit,17.352800000000283,107170.95845000261
6001,2026-02-02 20:00:00+00:00,2026-02-03 15:00:00+00:00,0.01,25732.393,25519.677,24966.6049375,24711.34225,signal_exit,-42.60320000000007,107128.32525000261
6002,2026-02-03 12:00:00+00:00,2026-02-03 18:00:00+00:00,0.01,25835.822,25276.409,25321.7245625,25150.35875,executive_stop,-111.9426000000001,107016.41265000262
6001,2026-02-06 18:00:00+00:00,2026-02-09 11:00:00+00:00,0.01,25005.172,24956.4,24030.912249999998,23706.159,signal_exit,-9.81439999999944,107006.56825000262
6002,2026-02-09 01:00:00+00:00,2026-02-09 11:00:00+00:00,0.01,25177.819,24956.4,24248.486125,23938.7085,signal_exit,-44.34379999999961,106962.25445000261
6001,2026-02-12 12:00:00+00:00,2026-02-12 17:00:00+00:00,0.02,25287.399999999998,24799.777000000002,24844.120375,24696.3605,executive_stop,-195.1691999999984,106767.02525000263
6002,2026-02-12 12:00:00+00:00,2026-02-12 17:00:00+00:00,0.02,25287.399999999998,24799.777000000002,24844.120375,24696.3605,executive_stop,-195.1691999999984,106571.91605000263
6001,2026-02-18 05:00:00+00:00,2026-02-19 11:00:00+00:00,0.01,24772.265,24786.944000000003,24143.8623125,23934.39475,signal_exit,2.8758000000007455,106574.76185000264
6002,2026-02-18 19:00:00+00:00,2026-02-20 08:00:00+00:00,0.01,24957.8,24861.549000000003,24347.609937499998,24144.21325,signal_exit,-19.310199999999316,106555.48165000265
6001,2026-02-20 08:00:00+00:00,2026-02-23 01:00:00+00:00,0.02,24864.249,24793.02,24436.900312499998,24294.450749999996,signal_exit,-28.611599999999743,106526.84005000265
6002,2026-02-20 17:00:00+00:00,2026-02-23 03:00:00+00:00,0.01,25038.586,24780.488,24491.482187499998,24309.11425,signal_exit,-51.67959999999963,106475.19045000264
6001,2026-02-24 17:00:00+00:00,2026-02-26 16:00:00+00:00,0.02,24974.663999999997,24955.778000000002,24482.890687499996,24318.966249999994,signal_exit,-7.674399999997985,106467.45605000266
6002,2026-02-24 18:00:00+00:00,2026-02-27 00:00:00+00:00,0.02,24990.691,24950.153000000002,24498.408624999996,24334.314499999997,signal_exit,-16.33519999999873,106451.18085000265
6001,2026-03-02 21:00:00+00:00,2026-03-03 07:00:00+00:00,0.01,24984.261,24715.672000000002,24250.801874999997,24006.315499999997,signal_exit,-53.777799999999274,106397.40305000266
6001,2026-03-04 12:00:00+00:00,2026-03-05 18:00:00+00:00,0.01,24772.622,24770.246000000003,24034.907187499997,23789.002249999998,signal_exit,-0.5351999999993132,106396.83785000266
6002,2026-03-04 12:00:00+00:00,2026-03-05 18:00:00+00:00,0.01,24772.622,24770.246000000003,24034.907187499997,23789.002249999998,signal_exit,-0.5351999999993132,106396.33265000266
6001,2026-03-06 09:00:00+00:00,2026-03-06 17:00:00+00:00,0.01,25045.289999999997,24850.582000000002,24426.4310625,24220.14475,signal_exit,-39.00159999999902,106357.30105000266
6002,2026-03-06 09:00:00+00:00,2026-03-06 18:00:00+00:00,0.01,25045.289999999997,24754.83,24426.4310625,24220.14475,signal_exit,-58.1519999999991,106299.17905000265
6001,2026-03-10 01:00:00+00:00,2026-03-11 10:00:00+00:00,0.01,24908.464,24877.527000000002,24012.376187500002,23713.68025,signal_exit,-6.247399999999616,106292.90165000266
6002,2026-03-10 01:00:00+00:00,2026-03-11 10:00:00+00:00,0.01,24908.464,24877.527000000002,24012.376187500002,23713.68025,signal_exit,-6.247399999999616,106286.68425000267
6001,2026-03-16 18:00:00+00:00,2026-03-17 04:00:00+00:00,0.01,24666.560999999998,24565.019,24082.429312499997,23887.718749999996,signal_exit,-20.368399999999532,106266.31585000268
6001,2026-03-17 13:00:00+00:00,2026-03-18 15:00:00+00:00,0.02,24705.742,24654.976000000002,24271.726,24127.054,signal_exit,-20.426399999998388,106245.82945000268
6002,2026-03-17 13:00:00+00:00,2026-03-18 15:00:00+00:00,0.02,24705.742,24654.976000000002,24271.726,24127.054,signal_exit,-20.426399999998388,106225.46305000268
6001,2026-03-23 14:00:00+00:00,2026-03-24 02:00:00+00:00,0.01,24383.315,24045.636000000002,23514.4866875,23224.877249999998,signal_exit,-67.5957999999993,106157.86725000269
6001,2026-03-25 05:00:00+00:00,2026-03-25 14:00:00+00:00,0.01,24209.493,24156.159,23538.886687499995,23315.351249999996,signal_exit,-10.726799999999784,106147.14045000268
6001,2026-03-31 18:00:00+00:00,2026-04-02 03:00:00+00:00,0.01,23589.739999999998,23765.347,22824.919250000003,22569.979000000003,signal_exit,35.061400000000724,106182.17185000269
6002,2026-03-31 21:00:00+00:00,2026-04-02 03:00:00+00:00,0.01,23731.246,23765.347,22931.112250000002,22664.401000000005,signal_exit,6.760200000000476,106188.9620500027
6001,2026-04-02 17:00:00+00:00,2026-04-07 03:00:00+00:00,0.01,23962.249,24006.792,23293.121124999998,23070.078499999996,signal_exit,8.8486000000003,106197.78065000269
6002,2026-04-02 20:00:00+00:00,2026-04-07 20:00:00+00:00,0.01,23966.869,23934.389000000003,23299.574124999996,23077.142499999994,signal_exit,-6.5559999999991865,106191.2546500027
6001,2026-04-08 00:00:00+00:00,2026-04-09 03:00:00+00:00,0.01,24749.108,24850.192000000003,24019.6356875,23776.47825,signal_exit,20.156800000000512,106211.41145000269
6001,2026-04-09 18:00:00+00:00,2026-04-13 00:00:00+00:00,0.02,25023.803,24791.303,24552.0036875,24394.73725,signal_exit,-93.12000000000002,106118.2914500027
6001,2026-04-13 16:00:00+00:00,2026-04-20 16:00:00+00:00,0.02,25189.637,26480.747000000003,24763.222812499997,24621.084749999998,signal_exit,516.3240000000018,106634.5554500027
6001,2026-04-21 00:00:00+00:00,2026-04-21 16:00:00+00:00,0.02,26657.481,26581.27,26157.307875,25990.5835,signal_exit,-30.604399999999732,106603.95105000271
6002,2026-04-13 16:00:00+00:00,2026-04-21 21:00:00+00:00,0.02,25189.637,26486.628,24763.222812499997,24621.084749999998,signal_exit,518.6764000000009,107122.6874500027
6001,2026-04-22 08:00:00+00:00,2026-04-23 19:00:00+00:00,0.02,26686.957,26731.638000000003,26305.14175,26177.87,signal_exit,17.752400000001657,107140.4398500027
6001,2026-04-24 01:00:00+00:00,2026-04-27 20:00:00+00:00,0.01,26945.499,27261.83,26371.832625000003,26180.610500000003,signal_exit,63.20620000000039,107203.6460500027
6002,2026-04-29 16:00:00+00:00,2026-04-30 06:00:00+00:00,0.02,27171.213,27101.234,26699.865562500003,26542.749750000003,signal_exit,-28.11159999999974,107175.5044500027
6001,2026-04-30 00:00:00+00:00,2026-04-30 08:00:00+00:00,0.01,27340.14,27149.839,26788.3453125,26604.413750000003,signal_exit,-38.120199999999905,107137.4142500027
6001,2026-04-30 18:00:00+00:00,2026-05-04 17:00:00+00:00,0.01,27238.331,27612.472,26559.7791875,26333.595250000002,signal_exit,74.76820000000065,107212.1524500027
6001,2026-05-05 08:00:00+00:00,2026-05-08 00:00:00+00:00,0.02,27765.057999999997,28500.369000000002,27338.225312499995,27195.947749999996,signal_exit,294.0044000000021,107506.1568500027
6001,2026-05-08 07:00:00+00:00,2026-05-12 03:00:00+00:00,0.02,28693.110999999997,29161.322,28246.407812499998,28097.506749999997,signal_exit,187.1644000000012,107693.32125000271
6002,2026-04-30 11:00:00+00:00,2026-05-12 17:00:00+00:00,0.01,27236.173,28729.717,26692.523125000003,26511.306500000006,signal_exit,298.6488000000004,107992.00005000271
6001,2026-05-13 11:00:00+00:00,2026-05-15 03:00:00+00:00,0.01,29317.749,29416.776,28729.0185,28532.774999999998,signal_exit,19.74540000000037,108011.71545000271
6002,2026-05-13 11:00:00+00:00,2026-05-15 07:00:00+00:00,0.01,29317.749,29178.526,28729.0185,28532.774999999998,signal_exit,-27.904599999999633,107983.84085000271
6001,2026-05-20 14:00:00+00:00,2026-05-26 06:00:00+00:00,0.01,29012.104,29725.899,28266.552625,28018.035499999998,signal_exit,142.69900000000038,108126.50985000272
6001,2026-05-26 15:00:00+00:00,2026-05-27 16:00:00+00:00,0.03,29933.049,29865.155000000002,29600.0019375,29488.98625,signal_exit,-40.91639999999797,108085.59345000274
6002,2026-05-20 21:00:00+00:00,2026-05-27 17:00:00+00:00,0.01,29305.189,29859.313000000002,28534.478124999998,28277.5745,signal_exit,110.76480000000069,108196.38825000274
6001,2026-05-28 17:00:00+00:00,2026-06-01 15:00:00+00:00,0.01,30188.922,30255.958000000002,29540.6810625,29324.60075,signal_exit,13.34720000000074,108209.70545000274
6001,2026-06-01 19:00:00+00:00,2026-06-02 07:00:00+00:00,0.01,30614.307999999997,30421.575,30073.483,29893.208,signal_exit,-38.60659999999931,108171.09885000275
6001,2026-06-02 15:00:00+00:00,2026-06-03 18:00:00+00:00,0.02,30549.231,30553.379,30067.1863125,29906.504750000004,signal_exit,1.5392000000004191,108172.63805000274
6002,2026-05-28 11:00:00+00:00,2026-06-04 00:00:00+00:00,0.01,29906.405,30398.825,29358.132875,29175.3755,signal_exit,98.42400000000039,108271.09205000274
6001,2026-06-18 18:00:00+00:00,2026-06-23 05:00:00+00:00,0.01,30369.836,30457.530000000002,29550.744875,29277.714500000002,signal_exit,17.47880000000063,108288.54085000274
6002,2026-06-18 18:00:00+00:00,2026-06-23 05:00:00+00:00,0.01,30369.836,30457.530000000002,29550.744875,29277.714500000002,signal_exit,17.47880000000063,108306.04965000274
6001,2026-06-29 14:00:00+00:00,2026-07-01 18:00:00+00:00,0.01,29741.85,30191.030000000002,28734.997499999998,28399.379999999997,signal_exit,89.77600000000079,108395.79565000274
6002,2026-06-30 07:00:00+00:00,2026-07-01 20:00:00+00:00,0.01,30095.73,30187.15,29243.191875,28959.0125,signal_exit,18.224000000000377,108414.04965000274
6001,2026-07-06 03:00:00+00:00,2026-07-06 11:00:00+00:00,0.01,29985.85,29849.530000000002,29268.426249999997,29029.284999999996,signal_exit,-27.32399999999922,108386.72565000274
6001,2026-07-06 19:00:00+00:00,2026-07-07 04:00:00+00:00,0.01,30073.85,29814.65,29557.379374999997,29385.222499999996,signal_exit,-51.89999999999942,108334.82565000275
6001,2026-07-09 10:00:00+00:00,2026-07-10 07:45:00+00:00,0.01,29612.73,29880.280000000002,28745.431875000002,28456.3325,end_of_test,53.450000000000585,108388.24565000275
6002,2026-07-09 20:00:00+00:00,2026-07-10 07:45:00+00:00,0.01,29897.35,29880.280000000002,29004.619375,28707.0425,end_of_test,-3.4739999999992137,108384.80165000274
