date,ticker,open,high,low,close,adjOpen,adjHigh,adjLow,adjClose,adjVolume,volume,divCash,splitFactor,source,fetch_timestamp
2010-01-04,BND,78.6,78.73,78.54,78.6799,48.3374482751,48.4173957087,48.3005494597,48.3865851977,1098100,1098100,0.0,1.0,tiingo_historical_seed,
2010-01-05,BND,78.89,79.0,78.79,78.91,48.5157925499,48.5834403783,48.4542945241,48.5280921551,814600,814600,0.0,1.0,tiingo_historical_seed,
2010-01-06,BND,78.97,78.98,78.7,78.88,48.5649909706,48.5711407732,48.3989463009,48.5096427474,981300,981300,0.0,1.0,tiingo_historical_seed,
2010-01-07,BND,78.72,78.87,78.72,78.82,48.4112459061,48.5034929448,48.4112459061,48.4727439319,661700,661700,0.0,1.0,tiingo_historical_seed,
2010-01-08,BND,78.88,78.96,78.7644,78.9,48.5096427474,48.558841168,48.4385510295,48.5219423525,1270000,1270000,0.0,1.0,tiingo_historical_seed,
2010-01-11,BND,78.92,78.96,78.83,78.93,48.5342419577,48.558841168,48.4788937345,48.5403917603,2237100,2237100,0.0,1.0,tiingo_historical_seed,
2010-01-12,BND,79.11,79.23,79.08,79.23,48.6510882067,48.7248858376,48.6326387989,48.7248858376,702100,702100,0.0,1.0,tiingo_historical_seed,
2010-01-13,BND,79.15,79.24,78.98,79.05,48.675687417,48.7310356402,48.5711407732,48.6141893912,460500,460500,0.0,1.0,tiingo_historical_seed,
2010-01-14,BND,79.18,79.28,79.1325,79.24,48.6941368247,48.7556348505,48.6649252625,48.7310356402,777700,777700,0.0,1.0,tiingo_historical_seed,
2010-01-15,BND,79.35,79.4273,79.27,79.29,48.7986834686,48.8462214425,48.749485048,48.7617846531,745300,745300,0.0,1.0,tiingo_historical_seed,
2010-01-19,BND,79.34,79.39,79.23,79.25,48.792533666,48.8232826789,48.7248858376,48.7371854428,782000,782000,0.0,1.0,tiingo_historical_seed,
2010-01-20,BND,79.43,79.47,79.37,79.44,48.8478818892,48.8724810996,48.8109830738,48.8540316918,417300,417300,0.0,1.0,tiingo_historical_seed,
2010-01-21,BND,79.49,79.62,79.43,79.5299,48.8847807047,48.9647281382,48.8478818892,48.909318417,647300,647300,0.0,1.0,tiingo_historical_seed,
2010-01-22,BND,79.6,79.66,79.5,79.5,48.9524285331,48.9893273486,48.8909305073,48.8909305073,403200,403200,0.0,1.0,tiingo_historical_seed,
2010-01-25,BND,79.58,79.58,79.35,79.39,48.9401289279,48.9401289279,48.7986834686,48.8232826789,692900,692900,0.0,1.0,tiingo_historical_seed,
2010-01-26,BND,79.59,79.63,79.46,79.58,48.9462787305,48.9708779408,48.866331297,48.9401289279,494400,494400,0.0,1.0,tiingo_historical_seed,
2010-01-27,BND,79.63,79.66,79.43,79.47,48.9708779408,48.9893273486,48.8478818892,48.8724810996,597800,597800,0.0,1.0,tiingo_historical_seed,
2010-01-28,BND,79.31,79.55,79.31,79.5,48.7740842583,48.9216795202,48.7740842583,48.8909305073,696100,696100,0.0,1.0,tiingo_historical_seed,
2010-01-29,BND,79.44,79.64,79.4,79.6,48.8540316918,48.9770277434,48.8294324815,48.9524285331,469400,469400,0.0,1.0,tiingo_historical_seed,
2010-02-01,BND,79.4,79.41,79.2419,79.3,48.9824410168,48.98861009,48.8849079699,48.920750285,437300,437300,0.248489,1.0,tiingo_historical_seed,
2010-02-02,BND,79.28,79.38,79.19,79.35,48.9084121387,48.9701028704,48.8528904801,48.9515956509,573000,573000,0.0,1.0,tiingo_historical_seed,
2010-02-03,BND,79.24,79.32,79.17,79.3,48.883735846,48.9330884314,48.8405523337,48.920750285,444700,444700,0.0,1.0,tiingo_historical_seed,
2010-02-04,BND,79.37,79.52,79.37,79.45,48.9639337972,49.0564698949,48.9639337972,49.0132863827,428800,428800,0.0,1.0,tiingo_historical_seed,
2010-02-05,BND,79.58,79.71,79.44,79.58,49.0934843339,49.1736822852,49.0071173095,49.0934843339,903800,903800,0.0,1.0,tiingo_historical_seed,
2010-02-08,BND,79.63,79.63,79.462,79.59,49.1243296998,49.1243296998,49.0206892705,49.0996534071,411100,411100,0.0,1.0,tiingo_historical_seed,
2010-02-09,BND,79.54,79.5899,79.37,79.43,49.0688080412,49.0995917164,48.9639337972,49.0009482363,691600,691600,0.0,1.0,tiingo_historical_seed,
2010-02-10,BND,79.45,79.46,79.18,79.25,49.0132863827,49.0194554558,48.8467214069,48.8899049191,453700,453700,0.0,1.0,tiingo_historical_seed,
2010-02-11,BND,79.19,79.2119,78.97,79.12,48.8528904801,48.8664007503,48.7171708702,48.8097069679,505300,505300,0.0,1.0,tiingo_historical_seed,
2010-02-12,BND,79.29,79.39,79.2001,79.23,48.9145812118,48.9762719436,48.859121244,48.8775667728,387900,387900,0.0,1.0,tiingo_historical_seed,
2010-02-16,BND,79.2,79.3756,79.16,79.33,48.8590595533,48.9673884782,48.8343832606,48.9392575045,1246100,1246100,0.0,1.0,tiingo_historical_seed,
2010-02-17,BND,79.3,79.32,79.04,79.15,48.920750285,48.9330884314,48.7603543824,48.8282141874,660100,660100,0.0,1.0,tiingo_historical_seed,
2010-02-18,BND,79.24,79.24,78.94,79.04,48.883735846,48.883735846,48.6986636507,48.7603543824,510600,510600,0.0,1.0,tiingo_historical_seed,
2010-02-19,BND,79.01,79.04,78.88,79.04,48.7418471629,48.7603543824,48.6616492116,48.7603543824,509300,509300,0.0,1.0,tiingo_historical_seed,
2010-02-22,BND,79.09,79.09,78.94,79.01,48.7911997483,48.7911997483,48.6986636507,48.7418471629,484700,484700,0.0,1.0,tiingo_historical_seed,
2010-02-23,BND,79.13,79.32,79.1,79.31,48.815876041,48.9330884314,48.7973688215,48.9269193582,516000,516000,0.0,1.0,tiingo_historical_seed,
2010-02-24,BND,79.39,79.47,79.3119,79.41,48.9762719436,49.025624529,48.9280914821,48.98861009,378600,378600,0.0,1.0,tiingo_historical_seed,
2010-02-25,BND,79.52,79.52,79.38,79.52,49.0564698949,49.0564698949,48.9701028704,49.0564698949,858200,858200,0.0,1.0,tiingo_historical_seed,
2010-02-26,BND,79.51,79.72,79.51,79.61,49.0503008217,49.1798513584,49.0503008217,49.1119915535,936200,936200,0.0,1.0,tiingo_historical_seed,
2010-03-01,BND,79.53,79.53,79.36,79.46,49.2068266916,49.2068266916,49.101644238,49.1635162695,565000,565000,0.233521,1.0,tiingo_historical_seed,
2010-03-02,BND,79.45,79.54,79.4,79.52,49.1573290664,49.2130138948,49.1263930506,49.2006394885,709800,709800,0.0,1.0,tiingo_historical_seed,
2010-03-03,BND,79.5,79.54,79.41,79.53,49.1882650822,49.2130138948,49.1325802538,49.2068266916,731900,731900,0.0,1.0,tiingo_historical_seed,
2010-03-04,BND,79.51,79.61,79.44,79.59,49.1944522853,49.2563243169,49.1511418632,49.2439499106,461200,461200,0.0,1.0,tiingo_historical_seed,
2010-03-05,BND,79.47,79.49,79.322,79.47,49.1697034727,49.182077879,49.078132866,49.1697034727,900200,900200,0.0,1.0,tiingo_historical_seed,
2010-03-08,BND,79.34,79.37,79.3,79.34,49.0892698317,49.1078314411,49.0645210191,49.0892698317,720200,720200,0.0,1.0,tiingo_historical_seed,
2010-03-09,BND,79.39,79.42,79.3,79.3937,49.1202058475,49.1387674569,49.0645210191,49.1224951126,577300,577300,0.0,1.0,tiingo_historical_seed,
2010-03-10,BND,79.29,79.33,79.2,79.33,49.0583338159,49.0830826285,49.0026489875,49.0830826285,1147900,1147900,0.0,1.0,tiingo_historical_seed,
2010-03-11,BND,79.29,79.3482,79.2332,79.32,49.0583338159,49.0943433383,49.023190502,49.0768954254,337600,337600,0.0,1.0,tiingo_historical_seed,
2010-03-12,BND,79.24,79.43,79.21,79.35,49.0273978001,49.1449546601,49.0088361907,49.0954570348,554900,554900,0.0,1.0,tiingo_historical_seed,
2010-03-15,BND,79.44,79.47,79.361,79.46,49.1511418632,49.1697034727,49.1022629583,49.1635162695,459600,459600,0.0,1.0,tiingo_historical_seed,
2010-03-16,BND,79.42,79.6,79.39,79.6,49.1387674569,49.2501371137,49.1202058475,49.2501371137,523800,523800,0.0,1.0,tiingo_historical_seed,
2010-03-17,BND,79.59,79.62,79.55,79.62,49.2439499106,49.26251152,49.2192010979,49.26251152,380500,380500,0.0,1.0,tiingo_historical_seed,
2010-03-18,BND,79.64,79.66,79.44,79.48,49.2748859263,49.2872603326,49.1511418632,49.1758906759,594000,594000,0.0,1.0,tiingo_historical_seed,
2010-03-19,BND,79.47,79.61,79.47,79.54,49.1697034727,49.2563243169,49.1697034727,49.2130138948,341300,341300,0.0,1.0,tiingo_historical_seed,
2010-03-22,BND,79.57,79.63,79.55,79.62,49.2315755042,49.2686987232,49.2192010979,49.26251152,484000,484000,0.0,1.0,tiingo_historical_seed,
2010-03-23,BND,79.65,79.7,79.58,79.62,49.2810731295,49.3120091453,49.2377627074,49.26251152,538700,538700,0.0,1.0,tiingo_historical_seed,
2010-03-24,BND,79.37,79.4699,79.139,79.22,49.1078314411,49.1696416007,48.9649070483,49.0150233938,654000,654000,0.0,1.0,tiingo_historical_seed,
2010-03-25,BND,79.19,79.21,78.84,78.97,48.9964617844,49.0088361907,48.7799096739,48.8603433149,998900,998900,0.0,1.0,tiingo_historical_seed,
2010-03-26,BND,79.03,79.179,78.95,79.14,48.8974665339,48.9896558609,48.8479689086,48.9655257686,863200,863200,0.0,1.0,tiingo_historical_seed,
2010-03-29,BND,79.12,79.18,78.97,78.97,48.9531513623,48.9902745812,48.8603433149,48.8603433149,853200,853200,0.0,1.0,tiingo_historical_seed,
2010-03-30,BND,79.09,79.1382,78.98,79.13,48.9345897528,48.964412072,48.8665305181,48.9593385654,465600,465600,0.0,1.0,tiingo_historical_seed,
2010-03-31,BND,79.23,79.28,79.13,79.2,49.021210597,49.0521466128,48.9593385654,49.0026489875,463000,463000,0.0,1.0,tiingo_historical_seed,
2010-04-01,BND,78.98,78.98,78.8405,78.9301,49.0179849961,49.0179849961,48.9314060026,48.9870151626,605200,605200,0.244632,1.0,tiingo_historical_seed,
2010-04-05,BND,78.68,78.69,78.4,78.47,48.8317936122,48.8379999917,48.6580149873,48.7014596435,817000,817000,0.0,1.0,tiingo_historical_seed,
2010-04-06,BND,78.53,78.59,78.5,78.53,48.7386979203,48.7759361971,48.7200787819,48.7386979203,487900,487900,0.0,1.0,tiingo_historical_seed,
2010-04-07,BND,78.6,78.88,78.6,78.83,48.7821425765,48.9559212015,48.7821425765,48.9248893042,526900,526900,0.0,1.0,tiingo_historical_seed,
2010-04-08,BND,78.97,78.98,78.77,78.79,49.0117786166,49.0179849961,48.8876510274,48.9000637863,669600,669600,0.0,1.0,tiingo_historical_seed,
2010-04-09,BND,78.86,78.98,78.79,78.94,48.9435084425,49.0179849961,48.9000637863,48.9931594782,338100,338100,0.0,1.0,tiingo_historical_seed,
2010-04-12,BND,78.94,79.086,78.927,79.02,48.9931594782,49.0837726184,48.9850911849,49.042810514,606500,606500,0.0,1.0,tiingo_historical_seed,
2010-04-13,BND,79.18,79.204,79.07,79.18,49.1421125854,49.1570078961,49.0738424113,49.1421125854,464600,464600,0.0,1.0,tiingo_historical_seed,
2010-04-14,BND,79.19,79.25,79.07,79.12,49.1483189648,49.1855572416,49.0738424113,49.1048743086,605000,605000,0.0,1.0,tiingo_historical_seed,
2010-04-15,BND,79.09,79.27,78.97,79.24,49.0862551702,49.1979700005,49.0117786166,49.1793508621,712200,712200,0.0,1.0,tiingo_historical_seed,
2010-04-16,BND,79.31,79.42,79.25,79.41,49.2227955184,49.2910656925,49.1855572416,49.284859313,481900,481900,0.0,1.0,tiingo_historical_seed,
2010-04-19,BND,79.46,79.46,79.26,79.31,49.3158912103,49.3158912103,49.1917636211,49.2227955184,436600,436600,0.0,1.0,tiingo_historical_seed,
2010-04-20,BND,79.38,79.39,79.28,79.39,49.2662401746,49.2724465541,49.20417638,49.2724465541,391100,391100,0.0,1.0,tiingo_historical_seed,
2010-04-21,BND,79.4,79.5,79.36,79.45,49.2786529335,49.3407167282,49.2538274157,49.3096848308,704900,704900,0.0,1.0,tiingo_historical_seed,
2010-04-22,BND,79.5,79.59,79.36,79.4,49.3407167282,49.3965741433,49.2538274157,49.2786529335,476400,476400,0.0,1.0,tiingo_historical_seed,
2010-04-23,BND,79.34,79.37,79.22,79.34,49.2414146568,49.2600337951,49.1669381032,49.2414146568,533300,533300,0.0,1.0,tiingo_historical_seed,
2010-04-26,BND,79.45,79.45,79.28,79.3,49.3096848308,49.3096848308,49.20417638,49.2165891389,447200,447200,0.0,1.0,tiingo_historical_seed,
2010-04-27,BND,79.45,79.65,79.4,79.59,49.3096848308,49.4338124201,49.2786529335,49.3965741433,598500,598500,0.0,1.0,tiingo_historical_seed,
2010-04-28,BND,79.56,79.59,79.42,79.54,49.3779550049,49.3965741433,49.2910656925,49.365542246,733100,733100,0.0,1.0,tiingo_historical_seed,
2010-04-29,BND,79.58,79.66,79.492,79.57,49.3903677639,49.4400187996,49.3357516246,49.3841613844,689300,689300,0.0,1.0,tiingo_historical_seed,
2010-04-30,BND,79.68,79.85,79.6,79.8,49.4524315585,49.5579400094,49.4027805228,49.526908112,516100,516100,0.0,1.0,tiingo_historical_seed,
2010-05-03,BND,79.45,79.53,79.37,79.52,49.4563488985,49.5061476135,49.4065501834,49.4999227741,533800,533800,0.23652,1.0,tiingo_historical_seed,
2010-05-04,BND,79.71,79.79,79.62,79.749,49.6181947224,49.6679934375,49.562171168,49.642471596,468400,468400,0.0,1.0,tiingo_historical_seed,
2010-05-05,BND,79.87,79.99,79.75,79.79,49.7177921525,49.7924902251,49.6430940799,49.6679934375,504900,504900,0.0,1.0,tiingo_historical_seed,
2010-05-06,BND,79.81,81.34,78.87,80.0999,49.6804431162,50.6328435419,49.0953082142,49.86090121,1561600,1561600,0.0,1.0,tiingo_historical_seed,
2010-05-07,BND,80.14,80.51,79.9,79.9,49.8858628159,50.1161818731,49.7364666707,49.7364666707,767500,767500,0.0,1.0,tiingo_historical_seed,
2010-05-10,BND,79.72,79.986,79.71,79.81,49.6244195618,49.7900002894,49.6181947224,49.6804431162,517000,517000,0.0,1.0,tiingo_historical_seed,
2010-05-11,BND,79.91,79.93,79.73,79.92,49.7426915101,49.7551411888,49.6306444012,49.7489163495,568700,568700,0.0,1.0,tiingo_historical_seed,
2010-05-12,BND,79.91,79.94,79.69,79.7,49.7426915101,49.7613660282,49.6057450436,49.611969883,2226900,2226900,0.0,1.0,tiingo_historical_seed,
2010-05-13,BND,79.95,79.95,79.71,79.85,49.7675908676,49.7675908676,49.6181947224,49.7053424738,413300,413300,0.0,1.0,tiingo_historical_seed,
2010-05-14,BND,80.04,80.259,79.97,80.12,49.8236144221,49.9599384045,49.7800405464,49.8734131371,698500,698500,0.0,1.0,tiingo_historical_seed,
2010-05-17,BND,80.22,80.376,80.0711,80.13,49.9356615309,50.0327690253,49.8429736725,49.8796379765,380900,380900,0.0,1.0,tiingo_historical_seed,
2010-05-18,BND,80.23,80.48,80.05,80.43,49.9418863703,50.0975073549,49.8298392614,50.066383158,753200,753200,0.0,1.0,tiingo_historical_seed,
2010-05-19,BND,80.34,80.54,80.316,80.45,50.0103596035,50.1348563912,49.995419989,50.0788328368,459400,459400,0.0,1.0,tiingo_historical_seed,
2010-05-20,BND,80.65,80.7,80.4,80.59,50.2033296244,50.2344538213,50.0477086398,50.1659805881,801300,801300,0.0,1.0,tiingo_historical_seed,
2010-05-21,BND,80.91,80.98,80.602,80.7,50.3651754484,50.4087493241,50.1734503954,50.2344538213,997400,997400,0.0,1.0,tiingo_historical_seed,
2010-05-24,BND,80.7,80.77,80.6383,80.69,50.2344538213,50.278027697,50.1960465623,50.228228982,836400,836400,0.0,1.0,tiingo_historical_seed,
2010-05-25,BND,80.82,80.94,80.5,80.71,50.3091518939,50.3838499665,50.1099570337,50.2406786607,1072100,1072100,0.0,1.0,tiingo_historical_seed,
2010-05-26,BND,80.58,80.62,80.3701,80.61,50.1597557487,50.1846551063,50.0290963701,50.1784302669,700200,700200,0.0,1.0,tiingo_historical_seed,
2010-05-27,BND,80.41,80.41,80.18,80.3,50.0539334792,50.0539334792,49.9107621734,49.985460246,870700,870700,0.0,1.0,tiingo_historical_seed,
2010-05-28,BND,80.35,80.5,80.3,80.46,50.0165844429,50.1099570337,49.985460246,50.0850576761,511900,511900,0.0,1.0,tiingo_historical_seed,
2010-06-01,BND,80.25,80.37,80.14,80.28,50.1062294633,50.1811546662,50.0375480273,50.124960764,595400,595400,0.244103,1.0,tiingo_historical_seed,
2010-06-02,BND,80.25,80.32,80.14,80.21,50.1062294633,50.1499358317,50.0375480273,50.0812543957,2665400,2665400,0.0,1.0,tiingo_historical_seed,
2010-06-03,BND,80.0,80.19,80.0,80.12,49.9501352905,50.0687668618,49.9501352905,50.0250604935,1188600,1188600,0.0,1.0,tiingo_historical_seed,
2010-06-04,BND,80.32,80.47,80.24,80.34,50.1499358317,50.2435923354,50.0999856964,50.1624233655,2046300,2046300,0.0,1.0,tiingo_historical_seed,
2010-06-07,BND,80.31,80.61,80.31,80.59,50.1436920648,50.3310050721,50.1436920648,50.3185175383,472900,472900,0.0,1.0,tiingo_historical_seed,
2010-06-08,BND,80.5,80.64,80.5,80.56,50.2623236361,50.3497363728,50.2623236361,50.2997862376,538700,538700,0.0,1.0,tiingo_historical_seed,
2010-06-09,BND,80.46,80.589,80.36,80.56,50.2373485684,50.3178931616,50.1749108993,50.2997862376,446300,446300,0.0,1.0,tiingo_historical_seed,
2010-06-10,BND,80.36,80.45,80.2,80.23,50.1749108993,50.2311048015,50.0750106287,50.0937419295,845800,845800,0.0,1.0,tiingo_historical_seed,
2010-06-11,BND,80.34,80.47,80.24,80.36,50.1624233655,50.2435923354,50.0999856964,50.1749108993,621300,621300,0.0,1.0,tiingo_historical_seed,
2010-06-14,BND,80.3,80.4,80.2,80.38,50.1374482979,50.199885967,50.0750106287,50.1873984332,539600,539600,0.0,1.0,tiingo_historical_seed,
2010-06-15,BND,80.44,80.47,80.2,80.24,50.2248610346,50.2435923354,50.0750106287,50.0999856964,808100,808100,0.0,1.0,tiingo_historical_seed,
2010-06-16,BND,80.36,80.44,80.29,80.43,50.1749108993,50.2248610346,50.131204531,50.2186172677,662000,662000,0.0,1.0,tiingo_historical_seed,
2010-06-17,BND,80.47,80.72,80.46,80.65,50.2435923354,50.3996865081,50.2373485684,50.3559801398,785200,785200,0.0,1.0,tiingo_historical_seed,
2010-06-18,BND,80.67,80.7,80.5806,80.62,50.3684676736,50.3871989743,50.3126483974,50.337248839,902100,902100,0.0,1.0,tiingo_historical_seed,
2010-06-21,BND,80.46,80.68,80.46,80.64,50.2373485684,50.3747114405,50.2373485684,50.3497363728,624500,624500,0.0,1.0,tiingo_historical_seed,
2010-06-22,BND,80.7,80.866,80.64,80.83,50.3871989743,50.490845505,50.3497363728,50.4683679442,496900,496900,0.0,1.0,tiingo_historical_seed,
2010-06-23,BND,80.9,81.096,80.82,81.03,50.5120743125,50.634452144,50.4621241773,50.5932432824,583500,583500,0.0,1.0,tiingo_historical_seed,
2010-06-24,BND,81.11,81.12,80.84,80.92,50.6431934177,50.6494371846,50.4746117111,50.5245618464,451400,451400,0.0,1.0,tiingo_historical_seed,
2010-06-25,BND,80.92,81.09,80.9,81.02,50.5245618464,50.6307058839,50.5120743125,50.5869995155,449400,449400,0.0,1.0,tiingo_historical_seed,
2010-06-28,BND,81.11,81.23,81.06,81.17,50.6431934177,50.7181186206,50.6119745831,50.6806560191,1230200,1230200,0.0,1.0,tiingo_historical_seed,
2010-06-29,BND,81.19,81.37,81.19,81.36,50.693143553,50.8055313574,50.693143553,50.7992875905,1188300,1188300,0.0,1.0,tiingo_historical_seed,
2010-06-30,BND,81.4,81.45,81.23,81.38,50.8242626581,50.8554814927,50.7181186206,50.8117751243,1286700,1286700,0.0,1.0,tiingo_historical_seed,
2010-07-01,BND,81.26,81.33,81.11,81.19,50.880237296,50.924067183,50.7863161098,50.8364074091,1631400,1631400,0.229451,1.0,tiingo_historical_seed,
2010-07-02,BND,81.16,81.23,81.03,81.14,50.8176231719,50.8614530588,50.7362248105,50.805100347,640400,640400,0.0,1.0,tiingo_historical_seed,
2010-07-06,BND,81.14,81.36,81.12,81.34,50.805100347,50.9428514202,50.7925775222,50.9303285954,787900,787900,0.0,1.0,tiingo_historical_seed,
2010-07-07,BND,81.37,81.38,81.21,81.24,50.9491128326,50.955374245,50.848930234,50.8677144712,588100,588100,0.0,1.0,tiingo_historical_seed,
2010-07-08,BND,81.11,81.25,81.032,81.18,50.7863161098,50.8739758836,50.7374770929,50.8301459967,619500,619500,0.0,1.0,tiingo_historical_seed,
2010-07-09,BND,81.11,81.12,81.0,81.09,50.7863161098,50.7925775222,50.7174405732,50.773793285,582400,582400,0.0,1.0,tiingo_historical_seed,
2010-07-12,BND,81.14,81.21,81.06,81.12,50.805100347,50.848930234,50.7550090477,50.7925775222,425700,425700,0.0,1.0,tiingo_historical_seed,
2010-07-13,BND,81.07,81.07,80.92,80.98,50.7612704601,50.7612704601,50.6673492739,50.7049177484,514100,514100,0.0,1.0,tiingo_historical_seed,
2010-07-14,BND,81.09,81.23,81.01,81.19,50.773793285,50.8614530588,50.7237019856,50.8364074091,795800,795800,0.0,1.0,tiingo_historical_seed,
2010-07-15,BND,81.24,81.4,81.17,81.27,50.8677144712,50.9678970699,50.8238845843,50.8864987085,2924400,2924400,0.0,1.0,tiingo_historical_seed,
2010-07-16,BND,81.38,81.58,81.29,81.54,50.955374245,51.0806024934,50.8990215333,51.0555568437,350800,350800,0.0,1.0,tiingo_historical_seed,
2010-07-19,BND,81.58,81.61,81.44,81.45,51.0806024934,51.0993867306,50.9929427195,50.999204132,455600,455600,0.0,1.0,tiingo_historical_seed,
2010-07-20,BND,81.59,81.627,81.44,81.44,51.0868639058,51.1100311317,50.9929427195,50.9929427195,2581000,2581000,0.0,1.0,tiingo_historical_seed,
2010-07-21,BND,81.49,81.79,81.49,81.73,51.0242497816,51.2120921541,51.0242497816,51.1745236796,791100,791100,0.0,1.0,tiingo_historical_seed,
2010-07-22,BND,81.72,81.72,81.59,81.64,51.1682622672,51.1682622672,51.0868639058,51.1181709679,473900,473900,0.0,1.0,tiingo_historical_seed,
2010-07-23,BND,81.64,81.65,81.45,81.5,51.1181709679,51.1244323803,50.999204132,51.030511194,713500,713500,0.0,1.0,tiingo_historical_seed,
2010-07-26,BND,81.52,81.56,81.4,81.54,51.0430340189,51.0680796685,50.9678970699,51.0555568437,570400,570400,0.0,1.0,tiingo_historical_seed,
2010-07-27,BND,81.39,81.56,81.39,81.5,50.9616356575,51.0680796685,50.9616356575,51.030511194,815500,815500,0.0,1.0,tiingo_historical_seed,
2010-07-28,BND,81.45,81.67,81.45,81.64,50.999204132,51.1369552051,50.999204132,51.1181709679,513600,513600,0.0,1.0,tiingo_historical_seed,
2010-07-29,BND,81.64,81.75,81.54,81.73,51.1181709679,51.1870465044,51.0555568437,51.1745236796,507100,507100,0.0,1.0,tiingo_historical_seed,
2010-07-30,BND,81.93,81.96,81.8,81.85,51.2997519279,51.3185361652,51.2183535665,51.2496606286,1510600,1510600,0.0,1.0,tiingo_historical_seed,
2010-08-02,BND,81.61,81.63,81.51,81.6,51.2449410793,51.2574995749,51.1821486016,51.2386618316,2218700,2218700,0.232434,1.0,tiingo_historical_seed,
2010-08-03,BND,81.75,81.83,81.6,81.825,51.3328505482,51.3830845304,51.2386618316,51.3799449065,1232500,1232500,0.0,1.0,tiingo_historical_seed,
2010-08-04,BND,81.77,81.79,81.62,81.66,51.3454090437,51.3579675393,51.2512203271,51.2763373182,1559400,1559400,0.0,1.0,tiingo_historical_seed,
2010-08-05,BND,81.75,81.8,81.68,81.79,51.3328505482,51.364246787,51.2888958137,51.3579675393,753400,753400,0.0,1.0,tiingo_historical_seed,
2010-08-06,BND,81.92,82.03,81.83,82.03,51.4395977603,51.5086694858,51.3830845304,51.5086694858,2527100,2527100,0.0,1.0,tiingo_historical_seed,
2010-08-09,BND,81.98,82.0,81.86,81.93,51.477273247,51.4898317425,51.4019222737,51.4458770081,427000,427000,0.0,1.0,tiingo_historical_seed,
2010-08-10,BND,81.92,82.11,81.85,82.1,51.4395977603,51.558903468,51.3956430259,51.5526242202,1123200,1123200,0.0,1.0,tiingo_historical_seed,
2010-08-11,BND,82.14,82.2,82.076,82.16,51.5777412113,51.615416698,51.5375540256,51.5902997069,865000,865000,0.0,1.0,tiingo_historical_seed,
2010-08-12,BND,82.07,82.18,81.98,82.01,51.5337864769,51.6028582024,51.477273247,51.4961109903,482900,482900,0.0,1.0,tiingo_historical_seed,
2010-08-13,BND,82.11,82.25,82.01,82.24,51.558903468,51.6468129368,51.4961109903,51.6405336891,670400,670400,0.0,1.0,tiingo_historical_seed,
2010-08-16,BND,82.52,82.6,82.44,82.55,51.8163526267,51.8665866089,51.7661186445,51.83519037,585500,585500,0.0,1.0,tiingo_historical_seed,
2010-08-17,BND,82.48,82.49,82.35,82.43,51.7912356356,51.7975148834,51.7096054146,51.7598393968,823700,823700,0.0,1.0,tiingo_historical_seed,
2010-08-18,BND,82.49,82.53,82.35,82.38,51.7975148834,51.8226318745,51.7096054146,51.7284431579,500300,500300,0.0,1.0,tiingo_historical_seed,
2010-08-19,BND,82.28,82.6,82.28,82.57,51.6656506802,51.8665866089,51.6656506802,51.8477488656,490300,490300,0.0,1.0,tiingo_historical_seed,
2010-08-20,BND,82.59,82.6,82.44,82.46,51.8603073611,51.8665866089,51.7661186445,51.7786771401,626400,626400,0.0,1.0,tiingo_historical_seed,
2010-08-23,BND,82.37,82.55,82.37,82.51,51.7221639101,51.83519037,51.7221639101,51.8100733789,399200,399200,0.0,1.0,tiingo_historical_seed,
2010-08-24,BND,82.7,82.83,82.6419,82.8,51.9293790866,52.0110093077,51.8928966571,51.9921715644,543000,543000,0.0,1.0,tiingo_historical_seed,
2010-08-25,BND,82.87,82.98,82.61,82.69,52.0361262988,52.1051980243,51.8728658567,51.9230998389,1040100,1040100,0.0,1.0,tiingo_historical_seed,
2010-08-26,BND,82.71,82.8,82.64,82.76,51.9356583344,51.9921715644,51.8917036,51.9670545733,459400,459400,0.0,1.0,tiingo_historical_seed,
2010-08-27,BND,82.68,82.83,82.36,82.38,51.9168205911,52.0110093077,51.7158846623,51.7284431579,736600,736600,0.0,1.0,tiingo_historical_seed,
2010-08-30,BND,82.57,82.75,82.5,82.75,51.8477488656,51.9607753255,51.8037941312,51.9607753255,499700,499700,0.0,1.0,tiingo_historical_seed,
2010-08-31,BND,82.81,82.92,82.7993,82.89,51.9984508122,52.0675225377,51.991732017,52.0486847943,553800,553800,0.0,1.0,tiingo_historical_seed,
2010-09-01,BND,82.58,82.6,82.24,82.4,51.9962377855,52.0088307227,51.7821578527,51.8829013505,547900,547900,0.225982,1.0,tiingo_historical_seed,
2010-09-02,BND,82.31,82.35,82.19,82.24,51.826233133,51.8514190074,51.7506755097,51.7821578527,636800,636800,0.0,1.0,tiingo_historical_seed,
2010-09-03,BND,82.03,82.13,81.88,82.09,51.6499320119,51.712896698,51.5554849827,51.6877108235,814100,814100,0.0,1.0,tiingo_historical_seed,
2010-09-07,BND,82.29,82.46,82.18,82.44,51.8136401958,51.9206801621,51.744379041,51.9080872249,751900,751900,0.0,1.0,tiingo_historical_seed,
2010-09-08,BND,82.29,82.32,82.19,82.21,51.8136401958,51.8325296016,51.7506755097,51.7632684469,499800,499800,0.0,1.0,tiingo_historical_seed,
2010-09-09,BND,82.08,82.12,81.87,81.9,51.6814143549,51.7066002294,51.5491885141,51.5680779199,586000,586000,0.0,1.0,tiingo_historical_seed,
2010-09-10,BND,81.83,81.88,81.72,81.8,51.5240026397,51.5554849827,51.454741485,51.5051132338,417400,417400,0.0,1.0,tiingo_historical_seed,
2010-09-13,BND,81.78,82.07,81.76,82.01,51.4925202966,51.6751178863,51.4799273594,51.6373390747,732400,732400,0.0,1.0,tiingo_historical_seed,
2010-09-14,BND,82.0,82.2,82.0,82.13,51.6310426061,51.7569719783,51.6310426061,51.712896698,678800,678800,0.0,1.0,tiingo_historical_seed,
2010-09-15,BND,82.08,82.18,82.01,82.05,51.6814143549,51.744379041,51.6373390747,51.6625249491,469300,469300,0.0,1.0,tiingo_historical_seed,
2010-09-16,BND,81.95,82.0,81.81,81.92,51.599560263,51.6310426061,51.5114097025,51.5806708572,490600,490600,0.0,1.0,tiingo_historical_seed,
2010-09-17,BND,81.99,82.13,81.97,82.0,51.6247461374,51.712896698,51.6121532002,51.6310426061,553400,553400,0.0,1.0,tiingo_historical_seed,
2010-09-20,BND,81.98,82.09,81.95,82.06,51.6184496688,51.6877108235,51.599560263,51.6688214177,510300,510300,0.0,1.0,tiingo_historical_seed,
2010-09-21,BND,82.07,82.42,82.07,82.36,51.6751178863,51.8954942877,51.6751178863,51.857715476,577700,577700,0.0,1.0,tiingo_historical_seed,
2010-09-22,BND,82.45,82.569,82.39,82.43,51.9143836935,51.98931167,51.8766048819,51.9017907563,497700,497700,0.0,1.0,tiingo_historical_seed,
2010-09-23,BND,82.58,82.59,82.4,82.45,51.9962377855,52.0025342541,51.8829013505,51.9143836935,684300,684300,0.0,1.0,tiingo_historical_seed,
2010-09-24,BND,82.41,82.41,82.24,82.26,51.8891978191,51.8891978191,51.7821578527,51.7947507899,563500,563500,0.0,1.0,tiingo_historical_seed,
2010-09-27,BND,82.45,82.64,82.38,82.61,51.9143836935,52.0340165971,51.8703084133,52.0151271913,785900,785900,0.0,1.0,tiingo_historical_seed,
2010-09-28,BND,82.61,82.83,82.61,82.79,52.0151271913,52.1536495007,52.0151271913,52.1284636263,818200,818200,0.0,1.0,tiingo_historical_seed,
2010-09-29,BND,82.78,82.79,82.66,82.7,52.1221671577,52.1284636263,52.0466095343,52.0717954088,430600,430600,0.0,1.0,tiingo_historical_seed,
2010-09-30,BND,82.64,82.7,82.39,82.66,52.0340165971,52.0717954088,51.8766048819,52.0466095343,770400,770400,0.0,1.0,tiingo_historical_seed,
2010-10-01,BND,82.39,82.43,82.22,82.37,52.0171346179,52.0423887189,51.9098046884,52.0045075673,1249200,1249200,0.223134,1.0,tiingo_historical_seed,
2010-10-04,BND,82.46,82.59,82.39,82.58,52.0613292947,52.1434051231,52.0171346179,52.1370915978,571700,571700,0.0,1.0,tiingo_historical_seed,
2010-10-05,BND,82.55,82.638,82.51,82.6,52.118151022,52.1737100443,52.092896921,52.1497186483,758800,758800,0.0,1.0,tiingo_historical_seed,
2010-10-06,BND,82.85,82.89,82.7622,82.79,52.3075567798,52.3328108809,52.252124028,52.2696756283,454000,454000,0.0,1.0,tiingo_historical_seed,
2010-10-07,BND,82.89,82.95,82.83,82.93,52.3328108809,52.3706920324,52.2949297293,52.3580649819,559800,559800,0.0,1.0,tiingo_historical_seed,
2010-10-08,BND,83.0,83.06,82.83,82.83,52.4022596587,52.4401408103,52.2949297293,52.2949297293,1220000,1220000,0.0,1.0,tiingo_historical_seed,
2010-10-11,BND,82.95,82.96,82.79,82.8,52.3706920324,52.3770055577,52.2696756283,52.2759891535,442300,442300,0.0,1.0,tiingo_historical_seed,
2010-10-12,BND,82.91,82.9276,82.72,82.72,52.3454379314,52.3565497358,52.2254809514,52.2254809514,431400,431400,0.0,1.0,tiingo_historical_seed,
2010-10-13,BND,82.75,82.86,82.66,82.85,52.2444215272,52.3138703051,52.1875997999,52.3075567798,612500,612500,0.0,1.0,tiingo_historical_seed,
2010-10-14,BND,82.74,82.84,82.52,82.53,52.238108002,52.3012432546,52.0992104462,52.1055239715,926900,926900,0.0,1.0,tiingo_historical_seed,
2010-10-15,BND,82.41,82.5424,82.34,82.34,52.0297616684,52.1133527428,51.9855669916,51.9855669916,829400,829400,0.0,1.0,tiingo_historical_seed,
2010-10-18,BND,82.52,82.68,82.46,82.65,52.0992104462,52.2002268504,52.0613292947,52.1812862746,486900,486900,0.0,1.0,tiingo_historical_seed,
2010-10-19,BND,82.5,82.8,82.5,82.77,52.0865833957,52.2759891535,52.0865833957,52.2570485777,470800,470800,0.0,1.0,tiingo_historical_seed,
2010-10-20,BND,82.74,82.88,82.67,82.74,52.238108002,52.3264973556,52.1939133251,52.238108002,602700,602700,0.0,1.0,tiingo_historical_seed,
2010-10-21,BND,82.75,82.79,82.65,82.67,52.2444215272,52.2696756283,52.1812862746,52.1939133251,673900,673900,0.0,1.0,tiingo_historical_seed,
2010-10-22,BND,82.64,82.73,82.6101,82.62,52.1749727494,52.2317944767,52.1560953088,52.1623456988,524400,524400,0.0,1.0,tiingo_historical_seed,
2010-10-25,BND,82.79,82.8274,82.62,82.67,52.2696756283,52.2932882127,52.1623456988,52.1939133251,1413900,1413900,0.0,1.0,tiingo_historical_seed,
2010-10-26,BND,82.5,82.5786,82.41,82.44,52.0865833957,52.1362077043,52.0297616684,52.0487022442,386600,386600,0.0,1.0,tiingo_historical_seed,
2010-10-27,BND,82.34,82.41,82.24,82.27,51.9855669916,52.0297616684,51.922431739,51.9413723147,1980200,1980200,0.0,1.0,tiingo_historical_seed,
2010-10-28,BND,82.42,82.55,82.37,82.55,52.0360751936,52.118151022,52.0045075673,52.118151022,700500,700500,0.0,1.0,tiingo_historical_seed,
2010-10-29,BND,82.61,82.71,82.57,82.7,52.1560321736,52.2191674262,52.1307780725,52.2128539009,442900,442900,0.0,1.0,tiingo_historical_seed,
2010-11-01,BND,82.64,82.68,82.39,82.47,52.3192747929,52.3445987401,52.1610001233,52.2116480176,648700,648700,0.22809,1.0,tiingo_historical_seed,
2010-11-02,BND,82.63,82.6301,82.55,82.61,52.3129438062,52.313007116,52.2622959119,52.3002818326,870300,870300,0.0,1.0,tiingo_historical_seed,
2010-11-03,BND,82.78,82.92,82.52,82.7,52.4079086079,52.4965424229,52.2433029515,52.3572607137,1443800,1443800,0.0,1.0,tiingo_historical_seed,
2010-11-04,BND,82.87,83.0,82.84,82.96,52.464887489,52.5471903172,52.4458945286,52.5218663701,838100,838100,0.0,1.0,tiingo_historical_seed,
2010-11-05,BND,82.7601,82.86,82.61,82.61,52.3953099442,52.4585565022,52.3002818326,52.3002818326,1200000,1200000,0.0,1.0,tiingo_historical_seed,
2010-11-08,BND,82.67,82.72,82.61,82.63,52.3382677533,52.3699226872,52.3002818326,52.3129438062,556900,556900,0.0,1.0,tiingo_historical_seed,
2010-11-09,BND,82.63,82.65,82.19,82.21,52.3129438062,52.3256057797,52.0343803876,52.0470423612,502300,502300,0.0,1.0,tiingo_historical_seed,
2010-11-10,BND,82.2001,82.27,81.86,82.18,52.0407746843,52.0850282819,51.8254578237,52.0280494008,884000,884000,0.0,1.0,tiingo_historical_seed,
2010-11-11,BND,82.25,82.26,82.06,82.21,52.0723663083,52.0786972951,51.9520775594,52.0470423612,252900,252900,0.0,1.0,tiingo_historical_seed,
2010-11-12,BND,82.09,82.19,81.81,81.84,51.9710705198,52.0343803876,51.7938028898,51.8127958501,779900,779900,0.0,1.0,tiingo_historical_seed,
2010-11-15,BND,81.68,81.78,81.39,81.45,51.7115000616,51.7748099294,51.5279014448,51.5658873655,1803700,1803700,0.0,1.0,tiingo_historical_seed,
2010-11-16,BND,81.53,81.72,81.26,81.72,51.6165352598,51.7368240087,51.4455986166,51.7368240087,1044200,1044200,0.0,1.0,tiingo_historical_seed,
2010-11-17,BND,81.76,81.9,81.663,81.74,51.7621479558,51.8507817708,51.700737384,51.7494859823,507300,507300,0.0,1.0,tiingo_historical_seed,
2010-11-18,BND,81.68,81.74,81.5301,81.74,51.7115000616,51.7494859823,51.6165985697,51.7494859823,558600,558600,0.0,1.0,tiingo_historical_seed,
2010-11-19,BND,81.73,81.84,81.67,81.76,51.7431549955,51.8127958501,51.7051690748,51.7621479558,1286400,1286400,0.0,1.0,tiingo_historical_seed,
2010-11-22,BND,81.89,82.0,81.89,82.0,51.8444507841,51.9140916387,51.8444507841,51.9140916387,650500,650500,0.0,1.0,tiingo_historical_seed,
2010-11-23,BND,82.09,82.21,82.02,82.02,51.9710705198,52.0470423612,51.9267536123,51.9267536123,728000,728000,0.0,1.0,tiingo_historical_seed,
2010-11-24,BND,81.86,81.9,81.6,81.63,51.8254578237,51.8507817708,51.6608521673,51.6798451276,539400,539400,0.0,1.0,tiingo_historical_seed,
2010-11-26,BND,81.81,81.82,81.611,81.82,51.7938028898,51.8001338766,51.6678162527,51.8001338766,341200,341200,0.0,1.0,tiingo_historical_seed,
2010-11-29,BND,81.96,81.96,81.77,81.88,51.8887676915,51.8887676915,51.7684789426,51.8381197973,373100,373100,0.0,1.0,tiingo_historical_seed,
2010-11-30,BND,82.12,82.14,81.87,81.91,51.9900634801,52.0027254537,51.8317888105,51.8571127576,517500,517500,0.0,1.0,tiingo_historical_seed,
2010-12-01,BND,81.36,81.47,81.16,81.19,51.6482775446,51.7181068284,51.5213152105,51.5403595606,1170600,1170600,0.219678,1.0,tiingo_historical_seed,
2010-12-02,BND,81.15,81.32,81.1,81.12,51.5149670938,51.6228850778,51.4832265102,51.4959227436,720300,720300,0.0,1.0,tiingo_historical_seed,
2010-12-03,BND,81.37,81.45,81.18,81.25,51.6546256614,51.705410595,51.5340114439,51.5784482608,569200,569200,0.0,1.0,tiingo_historical_seed,
2010-12-06,BND,81.37,81.52,81.33,81.52,51.6546256614,51.749847412,51.6292331945,51.749847412,1060300,1060300,0.0,1.0,tiingo_historical_seed,
2010-12-07,BND,81.24,81.27,80.78,80.93,51.5721001441,51.5911444943,51.2800867755,51.3753085262,990300,990300,0.0,1.0,tiingo_historical_seed,
2010-12-08,BND,80.63,80.66,80.25,80.51,51.1848650249,51.203909375,50.9436365899,51.1086876244,966500,966500,0.0,1.0,tiingo_historical_seed,
2010-12-09,BND,80.64,80.72,80.45,80.58,51.1912131416,51.2419980753,51.0705989241,51.1531244413,791900,791900,0.0,1.0,tiingo_historical_seed,
2010-12-10,BND,80.52,80.55,80.32,80.32,51.1150357411,51.1340800912,50.9880734069,50.9880734069,934600,934600,0.0,1.0,tiingo_historical_seed,
2010-12-13,BND,80.24,80.59,80.18,80.53,50.9372884732,51.159472558,50.899199773,51.1213838578,1026300,1026300,0.0,1.0,tiingo_historical_seed,
2010-12-14,BND,80.33,80.43,79.91,80.02,50.9944215236,51.0579026907,50.7278006218,50.7976299056,1305100,1305100,0.0,1.0,tiingo_historical_seed,
2010-12-15,BND,80.09,80.17,79.71,79.77,50.8420667226,50.8928516563,50.6008382877,50.6389269879,926500,926500,0.0,1.0,tiingo_historical_seed,
2010-12-16,BND,79.72,79.99,79.59,79.95,50.6071864044,50.7785855555,50.5246608871,50.7531930887,1117000,1117000,0.0,1.0,tiingo_historical_seed,
2010-12-17,BND,80.0,80.48,80.0,80.44,50.7849336722,51.0896432742,50.7849336722,51.0642508074,868800,868800,0.0,1.0,tiingo_historical_seed,
2010-12-20,BND,80.52,80.699,80.38,80.49,51.1150357411,51.2286670302,51.0261621072,51.095991391,639600,639600,0.0,1.0,tiingo_historical_seed,
2010-12-21,BND,80.55,80.6,80.38,80.58,51.1340800912,51.1658206748,51.0261621072,51.1531244413,1499700,1499700,0.0,1.0,tiingo_historical_seed,
2010-12-22,BND,80.58,80.62,80.43,80.49,51.1531244413,51.1785169082,51.0579026907,51.095991391,546700,546700,0.0,1.0,tiingo_historical_seed,
2010-12-23,BND,80.43,80.43,80.315,80.4,51.0579026907,51.0579026907,50.9848993485,51.0388583406,477000,477000,0.0,1.0,tiingo_historical_seed,
2010-12-27,BND,79.79,80.04,79.7,80.04,51.020454875,51.1803134252,50.962905797,51.1803134252,514800,514800,0.58283,1.0,tiingo_historical_seed,
2010-12-28,BND,79.94,79.97,79.52,79.52,51.1163700051,51.1355530312,50.8478076408,50.8478076408,688600,688600,0.0,1.0,tiingo_historical_seed,
2010-12-29,BND,79.56,80.08,79.5365,79.99,50.8733850089,51.2058907932,50.8583583051,51.1483417152,642100,642100,0.0,1.0,tiingo_historical_seed,
2010-12-30,BND,79.97,80.02,79.7799,80.0,51.1355530312,51.1675247412,51.0139965896,51.1547360572,670800,670800,0.0,1.0,tiingo_historical_seed,
2010-12-31,BND,80.0,80.31,79.999,80.27,51.1547360572,51.3529606594,51.154096623,51.3273832914,534500,534500,0.0,1.0,tiingo_historical_seed,
2011-01-03,BND,80.03,80.23,79.962,80.17,51.1739190832,51.3018059233,51.1304375575,51.2634398713,936500,936500,0.0,1.0,tiingo_historical_seed,
2011-01-04,BND,80.22,80.33,80.08,80.18,51.2954115813,51.3657493434,51.2058907932,51.2698342133,1784100,1784100,0.0,1.0,tiingo_historical_seed,
2011-01-05,BND,79.93,79.98,79.68,79.83,51.1099756631,51.1419473732,50.9501171129,51.0460322431,837300,837300,0.0,1.0,tiingo_historical_seed,
2011-01-06,BND,79.9,79.9638,79.77,79.9,51.0907926371,51.1315885391,51.007666191,51.0907926371,591000,591000,0.0,1.0,tiingo_historical_seed,
2011-01-07,BND,80.0,80.3,79.94,80.2025,51.1547360572,51.3465663174,51.1163700051,51.2842214828,847000,847000,0.0,1.0,tiingo_historical_seed,
2011-01-10,BND,80.29,80.39,80.21,80.39,51.3401719754,51.4041153955,51.2890172393,51.4041153955,509800,509800,0.0,1.0,tiingo_historical_seed,
2011-01-11,BND,80.38,80.39,80.14,80.23,51.3977210534,51.4041153955,51.2442568453,51.3018059233,980700,980700,0.0,1.0,tiingo_historical_seed,
2011-01-12,BND,80.1,80.25,80.0,80.18,51.2186794772,51.3145946074,51.1547360572,51.2698342133,517500,517500,0.0,1.0,tiingo_historical_seed,
2011-01-13,BND,80.11,80.43,80.11,80.43,51.2250738193,51.4296927635,51.2250738193,51.4296927635,1025900,1025900,0.0,1.0,tiingo_historical_seed,
2011-01-14,BND,80.48,80.54,80.3,80.32,51.4616644735,51.5000305256,51.3465663174,51.3593550014,1107000,1107000,0.0,1.0,tiingo_historical_seed,
2011-01-18,BND,80.25,80.3,80.1,80.24,51.3145946074,51.3465663174,51.2186794772,51.3082002653,766200,766200,0.0,1.0,tiingo_historical_seed,
2011-01-19,BND,80.26,80.37,80.2,80.34,51.3209889494,51.3913267114,51.2826228973,51.3721436854,722200,722200,0.0,1.0,tiingo_historical_seed,
2011-01-20,BND,80.19,80.22,79.93,80.04,51.2762285553,51.2954115813,51.1099756631,51.1803134252,1012000,1012000,0.0,1.0,tiingo_historical_seed,
2011-01-21,BND,80.02,80.2,79.9765,80.2,51.1675247412,51.2826228973,51.1397093535,51.2826228973,573300,573300,0.0,1.0,tiingo_historical_seed,
2011-01-24,BND,80.18,80.31,80.17,80.19,51.2698342133,51.3529606594,51.2634398713,51.2762285553,582000,582000,0.0,1.0,tiingo_historical_seed,
2011-01-25,BND,80.27,80.4767,80.15,80.4,51.3273832914,51.4595543407,51.2506511873,51.4105097375,1380800,1380800,0.0,1.0,tiingo_historical_seed,
2011-01-26,BND,80.28,80.3399,80.12,80.12,51.3337776334,51.372079742,51.2314681613,51.2314681613,1104100,1104100,0.0,1.0,tiingo_historical_seed,
2011-01-27,BND,80.19,80.348,80.1172,80.28,51.2762285553,51.377259159,51.2296777455,51.3337776334,441100,441100,0.0,1.0,tiingo_historical_seed,
2011-01-28,BND,80.15,80.5,80.13,80.45,51.2506511873,51.4744531575,51.2378625033,51.4424814475,1006300,1006300,0.0,1.0,tiingo_historical_seed,
2011-01-31,BND,80.42,80.46,80.26,80.34,51.4232984215,51.4488757895,51.3209889494,51.3721436854,1061200,1061200,0.0,1.0,tiingo_historical_seed,
2011-02-01,BND,79.99,80.05,79.84,79.96,51.292363701,51.3308377831,51.1961784959,51.27312666,1186900,1186900,0.225149,1.0,tiingo_historical_seed,
2011-02-02,BND,80.03,80.06,79.79,79.87,51.318013089,51.3372501301,51.1641167609,51.2154155369,810400,810400,0.0,1.0,tiingo_historical_seed,
2011-02-03,BND,79.7,79.806,79.6,79.6,51.1064056378,51.1743765161,51.0422821678,51.0422821678,851500,851500,0.0,1.0,tiingo_historical_seed,
2011-02-04,BND,79.52,79.58,79.28,79.33,50.9909833917,51.0294574738,50.8370870636,50.8691487986,988600,988600,0.0,1.0,tiingo_historical_seed,
2011-02-07,BND,79.25,79.4,79.21,79.34,50.8178500226,50.9140352277,50.7922006346,50.8755611456,1222300,1222300,0.0,1.0,tiingo_historical_seed,
2011-02-08,BND,79.34,79.38,79.07,79.09,50.8755611456,50.9012105337,50.7024277765,50.7152524705,994100,994100,0.0,1.0,tiingo_historical_seed,
2011-02-09,BND,79.12,79.4,79.02,79.28,50.7344895115,50.9140352277,50.6703660414,50.8370870636,1252300,1252300,0.0,1.0,tiingo_historical_seed,
2011-02-10,BND,79.17,79.28,79.02,79.03,50.7665512465,50.8370870636,50.6703660414,50.6767783884,519000,519000,0.0,1.0,tiingo_historical_seed,
2011-02-11,BND,79.3,79.41,79.2,79.3,50.8499117576,50.9204475747,50.7857882875,50.8499117576,769000,769000,0.0,1.0,tiingo_historical_seed,
2011-02-14,BND,79.28,79.55,79.24,79.39,50.8370870636,51.0102204328,50.8114376756,50.9076228807,559300,559300,0.0,1.0,tiingo_historical_seed,
2011-02-15,BND,79.37,79.53,79.34,79.5,50.8947981866,50.9973957387,50.8755611456,50.9781586977,473400,473400,0.0,1.0,tiingo_historical_seed,
2011-02-16,BND,79.5,79.64,79.4202,79.53,50.9781586977,51.0679315558,50.9269881686,50.9973957387,635400,635400,0.0,1.0,tiingo_historical_seed,
2011-02-17,BND,79.67,79.73,79.63,79.65,51.0871685968,51.1256426789,51.0615192088,51.0743439028,561800,561800,0.0,1.0,tiingo_historical_seed,
2011-02-18,BND,79.56,79.68,79.5,79.65,51.0166327798,51.0935809438,50.9781586977,51.0743439028,555800,555800,0.0,1.0,tiingo_historical_seed,
2011-02-22,BND,79.73,79.9764,79.72,79.95,51.1256426789,51.2836429091,51.1192303319,51.266714313,1618800,1618800,0.0,1.0,tiingo_historical_seed,
2011-02-23,BND,80.02,80.11,79.91,79.94,51.311600742,51.3693118651,51.241064925,51.260301966,638700,638700,0.0,1.0,tiingo_historical_seed,
2011-02-24,BND,80.01,80.14,79.98,80.02,51.305188395,51.3885489061,51.285951354,51.311600742,939000,939000,0.0,1.0,tiingo_historical_seed,
2011-02-25,BND,80.1,80.24,80.0601,80.24,51.3628995181,51.4526723762,51.3373142535,51.4526723762,998100,998100,0.0,1.0,tiingo_historical_seed,
2011-02-28,BND,80.24,80.35,80.2,80.35,51.4526723762,51.5232081932,51.4270229881,51.5232081932,1833400,1833400,0.0,1.0,tiingo_historical_seed,
2011-03-01,BND,79.92,80.13,79.87,80.1,51.382804521,51.5178193978,51.3506581218,51.4985315583,558500,558500,0.211517,1.0,tiingo_historical_seed,
2011-03-02,BND,80.07,80.18,79.92,79.94,51.4792437187,51.549965797,51.382804521,51.3956630807,595200,595200,0.0,1.0,tiingo_historical_seed,
2011-03-03,BND,79.77,79.79,79.5818,79.62,51.2863653234,51.2992238831,51.1653662767,51.1899261257,840700,840700,0.0,1.0,tiingo_historical_seed,
2011-03-04,BND,79.74,79.92,79.72,79.89,51.2670774838,51.382804521,51.2542189241,51.3635166815,960000,960000,0.0,1.0,tiingo_historical_seed,
2011-03-07,BND,79.81,80.02,79.78,79.88,51.3120824427,51.4470973195,51.2927946032,51.3570874017,443900,443900,0.0,1.0,tiingo_historical_seed,
2011-03-08,BND,79.85,79.89,79.76,79.81,51.3377995621,51.3635166815,51.2799360435,51.3120824427,499600,499600,0.0,1.0,tiingo_historical_seed,
2011-03-09,BND,79.88,80.0699,79.792,79.95,51.3570874017,51.4791794259,51.300509739,51.4020923606,712800,712800,0.0,1.0,tiingo_historical_seed,
2011-03-10,BND,80.15,80.34,80.03,80.32,51.5306779575,51.6528342745,51.4535265993,51.6399757148,553100,553100,0.0,1.0,tiingo_historical_seed,
2011-03-11,BND,80.35,80.39,80.27,80.33,51.6592635544,51.6849806738,51.6078293156,51.6464049947,724200,724200,0.0,1.0,tiingo_historical_seed,
2011-03-14,BND,80.43,80.5424,80.4,80.41,51.7106977931,51.7829628986,51.6914099536,51.6978392334,568800,568800,0.0,1.0,tiingo_historical_seed,
2011-03-15,BND,80.67,80.69,80.45,80.46,51.8650005094,51.8778590691,51.7235563528,51.7299856327,601100,601100,0.0,1.0,tiingo_historical_seed,
2011-03-16,BND,80.67,81.16,80.59,80.84,51.8650005094,52.1800352218,51.8135662707,51.9742982668,875800,875800,0.0,1.0,tiingo_historical_seed,
2011-03-17,BND,80.69,80.79,80.551,80.7201,51.8778590691,51.9421518676,51.7884920793,51.8972112014,540100,540100,0.0,1.0,tiingo_historical_seed,
2011-03-18,BND,80.58,80.72,80.54,80.71,51.8071369908,51.8971469086,51.7814198714,51.8907176288,533600,533600,0.0,1.0,tiingo_historical_seed,
2011-03-21,BND,80.65,80.65,80.4,80.48,51.8521419497,51.8521419497,51.6914099536,51.7428441924,813800,813800,0.0,1.0,tiingo_historical_seed,
2011-03-22,BND,80.41,80.48,80.3701,80.45,51.6978392334,51.7428441924,51.6721864069,51.7235563528,999300,999300,0.0,1.0,tiingo_historical_seed,
2011-03-23,BND,80.59,80.62,80.39,80.42,51.8135662707,51.8328541102,51.6849806738,51.7042685133,1049500,1049500,0.0,1.0,tiingo_historical_seed,
2011-03-24,BND,80.39,80.42,80.2738,80.29,51.6849806738,51.7042685133,51.610272442,51.6206878753,650000,650000,0.0,1.0,tiingo_historical_seed,
2011-03-25,BND,80.36,80.39,80.119,80.18,51.6656928342,51.6849806738,51.51074719,51.549965797,727400,727400,0.0,1.0,tiingo_historical_seed,
2011-03-28,BND,80.06,80.185,80.04,80.11,51.4728144389,51.5531804369,51.4599558792,51.5049608381,810700,810700,0.0,1.0,tiingo_historical_seed,
2011-03-29,BND,80.08,80.19,79.93,79.97,51.4856729986,51.5563950769,51.3892338009,51.4149509203,649500,649500,0.0,1.0,tiingo_historical_seed,
2011-03-30,BND,80.05,80.14,79.98,80.11,51.466385159,51.5242486776,51.4213802001,51.5049608381,746900,746900,0.0,1.0,tiingo_historical_seed,
2011-03-31,BND,80.21,80.24,80.0,80.02,51.5692536365,51.5885414761,51.4342387598,51.4470973195,717300,717300,0.0,1.0,tiingo_historical_seed,
2011-04-01,BND,79.69,79.93,79.66,79.89,51.3810336889,51.5357764181,51.3616908478,51.5099859632,953300,953300,0.227816,1.0,tiingo_historical_seed,
2011-04-04,BND,79.98,80.09,79.93,79.99,51.5680144867,51.6389382375,51.5357764181,51.5744621004,605000,605000,0.0,1.0,tiingo_historical_seed,
2011-04-05,BND,79.93,79.97,79.79,79.81,51.5357764181,51.5615668729,51.4455098261,51.4584050535,990900,990900,0.0,1.0,tiingo_historical_seed,
2011-04-06,BND,79.77,79.79,79.686,79.6918,51.4326145987,51.4455098261,51.3784546435,51.3821942594,476600,476600,0.0,1.0,tiingo_historical_seed,
2011-04-07,BND,79.73,79.78,79.6,79.67,51.4068241438,51.4390622124,51.3230051655,51.3681384615,679700,679700,0.0,1.0,tiingo_historical_seed,
2011-04-08,BND,79.56,79.67,79.538,79.62,51.2972147107,51.3681384615,51.2830299605,51.3359003929,687500,687500,0.0,1.0,tiingo_historical_seed,
2011-04-11,BND,79.62,79.71,79.571,79.63,51.3359003929,51.3939289164,51.3043070857,51.3423480067,444000,444000,0.0,1.0,tiingo_historical_seed,
2011-04-12,BND,79.77,79.95,79.77,79.91,51.4326145987,51.5486716455,51.4326145987,51.5228811907,778200,778200,0.0,1.0,tiingo_historical_seed,
2011-04-13,BND,79.86,80.09,79.84,80.06,51.4906431221,51.6389382375,51.4777478947,51.6195953964,514500,514500,0.0,1.0,tiingo_historical_seed,
2011-04-14,BND,80.09,80.147,80.0,80.02,51.6389382375,51.6756896357,51.5809097141,51.5938049415,562100,562100,0.0,1.0,tiingo_historical_seed,
2011-04-15,BND,80.19,80.28,80.16,80.27,51.7034143747,51.7614428981,51.6840715335,51.7549952844,1045900,1045900,0.0,1.0,tiingo_historical_seed,
2011-04-18,BND,80.25,80.45,80.19,80.36,51.7421000569,51.8710523312,51.7034143747,51.8130238078,795500,795500,0.0,1.0,tiingo_historical_seed,
2011-04-19,BND,80.46,80.54,80.42,80.49,51.8774999449,51.9290808547,51.8517094901,51.8968427861,531200,531200,0.0,1.0,tiingo_historical_seed,
2011-04-20,BND,80.43,80.5,80.36,80.38,51.8581571038,51.9032903998,51.8130238078,51.8259190352,631200,631200,0.0,1.0,tiingo_historical_seed,
2011-04-21,BND,80.39,80.48,80.38,80.44,51.8323666489,51.8903951724,51.8259190352,51.8646047175,568100,568100,0.0,1.0,tiingo_historical_seed,
2011-04-25,BND,80.46,80.54,80.41,80.49,51.8774999449,51.9290808547,51.8452618764,51.8968427861,719400,719400,0.0,1.0,tiingo_historical_seed,
2011-04-26,BND,80.58,80.75,80.56,80.74,51.9548713095,52.0644807427,51.9419760821,52.0580331289,538200,538200,0.0,1.0,tiingo_historical_seed,
2011-04-27,BND,80.59,80.73,80.55,80.7,51.9613189232,52.0515855152,51.9355284684,52.0322426741,760700,760700,0.0,1.0,tiingo_historical_seed,
2011-04-28,BND,80.79,80.87,80.74,80.85,52.0902711975,52.1418521072,52.0580331289,52.1289568798,1046600,1046600,0.0,1.0,tiingo_historical_seed,
2011-04-29,BND,80.81,80.99,80.81,80.96,52.1031664249,52.2192234718,52.1031664249,52.1998806306,526000,526000,0.0,1.0,tiingo_historical_seed,
2011-05-02,BND,80.86,80.86,80.6862,80.76,52.2790822056,52.2790822056,52.1667138593,52.2144283815,820700,820700,0.222563,1.0,tiingo_historical_seed,
2011-05-03,BND,80.84,80.88,80.75,80.85,52.2661514408,52.2920129705,52.2079629991,52.2726168232,693400,693400,0.0,1.0,tiingo_historical_seed,
2011-05-04,BND,80.86,81.0,80.83,80.95,52.2790822056,52.3695975594,52.2596860584,52.3372706474,821600,821600,0.0,1.0,tiingo_historical_seed,
2011-05-05,BND,81.01,81.17,80.99,81.13,52.3760629418,52.4795090605,52.363132177,52.4536475308,581500,581500,0.0,1.0,tiingo_historical_seed,
2011-05-06,BND,81.05,81.29,80.99,81.19,52.4019244715,52.5570936495,52.363132177,52.4924398253,602600,602600,0.0,1.0,tiingo_historical_seed,
2011-05-09,BND,81.24,81.3,81.19,81.26,52.5247667374,52.5635590319,52.4924398253,52.5376975022,544300,544300,0.0,1.0,tiingo_historical_seed,
2011-05-10,BND,81.19,81.2124,81.03,81.05,52.4924398253,52.5069222819,52.3889937067,52.4019244715,643600,643600,0.0,1.0,tiingo_historical_seed,
2011-05-11,BND,81.02,81.212,80.98,81.15,52.3825283243,52.5066636666,52.3566667946,52.4665782956,570800,570800,0.0,1.0,tiingo_historical_seed,
2011-05-12,BND,81.11,81.2,81.0,81.071,52.440716766,52.4989052077,52.3695975594,52.4155017746,994000,994000,0.0,1.0,tiingo_historical_seed,
2011-05-13,BND,81.18,81.3602,81.1593,81.19,52.4859744429,52.602480634,52.4725911013,52.4924398253,696200,696200,0.0,1.0,tiingo_historical_seed,
2011-05-16,BND,81.26,81.39,81.19,81.38,52.5376975022,52.6217474736,52.4924398253,52.6152820912,1271500,1271500,0.0,1.0,tiingo_historical_seed,
2011-05-17,BND,81.49,81.54,81.44,81.51,52.6864012977,52.7187282098,52.6540743857,52.6993320626,713200,713200,0.0,1.0,tiingo_historical_seed,
2011-05-18,BND,81.47,81.49,81.27,81.28,52.6734705329,52.6864012977,52.5441628846,52.550628267,705300,705300,0.0,1.0,tiingo_historical_seed,
2011-05-19,BND,81.04,81.29,81.04,81.25,52.3954590891,52.5570936495,52.3954590891,52.5312321198,759900,759900,0.0,1.0,tiingo_historical_seed,
2011-05-20,BND,81.26,81.39,81.26,81.32,52.5376975022,52.6217474736,52.5376975022,52.5764897967,752700,752700,0.0,1.0,tiingo_historical_seed,
2011-05-23,BND,81.53,81.53,81.37,81.37,52.7122628274,52.7122628274,52.6088167088,52.6088167088,540400,540400,0.0,1.0,tiingo_historical_seed,
2011-05-24,BND,81.37,81.4499,81.31,81.42,52.6088167088,52.6604751143,52.5700244143,52.6411436208,1002500,1002500,0.0,1.0,tiingo_historical_seed,
2011-05-25,BND,81.49,81.52,81.38,81.45,52.6864012977,52.705797445,52.6152820912,52.6605397681,486300,486300,0.0,1.0,tiingo_historical_seed,
2011-05-26,BND,81.49,81.655,81.45,81.56,52.6864012977,52.7930801076,52.6605397681,52.7316589747,1436000,1436000,0.0,1.0,tiingo_historical_seed,
2011-05-27,BND,81.59,81.62,81.54,81.59,52.7510551219,52.7704512691,52.7187282098,52.7510551219,774700,774700,0.0,1.0,tiingo_historical_seed,
2011-05-31,BND,81.55,81.75,81.46,81.69,52.7251935922,52.8545012405,52.6670051505,52.815708946,1267900,1267900,0.0,1.0,tiingo_historical_seed,
2011-06-01,BND,81.63,81.86,81.6,81.86,52.9212891772,53.0703997555,52.9018399713,53.0703997555,1058300,1058300,0.22393,1.0,tiingo_historical_seed,
2011-06-02,BND,81.68,81.74,81.53,81.53,52.9537045203,52.992602932,52.8564584909,52.8564584909,892100,892100,0.0,1.0,tiingo_historical_seed,
2011-06-03,BND,81.83,81.83,81.54,81.67,53.0509505496,53.0509505496,52.8629415595,52.9472214517,747300,747300,0.0,1.0,tiingo_historical_seed,
2011-06-06,BND,81.56,81.69,81.55,81.62,52.8759076968,52.9601875889,52.8694246282,52.9148061085,841900,841900,0.0,1.0,tiingo_historical_seed,
2011-06-07,BND,81.56,81.73,81.49,81.72,52.8759076968,52.9861198634,52.8305262164,52.9796367948,917800,917800,0.0,1.0,tiingo_historical_seed,
2011-06-08,BND,81.77,81.9672,81.75,81.88,53.0120521379,53.1398982512,52.9990860006,53.0833658928,825100,825100,0.0,1.0,tiingo_historical_seed,
2011-06-09,BND,81.87,81.89,81.63,81.69,53.0768828241,53.0898489614,52.9212891772,52.9601875889,1069900,1069900,0.0,1.0,tiingo_historical_seed,
2011-06-10,BND,81.78,81.87,81.692,81.79,53.0185352065,53.0768828241,52.9614842026,53.0250182751,975900,975900,0.0,1.0,tiingo_historical_seed,
2011-06-13,BND,81.67,81.8399,81.65,81.71,52.9472214517,53.0573687876,52.9342553144,52.9731537261,844200,844200,0.0,1.0,tiingo_historical_seed,
2011-06-14,BND,81.51,81.51,81.37,81.37,52.8434923537,52.8434923537,52.7527293929,52.7527293929,860100,860100,0.0,1.0,tiingo_historical_seed,
2011-06-15,BND,81.45,81.78,81.41,81.7,52.8045939419,53.0185352065,52.7786616674,52.9666706575,1002500,1002500,0.0,1.0,tiingo_historical_seed,
2011-06-16,BND,81.8,81.88,81.7,81.75,53.0315013438,53.0833658928,52.9666706575,52.9990860006,885200,885200,0.0,1.0,tiingo_historical_seed,
2011-06-17,BND,81.71,81.85,81.69,81.83,52.9731537261,53.0639166869,52.9601875889,53.0509505496,1254100,1254100,0.0,1.0,tiingo_historical_seed,
2011-06-20,BND,81.85,81.87,81.67,81.73,53.0639166869,53.0768828241,52.9472214517,52.9861198634,804700,804700,0.0,1.0,tiingo_historical_seed,
2011-06-21,BND,81.64,81.83,81.64,81.75,52.9277722458,53.0509505496,52.9277722458,52.9990860006,700300,700300,0.0,1.0,tiingo_historical_seed,
2011-06-22,BND,81.82,81.91,81.679,81.77,53.044467481,53.1028150986,52.9530562134,53.0120521379,681100,681100,0.0,1.0,tiingo_historical_seed,
2011-06-23,BND,81.91,82.0355,81.8999,81.97,53.1028150986,53.1841776099,53.0962671993,53.1417135104,925200,925200,0.0,1.0,tiingo_historical_seed,
2011-06-24,BND,81.93,82.14,81.92,82.05,53.1157812359,53.251925677,53.1092981673,53.1935780594,725000,725000,0.0,1.0,tiingo_historical_seed,
2011-06-27,BND,82.04,82.04,81.7701,81.81,53.1870949907,53.1870949907,53.0121169686,53.0379844124,704000,704000,0.0,1.0,tiingo_historical_seed,
2011-06-28,BND,81.71,81.72,81.39,81.51,52.9731537261,52.9796367948,52.7656955302,52.8434923537,2249600,2249600,0.0,1.0,tiingo_historical_seed,
2011-06-29,BND,81.45,81.5,81.27,81.33,52.8045939419,52.837009285,52.6878987067,52.7267971184,1438900,1438900,0.0,1.0,tiingo_historical_seed,
2011-06-30,BND,81.41,81.44,81.01,81.16,52.7786616674,52.7981108733,52.5193389225,52.6165849518,1808400,1808400,0.0,1.0,tiingo_historical_seed,
2011-07-01,BND,81.04,81.12,80.88,80.98,52.6797293639,52.7317330454,52.5757220009,52.6407266028,922700,922700,0.217238,1.0,tiingo_historical_seed,
2011-07-05,BND,81.1,81.27,81.1,81.25,52.718732125,52.8292399482,52.718732125,52.8162390279,739900,739900,0.0,1.0,tiingo_historical_seed,
2011-07-06,BND,81.26,81.37,81.21,81.3,52.822739488,52.8942445501,52.7902371871,52.8487413288,1144400,1144400,0.0,1.0,tiingo_historical_seed,
2011-07-07,BND,81.11,81.15,80.98,81.13,52.7252325852,52.751234426,52.6407266028,52.7382335056,915900,915900,0.0,1.0,tiingo_historical_seed,
2011-07-08,BND,81.44,81.63,81.42,81.55,52.9397477714,53.063256515,52.926746851,53.0112528335,1066800,1066800,0.0,1.0,tiingo_historical_seed,
2011-07-11,BND,81.71,81.86,81.68,81.79,53.1152601965,53.2127670993,53.0957588159,53.167263878,592200,592200,0.0,1.0,tiingo_historical_seed,
2011-07-12,BND,81.89,81.92,81.7,81.87,53.2322684799,53.2517698605,53.1087597363,53.2192675595,882600,882600,0.0,1.0,tiingo_historical_seed,
2011-07-13,BND,81.79,81.98,81.75,81.98,53.167263878,53.2907726216,53.1412620373,53.2907726216,1043600,1043600,0.0,1.0,tiingo_historical_seed,
2011-07-14,BND,81.82,81.93,81.67,81.67,53.1867652586,53.2582703206,53.0892583558,53.0892583558,998500,998500,0.0,1.0,tiingo_historical_seed,
2011-07-15,BND,81.58,81.87,81.57,81.82,53.0307542141,53.2192675595,53.0242537539,53.1867652586,574100,574100,0.0,1.0,tiingo_historical_seed,
2011-07-18,BND,81.84,81.86,81.71,81.71,53.1997661789,53.2127670993,53.1152601965,53.1152601965,799100,799100,0.0,1.0,tiingo_historical_seed,
2011-07-19,BND,81.64,81.94,81.63,81.93,53.0697569752,53.2647707808,53.063256515,53.2582703206,799000,799000,0.0,1.0,tiingo_historical_seed,
2011-07-20,BND,81.88,81.92,81.76,81.8,53.2257680197,53.2517698605,53.1477624974,53.1737643382,822100,822100,0.0,1.0,tiingo_historical_seed,
2011-07-21,BND,81.71,81.75,81.51,81.62,53.1152601965,53.1412620373,52.9852509927,53.0567560548,656800,656800,0.0,1.0,tiingo_historical_seed,
2011-07-22,BND,81.71,81.84,81.69,81.84,53.1152601965,53.1997661789,53.1022592761,53.1997661789,926000,926000,0.0,1.0,tiingo_historical_seed,
2011-07-25,BND,81.61,81.8,81.525,81.57,53.0502555946,53.1737643382,52.995001683,53.0242537539,797600,797600,0.0,1.0,tiingo_historical_seed,
2011-07-26,BND,81.68,81.86,81.63,81.77,53.0957588159,53.2127670993,53.063256515,53.1542629576,605900,605900,0.0,1.0,tiingo_historical_seed,
2011-07-27,BND,81.66,81.79,81.57,81.6,53.0827578956,53.167263878,53.0242537539,53.0437551344,846300,846300,0.0,1.0,tiingo_historical_seed,
2011-07-28,BND,81.74,81.88,81.7,81.84,53.1347615771,53.2257680197,53.1087597363,53.1997661789,1649000,1649000,0.0,1.0,tiingo_historical_seed,
2011-07-29,BND,81.96,82.29,81.86,82.26,53.2777717012,53.4922868874,53.2127670993,53.4727855068,1959000,1959000,0.0,1.0,tiingo_historical_seed,
2011-08-01,BND,82.05,82.37,82.02,82.3,53.4793784319,53.6879512668,53.4598247287,53.6423259591,1305200,1305200,0.220813,1.0,tiingo_historical_seed,
2011-08-02,BND,82.37,82.75,82.29,82.65,53.6879512668,53.9356315081,53.6358080581,53.8704524972,1295500,1295500,0.0,1.0,tiingo_historical_seed,
2011-08-03,BND,82.74,82.95,82.69,82.71,53.929113607,54.0659895299,53.8965241016,53.9095599038,1389200,1389200,0.0,1.0,tiingo_historical_seed,
2011-08-04,BND,82.83,83.216,82.77,83.21,53.9877747168,54.2393656989,53.9486673103,54.2354549582,1100600,1100600,0.0,1.0,tiingo_historical_seed,
2011-08-05,BND,82.94,83.17,82.56,82.67,54.0594716288,54.2093833539,53.8117913875,53.8834882994,1354000,1354000,0.0,1.0,tiingo_historical_seed,
2011-08-08,BND,82.62,83.18,82.62,83.06,53.850898794,54.2159012549,53.850898794,54.1376864419,4990000,4990000,0.0,1.0,tiingo_historical_seed,
2011-08-09,BND,83.05,83.98,82.72,83.35,54.1311685408,54.737333342,53.9160778049,54.3267055734,2320800,2320800,0.0,1.0,tiingo_historical_seed,
2011-08-10,BND,83.76,84.04,83.58,84.01,54.5939395181,54.7764407486,54.4766172985,54.7568870453,2467300,2467300,0.0,1.0,tiingo_historical_seed,
2011-08-11,BND,83.52,83.72,83.14,83.2,54.437509892,54.5678679137,54.1898296506,54.2289370571,1863900,1863900,0.0,1.0,tiingo_historical_seed,
2011-08-12,BND,83.34,83.65,83.29,83.47,54.3201876724,54.5222426061,54.2875981669,54.4049203865,1140700,1140700,0.0,1.0,tiingo_historical_seed,
2011-08-15,BND,83.48,83.58,83.31,83.33,54.4114382876,54.4766172985,54.3006339691,54.3136697713,1549600,1549600,0.0,1.0,tiingo_historical_seed,
2011-08-16,BND,83.3,83.64,83.25,83.58,54.294116068,54.515724705,54.2615265626,54.4766172985,1283500,1283500,0.0,1.0,tiingo_historical_seed,
2011-08-17,BND,83.6,83.79,83.46,83.7266,54.4896531007,54.6134932213,54.3984024854,54.5721697284,958800,958800,0.0,1.0,tiingo_historical_seed,
2011-08-18,BND,84.03,84.25,83.89,83.91,54.7699228475,54.9133166714,54.6786722322,54.6917080344,2431000,2431000,0.0,1.0,tiingo_historical_seed,
2011-08-19,BND,83.92,84.03,83.82,83.99,54.6982259355,54.7699228475,54.6330469246,54.7438512431,1547900,1547900,0.0,1.0,tiingo_historical_seed,
2011-08-22,BND,83.83,83.9,83.7,83.8,54.6395648257,54.6851901333,54.5548321116,54.6200111224,1035400,1035400,0.0,1.0,tiingo_historical_seed,
2011-08-23,BND,83.68,83.8,83.51,83.55,54.5417963094,54.6200111224,54.4309919909,54.4570635952,1660600,1660600,0.0,1.0,tiingo_historical_seed,
2011-08-24,BND,83.5,83.5,83.061,83.07,54.4244740898,54.4244740898,54.138338232,54.144204343,1464900,1464900,0.0,1.0,tiingo_historical_seed,
2011-08-25,BND,83.21,83.34,83.12,83.3,54.2354549582,54.3201876724,54.1767938484,54.294116068,2174800,2174800,0.0,1.0,tiingo_historical_seed,
2011-08-26,BND,83.47,83.54,83.222,83.4,54.4049203865,54.4505456941,54.2432764395,54.3592950789,971100,971100,0.0,1.0,tiingo_historical_seed,
2011-08-29,BND,83.21,83.23,83.04,83.2,54.2354549582,54.2484907604,54.1246506397,54.2289370571,1632100,1632100,0.0,1.0,tiingo_historical_seed,
2011-08-30,BND,83.43,83.57,83.23,83.51,54.3788487822,54.4700993974,54.2484907604,54.4309919909,830500,830500,0.0,1.0,tiingo_historical_seed,
2011-08-31,BND,83.63,83.64,83.34,83.4,54.5092068039,54.515724705,54.3201876724,54.3592950789,2267600,2267600,0.0,1.0,tiingo_historical_seed,
2011-09-01,BND,83.32,83.54,83.046,83.54,54.4456598103,54.5894193537,54.2666138334,54.5894193537,1902400,1902400,0.213065,1.0,tiingo_historical_seed,
2011-09-02,BND,83.75,83.89,83.63,83.77,54.7266443724,54.8181277182,54.648230076,54.7397134218,1355800,1355800,0.0,1.0,tiingo_historical_seed,
2011-09-06,BND,83.93,83.96,83.78,83.89,54.844265817,54.8638693911,54.7462479465,54.8181277182,1240900,1240900,0.0,1.0,tiingo_historical_seed,
2011-09-07,BND,83.78,83.8,83.62,83.7,54.7462479465,54.7593169959,54.6416955513,54.6939717489,1235500,1235500,0.0,1.0,tiingo_historical_seed,
2011-09-08,BND,83.87,83.87,83.6436,83.81,54.8050586688,54.8050586688,54.6571170296,54.7658515206,973600,973600,0.0,1.0,tiingo_historical_seed,
2011-09-09,BND,83.77,84.0,83.75,83.88,54.7397134218,54.8900074899,54.7266443724,54.8115931935,909700,909700,0.0,1.0,tiingo_historical_seed,
2011-09-12,BND,83.73,83.85,83.54,83.63,54.713575323,54.7919896194,54.5894193537,54.648230076,2441200,2441200,0.0,1.0,tiingo_historical_seed,
2011-09-13,BND,83.68,83.68,83.44,83.54,54.6809026995,54.6809026995,54.5240741067,54.5894193537,995300,995300,0.0,1.0,tiingo_historical_seed,
2011-09-14,BND,83.5,83.72,83.5,83.72,54.5632812549,54.7070407983,54.5632812549,54.7070407983,1044900,1044900,0.0,1.0,tiingo_historical_seed,
2011-09-15,BND,83.56,83.63,83.48,83.56,54.6024884031,54.648230076,54.5502122055,54.6024884031,1146400,1146400,0.0,1.0,tiingo_historical_seed,
2011-09-16,BND,83.36,83.6,83.34,83.53,54.4717979091,54.6286265019,54.4587288597,54.582884829,1211300,1211300,0.0,1.0,tiingo_historical_seed,
2011-09-19,BND,83.86,83.97,83.78,83.79,54.7985241441,54.8704039158,54.7462479465,54.7527824712,1104100,1104100,0.0,1.0,tiingo_historical_seed,
2011-09-20,BND,83.89,83.94,83.8,83.9,54.8181277182,54.8508003417,54.7593169959,54.8246622429,705500,705500,0.0,1.0,tiingo_historical_seed,
2011-09-21,BND,83.92,84.17,83.8635,84.13,54.8377312923,55.0010944099,54.8008112278,54.974956311,1434000,1434000,0.0,1.0,tiingo_historical_seed,
2011-09-22,BND,84.39,84.58,84.298,84.33,55.1448539533,55.2690099226,55.084736326,55.1056468051,1033100,1033100,0.0,1.0,tiingo_historical_seed,
2011-09-23,BND,84.39,84.39,83.99,84.05,55.1448539533,55.1448539533,54.8834729652,54.9226801134,803000,803000,0.0,1.0,tiingo_historical_seed,
2011-09-26,BND,83.96,84.07,83.75,83.79,54.8638693911,54.9357491628,54.7266443724,54.7527824712,986600,986600,0.0,1.0,tiingo_historical_seed,
2011-09-27,BND,83.62,83.67,83.46,83.62,54.6416955513,54.6743681748,54.5371431561,54.6416955513,1943800,1943800,0.0,1.0,tiingo_historical_seed,
2011-09-28,BND,83.6,83.63,83.4,83.44,54.6286265019,54.648230076,54.4979360079,54.5240741067,2090900,2090900,0.0,1.0,tiingo_historical_seed,
2011-09-29,BND,83.36,83.55,83.34,83.43,54.4717979091,54.5959538784,54.4587288597,54.517539582,1204300,1204300,0.0,1.0,tiingo_historical_seed,
2011-09-30,BND,83.64,83.8,83.5508,83.74,54.6547646007,54.7593169959,54.5964766404,54.7201098477,1283000,1283000,0.0,1.0,tiingo_historical_seed,
2011-10-03,BND,83.7,84.01,83.61,84.0,54.8330897728,55.0361752904,54.7741294612,55.0296241447,2078800,2078800,0.21366,1.0,tiingo_historical_seed,
2011-10-04,BND,84.0,84.05,83.65,83.67,55.0296241447,55.0623798734,54.8003340441,54.8134363356,1500000,1500000,0.0,1.0,tiingo_historical_seed,
2011-10-05,BND,83.58,83.604,83.27,83.31,54.754476024,54.7701987737,54.5513905063,54.5775950892,3989600,3989600,0.0,1.0,tiingo_historical_seed,
2011-10-06,BND,83.35,83.3899,83.21,83.26,54.6037996721,54.6299387436,54.5120836319,54.5448393606,1159300,1159300,0.0,1.0,tiingo_historical_seed,
2011-10-07,BND,83.08,83.25,82.97,83.08,54.4269187374,54.5382882148,54.3548561344,54.4269187374,4949900,4949900,0.0,1.0,tiingo_historical_seed,
2011-10-10,BND,83.05,83.13,82.72,82.96,54.4072653002,54.4596744661,54.1910774911,54.3483049886,1072500,1072500,0.0,1.0,tiingo_historical_seed,
2011-10-11,BND,83.01,83.02,82.9,82.92,54.3810607173,54.387611863,54.3089981142,54.3221004057,976200,976200,0.0,1.0,tiingo_historical_seed,
2011-10-12,BND,82.74,82.96,82.72,82.9,54.2041797825,54.3483049886,54.1910774911,54.3089981142,2032400,2032400,0.0,1.0,tiingo_historical_seed,
2011-10-13,BND,83.02,83.12,82.9,83.0,54.387611863,54.4531233203,54.3089981142,54.3745095715,1690600,1690600,0.0,1.0,tiingo_historical_seed,
2011-10-14,BND,82.78,82.95,82.75,82.85,54.2303843655,54.3417538429,54.2107309283,54.2762423856,861400,861400,0.0,1.0,tiingo_historical_seed,
2011-10-17,BND,82.85,83.15,82.85,83.14,54.2762423856,54.4727767575,54.2762423856,54.4662256118,1680700,1680700,0.0,1.0,tiingo_historical_seed,
2011-10-18,BND,83.18,83.27,83.01,83.05,54.4924301947,54.5513905063,54.3810607173,54.4072653002,844700,844700,0.0,1.0,tiingo_historical_seed,
2011-10-19,BND,83.08,83.36,83.02,83.27,54.4269187374,54.6103508179,54.387611863,54.5513905063,1940700,1940700,0.0,1.0,tiingo_historical_seed,
2011-10-20,BND,83.23,83.41,83.12,83.23,54.5251859234,54.6431065465,54.4531233203,54.5251859234,1844200,1844200,0.0,1.0,tiingo_historical_seed,
2011-10-21,BND,83.25,83.32,83.1,83.1,54.5382882148,54.584146235,54.4400210289,54.4400210289,1885800,1885800,0.0,1.0,tiingo_historical_seed,
2011-10-24,BND,83.13,83.22,83.08,83.16,54.4596744661,54.5186347776,54.4269187374,54.4793279033,1261000,1261000,0.0,1.0,tiingo_historical_seed,
2011-10-25,BND,83.15,83.61,83.15,83.59,54.4727767575,54.7741294612,54.4727767575,54.7610271697,1615800,1615800,0.0,1.0,tiingo_historical_seed,
2011-10-26,BND,83.46,83.64,83.36,83.38,54.6758622752,54.7937828984,54.6103508179,54.6234531093,887900,887900,0.0,1.0,tiingo_historical_seed,
2011-10-27,BND,83.29,83.31,82.9,83.27,54.5644927978,54.5775950892,54.3089981142,54.5513905063,1586200,1586200,0.0,1.0,tiingo_historical_seed,
2011-10-28,BND,83.09,83.305,83.01,83.25,54.4334698831,54.5743195164,54.3810607173,54.5382882148,654900,654900,0.0,1.0,tiingo_historical_seed,
2011-10-31,BND,83.55,83.65,83.4,83.62,54.7348225868,54.8003340441,54.6365554008,54.7806806069,1457400,1457400,0.0,1.0,tiingo_historical_seed,
2011-11-01,BND,83.8,84.04,83.62,84.03,55.0358255202,55.1934460229,54.9176101432,55.186878502,2003400,2003400,0.210041,1.0,tiingo_historical_seed,
2011-11-02,BND,83.78,84.03,83.7758,83.98,55.0226904783,55.186878502,55.0199321195,55.1540408972,1038100,1038100,0.0,1.0,tiingo_historical_seed,
2011-11-03,BND,83.8,83.9672,83.76,83.77,55.0358255202,55.1456344704,55.0095554364,55.0161229574,1275300,1275300,0.0,1.0,tiingo_historical_seed,
2011-11-04,BND,83.75,83.92,83.73,83.89,55.0029879155,55.1146357716,54.9898528736,55.0949332087,2324000,2324000,0.0,1.0,tiingo_historical_seed,
2011-11-07,BND,83.81,84.105,83.77,83.91,55.0423930412,55.236134909,55.0161229574,55.1080682506,2067200,2067200,0.0,1.0,tiingo_historical_seed,
2011-11-08,BND,83.88,83.95,83.63,83.65,55.0883656878,55.1343383344,54.9241776641,54.937312706,1891400,1891400,0.0,1.0,tiingo_historical_seed,
2011-11-09,BND,83.93,83.93,83.67,83.75,55.1212032925,55.1212032925,54.9504477479,55.0029879155,1346800,1346800,0.0,1.0,tiingo_historical_seed,
2011-11-10,BND,83.61,83.77,83.45,83.65,54.9110426223,55.0161229574,54.8059622871,54.937312706,2487500,2487500,0.0,1.0,tiingo_historical_seed,
2011-11-11,BND,83.62,83.64,83.51,83.59,54.9176101432,54.9307451851,54.8453674128,54.8979075804,698100,698100,0.0,1.0,tiingo_historical_seed,
2011-11-14,BND,83.66,83.68,83.47,83.596,54.943880227,54.9570152689,54.819097329,54.9018480929,1279600,1279600,0.0,1.0,tiingo_historical_seed,
2011-11-15,BND,83.64,83.72,83.5,83.55,54.9307451851,54.9832853527,54.8387998919,54.8716374966,1323200,1323200,0.0,1.0,tiingo_historical_seed,
2011-11-16,BND,83.71,83.71,83.59,83.71,54.9767178317,54.9767178317,54.8979075804,54.9767178317,1705400,1705400,0.0,1.0,tiingo_historical_seed,
2011-11-17,BND,83.6,83.75,83.5225,83.67,54.9044751013,55.0029879155,54.853576814,54.9504477479,1147800,1147800,0.0,1.0,tiingo_historical_seed,
2011-11-18,BND,83.69,83.699,83.38,83.62,54.9635827898,54.9694935587,54.7599896405,54.9176101432,1032700,1032700,0.0,1.0,tiingo_historical_seed,
2011-11-21,BND,83.67,83.73,83.5838,83.6,54.9504477479,54.9898528736,54.8938357174,54.9044751013,2076200,2076200,0.0,1.0,tiingo_historical_seed,
2011-11-22,BND,83.63,83.731,83.51,83.69,54.9241776641,54.9905096257,54.8453674128,54.9635827898,1217400,1217400,0.0,1.0,tiingo_historical_seed,
2011-11-23,BND,83.6,83.83,83.57,83.78,54.9044751013,55.055528083,54.8847725385,55.0226904783,1525400,1525400,0.0,1.0,tiingo_historical_seed,
2011-11-25,BND,83.62,83.79,83.62,83.662,54.9176101432,55.0292579993,54.9176101432,54.9451937312,1453300,1453300,0.0,1.0,tiingo_historical_seed,
2011-11-28,BND,83.35,83.73,83.283,83.66,54.7402870777,54.9898528736,54.6962846873,54.943880227,1550300,1550300,0.0,1.0,tiingo_historical_seed,
2011-11-29,BND,83.55,83.7,83.3946,83.54,54.8716374966,54.9701503108,54.7695782211,54.8650699756,744300,744300,0.0,1.0,tiingo_historical_seed,
2011-11-30,BND,83.49,83.5,83.15,83.36,54.8322323709,54.8387998919,54.6089366588,54.7468545986,1965300,1965300,0.0,1.0,tiingo_historical_seed,
2011-12-01,BND,83.1,83.21,82.83,83.13,54.7096283138,54.7820477977,54.5318713987,54.7293790821,1570600,1570600,0.203391,1.0,tiingo_historical_seed,
2011-12-02,BND,83.08,83.415,83.03,83.4,54.6964611349,54.9170113814,54.6635431877,54.9071359972,2347000,2347000,0.0,1.0,tiingo_historical_seed,
2011-12-05,BND,83.22,83.43,83.104,83.41,54.7886313872,54.9268867656,54.7122617496,54.9137195867,2386300,2386300,0.0,1.0,tiingo_historical_seed,
2011-12-06,BND,83.26,83.3887,83.18,83.3,54.814965745,54.8996965412,54.7622970294,54.8413001028,858400,858400,0.0,1.0,tiingo_historical_seed,
2011-12-07,BND,83.35,83.52,83.26,83.41,54.87421805,54.9861390706,54.814965745,54.9137195867,1397000,1397000,0.0,1.0,tiingo_historical_seed,
2011-12-08,BND,83.4,83.66,83.4,83.6,54.9071359972,55.0783093229,54.9071359972,55.0388077862,1075900,1075900,0.0,1.0,tiingo_historical_seed,
2011-12-09,BND,83.57,83.68,83.3693,83.4,55.0190570179,55.0914765018,54.8869243776,54.9071359972,1187600,1187600,0.0,1.0,tiingo_historical_seed,
2011-12-12,BND,83.52,83.586,83.467,83.49,54.9861390706,55.029590761,54.9512460465,54.9663883023,841400,841400,0.0,1.0,tiingo_historical_seed,
2011-12-13,BND,83.41,83.77,83.409,83.7,54.9137195867,55.1507288068,54.9130612277,55.1046436807,2088000,2088000,0.0,1.0,tiingo_historical_seed,
2011-12-14,BND,83.74,83.9,83.67,83.86,55.1309780385,55.2363154696,55.0848929123,55.2099811119,1996800,1996800,0.0,1.0,tiingo_historical_seed,
2011-12-15,BND,83.78,83.87,83.75,83.82,55.1573123963,55.2165647013,55.1375616279,55.1836467541,2590900,2590900,0.0,1.0,tiingo_historical_seed,
2011-12-16,BND,83.92,84.06,83.92,84.05,55.2494826485,55.3416529008,55.2494826485,55.3350693114,1355900,1355900,0.0,1.0,tiingo_historical_seed,
2011-12-19,BND,84.07,84.2,84.0,84.02,55.3482364903,55.4338231531,55.3021513641,55.315318543,1316300,1316300,0.0,1.0,tiingo_historical_seed,
2011-12-20,BND,84.11,84.11,83.85,83.85,55.3745708481,55.3745708481,55.2033975224,55.2033975224,1285400,1285400,0.0,1.0,tiingo_historical_seed,
2011-12-21,BND,83.89,83.9,83.62,83.62,55.2297318802,55.2363154696,55.0519749651,55.0519749651,1065100,1065100,0.0,1.0,tiingo_historical_seed,
2011-12-22,BND,83.76,83.83,83.7201,83.78,55.1441452174,55.1902303435,55.1178766955,55.1573123963,859700,859700,0.0,1.0,tiingo_historical_seed,
2011-12-23,BND,83.04,83.38,83.01,83.29,55.0614129978,55.2868571262,55.0415208689,55.2271807393,990300,990300,0.596125,1.0,tiingo_historical_seed,
2011-12-27,BND,83.15,83.25,82.88,83.09,55.1343508041,55.2006579007,54.9553216433,55.0945665461,1686800,1686800,0.0,1.0,tiingo_historical_seed,
2011-12-28,BND,83.12,83.43,83.02,83.41,55.1144586751,55.3200106745,55.0481515785,55.3067492552,1416800,1416800,0.0,1.0,tiingo_historical_seed,
2011-12-29,BND,83.41,83.55,83.32,83.48,55.3067492552,55.3995791904,55.2470728683,55.3531642228,1062300,1062300,0.0,1.0,tiingo_historical_seed,
2011-12-30,BND,83.6,83.65,83.46,83.54,55.4327327387,55.465886287,55.3399028035,55.3929484807,1535100,1535100,0.0,1.0,tiingo_historical_seed,
2012-01-03,BND,83.43,83.43,83.18,83.28,55.3200106745,55.3200106745,55.1542429331,55.2205500296,2282600,2282600,0.0,1.0,tiingo_historical_seed,
2012-01-04,BND,83.32,83.36,83.21,83.32,55.2470728683,55.2735957069,55.174135062,55.2470728683,2227400,2227400,0.0,1.0,tiingo_historical_seed,
2012-01-05,BND,83.3,83.41,83.22,83.29,55.2338114489,55.3067492552,55.1807657717,55.2271807393,1194800,1194800,0.0,1.0,tiingo_historical_seed,
2012-01-06,BND,83.31,83.45,83.29,83.34,55.2404421586,55.3332720938,55.2271807393,55.2603342876,1053000,1053000,0.0,1.0,tiingo_historical_seed,
2012-01-09,BND,83.34,83.55,83.34,83.41,55.2603342876,55.3995791904,55.2603342876,55.3067492552,833800,833800,0.0,1.0,tiingo_historical_seed,
2012-01-10,BND,83.42,83.5,83.34,83.37,55.3133799648,55.3664256421,55.2603342876,55.2802264166,964100,964100,0.0,1.0,tiingo_historical_seed,
2012-01-11,BND,83.51,83.59,83.45,83.57,55.3730563518,55.426102029,55.3332720938,55.4128406097,853400,853400,0.0,1.0,tiingo_historical_seed,
2012-01-12,BND,83.65,83.65,83.37,83.45,55.465886287,55.465886287,55.2802264166,55.3332720938,2047900,2047900,0.0,1.0,tiingo_historical_seed,
2012-01-13,BND,83.7,83.78,83.59,83.7,55.4990398353,55.5520855125,55.426102029,55.4990398353,889100,889100,0.0,1.0,tiingo_historical_seed,
2012-01-17,BND,83.77,83.82,83.62,83.63,55.5454548029,55.5786083511,55.445994158,55.4526248677,878100,878100,0.0,1.0,tiingo_historical_seed,
2012-01-18,BND,83.8,83.81,83.61,83.61,55.5653469318,55.5719776415,55.4393634483,55.4393634483,1904100,1904100,0.0,1.0,tiingo_historical_seed,
2012-01-19,BND,83.61,83.68,83.4678,83.53,55.4393634483,55.4857784159,55.345074757,55.3863177711,1783800,1783800,0.0,1.0,tiingo_historical_seed,
2012-01-20,BND,83.55,83.56,83.24,83.37,55.3995791904,55.4062099,55.194027191,55.2802264166,1139400,1139400,0.0,1.0,tiingo_historical_seed,
2012-01-23,BND,83.3,83.39,83.22,83.27,55.2338114489,55.2934878359,55.1807657717,55.21391932,885500,885500,0.0,1.0,tiingo_historical_seed,
2012-01-24,BND,83.38,83.38,83.25,83.29,55.2868571262,55.2868571262,55.2006579007,55.2271807393,1057600,1057600,0.0,1.0,tiingo_historical_seed,
2012-01-25,BND,83.35,83.77,83.31,83.53,55.2669649972,55.5454548029,55.2404421586,55.3863177711,1101200,1101200,0.0,1.0,tiingo_historical_seed,
2012-01-26,BND,83.67,83.77,83.59,83.75,55.4791477063,55.5454548029,55.426102029,55.5321933835,2096700,2096700,0.0,1.0,tiingo_historical_seed,
2012-01-27,BND,83.82,83.911,83.72,83.9,55.5786083511,55.638947809,55.5123012546,55.6316540284,1708100,1708100,0.0,1.0,tiingo_historical_seed,
2012-01-30,BND,84.06,84.14,83.91,84.0,55.7377453829,55.7907910602,55.6382847381,55.697961125,1646400,1646400,0.0,1.0,tiingo_historical_seed,
2012-01-31,BND,84.03,84.07,83.9,84.07,55.717853254,55.7443760926,55.6316540284,55.7443760926,3801200,3801200,0.0,1.0,tiingo_historical_seed,
2012-02-01,BND,83.85,83.91,83.74,83.78,55.7340060639,55.7738872847,55.6608904925,55.687477973,2908500,2908500,0.20419,1.0,tiingo_historical_seed,
2012-02-02,BND,83.85,84.03,83.79,83.91,55.7340060639,55.8536497263,55.6941248432,55.7738872847,2303800,2303800,0.0,1.0,tiingo_historical_seed,
2012-02-03,BND,83.77,83.81,83.69,83.8,55.6808311029,55.7074185834,55.6276561418,55.7007717133,1326000,1326000,0.0,1.0,tiingo_historical_seed,
2012-02-06,BND,83.79,83.89,83.73,83.84,55.6941248432,55.7605935445,55.6542436224,55.7273591938,2564400,2564400,0.0,1.0,tiingo_historical_seed,
2012-02-07,BND,83.78,83.8,83.61,83.73,55.687477973,55.7007717133,55.5744811808,55.6542436224,1496300,1496300,0.0,1.0,tiingo_historical_seed,
2012-02-08,BND,83.72,83.75,83.6,83.63,55.6475967522,55.6675373626,55.5678343106,55.587774921,1088200,1088200,0.0,1.0,tiingo_historical_seed,
2012-02-09,BND,83.65,83.65,83.526,83.64,55.6010686613,55.6010686613,55.5186474716,55.5944217912,937500,937500,0.0,1.0,tiingo_historical_seed,
2012-02-10,BND,83.72,83.79,83.65,83.695,55.6475967522,55.6941248432,55.6010686613,55.6309795769,1003600,1003600,0.0,1.0,tiingo_historical_seed,
2012-02-13,BND,83.73,83.761,83.63,83.69,55.6542436224,55.6748489198,55.587774921,55.6276561418,933300,933300,0.0,1.0,tiingo_historical_seed,
2012-02-14,BND,83.77,83.928,83.7524,83.8,55.6808311029,55.785851651,55.6691326115,55.7007717133,953400,953400,0.0,1.0,tiingo_historical_seed,
2012-02-15,BND,83.84,83.88,83.69,83.69,55.7273591938,55.7539466743,55.6276561418,55.6276561418,1290200,1290200,0.0,1.0,tiingo_historical_seed,
2012-02-16,BND,83.71,83.78,83.61,83.7,55.6409498821,55.687477973,55.5744811808,55.634303012,976100,976100,0.0,1.0,tiingo_historical_seed,
2012-02-17,BND,83.55,83.58,83.42,83.51,55.53459996,55.5545405704,55.4481906482,55.5080124794,1172700,1172700,0.0,1.0,tiingo_historical_seed,
2012-02-21,BND,83.53,83.54,83.44,83.46,55.5213062197,55.5279530898,55.4614843885,55.4747781288,900400,900400,0.0,1.0,tiingo_historical_seed,
2012-02-22,BND,83.59,83.76,83.52,83.74,55.5611874405,55.6741842328,55.5146593496,55.6608904925,1847600,1847600,0.0,1.0,tiingo_historical_seed,
2012-02-23,BND,83.71,83.82,83.631,83.78,55.6409498821,55.7140654536,55.588439608,55.687477973,991600,991600,0.0,1.0,tiingo_historical_seed,
2012-02-24,BND,83.83,83.87,83.78,83.84,55.7207123237,55.7472998042,55.687477973,55.7273591938,1276200,1276200,0.0,1.0,tiingo_historical_seed,
2012-02-27,BND,84.02,84.02,83.94,83.99,55.8470028562,55.8470028562,55.7938278951,55.8270622458,970300,970300,0.0,1.0,tiingo_historical_seed,
2012-02-28,BND,84.07,84.09,83.95,83.98,55.8802372069,55.8935309471,55.8004747653,55.8204153757,1615700,1615700,0.0,1.0,tiingo_historical_seed,
2012-02-29,BND,84.04,84.05,83.83,83.9,55.8602965965,55.8669434666,55.7207123237,55.7672404146,1128100,1128100,0.0,1.0,tiingo_historical_seed,
2012-03-01,BND,83.49,83.64,83.46,83.57,55.6244808905,55.7244170761,55.6044936534,55.6777801895,1559000,1559000,0.19541,1.0,tiingo_historical_seed,
2012-03-02,BND,83.59,83.79,83.58,83.74,55.6911050142,55.8243532617,55.6844426019,55.7910411998,1074400,1074400,0.0,1.0,tiingo_historical_seed,
2012-03-05,BND,83.73,83.77,83.54,83.57,55.7843787874,55.8110284369,55.6577929524,55.6777801895,1208500,1208500,0.0,1.0,tiingo_historical_seed,
2012-03-06,BND,83.75,83.8,83.692,83.71,55.7977036122,55.831015674,55.7590616204,55.7710539627,704800,704800,0.0,1.0,tiingo_historical_seed,
2012-03-07,BND,83.74,83.775,83.6701,83.73,55.7910411998,55.8143596431,55.7444709373,55.7843787874,809900,809900,0.0,1.0,tiingo_historical_seed,
2012-03-08,BND,83.71,83.7298,83.56,83.6,55.7710539627,55.7842455392,55.6711177771,55.6977674266,847000,847000,0.0,1.0,tiingo_historical_seed,
2012-03-09,BND,83.56,83.56,83.43,83.52,55.6711177771,55.6711177771,55.5845064163,55.6444681276,1251700,1251700,0.0,1.0,tiingo_historical_seed,
2012-03-12,BND,83.66,83.68,83.5672,83.58,55.7377419008,55.7510667256,55.675914714,55.6844426019,1095300,1095300,0.0,1.0,tiingo_historical_seed,
2012-03-13,BND,83.46,83.54,83.33,83.33,55.6044936534,55.6577929524,55.5178822926,55.5178822926,1346400,1346400,0.0,1.0,tiingo_historical_seed,
2012-03-14,BND,83.26,83.26,82.82,82.84,55.471245406,55.471245406,55.1780992616,55.1914240864,1069500,1069500,0.0,1.0,tiingo_historical_seed,
2012-03-15,BND,82.85,82.97,82.8,82.86,55.1980864987,55.2780354472,55.1647744369,55.2047489111,747300,747300,0.0,1.0,tiingo_historical_seed,
2012-03-16,BND,82.7,82.91,82.65,82.85,55.0981503132,55.238060973,55.0648382513,55.1980864987,1452700,1452700,0.0,1.0,tiingo_historical_seed,
2012-03-19,BND,82.84,82.87,82.59,82.63,55.1914240864,55.2114113235,55.0248637771,55.0515134266,945800,945800,0.0,1.0,tiingo_historical_seed,
2012-03-20,BND,82.7,82.73,82.59,82.65,55.0981503132,55.1181375503,55.0248637771,55.0648382513,971200,971200,0.0,1.0,tiingo_historical_seed,
2012-03-21,BND,82.84,82.97,82.76,82.89,55.1914240864,55.2780354472,55.1381247874,55.2247361482,1520500,1520500,0.0,1.0,tiingo_historical_seed,
2012-03-22,BND,82.97,83.05,82.95,83.01,55.2780354472,55.3313347462,55.2647106225,55.3046850967,1169100,1169100,0.0,1.0,tiingo_historical_seed,
2012-03-23,BND,83.06,83.18,83.01,83.16,55.3379971585,55.417946107,55.3046850967,55.4046212823,1151600,1151600,0.0,1.0,tiingo_historical_seed,
2012-03-26,BND,83.08,83.19,83.03,83.15,55.3513219833,55.4246085194,55.3180099214,55.3979588699,1137700,1137700,0.0,1.0,tiingo_historical_seed,
2012-03-27,BND,83.17,83.35,83.17,83.29,55.4112836946,55.5312071173,55.4112836946,55.4912326431,1095500,1095500,0.0,1.0,tiingo_historical_seed,
2012-03-28,BND,83.29,83.37,83.2069,83.27,55.4912326431,55.5445319421,55.4358679963,55.4779078183,639000,639000,0.0,1.0,tiingo_historical_seed,
2012-03-29,BND,83.39,83.46,83.31,83.45,55.5578567668,55.6044936534,55.5045574678,55.597831241,1040900,1040900,0.0,1.0,tiingo_historical_seed,
2012-03-30,BND,83.47,83.5,83.205,83.28,55.6111560658,55.6311433029,55.4346021379,55.4845702307,1454300,1454300,0.0,1.0,tiingo_historical_seed,
2012-04-02,BND,83.05,83.2,82.9321,83.0,55.489855687,55.5900781837,55.4110808046,55.4564481881,1856700,1856700,0.23779,1.0,tiingo_historical_seed,
2012-04-03,BND,83.12,83.14,82.65,82.69,55.5366261855,55.549989185,55.2225956957,55.2493216949,962700,962700,0.0,1.0,tiingo_historical_seed,
2012-04-04,BND,82.95,82.95,82.69,82.92,55.4230406892,55.4230406892,55.2493216949,55.4029961898,1045100,1045100,0.0,1.0,tiingo_historical_seed,
2012-04-05,BND,83.1,83.1,82.96,83.08,55.5232631859,55.5232631859,55.429722189,55.5099001864,857200,857200,0.0,1.0,tiingo_historical_seed,
2012-04-09,BND,83.45,83.53,83.36,83.37,55.7571156783,55.8105676765,55.6969821802,55.70366368,1167600,1167600,0.0,1.0,tiingo_historical_seed,
2012-04-10,BND,83.52,83.69,83.48,83.61,55.8038861767,55.917471673,55.7771601776,55.8640196748,1209700,1209700,0.0,1.0,tiingo_historical_seed,
2012-04-11,BND,83.5,83.51,83.4,83.49,55.7905231772,55.797204677,55.7237081794,55.7838416774,1017900,1017900,0.0,1.0,tiingo_historical_seed,
2012-04-12,BND,83.52,83.56,83.44,83.5,55.8038861767,55.8306121759,55.7504341785,55.7905231772,876200,876200,0.0,1.0,tiingo_historical_seed,
2012-04-13,BND,83.62,83.74,83.58,83.71,55.8707011746,55.9508791719,55.8439751754,55.9308346726,2484000,2484000,0.0,1.0,tiingo_historical_seed,
2012-04-16,BND,83.73,83.8,83.67,83.71,55.9441976722,55.9909681706,55.9041086735,55.9308346726,1235900,1235900,0.0,1.0,tiingo_historical_seed,
2012-04-17,BND,83.72,83.72,83.61,83.7,55.9375161724,55.9375161724,55.8640196748,55.9241531728,838200,838200,0.0,1.0,tiingo_historical_seed,
2012-04-18,BND,83.77,83.78,83.68,83.76,55.9709236713,55.9776051711,55.9107901733,55.9642421715,726200,726200,0.0,1.0,tiingo_historical_seed,
2012-04-19,BND,83.83,83.83,83.73,83.74,56.01101267,56.01101267,55.9441976722,55.9508791719,664200,664200,0.0,1.0,tiingo_historical_seed,
2012-04-20,BND,83.74,83.761,83.63,83.73,55.9508791719,55.9649103215,55.8773826743,55.9441976722,592900,592900,0.0,1.0,tiingo_historical_seed,
2012-04-23,BND,83.89,83.89,83.7675,83.83,56.0511016687,56.0511016687,55.9692532963,56.01101267,843700,843700,0.0,1.0,tiingo_historical_seed,
2012-04-24,BND,83.79,83.83,83.7,83.73,55.9842866709,56.01101267,55.9241531728,55.9441976722,1104600,1104600,0.0,1.0,tiingo_historical_seed,
2012-04-25,BND,83.7,83.756,83.572,83.71,55.9241531728,55.9615695716,55.8386299756,55.9308346726,905200,905200,0.0,1.0,tiingo_historical_seed,
2012-04-26,BND,83.85,83.88,83.78,83.82,56.0243756695,56.0444201689,55.9776051711,56.0043311702,751400,751400,0.0,1.0,tiingo_historical_seed,
2012-04-27,BND,83.83,83.89,83.77,83.87,56.01101267,56.0511016687,55.9709236713,56.0377386691,890600,890600,0.0,1.0,tiingo_historical_seed,
2012-04-30,BND,83.92,83.94,83.88,83.92,56.071146168,56.0845091676,56.0444201689,56.071146168,912700,912700,0.0,1.0,tiingo_historical_seed,
2012-05-01,BND,83.82,83.82,83.58,83.6089,56.131674544,56.131674544,55.9709539297,55.9903073703,1993800,1993800,0.190111,1.0,tiingo_historical_seed,
2012-05-02,BND,83.69,83.78,83.68,83.74,56.0446175446,56.1048877749,56.0379208523,56.0781010059,768300,768300,0.0,1.0,tiingo_historical_seed,
2012-05-03,BND,83.65,83.85,83.65,83.85,56.0178307755,56.1517646208,56.0178307755,56.1517646208,1258600,1258600,0.0,1.0,tiingo_historical_seed,
2012-05-04,BND,83.9,83.96,83.85,83.94,56.1852480821,56.2254282356,56.1517646208,56.2120348511,633500,633500,0.0,1.0,tiingo_historical_seed,
2012-05-07,BND,83.97,83.97,83.91,83.91,56.2321249279,56.2321249279,56.1919447743,56.1919447743,1049200,1049200,0.0,1.0,tiingo_historical_seed,
2012-05-08,BND,83.96,84.1,83.96,83.99,56.2254282356,56.3191819273,56.2254282356,56.2455183124,761300,761300,0.0,1.0,tiingo_historical_seed,
2012-05-09,BND,83.99,84.04,83.9,83.94,56.2455183124,56.2790017737,56.1852480821,56.2120348511,1595100,1595100,0.0,1.0,tiingo_historical_seed,
2012-05-10,BND,83.85,83.94,83.76,83.89,56.1517646208,56.2120348511,56.0914943904,56.1785513898,1650600,1650600,0.0,1.0,tiingo_historical_seed,
2012-05-11,BND,84.02,84.03,83.92,83.95,56.2656083892,56.2723050815,56.1986414666,56.2187315434,1734700,1734700,0.0,1.0,tiingo_historical_seed,
2012-05-14,BND,84.08,84.14,84.03,84.1,56.3057885428,56.3459686964,56.2723050815,56.3191819273,759400,759400,0.0,1.0,tiingo_historical_seed,
2012-05-15,BND,84.12,84.14,84.01,84.12,56.3325753118,56.3459686964,56.258911697,56.3325753118,1469000,1469000,0.0,1.0,tiingo_historical_seed,
2012-05-16,BND,84.0,84.12,83.952,84.07,56.2522150047,56.3325753118,56.2200708818,56.2990918505,1371000,1371000,0.0,1.0,tiingo_historical_seed,
2012-05-17,BND,84.08,84.21,83.95,84.14,56.3057885428,56.3928455422,56.2187315434,56.3459686964,1500200,1500200,0.0,1.0,tiingo_historical_seed,
2012-05-18,BND,84.05,84.19,84.01,84.09,56.285698466,56.3794521577,56.258911697,56.3124852351,1041300,1041300,0.0,1.0,tiingo_historical_seed,
2012-05-21,BND,84.13,84.145,84.07,84.1,56.3392720041,56.3493170425,56.2990918505,56.3191819273,2278400,2278400,0.0,1.0,tiingo_historical_seed,
2012-05-22,BND,84.03,84.03,83.87,83.96,56.2723050815,56.2723050815,56.1651580053,56.2254282356,1593200,1593200,0.0,1.0,tiingo_historical_seed,
2012-05-23,BND,84.06,84.12,84.02,84.02,56.2923951583,56.3325753118,56.2656083892,56.2656083892,1218300,1218300,0.0,1.0,tiingo_historical_seed,
2012-05-24,BND,84.01,84.04,83.93,83.93,56.258911697,56.2790017737,56.2053381589,56.2053381589,860300,860300,0.0,1.0,tiingo_historical_seed,
2012-05-25,BND,83.99,84.06,83.98,84.03,56.2455183124,56.2923951583,56.2388216202,56.2723050815,738700,738700,0.0,1.0,tiingo_historical_seed,
2012-05-29,BND,84.08,84.12,84.01,84.03,56.3057885428,56.3325753118,56.258911697,56.2723050815,1351600,1351600,0.0,1.0,tiingo_historical_seed,
2012-05-30,BND,84.23,84.37,84.21,84.35,56.4062389267,56.4999926184,56.3928455422,56.4865992339,693800,693800,0.0,1.0,tiingo_historical_seed,
2012-05-31,BND,84.49,84.6392,84.42,84.51,56.5803529256,56.6802675741,56.5334760797,56.5937463101,1459100,1459100,0.0,1.0,tiingo_historical_seed,
2012-06-01,BND,84.6,84.67,84.47,84.62,56.7785696794,56.8255495834,56.6913212863,56.7919925091,1657000,1657000,0.186036,1.0,tiingo_historical_seed,
2012-06-04,BND,84.44,84.5,84.35,84.41,56.6711870417,56.7114555309,56.610784308,56.6510527972,1700800,1700800,0.0,1.0,tiingo_historical_seed,
2012-06-05,BND,84.34,84.37,84.22,84.24,56.6040728932,56.6242071377,56.5235359149,56.5369587446,2069200,2069200,0.0,1.0,tiingo_historical_seed,
2012-06-06,BND,84.32,84.32,84.03,84.08,56.5906500635,56.5906500635,56.3960190327,56.4295761069,3526600,3526600,0.0,1.0,tiingo_historical_seed,
2012-06-07,BND,84.09,84.17,84.01,84.11,56.4362875218,56.4899788406,56.3825962029,56.4497103515,2325800,2325800,0.0,1.0,tiingo_historical_seed,
2012-06-08,BND,84.25,84.2985,84.0728,84.16,56.5436701595,56.5762205215,56.4247438882,56.4832674258,1572200,1572200,0.0,1.0,tiingo_historical_seed,
2012-06-11,BND,84.14,84.3,84.116,84.23,56.4698445961,56.5772272338,56.4537372004,56.5302473298,1175500,1175500,0.0,1.0,tiingo_historical_seed,
2012-06-12,BND,84.19,84.21,84.07,84.1,56.5034016703,56.5168245001,56.4228646921,56.4429989366,1194400,1194400,0.0,1.0,tiingo_historical_seed,
2012-06-13,BND,84.15,84.3,84.07,84.28,56.4765560109,56.5772272338,56.4228646921,56.563804404,1212900,1212900,0.0,1.0,tiingo_historical_seed,
2012-06-14,BND,84.29,84.29,84.15,84.23,56.5705158189,56.5705158189,56.4765560109,56.5302473298,718800,718800,0.0,1.0,tiingo_historical_seed,
2012-06-15,BND,84.34,84.43,84.32,84.42,56.6040728932,56.6644756269,56.5906500635,56.657764212,793200,793200,0.0,1.0,tiingo_historical_seed,
2012-06-18,BND,84.44,84.46,84.32,84.43,56.6711870417,56.6846098714,56.5906500635,56.6644756269,845900,845900,0.0,1.0,tiingo_historical_seed,
2012-06-19,BND,84.36,84.37,84.26,84.32,56.6174957229,56.6242071377,56.5503815743,56.5906500635,908900,908900,0.0,1.0,tiingo_historical_seed,
2012-06-20,BND,84.19,84.3,84.06,84.16,56.5034016703,56.5772272338,56.4161532772,56.4832674258,1274100,1274100,0.0,1.0,tiingo_historical_seed,
2012-06-21,BND,84.27,84.39,84.23,84.3,56.5570929892,56.6376299675,56.5302473298,56.5772272338,972700,972700,0.0,1.0,tiingo_historical_seed,
2012-06-22,BND,84.28,84.29,84.11,84.13,56.563804404,56.5705158189,56.4497103515,56.4631331812,2219900,2219900,0.0,1.0,tiingo_historical_seed,
2012-06-25,BND,84.33,84.361,84.26,84.35,56.5973614783,56.6181668644,56.5503815743,56.610784308,1189200,1189200,0.0,1.0,tiingo_historical_seed,
2012-06-26,BND,84.28,84.37,84.25,84.26,56.563804404,56.6242071377,56.5436701595,56.5503815743,1166300,1166300,0.0,1.0,tiingo_historical_seed,
2012-06-27,BND,84.37,84.38,84.27,84.35,56.6242071377,56.6309185526,56.5570929892,56.610784308,669200,669200,0.0,1.0,tiingo_historical_seed,
2012-06-28,BND,84.45,84.5,84.41,84.44,56.6778984566,56.7114555309,56.6510527972,56.6711870417,916300,916300,0.0,1.0,tiingo_historical_seed,
2012-06-29,BND,84.28,84.39,84.23,84.38,56.563804404,56.6376299675,56.5302473298,56.6309185526,2044900,2044900,0.0,1.0,tiingo_historical_seed,
2012-07-02,BND,84.26,84.45,84.23,84.37,56.6758976832,56.8036975949,56.6557187498,56.7498871058,1244100,1244100,0.187263,1.0,tiingo_historical_seed,
2012-07-03,BND,84.42,84.42,84.23,84.25,56.7835186615,56.7835186615,56.6557187498,56.6691713721,1731700,1731700,0.0,1.0,tiingo_historical_seed,
2012-07-05,BND,84.33,84.49,84.29,84.49,56.7229818612,56.8306028395,56.6960766166,56.8306028395,1283700,1283700,0.0,1.0,tiingo_historical_seed,
2012-07-06,BND,84.53,84.63,84.51,84.57,56.857508084,56.9247711955,56.8440554617,56.8844133286,861200,861200,0.0,1.0,tiingo_historical_seed,
2012-07-09,BND,84.63,84.74,84.6,84.73,56.9247711955,56.998760618,56.904592262,56.9920343069,800000,800000,0.0,1.0,tiingo_historical_seed,
2012-07-10,BND,84.75,84.83,84.7,84.81,57.0054869292,57.0592974183,56.9718553734,57.045844796,791600,791600,0.0,1.0,tiingo_historical_seed,
2012-07-11,BND,84.75,84.88,84.68,84.69,57.0054869292,57.092928974,56.9584027512,56.9651290623,1357600,1357600,0.0,1.0,tiingo_historical_seed,
2012-07-12,BND,84.83,84.85,84.76,84.85,57.0592974183,57.0727500406,57.0122132403,57.0727500406,2024300,2024300,0.0,1.0,tiingo_historical_seed,
2012-07-13,BND,84.81,84.86,84.75,84.86,57.045844796,57.0794763517,57.0054869292,57.0794763517,703600,703600,0.0,1.0,tiingo_historical_seed,
2012-07-16,BND,85.0,85.07,84.9,84.91,57.1736447077,57.2207288857,57.1063815963,57.1131079074,1885600,1885600,0.0,1.0,tiingo_historical_seed,
2012-07-17,BND,84.93,84.95,84.86,84.88,57.1265605297,57.140013152,57.0794763517,57.092928974,1046800,1046800,0.0,1.0,tiingo_historical_seed,
2012-07-18,BND,84.99,85.08,84.98,85.02,57.1669183966,57.2274551968,57.1601920854,57.18709733,630600,630600,0.0,1.0,tiingo_historical_seed,
2012-07-19,BND,85.0,85.11,84.99,85.0,57.1736447077,57.2476341303,57.1669183966,57.1736447077,864100,864100,0.0,1.0,tiingo_historical_seed,
2012-07-20,BND,85.14,85.2,85.11,85.16,57.2678130637,57.3081709306,57.2476341303,57.281265686,881700,881700,0.0,1.0,tiingo_historical_seed,
2012-07-23,BND,85.28,85.28,85.16,85.2,57.3619814197,57.3619814197,57.281265686,57.3081709306,912200,912200,0.0,1.0,tiingo_historical_seed,
2012-07-24,BND,85.17,85.35,85.13,85.3,57.2879919971,57.4090655977,57.2610867526,57.375434042,743200,743200,0.0,1.0,tiingo_historical_seed,
2012-07-25,BND,85.32,85.36,85.27,85.36,57.3888866643,57.4157919088,57.3552551085,57.4157919088,483400,483400,0.0,1.0,tiingo_historical_seed,
2012-07-26,BND,85.33,85.35,85.28,85.3,57.3956129754,57.4090655977,57.3619814197,57.375434042,702700,702700,0.0,1.0,tiingo_historical_seed,
2012-07-27,BND,85.1,85.14,84.86,84.98,57.2409078191,57.2678130637,57.0794763517,57.1601920854,957400,957400,0.0,1.0,tiingo_historical_seed,
2012-07-30,BND,85.04,85.18,84.95,85.14,57.2005499523,57.2947183083,57.140013152,57.2678130637,1772900,1772900,0.0,1.0,tiingo_historical_seed,
2012-07-31,BND,85.25,85.28,85.1201,85.23,57.3418024863,57.3619814197,57.2544277045,57.328349864,754800,754800,0.0,1.0,tiingo_historical_seed,
2012-08-01,BND,85.01,85.07,84.91,84.94,57.3064135478,57.3468603754,57.2390021685,57.2592255823,1587100,1587100,0.187233,1.0,tiingo_historical_seed,
2012-08-02,BND,85.12,85.21,85.06,85.1,57.380566065,57.4412363064,57.3401192374,57.3670837892,899500,899500,0.0,1.0,tiingo_historical_seed,
2012-08-03,BND,84.94,84.95,84.78,84.79,57.2592255823,57.2659667202,57.1513673754,57.1581085133,1918100,1918100,0.0,1.0,tiingo_historical_seed,
2012-08-06,BND,84.93,84.94,84.825,84.87,57.2524844443,57.2592255823,57.1817024961,57.2120376167,1236000,1236000,0.0,1.0,tiingo_historical_seed,
2012-08-07,BND,84.69,84.69,84.56,84.65,57.090697134,57.090697134,57.0030623409,57.0637325823,1753600,1753600,0.0,1.0,tiingo_historical_seed,
2012-08-08,BND,84.69,84.74,84.6,84.63,57.090697134,57.1244028237,57.0300268926,57.0502503064,948500,948500,0.0,1.0,tiingo_historical_seed,
2012-08-09,BND,84.54,84.64,84.44,84.58,56.989580065,57.0569914443,56.9221686857,57.0165446168,1676600,1676600,0.0,1.0,tiingo_historical_seed,
2012-08-10,BND,84.78,84.78,84.62,84.68,57.1513673754,57.1513673754,57.0435091685,57.0839559961,898300,898300,0.0,1.0,tiingo_historical_seed,
2012-08-13,BND,84.7,84.77,84.68,84.69,57.0974382719,57.1446262374,57.0839559961,57.090697134,911800,911800,0.0,1.0,tiingo_historical_seed,
2012-08-14,BND,84.52,84.54,84.43,84.48,56.9760977892,56.989580065,56.9154275478,56.9491332375,1119600,1119600,0.0,1.0,tiingo_historical_seed,
2012-08-15,BND,84.36,84.36,84.17,84.18,56.8682395823,56.8682395823,56.7401579616,56.7468990995,780400,780400,0.0,1.0,tiingo_historical_seed,
2012-08-16,BND,84.24,84.25,84.0,84.09,56.7873459271,56.7940870651,56.6255586168,56.6862288582,723800,723800,0.0,1.0,tiingo_historical_seed,
2012-08-17,BND,84.16,84.29,84.16,84.23,56.7334168237,56.8210516168,56.7334168237,56.7806047892,799100,799100,0.0,1.0,tiingo_historical_seed,
2012-08-20,BND,84.21,84.2868,84.17,84.19,56.7671225133,56.8188944526,56.7401579616,56.7536402375,741100,741100,0.0,1.0,tiingo_historical_seed,
2012-08-21,BND,84.24,84.34,84.1235,84.34,56.7873459271,56.8547573064,56.7088116702,56.8547573064,661500,661500,0.0,1.0,tiingo_historical_seed,
2012-08-22,BND,84.47,84.71,84.4625,84.68,56.9423920995,57.1041794099,56.9373362461,57.0839559961,1242900,1242900,0.0,1.0,tiingo_historical_seed,
2012-08-23,BND,84.77,84.8,84.72,84.72,57.1446262374,57.1648496512,57.1109205478,57.1109205478,1125400,1125400,0.0,1.0,tiingo_historical_seed,
2012-08-24,BND,84.86,84.86,84.69,84.72,57.2052964788,57.2052964788,57.090697134,57.1109205478,3865000,3865000,0.0,1.0,tiingo_historical_seed,
2012-08-27,BND,84.8,84.86,84.78,84.85,57.1648496512,57.2052964788,57.1513673754,57.1985553409,715600,715600,0.0,1.0,tiingo_historical_seed,
2012-08-28,BND,84.85,84.92,84.825,84.88,57.1985553409,57.2457433064,57.1817024961,57.2187787547,1081700,1081700,0.0,1.0,tiingo_historical_seed,
2012-08-29,BND,84.85,84.86,84.75,84.81,57.1985553409,57.2052964788,57.1311439616,57.1715907892,853600,853600,0.0,1.0,tiingo_historical_seed,
2012-08-30,BND,84.9,84.94,84.8517,84.88,57.2322610305,57.2592255823,57.1997013343,57.2187787547,573200,573200,0.0,1.0,tiingo_historical_seed,
2012-08-31,BND,84.93,85.18,84.89,85.18,57.2524844443,57.4210128926,57.2255198926,57.4210128926,1176500,1176500,0.0,1.0,tiingo_historical_seed,
2012-09-04,BND,84.95,84.99,84.88,84.94,57.3898571288,57.4168800162,57.3425670759,57.383101407,2076400,2076400,0.183761,1.0,tiingo_historical_seed,
2012-09-05,BND,84.93,85.0,84.9,84.94,57.3763456851,57.4236357381,57.3560785196,57.383101407,1049300,1049300,0.0,1.0,tiingo_historical_seed,
2012-09-06,BND,84.8,84.8,84.64,84.74,57.2885213011,57.2885213011,57.1804297514,57.24798697,2350400,2350400,0.0,1.0,tiingo_historical_seed,
2012-09-07,BND,84.93,84.97,84.74,84.74,57.3763456851,57.4033685725,57.24798697,57.24798697,928300,928300,0.0,1.0,tiingo_historical_seed,
2012-09-10,BND,84.74,84.77,84.65,84.76,57.24798697,57.2682541355,57.1871854733,57.2614984137,990500,990500,0.0,1.0,tiingo_historical_seed,
2012-09-11,BND,84.76,84.76,84.65,84.65,57.2614984137,57.2614984137,57.1871854733,57.1871854733,912300,912300,0.0,1.0,tiingo_historical_seed,
2012-09-12,BND,84.55,84.57,84.48,84.53,57.1196282548,57.1331396985,57.0723382018,57.1061168111,808600,808600,0.0,1.0,tiingo_historical_seed,
2012-09-13,BND,84.61,84.71,84.3,84.7,57.1601625859,57.2277198044,56.9507352085,57.2209640826,1350200,1350200,0.0,1.0,tiingo_historical_seed,
2012-09-14,BND,84.52,84.52,84.26,84.28,57.0993610892,57.0993610892,56.9237123211,56.9372237648,2127500,2127500,0.0,1.0,tiingo_historical_seed,
2012-09-17,BND,84.34,84.49,84.34,84.4,56.9777580959,57.0790939237,56.9777580959,57.018292427,852900,852900,0.0,1.0,tiingo_historical_seed,
2012-09-18,BND,84.57,84.64,84.47,84.5,57.1331396985,57.1804297514,57.06558248,57.0858496455,3447100,3447100,0.0,1.0,tiingo_historical_seed,
2012-09-19,BND,84.64,84.71,84.6,84.61,57.1804297514,57.2277198044,57.153406864,57.1601625859,1133600,1133600,0.0,1.0,tiingo_historical_seed,
2012-09-20,BND,84.75,84.76,84.58,84.63,57.2547426918,57.2614984137,57.1398954203,57.1736740296,948600,948600,0.0,1.0,tiingo_historical_seed,
2012-09-21,BND,84.63,84.76,84.58,84.725,57.1736740296,57.2614984137,57.1398954203,57.2378533872,1264700,1264700,0.0,1.0,tiingo_historical_seed,
2012-09-24,BND,84.78,84.84,84.75,84.81,57.2750098574,57.3155441885,57.2547426918,57.2952770229,1697300,1697300,0.0,1.0,tiingo_historical_seed,
2012-09-25,BND,84.86,84.99,84.8,84.98,57.3290556322,57.4168800162,57.2885213011,57.4101242944,1235500,1235500,0.0,1.0,tiingo_historical_seed,
2012-09-26,BND,85.1,85.17,85.02,85.12,57.4911929566,57.5384830096,57.4371471818,57.5047044003,1245800,1245800,0.0,1.0,tiingo_historical_seed,
2012-09-27,BND,85.075,85.14,85.05,85.07,57.474303652,57.518215844,57.4574143474,57.4709257911,963400,963400,0.0,1.0,tiingo_historical_seed,
2012-09-28,BND,85.15,85.19,85.04,85.15,57.5249715659,57.5519944533,57.4506586255,57.5249715659,1426400,1426400,0.0,1.0,tiingo_historical_seed,
2012-10-01,BND,84.95,85.05,84.927,85.04,57.5076075645,57.5753033945,57.4920375236,57.5685338115,994800,994800,0.174482,1.0,tiingo_historical_seed,
2012-10-02,BND,84.99,85.05,84.97,85.04,57.5346858965,57.5753033945,57.5211467305,57.5685338115,771000,771000,0.0,1.0,tiingo_historical_seed,
2012-10-03,BND,84.97,85.08,84.95,85.01,57.5211467305,57.5956121435,57.5076075645,57.5482250625,1630200,1630200,0.0,1.0,tiingo_historical_seed,
2012-10-04,BND,84.98,85.0201,84.87,84.87,57.5279163135,57.5550623413,57.4534509006,57.4534509006,666500,666500,0.0,1.0,tiingo_historical_seed,
2012-10-05,BND,84.82,84.82,84.7301,84.78,57.4196029856,57.4196029856,57.3587444344,57.3925246536,665100,665100,0.0,1.0,tiingo_historical_seed,
2012-10-08,BND,84.84,84.93,84.75,84.89,57.4331421516,57.4940683985,57.3722159046,57.4669900666,588800,588800,0.0,1.0,tiingo_historical_seed,
2012-10-09,BND,84.75,84.84,84.74,84.74,57.3722159046,57.4331421516,57.3654463216,57.3654463216,1113600,1113600,0.0,1.0,tiingo_historical_seed,
2012-10-10,BND,84.76,84.89,84.69,84.87,57.3789854876,57.4669900666,57.3315984066,57.4534509006,633000,633000,0.0,1.0,tiingo_historical_seed,
2012-10-11,BND,84.8,84.94,84.76,84.94,57.4060638196,57.5008379815,57.3789854876,57.5008379815,821900,821900,0.0,1.0,tiingo_historical_seed,
2012-10-12,BND,85.0,85.03,84.96,85.0,57.5414554795,57.5617642285,57.5143771475,57.5414554795,2403700,2403700,0.0,1.0,tiingo_historical_seed,
2012-10-15,BND,84.98,85.01,84.94,84.97,57.5279163135,57.5482250625,57.5008379815,57.5211467305,803000,803000,0.0,1.0,tiingo_historical_seed,
2012-10-16,BND,84.94,84.94,84.8,84.8,57.5008379815,57.5008379815,57.4060638196,57.4060638196,1308000,1308000,0.0,1.0,tiingo_historical_seed,
2012-10-17,BND,84.75,84.76,84.5,84.59,57.3722159046,57.3789854876,57.2029763296,57.2639025766,5638300,5638300,0.0,1.0,tiingo_historical_seed,
2012-10-18,BND,84.65,84.65,84.48,84.55,57.3045200746,57.3045200746,57.1894371636,57.2368242446,1367200,1367200,0.0,1.0,tiingo_historical_seed,
2012-10-19,BND,84.52,84.74,84.52,84.68,57.2165154956,57.3654463216,57.2165154956,57.3248288236,1120200,1120200,0.0,1.0,tiingo_historical_seed,
2012-10-22,BND,84.67,84.68,84.53,84.56,57.3180592406,57.3248288236,57.2232850786,57.2435938276,588400,588400,0.0,1.0,tiingo_historical_seed,
2012-10-23,BND,84.69,84.7606,84.63,84.75,57.3315984066,57.3793916626,57.2909809086,57.3722159046,949800,949800,0.0,1.0,tiingo_historical_seed,
2012-10-24,BND,84.69,84.75,84.676,84.705,57.3315984066,57.3722159046,57.3221209904,57.3417527811,648000,648000,0.0,1.0,tiingo_historical_seed,
2012-10-25,BND,84.53,84.64,84.5,84.57,57.2232850786,57.2977504916,57.2029763296,57.2503634106,650900,650900,0.0,1.0,tiingo_historical_seed,
2012-10-26,BND,84.64,84.78,84.61,84.745,57.2977504916,57.3925246536,57.2774417426,57.3688311131,583800,583800,0.0,1.0,tiingo_historical_seed,
2012-10-31,BND,84.89,84.96,84.8,84.89,57.4669900666,57.5143771475,57.4060638196,57.4669900666,1030900,1030900,0.0,1.0,tiingo_historical_seed,
2012-11-01,BND,84.73,84.78,84.65,84.7579,57.4794882303,57.5134074373,57.425217499,57.4984151478,1039100,1039100,0.178521,1.0,tiingo_historical_seed,
2012-11-02,BND,84.69,84.8025,84.58,84.79,57.4523528646,57.5286710805,57.3777306092,57.5201912787,1107500,1107500,0.0,1.0,tiingo_historical_seed,
2012-11-05,BND,84.83,84.94,84.82,84.92,57.5473266443,57.6219488998,57.5405428029,57.608381217,1520800,1520800,0.0,1.0,tiingo_historical_seed,
2012-11-06,BND,84.79,84.861,84.61,84.65,57.5201912787,57.5683565527,57.3980821334,57.425217499,1074400,1074400,0.0,1.0,tiingo_historical_seed,
2012-11-07,BND,85.0,85.02,84.83,84.85,57.6626519482,57.676219631,57.5473266443,57.5608943271,1036900,1036900,0.0,1.0,tiingo_historical_seed,
2012-11-08,BND,84.85,85.05,84.8201,84.98,57.5608943271,57.6965711552,57.5406106413,57.6490842654,667800,667800,0.0,1.0,tiingo_historical_seed,
2012-11-09,BND,84.88,84.98,84.82,84.9,57.5812458513,57.6490842654,57.5405428029,57.5948135342,1533200,1533200,0.0,1.0,tiingo_historical_seed,
2012-11-12,BND,84.98,85.04,84.91,85.03,57.6490842654,57.6897873138,57.6015973756,57.6830034724,842200,842200,0.0,1.0,tiingo_historical_seed,
2012-11-13,BND,85.0,85.1,84.96,85.02,57.6626519482,57.7304903623,57.6355165826,57.676219631,3720600,3720600,0.0,1.0,tiingo_historical_seed,
2012-11-14,BND,84.92,85.02,84.87,85.0,57.608381217,57.676219631,57.5744620099,57.6626519482,810800,810800,0.0,1.0,tiingo_historical_seed,
2012-11-15,BND,84.91,85.03,84.88,84.99,57.6015973756,57.6830034724,57.5812458513,57.6558681068,1045400,1045400,0.0,1.0,tiingo_historical_seed,
2012-11-16,BND,84.98,85.05,84.92,84.95,57.6490842654,57.6965711552,57.608381217,57.6287327412,1151500,1151500,0.0,1.0,tiingo_historical_seed,
2012-11-19,BND,84.9,84.96,84.85,84.95,57.5948135342,57.6355165826,57.5608943271,57.6287327412,1094200,1094200,0.0,1.0,tiingo_historical_seed,
2012-11-20,BND,84.92,84.94,84.79,84.82,57.608381217,57.6219488998,57.5201912787,57.5405428029,770400,770400,0.0,1.0,tiingo_historical_seed,
2012-11-21,BND,84.75,84.77,84.7,84.73,57.4930559131,57.5066235959,57.459136706,57.4794882303,643200,643200,0.0,1.0,tiingo_historical_seed,
2012-11-23,BND,84.69,84.78,84.66,84.75,57.4523528646,57.5134074373,57.4320013404,57.4930559131,664200,664200,0.0,1.0,tiingo_historical_seed,
2012-11-26,BND,84.86,84.87,84.73,84.73,57.5676781685,57.5744620099,57.4794882303,57.4794882303,951100,951100,0.0,1.0,tiingo_historical_seed,
2012-11-27,BND,84.81,84.92,84.8,84.9,57.5337589615,57.608381217,57.5269751201,57.5948135342,873200,873200,0.0,1.0,tiingo_historical_seed,
2012-11-28,BND,84.93,85.0,84.9,84.95,57.6151650584,57.6626519482,57.5948135342,57.6287327412,803400,803400,0.0,1.0,tiingo_historical_seed,
2012-11-29,BND,84.92,85.02,84.91,85.0,57.608381217,57.676219631,57.6015973756,57.6626519482,921600,921600,0.0,1.0,tiingo_historical_seed,
2012-11-30,BND,85.06,85.07,84.94,84.94,57.7033549966,57.7101388381,57.6219488998,57.6219488998,976300,976300,0.0,1.0,tiingo_historical_seed,
2012-12-03,BND,84.7,84.86,84.65,84.84,57.5723794266,57.6811348069,57.5383933703,57.6675403843,2669300,2669300,0.167206,1.0,tiingo_historical_seed,
2012-12-04,BND,84.89,84.92,84.85,84.91,57.7015264407,57.7219180745,57.6743375956,57.7151208632,918000,918000,0.0,1.0,tiingo_historical_seed,
2012-12-05,BND,84.86,84.99,84.86,84.97,57.6811348069,57.7694985533,57.6811348069,57.7559041308,1058300,1058300,0.0,1.0,tiingo_historical_seed,
2012-12-06,BND,85.0,85.04,84.94,84.97,57.7762957646,57.8034846097,57.735512497,57.7559041308,771800,771800,0.0,1.0,tiingo_historical_seed,
2012-12-07,BND,84.82,84.905,84.7801,84.81,57.6539459618,57.7117222576,57.6268250888,57.6471487505,1239200,1239200,0.0,1.0,tiingo_historical_seed,
2012-12-10,BND,84.86,84.8899,84.81,84.86,57.6811348069,57.7014584686,57.6471487505,57.6811348069,1378600,1378600,0.0,1.0,tiingo_historical_seed,
2012-12-11,BND,84.73,84.8299,84.73,84.79,57.5927710604,57.660675201,57.5927710604,57.633554328,2083600,2083600,0.0,1.0,tiingo_historical_seed,
2012-12-12,BND,84.8,84.82,84.61,84.66,57.6403515393,57.6539459618,57.5112045252,57.5451905815,1105800,1105800,0.0,1.0,tiingo_historical_seed,
2012-12-13,BND,84.56,84.63,84.49,84.49,57.4772184689,57.5247989477,57.42963799,57.42963799,1208700,1208700,0.0,1.0,tiingo_historical_seed,
2012-12-14,BND,84.54,84.62,84.51,84.54,57.4636240463,57.5180017365,57.4432324125,57.4636240463,2883600,2883600,0.0,1.0,tiingo_historical_seed,
2012-12-17,BND,84.59,84.59,84.39,84.392,57.4976101027,57.4976101027,57.3616658773,57.3630253196,1348100,1348100,0.0,1.0,tiingo_historical_seed,
2012-12-18,BND,84.32,84.38,84.19,84.2,57.3140853985,57.3548686661,57.225721652,57.2325188633,1772600,1772600,0.0,1.0,tiingo_historical_seed,
2012-12-19,BND,84.26,84.44,84.26,84.38,57.2733021309,57.3956519337,57.2733021309,57.3548686661,2254500,2254500,0.0,1.0,tiingo_historical_seed,
2012-12-20,BND,84.47,84.52,84.4,84.4,57.4160435675,57.4500296238,57.3684630886,57.3684630886,1117200,1117200,0.0,1.0,tiingo_historical_seed,
2012-12-21,BND,84.52,84.57,84.49,84.52,57.4500296238,57.4840156801,57.42963799,57.4500296238,1312800,1312800,0.0,1.0,tiingo_historical_seed,
2012-12-24,BND,83.91,83.97,83.89,83.95,57.4381056667,57.47917689,57.424415259,57.4654864822,830100,830100,0.59274,1.0,tiingo_historical_seed,
2012-12-26,BND,83.95,84.05,83.95,84.0146,57.4654864822,57.5339385209,57.4654864822,57.5097064992,1009700,1009700,0.0,1.0,tiingo_historical_seed,
2012-12-27,BND,84.0,84.1725,83.92,84.09,57.4997125016,57.6177922683,57.4449508706,57.5613193364,965200,965200,0.0,1.0,tiingo_historical_seed,
2012-12-28,BND,84.15,84.16,84.04,84.11,57.6023905596,57.6092357635,57.527093317,57.5750097441,1627500,1627500,0.0,1.0,tiingo_historical_seed,
2012-12-31,BND,84.13,84.16,83.96,84.03,57.5887001519,57.6092357635,57.4723316861,57.5202481132,2099100,2099100,0.0,1.0,tiingo_historical_seed,
2013-01-02,BND,83.78,83.94,83.78,83.9,57.3491180164,57.4586412784,57.3491180164,57.4312604629,1857300,1857300,0.0,1.0,tiingo_historical_seed,
2013-01-03,BND,83.91,83.93,83.65,83.65,57.4381056667,57.4517960745,57.2601303661,57.2601303661,1908500,1908500,0.0,1.0,tiingo_historical_seed,
2013-01-04,BND,83.61,83.78,83.58,83.78,57.2327495507,57.3491180164,57.2122139391,57.3491180164,1822700,1822700,0.0,1.0,tiingo_historical_seed,
2013-01-07,BND,83.71,83.7599,83.6601,83.72,57.3012015894,57.3353591567,57.2670440221,57.3080467932,1866600,1866600,0.0,1.0,tiingo_historical_seed,
2013-01-08,BND,83.75,83.85,83.73,83.8,57.3285824048,57.3970344435,57.3148919971,57.3628084242,1189000,1189000,0.0,1.0,tiingo_historical_seed,
2013-01-09,BND,83.77,83.8,83.68,83.77,57.3422728126,57.3628084242,57.2806659778,57.3422728126,1439600,1439600,0.0,1.0,tiingo_historical_seed,
2013-01-10,BND,83.75,83.8,83.6701,83.77,57.3285824048,57.3628084242,57.2738892259,57.3422728126,1198700,1198700,0.0,1.0,tiingo_historical_seed,
2013-01-11,BND,83.67,83.85,83.67,83.83,57.2738207739,57.3970344435,57.2738207739,57.3833440358,1385000,1385000,0.0,1.0,tiingo_historical_seed,
2013-01-14,BND,83.86,83.93,83.83,83.83,57.4038796474,57.4517960745,57.3833440358,57.3833440358,893900,893900,0.0,1.0,tiingo_historical_seed,
2013-01-15,BND,83.93,84.0,83.91,83.94,57.4517960745,57.4997125016,57.4381056667,57.4586412784,1283200,1283200,0.0,1.0,tiingo_historical_seed,
2013-01-16,BND,83.99,84.02,83.88,83.93,57.4928672977,57.5134029093,57.4175700551,57.4517960745,1136500,1136500,0.0,1.0,tiingo_historical_seed,
2013-01-17,BND,83.84,83.86,83.74,83.79,57.3901892397,57.4038796474,57.321737201,57.3559632203,1043700,1043700,0.0,1.0,tiingo_historical_seed,
2013-01-18,BND,83.79,83.92,83.79,83.92,57.3559632203,57.4449508706,57.3559632203,57.4449508706,920000,920000,0.0,1.0,tiingo_historical_seed,
2013-01-22,BND,83.79,83.91,83.78,83.84,57.3559632203,57.4381056667,57.3491180164,57.3901892397,2053700,2053700,0.0,1.0,tiingo_historical_seed,
2013-01-23,BND,83.91,83.98,83.91,83.97,57.4381056667,57.4860220938,57.4381056667,57.47917689,1278200,1278200,0.0,1.0,tiingo_historical_seed,
2013-01-24,BND,83.89,83.92,83.83,83.85,57.424415259,57.4449508706,57.3833440358,57.3970344435,1061700,1061700,0.0,1.0,tiingo_historical_seed,
2013-01-25,BND,83.67,83.71,83.56,83.58,57.2738207739,57.3012015894,57.1985235313,57.2122139391,1473000,1473000,0.0,1.0,tiingo_historical_seed,
2013-01-28,BND,83.4,83.52,83.37,83.48,57.0890002694,57.1711427158,57.0684646578,57.1437619004,1427100,1427100,0.0,1.0,tiingo_historical_seed,
2013-01-29,BND,83.47,83.55,83.36,83.39,57.1369166965,57.1916783275,57.0616194539,57.0821550655,1082600,1082600,0.0,1.0,tiingo_historical_seed,
2013-01-30,BND,83.34,83.37,83.25,83.3,57.0479290462,57.0684646578,56.9863222114,57.0205482307,1626700,1626700,0.0,1.0,tiingo_historical_seed,
2013-01-31,BND,83.43,83.45,83.33,83.45,57.109535881,57.1232262888,57.0410838423,57.1232262888,1630700,1630700,0.0,1.0,tiingo_historical_seed,
2013-02-01,BND,83.44,83.44,83.05,83.05,57.2308607439,57.2308607439,56.9633627131,56.9633627131,1840500,1840500,0.166459,1.0,tiingo_historical_seed,
2013-02-04,BND,83.22,83.36,83.19,83.34,57.0799644188,57.175989353,57.0593876472,57.1622715052,1742600,1742600,0.0,1.0,tiingo_historical_seed,
2013-02-05,BND,83.26,83.29,83.17,83.2,57.1074001143,57.1279768859,57.0456697995,57.0662465711,2385600,2385600,0.0,1.0,tiingo_historical_seed,
2013-02-06,BND,83.3,83.4266,83.27,83.4,57.1348358097,57.2216697859,57.1142590381,57.2034250484,2416200,2416200,0.0,1.0,tiingo_historical_seed,
2013-02-07,BND,83.4,83.4799,83.36,83.41,57.2034250484,57.2582278501,57.175989353,57.2102839723,1047200,1047200,0.0,1.0,tiingo_historical_seed,
2013-02-08,BND,83.39,83.42,83.25,83.39,57.1965661246,57.2171428962,57.1005411904,57.1965661246,892100,892100,0.0,1.0,tiingo_historical_seed,
2013-02-11,BND,83.31,83.37,83.28,83.29,57.1416947336,57.1828482768,57.121117962,57.1279768859,2254800,2254800,0.0,1.0,tiingo_historical_seed,
2013-02-12,BND,83.31,83.33,83.24,83.31,57.1416947336,57.1554125814,57.0936822665,57.1416947336,1120300,1120300,0.0,1.0,tiingo_historical_seed,
2013-02-13,BND,83.21,83.26,83.16,83.2,57.0731054949,57.1074001143,57.0388108756,57.0662465711,1154500,1154500,0.0,1.0,tiingo_historical_seed,
2013-02-14,BND,83.2,83.33,83.2,83.32,57.0662465711,57.1554125814,57.0662465711,57.1485536575,945500,945500,0.0,1.0,tiingo_historical_seed,
2013-02-15,BND,83.27,83.32,83.19,83.25,57.1142590381,57.1485536575,57.0593876472,57.1005411904,2579369,2579369,0.0,1.0,tiingo_historical_seed,
2013-02-19,BND,83.3,83.32,83.19,83.22,57.1348358097,57.1485536575,57.0593876472,57.0799644188,1055734,1055734,0.0,1.0,tiingo_historical_seed,
2013-02-20,BND,83.17,83.32,83.17,83.28,57.0456697995,57.1485536575,57.0456697995,57.121117962,944600,944600,0.0,1.0,tiingo_historical_seed,
2013-02-21,BND,83.38,83.4,83.31,83.36,57.1897072007,57.2034250484,57.1416947336,57.175989353,803000,803000,0.0,1.0,tiingo_historical_seed,
2013-02-22,BND,83.4,83.42,83.36,83.4,57.2034250484,57.2171428962,57.175989353,57.2034250484,829500,829500,0.0,1.0,tiingo_historical_seed,
2013-02-25,BND,83.36,83.71,83.31,83.67,57.175989353,57.4160516883,57.1416947336,57.3886159928,1017700,1017700,0.0,1.0,tiingo_historical_seed,
2013-02-26,BND,83.62,83.8,83.62,83.71,57.3543213735,57.4777820031,57.3543213735,57.4160516883,1070500,1070500,0.0,1.0,tiingo_historical_seed,
2013-02-27,BND,83.8,83.8,83.61,83.69,57.4777820031,57.4777820031,57.3474624496,57.4023338406,691400,691400,0.0,1.0,tiingo_historical_seed,
2013-02-28,BND,83.73,83.75,83.66,83.73,57.429769536,57.4434873838,57.381757069,57.429769536,628400,628400,0.0,1.0,tiingo_historical_seed,
2013-03-01,BND,83.62,83.67,83.545,83.62,57.4612163302,57.4955748666,57.4096785255,57.4612163302,839700,839700,0.155848,1.0,tiingo_historical_seed,
2013-03-04,BND,83.66,83.67,83.6,83.6,57.4887031593,57.4955748666,57.4474729156,57.4474729156,914700,914700,0.0,1.0,tiingo_historical_seed,
2013-03-05,BND,83.6,83.61,83.53,83.55,57.4474729156,57.4543446229,57.3993709646,57.4131143792,1009500,1009500,0.0,1.0,tiingo_historical_seed,
2013-03-06,BND,83.49,83.5199,83.41,83.41,57.3718841354,57.3924305402,57.3169104771,57.3169104771,919600,919600,0.0,1.0,tiingo_historical_seed,
2013-03-07,BND,83.36,83.38,83.26,83.29,57.2825519407,57.2962953553,57.2138348678,57.2344499897,764800,764800,0.0,1.0,tiingo_historical_seed,
2013-03-08,BND,83.12,83.15,82.9,83.06,57.1176309658,57.1382460877,56.9664534055,57.0764007221,6339500,6339500,0.0,1.0,tiingo_historical_seed,
2013-03-11,BND,83.04,83.14,83.02,83.02,57.0626573075,57.1313743804,57.048913893,57.048913893,1668900,1668900,0.0,1.0,tiingo_historical_seed,
2013-03-12,BND,83.07,83.18,83.07,83.18,57.0832724294,57.1588612096,57.0832724294,57.1588612096,1214000,1214000,0.0,1.0,tiingo_historical_seed,
2013-03-13,BND,83.11,83.18,83.0601,83.08,57.1107592585,57.1588612096,57.0764694392,57.0901441367,1287700,1287700,0.0,1.0,tiingo_historical_seed,
2013-03-14,BND,83.07,83.17,83.041,83.11,57.0832724294,57.1519895023,57.0633444783,57.1107592585,1735500,1735500,0.0,1.0,tiingo_historical_seed,
2013-03-15,BND,83.11,83.25,83.11,83.21,57.1107592585,57.2069631606,57.1107592585,57.1794763314,894000,894000,0.0,1.0,tiingo_historical_seed,
2013-03-18,BND,83.32,83.39,83.3,83.37,57.2550651116,57.3031670626,57.241321697,57.289423648,1176100,1176100,0.0,1.0,tiingo_historical_seed,
2013-03-19,BND,83.42,83.55,83.4,83.42,57.3237821844,57.4131143792,57.3100387699,57.3237821844,2258800,2258800,0.0,1.0,tiingo_historical_seed,
2013-03-20,BND,83.4,83.44,83.34,83.34,57.3100387699,57.337525599,57.2688085261,57.2688085261,819100,819100,0.0,1.0,tiingo_historical_seed,
2013-03-21,BND,83.45,83.45,83.34,83.36,57.3443973063,57.3443973063,57.2688085261,57.2825519407,1017000,1017000,0.0,1.0,tiingo_historical_seed,
2013-03-22,BND,83.4,83.46,83.345,83.44,57.3100387699,57.3512690136,57.2722443798,57.337525599,722900,722900,0.0,1.0,tiingo_historical_seed,
2013-03-25,BND,83.38,83.48,83.36,83.43,57.2962953553,57.3650124282,57.2825519407,57.3306538917,1071500,1071500,0.0,1.0,tiingo_historical_seed,
2013-03-26,BND,83.4,83.4765,83.35,83.46,57.3100387699,57.3626073306,57.2756802334,57.3512690136,655500,655500,0.0,1.0,tiingo_historical_seed,
2013-03-27,BND,83.5,83.63,83.49,83.63,57.3787558427,57.4680880374,57.3718841354,57.4680880374,1096500,1096500,0.0,1.0,tiingo_historical_seed,
2013-03-28,BND,83.6,83.66,83.55,83.64,57.4474729156,57.4887031593,57.4131143792,57.4749597447,906400,906400,0.0,1.0,tiingo_historical_seed,
2013-04-01,BND,83.28,83.44,83.28,83.41,57.4377278846,57.5480789468,57.4377278846,57.5273881226,1056100,1056100,0.306296,1.0,tiingo_historical_seed,
2013-04-02,BND,83.37,83.42,83.32,83.42,57.4998003571,57.534285064,57.4653156502,57.534285064,2004900,2004900,0.0,1.0,tiingo_historical_seed,
2013-04-03,BND,83.43,83.58,83.4201,83.47,57.5411820054,57.6446361263,57.5343540335,57.568769771,1293900,1293900,0.0,1.0,tiingo_historical_seed,
2013-04-04,BND,83.58,83.74,83.58,83.71,57.6446361263,57.7549871885,57.6446361263,57.7342963643,784400,784400,0.0,1.0,tiingo_historical_seed,
2013-04-05,BND,83.97,83.99,83.91,83.94,57.9136168404,57.9274107232,57.8722351921,57.8929260162,1041600,1041600,0.0,1.0,tiingo_historical_seed,
2013-04-08,BND,83.94,84.0,83.8635,83.9,57.8929260162,57.9343076646,57.8401644146,57.8653382507,1088700,1088700,0.0,1.0,tiingo_historical_seed,
2013-04-09,BND,83.85,83.92,83.78,83.81,57.8308535437,57.8791321335,57.782574954,57.8032657782,1455400,1455400,0.0,1.0,tiingo_historical_seed,
2013-04-10,BND,83.76,83.76,83.63,83.65,57.7687810713,57.7687810713,57.6791208332,57.692914716,864100,864100,0.0,1.0,tiingo_historical_seed,
2013-04-11,BND,83.66,83.7,83.64,83.69,57.6998116574,57.7273994229,57.6860177746,57.7205024815,1152300,1152300,0.0,1.0,tiingo_historical_seed,
2013-04-12,BND,83.72,83.89,83.72,83.89,57.7411933057,57.8584413093,57.7411933057,57.8584413093,1110300,1110300,0.0,1.0,tiingo_historical_seed,
2013-04-15,BND,83.85,83.99,83.85,83.98,57.8308535437,57.9274107232,57.8308535437,57.9205137818,1435800,1435800,0.0,1.0,tiingo_historical_seed,
2013-04-16,BND,83.92,83.985,83.89,83.959,57.8791321335,57.9239622525,57.8584413093,57.9060302049,893700,893700,0.0,1.0,tiingo_historical_seed,
2013-04-17,BND,83.93,84.08,83.93,84.0,57.8860290749,57.9894831957,57.8860290749,57.9343076646,916300,916300,0.0,1.0,tiingo_historical_seed,
2013-04-18,BND,84.01,84.07,83.98,84.05,57.941204606,57.9825862543,57.9205137818,57.9687923715,744700,744700,0.0,1.0,tiingo_historical_seed,
2013-04-19,BND,84.06,84.06,83.97,83.98,57.9756893129,57.9756893129,57.9136168404,57.9205137818,1219800,1219800,0.0,1.0,tiingo_historical_seed,
2013-04-22,BND,84.06,84.09,84.03,84.09,57.9756893129,57.9963801371,57.9549984887,57.9963801371,872500,872500,0.0,1.0,tiingo_historical_seed,
2013-04-23,BND,84.09,84.1692,83.99,84.07,57.9963801371,58.0510039129,57.9274107232,57.9825862543,899100,899100,0.0,1.0,tiingo_historical_seed,
2013-04-24,BND,84.01,84.1,84.0,84.05,57.941204606,58.0032770785,57.9343076646,57.9687923715,851500,851500,0.0,1.0,tiingo_historical_seed,
2013-04-25,BND,84.05,84.05,83.98,84.0,57.9687923715,57.9687923715,57.9205137818,57.9343076646,875200,875200,0.0,1.0,tiingo_historical_seed,
2013-04-26,BND,84.08,84.16,84.06,84.11,57.9894831957,58.0446587268,57.9756893129,58.0101740199,732500,732500,0.0,1.0,tiingo_historical_seed,
2013-04-29,BND,84.19,84.239,84.16,84.18,58.065349551,58.0991445638,58.0446587268,58.0584526096,697900,697900,0.0,1.0,tiingo_historical_seed,
2013-04-30,BND,84.09,84.25,84.09,84.18,57.9963801371,58.1067311993,57.9963801371,58.0584526096,792600,792600,0.0,1.0,tiingo_historical_seed,
2013-05-01,BND,84.1,84.16,84.0757,84.16,58.1148968591,58.1563581411,58.0981050399,58.1563581411,872300,872300,0.161955,1.0,tiingo_historical_seed,
2013-05-02,BND,84.15,84.19,84.11,84.18,58.1494479274,58.177088782,58.1218070728,58.1701785684,801900,801900,0.0,1.0,tiingo_historical_seed,
2013-05-03,BND,83.99,83.99,83.78,83.78,58.0388845089,58.0388845089,57.8937700221,57.8937700221,894100,894100,0.0,1.0,tiingo_historical_seed,
2013-05-06,BND,83.8,83.81,83.69,83.77,57.9075904494,57.914500663,57.8315780992,57.8868598084,1101900,1101900,0.0,1.0,tiingo_historical_seed,
2013-05-07,BND,83.69,83.74,83.66,83.69,57.8315780992,57.8661291674,57.8108474582,57.8315780992,1174000,1174000,0.0,1.0,tiingo_historical_seed,
2013-05-08,BND,83.71,83.79,83.69,83.77,57.8453985265,57.9006802357,57.8315780992,57.8868598084,792000,792000,0.0,1.0,tiingo_historical_seed,
2013-05-09,BND,83.74,83.8,83.63,83.64,57.8661291674,57.9075904494,57.7901168172,57.7970270309,830200,830200,0.0,1.0,tiingo_historical_seed,
2013-05-10,BND,83.62,83.62,83.35,83.43,57.7832066036,57.7832066036,57.5966308348,57.6519125441,804900,804900,0.0,1.0,tiingo_historical_seed,
2013-05-13,BND,83.32,83.37,83.3043,83.34,57.5759001938,57.6104512621,57.5650511584,57.5897206211,962500,962500,0.0,1.0,tiingo_historical_seed,
2013-05-14,BND,83.33,83.38,83.15,83.18,57.5828104075,57.6173614758,57.4584265617,57.4791572026,1085600,1085600,0.0,1.0,tiingo_historical_seed,
2013-05-15,BND,83.22,83.3,83.14,83.275,57.5067980573,57.5620797665,57.451516348,57.5448042324,1295000,1295000,0.0,1.0,tiingo_historical_seed,
2013-05-16,BND,83.33,83.48,83.33,83.4,57.5828104075,57.6864636124,57.5828104075,57.6311819031,1367000,1367000,0.0,1.0,tiingo_historical_seed,
2013-05-17,BND,83.37,83.3799,83.2,83.22,57.6104512621,57.6172923736,57.4929776299,57.5067980573,920800,920800,0.0,1.0,tiingo_historical_seed,
2013-05-20,BND,83.29,83.34,83.12,83.2,57.5551695529,57.5897206211,57.4376959207,57.4929776299,1911900,1911900,0.0,1.0,tiingo_historical_seed,
2013-05-21,BND,83.15,83.315,83.1,83.28,57.4584265617,57.572445087,57.4238754934,57.5482593392,757500,757500,0.0,1.0,tiingo_historical_seed,
2013-05-22,BND,83.3,83.41,82.97,83.0,57.5620797665,57.6380921167,57.3340427158,57.3547733568,1320000,1320000,0.0,1.0,tiingo_historical_seed,
2013-05-23,BND,83.08,83.1194,82.93,82.99,57.4100550661,57.4372813079,57.3064018612,57.3478631431,1309000,1309000,0.0,1.0,tiingo_historical_seed,
2013-05-24,BND,83.01,83.12,82.9601,83.0,57.3616835705,57.4376959207,57.3272016043,57.3547733568,941100,941100,0.0,1.0,tiingo_historical_seed,
2013-05-28,BND,82.94,82.95,82.5,82.54,57.3133120748,57.3202222885,57.0092626739,57.0369035286,943200,943200,0.0,1.0,tiingo_historical_seed,
2013-05-29,BND,82.5,82.62,82.44,82.61,57.0092626739,57.0921852378,56.967801392,57.0852750242,1453200,1453200,0.0,1.0,tiingo_historical_seed,
2013-05-30,BND,82.56,82.67,82.53,82.54,57.0507239559,57.1267363061,57.0299933149,57.0369035286,1593200,1593200,0.0,1.0,tiingo_historical_seed,
2013-05-31,BND,82.62,82.65,82.19,82.4,57.0921852378,57.1129158788,56.7950460505,56.9401605373,1391000,1391000,0.0,1.0,tiingo_historical_seed,
2013-06-03,BND,82.1,82.2939,82.0401,82.16,56.8465573736,56.9808149555,56.8050822362,56.8881017517,2786500,2786500,0.164664,1.0,tiingo_historical_seed,
2013-06-04,BND,82.17,82.21,82.07,82.13,56.8950258148,56.9227220668,56.8257851846,56.8673295627,1378500,1378500,0.0,1.0,tiingo_historical_seed,
2013-06-05,BND,82.11,82.23,82.09,82.1,56.8534814366,56.9365701929,56.8396333106,56.8465573736,1224100,1224100,0.0,1.0,tiingo_historical_seed,
2013-06-06,BND,82.16,82.4,82.07,82.21,56.8881017517,57.0542792642,56.8257851846,56.9227220668,1101400,1101400,0.0,1.0,tiingo_historical_seed,
2013-06-07,BND,82.1,82.26,81.96,82.0,56.8465573736,56.9573423819,56.7496204914,56.7773167435,1194600,1194600,0.0,1.0,tiingo_historical_seed,
2013-06-10,BND,81.85,81.9168,81.78,81.79,56.6734557982,56.7197085392,56.6249873571,56.6319114201,996500,996500,0.0,1.0,tiingo_historical_seed,
2013-06-11,BND,81.57,81.83,81.5,81.83,56.4795820337,56.6596076722,56.4311135926,56.6596076722,2045800,2045800,0.0,1.0,tiingo_historical_seed,
2013-06-12,BND,81.74,81.83,81.61,81.67,56.597291105,56.6596076722,56.5072782858,56.5488226639,1255800,1255800,0.0,1.0,tiingo_historical_seed,
2013-06-13,BND,81.78,82.06,81.735,82.03,56.6249873571,56.8188611216,56.5938290735,56.7980889325,1600400,1600400,0.0,1.0,tiingo_historical_seed,
2013-06-14,BND,82.1,82.19,82.06,82.12,56.8465573736,56.9088739408,56.8188611216,56.8604054997,1128700,1128700,0.0,1.0,tiingo_historical_seed,
2013-06-17,BND,82.14,82.18,82.01,82.06,56.8742536257,56.9019498778,56.7842408065,56.8188611216,1028600,1028600,0.0,1.0,tiingo_historical_seed,
2013-06-18,BND,81.88,82.03,81.87,81.99,56.6942279872,56.7980889325,56.6873039242,56.7703926804,1328400,1328400,0.0,1.0,tiingo_historical_seed,
2013-06-19,BND,82.01,82.06,81.33,81.51,56.7842408065,56.8188611216,56.3134045213,56.4380376556,1557800,1557800,0.0,1.0,tiingo_historical_seed,
2013-06-20,BND,80.91,81.08,80.76,80.77,56.0225938746,56.1403029458,55.9187329293,55.9256569923,1505200,1505200,0.0,1.0,tiingo_historical_seed,
2013-06-21,BND,80.85,80.9,80.42,80.44,55.9810494964,56.0156698115,55.6833147867,55.6971629127,1687300,1687300,0.0,1.0,tiingo_historical_seed,
2013-06-24,BND,79.94,80.34,79.79,80.05,55.3509597619,55.6279222826,55.2470988166,55.427124455,3496300,3496300,0.0,1.0,tiingo_historical_seed,
2013-06-25,BND,80.29,80.33,80.09,80.238,55.5933019675,55.6209982195,55.4548207071,55.5572968398,6285500,6285500,0.0,1.0,tiingo_historical_seed,
2013-06-26,BND,80.69,80.69,80.34,80.52,55.8702644882,55.8702644882,55.6279222826,55.7525554169,2360500,2360500,0.0,1.0,tiingo_historical_seed,
2013-06-27,BND,80.68,80.84,80.65,80.84,55.8633404251,55.9741254334,55.8425682361,55.9741254334,895100,895100,0.0,1.0,tiingo_historical_seed,
2013-06-28,BND,80.71,80.97,80.6,80.88,55.8841126142,56.0641382527,55.807947921,56.0018216855,1066100,1066100,0.0,1.0,tiingo_historical_seed,
2013-07-01,BND,80.66,80.88,80.65,80.85,55.9647916245,56.1174354896,55.957853267,56.0966204171,1415900,1415900,0.166912,1.0,tiingo_historical_seed,
2013-07-02,BND,80.88,80.95,80.83,80.87,56.1174354896,56.1660039921,56.0827437021,56.1104971321,874000,874000,0.0,1.0,tiingo_historical_seed,
2013-07-03,BND,80.88,80.96,80.8,80.81,56.1174354896,56.1729423496,56.0619286296,56.0688669871,562300,562300,0.0,1.0,tiingo_historical_seed,
2013-07-05,BND,80.1389,80.2,79.88,79.91,55.603233815,55.6456271793,55.4235997392,55.4444148117,1563000,1563000,0.0,1.0,tiingo_historical_seed,
2013-07-08,BND,80.06,80.33,80.06,80.27,55.5484901743,55.7358258269,55.5484901743,55.6941956819,1975500,1975500,0.0,1.0,tiingo_historical_seed,
2013-07-09,BND,80.36,80.42,80.32,80.36,55.7566408994,55.7982710444,55.7288874694,55.7566408994,1352500,1352500,0.0,1.0,tiingo_historical_seed,
2013-07-10,BND,80.38,80.41,80.16,80.16,55.7705176144,55.7913326869,55.6178737493,55.6178737493,3070900,3070900,0.0,1.0,tiingo_historical_seed,
2013-07-11,BND,80.54,80.7,80.46,80.7,55.8815313345,55.9925450545,55.8260244744,55.9925450545,1029600,1029600,0.0,1.0,tiingo_historical_seed,
2013-07-12,BND,80.74,80.8098,80.5,80.59,56.0202984845,56.0687282199,55.8537779045,55.916223122,1393700,1393700,0.0,1.0,tiingo_historical_seed,
2013-07-15,BND,80.66,80.82,80.64,80.81,55.9647916245,56.0758053446,55.9509149095,56.0688669871,2293200,2293200,0.0,1.0,tiingo_historical_seed,
2013-07-16,BND,80.87,80.94,80.84,80.93,56.1104971321,56.1590656346,56.0896820596,56.1521272771,1929100,1929100,0.0,1.0,tiingo_historical_seed,
2013-07-17,BND,81.13,81.2,81.04,81.11,56.2908944272,56.3394629297,56.2284492097,56.2770177122,1612200,1612200,0.0,1.0,tiingo_historical_seed,
2013-07-18,BND,81.13,81.14,80.92,80.98,56.2908944272,56.2978327847,56.1451889196,56.1868190646,1372000,1372000,0.0,1.0,tiingo_historical_seed,
2013-07-19,BND,81.0,81.19,81.0,81.19,56.2006957796,56.3325245722,56.2006957796,56.3325245722,1412000,1412000,0.0,1.0,tiingo_historical_seed,
2013-07-22,BND,81.15,81.29,81.15,81.24,56.3047711422,56.4019081472,56.3047711422,56.3672163597,1041200,1041200,0.0,1.0,tiingo_historical_seed,
2013-07-23,BND,81.14,81.25,81.1,81.22,56.2978327847,56.3741547172,56.2700793547,56.3533396447,1570700,1570700,0.0,1.0,tiingo_historical_seed,
2013-07-24,BND,81.02,81.04,80.83,80.96,56.2145724946,56.2284492097,56.0827437021,56.1729423496,1171100,1171100,0.0,1.0,tiingo_historical_seed,
2013-07-25,BND,80.79,80.99,80.78,80.93,56.0549902721,56.1937574221,56.0480519146,56.1521272771,777300,777300,0.0,1.0,tiingo_historical_seed,
2013-07-26,BND,81.0,81.04,80.92,80.99,56.2006957796,56.2284492097,56.1451889196,56.1937574221,1013900,1013900,0.0,1.0,tiingo_historical_seed,
2013-07-29,BND,80.97,80.99,80.87,80.98,56.1798807071,56.1937574221,56.1104971321,56.1868190646,1536900,1536900,0.0,1.0,tiingo_historical_seed,
2013-07-30,BND,80.94,81.0,80.83,80.93,56.1590656346,56.2006957796,56.0827437021,56.1521272771,1289700,1289700,0.0,1.0,tiingo_historical_seed,
2013-07-31,BND,80.6,81.02,80.6,81.02,55.9231614795,56.2145724946,55.9231614795,56.2145724946,1400500,1400500,0.0,1.0,tiingo_historical_seed,
2013-08-01,BND,80.6,80.68,80.37,80.46,56.0384948333,56.0941161681,55.8785834957,55.9411574973,1449800,1449800,0.165937,1.0,tiingo_historical_seed,
2013-08-02,BND,80.61,80.7699,80.61,80.72,56.0454475001,56.1566206431,56.0454475001,56.1219268355,1042700,1042700,0.0,1.0,tiingo_historical_seed,
2013-08-05,BND,80.72,80.77,80.61,80.75,56.1219268355,56.1566901698,56.0454475001,56.1427848361,1503100,1503100,0.0,1.0,tiingo_historical_seed,
2013-08-06,BND,80.66,80.71,80.614,80.7,56.0802108344,56.1149741687,56.0482285669,56.1080215018,824900,824900,0.0,1.0,tiingo_historical_seed,
2013-08-07,BND,80.72,80.83,80.7123,80.82,56.1219268355,56.1984061709,56.116573282,56.191453504,925100,925100,0.0,1.0,tiingo_historical_seed,
2013-08-08,BND,80.86,80.96,80.84,80.86,56.2192641715,56.28879084,56.2053588378,56.2192641715,731600,731600,0.0,1.0,tiingo_historical_seed,
2013-08-09,BND,80.79,80.97,80.77,80.96,56.1705955035,56.2957435068,56.1566901698,56.28879084,746900,746900,0.0,1.0,tiingo_historical_seed,
2013-08-12,BND,80.95,81.0,80.78,80.81,56.2818381731,56.3166015074,56.1636428366,56.1845008372,1036200,1036200,0.0,1.0,tiingo_historical_seed,
2013-08-13,BND,80.63,80.63,80.46,80.53,56.0593528338,56.0593528338,55.9411574973,55.9898261653,900800,900800,0.0,1.0,tiingo_historical_seed,
2013-08-14,BND,80.51,80.56,80.46,80.49,55.9759208316,56.0106841659,55.9411574973,55.9620154979,809100,809100,0.0,1.0,tiingo_historical_seed,
2013-08-15,BND,80.25,80.35,80.142,80.2,55.7951514934,55.864678162,55.7200626914,55.7603881592,913900,913900,0.0,1.0,tiingo_historical_seed,
2013-08-16,BND,80.21,80.2399,79.875,79.99,55.767340826,55.7881292999,55.5344264865,55.6143821553,813800,813800,0.0,1.0,tiingo_historical_seed,
2013-08-19,BND,79.89,79.9299,79.73,79.76,55.5448554867,55.5725966275,55.4336128171,55.4544708177,766500,766500,0.0,1.0,tiingo_historical_seed,
2013-08-20,BND,79.87,79.99,79.84,79.99,55.530950153,55.6143821553,55.5100921525,55.6143821553,982500,982500,0.0,1.0,tiingo_historical_seed,
2013-08-21,BND,79.89,79.96,79.68,79.68,55.5448554867,55.5935241547,55.3988494828,55.3988494828,737300,737300,0.0,1.0,tiingo_historical_seed,
2013-08-22,BND,79.69,79.79,79.6,79.76,55.4058021497,55.4753288182,55.343228148,55.4544708177,751500,751500,0.0,1.0,tiingo_historical_seed,
2013-08-23,BND,79.7,80.03,79.66,79.99,55.4127548165,55.6421928227,55.3849441491,55.6143821553,1628700,1628700,0.0,1.0,tiingo_historical_seed,
2013-08-26,BND,80.12,80.15,80.04,80.13,55.7047668244,55.7256248249,55.6491454895,55.7117194912,683400,683400,0.0,1.0,tiingo_historical_seed,
2013-08-27,BND,80.21,80.3699,80.16,80.33,55.767340826,55.878513969,55.7325774918,55.8507728283,731300,731300,0.0,1.0,tiingo_historical_seed,
2013-08-28,BND,80.24,80.2499,80.12,80.19,55.7881988266,55.7950819668,55.7047668244,55.7534354923,768800,768800,0.0,1.0,tiingo_historical_seed,
2013-08-29,BND,80.02,80.31,80.02,80.27,55.6352401558,55.8368674946,55.6352401558,55.8090568271,855000,855000,0.0,1.0,tiingo_historical_seed,
2013-08-30,BND,80.26,80.3398,80.15,80.16,55.8021041603,55.8575864418,55.7256248249,55.7325774918,1216800,1216800,0.0,1.0,tiingo_historical_seed,
2013-09-03,BND,79.89,79.91,79.63,79.81,55.6641422571,55.6780774535,55.4829847031,55.6084014712,1608800,1608800,0.171398,1.0,tiingo_historical_seed,
2013-09-04,BND,79.87,79.9,79.65,79.71,55.6502070606,55.6711098553,55.4969198996,55.5387254889,810100,810100,0.0,1.0,tiingo_historical_seed,
2013-09-05,BND,79.47,79.52,79.14,79.16,55.3715031314,55.4063411226,55.1415723899,55.1555075863,1637700,1637700,0.0,1.0,tiingo_historical_seed,
2013-09-06,BND,79.5,79.6162,79.43,79.46,55.3924059261,55.4733694176,55.3436327385,55.3645355332,954100,954100,0.0,1.0,tiingo_historical_seed,
2013-09-09,BND,79.68,79.7,79.61,79.66,55.5178226943,55.5317578907,55.4690495066,55.5038874978,989800,989800,0.0,1.0,tiingo_historical_seed,
2013-09-10,BND,79.59,79.64,79.44,79.49,55.4551143102,55.4899523013,55.3506003367,55.3854383279,1120800,1120800,0.0,1.0,tiingo_historical_seed,
2013-09-11,BND,79.6,79.71,79.5,79.71,55.4620819084,55.5387254889,55.3924059261,55.5387254889,1474000,1474000,0.0,1.0,tiingo_historical_seed,
2013-09-12,BND,79.79,79.85,79.655,79.69,55.5944662748,55.6362718642,55.5004036987,55.5247902925,757000,757000,0.0,1.0,tiingo_historical_seed,
2013-09-13,BND,79.72,79.83,79.7001,79.82,55.5456930872,55.6223366677,55.5318275667,55.6153690695,1067000,1067000,0.0,1.0,tiingo_historical_seed,
2013-09-16,BND,80.21,80.22,79.87,79.92,55.8871054004,55.8940729987,55.6502070606,55.6850450518,816700,816700,0.0,1.0,tiingo_historical_seed,
2013-09-17,BND,80.0,80.01,79.9,79.99,55.7407858376,55.7477534358,55.6711098553,55.7338182394,952700,952700,0.0,1.0,tiingo_historical_seed,
2013-09-18,BND,79.99,80.71,79.841,80.63,55.7338182394,56.2354853119,55.6300010258,56.1797445261,1103800,1103800,0.0,1.0,tiingo_historical_seed,
2013-09-19,BND,80.77,80.77,80.49,80.54,56.2772909013,56.2772909013,56.0821981509,56.117036142,1050200,1050200,0.0,1.0,tiingo_historical_seed,
2013-09-20,BND,80.52,80.57,80.444,80.53,56.1031009456,56.1379389367,56.050147199,56.1100685438,560900,560900,0.0,1.0,tiingo_historical_seed,
2013-09-23,BND,80.49,80.63,80.4883,80.59,56.0821981509,56.1797445261,56.0810136592,56.1518741332,833000,833000,0.0,1.0,tiingo_historical_seed,
2013-09-24,BND,80.7,80.82,80.65,80.76,56.2285177137,56.3121288924,56.1936797225,56.2703233031,1052900,1052900,0.0,1.0,tiingo_historical_seed,
2013-09-25,BND,80.8,80.95,80.77,80.93,56.298193696,56.4027076694,56.2772909013,56.388772473,788300,788300,0.0,1.0,tiingo_historical_seed,
2013-09-26,BND,80.8,80.85,80.77,80.81,56.298193696,56.3330316871,56.2772909013,56.3051612942,679000,679000,0.0,1.0,tiingo_historical_seed,
2013-09-27,BND,80.8,80.91,80.784,80.83,56.298193696,56.3748372765,56.2870455388,56.3190964907,488200,488200,0.0,1.0,tiingo_historical_seed,
2013-09-30,BND,80.83,80.89,80.74,80.88,56.3190964907,56.36090208,56.2563881066,56.3539344818,1218500,1218500,0.0,1.0,tiingo_historical_seed,
2013-10-01,BND,80.65,80.69,80.55,80.61,56.3138230785,56.341753059,56.2439981274,56.2858930981,1146300,1146300,0.172346,1.0,tiingo_historical_seed,
2013-10-02,BND,80.66,80.78,80.654,80.7,56.3208055736,56.404595515,56.3166160766,56.3487355541,984500,984500,0.0,1.0,tiingo_historical_seed,
2013-10-03,BND,80.63,80.76,80.62,80.74,56.2998580883,56.3906305247,56.2928755932,56.3766655345,6070900,6070900,0.0,1.0,tiingo_historical_seed,
2013-10-04,BND,80.62,80.68,80.6,80.65,56.2928755932,56.3347705639,56.278910603,56.3138230785,749000,749000,0.0,1.0,tiingo_historical_seed,
2013-10-07,BND,80.83,80.84,80.6901,80.71,56.4395079905,56.4464904856,56.3418228839,56.3557180492,840000,840000,0.0,1.0,tiingo_historical_seed,
2013-10-08,BND,80.66,80.76,80.6371,80.68,56.3208055736,56.3906305247,56.3048156598,56.3347705639,841700,841700,0.0,1.0,tiingo_historical_seed,
2013-10-09,BND,80.7,80.72,80.58,80.63,56.3487355541,56.3627005443,56.2649456127,56.2998580883,1117400,1117400,0.0,1.0,tiingo_historical_seed,
2013-10-10,BND,80.52,80.675,80.4876,80.65,56.2230506421,56.3312793163,56.2004273579,56.3138230785,899700,899700,0.0,1.0,tiingo_historical_seed,
2013-10-11,BND,80.75,80.82,80.66,80.68,56.3836480296,56.4325254954,56.3208055736,56.3347705639,762600,762600,0.0,1.0,tiingo_historical_seed,
2013-10-14,BND,80.68,80.7,80.4707,80.52,56.3347705639,56.3487355541,56.1886269412,56.2230506421,486600,486600,0.0,1.0,tiingo_historical_seed,
2013-10-15,BND,80.63,80.65,80.5,80.5,56.2998580883,56.3138230785,56.2090856518,56.2090856518,939600,939600,0.0,1.0,tiingo_historical_seed,
2013-10-16,BND,80.52,80.84,80.48,80.84,56.2230506421,56.4464904856,56.1951206616,56.4464904856,936300,936300,0.0,1.0,tiingo_historical_seed,
2013-10-17,BND,80.98,81.14,80.95,81.12,56.5442454172,56.655965339,56.5232979319,56.6420003488,717600,717600,0.0,1.0,tiingo_historical_seed,
2013-10-18,BND,81.18,81.25,81.14,81.21,56.6838953195,56.7327727852,56.655965339,56.7048428048,805700,805700,0.0,1.0,tiingo_historical_seed,
2013-10-21,BND,81.2,81.2,81.1,81.11,56.6978603097,56.6978603097,56.6280353586,56.6350178537,952900,952900,0.0,1.0,tiingo_historical_seed,
2013-10-22,BND,81.32,81.4337,81.32,81.37,56.781650251,56.8610412204,56.781650251,56.8165627266,763900,763900,0.0,1.0,tiingo_historical_seed,
2013-10-23,BND,81.45,81.53,81.4,81.41,56.8724226875,56.9282826484,56.8375102119,56.844492707,741100,741100,0.0,1.0,tiingo_historical_seed,
2013-10-24,BND,81.52,81.53,81.375,81.41,56.9213001533,56.9282826484,56.8200539741,56.844492707,706500,706500,0.0,1.0,tiingo_historical_seed,
2013-10-25,BND,81.46,81.51,81.4201,81.5,56.8794051826,56.9143176582,56.8515450271,56.907335163,703100,703100,0.0,1.0,tiingo_historical_seed,
2013-10-28,BND,81.44,81.52,81.42,81.43,56.8654401924,56.9213001533,56.8514752021,56.8584576973,943100,943100,0.0,1.0,tiingo_historical_seed,
2013-10-29,BND,81.4,81.49,81.38,81.485,56.8375102119,56.9003526679,56.8235452217,56.8968614204,683700,683700,0.0,1.0,tiingo_historical_seed,
2013-10-30,BND,81.54,81.59,81.32,81.4,56.9352651435,56.970177619,56.781650251,56.8375102119,907100,907100,0.0,1.0,tiingo_historical_seed,
2013-10-31,BND,81.47,81.53,81.31,81.4,56.8863876777,56.9282826484,56.7746677559,56.8375102119,1615500,1615500,0.0,1.0,tiingo_historical_seed,
2013-11-01,BND,81.16,81.19,81.0,81.0,56.7963588449,56.8173530633,56.6843896801,56.6843896801,1010100,1010100,0.180708,1.0,tiingo_historical_seed,
2013-11-04,BND,81.06,81.1099,81.0201,81.05,56.7263781169,56.7612985002,56.6984558064,56.7193800441,701100,701100,0.0,1.0,tiingo_historical_seed,
2013-11-05,BND,81.0,81.0,80.81,80.81,56.6843896801,56.6843896801,56.5514262969,56.5514262969,2158400,2158400,0.0,1.0,tiingo_historical_seed,
2013-11-06,BND,80.94,80.99,80.904,80.95,56.6424012433,56.6773916073,56.6172081812,56.6493993161,1300300,1300300,0.0,1.0,tiingo_historical_seed,
2013-11-07,BND,81.04,81.12,80.9901,81.11,56.7123819713,56.7683665537,56.677461588,56.7613684809,839300,839300,0.0,1.0,tiingo_historical_seed,
2013-11-08,BND,80.69,80.7,80.56,80.58,56.4674494233,56.4744474961,56.3764744769,56.3904706225,2391600,2391600,0.0,1.0,tiingo_historical_seed,
2013-11-11,BND,80.59,80.59,80.5,80.51,56.3974686953,56.3974686953,56.3344860401,56.3414841129,1695300,1695300,0.0,1.0,tiingo_historical_seed,
2013-11-12,BND,80.45,80.543,80.43,80.47,56.2994956761,56.3645777531,56.2854995305,56.3134918217,1787400,1787400,0.0,1.0,tiingo_historical_seed,
2013-11-13,BND,80.65,80.725,80.6,80.69,56.4394571321,56.4919426781,56.4044667681,56.4674494233,1375900,1375900,0.0,1.0,tiingo_historical_seed,
2013-11-14,BND,80.8,80.94,80.76,80.92,56.5444282241,56.6424012433,56.5164359329,56.6284050977,1175300,1175300,0.0,1.0,tiingo_historical_seed,
2013-11-15,BND,80.93,80.9601,80.87,80.95,56.6354031705,56.6564673696,56.5934147337,56.6493993161,818600,818600,0.0,1.0,tiingo_historical_seed,
2013-11-18,BND,80.97,81.12,80.97,81.1,56.6633954617,56.7683665537,56.6633954617,56.7543704081,875500,875500,0.0,1.0,tiingo_historical_seed,
2013-11-19,BND,81.03,81.06,80.88,80.94,56.7053838985,56.7263781169,56.6004128065,56.6424012433,820200,820200,0.0,1.0,tiingo_historical_seed,
2013-11-20,BND,80.9,81.0381,80.68,80.72,56.6144089521,56.7110523375,56.4604513505,56.4884436417,1025000,1025000,0.0,1.0,tiingo_historical_seed,
2013-11-21,BND,80.67,80.77,80.57,80.72,56.4534532777,56.5234340057,56.3834725497,56.4884436417,3170500,3170500,0.0,1.0,tiingo_historical_seed,
2013-11-22,BND,80.78,80.9,80.77,80.9,56.5304320785,56.6144089521,56.5234340057,56.6144089521,1977800,1977800,0.0,1.0,tiingo_historical_seed,
2013-11-25,BND,80.9,80.99,80.8932,80.96,56.6144089521,56.6773916073,56.6096502626,56.6563973889,1588700,1588700,0.0,1.0,tiingo_historical_seed,
2013-11-26,BND,80.98,81.06,80.97,80.97,56.6703935345,56.7263781169,56.6633954617,56.6633954617,1177800,1177800,0.0,1.0,tiingo_historical_seed,
2013-11-27,BND,81.02,81.0318,80.84,80.94,56.6983858257,56.7066435516,56.5724205153,56.6424012433,1571100,1571100,0.0,1.0,tiingo_historical_seed,
2013-11-29,BND,80.81,81.0,80.81,80.98,56.5514262969,56.6843896801,56.5514262969,56.6703935345,1058600,1058600,0.0,1.0,tiingo_historical_seed,
2013-12-02,BND,80.66,80.71,80.5,80.5,56.5693878712,56.6044544394,56.4571748528,56.4571748528,1297500,1297500,0.175318,1.0,tiingo_historical_seed,
2013-12-03,BND,80.59,80.67,80.55,80.58,56.5202946756,56.5764011848,56.4922414211,56.513281362,1043700,1043700,0.0,1.0,tiingo_historical_seed,
2013-12-04,BND,80.39,80.48,80.3407,80.46,56.3800284027,56.4431482255,56.3454527664,56.4291215982,1816600,1816600,0.0,1.0,tiingo_historical_seed,
2013-12-05,BND,80.4,80.45,80.31,80.32,56.3870417164,56.4221082846,56.3239218935,56.3309352072,2193800,2193800,0.0,1.0,tiingo_historical_seed,
2013-12-06,BND,80.36,80.47,80.31,80.44,56.3589884618,56.4361349119,56.3239218935,56.4150949709,1622700,1622700,0.0,1.0,tiingo_historical_seed,
2013-12-09,BND,80.52,80.56,80.47,80.52,56.4712014801,56.4992547347,56.4361349119,56.4712014801,957100,957100,0.0,1.0,tiingo_historical_seed,
2013-12-10,BND,80.68,80.72,80.6,80.69,56.5834144985,56.611467753,56.5273079893,56.5904278121,957400,957400,0.0,1.0,tiingo_historical_seed,
2013-12-11,BND,80.65,80.67,80.52,80.55,56.5623745575,56.5764011848,56.4712014801,56.4922414211,1326200,1326200,0.0,1.0,tiingo_historical_seed,
2013-12-12,BND,80.42,80.47,80.33,80.34,56.4010683437,56.4361349119,56.3379485208,56.3449618345,1917600,1917600,0.0,1.0,tiingo_historical_seed,
2013-12-13,BND,80.43,80.47,80.38,80.43,56.4080816573,56.4361349119,56.3730150891,56.4080816573,1117500,1117500,0.0,1.0,tiingo_historical_seed,
2013-12-16,BND,80.5,80.55,80.42,80.46,56.4571748528,56.4922414211,56.4010683437,56.4291215982,1865100,1865100,0.0,1.0,tiingo_historical_seed,
2013-12-17,BND,80.49,80.62,80.46,80.61,56.4501615392,56.5413346166,56.4291215982,56.5343213029,2186000,2186000,0.0,1.0,tiingo_historical_seed,
2013-12-18,BND,80.53,80.74,80.42,80.58,56.4782147938,56.6254943803,56.4010683437,56.513281362,1787000,1787000,0.0,1.0,tiingo_historical_seed,
2013-12-19,BND,80.36,80.47,80.31,80.43,56.3589884618,56.4361349119,56.3239218935,56.4080816573,1591400,1591400,0.0,1.0,tiingo_historical_seed,
2013-12-20,BND,80.49,80.59,80.444,80.58,56.4501615392,56.5202946756,56.4179002964,56.513281362,1135800,1135800,0.0,1.0,tiingo_historical_seed,
2013-12-23,BND,80.56,80.61,80.44,80.48,56.4992547347,56.5343213029,56.4150949709,56.4431482255,3419000,3419000,0.0,1.0,tiingo_historical_seed,
2013-12-24,BND,80.16,80.16,80.07,80.07,56.3882349414,56.3882349414,56.3249247974,56.3249247974,575000,575000,0.24143,1.0,tiingo_historical_seed,
2013-12-26,BND,80.04,80.07,79.95,79.95,56.3038214161,56.3249247974,56.240511272,56.240511272,2086900,2086900,0.0,1.0,tiingo_historical_seed,
2013-12-27,BND,79.93,80.01,79.9,79.95,56.2264423511,56.2827180347,56.2053389698,56.240511272,1983400,1983400,0.0,1.0,tiingo_historical_seed,
2013-12-30,BND,80.04,80.1,80.01,80.08,56.3038214161,56.3460281787,56.2827180347,56.3319592578,2818200,2818200,0.0,1.0,tiingo_historical_seed,
2013-12-31,BND,80.06,80.13,79.98,80.05,56.3178903369,56.3671315601,56.2616146534,56.3108558765,1633600,1633600,0.0,1.0,tiingo_historical_seed,
2014-01-02,BND,80.1,80.18,80.05,80.12,56.3460281787,56.4023038623,56.3108558765,56.3600970996,1413300,1413300,0.0,1.0,tiingo_historical_seed,
2014-01-03,BND,80.08,80.21,80.06,80.13,56.3319592578,56.4234072436,56.3178903369,56.3671315601,1577300,1577300,0.0,1.0,tiingo_historical_seed,
2014-01-06,BND,80.2,80.26,80.15,80.2,56.4163727832,56.4585795459,56.381200481,56.4163727832,1287400,1287400,0.0,1.0,tiingo_historical_seed,
2014-01-07,BND,80.27,80.3,80.22,80.3,56.4656140063,56.4867173877,56.4304417041,56.4867173877,2719600,2719600,0.0,1.0,tiingo_historical_seed,
2014-01-08,BND,80.14,80.16,80.04,80.04,56.3741660205,56.3882349414,56.3038214161,56.3038214161,3472700,3472700,0.0,1.0,tiingo_historical_seed,
2014-01-09,BND,80.15,80.22,80.08,80.19,56.381200481,56.4304417041,56.3319592578,56.4093383228,1043900,1043900,0.0,1.0,tiingo_historical_seed,
2014-01-10,BND,80.46,80.58,80.43,80.58,56.5992687548,56.6836822802,56.5781653735,56.6836822802,1374900,1374900,0.0,1.0,tiingo_historical_seed,
2014-01-13,BND,80.63,80.76,80.6,80.69,56.7188545824,56.8103025682,56.6977512011,56.7610613451,784400,784400,0.0,1.0,tiingo_historical_seed,
2014-01-14,BND,80.69,80.71,80.56,80.57,56.7610613451,56.775130266,56.6696133593,56.6766478197,798700,798700,0.0,1.0,tiingo_historical_seed,
2014-01-15,BND,80.49,80.5699,80.45,80.52,56.6203721362,56.6765774751,56.5922342944,56.6414755175,780600,780600,0.0,1.0,tiingo_historical_seed,
2014-01-16,BND,80.65,80.7,80.63,80.7,56.7329235033,56.7680958055,56.7188545824,56.7680958055,988200,988200,0.0,1.0,tiingo_historical_seed,
2014-01-17,BND,80.69,80.79,80.64,80.79,56.7610613451,56.8314059496,56.7258890429,56.8314059496,668600,668600,0.0,1.0,tiingo_historical_seed,
2014-01-21,BND,80.74,80.85,80.73,80.79,56.7962336473,56.8736127122,56.7891991869,56.8314059496,2570400,2570400,0.0,1.0,tiingo_historical_seed,
2014-01-22,BND,80.7,80.74,80.64,80.65,56.7680958055,56.7962336473,56.7258890429,56.7329235033,1637900,1637900,0.0,1.0,tiingo_historical_seed,
2014-01-23,BND,80.78,80.99,80.78,80.87,56.8243714891,56.9720951585,56.8243714891,56.8876816331,1552800,1552800,0.0,1.0,tiingo_historical_seed,
2014-01-24,BND,81.0,81.11,80.99,81.08,56.9791296189,57.0565086839,56.9720951585,57.0354053025,1174900,1174900,0.0,1.0,tiingo_historical_seed,
2014-01-27,BND,81.07,81.12,80.91,80.93,57.0283708421,57.0635431443,56.9158194749,56.9298883958,8599900,8599900,0.0,1.0,tiingo_historical_seed,
2014-01-28,BND,81.01,81.0399,80.92,81.0,56.9861640794,57.0071971161,56.9228539354,56.9791296189,4081300,4081300,0.0,1.0,tiingo_historical_seed,
2014-01-29,BND,81.11,81.24,81.05,81.18,57.0565086839,57.1479566697,57.0143019212,57.105749907,3245200,3245200,0.0,1.0,tiingo_historical_seed,
2014-01-30,BND,81.12,81.18,81.05,81.18,57.0635431443,57.105749907,57.0143019212,57.105749907,2204000,2204000,0.0,1.0,tiingo_historical_seed,
2014-01-31,BND,81.22,81.33,81.22,81.29,57.1338877488,57.2112668137,57.1338877488,57.1831289719,3366900,3366900,0.0,1.0,tiingo_historical_seed,
2014-02-03,BND,81.12,81.38,81.06,81.38,57.1836893195,57.366970375,57.1413936913,57.366970375,4118600,4118600,0.171344,1.0,tiingo_historical_seed,
2014-02-04,BND,81.3,81.3199,81.21,81.25,57.3105762041,57.3246042541,57.2471327618,57.2753298472,1923700,1923700,0.0,1.0,tiingo_historical_seed,
2014-02-05,BND,81.24,81.26,81.08,81.08,57.2682805759,57.2823791186,57.155492234,57.155492234,1353800,1353800,0.0,1.0,tiingo_historical_seed,
2014-02-06,BND,81.05,81.08,80.98,81.05,57.1343444199,57.155492234,57.0849995204,57.1343444199,2321400,2321400,0.0,1.0,tiingo_historical_seed,
2014-02-07,BND,81.08,81.2,81.0501,81.15,57.155492234,57.2400834904,57.1344149126,57.2048371336,921100,921100,0.0,1.0,tiingo_historical_seed,
2014-02-10,BND,81.15,81.21,81.11,81.2,57.2048371336,57.2471327618,57.1766400481,57.2400834904,1302200,1302200,0.0,1.0,tiingo_historical_seed,
2014-02-11,BND,81.03,81.07,80.9725,81.03,57.1202458772,57.1484429627,57.0797125668,57.1202458772,5401900,5401900,0.0,1.0,tiingo_historical_seed,
2014-02-12,BND,80.95,80.95,80.8,80.89,57.0638517063,57.0638517063,56.9581126358,57.0215560781,3057200,3057200,0.0,1.0,tiingo_historical_seed,
2014-02-13,BND,81.02,81.1,81.01,81.09,57.1131966058,57.1695907768,57.1061473345,57.1625415054,3466300,3466300,0.0,1.0,tiingo_historical_seed,
2014-02-14,BND,81.11,81.12,81.04,81.06,57.1766400481,57.1836893195,57.1272951486,57.1413936913,4205900,4205900,0.0,1.0,tiingo_historical_seed,
2014-02-18,BND,81.1,81.22,81.08,81.17,57.1695907768,57.2541820331,57.155492234,57.2189356763,2767900,2767900,0.0,1.0,tiingo_historical_seed,
2014-02-19,BND,81.26,81.35,81.0815,81.1,57.2823791186,57.3458225609,57.1565496247,57.1695907768,1985600,1985600,0.0,1.0,tiingo_historical_seed,
2014-02-20,BND,81.05,81.1,80.96,81.09,57.1343444199,57.1695907768,57.0709009776,57.1625415054,1079500,1079500,0.0,1.0,tiingo_historical_seed,
2014-02-21,BND,81.0,81.15,80.98,81.15,57.0990980631,57.2048371336,57.0849995204,57.2048371336,592600,592600,0.0,1.0,tiingo_historical_seed,
2014-02-24,BND,81.14,81.15,81.08,81.13,57.1977878622,57.2048371336,57.155492234,57.1907385909,3138000,3138000,0.0,1.0,tiingo_historical_seed,
2014-02-25,BND,81.23,81.32,81.1901,81.29,57.2612313045,57.3246747468,57.2331047118,57.3035269327,1424300,1424300,0.0,1.0,tiingo_historical_seed,
2014-02-26,BND,81.27,81.47,81.27,81.46,57.28942839,57.4304138173,57.28942839,57.4233645459,987100,987100,0.0,1.0,tiingo_historical_seed,
2014-02-27,BND,81.56,81.56,81.47,81.56,57.4938572596,57.4938572596,57.4304138173,57.4938572596,670700,670700,0.0,1.0,tiingo_historical_seed,
2014-02-28,BND,81.49,81.5,81.3901,81.5,57.44451236,57.4515616314,57.3740901391,57.4515616314,2445800,2445800,0.0,1.0,tiingo_historical_seed,
2014-03-03,BND,81.44,81.53,81.36,81.5,57.5304784482,57.5940558433,57.4739652081,57.5728633783,1398800,1398800,0.172077,1.0,tiingo_historical_seed,
2014-03-04,BND,81.37,81.38,81.21,81.22,57.4810293631,57.4880935181,57.3680028828,57.3750670378,1083400,1083400,0.0,1.0,tiingo_historical_seed,
2014-03-05,BND,81.2,81.33,81.14,81.33,57.3609387278,57.452772743,57.3185537977,57.452772743,1623500,1623500,0.0,1.0,tiingo_historical_seed,
2014-03-06,BND,81.14,81.18,81.0801,81.13,57.3185537977,57.3468104178,57.2762395092,57.3114896427,1739100,1739100,0.0,1.0,tiingo_historical_seed,
2014-03-07,BND,80.9,80.95,80.86,80.89,57.1490140773,57.1843348524,57.1207574573,57.1419499223,1926100,1926100,0.0,1.0,tiingo_historical_seed,
2014-03-10,BND,80.9,80.95,80.88,80.94,57.1490140773,57.1843348524,57.1348857673,57.1772706974,2006400,2006400,0.0,1.0,tiingo_historical_seed,
2014-03-11,BND,80.94,80.97,80.88,80.93,57.1772706974,57.1984631624,57.1348857673,57.1702065424,2263600,2263600,0.0,1.0,tiingo_historical_seed,
2014-03-12,BND,81.06,81.1162,81.01,81.1,57.2620405576,57.3017411088,57.2267197825,57.2902971776,2303700,2303700,0.0,1.0,tiingo_historical_seed,
2014-03-13,BND,81.01,81.36,81.01,81.34,57.2267197825,57.4739652081,57.2267197825,57.459836898,2204100,2204100,0.0,1.0,tiingo_historical_seed,
2014-03-14,BND,81.41,81.43,81.28,81.29,57.5092859831,57.5234142932,57.4174519679,57.4245161229,1835300,1835300,0.0,1.0,tiingo_historical_seed,
2014-03-17,BND,81.26,81.29,81.16,81.18,57.4033236579,57.4245161229,57.3326821077,57.3468104178,2693700,2693700,0.0,1.0,tiingo_historical_seed,
2014-03-18,BND,81.2,81.29,81.1799,81.27,57.3609387278,57.4245161229,57.3467397762,57.4103878129,1487900,1487900,0.0,1.0,tiingo_historical_seed,
2014-03-19,BND,81.25,81.26,80.85,80.89,57.3962595029,57.4033236579,57.1136933022,57.1419499223,2357300,2357300,0.0,1.0,tiingo_historical_seed,
2014-03-20,BND,80.9,80.91,80.81,80.82,57.1490140773,57.1560782323,57.0854366822,57.0925008372,826700,826700,0.0,1.0,tiingo_historical_seed,
2014-03-21,BND,80.89,81.055,80.86,81.05,57.1419499223,57.2585084801,57.1207574573,57.2549764026,1149700,1149700,0.0,1.0,tiingo_historical_seed,
2014-03-24,BND,80.95,81.11,80.92,81.06,57.1843348524,57.2973613327,57.1631423874,57.2620405576,4480700,4480700,0.0,1.0,tiingo_historical_seed,
2014-03-25,BND,81.03,81.14,81.0,81.04,57.2408480925,57.3185537977,57.2196556275,57.2479122475,1477200,1477200,0.0,1.0,tiingo_historical_seed,
2014-03-26,BND,81.13,81.29,81.1,81.26,57.3114896427,57.4245161229,57.2902971776,57.4033236579,3725100,3725100,0.0,1.0,tiingo_historical_seed,
2014-03-27,BND,81.23,81.37,81.2,81.34,57.3821311928,57.4810293631,57.3609387278,57.459836898,2935700,2935700,0.0,1.0,tiingo_historical_seed,
2014-03-28,BND,81.37,81.37,81.14,81.19,57.4810293631,57.4810293631,57.3185537977,57.3538745728,1387200,1387200,0.0,1.0,tiingo_historical_seed,
2014-03-31,BND,81.1,81.22,81.06,81.19,57.2902971776,57.3750670378,57.2620405576,57.3538745728,2791900,2791900,0.0,1.0,tiingo_historical_seed,
2014-04-01,BND,80.94,80.97,80.88,80.91,57.3113768729,57.3326190437,57.2688925313,57.2901347021,2824000,2824000,0.18977,1.0,tiingo_historical_seed,
2014-04-02,BND,80.85,80.88,80.71,80.75,57.2476503604,57.2688925313,57.1485202299,57.1768431244,3058800,3058800,0.0,1.0,tiingo_historical_seed,
2014-04-03,BND,80.79,80.87,80.75,80.82,57.2051660188,57.2618118077,57.1768431244,57.2264081896,1978900,1978900,0.0,1.0,tiingo_historical_seed,
2014-04-04,BND,80.94,81.11,80.94,81.06,57.3113768729,57.4317491742,57.3113768729,57.3963455562,936500,936500,0.0,1.0,tiingo_historical_seed,
2014-04-07,BND,81.09,81.25,81.09,81.21,57.417587727,57.5308793047,57.417587727,57.5025564103,1099400,1099400,0.0,1.0,tiingo_historical_seed,
2014-04-08,BND,81.23,81.3,81.16,81.27,57.5167178575,57.5662829227,57.4671527922,57.5450407519,674200,674200,0.0,1.0,tiingo_historical_seed,
2014-04-09,BND,81.19,81.32,81.13,81.25,57.4883949631,57.58044437,57.4459106214,57.5308793047,3904300,3904300,0.0,1.0,tiingo_historical_seed,
2014-04-10,BND,81.36,81.57,81.32,81.5,57.6087672644,57.7574624601,57.58044437,57.7078973949,1101400,1101400,0.0,1.0,tiingo_historical_seed,
2014-04-11,BND,81.6,81.62,81.49,81.55,57.7787046309,57.7928660782,57.7008166713,57.7433010129,1570700,1570700,0.0,1.0,tiingo_historical_seed,
2014-04-14,BND,81.54,81.589,81.485,81.54,57.7362202893,57.770915835,57.6972763095,57.7362202893,2437000,2437000,0.0,1.0,tiingo_historical_seed,
2014-04-15,BND,81.48,81.67,81.46,81.58,57.6937359477,57.8282696962,57.6795745004,57.7645431837,2219600,2219600,0.0,1.0,tiingo_historical_seed,
2014-04-16,BND,81.47,81.5599,81.45,81.53,57.6866552241,57.7503109293,57.6724937768,57.7291395657,2892500,2892500,0.0,1.0,tiingo_historical_seed,
2014-04-17,BND,81.57,81.57,81.25,81.32,57.7574624601,57.7574624601,57.5308793047,57.58044437,1054500,1054500,0.0,1.0,tiingo_historical_seed,
2014-04-21,BND,81.33,81.42,81.3,81.34,57.5875250936,57.651251606,57.5662829227,57.5946058172,3440000,3440000,0.0,1.0,tiingo_historical_seed,
2014-04-22,BND,81.26,81.35,81.24,81.34,57.5379600283,57.6016865408,57.5237985811,57.5946058172,1573300,1573300,0.0,1.0,tiingo_historical_seed,
2014-04-23,BND,81.41,81.51,81.4,81.465,57.6441708824,57.7149781185,57.6370901588,57.6831148623,1792600,1792600,0.0,1.0,tiingo_historical_seed,
2014-04-24,BND,81.39,81.49,81.3501,81.49,57.6300094352,57.7008166713,57.601757348,57.7008166713,814300,814300,0.0,1.0,tiingo_historical_seed,
2014-04-25,BND,81.54,81.63,81.51,81.52,57.7362202893,57.7999468018,57.7149781185,57.7220588421,1456300,1456300,0.0,1.0,tiingo_historical_seed,
2014-04-28,BND,81.49,81.54,81.399,81.43,57.7008166713,57.7362202893,57.6363820864,57.6583323296,851800,851800,0.0,1.0,tiingo_historical_seed,
2014-04-29,BND,81.34,81.48,81.34,81.47,57.5946058172,57.6937359477,57.5946058172,57.6866552241,840500,840500,0.0,1.0,tiingo_historical_seed,
2014-04-30,BND,81.54,81.65,81.48,81.65,57.7362202893,57.814108249,57.6937359477,57.814108249,1861000,1861000,0.0,1.0,tiingo_historical_seed,
2014-05-01,BND,81.5,81.69,81.4804,81.67,57.8339142866,57.9687418168,57.8200057624,57.9545494452,1774100,1774100,0.178343,1.0,tiingo_historical_seed,
2014-05-02,BND,81.53,81.8,81.47,81.76,57.855202844,58.0467998606,57.8126257292,58.0184151174,1517900,1517900,0.0,1.0,tiingo_historical_seed,
2014-05-05,BND,81.78,81.79,81.6301,81.67,58.032607489,58.0397036748,57.9262356639,57.9545494452,1813300,1813300,0.0,1.0,tiingo_historical_seed,
2014-05-06,BND,81.7,81.77,81.68,81.75,57.9758380026,58.0255113032,57.961645631,58.0113189316,1304000,1304000,0.0,1.0,tiingo_historical_seed,
2014-05-07,BND,81.75,81.8599,81.7,81.79,58.0113189316,58.0893060136,57.9758380026,58.0397036748,1070900,1070900,0.0,1.0,tiingo_historical_seed,
2014-05-08,BND,81.86,81.9499,81.77,81.83,58.0893769754,58.1531716858,58.0255113032,58.068088418,1937800,1937800,0.0,1.0,tiingo_historical_seed,
2014-05-09,BND,81.78,81.81,81.72,81.73,58.032607489,58.0538960464,57.9900303742,57.99712656,1523700,1523700,0.0,1.0,tiingo_historical_seed,
2014-05-12,BND,81.69,81.7,81.586,81.65,57.9687418168,57.9758380026,57.8949414845,57.9403570736,996800,996800,0.0,1.0,tiingo_historical_seed,
2014-05-13,BND,81.72,81.81,81.72,81.8,57.9900303742,58.0538960464,57.9900303742,58.0467998606,1551700,1551700,0.0,1.0,tiingo_historical_seed,
2014-05-14,BND,81.91,82.0799,81.91,82.01,58.1248579045,58.2454221012,58.1248579045,58.1958197625,1266000,1266000,0.0,1.0,tiingo_historical_seed,
2014-05-15,BND,82.1,82.28,82.1,82.16,58.2596854347,58.3874167791,58.2596854347,58.3022625495,1113300,1113300,0.0,1.0,tiingo_historical_seed,
2014-05-16,BND,82.15,82.209,82.1101,82.16,58.2951663637,58.3370338599,58.2668525824,58.3022625495,754200,754200,0.0,1.0,tiingo_historical_seed,
2014-05-19,BND,82.24,82.2699,82.1,82.13,58.3590320359,58.3802496315,58.2596854347,58.2809739921,1171300,1171300,0.0,1.0,tiingo_historical_seed,
2014-05-20,BND,82.06,82.2343,82.06,82.17,58.2313006915,58.35498721,58.2313006915,58.3093587353,1292900,1292900,0.0,1.0,tiingo_historical_seed,
2014-05-21,BND,82.04,82.11,82.0065,82.1,58.2171083199,58.2667816205,58.1933360974,58.2596854347,1189300,1189300,0.0,1.0,tiingo_historical_seed,
2014-05-22,BND,82.08,82.1,82.0,82.05,58.2454930631,58.2596854347,58.1887235767,58.2242045057,493300,493300,0.0,1.0,tiingo_historical_seed,
2014-05-23,BND,82.1,82.14,82.06,82.13,58.2596854347,58.2880701779,58.2313006915,58.2809739921,841900,841900,0.0,1.0,tiingo_historical_seed,
2014-05-27,BND,82.14,82.22,82.06,82.21,58.2880701779,58.3448396643,58.2313006915,58.3377434785,884200,884200,0.0,1.0,tiingo_historical_seed,
2014-05-28,BND,82.32,82.5099,82.32,82.48,58.4158015223,58.5505580907,58.4158015223,58.5293404952,708300,708300,0.0,1.0,tiingo_historical_seed,
2014-05-29,BND,82.5,82.6,82.4,82.41,58.5435328668,58.6144947248,58.4725710088,58.4796671946,1413700,1413700,0.0,1.0,tiingo_historical_seed,
2014-05-30,BND,82.34,82.4,82.3,82.33,58.4299938939,58.4725710088,58.4016091507,58.4228977081,1462600,1462600,0.0,1.0,tiingo_historical_seed,
2014-06-02,BND,82.06,82.13,81.93,81.95,58.3581738699,58.4079553977,58.2657224611,58.2799457548,1071100,1071100,0.178551,1.0,tiingo_historical_seed,
2014-06-03,BND,81.88,81.8999,81.74,81.75,58.230164227,58.2443164042,58.1306011714,58.1377128182,652700,652700,0.0,1.0,tiingo_historical_seed,
2014-06-04,BND,81.8,81.81,81.68,81.76,58.1732710524,58.1803826992,58.0879312904,58.144824465,1466400,1466400,0.0,1.0,tiingo_historical_seed,
2014-06-05,BND,81.74,81.88,81.7256,81.85,58.1306011714,58.230164227,58.1203604,58.2088292865,611600,611600,0.0,1.0,tiingo_historical_seed,
2014-06-06,BND,82.0,82.02,81.82,81.84,58.3155039889,58.3297272826,58.187494346,58.2017176397,1039800,1039800,0.0,1.0,tiingo_historical_seed,
2014-06-09,BND,81.82,81.82,81.7122,81.77,58.187494346,58.187494346,58.1108307932,58.1519361119,1205400,1205400,0.0,1.0,tiingo_historical_seed,
2014-06-10,BND,81.67,81.6999,81.6,81.61,58.0808196436,58.1020834676,58.0310381158,58.0381497626,1505400,1505400,0.0,1.0,tiingo_historical_seed,
2014-06-11,BND,81.71,81.728,81.62,81.64,58.1092662309,58.1220671952,58.0452614095,58.0594847031,1646000,1646000,0.0,1.0,tiingo_historical_seed,
2014-06-12,BND,81.7,81.885,81.65,81.85,58.1021545841,58.2337200504,58.0665963499,58.2088292865,1693500,1693500,0.0,1.0,tiingo_historical_seed,
2014-06-13,BND,81.68,81.86,81.67,81.83,58.0879312904,58.2159409333,58.0808196436,58.1946059928,835600,835600,0.0,1.0,tiingo_historical_seed,
2014-06-16,BND,81.8,81.87,81.76,81.81,58.1732710524,58.2230525802,58.144824465,58.1803826992,3534000,3534000,0.0,1.0,tiingo_historical_seed,
2014-06-17,BND,81.72,81.74,81.62,81.62,58.1163778777,58.1306011714,58.0452614095,58.0452614095,612900,612900,0.0,1.0,tiingo_historical_seed,
2014-06-18,BND,81.71,81.85,81.66,81.83,58.1092662309,58.2088292865,58.0737079968,58.1946059928,1495900,1495900,0.0,1.0,tiingo_historical_seed,
2014-06-19,BND,81.96,81.9667,81.69,81.76,58.2870574016,58.291822205,58.0950429373,58.144824465,3345400,3345400,0.0,1.0,tiingo_historical_seed,
2014-06-20,BND,81.7,81.82,81.7,81.81,58.1021545841,58.187494346,58.1021545841,58.1803826992,2863700,2863700,0.0,1.0,tiingo_historical_seed,
2014-06-23,BND,81.9,81.91,81.76,81.78,58.2443875206,58.2514991675,58.144824465,58.1590477587,1136900,1136900,0.0,1.0,tiingo_historical_seed,
2014-06-24,BND,81.89,81.95,81.8,81.93,58.2372758738,58.2799457548,58.1732710524,58.2657224611,1305800,1305800,0.0,1.0,tiingo_historical_seed,
2014-06-25,BND,82.11,82.1285,81.99,82.04,58.393732104,58.4068886507,58.3083923421,58.3439505762,1928000,1928000,0.0,1.0,tiingo_historical_seed,
2014-06-26,BND,82.11,82.2,82.07,82.15,58.393732104,58.4577369255,58.3652855167,58.4221786913,533200,533200,0.0,1.0,tiingo_historical_seed,
2014-06-27,BND,82.2,82.24,82.1332,82.15,58.4577369255,58.4861835128,58.4102311247,58.4221786913,633900,633900,0.0,1.0,tiingo_historical_seed,
2014-06-30,BND,82.2,82.23,82.13,82.22,58.4577369255,58.479071866,58.4079553977,58.4719602191,904900,904900,0.0,1.0,tiingo_historical_seed,
2014-07-01,BND,81.92,81.98,81.87,81.89,58.3811488275,58.423908458,58.3455158021,58.3597690123,1288100,1288100,0.172243,1.0,tiingo_historical_seed,
2014-07-02,BND,81.8,81.8,81.66,81.67,58.2956295665,58.2956295665,58.1958570954,58.2029837005,981800,981800,0.0,1.0,tiingo_historical_seed,
2014-07-03,BND,81.55,81.64,81.5,81.57,58.1174644395,58.1816038852,58.0818314141,58.1317176497,667100,667100,0.0,1.0,tiingo_historical_seed,
2014-07-07,BND,81.64,81.69,81.63,81.67,58.1816038852,58.2172369106,58.1744772802,58.2029837005,1656900,1656900,0.0,1.0,tiingo_historical_seed,
2014-07-08,BND,81.81,81.88,81.7801,81.82,58.3027561716,58.3526424072,58.2814476224,58.3098827767,1397600,1397600,0.0,1.0,tiingo_historical_seed,
2014-07-09,BND,81.81,81.93,81.75,81.9,58.3027561716,58.3882754326,58.2599965411,58.3668956174,1275800,1275800,0.0,1.0,tiingo_historical_seed,
2014-07-10,BND,82.01,82.05,81.9,81.92,58.4452882732,58.4737946936,58.3668956174,58.3811488275,665400,665400,0.0,1.0,tiingo_historical_seed,
2014-07-11,BND,82.03,82.0999,81.99,82.04,58.4595414834,58.5093564529,58.4310350631,58.4666680885,958600,958600,0.0,1.0,tiingo_historical_seed,
2014-07-14,BND,82.0,82.0,81.89,81.92,58.4381616682,58.4381616682,58.3597690123,58.3811488275,994700,994700,0.0,1.0,tiingo_historical_seed,
2014-07-15,BND,81.87,81.98,81.794,81.86,58.3455158021,58.423908458,58.2913536035,58.338389197,3125400,3125400,0.0,1.0,tiingo_historical_seed,
2014-07-16,BND,81.89,81.92,81.84,81.89,58.3597690123,58.3811488275,58.3241359869,58.3597690123,767200,767200,0.0,1.0,tiingo_historical_seed,
2014-07-17,BND,82.05,82.166,81.98,82.11,58.4737946936,58.5564633125,58.423908458,58.5165543241,841700,841700,0.0,1.0,tiingo_historical_seed,
2014-07-18,BND,82.15,82.15,82.02,82.11,58.5450607444,58.5450607444,58.4524148783,58.5165543241,1146600,1146600,0.0,1.0,tiingo_historical_seed,
2014-07-21,BND,82.13,82.22,82.11,82.11,58.5308075342,58.59494698,58.5165543241,58.5165543241,2327800,2327800,0.0,1.0,tiingo_historical_seed,
2014-07-22,BND,82.17,82.22,82.09,82.22,58.5593139546,58.59494698,58.5023011139,58.59494698,776700,776700,0.0,1.0,tiingo_historical_seed,
2014-07-23,BND,82.26,82.29,82.17,82.18,58.6234534003,58.6448332155,58.5593139546,58.5664405596,1361700,1361700,0.0,1.0,tiingo_historical_seed,
2014-07-24,BND,82.1,82.1,81.98,82.02,58.509427719,58.509427719,58.423908458,58.4524148783,800900,800900,0.0,1.0,tiingo_historical_seed,
2014-07-25,BND,82.13,82.18,82.09,82.17,58.5308075342,58.5664405596,58.5023011139,58.5593139546,1414500,1414500,0.0,1.0,tiingo_historical_seed,
2014-07-28,BND,82.2,82.22,82.0901,82.15,58.5806937698,58.59494698,58.50237238,58.5450607444,1249900,1249900,0.0,1.0,tiingo_historical_seed,
2014-07-29,BND,82.23,82.27,82.12,82.22,58.602073585,58.6305800054,58.5236809291,58.59494698,1271300,1271300,0.0,1.0,tiingo_historical_seed,
2014-07-30,BND,82.07,82.07,81.85,81.91,58.4880479037,58.4880479037,58.3312625919,58.3740222224,1913600,1913600,0.0,1.0,tiingo_historical_seed,
2014-07-31,BND,81.77,81.92,81.75,81.82,58.2742497513,58.3811488275,58.2599965411,58.3098827767,3113700,3113700,0.0,1.0,tiingo_historical_seed,
2014-08-01,BND,82.09,82.26,82.06,82.26,58.6243565713,58.745761622,58.6029321505,58.745761622,3550300,3550300,0.171622,1.0,tiingo_historical_seed,
2014-08-04,BND,81.97,82.09,81.93,82.03,58.5386588884,58.6243565713,58.5100929941,58.5815077298,4089900,4089900,0.0,1.0,tiingo_historical_seed,
2014-08-05,BND,81.97,82.02,81.8707,81.92,58.5386588884,58.5743662562,58.4677440558,58.5029515205,3960800,3960800,0.0,1.0,tiingo_historical_seed,
2014-08-06,BND,82.04,82.08,81.98,82.01,58.5886492034,58.6172150977,58.5458003619,58.5672247827,2925900,2925900,0.0,1.0,tiingo_historical_seed,
2014-08-07,BND,82.05,82.2,81.99,82.19,58.595790677,58.7029127806,58.5529418355,58.695771307,2207500,2207500,0.0,1.0,tiingo_historical_seed,
2014-08-08,BND,82.23,82.3325,82.12,82.13,58.7243372013,58.7975373054,58.645780992,58.6529224655,1608500,1608500,0.0,1.0,tiingo_historical_seed,
2014-08-11,BND,82.18,82.23,82.11,82.17,58.6886298334,58.7243372013,58.6386395184,58.6814883598,928800,928800,0.0,1.0,tiingo_historical_seed,
2014-08-12,BND,82.18,82.18,82.08,82.1,58.6886298334,58.6886298334,58.6172150977,58.6314980448,2365300,2365300,0.0,1.0,tiingo_historical_seed,
2014-08-13,BND,82.17,82.2799,82.12,82.25,58.6814883598,58.7599731544,58.645780992,58.7386201484,944100,944100,0.0,1.0,tiingo_historical_seed,
2014-08-14,BND,82.37,82.38,82.21,82.33,58.8243178313,58.8314593049,58.7100542541,58.795751937,2623800,2623800,0.0,1.0,tiingo_historical_seed,
2014-08-15,BND,82.39,82.64,82.35,82.48,58.8386007785,59.0171376178,58.8100348842,58.9028740406,6875700,6875700,0.0,1.0,tiingo_historical_seed,
2014-08-18,BND,82.41,82.429,82.3,82.31,58.8528837256,58.8664525254,58.7743275163,58.7814689899,4011900,4011900,0.0,1.0,tiingo_historical_seed,
2014-08-19,BND,82.4,82.41,82.24,82.3,58.8457422521,58.8528837256,58.7314786749,58.7743275163,1674900,1674900,0.0,1.0,tiingo_historical_seed,
2014-08-20,BND,82.26,82.2899,82.13,82.18,58.745761622,58.767114628,58.6529224655,58.6886298334,5183000,5183000,0.0,1.0,tiingo_historical_seed,
2014-08-21,BND,82.22,82.31,82.21,82.27,58.7171957277,58.7814689899,58.7100542541,58.7529030956,3563500,3563500,0.0,1.0,tiingo_historical_seed,
2014-08-22,BND,82.27,82.325,82.13,82.27,58.7529030956,58.7921812002,58.6529224655,58.7529030956,1193000,1193000,0.0,1.0,tiingo_historical_seed,
2014-08-25,BND,82.32,82.34,82.2559,82.3,58.7886104635,58.8028934106,58.7428336178,58.7743275163,1897400,1897400,0.0,1.0,tiingo_historical_seed,
2014-08-26,BND,82.38,82.39,82.3,82.34,58.8314593049,58.8386007785,58.7743275163,58.8028934106,1317100,1317100,0.0,1.0,tiingo_historical_seed,
2014-08-27,BND,82.41,82.49,82.36,82.47,58.8528837256,58.9100155142,58.8171763578,58.8957325671,1062900,1062900,0.0,1.0,tiingo_historical_seed,
2014-08-28,BND,82.6,82.62,82.52,82.58,58.9885717235,59.0028546707,58.9314399349,58.9742887764,685500,685500,0.0,1.0,tiingo_historical_seed,
2014-08-29,BND,82.54,82.63,82.53,82.58,58.9457228821,59.0099961443,58.9385814085,58.9742887764,1081300,1081300,0.0,1.0,tiingo_historical_seed,
2014-09-02,BND,82.25,82.25,82.11,82.12,58.8664453139,58.8664453139,58.7662471092,58.7734041238,1211100,1211100,0.178707,1.0,tiingo_historical_seed,
2014-09-03,BND,82.09,82.26,82.06,82.26,58.7519330799,58.8736023286,58.730462036,58.8736023286,972800,972800,0.0,1.0,tiingo_historical_seed,
2014-09-04,BND,82.19,82.23,82.08,82.12,58.8235032262,58.8521312847,58.7447760653,58.7734041238,1882600,1882600,0.0,1.0,tiingo_historical_seed,
2014-09-05,BND,82.16,82.21,82.04,82.09,58.8020321823,58.8378172554,58.7161480068,58.7519330799,1872800,1872800,0.0,1.0,tiingo_historical_seed,
2014-09-08,BND,82.19,82.22,82.009,82.03,58.8235032262,58.8449742701,58.6939612614,58.7089909921,2740700,2740700,0.0,1.0,tiingo_historical_seed,
2014-09-09,BND,81.92,81.965,81.87,81.89,58.6302638312,58.662470397,58.5944787581,58.6087927873,1288600,1288600,0.0,1.0,tiingo_historical_seed,
2014-09-10,BND,81.8,81.8,81.74,81.74,58.5443796557,58.5443796557,58.5014375679,58.5014375679,2719000,2719000,0.0,1.0,tiingo_historical_seed,
2014-09-11,BND,81.85,81.86,81.68,81.68,58.5801647288,58.5873217435,58.4584954802,58.4584954802,2529000,2529000,0.0,1.0,tiingo_historical_seed,
2014-09-12,BND,81.6,81.63,81.51,81.55,58.4012393631,58.422710407,58.3368262315,58.36545429,1921700,1921700,0.0,1.0,tiingo_historical_seed,
2014-09-15,BND,81.6,81.63,81.5501,81.59,58.4012393631,58.422710407,58.3655258601,58.3940823485,2550500,2550500,0.0,1.0,tiingo_historical_seed,
2014-09-16,BND,81.6,81.679,81.55,81.56,58.4012393631,58.4577797787,58.36545429,58.3726113046,1077700,1077700,0.0,1.0,tiingo_historical_seed,
2014-09-17,BND,81.65,81.69,81.46,81.46,58.4370244363,58.4656524948,58.3010411583,58.3010411583,2606500,2606500,0.0,1.0,tiingo_historical_seed,
2014-09-18,BND,81.47,81.4799,81.41,81.47,58.308198173,58.3152836175,58.2652560852,58.308198173,1802900,1802900,0.0,1.0,tiingo_historical_seed,
2014-09-19,BND,81.51,81.64,81.46,81.64,58.3368262315,58.4298674216,58.3010411583,58.4298674216,1238900,1238900,0.0,1.0,tiingo_historical_seed,
2014-09-22,BND,81.7,81.77,81.67,81.74,58.4728095094,58.5229086118,58.4513384655,58.5014375679,638354,638354,0.0,1.0,tiingo_historical_seed,
2014-09-23,BND,81.78,81.8,81.72,81.78,58.5300656264,58.5443796557,58.4871235387,58.5300656264,985434,985434,0.0,1.0,tiingo_historical_seed,
2014-09-24,BND,81.79,81.8285,81.7,81.73,58.5372226411,58.5647771474,58.4728095094,58.4942805533,3552535,3552535,0.0,1.0,tiingo_historical_seed,
2014-09-25,BND,81.82,81.94,81.812,81.93,58.5586936849,58.6445778605,58.5529680732,58.6374208458,3152497,3152497,0.0,1.0,tiingo_historical_seed,
2014-09-26,BND,81.85,81.91,81.77,81.85,58.5801647288,58.6231068166,58.5229086118,58.5801647288,3500274,3500274,0.0,1.0,tiingo_historical_seed,
2014-09-29,BND,81.96,81.98,81.91,81.95,58.6588918897,58.673205919,58.6231068166,58.6517348751,9772629,9772629,0.0,1.0,tiingo_historical_seed,
2014-09-30,BND,81.93,82.02,81.9,81.93,58.6374208458,58.7018339775,58.615949802,58.6374208458,8535993,8535993,0.0,1.0,tiingo_historical_seed,
2014-10-01,BND,81.97,82.13,81.965,82.12,58.7811885265,58.8959255054,58.7776029959,58.8887544442,5094478,5094478,0.161171,1.0,tiingo_historical_seed,
2014-10-02,BND,82.18,82.23,82.04,82.06,58.9317808113,58.9676361173,58.8313859548,58.8457280771,2731538,2731538,0.0,1.0,tiingo_historical_seed,
2014-10-03,BND,81.97,82.07,81.92,82.01,58.7811885265,58.8528991383,58.7453332206,58.8098727712,3526884,3526884,0.0,1.0,tiingo_historical_seed,
2014-10-06,BND,82.1,82.25,82.05,82.2,58.8744123219,58.9819782396,58.8385570159,58.9461229337,3645820,3645820,0.0,1.0,tiingo_historical_seed,
2014-10-07,BND,82.32,82.45,82.26,82.41,59.0321756679,59.1253994633,58.9891493008,59.0967152186,3012372,3012372,0.0,1.0,tiingo_historical_seed,
2014-10-08,BND,82.46,82.63,82.29,82.63,59.1325705245,59.2544785646,59.0106624844,59.2544785646,1586802,1586802,0.0,1.0,tiingo_historical_seed,
2014-10-09,BND,82.59,82.6087,82.46,82.5,59.2257943199,59.2392042043,59.1325705245,59.1612547692,2160881,2160881,0.0,1.0,tiingo_historical_seed,
2014-10-10,BND,82.5,82.59,82.4834,82.57,59.1612547692,59.2257943199,59.1493508077,59.2114521975,1538154,1538154,0.0,1.0,tiingo_historical_seed,
2014-10-13,BND,82.69,82.84,82.67,82.81,59.2975049317,59.4050708495,59.2831628094,59.3835576659,1178434,1178434,0.0,1.0,tiingo_historical_seed,
2014-10-14,BND,82.9,82.9214,82.79,82.92,59.4480972166,59.4634432875,59.3692155436,59.462439339,5402683,5402683,0.0,1.0,tiingo_historical_seed,
2014-10-15,BND,83.58,84.07,83.01,83.11,59.9357293771,60.2871113751,59.5269788896,59.5986895015,5461364,5461364,0.0,1.0,tiingo_historical_seed,
2014-10-16,BND,83.35,83.37,82.91,82.97,59.7707949699,59.7851370923,59.4552682778,59.4982946449,3699788,3699788,0.0,1.0,tiingo_historical_seed,
2014-10-17,BND,82.92,83.0,82.81,82.91,59.462439339,59.5198078284,59.3835576659,59.4552682778,2143389,2143389,0.0,1.0,tiingo_historical_seed,
2014-10-20,BND,83.02,83.05,82.92,82.98,59.5341499508,59.5556631344,59.462439339,59.5054657061,1379347,1379347,0.0,1.0,tiingo_historical_seed,
2014-10-21,BND,82.91,82.97,82.84,82.86,59.4552682778,59.4982946449,59.4050708495,59.4194129719,1647678,1647678,0.0,1.0,tiingo_historical_seed,
2014-10-22,BND,82.75,82.88,82.74,82.84,59.3405312988,59.4337550942,59.3333602377,59.4050708495,2292378,2292378,0.0,1.0,tiingo_historical_seed,
2014-10-23,BND,82.77,82.77,82.54,82.59,59.3548734212,59.3548734212,59.189939014,59.2257943199,6617222,6617222,0.0,1.0,tiingo_historical_seed,
2014-10-24,BND,82.65,82.75,82.6,82.66,59.268820687,59.3405312988,59.2329653811,59.2759917482,2202127,2202127,0.0,1.0,tiingo_historical_seed,
2014-10-27,BND,82.66,82.71,82.6,82.63,59.2759917482,59.3118470541,59.2329653811,59.2544785646,2454170,2454170,0.0,1.0,tiingo_historical_seed,
2014-10-28,BND,82.64,82.67,82.57,82.58,59.2616496258,59.2831628094,59.2114521975,59.2186232587,2201154,2201154,0.0,1.0,tiingo_historical_seed,
2014-10-29,BND,82.55,82.56,82.34,82.44,59.1971100752,59.2042811363,59.0465177903,59.1182284021,2219914,2219914,0.0,1.0,tiingo_historical_seed,
2014-10-30,BND,82.55,82.59,82.4666,82.5,59.1971100752,59.2257943199,59.1373034249,59.1612547692,4741869,4741869,0.0,1.0,tiingo_historical_seed,
2014-10-31,BND,82.2672,82.2971,82.1674,82.1874,58.9943124649,59.0157539378,58.9227452742,58.9370873966,4598617,4598617,0.0,1.0,tiingo_historical_seed,
2014-11-03,BND,82.2,82.236,82.04,82.15,59.0699923093,59.0958623789,58.955014222,59.034061657,3063639,3063639,0.17263,1.0,tiingo_historical_seed,
2014-11-04,BND,82.2,82.2755,82.13,82.13,59.0699923093,59.1242475942,59.0196893961,59.0196893961,3231110,3231110,0.0,1.0,tiingo_historical_seed,
2014-11-05,BND,82.16,82.24,82.11,82.23,59.0412477875,59.0987368311,59.0053171352,59.0915507006,2566592,2566592,0.0,1.0,tiingo_historical_seed,
2014-11-06,BND,82.1,82.1666,82.01,82.04,58.9981310048,59.0459906336,58.9334558307,58.955014222,2183518,2183518,0.0,1.0,tiingo_historical_seed,
2014-11-07,BND,82.16,82.33,82.12,82.32,59.0412477875,59.1634120051,59.0125032657,59.1562258747,1772406,1772406,0.0,1.0,tiingo_historical_seed,
2014-11-10,BND,82.35,82.36,82.14,82.15,59.177784266,59.1849703965,59.0268755266,59.034061657,2490584,2490584,0.0,1.0,tiingo_historical_seed,
2014-11-11,BND,82.1,82.24,82.09,82.19,58.9981310048,59.0987368311,58.9909448743,59.0628061788,1102457,1102457,0.0,1.0,tiingo_historical_seed,
2014-11-12,BND,82.28,82.32,82.156,82.18,59.1274813529,59.1562258747,59.0383733353,59.0556200484,809840,809840,0.0,1.0,tiingo_historical_seed,
2014-11-13,BND,82.22,82.29,82.18,82.24,59.0843645702,59.1346674833,59.0556200484,59.0987368311,1665314,1665314,0.0,1.0,tiingo_historical_seed,
2014-11-14,BND,82.19,82.315,82.15,82.26,59.0628061788,59.1526328095,59.034061657,59.113109092,1519144,1519144,0.0,1.0,tiingo_historical_seed,
2014-11-17,BND,82.39,82.39,82.23,82.26,59.2065287878,59.2065287878,59.0915507006,59.113109092,1787008,1787008,0.0,1.0,tiingo_historical_seed,
2014-11-18,BND,82.34,82.38,82.3,82.38,59.1705981356,59.1993426574,59.1418536138,59.1993426574,1607536,1607536,0.0,1.0,tiingo_historical_seed,
2014-11-19,BND,82.2,82.34,82.15,82.17,59.0699923093,59.1705981356,59.034061657,59.0484339179,1368574,1368574,0.0,1.0,tiingo_historical_seed,
2014-11-20,BND,82.37,82.4,82.21,82.27,59.1921565269,59.2137149183,59.0771784397,59.1202952224,914895,914895,0.0,1.0,tiingo_historical_seed,
2014-11-21,BND,82.31,82.455,82.31,82.45,59.1490397442,59.2532386358,59.1490397442,59.2496455705,3286204,3286204,0.0,1.0,tiingo_historical_seed,
2014-11-24,BND,82.38,82.49,82.35,82.46,59.1993426574,59.2783900924,59.177784266,59.256831701,1118324,1118324,0.0,1.0,tiingo_historical_seed,
2014-11-25,BND,82.42,82.65,82.4,82.61,59.2280871792,59.3933681796,59.2137149183,59.3646236578,1010806,1010806,0.0,1.0,tiingo_historical_seed,
2014-11-26,BND,82.72,82.78,82.7001,82.73,59.4436710927,59.4867878754,59.4293706931,59.4508572232,1149641,1149641,0.0,1.0,tiingo_historical_seed,
2014-11-28,BND,82.82,82.9,82.81,82.87,59.5155323972,59.5730214409,59.5083462668,59.5514630495,726274,726274,0.0,1.0,tiingo_historical_seed,
2014-12-01,BND,82.81,82.83,82.57,82.58,59.6282774191,59.6426786454,59.4554627038,59.4626633169,3682078,3682078,0.166429,1.0,tiingo_historical_seed,
2014-12-02,BND,82.5,82.5,82.39,82.4,59.4050584118,59.4050584118,59.3258516672,59.3330522804,5205881,5205881,0.0,1.0,tiingo_historical_seed,
2014-12-03,BND,82.37,82.42,82.33,82.375,59.3114504409,59.3474535066,59.2826479884,59.3150507475,3877165,3877165,0.0,1.0,tiingo_historical_seed,
2014-12-04,BND,82.41,82.57,82.39,82.52,59.3402528935,59.4554627038,59.3258516672,59.4194596381,1558326,1558326,0.0,1.0,tiingo_historical_seed,
2014-12-05,BND,82.4,82.4,82.18,82.28,59.3330522804,59.3330522804,59.1746387913,59.2466449227,3695733,3695733,0.0,1.0,tiingo_historical_seed,
2014-12-08,BND,82.3,82.5,82.25,82.45,59.261046149,59.4050584118,59.2250430833,59.3690553461,2838243,2838243,0.0,1.0,tiingo_historical_seed,
2014-12-09,BND,82.53,82.62,82.44,82.48,59.4266602512,59.4914657695,59.3618547329,59.3906571855,3727842,3727842,0.0,1.0,tiingo_historical_seed,
2014-12-10,BND,82.52,82.73,82.5,82.7,59.4194596381,59.570672514,59.4050584118,59.5490706746,4081892,4081892,0.0,1.0,tiingo_historical_seed,
2014-12-11,BND,82.6,82.66,82.51,82.62,59.4770645432,59.520268222,59.4122590249,59.4914657695,3280587,3280587,0.0,1.0,tiingo_historical_seed,
2014-12-12,BND,82.81,82.98,82.7,82.9,59.6282774191,59.7506878425,59.5490706746,59.6930829374,6232922,6232922,0.0,1.0,tiingo_historical_seed,
2014-12-15,BND,82.84,82.8899,82.71,82.75,59.6498792586,59.6858103181,59.5562712877,59.5850737403,5511390,5511390,0.0,1.0,tiingo_historical_seed,
2014-12-16,BND,82.98,82.98,82.79,82.94,59.7506878425,59.7506878425,59.6138761929,59.72188539,6532792,6532792,0.0,1.0,tiingo_historical_seed,
2014-12-17,BND,82.91,82.96,82.68,82.74,59.7002835505,59.7362866163,59.5346694483,59.5778731272,3942429,3942429,0.0,1.0,tiingo_historical_seed,
2014-12-18,BND,82.61,82.66,82.54,82.61,59.4842651563,59.520268222,59.4338608643,59.4842651563,1625539,1625539,0.0,1.0,tiingo_historical_seed,
2014-12-19,BND,82.6,82.79,82.5815,82.79,59.4770645432,59.6138761929,59.4637434089,59.6138761929,2204817,2204817,0.0,1.0,tiingo_historical_seed,
2014-12-22,BND,82.7,82.79,82.68,82.75,59.5490706746,59.6138761929,59.5346694483,59.5850737403,2157058,2157058,0.0,1.0,tiingo_historical_seed,
2014-12-23,BND,82.29,82.32,82.0,82.01,59.5293300376,59.5510323088,59.3195414155,59.3267755059,6121208,6121208,0.381283,1.0,tiingo_historical_seed,
2014-12-24,BND,81.99,82.04,81.85,82.04,59.3123073251,59.3484777771,59.2110300592,59.3484777771,2280240,2280240,0.0,1.0,tiingo_historical_seed,
2014-12-26,BND,82.11,82.19,82.0523,82.11,59.3991164101,59.4569891334,59.3573757084,59.3991164101,1300767,1300767,0.0,1.0,tiingo_historical_seed,
2014-12-29,BND,82.24,82.35,82.1572,82.25,59.4931595855,59.5727345801,59.4332613168,59.5003936759,2730569,2730569,0.0,1.0,tiingo_historical_seed,
2014-12-30,BND,82.44,82.48,82.29,82.31,59.6378413938,59.6667777555,59.5293300376,59.5437982184,5854687,5854687,0.0,1.0,tiingo_historical_seed,
2014-12-31,BND,82.4,82.45,82.35,82.37,59.6089050321,59.6450754842,59.5727345801,59.5872027609,1708929,1708929,0.0,1.0,tiingo_historical_seed,
2015-01-02,BND,82.43,82.69,82.42,82.65,59.6306073034,59.8186936542,59.623373213,59.7897572925,2218842,2218842,0.0,1.0,tiingo_historical_seed,
2015-01-05,BND,82.74,82.92,82.7,82.89,59.8548641063,59.9850777338,59.8259277446,59.9633754625,5820072,5820072,0.0,1.0,tiingo_historical_seed,
2015-01-06,BND,83.03,83.38,83.03,83.13,60.0646527284,60.317845893,60.0646527284,60.1369936325,3887617,3887617,0.0,1.0,tiingo_historical_seed,
2015-01-07,BND,83.14,83.28,83.05,83.18,60.144227723,60.2455049888,60.0791209092,60.1731640846,2433442,2433442,0.0,1.0,tiingo_historical_seed,
2015-01-08,BND,83.11,83.11,82.97,83.05,60.1225254517,60.1225254517,60.0212481859,60.0791209092,1873446,1873446,0.0,1.0,tiingo_historical_seed,
2015-01-09,BND,83.01,83.2899,83.0,83.19,60.0501845475,60.2526667383,60.0429504571,60.180398175,1646123,1646123,0.0,1.0,tiingo_historical_seed,
2015-01-12,BND,83.25,83.33,83.2,83.3,60.2238027175,60.2816754409,60.1876322655,60.2599731696,4397917,4397917,0.0,1.0,tiingo_historical_seed,
2015-01-13,BND,83.31,83.47,83.23,83.38,60.26720726,60.3829527067,60.2093345367,60.317845893,2223410,2223410,0.0,1.0,tiingo_historical_seed,
2015-01-14,BND,83.64,83.72,83.549,83.57,60.5059322438,60.5638049671,60.440102021,60.4552936109,2481202,2481202,0.0,1.0,tiingo_historical_seed,
2015-01-15,BND,83.55,83.96,83.55,83.94,60.44082543,60.7374231371,60.44082543,60.7229549563,4214268,4214268,0.0,1.0,tiingo_historical_seed,
2015-01-16,BND,83.81,83.85,83.58,83.69,60.6289117809,60.6578481425,60.4625277013,60.5421026959,3631251,3631251,0.0,1.0,tiingo_historical_seed,
2015-01-20,BND,83.7,83.83,83.57,83.6,60.5493367863,60.6433799617,60.4552936109,60.4769958821,3029537,3029537,0.0,1.0,tiingo_historical_seed,
2015-01-21,BND,83.79,83.8,83.43,83.44,60.6144436,60.6216776904,60.354016345,60.3612504355,2473875,2473875,0.0,1.0,tiingo_historical_seed,
2015-01-22,BND,83.63,83.63,83.37,83.46,60.4986981534,60.4986981534,60.3106118025,60.3757186163,2157439,2157439,0.0,1.0,tiingo_historical_seed,
2015-01-23,BND,83.64,83.77,83.61,83.73,60.5059322438,60.5999754192,60.4842299725,60.5710390575,6255015,6255015,0.0,1.0,tiingo_historical_seed,
2015-01-26,BND,83.73,83.749,83.58,83.63,60.5710390575,60.5847838293,60.4625277013,60.4986981534,7810486,7810486,0.0,1.0,tiingo_historical_seed,
2015-01-27,BND,83.86,83.89,83.6265,83.68,60.6650822329,60.6867845042,60.4961662217,60.5348686055,1154115,1154115,0.0,1.0,tiingo_historical_seed,
2015-01-28,BND,83.64,84.09,83.62,83.98,60.5059322438,60.8314663125,60.491464063,60.7518913179,1394640,1394640,0.0,1.0,tiingo_historical_seed,
2015-01-29,BND,83.94,83.971,83.76,83.89,60.7229549563,60.7453806366,60.5927413288,60.6867845042,1551255,1551255,0.0,1.0,tiingo_historical_seed,
2015-01-30,BND,84.2,84.35,84.11,84.35,60.9110413071,61.0195526634,60.8459344934,61.0195526634,10474364,10474364,0.0,1.0,tiingo_historical_seed,
2015-02-02,BND,83.95,84.18,83.91,84.08,60.8530268329,61.0197474543,60.8240319422,60.9472602276,6070478,6070478,0.170067,1.0,tiingo_historical_seed,
2015-02-03,BND,83.93,83.99,83.774,83.82,60.8385293875,60.8820217235,60.7254493138,60.7587934381,1237234,1237234,0.0,1.0,tiingo_historical_seed,
2015-02-04,BND,83.65,83.86,83.5631,83.85,60.6355651527,60.7877883288,60.5725737527,60.7805396061,2945688,2945688,0.0,1.0,tiingo_historical_seed,
2015-02-05,BND,83.69,83.76,83.61,83.67,60.6645600434,60.7153011021,60.606570262,60.650062598,2128102,2128102,0.0,1.0,tiingo_historical_seed,
2015-02-06,BND,83.38,83.42,83.11,83.13,60.4398496405,60.4688445312,60.2441341284,60.2586315737,2907733,2907733,0.0,1.0,tiingo_historical_seed,
2015-02-09,BND,83.27,83.29,83.06,83.1,60.3601136912,60.3746111365,60.207890515,60.2368854057,1384559,1384559,0.0,1.0,tiingo_historical_seed,
2015-02-10,BND,83.0,83.04,82.9,82.95,60.164398179,60.1933930697,60.0919109523,60.1281545656,1447918,1447918,0.0,1.0,tiingo_historical_seed,
2015-02-11,BND,83.0,83.0499,82.89,82.95,60.164398179,60.2005693051,60.0846622296,60.1281545656,1904004,1904004,0.0,1.0,tiingo_historical_seed,
2015-02-12,BND,82.99,83.1,82.96,82.99,60.1571494563,60.2368854057,60.1354032883,60.1571494563,4662889,4662889,0.0,1.0,tiingo_historical_seed,
2015-02-13,BND,83.03,83.03,82.8,82.8,60.186144347,60.186144347,60.0194237256,60.0194237256,1882963,1882963,0.0,1.0,tiingo_historical_seed,
2015-02-17,BND,82.78,82.795,82.44,82.47,60.0049262802,60.0157993642,59.7584697094,59.7802158774,5281511,5281511,0.0,1.0,tiingo_historical_seed,
2015-02-18,BND,82.59,82.815,82.49,82.7,59.8672005494,60.0302968096,59.7947133227,59.9469364988,3812988,3812988,0.0,1.0,tiingo_historical_seed,
2015-02-19,BND,82.74,82.81,82.6,82.63,59.9759313895,60.0266724482,59.8744492721,59.8961954401,1322735,1322735,0.0,1.0,tiingo_historical_seed,
2015-02-20,BND,82.75,82.88,82.5301,82.65,59.9831801122,60.0774135069,59.8237807006,59.9106928855,3145827,3145827,0.0,1.0,tiingo_historical_seed,
2015-02-23,BND,82.8,82.89,82.75,82.82,60.0194237256,60.0846622296,59.9831801122,60.0339211709,3952746,3952746,0.0,1.0,tiingo_historical_seed,
2015-02-24,BND,82.82,83.22,82.68,83.16,60.0339211709,60.3238700778,59.9324390535,60.2803777418,2542150,2542150,0.0,1.0,tiingo_historical_seed,
2015-02-25,BND,83.15,83.2599,83.08,83.24,60.2731290191,60.3527924813,60.2223879604,60.3383675231,4934645,4934645,0.0,1.0,tiingo_historical_seed,
2015-02-26,BND,83.14,83.2399,83.0,83.01,60.2658802964,60.3382950359,60.164398179,60.1716469017,2187546,2187546,0.0,1.0,tiingo_historical_seed,
2015-02-27,BND,83.03,83.11,82.93,83.08,60.186144347,60.2441341284,60.1136571203,60.2223879604,4094445,4094445,0.0,1.0,tiingo_historical_seed,
2015-03-02,BND,82.96,83.0,82.63,82.65,60.2532206577,60.2822723553,60.0135441532,60.028070002,2476128,2476128,0.161928,1.0,tiingo_historical_seed,
2015-03-03,BND,82.63,82.71,82.53,82.55,60.0135441532,60.0716475482,59.9409149094,59.9554407582,2648060,2648060,0.0,1.0,tiingo_historical_seed,
2015-03-04,BND,82.6,82.66,82.51,82.55,59.9917553801,60.0353329263,59.9263890606,59.9554407582,1425410,1425410,0.0,1.0,tiingo_historical_seed,
2015-03-05,BND,82.57,82.679,82.502,82.6,59.9699666069,60.0491324827,59.9205787211,59.9917553801,1340751,1340751,0.0,1.0,tiingo_historical_seed,
2015-03-06,BND,82.31,82.31,82.03,82.12,59.781130573,59.781130573,59.5777686904,59.6431350098,1580047,1580047,0.0,1.0,tiingo_historical_seed,
2015-03-09,BND,82.28,82.3,82.1846,82.22,59.7593417999,59.7738676487,59.6900535013,59.7157642536,1982326,1982326,0.0,1.0,tiingo_historical_seed,
2015-03-10,BND,82.45,82.55,82.43,82.54,59.8828115144,59.9554407582,59.8682856656,59.9481778338,3766143,3766143,0.0,1.0,tiingo_historical_seed,
2015-03-11,BND,82.54,82.6899,82.51,82.63,59.9481778338,60.0570490702,59.9263890606,60.0135441532,4829734,4829734,0.0,1.0,tiingo_historical_seed,
2015-03-12,BND,82.87,82.89,82.6474,82.69,60.1878543383,60.2023801871,60.0261816416,60.0571216995,8421475,8421475,0.0,1.0,tiingo_historical_seed,
2015-03-13,BND,82.61,82.77,82.58,82.61,59.9990183044,60.1152250945,59.9772295313,59.9990183044,2114506,2114506,0.0,1.0,tiingo_historical_seed,
2015-03-16,BND,82.82,82.87,82.67,82.77,60.1515397164,60.1878543383,60.0425958507,60.1152250945,1203741,1203741,0.0,1.0,tiingo_historical_seed,
2015-03-17,BND,82.78,82.84,82.74,82.84,60.1224880189,60.1660655652,60.0934363214,60.1660655652,1471274,1471274,0.0,1.0,tiingo_historical_seed,
2015-03-18,BND,82.93,83.35,82.77,83.35,60.2314318846,60.5364747086,60.1152250945,60.5364747086,5534308,5534308,0.0,1.0,tiingo_historical_seed,
2015-03-19,BND,83.3,83.32,83.05,83.1,60.5001600867,60.5146859354,60.3185869772,60.3549015991,1208076,1208076,0.0,1.0,tiingo_historical_seed,
2015-03-20,BND,83.15,83.33,83.15,83.32,60.391216221,60.5219488598,60.391216221,60.5146859354,1011198,1011198,0.0,1.0,tiingo_historical_seed,
2015-03-23,BND,83.36,83.37,83.22,83.36,60.543737633,60.5510005573,60.4420566916,60.543737633,1572685,1572685,0.0,1.0,tiingo_historical_seed,
2015-03-24,BND,83.41,83.55,83.3338,83.5,60.5800522549,60.6817331962,60.5247087711,60.6454185743,2300458,2300458,0.0,1.0,tiingo_historical_seed,
2015-03-25,BND,83.6,83.6,83.35,83.37,60.7180478181,60.7180478181,60.5364747086,60.5510005573,1559865,1559865,0.0,1.0,tiingo_historical_seed,
2015-03-26,BND,83.25,83.2647,83.02,83.1,60.4638454648,60.4745219636,60.296798204,60.3549015991,2342528,2342528,0.0,1.0,tiingo_historical_seed,
2015-03-27,BND,83.18,83.2851,83.13,83.18,60.4130049941,60.4893383293,60.3766903722,60.4130049941,6542273,6542273,0.0,1.0,tiingo_historical_seed,
2015-03-30,BND,83.3,83.32,83.21,83.28,60.5001600867,60.5146859354,60.4347937673,60.4856342379,1634805,1634805,0.0,1.0,tiingo_historical_seed,
2015-03-31,BND,83.3,83.44,83.24,83.37,60.5001600867,60.601841028,60.4565825404,60.5510005573,1996003,1996003,0.0,1.0,tiingo_historical_seed,
2015-04-01,BND,83.37,83.55,83.35,83.51,60.689176621,60.8202075888,60.6746176245,60.791089596,3132711,3132711,0.190568,1.0,tiingo_historical_seed,
2015-04-02,BND,83.54,83.55,83.3736,83.4,60.8129280906,60.8202075888,60.6917972403,60.7110151156,791249,791249,0.0,1.0,tiingo_historical_seed,
2015-04-06,BND,83.6,83.61,83.39,83.47,60.8566050799,60.8638845781,60.7037356174,60.7619716031,1768805,1768805,0.0,1.0,tiingo_historical_seed,
2015-04-07,BND,83.4,83.54,83.33,83.52,60.7110151156,60.8129280906,60.6600586281,60.7983690942,977346,977346,0.0,1.0,tiingo_historical_seed,
2015-04-08,BND,83.52,83.5399,83.34,83.46,60.7983690942,60.8128552956,60.6673381263,60.7546921049,3470700,3470700,0.0,1.0,tiingo_historical_seed,
2015-04-09,BND,83.48,83.48,83.2,83.28,60.7692511013,60.7692511013,60.5654251513,60.623661137,1025350,1025350,0.0,1.0,tiingo_historical_seed,
2015-04-10,BND,83.35,83.38,83.2,83.24,60.6746176245,60.6964561192,60.5654251513,60.5945431442,4289975,4289975,0.0,1.0,tiingo_historical_seed,
2015-04-13,BND,83.3,83.35,83.2,83.26,60.6382201335,60.6746176245,60.5654251513,60.6091021406,6046444,6046444,0.0,1.0,tiingo_historical_seed,
2015-04-14,BND,83.53,83.59,83.4001,83.41,60.8056485924,60.8493255817,60.7110879106,60.7182946138,1398069,1398069,0.0,1.0,tiingo_historical_seed,
2015-04-15,BND,83.55,83.58,83.46,83.49,60.8202075888,60.8420460835,60.7546921049,60.7765305996,1022438,1022438,0.0,1.0,tiingo_historical_seed,
2015-04-16,BND,83.51,83.56,83.3799,83.47,60.791089596,60.8274870871,60.6963833242,60.7619716031,1289869,1289869,0.0,1.0,tiingo_historical_seed,
2015-04-17,BND,83.45,83.66,83.4,83.61,60.7474126067,60.9002820692,60.7110151156,60.8638845781,1693875,1693875,0.0,1.0,tiingo_historical_seed,
2015-04-20,BND,83.55,83.59,83.421,83.52,60.8202075888,60.8493255817,60.7263020619,60.7983690942,2463640,2463640,0.0,1.0,tiingo_historical_seed,
2015-04-21,BND,83.48,83.515,83.36,83.42,60.7692511013,60.7947293451,60.6818971228,60.725574112,1788029,1788029,0.0,1.0,tiingo_historical_seed,
2015-04-22,BND,83.39,83.3992,83.11,83.11,60.7037356174,60.7104327558,60.4999096674,60.4999096674,1501314,1501314,0.0,1.0,tiingo_historical_seed,
2015-04-23,BND,83.19,83.37,83.14,83.27,60.5581456531,60.689176621,60.521748162,60.6163816388,5518006,5518006,0.0,1.0,tiingo_historical_seed,
2015-04-24,BND,83.38,83.48,83.33,83.4,60.6964561192,60.7692511013,60.6600586281,60.7110151156,1597893,1597893,0.0,1.0,tiingo_historical_seed,
2015-04-27,BND,83.44,83.44,83.28,83.34,60.7401331085,60.7401331085,60.623661137,60.6673381263,1591413,1591413,0.0,1.0,tiingo_historical_seed,
2015-04-28,BND,83.27,83.29,83.06,83.08,60.6163816388,60.6309406352,60.4635121763,60.4780711727,1217735,1217735,0.0,1.0,tiingo_historical_seed,
2015-04-29,BND,82.83,82.9199,82.72,82.82,60.2960837173,60.3615264063,60.216009237,60.2888042191,1905246,1905246,0.0,1.0,tiingo_historical_seed,
2015-04-30,BND,82.69,82.91,82.57,82.91,60.1941707423,60.3543197031,60.1068167637,60.3543197031,4229915,4229915,0.0,1.0,tiingo_historical_seed,
2015-05-01,BND,82.56,82.63,82.4201,82.5,60.2152183118,60.2662728816,60.1131821073,60.171457252,7173244,7173244,0.158798,1.0,tiingo_historical_seed,
2015-05-04,BND,82.57,82.6,82.36,82.38,60.2225118218,60.2443923517,60.0693481124,60.0839351324,1190019,1190019,0.0,1.0,tiingo_historical_seed,
2015-05-05,BND,82.42,82.42,82.14,82.25,60.1131091722,60.1131091722,59.9088908931,59.9891195028,4175659,4175659,0.0,1.0,tiingo_historical_seed,
2015-05-06,BND,82.2,82.2,81.95,82.02,59.9526519529,59.9526519529,59.7703142037,59.8213687734,3938868,3938868,0.0,1.0,tiingo_historical_seed,
2015-05-07,BND,82.1,82.25,82.08,82.19,59.8797168532,59.9891195028,59.8651298333,59.9453584429,3602932,3602932,0.0,1.0,tiingo_historical_seed,
2015-05-08,BND,82.48,82.55,82.35,82.41,60.1568702321,60.2079248018,60.0620546025,60.1058156623,1735729,1735729,0.0,1.0,tiingo_historical_seed,
2015-05-11,BND,82.25,82.32,81.92,81.98,59.9891195028,60.0401740725,59.7484336737,59.7921947336,929192,929192,0.0,1.0,tiingo_historical_seed,
2015-05-12,BND,81.85,82.03,81.75,81.88,59.697379104,59.8286622834,59.6244440043,59.7192596339,2139559,2139559,0.0,1.0,tiingo_historical_seed,
2015-05-13,BND,82.11,82.155,81.8,81.84,59.8870103632,59.919831158,59.6609115541,59.690085594,2371995,2371995,0.0,1.0,tiingo_historical_seed,
2015-05-14,BND,81.95,82.06,81.9,82.0,59.7703142037,59.8505428133,59.7338466538,59.8067817535,1485259,1485259,0.0,1.0,tiingo_historical_seed,
2015-05-15,BND,82.16,82.37,82.1373,82.33,59.923477913,60.0766416224,59.9069216454,60.0474675825,1402742,1402742,0.0,1.0,tiingo_historical_seed,
2015-05-18,BND,82.26,82.26,82.02,82.03,59.9964130127,59.9964130127,59.8213687734,59.8286622834,3747718,3747718,0.0,1.0,tiingo_historical_seed,
2015-05-19,BND,81.8,81.97,81.76,81.85,59.6609115541,59.7849012236,59.6317375142,59.697379104,4856535,4856535,0.0,1.0,tiingo_historical_seed,
2015-05-20,BND,81.88,81.96,81.7799,81.85,59.7192596339,59.7776077136,59.6462515991,59.697379104,4097364,4097364,0.0,1.0,tiingo_historical_seed,
2015-05-21,BND,82.0,82.1555,81.95,82.11,59.8067817535,59.9201958335,59.7703142037,59.8870103632,2314127,2314127,0.0,1.0,tiingo_historical_seed,
2015-05-22,BND,82.06,82.09,81.91,82.06,59.8505428133,59.8724233432,59.7411401638,59.8505428133,816588,816588,0.0,1.0,tiingo_historical_seed,
2015-05-26,BND,82.06,82.31,82.03,82.26,59.8505428133,60.0328805626,59.8286622834,59.9964130127,1178341,1178341,0.0,1.0,tiingo_historical_seed,
2015-05-27,BND,82.28,82.34,82.14,82.3,60.0110000327,60.0547610925,59.9088908931,60.0255870526,2564521,2564521,0.0,1.0,tiingo_historical_seed,
2015-05-28,BND,82.33,82.3825,82.25,82.31,60.0474675825,60.0857585099,59.9891195028,60.0328805626,1073339,1073339,0.0,1.0,tiingo_historical_seed,
2015-05-29,BND,82.42,82.4615,82.29,82.34,60.1131091722,60.1433772386,60.0182935426,60.0547610925,2494294,2494294,0.0,1.0,tiingo_historical_seed,
2015-06-01,BND,82.19,82.19,81.86,81.9,60.067064355,60.067064355,59.8258898662,59.8551231376,1362772,1362772,0.16628,1.0,tiingo_historical_seed,
2015-06-02,BND,81.8,81.83,81.6,81.67,59.7820399591,59.8039649127,59.6358736023,59.6870318272,1509973,1509973,0.0,1.0,tiingo_historical_seed,
2015-06-03,BND,81.52,81.53,81.22,81.31,59.5774070595,59.5847153774,59.3581575242,59.4239323848,1390169,1390169,0.0,1.0,tiingo_historical_seed,
2015-06-04,BND,81.42,81.61,81.4,81.51,59.5043238811,59.6431819201,59.4897072454,59.5700987417,1111349,1111349,0.0,1.0,tiingo_historical_seed,
2015-06-05,BND,81.27,81.35,81.1,81.19,59.3946991134,59.4531656562,59.2704577101,59.3362325707,4115257,4115257,0.0,1.0,tiingo_historical_seed,
2015-06-08,BND,81.27,81.3399,81.23,81.29,59.3946991134,59.4457842552,59.3654658421,59.4093157491,4954540,4954540,0.0,1.0,tiingo_historical_seed,
2015-06-09,BND,81.2,81.2,81.01,81.05,59.3435408885,59.3435408885,59.2046828495,59.2339161209,2883304,2883304,0.0,1.0,tiingo_historical_seed,
2015-06-10,BND,80.92,81.0,80.83,80.88,59.1389079889,59.1973745317,59.0731331283,59.1096747176,1222801,1222801,0.0,1.0,tiingo_historical_seed,
2015-06-11,BND,81.0,81.27,80.94,81.26,59.1973745317,59.3946991134,59.1535246246,59.3873907956,1815889,1815889,0.0,1.0,tiingo_historical_seed,
2015-06-12,BND,81.17,81.42,81.12,81.2,59.321615935,59.5043238811,59.2850743458,59.3435408885,1785104,1785104,0.0,1.0,tiingo_historical_seed,
2015-06-15,BND,81.38,81.43,81.19,81.21,59.4750906097,59.5116321989,59.3362325707,59.3508492064,2082936,2082936,0.0,1.0,tiingo_historical_seed,
2015-06-16,BND,81.34,81.42,81.233,81.42,59.4458573384,59.5043238811,59.3676583374,59.5043238811,2250660,2250660,0.0,1.0,tiingo_historical_seed,
2015-06-17,BND,81.38,81.47,81.1,81.45,59.4750906097,59.5408654703,59.2704577101,59.5262488346,865724,865724,0.0,1.0,tiingo_historical_seed,
2015-06-18,BND,81.37,81.435,81.2,81.39,59.4677822919,59.5152863579,59.3435408885,59.4823989276,1210281,1210281,0.0,1.0,tiingo_historical_seed,
2015-06-19,BND,81.55,81.65,81.51,81.62,59.5993320131,59.6724151915,59.5700987417,59.650490238,1176670,1176670,0.0,1.0,tiingo_historical_seed,
2015-06-22,BND,81.42,81.49,81.211,81.23,59.5043238811,59.555482106,59.3515800382,59.3654658421,1019989,1019989,0.0,1.0,tiingo_historical_seed,
2015-06-23,BND,81.04,81.23,81.0,81.04,59.226607803,59.3654658421,59.1973745317,59.226607803,1096018,1096018,0.0,1.0,tiingo_historical_seed,
2015-06-24,BND,81.15,81.23,81.0801,81.19,59.3069992993,59.3654658421,59.2559141576,59.3362325707,6836870,6836870,0.0,1.0,tiingo_historical_seed,
2015-06-25,BND,81.16,81.2,81.04,81.08,59.3143076172,59.3435408885,59.226607803,59.2558410744,2894479,2894479,0.0,1.0,tiingo_historical_seed,
2015-06-26,BND,80.94,80.98,80.85,80.93,59.1535246246,59.182757896,59.087749764,59.1462163068,963015,963015,0.0,1.0,tiingo_historical_seed,
2015-06-29,BND,81.19,81.4,81.079,81.34,59.3362325707,59.4897072454,59.2551102426,59.4458573384,2168404,2168404,0.0,1.0,tiingo_historical_seed,
2015-06-30,BND,81.26,81.48,81.24,81.26,59.3873907956,59.5481737882,59.3727741599,59.3873907956,1547823,1547823,0.0,1.0,tiingo_historical_seed,
2015-07-01,BND,80.87,81.03,80.83,80.9,59.2217655994,59.3389349143,59.1924732706,59.2437348459,5399304,5399304,0.163435,1.0,tiingo_historical_seed,
2015-07-02,BND,81.06,81.18,81.06,81.1,59.3609041608,59.448781147,59.3609041608,59.3901964895,1060092,1060092,0.0,1.0,tiingo_historical_seed,
2015-07-06,BND,81.44,81.44,81.2246,81.38,59.6391812837,59.6391812837,59.4814420935,59.5952427906,2210705,2210705,0.0,1.0,tiingo_historical_seed,
2015-07-07,BND,81.69,81.77,81.46,81.46,59.8222583382,59.8808429957,59.6538274481,59.6538274481,4183163,4183163,0.0,1.0,tiingo_historical_seed,
2015-07-08,BND,81.64,81.755,81.56,81.69,59.7856429273,59.8698583724,59.7270582699,59.8222583382,1967828,1967828,0.0,1.0,tiingo_historical_seed,
2015-07-09,BND,81.56,81.58,81.38,81.42,59.7270582699,59.7417044342,59.5952427906,59.6245351193,1670882,1670882,0.0,1.0,tiingo_historical_seed,
2015-07-10,BND,81.02,81.16,80.95,81.04,59.3316118321,59.4341349826,59.2803502568,59.3462579965,2038299,2038299,0.0,1.0,tiingo_historical_seed,
2015-07-13,BND,80.86,81.01,80.84,80.85,59.2144425172,59.3242887499,59.1997963528,59.207119435,2846477,2846477,0.0,1.0,tiingo_historical_seed,
2015-07-14,BND,81.0,81.07,80.96,81.0,59.3169656677,59.368227243,59.287673339,59.3169656677,1567663,1567663,0.0,1.0,tiingo_historical_seed,
2015-07-15,BND,81.01,81.26,80.98,81.23,59.3242887499,59.5073658044,59.3023195034,59.4853965579,2630955,2630955,0.0,1.0,tiingo_historical_seed,
2015-07-16,BND,81.07,81.28,81.05,81.23,59.368227243,59.5220119688,59.3535810786,59.4853965579,1063112,1063112,0.0,1.0,tiingo_historical_seed,
2015-07-17,BND,81.25,81.3199,81.2,81.24,59.5000427223,59.5512310667,59.4634273114,59.4927196401,807934,807934,0.0,1.0,tiingo_historical_seed,
2015-07-20,BND,81.19,81.22,81.08,81.13,59.4561042292,59.4780734757,59.3755503252,59.4121657361,1026885,1026885,0.0,1.0,tiingo_historical_seed,
2015-07-21,BND,81.12,81.33,81.1,81.28,59.4048426539,59.5586273797,59.3901964895,59.5220119688,1422884,1422884,0.0,1.0,tiingo_historical_seed,
2015-07-22,BND,81.32,81.43,81.3,81.31,59.5513042975,59.6318582015,59.5366581332,59.5439812153,1624143,1624143,0.0,1.0,tiingo_historical_seed,
2015-07-23,BND,81.35,81.535,81.2901,81.5,59.5732735441,59.7087505644,59.5294082818,59.6831197768,1178365,1178365,0.0,1.0,tiingo_historical_seed,
2015-07-24,BND,81.59,81.61,81.5,81.55,59.7490275164,59.7636736808,59.6831197768,59.7197351877,804258,804258,0.0,1.0,tiingo_historical_seed,
2015-07-27,BND,81.69,81.7158,81.615,81.71,59.8222583382,59.8411518903,59.7673352219,59.8369045026,2022824,2022824,0.0,1.0,tiingo_historical_seed,
2015-07-28,BND,81.61,81.645,81.56,81.57,59.7636736808,59.7893044684,59.7270582699,59.7343813521,1434737,1434737,0.0,1.0,tiingo_historical_seed,
2015-07-29,BND,81.57,81.58,81.4401,81.5,59.7343813521,59.7417044342,59.6392545145,59.6831197768,1020519,1020519,0.0,1.0,tiingo_historical_seed,
2015-07-30,BND,81.48,81.585,81.4401,81.53,59.6684736124,59.7453659753,59.6392545145,59.7050890233,788049,788049,0.0,1.0,tiingo_historical_seed,
2015-07-31,BND,81.78,81.83,81.7249,81.81,59.8881660779,59.9247814888,59.847815895,59.9101353244,1589053,1589053,0.0,1.0,tiingo_historical_seed,
2015-08-03,BND,81.7,81.85,81.64,81.83,59.9529803891,60.0630531805,59.9089512725,60.0483768083,2085780,2085780,0.168775,1.0,tiingo_historical_seed,
2015-08-04,BND,81.76,81.78,81.53,81.55,59.9970095056,60.0116858778,59.8282312255,59.8429075976,1007295,1007295,0.0,1.0,tiingo_historical_seed,
2015-08-05,BND,81.45,81.47,81.3122,81.39,59.7695257367,59.7842021089,59.6684055323,59.7254966201,2097032,2097032,0.0,1.0,tiingo_historical_seed,
2015-08-06,BND,81.44,81.55,81.42,81.47,59.7621875506,59.8429075976,59.7475111784,59.7842021089,1173044,1173044,0.0,1.0,tiingo_historical_seed,
2015-08-07,BND,81.6,81.71,81.55,81.64,59.8795985281,59.9603185752,59.8429075976,59.9089512725,1773813,1773813,0.0,1.0,tiingo_historical_seed,
2015-08-10,BND,81.58,81.61,81.42,81.47,59.8649221559,59.8869367142,59.7475111784,59.7842021089,1173282,1173282,0.0,1.0,tiingo_historical_seed,
2015-08-11,BND,81.74,81.8899,81.71,81.78,59.9823331334,60.092332543,59.9603185752,60.0116858778,1424192,1424192,0.0,1.0,tiingo_historical_seed,
2015-08-12,BND,81.92,82.03,81.73,81.75,60.1144204831,60.1951405302,59.9749949473,59.9896713195,1029723,1029723,0.0,1.0,tiingo_historical_seed,
2015-08-13,BND,81.67,81.75,81.5501,81.58,59.9309658308,59.9896713195,59.8429809795,59.8649221559,845481,845481,0.0,1.0,tiingo_historical_seed,
2015-08-14,BND,81.55,81.67,81.51,81.55,59.8429075976,59.9309658308,59.8135548533,59.8429075976,2279807,2279807,0.0,1.0,tiingo_historical_seed,
2015-08-17,BND,81.74,81.78,81.66,81.7,59.9823331334,60.0116858778,59.9236276447,59.9529803891,821871,821871,0.0,1.0,tiingo_historical_seed,
2015-08-18,BND,81.6,81.66,81.5215,81.55,59.8795985281,59.9236276447,59.8219937673,59.8429075976,1083906,1083906,0.0,1.0,tiingo_historical_seed,
2015-08-19,BND,81.47,81.87,81.42,81.84,59.7842021089,60.0777295527,59.7475111784,60.0557149944,1356579,1356579,0.0,1.0,tiingo_historical_seed,
2015-08-20,BND,81.87,81.967,81.84,81.91,60.0777295527,60.1489099578,60.0557149944,60.107082297,1536946,1536946,0.0,1.0,tiingo_historical_seed,
2015-08-21,BND,81.97,82.09,81.87,82.04,60.1511114136,60.2391696467,60.0777295527,60.2024787163,3459172,3459172,0.0,1.0,tiingo_historical_seed,
2015-08-24,BND,82.3,82.429,81.93,82.02,60.3932715547,60.4879341553,60.1217586692,60.1878023441,4751764,4751764,0.0,1.0,tiingo_historical_seed,
2015-08-25,BND,81.92,81.92,81.6,81.75,60.1144204831,60.1144204831,59.8795985281,59.9896713195,5325520,5325520,0.0,1.0,tiingo_historical_seed,
2015-08-26,BND,81.54,81.74,81.35,81.4,59.8355694116,59.9823331334,59.6961438758,59.7328348062,2742517,2742517,0.0,1.0,tiingo_historical_seed,
2015-08-27,BND,81.37,81.62,81.35,81.51,59.710820248,59.8942749003,59.6961438758,59.8135548533,2671020,2671020,0.0,1.0,tiingo_historical_seed,
2015-08-28,BND,81.69,81.74,81.51,81.55,59.945642203,59.9823331334,59.8135548533,59.8429075976,2723859,2723859,0.0,1.0,tiingo_historical_seed,
2015-08-31,BND,81.68,81.7,81.43,81.44,59.9383040169,59.9529803891,59.7548493645,59.7621875506,3103688,3103688,0.0,1.0,tiingo_historical_seed,
2015-09-01,BND,81.39,81.54,81.34,81.47,59.8490009124,59.9593013195,59.81223411,59.9078277962,2577706,2577706,0.168469,1.0,tiingo_historical_seed,
2015-09-02,BND,81.39,81.5,81.33,81.41,59.8490009124,59.9298878776,59.8048807495,59.8637076333,1934683,1934683,0.0,1.0,tiingo_historical_seed,
2015-09-03,BND,81.52,81.57,81.4,81.47,59.9445945986,59.981361401,59.8563542729,59.9078277962,2502955,2502955,0.0,1.0,tiingo_historical_seed,
2015-09-04,BND,81.61,81.7,81.4801,81.67,60.0107748429,60.0769550871,59.9152546903,60.0548950057,1213802,1213802,0.0,1.0,tiingo_historical_seed,
2015-09-08,BND,81.52,81.52,81.41,81.47,59.9445945986,59.9445945986,59.8637076333,59.9078277962,1194646,1194646,0.0,1.0,tiingo_historical_seed,
2015-09-09,BND,81.22,81.57,81.2,81.45,59.7239937843,59.981361401,59.7092870634,59.8931210752,4265412,4265412,0.0,1.0,tiingo_historical_seed,
2015-09-10,BND,81.43,81.43,81.28,81.28,59.8784143543,59.8784143543,59.7681139472,59.7681139472,1889031,1889031,0.0,1.0,tiingo_historical_seed,
2015-09-11,BND,81.49,81.53,81.42,81.45,59.9225345172,59.9519479591,59.8710609938,59.8931210752,1411467,1411467,0.0,1.0,tiingo_historical_seed,
2015-09-14,BND,81.55,81.56,81.44,81.47,59.96665468,59.9740080405,59.8857677148,59.9078277962,905896,905896,0.0,1.0,tiingo_historical_seed,
2015-09-15,BND,81.39,81.4,81.06,81.13,59.8490009124,59.8563542729,59.6063400167,59.65781354,1697296,1697296,0.0,1.0,tiingo_historical_seed,
2015-09-16,BND,81.07,81.14,81.0,81.08,59.6136933772,59.6651669005,59.5622198538,59.6210467376,1578981,1578981,0.0,1.0,tiingo_historical_seed,
2015-09-17,BND,81.04,81.54,81.02,81.54,59.5916332957,59.9593013195,59.5769265748,59.9593013195,1833183,1833183,0.0,1.0,tiingo_historical_seed,
2015-09-18,BND,81.63,81.775,81.5933,81.77,60.0254815638,60.1321052907,59.9984947309,60.1284286105,1639831,1639831,0.0,1.0,tiingo_historical_seed,
2015-09-21,BND,81.62,81.67,81.41,81.47,60.0181282033,60.0548950057,59.8637076333,59.9078277962,933834,933834,0.0,1.0,tiingo_historical_seed,
2015-09-22,BND,81.6,81.78,81.58,81.62,60.0034214824,60.135781971,59.9887147614,60.0181282033,1444042,1444042,0.0,1.0,tiingo_historical_seed,
2015-09-23,BND,81.66,81.7,81.5457,81.62,60.0475416452,60.0769550871,59.963492735,60.0181282033,708980,708980,0.0,1.0,tiingo_historical_seed,
2015-09-24,BND,81.84,81.8599,81.63,81.65,60.1799021338,60.1945353212,60.0254815638,60.0401882848,1454396,1454396,0.0,1.0,tiingo_historical_seed,
2015-09-25,BND,81.6,81.63,81.5,81.5,60.0034214824,60.0254815638,59.9298878776,59.9298878776,1133975,1133975,0.0,1.0,tiingo_historical_seed,
2015-09-28,BND,81.63,81.765,81.54,81.71,60.0254815638,60.1247519302,59.9593013195,60.0843084476,1304973,1304973,0.0,1.0,tiingo_historical_seed,
2015-09-29,BND,81.72,81.8799,81.696,81.77,60.0916618081,60.2092420421,60.074013743,60.1284286105,1256582,1256582,0.0,1.0,tiingo_historical_seed,
2015-09-30,BND,81.79,81.94,81.75,81.93,60.1431353314,60.2534357386,60.1137218895,60.2460823781,4224575,4224575,0.0,1.0,tiingo_historical_seed,
2015-10-01,BND,81.89,81.96,81.8,81.81,60.3375542119,60.3891310686,60.2712411104,60.2786092328,2023674,2023674,0.164234,1.0,tiingo_historical_seed,
2015-10-02,BND,82.17,82.34,82.0026,82.12,60.5438616387,60.6691197192,60.42051927,60.5070210268,1770429,1770429,0.0,1.0,tiingo_historical_seed,
2015-10-05,BND,82.02,82.02,81.8,81.8,60.4333398029,60.4333398029,60.2712411104,60.2712411104,4199859,4199859,0.0,1.0,tiingo_historical_seed,
2015-10-06,BND,81.9,81.99,81.8,81.91,60.3449223343,60.4112354357,60.2712411104,60.3522904567,1925337,1925337,0.0,1.0,tiingo_historical_seed,
2015-10-07,BND,81.87,81.97,81.8,81.91,60.3228179671,60.396499191,60.2712411104,60.3522904567,1870977,1870977,0.0,1.0,tiingo_historical_seed,
2015-10-08,BND,81.92,81.965,81.74,81.78,60.3596585791,60.3928151298,60.2270323761,60.2565048657,1118149,1118149,0.0,1.0,tiingo_historical_seed,
2015-10-09,BND,81.68,81.84,81.68,81.77,60.1828236418,60.3007136,60.1828236418,60.2491367433,1197445,1197445,0.0,1.0,tiingo_historical_seed,
2015-10-12,BND,81.84,81.97,81.8,81.91,60.3007136,60.396499191,60.2712411104,60.3522904567,864090,864090,0.0,1.0,tiingo_historical_seed,
2015-10-13,BND,81.94,82.0,81.86,81.96,60.3743948238,60.4186035581,60.3154498447,60.3891310686,971743,971743,0.0,1.0,tiingo_historical_seed,
2015-10-14,BND,82.08,82.26,82.04,82.26,60.4775485372,60.6101747401,60.4480760477,60.6101747401,786259,786259,0.0,1.0,tiingo_historical_seed,
2015-10-15,BND,82.15,82.22,82.06,82.1,60.5291253939,60.5807022506,60.4628122924,60.492284782,2264342,2264342,0.0,1.0,tiingo_historical_seed,
2015-10-16,BND,82.06,82.15,82.04,82.07,60.4628122924,60.5291253939,60.4480760477,60.4701804148,1241150,1241150,0.0,1.0,tiingo_historical_seed,
2015-10-19,BND,82.08,82.12,81.98,82.07,60.4775485372,60.5070210268,60.4038673134,60.4701804148,840064,840064,0.0,1.0,tiingo_historical_seed,
2015-10-20,BND,81.94,81.98,81.9,81.94,60.3743948238,60.4038673134,60.3449223343,60.3743948238,1348214,1348214,0.0,1.0,tiingo_historical_seed,
2015-10-21,BND,82.09,82.1799,82.03,82.09,60.4849166596,60.5511560798,60.4407079253,60.4849166596,943545,943545,0.0,1.0,tiingo_historical_seed,
2015-10-22,BND,82.09,82.29,82.09,82.23,60.4849166596,60.6322791073,60.4849166596,60.588070373,1101252,1101252,0.0,1.0,tiingo_historical_seed,
2015-10-23,BND,82.08,82.08,82.0,82.02,60.4775485372,60.4775485372,60.4186035581,60.4333398029,1367148,1367148,0.0,1.0,tiingo_historical_seed,
2015-10-26,BND,82.14,82.2,82.11,82.11,60.5217572715,60.5659660058,60.4996529044,60.4996529044,1512205,1512205,0.0,1.0,tiingo_historical_seed,
2015-10-27,BND,82.26,82.28,82.13,82.13,60.6101747401,60.6249109849,60.5143891491,60.5143891491,929380,929380,0.0,1.0,tiingo_historical_seed,
2015-10-28,BND,82.18,82.18,81.89,81.9,60.5512297611,60.5512297611,60.3375542119,60.3449223343,2617340,2617340,0.0,1.0,tiingo_historical_seed,
2015-10-29,BND,81.8,81.8,81.57,81.61,60.2712411104,60.2712411104,60.1017742956,60.1312467851,943160,943160,0.0,1.0,tiingo_historical_seed,
2015-10-30,BND,81.61,81.79,81.59,81.79,60.1312467851,60.263872988,60.1165105403,60.263872988,1474078,1474078,0.0,1.0,tiingo_historical_seed,
2015-11-02,BND,81.44,81.54,81.41,81.46,60.1308263539,60.2046608656,60.1086760003,60.1455932562,2939233,2939233,0.169471,1.0,tiingo_historical_seed,
2015-11-03,BND,81.4,81.44,81.26,81.32,60.1012925492,60.1308263539,59.9979242327,60.0422249398,3997137,3997137,0.0,1.0,tiingo_historical_seed,
2015-11-04,BND,81.39,81.4365,81.23,81.37,60.093909098,60.128242146,59.9757738792,60.0791421957,3594403,3594403,0.0,1.0,tiingo_historical_seed,
2015-11-05,BND,81.35,81.37,81.1101,81.22,60.0643752933,60.0791421957,59.8872462997,59.9683904281,1715388,1715388,0.0,1.0,tiingo_historical_seed,
2015-11-06,BND,80.98,81.02,80.83,80.9,59.7911875999,59.8207214046,59.6804358323,59.7321199905,1198654,1198654,0.0,1.0,tiingo_historical_seed,
2015-11-09,BND,80.77,80.9299,80.753,80.83,59.6361351253,59.7541965095,59.6235832583,59.6804358323,2358269,2358269,0.0,1.0,tiingo_historical_seed,
2015-11-10,BND,80.93,81.04,80.84,80.92,59.754270344,59.8354883069,59.6878192835,59.7468868929,1421015,1421015,0.0,1.0,tiingo_historical_seed,
2015-11-11,BND,80.93,80.97,80.87,80.93,59.754270344,59.7838041487,59.709969637,59.754270344,1303455,1303455,0.0,1.0,tiingo_historical_seed,
2015-11-12,BND,81.04,81.06,80.935,80.94,59.8354883069,59.8502552093,59.7579620696,59.7616537952,1263944,1263944,0.0,1.0,tiingo_historical_seed,
2015-11-13,BND,81.01,81.12,81.01,81.09,59.8133379534,59.8945559163,59.8133379534,59.8724055628,1583283,1583283,0.0,1.0,tiingo_historical_seed,
2015-11-16,BND,81.12,81.2,81.05,81.09,59.8945559163,59.9536235257,59.8428717581,59.8724055628,949133,949133,0.0,1.0,tiingo_historical_seed,
2015-11-17,BND,81.03,81.24,80.96,81.18,59.8281048558,59.9831573304,59.7764206976,59.9388566234,1156181,1156181,0.0,1.0,tiingo_historical_seed,
2015-11-18,BND,81.13,81.19,81.069,81.14,59.9019393675,59.9462400745,59.8569003153,59.9093228187,944059,944059,0.0,1.0,tiingo_historical_seed,
2015-11-19,BND,81.28,81.3,81.23,81.25,60.0126911351,60.0274580374,59.9757738792,59.9905407816,1085505,1085505,0.0,1.0,tiingo_historical_seed,
2015-11-20,BND,81.32,81.32,81.2,81.23,60.0422249398,60.0422249398,59.9536235257,59.9757738792,1273826,1273826,0.0,1.0,tiingo_historical_seed,
2015-11-23,BND,81.21,81.31,81.15,81.26,59.9610069769,60.0348414886,59.9167062698,59.9979242327,1647311,1647311,0.0,1.0,tiingo_historical_seed,
2015-11-24,BND,81.29,81.35,81.25,81.29,60.0200745863,60.0643752933,59.9905407816,60.0200745863,1361902,1361902,0.0,1.0,tiingo_historical_seed,
2015-11-25,BND,81.33,81.36,81.27,81.3,60.049608391,60.0717587445,60.0053076839,60.0274580374,904601,904601,0.0,1.0,tiingo_historical_seed,
2015-11-27,BND,81.37,81.39,81.31,81.34,60.0791421957,60.093909098,60.0348414886,60.0569918421,515956,515956,0.0,1.0,tiingo_historical_seed,
2015-11-30,BND,81.33,81.3751,81.26,81.3,60.049608391,60.0829077557,59.9979242327,60.0274580374,6285194,6285194,0.0,1.0,tiingo_historical_seed,
2015-12-01,BND,81.17,81.45,81.135,81.44,60.0543245973,60.2614850123,60.0284295454,60.2540864261,1780195,1780195,0.166941,1.0,tiingo_historical_seed,
2015-12-02,BND,81.4,81.4099,81.2828,81.34,60.2244920811,60.2318166815,60.1377806502,60.1801005636,1413685,1413685,0.0,1.0,tiingo_historical_seed,
2015-12-03,BND,81.15,81.15,80.68,80.71,60.0395274248,60.0395274248,59.691793871,59.7139896298,2510609,2510609,0.0,1.0,tiingo_historical_seed,
2015-12-04,BND,80.87,81.04,80.79,81.03,59.8323670098,59.9581429761,59.7731783198,59.9507443898,3815924,3815924,0.0,1.0,tiingo_historical_seed,
2015-12-07,BND,81.06,81.29,81.0374,81.17,59.9729401486,60.1431076323,59.9562193436,60.0543245973,1543294,1543294,0.0,1.0,tiingo_historical_seed,
2015-12-08,BND,81.25,81.27,81.11,81.19,60.1135132873,60.1283104598,60.0099330798,60.0691217698,1687308,1687308,0.0,1.0,tiingo_historical_seed,
2015-12-09,BND,81.11,81.26,80.97,81.16,60.0099330798,60.1209118736,59.9063528723,60.0469260111,2076935,2076935,0.0,1.0,tiingo_historical_seed,
2015-12-10,BND,81.22,81.22,81.13,81.15,60.0913175286,60.0913175286,60.0247302523,60.0395274248,2004390,2004390,0.0,1.0,tiingo_historical_seed,
2015-12-11,BND,81.37,81.42,81.27,81.37,60.2022963223,60.2392892536,60.1283104598,60.2022963223,1994489,1994489,0.0,1.0,tiingo_historical_seed,
2015-12-14,BND,81.2,81.26,80.98,80.99,60.0765203561,60.1209118736,59.9137514586,59.9211500448,2972736,2972736,0.0,1.0,tiingo_historical_seed,
2015-12-15,BND,80.88,80.96,80.82,80.9,59.839765596,59.8989542861,59.7953740785,59.8545627686,1806320,1806320,0.0,1.0,tiingo_historical_seed,
2015-12-16,BND,80.87,81.0,80.69,80.81,59.8323670098,59.9285486311,59.6991924573,59.7879754923,2332674,2332674,0.0,1.0,tiingo_historical_seed,
2015-12-17,BND,80.92,81.02,80.89,80.98,59.8693599411,59.9433458036,59.8471641823,59.9137514586,2290529,2290529,0.0,1.0,tiingo_historical_seed,
2015-12-18,BND,81.09,81.17,81.02,81.161,59.9951359073,60.0543245973,59.9433458036,60.0476658697,3211537,3211537,0.0,1.0,tiingo_historical_seed,
2015-12-21,BND,81.19,81.23,81.04,81.07,60.0691217698,60.0987161148,59.9581429761,59.9803387348,3158268,3158268,0.0,1.0,tiingo_historical_seed,
2015-12-22,BND,81.03,81.04,80.94,80.96,59.9507443898,59.9581429761,59.8841571136,59.8989542861,2348555,2348555,0.0,1.0,tiingo_historical_seed,
2015-12-23,BND,80.62,80.74,80.59,80.74,59.8172556085,59.906291464,59.7949966446,59.906291464,2538571,2538571,0.229917,1.0,tiingo_historical_seed,
2015-12-24,BND,80.75,80.83,80.7,80.8,59.9137111187,59.9730683557,59.8766128455,59.9508093918,1361676,1361676,0.0,1.0,tiingo_historical_seed,
2015-12-28,BND,80.71,80.879,80.71,80.8,59.8840325002,60.0094246634,59.8840325002,59.9508093918,1580571,1580571,0.0,1.0,tiingo_historical_seed,
2015-12-29,BND,80.73,80.73,80.51,80.55,59.8988718094,59.8988718094,59.7356394076,59.7653180261,2586645,2586645,0.0,1.0,tiingo_historical_seed,
2015-12-30,BND,80.53,80.65,80.47,80.6,59.7504787169,59.8395145724,59.7059607891,59.8024162993,2367188,2367188,0.0,1.0,tiingo_historical_seed,
2015-12-31,BND,80.73,80.81,80.64,80.76,59.8988718094,59.9582290464,59.8320949178,59.9211307733,2419717,2419717,0.0,1.0,tiingo_historical_seed,
2016-01-04,BND,80.79,80.9349,80.7,80.725,59.9433897372,60.0509005327,59.8766128455,59.8951619821,2750474,2750474,0.0,1.0,tiingo_historical_seed,
2016-01-05,BND,80.76,80.895,80.7,80.82,59.9211307733,60.0212961108,59.8766128455,59.9656487011,1513577,1513577,0.0,1.0,tiingo_historical_seed,
2016-01-06,BND,81.03,81.18,80.98,81.18,60.1214614482,60.2327562677,60.0843631751,60.2327562677,2391113,2391113,0.0,1.0,tiingo_historical_seed,
2016-01-07,BND,81.12,81.1961,80.97,81.19,60.1882383399,60.2447019116,60.0769435205,60.2401759223,2792851,2792851,0.0,1.0,tiingo_historical_seed,
2016-01-08,BND,81.14,81.32,81.1,81.29,60.2030776491,60.3366314324,60.1733990306,60.3143724686,1405163,1405163,0.0,1.0,tiingo_historical_seed,
2016-01-11,BND,81.11,81.1646,80.95,80.95,60.1808186853,60.2213299995,60.0621042112,60.0621042112,2147099,2147099,0.0,1.0,tiingo_historical_seed,
2016-01-12,BND,81.08,81.33,81.0,81.16,60.1585597214,60.3440510871,60.0992024844,60.2179169584,1645303,1645303,0.0,1.0,tiingo_historical_seed,
2016-01-13,BND,81.2,81.45,81.16,81.36,60.2475955769,60.4330869426,60.2179169584,60.366310051,2887790,2887790,0.0,1.0,tiingo_historical_seed,
2016-01-14,BND,81.34,81.47,81.22,81.26,60.3514707417,60.4479262519,60.2624348862,60.2921135047,4545846,4545846,0.0,1.0,tiingo_historical_seed,
2016-01-15,BND,81.5,81.52,81.36,81.4,60.4701852157,60.485024525,60.366310051,60.3959886695,1773875,1773875,0.0,1.0,tiingo_historical_seed,
2016-01-19,BND,81.4,81.4,81.23,81.3,60.3959886695,60.3959886695,60.2698545408,60.3217921232,3856664,3856664,0.0,1.0,tiingo_historical_seed,
2016-01-20,BND,81.53,81.61,81.3,81.39,60.4924441796,60.5518014167,60.3217921232,60.3885690148,7796858,7796858,0.0,1.0,tiingo_historical_seed,
2016-01-21,BND,81.53,81.56,81.33,81.34,60.4924441796,60.5147031435,60.3440510871,60.3514707417,3062566,3062566,0.0,1.0,tiingo_historical_seed,
2016-01-22,BND,81.32,81.33,81.2,81.31,60.3366314324,60.3440510871,60.2475955769,60.3292117778,3004117,3004117,0.0,1.0,tiingo_historical_seed,
2016-01-25,BND,81.4,81.425,81.3,81.31,60.3959886695,60.414537806,60.3217921232,60.3292117778,2164873,2164873,0.0,1.0,tiingo_historical_seed,
2016-01-26,BND,81.41,81.4672,81.32,81.43,60.4034083241,60.4458487486,60.3366314324,60.4182476334,2659114,2659114,0.0,1.0,tiingo_historical_seed,
2016-01-27,BND,81.35,81.4972,81.2515,81.43,60.3588903963,60.4681077125,60.2858067982,60.4182476334,1734430,1734430,0.0,1.0,tiingo_historical_seed,
2016-01-28,BND,81.41,81.5272,81.37,81.49,60.4034083241,60.4903666763,60.3737297056,60.4627655611,1487555,1487555,0.0,1.0,tiingo_historical_seed,
2016-01-29,BND,81.76,81.8,81.65,81.73,60.6630962361,60.6927748546,60.5814800352,60.6408372722,3634344,3634344,0.0,1.0,tiingo_historical_seed,
2016-02-01,BND,81.52,81.63,81.335,81.39,60.6146708569,60.6964619977,60.4771130293,60.5180085996,2255310,2255310,0.174455,1.0,tiingo_historical_seed,
2016-02-02,BND,81.67,81.72,81.5775,81.67,60.7262042307,60.7633820219,60.6574253168,60.7262042307,2554616,2554616,0.0,1.0,tiingo_historical_seed,
2016-02-03,BND,81.66,81.93,81.56,81.73,60.7187686724,60.9195287452,60.6444130899,60.7708175802,3238216,3238216,0.0,1.0,tiingo_historical_seed,
2016-02-04,BND,81.74,81.855,81.69,81.79,60.7782531384,60.8637620583,60.7410753472,60.8154309297,1179221,1179221,0.0,1.0,tiingo_historical_seed,
2016-02-05,BND,81.7,81.8,81.6,81.71,60.7485109054,60.8228664879,60.6741553229,60.7559464637,2360192,2360192,0.0,1.0,tiingo_historical_seed,
2016-02-08,BND,81.92,82.14,81.845,82.06,60.9120931869,61.0756754684,60.8563265,61.0161910024,2519516,2519516,0.0,1.0,tiingo_historical_seed,
2016-02-09,BND,82.21,82.22,81.97,82.05,61.1277243762,61.1351599344,60.9492709782,61.0087554442,2354548,2354548,0.0,1.0,tiingo_historical_seed,
2016-02-10,BND,82.1,82.23,81.923,82.22,61.0459332354,61.1425954927,60.9143238544,61.1351599344,2553851,2553851,0.0,1.0,tiingo_historical_seed,
2016-02-11,BND,82.5,82.579,82.22,82.27,61.3433555654,61.4020964756,61.1351599344,61.1723377257,1887598,1887598,0.0,1.0,tiingo_historical_seed,
2016-02-12,BND,82.16,82.2,81.89,82.0,61.0905465849,61.1202888179,60.8897865122,60.9715776529,1474650,1474650,0.0,1.0,tiingo_historical_seed,
2016-02-16,BND,81.89,81.93,81.8,81.88,60.8897865122,60.9195287452,60.8228664879,60.8823509539,1488799,1488799,0.0,1.0,tiingo_historical_seed,
2016-02-17,BND,81.81,81.88,81.66,81.86,60.8303020462,60.8823509539,60.7187686724,60.8674798374,2158151,2158151,0.0,1.0,tiingo_historical_seed,
2016-02-18,BND,81.86,82.15,81.86,82.14,60.8674798374,61.0831110267,60.8674798374,61.0756754684,1819289,1819289,0.0,1.0,tiingo_historical_seed,
2016-02-19,BND,82.06,82.15,82.0,82.03,61.0161910024,61.0831110267,60.9715776529,60.9938843277,1862602,1862602,0.0,1.0,tiingo_historical_seed,
2016-02-22,BND,82.05,82.09,81.97,82.05,61.0087554442,61.0384976772,60.9492709782,61.0087554442,1596898,1596898,0.0,1.0,tiingo_historical_seed,
2016-02-23,BND,81.94,82.23,81.9,82.1,60.9269643034,61.1425954927,60.8972220704,61.0459332354,2243671,2243671,0.0,1.0,tiingo_historical_seed,
2016-02-24,BND,82.24,82.49,82.11,82.16,61.1500310509,61.3359200072,61.0533687937,61.0905465849,2434488,2434488,0.0,1.0,tiingo_historical_seed,
2016-02-25,BND,82.24,82.39,82.23,82.28,61.1500310509,61.2615644247,61.1425954927,61.1797732839,2407556,2407556,0.0,1.0,tiingo_historical_seed,
2016-02-26,BND,82.12,82.21,82.03,82.2,61.0608043519,61.1277243762,60.9938843277,61.1202888179,1628369,1628369,0.0,1.0,tiingo_historical_seed,
2016-02-29,BND,82.13,82.32,82.13,82.25,61.0682399102,61.2095155169,61.0682399102,61.1574666092,1827791,1827791,0.0,1.0,tiingo_historical_seed,
2016-03-01,BND,82.17,82.17,81.73,81.81,61.2215448023,61.2215448023,60.8937185919,60.9533233574,2546505,2546505,0.16545,1.0,tiingo_historical_seed,
2016-03-02,BND,81.75,81.81,81.65,81.76,60.9086197833,60.9533233574,60.8341138263,60.916070379,2137294,2137294,0.0,1.0,tiingo_historical_seed,
2016-03-03,BND,81.78,81.94,81.74,81.8,60.9309715703,61.0501811014,60.9011691876,60.9458727617,2750463,2750463,0.0,1.0,tiingo_historical_seed,
2016-03-04,BND,81.85,81.87,81.65,81.76,60.9831257402,60.9980269316,60.8341138263,60.916070379,1147719,1147719,0.0,1.0,tiingo_historical_seed,
2016-03-07,BND,81.71,81.78,81.67,81.74,60.8788174005,60.9309715703,60.8490150177,60.9011691876,1303180,1303180,0.0,1.0,tiingo_historical_seed,
2016-03-08,BND,82.07,82.13,82.0,82.01,61.1470388454,61.1917424196,61.0948846756,61.1023352713,1713062,1713062,0.0,1.0,tiingo_historical_seed,
2016-03-09,BND,81.89,82.0,81.84,81.87,61.012928123,61.0948846756,60.9756751445,60.9980269316,2010233,2010233,0.0,1.0,tiingo_historical_seed,
2016-03-10,BND,81.96,82.0233,81.76,81.83,61.0650822928,61.1122445635,60.916070379,60.9682245488,1785645,1785645,0.0,1.0,tiingo_historical_seed,
2016-03-11,BND,81.9,81.9,81.72,81.72,61.0203787186,61.0203787186,60.8862679962,60.8862679962,1422269,1422269,0.0,1.0,tiingo_historical_seed,
2016-03-14,BND,81.83,81.9679,81.8,81.9,60.9682245488,61.0709682634,60.9458727617,61.0203787186,1534193,1534193,0.0,1.0,tiingo_historical_seed,
2016-03-15,BND,81.98,82.01,81.79,81.82,61.0799834842,61.1023352713,60.938422166,60.9607739531,1870201,1870201,0.0,1.0,tiingo_historical_seed,
2016-03-16,BND,81.76,82.14,81.71,82.14,60.916070379,61.1991930153,60.8788174005,61.1991930153,1402896,1402896,0.0,1.0,tiingo_historical_seed,
2016-03-17,BND,82.21,82.34,82.18,82.32,61.2513471851,61.3482049291,61.228995398,61.3333037377,1570981,1570981,0.0,1.0,tiingo_historical_seed,
2016-03-18,BND,82.39,82.46,82.32,82.39,61.3854579076,61.4376120774,61.3333037377,61.3854579076,1219376,1219376,0.0,1.0,tiingo_historical_seed,
2016-03-21,BND,82.3,82.3,82.21,82.24,61.3184025463,61.3184025463,61.2513471851,61.2736989722,1613645,1613645,0.0,1.0,tiingo_historical_seed,
2016-03-22,BND,82.39,82.42,82.19,82.22,61.3854579076,61.4078096946,61.2364459937,61.2587977808,2150301,2150301,0.0,1.0,tiingo_historical_seed,
2016-03-23,BND,82.27,82.41,82.23,82.4,61.2960507593,61.4003590989,61.2662483765,61.3929085033,1234829,1234829,0.0,1.0,tiingo_historical_seed,
2016-03-24,BND,82.52,82.52,82.21,82.3,61.4823156516,61.4823156516,61.2513471851,61.3184025463,1752328,1752328,0.0,1.0,tiingo_historical_seed,
2016-03-28,BND,82.29,82.44,82.28,82.34,61.3109519506,61.422710886,61.3035013549,61.3482049291,2369635,2369635,0.0,1.0,tiingo_historical_seed,
2016-03-29,BND,82.45,82.74,82.42,82.68,61.4301614817,61.6462287568,61.4078096946,61.6015251826,1841832,1841832,0.0,1.0,tiingo_historical_seed,
2016-03-30,BND,82.63,82.74,82.54,82.65,61.5642722042,61.6462287568,61.4972168429,61.5791733956,1624328,1624328,0.0,1.0,tiingo_historical_seed,
2016-03-31,BND,82.72,82.92,82.69,82.805,61.6313275654,61.7803394792,61.6089757783,61.6946576288,3037550,3037550,0.0,1.0,tiingo_historical_seed,
2016-04-01,BND,82.65,82.79,82.5301,82.73,61.707842829,61.8123691206,61.6183235265,61.7675721385,3027385,3027385,0.172864,1.0,tiingo_historical_seed,
2016-04-04,BND,82.77,82.86,82.7,82.73,61.7974367932,61.8646322663,61.7451736474,61.7675721385,1452361,1452361,0.0,1.0,tiingo_historical_seed,
2016-04-05,BND,82.96,82.99,82.88,82.88,61.9392939031,61.9616923942,61.8795645937,61.8795645937,2149222,2149222,0.0,1.0,tiingo_historical_seed,
2016-04-06,BND,82.9,82.92,82.8,82.84,61.8944969211,61.9094292484,61.8198352842,61.849699939,1833120,1833120,0.0,1.0,tiingo_historical_seed,
2016-04-07,BND,83.08,83.15,83.0,83.11,62.0288878673,62.0811510131,61.9691585579,62.0512863584,1533388,1533388,0.0,1.0,tiingo_historical_seed,
2016-04-08,BND,83.06,83.0692,82.97,83.04,62.01395554,62.0208244105,61.9467600668,61.9990232126,1402286,1402286,0.0,1.0,tiingo_historical_seed,
2016-04-11,BND,82.99,83.07,82.93,83.03,61.9616923942,62.0214217036,61.9168954121,61.9915570489,1214412,1214412,0.0,1.0,tiingo_historical_seed,
2016-04-12,BND,82.92,82.98,82.82,82.9,61.9094292484,61.9542262305,61.8347676116,61.8944969211,2388105,2388105,0.0,1.0,tiingo_historical_seed,
2016-04-13,BND,82.87,83.0,82.8,82.95,61.87209843,61.9691585579,61.8198352842,61.9318277395,1749366,1749366,0.0,1.0,tiingo_historical_seed,
2016-04-14,BND,82.95,82.98,82.85,82.88,61.9318277395,61.9542262305,61.8571661026,61.8795645937,1617265,1617265,0.0,1.0,tiingo_historical_seed,
2016-04-15,BND,82.99,83.14,82.96,83.07,61.9616923942,62.0736848494,61.9392939031,62.0214217036,1181034,1181034,0.0,1.0,tiingo_historical_seed,
2016-04-18,BND,83.02,83.04,82.96,83.04,61.9840908852,61.9990232126,61.9392939031,61.9990232126,1395354,1395354,0.0,1.0,tiingo_historical_seed,
2016-04-19,BND,83.04,83.09,82.9377,83.09,61.9990232126,62.036354031,61.9226443581,62.036354031,1163658,1163658,0.0,1.0,tiingo_historical_seed,
2016-04-20,BND,83.11,83.15,82.86,82.86,62.0512863584,62.0811510131,61.8646322663,61.8646322663,2388630,2388630,0.0,1.0,tiingo_historical_seed,
2016-04-21,BND,82.8,82.86,82.6761,82.76,61.8198352842,61.8646322663,61.7273295162,61.7899706295,1683859,1683859,0.0,1.0,tiingo_historical_seed,
2016-04-22,BND,82.82,82.88,82.71,82.73,61.8347676116,61.8795645937,61.7526398111,61.7675721385,5115333,5115333,0.0,1.0,tiingo_historical_seed,
2016-04-25,BND,82.72,82.769,82.62,82.63,61.7601059748,61.7966901768,61.685444338,61.6929105016,2483327,2483327,0.0,1.0,tiingo_historical_seed,
2016-04-26,BND,82.67,82.67,82.44,82.51,61.7227751564,61.7227751564,61.5510533917,61.6033165375,1689571,1689571,0.0,1.0,tiingo_historical_seed,
2016-04-27,BND,82.61,82.81,82.5536,82.76,61.6779781743,61.8273014479,61.6358690111,61.7899706295,1456351,1456351,0.0,1.0,tiingo_historical_seed,
2016-04-28,BND,82.78,82.97,82.7362,82.91,61.8049029569,61.9467600668,61.7722011599,61.9019630847,1625813,1625813,0.0,1.0,tiingo_historical_seed,
2016-04-29,BND,82.87,82.98,82.82,82.97,61.87209843,61.9542262305,61.8347676116,61.9467600668,2856894,2856894,0.0,1.0,tiingo_historical_seed,
2016-05-02,BND,82.78,82.78,82.63,82.66,61.9276013162,61.9276013162,61.8153865276,61.8378294853,2443707,2443707,0.164101,1.0,tiingo_historical_seed,
2016-05-03,BND,82.95,82.96,82.84,82.89,62.0547780766,62.0622590625,61.9724872316,62.0098921611,1765605,1765605,0.0,1.0,tiingo_historical_seed,
2016-05-04,BND,82.94,83.0099,82.83,82.92,62.0472970906,62.0995891821,61.9650062457,62.0323351188,2868489,2868489,0.0,1.0,tiingo_historical_seed,
2016-05-05,BND,82.96,83.1,82.87,83.07,62.0622590625,62.1669928651,61.9949301893,62.1445499074,1270665,1270665,0.0,1.0,tiingo_historical_seed,
2016-05-06,BND,83.07,83.1,82.97,83.03,62.1445499074,62.1669928651,62.0697400484,62.1146259638,1520704,1520704,0.0,1.0,tiingo_historical_seed,
2016-05-09,BND,83.11,83.1399,83.03,83.09,62.174473851,62.1968419989,62.1146259638,62.1595118792,1373191,1373191,0.0,1.0,tiingo_historical_seed,
2016-05-10,BND,83.09,83.16,83.03,83.09,62.1595118792,62.2118787805,62.1146259638,62.1595118792,1889312,1889312,0.0,1.0,tiingo_historical_seed,
2016-05-11,BND,83.14,83.26,83.07,83.11,62.1969168087,62.2866886396,62.1445499074,62.174473851,2381020,2381020,0.0,1.0,tiingo_historical_seed,
2016-05-12,BND,83.1,83.18,83.06,83.12,62.1669928651,62.2268407524,62.1370689215,62.1819548369,1653269,1653269,0.0,1.0,tiingo_historical_seed,
2016-05-13,BND,83.16,83.24,83.085,83.21,62.2118787805,62.2717266678,62.1557713863,62.2492837101,1397400,1397400,0.0,1.0,tiingo_historical_seed,
2016-05-16,BND,83.15,83.15,83.015,83.03,62.2043977946,62.2043977946,62.1034044849,62.1146259638,3132006,3132006,0.0,1.0,tiingo_historical_seed,
2016-05-17,BND,83.13,83.13,82.94,82.97,62.1894358228,62.1894358228,62.0472970906,62.0697400484,1735874,1735874,0.0,1.0,tiingo_historical_seed,
2016-05-18,BND,82.92,82.92,82.52,82.58,62.0323351188,62.0323351188,61.7330956827,61.7779815981,1685902,1685902,0.0,1.0,tiingo_historical_seed,
2016-05-19,BND,82.63,82.6877,82.59,82.67,61.8153865276,61.8585518163,61.785462584,61.8453104712,1464032,1464032,0.0,1.0,tiingo_historical_seed,
2016-05-20,BND,82.66,82.77,82.62,82.67,61.8378294853,61.9201203303,61.8079055417,61.8453104712,2043950,2043950,0.0,1.0,tiingo_historical_seed,
2016-05-23,BND,82.73,82.7699,82.6332,82.69,61.8901963867,61.9200455204,61.8177804431,61.860272443,1310731,1310731,0.0,1.0,tiingo_historical_seed,
2016-05-24,BND,82.69,82.7,82.5601,82.65,61.860272443,61.8677534289,61.7630944361,61.8303484994,2656914,2656914,0.0,1.0,tiingo_historical_seed,
2016-05-25,BND,82.67,82.7,82.59,82.62,61.8453104712,61.8677534289,61.785462584,61.8079055417,1475115,1475115,0.0,1.0,tiingo_historical_seed,
2016-05-26,BND,82.72,82.82,82.67,82.76,61.8827154008,61.9575252598,61.8453104712,61.9126393444,1571749,1571749,0.0,1.0,tiingo_historical_seed,
2016-05-27,BND,82.8,82.805,82.65,82.73,61.942563288,61.9463037809,61.8303484994,61.8901963867,2045573,2045573,0.0,1.0,tiingo_historical_seed,
2016-05-31,BND,82.66,82.89,82.6,82.8,61.8378294853,62.0098921611,61.7929435699,61.942563288,1361420,1361420,0.0,1.0,tiingo_historical_seed,
2016-06-01,BND,82.74,82.78,82.6,82.66,62.024361685,62.0543468731,61.9194135264,61.9643913087,1625561,1625561,0.169178,1.0,tiingo_historical_seed,
2016-06-02,BND,82.75,82.89,82.73,82.82,62.031857982,62.1368061405,62.0168653879,62.0843320613,1503350,1503350,0.0,1.0,tiingo_historical_seed,
2016-06-03,BND,83.22,83.37,83.17,83.34,62.3841839427,62.4966283983,62.3467024576,62.4741395072,1960033,1960033,0.0,1.0,tiingo_historical_seed,
2016-06-06,BND,83.23,83.25,83.13,83.21,62.3916802398,62.4066728338,62.3167172694,62.3766876457,1603070,1603070,0.0,1.0,tiingo_historical_seed,
2016-06-07,BND,83.28,83.3,83.2,83.22,62.429161725,62.444154319,62.3691913487,62.3841839427,1283150,1283150,0.0,1.0,tiingo_historical_seed,
2016-06-08,BND,83.3,83.33,83.248,83.32,62.444154319,62.4666432101,62.4051735744,62.4591469131,1374484,1374484,0.0,1.0,tiingo_historical_seed,
2016-06-09,BND,83.47,83.47,83.37,83.4,62.5715913687,62.5715913687,62.4966283983,62.5191172894,1611200,1611200,0.0,1.0,tiingo_historical_seed,
2016-06-10,BND,83.49,83.5763,83.43,83.48,62.5865839627,62.6512770062,62.5416061805,62.5790876657,1575284,1575284,0.0,1.0,tiingo_historical_seed,
2016-06-13,BND,83.56,83.58,83.48,83.5,62.639058042,62.6540506361,62.5790876657,62.5940802598,1681537,1681537,0.0,1.0,tiingo_historical_seed,
2016-06-14,BND,83.62,83.62,83.47,83.49,62.6840358242,62.6840358242,62.5715913687,62.5865839627,1524219,1524219,0.0,1.0,tiingo_historical_seed,
2016-06-15,BND,83.56,83.75,83.54,83.68,62.639058042,62.7814876857,62.6240654479,62.7290136064,1345093,1345093,0.0,1.0,tiingo_historical_seed,
2016-06-16,BND,83.82,83.91,83.69,83.77,62.833961765,62.9014284383,62.7365099035,62.7964802798,1111567,1111567,0.0,1.0,tiingo_historical_seed,
2016-06-17,BND,83.71,83.7447,83.59,83.65,62.7515024976,62.7775146483,62.6615469331,62.7065247153,1860815,1860815,0.0,1.0,tiingo_historical_seed,
2016-06-20,BND,83.48,83.53,83.44,83.46,62.5790876657,62.6165691509,62.5491024776,62.5640950716,2347501,2347501,0.0,1.0,tiingo_historical_seed,
2016-06-21,BND,83.48,83.5,83.33,83.35,62.5790876657,62.5940802598,62.4666432101,62.4816358042,1785155,1785155,0.0,1.0,tiingo_historical_seed,
2016-06-22,BND,83.38,83.42,83.32,83.38,62.5041246953,62.5341098835,62.4591469131,62.5041246953,1337666,1337666,0.0,1.0,tiingo_historical_seed,
2016-06-23,BND,83.27,83.37,83.223,83.23,62.4216654279,62.4966283983,62.3864328318,62.3916802398,1152760,1152760,0.0,1.0,tiingo_historical_seed,
2016-06-24,BND,83.84,83.92,83.67,83.69,62.848954359,62.9089247353,62.7215173094,62.7365099035,2030433,2030433,0.0,1.0,tiingo_historical_seed,
2016-06-27,BND,84.16,84.17,84.01,84.12,63.0888358642,63.0963321613,62.9763914087,63.0588506761,2466088,2466088,0.0,1.0,tiingo_historical_seed,
2016-06-28,BND,84.25,84.25,84.12,84.22,63.1563025376,63.1563025376,63.0588506761,63.1338136464,2971802,2971802,0.0,1.0,tiingo_historical_seed,
2016-06-29,BND,84.32,84.33,84.13,84.19,63.2087766168,63.2162729139,63.0663469731,63.1113247553,2425743,2425743,0.0,1.0,tiingo_historical_seed,
2016-06-30,BND,84.21,84.4099,84.19,84.3,63.1263173494,63.2761683272,63.1113247553,63.1937840227,3362364,3362364,0.0,1.0,tiingo_historical_seed,
2016-07-01,BND,84.44,84.48,84.2438,84.37,63.4220450439,63.4520886465,63.2746811732,63.3694687394,2531588,2531588,0.164362,1.0,tiingo_historical_seed,
2016-07-05,BND,84.6,84.71,84.49,84.66,63.5422194542,63.6248393613,63.4595995471,63.5872848581,3193762,3193762,0.0,1.0,tiingo_historical_seed,
2016-07-06,BND,84.74,84.81,84.63,84.81,63.6473720632,63.6999483677,63.5647521561,63.6999483677,1936801,1936801,0.0,1.0,tiingo_historical_seed,
2016-07-07,BND,84.67,84.77,84.58,84.67,63.5947957587,63.6699047652,63.5271976529,63.5947957587,2032485,2032485,0.0,1.0,tiingo_historical_seed,
2016-07-08,BND,84.8,84.919,84.676,84.89,63.6924374671,63.7818171848,63.5993022991,63.7600355729,1748008,1748008,0.0,1.0,tiingo_historical_seed,
2016-07-11,BND,84.81,84.84,84.61,84.64,63.6999483677,63.7224810697,63.5497303548,63.5722630568,2617160,2617160,0.0,1.0,tiingo_historical_seed,
2016-07-12,BND,84.53,84.53,84.23,84.3,63.4896431497,63.4896431497,63.2643161303,63.3168924349,1775380,1775380,0.0,1.0,tiingo_historical_seed,
2016-07-13,BND,84.51,84.53,84.43,84.45,63.4746213484,63.4896431497,63.4145341432,63.4295559445,1352495,1352495,0.0,1.0,tiingo_historical_seed,
2016-07-14,BND,84.3,84.39,84.24,84.32,63.3168924349,63.3844905407,63.271827031,63.3319142361,1621460,1621460,0.0,1.0,tiingo_historical_seed,
2016-07-15,BND,84.26,84.26,84.0,84.05,63.2868488323,63.2868488323,63.0915654155,63.1291199187,2233910,2233910,0.0,1.0,tiingo_historical_seed,
2016-07-18,BND,84.2,84.21,84.0,84.08,63.2417834284,63.249294329,63.0915654155,63.1516526207,2155882,2155882,0.0,1.0,tiingo_historical_seed,
2016-07-19,BND,84.17,84.23,84.11,84.21,63.2192507265,63.2643161303,63.1741853226,63.249294329,1559682,1559682,0.0,1.0,tiingo_historical_seed,
2016-07-20,BND,84.16,84.16,84.05,84.12,63.2117398258,63.2117398258,63.1291199187,63.1816962232,1688080,1688080,0.0,1.0,tiingo_historical_seed,
2016-07-21,BND,84.05,84.23,83.95,84.22,63.1291199187,63.2643161303,63.0540109123,63.2568052297,2076049,2076049,0.0,1.0,tiingo_historical_seed,
2016-07-22,BND,84.14,84.28,84.09,84.23,63.1967180245,63.3018706336,63.1591635213,63.2643161303,1611974,1611974,0.0,1.0,tiingo_historical_seed,
2016-07-25,BND,84.23,84.279,84.1402,84.18,63.2643161303,63.3011195435,63.1968682425,63.2267616271,1204613,1204613,0.0,1.0,tiingo_historical_seed,
2016-07-26,BND,84.27,84.27,84.1099,84.17,63.2943597329,63.2943597329,63.1741102136,63.2192507265,2385382,2385382,0.0,1.0,tiingo_historical_seed,
2016-07-27,BND,84.22,84.42,84.2,84.42,63.2568052297,63.4070232426,63.2417834284,63.4070232426,1575358,1575358,0.0,1.0,tiingo_historical_seed,
2016-07-28,BND,84.36,84.45,84.2735,84.37,63.3619578387,63.4295559445,63.2969885481,63.3694687394,1418956,1418956,0.0,1.0,tiingo_historical_seed,
2016-07-29,BND,84.49,84.64,84.44,84.64,63.4595995471,63.5722630568,63.4220450439,63.5722630568,2758096,2758096,0.0,1.0,tiingo_historical_seed,
2016-08-01,BND,84.25,84.44,84.2,84.21,63.4036753306,63.5466628477,63.3660470367,63.3735726955,3705684,3705684,0.165464,1.0,tiingo_historical_seed,
2016-08-02,BND,84.18,84.25,84.05,84.13,63.3509957191,63.4036753306,63.2531621548,63.3133674251,4575748,4575748,0.0,1.0,tiingo_historical_seed,
2016-08-03,BND,84.13,84.18,83.98,84.13,63.3133674251,63.3509957191,63.2004825432,63.3133674251,3472357,3472357,0.0,1.0,tiingo_historical_seed,
2016-08-04,BND,84.27,84.38,84.244,84.28,63.4187266482,63.501508895,63.3991599354,63.426252307,1202019,1202019,0.0,1.0,tiingo_historical_seed,
2016-08-05,BND,84.25,84.25,83.98,84.0,63.4036753306,63.4036753306,63.2004825432,63.2155338608,2018671,2018671,0.0,1.0,tiingo_historical_seed,
2016-08-08,BND,83.96,84.07,83.88,84.01,63.1854312257,63.2682134724,63.1252259553,63.2230595196,1843105,1843105,0.0,1.0,tiingo_historical_seed,
2016-08-09,BND,84.06,84.25,84.05,84.25,63.2606878136,63.4036753306,63.2531621548,63.4036753306,2262683,2262683,0.0,1.0,tiingo_historical_seed,
2016-08-10,BND,84.31,84.39,84.2506,84.36,63.4488292834,63.5090345537,63.4041268702,63.4864575774,1672237,1672237,0.0,1.0,tiingo_historical_seed,
2016-08-11,BND,84.39,84.39,84.08,84.14,63.5090345537,63.5090345537,63.2757391312,63.3208930839,1760145,1760145,0.0,1.0,tiingo_historical_seed,
2016-08-12,BND,84.41,84.47,84.3142,84.33,63.5240858713,63.5692398241,63.4519900601,63.463880601,1605961,1605961,0.0,1.0,tiingo_historical_seed,
2016-08-15,BND,84.22,84.32,84.18,84.19,63.3810983543,63.4563549422,63.3509957191,63.3585213779,1942476,1942476,0.0,1.0,tiingo_historical_seed,
2016-08-16,BND,84.22,84.2299,84.11,84.15,63.3810983543,63.3885487565,63.2983161075,63.3284187427,2163229,2163229,0.0,1.0,tiingo_historical_seed,
2016-08-17,BND,84.19,84.3375,84.1463,84.28,63.3585213779,63.4695248451,63.325634249,63.426252307,2024562,2024562,0.0,1.0,tiingo_historical_seed,
2016-08-18,BND,84.32,84.41,84.24,84.37,63.4563549422,63.5240858713,63.3961496719,63.4939832362,1750992,1750992,0.0,1.0,tiingo_historical_seed,
2016-08-19,BND,84.22,84.26,84.08,84.2,63.3810983543,63.4112009894,63.2757391312,63.3660470367,1995133,1995133,0.0,1.0,tiingo_historical_seed,
2016-08-22,BND,84.29,84.35,84.23,84.32,63.4337779658,63.4789319186,63.3886240131,63.4563549422,1388133,1388133,0.0,1.0,tiingo_historical_seed,
2016-08-23,BND,84.44,84.45,84.32,84.36,63.5466628477,63.5541885065,63.4563549422,63.4864575774,1668316,1668316,0.0,1.0,tiingo_historical_seed,
2016-08-24,BND,84.43,84.45,84.32,84.35,63.5391371889,63.5541885065,63.4563549422,63.4789319186,2083316,2083316,0.0,1.0,tiingo_historical_seed,
2016-08-25,BND,84.32,84.38,84.25,84.26,63.4563549422,63.501508895,63.4036753306,63.4112009894,1737848,1737848,0.0,1.0,tiingo_historical_seed,
2016-08-26,BND,84.38,84.4875,84.05,84.05,63.501508895,63.582409727,63.2531621548,63.2531621548,2874496,2874496,0.0,1.0,tiingo_historical_seed,
2016-08-29,BND,84.23,84.34,84.18,84.34,63.3886240131,63.4714062598,63.3509957191,63.4714062598,1446186,1446186,0.0,1.0,tiingo_historical_seed,
2016-08-30,BND,84.36,84.36,84.23,84.27,63.4864575774,63.4864575774,63.3886240131,63.4187266482,4750675,4750675,0.0,1.0,tiingo_historical_seed,
2016-08-31,BND,84.3,84.35,84.21,84.21,63.4413036246,63.4789319186,63.3735726955,63.3735726955,1911926,1911926,0.0,1.0,tiingo_historical_seed,
2016-09-01,BND,83.9,84.19,83.9,84.16,63.2647467458,63.483421079,63.2647467458,63.4607995963,3108572,3108572,0.165906,1.0,tiingo_historical_seed,
2016-09-02,BND,84.13,84.13,83.94,84.04,63.4381781135,63.4381781135,63.2949087228,63.3703136653,1797490,1797490,0.0,1.0,tiingo_historical_seed,
2016-09-06,BND,84.1,84.35,84.02,84.29,63.4155566308,63.604068987,63.3552326768,63.5588260215,4316172,4316172,0.0,1.0,tiingo_historical_seed,
2016-09-07,BND,84.4,84.4,84.28,84.3,63.6417714582,63.6417714582,63.5512855273,63.5663665158,1849513,1849513,0.0,1.0,tiingo_historical_seed,
2016-09-08,BND,84.17,84.21,83.87,83.98,63.4683400905,63.4985020675,63.2421252631,63.3250706998,3475942,3475942,0.0,1.0,tiingo_historical_seed,
2016-09-09,BND,83.71,83.81,83.57,83.61,63.1214773551,63.1968822976,63.0159104356,63.0460724126,2888916,2888916,0.0,1.0,tiingo_historical_seed,
2016-09-12,BND,83.55,83.68,83.51,83.64,63.0008294471,63.0988558723,62.9706674701,63.0686938954,3190956,3190956,0.0,1.0,tiingo_historical_seed,
2016-09-13,BND,83.77,83.77,83.29,83.4,63.1667203206,63.1667203206,62.8047765967,62.8877220334,2670139,2670139,0.0,1.0,tiingo_historical_seed,
2016-09-14,BND,83.42,83.6,83.4,83.51,62.9028030219,63.0385319184,62.8877220334,62.9706674701,2124546,2124546,0.0,1.0,tiingo_historical_seed,
2016-09-15,BND,83.47,83.61,83.4,83.58,62.9405054931,63.0460724126,62.8877220334,63.0234509299,1817238,1817238,0.0,1.0,tiingo_historical_seed,
2016-09-16,BND,83.65,83.69,83.55,83.65,63.0762343896,63.1063963666,63.0008294471,63.0762343896,1307912,1307912,0.0,1.0,tiingo_historical_seed,
2016-09-19,BND,83.64,83.67,83.56,83.59,63.0686938954,63.0913153781,63.0083699414,63.0309914241,1558070,1558070,0.0,1.0,tiingo_historical_seed,
2016-09-20,BND,83.66,83.759,83.605,83.61,63.0837748839,63.1584257769,63.0423021655,63.0460724126,1260941,1260941,0.0,1.0,tiingo_historical_seed,
2016-09-21,BND,83.55,83.85,83.53,83.85,63.0008294471,63.2270442746,62.9857484586,63.2270442746,1979973,1979973,0.0,1.0,tiingo_historical_seed,
2016-09-22,BND,83.94,84.1,83.91,84.02,63.2949087228,63.4155566308,63.2722872401,63.3552326768,1473897,1473897,0.0,1.0,tiingo_historical_seed,
2016-09-23,BND,84.03,84.08,83.98,84.0,63.3627731711,63.4004756423,63.3250706998,63.3401516883,1441511,1441511,0.0,1.0,tiingo_historical_seed,
2016-09-26,BND,84.08,84.17,84.05,84.14,63.4004756423,63.4683400905,63.3778541595,63.4457186078,1709285,1709285,0.0,1.0,tiingo_historical_seed,
2016-09-27,BND,84.26,84.27,84.134,84.24,63.5362045388,63.543745033,63.4411943112,63.5211235503,2458300,2458300,0.0,1.0,tiingo_historical_seed,
2016-09-28,BND,84.24,84.3,84.18,84.24,63.5211235503,63.5663665158,63.4758805848,63.5211235503,2284595,2284595,0.0,1.0,tiingo_historical_seed,
2016-09-29,BND,84.14,84.31,84.1065,84.25,63.4457186078,63.57390701,63.4204579521,63.5286640445,2886223,2886223,0.0,1.0,tiingo_historical_seed,
2016-09-30,BND,84.25,84.28,84.02,84.14,63.5286640445,63.5512855273,63.3552326768,63.4457186078,1663650,1663650,0.0,1.0,tiingo_historical_seed,
2016-10-03,BND,83.95,84.01,83.842,83.89,63.4235901384,63.4689196847,63.3419969552,63.3782605922,1509327,1509327,0.160539,1.0,tiingo_historical_seed,
2016-10-04,BND,83.84,83.85,83.6,83.61,63.3404859703,63.3480408947,63.1591677853,63.1667227097,1815729,1815729,0.0,1.0,tiingo_historical_seed,
2016-10-05,BND,83.66,83.665,83.44,83.47,63.2044973315,63.2082747937,63.0382889953,63.0609537684,2666081,2666081,0.0,1.0,tiingo_historical_seed,
2016-10-06,BND,83.46,83.56,83.38,83.44,63.053398844,63.1289480878,62.992959449,63.0382889953,1148648,1148648,0.0,1.0,tiingo_historical_seed,
2016-10-07,BND,83.52,83.53,83.31,83.51,63.0987283903,63.1062833146,62.9400749784,63.0911734659,1783262,1783262,0.0,1.0,tiingo_historical_seed,
2016-10-10,BND,83.38,83.43,83.31,83.42,62.992959449,63.0307340709,62.9400749784,63.0231791465,1425493,1425493,0.0,1.0,tiingo_historical_seed,
2016-10-11,BND,83.38,83.43,83.28,83.29,62.992959449,63.0307340709,62.9174102052,62.9249651296,1476744,1476744,0.0,1.0,tiingo_historical_seed,
2016-10-12,BND,83.3,83.3586,83.2301,83.34,62.932520054,62.9767919108,62.8797111326,62.9627397515,1286551,1286551,0.0,1.0,tiingo_historical_seed,
2016-10-13,BND,83.52,83.54,83.43,83.44,63.0987283903,63.113838239,63.0307340709,63.0382889953,1625887,1625887,0.0,1.0,tiingo_historical_seed,
2016-10-14,BND,83.34,83.46,83.26,83.27,62.9627397515,63.053398844,62.9023003565,62.9098552809,1379899,1379899,0.0,1.0,tiingo_historical_seed,
2016-10-17,BND,83.33,83.47,83.28,83.45,62.9551848271,63.0609537684,62.9174102052,63.0458439196,1008868,1008868,0.0,1.0,tiingo_historical_seed,
2016-10-18,BND,83.38,83.57,83.37,83.56,62.992959449,63.1365030121,62.9854045246,63.1289480878,1167303,1167303,0.0,1.0,tiingo_historical_seed,
2016-10-19,BND,83.51,83.62,83.4963,83.62,63.0911734659,63.174277634,63.0808232195,63.174277634,1546425,1546425,0.0,1.0,tiingo_historical_seed,
2016-10-20,BND,83.63,83.675,83.53,83.57,63.1818325584,63.2158297181,63.1062833146,63.1365030121,1283228,1283228,0.0,1.0,tiingo_historical_seed,
2016-10-21,BND,83.6,83.65,83.53,83.64,63.1591677853,63.1969424072,63.1062833146,63.1893874828,1018842,1018842,0.0,1.0,tiingo_historical_seed,
2016-10-24,BND,83.65,83.65,83.45,83.52,63.1969424072,63.1969424072,63.0458439196,63.0987283903,1453955,1453955,0.0,1.0,tiingo_historical_seed,
2016-10-25,BND,83.48,83.6,83.46,83.52,63.0685086928,63.1591677853,63.053398844,63.0987283903,1462118,1462118,0.0,1.0,tiingo_historical_seed,
2016-10-26,BND,83.39,83.45,83.34,83.37,63.0005143734,63.0458439196,62.9627397515,62.9854045246,1144511,1144511,0.0,1.0,tiingo_historical_seed,
2016-10-27,BND,83.17,83.2,83.02,83.14,62.8343060371,62.8569708102,62.7209821715,62.811641264,1848247,1848247,0.0,1.0,tiingo_historical_seed,
2016-10-28,BND,83.09,83.18,83.07,83.1,62.7738666421,62.8418609615,62.7587567933,62.7814215665,1574393,1574393,0.0,1.0,tiingo_historical_seed,
2016-10-31,BND,83.21,83.25,83.14,83.19,62.8645257346,62.8947454321,62.811641264,62.8494158859,1664698,1664698,0.0,1.0,tiingo_historical_seed,
2016-11-01,BND,82.89,83.07,82.83,83.0,62.7453744807,62.8816293656,62.6999561858,62.8286413548,1623628,1623628,0.162502,1.0,tiingo_historical_seed,
2016-11-02,BND,83.06,83.1955,83.0,83.08,62.8740596498,62.9766292992,62.8286413548,62.8891990814,3138540,3138540,0.0,1.0,tiingo_historical_seed,
2016-11-03,BND,83.06,83.13,83.01,83.03,62.8740596498,62.9270476605,62.8362110706,62.8513505023,2335702,2335702,0.0,1.0,tiingo_historical_seed,
2016-11-04,BND,83.08,83.24,83.08,83.18,62.8891990814,63.0103145346,62.8891990814,62.9648962397,1047314,1047314,0.0,1.0,tiingo_historical_seed,
2016-11-07,BND,83.16,83.16,83.06,83.07,62.949756808,62.949756808,62.8740596498,62.8816293656,1290171,1290171,0.0,1.0,tiingo_historical_seed,
2016-11-08,BND,83.12,83.13,82.9,82.92,62.9194779447,62.9270476605,62.7529441965,62.7680836282,2509098,2509098,0.0,1.0,tiingo_historical_seed,
2016-11-09,BND,82.5,82.61,82.015,82.1,62.4501555635,62.5334224376,62.083024346,62.1473669305,3448900,3448900,0.0,1.0,tiingo_historical_seed,
2016-11-10,BND,81.99,82.1,81.74,81.75,62.0641000564,62.1473669305,61.8748571607,61.8824268766,2836025,2836025,0.0,1.0,tiingo_historical_seed,
2016-11-11,BND,81.72,81.83,81.571,81.6,61.8597177291,61.9429846032,61.7469289633,61.7688811392,1580858,1580858,0.0,1.0,tiingo_historical_seed,
2016-11-14,BND,81.44,81.5,81.2135,81.29,61.647765686,61.6931839809,61.4763116225,61.5342199486,2079369,2079369,0.0,1.0,tiingo_historical_seed,
2016-11-15,BND,81.43,81.529,81.37,81.4,61.6401959701,61.7151361568,61.5947776752,61.6174868227,2098125,2098125,0.0,1.0,tiingo_historical_seed,
2016-11-16,BND,81.47,81.58,81.4236,81.57,61.6704748334,61.7537417075,61.635351352,61.7461719917,1629295,1629295,0.0,1.0,tiingo_historical_seed,
2016-11-17,BND,81.44,81.48,81.22,81.24,61.647765686,61.6780445493,61.4812319378,61.4963713694,1761801,1761801,0.0,1.0,tiingo_historical_seed,
2016-11-18,BND,81.28,81.3472,81.0,81.04,61.5266502328,61.5775187231,61.3146981896,61.3449770529,1561763,1561763,0.0,1.0,tiingo_historical_seed,
2016-11-21,BND,81.1,81.15,81.0,81.03,61.3903953479,61.428243927,61.3146981896,61.3374073371,2074043,2074043,0.0,1.0,tiingo_historical_seed,
2016-11-22,BND,81.19,81.22,81.07,81.1,61.4585227903,61.4812319378,61.3676862004,61.3903953479,1866861,1866861,0.0,1.0,tiingo_historical_seed,
2016-11-23,BND,80.89,81.0,80.7,80.89,61.2314313155,61.3146981896,61.0876067148,61.2314313155,1643170,1643170,0.0,1.0,tiingo_historical_seed,
2016-11-25,BND,80.91,80.99,80.8201,80.92,61.2465707472,61.3071284738,61.1785190019,61.254140463,942670,942670,0.0,1.0,tiingo_historical_seed,
2016-11-28,BND,81.01,81.135,81.0,81.11,61.3222679055,61.4168893533,61.3146981896,61.3979650637,1352630,1352630,0.0,1.0,tiingo_historical_seed,
2016-11-29,BND,81.01,81.24,81.0,81.17,61.3222679055,61.4963713694,61.3146981896,61.4433833587,1583577,1583577,0.0,1.0,tiingo_historical_seed,
2016-11-30,BND,80.93,81.04,80.8,80.89,61.2617101788,61.3449770529,61.1633038731,61.2314313155,2372195,2372195,0.0,1.0,tiingo_historical_seed,
2016-12-01,BND,80.48,80.52,80.27,80.43,61.042484128,61.0728233348,60.8832032922,61.0045601195,2998159,2998159,0.160291,1.0,tiingo_historical_seed,
2016-12-02,BND,80.62,80.87,80.61,80.72,61.1486713519,61.3382913945,61.1410865502,61.224519369,1951435,1951435,0.0,1.0,tiingo_historical_seed,
2016-12-05,BND,80.6,80.91,80.54,80.82,61.1335017485,61.3686306014,61.0879929383,61.300367386,2479472,2479472,0.0,1.0,tiingo_historical_seed,
2016-12-06,BND,80.85,80.88,80.77,80.81,61.3231217911,61.3458761963,61.2624433775,61.2927825843,2337838,2337838,0.0,1.0,tiingo_historical_seed,
2016-12-07,BND,80.93,81.06,80.896,81.0,61.3838002048,61.482402627,61.358011879,61.4368938167,4273070,4273070,0.0,1.0,tiingo_historical_seed,
2016-12-08,BND,80.89,80.9,80.78,80.84,61.353460998,61.3610457997,61.2700281792,61.3155369894,2322978,2322978,0.0,1.0,tiingo_historical_seed,
2016-12-09,BND,80.8,80.85,80.527,80.6,61.2851977826,61.3231217911,61.078132696,61.1335017485,2696981,2696981,0.0,1.0,tiingo_historical_seed,
2016-12-12,BND,80.5,80.59,80.43,80.51,61.0576537314,61.1259169468,61.0045601195,61.0652385331,3464820,3464820,0.0,1.0,tiingo_historical_seed,
2016-12-13,BND,80.65,80.7,80.48,80.6,61.171425757,61.2093497656,61.042484128,61.1335017485,4372600,4372600,0.0,1.0,tiingo_historical_seed,
2016-12-14,BND,80.76,80.78,80.18,80.19,61.2548585758,61.2700281792,60.8149400769,60.8225248786,2971699,2971699,0.0,1.0,tiingo_historical_seed,
2016-12-15,BND,80.2,80.26,80.06,80.07,60.8301096803,60.8756184905,60.7239224564,60.7315072581,2651224,2651224,0.0,1.0,tiingo_historical_seed,
2016-12-16,BND,80.15,80.2701,80.0301,80.14,60.7921856717,60.8832791402,60.7012438993,60.78460087,3080074,3080074,0.0,1.0,tiingo_historical_seed,
2016-12-19,BND,80.34,80.4,80.24,80.35,60.9362969041,60.9818057144,60.8604488871,60.9438817058,2937185,2937185,0.0,1.0,tiingo_historical_seed,
2016-12-20,BND,80.23,80.37,80.2,80.36,60.8528640854,60.9590513093,60.8301096803,60.9514665076,5853310,5853310,0.0,1.0,tiingo_historical_seed,
2016-12-21,BND,80.44,80.5,80.39,80.48,61.0121449212,61.0576537314,60.9742209127,61.042484128,2752285,2752285,0.0,1.0,tiingo_historical_seed,
2016-12-22,BND,80.17,80.28,80.17,80.22,60.9631023018,61.0467488187,60.9631023018,61.0011234458,2851458,2851458,0.205469,1.0,tiingo_historical_seed,
2016-12-23,BND,80.36,80.36,80.255,80.26,61.1075826491,61.1075826491,61.0277382466,61.031540361,2096869,2096869,0.0,1.0,tiingo_historical_seed,
2016-12-27,BND,80.13,80.2,80.12,80.2,60.9326853866,60.9859149882,60.9250811578,60.9859149882,2178376,2178376,0.0,1.0,tiingo_historical_seed,
2016-12-28,BND,80.24,80.47,80.18,80.4,61.0163319034,61.1912291659,60.9707065306,61.1379995643,4097050,4097050,0.0,1.0,tiingo_historical_seed,
2016-12-29,BND,80.54,80.65,80.4841,80.62,61.2444587675,61.3281052843,61.2019511285,61.3052925979,3116177,3116177,0.0,1.0,tiingo_historical_seed,
2016-12-30,BND,80.63,80.83,80.62,80.79,61.3128968267,61.4649814027,61.3052925979,61.4345644875,2338228,2338228,0.0,1.0,tiingo_historical_seed,
2017-01-03,BND,80.55,80.84,80.5,80.8,61.2520629963,61.4725856315,61.2140418523,61.4421687163,3312581,3312581,0.0,1.0,tiingo_historical_seed,
2017-01-04,BND,80.84,80.8801,80.75,80.86,61.4725856315,61.503078589,61.4041475723,61.4877940891,3095025,3095025,0.0,1.0,tiingo_historical_seed,
2017-01-05,BND,80.98,81.28,80.9,81.27,61.5790448348,61.8071716988,61.5182110043,61.79956747,3890365,3890365,0.0,1.0,tiingo_historical_seed,
2017-01-06,BND,81.1,81.13,80.95,80.95,61.6702955804,61.6931082668,61.5562321484,61.5562321484,2287987,2287987,0.0,1.0,tiingo_historical_seed,
2017-01-09,BND,81.17,81.18,81.09,81.15,61.723525182,61.7311294108,61.6626913516,61.7083167244,1785910,1785910,0.0,1.0,tiingo_historical_seed,
2017-01-10,BND,81.14,81.18,81.06,81.13,61.7007124956,61.7311294108,61.6398786652,61.6931082668,2250692,2250692,0.0,1.0,tiingo_historical_seed,
2017-01-11,BND,81.14,81.43,81.06,81.17,61.7007124956,61.9212351308,61.6398786652,61.723525182,2327647,2327647,0.0,1.0,tiingo_historical_seed,
2017-01-12,BND,81.37,81.42,81.15,81.19,61.875609758,61.913630902,61.7083167244,61.7387336396,2981241,2981241,0.0,1.0,tiingo_historical_seed,
2017-01-13,BND,81.12,81.15,80.9135,81.06,61.685504038,61.7083167244,61.5284767132,61.6398786652,2424983,2424983,0.0,1.0,tiingo_historical_seed,
2017-01-17,BND,81.34,81.4,81.21,81.31,61.8527970716,61.8984224444,61.7539420972,61.8299843852,2188598,2188598,0.0,1.0,tiingo_historical_seed,
2017-01-18,BND,81.21,81.21,80.875,80.89,61.7539420972,61.7539420972,61.4992004323,61.5106067755,1981696,1981696,0.0,1.0,tiingo_historical_seed,
2017-01-19,BND,80.78,80.84,80.64,80.75,61.4269602587,61.4725856315,61.3205010555,61.4041475723,2121301,2121301,0.0,1.0,tiingo_historical_seed,
2017-01-20,BND,80.67,80.85,80.62,80.81,61.3433137419,61.4801898603,61.3052925979,61.4497729451,1836282,1836282,0.0,1.0,tiingo_historical_seed,
2017-01-23,BND,80.82,81.19,80.82,81.03,61.4573771739,61.7387336396,61.4573771739,61.6170659788,1490164,1490164,0.0,1.0,tiingo_historical_seed,
2017-01-24,BND,80.97,81.05,80.8165,80.91,61.571440606,61.6322744364,61.4547156939,61.5258152331,2136042,2136042,0.0,1.0,tiingo_historical_seed,
2017-01-25,BND,80.74,80.7865,80.62,80.67,61.3965433435,61.4319030074,61.3052925979,61.3433137419,1897825,1897825,0.0,1.0,tiingo_historical_seed,
2017-01-26,BND,80.62,80.73,80.52,80.7,61.3052925979,61.3889391147,61.2292503099,61.3661264283,2381630,2381630,0.0,1.0,tiingo_historical_seed,
2017-01-27,BND,80.74,80.84,80.74,80.79,61.3965433435,61.4725856315,61.3965433435,61.4345644875,1768665,1768665,0.0,1.0,tiingo_historical_seed,
2017-01-30,BND,80.78,80.885,80.75,80.77,61.4269602587,61.5068046611,61.4041475723,61.4193560299,2699524,2699524,0.0,1.0,tiingo_historical_seed,
2017-01-31,BND,80.8,81.02,80.8,80.94,61.4421687163,61.60946175,61.4421687163,61.5486279196,2857626,2857626,0.0,1.0,tiingo_historical_seed,
2017-02-01,BND,80.56,80.745,80.5,80.63,61.3873248347,61.5282962237,61.3416043843,61.4406653603,2313445,2313445,0.168023,1.0,tiingo_historical_seed,
2017-02-02,BND,80.79,80.85,80.67,80.68,61.5625865616,61.608307012,61.4711456606,61.4787657357,1745432,1745432,0.0,1.0,tiingo_historical_seed,
2017-02-03,BND,80.86,80.94,80.61,80.7,61.6159270871,61.6768876877,61.4254252101,61.4940058858,2398917,2398917,0.0,1.0,tiingo_historical_seed,
2017-02-06,BND,80.96,81.01,80.8,80.95,61.6921278379,61.7302282133,61.5702066366,61.6845077628,3238073,3238073,0.0,1.0,tiingo_historical_seed,
2017-02-07,BND,80.96,81.15,80.9,81.08,61.6921278379,61.8369092644,61.6464073874,61.7835687388,5239327,5239327,0.0,1.0,tiingo_historical_seed,
2017-02-08,BND,81.17,81.35,81.16,81.3,61.8521494146,61.989310766,61.8445293395,61.9512103906,2172725,2172725,0.0,1.0,tiingo_historical_seed,
2017-02-09,BND,81.14,81.22,81.03,81.08,61.8292891893,61.8902497899,61.7454683634,61.7835687388,3410760,3410760,0.0,1.0,tiingo_historical_seed,
2017-02-10,BND,80.95,81.089,80.94,81.06,61.6845077628,61.7904268064,61.6768876877,61.7683285887,2011917,2011917,0.0,1.0,tiingo_historical_seed,
2017-02-13,BND,80.98,81.01,80.8801,80.97,61.7073679881,61.7302282133,61.631243438,61.699747913,1863017,1863017,0.0,1.0,tiingo_historical_seed,
2017-02-14,BND,80.94,80.97,80.66,80.8,61.6768876877,61.699747913,61.4635255855,61.5702066366,2178328,2178328,0.0,1.0,tiingo_historical_seed,
2017-02-15,BND,80.61,80.72,80.6,80.67,61.4254252101,61.509246036,61.4178051351,61.4711456606,1503728,1503728,0.0,1.0,tiingo_historical_seed,
2017-02-16,BND,80.74,80.94,80.73,80.82,61.5244861862,61.6768876877,61.5168661111,61.5854467868,3290696,3290696,0.0,1.0,tiingo_historical_seed,
2017-02-17,BND,81.0,81.05,80.96,81.01,61.7226081382,61.7607085136,61.6921278379,61.7302282133,1520021,1520021,0.0,1.0,tiingo_historical_seed,
2017-02-21,BND,80.94,81.08,80.9,81.0,61.6768876877,61.7835687388,61.6464073874,61.7226081382,1811284,1811284,0.0,1.0,tiingo_historical_seed,
2017-02-22,BND,81.17,81.17,80.88,81.05,61.8521494146,61.8521494146,61.6311672373,61.7607085136,1965822,1965822,0.0,1.0,tiingo_historical_seed,
2017-02-23,BND,81.17,81.2,81.13,81.2,61.8521494146,61.8750096398,61.8216691142,61.8750096398,1590520,1590520,0.0,1.0,tiingo_historical_seed,
2017-02-24,BND,81.36,81.52,81.32,81.5,61.996930841,62.1188520423,61.9664505407,62.1036118922,1703834,1703834,0.0,1.0,tiingo_historical_seed,
2017-02-27,BND,81.46,81.465,81.29,81.33,62.0731315918,62.0769416294,61.9435903155,61.9740706158,2005647,2005647,0.0,1.0,tiingo_historical_seed,
2017-02-28,BND,81.33,81.405,81.26,81.27,61.9740706158,62.0312211789,61.9207300903,61.9283501653,1975726,1975726,0.0,1.0,tiingo_historical_seed,
2017-03-01,BND,80.78,80.81,80.71,80.78,61.6756501875,61.6985552322,61.6222050834,61.6756501875,2954358,2954358,0.158376,1.0,tiingo_historical_seed,
2017-03-02,BND,80.71,80.715,80.54,80.63,61.6222050834,61.6260225908,61.4924098305,61.5611249644,2077305,2077305,0.0,1.0,tiingo_historical_seed,
2017-03-03,BND,80.64,80.69,80.53,80.69,61.5687599792,61.6069350536,61.4847748156,61.6069350536,2242758,2242758,0.0,1.0,tiingo_historical_seed,
2017-03-06,BND,80.72,80.72,80.57,80.64,61.6298400983,61.6298400983,61.5153148751,61.5687599792,1880936,1880936,0.0,1.0,tiingo_historical_seed,
2017-03-07,BND,80.6,80.63,80.49,80.49,61.5382199197,61.5611249644,61.4542347561,61.4542347561,1644831,1644831,0.0,1.0,tiingo_historical_seed,
2017-03-08,BND,80.24,80.35,80.21,80.3,61.2633593841,61.3473445478,61.2404543395,61.3091694734,2173044,2173044,0.0,1.0,tiingo_historical_seed,
2017-03-09,BND,80.16,80.18,80.02,80.05,61.2022792651,61.2175492948,61.0953890568,61.1182941014,2761256,2761256,0.0,1.0,tiingo_historical_seed,
2017-03-10,BND,80.14,80.23,80.1,80.21,61.1870092353,61.2557243692,61.1564691758,61.2404543395,3430937,3430937,0.0,1.0,tiingo_historical_seed,
2017-03-13,BND,80.12,80.21,80.03,80.05,61.1717392056,61.2404543395,61.1030240717,61.1182941014,2164621,2164621,0.0,1.0,tiingo_historical_seed,
2017-03-14,BND,80.03,80.14,80.02,80.04,61.1030240717,61.1870092353,61.0953890568,61.1106590865,3620704,3620704,0.0,1.0,tiingo_historical_seed,
2017-03-15,BND,80.16,80.55,80.13,80.54,61.2022792651,61.5000448453,61.1793742205,61.4924098305,2281368,2281368,0.0,1.0,tiingo_historical_seed,
2017-03-16,BND,80.48,80.53,80.41,80.42,61.4465997412,61.4847748156,61.393154637,61.4007896519,2617769,2617769,0.0,1.0,tiingo_historical_seed,
2017-03-17,BND,80.47,80.61,80.47,80.58,61.4389647263,61.5458549346,61.4389647263,61.52294989,1292991,1292991,0.0,1.0,tiingo_historical_seed,
2017-03-20,BND,80.59,80.75,80.57,80.744,61.5305849049,61.6527451429,61.5153148751,61.648164134,1510931,1510931,0.0,1.0,tiingo_historical_seed,
2017-03-21,BND,80.7,80.93,80.66,80.93,61.6145700685,61.7901754107,61.584030009,61.7901754107,2078954,2078954,0.0,1.0,tiingo_historical_seed,
2017-03-22,BND,81.0,81.107,80.9532,81.04,61.8436205149,61.9253151741,61.8078886452,61.8741605744,1339572,1339572,0.0,1.0,tiingo_historical_seed,
2017-03-23,BND,81.07,81.1,80.8934,81.0,61.897065619,61.9199706637,61.7622312563,61.8436205149,1790362,1790362,0.0,1.0,tiingo_historical_seed,
2017-03-24,BND,80.94,81.07,80.93,80.98,61.7978104256,61.897065619,61.7901754107,61.8283504851,3736682,3736682,0.0,1.0,tiingo_historical_seed,
2017-03-27,BND,81.2,81.22,81.09,81.15,61.9963208124,62.0115908422,61.9123356488,61.958145738,1870514,1870514,0.0,1.0,tiingo_historical_seed,
2017-03-28,BND,81.23,81.23,80.96,81.0,62.0192258571,62.0192258571,61.8130804554,61.8436205149,1990824,1990824,0.0,1.0,tiingo_historical_seed,
2017-03-29,BND,81.05,81.16,81.025,81.16,61.8817955893,61.9657807529,61.8627080521,61.9657807529,1356818,1356818,0.0,1.0,tiingo_historical_seed,
2017-03-30,BND,81.1,81.11,80.97,81.03,61.9199706637,61.9276056785,61.8207154702,61.8665255595,1403541,1403541,0.0,1.0,tiingo_historical_seed,
2017-03-31,BND,81.01,81.1,81.01,81.08,61.8512555297,61.9199706637,61.8512555297,61.9047006339,2399459,2399459,0.0,1.0,tiingo_historical_seed,
2017-04-03,BND,80.97,81.2,80.91,81.2,61.9528854191,62.1288661977,61.9069773899,62.1288661977,2142715,2142715,0.173602,1.0,tiingo_historical_seed,
2017-04-04,BND,81.18,81.18,81.08,81.11,62.1135635213,62.1135635213,62.0370501393,62.0600041539,1983228,1983228,0.0,1.0,tiingo_historical_seed,
2017-04-05,BND,81.07,81.24,81.015,81.18,62.0293988011,62.1594715505,61.987316441,62.1135635213,2050810,2050810,0.0,1.0,tiingo_historical_seed,
2017-04-06,BND,81.18,81.23,81.0601,81.21,62.1135635213,62.1518202123,62.0218239763,62.1365175359,1855272,1855272,0.0,1.0,tiingo_historical_seed,
2017-04-07,BND,81.3,81.36,81.01,81.03,62.2053795797,62.251287609,61.9834907719,61.9987934483,1608178,1608178,0.0,1.0,tiingo_historical_seed,
2017-04-10,BND,81.12,81.19,81.07,81.11,62.0676554921,62.1212148595,62.0293988011,62.0600041539,1481751,1481751,0.0,1.0,tiingo_historical_seed,
2017-04-11,BND,81.24,81.41,81.23,81.37,62.1594715505,62.2895443,62.1518202123,62.2589389472,1340521,1340521,0.0,1.0,tiingo_historical_seed,
2017-04-12,BND,81.36,81.56,81.3312,81.56,62.251287609,62.404314373,62.2292517549,62.404314373,1801558,1801558,0.0,1.0,tiingo_historical_seed,
2017-04-13,BND,81.61,81.729,81.52,81.68,62.442571064,62.5336219886,62.3737090202,62.4961304314,1393521,1393521,0.0,1.0,tiingo_historical_seed,
2017-04-17,BND,81.69,81.73,81.54,81.63,62.5037817696,62.5343871224,62.3890116966,62.4578737404,1494596,1494596,0.0,1.0,tiingo_historical_seed,
2017-04-18,BND,81.72,81.9666,81.718,81.92,62.5267357842,62.7154177843,62.5252055166,62.6797625483,1783017,1783017,0.0,1.0,tiingo_historical_seed,
2017-04-19,BND,81.83,81.83,81.7201,81.77,62.6109005044,62.6109005044,62.5268122976,62.5649924752,1437089,1437089,0.0,1.0,tiingo_historical_seed,
2017-04-20,BND,81.74,81.74,81.5834,81.66,62.5420384606,62.5420384606,62.4222185044,62.480827755,1425716,1425716,0.0,1.0,tiingo_historical_seed,
2017-04-21,BND,81.73,81.79,81.655,81.68,62.5343871224,62.5802951516,62.4770020859,62.4961304314,1241682,1241682,0.0,1.0,tiingo_historical_seed,
2017-04-24,BND,81.48,81.59,81.43,81.57,62.3431036674,62.4272683876,62.3048469764,62.4119657112,2665681,2665681,0.0,1.0,tiingo_historical_seed,
2017-04-25,BND,81.41,81.4571,81.27,81.32,62.2895443,62.3255821029,62.1824255651,62.2206822562,1670922,1670922,0.0,1.0,tiingo_historical_seed,
2017-04-26,BND,81.29,81.42,81.26,81.4,62.1977282415,62.2971956382,62.1747742269,62.2818929618,1876229,1876229,0.0,1.0,tiingo_historical_seed,
2017-04-27,BND,81.42,81.525,81.3746,81.46,62.2971956382,62.3775346893,62.2624585627,62.327800991,1543129,1543129,0.0,1.0,tiingo_historical_seed,
2017-04-28,BND,81.4,81.59,81.36,81.55,62.2818929618,62.4272683876,62.251287609,62.3966630348,2100002,2100002,0.0,1.0,tiingo_historical_seed,
2017-05-01,BND,81.34,81.4087,81.14,81.23,62.364629464,62.4173028109,62.2112863868,62.2802907715,1478157,1478157,0.167906,1.0,tiingo_historical_seed,
2017-05-02,BND,81.24,81.38,81.2,81.37,62.2879579254,62.3952980794,62.25728931,62.3876309255,1664291,1664291,0.0,1.0,tiingo_historical_seed,
2017-05-03,BND,81.4,81.45,81.215,81.28,62.4106323871,62.4489681564,62.2687900408,62.3186265408,2948426,2948426,0.0,1.0,tiingo_historical_seed,
2017-05-04,BND,81.14,81.2,81.09,81.19,62.2112863868,62.25728931,62.1729506176,62.2496221561,1216082,1216082,0.0,1.0,tiingo_historical_seed,
2017-05-05,BND,81.2,81.24,81.1047,81.24,62.25728931,62.2879579254,62.1842213337,62.2879579254,1658920,1658920,0.0,1.0,tiingo_historical_seed,
2017-05-08,BND,81.19,81.21,81.06,81.1,62.2496221561,62.2649564638,62.149949156,62.1806177714,1832262,1832262,0.0,1.0,tiingo_historical_seed,
2017-05-09,BND,81.05,81.1,81.0,81.06,62.1422820021,62.1806177714,62.1039462329,62.149949156,2532184,2532184,0.0,1.0,tiingo_historical_seed,
2017-05-10,BND,81.14,81.2,81.01,81.05,62.2112863868,62.25728931,62.1116133867,62.1422820021,1845536,1845536,0.0,1.0,tiingo_historical_seed,
2017-05-11,BND,81.0,81.11,80.93,81.11,62.1039462329,62.1882849253,62.0502761559,62.1882849253,1421523,1421523,0.0,1.0,tiingo_historical_seed,
2017-05-12,BND,81.29,81.38,81.25,81.35,62.3262936947,62.3952980794,62.2956250793,62.3722966178,1510314,1510314,0.0,1.0,tiingo_historical_seed,
2017-05-15,BND,81.3,81.39,81.3,81.33,62.3339608485,62.4029652332,62.3339608485,62.3569623101,1823465,1823465,0.0,1.0,tiingo_historical_seed,
2017-05-16,BND,81.36,81.51,81.36,81.41,62.3799637717,62.4949710795,62.3799637717,62.418299541,1760573,1760573,0.0,1.0,tiingo_historical_seed,
2017-05-17,BND,81.63,81.87,81.63,81.85,62.5869769258,62.7709886183,62.5869769258,62.7556543106,1987109,1987109,0.0,1.0,tiingo_historical_seed,
2017-05-18,BND,81.87,81.892,81.74,81.78,62.7709886183,62.7878563568,62.6713156182,62.7019842336,1881841,1881841,0.0,1.0,tiingo_historical_seed,
2017-05-19,BND,81.81,81.8343,81.7,81.83,62.7249856952,62.7436168791,62.6406470028,62.7403200029,1394681,1394681,0.0,1.0,tiingo_historical_seed,
2017-05-22,BND,81.8,81.8,81.74,81.76,62.7173185413,62.7173185413,62.6713156182,62.6866499259,1570719,1570719,0.0,1.0,tiingo_historical_seed,
2017-05-23,BND,81.84,81.84,81.58,81.59,62.7479871568,62.7479871568,62.5486411565,62.5563083104,1679534,1679534,0.0,1.0,tiingo_historical_seed,
2017-05-24,BND,81.63,81.77,81.58,81.76,62.5869769258,62.6943170798,62.5486411565,62.6866499259,1568743,1568743,0.0,1.0,tiingo_historical_seed,
2017-05-25,BND,81.77,81.7897,81.6865,81.76,62.6943170798,62.7094213729,62.6302963451,62.6866499259,1108371,1108371,0.0,1.0,tiingo_historical_seed,
2017-05-26,BND,81.77,81.81,81.73,81.8,62.6943170798,62.7249856952,62.6636484643,62.7173185413,952666,952666,0.0,1.0,tiingo_historical_seed,
2017-05-30,BND,81.87,81.92,81.82,81.92,62.7709886183,62.8093243876,62.732652849,62.8093243876,1283326,1283326,0.0,1.0,tiingo_historical_seed,
2017-05-31,BND,81.92,82.01,81.9,81.96,62.8093243876,62.8783287723,62.7939900799,62.839993003,2290054,2290054,0.0,1.0,tiingo_historical_seed,
2017-06-01,BND,81.71,81.82,81.69,81.81,62.7801880539,62.8647042781,62.7648214676,62.857020985,1710895,1710895,0.172209,1.0,tiingo_historical_seed,
2017-06-02,BND,81.99,82.11,81.97,82.08,62.9953202611,63.0875197785,62.9799536749,63.0644698992,1795059,1795059,0.0,1.0,tiingo_historical_seed,
2017-06-05,BND,81.98,82.01,81.93,81.95,62.987636968,63.0106868474,62.9492205024,62.9645870887,1916218,1916218,0.0,1.0,tiingo_historical_seed,
2017-06-06,BND,82.11,82.15,82.05,82.1,63.0875197785,63.118252951,63.0414200198,63.0798364854,3262507,3262507,0.0,1.0,tiingo_historical_seed,
2017-06-07,BND,82.08,82.1,81.97,81.99,63.0644698992,63.0798364854,62.9799536749,62.9953202611,1743506,1743506,0.0,1.0,tiingo_historical_seed,
2017-06-08,BND,81.97,81.97,81.8132,81.93,62.9799536749,62.9799536749,62.8594796388,62.9492205024,1828154,1828154,0.0,1.0,tiingo_historical_seed,
2017-06-09,BND,81.8,81.91,81.77,81.86,62.8493376919,62.9338539162,62.8262878126,62.8954374506,1404519,1404519,0.0,1.0,tiingo_historical_seed,
2017-06-12,BND,81.79,81.95,81.7707,81.84,62.8416543988,62.9645870887,62.8268256431,62.8800708644,2053929,2053929,0.0,1.0,tiingo_historical_seed,
2017-06-13,BND,81.81,81.89,81.79,81.86,62.857020985,62.91848733,62.8416543988,62.8954374506,1515102,1515102,0.0,1.0,tiingo_historical_seed,
2017-06-14,BND,82.21,82.33,82.08,82.16,63.1643527097,63.2565522271,63.0644698992,63.1259362441,2472954,2472954,0.0,1.0,tiingo_historical_seed,
2017-06-15,BND,82.13,82.13,82.03,82.07,63.1028863647,63.1028863647,63.0260534336,63.056786606,2063366,2063366,0.0,1.0,tiingo_historical_seed,
2017-06-16,BND,82.08,82.17,82.07,82.16,63.0644698992,63.1336195372,63.056786606,63.1259362441,1376407,1376407,0.0,1.0,tiingo_historical_seed,
2017-06-19,BND,82.1,82.14,82.005,82.04,63.0798364854,63.1105696579,63.0068452008,63.0337367267,1776848,1776848,0.0,1.0,tiingo_historical_seed,
2017-06-20,BND,82.11,82.21,82.08,82.16,63.0875197785,63.1643527097,63.0644698992,63.1259362441,1864185,1864185,0.0,1.0,tiingo_historical_seed,
2017-06-21,BND,82.15,82.2299,82.1,82.2,63.118252951,63.179642463,63.0798364854,63.1566694166,1249605,1249605,0.0,1.0,tiingo_historical_seed,
2017-06-22,BND,82.24,82.27,82.16,82.23,63.187402589,63.2104524684,63.1259362441,63.1797192959,1195139,1195139,0.0,1.0,tiingo_historical_seed,
2017-06-23,BND,82.23,82.28,82.19,82.25,63.1797192959,63.2181357615,63.1489861234,63.1950858821,1356064,1356064,0.0,1.0,tiingo_historical_seed,
2017-06-26,BND,82.35,82.39,82.31,82.34,63.2719188133,63.3026519858,63.2411856408,63.2642355202,4665527,4665527,0.0,1.0,tiingo_historical_seed,
2017-06-27,BND,82.19,82.19,82.04,82.06,63.1489861234,63.1489861234,63.0337367267,63.0491033129,2374151,2374151,0.0,1.0,tiingo_historical_seed,
2017-06-28,BND,82.08,82.1,81.95,82.06,63.0644698992,63.0798364854,62.9645870887,63.0491033129,1604350,1604350,0.0,1.0,tiingo_historical_seed,
2017-06-29,BND,81.84,81.97,81.785,81.89,62.8800708644,62.9799536749,62.8378127522,62.91848733,1548282,1548282,0.0,1.0,tiingo_historical_seed,
2017-06-30,BND,81.87,81.8999,81.76,81.83,62.9031207437,62.9260937901,62.8186045194,62.8723875713,1978238,1978238,0.0,1.0,tiingo_historical_seed,
2017-07-03,BND,81.66,81.67,81.4302,81.5,62.8723922583,62.8800915471,62.695462602,62.7492036377,1092526,1092526,0.169673,1.0,tiingo_historical_seed,
2017-07-05,BND,81.49,81.579,81.45,81.55,62.7415043489,62.8100280192,62.7107071938,62.7877000817,1917073,1917073,0.0,1.0,tiingo_historical_seed,
2017-07-06,BND,81.41,81.43,81.3,81.36,62.6799100386,62.6953086162,62.5952178619,62.6414135947,1827517,1827517,0.0,1.0,tiingo_historical_seed,
2017-07-07,BND,81.36,81.39,81.31,81.34,62.6414135947,62.664511461,62.6029171507,62.6260150171,2441603,2441603,0.0,1.0,tiingo_historical_seed,
2017-07-10,BND,81.41,81.45,81.36,81.38,62.6799100386,62.7107071938,62.6414135947,62.6568121722,2228835,2228835,0.0,1.0,tiingo_historical_seed,
2017-07-11,BND,81.42,81.5,81.37,81.46,62.6876093274,62.7492036377,62.6491128834,62.7184064826,1931602,1931602,0.0,1.0,tiingo_historical_seed,
2017-07-12,BND,81.7,81.72,81.61,81.65,62.9031894135,62.9185879911,62.8338958144,62.8646929696,1378836,1378836,0.0,1.0,tiingo_historical_seed,
2017-07-13,BND,81.64,81.6523,81.5,81.62,62.8569936808,62.866463806,62.7492036377,62.8415951032,1321390,1321390,0.0,1.0,tiingo_historical_seed,
2017-07-14,BND,81.78,81.85,81.6342,81.65,62.9647837238,63.0186787454,62.8525280933,62.8646929696,1201743,1201743,0.0,1.0,tiingo_historical_seed,
2017-07-17,BND,81.72,81.79,81.66,81.76,62.9185879911,62.9724830126,62.8723922583,62.9493851462,1432649,1432649,0.0,1.0,tiingo_historical_seed,
2017-07-18,BND,81.9,81.97,81.87,81.95,63.0571751893,63.1110702108,63.0340773229,63.0956716333,1607334,1607334,0.0,1.0,tiingo_historical_seed,
2017-07-19,BND,81.97,82.0,81.93,81.96,63.1110702108,63.1341680772,63.0802730557,63.103370922,1589091,1589091,0.0,1.0,tiingo_historical_seed,
2017-07-20,BND,82.02,82.09,81.97,82.01,63.1495666548,63.2034616763,63.1110702108,63.141867366,1646777,1646777,0.0,1.0,tiingo_historical_seed,
2017-07-21,BND,82.06,82.16,82.06,82.1,63.1803638099,63.2573566978,63.1803638099,63.2111609651,1942197,1942197,0.0,1.0,tiingo_historical_seed,
2017-07-24,BND,82.09,82.1,82.0,82.06,63.2034616763,63.2111609651,63.1341680772,63.1803638099,1417375,1417375,0.0,1.0,tiingo_historical_seed,
2017-07-25,BND,81.9,81.91,81.74,81.75,63.0571751893,63.0648744781,62.9339865687,62.9416858575,1385039,1385039,0.0,1.0,tiingo_historical_seed,
2017-07-26,BND,81.76,82.0,81.73,81.95,62.9493851462,63.1341680772,62.9262872799,63.0956716333,1583058,1583058,0.0,1.0,tiingo_historical_seed,
2017-07-27,BND,81.85,81.9,81.79,81.85,63.0186787454,63.0571751893,62.9724830126,63.0186787454,1223971,1223971,0.0,1.0,tiingo_historical_seed,
2017-07-28,BND,81.84,82.0,81.84,82.0,63.0109794566,63.1341680772,63.0109794566,63.1341680772,1867324,1867324,0.0,1.0,tiingo_historical_seed,
2017-07-31,BND,81.96,82.0,81.91,81.99,63.103370922,63.1341680772,63.0648744781,63.1264687884,2561996,2561996,0.0,1.0,tiingo_historical_seed,
2017-08-01,BND,81.76,81.99,81.745,81.98,63.0807434204,63.2581965881,63.0691703878,63.250481233,1783649,1783649,0.17107,1.0,tiingo_historical_seed,
2017-08-02,BND,81.97,82.03,81.93,81.93,63.2427658778,63.2890580085,63.2119044574,63.2119044574,1336634,1336634,0.0,1.0,tiingo_historical_seed,
2017-08-03,BND,82.04,82.16,82.0,82.1,63.2967733636,63.389357625,63.2659119432,63.3430654943,1904856,1904856,0.0,1.0,tiingo_historical_seed,
2017-08-04,BND,82.01,82.01,81.8549,81.97,63.2736272983,63.2736272983,63.1539621405,63.2427658778,1046704,1046704,0.0,1.0,tiingo_historical_seed,
2017-08-07,BND,81.96,82.0068,81.91,82.0,63.2350505227,63.2711583847,63.1964737471,63.2659119432,1257949,1257949,0.0,1.0,tiingo_historical_seed,
2017-08-08,BND,81.99,81.99,81.84,81.89,63.2581965881,63.2581965881,63.1424662613,63.1810430369,1929033,1929033,0.0,1.0,tiingo_historical_seed,
2017-08-09,BND,82.09,82.1,81.95,81.95,63.3353501392,63.3430654943,63.2273351676,63.2273351676,1808657,1808657,0.0,1.0,tiingo_historical_seed,
2017-08-10,BND,81.98,82.08,81.94,82.07,63.250481233,63.3276347841,63.2196198125,63.319919429,1376701,1376701,0.0,1.0,tiingo_historical_seed,
2017-08-11,BND,81.97,82.15,81.95,82.14,63.2427658778,63.3816422699,63.2273351676,63.3739269148,1153442,1153442,0.0,1.0,tiingo_historical_seed,
2017-08-14,BND,82.09,82.14,82.03,82.08,63.3353501392,63.3739269148,63.2890580085,63.3276347841,2082036,2082036,0.0,1.0,tiingo_historical_seed,
2017-08-15,BND,81.9,81.99,81.88,81.94,63.188758392,63.2581965881,63.1733276818,63.2196198125,1419669,1419669,0.0,1.0,tiingo_historical_seed,
2017-08-16,BND,81.92,82.13,81.8866,82.06,63.2041891023,63.3662115597,63.1784198162,63.3122040739,1594816,1594816,0.0,1.0,tiingo_historical_seed,
2017-08-17,BND,82.05,82.21,82.01,82.21,63.3044887188,63.4279344006,63.2736272983,63.4279344006,1723582,1723582,0.0,1.0,tiingo_historical_seed,
2017-08-18,BND,82.26,82.3,82.1048,82.17,63.4665111762,63.4973725966,63.3467688648,63.3970729801,1663113,1663113,0.0,1.0,tiingo_historical_seed,
2017-08-21,BND,82.22,82.255,82.17,82.21,63.4356497557,63.4626534986,63.3970729801,63.4279344006,1258387,1258387,0.0,1.0,tiingo_historical_seed,
2017-08-22,BND,82.19,82.2,82.1,82.11,63.4125036904,63.4202190455,63.3430654943,63.3507808494,1157454,1157454,0.0,1.0,tiingo_historical_seed,
2017-08-23,BND,82.23,82.35,82.2,82.35,63.4433651108,63.5359493722,63.4202190455,63.5359493722,1237774,1237774,0.0,1.0,tiingo_historical_seed,
2017-08-24,BND,82.23,82.32,82.21,82.23,63.4433651108,63.5128033069,63.4279344006,63.4433651108,1540247,1540247,0.0,1.0,tiingo_historical_seed,
2017-08-25,BND,82.24,82.35,82.21,82.33,63.4510804659,63.5359493722,63.4279344006,63.520518662,1453084,1453084,0.0,1.0,tiingo_historical_seed,
2017-08-28,BND,82.33,82.39,82.2801,82.37,63.520518662,63.5668107927,63.48201904,63.5513800824,1408741,1408741,0.0,1.0,tiingo_historical_seed,
2017-08-29,BND,82.52,82.58,82.3901,82.46,63.6671104092,63.7134025399,63.5668879462,63.6208182785,2054269,2054269,0.0,1.0,tiingo_historical_seed,
2017-08-30,BND,82.44,82.46,82.39,82.45,63.6053875682,63.6208182785,63.5668107927,63.6131029234,1150673,1150673,0.0,1.0,tiingo_historical_seed,
2017-08-31,BND,82.48,82.56,82.45,82.52,63.6362489887,63.6979718296,63.6131029234,63.6671104092,1696684,1696684,0.0,1.0,tiingo_historical_seed,
2017-09-01,BND,82.31,82.33,82.148,82.21,63.6391268686,63.6545901481,63.5138743045,63.561810471,1471641,1471641,0.173519,1.0,tiingo_historical_seed,
2017-09-05,BND,82.45,82.59,82.38,82.55,63.7473698253,63.8556127819,63.6932483469,63.8246862229,2008432,2008432,0.0,1.0,tiingo_historical_seed,
2017-09-06,BND,82.58,82.62,82.395,82.41,63.8478811422,63.8788077012,63.7048458066,63.7164432662,1586504,1586504,0.0,1.0,tiingo_historical_seed,
2017-09-07,BND,82.53,82.71,82.51,82.67,63.8092229434,63.948392459,63.7937596638,63.9174659,1899138,1899138,0.0,1.0,tiingo_historical_seed,
2017-09-08,BND,82.67,82.67,82.55,82.58,63.9174659,63.9174659,63.8246862229,63.8478811422,2702173,2702173,0.0,1.0,tiingo_historical_seed,
2017-09-11,BND,82.42,82.47,82.3,82.33,63.724174906,63.7628331048,63.6313952289,63.6545901481,1423158,1423158,0.0,1.0,tiingo_historical_seed,
2017-09-12,BND,82.26,82.32,82.15,82.21,63.6004686698,63.6468585084,63.5154206325,63.561810471,1603559,1603559,0.0,1.0,tiingo_historical_seed,
2017-09-13,BND,82.19,82.21,82.1,82.11,63.5463471915,63.561810471,63.4767624337,63.4844940734,1594086,1594086,0.0,1.0,tiingo_historical_seed,
2017-09-14,BND,82.08,82.18,82.08,82.16,63.4612991541,63.5386155517,63.4612991541,63.5231522722,1325174,1325174,0.0,1.0,tiingo_historical_seed,
2017-09-15,BND,82.2,82.25,82.11,82.17,63.5540788313,63.5927370301,63.4844940734,63.530883912,1536015,1536015,0.0,1.0,tiingo_historical_seed,
2017-09-18,BND,82.12,82.14,82.04,82.11,63.4922257132,63.5076889927,63.4303725951,63.4844940734,1756568,1756568,0.0,1.0,tiingo_historical_seed,
2017-09-19,BND,82.11,82.14,82.045,82.05,63.4844940734,63.5076889927,63.434238415,63.4381042349,1219958,1219958,0.0,1.0,tiingo_historical_seed,
2017-09-20,BND,82.13,82.1391,81.89,81.98,63.4999573529,63.5069931451,63.3143979987,63.3839827565,1672452,1672452,0.0,1.0,tiingo_historical_seed,
2017-09-21,BND,82.01,82.0866,81.94,81.96,63.4071776758,63.4664020364,63.3530561975,63.368519477,1168169,1168169,0.0,1.0,tiingo_historical_seed,
2017-09-22,BND,82.11,82.12,82.01,82.04,63.4844940734,63.4922257132,63.4071776758,63.4303725951,1394139,1394139,0.0,1.0,tiingo_historical_seed,
2017-09-25,BND,82.07,82.2281,82.05,82.22,63.4535675144,63.575804739,63.4381042349,63.5695421108,2626512,2626512,0.0,1.0,tiingo_historical_seed,
2017-09-26,BND,82.17,82.18,82.09,82.18,63.530883912,63.5386155517,63.4690307939,63.5386155517,1446459,1446459,0.0,1.0,tiingo_historical_seed,
2017-09-27,BND,81.92,81.98,81.86,81.93,63.337592918,63.3839827565,63.2912030794,63.3453245577,1511907,1511907,0.0,1.0,tiingo_historical_seed,
2017-09-28,BND,81.85,81.95,81.795,81.95,63.2834714396,63.3607878372,63.240947421,63.3607878372,1198603,1198603,0.0,1.0,tiingo_historical_seed,
2017-09-29,BND,81.95,81.97,81.835,81.96,63.3607878372,63.3762511168,63.27187398,63.368519477,3001239,3001239,0.0,1.0,tiingo_historical_seed,
2017-10-02,BND,81.75,81.8,81.69,81.76,63.3361621249,63.3748998387,63.2896768683,63.3439096677,3642588,3642588,0.16817,1.0,tiingo_historical_seed,
2017-10-03,BND,81.72,81.82,81.71,81.8,63.3129194966,63.3903949243,63.3051719538,63.3748998387,2752063,2752063,0.0,1.0,tiingo_historical_seed,
2017-10-04,BND,81.87,81.88,81.74,81.8,63.4291326381,63.4368801809,63.3284145821,63.3748998387,2616740,2616740,0.0,1.0,tiingo_historical_seed,
2017-10-05,BND,81.82,81.82,81.683,81.74,63.3903949243,63.3903949243,63.2842535883,63.3284145821,2859787,2859787,0.0,1.0,tiingo_historical_seed,
2017-10-06,BND,81.59,81.72,81.521,81.65,63.2122014406,63.3129194966,63.1587433955,63.2586866972,1860046,1860046,0.0,1.0,tiingo_historical_seed,
2017-10-09,BND,81.66,81.74,81.65,81.73,63.26643424,63.3284145821,63.2586866972,63.3206670393,987767,987767,0.0,1.0,tiingo_historical_seed,
2017-10-10,BND,81.75,81.89,81.72,81.77,63.3361621249,63.4446277236,63.3129194966,63.3516572104,4719528,4719528,0.0,1.0,tiingo_historical_seed,
2017-10-11,BND,81.78,81.83,81.76,81.81,63.3594047532,63.398142467,63.3439096677,63.3826473815,1249547,1249547,0.0,1.0,tiingo_historical_seed,
2017-10-12,BND,81.86,81.89,81.77,81.88,63.4213850953,63.4446277236,63.3516572104,63.4368801809,1723374,1723374,0.0,1.0,tiingo_historical_seed,
2017-10-13,BND,82.01,82.06,81.93,82.05,63.5375982368,63.5763359507,63.4756178947,63.5685884079,1772779,1772779,0.0,1.0,tiingo_historical_seed,
2017-10-16,BND,82.0,82.02,81.91,81.97,63.5298506941,63.5453457796,63.4601228092,63.5066080658,1471456,1471456,0.0,1.0,tiingo_historical_seed,
2017-10-17,BND,81.9,81.9973,81.89,81.98,63.4523752664,63.5277588575,63.4446277236,63.5143556085,1381405,1381405,0.0,1.0,tiingo_historical_seed,
2017-10-18,BND,81.82,81.86,81.79,81.85,63.3903949243,63.4213850953,63.367152296,63.4136375526,1522919,1522919,0.0,1.0,tiingo_historical_seed,
2017-10-19,BND,81.91,82.0062,81.85,81.89,63.4601228092,63.5346541706,63.4136375526,63.4446277236,1515840,1515840,0.0,1.0,tiingo_historical_seed,
2017-10-20,BND,81.74,81.75,81.64,81.69,63.3284145821,63.3361621249,63.2509391544,63.2896768683,1935818,1935818,0.0,1.0,tiingo_historical_seed,
2017-10-23,BND,81.73,81.815,81.73,81.76,63.3206670393,63.3865211529,63.3206670393,63.3439096677,2649698,2649698,0.0,1.0,tiingo_historical_seed,
2017-10-24,BND,81.63,81.68,81.59,81.62,63.2431916117,63.2819293255,63.2122014406,63.2354440689,2287333,2287333,0.0,1.0,tiingo_historical_seed,
2017-10-25,BND,81.51,81.56,81.46,81.55,63.1502210985,63.1889588123,63.1114833846,63.1812112695,1576748,1576748,0.0,1.0,tiingo_historical_seed,
2017-10-26,BND,81.59,81.6,81.43,81.45,63.2122014406,63.2199489834,63.0882407563,63.1037358419,1915877,1915877,0.0,1.0,tiingo_historical_seed,
2017-10-27,BND,81.52,81.63,81.479,81.63,63.1579686412,63.2431916117,63.1262037159,63.2431916117,1734395,1734395,0.0,1.0,tiingo_historical_seed,
2017-10-30,BND,81.75,81.84,81.71,81.82,63.3361621249,63.4058900098,63.3051719538,63.3903949243,1542578,1542578,0.0,1.0,tiingo_historical_seed,
2017-10-31,BND,81.84,81.85,81.77,81.77,63.4058900098,63.4136375526,63.3516572104,63.3516572104,1977116,1977116,0.0,1.0,tiingo_historical_seed,
2017-11-01,BND,81.59,81.72,81.52,81.65,63.3460255033,63.4469567855,63.2916778898,63.392609172,1595958,1595958,0.172858,1.0,tiingo_historical_seed,
2017-11-02,BND,81.73,81.8,81.69,81.73,63.4547207303,63.5090683438,63.4236649511,63.4547207303,2373161,2373161,0.0,1.0,tiingo_historical_seed,
2017-11-03,BND,81.77,81.8,81.65,81.8,63.4857765094,63.5090683438,63.392609172,63.5090683438,1370466,1370466,0.0,1.0,tiingo_historical_seed,
2017-11-06,BND,81.86,81.89,81.8,81.86,63.5556520125,63.5789438468,63.5090683438,63.5556520125,1336668,1336668,0.0,1.0,tiingo_historical_seed,
2017-11-07,BND,81.81,81.89,81.8,81.89,63.5168322885,63.5789438468,63.5090683438,63.5789438468,2450800,2450800,0.0,1.0,tiingo_historical_seed,
2017-11-08,BND,81.875,81.875,81.81,81.835,63.5672979296,63.5672979296,63.5168322885,63.5362421505,3877,3877,0.0,1.0,tiingo_historical_seed,
2017-11-09,BND,81.75,81.7866,81.671,81.75,63.4702486198,63.4986646577,63.408913456,63.4702486198,2115752,2115752,0.0,1.0,tiingo_historical_seed,
2017-11-10,BND,81.53,81.55,81.42,81.42,63.2994418346,63.3149697241,63.2140384419,63.2140384419,1724449,1724449,0.0,1.0,tiingo_historical_seed,
2017-11-13,BND,81.54,81.55,81.42,81.43,63.3072057793,63.3149697241,63.2140384419,63.2218023867,1698670,1698670,0.0,1.0,tiingo_historical_seed,
2017-11-14,BND,81.47,81.53,81.44,81.53,63.2528581658,63.2994418346,63.2295663315,63.2994418346,1659491,1659491,0.0,1.0,tiingo_historical_seed,
2017-11-15,BND,81.64,81.73,81.55,81.72,63.3848452272,63.4547207303,63.3149697241,63.4469567855,2859359,2859359,0.0,1.0,tiingo_historical_seed,
2017-11-16,BND,81.63,81.69,81.57,81.61,63.3770812824,63.4236649511,63.3304976137,63.3615533928,1637035,1637035,0.0,1.0,tiingo_historical_seed,
2017-11-17,BND,81.69,81.74,81.65,81.69,63.4236649511,63.462484675,63.392609172,63.4236649511,2257723,2257723,0.0,1.0,tiingo_historical_seed,
2017-11-20,BND,81.65,81.6975,81.6,81.64,63.392609172,63.4294879097,63.3537894481,63.3848452272,1528330,1528330,0.0,1.0,tiingo_historical_seed,
2017-11-21,BND,81.73,81.79,81.613,81.71,63.4547207303,63.501304399,63.3638825763,63.4391928407,1925911,1925911,0.0,1.0,tiingo_historical_seed,
2017-11-22,BND,81.73,81.89,81.715,81.88,63.4547207303,63.5789438468,63.4430748131,63.571179902,1631954,1631954,0.0,1.0,tiingo_historical_seed,
2017-11-24,BND,81.84,81.88,81.81,81.86,63.5401241229,63.571179902,63.5168322885,63.5556520125,837041,837041,0.0,1.0,tiingo_historical_seed,
2017-11-27,BND,81.87,81.89,81.785,81.83,63.5634159573,63.5789438468,63.4974224266,63.5323601781,1516967,1516967,0.0,1.0,tiingo_historical_seed,
2017-11-28,BND,81.9,81.95,81.83,81.83,63.5867077916,63.6255275155,63.5323601781,63.5323601781,1846727,1846727,0.0,1.0,tiingo_historical_seed,
2017-11-29,BND,81.65,81.69,81.6,81.63,63.392609172,63.4236649511,63.3537894481,63.3770812824,1837386,1837386,0.0,1.0,tiingo_historical_seed,
2017-11-30,BND,81.66,81.68,81.46,81.51,63.4003731168,63.4159010063,63.2450942211,63.283913945,3044334,3044334,0.0,1.0,tiingo_historical_seed,
2017-12-01,BND,81.5,81.81,81.35,81.56,63.4068250253,63.6480043598,63.2901253474,63.4535048965,2384820,2384820,0.168434,1.0,tiingo_historical_seed,
2017-12-04,BND,81.51,81.58,81.46,81.57,63.4146050039,63.4690648536,63.3757051112,63.461284875,1834040,1834040,0.0,1.0,tiingo_historical_seed,
2017-12-05,BND,81.55,81.68,81.5103,81.67,63.445724918,63.5468646389,63.4148384032,63.5390846603,1763950,1763950,0.0,1.0,tiingo_historical_seed,
2017-12-06,BND,81.81,81.85,81.74,81.76,63.6480043598,63.6791242739,63.5935445101,63.6091044671,1509267,1509267,0.0,1.0,tiingo_historical_seed,
2017-12-07,BND,81.76,81.8,81.57,81.65,63.6091044671,63.6402243812,63.461284875,63.5235247033,1640998,1640998,0.0,1.0,tiingo_historical_seed,
2017-12-08,BND,81.61,81.68,81.57,81.62,63.4924047892,63.5468646389,63.461284875,63.5001847677,1368343,1368343,0.0,1.0,tiingo_historical_seed,
2017-12-11,BND,81.66,81.7,81.54,81.56,63.5313046818,63.5624245959,63.4379449394,63.4535048965,1781132,1781132,0.0,1.0,tiingo_historical_seed,
2017-12-12,BND,81.54,81.55,81.46,81.55,63.4379449394,63.445724918,63.3757051112,63.445724918,2962750,2962750,0.0,1.0,tiingo_historical_seed,
2017-12-13,BND,81.62,81.85,81.56,81.78,63.5001847677,63.6791242739,63.4535048965,63.6246644242,2095382,2095382,0.0,1.0,tiingo_historical_seed,
2017-12-14,BND,81.67,81.82,81.62,81.81,63.5390846603,63.6557843383,63.5001847677,63.6480043598,1998817,1998817,0.0,1.0,tiingo_historical_seed,
2017-12-15,BND,81.76,81.83,81.67,81.82,63.6091044671,63.6635643168,63.5390846603,63.6557843383,2781808,2781808,0.0,1.0,tiingo_historical_seed,
2017-12-18,BND,81.79,81.79,81.65,81.69,63.6324444027,63.6324444027,63.5235247033,63.5546446174,1946947,1946947,0.0,1.0,tiingo_historical_seed,
2017-12-19,BND,81.57,81.57,81.36,81.44,63.461284875,63.461284875,63.2979053259,63.3601451541,3307727,3307727,0.0,1.0,tiingo_historical_seed,
2017-12-20,BND,81.28,81.37,81.25,81.28,63.2356654976,63.3056853044,63.2123255621,63.2356654976,2325475,2325475,0.0,1.0,tiingo_historical_seed,
2017-12-21,BND,81.31,81.38,81.27,81.33,63.2590054332,63.313465283,63.2278855191,63.2745653903,3103438,3103438,0.0,1.0,tiingo_historical_seed,
2017-12-22,BND,81.34,81.4,81.32,81.37,63.2823453688,63.32902524,63.2667854118,63.3056853044,2566698,2566698,0.0,1.0,tiingo_historical_seed,
2017-12-26,BND,81.23,81.28,81.17,81.24,63.361074084,63.4000751144,63.3142728474,63.3688742901,1696414,1696414,0.21122,1.0,tiingo_historical_seed,
2017-12-27,BND,81.33,81.52,81.24,81.49,63.4390761449,63.5872800606,63.3688742901,63.5638794423,1707993,1707993,0.0,1.0,tiingo_historical_seed,
2017-12-28,BND,81.46,81.47,81.38,81.44,63.5404788241,63.5482790302,63.4780771753,63.5248784119,2234994,2234994,0.0,1.0,tiingo_historical_seed,
2017-12-29,BND,81.5,81.57,81.46,81.57,63.5716796484,63.6262810911,63.5404788241,63.6262810911,2531675,2531675,0.0,1.0,tiingo_historical_seed,
2018-01-02,BND,81.45,81.5,81.22,81.34,63.532678618,63.5716796484,63.3532738779,63.446876351,3104529,3104529,0.0,1.0,tiingo_historical_seed,
2018-01-03,BND,81.43,81.43,81.29,81.41,63.5170782058,63.5170782058,63.4078753205,63.5014777936,2216727,2216727,0.0,1.0,tiingo_historical_seed,
2018-01-04,BND,81.33,81.37,81.25,81.37,63.4390761449,63.4702769692,63.3766744961,63.4702769692,2152595,2152595,0.0,1.0,tiingo_historical_seed,
2018-01-05,BND,81.35,81.36,81.2,81.26,63.4546765571,63.4624767632,63.3376734657,63.3844747022,4257400,4257400,0.0,1.0,tiingo_historical_seed,
2018-01-08,BND,81.33,81.33,81.21,81.27,63.4390761449,63.4390761449,63.3454736718,63.3922749083,2587313,2587313,0.0,1.0,tiingo_historical_seed,
2018-01-09,BND,81.19,81.23,81.01,81.03,63.3298732596,63.361074084,63.1894695499,63.2050699621,2725305,2725305,0.0,1.0,tiingo_historical_seed,
2018-01-10,BND,80.88,81.05,80.82,81.04,63.0880668707,63.2206703743,63.0412656342,63.2128701682,3411439,3411439,0.0,1.0,tiingo_historical_seed,
2018-01-11,BND,81.01,81.12,80.96,81.04,63.1894695499,63.2752718169,63.1504685195,63.2128701682,3381601,3381601,0.0,1.0,tiingo_historical_seed,
2018-01-12,BND,81.0,81.12,80.94,81.03,63.1816693438,63.2752718169,63.1348681073,63.2050699621,2829146,2829146,0.0,1.0,tiingo_historical_seed,
2018-01-16,BND,81.15,81.19,81.03,81.09,63.2986724352,63.3298732596,63.2050699621,63.2518711987,4300563,4300563,0.0,1.0,tiingo_historical_seed,
2018-01-17,BND,81.04,81.12,80.98,81.0,63.2128701682,63.2752718169,63.1660689317,63.1816693438,3674570,3674570,0.0,1.0,tiingo_historical_seed,
2018-01-18,BND,80.82,80.9,80.8,80.84,63.0412656342,63.1036672829,63.025665222,63.0568660464,2528390,2528390,0.0,1.0,tiingo_historical_seed,
2018-01-19,BND,80.77,80.8,80.65,80.67,63.0022646037,63.025665222,62.9086621306,62.9242625428,2148458,2148458,0.0,1.0,tiingo_historical_seed,
2018-01-22,BND,80.73,80.76,80.61,80.61,62.9710637794,62.9944643976,62.8774613063,62.8774613063,5473266,5473266,0.0,1.0,tiingo_historical_seed,
2018-01-23,BND,80.78,80.86,80.72,80.82,63.0100648098,63.0724664586,62.9632635733,63.0412656342,2442991,2442991,0.0,1.0,tiingo_historical_seed,
2018-01-24,BND,80.72,80.75,80.63,80.73,62.9632635733,62.9866641916,62.8930617184,62.9710637794,1709710,1709710,0.0,1.0,tiingo_historical_seed,
2018-01-25,BND,80.73,80.96,80.66,80.95,62.9710637794,63.1504685195,62.9164623367,63.1426683134,2537690,2537690,0.0,1.0,tiingo_historical_seed,
2018-01-26,BND,80.86,80.87,80.72,80.8,63.0724664586,63.0802666647,62.9632635733,63.025665222,1590245,1590245,0.0,1.0,tiingo_historical_seed,
2018-01-29,BND,80.66,80.73,80.54,80.69,62.9164623367,62.9710637794,62.8228598636,62.939862955,2219922,2219922,0.0,1.0,tiingo_historical_seed,
2018-01-30,BND,80.57,80.62,80.49,80.54,62.8462604819,62.8852615124,62.7838588332,62.8228598636,2735093,2735093,0.0,1.0,tiingo_historical_seed,
2018-01-31,BND,80.71,80.71,80.43,80.56,62.9554633672,62.9554633672,62.7370575966,62.8384602758,3082639,3082639,0.0,1.0,tiingo_historical_seed,
2018-02-01,BND,80.37,80.41,80.14,80.16,62.8283876455,62.8596572175,62.6485876062,62.6642223922,2814549,2814549,0.176624,1.0,tiingo_historical_seed,
2018-02-02,BND,80.04,80.11,79.87,79.92,62.5704136761,62.6251354271,62.4375179948,62.4766049599,3137587,3137587,0.0,1.0,tiingo_historical_seed,
2018-02-05,BND,79.87,80.43,79.8,80.27,62.4375179948,62.8752920036,62.3827962437,62.7502137154,4349155,4349155,0.0,1.0,tiingo_historical_seed,
2018-02-06,BND,80.23,80.25,80.01,80.01,62.7189441433,62.7345789293,62.546961497,62.546961497,3891515,3891515,0.0,1.0,tiingo_historical_seed,
2018-02-07,BND,80.11,80.11,79.8,79.83,62.6251354271,62.6251354271,62.3827962437,62.4062484228,3797163,3797163,0.0,1.0,tiingo_historical_seed,
2018-02-08,BND,79.7,79.88,79.62,79.77,62.3046223136,62.4453353878,62.2420831695,62.3593440647,4639866,4639866,0.0,1.0,tiingo_historical_seed,
2018-02-09,BND,79.61,79.82,79.55,79.57,62.2342657765,62.3984310298,62.1873614184,62.2029962044,3725458,3725458,0.0,1.0,tiingo_historical_seed,
2018-02-12,BND,79.68,79.74,79.55,79.59,62.2889875276,62.3358918857,62.1873614184,62.2186309905,5336391,5336391,0.0,1.0,tiingo_historical_seed,
2018-02-13,BND,79.62,79.68,79.53,79.66,62.2420831695,62.2889875276,62.1717266324,62.2733527416,2669389,2669389,0.0,1.0,tiingo_historical_seed,
2018-02-14,BND,79.5,79.54,79.35,79.4,62.1482744534,62.1795440254,62.0310135582,62.0701005232,3509735,3509735,0.0,1.0,tiingo_historical_seed,
2018-02-15,BND,79.47,79.6,79.45,79.48,62.1248222743,62.2264483835,62.1091874883,62.1326396673,1981283,1981283,0.0,1.0,tiingo_historical_seed,
2018-02-16,BND,79.68,79.72,79.59,79.65,62.2889875276,62.3202570996,62.2186309905,62.2655353485,1957785,1957785,0.0,1.0,tiingo_historical_seed,
2018-02-20,BND,79.59,79.59,79.44,79.57,62.2186309905,62.2186309905,62.1013700953,62.2029962044,2294313,2294313,0.0,1.0,tiingo_historical_seed,
2018-02-21,BND,79.56,79.59,79.23,79.27,62.1951788114,62.2186309905,61.937204842,61.9684744141,2330183,2330183,0.0,1.0,tiingo_historical_seed,
2018-02-22,BND,79.36,79.46,79.33,79.37,62.0388309512,62.1170048813,62.0153787721,62.0466483442,2155963,2155963,0.0,1.0,tiingo_historical_seed,
2018-02-23,BND,79.49,79.62,79.48,79.58,62.1404570603,62.2420831695,62.1326396673,62.2108135975,1660633,1660633,0.0,1.0,tiingo_historical_seed,
2018-02-26,BND,79.7,79.77,79.61,79.62,62.3046223136,62.3593440647,62.2342657765,62.2420831695,2715305,2715305,0.0,1.0,tiingo_historical_seed,
2018-02-27,BND,79.63,79.66,79.34,79.45,62.2499005625,62.2733527416,62.0231961651,62.1091874883,3007185,3007185,0.0,1.0,tiingo_historical_seed,
2018-02-28,BND,79.47,79.56,79.46,79.55,62.1248222743,62.1951788114,62.1170048813,62.1873614184,1947737,1947737,0.0,1.0,tiingo_historical_seed,
2018-03-01,BND,79.42,79.59,79.33,79.52,62.2148294479,62.3480014575,62.1443266193,62.2931659242,2877361,2877361,0.165345,1.0,tiingo_historical_seed,
2018-03-02,BND,79.38,79.45,79.28,79.37,62.1834948574,62.2383303908,62.1051583811,62.1756612098,4447973,4447973,0.0,1.0,tiingo_historical_seed,
2018-03-05,BND,79.46,79.5,79.26,79.32,62.2461640384,62.2774986289,62.0894910859,62.1364929716,2229100,2229100,0.0,1.0,tiingo_historical_seed,
2018-03-06,BND,79.38,79.47,79.34,79.35,62.1834948574,62.253997686,62.1521602669,62.1599939145,1905020,1905020,0.0,1.0,tiingo_historical_seed,
2018-03-07,BND,79.44,79.5,79.3,79.33,62.2304967431,62.2774986289,62.1208256764,62.1443266193,2167704,2167704,0.0,1.0,tiingo_historical_seed,
2018-03-08,BND,79.36,79.49,79.36,79.42,62.1678275621,62.2696649813,62.1678275621,62.2148294479,1479726,1479726,0.0,1.0,tiingo_historical_seed,
2018-03-09,BND,79.28,79.36,79.23,79.32,62.1051583811,62.1678275621,62.065990143,62.1364929716,2290763,2290763,0.0,1.0,tiingo_historical_seed,
2018-03-12,BND,79.33,79.41,79.3,79.4,62.1443266193,62.2069958003,62.1208256764,62.1991621526,2253861,2253861,0.0,1.0,tiingo_historical_seed,
2018-03-13,BND,79.44,79.48,79.37,79.42,62.2304967431,62.2618313336,62.1756612098,62.2148294479,2471749,2471749,0.0,1.0,tiingo_historical_seed,
2018-03-14,BND,79.4,79.65,79.4,79.59,62.1991621526,62.3950033433,62.1991621526,62.3480014575,1733770,1733770,0.0,1.0,tiingo_historical_seed,
2018-03-15,BND,79.54,79.63,79.5,79.6,62.3088332194,62.379336048,62.2774986289,62.3558351052,1590078,1590078,0.0,1.0,tiingo_historical_seed,
2018-03-16,BND,79.51,79.56,79.47,79.53,62.2853322765,62.3245005147,62.253997686,62.3009995718,1492032,1492032,0.0,1.0,tiingo_historical_seed,
2018-03-19,BND,79.45,79.56,79.42,79.47,62.2383303908,62.3245005147,62.2148294479,62.253997686,1328246,1328246,0.0,1.0,tiingo_historical_seed,
2018-03-20,BND,79.35,79.4,79.32,79.37,62.1599939145,62.1991621526,62.1364929716,62.1756612098,2234641,2234641,0.0,1.0,tiingo_historical_seed,
2018-03-21,BND,79.29,79.42,79.14,79.37,62.1129920287,62.2148294479,61.9954873144,62.1756612098,1760331,1760331,0.0,1.0,tiingo_historical_seed,
2018-03-22,BND,79.54,79.65,79.43,79.5,62.3088332194,62.3950033433,62.2226630955,62.2774986289,2871706,2871706,0.0,1.0,tiingo_historical_seed,
2018-03-23,BND,79.5,79.55,79.43,79.52,62.2774986289,62.316666867,62.2226630955,62.2931659242,2114467,2114467,0.0,1.0,tiingo_historical_seed,
2018-03-26,BND,79.5,79.57,79.45,79.47,62.2774986289,62.3323341623,62.2383303908,62.253997686,2303896,2303896,0.0,1.0,tiingo_historical_seed,
2018-03-27,BND,79.51,79.78,79.51,79.74,62.2853322765,62.4968407624,62.2853322765,62.4655061719,1693525,1693525,0.0,1.0,tiingo_historical_seed,
2018-03-28,BND,79.83,79.87,79.69,79.73,62.5360090006,62.5673435911,62.4263379338,62.4576725243,3251781,3251781,0.0,1.0,tiingo_historical_seed,
2018-03-29,BND,79.76,79.95,79.76,79.93,62.4811734672,62.6300127721,62.4811734672,62.6143454768,2538424,2538424,0.0,1.0,tiingo_historical_seed,
2018-04-02,BND,79.63,79.78,79.59,79.72,62.5359674935,62.6537672565,62.5045542234,62.6066473513,2336684,2336684,0.200173,1.0,tiingo_historical_seed,
2018-04-03,BND,79.68,79.69,79.55,79.63,62.5752340812,62.5830873987,62.4731409533,62.5359674935,2580812,2580812,0.0,1.0,tiingo_historical_seed,
2018-04-04,BND,79.7,79.7,79.58,79.63,62.5909407162,62.5909407162,62.4967009059,62.5359674935,2226297,2226297,0.0,1.0,tiingo_historical_seed,
2018-04-05,BND,79.56,79.56,79.46,79.52,62.4809942708,62.4809942708,62.4024610955,62.4495810007,1978311,1978311,0.0,1.0,tiingo_historical_seed,
2018-04-06,BND,79.68,79.74,79.6,79.72,62.5752340812,62.6223539864,62.5124075409,62.6066473513,2155894,2155894,0.0,1.0,tiingo_historical_seed,
2018-04-09,BND,79.66,79.8,79.59,79.8,62.5595274461,62.6694738915,62.5045542234,62.6694738915,2052058,2052058,0.0,1.0,tiingo_historical_seed,
2018-04-10,BND,79.7,79.76,79.63,79.66,62.5909407162,62.6380606214,62.5359674935,62.5595274461,1854638,1854638,0.0,1.0,tiingo_historical_seed,
2018-04-11,BND,79.75,79.8,79.67,79.72,62.6302073039,62.6694738915,62.5673807637,62.6066473513,1645295,1645295,0.0,1.0,tiingo_historical_seed,
2018-04-12,BND,79.66,79.7,79.55,79.57,62.5595274461,62.5909407162,62.4731409533,62.4888475884,1397712,1397712,0.0,1.0,tiingo_historical_seed,
2018-04-13,BND,79.54,79.64,79.52,79.63,62.4652876358,62.5438208111,62.4495810007,62.5359674935,1461821,1461821,0.0,1.0,tiingo_historical_seed,
2018-04-16,BND,79.5,79.64,79.5,79.64,62.4338743656,62.5438208111,62.4338743656,62.5438208111,1939719,1939719,0.0,1.0,tiingo_historical_seed,
2018-04-17,BND,79.64,79.68,79.59,79.67,62.5438208111,62.5752340812,62.5045542234,62.5673807637,1588568,1588568,0.0,1.0,tiingo_historical_seed,
2018-04-18,BND,79.61,79.61,79.38,79.41,62.5202608585,62.5202608585,62.3396345553,62.3631945079,1721265,1721265,0.0,1.0,tiingo_historical_seed,
2018-04-19,BND,79.3,79.3,79.16,79.22,62.276808015,62.276808015,62.1668615696,62.2139814748,1602288,1602288,0.0,1.0,tiingo_historical_seed,
2018-04-20,BND,79.2,79.2,79.02,79.02,62.1982748397,62.1982748397,62.0569151242,62.0569151242,1576597,1576597,0.0,1.0,tiingo_historical_seed,
2018-04-23,BND,78.99,79.02,78.93,78.98,62.0333551716,62.0569151242,61.9862352664,62.0255018541,2263286,2263286,0.0,1.0,tiingo_historical_seed,
2018-04-24,BND,78.92,78.94,78.82,78.84,61.9783819489,61.9940885839,61.8998487736,61.9155554086,2663992,2663992,0.0,1.0,tiingo_historical_seed,
2018-04-25,BND,78.76,78.8,78.69,78.73,61.8527288684,61.8841421385,61.7977556457,61.8291689158,2201317,2201317,0.0,1.0,tiingo_historical_seed,
2018-04-26,BND,78.85,78.93,78.84,78.89,61.9234087262,61.9862352664,61.9155554086,61.9548219963,3297218,3297218,0.0,1.0,tiingo_historical_seed,
2018-04-27,BND,78.94,79.04,78.94,79.01,61.9940885839,62.0726217592,61.9940885839,62.0490618067,1407286,1407286,0.0,1.0,tiingo_historical_seed,
2018-04-30,BND,79.03,79.1,79.01,79.05,62.0647684417,62.1197416644,62.0490618067,62.0804750768,1602886,1602886,0.0,1.0,tiingo_historical_seed,
2018-05-01,BND,78.86,78.87,78.73,78.75,62.071529471,62.0794005754,61.9692051135,61.9849473223,1410698,1410698,0.17836,1.0,tiingo_historical_seed,
2018-05-02,BND,78.82,78.86,78.73,78.76,62.0400450533,62.071529471,61.9692051135,61.9928184268,1434113,1434113,0.0,1.0,tiingo_historical_seed,
2018-05-03,BND,78.9,78.95,78.82,78.83,62.1030138887,62.1423694108,62.0400450533,62.0479161577,1477760,1477760,0.0,1.0,tiingo_historical_seed,
2018-05-04,BND,78.92,78.95,78.78,78.88,62.1187560975,62.1423694108,62.0085606356,62.0872716798,1342412,1342412,0.0,1.0,tiingo_historical_seed,
2018-05-07,BND,78.89,78.9,78.81,78.84,62.0951427842,62.1030138887,62.0321739489,62.0557872621,1634374,1634374,0.0,1.0,tiingo_historical_seed,
2018-05-08,BND,78.76,78.83,78.7,78.78,61.9928184268,62.0479161577,61.9455918002,62.0085606356,1381024,1381024,0.0,1.0,tiingo_historical_seed,
2018-05-09,BND,78.68,78.75,78.65,78.69,61.9298495914,61.9849473223,61.9062362781,61.9377206958,2260862,2260862,0.0,1.0,tiingo_historical_seed,
2018-05-10,BND,78.84,78.88,78.78,78.85,62.0557872621,62.0872716798,62.0085606356,62.0636583666,1695527,1695527,0.0,1.0,tiingo_historical_seed,
2018-05-11,BND,78.93,78.94,78.83,78.93,62.1266272019,62.1344983064,62.0479161577,62.1266272019,1458094,1458094,0.0,1.0,tiingo_historical_seed,
2018-05-14,BND,78.85,78.89,78.82,78.83,62.0636583666,62.0951427842,62.0400450533,62.0479161577,1519770,1519770,0.0,1.0,tiingo_historical_seed,
2018-05-15,BND,78.61,78.61,78.37,78.46,61.8747518604,61.8747518604,61.6858453543,61.7566852941,1602766,1602766,0.0,1.0,tiingo_historical_seed,
2018-05-16,BND,78.49,78.53,78.39,78.4,61.7802986074,61.8117830251,61.7015875632,61.7094586676,2201307,2201307,0.0,1.0,tiingo_historical_seed,
2018-05-17,BND,78.4,78.42,78.3,78.33,61.7094586676,61.7252008764,61.6307476234,61.6543609366,2036024,2036024,0.0,1.0,tiingo_historical_seed,
2018-05-18,BND,78.42,78.54,78.42,78.54,61.7252008764,61.8196541295,61.7252008764,61.8196541295,1539655,1539655,0.0,1.0,tiingo_historical_seed,
2018-05-21,BND,78.48,78.56,78.45,78.54,61.7724275029,61.8353963383,61.7488141897,61.8196541295,1254878,1254878,0.0,1.0,tiingo_historical_seed,
2018-05-22,BND,78.58,78.6,78.5,78.56,61.8511385472,61.866880756,61.7881697118,61.8353963383,2225805,2225805,0.0,1.0,tiingo_historical_seed,
2018-05-23,BND,78.67,78.81,78.66,78.8,61.921978487,62.0321739489,61.9141073825,62.0243028444,1177207,1177207,0.0,1.0,tiingo_historical_seed,
2018-05-24,BND,78.89,79.02,78.89,78.96,62.0951427842,62.1974671417,62.0951427842,62.1502405152,1209407,1209407,0.0,1.0,tiingo_historical_seed,
2018-05-25,BND,79.06,79.15,79.05,79.13,62.2289515594,62.2997914992,62.221080455,62.2840492904,1039564,1039564,0.0,1.0,tiingo_historical_seed,
2018-05-29,BND,79.28,79.78,79.26,79.68,62.4021158567,62.7956710778,62.3863736479,62.7169600336,2414375,2414375,0.0,1.0,tiingo_historical_seed,
2018-05-30,BND,79.39,79.55,79.3236,79.44,62.4886980053,62.6146356761,62.436433872,62.5280535274,3549726,3549726,0.0,1.0,tiingo_historical_seed,
2018-05-31,BND,79.42,79.53,79.32,79.41,62.5123113186,62.5988934672,62.4336002744,62.5044402142,4272055,4272055,0.0,1.0,tiingo_historical_seed,
2018-06-01,BND,79.03,79.13,78.95,79.09,62.3505443347,62.4294391144,62.2874285111,62.3978812025,3442542,3442542,0.18462,1.0,tiingo_historical_seed,
2018-06-04,BND,79.06,79.06,78.91,78.92,62.3742127686,62.3742127686,62.2558705992,62.2637600772,2272122,2272122,0.0,1.0,tiingo_historical_seed,
2018-06-05,BND,79.0,79.05,78.92,78.99,62.3268759009,62.3663232907,62.2637600772,62.3189864229,2760513,2760513,0.0,1.0,tiingo_historical_seed,
2018-06-06,BND,78.85,78.85,78.69,78.77,62.2085337314,62.2085337314,62.082302084,62.1454179077,2624583,2624583,0.0,1.0,tiingo_historical_seed,
2018-06-07,BND,78.75,79.11,78.74,78.97,62.1296389518,62.4136601584,62.1217494738,62.303207467,3290656,3290656,0.0,1.0,tiingo_historical_seed,
2018-06-08,BND,78.91,78.95,78.85,78.87,62.2558705992,62.2874285111,62.2085337314,62.2243126874,1977036,1977036,0.0,1.0,tiingo_historical_seed,
2018-06-11,BND,78.78,78.83,78.74,78.8,62.1533073857,62.1927547755,62.1217494738,62.1690863416,1725239,1725239,0.0,1.0,tiingo_historical_seed,
2018-06-12,BND,78.71,78.82,78.71,78.79,62.09808104,62.1848652975,62.09808104,62.1611968637,1850449,1850449,0.0,1.0,tiingo_historical_seed,
2018-06-13,BND,78.79,78.86,78.58,78.74,62.1611968637,62.2164232094,61.9955178265,62.1217494738,1542739,1542739,0.0,1.0,tiingo_historical_seed,
2018-06-14,BND,78.88,78.92,78.82,78.91,62.2322021653,62.2637600772,62.1848652975,62.2558705992,3920148,3920148,0.0,1.0,tiingo_historical_seed,
2018-06-15,BND,79.05,79.1,78.92,78.92,62.3663232907,62.4057706805,62.2637600772,62.2637600772,1827815,1827815,0.0,1.0,tiingo_historical_seed,
2018-06-18,BND,78.96,78.96,78.86,78.92,62.295317989,62.295317989,62.2164232094,62.2637600772,3510534,3510534,0.0,1.0,tiingo_historical_seed,
2018-06-19,BND,79.04,79.1,79.01,79.05,62.3584338127,62.4057706805,62.3347653788,62.3663232907,2767206,2767206,0.0,1.0,tiingo_historical_seed,
2018-06-20,BND,79.05,79.05,78.86,78.87,62.3663232907,62.3663232907,62.2164232094,62.2243126874,2102277,2102277,0.0,1.0,tiingo_historical_seed,
2018-06-21,BND,78.93,79.0,78.88,78.91,62.2716495551,62.3268759009,62.2322021653,62.2558705992,2695382,2695382,0.0,1.0,tiingo_historical_seed,
2018-06-22,BND,78.92,78.98,78.89,78.96,62.2637600772,62.3110969449,62.2400916433,62.295317989,1509901,1509901,0.0,1.0,tiingo_historical_seed,
2018-06-25,BND,79.0,79.06,78.94,78.95,62.3268759009,62.3742127686,62.2795390331,62.2874285111,4554809,4554809,0.0,1.0,tiingo_historical_seed,
2018-06-26,BND,79.0,79.08,78.99,79.08,62.3268759009,62.3899917246,62.3189864229,62.3899917246,1670777,1670777,0.0,1.0,tiingo_historical_seed,
2018-06-27,BND,79.18,79.29,79.18,79.27,62.4688865042,62.5556707618,62.4688865042,62.5398918058,1762734,1762734,0.0,1.0,tiingo_historical_seed,
2018-06-28,BND,79.24,79.27,79.18,79.21,62.516223372,62.5398918058,62.4688865042,62.4925549381,1266603,1266603,0.0,1.0,tiingo_historical_seed,
2018-06-29,BND,79.24,79.3,79.18,79.19,62.516223372,62.5635602397,62.4688865042,62.4767759821,1419018,1419018,0.0,1.0,tiingo_historical_seed,
2018-07-02,BND,79.03,79.07,78.92,78.96,62.4934783777,62.5251086337,62.4064951736,62.4381254296,1800692,1800692,0.18101,1.0,tiingo_historical_seed,
2018-07-03,BND,78.96,79.13,78.96,79.12,62.4381254296,62.5725540178,62.4381254296,62.5646464538,1121874,1121874,0.0,1.0,tiingo_historical_seed,
2018-07-05,BND,79.13,79.24,79.1,79.23,62.5725540178,62.6595372219,62.5488313258,62.6516296579,1991886,1991886,0.0,1.0,tiingo_historical_seed,
2018-07-06,BND,79.32,79.34,79.25,79.32,62.722797734,62.738612862,62.6674447859,62.722797734,1331845,1331845,0.0,1.0,tiingo_historical_seed,
2018-07-09,BND,79.22,79.27,79.2,79.25,62.6437220939,62.6832599139,62.6279069659,62.6674447859,1556599,1556599,0.0,1.0,tiingo_historical_seed,
2018-07-10,BND,79.19,79.25,79.16,79.2,62.6199994019,62.6674447859,62.5962767098,62.6279069659,1661607,1661607,0.0,1.0,tiingo_historical_seed,
2018-07-11,BND,79.23,79.25,79.16,79.24,62.6516296579,62.6674447859,62.5962767098,62.6595372219,3750104,3750104,0.0,1.0,tiingo_historical_seed,
2018-07-12,BND,79.21,79.32,79.2,79.3,62.6358145299,62.722797734,62.6279069659,62.706982606,1807918,1807918,0.0,1.0,tiingo_historical_seed,
2018-07-13,BND,79.33,79.38,79.32,79.37,62.730705298,62.7702431181,62.722797734,62.762335554,4071896,4071896,0.0,1.0,tiingo_historical_seed,
2018-07-16,BND,79.27,79.32,79.15,79.26,62.6832599139,62.722797734,62.5883691458,62.6753523499,1687999,1687999,0.0,1.0,tiingo_historical_seed,
2018-07-17,BND,79.23,79.3,79.22,79.23,62.6516296579,62.706982606,62.6437220939,62.6516296579,2432316,2432316,0.0,1.0,tiingo_historical_seed,
2018-07-18,BND,79.24,79.28,79.18,79.19,62.6595372219,62.691167478,62.6120918378,62.6199994019,2182896,2182896,0.0,1.0,tiingo_historical_seed,
2018-07-19,BND,79.18,79.37,79.12,79.34,62.6120918378,62.762335554,62.5646464538,62.738612862,1990113,1990113,0.0,1.0,tiingo_historical_seed,
2018-07-20,BND,79.29,79.29,79.12,79.16,62.699075042,62.699075042,62.5646464538,62.5962767098,1607778,1607778,0.0,1.0,tiingo_historical_seed,
2018-07-23,BND,79.11,79.13,78.87,78.91,62.5567388898,62.5725540178,62.3669573535,62.3985876096,1427192,1427192,0.0,1.0,tiingo_historical_seed,
2018-07-24,BND,78.96,79.05,78.9,79.03,62.4381254296,62.5092935057,62.3906800455,62.4934783777,1811191,1811191,0.0,1.0,tiingo_historical_seed,
2018-07-25,BND,79.05,79.12,78.96,79.03,62.5092935057,62.5646464538,62.4381254296,62.4934783777,2075142,2075142,0.0,1.0,tiingo_historical_seed,
2018-07-26,BND,79.03,79.03,79.03,79.03,62.4934783777,62.4934783777,62.4934783777,62.4934783777,1550264,1550264,0.0,1.0,tiingo_historical_seed,
2018-07-27,BND,79.05,79.09,79.0,79.01,62.5092935057,62.5409237617,62.4697556856,62.4776632497,1376649,1376649,0.0,1.0,tiingo_historical_seed,
2018-07-30,BND,78.94,79.0,78.92,78.92,62.4223103016,62.4697556856,62.4064951736,62.4064951736,2115446,2115446,0.0,1.0,tiingo_historical_seed,
2018-07-31,BND,79.02,79.08,78.92,78.98,62.4855708137,62.5330161977,62.4064951736,62.4539405576,3328170,3328170,0.0,1.0,tiingo_historical_seed,
2018-08-01,BND,78.75,78.78,78.65,78.75,62.419825745,62.4436047262,62.3405624742,62.419825745,3168621,3168621,0.186858,1.0,tiingo_historical_seed,
2018-08-02,BND,78.8,78.81,78.72,78.79,62.4594573804,62.4673837074,62.3960467637,62.4515310533,2817763,2817763,0.0,1.0,tiingo_historical_seed,
2018-08-03,BND,78.9,78.99,78.86,78.96,62.5387206512,62.6100575949,62.5070153428,62.5862786136,2711587,2711587,0.0,1.0,tiingo_historical_seed,
2018-08-06,BND,79.07,79.12,79.01,79.03,62.6734682115,62.7130998469,62.625910249,62.6417629032,2083848,2083848,0.0,1.0,tiingo_historical_seed,
2018-08-07,BND,78.97,78.98,78.87,78.89,62.5942049407,62.6021312678,62.5149416699,62.5307943241,1886907,1886907,0.0,1.0,tiingo_historical_seed,
2018-08-08,BND,78.89,78.91,78.84,78.87,62.5307943241,62.5466469782,62.4911626887,62.5149416699,2101344,2101344,0.0,1.0,tiingo_historical_seed,
2018-08-09,BND,78.94,79.02,78.92,79.02,62.5704259595,62.6338365761,62.5545733053,62.6338365761,2603851,2603851,0.0,1.0,tiingo_historical_seed,
2018-08-10,BND,79.02,79.25,79.02,79.18,62.6338365761,62.8161420989,62.6338365761,62.7606578094,2414870,2414870,0.0,1.0,tiingo_historical_seed,
2018-08-13,BND,79.17,79.21,79.1,79.19,62.7527314823,62.7844367906,62.6972471927,62.7685841364,3315670,3315670,0.0,1.0,tiingo_historical_seed,
2018-08-14,BND,79.21,79.25,79.13,79.14,62.7844367906,62.8161420989,62.721026174,62.728952501,2692659,2692659,0.0,1.0,tiingo_historical_seed,
2018-08-15,BND,79.21,79.3,79.2,79.23,62.7844367906,62.8557737343,62.7765104635,62.8002894447,3051290,3051290,0.0,1.0,tiingo_historical_seed,
2018-08-16,BND,79.27,79.3,79.19,79.27,62.8319947531,62.8557737343,62.7685841364,62.8319947531,2226886,2226886,0.0,1.0,tiingo_historical_seed,
2018-08-17,BND,79.33,79.41,79.3,79.36,62.8795527155,62.9429633322,62.8557737343,62.9033316968,1018094,1018094,0.0,1.0,tiingo_historical_seed,
2018-08-20,BND,79.43,79.52,79.43,79.46,62.9588159863,63.03015293,62.9588159863,62.9825949676,2473198,2473198,0.0,1.0,tiingo_historical_seed,
2018-08-21,BND,79.4,79.43,79.36,79.42,62.9350370051,62.9588159863,62.9033316968,62.9508896592,1883359,1883359,0.0,1.0,tiingo_historical_seed,
2018-08-22,BND,79.52,79.52,79.41,79.47,63.03015293,63.03015293,62.9429633322,62.9905212946,2025496,2025496,0.0,1.0,tiingo_historical_seed,
2018-08-23,BND,79.51,79.51,79.44,79.47,63.022226603,63.022226603,62.9667423134,62.9905212946,1447748,1447748,0.0,1.0,tiingo_historical_seed,
2018-08-24,BND,79.39,79.52,79.35,79.51,62.927110678,63.03015293,62.8954053697,63.022226603,1845332,1845332,0.0,1.0,tiingo_historical_seed,
2018-08-27,BND,79.44,79.46,79.4,79.41,62.9667423134,62.9825949676,62.9350370051,62.9429633322,2340898,2340898,0.0,1.0,tiingo_historical_seed,
2018-08-28,BND,79.34,79.35,79.26,79.29,62.8874790426,62.8954053697,62.824068426,62.8478474072,2375809,2375809,0.0,1.0,tiingo_historical_seed,
2018-08-29,BND,79.31,79.31,79.19,79.24,62.8637000614,62.8637000614,62.7685841364,62.8082157718,1560115,1560115,0.0,1.0,tiingo_historical_seed,
2018-08-30,BND,79.32,79.36,79.26,79.3,62.8716263885,62.9033316968,62.824068426,62.8557737343,1157371,1157371,0.0,1.0,tiingo_historical_seed,
2018-08-31,BND,79.42,79.43,79.31,79.32,62.9508896592,62.9588159863,62.8637000614,62.8716263885,2888254,2888254,0.0,1.0,tiingo_historical_seed,
2018-09-04,BND,79.0,79.07,78.97,79.01,62.7666946991,62.8223107577,62.7428592454,62.7746398503,2400683,2400683,0.18764,1.0,tiingo_historical_seed,
2018-09-05,BND,79.04,79.06,78.96,79.03,62.798475304,62.8143656065,62.7349140942,62.7905301528,2557981,2557981,0.0,1.0,tiingo_historical_seed,
2018-09-06,BND,79.09,79.18,79.05,79.15,62.8382010601,62.9097074212,62.8064204552,62.8858719675,2133365,2133365,0.0,1.0,tiingo_historical_seed,
2018-09-07,BND,78.97,78.97,78.86,78.9,62.7428592454,62.7428592454,62.6554625819,62.6872431868,2481136,2481136,0.0,1.0,tiingo_historical_seed,
2018-09-10,BND,78.91,78.97,78.88,78.95,62.695188338,62.7428592454,62.6713528844,62.726968943,1464301,1464301,0.0,1.0,tiingo_historical_seed,
2018-09-11,BND,78.82,78.88,78.75,78.78,62.623681977,62.6713528844,62.5680659184,62.5919013721,1496840,1496840,0.0,1.0,tiingo_historical_seed,
2018-09-12,BND,78.89,78.92,78.83,78.84,62.6792980356,62.7031334893,62.6316271282,62.6395722795,1088443,1088443,0.0,1.0,tiingo_historical_seed,
2018-09-13,BND,78.95,78.98,78.87,78.89,62.726968943,62.7508043966,62.6634077331,62.6792980356,1723778,1723778,0.0,1.0,tiingo_historical_seed,
2018-09-14,BND,78.76,78.81,78.73,78.76,62.5760110696,62.6157368258,62.5521756159,62.5760110696,3196010,3196010,0.0,1.0,tiingo_historical_seed,
2018-09-17,BND,78.7,78.8,78.68,78.75,62.5283401623,62.6077916745,62.5124498598,62.5680659184,2375207,2375207,0.0,1.0,tiingo_historical_seed,
2018-09-18,BND,78.7,78.7,78.54,78.57,62.5283401623,62.5283401623,62.4012177426,62.4250531963,2504018,2504018,0.0,1.0,tiingo_historical_seed,
2018-09-19,BND,78.53,78.56,78.39,78.45,62.3932725914,62.4171080451,62.2820404742,62.3297113816,1968743,1968743,0.0,1.0,tiingo_historical_seed,
2018-09-20,BND,78.44,78.59,78.43,78.55,62.3217662303,62.4409434988,62.3138210791,62.4091628938,2297662,2297662,0.0,1.0,tiingo_historical_seed,
2018-09-21,BND,78.51,78.6,78.51,78.6,62.3773822889,62.44888865,62.3773822889,62.44888865,1750621,1750621,0.0,1.0,tiingo_historical_seed,
2018-09-24,BND,78.49,78.58,78.47,78.5,62.3614919865,62.4329983475,62.345601684,62.3694371377,2915777,2915777,0.0,1.0,tiingo_historical_seed,
2018-09-25,BND,78.44,78.46,78.38,78.44,62.3217662303,62.3376565328,62.274095323,62.3217662303,1698208,1698208,0.0,1.0,tiingo_historical_seed,
2018-09-26,BND,78.5,78.69,78.49,78.64,62.3694371377,62.520395011,62.3614919865,62.4806692549,1831086,1831086,0.0,1.0,tiingo_historical_seed,
2018-09-27,BND,78.66,78.7,78.62,78.7,62.4965595574,62.5283401623,62.4647789524,62.5283401623,1374767,1374767,0.0,1.0,tiingo_historical_seed,
2018-09-28,BND,78.76,78.79,78.66,78.7,62.5760110696,62.5998465233,62.4965595574,62.5283401623,2577650,2577650,0.0,1.0,tiingo_historical_seed,
2018-10-01,BND,78.42,78.48,78.36,78.37,62.4516956872,62.4994781629,62.4039132116,62.4118769575,2853523,2853523,0.183416,1.0,tiingo_historical_seed,
2018-10-02,BND,78.45,78.55,78.45,78.51,62.4755869251,62.5552243845,62.4755869251,62.5233694007,2597646,2597646,0.0,1.0,tiingo_historical_seed,
2018-10-03,BND,78.4,78.4,78.02,78.11,62.4357681953,62.4357681953,62.1331458495,62.204819563,2300493,2300493,0.0,1.0,tiingo_historical_seed,
2018-10-04,BND,77.97,78.01,77.87,77.91,62.0933271198,62.1251821035,62.0136896603,62.0455446441,3221407,3221407,0.0,1.0,tiingo_historical_seed,
2018-10-05,BND,77.83,77.88,77.66,77.77,61.9818346766,62.0216534063,61.8464509955,61.9340522009,2299143,2299143,0.0,1.0,tiingo_historical_seed,
2018-10-08,BND,77.79,77.8,77.72,77.74,61.9499796928,61.9579434387,61.8942334712,61.9101609631,1885426,1885426,0.0,1.0,tiingo_historical_seed,
2018-10-09,BND,77.74,77.89,77.74,77.89,61.9101609631,62.0296171522,61.9101609631,62.0296171522,4273224,4273224,0.0,1.0,tiingo_historical_seed,
2018-10-10,BND,77.77,77.86,77.7,77.83,61.9340522009,62.0057259144,61.8783059793,61.9818346766,2813272,2813272,0.0,1.0,tiingo_historical_seed,
2018-10-11,BND,77.91,78.13,77.9,78.05,62.0455446441,62.2207470549,62.0375808982,62.1570370873,3245649,3245649,0.0,1.0,tiingo_historical_seed,
2018-10-12,BND,78.02,78.14,78.01,78.03,62.1331458495,62.2287108008,62.1251821035,62.1411095954,2365717,2365717,0.0,1.0,tiingo_historical_seed,
2018-10-15,BND,78.11,78.11,78.0,78.01,62.204819563,62.204819563,62.1172183576,62.1251821035,2077763,2077763,0.0,1.0,tiingo_historical_seed,
2018-10-16,BND,78.0,78.1,77.97,78.07,62.1172183576,62.196855817,62.0933271198,62.1729645792,2367063,2367063,0.0,1.0,tiingo_historical_seed,
2018-10-17,BND,78.05,78.1,77.91,77.93,62.1570370873,62.196855817,62.0455446441,62.061472136,1877283,1877283,0.0,1.0,tiingo_historical_seed,
2018-10-18,BND,77.88,78.0,77.81,77.88,62.0216534063,62.1172183576,61.9659071847,62.0216534063,1681613,1681613,0.0,1.0,tiingo_historical_seed,
2018-10-19,BND,77.89,77.91,77.79,77.84,62.0296171522,62.0455446441,61.9499796928,61.9897984225,1716734,1716734,0.0,1.0,tiingo_historical_seed,
2018-10-22,BND,77.88,77.93,77.8,77.81,62.0216534063,62.061472136,61.9579434387,61.9659071847,1520045,1520045,0.0,1.0,tiingo_historical_seed,
2018-10-23,BND,78.02,78.09,77.9,77.92,62.1331458495,62.1888920711,62.0375808982,62.0535083901,1934305,1934305,0.0,1.0,tiingo_historical_seed,
2018-10-24,BND,78.07,78.15,78.05,78.13,62.1729645792,62.2366745468,62.1570370873,62.2207470549,1615660,1615660,0.0,1.0,tiingo_historical_seed,
2018-10-25,BND,78.06,78.12,78.0,78.04,62.1650008333,62.2127833089,62.1172183576,62.1490733414,1981042,1981042,0.0,1.0,tiingo_historical_seed,
2018-10-26,BND,78.22,78.3,78.16,78.18,62.2924207684,62.3561307359,62.2446382927,62.2605657846,2224423,2224423,0.0,1.0,tiingo_historical_seed,
2018-10-29,BND,78.15,78.19,78.05,78.11,62.2366745468,62.2685295305,62.1570370873,62.204819563,1900738,1900738,0.0,1.0,tiingo_historical_seed,
2018-10-30,BND,78.02,78.1,77.99,78.0,62.1331458495,62.196855817,62.1092546117,62.1172183576,2546298,2546298,0.0,1.0,tiingo_historical_seed,
2018-10-31,BND,77.9,77.99,77.84,77.84,62.0375808982,62.1092546117,61.9897984225,61.9897984225,6206312,6206312,0.0,1.0,tiingo_historical_seed,
2018-11-01,BND,77.65,77.82,77.64,77.79,61.9929992039,62.1287211597,61.9850155595,62.1047702263,3784093,3784093,0.194369,1.0,tiingo_historical_seed,
2018-11-02,BND,77.69,77.71,77.46,77.5,62.0249337818,62.0409010707,61.8413099593,61.8732445371,2024625,2024625,0.0,1.0,tiingo_historical_seed,
2018-11-05,BND,77.57,77.61,77.53,77.56,61.9291300483,61.9610646261,61.8971954705,61.9211464038,1858895,1858895,0.0,1.0,tiingo_historical_seed,
2018-11-06,BND,77.57,77.59,77.52,77.55,61.9291300483,61.9450973372,61.889211826,61.9131627594,2024678,2024678,0.0,1.0,tiingo_historical_seed,
2018-11-07,BND,77.7,77.77,77.6,77.62,62.0329174262,62.0888029374,61.9530809816,61.9690482706,2673703,2673703,0.0,1.0,tiingo_historical_seed,
2018-11-08,BND,77.62,77.65,77.49,77.49,61.9690482706,61.9929992039,61.8652608926,61.8652608926,2233073,2233073,0.0,1.0,tiingo_historical_seed,
2018-11-09,BND,77.57,77.72,77.57,77.68,61.9291300483,62.0488847151,61.9291300483,62.0169501373,1697179,1697179,0.0,1.0,tiingo_historical_seed,
2018-11-12,BND,77.78,77.81,77.74,77.8,62.0967865819,62.1207375152,62.064852004,62.1127538708,1067225,1067225,0.0,1.0,tiingo_historical_seed,
2018-11-13,BND,77.71,77.77,77.66,77.76,62.0409010707,62.0888029374,62.0009828484,62.080819293,2735901,2735901,0.0,1.0,tiingo_historical_seed,
2018-11-14,BND,77.71,77.9,77.66,77.82,62.0409010707,62.1925903153,62.0009828484,62.1287211597,2905139,2905139,0.0,1.0,tiingo_historical_seed,
2018-11-15,BND,77.87,77.89,77.7,77.83,62.168639382,62.1846066709,62.0329174262,62.1367048041,2557802,2557802,0.0,1.0,tiingo_historical_seed,
2018-11-16,BND,77.94,78.02,77.85,78.0,62.2245248932,62.2883940488,62.1526720931,62.2724267599,1811250,1811250,0.0,1.0,tiingo_historical_seed,
2018-11-19,BND,77.94,78.03,77.94,78.0,62.2245248932,62.2963776933,62.2245248932,62.2724267599,2495877,2495877,0.0,1.0,tiingo_historical_seed,
2018-11-20,BND,77.98,78.03,77.92,77.95,62.256459471,62.2963776933,62.2085576043,62.2325085376,1891250,1891250,0.0,1.0,tiingo_historical_seed,
2018-11-21,BND,77.99,78.03,77.93,78.03,62.2644431154,62.2963776933,62.2165412487,62.2963776933,3871262,3871262,0.0,1.0,tiingo_historical_seed,
2018-11-23,BND,78.09,78.1153,78.0,78.02,62.34427956,62.3644781805,62.2724267599,62.2883940488,644471,644471,0.0,1.0,tiingo_historical_seed,
2018-11-26,BND,77.94,78.0,77.92,77.96,62.2245248932,62.2724267599,62.2085576043,62.2404921821,1520478,1520478,0.0,1.0,tiingo_historical_seed,
2018-11-27,BND,77.95,78.05,77.95,78.01,62.2325085376,62.3123449822,62.2325085376,62.2804104044,2563093,2563093,0.0,1.0,tiingo_historical_seed,
2018-11-28,BND,78.01,78.1,77.93,78.05,62.2804104044,62.3522632045,62.2165412487,62.3123449822,2217473,2217473,0.0,1.0,tiingo_historical_seed,
2018-11-29,BND,78.12,78.17,78.04,78.11,62.3682304934,62.4081487157,62.3043613377,62.3602468489,2395898,2395898,0.0,1.0,tiingo_historical_seed,
2018-11-30,BND,78.1,78.14,78.05,78.14,62.3522632045,62.3841977823,62.3123449822,62.3841977823,2181205,2181205,0.0,1.0,tiingo_historical_seed,
2018-12-03,BND,77.99,78.07,77.95,78.07,62.4175927498,62.4816190021,62.3855796236,62.4816190021,2187534,2187534,0.192026,1.0,tiingo_historical_seed,
2018-12-04,BND,78.15,78.38,78.15,78.26,62.5456452545,62.72972073,62.5456452545,62.6336813514,3204687,3204687,0.0,1.0,tiingo_historical_seed,
2018-12-06,BND,78.39,78.56,78.36,78.4,62.7377240115,62.8737797977,62.7137141669,62.745727293,4447770,4447770,0.0,1.0,tiingo_historical_seed,
2018-12-07,BND,78.4,78.59,78.38,78.56,62.745727293,62.8977896423,62.72972073,62.8737797977,3805990,3805990,0.0,1.0,tiingo_historical_seed,
2018-12-10,BND,78.58,78.7,78.53,78.64,62.8897863608,62.9858257393,62.8497699531,62.9378060501,2712075,2712075,0.0,1.0,tiingo_historical_seed,
2018-12-11,BND,78.66,78.73,78.58,78.65,62.9538126131,63.0098355839,62.8897863608,62.9458093316,4157191,4157191,0.0,1.0,tiingo_historical_seed,
2018-12-12,BND,78.62,78.65,78.56,78.57,62.921799487,62.9458093316,62.8737797977,62.8817830793,2662370,2662370,0.0,1.0,tiingo_historical_seed,
2018-12-13,BND,78.59,78.68,78.59,78.63,62.8977896423,62.9698191762,62.8977896423,62.9298027685,2587616,2587616,0.0,1.0,tiingo_historical_seed,
2018-12-14,BND,78.69,78.75,78.66,78.7,62.9778224578,63.025842147,62.9538126131,62.9858257393,3490565,3490565,0.0,1.0,tiingo_historical_seed,
2018-12-17,BND,78.73,78.86,78.72,78.85,63.0098355839,63.113878244,63.0018323024,63.1058749625,2924251,2924251,0.0,1.0,tiingo_historical_seed,
2018-12-18,BND,78.84,79.0,78.84,78.97,63.0978716809,63.2259241856,63.0978716809,63.201914341,3210719,3210719,0.0,1.0,tiingo_historical_seed,
2018-12-19,BND,79.08,79.26,79.0,79.11,63.2899504379,63.4340095057,63.2259241856,63.3139602826,3117486,3117486,0.0,1.0,tiingo_historical_seed,
2018-12-20,BND,79.19,79.21,78.97,79.0,63.3779865349,63.393993098,63.201914341,63.2259241856,3451003,3451003,0.0,1.0,tiingo_historical_seed,
2018-12-21,BND,79.03,79.06,78.94,79.0,63.2499340302,63.2739438748,63.1779044963,63.2259241856,4516112,4516112,0.0,1.0,tiingo_historical_seed,
2018-12-24,BND,78.92,79.0,78.73,78.82,63.320817179,63.3850045254,63.1683722314,63.2405829961,6031012,6031012,0.198316,1.0,tiingo_historical_seed,
2018-12-26,BND,78.87,78.9,78.65,78.65,63.2807000875,63.3047703424,63.1041848851,63.1041848851,5912449,5912449,0.0,1.0,tiingo_historical_seed,
2018-12-27,BND,78.94,78.99,78.81,78.82,63.3368640156,63.3769811071,63.2325595778,63.2405829961,2751784,2751784,0.0,1.0,tiingo_historical_seed,
2018-12-28,BND,78.86,79.02,78.82,79.01,63.2726766692,63.4010513619,63.2405829961,63.3930279437,3495090,3495090,0.0,1.0,tiingo_historical_seed,
2018-12-31,BND,78.95,79.25,78.93,79.21,63.3448874339,63.5855899827,63.3288405973,63.5534963095,5651072,5651072,0.0,1.0,tiingo_historical_seed,
2019-01-02,BND,79.28,79.38,79.25,79.37,63.6096602376,63.6898944205,63.5855899827,63.6818710023,4142528,4142528,0.0,1.0,tiingo_historical_seed,
2019-01-03,BND,79.39,79.75,79.37,79.68,63.6979178388,63.9867608974,63.6818710023,63.9305969694,4908354,4908354,0.0,1.0,tiingo_historical_seed,
2019-01-04,BND,79.47,79.48,79.34,79.44,63.7621051852,63.7701286035,63.6578007474,63.7380349303,4583647,4583647,0.0,1.0,tiingo_historical_seed,
2019-01-07,BND,79.47,79.51,79.29,79.32,63.7621051852,63.7941988584,63.6176836559,63.6417539108,4121734,4121734,0.0,1.0,tiingo_historical_seed,
2019-01-08,BND,79.25,79.32,79.2,79.22,63.5855899827,63.6417539108,63.5454728912,63.5615197278,1745356,1745356,0.0,1.0,tiingo_historical_seed,
2019-01-09,BND,79.24,79.36,79.23,79.33,63.5775665644,63.673847584,63.5695431461,63.6497773291,1989578,1989578,0.0,1.0,tiingo_historical_seed,
2019-01-10,BND,79.27,79.35,79.14,79.17,63.6016368193,63.6658241657,63.4973323815,63.5214026364,2579945,2579945,0.0,1.0,tiingo_historical_seed,
2019-01-11,BND,79.34,79.4,79.3,79.33,63.6578007474,63.7059412571,63.6257070742,63.6497773291,3097169,3097169,0.0,1.0,tiingo_historical_seed,
2019-01-14,BND,79.35,79.37,79.25,79.26,63.6658241657,63.6818710023,63.5855899827,63.593613401,2395739,2395739,0.0,1.0,tiingo_historical_seed,
2019-01-15,BND,79.36,79.4,79.22,79.27,63.673847584,63.7059412571,63.5615197278,63.6016368193,1742851,1742851,0.0,1.0,tiingo_historical_seed,
2019-01-16,BND,79.23,79.32,79.19,79.3,63.5695431461,63.6417539108,63.537449473,63.6257070742,1697697,1697697,0.0,1.0,tiingo_historical_seed,
2019-01-17,BND,79.3,79.31,79.18,79.21,63.6257070742,63.6337304925,63.5294260547,63.5534963095,2394708,2394708,0.0,1.0,tiingo_historical_seed,
2019-01-18,BND,79.21,79.29,79.14,79.15,63.5534963095,63.6176836559,63.4973323815,63.5053557998,3722445,3722445,0.0,1.0,tiingo_historical_seed,
2019-01-22,BND,79.3,79.4,79.28,79.29,63.6257070742,63.7059412571,63.6096602376,63.6176836559,3917810,3917810,0.0,1.0,tiingo_historical_seed,
2019-01-23,BND,79.25,79.43,79.25,79.37,63.5855899827,63.730011512,63.5855899827,63.6818710023,2536063,2536063,0.0,1.0,tiingo_historical_seed,
2019-01-24,BND,79.52,79.59,79.49,79.54,63.8022222767,63.8583862047,63.7781520218,63.8182691133,2700343,2700343,0.0,1.0,tiingo_historical_seed,
2019-01-25,BND,79.46,79.51,79.41,79.45,63.7540817669,63.7941988584,63.7139646754,63.7460583486,2072341,2072341,0.0,1.0,tiingo_historical_seed,
2019-01-28,BND,79.46,79.53,79.45,79.48,63.7540817669,63.810245695,63.7460583486,63.7701286035,2938168,2938168,0.0,1.0,tiingo_historical_seed,
2019-01-29,BND,79.54,79.64,79.54,79.64,63.8182691133,63.8985032962,63.8182691133,63.8985032962,1772304,1772304,0.0,1.0,tiingo_historical_seed,
2019-01-30,BND,79.58,79.75,79.51,79.72,63.8503627864,63.9867608974,63.7941988584,63.9626906426,2961482,2961482,0.0,1.0,tiingo_historical_seed,
2019-01-31,BND,79.98,80.09,79.94,80.09,64.1712995182,64.2595571194,64.139205845,64.2595571194,3698051,3698051,0.0,1.0,tiingo_historical_seed,
2019-02-01,BND,79.79,79.89,79.6,79.67,64.1782347603,64.2586686928,64.0254102885,64.0817140412,3335034,3335034,0.198345,1.0,tiingo_historical_seed,
2019-02-04,BND,79.61,79.61,79.53,79.6,64.0334536817,64.0334536817,63.9691065357,64.0254102885,4078642,4078642,0.0,1.0,tiingo_historical_seed,
2019-02-05,BND,79.7,79.8,79.69,79.77,64.105844221,64.1862781535,64.0978008277,64.1621479738,2400307,2400307,0.0,1.0,tiingo_historical_seed,
2019-02-06,BND,79.79,79.81,79.69,79.74,64.1782347603,64.1943215468,64.0978008277,64.138017794,2724708,2724708,0.0,1.0,tiingo_historical_seed,
2019-02-07,BND,79.79,79.84,79.75,79.8,64.1782347603,64.2184517265,64.1460611873,64.1862781535,2474720,2474720,0.0,1.0,tiingo_historical_seed,
2019-02-08,BND,79.87,79.98,79.84,79.92,64.2425819063,64.3310592321,64.2184517265,64.2827988725,1538687,1538687,0.0,1.0,tiingo_historical_seed,
2019-02-11,BND,79.85,79.92,79.81,79.89,64.2264951198,64.2827988725,64.1943215468,64.2586686928,2600943,2600943,0.0,1.0,tiingo_historical_seed,
2019-02-12,BND,79.85,79.89,79.81,79.88,64.2264951198,64.2586686928,64.1943215468,64.2506252995,1541236,1541236,0.0,1.0,tiingo_historical_seed,
2019-02-13,BND,79.8,79.81,79.71,79.76,64.1862781535,64.1943215468,64.1138876143,64.1541045805,1631600,1631600,0.0,1.0,tiingo_historical_seed,
2019-02-14,BND,79.96,79.99,79.85,79.9,64.3149724456,64.3391026253,64.2264951198,64.266712086,1895812,1895812,0.0,1.0,tiingo_historical_seed,
2019-02-15,BND,79.89,79.93,79.87,79.93,64.2586686928,64.2908422658,64.2425819063,64.2908422658,1917884,1917884,0.0,1.0,tiingo_historical_seed,
2019-02-19,BND,80.0,80.03,79.93,80.0,64.3471460186,64.3712761983,64.2908422658,64.3471460186,3792138,3792138,0.0,1.0,tiingo_historical_seed,
2019-02-20,BND,79.98,80.01,79.92,79.97,64.3310592321,64.3551894118,64.2827988725,64.3230158388,1768627,1768627,0.0,1.0,tiingo_historical_seed,
2019-02-21,BND,79.83,79.83,79.7714,79.81,64.2104083333,64.2104083333,64.1632740488,64.1943215468,3411362,3411362,0.0,1.0,tiingo_historical_seed,
2019-02-22,BND,79.92,80.085,79.87,79.99,64.2827988725,64.4155148612,64.2425819063,64.3391026253,1936578,1936578,0.0,1.0,tiingo_historical_seed,
2019-02-25,BND,79.96,79.99,79.91,79.96,64.3149724456,64.3391026253,64.2747554793,64.3149724456,2245003,2245003,0.0,1.0,tiingo_historical_seed,
2019-02-26,BND,80.06,80.12,80.02,80.07,64.3954063781,64.4436667376,64.3632328051,64.4034497713,1405201,1405201,0.0,1.0,tiingo_historical_seed,
2019-02-27,BND,80.02,80.02,79.85,79.91,64.3632328051,64.3632328051,64.2264951198,64.2747554793,1323038,1323038,0.0,1.0,tiingo_historical_seed,
2019-02-28,BND,79.91,79.91,79.74,79.82,64.2747554793,64.2747554793,64.138017794,64.20236494,4028470,4028470,0.0,1.0,tiingo_historical_seed,
2019-03-01,BND,79.55,79.58,79.39,79.39,64.1332208385,64.1574068426,64.0042288167,64.0042288167,3034996,3034996,0.183666,1.0,tiingo_historical_seed,
2019-03-04,BND,79.53,79.58,79.47,79.53,64.1170968358,64.1574068426,64.0687248276,64.1170968358,2531273,2531273,0.0,1.0,tiingo_historical_seed,
2019-03-05,BND,79.48,79.61,79.47,79.59,64.0767868289,64.1815928467,64.0687248276,64.1654688439,1924476,1924476,0.0,1.0,tiingo_historical_seed,
2019-03-06,BND,79.66,79.76,79.63,79.69,64.2219028535,64.3025228671,64.1977168494,64.2460888576,1629042,1629042,0.0,1.0,tiingo_historical_seed,
2019-03-07,BND,79.84,79.96,79.79,79.92,64.367018878,64.4637628943,64.3267088712,64.4315148889,2322183,2322183,0.0,1.0,tiingo_historical_seed,
2019-03-08,BND,79.96,80.05,79.88,80.02,64.4637628943,64.5363209066,64.3992668834,64.5121349025,4388508,4388508,0.0,1.0,tiingo_historical_seed,
2019-03-11,BND,80.03,80.03,79.97,79.98,64.5201969039,64.5201969039,64.4718248957,64.4798868971,1891125,1891125,0.0,1.0,tiingo_historical_seed,
2019-03-12,BND,80.05,80.19,80.02,80.17,64.5363209066,64.6491889257,64.5121349025,64.633064923,1958608,1958608,0.0,1.0,tiingo_historical_seed,
2019-03-13,BND,80.14,80.16,80.1,80.13,64.6088789189,64.6250029216,64.5766309134,64.6008169175,1318598,1318598,0.0,1.0,tiingo_historical_seed,
2019-03-14,BND,80.14,80.14,80.01,80.06,64.6088789189,64.6088789189,64.5040729012,64.544382908,4058393,4058393,0.0,1.0,tiingo_historical_seed,
2019-03-15,BND,80.19,80.26,80.14,80.21,64.6491889257,64.7056229352,64.6088789189,64.6653129284,1639324,1639324,0.0,1.0,tiingo_historical_seed,
2019-03-18,BND,80.17,80.2,80.09,80.16,64.633064923,64.657250927,64.5685689121,64.6250029216,5344228,5344228,0.0,1.0,tiingo_historical_seed,
2019-03-19,BND,80.08,80.18,80.06,80.12,64.5605069107,64.6411269243,64.544382908,64.5927549161,2702359,2702359,0.0,1.0,tiingo_historical_seed,
2019-03-20,BND,80.19,80.49,80.17,80.47,64.6491889257,64.8910489666,64.633064923,64.8749249638,2528735,2528735,0.0,1.0,tiingo_historical_seed,
2019-03-21,BND,80.51,80.54,80.48,80.49,64.9071729693,64.9313589734,64.8829869652,64.8910489666,1980512,1980512,0.0,1.0,tiingo_historical_seed,
2019-03-22,BND,80.82,80.98,80.75,80.93,65.1570950115,65.2860870333,65.100661002,65.2457770265,2734038,2734038,0.0,1.0,tiingo_historical_seed,
2019-03-25,BND,80.95,81.18,80.88,81.03,65.2619010292,65.4473270606,65.2054670197,65.3263970401,2034049,2034049,0.0,1.0,tiingo_historical_seed,
2019-03-26,BND,80.98,81.12,80.95,81.05,65.2860870333,65.3989550524,65.2619010292,65.3425210429,3527239,3527239,0.0,1.0,tiingo_historical_seed,
2019-03-27,BND,81.18,81.31,81.16,81.2,65.4473270606,65.5521330783,65.4312030578,65.4634510633,2121856,2121856,0.0,1.0,tiingo_historical_seed,
2019-03-28,BND,81.21,81.27,81.13,81.24,65.4715130647,65.5198850728,65.4070170538,65.4956990687,1818307,1818307,0.0,1.0,tiingo_historical_seed,
2019-03-29,BND,81.08,81.2,81.07,81.18,65.3667070469,65.4634510633,65.3586450456,65.4473270606,1937019,1937019,0.0,1.0,tiingo_historical_seed,
2019-04-01,BND,80.86,80.86,80.62,80.66,65.3506660319,65.3506660319,65.1566991774,65.1890269865,4106693,4106693,0.199608,1.0,tiingo_historical_seed,
2019-04-02,BND,80.7,80.78,80.66,80.7,65.2213547956,65.2860104137,65.1890269865,65.2213547956,6305554,6305554,0.0,1.0,tiingo_historical_seed,
2019-04-03,BND,80.58,80.63,80.54,80.59,65.1243713684,65.1647811297,65.0920435593,65.1324533206,2177306,2177306,0.0,1.0,tiingo_historical_seed,
2019-04-04,BND,80.62,80.68,80.58,80.67,65.1566991774,65.205190891,65.1243713684,65.1971089388,1585984,1585984,0.0,1.0,tiingo_historical_seed,
2019-04-05,BND,80.61,80.74,80.6,80.73,65.1486172252,65.2536826047,65.1405352729,65.2456006524,2131819,2131819,0.0,1.0,tiingo_historical_seed,
2019-04-08,BND,80.74,80.74,80.61,80.65,65.2536826047,65.2536826047,65.1486172252,65.1809450342,3794183,3794183,0.0,1.0,tiingo_historical_seed,
2019-04-09,BND,80.78,80.82,80.72,80.77,65.2860104137,65.3183382228,65.2375187001,65.2779284615,1919064,1919064,0.0,1.0,tiingo_historical_seed,
2019-04-10,BND,80.81,80.9,80.8,80.88,65.3102562705,65.3829938409,65.3021743183,65.3668299364,3414273,3414273,0.0,1.0,tiingo_historical_seed,
2019-04-11,BND,80.81,80.82,80.71,80.74,65.3102562705,65.3183382228,65.2294367479,65.2536826047,2641980,2641980,0.0,1.0,tiingo_historical_seed,
2019-04-12,BND,80.67,80.69,80.58,80.59,65.1971089388,65.2132728433,65.1243713684,65.1324533206,1821769,1821769,0.0,1.0,tiingo_historical_seed,
2019-04-15,BND,80.58,80.63,80.57,80.61,65.1243713684,65.1647811297,65.1162894161,65.1486172252,1671344,1671344,0.0,1.0,tiingo_historical_seed,
2019-04-16,BND,80.53,80.55,80.45,80.47,65.083961607,65.1001255116,65.0193059889,65.0354698934,2002036,2002036,0.0,1.0,tiingo_historical_seed,
2019-04-17,BND,80.47,80.57,80.46,80.47,65.0354698934,65.1162894161,65.0273879412,65.0354698934,1797521,1797521,0.0,1.0,tiingo_historical_seed,
2019-04-18,BND,80.6,80.64,80.53,80.58,65.1405352729,65.172863082,65.083961607,65.1243713684,1604563,1604563,0.0,1.0,tiingo_historical_seed,
2019-04-22,BND,80.58,80.58,80.46,80.5,65.1243713684,65.1243713684,65.0273879412,65.0597157502,1840177,1840177,0.0,1.0,tiingo_historical_seed,
2019-04-23,BND,80.6,80.65,80.57,80.64,65.1405352729,65.1809450342,65.1162894161,65.172863082,2643460,2643460,0.0,1.0,tiingo_historical_seed,
2019-04-24,BND,80.8,80.86,80.76,80.85,65.3021743183,65.3506660319,65.2698465092,65.3425840796,1370464,1370464,0.0,1.0,tiingo_historical_seed,
2019-04-25,BND,80.85,80.88,80.77,80.83,65.3425840796,65.3668299364,65.2779284615,65.3264201751,1238120,1238120,0.0,1.0,tiingo_historical_seed,
2019-04-26,BND,81.01,81.05,80.98,81.01,65.4718953159,65.5042231249,65.4476494591,65.4718953159,1622540,1622540,0.0,1.0,tiingo_historical_seed,
2019-04-29,BND,80.9,80.92,80.8,80.84,65.3829938409,65.3991577455,65.3021743183,65.3345021273,1737848,1737848,0.0,1.0,tiingo_historical_seed,
2019-04-30,BND,80.8,80.96,80.8,80.96,65.3021743183,65.4314855545,65.3021743183,65.4314855545,2376221,2376221,0.0,1.0,tiingo_historical_seed,
2019-05-01,BND,80.78,81.02,80.71,80.77,65.4434542114,65.6378888364,65.3867441124,65.4353527687,2035276,2035276,0.194785,1.0,tiingo_historical_seed,
2019-05-02,BND,80.71,80.73,80.53,80.59,65.3867441124,65.4029469978,65.2409181436,65.2895267999,2061084,2061084,0.0,1.0,tiingo_historical_seed,
2019-05-03,BND,80.72,80.79,80.68,80.74,65.3948455551,65.4515556541,65.3624397843,65.4110484406,1877547,1877547,0.0,1.0,tiingo_historical_seed,
2019-05-06,BND,80.86,80.91,80.82,80.84,65.5082657531,65.5487729666,65.4758599822,65.4920628677,2261460,2261460,0.0,1.0,tiingo_historical_seed,
2019-05-07,BND,80.95,81.0,80.91,80.96,65.5811787375,65.621685951,65.5487729666,65.5892801802,3223460,3223460,0.0,1.0,tiingo_historical_seed,
2019-05-08,BND,81.02,81.06,80.9,80.9,65.6378888364,65.6702946073,65.5406715239,65.5406715239,4750949,4750949,0.0,1.0,tiingo_historical_seed,
2019-05-09,BND,81.05,81.07,80.86,80.98,65.6621931646,65.67839605,65.5082657531,65.6054830656,1926138,1926138,0.0,1.0,tiingo_historical_seed,
2019-05-10,BND,80.99,81.07,80.95,80.97,65.6135845083,65.67839605,65.5811787375,65.5973816229,4679888,4679888,0.0,1.0,tiingo_historical_seed,
2019-05-13,BND,81.12,81.2,81.1,81.14,65.7189032635,65.7837148052,65.7027003781,65.735106149,3427009,3427009,0.0,1.0,tiingo_historical_seed,
2019-05-14,BND,81.16,81.2,81.14,81.19,65.7513090344,65.7837148052,65.735106149,65.7756133625,4478087,4478087,0.0,1.0,tiingo_historical_seed,
2019-05-15,BND,81.34,81.36,81.22,81.31,65.8971350032,65.9133378886,65.7999176906,65.872830675,1940889,1940889,0.0,1.0,tiingo_historical_seed,
2019-05-16,BND,81.24,81.24,81.17,81.19,65.8161205761,65.8161205761,65.7594104771,65.7756133625,1862747,1862747,0.0,1.0,tiingo_historical_seed,
2019-05-17,BND,81.3,81.31,81.16,81.21,65.8647292323,65.872830675,65.7513090344,65.7918162479,1615241,1615241,0.0,1.0,tiingo_historical_seed,
2019-05-20,BND,81.21,81.25,81.11,81.11,65.7918162479,65.8242220188,65.7108018208,65.7108018208,2187971,2187971,0.0,1.0,tiingo_historical_seed,
2019-05-21,BND,81.11,81.12,81.05,81.07,65.7108018208,65.7189032635,65.6621931646,65.67839605,1746964,1746964,0.0,1.0,tiingo_historical_seed,
2019-05-22,BND,81.12,81.27,81.12,81.22,65.7189032635,65.8404249042,65.7189032635,65.7999176906,4000503,4000503,0.0,1.0,tiingo_historical_seed,
2019-05-23,BND,81.31,81.58,81.31,81.51,65.872830675,66.0915696282,65.872830675,66.0348595292,5334046,5334046,0.0,1.0,tiingo_historical_seed,
2019-05-24,BND,81.51,81.53,81.46,81.51,66.0348595292,66.0510624146,65.9943523157,66.0348595292,1770087,1770087,0.0,1.0,tiingo_historical_seed,
2019-05-28,BND,81.64,81.69,81.58,81.68,66.1401782845,66.180685498,66.0915696282,66.1725840553,1910647,1910647,0.0,1.0,tiingo_historical_seed,
2019-05-29,BND,81.75,81.86,81.66,81.66,66.2292941543,66.3184100241,66.1563811699,66.1563811699,3142683,3142683,0.0,1.0,tiingo_historical_seed,
2019-05-30,BND,81.74,81.91,81.67,81.88,66.2211927116,66.3589172376,66.1644826126,66.3346129095,2253636,2253636,0.0,1.0,tiingo_historical_seed,
2019-05-31,BND,82.04,82.24,81.99,82.24,66.4642359929,66.6262648471,66.4237287793,66.6262648471,5898676,5898676,0.0,1.0,tiingo_historical_seed,
2019-06-03,BND,82.14,82.32,82.04,82.28,66.7017304279,66.8478993039,66.6205254967,66.8154173315,3787246,3787246,0.19348,1.0,tiingo_historical_seed,
2019-06-04,BND,82.16,82.21,82.03,82.14,66.7179714141,66.7585738797,66.6124050036,66.7017304279,2906728,2906728,0.0,1.0,tiingo_historical_seed,
2019-06-05,BND,82.18,82.28,82.07,82.14,66.7342124003,66.8154173315,66.6448869761,66.7017304279,7341721,7341721,0.0,1.0,tiingo_historical_seed,
2019-06-06,BND,82.17,82.26,82.07,82.12,66.7260919072,66.7991763452,66.6448869761,66.6854894416,2995304,2995304,0.0,1.0,tiingo_historical_seed,
2019-06-07,BND,82.36,82.445,82.28,82.34,66.8803812764,66.9494054678,66.8154173315,66.8641402901,2490133,2490133,0.0,1.0,tiingo_historical_seed,
2019-06-10,BND,82.26,82.26,82.14,82.17,66.7991763452,66.7991763452,66.7017304279,66.7260919072,2417357,2417357,0.0,1.0,tiingo_historical_seed,
2019-06-11,BND,82.12,82.18,82.08,82.11,66.6854894416,66.7342124003,66.6530074692,66.6773689485,3362114,3362114,0.0,1.0,tiingo_historical_seed,
2019-06-12,BND,82.15,82.25,82.13,82.25,66.709850921,66.7910558521,66.6936099348,66.7910558521,1904401,1904401,0.0,1.0,tiingo_historical_seed,
2019-06-13,BND,82.3,82.43,82.29,82.39,66.8316583177,66.9372247281,66.8235378246,66.9047427557,1946283,1946283,0.0,1.0,tiingo_historical_seed,
2019-06-14,BND,82.31,82.42,82.3,82.4,66.8397788108,66.929104235,66.8316583177,66.9128632488,2260730,2260730,0.0,1.0,tiingo_historical_seed,
2019-06-17,BND,82.3,82.43,82.3,82.4,66.8316583177,66.9372247281,66.8316583177,66.9128632488,2792658,2792658,0.0,1.0,tiingo_historical_seed,
2019-06-18,BND,82.66,82.72,82.53,82.59,67.1239960697,67.1727190284,67.0184296593,67.0671526179,3341999,3341999,0.0,1.0,tiingo_historical_seed,
2019-06-19,BND,82.48,82.87,82.45,82.87,66.9778271937,67.2945264251,66.9534657144,67.2945264251,2496930,2496930,0.0,1.0,tiingo_historical_seed,
2019-06-20,BND,83.02,83.13,82.98,83.0,67.4163338218,67.505659246,67.3838518493,67.4000928356,2171573,2171573,0.0,1.0,tiingo_historical_seed,
2019-06-21,BND,82.85,82.87,82.71,82.77,67.2782854389,67.2945264251,67.1645985353,67.213321494,2398107,2398107,0.0,1.0,tiingo_historical_seed,
2019-06-24,BND,82.88,82.97,82.85,82.92,67.3026469182,67.3757313562,67.2782854389,67.3351288907,2803793,2803793,0.0,1.0,tiingo_historical_seed,
2019-06-25,BND,82.99,83.05,82.89,82.95,67.3919723425,67.4406953011,67.3107674113,67.35949037,2699774,2699774,0.0,1.0,tiingo_historical_seed,
2019-06-26,BND,82.93,82.94,82.75,82.76,67.3432493838,67.3513698769,67.1970805077,67.2052010009,2195793,2195793,0.0,1.0,tiingo_historical_seed,
2019-06-27,BND,82.89,83.03,82.83,83.0,67.3107674113,67.4244543149,67.2620444527,67.4000928356,2021365,2021365,0.0,1.0,tiingo_historical_seed,
2019-06-28,BND,82.96,83.09,82.95,83.07,67.3676108631,67.4731772736,67.35949037,67.4569362874,2554639,2554639,0.0,1.0,tiingo_historical_seed,
2019-07-01,BND,82.91,82.95,82.75,82.87,67.4849989775,67.5175571727,67.3547661969,67.4524407824,2358767,2358767,0.194464,1.0,tiingo_historical_seed,
2019-07-02,BND,82.92,83.06,82.86,83.03,67.4931385263,67.6070922093,67.4443012336,67.5826735629,3127148,3127148,0.0,1.0,tiingo_historical_seed,
2019-07-03,BND,83.11,83.22,83.08,83.18,67.6477899532,67.7373249898,67.6233713069,67.7047667947,1720841,1720841,0.0,1.0,tiingo_historical_seed,
2019-07-05,BND,82.83,82.85,82.62,82.79,67.4198825872,67.4361616848,67.2489520627,67.3873243921,2356755,2356755,0.0,1.0,tiingo_historical_seed,
2019-07-08,BND,82.88,82.92,82.76,82.78,67.4605803312,67.4931385263,67.3629057457,67.3791848433,1761500,1761500,0.0,1.0,tiingo_historical_seed,
2019-07-09,BND,82.79,82.79,82.66,82.67,67.3873243921,67.3873243921,67.2815102579,67.2896498067,1839373,1839373,0.0,1.0,tiingo_historical_seed,
2019-07-10,BND,82.77,82.81,82.68,82.74,67.3710452945,67.4036034897,67.2977893555,67.3466266482,2097173,2097173,0.0,1.0,tiingo_historical_seed,
2019-07-11,BND,82.71,82.77,82.43,82.47,67.3222080018,67.3710452945,67.0943006358,67.126858831,3024150,3024150,0.0,1.0,tiingo_historical_seed,
2019-07-12,BND,82.47,82.57,82.44,82.54,67.126858831,67.2082543188,67.1024401846,67.1838356725,2265037,2265037,0.0,1.0,tiingo_historical_seed,
2019-07-15,BND,82.53,82.66,82.53,82.66,67.1756961237,67.2815102579,67.1756961237,67.2815102579,2245920,2245920,0.0,1.0,tiingo_historical_seed,
2019-07-16,BND,82.52,82.58,82.46,82.55,67.1675565749,67.2163938676,67.1187192822,67.1919752212,2294091,2294091,0.0,1.0,tiingo_historical_seed,
2019-07-17,BND,82.67,82.81,82.64,82.8,67.2896498067,67.4036034897,67.2652311603,67.3954639409,2062285,2062285,0.0,1.0,tiingo_historical_seed,
2019-07-18,BND,82.77,82.98,82.73,82.95,67.3710452945,67.541975819,67.3384870994,67.5175571727,3323190,3323190,0.0,1.0,tiingo_historical_seed,
2019-07-19,BND,82.85,82.92,82.81,82.86,67.4361616848,67.4931385263,67.4036034897,67.4443012336,2167269,2167269,0.0,1.0,tiingo_historical_seed,
2019-07-22,BND,83.02,83.03,82.92,82.95,67.5745340141,67.5826735629,67.4931385263,67.5175571727,1725513,1725513,0.0,1.0,tiingo_historical_seed,
2019-07-23,BND,82.91,82.95,82.82,82.88,67.4849989775,67.5175571727,67.4117430384,67.4605803312,1799585,1799585,0.0,1.0,tiingo_historical_seed,
2019-07-24,BND,82.95,83.03,82.93,82.96,67.5175571727,67.5826735629,67.5012780751,67.5256967214,2535785,2535785,0.0,1.0,tiingo_historical_seed,
2019-07-25,BND,82.93,82.95,82.73,82.87,67.5012780751,67.5175571727,67.3384870994,67.4524407824,2199047,2199047,0.0,1.0,tiingo_historical_seed,
2019-07-26,BND,82.92,82.92,82.83,82.87,67.4931385263,67.4931385263,67.4198825872,67.4524407824,2413475,2413475,0.0,1.0,tiingo_historical_seed,
2019-07-29,BND,82.96,82.97,82.88,82.92,67.5256967214,67.5338362702,67.4605803312,67.4931385263,1771919,1771919,0.0,1.0,tiingo_historical_seed,
2019-07-30,BND,82.94,82.95,82.84,82.9,67.5094176239,67.5175571727,67.428022136,67.4768594287,1968772,1968772,0.0,1.0,tiingo_historical_seed,
2019-07-31,BND,82.92,83.15,82.78,83.0,67.4931385263,67.6803481484,67.3791848433,67.5582549166,2628855,2628855,0.0,1.0,tiingo_historical_seed,
2019-08-01,BND,82.97,83.44,82.94,83.4,67.6904540385,68.0739000238,67.6659787628,68.0412663229,3278473,3278473,0.193413,1.0,tiingo_historical_seed,
2019-08-02,BND,83.44,83.52,83.37,83.48,68.0739000238,68.1391674255,68.0167910472,68.1065337246,5392449,5392449,0.0,1.0,tiingo_historical_seed,
2019-08-05,BND,83.76,83.9,83.7,83.84,68.3349696308,68.4491875838,68.2860190795,68.4002370325,4284266,4284266,0.0,1.0,tiingo_historical_seed,
2019-08-06,BND,83.87,84.07,83.83,84.05,68.4247123082,68.5878808125,68.3920786073,68.5715639621,4939661,4939661,0.0,1.0,tiingo_historical_seed,
2019-08-07,BND,84.45,84.5,84.03,84.05,68.8979009708,68.9386930969,68.5552471117,68.5715639621,5516384,5516384,0.0,1.0,tiingo_historical_seed,
2019-08-08,BND,83.9,84.17,83.79,84.12,68.4491875838,68.6694650647,68.3594449064,68.6286729386,3244223,3244223,0.0,1.0,tiingo_historical_seed,
2019-08-09,BND,84.16,84.24,83.95,83.97,68.6613066395,68.7265740413,68.4899797099,68.5062965604,2832794,2832794,0.0,1.0,tiingo_historical_seed,
2019-08-12,BND,84.23,84.41,84.18,84.34,68.718415616,68.86526727,68.6776234899,68.8081582934,3008003,3008003,0.0,1.0,tiingo_historical_seed,
2019-08-13,BND,84.38,84.41,84.13,84.21,68.8407919943,68.86526727,68.6368313639,68.7020987656,3299809,3299809,0.0,1.0,tiingo_historical_seed,
2019-08-14,BND,84.53,84.58,84.45,84.51,68.9631683726,69.0039604987,68.8979009708,68.9468515222,3395815,3395815,0.0,1.0,tiingo_historical_seed,
2019-08-15,BND,84.67,85.02,84.6,84.92,69.0773863257,69.3629312083,69.0202773491,69.2813469561,4358242,4358242,0.0,1.0,tiingo_historical_seed,
2019-08-16,BND,84.77,84.86,84.59,84.83,69.1589705778,69.2323964048,69.0121189239,69.2079211292,3919586,3919586,0.0,1.0,tiingo_historical_seed,
2019-08-19,BND,84.54,84.64,84.5,84.56,68.9713267978,69.05291105,68.9386930969,68.9876436483,3640075,3640075,0.0,1.0,tiingo_historical_seed,
2019-08-20,BND,84.74,84.78,84.68,84.78,69.1344953022,69.1671290031,69.0855447509,69.1671290031,2568094,2568094,0.0,1.0,tiingo_historical_seed,
2019-08-21,BND,84.7,84.89,84.65,84.74,69.1018616013,69.2568716805,69.0610694752,69.1344953022,2532252,2532252,0.0,1.0,tiingo_historical_seed,
2019-08-22,BND,84.65,84.77,84.54,84.58,69.0610694752,69.1589705778,68.9713267978,69.0039604987,3233095,3233095,0.0,1.0,tiingo_historical_seed,
2019-08-23,BND,84.55,84.98,84.52,84.89,68.979485223,69.3302975074,68.9550099474,69.2568716805,3100374,3100374,0.0,1.0,tiingo_historical_seed,
2019-08-26,BND,84.93,84.99,84.78,84.84,69.2895053813,69.3384559327,69.1671290031,69.2160795544,2358827,2358827,0.0,1.0,tiingo_historical_seed,
2019-08-27,BND,84.97,85.14,84.94,85.13,69.3221390822,69.4608323109,69.2976638066,69.4526738857,2451712,2451712,0.0,1.0,tiingo_historical_seed,
2019-08-28,BND,85.29,85.3,85.14,85.16,69.5832086892,69.5913671144,69.4608323109,69.4771491614,3352379,3352379,0.0,1.0,tiingo_historical_seed,
2019-08-29,BND,85.12,85.12,84.95,85.11,69.4445154605,69.4445154605,69.3058222318,69.4363570353,2812386,2812386,0.0,1.0,tiingo_historical_seed,
2019-08-30,BND,85.03,85.17,85.0,85.1,69.3710896335,69.4853075866,69.3466143579,69.4281986101,2861835,2861835,0.0,1.0,tiingo_historical_seed,
2019-09-03,BND,84.98,85.18,84.84,84.99,69.4838193727,69.64734919,69.3693485006,69.4919958636,3345956,3345956,0.188198,1.0,tiingo_historical_seed,
2019-09-04,BND,84.97,85.16,84.95,85.15,69.4756428819,69.6309962083,69.4592899001,69.6228197174,2864128,2864128,0.0,1.0,tiingo_historical_seed,
2019-09-05,BND,84.85,84.9,84.58,84.71,69.3775249915,69.4184074458,69.1567597381,69.2630541194,3162800,3162800,0.0,1.0,tiingo_historical_seed,
2019-09-06,BND,84.76,84.85,84.72,84.81,69.3039365737,69.3775249915,69.2712306102,69.344819028,2764600,2764600,0.0,1.0,tiingo_historical_seed,
2019-09-09,BND,84.47,84.55,84.4,84.42,69.0668183386,69.1322302655,69.0095829025,69.0259358843,2618406,2618406,0.0,1.0,tiingo_historical_seed,
2019-09-10,BND,84.36,84.38,83.96,83.99,68.9768769391,68.9932299208,68.6498173045,68.6743467771,2425913,2425913,0.0,1.0,tiingo_historical_seed,
2019-09-11,BND,83.92,84.04,83.91,83.94,68.617111341,68.7152292314,68.6089348501,68.6334643227,2030200,2030200,0.0,1.0,tiingo_historical_seed,
2019-09-12,BND,84.15,84.18,83.73,83.78,68.8051706309,68.8297001035,68.4617580146,68.5026404689,3025346,3025346,0.0,1.0,tiingo_historical_seed,
2019-09-13,BND,83.62,83.67,83.29,83.3,68.371816615,68.4126990694,68.1019924165,68.1101689074,3111366,3111366,0.0,1.0,tiingo_historical_seed,
2019-09-16,BND,83.53,83.6,83.41,83.52,68.2982281973,68.3554636333,68.2001103069,68.2900517064,2971000,2971000,0.0,1.0,tiingo_historical_seed,
2019-09-17,BND,83.58,83.78,83.51,83.71,68.3391106516,68.5026404689,68.2818752155,68.4454050328,3016714,3016714,0.0,1.0,tiingo_historical_seed,
2019-09-18,BND,83.89,84.04,83.72,83.77,68.5925818684,68.7152292314,68.4535815237,68.494463978,2558377,2558377,0.0,1.0,tiingo_historical_seed,
2019-09-19,BND,83.99,84.01,83.86,83.89,68.6743467771,68.6906997588,68.5680523958,68.5925818684,2631118,2631118,0.0,1.0,tiingo_historical_seed,
2019-09-20,BND,83.99,84.2,83.95,84.19,68.6743467771,68.8460530852,68.6416408136,68.8378765944,2437352,2437352,0.0,1.0,tiingo_historical_seed,
2019-09-23,BND,84.3,84.46,84.24,84.25,68.9278179939,69.0586418477,68.8787590487,68.8869355396,2365777,2365777,0.0,1.0,tiingo_historical_seed,
2019-09-24,BND,84.35,84.56,84.32,84.54,68.9687004482,69.1404067564,68.9441709756,69.1240537746,3043485,3043485,0.0,1.0,tiingo_historical_seed,
2019-09-25,BND,84.44,84.45,84.08,84.14,69.042288866,69.0504653569,68.7479351948,68.79699414,3009534,3009534,0.0,1.0,tiingo_historical_seed,
2019-09-26,BND,84.31,84.37,84.24,84.28,68.9359944847,68.9850534299,68.8787590487,68.9114650121,2909915,2909915,0.0,1.0,tiingo_historical_seed,
2019-09-27,BND,84.27,84.41,84.27,84.37,68.9032885213,69.0177593934,68.9032885213,68.9850534299,2778364,2778364,0.0,1.0,tiingo_historical_seed,
2019-09-30,BND,84.26,84.47,84.23,84.43,68.8951120304,69.0668183386,68.8705825578,69.0341123751,5261820,5261820,0.0,1.0,tiingo_historical_seed,
2019-10-01,BND,84.05,84.52,84.02,84.33,68.8714434193,69.2565663034,68.8468611075,69.1008783289,5383945,5383945,0.181656,1.0,tiingo_historical_seed,
2019-10-02,BND,84.5,84.6,84.42,84.52,69.2401780955,69.3221191347,69.1746252642,69.2565663034,3741396,3741396,0.0,1.0,tiingo_historical_seed,
2019-10-03,BND,84.62,84.93,84.61,84.8,69.3385073425,69.5925245639,69.3303132386,69.486001213,3149702,3149702,0.0,1.0,tiingo_historical_seed,
2019-10-04,BND,84.86,84.98,84.82,84.94,69.5351658365,69.6334950835,69.5023894209,69.6007186679,3309736,3309736,0.0,1.0,tiingo_historical_seed,
2019-10-07,BND,84.8,84.88,84.71,84.72,69.486001213,69.5515540444,69.4122542778,69.4204483817,4701474,4701474,0.0,1.0,tiingo_historical_seed,
2019-10-08,BND,84.91,84.92,84.7,84.76,69.5761363561,69.58433046,69.4040601739,69.4532247974,3877167,3877167,0.0,1.0,tiingo_historical_seed,
2019-10-09,BND,84.78,84.78,84.59,84.66,69.4696130052,69.4696130052,69.3139250308,69.3712837582,3187948,3187948,0.0,1.0,tiingo_historical_seed,
2019-10-10,BND,84.57,84.59,84.35,84.4,69.2975368229,69.3139250308,69.1172665368,69.1582370564,3683380,3683380,0.0,1.0,tiingo_historical_seed,
2019-10-11,BND,84.15,84.17,83.96,84.09,68.9533844584,68.9697726663,68.797696484,68.9042198349,3398221,3398221,0.0,1.0,tiingo_historical_seed,
2019-10-14,BND,84.24,84.25,84.17,84.23,69.0271313937,69.0353254976,68.9697726663,69.0189372898,1601032,1601032,0.0,1.0,tiingo_historical_seed,
2019-10-15,BND,84.18,84.23,83.97,84.01,68.9779667702,69.0189372898,68.8058905879,68.8386670036,2408673,2408673,0.0,1.0,tiingo_historical_seed,
2019-10-16,BND,84.05,84.15,84.02,84.1,68.8714434193,68.9533844584,68.8468611075,68.9124139389,2550978,2550978,0.0,1.0,tiingo_historical_seed,
2019-10-17,BND,84.08,84.21,84.02,84.1,68.896025731,69.0025490819,68.8468611075,68.9124139389,2420590,2420590,0.0,1.0,tiingo_historical_seed,
2019-10-18,BND,84.14,84.24,84.13,84.14,68.9451903545,69.0271313937,68.9369962506,68.9451903545,2468662,2468662,0.0,1.0,tiingo_historical_seed,
2019-10-21,BND,84.05,84.09,83.94,83.94,68.8714434193,68.9042198349,68.7813082762,68.7813082762,2329278,2329278,0.0,1.0,tiingo_historical_seed,
2019-10-22,BND,84.11,84.14,83.97,84.09,68.9206080428,68.9451903545,68.8058905879,68.9042198349,4545584,4545584,0.0,1.0,tiingo_historical_seed,
2019-10-23,BND,84.22,84.25,84.12,84.13,69.0107431859,69.0353254976,68.9288021467,68.9369962506,4250429,4250429,0.0,1.0,tiingo_historical_seed,
2019-10-24,BND,84.18,84.27,84.12,84.14,68.9779667702,69.0517137054,68.9288021467,68.9451903545,2354279,2354279,0.0,1.0,tiingo_historical_seed,
2019-10-25,BND,84.19,84.19,83.95,84.0,68.9861608741,68.9861608741,68.7895023801,68.8304728997,2157535,2157535,0.0,1.0,tiingo_historical_seed,
2019-10-28,BND,83.84,83.85,83.76,83.82,68.699367237,68.7075613409,68.6338144057,68.6829790292,2862019,2862019,0.0,1.0,tiingo_historical_seed,
2019-10-29,BND,83.93,83.93,83.82,83.84,68.7731141723,68.7731141723,68.6829790292,68.699367237,2729810,2729810,0.0,1.0,tiingo_historical_seed,
2019-10-30,BND,83.94,84.12,83.89,84.11,68.7813082762,68.9288021467,68.7403377566,68.9206080428,2832272,2832272,0.0,1.0,tiingo_historical_seed,
2019-10-31,BND,84.34,84.52,84.3,84.51,69.1090724329,69.2565663034,69.0762960172,69.2483721994,3082058,3082058,0.0,1.0,tiingo_historical_seed,
2019-11-01,BND,84.25,84.36,84.11,84.25,69.1871663402,69.2774997325,69.0721965683,69.1871663402,2771892,2771892,0.185305,1.0,tiingo_historical_seed,
2019-11-04,BND,84.05,84.06,83.96,84.01,69.0229238089,69.0311359354,68.9490146697,68.9900753026,2444592,2444592,0.0,1.0,tiingo_historical_seed,
2019-11-05,BND,83.79,83.8,83.62,83.72,68.8094085181,68.8176206446,68.6698023664,68.7519236321,2890828,2890828,0.0,1.0,tiingo_historical_seed,
2019-11-06,BND,83.75,83.94,83.73,83.9,68.7765600118,68.9325904166,68.7601357587,68.8997419103,3147064,3147064,0.0,1.0,tiingo_historical_seed,
2019-11-07,BND,83.62,83.62,83.26,83.47,68.6698023664,68.6698023664,68.3741658099,68.5466204679,3767238,3767238,0.0,1.0,tiingo_historical_seed,
2019-11-08,BND,83.45,83.59,83.38,83.39,68.5301962147,68.6451659867,68.4727113288,68.4809234553,2130586,2130586,0.0,1.0,tiingo_historical_seed,
2019-11-11,BND,83.5,83.53,83.38,83.44,68.5712568476,68.5958932273,68.4727113288,68.5219840882,1926194,1926194,0.0,1.0,tiingo_historical_seed,
2019-11-12,BND,83.47,83.55,83.38,83.49,68.5466204679,68.6123174804,68.4727113288,68.563044721,3072659,3072659,0.0,1.0,tiingo_historical_seed,
2019-11-13,BND,83.66,83.71,83.59,83.64,68.7026508727,68.7437115055,68.6451659867,68.6862266195,2690912,2690912,0.0,1.0,tiingo_historical_seed,
2019-11-14,BND,83.93,83.96,83.87,83.88,68.92437829,68.9490146697,68.8751055306,68.8833176572,2299695,2299695,0.0,1.0,tiingo_historical_seed,
2019-11-15,BND,83.82,83.92,83.8,83.85,68.8340448978,68.9161661635,68.8176206446,68.8586812775,2342248,2342248,0.0,1.0,tiingo_historical_seed,
2019-11-18,BND,83.99,84.04,83.95,83.97,68.9736510494,69.0147116823,68.9408025432,68.9572267963,3652026,3652026,0.0,1.0,tiingo_historical_seed,
2019-11-19,BND,83.98,84.1,83.97,84.06,68.9654389229,69.0639844417,68.9572267963,69.0311359354,3712606,3712606,0.0,1.0,tiingo_historical_seed,
2019-11-20,BND,84.21,84.3,84.15,84.29,69.154317834,69.2282269731,69.1050450745,69.2200148465,4924254,4924254,0.0,1.0,tiingo_historical_seed,
2019-11-21,BND,84.18,84.19,84.07,84.15,69.1296814543,69.1378935808,69.039348062,69.1050450745,2779609,2779609,0.0,1.0,tiingo_historical_seed,
2019-11-22,BND,84.24,84.25,84.13,84.2,69.1789542137,69.1871663402,69.0886208214,69.1461057074,3119670,3119670,0.0,1.0,tiingo_historical_seed,
2019-11-25,BND,84.26,84.31,84.23,84.28,69.1953784668,69.2364390996,69.1707420871,69.2118027199,3444711,3444711,0.0,1.0,tiingo_historical_seed,
2019-11-26,BND,84.4,84.44,84.35,84.42,69.3103482388,69.343196745,69.2692876059,69.3267724919,3207485,3207485,0.0,1.0,tiingo_historical_seed,
2019-11-27,BND,84.31,84.35,84.27,84.29,69.2364390996,69.2692876059,69.2035905934,69.2200148465,2293023,2293023,0.0,1.0,tiingo_historical_seed,
2019-11-29,BND,84.29,84.31,84.19,84.29,69.2200148465,69.2364390996,69.1378935808,69.2200148465,2535129,2535129,0.0,1.0,tiingo_historical_seed,
2019-12-02,BND,83.83,83.89,83.76,83.89,68.9899523465,69.0393308165,68.9323441315,69.0393308165,3746184,3746184,0.179979,1.0,tiingo_historical_seed,
2019-12-03,BND,84.17,84.43,84.13,84.34,69.2697636766,69.4837370466,69.2368446966,69.4096693416,3393662,3393662,0.0,1.0,tiingo_historical_seed,
2019-12-04,BND,84.26,84.28,84.06,84.17,69.3438313816,69.3602908716,69.1792364816,69.2697636766,3876819,3876819,0.0,1.0,tiingo_historical_seed,
2019-12-05,BND,84.04,84.13,83.98,84.08,69.1627769916,69.2368446966,69.1133985215,69.1956959716,2849979,2849979,0.0,1.0,tiingo_historical_seed,
2019-12-06,BND,83.91,84.1,83.87,83.97,69.0557903065,69.2121554616,69.0228713265,69.1051687765,4121694,4121694,0.0,1.0,tiingo_historical_seed,
2019-12-09,BND,84.08,84.09,83.98,83.99,69.1956959716,69.2039257166,69.1133985215,69.1216282665,2807026,2807026,0.0,1.0,tiingo_historical_seed,
2019-12-10,BND,84.04,84.05,83.9,83.93,69.1627769916,69.1710067366,69.0475605615,69.0722497965,2700549,2700549,0.0,1.0,tiingo_historical_seed,
2019-12-11,BND,84.07,84.25,84.04,84.21,69.1874662266,69.3356016366,69.1627769916,69.3026826566,2581846,2581846,0.0,1.0,tiingo_historical_seed,
2019-12-12,BND,84.15,84.16,83.71,83.81,69.2533041866,69.2615339316,68.8911954065,68.9734928565,4646034,4646034,0.0,1.0,tiingo_historical_seed,
2019-12-13,BND,84.03,84.23,83.86,84.19,69.1545472466,69.3191421466,69.0146415815,69.2862231666,3877675,3877675,0.0,1.0,tiingo_historical_seed,
2019-12-16,BND,84.05,84.07,83.94,83.96,69.1710067366,69.1874662266,69.0804795415,69.0969390315,2876493,2876493,0.0,1.0,tiingo_historical_seed,
2019-12-17,BND,84.08,84.1,83.94,83.97,69.1956959716,69.2121554616,69.0804795415,69.1051687765,3282674,3282674,0.0,1.0,tiingo_historical_seed,
2019-12-18,BND,83.99,83.99,83.8,83.86,69.1216282665,69.1216282665,68.9652631115,69.0146415815,3786078,3786078,0.0,1.0,tiingo_historical_seed,
2019-12-19,BND,83.88,83.99,83.83,83.92,69.0311010715,69.1216282665,68.9899523465,69.0640200515,3240593,3240593,0.0,1.0,tiingo_historical_seed,
2019-12-20,BND,83.87,83.96,83.82,83.94,69.0228713265,69.0969390315,68.9817226015,69.0804795415,3646272,3646272,0.0,1.0,tiingo_historical_seed,
2019-12-23,BND,83.79,83.8,83.63,83.7,69.1113290539,69.1195772135,68.9793585008,69.0370956178,4192514,4192514,0.187284,1.0,tiingo_historical_seed,
2019-12-24,BND,83.63,83.8,83.61,83.78,68.9793585008,69.1195772135,68.9628621816,69.1030808944,1682767,1682767,0.0,1.0,tiingo_historical_seed,
2019-12-26,BND,83.82,83.86,83.72,83.86,69.1360735327,69.1690661709,69.0535919369,69.1690661709,2036389,2036389,0.0,1.0,tiingo_historical_seed,
2019-12-27,BND,83.96,83.99,83.93,83.98,69.2515477667,69.2762922454,69.2268032879,69.2680440858,1940289,1940289,0.0,1.0,tiingo_historical_seed,
2019-12-30,BND,83.76,83.95,83.73,83.95,69.0865845752,69.2432996071,69.0618400965,69.2432996071,2561955,2561955,0.0,1.0,tiingo_historical_seed,
2019-12-31,BND,83.85,83.92,83.77,83.86,69.1608180114,69.2185551284,69.0948327348,69.1690661709,5931296,5931296,0.0,1.0,tiingo_historical_seed,
2020-01-02,BND,83.98,84.11,83.93,83.97,69.2680440858,69.3752701602,69.2268032879,69.2597959262,5511031,5511031,0.0,1.0,tiingo_historical_seed,
2020-01-03,BND,84.18,84.29,84.1,84.27,69.4330072772,69.5237370325,69.3670220007,69.5072407134,5368262,5368262,0.0,1.0,tiingo_historical_seed,
2020-01-06,BND,84.3,84.31,84.11,84.17,69.5319851921,69.5402333517,69.3752701602,69.4247591177,3710404,3710404,0.0,1.0,tiingo_historical_seed,
2020-01-07,BND,84.2,84.2,84.07,84.1,69.4495035964,69.4495035964,69.342277522,69.3670220007,3030363,3030363,0.0,1.0,tiingo_historical_seed,
2020-01-08,BND,84.13,84.2,83.9,83.97,69.3917664794,69.4495035964,69.2020588092,69.2597959262,3674359,3674359,0.0,1.0,tiingo_historical_seed,
2020-01-09,BND,83.91,84.1,83.86,84.07,69.2103069688,69.3670220007,69.1690661709,69.342277522,5886584,5886584,0.0,1.0,tiingo_historical_seed,
2020-01-10,BND,84.16,84.24,84.1,84.21,69.4165109581,69.4824962347,69.3670220007,69.457751756,4525741,4525741,0.0,1.0,tiingo_historical_seed,
2020-01-13,BND,84.18,84.18,84.1,84.16,69.4330072772,69.4330072772,69.3670220007,69.4165109581,3735617,3735617,0.0,1.0,tiingo_historical_seed,
2020-01-14,BND,84.2,84.29,84.18,84.28,69.4495035964,69.5237370325,69.4330072772,69.515488873,3492308,3492308,0.0,1.0,tiingo_historical_seed,
2020-01-15,BND,84.4,84.41,84.31,84.41,69.6144667878,69.6227149474,69.5402333517,69.6227149474,2594286,2594286,0.0,1.0,tiingo_historical_seed,
2020-01-16,BND,84.37,84.43,84.31,84.36,69.5897223091,69.6392112665,69.5402333517,69.5814741495,4784127,4784127,0.0,1.0,tiingo_historical_seed,
2020-01-17,BND,84.27,84.36,84.25,84.35,69.5072407134,69.5814741495,69.4907443942,69.57322599,3090581,3090581,0.0,1.0,tiingo_historical_seed,
2020-01-21,BND,84.49,84.59,84.42,84.56,69.688700224,69.7711818197,69.630963107,69.746437341,2910543,2910543,0.0,1.0,tiingo_historical_seed,
2020-01-22,BND,84.59,84.63,84.56,84.63,69.7711818197,69.804174458,69.746437341,69.804174458,4192095,4192095,0.0,1.0,tiingo_historical_seed,
2020-01-23,BND,84.78,84.83,84.72,84.78,69.9278968516,69.9691376494,69.8784078941,69.9278968516,3104791,3104791,0.0,1.0,tiingo_historical_seed,
2020-01-24,BND,84.83,85.0,84.8,84.91,69.9691376494,70.1093563622,69.9443931707,70.035122926,4548422,4548422,0.0,1.0,tiingo_historical_seed,
2020-01-27,BND,85.17,85.2,85.1,85.19,70.2495750749,70.2743195536,70.1918379579,70.266071394,3208585,3208585,0.0,1.0,tiingo_historical_seed,
2020-01-28,BND,85.13,85.14,84.98,85.04,70.2165824366,70.2248305962,70.092860043,70.1423490004,3993448,3993448,0.0,1.0,tiingo_historical_seed,
2020-01-29,BND,85.17,85.33,85.14,85.28,70.2495750749,70.381545628,70.2248305962,70.3403048302,4177530,4177530,0.0,1.0,tiingo_historical_seed,
2020-01-30,BND,85.36,85.45,85.2334,85.3,70.4062901067,70.4805235429,70.3018684066,70.3568011493,4795873,4795873,0.0,1.0,tiingo_historical_seed,
2020-01-31,BND,85.4,85.58,85.38,85.52,70.439282745,70.5877496173,70.4227864259,70.5382606599,6264189,6264189,0.0,1.0,tiingo_historical_seed,
2020-02-03,BND,85.22,85.3,85.09,85.26,70.4412758127,70.507402333,70.3338202171,70.4743390728,6030807,6030807,0.182502,1.0,tiingo_historical_seed,
2020-02-04,BND,85.03,85.04,84.92,85.0,70.2842253268,70.2924911419,70.1933013613,70.2594278817,4180876,4180876,0.0,1.0,tiingo_historical_seed,
2020-02-05,BND,84.89,84.935,84.83,84.86,70.1685039162,70.2057000839,70.1189090259,70.143706471,3537490,3537490,0.0,1.0,tiingo_historical_seed,
2020-02-06,BND,84.91,84.96,84.85,84.94,70.1850355463,70.2263646215,70.135440656,70.2098329914,3435712,3435712,0.0,1.0,tiingo_historical_seed,
2020-02-07,BND,85.17,85.23,85.11,85.2,70.3999467374,70.4495416277,70.3503518472,70.4247441826,4169654,4169654,0.0,1.0,tiingo_historical_seed,
2020-02-10,BND,85.35,85.39,85.27,85.33,70.5487314082,70.5817946684,70.4826048879,70.5321997782,2785507,2785507,0.0,1.0,tiingo_historical_seed,
2020-02-11,BND,85.29,85.32,85.18,85.19,70.499136518,70.5239339631,70.4082125525,70.4164783675,3799723,3799723,0.0,1.0,tiingo_historical_seed,
2020-02-12,BND,85.1,85.13,85.05,85.09,70.3420860321,70.3668834773,70.3007569569,70.3338202171,4127518,4127518,0.0,1.0,tiingo_historical_seed,
2020-02-13,BND,85.14,85.23,85.1,85.17,70.3751492923,70.4495416277,70.3420860321,70.3999467374,2852549,2852549,0.0,1.0,tiingo_historical_seed,
2020-02-14,BND,85.32,85.34,85.25,85.26,70.5239339631,70.5404655932,70.4660732578,70.4743390728,3069003,3069003,0.0,1.0,tiingo_historical_seed,
2020-02-18,BND,85.43,85.47,85.32,85.39,70.6148579286,70.6479211888,70.5239339631,70.5817946684,3645200,3645200,0.0,1.0,tiingo_historical_seed,
2020-02-19,BND,85.36,85.43,85.32,85.38,70.5569972233,70.6148579286,70.5239339631,70.5735288534,3109554,3109554,0.0,1.0,tiingo_historical_seed,
2020-02-20,BND,85.48,85.59,85.45,85.59,70.6561870038,70.7471109693,70.6313895587,70.7471109693,8404029,8404029,0.0,1.0,tiingo_historical_seed,
2020-02-21,BND,85.76,85.93,85.73,85.8,70.8876298251,71.0281486809,70.86283238,70.9206930853,6561515,6561515,0.0,1.0,tiingo_historical_seed,
2020-02-24,BND,86.17,86.19,86.06,86.07,71.2265282419,71.243059872,71.1356042764,71.1438700915,6314531,6314531,0.0,1.0,tiingo_historical_seed,
2020-02-25,BND,86.09,86.25,86.07,86.14,71.1604017216,71.2926547623,71.1438700915,71.2017307968,7928867,7928867,0.0,1.0,tiingo_historical_seed,
2020-02-26,BND,86.08,86.29,86.0,86.09,71.1521359065,71.3257180225,71.0860093862,71.1604017216,8016017,8016017,0.0,1.0,tiingo_historical_seed,
2020-02-27,BND,86.26,86.38,86.12,86.19,71.3009205773,71.4001103579,71.1851991667,71.243059872,9514568,9514568,0.0,1.0,tiingo_historical_seed,
2020-02-28,BND,86.52,86.87,86.4,86.76,71.5158317685,71.8051352951,71.416641988,71.7142113296,16377254,16377254,0.0,1.0,tiingo_historical_seed,
2020-03-02,BND,86.82,86.91,86.5,86.53,71.9070767332,71.9816175868,71.6420425873,71.6668895384,10154412,10154412,0.17275,1.0,tiingo_historical_seed,
2020-03-03,BND,86.57,87.52,86.54,87.05,71.7000188067,72.4868389276,71.6751718555,72.0975700257,9324080,9324080,0.0,1.0,tiingo_historical_seed,
2020-03-04,BND,87.26,87.4,87.0,87.03,72.271498684,72.3874511229,72.0561584404,72.0810053916,7445933,7445933,0.0,1.0,tiingo_historical_seed,
2020-03-05,BND,87.38,87.5,87.28,87.36,72.3708864887,72.4702742935,72.2880633181,72.3543218546,5385160,5385160,0.0,1.0,tiingo_historical_seed,
2020-03-06,BND,88.21,88.26,87.66,87.96,73.0583188049,73.0997303902,72.6027913665,72.8512608783,10176610,10176610,0.0,1.0,tiingo_historical_seed,
2020-03-09,BND,89.26,89.32,87.72,87.77,73.9279620964,73.9776559988,72.6524852688,72.6938968541,12445580,12445580,0.0,1.0,tiingo_historical_seed,
2020-03-10,BND,87.44,87.69,86.59,86.59,72.4205803911,72.6276383177,71.7165834408,71.7165834408,14177551,14177551,0.0,1.0,tiingo_historical_seed,
2020-03-11,BND,86.78,87.24,84.87,84.95,71.873947465,72.2549340499,70.2920249061,70.3582834426,10512436,10512436,0.0,1.0,tiingo_historical_seed,
2020-03-12,BND,83.48,84.89,76.49,80.33,69.1407828345,70.3085895403,63.3514432081,66.5318529599,16986883,16986883,0.0,1.0,tiingo_historical_seed,
2020-03-13,BND,81.69,84.45,81.5,83.72,67.6582480804,69.9441675895,67.5008840562,69.339558444,14137618,14137618,0.0,1.0,tiingo_historical_seed,
2020-03-16,BND,81.32,84.65,79.51,84.6,67.3518023491,70.1098139308,65.8527029608,70.0684023455,8411022,8411022,0.0,1.0,tiingo_historical_seed,
2020-03-17,BND,83.55,84.72,82.79,82.85,69.1987590539,70.1677901502,68.5693029572,68.6189968596,13629756,13629756,0.0,1.0,tiingo_historical_seed,
2020-03-18,BND,81.44,82.67,80.31,80.85,67.4511901538,68.4699151525,66.5152883258,66.9625334472,10076802,10076802,0.0,1.0,tiingo_historical_seed,
2020-03-19,BND,79.74,81.58,79.58,80.8,66.0431962533,67.5671425927,65.9106791803,66.9211218619,11007159,11007159,0.0,1.0,tiingo_historical_seed,
2020-03-20,BND,80.7,82.55,80.69,82.17,66.8382986912,68.3705273477,66.8300163742,68.0557992994,8864563,8864563,0.0,1.0,tiingo_historical_seed,
2020-03-23,BND,81.21,83.99,81.2,83.99,67.2606968614,69.5631810047,67.2524145443,69.5631810047,10973270,10973270,0.0,1.0,tiingo_historical_seed,
2020-03-24,BND,82.95,84.24,82.74,84.08,68.7018200302,69.7702389312,68.5278913719,69.6377218582,9371362,9371362,0.0,1.0,tiingo_historical_seed,
2020-03-25,BND,84.14,85.65,84.14,85.21,69.6874157606,70.938045637,69.6874157606,70.5736236862,9655590,9655590,0.0,1.0,tiingo_historical_seed,
2020-03-26,BND,85.05,85.69,85.04,85.6,70.4411066133,70.9711749052,70.4328242962,70.8966340517,10803957,10803957,0.0,1.0,tiingo_historical_seed,
2020-03-27,BND,85.37,86.14,85.21,86.06,70.7061407592,71.343879173,70.5736236862,71.2776206365,4975473,4975473,0.0,1.0,tiingo_historical_seed,
2020-03-30,BND,86.02,86.57,86.02,86.15,71.2444913683,71.7000188067,71.2444913683,71.3521614901,6030860,6030860,0.0,1.0,tiingo_historical_seed,
2020-03-31,BND,86.25,86.42,85.35,85.35,71.4349846607,71.5757840508,70.6895761251,70.6895761251,8525055,8525055,0.0,1.0,tiingo_historical_seed,
2020-04-01,BND,86.12,86.26,85.55,85.6,71.4860194803,71.602229916,71.0128769918,71.0543807189,5995084,5995084,0.190462,1.0,tiingo_historical_seed,
2020-04-02,BND,86.12,86.18,85.89,86.0,71.4860194803,71.5358239527,71.2951023358,71.3864105353,6356131,6356131,0.0,1.0,tiingo_historical_seed,
2020-04-03,BND,86.05,86.13,85.83,85.96,71.4279142624,71.4943202257,71.2452978634,71.3532075537,4151375,4151375,0.0,1.0,tiingo_historical_seed,
2020-04-06,BND,86.3,86.3,86.0,86.23,71.6354328977,71.6354328977,71.3864105353,71.5773276798,4373146,4373146,0.0,1.0,tiingo_historical_seed,
2020-04-07,BND,86.23,86.39,86.06,86.31,71.5773276798,71.7101396064,71.4362150078,71.6437336431,6009569,6009569,0.0,1.0,tiingo_historical_seed,
2020-04-08,BND,86.3,86.53,86.2,86.53,71.6354328977,71.8263500421,71.5524254436,71.8263500421,4572378,4572378,0.0,1.0,tiingo_historical_seed,
2020-04-09,BND,86.75,87.48,86.75,87.48,72.0089664412,72.6149208562,72.0089664412,72.6149208562,5070719,5070719,0.0,1.0,tiingo_historical_seed,
2020-04-13,BND,87.39,87.39,86.94,87.2,72.5402141475,72.5402141475,72.166680604,72.3824999847,7018100,7018100,0.0,1.0,tiingo_historical_seed,
2020-04-14,BND,87.39,87.39,87.11,87.2,72.5402141475,72.5402141475,72.307793276,72.3824999847,5818330,5818330,0.0,1.0,tiingo_historical_seed,
2020-04-15,BND,87.24,87.65,87.2,87.63,72.4157029663,72.7560335282,72.3824999847,72.7394320374,3922557,3922557,0.0,1.0,tiingo_historical_seed,
2020-04-16,BND,87.63,87.8,87.5,87.68,72.7394320374,72.8805447093,72.631522347,72.7809357644,3459643,3459643,0.0,1.0,tiingo_historical_seed,
2020-04-17,BND,87.71,87.86,87.42,87.56,72.8058380006,72.9303491818,72.5651163837,72.6813268195,3528318,3528318,0.0,1.0,tiingo_historical_seed,
2020-04-20,BND,87.53,87.54,87.34,87.42,72.6564245832,72.6647253287,72.4987104204,72.5651163837,3705211,3705211,0.0,1.0,tiingo_historical_seed,
2020-04-21,BND,87.7,87.71,87.44,87.53,72.7975372552,72.8058380006,72.5817178745,72.6564245832,4513026,4513026,0.0,1.0,tiingo_historical_seed,
2020-04-22,BND,87.45,87.52,87.33,87.46,72.59001862,72.6481238378,72.490409675,72.5983193654,3240189,3240189,0.0,1.0,tiingo_historical_seed,
2020-04-23,BND,87.57,87.67,87.5,87.6,72.6896275649,72.772635019,72.631522347,72.7145298011,2587226,2587226,0.0,1.0,tiingo_historical_seed,
2020-04-24,BND,87.56,87.62,87.47,87.57,72.6813268195,72.7311312919,72.6066201108,72.6896275649,2272585,2272585,0.0,1.0,tiingo_historical_seed,
2020-04-27,BND,87.53,87.55,87.24,87.26,72.6564245832,72.6730260741,72.4157029663,72.4323044571,3117447,3117447,0.0,1.0,tiingo_historical_seed,
2020-04-28,BND,87.5,87.55,87.4,87.52,72.631522347,72.6730260741,72.5485148929,72.6481238378,3118827,3118827,0.0,1.0,tiingo_historical_seed,
2020-04-29,BND,87.64,87.71,87.48,87.58,72.7477327828,72.8058380006,72.6149208562,72.6979283103,4867564,4867564,0.0,1.0,tiingo_historical_seed,
2020-04-30,BND,87.69,87.72,87.5,87.51,72.7892365098,72.8141387461,72.631522347,72.6398230924,5390123,5390123,0.0,1.0,tiingo_historical_seed,
2020-05-01,BND,87.38,87.45,87.16,87.3,72.6763541025,72.7345750316,72.4933740395,72.6098158978,4857137,4857137,0.17385,1.0,tiingo_historical_seed,
2020-05-04,BND,87.34,87.42,87.27,87.39,72.6430850001,72.7096232048,72.584864071,72.6846713781,7276646,7276646,0.0,1.0,tiingo_historical_seed,
2020-05-05,BND,87.31,87.37,87.28,87.31,72.6181331733,72.6680368269,72.5931813466,72.6181331733,3625562,3625562,0.0,1.0,tiingo_historical_seed,
2020-05-06,BND,87.24,87.28,86.86,86.92,72.5599122442,72.5931813466,72.2438557718,72.2937594253,5007166,5007166,0.0,1.0,tiingo_historical_seed,
2020-05-07,BND,87.18,87.24,86.97,87.2,72.5100085907,72.5599122442,72.3353458033,72.5266431419,3425706,3425706,0.0,1.0,tiingo_historical_seed,
2020-05-08,BND,87.13,87.17,86.9,86.95,72.4684222127,72.5016913151,72.2771248742,72.3187112521,3078866,3078866,0.0,1.0,tiingo_historical_seed,
2020-05-11,BND,86.93,86.97,86.63,86.68,72.3020767009,72.3353458033,72.0525584332,72.0941448112,4344280,4344280,0.0,1.0,tiingo_historical_seed,
2020-05-12,BND,86.87,87.07,86.78,86.96,72.2521730474,72.4185185592,72.1773175671,72.3270285277,3942959,3942959,0.0,1.0,tiingo_historical_seed,
2020-05-13,BND,87.14,87.19,87.01,87.06,72.4767394883,72.5183258663,72.3686149057,72.4102012836,2628984,2628984,0.0,1.0,tiingo_historical_seed,
2020-05-14,BND,87.23,87.3,87.18,87.3,72.5515949686,72.6098158978,72.5100085907,72.6098158978,2844751,2844751,0.0,1.0,tiingo_historical_seed,
2020-05-15,BND,87.51,87.51,87.28,87.35,72.7844786851,72.7844786851,72.5931813466,72.6514022757,2871285,2871285,0.0,1.0,tiingo_historical_seed,
2020-05-18,BND,87.39,87.39,87.07,87.19,72.6846713781,72.6846713781,72.4185185592,72.5183258663,3573687,3573687,0.0,1.0,tiingo_historical_seed,
2020-05-19,BND,87.27,87.31,87.16,87.3,72.584864071,72.6181331733,72.4933740395,72.6098158978,3083088,3083088,0.0,1.0,tiingo_historical_seed,
2020-05-20,BND,87.37,87.57,87.27,87.53,72.6680368269,72.8343823387,72.584864071,72.8011132363,4388574,4388574,0.0,1.0,tiingo_historical_seed,
2020-05-21,BND,87.6,87.69,87.56,87.62,72.8593341654,72.9341896458,72.8260650631,72.8759687166,5762048,5762048,0.0,1.0,tiingo_historical_seed,
2020-05-22,BND,87.68,87.68,87.61,87.65,72.9258723702,72.9258723702,72.867651441,72.9009205434,3710568,3710568,0.0,1.0,tiingo_historical_seed,
2020-05-26,BND,87.66,87.66,87.53,87.6,72.909237819,72.909237819,72.8011132363,72.8593341654,5193908,5193908,0.0,1.0,tiingo_historical_seed,
2020-05-27,BND,87.75,87.78,87.57,87.64,72.9840932993,73.0090451261,72.8343823387,72.8926032678,7606511,7606511,0.0,1.0,tiingo_historical_seed,
2020-05-28,BND,87.55,87.67,87.5,87.67,72.8177477875,72.9175550946,72.7761614095,72.9175550946,7383028,7383028,0.0,1.0,tiingo_historical_seed,
2020-05-29,BND,87.72,87.94,87.63,87.92,72.9591414725,73.1421215355,72.8842859922,73.1254869843,6196540,6196540,0.0,1.0,tiingo_historical_seed,
2020-06-01,BND,87.59,87.68,87.55,87.68,72.9912185389,73.0662180785,72.9578854102,73.0662180785,4345566,4345566,0.16874,1.0,tiingo_historical_seed,
2020-06-02,BND,87.67,87.75,87.63,87.75,73.0578847963,73.1245510537,73.0245516676,73.1245510537,5445532,5445532,0.0,1.0,tiingo_historical_seed,
2020-06-03,BND,87.63,87.68,87.46,87.55,73.0245516676,73.0662180785,72.8828858707,72.9578854102,5036487,5036487,0.0,1.0,tiingo_historical_seed,
2020-06-04,BND,87.61,87.64,87.3,87.34,73.0078851033,73.0328849498,72.749553356,72.7828864846,6341774,6341774,0.0,1.0,tiingo_historical_seed,
2020-06-05,BND,87.2,87.33,87.03,87.33,72.6662205342,72.7745532025,72.5245547373,72.7745532025,6465646,6465646,0.0,1.0,tiingo_historical_seed,
2020-06-08,BND,87.28,87.49,87.22,87.42,72.7328867916,72.9078857172,72.6828870986,72.849552742,4491047,4491047,0.0,1.0,tiingo_historical_seed,
2020-06-09,BND,87.59,87.62,87.48,87.48,72.9912185389,73.0162183854,72.899552435,72.899552435,5445629,5445629,0.0,1.0,tiingo_historical_seed,
2020-06-10,BND,87.64,87.85,87.5,87.85,73.0328849498,73.2078838754,72.9162189994,73.2078838754,3951550,3951550,0.0,1.0,tiingo_historical_seed,
2020-06-11,BND,87.94,87.94,87.68,87.69,73.2828834149,73.2828834149,73.0662180785,73.0745513606,5026575,5026575,0.0,1.0,tiingo_historical_seed,
2020-06-12,BND,87.83,87.91,87.69,87.78,73.191217311,73.2578835684,73.0745513606,73.1495509002,4087311,4087311,0.0,1.0,tiingo_historical_seed,
2020-06-15,BND,87.86,88.06,87.79,87.96,73.2162171575,73.382882801,73.1578841823,73.2995499793,4486267,4486267,0.0,1.0,tiingo_historical_seed,
2020-06-16,BND,88.09,88.09,87.78,87.85,73.4078826475,73.4078826475,73.1495509002,73.2078838754,9338751,9338751,0.0,1.0,tiingo_historical_seed,
2020-06-17,BND,87.93,87.94,87.71,87.87,73.2745501327,73.2828834149,73.091217925,73.2245504397,3900342,3900342,0.0,1.0,tiingo_historical_seed,
2020-06-18,BND,87.94,88.0,87.88,87.97,73.2828834149,73.3328831079,73.2328837219,73.3078832614,2988826,2988826,0.0,1.0,tiingo_historical_seed,
2020-06-19,BND,87.94,88.02,87.94,88.0,73.2828834149,73.3495496723,73.2828834149,73.3328831079,2606355,2606355,0.0,1.0,tiingo_historical_seed,
2020-06-22,BND,88.12,88.16,87.95,87.97,73.432882494,73.4662156227,73.2912166971,73.3078832614,3048351,3048351,0.0,1.0,tiingo_historical_seed,
2020-06-23,BND,88.01,88.02,87.91,87.93,73.3412163901,73.3495496723,73.2578835684,73.2745501327,3037189,3037189,0.0,1.0,tiingo_historical_seed,
2020-06-24,BND,87.91,88.0,87.85,87.94,73.2578835684,73.3328831079,73.2078838754,73.2828834149,3256681,3256681,0.0,1.0,tiingo_historical_seed,
2020-06-25,BND,88.13,88.14,88.0,88.03,73.4412157762,73.4495490583,73.3328831079,73.3578829545,4318357,4318357,0.0,1.0,tiingo_historical_seed,
2020-06-26,BND,88.17,88.21,88.05,88.19,73.4745489049,73.5078820335,73.3745495188,73.4912154692,2911719,2911719,0.0,1.0,tiingo_historical_seed,
2020-06-29,BND,88.22,88.2599,88.125,88.25,73.5162153157,73.5494651116,73.4370491351,73.5412151622,3047321,3047321,0.0,1.0,tiingo_historical_seed,
2020-06-30,BND,88.35,88.36,88.17,88.34,73.6245479839,73.6328812661,73.4745489049,73.6162147018,5405880,5405880,0.0,1.0,tiingo_historical_seed,
2020-07-01,BND,88.14,88.2,88.0,88.2,73.5847845013,73.6348762539,73.4679037454,73.6348762539,3569200,3569200,0.162394,1.0,tiingo_historical_seed,
2020-07-02,BND,88.23,88.34,88.17,88.34,73.6599221301,73.7517570098,73.6098303776,73.7517570098,4007023,4007023,0.0,1.0,tiingo_historical_seed,
2020-07-06,BND,88.25,88.33,88.18,88.31,73.676619381,73.7434083844,73.618179003,73.7267111335,4026800,4026800,0.0,1.0,tiingo_historical_seed,
2020-07-07,BND,88.37,88.45,88.29,88.45,73.7768028861,73.8435918895,73.7100138827,73.8435918895,3300800,3300800,0.0,1.0,tiingo_historical_seed,
2020-07-08,BND,88.48,88.49,88.35,88.4,73.8686377658,73.8769863912,73.7601056353,73.8018487624,2908085,2908085,0.0,1.0,tiingo_historical_seed,
2020-07-09,BND,88.45,88.69,88.43,88.64,73.8435918895,74.0439588997,73.8268946387,74.0022157726,3189724,3189724,0.0,1.0,tiingo_historical_seed,
2020-07-10,BND,88.75,88.75,88.52,88.54,74.0940506523,74.0940506523,73.9020322675,73.9187295183,2960703,2960703,0.0,1.0,tiingo_historical_seed,
2020-07-13,BND,88.53,88.6,88.49,88.58,73.9103808929,73.9688212709,73.8769863912,73.95212402,3117171,3117171,0.0,1.0,tiingo_historical_seed,
2020-07-14,BND,88.67,88.74,88.64,88.69,74.0272616489,74.0857020269,74.0022157726,74.0439588997,3067467,3067467,0.0,1.0,tiingo_historical_seed,
2020-07-15,BND,88.72,88.77,88.63,88.7,74.069004776,74.1107479031,73.9938671472,74.0523075251,3349919,3349919,0.0,1.0,tiingo_historical_seed,
2020-07-16,BND,88.82,88.86,88.76,88.76,74.1524910303,74.185885532,74.1023992777,74.1023992777,2856120,2856120,0.0,1.0,tiingo_historical_seed,
2020-07-17,BND,88.91,88.93,88.77,88.85,74.2276286591,74.2443259099,74.1107479031,74.1775369065,2430509,2430509,0.0,1.0,tiingo_historical_seed,
2020-07-20,BND,89.0,89.0,88.88,88.94,74.3027662879,74.3027662879,74.2025827828,74.2526745354,2771324,2771324,0.0,1.0,tiingo_historical_seed,
2020-07-21,BND,89.01,89.04,88.97,88.99,74.3111149133,74.3361607896,74.2777204116,74.2944176625,3045388,3045388,0.0,1.0,tiingo_historical_seed,
2020-07-22,BND,89.12,89.14,89.05,89.11,74.402949793,74.4196470439,74.344509415,74.3946011676,5609115,5609115,0.0,1.0,tiingo_historical_seed,
2020-07-23,BND,89.24,89.24,89.15,89.19,74.5031332981,74.5031332981,74.4279956693,74.461390171,4394990,4394990,0.0,1.0,tiingo_historical_seed,
2020-07-24,BND,89.16,89.23,89.09,89.17,74.4363442947,74.4947846727,74.3779039167,74.4446929202,2980419,2980419,0.0,1.0,tiingo_historical_seed,
2020-07-27,BND,89.27,89.28,89.0,89.11,74.5281791744,74.5365277998,74.3027662879,74.3946011676,5147056,5147056,0.0,1.0,tiingo_historical_seed,
2020-07-28,BND,89.21,89.24,89.08,89.15,74.4780874219,74.5031332981,74.3695552913,74.4279956693,5547764,5547764,0.0,1.0,tiingo_historical_seed,
2020-07-29,BND,89.1986,89.29,89.16,89.29,74.4685699889,74.5448764253,74.4363442947,74.5448764253,3136211,3136211,0.0,1.0,tiingo_historical_seed,
2020-07-30,BND,89.32,89.37,89.3,89.34,74.5699223015,74.6116654287,74.5532250507,74.5866195524,2621231,2621231,0.0,1.0,tiingo_historical_seed,
2020-07-31,BND,89.3485,89.47,89.27,89.46,74.593715884,74.6951516829,74.5281791744,74.6868030575,5110509,5110509,0.0,1.0,tiingo_historical_seed,
2020-08-03,BND,89.32,89.33,89.17,89.27,74.7025226092,74.7108860802,74.5770705448,74.6607052544,6270005,6270005,0.15874,1.0,tiingo_historical_seed,
2020-08-04,BND,89.37,89.46,89.35,89.46,74.744339964,74.8196112026,74.7276130221,74.8196112026,5325101,5325101,0.0,1.0,tiingo_historical_seed,
2020-08-05,BND,89.37,89.39,89.28,89.34,74.744339964,74.7610669059,74.6690687254,74.7192495511,4931693,4931693,0.0,1.0,tiingo_historical_seed,
2020-08-06,BND,89.48,89.58,89.44,89.48,74.8363381446,74.9199728542,74.8028842607,74.8363381446,3933417,3933417,0.0,1.0,tiingo_historical_seed,
2020-08-07,BND,89.55,89.59,89.35,89.38,74.8948824413,74.9283363251,74.7276130221,74.752703435,3764534,3764534,0.0,1.0,tiingo_historical_seed,
2020-08-10,BND,89.48,89.5,89.27,89.28,74.8363381446,74.8530650865,74.6607052544,74.6690687254,3708553,3708553,0.0,1.0,tiingo_historical_seed,
2020-08-11,BND,89.1,89.1,88.88,88.97,74.5185262481,74.5185262481,74.334529887,74.4098011256,8125723,8125723,0.0,1.0,tiingo_historical_seed,
2020-08-12,BND,88.85,88.85,88.71,88.74,74.3094394741,74.3094394741,74.1923508807,74.2174412936,4530787,4530787,0.0,1.0,tiingo_historical_seed,
2020-08-13,BND,88.77,88.77,88.36,88.45,74.2425317064,74.2425317064,73.8996293971,73.9749006357,3969838,3969838,0.0,1.0,tiingo_historical_seed,
2020-08-14,BND,88.5,88.5428,88.33,88.35,74.0167179905,74.0525136462,73.8745389842,73.8912659262,3454401,3454401,0.0,1.0,tiingo_historical_seed,
2020-08-17,BND,88.4432,88.55,88.39,88.46,73.9692134755,74.0585353453,73.92471981,73.9832641067,3995153,3995153,0.0,1.0,tiingo_historical_seed,
2020-08-18,BND,88.57,88.63,88.51,88.58,74.0752622873,74.125443113,74.0250814615,74.0836257582,6371350,6371350,0.0,1.0,tiingo_historical_seed,
2020-08-19,BND,88.7,88.7,88.4,88.43,74.1839874097,74.1839874097,73.9330832809,73.9581736938,4628073,4628073,0.0,1.0,tiingo_historical_seed,
2020-08-20,BND,88.66,88.68,88.5701,88.58,74.1505335259,74.1672604678,74.075345922,74.0836257582,4623559,4623559,0.0,1.0,tiingo_historical_seed,
2020-08-21,BND,88.68,88.77,88.58,88.77,74.1672604678,74.2425317064,74.0836257582,74.2425317064,3642505,3642505,0.0,1.0,tiingo_historical_seed,
2020-08-24,BND,88.75,88.79,88.64,88.67,74.2258047645,74.2592586484,74.133806584,74.1588969969,2960502,2960502,0.0,1.0,tiingo_historical_seed,
2020-08-25,BND,88.52,88.56,88.34,88.5,74.0334449325,74.0668988163,73.8829024552,74.0167179905,4831237,4831237,0.0,1.0,tiingo_historical_seed,
2020-08-26,BND,88.47,88.51,88.35,88.45,73.9916275777,74.0250814615,73.8912659262,73.9749006357,4853830,4853830,0.0,1.0,tiingo_historical_seed,
2020-08-27,BND,88.62,88.62,88.1242,88.13,74.1170796421,74.1170796421,73.7024187519,73.707269565,5125696,5125696,0.0,1.0,tiingo_historical_seed,
2020-08-28,BND,88.24,88.29,88.12,88.2,73.7992677456,73.8410851004,73.6989060941,73.7658138618,4281175,4281175,0.0,1.0,tiingo_historical_seed,
2020-08-31,BND,88.3,88.54,88.26,88.46,73.8494485714,74.0501718744,73.8159946875,73.9832641067,16000352,16000352,0.0,1.0,tiingo_historical_seed,
2020-09-01,BND,88.2483,88.57,88.18,88.55,73.9337928988,74.2033108519,73.8765716486,74.1865549953,7202809,7202809,0.15307,1.0,tiingo_historical_seed,
2020-09-02,BND,88.54,88.77,88.53,88.74,74.178177067,74.3708694177,74.1697991387,74.3457356328,5055033,5055033,0.0,1.0,tiingo_historical_seed,
2020-09-03,BND,88.81,88.89,88.7101,88.75,74.4043811308,74.4714045571,74.3206856272,74.3541135611,7543955,7543955,0.0,1.0,tiingo_historical_seed,
2020-09-04,BND,88.62,88.64,88.23,88.23,74.2452004933,74.2619563499,73.9184612901,73.9184612901,6588315,6588315,0.0,1.0,tiingo_historical_seed,
2020-09-08,BND,88.42,88.49,88.32,88.36,74.0776419276,74.1362874256,73.9938626447,74.0273743578,4440392,4440392,0.0,1.0,tiingo_historical_seed,
2020-09-09,BND,88.401,88.45,88.24,88.3,74.0617238638,74.1027757124,73.9268392184,73.9771067881,6048218,6048218,0.0,1.0,tiingo_historical_seed,
2020-09-10,BND,88.225,88.36,88.17,88.32,73.9142723259,74.0273743578,73.8681937203,73.9938626447,5331762,5331762,0.0,1.0,tiingo_historical_seed,
2020-09-11,BND,88.43,88.46,88.35,88.41,74.0860198559,74.1111536407,74.0189964295,74.0692639993,5301393,5301393,0.0,1.0,tiingo_historical_seed,
2020-09-14,BND,88.49,88.53,88.4,88.41,74.1362874256,74.1697991387,74.060886071,74.0692639993,4256364,4256364,0.0,1.0,tiingo_historical_seed,
2020-09-15,BND,88.46,88.49,88.4,88.46,74.1111536407,74.1362874256,74.060886071,74.1111536407,3747273,3747273,0.0,1.0,tiingo_historical_seed,
2020-09-16,BND,88.58,88.6,88.34,88.44,74.2116887802,74.2284446368,74.0106185013,74.0943977841,4851792,4851792,0.0,1.0,tiingo_historical_seed,
2020-09-17,BND,88.6,88.6082,88.42,88.44,74.2284446368,74.235314538,74.0776419276,74.0943977841,2815391,2815391,0.0,1.0,tiingo_historical_seed,
2020-09-18,BND,88.52,88.52,88.33,88.34,74.1614212104,74.1614212104,74.002240573,74.0106185013,2939145,2939145,0.0,1.0,tiingo_historical_seed,
2020-09-21,BND,88.49,88.5,88.38,88.39,74.1362874256,74.1446653539,74.0441302144,74.0525081427,4981493,4981493,0.0,1.0,tiingo_historical_seed,
2020-09-22,BND,88.4,88.47,88.3512,88.42,74.060886071,74.119531569,74.0200017809,74.0776419276,4442268,4442268,0.0,1.0,tiingo_historical_seed,
2020-09-23,BND,88.4127,88.44,88.22,88.22,74.0715260399,74.0943977841,73.9100833618,73.9100833618,4659555,4659555,0.0,1.0,tiingo_historical_seed,
2020-09-24,BND,88.32,88.326,88.19,88.23,73.9938626447,73.9988894016,73.8849495769,73.9184612901,4225861,4225861,0.0,1.0,tiingo_historical_seed,
2020-09-25,BND,88.3,88.3,88.19,88.22,73.9771067881,73.9771067881,73.8849495769,73.9100833618,5603028,5603028,0.0,1.0,tiingo_historical_seed,
2020-09-28,BND,88.27,88.31,88.23,88.3,73.9519730032,73.9854847164,73.9184612901,73.9771067881,4215116,4215116,0.0,1.0,tiingo_historical_seed,
2020-09-29,BND,88.39,88.44,88.33,88.36,74.0525081427,74.0943977841,74.002240573,74.0273743578,7929760,7929760,0.0,1.0,tiingo_historical_seed,
2020-09-30,BND,88.28,88.3,88.13,88.22,73.9603509315,73.9771067881,73.8346820072,73.9100833618,6113565,6113565,0.0,1.0,tiingo_historical_seed,
2020-10-01,BND,87.9917,88.19,87.97,88.16,73.8444867738,74.0109043078,73.826275677,73.9857276763,4485892,4485892,0.15029,1.0,tiingo_historical_seed,
2020-10-02,BND,88.21,88.21,87.98,88.1,74.0276887288,74.0276887288,73.8346678875,73.9353744134,5557138,5557138,0.0,1.0,tiingo_historical_seed,
2020-10-05,BND,87.98,87.98,87.77,87.77,73.8346678875,73.8346678875,73.6584314672,73.6584314672,6298479,6298479,0.0,1.0,tiingo_historical_seed,
2020-10-06,BND,87.86,88.04,87.74,87.89,73.7339613616,73.8850211504,73.6332548357,73.7591379931,5705879,5705879,0.0,1.0,tiingo_historical_seed,
2020-10-07,BND,87.82,87.9,87.72,87.77,73.7003925197,73.7675302036,73.6164704148,73.6584314672,3494587,3494587,0.0,1.0,tiingo_historical_seed,
2020-10-08,BND,87.89,87.95,87.85,87.92,73.7591379931,73.809491256,73.7255691511,73.7843146246,5661642,5661642,0.0,1.0,tiingo_historical_seed,
2020-10-09,BND,87.8265,87.94,87.76,87.94,73.7058474565,73.8010990455,73.6500392567,73.8010990455,4105335,4105335,0.0,1.0,tiingo_historical_seed,
2020-10-12,BND,87.99,88.1,87.96,88.07,73.843060098,73.9353744134,73.8178834665,73.9101977819,3383485,3383485,0.0,1.0,tiingo_historical_seed,
2020-10-13,BND,88.12,88.2,88.09,88.14,73.9521588343,74.0192965183,73.9269822029,73.9689432553,4121129,4121129,0.0,1.0,tiingo_historical_seed,
2020-10-14,BND,88.17,88.23,88.1234,88.19,73.9941198868,74.0444731497,73.9550121859,74.0109043078,6966538,6966538,0.0,1.0,tiingo_historical_seed,
2020-10-15,BND,88.19,88.24,88.1,88.14,74.0109043078,74.0528653602,73.9353744134,73.9689432553,3877906,3877906,0.0,1.0,tiingo_historical_seed,
2020-10-16,BND,88.16,88.21,88.04,88.07,73.9857276763,74.0276887288,73.8850211504,73.9101977819,3424787,3424787,0.0,1.0,tiingo_historical_seed,
2020-10-19,BND,88.01,88.03,87.92,87.99,73.859844519,73.8766289399,73.7843146246,73.843060098,5206595,5206595,0.0,1.0,tiingo_historical_seed,
2020-10-20,BND,87.93,87.93,87.81,87.84,73.792706835,73.792706835,73.6920003092,73.7171769406,4653063,4653063,0.0,1.0,tiingo_historical_seed,
2020-10-21,BND,87.8,87.84,87.72,87.74,73.6836080987,73.7171769406,73.6164704148,73.6332548357,4115738,4115738,0.0,1.0,tiingo_historical_seed,
2020-10-22,BND,87.73,87.7383,87.57,87.59,73.6248626253,73.63182816,73.4905872574,73.5073716784,5037559,5037559,0.0,1.0,tiingo_historical_seed,
2020-10-23,BND,87.58,87.745,87.5687,87.7,73.4989794679,73.637450941,73.4894962701,73.5996859938,3237400,3237400,0.0,1.0,tiingo_historical_seed,
2020-10-26,BND,87.8117,87.91,87.795,87.83,73.693426985,73.7759224141,73.6794119934,73.7087847302,4177001,4177001,0.0,1.0,tiingo_historical_seed,
2020-10-27,BND,87.97,88.06,87.9,88.04,73.826275677,73.9018055714,73.7675302036,73.8850211504,3293079,3293079,0.0,1.0,tiingo_historical_seed,
2020-10-28,BND,88.09,88.09,87.8923,87.92,73.9269822029,73.9269822029,73.7610682015,73.7843146246,4766399,4766399,0.0,1.0,tiingo_historical_seed,
2020-10-29,BND,87.92,87.9371,87.64,87.73,73.7843146246,73.7986653045,73.5493327308,73.6248626253,4200884,4200884,0.0,1.0,tiingo_historical_seed,
2020-10-30,BND,87.68,87.76,87.5,87.58,73.5829015728,73.6500392567,73.431841784,73.4989794679,9731438,9731438,0.0,1.0,tiingo_historical_seed,
2020-11-02,BND,87.56,87.63,87.52,87.55,73.6089067201,73.6677534934,73.5752799925,73.6005000382,4021390,4021390,0.15097,1.0,tiingo_historical_seed,
2020-11-03,BND,87.52,87.539,87.42,87.53,73.5752799925,73.5912526881,73.4912131735,73.5836866744,3985389,3985389,0.0,1.0,tiingo_historical_seed,
2020-11-04,BND,88.07,88.185,88.0,88.13,74.037647497,74.1343243389,73.9788007237,74.0880875884,5667819,5667819,0.0,1.0,tiingo_historical_seed,
2020-11-05,BND,88.28,88.29,88.11,88.22,74.2141878169,74.2225944988,74.0712742246,74.1637477255,4128654,4128654,0.0,1.0,tiingo_historical_seed,
2020-11-06,BND,88.01,88.07,87.92,88.02,73.9872074056,74.037647497,73.9115472685,73.9956140875,3844529,3844529,0.0,1.0,tiingo_historical_seed,
2020-11-09,BND,87.74,87.76,87.44,87.61,73.7602269943,73.7770403581,73.5080265373,73.6509401296,5712820,5712820,0.0,1.0,tiingo_historical_seed,
2020-11-10,BND,87.43,87.55,87.39,87.44,73.4996198554,73.6005000382,73.4659931278,73.5080265373,5169722,5169722,0.0,1.0,tiingo_historical_seed,
2020-11-11,BND,87.44,87.51,87.38,87.5,73.5080265373,73.5668733106,73.4575864459,73.5584666287,3365910,3365910,0.0,1.0,tiingo_historical_seed,
2020-11-12,BND,87.65,87.79,87.6024,87.79,73.6845668572,73.8022604038,73.6445510514,73.8022604038,4179822,4179822,0.0,1.0,tiingo_historical_seed,
2020-11-13,BND,87.83,87.88,87.79,87.82,73.8358871314,73.8779205409,73.8022604038,73.8274804495,3200683,3200683,0.0,1.0,tiingo_historical_seed,
2020-11-16,BND,87.82,87.88,87.79,87.87,73.8274804495,73.8779205409,73.8022604038,73.869513859,4059392,4059392,0.0,1.0,tiingo_historical_seed,
2020-11-17,BND,87.96,88.05,87.92,88.02,73.9451739961,74.0208341332,73.9115472685,73.9956140875,5537518,5537518,0.0,1.0,tiingo_historical_seed,
2020-11-18,BND,88.12,88.13,88.05,88.12,74.0796809065,74.0880875884,74.0208341332,74.0796809065,6089557,6089557,0.0,1.0,tiingo_historical_seed,
2020-11-19,BND,88.21,88.34,88.17,88.3,74.1553410436,74.2646279083,74.121714316,74.2310011807,6207016,6207016,0.0,1.0,tiingo_historical_seed,
2020-11-20,BND,88.32,88.41,88.2524,88.38,74.2478145445,74.3234746816,74.1909853749,74.2982546359,6613260,6613260,0.0,1.0,tiingo_historical_seed,
2020-11-23,BND,88.3557,88.37,88.2734,88.31,74.2778263989,74.289847954,74.2086394069,74.2394078626,3507392,3507392,0.0,1.0,tiingo_historical_seed,
2020-11-24,BND,88.2958,88.32,88.2,88.22,74.2274703743,74.2478145445,74.1469343617,74.1637477255,4678793,4678793,0.0,1.0,tiingo_historical_seed,
2020-11-25,BND,88.2655,88.3058,88.17,88.18,74.2019981282,74.2358770562,74.121714316,74.1301209979,5282073,5282073,0.0,1.0,tiingo_historical_seed,
2020-11-27,BND,88.29,88.38,88.28,88.37,74.2225944988,74.2982546359,74.2141878169,74.289847954,2226253,2226253,0.0,1.0,tiingo_historical_seed,
2020-11-30,BND,88.37,88.5,88.35,88.49,74.289847954,74.3991348187,74.2730345902,74.3907281368,4730006,4730006,0.0,1.0,tiingo_historical_seed,
2020-12-01,BND,88.255,88.27,88.0,88.08,74.3138192491,74.3264497775,74.0991002654,74.1664630838,6150261,6150261,0.14323,1.0,tiingo_historical_seed,
2020-12-02,BND,88.02,88.185,87.821,87.93,74.11594097,74.254876783,73.9483759591,74.0401577992,4631343,4631343,0.0,1.0,tiingo_historical_seed,
2020-12-03,BND,88.13,88.19,88.0,88.1,74.2085648453,74.2590869591,74.0991002654,74.1833037884,3685268,3685268,0.0,1.0,tiingo_historical_seed,
2020-12-04,BND,88.0,88.02,87.81,87.87,74.0991002654,74.11594097,73.9391135716,73.9896356854,4880174,4880174,0.0,1.0,tiingo_historical_seed,
2020-12-07,BND,87.98,88.07,87.961,87.99,74.0822595608,74.1580427315,74.0662608914,74.0906799131,4734768,4734768,0.0,1.0,tiingo_historical_seed,
2020-12-08,BND,88.15,88.16,88.0096,88.02,74.2254055499,74.2338259022,74.1071838036,74.11594097,3737309,3737309,0.0,1.0,tiingo_historical_seed,
2020-12-09,BND,87.89,87.92,87.81,87.87,74.00647639,74.0317374469,73.9391135716,73.9896356854,5163907,5163907,0.0,1.0,tiingo_historical_seed,
2020-12-10,BND,87.96,88.095,87.92,88.05,74.0654188562,74.1790936122,74.0317374469,74.1412020269,4731405,4731405,0.0,1.0,tiingo_historical_seed,
2020-12-11,BND,88.16,88.23,88.115,88.19,74.2338259022,74.2927683683,74.1959343168,74.2590869591,5317103,5317103,0.0,1.0,tiingo_historical_seed,
2020-12-14,BND,88.11,88.185,88.01,88.16,74.1917241407,74.254876783,74.1075206177,74.2338259022,5176821,5176821,0.0,1.0,tiingo_historical_seed,
2020-12-15,BND,88.105,88.21,88.1,88.2,74.1875139645,74.2759276637,74.1833037884,74.2675073114,6775608,6775608,0.0,1.0,tiingo_historical_seed,
2020-12-16,BND,88.09,88.19,87.99,88.11,74.1748834361,74.2590869591,74.0906799131,74.1917241407,4186700,4186700,0.0,1.0,tiingo_historical_seed,
2020-12-17,BND,88.23,88.3,88.0443,88.13,74.2927683683,74.3517108344,74.1364024261,74.2085648453,4963593,4963593,0.0,1.0,tiingo_historical_seed,
2020-12-18,BND,88.19,88.24,88.06,88.1,74.2590869591,74.3011887206,74.1496223792,74.1833037884,3472716,3472716,0.0,1.0,tiingo_historical_seed,
2020-12-21,BND,88.1926,88.22,88.06,88.11,74.2612762507,74.284348016,74.1496223792,74.1917241407,5364282,5364282,0.0,1.0,tiingo_historical_seed,
2020-12-22,BND,88.1488,88.26,88.09,88.25,74.2243951076,74.3180294252,74.1748834361,74.3096090729,5856142,5856142,0.0,1.0,tiingo_historical_seed,
2020-12-23,BND,87.86,87.87,87.7,87.86,74.2260623374,74.2345105575,74.0908908148,74.2260623374,5643665,5643665,0.29078,1.0,tiingo_historical_seed,
2020-12-24,BND,87.99,88.03,87.9312,88.01,74.3358891995,74.3696820801,74.2862136649,74.3527856398,1980883,1980883,0.0,1.0,tiingo_historical_seed,
2020-12-28,BND,87.94,88.03,87.865,87.98,74.2936480987,74.3696820801,74.2302864475,74.3274409793,4705464,4705464,0.0,1.0,tiingo_historical_seed,
2020-12-29,BND,87.9456,88.045,87.91,88.01,74.298379102,74.3823544104,74.2683034382,74.3527856398,4885026,4885026,0.0,1.0,tiingo_historical_seed,
2020-12-30,BND,88.03,88.08,87.975,88.07,74.3696820801,74.4119231809,74.3232168692,74.4034749608,3609759,3609759,0.0,1.0,tiingo_historical_seed,
2020-12-31,BND,88.11,88.2071,88.09,88.19,74.4372678414,74.5193000592,74.4203714011,74.5048536027,6134914,6134914,0.0,1.0,tiingo_historical_seed,
2021-01-04,BND,88.04,88.1,87.98,88.07,74.3781303003,74.4288196213,74.3274409793,74.4034749608,7568555,7568555,0.0,1.0,tiingo_historical_seed,
2021-01-05,BND,88.0201,88.04,87.82,87.92,74.3613183422,74.3781303003,74.1922694567,74.2767516584,6452656,6452656,0.0,1.0,tiingo_historical_seed,
2021-01-06,BND,87.605,87.61,87.3436,87.53,74.0106327233,74.0148568334,73.7897962483,73.9472710721,5933655,5933655,0.0,1.0,tiingo_historical_seed,
2021-01-07,BND,87.36,87.42,87.325,87.35,73.8036513293,73.8543406503,73.7740825588,73.7952031092,6196080,6196080,0.0,1.0,tiingo_historical_seed,
2021-01-08,BND,87.39,87.39,87.17,87.27,73.8289959898,73.8289959898,73.6431351463,73.7276173479,7688783,7688783,0.0,1.0,tiingo_historical_seed,
2021-01-11,BND,87.25,87.25,87.1,87.18,73.7107209075,73.7107209075,73.5839976051,73.6515833664,5404507,5404507,0.0,1.0,tiingo_historical_seed,
2021-01-12,BND,87.09,87.16,86.94,87.16,73.575549385,73.6346869261,73.4488260825,73.6346869261,6078834,6078834,0.0,1.0,tiingo_historical_seed,
2021-01-13,BND,87.27,87.505,87.2238,87.39,73.7276173479,73.9261505217,73.6885865707,73.8289959898,7357080,7357080,0.0,1.0,tiingo_historical_seed,
2021-01-14,BND,87.4,87.5,87.21,87.28,73.83744421,73.9219264116,73.6769280269,73.736065568,7192030,7192030,0.0,1.0,tiingo_historical_seed,
2021-01-15,BND,87.34,87.43,87.28,87.35,73.786754889,73.8627888704,73.736065568,73.7952031092,4083599,4083599,0.0,1.0,tiingo_historical_seed,
2021-01-19,BND,87.3731,87.48,87.3,87.47,73.8147184977,73.9050299713,73.7529620084,73.8965817511,7636580,7636580,0.0,1.0,tiingo_historical_seed,
2021-01-20,BND,87.418,87.5,87.4,87.46,73.8526510063,73.9219264116,73.83744421,73.8881335309,5889570,5889570,0.0,1.0,tiingo_historical_seed,
2021-01-21,BND,87.3267,87.4,87.27,87.34,73.7755187562,73.83744421,73.7276173479,73.786754889,7890792,7890792,0.0,1.0,tiingo_historical_seed,
2021-01-22,BND,87.41,87.42,87.3101,87.38,73.8458924301,73.8543406503,73.7614947107,73.8205477696,4440018,4440018,0.0,1.0,tiingo_historical_seed,
2021-01-25,BND,87.49,87.5899,87.45,87.58,73.9134781914,73.9978759108,73.8796853108,73.9895121729,5126885,5126885,0.0,1.0,tiingo_historical_seed,
2021-01-26,BND,87.54,87.62,87.5,87.57,73.9557192922,74.0233050535,73.9219264116,73.9810639527,4608758,4608758,0.0,1.0,tiingo_historical_seed,
2021-01-27,BND,87.63,87.7,87.555,87.57,74.0317532737,74.0908908148,73.9683916225,73.9810639527,4248658,4248658,0.0,1.0,tiingo_historical_seed,
2021-01-28,BND,87.56,87.565,87.41,87.5,73.9726157325,73.9768398426,73.8458924301,73.9219264116,4359294,4359294,0.0,1.0,tiingo_historical_seed,
2021-01-29,BND,87.29,87.48,87.29,87.43,73.7445137882,73.9050299713,73.7445137882,73.8627888704,6088409,6088409,0.0,1.0,tiingo_historical_seed,
2021-02-01,BND,87.2442,87.37,87.23,87.32,73.8233147036,73.929762731,73.8112991075,73.887454294,5774701,5774701,0.139196,1.0,tiingo_historical_seed,
2021-02-02,BND,87.21,87.24,87.17,87.21,73.7943757327,73.8197607949,73.7605289832,73.7943757327,4554416,4554416,0.0,1.0,tiingo_historical_seed,
2021-02-03,BND,87.1533,87.17,87.06,87.06,73.7463979652,73.7605289832,73.6674504219,73.6674504219,4271707,4271707,0.0,1.0,tiingo_historical_seed,
2021-02-04,BND,87.05,87.11,86.94,87.08,73.6589887345,73.7097588588,73.5659101732,73.6843737967,4652251,4652251,0.0,1.0,tiingo_historical_seed,
2021-02-05,BND,87.08,87.1294,86.95,86.96,73.6843737967,73.7261745324,73.5743718606,73.582833548,4401374,4401374,0.0,1.0,tiingo_historical_seed,
2021-02-08,BND,86.97,87.12,86.94,87.06,73.5912952354,73.7182205462,73.5659101732,73.6674504219,5571452,5571452,0.0,1.0,tiingo_historical_seed,
2021-02-09,BND,87.06,87.14,87.01,87.02,73.6674504219,73.735143921,73.6251419849,73.6336036723,4473054,4473054,0.0,1.0,tiingo_historical_seed,
2021-02-10,BND,87.12,87.16,87.07,87.16,73.7182205462,73.7520672958,73.6759121093,73.7520672958,3735129,3735129,0.0,1.0,tiingo_historical_seed,
2021-02-11,BND,87.16,87.19,87.0224,87.07,73.7520672958,73.777452358,73.6356344773,73.6759121093,4578403,4578403,0.0,1.0,tiingo_historical_seed,
2021-02-12,BND,86.93,86.965,86.8128,86.84,73.5574484858,73.5870643917,73.4582775096,73.4812932993,4825493,4825493,0.0,1.0,tiingo_historical_seed,
2021-02-16,BND,86.565,86.59,86.41,86.43,73.248596896,73.2697511145,73.1174407415,73.1343641163,6702261,6702261,0.0,1.0,tiingo_historical_seed,
2021-02-17,BND,86.5775,86.615,86.49,86.61,73.2591740053,73.290905333,73.1851342406,73.2866744893,5216970,5216970,0.0,1.0,tiingo_historical_seed,
2021-02-18,BND,86.4757,86.5993,86.42,86.56,73.1730340277,73.2776204838,73.1259024289,73.2443660524,4607196,4607196,0.0,1.0,tiingo_historical_seed,
2021-02-19,BND,86.43,86.445,86.2,86.26,73.1343641163,73.1470566474,72.9397453063,72.9905154306,4011073,4011073,0.0,1.0,tiingo_historical_seed,
2021-02-22,BND,86.1883,86.285,86.0,86.02,72.929845132,73.0116696491,72.7705115585,72.7874349333,4809118,4809118,0.0,1.0,tiingo_historical_seed,
2021-02-23,BND,85.8696,86.048,85.8224,86.0,72.6601711549,72.811127658,72.6202319904,72.7705115585,6476002,6476002,0.0,1.0,tiingo_historical_seed,
2021-02-24,BND,85.6761,85.99,85.62,85.95,72.4964375039,72.7620498711,72.4489674376,72.7282031215,5164583,5164583,0.0,1.0,tiingo_historical_seed,
2021-02-25,BND,85.6,85.655,84.92,85.2,72.4320440629,72.4785833435,71.8566493203,72.0935765672,9955727,9955727,0.0,1.0,tiingo_historical_seed,
2021-02-26,BND,85.57,85.94,85.295,85.94,72.4066590007,72.7197414341,72.1739625975,72.7197414341,8580110,8580110,0.0,1.0,tiingo_historical_seed,
2021-03-01,BND,85.61,85.75,85.53,85.7,72.5493355649,72.6679771603,72.4815403676,72.6256051619,7155468,7155468,0.12875,1.0,tiingo_historical_seed,
2021-03-02,BND,85.65,85.71,85.595,85.69,72.5832331636,72.6340795616,72.5366239654,72.6171307623,5338789,5338789,0.0,1.0,tiingo_historical_seed,
2021-03-03,BND,85.4652,85.515,85.3311,85.42,72.4266262577,72.468828768,72.3129845581,72.3883219712,6022484,6022484,0.0,1.0,tiingo_historical_seed,
2021-03-04,BND,85.45,85.48,85.05,85.15,72.4137451702,72.4391683692,72.0747691834,72.1595131801,9701831,9701831,0.0,1.0,tiingo_historical_seed,
2021-03-05,BND,85.0,85.125,84.92,85.1,72.0323971851,72.138327181,71.9646019878,72.1171411818,6871086,6871086,0.0,1.0,tiingo_historical_seed,
2021-03-08,BND,84.96,85.0,84.71,84.71,71.9984995864,72.0323971851,71.7866395947,71.7866395947,5806734,5806734,0.0,1.0,tiingo_historical_seed,
2021-03-09,BND,84.93,85.065,84.93,84.99,71.9730763874,72.0874807829,71.9730763874,72.0239227854,7672033,7672033,0.0,1.0,tiingo_historical_seed,
2021-03-10,BND,85.07,85.208,85.035,85.15,72.0917179828,72.2086646982,72.0620575839,72.1595131801,5286859,5286859,0.0,1.0,tiingo_historical_seed,
2021-03-11,BND,85.14,85.225,85.04,85.16,72.1510387805,72.2230711777,72.0662947838,72.1679875798,5510016,5510016,0.0,1.0,tiingo_historical_seed,
2021-03-12,BND,84.74,84.75,84.575,84.65,71.8120627937,71.8205371934,71.6722351992,71.7357931967,5717095,5717095,0.0,1.0,tiingo_historical_seed,
2021-03-15,BND,84.66,84.8,84.66,84.75,71.7442675964,71.8629091917,71.7442675964,71.8205371934,5012257,5012257,0.0,1.0,tiingo_historical_seed,
2021-03-16,BND,84.8,84.85,84.66,84.74,71.8629091917,71.9052811901,71.7442675964,71.8120627937,6159075,6159075,0.0,1.0,tiingo_historical_seed,
2021-03-17,BND,84.6,84.8,84.44,84.71,71.6934211983,71.8629091917,71.5578308036,71.7866395947,7370564,7370564,0.0,1.0,tiingo_historical_seed,
2021-03-18,BND,84.3,84.47,84.22,84.36,71.4391892083,71.5832540027,71.3713940109,71.4900356063,4905311,4905311,0.0,1.0,tiingo_historical_seed,
2021-03-19,BND,84.8,84.87,84.3,84.43,71.8629091917,71.9222299894,71.4391892083,71.549356404,4969218,4969218,0.0,1.0,tiingo_historical_seed,
2021-03-22,BND,84.63,84.71,84.545,84.67,71.7188443974,71.7866395947,71.6468120002,71.752741996,4748357,4748357,0.0,1.0,tiingo_historical_seed,
2021-03-23,BND,84.8731,84.88,84.6827,84.86,71.9248570533,71.9307043891,71.7635044836,71.9137555897,5148694,5148694,0.0,1.0,tiingo_historical_seed,
2021-03-24,BND,84.7637,85.0,84.7374,84.99,71.8321471209,72.0323971851,71.8098594498,72.0239227854,5148226,5148226,0.0,1.0,tiingo_historical_seed,
2021-03-25,BND,85.03,85.06,84.83,84.93,72.0578203841,72.0832435831,71.8883323907,71.9730763874,3876320,3876320,0.0,1.0,tiingo_historical_seed,
2021-03-26,BND,84.7604,84.92,84.73,84.78,71.829350569,71.9646019878,71.803588394,71.8459603924,3376220,3376220,0.0,1.0,tiingo_historical_seed,
2021-03-29,BND,84.8021,84.828,84.58,84.67,71.8646888157,71.8866375108,71.676472399,71.752741996,3775535,3775535,0.0,1.0,tiingo_historical_seed,
2021-03-30,BND,84.57,84.77,84.505,84.76,71.6679979993,71.8374859927,71.6129144015,71.8290115931,4769243,4769243,0.0,1.0,tiingo_historical_seed,
2021-03-31,BND,84.76,84.85,84.63,84.72,71.8290115931,71.9052811901,71.7188443974,71.7951139944,6949299,6949299,0.0,1.0,tiingo_historical_seed,
2021-04-01,BND,84.7777,84.84,84.67,84.8,72.0070582141,72.0599735412,71.9155817979,72.0259990134,4780150,4780150,0.19245,1.0,tiingo_historical_seed,
2021-04-05,BND,84.62,84.71,84.55,84.67,71.8731136381,71.9495563257,71.8136582144,71.9155817979,8200614,8200614,0.0,1.0,tiingo_historical_seed,
2021-04-06,BND,84.78,84.99,84.76,84.97,72.0090117494,72.1873780206,71.9920244855,72.1703907567,5400742,5400742,0.0,1.0,tiingo_historical_seed,
2021-04-07,BND,84.9026,85.02,84.85,84.87,72.1131436773,72.2128589165,72.0684671731,72.0854544371,5480189,5480189,0.0,1.0,tiingo_historical_seed,
2021-04-08,BND,84.97,85.07,84.95,85.06,72.1703907567,72.2553270762,72.1534034927,72.2468334443,3872352,3872352,0.0,1.0,tiingo_historical_seed,
2021-04-09,BND,84.97,85.07,84.85,84.95,72.1703907567,72.2553270762,72.0684671731,72.1534034927,9748531,9748531,0.0,1.0,tiingo_historical_seed,
2021-04-12,BND,84.93,84.93,84.85,84.93,72.1364162288,72.1364162288,72.0684671731,72.1364162288,3995717,3995717,0.0,1.0,tiingo_historical_seed,
2021-04-13,BND,84.89,85.15,84.885,85.15,72.102441701,72.3232761319,72.098194885,72.3232761319,4097593,4097593,0.0,1.0,tiingo_historical_seed,
2021-04-14,BND,85.06,85.13,85.01,85.09,72.2468334443,72.306288868,72.2043652845,72.2723143402,4592325,4592325,0.0,1.0,tiingo_historical_seed,
2021-04-15,BND,85.33,85.56,85.27,85.45,72.4761615072,72.6715150422,72.4251997154,72.5780850907,5394953,5394953,0.0,1.0,tiingo_historical_seed,
2021-04-16,BND,85.22,85.31,85.0557,85.22,72.3827315556,72.4591742433,72.2431811825,72.3827315556,6199800,6199800,0.0,1.0,tiingo_historical_seed,
2021-04-19,BND,85.11,85.19,85.06,85.165,72.2893016041,72.3572506598,72.2468334443,72.3360165799,6165334,6165334,0.0,1.0,tiingo_historical_seed,
2021-04-20,BND,85.15,85.36,85.135,85.31,72.3232761319,72.5016424031,72.310535684,72.4591742433,6384048,6384048,0.0,1.0,tiingo_historical_seed,
2021-04-21,BND,85.28,85.4,85.24,85.4,72.4336933474,72.5356169309,72.3997188196,72.5356169309,4508316,4508316,0.0,1.0,tiingo_historical_seed,
2021-04-22,BND,85.41,85.46,85.29,85.44,72.5441105629,72.5865787227,72.4421869793,72.5695914587,4007782,4007782,0.0,1.0,tiingo_historical_seed,
2021-04-23,BND,85.48,85.5,85.35,85.45,72.6035659866,72.6205532505,72.4931487711,72.5780850907,6435805,6435805,0.0,1.0,tiingo_historical_seed,
2021-04-26,BND,85.46,85.485,85.37,85.39,72.5865787227,72.6078128026,72.510136035,72.5271232989,3797411,3797411,0.0,1.0,tiingo_historical_seed,
2021-04-27,BND,85.37,85.37,85.15,85.17,72.510136035,72.510136035,72.3232761319,72.3402633958,4450275,4450275,0.0,1.0,tiingo_historical_seed,
2021-04-28,BND,85.195,85.23,85.025,85.21,72.3614974757,72.3912251876,72.2171057324,72.3742379237,5479226,5479226,0.0,1.0,tiingo_historical_seed,
2021-04-29,BND,85.0641,85.14,84.95,85.14,72.2503158334,72.3147825,72.1534034927,72.3147825,6247624,6247624,0.0,1.0,tiingo_historical_seed,
2021-04-30,BND,85.22,85.26,85.11,85.26,72.3827315556,72.4167060835,72.2893016041,72.4167060835,6867592,6867592,0.0,1.0,tiingo_historical_seed,
2021-05-03,BND,85.12,85.31,85.11,85.15,72.4086575158,72.5702839835,72.4001508596,72.4341774844,4601215,4601215,0.13057,1.0,tiingo_historical_seed,
2021-05-04,BND,85.24,85.39,85.21,85.26,72.5107373901,72.638337233,72.4852174216,72.5277507025,5520330,5520330,0.0,1.0,tiingo_historical_seed,
2021-05-05,BND,85.21,85.3399,85.17,85.31,72.4852174216,72.5957188855,72.4511907968,72.5702839835,5950251,5950251,0.0,1.0,tiingo_historical_seed,
2021-05-06,BND,85.2537,85.4,85.235,85.35,72.5223915091,72.6468438892,72.5064840621,72.6043106083,4143614,4143614,0.0,1.0,tiingo_historical_seed,
2021-05-07,BND,85.48,85.6,85.3,85.36,72.7148971388,72.8169770131,72.5617773273,72.6128172645,4886284,4886284,0.0,1.0,tiingo_historical_seed,
2021-05-10,BND,85.37,85.39,85.1405,85.16,72.6213239207,72.638337233,72.426096161,72.4426841406,6211841,6211841,0.0,1.0,tiingo_historical_seed,
2021-05-11,BND,85.0178,85.04,84.94,84.99,72.3217194895,72.3406042663,72.2555377044,72.2980709853,6631118,6631118,0.0,1.0,tiingo_historical_seed,
2021-05-12,BND,84.85,84.85,84.66,84.69,72.1789777986,72.1789777986,72.0173513309,72.0428712995,7011813,7011813,0.0,1.0,tiingo_historical_seed,
2021-05-13,BND,84.68,84.9,84.68,84.86,72.0343646433,72.2215110796,72.0343646433,72.1874844548,6991015,6991015,0.0,1.0,tiingo_historical_seed,
2021-05-14,BND,84.98,85.06,84.9223,85.06,72.2895643291,72.3576175787,72.2404809229,72.3576175787,6262136,6262136,0.0,1.0,tiingo_historical_seed,
2021-05-17,BND,85.04,85.04,84.95,84.98,72.3406042663,72.3406042663,72.2640443605,72.2895643291,4752985,4752985,0.0,1.0,tiingo_historical_seed,
2021-05-18,BND,84.91,84.93,84.85,84.89,72.2300177358,72.2470310482,72.1789777986,72.2130044234,4631050,4631050,0.0,1.0,tiingo_historical_seed,
2021-05-19,BND,84.91,84.995,84.7,84.8,72.2300177358,72.3023243134,72.0513779557,72.1364445177,6511291,6511291,0.0,1.0,tiingo_historical_seed,
2021-05-20,BND,84.8906,85.09,84.8906,85.08,72.2135148228,72.3831375473,72.2135148228,72.3746308911,5283852,5283852,0.0,1.0,tiingo_historical_seed,
2021-05-21,BND,85.12,85.15,85.03,85.1,72.4086575158,72.4341774844,72.3320976101,72.3916442034,5050778,5050778,0.0,1.0,tiingo_historical_seed,
2021-05-24,BND,85.1522,85.24,85.14,85.2,72.4360489488,72.5107373901,72.4256708282,72.4767107654,6954528,6954528,0.0,1.0,tiingo_historical_seed,
2021-05-25,BND,85.2534,85.42,85.24,85.42,72.5221363094,72.6638572016,72.5107373901,72.6638572016,5235542,5235542,0.0,1.0,tiingo_historical_seed,
2021-05-26,BND,85.37,85.46,85.32,85.39,72.6213239207,72.6978838264,72.5787906397,72.638337233,4834428,4834428,0.0,1.0,tiingo_historical_seed,
2021-05-27,BND,85.32,85.34,85.201,85.27,72.5787906397,72.5958039521,72.477561431,72.5362573587,5215202,5215202,0.0,1.0,tiingo_historical_seed,
2021-05-28,BND,85.27,85.39,85.25,85.26,72.5362573587,72.638337233,72.5192440463,72.5277507025,5258562,5258562,0.0,1.0,tiingo_historical_seed,
2021-06-01,BND,85.07,85.1399,84.98,85.12,72.4804571001,72.5400125715,72.4037762356,72.5230575803,5397960,5397960,0.134483,1.0,tiingo_historical_seed,
2021-06-02,BND,85.105,85.23,85.0863,85.21,72.5102774362,72.6167786369,72.4943448566,72.5997384448,5479979,5479979,0.0,1.0,tiingo_historical_seed,
2021-06-03,BND,85.125,85.13,85.03,85.05,72.5273176283,72.5315776764,72.4463767159,72.463416908,4829025,4829025,0.0,1.0,tiingo_historical_seed,
2021-06-04,BND,85.16,85.39,85.14,85.39,72.5571379645,72.7531001737,72.5400977724,72.7531001737,19321596,19321596,0.0,1.0,tiingo_historical_seed,
2021-06-07,BND,85.33,85.36,85.2938,85.33,72.7019795974,72.7275398855,72.6711368497,72.7019795974,10706506,10706506,0.0,1.0,tiingo_historical_seed,
2021-06-08,BND,85.49,85.51,85.44,85.49,72.8383011342,72.8553413263,72.7957006539,72.8383011342,5099673,5099673,0.0,1.0,tiingo_historical_seed,
2021-06-09,BND,85.69,85.74,85.6,85.66,73.0087030552,73.0513035354,72.9320221907,72.983142767,4810313,4810313,0.0,1.0,tiingo_historical_seed,
2021-06-10,BND,85.54,85.86,85.51,85.84,72.8809016144,73.153544688,72.8553413263,73.1365044959,7400336,7400336,0.0,1.0,tiingo_historical_seed,
2021-06-11,BND,85.82,85.85,85.74,85.82,73.1194643038,73.145024592,73.0513035354,73.1194643038,4194571,4194571,0.0,1.0,tiingo_historical_seed,
2021-06-14,BND,85.76,85.76,85.58,85.6,73.0683437275,73.0683437275,72.9149819986,72.9320221907,4438378,4438378,0.0,1.0,tiingo_historical_seed,
2021-06-15,BND,85.56,85.63,85.52,85.6,72.8979418065,72.9575824789,72.8638614223,72.9320221907,6173593,6173593,0.0,1.0,tiingo_historical_seed,
2021-06-16,BND,85.677,85.73,85.255,85.36,72.9976269303,73.0427834394,72.638078877,72.7275398855,5038475,5038475,0.0,1.0,tiingo_historical_seed,
2021-06-17,BND,85.5,85.865,85.48,85.65,72.8468212302,73.1578047361,72.8297810381,72.974622671,6467468,6467468,0.0,1.0,tiingo_historical_seed,
2021-06-18,BND,85.72,85.99,85.625,85.92,73.0342633433,73.2643059367,72.9533224309,73.2046652643,5843058,5843058,0.0,1.0,tiingo_historical_seed,
2021-06-21,BND,85.72,85.7499,85.6,85.62,73.0342633433,73.0597384305,72.9320221907,72.9490623828,7907017,7907017,0.0,1.0,tiingo_historical_seed,
2021-06-22,BND,85.52,85.75,85.505,85.74,72.8638614223,73.0598236315,72.8510812783,73.0513035354,4082891,4082891,0.0,1.0,tiingo_historical_seed,
2021-06-23,BND,85.69,85.76,85.63,85.68,73.0087030552,73.0683437275,72.9575824789,73.0001829591,5739875,5739875,0.0,1.0,tiingo_historical_seed,
2021-06-24,BND,85.73,85.7793,85.6901,85.72,73.0427834394,73.0847875129,73.0087882561,73.0342633433,4852141,4852141,0.0,1.0,tiingo_historical_seed,
2021-06-25,BND,85.74,85.75,85.4501,85.56,73.0513035354,73.0598236315,72.8043059509,72.8979418065,6018664,6018664,0.0,1.0,tiingo_historical_seed,
2021-06-28,BND,85.69,85.84,85.67,85.79,73.0087030552,73.1365044959,72.9916628631,73.0939040157,5664089,5664089,0.0,1.0,tiingo_historical_seed,
2021-06-29,BND,85.6643,85.83,85.66,85.83,72.9868064083,73.1279843999,72.983142767,73.1279843999,10672831,10672831,0.0,1.0,tiingo_historical_seed,
2021-06-30,BND,85.895,85.98,85.87,85.89,73.1833650242,73.2557858406,73.1620647841,73.1791049762,4846589,4846589,0.0,1.0,tiingo_historical_seed,
2021-07-01,BND,85.73,85.775,85.63,85.75,73.1553076574,73.193707154,73.0699754427,73.1723741003,5768040,5768040,0.1321,1.0,tiingo_historical_seed,
2021-07-02,BND,85.76,85.9,85.74,85.9,73.1809073218,73.3003724224,73.1638408788,73.3003724224,4315654,4315654,0.0,1.0,tiingo_historical_seed,
2021-07-06,BND,86.0,86.265,86.0,86.21,73.385704637,73.611835006,73.385704637,73.5649022879,5711640,5711640,0.0,1.0,tiingo_historical_seed,
2021-07-07,BND,86.2959,86.44,86.23,86.39,73.6382026603,73.7611663817,73.5819687308,73.7185002744,5933965,5933965,0.0,1.0,tiingo_historical_seed,
2021-07-08,BND,86.4353,86.5674,86.38,86.47,73.7571557676,73.8698796232,73.7099670529,73.7867660461,6991379,6991379,0.0,1.0,tiingo_historical_seed,
2021-07-09,BND,86.265,86.2672,86.2,86.2,73.611835006,73.6137123147,73.5563690664,73.5563690664,10304893,10304893,0.0,1.0,tiingo_historical_seed,
2021-07-12,BND,86.26,86.29,86.123,86.17,73.6075683952,73.6331680597,73.4906632611,73.530769402,9073868,9073868,0.0,1.0,tiingo_historical_seed,
2021-07-13,BND,86.16,86.23,85.865,85.9,73.5222361806,73.5819687308,73.2705061472,73.3003724224,8580650,8580650,0.0,1.0,tiingo_historical_seed,
2021-07-14,BND,86.08,86.21,86.06,86.19,73.4539704088,73.5649022879,73.4369039659,73.547835845,5036297,5036297,0.0,1.0,tiingo_historical_seed,
2021-07-15,BND,86.34,86.41,86.18,86.4,73.675834167,73.7355667173,73.5393026235,73.7270334958,3422955,3422955,0.0,1.0,tiingo_historical_seed,
2021-07-16,BND,86.2,86.37,86.1924,86.32,73.5563690664,73.7014338314,73.5498838181,73.6587677241,5725147,5725147,0.0,1.0,tiingo_historical_seed,
2021-07-19,BND,86.7131,86.89,86.681,86.81,73.99420866,74.1451613478,73.9668170191,74.0768955761,6493290,6493290,0.0,1.0,tiingo_historical_seed,
2021-07-20,BND,87.05,87.075,86.67,86.72,74.2816928913,74.303025945,73.9574304755,74.0000965828,6762170,6762170,0.0,1.0,tiingo_historical_seed,
2021-07-21,BND,86.49,86.535,86.36,86.44,73.803832489,73.8422319857,73.6929006099,73.7611663817,6292951,6292951,0.0,1.0,tiingo_historical_seed,
2021-07-22,BND,86.454,86.6999,86.449,86.63,73.7731128918,73.9829448077,73.768846281,73.9232975896,4894957,4894957,0.0,1.0,tiingo_historical_seed,
2021-07-23,BND,86.4136,86.56,86.4,86.53,73.738638677,73.8635650393,73.7270334958,73.8379653749,8887561,8887561,0.0,1.0,tiingo_historical_seed,
2021-07-26,BND,86.63,86.63,86.45,86.48,73.9232975896,73.9232975896,73.7696996032,73.7952992676,5427869,5427869,0.0,1.0,tiingo_historical_seed,
2021-07-27,BND,86.68,86.7199,86.6,86.7,73.965963697,74.0000112506,73.8976979252,73.9830301399,4344089,4344089,0.0,1.0,tiingo_historical_seed,
2021-07-28,BND,86.59,86.78,86.5,86.78,73.8891647037,74.0512959117,73.8123657105,74.0512959117,6636720,6636720,0.0,1.0,tiingo_historical_seed,
2021-07-29,BND,86.6,86.685,86.58,86.63,73.8976979252,73.9702303077,73.8806314823,73.9232975896,5183461,5183461,0.0,1.0,tiingo_historical_seed,
2021-07-30,BND,86.7,86.78,86.67,86.76,73.9830301399,74.0512959117,73.9574304755,74.0342294687,7557156,7557156,0.0,1.0,tiingo_historical_seed,
2021-08-02,BND,86.675,86.94,86.63,86.83,74.0776269143,74.3041117269,74.0391672292,74.2100991632,4660843,4660843,0.1361,1.0,tiingo_historical_seed,
2021-08-03,BND,86.84,86.94,86.8138,86.85,74.2186457599,74.3041117269,74.1962536765,74.2271923566,5297706,5297706,0.0,1.0,tiingo_historical_seed,
2021-08-04,BND,87.01,87.05,86.64,86.85,74.3639379038,74.3981242906,74.0477138259,74.2271923566,3916933,3916933,0.0,1.0,tiingo_historical_seed,
2021-08-05,BND,86.77,86.7898,86.615,86.65,74.158819583,74.1757418445,74.0263473341,74.0562604226,4614138,4614138,0.0,1.0,tiingo_historical_seed,
2021-08-06,BND,86.315,86.4,86.22,86.24,73.7699494331,73.842595505,73.6887567644,73.7058499578,4329839,4329839,0.0,1.0,tiingo_historical_seed,
2021-08-09,BND,86.32,86.37,86.08,86.08,73.7742227314,73.8169557149,73.5691044106,73.5691044106,4541333,4541333,0.0,1.0,tiingo_historical_seed,
2021-08-10,BND,86.12,86.12,85.95,85.95,73.6032907974,73.6032907974,73.4579986534,73.4579986534,4312316,4312316,0.0,1.0,tiingo_historical_seed,
2021-08-11,BND,85.97,86.14,85.86,86.01,73.4750918468,73.6203839908,73.3810792831,73.5092782336,6494048,6494048,0.0,1.0,tiingo_historical_seed,
2021-08-12,BND,85.98,86.045,85.9,86.02,73.4836384435,73.5391913221,73.4152656699,73.5178248303,4946510,4946510,0.0,1.0,tiingo_historical_seed,
2021-08-13,BND,86.125,86.36,86.11,86.36,73.6075640957,73.8084091182,73.5947442007,73.8084091182,4326031,4326031,0.0,1.0,tiingo_historical_seed,
2021-08-16,BND,86.47,86.6,86.41,86.44,73.9024216819,74.0135274391,73.8511421017,73.8767818918,3918955,3918955,0.0,1.0,tiingo_historical_seed,
2021-08-17,BND,86.37,86.4691,86.33,86.35,73.8169557149,73.9016524882,73.7827693281,73.7998625215,7168355,7168355,0.0,1.0,tiingo_historical_seed,
2021-08-18,BND,86.33,86.428,86.24,86.33,73.7827693281,73.8665259758,73.7058499578,73.7827693281,4561927,4561927,0.0,1.0,tiingo_historical_seed,
2021-08-19,BND,86.49,86.52,86.405,86.52,73.9195148753,73.9451546654,73.8468688034,73.9451546654,5345715,5345715,0.0,1.0,tiingo_historical_seed,
2021-08-20,BND,86.54,86.5667,86.465,86.5,73.9622478588,73.985067272,73.8981483836,73.928061472,3581269,3581269,0.0,1.0,tiingo_historical_seed,
2021-08-23,BND,86.48,86.53,86.43,86.52,73.9109682786,73.9537012621,73.8682352951,73.9451546654,4005565,4005565,0.0,1.0,tiingo_historical_seed,
2021-08-24,BND,86.45,86.48,86.35,86.35,73.8853284885,73.9109682786,73.7998625215,73.7998625215,5164835,5164835,0.0,1.0,tiingo_historical_seed,
2021-08-25,BND,86.39,86.4,86.14,86.21,73.8340489083,73.842595505,73.6203839908,73.6802101677,3904898,3904898,0.0,1.0,tiingo_historical_seed,
2021-08-26,BND,86.24,86.25,86.11,86.22,73.7058499578,73.7143965545,73.5947442007,73.6887567644,4810940,4810940,0.0,1.0,tiingo_historical_seed,
2021-08-27,BND,86.24,86.47,86.17,86.47,73.7058499578,73.9024216819,73.6460237809,73.9024216819,4780915,4780915,0.0,1.0,tiingo_historical_seed,
2021-08-30,BND,86.408,86.57,86.39,86.57,73.8494327824,73.987887649,73.8340489083,73.987887649,4119047,4119047,0.0,1.0,tiingo_historical_seed,
2021-08-31,BND,86.56,86.61,86.39,86.46,73.9793410523,74.0220740358,73.8340489083,73.8938750852,4975026,4975026,0.0,1.0,tiingo_historical_seed,
2021-09-01,BND,86.41,86.41,86.25,86.34,73.9666395058,73.9666395058,73.8296800992,73.9067197654,4792353,4792353,0.135029,1.0,tiingo_historical_seed,
2021-09-02,BND,86.41,86.46,86.335,86.46,73.9666395058,74.0094393203,73.902439784,74.0094393203,4885232,4885232,0.0,1.0,tiingo_historical_seed,
2021-09-03,BND,86.26,86.3,86.21,86.28,73.8382400621,73.8724799138,73.7954402476,73.855359988,4059693,4059693,0.0,1.0,tiingo_historical_seed,
2021-09-07,BND,86.08,86.1,85.96,86.03,73.6841607298,73.7012806556,73.5814411748,73.6413609152,4840674,4840674,0.0,1.0,tiingo_historical_seed,
2021-09-08,BND,86.125,86.25,86.09,86.17,73.7226805629,73.8296800992,73.6927206927,73.7612003959,4864594,4864594,0.0,1.0,tiingo_historical_seed,
2021-09-09,BND,86.26,86.51,86.19,86.48,73.8382400621,74.0522391349,73.7783203218,74.0265592462,5504618,5504618,0.0,1.0,tiingo_historical_seed,
2021-09-10,BND,86.335,86.38,86.112,86.27,73.902439784,73.9409596171,73.7115526111,73.846800025,3711443,3711443,0.0,1.0,tiingo_historical_seed,
2021-09-13,BND,86.34,86.42,86.33,86.4,73.9067197654,73.9751994687,73.8981598025,73.9580795429,4047362,4047362,0.0,1.0,tiingo_historical_seed,
2021-09-14,BND,86.465,86.68,86.435,86.61,74.0137193018,74.1977585044,73.9880394131,74.137838764,4758567,4758567,0.0,1.0,tiingo_historical_seed,
2021-09-15,BND,86.59,86.5959,86.43,86.53,74.1207188382,74.1257692163,73.9837594316,74.0693590607,6204475,6204475,0.0,1.0,tiingo_historical_seed,
2021-09-16,BND,86.35,86.46,86.3007,86.37,73.9152797283,74.0094393203,73.8730791112,73.9323996541,4604134,4604134,0.0,1.0,tiingo_historical_seed,
2021-09-17,BND,86.245,86.28,86.18,86.26,73.8254001178,73.855359988,73.7697603589,73.8382400621,6217825,6217825,0.0,1.0,tiingo_historical_seed,
2021-09-20,BND,86.39,86.53,86.375,86.5,73.94951958,74.0693590607,73.9366796356,74.043679172,6195292,6195292,0.0,1.0,tiingo_historical_seed,
2021-09-21,BND,86.51,86.52,86.435,86.48,74.0522391349,74.0607990978,73.9880394131,74.0265592462,6962362,6962362,0.0,1.0,tiingo_historical_seed,
2021-09-22,BND,86.48,86.599,86.4,86.57,74.0265592462,74.1284228048,73.9580795429,74.1035989123,6006219,6006219,0.0,1.0,tiingo_historical_seed,
2021-09-23,BND,86.35,86.3699,86.0701,86.11,73.9152797283,73.9323140545,73.6756863665,73.7098406185,5222361,5222361,0.0,1.0,tiingo_historical_seed,
2021-09-24,BND,86.01,86.03,85.88,85.93,73.6242409894,73.6413609152,73.5129614716,73.5557612861,4170610,4170610,0.0,1.0,tiingo_historical_seed,
2021-09-27,BND,85.8,85.9159,85.77,85.83,73.4444817683,73.5436917384,73.4188018795,73.470161657,4858472,4858472,0.0,1.0,tiingo_historical_seed,
2021-09-28,BND,85.565,85.63,85.385,85.46,73.2433226399,73.2989623988,73.0892433075,73.1534430293,6253941,6253941,0.0,1.0,tiingo_historical_seed,
2021-09-29,BND,85.58,85.67,85.3838,85.47,73.2561625843,73.3332022504,73.088216112,73.1620029922,5123470,5123470,0.0,1.0,tiingo_historical_seed,
2021-09-30,BND,85.44,85.5,85.375,85.45,73.1363231035,73.187682881,73.0806833446,73.1448830664,5877670,5877670,0.0,1.0,tiingo_historical_seed,
2021-10-01,BND,85.46,85.6499,85.425,85.61,73.2647010336,73.4275019548,73.2346955979,73.3932957581,6029864,6029864,0.130203,1.0,tiingo_historical_seed,
2021-10-04,BND,85.51,85.62,85.435,85.55,73.3075659417,73.4018687397,73.2432685795,73.3418578683,7280029,7280029,0.0,1.0,tiingo_historical_seed,
2021-10-05,BND,85.5,85.52,85.3129,85.34,73.2989929601,73.3161389234,73.1385924738,73.161825254,4395381,4395381,0.0,1.0,tiingo_historical_seed,
2021-10-06,BND,85.36,85.41,85.31,85.38,73.1789712172,73.2218361254,73.1361063091,73.1961171805,7177885,7177885,0.0,1.0,tiingo_historical_seed,
2021-10-07,BND,85.2283,85.25,85.1236,85.14,73.0660650491,73.0846684193,72.9763059314,72.9903656213,5363470,5363470,0.0,1.0,tiingo_historical_seed,
2021-10-08,BND,85.08,85.08,84.88,84.93,72.9389277315,72.9389277315,72.7674680989,72.810333007,4547140,4547140,0.0,1.0,tiingo_historical_seed,
2021-10-11,BND,84.825,84.88,84.78,84.8,72.7203166999,72.7674680989,72.6817382825,72.6988842458,3286631,3286631,0.0,1.0,tiingo_historical_seed,
2021-10-12,BND,84.89,85.14,84.89,85.11,72.7760410805,72.9903656213,72.7760410805,72.9646466764,5529557,5529557,0.0,1.0,tiingo_historical_seed,
2021-10-13,BND,85.2,85.36,85.2,85.34,73.0418035111,73.1789712172,73.0418035111,73.161825254,5018091,5018091,0.0,1.0,tiingo_historical_seed,
2021-10-14,BND,85.39,85.5,85.33,85.49,73.2046901621,73.2989929601,73.1532522723,73.2904199785,4336452,4336452,0.0,1.0,tiingo_historical_seed,
2021-10-15,BND,85.34,85.34,85.24,85.28,73.161825254,73.161825254,73.0760954376,73.1103873642,5801256,5801256,0.0,1.0,tiingo_historical_seed,
2021-10-18,BND,85.16,85.29,85.06,85.23,73.0075115846,73.1189603458,72.9217817683,73.067522456,5863650,5863650,0.0,1.0,tiingo_historical_seed,
2021-10-19,BND,85.14,85.14,84.98,84.99,72.9903656213,72.9903656213,72.8531979152,72.8617708968,3866127,3866127,0.0,1.0,tiingo_historical_seed,
2021-10-20,BND,84.96,85.06,84.89,84.89,72.8360519519,72.9217817683,72.7760410805,72.7760410805,5332437,5332437,0.0,1.0,tiingo_historical_seed,
2021-10-21,BND,84.87,84.89,84.74,84.77,72.7588951172,72.7760410805,72.647446356,72.6731653009,6073270,6073270,0.0,1.0,tiingo_historical_seed,
2021-10-22,BND,84.87,84.98,84.79,84.95,72.7588951172,72.8531979152,72.6903112642,72.8274789703,6076105,6076105,0.0,1.0,tiingo_historical_seed,
2021-10-25,BND,84.92,85.06,84.91,84.99,72.8017600254,72.9217817683,72.7931870438,72.8617708968,4652496,4652496,0.0,1.0,tiingo_historical_seed,
2021-10-26,BND,85.065,85.16,84.935,85.16,72.9260682591,73.0075115846,72.8146194978,73.0075115846,5752757,5752757,0.0,1.0,tiingo_historical_seed,
2021-10-27,BND,85.31,85.585,85.195,85.47,73.1361063091,73.371863304,73.0375170203,73.2732740152,7618411,7618411,0.0,1.0,tiingo_historical_seed,
2021-10-28,BND,85.42,85.51,85.3,85.36,73.230409107,73.3075659417,73.1275333274,73.1789712172,6225797,6225797,0.0,1.0,tiingo_historical_seed,
2021-10-29,BND,85.1584,85.44,85.125,85.38,73.0061399075,73.2475550703,72.9775061489,73.1961171805,8975187,8975187,0.0,1.0,tiingo_historical_seed,
2021-11-01,BND,85.02,85.19,84.98,85.18,73.0021734039,73.1481434048,72.9678275213,73.1395569342,5199346,5199346,0.134025,1.0,tiingo_historical_seed,
2021-11-02,BND,85.22,85.39,85.21,85.34,73.1739028168,73.3198728177,73.1653163461,73.2769404645,4188663,4188663,0.0,1.0,tiingo_historical_seed,
2021-11-03,BND,85.39,85.405,85.07,85.19,73.3198728177,73.3327525236,73.0451057571,73.1481434048,5058888,5058888,0.0,1.0,tiingo_historical_seed,
2021-11-04,BND,85.25,85.58,85.24,85.58,73.1996622287,73.4830157599,73.191075758,73.4830157599,5564140,5564140,0.0,1.0,tiingo_historical_seed,
2021-11-05,BND,85.63,85.895,85.57,85.84,73.5259481131,73.7534895851,73.4744292892,73.7062639966,4595863,4595863,0.0,1.0,tiingo_historical_seed,
2021-11-08,BND,85.72,85.73,85.6,85.65,73.6032263489,73.6118128195,73.5001887012,73.5431210544,6517230,6517230,0.0,1.0,tiingo_historical_seed,
2021-11-09,BND,85.92,86.03,85.87,85.89,73.7749557617,73.8694069388,73.7320234085,73.7491963498,5768651,5768651,0.0,1.0,tiingo_historical_seed,
2021-11-10,BND,85.75,85.765,85.2,85.31,73.6289857608,73.6418654668,73.1567298755,73.2511810525,6206415,6206415,0.0,1.0,tiingo_historical_seed,
2021-11-11,BND,85.3181,85.35,85.15,85.17,73.2581360938,73.2855269351,73.1137975223,73.1309704635,3847065,3847065,0.0,1.0,tiingo_historical_seed,
2021-11-12,BND,85.29,85.355,85.105,85.18,73.2340081113,73.2898201704,73.0751584044,73.1395569342,4890464,4890464,0.0,1.0,tiingo_historical_seed,
2021-11-15,BND,85.1,85.1177,84.82,84.83,73.070865169,73.0860632221,72.830443991,72.8390304617,6239698,6239698,0.0,1.0,tiingo_historical_seed,
2021-11-16,BND,84.83,84.95,84.74,84.77,72.8390304617,72.9420681094,72.7617522259,72.7875116378,5580839,5580839,0.0,1.0,tiingo_historical_seed,
2021-11-17,BND,84.73,84.97,84.71,84.95,72.7531657553,72.9592410507,72.735992814,72.9420681094,6589400,6589400,0.0,1.0,tiingo_historical_seed,
2021-11-18,BND,84.92,85.08,84.9,85.05,72.9163086975,73.0536922278,72.8991357562,73.0279328158,5320810,5320810,0.0,1.0,tiingo_historical_seed,
2021-11-19,BND,85.25,85.33,85.19,85.23,73.1996622287,73.2683539938,73.1481434048,73.1824892874,5498183,5498183,0.0,1.0,tiingo_historical_seed,
2021-11-22,BND,85.01,85.055,84.75,84.81,72.9935869333,73.0322260512,72.7703386966,72.8218575204,7497078,7497078,0.0,1.0,tiingo_historical_seed,
2021-11-23,BND,84.69,84.71,84.47,84.47,72.7188198727,72.735992814,72.5299175186,72.5299175186,5779538,5779538,0.0,1.0,tiingo_historical_seed,
2021-11-24,BND,84.4764,84.69,84.43,84.67,72.5354128598,72.7188198727,72.495571636,72.7016469314,4757444,4757444,0.0,1.0,tiingo_historical_seed,
2021-11-26,BND,85.09,85.319,85.04,85.27,73.0622786984,73.2589088761,73.0193463452,73.21683517,4402480,4402480,0.0,1.0,tiingo_historical_seed,
2021-11-29,BND,84.99,85.29,84.97,85.26,72.976413992,73.2340081113,72.9592410507,73.2082486993,6133012,6133012,0.0,1.0,tiingo_historical_seed,
2021-11-30,BND,85.49,85.695,85.24,85.42,73.4057375241,73.5817601723,73.191075758,73.3456322296,11234785,11234785,0.0,1.0,tiingo_historical_seed,
2021-12-01,BND,85.16,85.355,85.06,85.34,73.2379908761,73.4056917712,73.1519904171,73.3927917023,7738344,7738344,0.134923,1.0,tiingo_historical_seed,
2021-12-02,BND,85.415,85.45,85.19,85.35,73.4572920466,73.4873922072,73.2637910138,73.4013917482,8831616,8831616,0.0,1.0,tiingo_historical_seed,
2021-12-03,BND,85.26,85.83,85.245,85.68,73.3239913351,73.8141939514,73.3110912663,73.6851932629,7440991,7440991,0.0,1.0,tiingo_historical_seed,
2021-12-06,BND,85.69,85.71,85.41,85.45,73.6937933088,73.7109934006,73.4529920236,73.4873922072,6865003,6865003,0.0,1.0,tiingo_historical_seed,
2021-12-07,BND,85.32,85.45,85.25,85.26,73.3755916105,73.4873922072,73.3153912892,73.3239913351,5351375,5351375,0.0,1.0,tiingo_historical_seed,
2021-12-08,BND,85.18,85.2,84.9529,85.0,73.2551909679,73.2723910597,73.0598839256,73.1003901418,9064150,9064150,0.0,1.0,tiingo_historical_seed,
2021-12-09,BND,85.08,85.18,84.97,85.04,73.1691905089,73.2551909679,73.0745900041,73.1347903253,8096706,8096706,0.0,1.0,tiingo_historical_seed,
2021-12-10,BND,85.16,85.27,85.05,85.07,73.2379908761,73.332591381,73.1433903712,73.160590463,6869133,6869133,0.0,1.0,tiingo_historical_seed,
2021-12-13,BND,85.25,85.425,85.23,85.36,73.3153912892,73.4658920925,73.2981911974,73.4099917941,4955326,4955326,0.0,1.0,tiingo_historical_seed,
2021-12-14,BND,85.25,85.295,85.08,85.22,73.3153912892,73.3540914958,73.1691905089,73.2895911515,5165811,5165811,0.0,1.0,tiingo_historical_seed,
2021-12-15,BND,85.04,85.21,84.97,85.11,73.1347903253,73.2809911056,73.0745900041,73.1949906466,6035988,6035988,0.0,1.0,tiingo_historical_seed,
2021-12-16,BND,85.15,85.32,85.15,85.22,73.2293908302,73.3755916105,73.2293908302,73.2895911515,6067703,6067703,0.0,1.0,tiingo_historical_seed,
2021-12-17,BND,85.34,85.4799,85.32,85.37,73.3927917023,73.5131063444,73.3755916105,73.41859184,4884174,4884174,0.0,1.0,tiingo_historical_seed,
2021-12-20,BND,85.38,85.43,85.2,85.23,73.4271918859,73.4701921154,73.2723910597,73.2981911974,7129099,7129099,0.0,1.0,tiingo_historical_seed,
2021-12-21,BND,85.19,85.19,84.95,85.14,73.2637910138,73.2637910138,73.0573899123,73.2207907843,6237799,6237799,0.0,1.0,tiingo_historical_seed,
2021-12-22,BND,85.22,85.23,85.09,85.23,73.2895911515,73.2981911974,73.1777905548,73.2981911974,5109956,5109956,0.0,1.0,tiingo_historical_seed,
2021-12-23,BND,84.93,84.93,84.74,84.83,73.2733975118,73.2733975118,73.1094749222,73.1871224646,4631256,4631256,0.270851,1.0,tiingo_historical_seed,
2021-12-27,BND,84.835,84.93,84.805,84.87,73.191436217,73.2733975118,73.1655537029,73.2216324835,5311787,5311787,0.0,1.0,tiingo_historical_seed,
2021-12-28,BND,85.01,85.02,84.81,84.86,73.3424175494,73.3510450542,73.1698674552,73.2130049788,5674803,5674803,0.0,1.0,tiingo_historical_seed,
2021-12-29,BND,84.665,84.72,84.52,84.58,73.0447686369,73.0922199128,72.9196698186,72.9714348469,7757934,7757934,0.0,1.0,tiingo_historical_seed,
2021-12-30,BND,84.69,84.785,84.56,84.77,73.0663373987,73.1482986934,72.9541798374,73.1353574364,6352216,6352216,0.0,1.0,tiingo_historical_seed,
2021-12-31,BND,84.78,84.91,84.73,84.75,73.1439849411,73.2561425023,73.1008474175,73.118102427,7162537,7162537,0.0,1.0,tiingo_historical_seed,
2022-01-03,BND,84.44,84.44,84.17,84.18,72.8506497809,72.8506497809,72.6177071537,72.6263346584,7244254,7244254,0.0,1.0,tiingo_historical_seed,
2022-01-04,BND,84.1,84.18,84.0,84.17,72.5573146207,72.6263346584,72.4710395736,72.6177071537,7384512,7384512,0.0,1.0,tiingo_historical_seed,
2022-01-05,BND,84.21,84.21,83.86,83.88,72.6522171726,72.6522171726,72.3502545077,72.3675095171,7076480,7076480,0.0,1.0,tiingo_historical_seed,
2022-01-06,BND,83.75,83.82,83.68,83.79,72.2553519558,72.3157444888,72.1949594229,72.2898619747,6011031,6011031,0.0,1.0,tiingo_historical_seed,
2022-01-07,BND,83.71,83.72,83.4422,83.56,72.220841937,72.2294694417,71.9897973608,72.0914293663,6345129,6345129,0.0,1.0,tiingo_historical_seed,
2022-01-10,BND,83.3795,83.5199,83.31,83.49,71.9357029063,72.0568330724,71.8757417486,72.0310368334,5912264,5912264,0.0,1.0,tiingo_historical_seed,
2022-01-11,BND,83.47,83.68,83.41,83.66,72.0137818239,72.1949594229,71.9620167957,72.1777044134,6751636,6751636,0.0,1.0,tiingo_historical_seed,
2022-01-12,BND,83.73,83.785,83.62,83.63,72.2380969464,72.2855482223,72.1431943946,72.1518218993,6672737,6672737,0.0,1.0,tiingo_historical_seed,
2022-01-13,BND,83.645,83.7899,83.57,83.77,72.1647631564,72.2897756996,72.100056871,72.2726069653,5746332,5746332,0.0,1.0,tiingo_historical_seed,
2022-01-14,BND,83.59,83.595,83.3,83.31,72.1173118805,72.1216256328,71.8671142438,71.8757417486,6843117,6843117,0.0,1.0,tiingo_historical_seed,
2022-01-18,BND,83.03,83.08,82.79,82.79,71.6341716166,71.6773091402,71.4271115036,71.4271115036,7452834,7452834,0.0,1.0,tiingo_historical_seed,
2022-01-19,BND,82.97,83.12,82.94,82.99,71.5824065884,71.711819159,71.5565240742,71.5996615978,8643482,8643482,0.0,1.0,tiingo_historical_seed,
2022-01-20,BND,83.11,83.14,83.03,83.08,71.7031916543,71.7290741685,71.6341716166,71.6773091402,4951327,4951327,0.0,1.0,tiingo_historical_seed,
2022-01-21,BND,83.35,83.48,83.28,83.39,71.9102517674,72.0224093286,71.8498592344,71.9447617862,5204703,5204703,0.0,1.0,tiingo_historical_seed,
2022-01-24,BND,83.4548,83.5,83.25,83.26,72.0006680168,72.0396643381,71.8239767203,71.832604225,10332196,10332196,0.0,1.0,tiingo_historical_seed,
2022-01-25,BND,83.3036,83.3973,83.14,83.15,71.8702201455,71.9510598647,71.7290741685,71.7377016732,5872744,5872744,0.0,1.0,tiingo_historical_seed,
2022-01-26,BND,83.22,83.26,82.69,82.69,71.7980942062,71.832604225,71.3408364565,71.3408364565,7382531,7382531,0.0,1.0,tiingo_historical_seed,
2022-01-27,BND,82.9,83.09,82.89,82.96,71.5220140554,71.6859366449,71.5133865507,71.5737790837,6295828,6295828,0.0,1.0,tiingo_historical_seed,
2022-01-28,BND,82.78,83.08,82.7669,83.06,71.4184839989,71.6773091402,71.4071819677,71.6600541308,5992517,5992517,0.0,1.0,tiingo_historical_seed,
2022-01-31,BND,82.895,83.08,82.865,83.0,71.517700303,71.6773091402,71.4918177889,71.6082891025,8033352,8033352,0.0,1.0,tiingo_historical_seed,
2022-02-01,BND,82.89,82.91,82.685,82.83,71.6312701046,71.6485535574,71.4541147135,71.5794197462,5013368,5013368,0.136538,1.0,tiingo_historical_seed,
2022-02-02,BND,82.945,83.1399,82.91,82.95,71.6787995998,71.8472268473,71.6485535574,71.683120463,7248851,7248851,0.0,1.0,tiingo_historical_seed,
2022-02-03,BND,82.61,82.68,82.505,82.6,71.3893017655,71.4497938503,71.2985636383,71.3806600391,6156464,6156464,0.0,1.0,tiingo_historical_seed,
2022-02-04,BND,82.2,82.22,82.014,82.09,71.0349909832,71.052274436,70.8742548723,70.9399319929,7745950,7745950,0.0,1.0,tiingo_historical_seed,
2022-02-07,BND,82.09,82.22,82.015,82.16,70.9399319929,71.052274436,70.8751190449,71.0004240776,6252299,6252299,0.0,1.0,tiingo_historical_seed,
2022-02-08,BND,81.98,82.005,81.89,81.89,70.8448730025,70.8664773185,70.7670974649,70.7670974649,6727053,6727053,0.0,1.0,tiingo_historical_seed,
2022-02-09,BND,82.03,82.14,81.94,81.95,70.8880816345,70.9831406249,70.8103060969,70.8189478233,5861953,5861953,0.0,1.0,tiingo_historical_seed,
2022-02-10,BND,81.63,81.69,81.2,81.2,70.5424125786,70.594262937,70.1708183435,70.1708183435,8869683,8869683,0.0,1.0,tiingo_historical_seed,
2022-02-11,BND,81.45,81.7865,81.151,81.73,70.3868615035,70.6776555967,70.1284738842,70.6288298426,11101067,11101067,0.0,1.0,tiingo_historical_seed,
2022-02-14,BND,81.38,81.46,81.18,81.27,70.3263694187,70.3955032299,70.1535348907,70.2313104283,6301594,6301594,0.0,1.0,tiingo_historical_seed,
2022-02-15,BND,81.17,81.28,81.085,81.1,70.1448931643,70.2399521547,70.07143849,70.0844010796,6731864,6731864,0.0,1.0,tiingo_historical_seed,
2022-02-16,BND,81.24,81.255,80.96,81.21,70.2053852491,70.2183478387,69.96341691,70.1794600699,7142394,7142394,0.0,1.0,tiingo_historical_seed,
2022-02-17,BND,81.3,81.49,81.25,81.39,70.2572356075,70.421428409,70.2140269755,70.3350111451,6833585,6833585,0.0,1.0,tiingo_historical_seed,
2022-02-18,BND,81.5,81.55,81.41,81.53,70.4300701354,70.4732787674,70.3522945979,70.4559953146,4744360,4744360,0.0,1.0,tiingo_historical_seed,
2022-02-22,BND,81.39,81.48,81.304,81.48,70.3350111451,70.4127866827,70.2606922981,70.4127866827,7056546,7056546,0.0,1.0,tiingo_historical_seed,
2022-02-23,BND,81.3,81.32,81.07,81.07,70.2572356075,70.2745190603,70.0584759004,70.0584759004,7938950,7938950,0.0,1.0,tiingo_historical_seed,
2022-02-24,BND,81.39,81.48,81.145,81.25,70.3350111451,70.4127866827,70.1232888484,70.2140269755,8883626,8883626,0.0,1.0,tiingo_historical_seed,
2022-02-25,BND,81.2,81.33,81.14,81.32,70.1708183435,70.2831607867,70.1189679852,70.2745190603,5923229,5923229,0.0,1.0,tiingo_historical_seed,
2022-02-28,BND,81.66,81.95,81.64,81.92,70.5683377578,70.8189478233,70.551054305,70.7930226441,6494572,6494572,0.0,1.0,tiingo_historical_seed,
2022-03-01,BND,82.04,82.49,82.03,82.22,71.0080455304,71.3975338348,70.9993902348,71.1638408522,9318989,9318989,0.129102,1.0,tiingo_historical_seed,
2022-03-02,BND,81.86,81.91,81.21,81.21,70.8522502087,70.8955266869,70.2896559913,70.2896559913,6491524,6491524,0.0,1.0,tiingo_historical_seed,
2022-03-03,BND,81.47,81.625,81.35,81.57,70.5146936782,70.6488507609,70.4108301304,70.6012466348,10349118,10349118,0.0,1.0,tiingo_historical_seed,
2022-03-04,BND,81.89,82.02,81.77,81.86,70.8782160956,70.9907349391,70.7743525478,70.8522502087,8042790,8042790,0.0,1.0,tiingo_historical_seed,
2022-03-07,BND,81.53,81.73,81.38,81.46,70.5666254522,70.7397313652,70.4367960174,70.5060383826,6425360,6425360,0.0,1.0,tiingo_historical_seed,
2022-03-08,BND,81.05,81.125,80.97,81.08,70.1511712609,70.2160859782,70.0819288956,70.1771371478,8566030,8566030,0.0,1.0,tiingo_historical_seed,
2022-03-09,BND,80.9,81.0,80.79,80.86,70.0213418261,70.1078947826,69.9261335739,69.9867206435,5761499,5761499,0.0,1.0,tiingo_historical_seed,
2022-03-10,BND,80.58,80.61,80.29,80.43,69.7443723652,69.7703382522,69.4933687913,69.6145429304,8261234,8261234,0.0,1.0,tiingo_historical_seed,
2022-03-11,BND,80.4,80.4856,80.3301,80.37,69.5885770435,69.6626663742,69.5280765269,69.5626111565,7883429,7883429,0.0,1.0,tiingo_historical_seed,
2022-03-14,BND,79.93,79.945,79.615,79.63,69.1817781478,69.1947610913,68.9091363348,68.9221192782,15449716,15449716,0.0,1.0,tiingo_historical_seed,
2022-03-15,BND,79.94,80.01,79.66,79.76,69.1904334435,69.251020513,68.9480851652,69.0346381217,6265070,6265070,0.0,1.0,tiingo_historical_seed,
2022-03-16,BND,79.77,79.88,79.355,79.88,69.0432934174,69.1385016696,68.6840986478,69.1385016696,8156366,8156366,0.0,1.0,tiingo_historical_seed,
2022-03-17,BND,80.02,80.16,79.89,79.95,69.2596758087,69.3808499478,69.1471569652,69.1990887391,6774570,6774570,0.0,1.0,tiingo_historical_seed,
2022-03-18,BND,80.07,80.23,80.04,80.18,69.3029522869,69.4414370174,69.2769864,69.3981605391,8895659,8895659,0.0,1.0,tiingo_historical_seed,
2022-03-21,BND,79.8,79.83,79.32,79.36,69.0692593043,69.0952251913,68.653805113,68.6884262956,6831166,6831166,0.0,1.0,tiingo_historical_seed,
2022-03-22,BND,79.15,79.245,79.0535,79.16,68.5066650869,68.5888903956,68.4231414839,68.5153203826,6487852,6487852,0.0,1.0,tiingo_historical_seed,
2022-03-23,BND,79.33,79.52,79.14,79.52,68.6624604087,68.8269110261,68.4980097913,68.8269110261,8919412,8919412,0.0,1.0,tiingo_historical_seed,
2022-03-24,BND,79.13,79.44,79.105,79.42,68.4893544956,68.7576686609,68.4677162565,68.7403580696,18907380,18907380,0.0,1.0,tiingo_historical_seed,
2022-03-25,BND,79.1,79.1,78.61,78.72,68.4633886087,68.4633886087,68.0392791217,68.1344873739,21372472,21372472,0.0,1.0,tiingo_historical_seed,
2022-03-28,BND,78.81,79.04,78.755,78.95,68.2123850348,68.4114568348,68.1647809087,68.3335591739,7494042,7494042,0.0,1.0,tiingo_historical_seed,
2022-03-29,BND,79.08,79.3299,78.99,79.3,68.4460780174,68.6623738557,68.3681803565,68.6364945217,7308165,7308165,0.0,1.0,tiingo_historical_seed,
2022-03-30,BND,79.09,79.505,79.08,79.48,68.454733313,68.8139280826,68.4460780174,68.7922898435,7071949,7071949,0.0,1.0,tiingo_historical_seed,
2022-03-31,BND,79.52,79.669,79.445,79.54,68.8269110261,68.9558749313,68.7619963087,68.8442216174,8244242,8244242,0.0,1.0,tiingo_historical_seed,
2022-04-01,BND,78.83,79.3,78.77,79.17,68.4003672499,68.8081837235,68.3483055725,68.6953834223,6326908,6326908,0.198038,1.0,tiingo_historical_seed,
2022-04-04,BND,79.205,79.24,78.9646,79.23,68.7257527341,68.756122046,68.5171589464,68.7474450998,9091743,9091743,0.0,1.0,tiingo_historical_seed,
2022-04-05,BND,79.0,79.02,78.38,78.43,68.5478753361,68.5652292286,68.0099046689,68.0532894001,6955671,6955671,0.0,1.0,tiingo_historical_seed,
2022-04-06,BND,78.01,78.4,77.895,78.19,67.6888576579,68.0272585614,67.589072776,67.8450426903,8649608,8649608,0.0,1.0,tiingo_historical_seed,
2022-04-07,BND,78.1,78.185,77.91,78.03,67.7669501741,67.8407042171,67.6020881954,67.7062115503,9157650,9157650,0.0,1.0,tiingo_historical_seed,
2022-04-08,BND,77.66,77.82,77.51,77.61,67.3851645393,67.5239956792,67.2550103456,67.3417798081,8989667,8989667,0.0,1.0,tiingo_historical_seed,
2022-04-11,BND,77.4,77.435,77.175,77.25,67.1595639369,67.1899332488,66.9643326464,67.0294097432,7858283,7858283,0.0,1.0,tiingo_historical_seed,
2022-04-12,BND,77.62,77.747,77.46,77.5,67.3504567543,67.4606539716,67.2116256144,67.2463333994,8168235,8168235,0.0,1.0,tiingo_historical_seed,
2022-04-13,BND,77.59,77.85,77.57,77.59,67.3244259156,67.5500265179,67.3070720231,67.3244259156,7790343,7790343,0.0,1.0,tiingo_historical_seed,
2022-04-14,BND,77.56,77.6,77.01,77.06,67.2983950768,67.3331028618,66.8211630333,66.8645477646,7046135,7046135,0.0,1.0,tiingo_historical_seed,
2022-04-18,BND,77.07,77.08,76.775,76.81,66.8732247108,66.8819016571,66.6172547966,66.6476241084,7187812,7187812,0.0,1.0,tiingo_historical_seed,
2022-04-19,BND,76.53,76.65,76.3,76.33,66.4046696136,66.5087929685,66.2050998499,66.2311306887,11568055,11568055,0.0,1.0,tiingo_historical_seed,
2022-04-20,BND,76.61,76.91,76.5623,76.81,66.4740851835,66.7343935709,66.43269615,66.6476241084,7366035,7366035,0.0,1.0,tiingo_historical_seed,
2022-04-21,BND,76.68,76.69,76.17,76.4,66.5348238073,66.5435007535,66.0922995488,66.2918693124,7869977,7869977,0.0,1.0,tiingo_historical_seed,
2022-04-22,BND,76.18,76.47,76.1,76.3,66.100976495,66.3526079361,66.031560925,66.2050998499,8625207,8625207,0.0,1.0,tiingo_historical_seed,
2022-04-25,BND,76.67,77.02,76.67,76.78,66.526146861,66.8298399796,66.526146861,66.6215932697,6091563,6091563,0.0,1.0,tiingo_historical_seed,
2022-04-26,BND,77.12,77.16,76.9015,76.98,66.916609442,66.951317227,66.7270181666,66.7951321946,8828451,8828451,0.0,1.0,tiingo_historical_seed,
2022-04-27,BND,76.99,77.0676,76.66,76.74,66.8038091409,66.8711422437,66.5174699148,66.5868854847,10802211,10802211,0.0,1.0,tiingo_historical_seed,
2022-04-28,BND,76.54,76.71,76.4399,76.71,66.4133465598,66.560854646,66.3264903279,66.560854646,7643985,7643985,0.0,1.0,tiingo_historical_seed,
2022-04-29,BND,76.28,76.52,76.155,76.19,66.1877459575,66.3959926673,66.0792841294,66.1096534412,7120428,7120428,0.0,1.0,tiingo_historical_seed,
2022-05-02,BND,75.82,75.84,75.58,75.66,65.9110587999,65.9284449931,65.7024244803,65.7719692535,10166774,10166774,0.140826,1.0,tiingo_historical_seed,
2022-05-03,BND,76.075,76.15,75.78,75.84,66.1327327644,66.1979309893,65.8762864133,65.9284449931,7768975,7768975,0.0,1.0,tiingo_historical_seed,
2022-05-04,BND,75.78,76.33,75.635,76.33,65.8762864133,66.354406729,65.7502365118,66.354406729,12237298,12237298,0.0,1.0,tiingo_historical_seed,
2022-05-05,BND,75.87,75.87,75.26,75.57,65.9545242831,65.9545242831,65.4242453875,65.6937313836,10540030,10540030,0.0,1.0,tiingo_historical_seed,
2022-05-06,BND,75.26,75.5199,75.165,75.25,65.4242453875,65.6501789694,65.3416609693,65.4155522908,8802990,8802990,0.0,1.0,tiingo_historical_seed,
2022-05-09,BND,75.18,75.62,75.14,75.59,65.3547006143,65.7371968669,65.3199282277,65.7111175769,7420305,7420305,0.0,1.0,tiingo_historical_seed,
2022-05-10,BND,75.89,76.0324,75.74,75.81,65.9719104764,66.0957001727,65.8415140267,65.9023657032,24792829,24792829,0.0,1.0,tiingo_historical_seed,
2022-05-11,BND,75.52,76.09,75.465,76.07,65.6502659004,66.1457724094,65.6024538688,66.1283862161,9843639,9843639,0.0,1.0,tiingo_historical_seed,
2022-05-12,BND,76.23,76.385,76.155,76.22,66.2674757625,66.4022187606,66.2022775376,66.2587826658,6079267,6079267,0.0,1.0,tiingo_historical_seed,
2022-05-13,BND,76.06,76.0965,75.89,75.94,66.1196931194,66.1514229222,65.9719104764,66.0153759596,5024788,5024788,0.0,1.0,tiingo_historical_seed,
2022-05-16,BND,76.04,76.2357,76.03,76.06,66.1023069261,66.2724308276,66.0936138295,66.1196931194,6104386,6104386,0.0,1.0,tiingo_historical_seed,
2022-05-17,BND,75.68,75.83,75.59,75.61,65.7893554468,65.9197518965,65.7111175769,65.7285037702,5881202,5881202,0.0,1.0,tiingo_historical_seed,
2022-05-18,BND,75.54,75.97,75.54,75.93,65.6676520937,66.0414552496,65.6676520937,66.006682863,4963336,4963336,0.0,1.0,tiingo_historical_seed,
2022-05-19,BND,76.34,76.37,76.0401,76.09,66.3630998256,66.3891791156,66.1023938571,66.1457724094,5461370,5461370,0.0,1.0,tiingo_historical_seed,
2022-05-20,BND,76.12,76.3656,76.12,76.32,66.1718516993,66.3853541531,66.1718516993,66.3457136323,6960177,6960177,0.0,1.0,tiingo_historical_seed,
2022-05-23,BND,76.29,76.3693,76.0,76.05,66.3196343424,66.3885705988,66.0675345395,66.1110000228,7332941,7332941,0.0,1.0,tiingo_historical_seed,
2022-05-24,BND,76.32,76.78,76.32,76.67,66.3457136323,66.7455960782,66.3457136323,66.6499720151,6587272,6587272,0.0,1.0,tiingo_historical_seed,
2022-05-25,BND,76.92,77.0,76.7901,76.98,66.8672994313,66.9368442045,66.7543761059,66.9194580112,5737234,5737234,0.0,1.0,tiingo_historical_seed,
2022-05-26,BND,77.0,77.1,76.81,76.9,66.9368442045,67.023775171,66.7716753682,66.849913238,5328490,5328490,0.0,1.0,tiingo_historical_seed,
2022-05-27,BND,77.11,77.22,77.004,77.12,67.0324682677,67.1280923308,66.9403214432,67.0411613643,6355492,6355492,0.0,1.0,tiingo_historical_seed,
2022-05-31,BND,76.67,76.74,76.46,76.68,66.6499720151,66.7108236916,66.4674169854,66.6586651117,9066996,9066996,0.0,1.0,tiingo_historical_seed,
2022-06-01,BND,76.56,76.644,76.06,76.19,66.6836681427,66.7568320419,66.2481687426,66.3613985866,7294552,7294552,0.148043,1.0,tiingo_historical_seed,
2022-06-02,BND,76.3,76.33,76.045,76.26,66.4572084547,66.4833384187,66.2351037606,66.4223685026,5276616,5276616,0.0,1.0,tiingo_historical_seed,
2022-06-03,BND,75.99,76.19,75.99,76.15,66.1871988266,66.3613985866,66.1871988266,66.3265586346,5549577,5549577,0.0,1.0,tiingo_historical_seed,
2022-06-06,BND,76.03,76.09,75.67,75.7,66.2220387786,66.2742987066,65.9084792105,65.9346091745,6697967,6697967,0.0,1.0,tiingo_historical_seed,
2022-06-07,BND,75.85,76.11,75.82,75.96,66.0652589946,66.2917186826,66.0391290306,66.1610688626,6989812,6989812,0.0,1.0,tiingo_historical_seed,
2022-06-08,BND,75.8,75.93,75.645,75.65,66.0217090546,66.1349388986,65.8867042405,65.8910592345,3778322,3778322,0.0,1.0,tiingo_historical_seed,
2022-06-09,BND,75.6,75.7,75.51,75.55,65.8475092945,65.9346091745,65.7691194025,65.8039593545,4828628,4828628,0.0,1.0,tiingo_historical_seed,
2022-06-10,BND,75.26,75.42,74.76,74.91,65.5513697025,65.6907295105,65.1158703024,65.2465201224,14690802,14690802,0.0,1.0,tiingo_historical_seed,
2022-06-13,BND,74.21,74.25,73.37,73.7,64.6368209623,64.6716609143,63.9051819701,64.1926115742,11255361,11255361,0.0,1.0,tiingo_historical_seed,
2022-06-14,BND,73.91,74.01,73.2,73.3,64.3755213222,64.4626212022,63.7571121741,63.8442120541,9530137,9530137,0.0,1.0,tiingo_historical_seed,
2022-06-15,BND,73.85,74.19,73.5,74.14,64.3232613942,64.6194009862,64.0184118141,64.5758510462,9098550,9098550,0.0,1.0,tiingo_historical_seed,
2022-06-16,BND,73.49,74.32,73.405,74.3,64.0097018261,64.7326308303,63.9356669281,64.7152108543,8477685,8477685,0.0,1.0,tiingo_historical_seed,
2022-06-17,BND,74.39,74.49,74.035,74.34,64.7936007463,64.8807006263,64.4843961722,64.7500508063,4913703,4913703,0.0,1.0,tiingo_historical_seed,
2022-06-21,BND,74.115,74.275,73.94,74.0,64.5540760762,64.6934358843,64.4016512862,64.4539112142,7069896,7069896,0.0,1.0,tiingo_historical_seed,
2022-06-22,BND,74.64,74.75,74.54,74.61,65.0113504463,65.1071603144,64.9242505663,64.9852204823,8407610,8407610,0.0,1.0,tiingo_historical_seed,
2022-06-23,BND,74.9,75.325,74.88,74.97,65.2378101344,65.6079846245,65.2203901584,65.2987800504,8542660,8542660,0.0,1.0,tiingo_historical_seed,
2022-06-24,BND,74.855,75.13,74.78,74.83,65.1986151884,65.4381398584,65.1332902784,65.1768402184,6979043,6979043,0.0,1.0,tiingo_historical_seed,
2022-06-27,BND,74.54,74.7301,74.39,74.47,64.9242505663,65.0898274382,64.7936007463,64.8632806503,6238862,6238862,0.0,1.0,tiingo_historical_seed,
2022-06-28,BND,74.43,74.51,74.305,74.51,64.8284406983,64.8981206023,64.7195658483,64.8981206023,5578795,5578795,0.0,1.0,tiingo_historical_seed,
2022-06-29,BND,74.51,74.945,74.51,74.94,64.8981206023,65.2770050804,64.8981206023,65.2726500864,3896421,3896421,0.0,1.0,tiingo_historical_seed,
2022-06-30,BND,75.17,75.45,75.17,75.26,65.4729798104,65.7168594745,65.4729798104,65.5513697025,4387077,4387077,0.0,1.0,tiingo_historical_seed,
2022-07-01,BND,75.61,76.0497,75.5301,75.71,65.9855926988,66.3693232254,65.9158631808,66.0728636851,5801865,5801865,0.148731,1.0,tiingo_historical_seed,
2022-07-05,BND,75.85,75.97,75.701,75.84,66.1950430658,66.2997682493,66.0650092963,66.1863159672,6253887,6253887,0.0,1.0,tiingo_historical_seed,
2022-07-06,BND,76.03,76.05,75.355,75.38,66.3521308411,66.3695850383,65.7630516839,65.7848694305,5312033,5312033,0.0,1.0,tiingo_historical_seed,
2022-07-07,BND,75.45,75.46,75.1,75.17,65.8459591209,65.8546862195,65.540510669,65.6016003594,7536670,7536670,0.0,1.0,tiingo_historical_seed,
2022-07-08,BND,75.01,75.04,74.84,74.92,65.4619667814,65.4881480773,65.3136061048,65.3834228938,4187094,4187094,0.0,1.0,tiingo_historical_seed,
2022-07-11,BND,75.19,75.39,75.15,75.2,65.6190545566,65.7935965291,65.5841461621,65.6277816552,4128615,4128615,0.0,1.0,tiingo_historical_seed,
2022-07-12,BND,75.48,75.6163,75.33,75.33,65.8721404167,65.991090771,65.7412339374,65.7412339374,6013729,6013729,0.0,1.0,tiingo_historical_seed,
2022-07-13,BND,74.87,75.625,74.85,75.57,65.3397874006,65.9986833468,65.3223332034,65.9506843044,6382805,6382805,0.0,1.0,tiingo_historical_seed,
2022-07-14,BND,75.1,75.43,74.95,75.33,65.540510669,65.8285049236,65.4096041896,65.7412339374,5598013,5598013,0.0,1.0,tiingo_historical_seed,
2022-07-15,BND,75.36,75.7,75.36,75.6,65.7674152332,66.0641365865,65.7674152332,65.9768656002,5276607,5276607,0.0,1.0,tiingo_historical_seed,
2022-07-18,BND,75.45,75.465,75.22,75.37,65.8459591209,65.8590497688,65.6452358525,65.7761423319,3438023,3438023,0.0,1.0,tiingo_historical_seed,
2022-07-19,BND,75.38,75.4299,75.18,75.31,65.7848694305,65.8284176526,65.610327458,65.7237797401,3493437,3493437,0.0,1.0,tiingo_historical_seed,
2022-07-20,BND,75.55,75.56,75.2,75.24,65.9332301071,65.9419572057,65.6277816552,65.6626900497,3966935,3966935,0.0,1.0,tiingo_historical_seed,
2022-07-21,BND,75.43,75.895,75.43,75.86,65.8285049236,66.2343150096,65.8285049236,66.2037701645,6833073,6833073,0.0,1.0,tiingo_historical_seed,
2022-07-22,BND,76.37,76.65,76.2801,76.48,66.6488521943,66.8932109558,66.5703955777,66.7448502792,6617153,6617153,0.0,1.0,tiingo_historical_seed,
2022-07-25,BND,76.14,76.265,76.0944,76.2,66.4481289259,66.5572176587,66.4083333562,66.5004915177,4256384,4256384,0.0,1.0,tiingo_historical_seed,
2022-07-26,BND,76.51,76.57,76.19,76.22,66.771031575,66.8233941668,66.4917644191,66.5179457149,6964307,6964307,0.0,1.0,tiingo_historical_seed,
2022-07-27,BND,76.35,76.685,76.34,76.43,66.6313979971,66.923755801,66.6226708984,66.701214786,5919583,5919583,0.0,1.0,tiingo_historical_seed,
2022-07-28,BND,76.96,77.07,76.805,76.96,67.1637510131,67.259749098,67.0284809845,67.1637510131,5140229,5140229,0.0,1.0,tiingo_historical_seed,
2022-07-29,BND,76.8,77.17,76.745,76.9,67.0241174351,67.3470200842,66.9761183927,67.1113884214,6601739,6601739,0.0,1.0,tiingo_historical_seed,
2022-08-01,BND,76.9,77.14,76.82,77.08,67.2448659031,67.4547328448,67.1749102559,67.4022661094,5370781,5370781,0.153304,1.0,tiingo_historical_seed,
2022-08-02,BND,77.09,77.175,76.235,76.3,67.4110105653,67.4853384405,66.6633595855,66.7201985489,10808374,10808374,0.0,1.0,tiingo_historical_seed,
2022-08-03,BND,76.23,76.69,75.97,76.68,66.6589873575,67.0612323291,66.431631504,67.0524878732,5747718,5747718,0.0,1.0,tiingo_historical_seed,
2022-08-04,BND,76.72,76.88,76.6398,76.87,67.0874656968,67.2273769913,67.0173351605,67.2186325354,9869948,9869948,0.0,1.0,tiingo_historical_seed,
2022-08-05,BND,76.05,76.0965,75.86,76.0,66.5015871513,66.5422488712,66.3354424891,66.4578648717,8946377,8946377,0.0,1.0,tiingo_historical_seed,
2022-08-08,BND,76.3,76.45,76.255,76.34,66.7201985489,66.8513653874,66.6808484973,66.7551763725,8534785,8534785,0.0,1.0,tiingo_historical_seed,
2022-08-09,BND,76.16,76.255,76.09,76.17,66.5977761662,66.6808484973,66.5365649749,66.6065206221,6888791,6888791,0.0,1.0,tiingo_historical_seed,
2022-08-10,BND,76.5,76.73,76.31,76.38,66.8950876669,67.0962101527,66.7289430048,66.7901541961,4305189,4305189,0.0,1.0,tiingo_historical_seed,
2022-08-11,BND,76.57,76.6719,75.915,75.95,66.9562988583,67.0454048639,66.3835369965,66.4141425922,5179625,5179625,0.0,1.0,tiingo_historical_seed,
2022-08-12,BND,76.21,76.3,76.01,76.3,66.6414984457,66.7201985489,66.4666093276,66.7201985489,4376871,4376871,0.0,1.0,tiingo_historical_seed,
2022-08-15,BND,76.47,76.54,76.3625,76.38,66.8688542992,66.9300654906,66.7748513983,66.7901541961,3922365,3922365,0.0,1.0,tiingo_historical_seed,
2022-08-16,BND,76.27,76.29,76.03,76.28,66.6939651811,66.711454093,66.4840982394,66.702709637,4103985,4103985,0.0,1.0,tiingo_historical_seed,
2022-08-17,BND,75.93,76.01,75.71,75.83,66.3966536804,66.4666093276,66.2042756505,66.3092091214,4131177,4131177,0.0,1.0,tiingo_historical_seed,
2022-08-18,BND,76.04,76.16,75.94,75.97,66.4928426953,66.5977761662,66.4053981363,66.431631504,4027034,4027034,0.0,1.0,tiingo_historical_seed,
2022-08-19,BND,75.53,75.56,75.355,75.49,66.0468754442,66.0731088119,65.8938474659,66.0118976206,5115825,5115825,0.0,1.0,tiingo_historical_seed,
2022-08-22,BND,75.33,75.36,75.09,75.15,65.8719863262,65.8982196939,65.6621193845,65.7145861199,4158657,4158657,0.0,1.0,tiingo_historical_seed,
2022-08-23,BND,75.12,75.45,75.0102,75.12,65.6883527522,65.976919797,65.5923386263,65.6883527522,6294844,6294844,0.0,1.0,tiingo_historical_seed,
2022-08-24,BND,74.97,75.01,74.84,74.93,65.5571859136,65.5921637372,65.4435079868,65.52220809,3808640,3808640,0.0,1.0,tiingo_historical_seed,
2022-08-25,BND,74.98,75.3999,74.915,75.34,65.5659303695,65.9331100729,65.5090914061,65.8807307821,3688439,3688439,0.0,1.0,tiingo_historical_seed,
2022-08-26,BND,75.23,75.37,75.05,75.19,65.7845417671,65.9069641498,65.6271415608,65.7495639435,4276557,4276557,0.0,1.0,tiingo_historical_seed,
2022-08-29,BND,74.95,74.96,74.79,74.85,65.5396970018,65.5484414577,65.3997857073,65.4522524428,3263730,3263730,0.0,1.0,tiingo_historical_seed,
2022-08-30,BND,74.93,75.08,74.7,74.91,65.52220809,65.6533749285,65.3210856042,65.5047191782,6878675,6878675,0.0,1.0,tiingo_historical_seed,
2022-08-31,BND,74.85,74.94,74.51,74.6,65.4522524428,65.5309525459,65.154940942,65.2336410451,5155584,5155584,0.0,1.0,tiingo_historical_seed,
2022-09-01,BND,74.022,74.105,73.75,74.04,64.8650202164,64.9377526024,64.6266683008,64.880793505,6160723,6160723,0.15649,1.0,tiingo_historical_seed,
2022-09-02,BND,74.25,74.48,74.175,74.23,65.0648152045,65.2663627802,64.999093169,65.0472893284,3600613,3600613,0.0,1.0,tiingo_historical_seed,
2022-09-06,BND,73.94,73.95,73.54,73.56,64.7931641242,64.8019270623,64.4426466012,64.4601724774,6865709,6865709,0.0,1.0,tiingo_historical_seed,
2022-09-07,BND,73.8,74.09,73.78,74.09,64.6704829912,64.9246081953,64.652957115,64.9246081953,4208351,4208351,0.0,1.0,tiingo_historical_seed,
2022-09-08,BND,73.96,74.12,73.84,73.86,64.8106900004,64.9508970096,64.7055347435,64.7230606196,3580343,3580343,0.0,1.0,tiingo_historical_seed,
2022-09-09,BND,73.95,74.0862,73.785,73.83,64.8019270623,64.9212782789,64.6573385841,64.6967718054,3831724,3831724,0.0,1.0,tiingo_historical_seed,
2022-09-12,BND,74.0,74.07,73.645,73.74,64.8457417527,64.9070823192,64.534657451,64.6179053627,4008169,4008169,0.0,1.0,tiingo_historical_seed,
2022-09-13,BND,73.28,73.43,73.22,73.37,64.2148102113,64.3462542824,64.1622325828,64.293676654,9481216,9481216,0.0,1.0,tiingo_historical_seed,
2022-09-14,BND,73.3,73.56,73.28,73.46,64.2323360874,64.4601724774,64.2148102113,64.3725430966,4332210,4332210,0.0,1.0,tiingo_historical_seed,
2022-09-15,BND,73.31,73.39,73.19,73.24,64.2410990255,64.3112025301,64.1359437686,64.179758459,4967265,4967265,0.0,1.0,tiingo_historical_seed,
2022-09-16,BND,73.08,73.305,73.015,73.16,64.0395514498,64.2367175565,63.9825923523,64.1096549544,5050037,5050037,0.0,1.0,tiingo_historical_seed,
2022-09-19,BND,72.99,73.18,72.9112,73.11,63.9606850071,64.1271808305,63.8916330551,64.065840264,6374876,6374876,0.0,1.0,tiingo_historical_seed,
2022-09-20,BND,72.71,72.88,72.6241,72.75,63.715322741,63.8642926883,63.640049103,63.7503744933,4750702,4750702,0.0,1.0,tiingo_historical_seed,
2022-09-21,BND,72.82,72.99,72.435,72.95,63.8117150598,63.9606850071,63.474341944,63.9256332548,6360324,6360324,0.0,1.0,tiingo_historical_seed,
2022-09-22,BND,72.48,72.49,72.11,72.2,63.5137751653,63.5225381034,63.1895464565,63.2684128992,5216094,5216094,0.0,1.0,tiingo_historical_seed,
2022-09-23,BND,72.25,72.25,71.75,72.0,63.3122275896,63.3122275896,62.8740806859,63.0931541377,6885563,6885563,0.0,1.0,tiingo_historical_seed,
2022-09-26,BND,71.77,71.805,71.055,71.08,62.891606562,62.9222768453,62.2650564897,62.2869638349,8659142,8659142,0.0,1.0,tiingo_historical_seed,
2022-09-27,BND,71.12,71.21,70.665,70.77,62.3220155871,62.4008820298,61.9233019048,62.0153127545,9946148,9946148,0.0,1.0,tiingo_historical_seed,
2022-09-28,BND,71.43,71.9,71.2931,71.87,62.5936666675,63.005524757,62.4737020452,62.9792359428,11649661,11649661,0.0,1.0,tiingo_historical_seed,
2022-09-29,BND,71.44,71.6369,71.265,71.5,62.6024296055,62.7749718562,62.4490781892,62.655007234,6100263,6100263,0.0,1.0,tiingo_historical_seed,
2022-09-30,BND,71.7,71.87,71.25,71.33,62.8302659955,62.9792359428,62.4359337821,62.5060372867,8919080,8919080,0.0,1.0,tiingo_historical_seed,
2022-10-03,BND,71.7,72.18,71.575,71.77,62.9669474306,63.3884834804,62.8571724177,63.0284214379,6762623,6762623,0.156129,1.0,tiingo_historical_seed,
2022-10-04,BND,72.03,72.24,71.875,71.95,63.2567534648,63.4411754866,63.1206324488,63.1864974565,6124518,6124518,0.0,1.0,tiingo_historical_seed,
2022-10-05,BND,71.58,71.635,71.275,71.57,62.8615634182,62.9098644239,62.5937123866,62.8527814171,7252441,7252441,0.0,1.0,tiingo_historical_seed,
2022-10-06,BND,71.53,71.6,71.24,71.3,62.817653413,62.8791274203,62.5629753829,62.6156673892,7108510,7108510,0.0,1.0,tiingo_historical_seed,
2022-10-07,BND,71.01,71.117,70.87,70.93,62.3609893591,62.4549567702,62.2380413446,62.2907333508,5023163,5023163,0.0,1.0,tiingo_historical_seed,
2022-10-10,BND,70.93,70.93,70.46,70.61,62.2907333508,62.2907333508,61.8779793021,62.0097093177,4950732,4950732,0.0,1.0,tiingo_historical_seed,
2022-10-11,BND,70.72,70.95,70.53,70.63,62.1063113291,62.3082973529,61.9394533094,62.0272733197,9225612,9225612,0.0,1.0,tiingo_historical_seed,
2022-10-12,BND,70.55,70.815,70.51,70.71,61.9570173114,62.1897403389,61.9218893073,62.097529328,5441990,5441990,0.0,1.0,tiingo_historical_seed,
2022-10-13,BND,69.87,70.7,69.79,70.46,61.359841241,62.088747327,61.2895852327,61.8779793021,6669334,6669334,0.0,1.0,tiingo_historical_seed,
2022-10-14,BND,70.82,70.83,70.09,70.12,62.1941313394,62.2029133405,61.5530452638,61.5793912669,6544361,6544361,0.0,1.0,tiingo_historical_seed,
2022-10-17,BND,70.55,70.68,70.27,70.27,61.9570173114,62.0711833249,61.7111212824,61.7111212824,19605310,19605310,0.0,1.0,tiingo_historical_seed,
2022-10-18,BND,70.46,70.5392,70.14,70.43,61.8779793021,61.9475327503,61.5969552689,61.851633299,7008021,7008021,0.0,1.0,tiingo_historical_seed,
2022-10-19,BND,69.99,70.0858,69.7833,69.85,61.4652252534,61.5493568233,61.283701292,61.3422772389,6483557,6483557,0.0,1.0,tiingo_historical_seed,
2022-10-20,BND,69.71,69.8507,69.3406,69.38,61.2193292244,61.342891979,60.8949221061,60.9295231902,6260933,6260933,0.0,1.0,tiingo_historical_seed,
2022-10-21,BND,69.14,69.5799,69.09,69.5,60.7187551653,61.1050753909,60.6748451601,61.0349072026,6984390,6984390,0.0,1.0,tiingo_historical_seed,
2022-10-24,BND,69.48,69.69,69.23,69.4,61.0173432005,61.2017652223,60.7977931746,60.9470871923,7259570,7259570,0.0,1.0,tiingo_historical_seed,
2022-10-25,BND,69.94,70.21,69.91,70.06,61.4213152482,61.6584292762,61.3949692451,61.5266992607,7780946,7780946,0.0,1.0,tiingo_historical_seed,
2022-10-26,BND,70.22,70.47,70.17,70.34,61.6672112772,61.8867613031,61.6233012721,61.7725952897,7001179,7001179,0.0,1.0,tiingo_historical_seed,
2022-10-27,BND,70.54,70.855,70.383,70.71,61.9482353104,62.224868343,61.8103578941,62.097529328,5493340,5493340,0.0,1.0,tiingo_historical_seed,
2022-10-28,BND,70.4,70.705,70.38,70.57,61.8252872959,62.0931383275,61.8077232938,61.9745813135,4828811,4828811,0.0,1.0,tiingo_historical_seed,
2022-10-31,BND,70.36,70.4,70.06,70.35,61.7901592917,61.8252872959,61.5266992607,61.7813772907,6785192,6785192,0.0,1.0,tiingo_historical_seed,
2022-11-01,BND,70.58,70.61,70.1,70.26,62.1270392686,62.1534463411,61.7045261084,61.8453638285,7018976,7018976,0.162861,1.0,tiingo_historical_seed,
2022-11-02,BND,70.35,70.73,70.0,70.15,61.924585046,62.2590746312,61.6165025333,61.7485378959,10223838,10223838,0.0,1.0,tiingo_historical_seed,
2022-11-03,BND,69.615,69.98,69.565,69.88,61.2776117694,61.5988978183,61.2335999819,61.5108742433,6408256,6408256,0.0,1.0,tiingo_historical_seed,
2022-11-04,BND,69.93,70.095,69.74,69.9,61.5548860308,61.7001249296,61.3876412382,61.5284789583,8780460,8780460,0.0,1.0,tiingo_historical_seed,
2022-11-07,BND,69.91,69.93,69.63,69.63,61.5372813158,61.5548860308,61.2908153057,61.2908153057,6246228,6246228,0.0,1.0,tiingo_historical_seed,
2022-11-08,BND,69.8,70.0655,69.78,69.94,61.4404553832,61.674157975,61.4228506682,61.5636883883,6358091,6358091,0.0,1.0,tiingo_historical_seed,
2022-11-09,BND,69.86,70.135,69.7925,70.04,61.4932695283,61.7353343596,61.4338536151,61.6517119634,7269491,7269491,0.0,1.0,tiingo_historical_seed,
2022-11-10,BND,70.9,71.49,70.89,71.49,62.4087147088,62.9280538015,62.3999123513,62.9280538015,7014103,7014103,0.0,1.0,tiingo_historical_seed,
2022-11-11,BND,71.33,71.53,71.25,71.49,62.7872160815,62.9632632316,62.7167972214,62.9280538015,4525360,4525360,0.0,1.0,tiingo_historical_seed,
2022-11-14,BND,71.29,71.39,71.205,71.26,62.7520066514,62.8400302265,62.6771866127,62.7255995789,6914667,6914667,0.0,1.0,tiingo_historical_seed,
2022-11-15,BND,71.66,71.77,71.535,71.76,63.0776938791,63.1745198117,62.9676644103,63.1657174542,11948785,11948785,0.0,1.0,tiingo_historical_seed,
2022-11-16,BND,71.975,72.23,71.9,72.17,63.3549681405,63.5794282569,63.2889504592,63.5266141119,8856751,8856751,0.0,1.0,tiingo_historical_seed,
2022-11-17,BND,71.8,71.8975,71.66,71.87,63.2009268842,63.2867498699,63.0776938791,63.2625433867,6061791,6061791,0.0,1.0,tiingo_historical_seed,
2022-11-18,BND,71.93,72.035,71.73,71.75,63.3153575318,63.4077822856,63.1393103817,63.1569150967,8564616,8564616,0.0,1.0,tiingo_historical_seed,
2022-11-21,BND,71.99,72.04,71.72,71.75,63.3681716768,63.4121834643,63.1305080242,63.1569150967,6834740,6834740,0.0,1.0,tiingo_historical_seed,
2022-11-22,BND,71.94,72.19,71.93,72.12,63.3241598893,63.5442188269,63.3153575318,63.4826023243,9534326,9534326,0.0,1.0,tiingo_historical_seed,
2022-11-23,BND,72.23,72.56,72.23,72.56,63.5794282569,63.8699060546,63.5794282569,63.8699060546,4855000,4855000,0.0,1.0,tiingo_historical_seed,
2022-11-25,BND,72.4,72.56,72.4,72.56,63.7290683345,63.8699060546,63.7290683345,63.8699060546,2536421,2536421,0.0,1.0,tiingo_historical_seed,
2022-11-28,BND,72.61,72.67,72.39,72.47,63.9139178421,63.9667319871,63.720265977,63.790684837,5852188,5852188,0.0,1.0,tiingo_historical_seed,
2022-11-29,BND,72.2,72.3799,72.16,72.2,63.5530211844,63.7113755959,63.5178117544,63.5530211844,5437606,5437606,0.0,1.0,tiingo_historical_seed,
2022-11-30,BND,72.15,72.765,72.01,72.76,63.5090093969,64.0503543834,63.3857763918,64.0459532046,5479885,5479885,0.0,1.0,tiingo_historical_seed,
2022-12-01,BND,72.73,73.2,72.66,73.2,64.1635079,64.5781490208,64.1017528395,64.5781490208,7462469,7462469,0.164606,1.0,tiingo_historical_seed,
2022-12-02,BND,72.95,73.51,72.79,73.5,64.3575952332,64.8516357175,64.2164408091,64.842813566,6828253,6828253,0.0,1.0,tiingo_historical_seed,
2022-12-05,BND,73.16,73.165,72.83,72.92,64.5428604148,64.5472714905,64.2517294151,64.3311287786,7553018,7553018,0.0,1.0,tiingo_historical_seed,
2022-12-06,BND,73.08,73.24,72.995,73.16,64.4722832027,64.6134376268,64.3972949149,64.5428604148,7584213,7584213,0.0,1.0,tiingo_historical_seed,
2022-12-07,BND,73.48,73.835,73.435,73.8,64.825169263,65.1383556414,64.7854695812,65.1074781111,7472533,7472533,0.0,1.0,tiingo_historical_seed,
2022-12-08,BND,73.58,73.7379,73.475,73.59,64.913390778,65.0526925503,64.8207581872,64.9222129295,5378087,5378087,0.0,1.0,tiingo_historical_seed,
2022-12-09,BND,73.42,73.46,73.155,73.16,64.7722363539,64.8075249599,64.538449339,64.5428604148,12079575,12079575,0.0,1.0,tiingo_historical_seed,
2022-12-12,BND,73.46,73.5069,73.05,73.16,64.8075249599,64.8489008505,64.4458167482,64.5428604148,7533606,7533606,0.0,1.0,tiingo_historical_seed,
2022-12-13,BND,74.15,74.15,73.61,73.66,65.4162534138,65.4162534138,64.9398572325,64.9839679901,12563974,12563974,0.0,1.0,tiingo_historical_seed,
2022-12-14,BND,73.71,73.9,73.43,73.84,65.0280787476,65.1956996262,64.7810585054,65.1427667172,9833894,9833894,0.0,1.0,tiingo_historical_seed,
2022-12-15,BND,73.88,73.96,73.71,73.88,65.1780553232,65.2486325352,65.0280787476,65.1780553232,7800722,7800722,0.0,1.0,tiingo_historical_seed,
2022-12-16,BND,73.46,73.83,73.405,73.69,64.8075249599,65.1339445657,64.7590031267,65.0104344446,6542078,6542078,0.0,1.0,tiingo_historical_seed,
2022-12-19,BND,73.39,73.41,73.15,73.25,64.7457698994,64.7634142024,64.5340382633,64.6222597783,6300038,6300038,0.0,1.0,tiingo_historical_seed,
2022-12-20,BND,72.8,72.9,72.6932,72.77,64.2252629606,64.3134844756,64.1310423825,64.1987965061,6130599,6130599,0.0,1.0,tiingo_historical_seed,
2022-12-21,BND,73.04,73.1,72.83,72.94,64.4369945967,64.4899275057,64.2517294151,64.3487730817,8169025,8169025,0.0,1.0,tiingo_historical_seed,
2022-12-22,BND,72.95,73.065,72.86,72.93,64.3575952332,64.4590499755,64.2781958696,64.3399509302,6833990,6833990,0.0,1.0,tiingo_historical_seed,
2022-12-23,BND,72.5,72.62,72.45,72.53,64.1125509133,64.218668239,64.068335361,64.1390802447,4693448,4693448,0.172311,1.0,tiingo_historical_seed,
2022-12-27,BND,72.13,72.23,71.96,71.97,63.7853558259,63.8737869306,63.6350229479,63.6438660584,6959772,6959772,0.0,1.0,tiingo_historical_seed,
2022-12-28,BND,72.12,72.1789,71.86,71.87,63.7765127154,63.8285986361,63.5465918432,63.5554349537,7868221,7868221,0.0,1.0,tiingo_historical_seed,
2022-12-29,BND,71.97,72.1671,71.95,72.14,63.6438660584,63.8181637658,63.6261798374,63.7941989364,7391035,7391035,0.0,1.0,tiingo_historical_seed,
2022-12-30,BND,71.98,72.08,71.8,71.84,63.6527091688,63.7411402736,63.4935331804,63.5289056223,7051947,7051947,0.0,1.0,tiingo_historical_seed,
2023-01-03,BND,72.45,72.48,72.07,72.22,64.068335361,64.0948646924,63.7322971631,63.8649438201,8634771,8634771,0.0,1.0,tiingo_historical_seed,
2023-01-04,BND,72.7,72.76,72.49,72.63,64.2894131227,64.3424717856,64.1037078029,64.2275113494,5257259,5257259,0.0,1.0,tiingo_historical_seed,
2023-01-05,BND,72.34,72.59,72.22,72.55,63.9710611458,64.1921389076,63.8649438201,64.1567664657,5632432,5632432,0.0,1.0,tiingo_historical_seed,
2023-01-06,BND,72.65,73.39,72.57,73.35,64.2451975704,64.8995877452,64.1744526866,64.8642153033,5627210,5627210,0.0,1.0,tiingo_historical_seed,
2023-01-09,BND,73.31,73.645,73.27,73.55,64.8288428615,65.1250870622,64.7934704196,65.0410775128,7398161,7398161,0.0,1.0,tiingo_historical_seed,
2023-01-10,BND,73.305,73.38,73.09,73.26,64.8244213062,64.8907446348,64.6342944311,64.7846273091,4827980,4827980,0.0,1.0,tiingo_historical_seed,
2023-01-11,BND,73.47,73.685,73.45,73.65,64.970332629,65.1604595041,64.9526464081,65.1295086175,8453229,8453229,0.0,1.0,tiingo_historical_seed,
2023-01-12,BND,73.88,74.22,73.605,74.22,65.3329001583,65.6335659143,65.0897146203,65.6335659143,5927796,5927796,0.0,1.0,tiingo_historical_seed,
2023-01-13,BND,74.06,74.22,73.9,73.97,65.4920761468,65.6335659143,65.3505863792,65.4124881525,6331558,6331558,0.0,1.0,tiingo_historical_seed,
2023-01-17,BND,73.755,73.9976,73.74,73.87,65.2223612774,65.4368951374,65.2090966117,65.3240570478,6815142,6815142,0.0,1.0,tiingo_historical_seed,
2023-01-18,BND,74.6,74.655,74.2835,74.55,65.9696041122,66.0182412198,65.6897196658,65.9253885598,5112762,5112762,0.0,1.0,tiingo_historical_seed,
2023-01-19,BND,74.36,74.47,74.26,74.4,65.7573694609,65.8546436761,65.6689383562,65.7927419028,4765356,4765356,0.0,1.0,tiingo_historical_seed,
2023-01-20,BND,74.13,74.19,73.925,74.07,65.5539779201,65.6070365829,65.3726941554,65.5009192572,4714367,4714367,0.0,1.0,tiingo_historical_seed,
2023-01-23,BND,73.88,74.055,73.85,73.89,65.3329001583,65.4876545915,65.3063708269,65.3417432688,6116681,6116681,0.0,1.0,tiingo_historical_seed,
2023-01-24,BND,73.95,74.25,73.78,74.22,65.3948019316,65.6600952457,65.2444690536,65.6335659143,3907706,3907706,0.0,1.0,tiingo_historical_seed,
2023-01-25,BND,74.21,74.36,74.082,74.31,65.6247228038,65.7573694609,65.5115309898,65.7131539085,4414429,4414429,0.0,1.0,tiingo_historical_seed,
2023-01-26,BND,74.255,74.345,74.05,74.17,65.6645168009,65.7441047952,65.4832330363,65.5893503619,3866869,3866869,0.0,1.0,tiingo_historical_seed,
2023-01-27,BND,74.0,74.13,73.95,74.09,65.4390174839,65.5539779201,65.3948019316,65.5186054782,4474139,4474139,0.0,1.0,tiingo_historical_seed,
2023-01-30,BND,73.96,74.09,73.865,73.88,65.4036450421,65.5186054782,65.3196354926,65.3329001583,6258698,6258698,0.0,1.0,tiingo_historical_seed,
2023-01-31,BND,74.12,74.22,73.86,74.22,65.5451348096,65.6335659143,65.3152139374,65.6335659143,5502287,5502287,0.0,1.0,tiingo_historical_seed,
2023-02-01,BND,74.16,74.58,73.915,74.52,65.7353606763,66.1076483177,65.5181928855,66.0544643689,7473924,7473924,0.175962,1.0,tiingo_historical_seed,
2023-02-02,BND,74.8,74.86,74.545,74.57,66.3026561298,66.3558400786,66.0766243475,66.0987843262,4273556,4273556,0.0,1.0,tiingo_historical_seed,
2023-02-03,BND,74.02,74.1,73.79,73.91,65.6112647958,65.6821767275,65.4073929922,65.5137608898,5332895,5332895,0.0,1.0,tiingo_historical_seed,
2023-02-06,BND,73.51,73.57,73.43,73.45,65.1592012313,65.2123851801,65.0882892996,65.1060172825,5282363,5282363,0.0,1.0,tiingo_historical_seed,
2023-02-07,BND,73.39,73.7,73.32,73.35,65.0528333338,65.3276170691,64.9907853935,65.0173773679,4674658,4674658,0.0,1.0,tiingo_historical_seed,
2023-02-08,BND,73.39,73.59,73.24,73.48,65.0528333338,65.230113163,64.9198734619,65.1326092569,4308298,4308298,0.0,1.0,tiingo_historical_seed,
2023-02-09,BND,73.68,73.6896,73.1401,73.18,65.3098890862,65.318398518,64.8313221872,64.8666895131,4268134,4268134,0.0,1.0,tiingo_historical_seed,
2023-02-10,BND,73.12,73.14,72.83,72.87,64.8135055643,64.8312335472,64.5564498119,64.5919057778,3606196,3606196,0.0,1.0,tiingo_historical_seed,
2023-02-13,BND,72.89,73.07,72.87,73.07,64.6096337607,64.769185607,64.5919057778,64.769185607,3805793,3805793,0.0,1.0,tiingo_historical_seed,
2023-02-14,BND,72.98,73.08,72.61,72.82,64.6894096839,64.7780495985,64.3614419998,64.5475858205,4328033,4328033,0.0,1.0,tiingo_historical_seed,
2023-02-15,BND,72.715,72.785,72.54,72.66,64.4545139101,64.5165618504,64.2993940596,64.4057619571,4370986,4370986,0.0,1.0,tiingo_historical_seed,
2023-02-16,BND,72.43,72.555,72.3,72.38,64.2018901535,64.3126900468,64.0866582645,64.1575701962,5912040,5912040,0.0,1.0,tiingo_historical_seed,
2023-02-17,BND,72.2,72.55,72.19,72.54,63.9980183499,64.308258051,63.9891543584,64.2993940596,5165889,5165889,0.0,1.0,tiingo_historical_seed,
2023-02-21,BND,72.08,72.15,71.89,71.91,63.8916504524,63.9536983926,63.7232346146,63.7409625975,16093285,16093285,0.0,1.0,tiingo_historical_seed,
2023-02-22,BND,72.1,72.25,72.035,72.07,63.9093784353,64.0423383072,63.8517624908,63.8827864609,4375641,4375641,0.0,1.0,tiingo_historical_seed,
2023-02-23,BND,72.13,72.3543,72.1,72.33,63.9359704097,64.1347897381,63.9093784353,64.1132502389,4789269,4789269,0.0,1.0,tiingo_historical_seed,
2023-02-24,BND,71.96,72.025,71.8003,71.93,63.7852825548,63.8428984993,63.6437246112,63.7586905804,4346116,4346116,0.0,1.0,tiingo_historical_seed,
2023-02-27,BND,72.05,72.18,71.965,72.05,63.865058478,63.980290367,63.7897145506,63.865058478,3340541,3340541,0.0,1.0,tiingo_historical_seed,
2023-02-28,BND,71.81,72.09,71.755,72.07,63.6523226829,63.9005144438,63.6035707299,63.8827864609,5032513,5032513,0.0,1.0,tiingo_historical_seed,
2023-03-01,BND,71.68,71.83,71.44,71.48,63.6830589934,63.8163243234,63.4698344656,63.5053718869,4427771,4427771,0.164216,1.0,tiingo_historical_seed,
2023-03-02,BND,71.21,71.35,71.17,71.33,63.265494293,63.3898752676,63.2299568717,63.3721065569,4967303,4967303,0.0,1.0,tiingo_historical_seed,
2023-03-03,BND,71.68,71.88,71.525,71.88,63.6830589934,63.8607461,63.5453514858,63.8607461,4008741,4008741,0.0,1.0,tiingo_historical_seed,
2023-03-06,BND,72.03,72.03,71.7,71.71,63.9940114299,63.9940114299,63.7008277041,63.7097120594,4538784,4538784,0.0,1.0,tiingo_historical_seed,
2023-03-07,BND,71.83,71.85,71.51,71.63,63.8163243234,63.834093034,63.5320249529,63.6386372168,4253201,4253201,0.0,1.0,tiingo_historical_seed,
2023-03-08,BND,71.78,71.896,71.445,71.57,63.7719025467,63.8749610685,63.4742766432,63.5853310848,4774468,4774468,0.0,1.0,tiingo_historical_seed,
2023-03-09,BND,71.66,71.96,71.6201,71.81,63.6652902828,63.9318209426,63.629841705,63.7985556127,4597913,4597913,0.0,1.0,tiingo_historical_seed,
2023-03-10,BND,72.51,72.8299,72.407,72.67,64.4204604857,64.7046710126,64.3289516258,64.5626101709,4779486,4779486,0.0,1.0,tiingo_historical_seed,
2023-03-13,BND,73.33,73.8158,73.0434,73.25,65.1489776226,65.5805796045,64.8943519989,65.07790278,7270526,7270526,0.0,1.0,tiingo_historical_seed,
2023-03-14,BND,73.0,73.19,72.6638,72.79,64.8557938968,65.024596648,64.5571018706,64.6692224349,5432473,5432473,0.0,1.0,tiingo_historical_seed,
2023-03-15,BND,73.61,73.85,73.21,73.54,65.3977395718,65.6109640997,65.0423653587,65.3355490845,6677153,6677153,0.0,1.0,tiingo_historical_seed,
2023-03-16,BND,73.83,73.88,73.08,73.19,65.593195389,65.6376171657,64.9268687394,65.024596648,6965207,6965207,0.0,1.0,tiingo_historical_seed,
2023-03-17,BND,73.49,73.9199,73.49,73.72,65.2911273079,65.6730657434,65.2911273079,65.4954674804,4352701,4352701,0.0,1.0,tiingo_historical_seed,
2023-03-20,BND,73.78,73.8377,73.36,73.4,65.5487736124,65.6000363426,65.1756306886,65.2111681099,6924497,6924497,0.0,1.0,tiingo_historical_seed,
2023-03-21,BND,73.2,73.37,73.13,73.2,65.0334810033,65.1845150439,64.971290516,65.0334810033,3997714,3997714,0.0,1.0,tiingo_historical_seed,
2023-03-22,BND,73.2,73.92,73.07,73.85,65.0334810033,65.673154587,64.9179843841,65.6109640997,5220485,5220485,0.0,1.0,tiingo_historical_seed,
2023-03-23,BND,73.8,74.11,73.6801,74.02,65.566542323,65.8419573382,65.4600189027,65.7619981403,5392212,5392212,0.0,1.0,tiingo_historical_seed,
2023-03-24,BND,74.24,74.42,74.03,74.17,65.9574539575,66.1173723534,65.7708824956,65.8952634702,4638190,4638190,0.0,1.0,tiingo_historical_seed,
2023-03-27,BND,73.6,73.73,73.4,73.4,65.3888552165,65.5043518357,65.2111681099,65.2111681099,5769802,5769802,0.0,1.0,tiingo_historical_seed,
2023-03-28,BND,73.26,73.366,73.2001,73.27,65.0867871353,65.1809613018,65.0335698469,65.0956714906,3473338,3473338,0.0,1.0,tiingo_historical_seed,
2023-03-29,BND,73.16,73.416,73.15,73.35,64.997943582,65.2253830784,64.9890592267,65.1667463333,4231334,4231334,0.0,1.0,tiingo_historical_seed,
2023-03-30,BND,73.32,73.52,73.32,73.45,65.1400932673,65.3177803738,65.1400932673,65.2555898865,3455353,3455353,0.0,1.0,tiingo_historical_seed,
2023-03-31,BND,73.59,73.87,73.47,73.83,65.3799708611,65.6287328103,65.2733585972,65.593195389,4549242,4549242,0.0,1.0,tiingo_historical_seed,
2023-04-03,BND,73.58,73.99,73.52,73.96,65.532660745,65.8978196319,65.479222859,65.871100689,5346333,5346333,0.182803,1.0,tiingo_historical_seed,
2023-04-04,BND,73.76,74.316,73.72,74.26,65.6929744027,66.1881654787,65.6573491454,66.1382901185,4126738,4126738,0.0,1.0,tiingo_historical_seed,
2023-04-05,BND,74.45,74.9,74.38,74.46,66.3075100905,66.7082942348,66.2451658903,66.3164164049,4345995,4345995,0.0,1.0,tiingo_historical_seed,
2023-04-06,BND,74.51,74.6,74.42,74.44,66.3609479764,66.4411048053,66.2807911476,66.2986037762,4381713,4381713,0.0,1.0,tiingo_historical_seed,
2023-04-10,BND,74.03,74.048,73.81,73.94,65.9334448892,65.949476255,65.7375059742,65.8532880604,4224503,4224503,0.0,1.0,tiingo_historical_seed,
2023-04-11,BND,74.02,74.03,73.81,73.97,65.9245385749,65.9334448892,65.7375059742,65.8800070033,4401657,4401657,0.0,1.0,tiingo_historical_seed,
2023-04-12,BND,74.26,74.26,73.845,74.05,66.1382901185,66.1382901185,65.7686780744,65.9512575179,4134767,4134767,0.0,1.0,tiingo_historical_seed,
2023-04-13,BND,74.21,74.29,73.95,74.01,66.0937585469,66.1650090615,65.8621943747,65.9156322606,5012913,5012913,0.0,1.0,tiingo_historical_seed,
2023-04-14,BND,73.7499,73.8,73.61,73.68,65.6839790252,65.7285996599,65.5593796879,65.6217238881,4349725,4349725,0.0,1.0,tiingo_historical_seed,
2023-04-17,BND,73.45,73.4799,73.26,73.28,65.4168786588,65.4435085386,65.2476586868,65.2654713154,5085334,5085334,0.0,1.0,tiingo_historical_seed,
2023-04-18,BND,73.31,73.49,73.29,73.39,65.2921902584,65.4525039161,65.2743776298,65.3634407729,3728449,3728449,0.0,1.0,tiingo_historical_seed,
2023-04-19,BND,73.29,73.32,73.15,73.29,65.2743776298,65.3010965727,65.1496892293,65.2743776298,4610955,4610955,0.0,1.0,tiingo_historical_seed,
2023-04-20,BND,73.5,73.615,73.485,73.61,65.4614102304,65.5638328451,65.4480507589,65.5593796879,3605381,3605381,0.0,1.0,tiingo_historical_seed,
2023-04-21,BND,73.73,73.77,73.43,73.48,65.6662554597,65.701880717,65.3990660302,65.4435976018,3371637,3371637,0.0,1.0,tiingo_historical_seed,
2023-04-24,BND,73.62,73.799,73.62,73.77,65.5682860022,65.7277090285,65.5682860022,65.701880717,2993139,2993139,0.0,1.0,tiingo_historical_seed,
2023-04-25,BND,74.06,74.29,74.06,74.25,65.9601638322,66.1650090615,65.9601638322,66.1293838042,3508188,3508188,0.0,1.0,tiingo_historical_seed,
2023-04-26,BND,74.21,74.2799,73.895,73.99,66.0937585469,66.156013684,65.8132096459,65.8978196319,5819815,5819815,0.0,1.0,tiingo_historical_seed,
2023-04-27,BND,73.81,73.83,73.6318,73.67,65.7375059742,65.7553186029,65.5787954531,65.6128175738,3078137,3078137,0.0,1.0,tiingo_historical_seed,
2023-04-28,BND,74.03,74.1,73.885,74.08,65.9334448892,65.9957890894,65.8043033316,65.9779764608,4469202,4469202,0.0,1.0,tiingo_historical_seed,
2023-05-01,BND,73.6,73.66,73.063,73.14,65.7115667539,65.7651359659,65.2321223063,65.3008694617,4546450,4546450,0.179745,1.0,tiingo_historical_seed,
2023-05-02,BND,73.33,73.87,73.315,73.86,65.4705052998,65.952628208,65.4571129968,65.943700006,4825340,4825340,0.0,1.0,tiingo_historical_seed,
2023-05-03,BND,74.02,74.18,73.865,74.17,66.0865512381,66.2294024702,65.948164107,66.2204742682,4205816,4205816,0.0,1.0,tiingo_historical_seed,
2023-05-04,BND,73.92,74.38,73.9,74.07,65.9972692181,66.4079665103,65.979412814,66.1311922481,11535766,11535766,0.0,1.0,tiingo_historical_seed,
2023-05-05,BND,73.81,73.865,73.675,73.8,65.899058996,65.948164107,65.7785282689,65.890130794,3143259,3143259,0.0,1.0,tiingo_historical_seed,
2023-05-08,BND,73.5,73.61,73.42,73.45,65.6222847339,65.7204949559,65.5508591178,65.5776437238,9895937,9895937,0.0,1.0,tiingo_historical_seed,
2023-05-09,BND,73.43,73.4999,73.36,73.37,65.5597873198,65.6221954518,65.4972899058,65.5062181078,3827743,3827743,0.0,1.0,tiingo_historical_seed,
2023-05-10,BND,73.68,73.88,73.65,73.82,65.7829923699,65.96155641,65.7562077639,65.907987198,5291781,5291781,0.0,1.0,tiingo_historical_seed,
2023-05-11,BND,74.18,74.24,74.02,74.06,66.2294024702,66.2829716822,66.0865512381,66.1222640461,4746141,4746141,0.0,1.0,tiingo_historical_seed,
2023-05-12,BND,74.01,74.055,73.665,73.67,66.0776230361,66.1177999451,65.7696000669,65.7740641679,2970570,2970570,0.0,1.0,tiingo_historical_seed,
2023-05-15,BND,73.52,73.525,73.4301,73.48,65.6401411379,65.6446052389,65.5598766018,65.6044283298,3268676,3268676,0.0,1.0,tiingo_historical_seed,
2023-05-16,BND,73.27,73.32,73.16,73.3,65.4169360878,65.4615770978,65.3187258657,65.4437206938,3818560,3818560,0.0,1.0,tiingo_historical_seed,
2023-05-17,BND,73.38,73.39,73.12,73.17,65.5151463098,65.5240745118,65.2830130577,65.3276540677,4574363,4574363,0.0,1.0,tiingo_historical_seed,
2023-05-18,BND,73.01,73.01,72.83,72.87,65.1848028356,65.1848028356,65.0240951995,65.0598080076,3530130,3530130,0.0,1.0,tiingo_historical_seed,
2023-05-19,BND,72.72,72.935,72.61,72.67,64.9258849775,65.1178413206,64.8276747554,64.8812439675,4167038,4167038,0.0,1.0,tiingo_historical_seed,
2023-05-22,BND,72.71,72.875,72.6139,72.65,64.9169567755,65.0642721086,64.8311567542,64.8633875635,5294953,5294953,0.0,1.0,tiingo_historical_seed,
2023-05-23,BND,72.56,72.78,72.48,72.7,64.7830337454,64.9794541895,64.7116081294,64.9080285735,4561085,4561085,0.0,1.0,tiingo_historical_seed,
2023-05-24,BND,72.74,72.76,72.485,72.5,64.9437413815,64.9615977855,64.7160722304,64.7294645334,4245139,4245139,0.0,1.0,tiingo_historical_seed,
2023-05-25,BND,72.46,72.49,72.2,72.23,64.6937517254,64.7205363314,64.4616184733,64.4884030793,4012263,4012263,0.0,1.0,tiingo_historical_seed,
2023-05-26,BND,72.16,72.33,72.07,72.32,64.4259056652,64.5776850993,64.3455518472,64.5687568973,3783144,3783144,0.0,1.0,tiingo_historical_seed,
2023-05-30,BND,72.55,72.8,72.515,72.8,64.7741055434,64.9973105935,64.7428568364,64.9973105935,3532961,3532961,0.0,1.0,tiingo_historical_seed,
2023-05-31,BND,72.81,73.13,72.7599,73.04,65.0062387955,65.2919412597,64.9615085035,65.2115874416,4898235,4898235,0.0,1.0,tiingo_historical_seed,
2023-06-01,BND,73.05,73.185,72.97,73.05,65.3874408796,65.5082800927,65.315832457,65.3874408796,3984071,3984071,0.186964,1.0,tiingo_historical_seed,
2023-06-02,BND,73.01,73.02,72.64,72.64,65.3516366683,65.3605877211,65.0204477138,65.0204477138,4595729,4595729,0.0,1.0,tiingo_historical_seed,
2023-06-05,BND,72.49,72.845,72.4221,72.65,64.8861819215,65.2039442967,64.8254042728,65.0293987666,4674619,4674619,0.0,1.0,tiingo_historical_seed,
2023-06-06,BND,72.69,72.76,72.53,72.75,65.0652029779,65.1278603477,64.9219861328,65.1189092949,5001965,5001965,0.0,1.0,tiingo_historical_seed,
2023-06-07,BND,72.7,72.7563,72.29,72.34,65.0741540308,65.1245484582,64.707160865,64.7519161291,4326502,4326502,0.0,1.0,tiingo_historical_seed,
2023-06-08,BND,72.43,72.74,72.42,72.7,64.8324756045,65.1099582421,64.8235245517,65.0741540308,3568024,3568024,0.0,1.0,tiingo_historical_seed,
2023-06-09,BND,72.54,72.65,72.45,72.55,64.9309371856,65.0293987666,64.8503777102,64.9398882384,12690443,12690443,0.0,1.0,tiingo_historical_seed,
2023-06-12,BND,72.63,72.71,72.405,72.7,65.011496661,65.0831050836,64.8100979725,65.0741540308,4633203,4633203,0.0,1.0,tiingo_historical_seed,
2023-06-13,BND,72.86,72.92,72.31,72.38,65.217370876,65.2710771929,64.7250629706,64.7877203404,4302637,4302637,0.0,1.0,tiingo_historical_seed,
2023-06-14,BND,72.5,72.61,72.2,72.44,64.8951329743,64.9935945554,64.6266013896,64.8414266573,5986196,5986196,0.0,1.0,tiingo_historical_seed,
2023-06-15,BND,72.76,72.91,72.67,72.89,65.1278603477,65.2621261401,65.0473008723,65.2442240344,5061247,5061247,0.0,1.0,tiingo_historical_seed,
2023-06-16,BND,72.68,72.8292,72.535,72.73,65.0562519251,65.1898016333,64.9264616592,65.1010071892,3905318,3905318,0.0,1.0,tiingo_historical_seed,
2023-06-20,BND,72.78,72.95,72.77,72.83,65.1457624534,65.2979303514,65.1368114005,65.1905177175,4921926,4921926,0.0,1.0,tiingo_historical_seed,
2023-06-21,BND,72.69,72.99,72.58,72.95,65.0652029779,65.3337345627,64.9667413969,65.2979303514,3678740,3678740,0.0,1.0,tiingo_historical_seed,
2023-06-22,BND,72.73,72.84,72.53,72.6,65.1010071892,65.1994687703,64.9219861328,64.9846435025,3975520,3975520,0.0,1.0,tiingo_historical_seed,
2023-06-23,BND,72.98,72.99,72.69,72.81,65.3247835098,65.3337345627,65.0652029779,65.1726156118,4163140,4163140,0.0,1.0,tiingo_historical_seed,
2023-06-26,BND,72.91,72.98,72.8339,72.9,65.2621261401,65.3247835098,65.1940086281,65.2531750872,6287822,6287822,0.0,1.0,tiingo_historical_seed,
2023-06-27,BND,72.92,73.0298,72.669,72.76,65.2710771929,65.3693597529,65.046405767,65.1278603477,4816110,4816110,0.0,1.0,tiingo_historical_seed,
2023-06-28,BND,72.86,73.0,72.74,72.99,65.217370876,65.3426856155,65.1099582421,65.3337345627,5517379,5517379,0.0,1.0,tiingo_historical_seed,
2023-06-29,BND,72.48,72.51,72.315,72.44,64.8772308686,64.9040840271,64.729538497,64.8414266573,5802988,5802988,0.0,1.0,tiingo_historical_seed,
2023-06-30,BND,72.5,72.71,72.43,72.69,64.8951329743,65.0831050836,64.8324756045,65.0652029779,5612299,5612299,0.0,1.0,tiingo_historical_seed,
2023-07-03,BND,72.49,72.65,72.28,72.3,65.0516479676,65.1952300296,64.8631965112,64.8811442689,3146532,3146532,0.184372,1.0,tiingo_historical_seed,
2023-07-05,BND,72.27,72.29,71.945,72.0,64.8542226323,64.8721703901,64.5625715689,64.6119279027,4415843,4415843,0.0,1.0,tiingo_historical_seed,
2023-07-06,BND,71.58,71.625,71.35,71.54,64.2350249899,64.2754074448,64.0286257758,64.1991294744,5613514,5613514,0.0,1.0,tiingo_historical_seed,
2023-07-07,BND,71.54,71.71,71.455,71.5,64.1991294744,64.3516854153,64.122851504,64.1632339589,5726618,5726618,0.0,1.0,tiingo_historical_seed,
2023-07-10,BND,71.56,71.83,71.55,71.75,64.2170772322,64.4593719618,64.2081033533,64.3875809308,4450870,4450870,0.0,1.0,tiingo_historical_seed,
2023-07-11,BND,71.84,71.96,71.77,71.9,64.4683458407,64.5760323872,64.4055286885,64.5221891139,5709153,5709153,0.0,1.0,tiingo_historical_seed,
2023-07-12,BND,72.275,72.52,72.23,72.47,64.8587095717,65.0785696042,64.8183271168,65.0337002098,6397457,6397457,0.0,1.0,tiingo_historical_seed,
2023-07-13,BND,72.75,72.95,72.7001,72.91,65.2849688183,65.4644463958,65.2401891627,65.4285508803,5849496,5849496,0.0,1.0,tiingo_historical_seed,
2023-07-14,BND,72.77,72.8499,72.56,72.57,65.3029165761,65.3746178683,65.1144651197,65.1234389986,7410013,7410013,0.0,1.0,tiingo_historical_seed,
2023-07-17,BND,72.58,72.69,72.51,72.65,65.1324128774,65.2311255451,65.0695957253,65.1952300296,5942833,5942833,0.0,1.0,tiingo_historical_seed,
2023-07-18,BND,72.88,72.9299,72.73,72.74,65.4016292437,65.4464088993,65.2670210606,65.2759949394,7748399,7748399,0.0,1.0,tiingo_historical_seed,
2023-07-19,BND,72.87,72.98,72.77,72.91,65.3926553648,65.4913680325,65.3029165761,65.4285508803,11522229,11522229,0.0,1.0,tiingo_historical_seed,
2023-07-20,BND,72.67,72.6835,72.426,72.57,65.2131777873,65.2252925238,64.9942151428,65.1234389986,5262143,5262143,0.0,1.0,tiingo_historical_seed,
2023-07-21,BND,72.7,72.745,72.59,72.62,65.2400994239,65.2804818789,65.1413867563,65.1683083929,5170589,5170589,0.0,1.0,tiingo_historical_seed,
2023-07-24,BND,72.71,72.7599,72.49,72.5,65.2490733028,65.2938529584,65.0516479676,65.0606218464,3553440,3553440,0.0,1.0,tiingo_historical_seed,
2023-07-25,BND,72.35,72.49,72.32,72.42,64.9260136633,65.0516479676,64.8990920267,64.9888308154,4200856,4200856,0.0,1.0,tiingo_historical_seed,
2023-07-26,BND,72.59,72.68,72.42,72.66,65.1413867563,65.2221516662,64.9888308154,65.2042039084,4478388,4478388,0.0,1.0,tiingo_historical_seed,
2023-07-27,BND,72.52,72.5699,71.97,72.04,65.0785696042,65.1233492598,64.585006266,64.6478234182,5342738,5342738,0.0,1.0,tiingo_historical_seed,
2023-07-28,BND,72.17,72.31,72.11,72.29,64.7644838436,64.8901181478,64.7106405703,64.8721703901,5273418,5273418,0.0,1.0,tiingo_historical_seed,
2023-07-31,BND,72.3,72.49,72.299,72.42,64.8811442689,65.0516479676,64.880246881,64.9888308154,4608084,4608084,0.0,1.0,tiingo_historical_seed,
2023-08-01,BND,71.93,71.985,71.7,71.78,64.722362794,64.7718516019,64.5154095972,64.5873933178,11078069,11078069,0.19266,1.0,tiingo_historical_seed,
2023-08-02,BND,71.55,71.585,71.33,71.55,64.3804401211,64.4119329988,64.1824848894,64.3804401211,6547705,6547705,0.0,1.0,tiingo_historical_seed,
2023-08-03,BND,71.13,71.2,71.03,71.11,64.0025255879,64.0655113434,63.9125459371,63.9845296577,5395310,5395310,0.0,1.0,tiingo_historical_seed,
2023-08-04,BND,71.37,71.73,71.35,71.7,64.2184767497,64.5424034924,64.2004808195,64.5154095972,6925259,6925259,0.0,1.0,tiingo_historical_seed,
2023-08-07,BND,71.63,71.665,71.53,71.59,64.4524238417,64.4839167194,64.3624441909,64.4164319814,4987491,4987491,0.0,1.0,tiingo_historical_seed,
2023-08-08,BND,71.87,71.98,71.79,71.85,64.6683750035,64.7673526194,64.5963912829,64.6503790734,4338318,4338318,0.0,1.0,tiingo_historical_seed,
2023-08-09,BND,71.85,71.96,71.82,71.87,64.6503790734,64.7493566892,64.6233851781,64.6683750035,4937818,4937818,0.0,1.0,tiingo_historical_seed,
2023-08-10,BND,71.93,72.02,71.46,71.47,64.722362794,64.8033444797,64.2994584354,64.3084564005,5195873,5195873,0.0,1.0,tiingo_historical_seed,
2023-08-11,BND,71.26,71.4655,71.225,71.24,64.1194991339,64.3044073162,64.0880062561,64.1015032037,4577378,4577378,0.0,1.0,tiingo_historical_seed,
2023-08-14,BND,71.155,71.3161,71.04,71.15,64.0250205006,64.1699777179,63.9215439022,64.020521518,7992436,7992436,0.0,1.0,tiingo_historical_seed,
2023-08-15,BND,71.03,71.2,70.97,70.99,63.9125459371,64.0655113434,63.8585581466,63.8765540768,5028118,5028118,0.0,1.0,tiingo_historical_seed,
2023-08-16,BND,70.99,71.1175,70.755,70.79,63.8765540768,63.9912781315,63.6651018975,63.6965947753,5149705,5149705,0.0,1.0,tiingo_historical_seed,
2023-08-17,BND,70.8,70.82,70.58,70.72,63.7055927403,63.7235886705,63.5076375087,63.6336090197,7357778,7357778,0.0,1.0,tiingo_historical_seed,
2023-08-18,BND,70.755,70.97,70.73,70.87,63.6651018975,63.8585581466,63.6426069848,63.7685784959,5094395,5094395,0.0,1.0,tiingo_historical_seed,
2023-08-21,BND,70.61,70.64,70.45,70.53,63.5346314039,63.5616252991,63.3906639627,63.4626476833,4280076,4280076,0.0,1.0,tiingo_historical_seed,
2023-08-22,BND,70.55,70.69,70.48,70.62,63.4806436134,63.6066151245,63.4176578579,63.543629369,4302215,4302215,0.0,1.0,tiingo_historical_seed,
2023-08-23,BND,70.98,71.27,70.965,71.26,63.8675561117,64.1284970989,63.8540591641,64.1194991339,5205828,5205828,0.0,1.0,tiingo_historical_seed,
2023-08-24,BND,71.15,71.25,71.07,71.09,64.020521518,64.1105011688,63.9485377974,63.9665337276,4186425,4186425,0.0,1.0,tiingo_historical_seed,
2023-08-25,BND,71.01,71.225,70.865,71.09,63.894550007,64.0880062561,63.7640795133,63.9665337276,4853215,4853215,0.0,1.0,tiingo_historical_seed,
2023-08-28,BND,71.25,71.25,71.11,71.22,64.1105011688,64.1105011688,63.9845296577,64.0835072736,3969240,3969240,0.0,1.0,tiingo_historical_seed,
2023-08-29,BND,71.13,71.68,71.115,71.66,64.0025255879,64.4974136671,63.9890286403,64.4794177369,6214597,6214597,0.0,1.0,tiingo_historical_seed,
2023-08-30,BND,71.73,71.77,71.6248,71.63,64.5424034924,64.5783953528,64.4477448998,64.4524238417,4721461,4721461,0.0,1.0,tiingo_historical_seed,
2023-08-31,BND,71.72,71.86,71.68,71.75,64.5334055274,64.6593770384,64.4974136671,64.5603994226,4747146,4747146,0.0,1.0,tiingo_historical_seed,
2023-09-01,BND,71.55,71.57,71.131,71.21,64.5574008946,64.5754462897,64.1793498677,64.2506291783,3940704,3940704,0.195733,1.0,tiingo_historical_seed,
2023-09-05,BND,71.05,71.06,70.81,70.82,64.1062660177,64.1152887152,63.8897212767,63.8987439743,4634399,4634399,0.0,1.0,tiingo_historical_seed,
2023-09-06,BND,70.9,70.905,70.66,70.74,63.9709255546,63.9754369034,63.7543808136,63.826562394,7800422,7800422,0.0,1.0,tiingo_historical_seed,
2023-09-07,BND,70.89,70.99,70.8136,70.98,63.961902857,64.0521298324,63.8929694478,64.0431071349,4742883,4742883,0.0,1.0,tiingo_historical_seed,
2023-09-08,BND,71.09,71.17,70.98,71.0,64.1423568078,64.2145383881,64.0431071349,64.06115253,4270669,4270669,0.0,1.0,tiingo_historical_seed,
2023-09-11,BND,70.9,70.95,70.83,70.89,63.9709255546,64.0160390423,63.9077666718,63.961902857,4215895,4215895,0.0,1.0,tiingo_historical_seed,
2023-09-12,BND,70.93,70.96,70.85,70.94,63.9979936472,64.0250617398,63.9258120669,64.0070163447,4246265,4246265,0.0,1.0,tiingo_historical_seed,
2023-09-13,BND,70.86,71.117,70.86,71.05,63.9348347644,64.1667180912,63.9348347644,64.1062660177,6142461,6142461,0.0,1.0,tiingo_historical_seed,
2023-09-14,BND,71.1,71.135,70.91,70.93,64.1513795054,64.1829589468,63.9799482521,63.9979936472,5227299,5227299,0.0,1.0,tiingo_historical_seed,
2023-09-15,BND,70.9,70.92,70.77,70.79,63.9709255546,63.9889709497,63.8536304866,63.8716758816,4946165,4946165,0.0,1.0,tiingo_historical_seed,
2023-09-18,BND,70.67,70.88,70.67,70.865,63.7634035112,63.9528801595,63.7634035112,63.9393461132,5882522,5882522,0.0,1.0,tiingo_historical_seed,
2023-09-19,BND,70.81,70.8554,70.6848,70.71,63.8897212767,63.9306843236,63.7767571035,63.7994943013,4200927,4200927,0.0,1.0,tiingo_historical_seed,
2023-09-20,BND,70.84,70.92,70.62,70.62,63.9167893693,63.9889709497,63.7182900235,63.7182900235,5518918,5518918,0.0,1.0,tiingo_historical_seed,
2023-09-21,BND,70.27,70.29,70.17,70.18,63.4024956096,63.4205410047,63.3122686342,63.3212913317,9128795,9128795,0.0,1.0,tiingo_historical_seed,
2023-09-22,BND,70.28,70.5099,70.2308,70.47,63.4115183071,63.6189501236,63.3671266352,63.5829495604,8149809,8149809,0.0,1.0,tiingo_historical_seed,
2023-09-25,BND,70.11,70.18,69.94,69.95,63.258132449,63.3212913317,63.1047465908,63.1137692883,22744439,22744439,0.0,1.0,tiingo_historical_seed,
2023-09-26,BND,70.08,70.09,69.85,69.88,63.2310643563,63.2400870539,63.0235423129,63.0506104056,7329308,7329308,0.0,1.0,tiingo_historical_seed,
2023-09-27,BND,70.1,70.11,69.485,69.63,63.2491097514,63.258132449,62.6942138528,62.8250429671,7701770,7701770,0.0,1.0,tiingo_historical_seed,
2023-09-28,BND,69.51,69.83,69.38,69.81,62.7167705966,63.0054969179,62.5994755286,62.9874515228,9004575,9004575,0.0,1.0,tiingo_historical_seed,
2023-09-29,BND,70.06,70.13,69.69,69.78,63.2130189613,63.276177844,62.8791791523,62.9603834302,7650811,7650811,0.0,1.0,tiingo_historical_seed,
2023-10-02,BND,69.32,69.37,69.07,69.11,62.719553137,62.7647922838,62.4933574029,62.5295487204,6719838,6719838,0.192499,1.0,tiingo_historical_seed,
2023-10-03,BND,68.98,69.055,68.525,68.55,62.4119269387,62.4797856589,62.0002507027,62.0228702761,8099516,8099516,0.0,1.0,tiingo_historical_seed,
2023-10-04,BND,68.83,69.03,68.66,69.0,62.2762094983,62.4571660855,62.1223963991,62.4300225974,7915901,7915901,0.0,1.0,tiingo_historical_seed,
2023-10-05,BND,69.13,69.15,68.97,69.05,62.5476443791,62.5657400378,62.4028791093,62.4752617442,6845052,6845052,0.0,1.0,tiingo_historical_seed,
2023-10-06,BND,68.54,68.935,68.49,68.78,62.0138224468,62.3712117066,61.9685832999,62.2309703514,8385177,8385177,0.0,1.0,tiingo_historical_seed,
2023-10-09,BND,69.07,69.48,69.0597,69.48,62.4933574029,62.8643184068,62.4840381387,62.8643184068,3561577,3561577,0.0,1.0,tiingo_historical_seed,
2023-10-10,BND,69.23,69.56,69.14,69.41,62.6381226727,62.9367010417,62.5566922085,62.8009836012,11556137,11556137,0.0,1.0,tiingo_historical_seed,
2023-10-11,BND,69.63,69.735,69.52,69.73,63.0000358472,63.0950380555,62.9005097242,63.0905141408,18074381,18074381,0.0,1.0,tiingo_historical_seed,
2023-10-12,BND,69.59,69.61,69.07,69.13,62.9638445298,62.9819401885,62.4933574029,62.5476443791,6144034,6144034,0.0,1.0,tiingo_historical_seed,
2023-10-13,BND,69.53,69.56,69.35,69.45,62.9095575536,62.9367010417,62.7466966251,62.8371749187,5570236,5570236,0.0,1.0,tiingo_historical_seed,
2023-10-16,BND,69.26,69.26,69.055,69.09,62.6652661608,62.6652661608,62.4797856589,62.5114530617,4915002,4915002,0.0,1.0,tiingo_historical_seed,
2023-10-17,BND,68.68,68.765,68.52,68.635,62.1404920578,62.2173986074,61.995726788,62.0997768257,5851875,5851875,0.0,1.0,tiingo_historical_seed,
2023-10-18,BND,68.5,68.55,68.231,68.34,61.9776311293,62.0228702761,61.7342445195,61.8328658595,5885857,5885857,0.0,1.0,tiingo_historical_seed,
2023-10-19,BND,68.27,68.41,68.0,68.04,61.769531054,61.8962006651,61.5252396612,61.5614309787,9433826,9433826,0.0,1.0,tiingo_historical_seed,
2023-10-20,BND,68.22,68.3752,68.1922,68.285,61.7242919072,61.8647142189,61.6991389415,61.783102798,5197766,5197766,0.0,1.0,tiingo_historical_seed,
2023-10-23,BND,68.08,68.6481,67.99,68.55,61.5976222961,62.1116294822,61.5161918319,62.0228702761,9587138,9587138,0.0,1.0,tiingo_historical_seed,
2023-10-24,BND,68.59,68.79,68.48,68.78,62.0590615936,62.2400181808,61.9595354706,62.2309703514,9462184,9462184,0.0,1.0,tiingo_historical_seed,
2023-10-25,BND,68.5,68.515,68.2,68.26,61.9776311293,61.9912028734,61.7061962485,61.7604832246,7392633,7392633,0.0,1.0,tiingo_historical_seed,
2023-10-26,BND,68.35,68.73,68.34,68.72,61.8419136889,62.1857312046,61.8328658595,62.1766833753,11426611,11426611,0.0,1.0,tiingo_historical_seed,
2023-10-27,BND,68.67,68.72,68.52,68.715,62.1314442285,62.1766833753,61.995726788,62.1721594606,5325500,5325500,0.0,1.0,tiingo_historical_seed,
2023-10-30,BND,68.5,68.6402,68.39,68.55,61.9776311293,62.104481697,61.8781050063,62.0228702761,5905322,5905322,0.0,1.0,tiingo_historical_seed,
2023-10-31,BND,68.64,68.75,68.51,68.53,62.1043007404,62.2038268634,61.9866789587,62.0047746174,9248158,9248158,0.0,1.0,tiingo_historical_seed,
2023-11-01,BND,68.48,68.9957,68.45,68.99,62.1416474689,62.6096154537,62.1144242005,62.6044430327,9330804,9330804,0.202776,1.0,tiingo_historical_seed,
2023-11-02,BND,69.43,69.5,69.225,69.385,63.0037176368,63.0672385965,62.817691969,62.9628827341,8409244,8409244,0.0,1.0,tiingo_historical_seed,
2023-11-03,BND,70.03,70.17,69.79,69.8,63.548183006,63.6752249254,63.3303968583,63.3394712811,7995686,7995686,0.0,1.0,tiingo_historical_seed,
2023-11-06,BND,69.63,69.6699,69.44,69.5,63.1852060932,63.2214130402,63.0127920596,63.0672385965,7821981,7821981,0.0,1.0,tiingo_historical_seed,
2023-11-07,BND,69.68,69.99,69.65,69.85,63.2305782073,63.5118853147,63.2033549388,63.3848433952,7986156,7986156,0.0,1.0,tiingo_historical_seed,
2023-11-08,BND,69.88,70.1498,69.8741,70.07,63.4120666637,63.6568945913,63.4067127542,63.5844806972,6543660,6543660,0.0,1.0,tiingo_historical_seed,
2023-11-09,BND,70.0,70.04,69.52,69.55,63.5209597375,63.5572574288,63.0853874422,63.1126107106,6979677,6979677,0.0,1.0,tiingo_historical_seed,
2023-11-10,BND,69.86,69.87,69.62,69.68,63.393917818,63.4029922408,63.1761316704,63.2305782073,4381856,4381856,0.0,1.0,tiingo_historical_seed,
2023-11-13,BND,69.42,69.68,69.36,69.66,62.994643214,63.2305782073,62.940196677,63.2124293616,6058831,6058831,0.0,1.0,tiingo_historical_seed,
2023-11-14,BND,70.49,70.565,70.395,70.51,63.9656064557,64.0336646268,63.8793994389,63.9837553013,8237067,8237067,0.0,1.0,tiingo_historical_seed,
2023-11-15,BND,70.22,70.2399,70.03,70.12,63.7205970395,63.7386551409,63.548183006,63.6298528113,6793704,6793704,0.0,1.0,tiingo_historical_seed,
2023-11-16,BND,70.41,70.6054,70.41,70.54,63.8930110731,64.070325295,63.8930110731,64.0109785698,5623946,5623946,0.0,1.0,tiingo_historical_seed,
2023-11-17,BND,70.61,70.7,70.48,70.64,64.0744995295,64.1561693349,63.9565320328,64.101722798,5657353,5657353,0.0,1.0,tiingo_historical_seed,
2023-11-20,BND,70.58,70.77,70.51,70.74,64.047276261,64.2196902946,63.9837553013,64.1924670262,6959085,6959085,0.0,1.0,tiingo_historical_seed,
2023-11-21,BND,70.81,70.88,70.67,70.84,64.2559879859,64.3195089456,64.1289460664,64.2832112543,5737783,5737783,0.0,1.0,tiingo_historical_seed,
2023-11-22,BND,70.98,71.027,70.7401,70.9,64.4102531738,64.4529029611,64.1925577704,64.3376577913,4949400,4949400,0.0,1.0,tiingo_historical_seed,
2023-11-24,BND,70.65,70.7,70.55,70.56,64.1107972208,64.1561693349,64.0200529926,64.0291274154,3534838,3534838,0.0,1.0,tiingo_historical_seed,
2023-11-27,BND,70.75,70.99,70.7,70.99,64.201541449,64.4193275966,64.1561693349,64.4193275966,5257100,5257100,0.0,1.0,tiingo_historical_seed,
2023-11-28,BND,70.95,71.31,70.9,71.29,64.3830299054,64.7097091269,64.3376577913,64.6915602812,7051427,7051427,0.0,1.0,tiingo_historical_seed,
2023-11-29,BND,71.55,71.7,71.46,71.66,64.9274952745,65.0636116168,64.8458254692,65.0273139256,7615830,7615830,0.0,1.0,tiingo_historical_seed,
2023-11-30,BND,71.51,71.5152,71.3,71.43,64.8911975833,64.8959162831,64.7006347041,64.8186022007,9879968,9879968,0.0,1.0,tiingo_historical_seed,
2023-12-01,BND,71.22,71.8399,71.2,71.81,64.8088979331,65.3729955999,64.7906982987,65.3457871465,7643521,7643521,0.200957,1.0,tiingo_historical_seed,
2023-12-04,BND,71.57,71.665,71.41,71.52,65.1273915343,65.2138397974,64.9817944594,65.0818924484,11164632,11164632,0.0,1.0,tiingo_historical_seed,
2023-12-05,BND,71.83,72.04,71.75,71.98,65.3639867809,65.5550829416,65.2911882435,65.5004840385,8393450,8393450,0.0,1.0,tiingo_historical_seed,
2023-12-06,BND,72.15,72.31,72.054,72.19,65.6551809305,65.8007780054,65.5678226856,65.6915801992,9364001,9364001,0.0,1.0,tiingo_historical_seed,
2023-12-07,BND,72.11,72.3567,72.1,72.17,65.6187816618,65.8432741516,65.6096818446,65.6733805649,9875972,9875972,0.0,1.0,tiingo_historical_seed,
2023-12-08,BND,71.87,71.9515,71.71,71.82,65.4003860496,65.4745495596,65.2547889747,65.3548869637,7349892,7349892,0.0,1.0,tiingo_historical_seed,
2023-12-11,BND,71.79,71.88,71.61,71.835,65.3275875122,65.4094858667,65.163790803,65.3685366895,12895899,12895899,0.0,1.0,tiingo_historical_seed,
2023-12-12,BND,71.87,72.055,71.79,72.04,65.4003860496,65.5687326673,65.3275875122,65.5550829416,8052535,8052535,0.0,1.0,tiingo_historical_seed,
2023-12-13,BND,72.21,73.01,72.17,72.96,65.7097798336,66.4377652077,65.6733805649,66.3922661218,7172616,7172616,0.0,1.0,tiingo_historical_seed,
2023-12-14,BND,73.36,73.63,73.3,73.51,66.7562588089,67.0019538727,66.7016599059,66.8927560666,9105481,9105481,0.0,1.0,tiingo_historical_seed,
2023-12-15,BND,73.4,73.53,73.3143,73.4,66.7926580776,66.9109557009,66.7146726444,66.7926580776,7996723,7996723,0.0,1.0,tiingo_historical_seed,
2023-12-18,BND,73.3,73.31,73.2,73.25,66.7016599059,66.710759723,66.6106617341,66.65616082,6144391,6144391,0.0,1.0,tiingo_historical_seed,
2023-12-19,BND,73.36,73.47,73.34,73.39,66.7562588089,66.8563567979,66.7380591746,66.7835582604,6923755,6923755,0.0,1.0,tiingo_historical_seed,
2023-12-20,BND,73.51,73.67,73.4028,73.63,66.8927560666,67.0383531414,66.7952060264,67.0019538727,7496305,7496305,0.0,1.0,tiingo_historical_seed,
2023-12-21,BND,73.78,73.82,73.51,73.62,67.1384511303,67.174850399,66.8927560666,66.9928540555,6912662,6912662,0.0,1.0,tiingo_historical_seed,
2023-12-22,BND,73.53,73.54,73.28,73.36,67.1029881372,67.1121140706,66.8748398027,66.9478472697,5890812,5890812,0.210541,1.0,tiingo_historical_seed,
2023-12-26,BND,73.35,73.48,73.32,73.43,66.9387213364,67.0573584703,66.9113435362,67.0117288034,6394785,6394785,0.0,1.0,tiingo_historical_seed,
2023-12-27,BND,73.7,73.92,73.635,73.9,67.2581290046,67.458899539,67.1988104377,67.4406476722,7466825,7466825,0.0,1.0,tiingo_historical_seed,
2023-12-28,BND,73.81,73.8899,73.6422,73.725,67.3585142718,67.4314304795,67.2053811097,67.2809438381,8166560,8166560,0.0,1.0,tiingo_historical_seed,
2023-12-29,BND,73.55,73.71,73.48,73.55,67.1212400039,67.267254938,67.0573584703,67.1212400039,6939768,6939768,0.0,1.0,tiingo_historical_seed,
2024-01-02,BND,73.26,73.3565,73.19,73.24,66.8565879359,66.9446531931,66.7927064023,66.8383360692,8334302,8334302,0.0,1.0,tiingo_historical_seed,
2024-01-03,BND,73.005,73.3484,72.88,73.3,66.6238766348,66.937261187,66.5098024675,66.8930916695,6477445,6477445,0.0,1.0,tiingo_historical_seed,
2024-01-04,BND,72.96,73.05,72.8848,72.965,66.5828099346,66.664943335,66.5141829156,66.5873729013,5056935,5056935,0.0,1.0,tiingo_historical_seed,
2024-01-05,BND,72.76,73.1697,72.695,72.75,66.400291267,66.7741807575,66.3409727,66.3911653336,6222246,6222246,0.0,1.0,tiingo_historical_seed,
2024-01-08,BND,72.83,73.18,72.79,73.07,66.4641728006,66.7835804689,66.4276690671,66.6831952017,7937487,7937487,0.0,1.0,tiingo_historical_seed,
2024-01-09,BND,72.98,73.135,72.95,73.06,66.6010618013,66.7425137687,66.5736840012,66.6740692684,5649472,5649472,0.0,1.0,tiingo_historical_seed,
2024-01-10,BND,73.19,73.24,72.93,72.93,66.7927064023,66.8383360692,66.5554321344,66.5554321344,6578359,6578359,0.0,1.0,tiingo_historical_seed,
2024-01-11,BND,73.04,73.355,72.94,73.31,66.6558174016,66.943284303,66.5645580678,66.9022176028,7537308,7537308,0.0,1.0,tiingo_historical_seed,
2024-01-12,BND,73.49,73.64,73.35,73.455,67.0664844037,67.2033734044,66.9387213364,67.0345436368,4461306,4461306,0.0,1.0,tiingo_historical_seed,
2024-01-16,BND,73.21,73.27,72.85,72.94,66.810958269,66.8657138693,66.4824246674,66.5645580678,5724843,5724843,0.0,1.0,tiingo_historical_seed,
2024-01-17,BND,72.76,72.84,72.63,72.77,66.400291267,66.473298734,66.2816541331,66.4094172004,12370367,12370367,0.0,1.0,tiingo_historical_seed,
2024-01-18,BND,72.8,72.825,72.59,72.67,66.4367950005,66.4596098339,66.2451503995,66.3181578666,6086379,6086379,0.0,1.0,tiingo_historical_seed,
2024-01-19,BND,72.58,72.68,72.43,72.67,66.2360244662,66.3272837999,66.0991354655,66.3181578666,7883236,7883236,0.0,1.0,tiingo_historical_seed,
2024-01-22,BND,72.89,72.94,72.76,72.79,66.5189284009,66.5645580678,66.400291267,66.4276690671,10321486,10321486,0.0,1.0,tiingo_historical_seed,
2024-01-23,BND,72.68,72.68,72.55,72.62,66.3272837999,66.3272837999,66.208646666,66.2725281997,6840502,6840502,0.0,1.0,tiingo_historical_seed,
2024-01-24,BND,72.93,72.93,72.45,72.47,66.5554321344,66.5554321344,66.1173873322,66.135639199,7483649,7483649,0.0,1.0,tiingo_historical_seed,
2024-01-25,BND,72.75,72.82,72.66,72.805,66.3911653336,66.4550468673,66.3090319332,66.4413579672,8361104,8361104,0.0,1.0,tiingo_historical_seed,
2024-01-26,BND,72.82,72.82,72.65,72.7,66.4550468673,66.4550468673,66.2999059998,66.3455356667,9120566,9120566,0.0,1.0,tiingo_historical_seed,
2024-01-29,BND,72.9,73.0557,72.81,72.99,66.5280543343,66.670145117,66.4459209339,66.6101877347,7677565,7677565,0.0,1.0,tiingo_historical_seed,
2024-01-30,BND,73.16,73.18,72.87,73.12,66.7653286022,66.7835804689,66.5006765342,66.7288248686,6688144,6688144,0.0,1.0,tiingo_historical_seed,
2024-01-31,BND,73.395,73.5899,73.275,73.43,66.9797880366,67.1576524781,66.870276836,67.0117288034,9916559,9916559,0.0,1.0,tiingo_historical_seed,
2024-02-01,BND,73.51,73.8256,73.4,73.66,67.2777027912,67.5665457105,67.1770287699,67.4149855475,12060804,12060804,0.21188,1.0,tiingo_historical_seed,
2024-02-02,BND,73.03,73.14,72.87,73.0,66.8383979709,66.9390719922,66.6919630308,66.8109414196,7820245,7820245,0.0,1.0,tiingo_historical_seed,
2024-02-05,BND,72.58,72.61,72.35,72.42,66.4265497019,66.4540062532,66.2160494755,66.2801147618,7577325,7577325,0.0,1.0,tiingo_historical_seed,
2024-02-06,BND,72.53,72.83,72.5,72.76,66.3807887831,66.6553542958,66.3533322318,66.5912890095,8310532,8310532,0.0,1.0,tiingo_historical_seed,
2024-02-07,BND,72.65,72.865,72.61,72.62,66.4906149882,66.6873869389,66.4540062532,66.4631584369,9257521,9257521,0.0,1.0,tiingo_historical_seed,
2024-02-08,BND,72.5,72.555,72.39,72.425,66.3533322318,66.4036692425,66.2526582105,66.2846908537,7987610,7987610,0.0,1.0,tiingo_historical_seed,
2024-02-09,BND,72.33,72.395,72.29,72.37,66.197745108,66.2572343024,66.161136373,66.234353843,5940776,5940776,0.0,1.0,tiingo_historical_seed,
2024-02-12,BND,72.45,72.4857,72.31,72.39,66.3075713131,66.3402446091,66.1794407405,66.2526582105,6062952,6062952,0.0,1.0,tiingo_historical_seed,
2024-02-13,BND,71.98,71.9999,71.74,71.76,65.8774186765,65.8956315222,65.6577662664,65.6760706339,12938802,12938802,0.0,1.0,tiingo_historical_seed,
2024-02-14,BND,71.83,72.09,71.81,72.03,65.7401359202,65.9780926978,65.7218315527,65.9231795953,6915877,6915877,0.0,1.0,tiingo_historical_seed,
2024-02-15,BND,72.31,72.34,72.11,72.23,66.1794407405,66.2068972917,65.9963970654,66.1062232704,6733928,6733928,0.0,1.0,tiingo_historical_seed,
2024-02-16,BND,71.91,72.01,71.855,72.0,65.8133533902,65.9048752278,65.7630163796,65.895723044,5029334,5029334,0.0,1.0,tiingo_historical_seed,
2024-02-20,BND,72.12,72.207,72.0501,72.09,66.0055492491,66.0851732478,65.9415754847,65.9780926978,7605013,7605013,0.0,1.0,tiingo_historical_seed,
2024-02-21,BND,72.17,72.17,71.86,71.89,66.0513101679,66.0513101679,65.7675924714,65.7950490227,6625641,6625641,0.0,1.0,tiingo_historical_seed,
2024-02-22,BND,71.93,72.02,71.84,71.92,65.8316577577,65.9140274115,65.7492881039,65.822505574,11884272,11884272,0.0,1.0,tiingo_historical_seed,
2024-02-23,BND,71.93,72.25,71.93,72.18,65.8316577577,66.1245276379,65.8316577577,66.0604623516,6147185,6147185,0.0,1.0,tiingo_historical_seed,
2024-02-26,BND,72.2,72.2,71.93,72.05,66.0787667192,66.0787667192,65.8316577577,65.9414839628,5255762,5255762,0.0,1.0,tiingo_historical_seed,
2024-02-27,BND,72.02,72.1099,71.9142,71.94,65.9140274115,65.9963055435,65.8171973074,65.8408099415,5534263,5534263,0.0,1.0,tiingo_historical_seed,
2024-02-28,BND,72.0,72.1299,71.962,72.1,65.895723044,66.014609911,65.8609447458,65.9872448816,5255305,5255305,0.0,1.0,tiingo_historical_seed,
2024-02-29,BND,72.2,72.355,72.17,72.22,66.0787667192,66.2206255674,66.0513101679,66.0970710867,6002886,6002886,0.0,1.0,tiingo_historical_seed,
2024-03-01,BND,71.94,72.37,71.81,72.32,66.0250048877,66.4196497598,65.9056936473,66.3737608212,6366776,6366776,0.202321,1.0,tiingo_historical_seed,
2024-03-04,BND,72.13,72.23,72.1,72.15,66.1993828544,66.2911607317,66.1718494913,66.2177384299,26404705,26404705,0.0,1.0,tiingo_historical_seed,
2024-03-05,BND,72.45,72.62,72.39,72.54,66.4930720616,66.6490944529,66.4380053353,66.5756721511,6208592,6208592,0.0,1.0,tiingo_historical_seed,
2024-03-06,BND,72.62,72.81,72.6099,72.67,66.6490944529,66.8234724197,66.6398248873,66.6949833915,28955518,28955518,0.0,1.0,tiingo_historical_seed,
2024-03-07,BND,72.84,72.845,72.66,72.79,66.8510057829,66.8555946767,66.6858056038,66.8051168442,7495571,7495571,0.0,1.0,tiingo_historical_seed,
2024-03-08,BND,72.91,72.9659,72.81,72.86,66.9152502969,66.9665541303,66.8234724197,66.8693613583,7187711,7187711,0.0,1.0,tiingo_historical_seed,
2024-03-11,BND,72.9,72.91,72.76,72.83,66.9060725092,66.9152502969,66.7775834811,66.8418279951,5623353,5623353,0.0,1.0,tiingo_historical_seed,
2024-03-12,BND,72.71,72.7154,72.545,72.615,66.7316945424,66.7366505478,66.580261045,66.6445055591,4696269,4696269,0.0,1.0,tiingo_historical_seed,
2024-03-13,BND,72.54,72.62,72.475,72.49,66.5756721511,66.6490944529,66.5160165309,66.5297832125,6110457,6110457,0.0,1.0,tiingo_historical_seed,
2024-03-14,BND,72.3,72.3,72.05,72.06,66.3554052458,66.3554052458,66.1259605526,66.1351383404,5196486,5196486,0.0,1.0,tiingo_historical_seed,
2024-03-15,BND,72.03,72.105,71.97,72.02,66.1076049772,66.1764383851,66.0525382509,66.0984271895,4784121,4784121,0.0,1.0,tiingo_historical_seed,
2024-03-18,BND,72.01,72.04,71.9,71.93,66.0892494018,66.1167827649,65.9882937368,66.0158271,5284212,5284212,0.0,1.0,tiingo_historical_seed,
2024-03-19,BND,72.05,72.19,72.0219,72.12,66.1259605526,66.2544495808,66.1001709691,66.1902050667,4560060,4560060,0.0,1.0,tiingo_historical_seed,
2024-03-20,BND,72.17,72.39,72.034,72.25,66.2360940053,66.4380053353,66.1112760923,66.3095163071,5287243,5287243,0.0,1.0,tiingo_historical_seed,
2024-03-21,BND,72.4,72.44,72.24,72.31,66.447183123,66.4838942739,66.3003385194,66.3645830335,5492889,5492889,0.0,1.0,tiingo_historical_seed,
2024-03-22,BND,72.61,72.62,72.49,72.55,66.6399166652,66.6490944529,66.5297832125,66.5848499389,4169478,4169478,0.0,1.0,tiingo_historical_seed,
2024-03-25,BND,72.5,72.5,72.36,72.41,66.5389610002,66.5389610002,66.4104719721,66.4563609107,7950495,7950495,0.0,1.0,tiingo_historical_seed,
2024-03-26,BND,72.44,72.49,72.32,72.47,66.4838942739,66.5297832125,66.3737608212,66.5114276371,7603214,7603214,0.0,1.0,tiingo_historical_seed,
2024-03-27,BND,72.57,72.745,72.52,72.72,66.6032055143,66.7638167995,66.5573165757,66.7408723302,7825225,7825225,0.0,1.0,tiingo_historical_seed,
2024-03-28,BND,72.64,72.75,72.57,72.63,66.6674500284,66.7684056933,66.6032055143,66.6582722407,5326433,5326433,0.0,1.0,tiingo_historical_seed,
2024-04-01,BND,72.15,72.19,71.86,71.92,66.4168888306,66.4537103906,66.1499325207,66.2051648607,6156573,6156573,0.2163,1.0,tiingo_historical_seed,
2024-04-02,BND,71.68,71.85,71.585,71.84,65.9842355008,66.1407271307,65.8967842958,66.1315217407,9040460,9040460,0.0,1.0,tiingo_historical_seed,
2024-04-03,BND,71.65,71.9,71.555,71.89,65.9566193308,66.1867540807,65.8691681258,66.1775486907,5417814,5417814,0.0,1.0,tiingo_historical_seed,
2024-04-04,BND,72.06,72.06,71.87,72.04,66.3340403207,66.3340403207,66.1591379107,66.3156295407,12412331,12412331,0.0,1.0,tiingo_historical_seed,
2024-04-05,BND,71.765,71.93,71.68,71.68,66.0624813157,66.2143702507,65.9842355008,65.9842355008,11530562,11530562,0.0,1.0,tiingo_historical_seed,
2024-04-08,BND,71.615,71.7,71.57,71.62,65.9244004658,66.0026462808,65.8829762108,65.9290031608,13872664,13872664,0.0,1.0,tiingo_historical_seed,
2024-04-09,BND,71.82,71.93,71.81,71.88,66.1131109607,66.2143702507,66.1039055707,66.1683433007,8886198,8886198,0.0,1.0,tiingo_historical_seed,
2024-04-10,BND,71.38,71.395,71.01,71.04,65.7080738009,65.7218818858,65.367474371,65.3950905409,8196476,8196476,0.0,1.0,tiingo_historical_seed,
2024-04-11,BND,71.19,71.2324,70.91,71.04,65.5331713909,65.5722022445,65.275420471,65.3950905409,16574145,16574145,0.0,1.0,tiingo_historical_seed,
2024-04-12,BND,71.26,71.35,71.19,71.2,65.5976091209,65.6804576309,65.5331713909,65.5423767809,12479150,12479150,0.0,1.0,tiingo_historical_seed,
2024-04-15,BND,70.85,70.86,70.63,70.73,65.220188131,65.229393521,65.0176695511,65.109723451,8079403,8079403,0.0,1.0,tiingo_historical_seed,
2024-04-16,BND,70.52,70.61,70.415,70.55,64.9164102611,64.9992587711,64.8197536661,64.9440264311,14378960,14378960,0.0,1.0,tiingo_historical_seed,
2024-04-17,BND,70.77,70.94,70.66,70.89,65.146545011,65.303036641,65.045285721,65.257009691,6568516,6568516,0.0,1.0,tiingo_historical_seed,
2024-04-18,BND,70.88,70.89,70.64,70.7,65.247804301,65.257009691,65.0268749411,65.082107281,6349599,6349599,0.0,1.0,tiingo_historical_seed,
2024-04-19,BND,70.85,70.8796,70.7301,70.79,65.220188131,65.2474360854,65.1098155049,65.164955791,8338525,8338525,0.0,1.0,tiingo_historical_seed,
2024-04-22,BND,70.76,70.8794,70.72,70.82,65.137339621,65.2472519776,65.100518061,65.192571961,5938472,5938472,0.0,1.0,tiingo_historical_seed,
2024-04-23,BND,70.78,71.11,70.71,70.95,65.155750401,65.4595282709,65.091312671,65.312242031,6044535,6044535,0.0,1.0,tiingo_historical_seed,
2024-04-24,BND,70.84,70.84,70.63,70.77,65.210982741,65.210982741,65.0176695511,65.146545011,4616616,4616616,0.0,1.0,tiingo_historical_seed,
2024-04-25,BND,70.45,70.59,70.37,70.57,64.8519725311,64.9808479911,64.7783294111,64.9624372111,5367529,5367529,0.0,1.0,tiingo_historical_seed,
2024-04-26,BND,70.7,70.83,70.7,70.73,65.082107281,65.201777351,65.082107281,65.109723451,4256567,4256567,0.0,1.0,tiingo_historical_seed,
2024-04-29,BND,70.85,70.98,70.82,70.94,65.220188131,65.339858201,65.192571961,65.303036641,4799676,4799676,0.0,1.0,tiingo_historical_seed,
2024-04-30,BND,70.73,70.84,70.61,70.67,65.109723451,65.210982741,64.9992587711,65.054491111,6605819,6605819,0.0,1.0,tiingo_historical_seed,
2024-05-01,BND,70.6,70.93,70.5,70.71,65.18656856,65.4912649853,65.0942363099,65.2881340351,8119154,8119154,0.213811,1.0,tiingo_historical_seed,
2024-05-02,BND,70.69,71.02,70.65,70.99,65.2696675851,65.5743640104,65.2327346851,65.5466643353,6014840,6014840,0.0,1.0,tiingo_historical_seed,
2024-05-03,BND,71.45,71.55,71.1799,71.35,65.9713926857,66.0637249358,65.7220032783,65.8790604356,7256902,7256902,0.0,1.0,tiingo_historical_seed,
2024-05-06,BND,71.4,71.47,71.34,71.42,65.9252265607,65.9898591358,65.8698272106,65.9436930107,5584447,5584447,0.0,1.0,tiingo_historical_seed,
2024-05-07,BND,71.64,71.7299,71.51,71.56,66.1468239609,66.2298306537,66.0267920358,66.0729581608,4635423,4635423,0.0,1.0,tiingo_historical_seed,
2024-05-08,BND,71.42,71.47,71.39,71.39,65.9436930107,65.9898591358,65.9159933357,65.9159933357,6774498,6774498,0.0,1.0,tiingo_historical_seed,
2024-05-09,BND,71.4,71.62,71.36,71.58,65.9252265607,66.1283575109,65.8882936607,66.0914246108,4525228,4525228,0.0,1.0,tiingo_historical_seed,
2024-05-10,BND,71.46,71.48,71.35,71.38,65.9806259107,65.9990923608,65.8790604356,65.9067601107,5562020,5562020,0.0,1.0,tiingo_historical_seed,
2024-05-13,BND,71.6,71.6,71.43,71.44,66.1098910609,66.1098910609,65.9529262357,65.9621594607,5600592,5600592,0.0,1.0,tiingo_historical_seed,
2024-05-14,BND,71.63,71.7,71.54,71.65,66.1375907359,66.2022233109,66.0544917108,66.1560571859,4272618,4272618,0.0,1.0,tiingo_historical_seed,
2024-05-15,BND,72.02,72.16,71.936,72.11,66.4976865112,66.6269516613,66.4201274211,66.5807855363,4208189,4208189,0.0,1.0,tiingo_historical_seed,
2024-05-16,BND,72.13,72.16,71.97,71.99,66.5992519863,66.6269516613,66.4515203862,66.4699868362,4359540,4359540,0.0,1.0,tiingo_historical_seed,
2024-05-17,BND,71.93,71.99,71.8,71.81,66.4145874861,66.4699868362,66.294555561,66.303788786,4373516,4373516,0.0,1.0,tiingo_historical_seed,
2024-05-20,BND,71.77,71.8,71.73,71.74,66.266855886,66.294555561,66.229922986,66.239156211,3699649,3699649,0.0,1.0,tiingo_historical_seed,
2024-05-21,BND,71.93,71.93,71.85,71.89,66.4145874861,66.4145874861,66.3407216861,66.3776545861,4612285,4612285,0.0,1.0,tiingo_historical_seed,
2024-05-22,BND,71.74,71.88,71.72,71.8,66.239156211,66.3684213611,66.220689761,66.294555561,4306301,4306301,0.0,1.0,tiingo_historical_seed,
2024-05-23,BND,71.82,71.8499,71.51,71.59,66.313022011,66.3406293538,66.0267920358,66.1006578359,3589998,3589998,0.0,1.0,tiingo_historical_seed,
2024-05-24,BND,71.57,71.69,71.53,71.67,66.0821913858,66.1929900859,66.0452584858,66.1745236359,4025471,4025471,0.0,1.0,tiingo_historical_seed,
2024-05-28,BND,71.74,71.74,71.31,71.33,66.239156211,66.239156211,65.8421275356,65.8605939856,4743377,4743377,0.0,1.0,tiingo_historical_seed,
2024-05-29,BND,71.2,71.205,70.97,71.07,65.7405620605,65.745178673,65.5281978853,65.6205301354,4877939,4877939,0.0,1.0,tiingo_historical_seed,
2024-05-30,BND,71.32,71.42,71.26,71.38,65.8513607606,65.9436930107,65.7959614106,65.9067601107,3723357,3723357,0.0,1.0,tiingo_historical_seed,
2024-05-31,BND,71.55,71.68,71.54,71.64,66.0637249358,66.1837568609,66.0544917108,66.1468239609,4193049,4193049,0.0,1.0,tiingo_historical_seed,
2024-06-03,BND,71.57,71.8266,71.53,71.82,66.2836638603,66.5213107535,66.2466183587,66.5151982458,4799106,4799106,0.218966,1.0,tiingo_historical_seed,
2024-06-04,BND,71.96,72.14,71.9125,72.09,66.6448575016,66.8115622591,66.6008659684,66.765255382,5298410,5298410,0.0,1.0,tiingo_historical_seed,
2024-06-05,BND,72.18,72.3,72.0,72.29,66.8486077608,66.9597442658,66.6819030033,66.9504828904,5506369,5506369,0.0,1.0,tiingo_historical_seed,
2024-06-06,BND,72.17,72.33,72.17,72.3,66.8393463854,66.987528392,66.8393463854,66.9597442658,4119659,4119659,0.0,1.0,tiingo_historical_seed,
2024-06-07,BND,71.83,71.83,71.71,71.72,66.5244596212,66.5244596212,66.4133231162,66.4225844916,3826603,3826603,0.0,1.0,tiingo_historical_seed,
2024-06-10,BND,71.62,71.65,71.54,71.61,66.3299707374,66.3577548637,66.2558797341,66.320709362,3925158,3925158,0.0,1.0,tiingo_historical_seed,
2024-06-11,BND,71.68,71.9255,71.66,71.9,66.3855389899,66.6129057564,66.3670162391,66.5892892491,4073183,4073183,0.0,1.0,tiingo_historical_seed,
2024-06-12,BND,72.42,72.58,72.215,72.23,67.0708807708,67.2190627775,66.8810225747,66.8949146379,4495747,4495747,0.0,1.0,tiingo_historical_seed,
2024-06-13,BND,72.46,72.64,72.39,72.55,67.1079262725,67.27463103,67.0430966445,67.1912786512,4339602,4339602,0.0,1.0,tiingo_historical_seed,
2024-06-14,BND,72.66,72.73,72.6,72.66,67.2931537808,67.3579834087,67.2375855283,67.2931537808,3526987,3526987,0.0,1.0,tiingo_historical_seed,
2024-06-17,BND,72.37,72.41,72.29,72.39,67.0245738937,67.0616193954,66.9504828904,67.0430966445,4018983,4018983,0.0,1.0,tiingo_historical_seed,
2024-06-18,BND,72.48,72.74,72.47,72.64,67.1264490233,67.3672447841,67.1171876479,67.27463103,8492091,8492091,0.0,1.0,tiingo_historical_seed,
2024-06-20,BND,72.4,72.5299,72.3453,72.5,67.05235802,67.1726632866,67.0016982964,67.1449717741,4227755,4227755,0.0,1.0,tiingo_historical_seed,
2024-06-21,BND,72.64,72.6759,72.425,72.52,67.27463103,67.3078793677,67.0755114585,67.163494525,4117006,4117006,0.0,1.0,tiingo_historical_seed,
2024-06-24,BND,72.54,72.58,72.46,72.56,67.1820172758,67.2190627775,67.1079262725,67.2005400266,31937184,31937184,0.0,1.0,tiingo_historical_seed,
2024-06-25,BND,72.57,72.61,72.4801,72.6,67.2098014021,67.2468469037,67.1265416371,67.2375855283,5959340,5959340,0.0,1.0,tiingo_historical_seed,
2024-06-26,BND,72.3,72.315,72.23,72.26,66.9597442658,66.9736363289,66.8949146379,66.9226987641,5910713,5910713,0.0,1.0,tiingo_historical_seed,
2024-06-27,BND,72.395,72.46,72.36,72.39,67.0477273323,67.1079262725,67.0153125183,67.0430966445,5514794,5514794,0.0,1.0,tiingo_historical_seed,
2024-06-28,BND,72.55,72.55,72.05,72.05,67.1912786512,67.1912786512,66.7282098804,66.7282098804,4824520,4824520,0.0,1.0,tiingo_historical_seed,
2024-07-01,BND,71.58,71.76,71.4,71.45,66.4976975407,66.6649172327,66.3304778486,66.3769277631,4960049,4960049,0.220702,1.0,tiingo_historical_seed,
2024-07-02,BND,71.69,71.735,71.57,71.66,66.5998873525,66.6416922755,66.4884075578,66.5720174038,6080286,6080286,0.0,1.0,tiingo_historical_seed,
2024-07-03,BND,71.86,72.095,71.805,72.07,66.7578170616,66.9761316596,66.7067221557,66.9529067024,4438621,4438621,0.0,1.0,tiingo_historical_seed,
2024-07-05,BND,72.26,72.45,72.215,72.4,67.1294163773,67.3059260523,67.0876114543,67.2594761378,4201930,4201930,0.0,1.0,tiingo_historical_seed,
2024-07-08,BND,72.39,72.45,72.29,72.4,67.2501861549,67.3059260523,67.157286326,67.2594761378,4742403,4742403,0.0,1.0,tiingo_historical_seed,
2024-07-09,BND,72.37,72.415,72.21,72.37,67.2316061891,67.2734111121,67.0829664629,67.2316061891,8533930,8533930,0.0,1.0,tiingo_historical_seed,
2024-07-10,BND,72.42,72.4699,72.32,72.43,67.2780561036,67.3244131182,67.1851562747,67.2873460865,5591598,5591598,0.0,1.0,tiingo_historical_seed,
2024-07-11,BND,72.83,72.9375,72.77,72.79,67.6589454022,67.7588127182,67.6032055048,67.6217854706,4980017,4980017,0.0,1.0,tiingo_historical_seed,
2024-07-12,BND,72.85,72.98,72.8,72.98,67.6775253679,67.7982951455,67.6310754535,67.7982951455,4656917,4656917,0.0,1.0,tiingo_historical_seed,
2024-07-15,BND,72.81,72.91,72.73,72.75,67.6403654364,67.7332652653,67.5660455732,67.584625539,4557193,4557193,0.0,1.0,tiingo_historical_seed,
2024-07-16,BND,72.82,73.04,72.81,73.03,67.6496554193,67.8540350429,67.6403654364,67.84474506,4636607,4636607,0.0,1.0,tiingo_historical_seed,
2024-07-17,BND,72.94,73.14,72.89,73.1,67.761135214,67.9469348718,67.7146852995,67.9097749402,8365098,8365098,0.0,1.0,tiingo_historical_seed,
2024-07-18,BND,72.98,73.105,72.87,72.91,67.7982951455,67.9144199317,67.6961053337,67.7332652653,7673696,7673696,0.0,1.0,tiingo_historical_seed,
2024-07-19,BND,72.99,72.99,72.7,72.72,67.8075851284,67.8075851284,67.5381756246,67.5567555903,5593079,5593079,0.0,1.0,tiingo_historical_seed,
2024-07-22,BND,72.83,72.85,72.6,72.69,67.6589454022,67.6775253679,67.4452757956,67.5288856417,5055740,5055740,0.0,1.0,tiingo_historical_seed,
2024-07-23,BND,72.7304,72.835,72.69,72.7,67.5664171726,67.6635903936,67.5288856417,67.5381756246,6981838,6981838,0.0,1.0,tiingo_historical_seed,
2024-07-24,BND,72.79,72.84,72.49,72.49,67.6217854706,67.668235385,67.3430859838,67.3430859838,5080209,5080209,0.0,1.0,tiingo_historical_seed,
2024-07-25,BND,72.57,72.81,72.57,72.65,67.417405847,67.6403654364,67.417405847,67.4917257101,4567668,4567668,0.0,1.0,tiingo_historical_seed,
2024-07-26,BND,72.89,72.96,72.84,72.94,67.7146852995,67.7797151798,67.668235385,67.761135214,3692765,3692765,0.0,1.0,tiingo_historical_seed,
2024-07-29,BND,73.05,73.14,72.96,73.03,67.8633250258,67.9469348718,67.7797151798,67.84474506,5184998,5184998,0.0,1.0,tiingo_historical_seed,
2024-07-30,BND,73.14,73.1699,72.965,73.12,67.9469348718,67.9747119207,67.7843601712,67.928354906,4282517,4282517,0.0,1.0,tiingo_historical_seed,
2024-07-31,BND,73.38,73.52,73.19,73.52,68.1698944612,68.2999542217,67.9933847863,68.2999542217,6041361,6041361,0.0,1.0,tiingo_historical_seed,
2024-08-01,BND,73.5,73.6773,73.44,73.57,68.4891874166,68.6544001095,68.4332778758,68.5544152141,8733738,8733738,0.223909,1.0,tiingo_historical_seed,
2024-08-02,BND,74.13,74.438,74.0,74.41,69.0762375944,69.3632399036,68.9551002561,69.3371487846,6476348,6476348,0.0,1.0,tiingo_historical_seed,
2024-08-05,BND,74.79,74.8,74.19,74.34,69.6912425426,69.7005607994,69.1321471352,69.271920987,8354219,8354219,0.0,1.0,tiingo_historical_seed,
2024-08-06,BND,74.26,74.28,73.88,73.88,69.1973749327,69.2160114463,68.8432811746,68.8432811746,6484392,6484392,0.0,1.0,tiingo_historical_seed,
2024-08-07,BND,73.81,73.88,73.59,73.7,68.7780533771,68.8432811746,68.5730517277,68.6755525524,5907301,5907301,0.0,1.0,tiingo_historical_seed,
2024-08-08,BND,73.5,73.63,73.475,73.59,68.4891874166,68.6103247548,68.4658917746,68.5730517277,4357510,4357510,0.0,1.0,tiingo_historical_seed,
2024-08-09,BND,73.9,73.9399,73.81,73.85,68.8619176882,68.8990975328,68.7780533771,68.8153264043,6093118,6093118,0.0,1.0,tiingo_historical_seed,
2024-08-12,BND,73.81,74.0199,73.7403,73.98,68.7780533771,68.9736435871,68.7131051273,68.9364637425,4823063,4823063,0.0,1.0,tiingo_historical_seed,
2024-08-13,BND,74.19,74.27,74.14,74.26,69.1321471352,69.2066931895,69.0855558512,69.1973749327,4049064,4049064,0.0,1.0,tiingo_historical_seed,
2024-08-14,BND,74.31,74.48,74.26,74.4,69.2439662167,69.4023765821,69.1973749327,69.3278305278,6333773,6333773,0.0,1.0,tiingo_historical_seed,
2024-08-15,BND,73.96,74.09,73.91,74.09,68.917827229,69.0389645672,68.871235945,69.0389645672,5108279,5108279,0.0,1.0,tiingo_historical_seed,
2024-08-16,BND,74.22,74.25,74.0501,74.25,69.1601019055,69.1880566759,69.0017847227,69.1880566759,4647786,4647786,0.0,1.0,tiingo_historical_seed,
2024-08-19,BND,74.24,74.42,74.21,74.34,69.1787384191,69.3464670414,69.1507836487,69.271920987,4964699,4964699,0.0,1.0,tiingo_historical_seed,
2024-08-20,BND,74.49,74.58,74.41,74.56,69.4116948389,69.49555915,69.3371487846,69.4769226364,4444077,4444077,0.0,1.0,tiingo_historical_seed,
2024-08-21,BND,74.65,74.8399,74.5,74.72,69.5607869476,69.737740644,69.4210130957,69.6260147451,4541802,4541802,0.0,1.0,tiingo_historical_seed,
2024-08-22,BND,74.56,74.5797,74.33,74.42,69.4769226364,69.4952796023,69.2626027302,69.3464670414,3999715,3999715,0.0,1.0,tiingo_historical_seed,
2024-08-23,BND,74.58,74.78,74.48,74.75,69.49555915,69.6819242859,69.4023765821,69.6539695155,4291978,4291978,0.0,1.0,tiingo_historical_seed,
2024-08-26,BND,74.845,74.85,74.665,74.67,69.742492955,69.7471520834,69.5747643328,69.5794234611,4427211,4427211,0.0,1.0,tiingo_historical_seed,
2024-08-27,BND,74.51,74.7,74.49,74.67,69.4303313525,69.6073782315,69.4116948389,69.5794234611,3715873,3715873,0.0,1.0,tiingo_historical_seed,
2024-08-28,BND,74.67,74.73,74.6,74.62,69.5794234611,69.6353330019,69.5141956636,69.5328321772,5180149,5180149,0.0,1.0,tiingo_historical_seed,
2024-08-29,BND,74.51,74.56,74.4168,74.51,69.4303313525,69.4769226364,69.3434851992,69.4303313525,3840845,3840845,0.0,1.0,tiingo_historical_seed,
2024-08-30,BND,74.55,74.635,74.32,74.36,69.4676043797,69.5468095624,69.2532844735,69.2905575006,5037509,5037509,0.0,1.0,tiingo_historical_seed,
2024-09-03,BND,74.41,74.56,74.3344,74.45,69.5471793436,69.6873765873,69.4765199328,69.5845652752,6220122,6220122,0.225518,1.0,tiingo_historical_seed,
2024-09-04,BND,74.49,74.81,74.47,74.78,69.6219512069,69.9210386601,69.6032582411,69.8929992113,7337854,7337854,0.0,1.0,tiingo_historical_seed,
2024-09-05,BND,74.93,74.99,74.73,74.96,70.033196455,70.0892753525,69.8462667968,70.0612359037,9994338,9994338,0.0,1.0,tiingo_historical_seed,
2024-09-06,BND,75.0,75.365,74.87,75.05,70.0986218354,70.4397684616,69.9771175575,70.1453542499,22536011,22536011,0.0,1.0,tiingo_historical_seed,
2024-09-09,BND,75.03,75.21,74.94,75.15,70.1266612841,70.2948979765,70.0425429379,70.238819079,5040891,5040891,0.0,1.0,tiingo_historical_seed,
2024-09-10,BND,75.18,75.42,75.1444,75.4,70.2668585278,70.4911741177,70.2335850486,70.4724811518,5653910,5653910,0.0,1.0,tiingo_historical_seed,
2024-09-11,BND,75.28,75.51,75.2339,75.36,70.3603233569,70.5752924639,70.3172360707,70.4350952202,6470950,6470950,0.0,1.0,tiingo_historical_seed,
2024-09-12,BND,75.33,75.3899,75.19,75.28,70.4070557714,70.4630412041,70.2762050107,70.3603233569,5685918,5685918,0.0,1.0,tiingo_historical_seed,
2024-09-13,BND,75.46,75.52,75.355,75.44,70.5285600493,70.5846389468,70.4304219787,70.5098670835,4786683,4786683,0.0,1.0,tiingo_historical_seed,
2024-09-16,BND,75.5,75.67,75.44,75.64,70.5659459809,70.7248361904,70.5098670835,70.6967967417,4734885,4734885,0.0,1.0,tiingo_historical_seed,
2024-09-17,BND,75.64,75.66,75.5,75.54,70.6967967417,70.7154897075,70.5659459809,70.6033319126,5398434,5398434,0.0,1.0,tiingo_historical_seed,
2024-09-18,BND,75.42,75.67,75.3,75.31,70.4911741177,70.7248361904,70.3790163227,70.3883628056,5695667,5695667,0.0,1.0,tiingo_historical_seed,
2024-09-19,BND,75.22,75.35,75.1701,75.31,70.3042444594,70.4257487373,70.2576055097,70.3883628056,5135570,5135570,0.0,1.0,tiingo_historical_seed,
2024-09-20,BND,75.22,75.39,75.14,75.3,70.3042444594,70.4631346689,70.2294725961,70.3790163227,4265057,4265057,0.0,1.0,tiingo_historical_seed,
2024-09-23,BND,75.18,75.3558,75.045,75.25,70.2668585278,70.4311696974,70.1406810085,70.3322839082,6632527,6632527,0.0,1.0,tiingo_historical_seed,
2024-09-24,BND,75.12,75.3699,75.065,75.34,70.2107796303,70.4443482383,70.1593739743,70.4164022544,5018084,5018084,0.0,1.0,tiingo_historical_seed,
2024-09-25,BND,75.23,75.23,75.06,75.06,70.3135909423,70.3135909423,70.1547007328,70.1547007328,4793082,4793082,0.0,1.0,tiingo_historical_seed,
2024-09-26,BND,75.14,75.1688,74.9245,75.06,70.2294725961,70.2563904669,70.0280558894,70.1547007328,4919731,4919731,0.0,1.0,tiingo_historical_seed,
2024-09-27,BND,75.23,75.33,75.1536,75.28,70.3135909423,70.4070557714,70.2421838129,70.3603233569,3927955,3927955,0.0,1.0,tiingo_historical_seed,
2024-09-30,BND,75.25,75.26,75.03,75.11,70.3322839082,70.3416303911,70.1266612841,70.2014331474,5662767,5662767,0.0,1.0,tiingo_historical_seed,
2024-10-01,BND,75.13,75.26,75.05,75.11,70.4264625922,70.5483239011,70.3514710175,70.4077146985,6267056,6267056,0.220705,1.0,tiingo_historical_seed,
2024-10-02,BND,74.85,74.9999,74.77,74.97,70.1639920807,70.3045075438,70.089000506,70.2764794428,6902546,6902546,0.0,1.0,tiingo_historical_seed,
2024-10-03,BND,74.83,74.85,74.64,74.64,70.145244187,70.1639920807,69.9671391971,69.9671391971,7733860,7733860,0.0,1.0,tiingo_historical_seed,
2024-10-04,BND,74.165,74.295,74.11,74.15,69.5218767223,69.6437380312,69.4703200147,69.5078158021,5227485,5227485,0.0,1.0,tiingo_historical_seed,
2024-10-07,BND,73.94,74.0176,73.89,73.93,69.3109629185,69.3837047459,69.2640931843,69.3015889716,7044161,7044161,0.0,1.0,tiingo_historical_seed,
2024-10-08,BND,73.88,74.04,73.82,74.04,69.2547192374,69.4047023869,69.1984755564,69.4047023869,8642430,8642430,0.0,1.0,tiingo_historical_seed,
2024-10-09,BND,73.94,73.94,73.8,73.84,69.3109629185,69.3109629185,69.1797276627,69.2172234501,4997940,4997940,0.0,1.0,tiingo_historical_seed,
2024-10-10,BND,73.785,73.85,73.6245,73.81,69.1656667425,69.2265973969,69.0152148957,69.1891016096,4579208,4579208,0.0,1.0,tiingo_historical_seed,
2024-10-11,BND,73.83,73.92,73.73,73.82,69.2078495033,69.2922150248,69.1141100349,69.1984755564,8508061,8508061,0.0,1.0,tiingo_historical_seed,
2024-10-14,BND,73.6,73.77,73.58,73.77,68.992248726,69.1516058222,68.9735008323,69.1516058222,3380218,3380218,0.0,1.0,tiingo_historical_seed,
2024-10-15,BND,73.99,74.09,73.85,74.06,69.3578326527,69.451572121,69.2265973969,69.4234502805,4456218,4456218,0.0,1.0,tiingo_historical_seed,
2024-10-16,BND,74.14,74.235,74.11,74.16,69.4984418552,69.5874943502,69.4703200147,69.5171897489,7437810,7437810,0.0,1.0,tiingo_historical_seed,
2024-10-17,BND,73.99,73.99,73.76,73.8,69.3578326527,69.3578326527,69.1422318754,69.1797276627,4250518,4250518,0.0,1.0,tiingo_historical_seed,
2024-10-18,BND,73.9,73.9777,73.84,73.84,69.2734671311,69.3463026981,69.2172234501,69.2172234501,3930269,3930269,0.0,1.0,tiingo_historical_seed,
2024-10-21,BND,73.65,73.65,73.32,73.34,69.0391184602,69.0391184602,68.7297782145,68.7485261082,5259909,5259909,0.0,1.0,tiingo_historical_seed,
2024-10-22,BND,73.45,73.49,73.28,73.37,68.8516395234,68.8891353108,68.6922824272,68.7766479487,4632962,4632962,0.0,1.0,tiingo_historical_seed,
2024-10-23,BND,73.36,73.3689,73.085,73.19,68.7672740019,68.7756168146,68.5094904638,68.6079169056,6429430,6429430,0.0,1.0,tiingo_historical_seed,
2024-10-24,BND,73.28,73.44,73.1701,73.31,68.6922824272,68.8422655766,68.5892627514,68.7204042677,6219581,6219581,0.0,1.0,tiingo_historical_seed,
2024-10-25,BND,73.48,73.48,73.13,73.16,68.8797613639,68.8797613639,68.5516732246,68.5797950651,4641724,4641724,0.0,1.0,tiingo_historical_seed,
2024-10-28,BND,73.235,73.28,72.95,73.07,68.6500996664,68.6922824272,68.3829421815,68.4954295436,4582810,4582810,0.0,1.0,tiingo_historical_seed,
2024-10-29,BND,72.9,73.14,72.79,73.13,68.3360724473,68.5610471715,68.2329590321,68.5516732246,5544148,5544148,0.0,1.0,tiingo_historical_seed,
2024-10-30,BND,73.27,73.43,73.0244,73.06,68.6829084803,68.8328916297,68.452684346,68.4860555968,4610487,4610487,0.0,1.0,tiingo_historical_seed,
2024-10-31,BND,72.95,73.159,72.83,73.05,68.3829421815,68.5788576704,68.2704548195,68.4766816499,6115916,6115916,0.0,1.0,tiingo_historical_seed,
2024-11-01,BND,73.035,73.08,72.51,72.54,68.6774568865,68.7197720171,68.1837803634,68.2119904504,6409880,6409880,0.227631,1.0,tiingo_historical_seed,
2024-11-04,BND,72.82,73.01,72.7001,72.83,68.4752845961,68.6539484807,68.3625382816,68.4846879585,6860229,6860229,0.0,1.0,tiingo_historical_seed,
2024-11-05,BND,72.6,73.03,72.6,73.01,68.2684106245,68.6727552054,68.2684106245,68.6539484807,6236861,6236861,0.0,1.0,tiingo_historical_seed,
2024-11-06,BND,72.26,72.5899,72.2303,72.41,67.9486963048,68.2589132286,67.9207683186,68.08974674,6382489,6382489,0.0,1.0,tiingo_historical_seed,
2024-11-07,BND,72.5,73.025,72.5,72.95,68.1743770011,68.6680535242,68.1743770011,68.5975283066,6590178,6590178,0.0,1.0,tiingo_historical_seed,
2024-11-08,BND,72.96,73.24,72.96,73.09,68.6069316689,68.8702258146,68.6069316689,68.7291753794,5398497,5398497,0.0,1.0,tiingo_historical_seed,
2024-11-11,BND,73.0,73.0,72.85,72.95,68.6445451183,68.6445451183,68.5034946831,68.5975283066,4371984,4371984,0.0,1.0,tiingo_historical_seed,
2024-11-12,BND,72.74,72.82,72.4643,72.51,68.4000576973,68.4752845961,68.1408069975,68.1837803634,7197886,7197886,0.0,1.0,tiingo_historical_seed,
2024-11-13,BND,72.92,72.92,72.4137,72.48,68.5693182196,68.5693182196,68.093225984,68.1555702764,5458123,5458123,0.0,1.0,tiingo_historical_seed,
2024-11-14,BND,72.6,72.72,72.41,72.46,68.2684106245,68.3812509727,68.08974674,68.1367635517,6643295,6643295,0.0,1.0,tiingo_historical_seed,
2024-11-15,BND,72.34,72.66,72.2,72.48,68.0239232035,68.3248307986,67.8922761307,68.1555702764,18467423,18467423,0.0,1.0,tiingo_historical_seed,
2024-11-18,BND,72.4,72.61,72.3347,72.55,68.0803433776,68.2778139869,68.0189394215,68.2213938128,4965080,4965080,0.0,1.0,tiingo_historical_seed,
2024-11-19,BND,72.76,72.78,72.66,72.68,68.418864422,68.4376711467,68.3248307986,68.3436375233,4900748,4900748,0.0,1.0,tiingo_historical_seed,
2024-11-20,BND,72.51,72.695,72.5019,72.6,68.1837803634,68.3577425668,68.1761636399,68.2684106245,6557788,6557788,0.0,1.0,tiingo_historical_seed,
2024-11-21,BND,72.595,72.74,72.5,72.56,68.2637089433,68.4000576973,68.1743770011,68.2307971751,5115656,5115656,0.0,1.0,tiingo_historical_seed,
2024-11-22,BND,72.62,72.67,72.52,72.59,68.2872173492,68.3342341609,68.1931837258,68.2590072622,10409497,10409497,0.0,1.0,tiingo_historical_seed,
2024-11-25,BND,73.01,73.2654,73.01,73.26,68.6539484807,68.894110355,68.6539484807,68.8890325393,10207082,10207082,0.0,1.0,tiingo_historical_seed,
2024-11-26,BND,73.18,73.18,72.945,73.13,68.8138056405,68.8138056405,68.5928266254,68.7667888288,5538283,5538283,0.0,1.0,tiingo_historical_seed,
2024-11-27,BND,73.21,73.42,73.21,73.33,68.8420157276,69.0394863368,68.8420157276,68.9548560757,5366871,5366871,0.0,1.0,tiingo_historical_seed,
2024-11-29,BND,73.5,73.63,73.5,73.6,69.1147132356,69.2369569461,69.1147132356,69.208746859,3870808,3870808,0.0,1.0,tiingo_historical_seed,
2024-12-02,BND,73.29,73.48,73.17,73.42,69.1264987291,69.3057050977,69.0133157594,69.2491136129,6213033,6213033,0.222928,1.0,tiingo_historical_seed,
2024-12-03,BND,73.53,73.55,73.2,73.25,69.3528646684,69.3717284967,69.0416115018,69.0887710725,6249233,6249233,0.0,1.0,tiingo_historical_seed,
2024-12-04,BND,73.2,73.55,73.09,73.5,69.0416115018,69.3717284967,68.9378604463,69.324568926,6769697,6769697,0.0,1.0,tiingo_historical_seed,
2024-12-05,BND,73.38,73.56,73.3503,73.51,69.2113859563,69.3811604108,69.1833731713,69.3340008401,6146443,6146443,0.0,1.0,tiingo_historical_seed,
2024-12-06,BND,73.73,73.7902,73.57,73.71,69.5415029512,69.5982830743,69.390592325,69.5226391229,4880791,4880791,0.0,1.0,tiingo_historical_seed,
2024-12-09,BND,73.65,73.65,73.47,73.49,69.4660476381,69.4660476381,69.2962731836,69.3151370119,5432983,5432983,0.0,1.0,tiingo_historical_seed,
2024-12-10,BND,73.38,73.4699,73.3246,73.41,69.2113859563,69.2961788644,69.159133152,69.2396816988,5751914,5751914,0.0,1.0,tiingo_historical_seed,
2024-12-11,BND,73.59,73.5913,73.2242,73.25,69.4094561533,69.4106823021,69.064436734,69.0887710725,4642930,4642930,0.0,1.0,tiingo_historical_seed,
2024-12-12,BND,73.01,73.21,72.9301,72.96,68.8624051332,69.051043416,68.7870441392,68.8152455625,6880556,6880556,0.0,1.0,tiingo_historical_seed,
2024-12-13,BND,72.91,72.91,72.64,72.67,68.7680859918,68.7680859918,68.51342431,68.5417200524,5171363,5171363,0.0,1.0,tiingo_historical_seed,
2024-12-16,BND,72.75,72.889,72.65,72.75,68.6171753655,68.7482789721,68.5228562241,68.6171753655,7871304,7871304,0.0,1.0,tiingo_historical_seed,
2024-12-17,BND,72.74,72.84,72.71,72.76,68.6077434514,68.7020625928,68.579447709,68.6266072797,6084864,6084864,0.0,1.0,tiingo_historical_seed,
2024-12-18,BND,72.76,72.82,72.18,72.19,68.6266072797,68.6831987645,68.0795562596,68.0889881737,7962662,7962662,0.0,1.0,tiingo_historical_seed,
2024-12-19,BND,72.04,72.12,71.88,71.99,67.9475094616,68.0229647747,67.7965988354,67.9003498909,7672820,7672820,0.0,1.0,tiingo_historical_seed,
2024-12-20,BND,72.3,72.405,72.19,72.21,68.1927392293,68.2917743277,68.0889881737,68.107852002,6696387,6696387,0.0,1.0,tiingo_historical_seed,
2024-12-23,BND,72.13,72.21,71.943506,71.98,68.0323966889,68.107852002,67.8564971493,67.8909179768,7605461,7605461,0.0,1.0,tiingo_historical_seed,
2024-12-24,BND,71.6501,71.85,71.62,71.85,67.7992668402,67.9884232188,67.7707845641,67.9884232188,4185260,4185260,0.233378,1.0,tiingo_historical_seed,
2024-12-26,BND,71.63,71.92,71.63,71.9,67.7802471143,68.0546610702,67.7802471143,68.0357359698,8714524,8714524,0.0,1.0,tiingo_historical_seed,
2024-12-27,BND,71.89,71.929,71.74,71.75,68.0262734196,68.0631773654,67.8843351665,67.8937977167,9019079,9019079,0.0,1.0,tiingo_historical_seed,
2024-12-30,BND,71.9,72.0799,71.9,72.03,68.0357359698,68.205967248,68.0357359698,68.1587491225,8054495,8054495,0.0,1.0,tiingo_historical_seed,
2024-12-31,BND,72.09,72.17,71.875,71.91,68.2155244237,68.2912248253,68.0120795943,68.04519852,8724265,8724265,0.0,1.0,tiingo_historical_seed,
2025-01-02,BND,72.19,72.19,71.85,71.94,68.3101499257,68.3101499257,67.9884232188,68.0735861706,8055702,8055702,0.0,1.0,tiingo_historical_seed,
2025-01-03,BND,71.97,72.063,71.83,71.85,68.1019738212,68.1899755381,67.9694981184,67.9884232188,6857104,6857104,0.0,1.0,tiingo_historical_seed,
2025-01-06,BND,71.78,71.88,71.7,71.78,67.9221853674,68.0168108694,67.8464849657,67.9221853674,5375718,5375718,0.0,1.0,tiingo_historical_seed,
2025-01-07,BND,71.725,71.765,71.44,71.53,67.8701413412,67.907991542,67.6004586604,67.6856216122,7875935,7875935,0.0,1.0,tiingo_historical_seed,
2025-01-08,BND,71.48,71.6599,71.4499,71.61,67.6383088612,67.8085401394,67.6098265851,67.7613220139,5844375,5844375,0.0,1.0,tiingo_historical_seed,
2025-01-10,BND,71.74,71.74,71.18,71.24,67.8843351665,67.8843351665,67.3544323551,67.4112076563,9602447,9602447,0.0,1.0,tiingo_historical_seed,
2025-01-13,BND,71.24,71.25,71.1023,71.17,67.4112076563,67.4206702065,67.28090834,67.3449698049,11856578,11856578,0.0,1.0,tiingo_historical_seed,
2025-01-14,BND,71.15,71.2452,71.11,71.22,67.3260447045,67.4161281824,67.2881945037,67.3922825559,5165979,5165979,0.0,1.0,tiingo_historical_seed,
2025-01-15,BND,71.6,71.875,71.6,71.79,67.7518594637,68.0120795943,67.7518594637,67.9316479176,5867884,5867884,0.0,1.0,tiingo_historical_seed,
2025-01-16,BND,71.7,72.03,71.64,71.93,67.8464849657,68.1587491225,67.7897096645,68.0641236204,8494105,8494105,0.0,1.0,tiingo_historical_seed,
2025-01-17,BND,72.1,72.1,71.91,71.95,68.2249869739,68.2249869739,68.04519852,68.0830487208,5600397,5600397,0.0,1.0,tiingo_historical_seed,
2025-01-21,BND,72.21,72.21,72.0725,72.16,68.3290750261,68.3290750261,68.1989649608,68.2817622751,8491622,8491622,0.0,1.0,tiingo_historical_seed,
2025-01-22,BND,72.15,72.2,71.97,72.01,68.2722997249,68.3196124759,68.1019738212,68.1398240221,6616809,6616809,0.0,1.0,tiingo_historical_seed,
2025-01-23,BND,72.0,72.0,71.8,71.9,68.1303614718,68.1303614718,67.9411104678,68.0357359698,7529793,7529793,0.0,1.0,tiingo_historical_seed,
2025-01-24,BND,72.0,72.0943,71.8696,72.04,68.1303614718,68.2195933203,68.0069698172,68.1682116727,5555722,5555722,0.0,1.0,tiingo_historical_seed,
2025-01-27,BND,72.34,72.44,72.26,72.42,68.4520881788,68.5467136808,68.3763877772,68.5277885804,8621175,8621175,0.0,1.0,tiingo_historical_seed,
2025-01-28,BND,72.39,72.39,72.21,72.38,68.4994009298,68.4994009298,68.3290750261,68.4899383796,4424518,4424518,0.0,1.0,tiingo_historical_seed,
2025-01-29,BND,72.43,72.49,72.17,72.34,68.5372511306,68.5940264319,68.2912248253,68.4520881788,5780349,5780349,0.0,1.0,tiingo_historical_seed,
2025-01-30,BND,72.46,72.53,72.38,72.44,68.5656387813,68.6318766327,68.4899383796,68.5467136808,5622434,5622434,0.0,1.0,tiingo_historical_seed,
2025-01-31,BND,72.48,72.54,72.2,72.34,68.5845638817,68.6413391829,68.3196124759,68.4520881788,6738335,6738335,0.0,1.0,tiingo_historical_seed,
2025-02-03,BND,72.23,72.425,72.0616,72.17,68.5703645727,68.7554846211,68.4104967977,68.5134045579,7163803,7163803,0.234799,1.0,tiingo_historical_seed,
2025-02-04,BND,72.04,72.29,71.9701,72.27,68.3899911923,68.6273245876,68.323632775,68.608337916,7296233,7296233,0.0,1.0,tiingo_historical_seed,
2025-02-05,BND,72.52,72.76,72.5,72.64,68.8456713113,69.0735113708,68.8266846397,68.959591341,8981687,8981687,0.0,1.0,tiingo_historical_seed,
2025-02-06,BND,72.56,72.65,72.48,72.56,68.8836446546,68.9690846769,68.8076979681,68.8836446546,5722073,5722073,0.0,1.0,tiingo_historical_seed,
2025-02-07,BND,72.39,72.44,72.2743,72.34,68.7222579457,68.7697246248,68.6124200504,68.6747912667,6415636,6415636,0.0,1.0,tiingo_historical_seed,
2025-02-10,BND,72.45,72.51,72.32,72.36,68.7792179606,68.8361779755,68.6558045951,68.6937779383,5439533,5439533,0.0,1.0,tiingo_historical_seed,
2025-02-11,BND,72.31,72.31,72.18,72.24,68.6463112592,68.6463112592,68.5228978937,68.5798579086,6871183,6871183,0.0,1.0,tiingo_historical_seed,
2025-02-12,BND,71.925,71.99,71.75,71.87,68.2808178305,68.3425245132,68.1146844537,68.2286044835,5279616,5279616,0.0,1.0,tiingo_historical_seed,
2025-02-13,BND,72.16,72.37,72.07,72.3,68.5039112221,68.7032712741,68.4184711997,68.6368179234,6452940,6452940,0.0,1.0,tiingo_historical_seed,
2025-02-14,BND,72.46,72.68,72.46,72.53,68.7887112964,68.9975646843,68.7887112964,68.8551646471,6131695,6131695,0.0,1.0,tiingo_historical_seed,
2025-02-18,BND,72.345,72.45,72.25,72.26,68.6795379346,68.7792179606,68.5893512444,68.5988445802,7151704,7151704,0.0,1.0,tiingo_historical_seed,
2025-02-19,BND,72.285,72.39,72.2149,72.36,68.6225779197,68.7222579457,68.5560296357,68.6937779383,4720798,4720798,0.0,1.0,tiingo_historical_seed,
2025-02-20,BND,72.46,72.5,72.42,72.45,68.7887112964,68.8266846397,68.7507379532,68.7792179606,6199049,6199049,0.0,1.0,tiingo_historical_seed,
2025-02-21,BND,72.535,72.86,72.53,72.765,68.859911315,69.1684447289,68.8551646471,69.0782580387,4460631,4460631,0.0,1.0,tiingo_historical_seed,
2025-02-24,BND,72.7,72.92,72.69,72.87,69.0165513559,69.2254047438,69.0070580201,69.1779380647,5580117,5580117,0.0,1.0,tiingo_historical_seed,
2025-02-25,BND,73.11,73.33,73.05,73.33,69.4057781242,69.6146315121,69.3488181094,69.6146315121,4835591,4835591,0.0,1.0,tiingo_historical_seed,
2025-02-26,BND,73.31,73.48,73.2133,73.44,69.5956448405,69.7570315493,69.5038442832,69.719058206,5825665,5825665,0.0,1.0,tiingo_historical_seed,
2025-02-27,BND,73.305,73.415,73.22,73.35,69.5908981726,69.6953248665,69.5102048182,69.6336181837,14908532,14908532,0.0,1.0,tiingo_historical_seed,
2025-02-28,BND,73.52,73.685,73.405,73.66,69.7950048925,69.9516449334,69.6858315307,69.9279115939,8363466,8363466,0.0,1.0,tiingo_historical_seed,
2025-03-03,BND,73.25,73.6299,73.22,73.61,69.7460066538,70.1077337245,69.7174417364,70.0887856626,7549672,7549672,0.21946,1.0,tiingo_historical_seed,
2025-03-04,BND,73.61,73.75,73.3232,73.4,70.0887856626,70.2220886105,69.8157050522,69.8888312408,7693140,7693140,0.0,1.0,tiingo_historical_seed,
2025-03-05,BND,73.3,73.515,73.13,73.14,69.7936148494,69.9983300908,69.6317469842,69.6412686233,7758398,7758398,0.0,1.0,tiingo_historical_seed,
2025-03-06,BND,73.105,73.2,72.9001,73.08,69.6079428863,69.6983984581,69.4128445005,69.5841387885,7196421,7196421,0.0,1.0,tiingo_historical_seed,
2025-03-07,BND,73.33,73.37,72.95,73.0,69.8221797668,69.8602663234,69.4603574798,69.5079656754,5036333,5036333,0.0,1.0,tiingo_historical_seed,
2025-03-10,BND,73.3,73.47,73.27,73.34,69.7936148494,69.9554827147,69.765049932,69.831701406,8157291,8157291,0.0,1.0,tiingo_historical_seed,
2025-03-11,BND,73.2,73.425,73.04,73.06,69.6983984581,69.9126353386,69.546052232,69.5650955102,8359398,8359398,0.0,1.0,tiingo_historical_seed,
2025-03-12,BND,72.91,73.0556,72.89,72.91,69.4222709232,69.560905989,69.403227645,69.4222709232,6192986,6192986,0.0,1.0,tiingo_historical_seed,
2025-03-13,BND,72.915,73.15,72.765,73.13,69.4270317428,69.6507902624,69.2842071558,69.6317469842,4711554,4711554,0.0,1.0,tiingo_historical_seed,
2025-03-14,BND,73.02,73.07,72.945,72.95,69.5270089537,69.5746171494,69.4555966602,69.4603574798,5095057,5095057,0.0,1.0,tiingo_historical_seed,
2025-03-17,BND,73.13,73.24,73.012,73.05,69.6317469842,69.7364850146,69.5193916424,69.5555738711,4773287,4773287,0.0,1.0,tiingo_historical_seed,
2025-03-18,BND,72.98,73.22,72.97,73.13,69.4889223972,69.7174417364,69.479400758,69.6317469842,4196326,4196326,0.0,1.0,tiingo_historical_seed,
2025-03-19,BND,73.07,73.38,73.0,73.35,69.5746171494,69.8697879625,69.5079656754,69.8412230451,4201613,4201613,0.0,1.0,tiingo_historical_seed,
2025-03-20,BND,73.65,73.665,73.354,73.38,70.1268722191,70.1411546778,69.8450317008,69.8697879625,3760920,3760920,0.0,1.0,tiingo_historical_seed,
2025-03-21,BND,73.445,73.515,73.3,73.32,69.9316786169,69.9983300908,69.7936148494,69.8126581277,7078526,7078526,0.0,1.0,tiingo_historical_seed,
2025-03-24,BND,73.19,73.22,72.98,73.0,69.688876819,69.7174417364,69.4889223972,69.5079656754,5637341,5637341,0.0,1.0,tiingo_historical_seed,
2025-03-25,BND,73.0,73.1699,72.99,73.09,69.5079656754,69.6697383243,69.4984440363,69.5936604276,6133739,6133739,0.0,1.0,tiingo_historical_seed,
2025-03-26,BND,73.02,73.0591,72.89,72.93,69.5270089537,69.5642385627,69.403227645,69.4413142015,4881976,4881976,0.0,1.0,tiingo_historical_seed,
2025-03-27,BND,72.88,72.92,72.82,72.9,69.3937060058,69.4317925624,69.336576171,69.4127492841,5568322,5568322,0.0,1.0,tiingo_historical_seed,
2025-03-28,BND,73.16,73.35,73.07,73.32,69.6603119016,69.8412230451,69.5746171494,69.8126581277,4850495,4850495,0.0,1.0,tiingo_historical_seed,
2025-03-31,BND,73.5,73.56,73.27,73.45,69.9840476321,70.0411774669,69.765049932,69.9364394364,7106111,7106111,0.0,1.0,tiingo_historical_seed,
2025-04-01,BND,73.22,73.5768,73.21,73.44,69.9456315558,70.2864756058,69.9360787517,70.1557932458,4667878,4667878,0.240374,1.0,tiingo_historical_seed,
2025-04-02,BND,73.61,73.6196,73.18,73.38,70.3181909154,70.3273616073,69.9074203395,70.0984764213,5313061,5313061,0.0,1.0,tiingo_historical_seed,
2025-04-03,BND,73.76,73.995,73.62,73.76,70.4614829767,70.6859738729,70.3277437195,70.4614829767,7426162,7426162,0.0,1.0,tiingo_historical_seed,
2025-04-04,BND,74.2,74.34,73.71,73.82,70.8818063568,71.015545614,70.4137189563,70.5187998013,12677993,12677993,0.0,1.0,tiingo_historical_seed,
2025-04-07,BND,73.65,73.69,72.85,72.93,70.3564021317,70.3946133481,69.5921778044,69.6686002372,14282990,14282990,0.0,1.0,tiingo_historical_seed,
2025-04-08,BND,72.92,73.05,72.4601,72.51,69.6590474331,69.7832338863,69.2197139729,69.2673824653,12629156,12629156,0.0,1.0,tiingo_historical_seed,
2025-04-09,BND,71.49,72.7,71.4804,72.68,68.292996448,69.4488857431,68.2838257561,69.4297801349,20862040,20862040,0.0,1.0,tiingo_historical_seed,
2025-04-10,BND,72.42,72.6099,72.06,72.1,69.1814072285,69.3628149782,68.8375062812,68.8757174976,8058517,8058517,0.0,1.0,tiingo_historical_seed,
2025-04-11,BND,71.69,72.15,71.41,72.02,68.4840525299,68.9234815181,68.2165740153,68.7992950649,7260413,7260413,0.0,1.0,tiingo_historical_seed,
2025-04-14,BND,72.225,72.525,72.2047,72.43,68.9951275487,69.2817116715,68.9757353564,69.1909600326,5409343,5409343,0.0,1.0,tiingo_historical_seed,
2025-04-15,BND,72.36,72.735,72.35,72.61,69.124090404,69.4823205574,69.1145375999,69.3629105063,5667509,5667509,0.0,1.0,tiingo_historical_seed,
2025-04-16,BND,72.66,72.85,72.5146,72.81,69.4106745267,69.5921778044,69.2717767552,69.5539665881,33963335,33963335,0.0,1.0,tiingo_historical_seed,
2025-04-17,BND,72.79,72.8299,72.6003,72.65,69.5348609799,69.5729766682,69.3536442863,69.4011217226,7613944,7613944,0.0,1.0,tiingo_historical_seed,
2025-04-21,BND,72.49,72.635,72.245,72.25,69.2482768572,69.3867925165,69.0142331569,69.019009559,6092946,6092946,0.0,1.0,tiingo_historical_seed,
2025-04-22,BND,72.49,72.5299,72.37,72.38,69.2482768572,69.2863925455,69.1336432081,69.1431960122,5408208,5408208,0.0,1.0,tiingo_historical_seed,
2025-04-23,BND,72.82,73.125,72.5,72.53,69.5635193922,69.854879917,69.2578296613,69.2864880735,5283133,5283133,0.0,1.0,tiingo_historical_seed,
2025-04-24,BND,72.8,72.95,72.7537,72.94,69.544413784,69.6877058454,69.500184301,69.6781530413,3751673,3751673,0.0,1.0,tiingo_historical_seed,
2025-04-25,BND,73.09,73.195,73.01,73.18,69.8214451026,69.9217495456,69.7450226699,69.9074203395,4021898,4021898,0.0,1.0,tiingo_historical_seed,
2025-04-28,BND,73.1,73.3885,73.09,73.36,69.8309979067,70.1065963048,69.8214451026,70.0793708131,4685563,4685563,0.0,1.0,tiingo_historical_seed,
2025-04-29,BND,73.29,73.56,73.28,73.55,70.0125011845,70.2704268949,70.0029483804,70.2608740908,3790701,3790701,0.0,1.0,tiingo_historical_seed,
2025-04-30,BND,73.5,73.575,73.3701,73.5,70.2131100704,70.2847561011,70.0890191452,70.2131100704,8020986,8020986,0.0,1.0,tiingo_historical_seed,
2025-05-01,BND,73.34,73.37,72.95,73.06,70.2869311637,70.3156822945,69.9131664629,70.0185872759,6295350,6295350,0.236371,1.0,tiingo_historical_seed,
2025-05-02,BND,72.71,72.85,72.605,72.7,69.6831574163,69.8173293602,69.5825284584,69.673573706,6960790,6960790,0.0,1.0,tiingo_historical_seed,
2025-05-05,BND,72.63,72.69,72.4825,72.6,69.6064877341,69.6639899957,69.4651280075,69.5777366033,7574983,7574983,0.0,1.0,tiingo_historical_seed,
2025-05-06,BND,72.56,72.77,72.5,72.76,69.5394017621,69.7406596779,69.4818995005,69.7310759677,6994010,6994010,0.0,1.0,tiingo_historical_seed,
2025-05-07,BND,72.8,72.967142,72.79,72.9,69.7694108088,69.9295948591,69.7598270985,69.8652479115,4358160,4358160,0.0,1.0,tiingo_historical_seed,
2025-05-08,BND,72.86,72.92,72.505,72.51,69.8269130704,69.8844153321,69.4866913556,69.4914832108,4283210,4283210,0.0,1.0,tiingo_historical_seed,
2025-05-09,BND,72.605,72.74,72.56,72.57,69.5825284584,69.7119085471,69.5394017621,69.5489854724,3730810,3730810,0.0,1.0,tiingo_historical_seed,
2025-05-12,BND,72.3,72.45,72.3,72.32,69.290225295,69.4339809491,69.290225295,69.3093927155,6983151,6983151,0.0,1.0,tiingo_historical_seed,
2025-05-13,BND,72.3,72.425,72.2,72.29,69.290225295,69.4100216734,69.1943881922,69.2806415847,5610253,5610253,0.0,1.0,tiingo_historical_seed,
2025-05-14,BND,72.24,72.2899,72.01,72.04,69.2327230333,69.2805457476,69.012297697,69.0410488278,6426742,6426742,0.0,1.0,tiingo_historical_seed,
2025-05-15,BND,72.25,72.45,72.17,72.43,69.2423067436,69.4339809491,69.1656370614,69.4148135286,5659031,5659031,0.0,1.0,tiingo_historical_seed,
2025-05-16,BND,72.62,72.675,72.45,72.48,69.5969040238,69.6496144303,69.4339809491,69.4627320799,5310023,5310023,0.0,1.0,tiingo_historical_seed,
2025-05-19,BND,72.17,72.48,72.0635,72.46,69.1656370614,69.4627320799,69.0635705469,69.4435646594,5787990,5787990,0.0,1.0,tiingo_historical_seed,
2025-05-20,BND,72.3,72.39,72.2,72.33,69.290225295,69.3764786875,69.1943881922,69.3189764258,5810255,5810255,0.0,1.0,tiingo_historical_seed,
2025-05-21,BND,72.15,72.2,71.8048,71.88,69.1464696408,69.1943881922,68.8156399621,68.8877094634,10880393,10880393,0.0,1.0,tiingo_historical_seed,
2025-05-22,BND,71.87,72.09,71.7625,72.08,68.8781257531,69.0889673792,68.7751008676,69.0793836689,7067214,7067214,0.0,1.0,tiingo_historical_seed,
2025-05-23,BND,72.27,72.29,72.09,72.19,69.2614741641,69.2806415847,69.0889673792,69.1848044819,4272707,4272707,0.0,1.0,tiingo_historical_seed,
2025-05-27,BND,72.37,72.6,72.32,72.53,69.3573112669,69.5777366033,69.3093927155,69.5106506313,6148892,6148892,0.0,1.0,tiingo_historical_seed,
2025-05-28,BND,72.41,72.46,72.29,72.37,69.395646108,69.4435646594,69.2806415847,69.3573112669,5214663,5214663,0.0,1.0,tiingo_historical_seed,
2025-05-29,BND,72.48,72.7,72.48,72.63,69.4627320799,69.673573706,69.4627320799,69.6064877341,4686425,4686425,0.0,1.0,tiingo_historical_seed,
2025-05-30,BND,72.63,72.78,72.54,72.77,69.6064877341,69.7502433882,69.5202343416,69.7406596779,5995815,5995815,0.0,1.0,tiingo_historical_seed,
2025-06-02,BND,72.35,72.53,72.24,72.37,69.5683911317,69.7414707502,69.4626202537,69.5876222004,6888040,6888040,0.240315,1.0,tiingo_historical_seed,
2025-06-03,BND,72.44,72.497,72.26,72.29,69.654930941,69.7097394868,69.4818513224,69.5106979255,7437016,7437016,0.0,1.0,tiingo_historical_seed,
2025-06-04,BND,72.535,72.81,72.51,72.74,69.7462785174,70.0107057125,69.7222396815,69.9433969719,8342999,8342999,0.0,1.0,tiingo_historical_seed,
2025-06-05,BND,72.76,72.83,72.58,72.6,69.9626280406,70.0299367812,69.7895484221,69.8087794908,6620778,6620778,0.0,1.0,tiingo_historical_seed,
2025-06-06,BND,72.37,72.49,72.19,72.205,69.5876222004,69.7030086128,69.4145425818,69.4289658834,14677575,14677575,0.0,1.0,tiingo_historical_seed,
2025-06-09,BND,72.2,72.39,72.2,72.32,69.4241581162,69.6068532691,69.4241581162,69.5395445286,10147554,10147554,0.0,1.0,tiingo_historical_seed,
2025-06-10,BND,72.51,72.5565,72.38,72.46,69.7222396815,69.7669519163,69.5972377348,69.6741620097,9256974,9256974,0.0,1.0,tiingo_historical_seed,
2025-06-11,BND,72.59,72.72,72.515,72.69,69.7991639564,69.9241659032,69.7270474487,69.8953193001,8034926,8034926,0.0,1.0,tiingo_historical_seed,
2025-06-12,BND,72.9,72.97,72.82,72.96,70.0972455218,70.1645542623,70.0203212468,70.1549387279,5950091,5950091,0.0,1.0,tiingo_historical_seed,
2025-06-13,BND,72.81,72.85,72.55,72.7,70.0107057125,70.0491678499,69.760701819,69.9049348345,5656548,5656548,0.0,1.0,tiingo_historical_seed,
2025-06-16,BND,72.65,72.79,72.55,72.56,69.8568571626,69.9914746437,69.760701819,69.7703173533,6415544,6415544,0.0,1.0,tiingo_historical_seed,
2025-06-17,BND,72.69,72.82,72.6046,72.79,69.8953193001,70.0203212468,69.8132026366,69.9914746437,5123442,5123442,0.0,1.0,tiingo_historical_seed,
2025-06-18,BND,72.87,73.02,72.76,72.83,70.0683989187,70.2126319341,69.9626280406,70.0299367812,5176972,5176972,0.0,1.0,tiingo_historical_seed,
2025-06-20,BND,72.705,72.96,72.6701,72.88,69.9097426016,70.1549387279,69.8761843867,70.078014453,5396818,5396818,0.0,1.0,tiingo_historical_seed,
2025-06-23,BND,73.05,73.2199,72.98,73.06,70.2414785372,70.4048464661,70.1741697967,70.2510940716,5391876,5391876,0.0,1.0,tiingo_historical_seed,
2025-06-24,BND,72.99,73.32,72.985,73.28,70.183785331,70.5010979651,70.1789775639,70.4626358276,8789764,8789764,0.0,1.0,tiingo_historical_seed,
2025-06-25,BND,73.19,73.31,73.1,73.3,70.3760960183,70.4914824307,70.2895562091,70.4818668964,5346377,5346377,0.0,1.0,tiingo_historical_seed,
2025-06-26,BND,73.37,73.52,73.3,73.51,70.5491756369,70.6934086524,70.4818668964,70.683793118,5373696,5373696,0.0,1.0,tiingo_historical_seed,
2025-06-27,BND,73.38,73.5499,73.32,73.34,70.5587911713,70.7221591001,70.5010979651,70.5203290338,6928663,6928663,0.0,1.0,tiingo_historical_seed,
2025-06-30,BND,73.51,73.6667,73.45,73.63,70.683793118,70.8344685415,70.6260999118,70.7991795304,6987010,6987010,0.0,1.0,tiingo_historical_seed,
2025-07-01,BND,73.39,73.45,73.23,73.34,70.7948597028,70.8527380457,70.6405174552,70.7466277504,6286664,6286664,0.235347,1.0,tiingo_historical_seed,
2025-07-02,BND,73.165,73.26,73.14,73.26,70.5778159171,70.6694566266,70.5536999409,70.6694566266,6342298,6342298,0.0,1.0,tiingo_historical_seed,
2025-07-03,BND,73.13,73.17,73.04,73.08,70.5440535504,70.5826391124,70.4572360362,70.4958215981,6428422,6428422,0.0,1.0,tiingo_historical_seed,
2025-07-07,BND,72.96,73.02,72.79,72.84,70.3800649124,70.4379432552,70.2160762743,70.2643082266,8191017,8191017,0.0,1.0,tiingo_historical_seed,
2025-07-08,BND,72.74,72.8,72.7,72.8,70.1678443219,70.2257226647,70.12925876,70.2257226647,5934155,5934155,0.0,1.0,tiingo_historical_seed,
2025-07-09,BND,72.89,73.1,72.89,73.09,70.312540179,70.515114379,70.312540179,70.5054679885,6720579,6720579,0.0,1.0,tiingo_historical_seed,
2025-07-10,BND,73.08,73.11,72.97,73.1,70.4958215981,70.5247607695,70.3897113028,70.515114379,6651307,6651307,0.0,1.0,tiingo_historical_seed,
2025-07-11,BND,72.89,72.8991,72.77,72.8,70.312540179,70.3213183944,70.1967834933,70.2257226647,4962515,4962515,0.0,1.0,tiingo_historical_seed,
2025-07-14,BND,72.769,72.8575,72.7,72.79,70.1958188543,70.28118941,70.12925876,70.2160762743,5624670,5624670,0.0,1.0,tiingo_historical_seed,
2025-07-15,BND,72.88,72.88,72.5542,72.57,70.3028937885,70.3028937885,69.9886143868,70.0038556838,5908535,5908535,0.0,1.0,tiingo_historical_seed,
2025-07-16,BND,72.7,72.78,72.52,72.71,70.12925876,70.2064298838,69.9556237314,70.1389051505,7875150,7875150,0.0,1.0,tiingo_historical_seed,
2025-07-17,BND,72.72,72.82,72.68,72.73,70.1485515409,70.2450154457,70.109965979,70.1581979314,6857436,6857436,0.0,1.0,tiingo_historical_seed,
2025-07-18,BND,72.88,72.9,72.81,72.85,70.3028937885,70.3221865695,70.2353690552,70.2739546171,5206946,5206946,0.0,1.0,tiingo_historical_seed,
2025-07-21,BND,73.1,73.1799,73.04,73.06,70.515114379,70.5921890389,70.4572360362,70.4765288171,5338503,5338503,0.0,1.0,tiingo_historical_seed,
2025-07-22,BND,73.1,73.2375,73.0801,73.18,70.515114379,70.6477522481,70.495918062,70.5922855028,5507318,5507318,0.0,1.0,tiingo_historical_seed,
2025-07-23,BND,73.08,73.12,73.0,73.03,70.4958215981,70.53440716,70.4186504743,70.4475896457,5269778,5269778,0.0,1.0,tiingo_historical_seed,
2025-07-24,BND,72.84,73.036,72.824,72.94,70.2643082266,70.45337748,70.2488740019,70.3607721314,6139228,6139228,0.0,1.0,tiingo_historical_seed,
2025-07-25,BND,72.95,73.12,72.9301,73.12,70.3704185219,70.53440716,70.3512222048,70.53440716,4846060,4846060,0.0,1.0,tiingo_historical_seed,
2025-07-28,BND,73.02,73.0499,72.96,73.0,70.4379432552,70.4667859627,70.3800649124,70.4186504743,5806889,5806889,0.0,1.0,tiingo_historical_seed,
2025-07-29,BND,73.08,73.39,73.08,73.38,70.4958215981,70.7948597028,70.4958215981,70.7852133123,7397877,7397877,0.0,1.0,tiingo_historical_seed,
2025-07-30,BND,73.19,73.345,73.13,73.19,70.6019318933,70.7514509457,70.5440535504,70.6019318933,5554978,5554978,0.0,1.0,tiingo_historical_seed,
2025-07-31,BND,73.35,73.3599,73.181,73.2,70.7562741409,70.7658240675,70.5932501419,70.6115782838,6463220,6463220,0.0,1.0,tiingo_historical_seed,
2025-08-01,BND,73.5,73.6099,73.38,73.59,71.1339980455,71.2403603092,71.0178609058,71.2211009002,10782336,10782336,0.241866,1.0,tiingo_historical_seed,
2025-08-04,BND,73.625,73.65,73.5,73.64,71.2549742326,71.2791694701,71.1339980455,71.2694913751,6834381,6834381,0.0,1.0,tiingo_historical_seed,
2025-08-05,BND,73.56,73.7,73.54,73.67,71.1920666153,71.3275599449,71.1727104254,71.29852566,8145334,8145334,0.0,1.0,tiingo_historical_seed,
2025-08-06,BND,73.565,73.6459,73.34,73.61,71.1969056628,71.2752014511,70.9791485259,71.2404570902,8082200,8082200,0.0,1.0,tiingo_historical_seed,
2025-08-07,BND,73.7,73.7,73.5328,73.58,71.3275599449,71.3275599449,71.165742197,71.2114228053,4193068,4193068,0.0,1.0,tiingo_historical_seed,
2025-08-08,BND,73.5,73.5075,73.4,73.42,71.1339980455,71.1412566167,71.0372170958,71.0565732857,5566313,5566313,0.0,1.0,tiingo_historical_seed,
2025-08-11,BND,73.49,73.55,73.44,73.47,71.1243199505,71.1823885203,71.0759294756,71.1049637606,8668285,8668285,0.0,1.0,tiingo_historical_seed,
2025-08-12,BND,73.39,73.48,73.325,73.48,71.0275390008,71.1146418555,70.9646313835,71.1146418555,5493957,5493957,0.0,1.0,tiingo_historical_seed,
2025-08-13,BND,73.69,73.78,73.67,73.75,71.3178818499,71.4049847047,71.29852566,71.3759504198,6208874,6208874,0.0,1.0,tiingo_historical_seed,
2025-08-14,BND,73.75,73.75,73.49,73.54,71.3759504198,71.3759504198,71.1243199505,71.1727104254,6818486,6818486,0.0,1.0,tiingo_historical_seed,
2025-08-15,BND,73.53,73.588,73.39,73.44,71.1630323304,71.2191652812,71.0275390008,71.0759294756,4309079,4309079,0.0,1.0,tiingo_historical_seed,
2025-08-18,BND,73.47,73.6399,73.305,73.36,71.1049637606,71.2693945941,70.9452751935,70.9985047159,6941556,6941556,0.0,1.0,tiingo_historical_seed,
2025-08-19,BND,73.44,73.51,73.435,73.5,71.0759294756,71.1436761404,71.0710904282,71.1339980455,5098530,5098530,0.0,1.0,tiingo_historical_seed,
2025-08-20,BND,73.49,73.6,73.46,73.55,71.1243199505,71.2307789952,71.0952856656,71.1823885203,5512795,5512795,0.0,1.0,tiingo_historical_seed,
2025-08-21,BND,73.44,73.47,73.29,73.37,71.0759294756,71.1049637606,70.9307580511,71.0081828108,5695498,5695498,0.0,1.0,tiingo_historical_seed,
2025-08-22,BND,73.5,73.81,73.48,73.74,71.1339980455,71.4340189896,71.1146418555,71.3662723248,5828735,5828735,0.0,1.0,tiingo_historical_seed,
2025-08-25,BND,73.63,73.72,73.59,73.64,71.2598132801,71.3469161349,71.2211009002,71.2694913751,5362095,5362095,0.0,1.0,tiingo_historical_seed,
2025-08-26,BND,73.65,73.7572,73.59,73.73,71.2791694701,71.3829186482,71.2211009002,71.3565942298,4648298,4648298,0.0,1.0,tiingo_historical_seed,
2025-08-27,BND,73.6573,73.8058,73.5904,73.8,71.2862344794,71.4299541897,71.221488024,71.4243408946,6053945,6053945,0.0,1.0,tiingo_historical_seed,
2025-08-28,BND,73.79,73.92,73.7604,73.89,71.4146627997,71.5404780343,71.3860156386,71.5114437494,5857310,5857310,0.0,1.0,tiingo_historical_seed,
2025-08-29,BND,73.82,73.8672,73.76,73.8,71.4436970846,71.4893776929,71.3856285148,71.4243408946,7736482,7736482,0.0,1.0,tiingo_historical_seed,
2025-09-02,BND,73.34,73.425,73.31,73.4,71.213900939,71.2964368209,71.1847706277,71.2721615615,6222391,6222391,0.242759,1.0,tiingo_historical_seed,
2025-09-03,BND,73.45,73.7199,73.44,73.64,71.3207120803,71.5827877806,71.3110019765,71.5052040516,6003189,6003189,0.0,1.0,tiingo_historical_seed,
2025-09-04,BND,73.8,73.93,73.72,73.92,71.6605657117,71.7867970605,71.5828848816,71.7770869567,8842621,8842621,0.0,1.0,tiingo_historical_seed,
2025-09-05,BND,74.29,74.37,74.2535,74.27,72.1363607957,72.2140416257,72.100918917,72.1169405882,6321761,6321761,0.0,1.0,tiingo_historical_seed,
2025-09-08,BND,74.43,74.52,74.41,74.51,72.2723022483,72.359693182,72.2528820407,72.3499830783,6414673,6414673,0.0,1.0,tiingo_historical_seed,
2025-09-09,BND,74.47,74.5199,74.3013,74.37,72.3111426633,72.359596081,72.1473332129,72.2140416257,6613239,6613239,0.0,1.0,tiingo_historical_seed,
2025-09-10,BND,74.49,74.62,74.44,74.5,72.3305628708,72.4567942196,72.282012352,72.3402729745,5680852,5680852,0.0,1.0,tiingo_historical_seed,
2025-09-11,BND,74.57,74.7567,74.57,74.66,72.4082437008,72.5895313379,72.4082437008,72.4956346346,6437156,6437156,0.0,1.0,tiingo_historical_seed,
2025-09-12,BND,74.54,74.58,74.43,74.57,72.3791133896,72.4179538046,72.2723022483,72.4082437008,5492955,5492955,0.0,1.0,tiingo_historical_seed,
2025-09-15,BND,74.66,74.73,74.65,74.71,72.4956346346,72.5636053609,72.4859245309,72.5441851534,7193648,7193648,0.0,1.0,tiingo_historical_seed,
2025-09-16,BND,74.71,74.77,74.6517,74.72,72.5441851534,72.6024457759,72.4875752485,72.5538952571,7012190,7012190,0.0,1.0,tiingo_historical_seed,
2025-09-17,BND,74.8,74.92,74.5262,74.59,72.6315760872,72.7480973322,72.3657134464,72.4276639083,8872301,8872301,0.0,1.0,tiingo_historical_seed,
2025-09-18,BND,74.39,74.4793,74.2901,74.4,72.2334618332,72.3201730598,72.1364578967,72.243171937,7641811,7641811,0.0,1.0,tiingo_historical_seed,
2025-09-19,BND,74.41,74.45,74.34,74.43,72.2528820407,72.2917224558,72.1849113145,72.2723022483,5295717,5295717,0.0,1.0,tiingo_historical_seed,
2025-09-22,BND,74.39,74.41,74.27,74.29,72.2334618332,72.2528820407,72.1169405882,72.1363607957,7814325,7814325,0.0,1.0,tiingo_historical_seed,
2025-09-23,BND,74.37,74.45,74.305,74.44,72.2140416257,72.2917224558,72.1509259513,72.282012352,6492249,6492249,0.0,1.0,tiingo_historical_seed,
2025-09-24,BND,74.37,74.38,74.26,74.29,72.2140416257,72.2237517295,72.1072304844,72.1363607957,5158444,5158444,0.0,1.0,tiingo_historical_seed,
2025-09-25,BND,74.19,74.22,74.07,74.21,72.0392597581,72.0683900694,71.9227385131,72.0586799656,7402658,7402658,0.0,1.0,tiingo_historical_seed,
2025-09-26,BND,74.22,74.3265,74.15,74.21,72.0683900694,72.1718026744,72.0004193431,72.0586799656,5531414,5531414,0.0,1.0,tiingo_historical_seed,
2025-09-29,BND,74.31,74.4362,74.29,74.4,72.1557810032,72.2783225126,72.1363607957,72.243171937,5534451,5534451,0.0,1.0,tiingo_historical_seed,
2025-09-30,BND,74.43,74.54,74.34,74.37,72.2723022483,72.3791133896,72.1849113145,72.2140416257,8840688,8840688,0.0,1.0,tiingo_historical_seed,
2025-10-01,BND,74.32,74.36,74.21,74.32,72.3959390573,72.4349035025,72.2887868332,72.3959390573,8762908,8762908,0.237328,1.0,tiingo_historical_seed,
2025-10-02,BND,74.29,74.42,74.2536,74.4,72.3667157235,72.4933501702,72.3312580784,72.4738679476,7155608,7155608,0.0,1.0,tiingo_historical_seed,
2025-10-03,BND,74.42,74.45,74.29,74.31,72.4933501702,72.522573504,72.3667157235,72.3861979461,8372377,8372377,0.0,1.0,tiingo_historical_seed,
2025-10-06,BND,74.17,74.28,74.13,74.14,72.2498223881,72.3569746122,72.210857943,72.2205990542,8688812,8688812,0.0,1.0,tiingo_historical_seed,
2025-10-07,BND,74.22,74.3467,74.19,74.28,72.2985279445,72.4219478245,72.2693046107,72.3569746122,7229511,7229511,0.0,1.0,tiingo_historical_seed,
2025-10-08,BND,74.4,74.41,74.26,74.28,72.4738679476,72.4836090589,72.3374923896,72.3569746122,6298430,6298430,0.0,1.0,tiingo_historical_seed,
2025-10-09,BND,74.24,74.26,74.1818,74.23,72.3180101671,72.3374923896,72.2613168994,72.3082690558,9071047,9071047,0.0,1.0,tiingo_historical_seed,
2025-10-10,BND,74.43,74.58,74.36,74.52,72.5030912815,72.6492079507,72.4349035025,72.590761283,7202569,7202569,0.0,1.0,tiingo_historical_seed,
2025-10-13,BND,74.539,74.64,74.45,74.64,72.6092693944,72.7076546184,72.522573504,72.7076546184,4358678,4358678,0.0,1.0,tiingo_historical_seed,
2025-10-14,BND,74.63,74.78,74.57,74.75,72.6979135071,72.8440301764,72.6394668394,72.8148068425,6550097,6550097,0.0,1.0,tiingo_historical_seed,
2025-10-15,BND,74.765,74.87,74.66,74.7,72.8294185094,72.9317001779,72.727136841,72.7661012861,6264829,6264829,0.0,1.0,tiingo_historical_seed,
2025-10-16,BND,74.67,74.9999,74.665,74.98,72.7368779523,73.0582372135,72.7320073966,73.038852402,8485054,8485054,0.0,1.0,tiingo_historical_seed,
2025-10-17,BND,74.91,74.92,74.81,74.88,72.9706646231,72.9804057343,72.8732535102,72.9414412892,20337487,20337487,0.0,1.0,tiingo_historical_seed,
2025-10-20,BND,74.95,74.9899,74.91,74.98,73.0096290682,73.0484961022,72.9706646231,73.038852402,6287206,6287206,0.0,1.0,tiingo_historical_seed,
2025-10-21,BND,75.095,75.15,75.05,75.07,73.1508751818,73.2044512939,73.107040181,73.1265224036,6179948,6179948,0.0,1.0,tiingo_historical_seed,
2025-10-22,BND,75.03,75.08,74.97,75.07,73.0875579585,73.1362635149,73.0291112908,73.1265224036,7164496,7164496,0.0,1.0,tiingo_historical_seed,
2025-10-23,BND,74.99,75.02,74.9011,74.92,73.0485935133,73.0778168472,72.961995034,72.9804057343,6041657,6041657,0.0,1.0,tiingo_historical_seed,
2025-10-24,BND,75.04,75.046,74.9144,75.02,73.0972990697,73.1031437365,72.974950712,73.0778168472,6912339,6912339,0.0,1.0,tiingo_historical_seed,
2025-10-27,BND,74.96,75.06,74.89,75.06,73.0193701795,73.1167812923,72.9511824005,73.1167812923,7706623,7706623,0.0,1.0,tiingo_historical_seed,
2025-10-28,BND,75.04,75.12,75.01,75.1,73.0972990697,73.17522796,73.0680757359,73.1557457374,7399731,7399731,0.0,1.0,tiingo_historical_seed,
2025-10-29,BND,75.065,75.08,74.71,74.73,73.1216518479,73.1362635149,72.7758423974,72.79532462,8938694,8938694,0.0,1.0,tiingo_historical_seed,
2025-10-30,BND,74.51,74.7199,74.5,74.6,72.5810201717,72.7854860976,72.5712790604,72.6686901733,7109490,7109490,0.0,1.0,tiingo_historical_seed,
2025-10-31,BND,74.66,74.68,74.54,74.58,72.727136841,72.7466190635,72.6102435056,72.6492079507,7106704,7106704,0.0,1.0,tiingo_historical_seed,
2025-11-03,BND,74.235,74.29,74.165,74.25,72.5504153356,72.6041672429,72.4820038171,72.5650749467,7085098,7085098,0.243631,1.0,tiingo_historical_seed,
2025-11-04,BND,74.26,74.37,74.24,74.29,72.5748480207,72.6823518355,72.5553018726,72.6041672429,11476211,11476211,0.0,1.0,tiingo_historical_seed,
2025-11-05,BND,74.24,74.26,74.0435,74.08,72.5553018726,72.5748480207,72.3632609672,72.3989326875,10860419,10860419,0.0,1.0,tiingo_historical_seed,
2025-11-06,BND,74.295,74.4,74.28,74.37,72.60905378,72.7116710577,72.5943941689,72.6823518355,6461208,6461208,0.0,1.0,tiingo_historical_seed,
2025-11-07,BND,74.26,74.4299,74.26,74.33,72.5748480207,72.7408925491,72.5748480207,72.6432595392,7073176,7073176,0.0,1.0,tiingo_historical_seed,
2025-11-10,BND,74.315,74.37,74.28,74.31,72.6285999281,72.6823518355,72.5943941689,72.6237133911,7235146,7235146,0.0,1.0,tiingo_historical_seed,
2025-11-11,BND,74.46,74.53,74.42,74.52,72.7703095021,72.8387210205,72.7312172058,72.8289479465,5229393,5229393,0.0,1.0,tiingo_historical_seed,
2025-11-12,BND,74.48,74.54,74.44,74.49,72.7898556502,72.8484940946,72.7507633539,72.7996287243,7129742,7129742,0.0,1.0,tiingo_historical_seed,
2025-11-13,BND,74.355,74.41,74.27,74.27,72.6676922244,72.7214441317,72.5846210948,72.5846210948,7105106,7105106,0.0,1.0,tiingo_historical_seed,
2025-11-14,BND,74.4,74.415,74.16,74.16,72.7116710577,72.7263306688,72.4771172801,72.4771172801,6473412,6473412,0.0,1.0,tiingo_historical_seed,
2025-11-17,BND,74.21,74.28,74.19,74.2,72.5259826504,72.5943941689,72.5064365023,72.5162095763,6908725,6908725,0.0,1.0,tiingo_historical_seed,
2025-11-18,BND,74.33,74.38,74.18,74.26,72.6432595392,72.6921249095,72.4966634282,72.5748480207,8009243,8009243,0.0,1.0,tiingo_historical_seed,
2025-11-19,BND,74.34,74.365,74.2,74.23,72.6530326133,72.6774652984,72.5162095763,72.5455287985,7527455,7527455,0.0,1.0,tiingo_historical_seed,
2025-11-20,BND,74.31,74.3999,74.2935,74.34,72.6237133911,72.7115733269,72.6075878189,72.6530326133,8461082,8461082,0.0,1.0,tiingo_historical_seed,
2025-11-21,BND,74.545,74.55,74.4,74.52,72.8533806316,72.8582671687,72.7116710577,72.8289479465,6818362,6818362,0.0,1.0,tiingo_historical_seed,
2025-11-24,BND,74.62,74.68,74.5501,74.65,72.9266786871,72.9853171315,72.8583648994,72.9559979093,5734438,5734438,0.0,1.0,tiingo_historical_seed,
2025-11-25,BND,74.7,74.8899,74.7,74.82,73.0048632797,73.1904539562,73.0048632797,73.1221401685,7446483,7446483,0.0,1.0,tiingo_historical_seed,
2025-11-26,BND,74.78,74.9,74.68,74.9,73.0830478722,73.200324761,72.9853171315,73.200324761,7327056,7327056,0.0,1.0,tiingo_historical_seed,
2025-11-28,BND,74.86,74.88,74.705,74.78,73.1612324647,73.1807786129,73.0097498167,73.0830478722,4812064,4812064,0.0,1.0,tiingo_historical_seed,
2025-12-01,BND,74.27,74.3,74.21,74.25,72.817842081,72.8472555085,72.7590152259,72.7982331293,6891545,6891545,0.238572,1.0,tiingo_historical_seed,
2025-12-02,BND,74.25,74.36,74.22,74.32,72.7982331293,72.9060823636,72.7688197018,72.8668644602,6756934,6756934,0.0,1.0,tiingo_historical_seed,
2025-12-03,BND,74.41,74.47,74.34,74.43,72.9551047428,73.0139315978,72.8864734119,72.9747136945,9774004,9774004,0.0,1.0,tiingo_historical_seed,
2025-12-04,BND,74.36,74.37,74.255,74.29,72.9060823636,72.9158868394,72.8031353672,72.8374510327,7337759,7337759,0.0,1.0,tiingo_historical_seed,
2025-12-05,BND,74.31,74.33,74.15,74.2,72.8570599843,72.876668936,72.7001883709,72.7492107501,7270931,7270931,0.0,1.0,tiingo_historical_seed,
2025-12-08,BND,74.2,74.21,73.98,74.09,72.7492107501,72.7590152259,72.5335122816,72.6413615158,8570189,8570189,0.0,1.0,tiingo_historical_seed,
2025-12-09,BND,74.21,74.21,74.0101,74.04,72.7590152259,72.7590152259,72.5630237538,72.5923391366,6661352,6661352,0.0,1.0,tiingo_historical_seed,
2025-12-10,BND,74.01,74.27,74.0,74.26,72.5629257091,72.817842081,72.5531212332,72.8080376051,8771110,8771110,0.0,1.0,tiingo_historical_seed,
2025-12-11,BND,74.405,74.43,74.24,74.26,72.9502025048,72.9747136945,72.7884286535,72.8080376051,8924551,8924551,0.0,1.0,tiingo_historical_seed,
2025-12-12,BND,74.045,74.0858,74.01,74.03,72.5972413745,72.637243636,72.5629257091,72.5825346608,8117594,8117594,0.0,1.0,tiingo_historical_seed,
2025-12-15,BND,74.17,74.235,74.08,74.12,72.7197973226,72.7835264155,72.63155704,72.6707749433,10495849,10495849,0.0,1.0,tiingo_historical_seed,
2025-12-16,BND,74.12,74.27,74.06,74.26,72.6707749433,72.817842081,72.6119480883,72.8080376051,6999456,6999456,0.0,1.0,tiingo_historical_seed,
2025-12-17,BND,74.18,74.27,74.17,74.24,72.7296017984,72.817842081,72.7197973226,72.7884286535,10071296,10071296,0.0,1.0,tiingo_historical_seed,
2025-12-18,BND,74.15,74.1962,74.085,74.15,72.9420040021,72.9874513465,72.8780629332,72.9420040021,6940506,6940506,0.246638,1.0,tiingo_historical_seed,
2025-12-19,BND,74.07,74.13,74.02,74.04,72.8633073019,72.9223298271,72.8141218643,72.8337960394,7540430,7540430,0.0,1.0,tiingo_historical_seed,
2025-12-22,BND,74.03,74.04,73.97,74.02,72.8239589518,72.8337960394,72.7649364267,72.8141218643,9855296,9855296,0.0,1.0,tiingo_historical_seed,
2025-12-23,BND,73.86,74.02,73.85,74.01,72.6567284639,72.8141218643,72.6468913764,72.8042847768,10188700,10188700,0.0,1.0,tiingo_historical_seed,
2025-12-24,BND,74.08,74.195,74.05,74.19,72.8731443895,72.986270896,72.8436331269,72.9813523523,5341691,5341691,0.0,1.0,tiingo_historical_seed,
2025-12-26,BND,74.25,74.2799,74.14,74.19,73.0403748774,73.0697877691,72.9321669146,72.9813523523,6730489,6730489,0.0,1.0,tiingo_historical_seed,
2025-12-29,BND,74.26,74.3,74.21,74.3,73.0502119649,73.089560315,73.0010265273,73.089560315,9105681,9105681,0.0,1.0,tiingo_historical_seed,
2025-12-30,BND,74.225,74.29,74.1825,74.27,73.0157821586,73.0797232275,72.9739745366,73.0600490525,7743230,7743230,0.0,1.0,tiingo_historical_seed,
2025-12-31,BND,74.17,74.25,74.06,74.07,72.9616781772,73.0403748774,72.8534702144,72.8633073019,8846925,8846925,0.0,1.0,tiingo_historical_seed,
2026-01-02,BND,74.125,74.16,74.02,74.04,72.9174112833,72.9518410897,72.8141218643,72.8337960394,7453517,7453517,0.0,1.0,tiingo_historical_seed,
2026-01-05,BND,74.11,74.21,74.08,74.18,72.902655652,73.0010265273,72.8731443895,72.9715152647,11059141,11059141,0.0,1.0,tiingo_historical_seed,
2026-01-06,BND,74.125,74.19,74.0301,74.18,72.9174112833,72.9813523523,72.8240573227,72.9715152647,9078967,9078967,0.0,1.0,tiingo_historical_seed,
2026-01-07,BND,74.3,74.32,74.2,74.26,73.089560315,73.1092344901,72.9911894398,73.0502119649,11576554,11576554,0.0,1.0,tiingo_historical_seed,
2026-01-08,BND,74.12,74.18,74.1,74.13,72.9124927396,72.9715152647,72.8928185645,72.9223298271,9906798,9906798,0.0,1.0,tiingo_historical_seed,
2026-01-09,BND,74.18,74.36,74.13,74.29,72.9715152647,73.1485828402,72.9223298271,73.0797232275,10536750,10536750,0.0,1.0,tiingo_historical_seed,
2026-01-12,BND,74.21,74.3,74.16,74.22,73.0010265273,73.089560315,72.9518410897,73.0108636148,9851026,9851026,0.0,1.0,tiingo_historical_seed,
2026-01-13,BND,74.305,74.32,74.22,74.28,73.0944788588,73.1092344901,73.0108636148,73.06988614,11835203,11835203,0.0,1.0,tiingo_historical_seed,
2026-01-14,BND,74.32,74.46,74.32,74.43,73.1092344901,73.2469537154,73.1092344901,73.2174424529,8765864,8765864,0.0,1.0,tiingo_historical_seed,
2026-01-15,BND,74.45,74.465,74.32,74.32,73.2371166279,73.2518722592,73.1092344901,73.1092344901,9959630,9959630,0.0,1.0,tiingo_historical_seed,
2026-01-16,BND,74.32,74.33,74.18,74.2,73.1092344901,73.1190715776,72.9715152647,72.9911894398,16105148,16105148,0.0,1.0,tiingo_historical_seed,
2026-01-20,BND,73.91,74.0253,73.9,73.93,72.7059139015,72.8193355207,72.696076814,72.7255880766,12945815,12945815,0.0,1.0,tiingo_historical_seed,
2026-01-21,BND,74.01,74.16,73.95,74.14,72.8042847768,72.9518410897,72.7452622516,72.9321669146,11453175,11453175,0.0,1.0,tiingo_historical_seed,
2026-01-22,BND,74.09,74.21,74.05,74.17,72.882981477,73.0010265273,72.8436331269,72.9616781772,13512416,13512416,0.0,1.0,tiingo_historical_seed,
2026-01-23,BND,74.2,74.26,74.12,74.25,72.9911894398,73.0502119649,72.9124927396,73.0403748774,8079852,8079852,0.0,1.0,tiingo_historical_seed,
2026-01-26,BND,74.34,74.3799,74.31,74.34,73.1289086651,73.1681586444,73.0993974026,73.1289086651,7137288,7137288,0.0,1.0,tiingo_historical_seed,
2026-01-27,BND,74.31,74.38,74.25,74.28,73.0993974026,73.1682570152,73.0403748774,73.06988614,8476326,8476326,0.0,1.0,tiingo_historical_seed,
2026-01-28,BND,74.24,74.255,74.1458,74.25,73.0305377899,73.0452934212,72.9378724254,73.0403748774,9328279,9328279,0.0,1.0,tiingo_historical_seed,
2026-01-29,BND,74.15,74.32,74.14,74.26,72.9420040021,73.1092344901,72.9321669146,73.0502119649,16397326,16397326,0.0,1.0,tiingo_historical_seed,
2026-01-30,BND,74.25,74.3,74.17,74.23,73.0403748774,73.089560315,72.9616781772,73.0207007024,8977461,8977461,0.0,1.0,tiingo_historical_seed,
2026-02-02,BND,74.03,74.04,73.89,73.91,73.0658219907,73.0756917492,72.9276453721,72.947384889,8636352,8636352,0.24547,1.0,tiingo_historical_seed,
2026-02-03,BND,73.86,73.94,73.84,73.93,72.8980360967,72.9769941645,72.8782965797,72.967124406,11284945,11284945,0.0,1.0,tiingo_historical_seed,
2026-02-04,BND,73.89,73.962,73.85,73.9,72.9276453721,72.9987076331,72.8881663382,72.9375151306,11709972,11709972,0.0,1.0,tiingo_historical_seed,
2026-02-05,BND,74.055,74.24,74.01,74.22,73.0904963869,73.2730869187,73.0460824738,73.2533474018,12216651,12216651,0.0,1.0,tiingo_historical_seed,
2026-02-06,BND,74.23,74.25,74.13,74.23,73.2632171602,73.2829566772,73.1645195755,73.2632171602,8257231,8257231,0.0,1.0,tiingo_historical_seed,
2026-02-09,BND,74.17,74.27,74.14,74.25,73.2039986094,73.3026961941,73.174389334,73.2829566772,9429759,9429759,0.0,1.0,tiingo_historical_seed,
2026-02-10,BND,74.45,74.52,74.43,74.47,73.4803518467,73.549440156,73.4606123297,73.5000913636,8288737,8288737,0.0,1.0,tiingo_historical_seed,
2026-02-11,BND,74.31,74.4799,74.294,74.32,73.342175228,73.5098624245,73.3263836145,73.3520449865,7968828,7968828,0.0,1.0,tiingo_historical_seed,
2026-02-12,BND,74.46,74.68,74.43,74.66,73.4902216052,73.7073562916,73.4606123297,73.6876167747,9884338,9884338,0.0,1.0,tiingo_historical_seed,
2026-02-13,BND,74.84,74.8999,74.805,74.88,73.8652724272,73.9243922805,73.8307282725,73.9047514611,8307935,8307935,0.0,1.0,tiingo_historical_seed,
2026-02-17,BND,74.89,74.91,74.83,74.87,73.9146212196,73.9343607365,73.8554026687,73.8948817026,9689024,9689024,0.0,1.0,tiingo_historical_seed,
2026-02-18,BND,74.79,74.86,74.773,74.79,73.8159236348,73.8850119442,73.7991450454,73.8159236348,6972463,6972463,0.0,1.0,tiingo_historical_seed,
2026-02-19,BND,74.72,74.85,74.72,74.82,73.7468353255,73.8751421857,73.7468353255,73.8455329103,8147869,8147869,0.0,1.0,tiingo_historical_seed,
2026-02-20,BND,74.835,74.84,74.685,74.81,73.860337548,73.8652724272,73.7122911708,73.8356631518,9131324,9131324,0.0,1.0,tiingo_historical_seed,
2026-02-23,BND,74.84,75.02,74.84,74.97,73.8652724272,74.0429280798,73.8652724272,73.9935792874,6286890,6286890,0.0,1.0,tiingo_historical_seed,
2026-02-24,BND,74.95,74.97,74.89,74.93,73.9738397704,73.9935792874,73.9146212196,73.9541002535,9854399,9854399,0.0,1.0,tiingo_historical_seed,
2026-02-25,BND,74.88,74.97,74.87,74.91,73.9047514611,73.9935792874,73.8948817026,73.9343607365,7001983,7001983,0.0,1.0,tiingo_historical_seed,
2026-02-26,BND,74.93,75.03,74.93,75.02,73.9541002535,74.0527978382,73.9541002535,74.0429280798,14876214,14876214,0.0,1.0,tiingo_historical_seed,
2026-02-27,BND,75.15,75.23,75.13,75.17,74.1712349399,74.2501930077,74.151495423,74.1909744569,8500869,8500869,0.0,1.0,tiingo_historical_seed,
2026-03-02,BND,74.72,74.74,74.55,74.64,73.971933115,73.991732883,73.8036350873,73.8927340432,8732574,8732574,0.227824,1.0,tiingo_historical_seed,
2026-03-03,BND,74.33,74.6599,74.305,74.56,73.5858376397,73.9124348123,73.5610879298,73.8135349713,8939878,8939878,0.0,1.0,tiingo_historical_seed,
2026-03-04,BND,74.565,74.6,74.495,74.51,73.8184849133,73.8531345073,73.7491857254,73.7640355514,11305367,11305367,0.0,1.0,tiingo_historical_seed,
2026-03-05,BND,74.28,74.37,74.2423,74.34,73.5363382198,73.6254371757,73.4990156572,73.5957375237,10029113,10029113,0.0,1.0,tiingo_historical_seed,
2026-03-06,BND,74.12,74.42,74.065,74.24,73.3779400761,73.6749365956,73.3234907142,73.4967386839,10878035,10878035,0.0,1.0,tiingo_historical_seed,
2026-03-09,BND,74.15,74.5,74.11,74.45,73.4076397281,73.7541356674,73.3680401921,73.7046362475,8201795,8201795,0.0,1.0,tiingo_historical_seed,
2026-03-10,BND,74.39,74.45,74.2139,74.22,73.6452369436,73.7046362475,73.4708999867,73.4769389159,8622908,8622908,0.0,1.0,tiingo_historical_seed,
2026-03-11,BND,74.085,74.1,73.85,73.89,73.3432904822,73.3581403081,73.1106432086,73.1502427445,9009616,9009616,0.0,1.0,tiingo_historical_seed,
2026-03-12,BND,73.78,73.8261,73.555,73.62,73.0413440207,73.0869824859,72.8185966311,72.882945877,12383450,12383450,0.0,1.0,tiingo_historical_seed,
2026-03-13,BND,73.74,73.8,73.51,73.55,73.0017444848,73.0611437887,72.7740471532,72.8136466891,7060142,7060142,0.0,1.0,tiingo_historical_seed,
2026-03-16,BND,73.83,73.88,73.74,73.83,73.0908434406,73.1403428605,73.0017444848,73.0908434406,7716573,7716573,0.0,1.0,tiingo_historical_seed,
2026-03-17,BND,73.93,74.01,73.925,73.98,73.1898422804,73.2690413523,73.1848923385,73.2393417004,5948526,5948526,0.0,1.0,tiingo_historical_seed,
2026-03-18,BND,73.9,73.9455,73.67,73.68,73.1601426285,73.2051871006,72.9324452969,72.9423451809,9210941,9210941,0.0,1.0,tiingo_historical_seed,
2026-03-19,BND,73.52,73.86,73.495,73.76,72.7839470372,73.1205430926,72.7591973272,73.0215442528,8861681,8861681,0.0,1.0,tiingo_historical_seed,
2026-03-20,BND,73.51,73.53,73.16,73.17,72.7740471532,72.7938469212,72.4275512138,72.4374510978,12983191,12983191,0.0,1.0,tiingo_historical_seed,
2026-03-23,BND,73.3,73.6077,73.2443,73.45,72.5661495896,72.8707690197,72.5110072358,72.7146478493,14898762,14898762,0.0,1.0,tiingo_historical_seed,
2026-03-24,BND,73.18,73.41,73.12,73.26,72.4473509818,72.6750483134,72.3879516779,72.5265500536,11800757,11800757,0.0,1.0,tiingo_historical_seed,
2026-03-25,BND,73.565,73.62,73.45,73.54,72.8284965151,72.882945877,72.7146478493,72.8037468051,9313455,9313455,0.0,1.0,tiingo_historical_seed,
2026-03-26,BND,73.33,73.425,73.1,73.11,72.5958492415,72.6898981393,72.3681519099,72.3780517939,8602892,8602892,0.0,1.0,tiingo_historical_seed,
2026-03-27,BND,72.98,73.205,72.935,73.11,72.2493533021,72.4721006917,72.2048038242,72.3780517939,13021837,13021837,0.0,1.0,tiingo_historical_seed,
2026-03-30,BND,73.48,73.6,73.4235,73.48,72.7443475013,72.863146109,72.6884131568,72.7443475013,10353779,10353779,0.0,1.0,tiingo_historical_seed,
2026-03-31,BND,73.665,73.78,73.5701,73.64,72.9274953549,73.0413440207,72.8335454559,72.902745645,10948304,10948304,0.0,1.0,tiingo_historical_seed,
2026-04-01,BND,73.425,73.56,73.385,73.42,72.9374279347,73.0715314794,72.8976935511,72.9324611367,9624794,9624794,0.250016,1.0,tiingo_historical_seed,
2026-04-02,BND,73.36,73.6485,73.34,73.58,72.8728595613,73.1594438032,72.8529923695,73.0913986712,7975625,7975625,0.0,1.0,tiingo_historical_seed,
2026-04-06,BND,73.445,73.5599,73.4241,73.47,72.9572951265,73.0714321434,72.936533911,72.9821291163,9844314,9844314,0.0,1.0,tiingo_historical_seed,
2026-04-07,BND,73.49,73.6,73.25,73.58,73.0019963081,73.111265863,72.7635900063,73.0913986712,7269993,7269993,0.0,1.0,tiingo_historical_seed,
2026-04-08,BND,73.935,73.95,73.67,73.72,73.4440413258,73.4589417197,73.1808010344,73.2304690139,5760153,5760153,0.0,1.0,tiingo_historical_seed,
2026-04-09,BND,73.68,73.8877,73.58,73.75,73.1907346303,73.3970554172,73.0913986712,73.2602698016,5646825,5646825,0.0,1.0,tiingo_historical_seed,
2026-04-10,BND,73.74,73.77,73.63,73.64,73.2503362057,73.2801369934,73.1410666507,73.1510002466,6334274,6334274,0.0,1.0,tiingo_historical_seed,
2026-04-13,BND,73.635,73.82,73.6,73.8,73.1460334487,73.3298049729,73.111265863,73.3099377811,6438078,6438078,0.0,1.0,tiingo_historical_seed,
2026-04-14,BND,73.84,73.99,73.78,73.98,73.3496721647,73.4986761033,73.2900705893,73.4887425074,5600139,5600139,0.0,1.0,tiingo_historical_seed,
2026-04-15,BND,73.9,73.93,73.82,73.88,73.4092737402,73.4390745279,73.3298049729,73.3894065484,6724343,6724343,0.0,1.0,tiingo_historical_seed,
2026-04-16,BND,73.945,73.96,73.7201,73.77,73.4539749218,73.4688753156,73.2305683498,73.2801369934,7582499,7582499,0.0,1.0,tiingo_historical_seed,
2026-04-17,BND,74.06,74.15,74.0101,74.06,73.5682112747,73.6576136378,73.5186426311,73.5682112747,5806931,5806931,0.0,1.0,tiingo_historical_seed,
2026-04-20,BND,74.05,74.055,73.925,74.01,73.5582776788,73.5632444767,73.4341077299,73.5185432951,7609615,7609615,0.0,1.0,tiingo_historical_seed,
2026-04-21,BND,73.935,73.975,73.77,73.78,73.4440413258,73.4837757095,73.2801369934,73.2900705893,5852613,5852613,0.0,1.0,tiingo_historical_seed,
2026-04-22,BND,73.96,73.98,73.85,73.86,73.4688753156,73.4887425074,73.3596057607,73.3695393566,5936814,5936814,0.0,1.0,tiingo_historical_seed,
2026-04-23,BND,73.86,73.9299,73.6246,73.73,73.3695393566,73.4389751919,73.1357025089,73.2404026098,6181452,6181452,0.0,1.0,tiingo_historical_seed,
2026-04-24,BND,73.745,73.89,73.655,73.86,73.2553030036,73.3993401443,73.1659006405,73.3695393566,5118167,5118167,0.0,1.0,tiingo_historical_seed,
2026-04-27,BND,73.8,73.845,73.7,73.74,73.3099377811,73.3546389627,73.2106018221,73.2503362057,6095172,6095172,0.0,1.0,tiingo_historical_seed,
2026-04-28,BND,73.65,73.72,73.6,73.72,73.1609338425,73.2304690139,73.111265863,73.2304690139,7241979,7241979,0.0,1.0,tiingo_historical_seed,
2026-04-29,BND,73.55,73.55,73.3223,73.39,73.0615978835,73.0615978835,72.8354099047,72.902660349,7206968,7206968,0.0,1.0,tiingo_historical_seed,
2026-04-30,BND,73.53,73.58,73.445,73.5,73.0417306917,73.0913986712,72.9572951265,73.011929904,7829147,7829147,0.0,1.0,tiingo_historical_seed,
2026-05-01,BND,73.3,73.5299,73.2643,73.36,73.053169532,73.2822953666,73.0175897482,73.112967488,6933061,6933061,0.241713,1.0,tiingo_historical_seed,
2026-05-04,BND,73.26,73.28,72.983,73.11,73.0133042281,73.0332368801,72.737236998,72.8638093382,7912179,7912179,0.0,1.0,tiingo_historical_seed,
2026-05-05,BND,73.185,73.31,73.1801,73.24,72.9385567831,73.063135858,72.9336732834,72.9933715761,8336196,8336196,0.0,1.0,tiingo_historical_seed,
2026-05-06,BND,73.5,73.57,73.47,73.55,73.2524960519,73.3222603339,73.2225970739,73.3023276819,7658317,7658317,0.0,1.0,tiingo_historical_seed,
2026-05-07,BND,73.645,73.65,73.3201,73.36,73.3970077788,73.4019909418,73.0732018473,73.112967488,9777000,9777000,0.0,1.0,tiingo_historical_seed,
2026-05-08,BND,73.56,73.6099,73.515,73.55,73.3122940079,73.3620259746,73.2674455409,73.3023276819,7382796,7382796,0.0,1.0,tiingo_historical_seed,
2026-05-11,BND,73.47,73.5,73.36,73.37,73.2225970739,73.2524960519,73.112967488,73.122933814,9494207,9494207,0.0,1.0,tiingo_historical_seed,
2026-05-12,BND,73.21,73.225,73.13,73.15,72.9634725981,72.9784220871,72.8837419902,72.9036746421,7431707,7431707,0.0,1.0,tiingo_historical_seed,
2026-05-13,BND,73.13,73.19,73.03,73.18,72.8837419902,72.9435399461,72.7840787302,72.9335736201,10760977,10760977,0.0,1.0,tiingo_historical_seed,
2026-05-14,BND,73.22,73.38,73.15,73.16,72.9734389241,73.13290014,72.9036746421,72.9136409681,6262495,6262495,0.0,1.0,tiingo_historical_seed,
2026-05-15,BND,72.82,72.835,72.695,72.74,72.5747858844,72.5897353733,72.4502068094,72.4950552764,12189888,12189888,0.0,1.0,tiingo_historical_seed,
2026-05-18,BND,72.78,72.8599,72.59,72.69,72.5349205804,72.6145515251,72.3455603865,72.4452236464,8771710,8771710,0.0,1.0,tiingo_historical_seed,
2026-05-19,BND,72.47,72.55,72.34,72.45,72.2259644746,72.3056950825,72.0964022367,72.2060318226,13221169,13221169,0.0,1.0,tiingo_historical_seed,
2026-05-20,BND,72.475,72.8999,72.46,72.85,72.2309476376,72.654416829,72.2159981486,72.6046848623,11112992,11112992,0.0,1.0,tiingo_historical_seed,
2026-05-21,BND,72.65,72.935,72.575,72.93,72.4053583425,72.6893986333,72.3306108975,72.6844154703,10364598,10364598,0.0,1.0,tiingo_historical_seed,
2026-05-22,BND,73.04,73.05,72.82,73.0,72.7940450562,72.8040113822,72.5747858844,72.7541797522,6824182,6824182,0.0,1.0,tiingo_historical_seed,
2026-05-26,BND,73.26,73.28,73.1301,73.21,73.0133042281,73.0332368801,72.8838416534,72.9634725981,7379325,7379325,0.0,1.0,tiingo_historical_seed,
2026-05-27,BND,73.29,73.34,73.24,73.28,73.043203206,73.093034836,72.9933715761,73.0332368801,7353305,7353305,0.0,1.0,tiingo_historical_seed,
2026-05-28,BND,73.29,73.475,73.24,73.42,73.043203206,73.2275802369,72.9933715761,73.172765444,7245493,7245493,0.0,1.0,tiingo_historical_seed,
2026-05-29,BND,73.47,73.55,73.38,73.46,73.2225970739,73.3023276819,73.13290014,73.2126307479,9178332,9178332,0.0,1.0,tiingo_historical_seed,
2026-06-01,BND,73.0,73.1866,72.94,73.18,73.0,73.1866,72.94,73.18,7268319,7268319,0.247259,1.0,tiingo_historical_seed,
2026-06-02,BND,73.27,73.2975,73.16,73.2,73.27,73.2975,73.16,73.2,7682671,7682671,0.0,1.0,tiingo_historical_seed,
2026-06-03,BND,73.04,73.12,72.9801,73.06,73.04,73.12,72.9801,73.06,9330688,9330688,0.0,1.0,tiingo_historical_seed,
2026-06-04,BND,73.19,73.23,73.13,73.16,73.19,73.23,73.13,73.16,6815029,6815029,0.0,1.0,tiingo_historical_seed,
2026-06-05,BND,72.94,72.95,72.82,72.83,72.94,72.95,72.82,72.83,8487197,8487197,0.0,1.0,tiingo_historical_seed,
2026-06-08,BND,72.98,73.01,72.8,72.81,72.98,73.01,72.8,72.81,14018968,14018968,0.0,1.0,tiingo_historical_seed,
2026-06-09,BND,72.92,73.0,72.84,72.97,72.92,73.0,72.84,72.97,8703469,8703469,0.0,1.0,tiingo_historical_seed,
2026-06-10,BND,72.97,73.0399,72.84,72.91,72.97,73.0399,72.84,72.91,5252524,5252524,0.0,1.0,tiingo_historical_seed,
2026-06-11,BND,72.98,73.355,72.9345,73.33,72.98,73.355,72.9345,73.33,9058743,9058743,0.0,1.0,tiingo_historical_seed,
2026-06-12,BND,73.21,73.285,73.105,73.24,73.21,73.285,73.105,73.24,7381030,7381030,0.0,1.0,tiingo_historical_seed,
2026-06-15,BND,73.38,73.43,73.29,73.3,73.38,73.43,73.29,73.3,7738294,7738294,0.0,1.0,tiingo_historical_seed,
2026-06-16,BND,73.34,73.479,73.3201,73.41,73.34,73.479,73.3201,73.41,5902839,5902839,0.0,1.0,tiingo_historical_seed,
2026-06-17,BND,73.42,73.47,73.12,73.14,73.42,73.47,73.12,73.14,8531607,8531607,0.0,1.0,tiingo_historical_seed,
2026-06-18,BND,73.32,73.495,73.315,73.34,73.32,73.495,73.315,73.34,6312452,6312452,0.0,1.0,tiingo_historical_seed,
2026-06-22,BND,73.17,73.22,73.11,73.14,73.17,73.22,73.11,73.14,7359408,7359408,0.0,1.0,tiingo_historical_seed,
2026-06-24,BND,73.48,73.5999,73.46,73.55,73.48,73.5999,73.46,73.55,7814296,7814296,0.0,1.0,tiingo,2026-06-24T23:30:01.663646+00:00
