date,ticker,open,high,low,close,adjOpen,adjHigh,adjLow,adjClose,adjVolume,volume,divCash,splitFactor,source,fetch_timestamp
2010-01-04,EFA,56.42,56.94,56.41,56.73,34.3672285339,34.683977184,34.3611372137,34.5560594599,18556900,18556900,0.0,1.0,tiingo_historical_seed,
2010-01-05,EFA,56.87,57.1,56.51,56.78,34.6413379426,34.7814383071,34.4220504156,34.5865160609,14352800,14352800,0.0,1.0,tiingo_historical_seed,
2010-01-06,EFA,56.68,57.09,56.67,57.02,34.5256028589,34.7753469869,34.5195115387,34.7327077455,11888100,11888100,0.0,1.0,tiingo_historical_seed,
2010-01-07,EFA,56.64,56.84,56.37,56.8,34.5012375781,34.623063982,34.3367719329,34.5986987012,10906600,10906600,0.0,1.0,tiingo_historical_seed,
2010-01-08,EFA,56.9,57.31,56.74,57.25,34.6596119032,34.9093560311,34.5621507801,34.87280811,12826500,12826500,0.0,1.0,tiingo_historical_seed,
2010-01-11,EFA,57.83,57.86,57.47,57.72,35.2261046812,35.2443786418,35.0068171542,35.1591001591,12387500,12387500,0.0,1.0,tiingo_historical_seed,
2010-01-12,EFA,57.11,57.38,56.6,57.04,34.7875296273,34.9519952725,34.4768722974,34.7448903859,19029700,19029700,0.0,1.0,tiingo_historical_seed,
2010-01-13,EFA,57.28,57.6975,56.94,57.52,34.8910820705,35.1453946886,34.683977184,35.0372737552,15446600,15446600,0.0,1.0,tiingo_historical_seed,
2010-01-14,EFA,57.5,58.0,57.5,57.96,35.0250911148,35.3296571245,35.0250911148,35.3052918437,13362600,13362600,0.0,1.0,tiingo_historical_seed,
2010-01-15,EFA,57.51,57.61,56.78,57.05,35.031182435,35.0920956369,34.5865160609,34.7509817061,19281700,19281700,0.0,1.0,tiingo_historical_seed,
2010-01-19,EFA,56.88,57.68,56.84,57.61,34.6474292628,35.1347348783,34.623063982,35.0920956369,17507700,17507700,0.0,1.0,tiingo_historical_seed,
2010-01-20,EFA,56.37,56.4,55.615,56.14,34.3367719329,34.3550458935,33.8768772583,34.1966715684,24510100,24510100,0.0,1.0,tiingo_historical_seed,
2010-01-21,EFA,56.04,56.18,54.58,54.94,34.1357583665,34.2210368492,33.2464256182,33.4657131452,22979100,22979100,0.0,1.0,tiingo_historical_seed,
2010-01-22,EFA,54.7,55.05,53.79,53.87,33.3195214605,33.5327176673,32.7652113229,32.8139418844,27432500,27432500,0.0,1.0,tiingo_historical_seed,
2010-01-25,EFA,54.8598,54.98,54.39,54.53,33.4168607572,33.490078426,33.1306905345,33.2159690172,20242700,20242700,0.0,1.0,tiingo_historical_seed,
2010-01-26,EFA,54.05,54.68,53.91,54.22,32.9235856479,33.3073388201,32.8383071652,33.0271380912,22135300,22135300,0.0,1.0,tiingo_historical_seed,
2010-01-27,EFA,53.88,54.21,53.38,54.16,32.8200332046,33.021046771,32.5154671949,32.9905901701,27156000,27156000,0.0,1.0,tiingo_historical_seed,
2010-01-28,EFA,54.19,54.2,52.85,53.25,33.0088641306,33.0149554508,32.1926272247,32.4362800324,26142600,26142600,0.0,1.0,tiingo_historical_seed,
2010-01-29,EFA,53.32,53.6325,52.3299,52.48,32.4789192738,32.6692730298,31.8758176614,31.9672483775,28917200,28917200,0.0,1.0,tiingo_historical_seed,
2010-02-01,EFA,53.2,53.52,52.48,53.44,32.4058234314,32.6007456776,31.9672483775,32.5520151161,23123800,23123800,0.0,1.0,tiingo_historical_seed,
2010-02-02,EFA,53.82,54.46,53.65,54.33,32.7834852835,33.1733297759,32.6799328402,33.0941426134,19720200,19720200,0.0,1.0,tiingo_historical_seed,
2010-02-03,EFA,53.98,54.2,53.48,53.76,32.8809464066,33.0149554508,32.5763803969,32.7469373623,20225900,20225900,0.0,1.0,tiingo_historical_seed,
2010-02-04,EFA,52.74,52.798,51.54,51.57,32.1256227025,32.1609523596,31.3946642793,31.4129382398,32202200,32202200,0.0,1.0,tiingo_historical_seed,
2010-02-05,EFA,51.29,51.48,49.94,51.48,31.2423812744,31.3581163581,30.4200530482,31.3581163581,43046100,43046100,0.0,1.0,tiingo_historical_seed,
2010-02-08,EFA,50.97,51.4478,50.45,50.46,31.0474590282,31.3385023071,30.7307103781,30.7368016983,19238000,19238000,0.0,1.0,tiingo_historical_seed,
2010-02-09,EFA,51.59,52.515,51.09,52.05,31.4251208802,31.9885679982,31.1205548705,31.7053216091,30811800,30811800,0.0,1.0,tiingo_historical_seed,
2010-02-10,EFA,51.77,51.95,51.21,51.72,31.5347646437,31.6444084072,31.1936507129,31.5043080427,23502500,23502500,0.0,1.0,tiingo_historical_seed,
2010-02-11,EFA,51.54,52.295,51.15,52.2,31.3946642793,31.8545589539,31.1571027917,31.7966914121,19397300,19397300,0.0,1.0,tiingo_historical_seed,
2010-02-12,EFA,51.3,51.85,51.051,51.75,31.2484725946,31.5834952053,31.0967987218,31.5225820033,18994900,18994900,0.0,1.0,tiingo_historical_seed,
2010-02-16,EFA,51.99,53.01,51.81,52.9,31.668773688,32.2900883478,31.5591299245,32.2230838256,19592800,19592800,0.0,1.0,tiingo_historical_seed,
2010-02-17,EFA,53.14,53.27,52.75,52.97,32.3692755103,32.4484626728,32.1317140227,32.265723067,19682000,19682000,0.0,1.0,tiingo_historical_seed,
2010-02-18,EFA,52.81,53.35,52.81,53.27,32.1682619439,32.4971932344,32.1682619439,32.4484626728,13747600,13747600,0.0,1.0,tiingo_historical_seed,
2010-02-19,EFA,52.53,53.07,52.38,52.94,31.9977049785,32.3266362689,31.9063351755,32.2474491064,16069000,16069000,0.0,1.0,tiingo_historical_seed,
2010-02-22,EFA,53.23,53.31,52.91,53.04,32.424097392,32.4728279536,32.2291751458,32.3083623083,14422100,14422100,0.0,1.0,tiingo_historical_seed,
2010-02-23,EFA,52.8,53.04,52.1193,52.29,32.1621706237,32.3083623083,31.7475344581,31.8515132938,18038800,18038800,0.0,1.0,tiingo_historical_seed,
2010-02-24,EFA,52.37,52.93,52.23,52.62,31.9002438554,32.2413577862,31.8149653726,32.0525268602,15789800,15789800,0.0,1.0,tiingo_historical_seed,
2010-02-25,EFA,51.58,52.31,51.47,52.3,31.41902956,31.8636959342,31.3520250379,31.857604614,18544400,18544400,0.0,1.0,tiingo_historical_seed,
2010-02-26,EFA,52.19,52.85,51.91,52.62,31.7906000919,32.1926272247,31.6200431264,32.0525268602,19714200,19714200,0.0,1.0,tiingo_historical_seed,
2010-03-01,EFA,52.74,53.13,52.6,53.03,32.1256227025,32.3631841901,32.0403442198,32.3022709881,14774400,14774400,0.0,1.0,tiingo_historical_seed,
2010-03-02,EFA,53.39,53.7899,53.17,53.43,32.5215585151,32.7651504097,32.3875494709,32.5459237959,14135700,14135700,0.0,1.0,tiingo_historical_seed,
2010-03-03,EFA,53.91,54.41,53.83,54.07,32.8383071652,33.1428731749,32.7895766037,32.9357682883,15292400,15292400,0.0,1.0,tiingo_historical_seed,
2010-03-04,EFA,54.13,54.23,53.62,53.93,32.9723162095,33.0332294114,32.6616588796,32.8504898056,12645600,12645600,0.0,1.0,tiingo_historical_seed,
2010-03-05,EFA,54.31,55.06,54.21,54.98,33.081959973,33.5388089875,33.021046771,33.490078426,18656300,18656300,0.0,1.0,tiingo_historical_seed,
2010-03-08,EFA,55.06,55.21,54.81,54.98,33.5388089875,33.6301787904,33.3865259827,33.490078426,11336100,11336100,0.0,1.0,tiingo_historical_seed,
2010-03-09,EFA,54.47,55.11,54.45,54.85,33.1794210961,33.5692655885,33.1672384557,33.4108912634,15356500,15356500,0.0,1.0,tiingo_historical_seed,
2010-03-10,EFA,54.85,55.34,54.781,55.08,33.4108912634,33.7093659529,33.3688611541,33.5509916279,13641100,13641100,0.0,1.0,tiingo_historical_seed,
2010-03-11,EFA,55.05,55.35,54.81,55.29,33.5327176673,33.7154572731,33.3865259827,33.678909352,13015300,13015300,0.0,1.0,tiingo_historical_seed,
2010-03-12,EFA,55.73,55.75,55.37,55.66,33.9469274405,33.9591100809,33.7276399135,33.9042881991,11743300,11743300,0.0,1.0,tiingo_historical_seed,
2010-03-15,EFA,55.2,55.3425,54.85,55.27,33.6240874702,33.710888783,33.4108912634,33.6667267116,10182300,10182300,0.0,1.0,tiingo_historical_seed,
2010-03-16,EFA,55.46,56.03,55.32,55.97,33.7824617953,34.1296670463,33.6971833125,34.0931191251,15718300,15718300,0.0,1.0,tiingo_historical_seed,
2010-03-17,EFA,56.18,56.51,56.11,56.27,34.2210368492,34.4220504156,34.1783976079,34.275858731,17400500,17400500,0.0,1.0,tiingo_historical_seed,
2010-03-18,EFA,56.08,56.185,55.58,55.9425,34.1601236473,34.2240825093,33.8555576376,34.0763679946,15899600,15899600,0.0,1.0,tiingo_historical_seed,
2010-03-19,EFA,55.86,55.91,55.11,55.37,34.026114603,34.056571204,33.5692655885,33.7276399135,17819700,17819700,0.0,1.0,tiingo_historical_seed,
2010-03-22,EFA,54.64,55.6,54.6,55.53,33.2829735394,33.867740278,33.2586082586,33.8251010366,17473800,17473800,0.0,1.0,tiingo_historical_seed,
2010-03-23,EFA,55.56,56.0083,55.35,55.92,33.8433749972,34.1164488815,33.7154572731,34.0626625242,15533000,15533000,0.0,1.0,tiingo_historical_seed,
2010-03-24,EFA,55.0,55.21,54.7601,55.0,33.5022610663,33.6301787904,33.3561302949,33.5022610663,18234000,18234000,0.0,1.0,tiingo_historical_seed,
2010-03-25,EFA,55.45,55.66,54.9,54.97,33.7763704751,33.9042881991,33.4413478644,33.4839871058,18633000,18633000,0.0,1.0,tiingo_historical_seed,
2010-03-26,EFA,55.33,55.72,55.16,55.51,33.7032746327,33.9408361203,33.5997221894,33.8129183962,23466200,23466200,0.0,1.0,tiingo_historical_seed,
2010-03-29,EFA,55.78,56.04,55.68,55.98,33.9773840415,34.1357583665,33.9164708395,34.0992104453,13605700,13605700,0.0,1.0,tiingo_historical_seed,
2010-03-30,EFA,56.16,56.31,55.72,55.98,34.2088542088,34.3002240117,33.9408361203,34.0992104453,16768000,16768000,0.0,1.0,tiingo_historical_seed,
2010-03-31,EFA,55.77,56.18,55.64,55.98,33.9712927213,34.2210368492,33.8921055587,34.0992104453,22702600,22702600,0.0,1.0,tiingo_historical_seed,
2010-04-01,EFA,56.55,56.99,56.52,56.97,34.4464156964,34.7144337849,34.4281417358,34.7022511445,20493900,20493900,0.0,1.0,tiingo_historical_seed,
2010-04-05,EFA,56.94,57.2,56.75,57.03,34.683977184,34.842351509,34.5682421003,34.7387990657,14434000,14434000,0.0,1.0,tiingo_historical_seed,
2010-04-06,EFA,56.44,56.945,56.3801,56.87,34.3794111743,34.6870228441,34.3429241663,34.6413379426,15025700,15025700,0.0,1.0,tiingo_historical_seed,
2010-04-07,EFA,56.56,56.675,56.26,56.47,34.4525070166,34.5225571988,34.2697674108,34.3976851348,19574500,19574500,0.0,1.0,tiingo_historical_seed,
2010-04-08,EFA,55.86,56.4599,55.74,56.41,34.026114603,34.3915329014,33.9530187607,34.3611372137,13853000,13853000,0.0,1.0,tiingo_historical_seed,
2010-04-09,EFA,56.58,57.22,56.56,57.15,34.464689657,34.8545341494,34.4525070166,34.811894908,17131200,17131200,0.0,1.0,tiingo_historical_seed,
2010-04-12,EFA,57.34,57.5,57.21,57.33,34.9276299917,35.0250911148,34.8484428292,34.9215386715,11992200,11992200,0.0,1.0,tiingo_historical_seed,
2010-04-13,EFA,57.39,57.44,56.85,57.28,34.9580865927,34.9885431936,34.6291553022,34.8910820705,9094000,9094000,0.0,1.0,tiingo_historical_seed,
2010-04-14,EFA,57.69,58.08,57.52,58.04,35.1408261985,35.3783876861,35.0372737552,35.3540224053,20763800,20763800,0.0,1.0,tiingo_historical_seed,
2010-04-15,EFA,57.69,58.089,57.64,58.0,35.1408261985,35.3838698742,35.1103695975,35.3296571245,13534200,13534200,0.0,1.0,tiingo_historical_seed,
2010-04-16,EFA,57.48,57.7085,56.43,56.72,35.0129084744,35.1520951409,34.3733198541,34.5499681397,30341100,30341100,0.0,1.0,tiingo_historical_seed,
2010-04-19,EFA,56.08,56.61,55.89,56.57,34.1601236473,34.4829636176,34.0443885636,34.4585983368,19657000,19657000,0.0,1.0,tiingo_historical_seed,
2010-04-20,EFA,57.0,57.08,56.7774,56.92,34.7205251051,34.7692556667,34.5849323176,34.6717945436,14039800,14039800,0.0,1.0,tiingo_historical_seed,
2010-04-21,EFA,56.69,56.7937,56.255,56.55,34.5316941791,34.5948611695,34.2667217507,34.4464156964,15597400,15597400,0.0,1.0,tiingo_historical_seed,
2010-04-22,EFA,55.68,56.14,55.3201,56.04,33.9164708395,34.1966715684,33.6972442257,34.1357583665,22128200,22128200,0.0,1.0,tiingo_historical_seed,
2010-04-23,EFA,55.81,56.49,55.63,56.46,33.995658002,34.4098677752,33.8860142386,34.3915938146,18250100,18250100,0.0,1.0,tiingo_historical_seed,
2010-04-26,EFA,56.62,56.75,56.4,56.52,34.4890549378,34.5682421003,34.3550458935,34.4281417358,19670500,19670500,0.0,1.0,tiingo_historical_seed,
2010-04-27,EFA,55.7,56.08,54.1233,54.25,33.9286534799,34.1601236473,32.9682350249,33.0454120518,39699100,39699100,0.0,1.0,tiingo_historical_seed,
2010-04-28,EFA,54.6902,54.79,53.6775,54.26,33.3135519667,33.3743433423,32.6966839707,33.051503372,32895300,32895300,0.0,1.0,tiingo_historical_seed,
2010-04-29,EFA,54.85,55.23,54.71,55.1,33.4108912634,33.6423614308,33.3256127807,33.5631742683,21405900,21405900,0.0,1.0,tiingo_historical_seed,
2010-04-30,EFA,55.12,55.18,54.27,54.41,33.5753569087,33.6119048298,33.0575946922,33.1428731749,24817100,24817100,0.0,1.0,tiingo_historical_seed,
2010-05-03,EFA,54.51,54.99,54.41,54.8,33.2037863768,33.4961697461,33.1428731749,33.3804346625,22046300,22046300,0.0,1.0,tiingo_historical_seed,
2010-05-04,EFA,53.39,53.42,52.41,52.63,32.5215585151,32.5398324757,31.9246091361,32.0586181804,42932500,42932500,0.0,1.0,tiingo_historical_seed,
2010-05-05,EFA,51.45,52.24,51.34,51.62,31.3398423975,31.8210566928,31.2728378754,31.4433948408,40791300,40791300,0.0,1.0,tiingo_historical_seed,
2010-05-06,EFA,51.28,51.6,47.26,49.32,31.2362899542,31.4312122004,28.7875792363,30.0423911962,64526400,64526400,0.0,1.0,tiingo_historical_seed,
2010-05-07,EFA,49.81,50.31,48.3,49.21,30.3408658857,30.6454318954,29.4210765364,29.9753866741,66179200,66179200,0.0,1.0,tiingo_historical_seed,
2010-05-10,EFA,52.45,52.85,51.95,52.4,31.9489744169,32.1926272247,31.6444084072,31.9185178159,63301700,63301700,0.0,1.0,tiingo_historical_seed,
2010-05-11,EFA,51.21,52.358,51.16,51.55,31.1936507129,31.8929342711,31.1631941119,31.4007555995,42343600,42343600,0.0,1.0,tiingo_historical_seed,
2010-05-12,EFA,51.99,52.44,51.9,52.13,31.668773688,31.9428830967,31.6139518062,31.7540521707,27785600,27785600,0.0,1.0,tiingo_historical_seed,
2010-05-13,EFA,51.76,52.12,51.32,51.45,31.5286733235,31.7479608505,31.260655235,31.3398423975,29675400,29675400,0.0,1.0,tiingo_historical_seed,
2010-05-14,EFA,50.82,50.92,49.55,49.99,30.9560892253,31.0170024272,30.1824915607,30.4505096492,40366200,40366200,0.0,1.0,tiingo_historical_seed,
2010-05-17,EFA,50.17,50.4,48.9,50.06,30.5601534127,30.7002537772,29.7865557481,30.4931488906,33131000,33131000,0.0,1.0,tiingo_historical_seed,
2010-05-18,EFA,50.54,50.63,48.73,48.98,30.7855322599,30.8403541416,29.6830033048,29.8352863096,39152500,39152500,0.0,1.0,tiingo_historical_seed,
2010-05-19,EFA,48.88,49.34,48.35,49.17,29.7743731077,30.0545738366,29.4515331374,29.9510213933,41441600,41441600,0.0,1.0,tiingo_historical_seed,
2010-05-20,EFA,47.71,48.265,46.97,47.46,29.061688645,29.3997569158,28.6109309507,28.9094056402,50013100,50013100,0.0,1.0,tiingo_historical_seed,
2010-05-21,EFA,47.02,48.675,46.91,48.62,28.6413875516,29.6495010437,28.5743830295,29.6159987826,52184600,52184600,0.0,1.0,tiingo_historical_seed,
2010-05-24,EFA,47.94,48.32,47.465,47.51,29.2017890095,29.4332591768,28.9124513003,28.9398622411,26489400,26489400,0.0,1.0,tiingo_historical_seed,
2010-05-25,EFA,46.09,47.39,45.85,47.32,28.0748947736,28.8667663988,27.9287030889,28.8241271574,53441800,53441800,0.0,1.0,tiingo_historical_seed,
2010-05-26,EFA,47.37,47.78,46.51,46.62,28.8545837584,29.1043278864,28.3307302217,28.3977347439,42125600,42125600,0.0,1.0,tiingo_historical_seed,
2010-05-27,EFA,48.3,49.3,48.01,49.27,29.4210765364,30.0302085558,29.2444282508,30.0119345952,33506900,33506900,0.0,1.0,tiingo_historical_seed,
2010-05-28,EFA,49.0275,49.1484,48.11,48.32,29.8642200805,29.9378641417,29.3053414528,29.4332591768,39482100,39482100,0.0,1.0,tiingo_historical_seed,
2010-06-01,EFA,47.89,49.02,47.8,47.84,29.1713324085,29.8596515904,29.1165105267,29.1408758075,34753600,34753600,0.0,1.0,tiingo_historical_seed,
2010-06-02,EFA,48.06,49.15,47.79,49.12,29.2748848518,29.9388387529,29.1104192066,29.9205647923,25336300,25336300,0.0,1.0,tiingo_historical_seed,
2010-06-03,EFA,49.37,49.46,48.52,48.97,30.0728477972,30.1276696789,29.5550855807,29.8291949894,27019600,27019600,0.0,1.0,tiingo_historical_seed,
2010-06-04,EFA,47.76,48.0196,46.65,46.88,29.092145246,29.2502759182,28.4160087045,28.5561090689,36685200,36685200,0.0,1.0,tiingo_historical_seed,
2010-06-07,EFA,47.07,47.3,46.275,46.29,28.6718441526,28.8119445171,28.1875841972,28.1967211775,24384100,24384100,0.0,1.0,tiingo_historical_seed,
2010-06-08,EFA,46.55,47.09,46.13,47.03,28.3550955025,28.684026793,28.0992600544,28.6474788718,33911600,33911600,0.0,1.0,tiingo_historical_seed,
2010-06-09,EFA,47.34,47.83,46.63,46.86,28.8363097978,29.1347844873,28.4038260641,28.5439264285,30395500,30395500,0.0,1.0,tiingo_historical_seed,
2010-06-10,EFA,48.24,48.88,48.08,48.84,29.3845286153,29.7743731077,29.2870674922,29.7500078269,30506000,30506000,0.0,1.0,tiingo_historical_seed,
2010-06-11,EFA,48.29,48.93,48.2,48.91,29.4149852162,29.8048297087,29.3601633345,29.7926470683,22459100,22459100,0.0,1.0,tiingo_historical_seed,
2010-06-14,EFA,49.63,49.93,49.13,49.22,30.2312221222,30.413961728,29.9266561125,29.9814779943,29477200,29477200,0.0,1.0,tiingo_historical_seed,
2010-06-15,EFA,50.0,50.81,49.82,50.78,30.4566009694,30.9499979051,30.3469572059,30.9317239445,28365100,28365100,0.0,1.0,tiingo_historical_seed,
2010-06-16,EFA,50.15,50.74,50.04,50.54,30.5479707723,30.9073586637,30.4809662502,30.7855322599,21785900,21785900,0.0,1.0,tiingo_historical_seed,
2010-06-17,EFA,50.78,50.8,50.2,50.7,30.9317239445,30.9439065849,30.5784273733,30.882993383,23402900,23402900,0.0,1.0,tiingo_historical_seed,
2010-06-18,EFA,50.63,50.845,50.45,50.61,30.8403541416,30.9713175258,30.7307103781,30.8281715012,20182700,20182700,0.0,1.0,tiingo_historical_seed,
2010-06-21,EFA,51.39,51.49,50.4,50.6,31.3032944764,31.3642076783,30.7002537772,30.822080181,26081200,26081200,0.0,1.0,tiingo_historical_seed,
2010-06-22,EFA,50.72,50.93,49.87,49.96,30.8951760234,31.0230937474,30.3774138069,30.4322356886,29123900,29123900,0.0,1.0,tiingo_historical_seed,
2010-06-23,EFA,49.46,49.775,48.83,49.43,30.6510067444,30.8462163506,30.2605875319,30.6324153533,31159100,31159100,0.858631,1.0,tiingo_historical_seed,
2010-06-24,EFA,49.1,49.17,48.43,48.57,30.4279100515,30.471289964,30.0127023176,30.0994621426,24218700,24218700,0.0,1.0,tiingo_historical_seed,
2010-06-25,EFA,48.54,48.99,48.17,48.85,30.0808707515,30.3597416176,29.8515769283,30.2729817926,31883900,31883900,0.0,1.0,tiingo_historical_seed,
2010-06-28,EFA,48.75,49.11,48.375,48.49,30.211010489,30.4341071819,29.9786181007,30.0498850998,23915000,23915000,0.0,1.0,tiingo_historical_seed,
2010-06-29,EFA,47.6,47.6,46.67,46.83,29.498340498,29.498340498,28.9220073748,29.0211614605,39759300,39759300,0.0,1.0,tiingo_historical_seed,
2010-06-30,EFA,46.9,47.38,46.48,46.51,29.064541373,29.3620036302,28.8042618981,28.8228532891,40112000,40112000,0.0,1.0,tiingo_historical_seed,
2010-07-01,EFA,47.1,47.26,46.45,47.19,29.1884839802,29.2876380659,28.785670507,29.2442581534,43453600,43453600,0.0,1.0,tiingo_historical_seed,
2010-07-02,EFA,47.47,47.66,46.77,47.09,29.4177778034,29.5355232801,28.9839786784,29.1822868498,24580500,24580500,0.0,1.0,tiingo_historical_seed,
2010-07-06,EFA,48.43,48.79,47.705,48.03,30.0127023176,30.2357990105,29.5634103668,29.7648171033,26225800,26225800,0.0,1.0,tiingo_historical_seed,
2010-07-07,EFA,48.32,49.59,48.27,49.525,29.9445338837,30.731569439,29.9135482319,30.6912880917,31096500,31096500,0.0,1.0,tiingo_historical_seed,
2010-07-08,EFA,49.7,50.02,49.33,50.01,30.7997378729,30.9980460443,30.5704440497,30.991848914,30704400,30704400,0.0,1.0,tiingo_historical_seed,
2010-07-09,EFA,49.56,50.08,49.48,50.06,30.7129780479,31.0352288265,30.6634010051,31.0228345658,19807000,19807000,0.0,1.0,tiingo_historical_seed,
2010-07-12,EFA,49.65,49.99,49.51,49.87,30.7687522211,30.9794546533,30.6819923961,30.905089089,19512900,19512900,0.0,1.0,tiingo_historical_seed,
2010-07-13,EFA,50.51,50.91,50.41,50.79,31.3017054318,31.5495906461,31.2397341282,31.4752250818,21027200,21027200,0.0,1.0,tiingo_historical_seed,
2010-07-14,EFA,50.57,51.0228,50.4336,50.97,31.338888214,31.6194942765,31.2543593559,31.5867734282,17036100,17036100,0.0,1.0,tiingo_historical_seed,
2010-07-15,EFA,51.08,51.31,50.42,51.22,31.6549418621,31.7974758604,31.2459312586,31.7417016871,21741000,21741000,0.0,1.0,tiingo_historical_seed,
2010-07-16,EFA,50.61,50.62,49.51,49.58,31.3636767354,31.3698738657,30.6819923961,30.7253723086,29092500,29092500,0.0,1.0,tiingo_historical_seed,
2010-07-19,EFA,49.99,50.16,49.48,49.9,30.9794546533,31.0848058693,30.6634010051,30.9236804801,15344100,15344100,0.0,1.0,tiingo_historical_seed,
2010-07-20,EFA,49.14,50.31,49.12,50.24,30.4526985729,31.1777628247,30.4403043122,31.1343829122,17648600,17648600,0.0,1.0,tiingo_historical_seed,
2010-07-21,EFA,50.22,50.25,49.17,49.33,31.1219886515,31.1405800425,30.471289964,30.5704440497,18248500,18248500,0.0,1.0,tiingo_historical_seed,
2010-07-22,EFA,50.52,51.17,50.52,50.99,31.3079025622,31.7107160354,31.3079025622,31.5991676889,25412400,25412400,0.0,1.0,tiingo_historical_seed,
2010-07-23,EFA,50.91,51.6,50.74,51.59,31.5495906461,31.9771926407,31.44423943,31.9709955103,26349100,26349100,0.0,1.0,tiingo_historical_seed,
2010-07-26,EFA,51.31,51.97,51.19,51.95,31.7974758604,32.2064864639,31.7231102961,32.1940922032,29416900,29416900,0.0,1.0,tiingo_historical_seed,
2010-07-27,EFA,52.25,52.3,51.71,52.1,32.3800061139,32.4109917657,32.0453610746,32.2870491585,31043800,31043800,0.0,1.0,tiingo_historical_seed,
2010-07-28,EFA,51.96,52.12,51.67,51.83,32.2002893335,32.2994434192,32.0205725532,32.1197266389,18472800,18472800,0.0,1.0,tiingo_historical_seed,
2010-07-29,EFA,52.58,52.81,51.61,52.07,32.5845114157,32.7270454139,31.9833897711,32.2684577675,20313700,20313700,0.0,1.0,tiingo_historical_seed,
2010-07-30,EFA,51.46,52.25,51.4,51.91,31.8904328157,32.3800061139,31.8532500336,32.1693036818,25265700,25265700,0.0,1.0,tiingo_historical_seed,
2010-08-02,EFA,53.09,53.75,52.96,53.66,32.9005650639,33.3095756674,32.8200023692,33.2538014942,20257000,20257000,0.0,1.0,tiingo_historical_seed,
2010-08-03,EFA,53.42,53.76,53.16,53.58,33.1050703656,33.3157727978,32.9439449763,33.2042244513,18383000,18383000,0.0,1.0,tiingo_historical_seed,
2010-08-04,EFA,53.51,53.77,53.22,53.63,33.1608445388,33.3219699281,32.9811277585,33.2352101031,15891400,15891400,0.0,1.0,tiingo_historical_seed,
2010-08-05,EFA,53.43,53.59,53.15,53.59,33.111267496,33.2104215817,32.937747846,33.2104215817,13158500,13158500,0.0,1.0,tiingo_historical_seed,
2010-08-06,EFA,53.27,53.8,53.09,53.75,33.0121134103,33.3405613192,32.9005650639,33.3095756674,18078700,18078700,0.0,1.0,tiingo_historical_seed,
2010-08-09,EFA,53.89,53.95,53.68,53.81,33.3963354924,33.4335182745,33.2661957549,33.3467584495,13579600,13579600,0.0,1.0,tiingo_historical_seed,
2010-08-10,EFA,52.88,53.63,52.58,53.38,32.7704253264,33.2352101031,32.5845114157,33.0802818442,20251800,20251800,0.0,1.0,tiingo_historical_seed,
2010-08-11,EFA,51.7,51.71,50.87,50.95,32.0391639443,32.0453610746,31.5248021247,31.5743791675,40518300,40518300,0.0,1.0,tiingo_historical_seed,
2010-08-12,EFA,50.51,51.05,50.5,50.89,31.3017054318,31.6363504711,31.2955083015,31.5371963854,22039000,22039000,0.0,1.0,tiingo_historical_seed,
2010-08-13,EFA,50.87,51.17,50.69,50.71,31.5248021247,31.7107160354,31.4132537782,31.425648039,18869200,18869200,0.0,1.0,tiingo_historical_seed,
2010-08-16,EFA,50.72,51.31,50.58,51.12,31.4318451693,31.7974758604,31.3450853443,31.6797303836,16634800,16634800,0.0,1.0,tiingo_historical_seed,
2010-08-17,EFA,51.69,51.98,51.4,51.69,32.0329668139,32.2126835943,31.8532500336,32.0329668139,13630600,13630600,0.0,1.0,tiingo_historical_seed,
2010-08-18,EFA,51.83,52.02,51.46,51.67,32.1197266389,32.2374721157,31.8904328157,32.0205725532,14140600,14140600,0.0,1.0,tiingo_historical_seed,
2010-08-19,EFA,51.7,51.84,50.6,50.84,32.0391639443,32.1259237693,31.357479605,31.5062107336,20836400,20836400,0.0,1.0,tiingo_historical_seed,
2010-08-20,EFA,50.3,50.42,50.0,50.31,31.1715656943,31.2459312586,30.9856517836,31.1777628247,16366900,16366900,0.0,1.0,tiingo_historical_seed,
2010-08-23,EFA,50.56,50.89,50.2,50.21,31.3326910836,31.5371963854,31.1095943908,31.1157915211,13331200,13331200,0.0,1.0,tiingo_historical_seed,
2010-08-24,EFA,49.53,49.86,49.16,49.52,30.6943866569,30.8988919586,30.4650928337,30.6881895265,21659600,21659600,0.0,1.0,tiingo_historical_seed,
2010-08-25,EFA,49.08,49.67,48.82,49.57,30.4155157908,30.7811464819,30.2543904015,30.7191751783,18816000,18816000,0.0,1.0,tiingo_historical_seed,
2010-08-26,EFA,49.85,50.14,49.4,49.55,30.8926948283,31.0724116086,30.6138239622,30.7067809176,16038800,16038800,0.0,1.0,tiingo_historical_seed,
2010-08-27,EFA,50.13,50.58,49.48,50.52,31.0662144783,31.3450853443,30.6634010051,31.3079025622,16814200,16814200,0.0,1.0,tiingo_historical_seed,
2010-08-30,EFA,50.19,50.4,49.78,49.79,31.1033972604,31.2335369979,30.8493149158,30.8555120461,17372300,17372300,0.0,1.0,tiingo_historical_seed,
2010-08-31,EFA,49.74,50.27,49.54,49.94,30.8245263943,31.1529743033,30.7005837872,30.9484690015,24164600,24164600,0.0,1.0,tiingo_historical_seed,
2010-09-01,EFA,51.16,51.9,51.06,51.72,31.704518905,32.1631065514,31.6425476014,32.051558205,25500500,25500500,0.0,1.0,tiingo_historical_seed,
2010-09-02,EFA,51.7,52.01,51.54,52.01,32.0391639443,32.2312749853,31.9400098586,32.2312749853,14665200,14665200,0.0,1.0,tiingo_historical_seed,
2010-09-03,EFA,52.43,52.65,52.15,52.49,32.4915544603,32.6278913282,32.3180348103,32.5287372424,16061700,16061700,0.0,1.0,tiingo_historical_seed,
2010-09-07,EFA,52.1,52.14,51.73,51.76,32.2870491585,32.31183768,32.0577553353,32.0763467264,17975300,17975300,0.0,1.0,tiingo_historical_seed,
2010-09-08,EFA,52.11,52.54,52.08,52.16,32.2932462889,32.5597228942,32.2746548978,32.3242319407,13422600,13422600,0.0,1.0,tiingo_historical_seed,
2010-09-09,EFA,53.0,53.0,52.4,52.65,32.8447908906,32.8447908906,32.4729630692,32.6278913282,14184700,14184700,0.0,1.0,tiingo_historical_seed,
2010-09-10,EFA,52.67,52.86,52.6,52.81,32.6402855889,32.7580310656,32.5969056764,32.7270454139,10187700,10187700,0.0,1.0,tiingo_historical_seed,
2010-09-13,EFA,53.54,53.81,53.46,53.77,33.1794359299,33.3467584495,33.129858887,33.3219699281,23197400,23197400,0.0,1.0,tiingo_historical_seed,
2010-09-14,EFA,53.58,54.34,53.42,54.13,33.2042244513,33.6752063584,33.1050703656,33.5450666209,20933000,20933000,0.0,1.0,tiingo_historical_seed,
2010-09-15,EFA,53.78,54.21,53.54,54.15,33.3281670585,33.5946436638,33.1794359299,33.5574608817,19914900,19914900,0.0,1.0,tiingo_historical_seed,
2010-09-16,EFA,53.76,54.03,53.61,53.89,33.3157727978,33.4830953174,33.2228158424,33.3963354924,18005000,18005000,0.0,1.0,tiingo_historical_seed,
2010-09-17,EFA,53.88,53.98,53.33,53.63,33.390138362,33.4521096656,33.0492961924,33.2352101031,18965300,18965300,0.0,1.0,tiingo_historical_seed,
2010-09-20,EFA,53.91,54.66,53.77,54.56,33.4087297531,33.8735145299,33.3219699281,33.8115432263,17245100,17245100,0.0,1.0,tiingo_historical_seed,
2010-09-21,EFA,54.57,54.98,54.05,54.55,33.8177403566,34.0718227013,33.4954895781,33.8053460959,24148000,24148000,0.0,1.0,tiingo_historical_seed,
2010-09-22,EFA,54.7205,55.01,54.32,54.47,33.9110071685,34.0904140923,33.6628120977,33.7557690531,21603200,21603200,0.0,1.0,tiingo_historical_seed,
2010-09-23,EFA,53.86,54.41,53.755,53.88,33.3777441013,33.7185862709,33.3126742326,33.390138362,20424200,20424200,0.0,1.0,tiingo_historical_seed,
2010-09-24,EFA,54.93,55.48,54.89,55.38,34.0408370495,34.3816792191,34.0160485281,34.3197079155,21041700,21041700,0.0,1.0,tiingo_historical_seed,
2010-09-27,EFA,55.36,55.41,55.05,55.1,34.3073136548,34.3382993066,34.1152026138,34.1461882656,13161000,13161000,0.0,1.0,tiingo_historical_seed,
2010-09-28,EFA,55.22,55.55,54.64,55.42,34.2205538298,34.4250591316,33.8611202691,34.344496437,30726600,30726600,0.0,1.0,tiingo_historical_seed,
2010-09-29,EFA,55.43,55.62,55.15,55.33,34.3506935673,34.4684390441,34.1771739173,34.2887222638,18717500,18717500,0.0,1.0,tiingo_historical_seed,
2010-09-30,EFA,55.61,55.81,54.63,54.92,34.4622419137,34.5861845209,33.8549231388,34.0346399191,30372500,30372500,0.0,1.0,tiingo_historical_seed,
2010-10-01,EFA,55.48,55.59,55.02,55.468,34.3816792191,34.449847653,34.0966112227,34.3742426627,15814900,15814900,0.0,1.0,tiingo_historical_seed,
2010-10-04,EFA,54.99,55.21,54.46,54.67,34.0780198316,34.2143566995,33.7495719227,33.8797116602,14760400,14760400,0.0,1.0,tiingo_historical_seed,
2010-10-05,EFA,55.65,56.38,55.5399,56.22,34.4870304352,34.9394209512,34.4188000299,34.8402668655,25199800,25199800,0.0,1.0,tiingo_historical_seed,
2010-10-06,EFA,56.47,56.71,56.345,56.69,34.9951951244,35.143926253,34.917730995,35.1315319923,24251900,24251900,0.0,1.0,tiingo_historical_seed,
2010-10-07,EFA,57.11,57.12,56.2,56.5,35.3918114673,35.3980085976,34.8278726048,35.0137865155,22281600,22281600,0.0,1.0,tiingo_historical_seed,
2010-10-08,EFA,56.62,56.97,56.43,56.87,35.0881520798,35.3050516423,34.970406603,35.2430803387,16558500,16558500,0.0,1.0,tiingo_historical_seed,
2010-10-11,EFA,56.97,57.0341,56.6,56.8,35.3050516423,35.3447752478,35.0757578191,35.1997004262,9960700,9960700,0.0,1.0,tiingo_historical_seed,
2010-10-12,EFA,56.36,56.83,55.95,56.68,34.9270266905,35.2182918173,34.6729443459,35.1253348619,13383900,13383900,0.0,1.0,tiingo_historical_seed,
2010-10-13,EFA,57.21,57.62,57.08,57.32,35.4537827708,35.7078651154,35.3732200762,35.5219512047,15517400,15517400,0.0,1.0,tiingo_historical_seed,
2010-10-14,EFA,57.73,57.93,57.38,57.72,35.7760335494,35.8999761565,35.5591339869,35.769836419,16135400,16135400,0.0,1.0,tiingo_historical_seed,
2010-10-15,EFA,57.89,57.925,57.12,57.53,35.8751876351,35.8968775913,35.3980085976,35.6520909422,20830900,20830900,0.0,1.0,tiingo_historical_seed,
2010-10-18,EFA,57.42,57.9101,57.25,57.66,35.5839225083,35.8876438671,35.4785712922,35.7326536369,12315200,12315200,0.0,1.0,tiingo_historical_seed,
2010-10-19,EFA,56.65,57.01,56.1099,56.39,35.1067434708,35.3298401637,34.7720364603,34.9456180816,20471000,20471000,0.0,1.0,tiingo_historical_seed,
2010-10-20,EFA,56.73,57.67,56.6861,57.45,35.1563205137,35.7388507672,35.1291151114,35.6025138994,15578900,15578900,0.0,1.0,tiingo_historical_seed,
2010-10-21,EFA,57.5,57.87,56.81,57.14,35.6334995512,35.8627933744,35.2058975566,35.4104028583,14836300,14836300,0.0,1.0,tiingo_historical_seed,
2010-10-22,EFA,57.41,57.5,57.12,57.29,35.577725378,35.6334995512,35.3980085976,35.5033598137,12456000,12456000,0.0,1.0,tiingo_historical_seed,
2010-10-25,EFA,57.89,58.1,57.48,57.51,35.8751876351,36.0053273726,35.6211052905,35.6396966815,13979000,13979000,0.0,1.0,tiingo_historical_seed,
2010-10-26,EFA,56.89,57.2,56.75,57.14,35.2554745994,35.4475856405,35.1687147744,35.4104028583,14724600,14724600,0.0,1.0,tiingo_historical_seed,
2010-10-27,EFA,56.63,56.77,56.07,56.59,35.0943492101,35.1811090351,34.7473099102,35.0695606887,15964500,15964500,0.0,1.0,tiingo_historical_seed,
2010-10-28,EFA,57.18,57.2,56.72,57.03,35.4351913798,35.4475856405,35.1501233833,35.3422344244,15896800,15896800,0.0,1.0,tiingo_historical_seed,
2010-10-29,EFA,56.94,57.14,56.77,57.01,35.2864602512,35.4104028583,35.1811090351,35.3298401637,13268100,13268100,0.0,1.0,tiingo_historical_seed,
2010-11-01,EFA,57.1,57.3,56.4975,56.8,35.3856143369,35.509556944,35.0122372329,35.1997004262,14155000,14155000,0.0,1.0,tiingo_historical_seed,
2010-11-02,EFA,57.68,57.85,57.53,57.74,35.7450478976,35.8503991137,35.6520909422,35.7822306797,13020600,13020600,0.0,1.0,tiingo_historical_seed,
2010-11-03,EFA,57.82,58.14,57.17,58.14,35.8318077226,36.030115894,35.4289942494,36.030115894,24589500,24589500,0.0,1.0,tiingo_historical_seed,
2010-11-04,EFA,59.19,59.505,59.12,59.46,36.6808145815,36.8760241877,36.637434669,36.8481371011,19768900,19768900,0.0,1.0,tiingo_historical_seed,
2010-11-05,EFA,59.15,59.43,58.9011,59.2,36.65602606,36.82954571,36.5017794854,36.6870117118,14176200,14176200,0.0,1.0,tiingo_historical_seed,
2010-11-08,EFA,58.74,58.96,58.49,58.835,36.4019437154,36.5382805832,36.2470154565,36.4608164538,11752500,11752500,0.0,1.0,tiingo_historical_seed,
2010-11-09,EFA,59.2,59.35,58.05,58.252,36.6870117118,36.7799686672,35.9743417208,36.099523754,17333500,17333500,0.0,1.0,tiingo_historical_seed,
2010-11-10,EFA,58.45,58.57,57.65,58.42,36.2222269351,36.2965924993,35.7264565065,36.203635544,19340700,19340700,0.0,1.0,tiingo_historical_seed,
2010-11-11,EFA,57.84,58.01,57.59,57.92,35.8442019833,35.9495531994,35.6892737244,35.8937790261,21357400,21357400,0.0,1.0,tiingo_historical_seed,
2010-11-12,EFA,57.75,58.06,57.13,57.44,35.7884278101,35.9805388511,35.404205728,35.596316769,19040600,19040600,0.0,1.0,tiingo_historical_seed,
2010-11-15,EFA,57.83,57.93,57.39,57.4,35.8380048529,35.8999761565,35.5653311172,35.5715282476,15067500,15067500,0.0,1.0,tiingo_historical_seed,
2010-11-16,EFA,56.9,57.0,55.8,56.05,35.2616717298,35.3236430333,34.5799873905,34.7349156494,40455500,40455500,0.0,1.0,tiingo_historical_seed,
2010-11-17,EFA,56.35,56.67,56.22,56.3575,34.9208295601,35.1191377316,34.8402668655,34.9254774079,22315000,22315000,0.0,1.0,tiingo_historical_seed,
2010-11-18,EFA,57.55,57.83,57.5,57.77,35.6644852029,35.8380048529,35.6334995512,35.8008220708,19343000,19343000,0.0,1.0,tiingo_historical_seed,
2010-11-19,EFA,57.31,57.8,57.03,57.77,35.5157540744,35.8194134619,35.3422344244,35.8008220708,14201100,14201100,0.0,1.0,tiingo_historical_seed,
2010-11-22,EFA,57.1,57.4,56.4898,57.15,35.3856143369,35.5715282476,35.0074654425,35.4165999887,28197600,28197600,0.0,1.0,tiingo_historical_seed,
2010-11-23,EFA,55.87,56.0699,55.29,55.43,34.623367303,34.7472479389,34.2639337423,34.3506935673,22439100,22439100,0.0,1.0,tiingo_historical_seed,
2010-11-24,EFA,55.96,56.33,55.94,56.31,34.6791414762,34.9084352994,34.6667472155,34.8960410387,18834800,18834800,0.0,1.0,tiingo_historical_seed,
2010-11-26,EFA,55.37,55.68,55.27,55.37,34.3135107852,34.5056218262,34.2515394816,34.3135107852,8691400,8691400,0.0,1.0,tiingo_historical_seed,
2010-11-29,EFA,54.77,55.01,54.23,54.88,33.9416829638,34.0904140923,33.6070379245,34.0098513977,25857100,25857100,0.0,1.0,tiingo_historical_seed,
2010-11-30,EFA,53.88,54.535,53.85,54.26,33.390138362,33.7960504004,33.371546971,33.6256293156,26227300,26227300,0.0,1.0,tiingo_historical_seed,
2010-12-01,EFA,55.33,55.84,55.22,55.8,34.2887222638,34.6047759119,34.2205538298,34.5799873905,21834400,21834400,0.0,1.0,tiingo_historical_seed,
2010-12-02,EFA,55.69,56.9,55.64,56.86,34.5118189566,35.2616717298,34.4808333048,35.2368832083,22405800,22405800,0.0,1.0,tiingo_historical_seed,
2010-12-03,EFA,56.9,57.46,56.8499,57.41,35.2616717298,35.6087110297,35.2306241067,35.577725378,17799200,17799200,0.0,1.0,tiingo_historical_seed,
2010-12-06,EFA,56.9,57.2568,56.81,57.15,35.2616717298,35.4827853409,35.2058975566,35.4165999887,15412000,15412000,0.0,1.0,tiingo_historical_seed,
2010-12-07,EFA,57.91,57.98,57.12,57.18,35.8875818958,35.9309618083,35.3980085976,35.4351913798,24787900,24787900,0.0,1.0,tiingo_historical_seed,
2010-12-08,EFA,57.24,57.56,56.905,57.35,35.4723741619,35.6706823333,35.2647702949,35.5405425958,13426500,13426500,0.0,1.0,tiingo_historical_seed,
2010-12-09,EFA,57.52,57.58,57.0846,57.5,35.6458938119,35.683076594,35.3760707561,35.6334995512,14969800,14969800,0.0,1.0,tiingo_historical_seed,
2010-12-10,EFA,57.46,57.69,57.22,57.63,35.6087110297,35.7512450279,35.4599799012,35.7140622458,13417000,13417000,0.0,1.0,tiingo_historical_seed,
2010-12-13,EFA,58.09,58.56,57.985,58.25,35.9991302422,36.290395369,35.9340603735,36.0982843279,15149500,15149500,0.0,1.0,tiingo_historical_seed,
2010-12-14,EFA,58.36,58.71,58.22,58.34,36.1664527618,36.3833523243,36.0796929369,36.1540585011,16046600,16046600,0.0,1.0,tiingo_historical_seed,
2010-12-15,EFA,57.95,58.19,57.42,57.57,35.9123704172,36.0611015458,35.5839225083,35.6768794637,19335800,19335800,0.0,1.0,tiingo_historical_seed,
2010-12-16,EFA,57.6,57.98,57.41,57.89,35.6954708547,35.9309618083,35.577725378,35.8751876351,15424700,15424700,0.0,1.0,tiingo_historical_seed,
2010-12-17,EFA,57.56,57.61,57.26,57.57,35.6706823333,35.7016679851,35.4847684226,35.6768794637,16830000,16830000,0.0,1.0,tiingo_historical_seed,
2010-12-20,EFA,57.85,57.86,57.45,57.7,35.8503991137,35.856596244,35.6025138994,35.7574421583,12685600,12685600,0.0,1.0,tiingo_historical_seed,
2010-12-21,EFA,57.65,57.72,57.521,57.64,36.0600402076,36.1038251654,35.9793507855,36.0537852137,18172500,18172500,0.538194,1.0,tiingo_historical_seed,
2010-12-22,EFA,57.65,57.76,57.55,57.75,36.0600402076,36.1288451413,35.997490268,36.1225901473,9188800,9188800,0.0,1.0,tiingo_historical_seed,
2010-12-23,EFA,57.57,57.76,57.55,57.72,36.0100002559,36.1288451413,35.997490268,36.1038251654,10404000,10404000,0.0,1.0,tiingo_historical_seed,
2010-12-27,EFA,57.38,57.6201,57.28,57.6,35.8911553706,36.0413377757,35.8286054309,36.0287652378,6348600,6348600,0.0,1.0,tiingo_historical_seed,
2010-12-28,EFA,57.91,57.92,57.52,57.65,36.2226700507,36.2289250447,35.9787252861,36.0600402076,9601200,9601200,0.0,1.0,tiingo_historical_seed,
2010-12-29,EFA,58.01,58.29,57.94,58.15,36.2852199904,36.4603598214,36.2414350326,36.3727899059,9244900,9244900,0.0,1.0,tiingo_historical_seed,
2010-12-30,EFA,58.03,58.08,57.65,57.87,36.2977299783,36.3290049481,36.0600402076,36.1976500749,10546300,10546300,0.0,1.0,tiingo_historical_seed,
2010-12-31,EFA,57.87,58.62,57.85,58.22,36.1976500749,36.6667746222,36.1851400869,36.4165748636,28390800,28390800,0.0,1.0,tiingo_historical_seed,
2011-01-03,EFA,58.61,58.87,58.56,58.7,36.6605196283,36.8231494714,36.6292446585,36.716814574,16245400,16245400,0.0,1.0,tiingo_historical_seed,
2011-01-04,EFA,58.95,58.98,58.23,58.52,36.8731894231,36.891954405,36.4228298576,36.6042246826,14583100,14583100,0.0,1.0,tiingo_historical_seed,
2011-01-05,EFA,57.6599,58.27,57.65,58.27,36.0662326517,36.4478498335,36.0600402076,36.4478498335,13008800,13008800,0.0,1.0,tiingo_historical_seed,
2011-01-06,EFA,58.31,58.35,57.47,57.6,36.4728698093,36.4978897852,35.9474503163,36.0287652378,23622100,23622100,0.0,1.0,tiingo_historical_seed,
2011-01-07,EFA,57.69,57.83,57.07,57.37,36.0850601835,36.172630099,35.6972505577,35.8849003766,16347400,16347400,0.0,1.0,tiingo_historical_seed,
2011-01-10,EFA,56.97,57.34,56.715,57.27,35.634700618,35.8661353947,35.4751982719,35.822350437,12666500,12666500,0.0,1.0,tiingo_historical_seed,
2011-01-11,EFA,57.62,57.76,57.36,57.66,36.0412752258,36.1288451413,35.8786453827,36.0662952016,15014100,15014100,0.0,1.0,tiingo_historical_seed,
2011-01-12,EFA,58.35,58.93,58.25,58.93,36.4978897852,36.8606794352,36.4353398455,36.8606794352,20472100,20472100,0.0,1.0,tiingo_historical_seed,
2011-01-13,EFA,59.34,59.51,59.0,59.09,37.1171341877,37.2234690851,36.9044643929,36.9607593386,16441100,16441100,0.0,1.0,tiingo_historical_seed,
2011-01-14,EFA,58.92,59.51,58.88,59.45,36.8544244412,37.2234690851,36.8294044653,37.1859391213,21884200,21884200,0.0,1.0,tiingo_historical_seed,
2011-01-18,EFA,59.71,59.95,59.63,59.84,37.3485689644,37.4986888196,37.2985290127,37.429883886,11977100,11977100,0.0,1.0,tiingo_historical_seed,
2011-01-19,EFA,60.03,60.07,59.26,59.43,37.5487287713,37.5737487472,37.067094236,37.1734291334,19678600,19678600,0.0,1.0,tiingo_historical_seed,
2011-01-20,EFA,58.9,59.145,58.44,58.92,36.8419144533,36.9951618054,36.5541847309,36.8544244412,17207900,17207900,0.0,1.0,tiingo_historical_seed,
2011-01-21,EFA,59.42,59.54,59.08,59.24,37.1671741394,37.242234067,36.9545043446,37.0545842481,13671500,13671500,0.0,1.0,tiingo_historical_seed,
2011-01-24,EFA,59.14,59.87,59.14,59.87,36.9920343084,37.4486488679,36.9920343084,37.4486488679,13494000,13494000,0.0,1.0,tiingo_historical_seed,
2011-01-25,EFA,59.39,59.76,59.2,59.75,37.1484091575,37.3798439342,37.0295642722,37.3735889403,13323300,13323300,0.0,1.0,tiingo_historical_seed,
2011-01-26,EFA,60.03,60.24,59.8475,60.13,37.5487287713,37.6800836446,37.4345751314,37.6112787109,20444700,20444700,0.0,1.0,tiingo_historical_seed,
2011-01-27,EFA,60.19,60.41,59.94,60.27,37.6488086747,37.786418542,37.4924338256,37.6988486264,11889000,11889000,0.0,1.0,tiingo_historical_seed,
2011-01-28,EFA,59.91,60.08,58.81,58.93,37.4736688437,37.5800037411,36.7856195076,36.8606794352,18244200,18244200,0.0,1.0,tiingo_historical_seed,
2011-01-31,EFA,59.41,59.69,59.27,59.44,37.1609191455,37.3360589765,37.07334923,37.1796841274,20763600,20763600,0.0,1.0,tiingo_historical_seed,
2011-02-01,EFA,60.2,60.966,60.12,60.85,37.6550636687,38.1341962064,37.605023717,38.0616382764,25762500,25762500,0.0,1.0,tiingo_historical_seed,
2011-02-02,EFA,60.72,60.97,60.62,60.8,37.9803233549,38.136698204,37.9177734152,38.0303633066,17063200,17063200,0.0,1.0,tiingo_historical_seed,
2011-02-03,EFA,60.51,60.84,60.07,60.81,37.8489684816,38.0553832824,37.5737487472,38.0366183006,11593300,11593300,0.0,1.0,tiingo_historical_seed,
2011-02-04,EFA,60.61,60.81,60.23,60.79,37.9115184213,38.0366183006,37.6738286506,38.0241083126,12648400,12648400,0.0,1.0,tiingo_historical_seed,
2011-02-07,EFA,60.66,61.06,60.63,60.98,37.9427933911,38.1929931497,37.9240284092,38.142953198,13215000,13215000,0.0,1.0,tiingo_historical_seed,
2011-02-08,EFA,61.04,61.4,60.83,61.38,38.1804831617,38.4056629445,38.0491282885,38.3931529566,14437700,14437700,0.0,1.0,tiingo_historical_seed,
2011-02-09,EFA,61.03,61.32,60.87,61.2,38.1742281678,38.3556229928,38.0741482643,38.2805630652,17360700,17360700,0.0,1.0,tiingo_historical_seed,
2011-02-10,EFA,60.36,60.82,60.18,60.8,37.7551435721,38.0428732945,37.6425536808,38.0303633066,13190600,13190600,0.0,1.0,tiingo_historical_seed,
2011-02-11,EFA,60.26,60.93,60.25,60.83,37.6925936325,38.1116782281,37.6863386385,38.0491282885,12115100,12115100,0.0,1.0,tiingo_historical_seed,
2011-02-14,EFA,60.7,61.03,60.64,60.95,37.9678133669,38.1742281678,37.9302834032,38.1241882161,9851200,9851200,0.0,1.0,tiingo_historical_seed,
2011-02-15,EFA,60.89,60.95,60.63,60.77,38.0866582523,38.1241882161,37.9240284092,38.0115983247,14695100,14695100,0.0,1.0,tiingo_historical_seed,
2011-02-16,EFA,61.0,61.56,60.94,61.5,38.1554631859,38.5057428479,38.1179332221,38.4682128841,14665300,14665300,0.0,1.0,tiingo_historical_seed,
2011-02-17,EFA,61.36,61.86,61.33,61.71,38.3806429686,38.6933926669,38.3618779867,38.5995677574,15745900,15745900,0.0,1.0,tiingo_historical_seed,
2011-02-18,EFA,61.7,61.98,61.57,61.9225,38.5933127634,38.7684525944,38.5119978419,38.7324863791,10151400,10151400,0.0,1.0,tiingo_historical_seed,
2011-02-22,EFA,60.63,61.09,60.09,60.15,37.9240284092,38.2117581316,37.5862587351,37.6237886989,24077500,24077500,0.0,1.0,tiingo_historical_seed,
2011-02-23,EFA,60.42,60.63,59.87,60.23,37.7926735359,37.9240284092,37.4486488679,37.6738286506,18757300,18757300,0.0,1.0,tiingo_historical_seed,
2011-02-24,EFA,60.35,60.52,59.8,60.28,37.7488885782,37.8552234756,37.4048639101,37.7051036204,17689600,17689600,0.0,1.0,tiingo_historical_seed,
2011-02-25,EFA,60.69,61.045,60.65,61.0,37.961558373,38.1836106587,37.9365383971,38.1554631859,15585300,15585300,0.0,1.0,tiingo_historical_seed,
2011-02-28,EFA,61.62,61.8,61.2597,61.55,38.5432728117,38.6558627031,38.3179053792,38.499487854,19750700,19750700,0.0,1.0,tiingo_historical_seed,
2011-03-01,EFA,61.76,61.8,60.65,60.69,38.6308427272,38.6558627031,37.9365383971,37.961558373,20476500,20476500,0.0,1.0,tiingo_historical_seed,
2011-03-02,EFA,60.81,61.3,60.74,61.01,38.0366183006,38.3431130048,37.9928333428,38.1617181799,17851200,17851200,0.0,1.0,tiingo_historical_seed,
2011-03-03,EFA,61.53,61.81,61.27,61.79,38.486977866,38.662117697,38.3243480229,38.6496077091,16087800,16087800,0.0,1.0,tiingo_historical_seed,
2011-03-04,EFA,61.57,61.69,60.82,61.23,38.5119978419,38.5870577695,38.0428732945,38.2993280471,18174100,18174100,0.0,1.0,tiingo_historical_seed,
2011-03-07,EFA,61.49,61.6332,60.48,60.64,38.4619578902,38.5515294037,37.8302034997,37.9302834032,16467500,16467500,0.0,1.0,tiingo_historical_seed,
2011-03-08,EFA,60.54,61.0308,60.21,60.83,37.8677334635,38.1747285673,37.6613186627,38.0491282885,13435000,13435000,0.0,1.0,tiingo_historical_seed,
2011-03-09,EFA,60.84,60.99,60.58,60.85,38.0553832824,38.1492081919,37.8927534394,38.0616382764,13058500,13058500,0.0,1.0,tiingo_historical_seed,
2011-03-10,EFA,59.74,59.75,59.25,59.34,37.3673339463,37.3735889403,37.060839242,37.1171341877,24970100,24970100,0.0,1.0,tiingo_historical_seed,
2011-03-11,EFA,58.84,59.485,58.84,59.34,36.8043844895,37.2078316002,36.8043844895,37.1171341877,17713200,17713200,0.0,1.0,tiingo_historical_seed,
2011-03-14,EFA,57.87,58.33,57.64,58.28,36.1976500749,36.4853797973,36.0537852137,36.4541048274,31231300,31231300,0.0,1.0,tiingo_historical_seed,
2011-03-15,EFA,55.2,57.38,55.05,57.06,34.5275666862,35.8911553706,34.4337417768,35.6909955637,43537200,43537200,0.0,1.0,tiingo_historical_seed,
2011-03-16,EFA,56.67,56.86,54.1033,55.29,35.4470507991,35.5658956844,33.8415814981,34.5838616319,40797800,40797800,0.0,1.0,tiingo_historical_seed,
2011-03-17,EFA,57.22,57.45,56.77,57.13,35.7910754672,35.9349403283,35.5096007387,35.7347805215,30662400,30662400,0.0,1.0,tiingo_historical_seed,
2011-03-18,EFA,57.99,58.1,57.65,57.919,36.2727100025,36.3415149361,36.0600402076,36.2282995453,44500400,44500400,0.0,1.0,tiingo_historical_seed,
2011-03-21,EFA,58.97,59.44,58.83,59.345,36.885699411,37.1796841274,36.7981294955,37.1202616847,24131500,24131500,0.0,1.0,tiingo_historical_seed,
2011-03-22,EFA,59.31,59.36,58.89,59.18,37.0983692058,37.1296441756,36.8356594593,37.0170542843,16722000,16722000,0.0,1.0,tiingo_historical_seed,
2011-03-23,EFA,58.82,59.4088,58.59,59.25,36.7918745015,37.1601685462,36.6480096403,37.060839242,17400800,17400800,0.0,1.0,tiingo_historical_seed,
2011-03-24,EFA,59.51,60.04,59.34,60.04,37.2234690851,37.5549837653,37.1171341877,37.5549837653,14473700,14473700,0.0,1.0,tiingo_historical_seed,
2011-03-25,EFA,59.58,59.855,59.36,59.38,37.2672540429,37.4392663769,37.1296441756,37.1421541636,12687500,12687500,0.0,1.0,tiingo_historical_seed,
2011-03-28,EFA,59.55,59.74,59.31,59.35,37.248489061,37.3673339463,37.0983692058,37.1233891817,11879900,11879900,0.0,1.0,tiingo_historical_seed,
2011-03-29,EFA,59.2,59.67,58.9777,59.66,37.0295642722,37.3235489886,36.8905157564,37.3172939946,14375800,14375800,0.0,1.0,tiingo_historical_seed,
2011-03-30,EFA,60.09,60.44,59.9636,60.37,37.5862587351,37.8051835239,37.5071956114,37.7613985661,13689000,13689000,0.0,1.0,tiingo_historical_seed,
2011-03-31,EFA,60.0,60.29,59.84,60.08,37.5299637894,37.7113586144,37.429883886,37.5800037411,21688400,21688400,0.0,1.0,tiingo_historical_seed,
2011-04-01,EFA,60.19,60.7266,59.92,60.65,37.6488086747,37.9844516509,37.4799238377,37.9365383971,15132800,15132800,0.0,1.0,tiingo_historical_seed,
2011-04-04,EFA,60.82,60.86,60.49,60.73,38.0428732945,38.0678932704,37.8364584937,37.9865783488,19410800,19410800,0.0,1.0,tiingo_historical_seed,
2011-04-05,EFA,60.21,60.77,60.16,60.58,37.6613186627,38.0115983247,37.6300436928,37.8927534394,14536800,14536800,0.0,1.0,tiingo_historical_seed,
2011-04-06,EFA,60.83,61.16,60.8,61.08,38.0491282885,38.2555430893,38.0303633066,38.2055031376,14204000,14204000,0.0,1.0,tiingo_historical_seed,
2011-04-07,EFA,60.93,61.13,60.43,60.78,38.1116782281,38.2367781074,37.7989285299,38.0178533187,16050000,16050000,0.0,1.0,tiingo_historical_seed,
2011-04-08,EFA,61.5,61.5916,61.11,61.28,38.4682128841,38.5255086289,38.2242681195,38.3306030169,12447100,12447100,0.0,1.0,tiingo_historical_seed,
2011-04-11,EFA,61.44,61.61,61.03,61.16,38.4306829203,38.5370178177,38.1742281678,38.2555430893,10165800,10165800,0.0,1.0,tiingo_historical_seed,
2011-04-12,EFA,60.88,60.95,60.4116,60.59,38.0804032583,38.1241882161,37.787419341,37.8990084333,14527800,14527800,0.0,1.0,tiingo_historical_seed,
2011-04-13,EFA,61.25,61.29,60.61,60.77,38.311838035,38.3368580109,37.9115184213,38.0115983247,14659800,14659800,0.0,1.0,tiingo_historical_seed,
2011-04-14,EFA,60.58,61.14,60.41,61.04,37.8927534394,38.2430331014,37.786418542,38.1804831617,15109800,15109800,0.0,1.0,tiingo_historical_seed,
2011-04-15,EFA,60.84,61.055,60.6,60.95,38.0553832824,38.1898656527,37.9052634273,38.1241882161,14660500,14660500,0.0,1.0,tiingo_historical_seed,
2011-04-18,EFA,59.61,59.82,59.03,59.7,37.2860190248,37.417373898,36.9232293748,37.3423139705,20667200,20667200,0.0,1.0,tiingo_historical_seed,
2011-04-19,EFA,60.02,60.23,59.83,60.14,37.5424737773,37.6738286506,37.423628892,37.6175337049,11675700,11675700,0.0,1.0,tiingo_historical_seed,
2011-04-20,EFA,61.54,61.73,61.43,61.67,38.49323286,38.6120777453,38.4244279264,38.5745477815,16665900,16665900,0.0,1.0,tiingo_historical_seed,
2011-04-21,EFA,62.12,62.17,61.86,62.07,38.85602251,38.8872974798,38.6933926669,38.8247475401,12811800,12811800,0.0,1.0,tiingo_historical_seed,
2011-04-25,EFA,62.14,62.19,61.8301,62.07,38.8685324979,38.8998074677,38.6746902349,38.8247475401,11593100,11593100,0.0,1.0,tiingo_historical_seed,
2011-04-26,EFA,62.23,62.66,62.11,62.55,38.9248274436,39.1937921841,38.849767516,39.1249872504,11400000,11400000,0.0,1.0,tiingo_historical_seed,
2011-04-27,EFA,62.76,63.39,62.35,63.33,39.2563421237,39.6504067435,38.9998873711,39.6128767797,16032300,16032300,0.0,1.0,tiingo_historical_seed,
2011-04-28,EFA,63.29,63.79,63.28,63.76,39.5878568038,39.9006065021,39.5816018099,39.8818415202,19808900,19808900,0.0,1.0,tiingo_historical_seed,
2011-04-29,EFA,63.79,64.07,63.46,63.46,39.9006065021,40.0757463331,39.6941917013,39.6941917013,17700000,17700000,0.0,1.0,tiingo_historical_seed,
2011-05-02,EFA,64.13,64.35,63.78,63.87,40.1132762969,40.2508861641,39.8943515081,39.9506464538,18704300,18704300,0.0,1.0,tiingo_historical_seed,
2011-05-03,EFA,63.65,63.825,63.06,63.35,39.8130365866,39.922498981,39.4439919427,39.6253867676,14222300,14222300,0.0,1.0,tiingo_historical_seed,
2011-05-04,EFA,63.43,63.44,62.59,62.81,39.6754267194,39.6816817133,39.1500072263,39.2876170935,18561500,18561500,0.0,1.0,tiingo_historical_seed,
2011-05-05,EFA,62.11,62.28,61.32,61.57,38.849767516,38.9561024134,38.3556229928,38.5119978419,25543500,25543500,0.0,1.0,tiingo_historical_seed,
2011-05-06,EFA,62.43,62.65,61.26,61.6,39.0499273229,39.1875371901,38.318093029,38.5307628238,24517800,24517800,0.0,1.0,tiingo_historical_seed,
2011-05-09,EFA,61.62,62.09,61.36,62.04,38.5432728117,38.8372575281,38.3806429686,38.8059825582,17228200,17228200,0.0,1.0,tiingo_historical_seed,
2011-05-10,EFA,62.25,62.66,62.12,62.63,38.9373374315,39.1937921841,38.85602251,39.1750272022,15708200,15708200,0.0,1.0,tiingo_historical_seed,
2011-05-11,EFA,62.3,62.37,61.13,61.37,38.9686124013,39.0123973591,38.2367781074,38.3868979626,33177300,33177300,0.0,1.0,tiingo_historical_seed,
2011-05-12,EFA,61.18,61.86,60.8,61.57,38.2680530773,38.6933926669,38.0303633066,38.5119978419,22162200,22162200,0.0,1.0,tiingo_historical_seed,
2011-05-13,EFA,61.45,61.49,60.2799,60.61,38.4369379143,38.4619578902,37.7050410705,37.9115184213,20874000,20874000,0.0,1.0,tiingo_historical_seed,
2011-05-16,EFA,60.45,61.16,60.31,60.5,37.8114385178,38.2555430893,37.7238686023,37.8427134876,19340700,19340700,0.0,1.0,tiingo_historical_seed,
2011-05-17,EFA,60.18,60.66,59.9,60.63,37.6425536808,37.9427933911,37.4674138497,37.9240284092,18296900,18296900,0.0,1.0,tiingo_historical_seed,
2011-05-18,EFA,60.56,61.18,60.42,61.0,37.8802434514,38.2680530773,37.7926735359,38.1554631859,12848200,12848200,0.0,1.0,tiingo_historical_seed,
2011-05-19,EFA,61.18,61.4164,60.81,61.35,38.2680530773,38.4159211346,38.0366183006,38.3743879747,10888100,10888100,0.0,1.0,tiingo_historical_seed,
2011-05-20,EFA,60.93,61.0,60.25,60.48,38.1116782281,38.1554631859,37.6863386385,37.8302034997,18552000,18552000,0.0,1.0,tiingo_historical_seed,
2011-05-23,EFA,59.08,59.33,58.82,59.08,36.9545043446,37.1108791937,36.7918745015,36.9545043446,20519400,20519400,0.0,1.0,tiingo_historical_seed,
2011-05-24,EFA,59.57,59.77,59.24,59.42,37.2609990489,37.3860989282,37.0545842481,37.1671741394,17309500,17309500,0.0,1.0,tiingo_historical_seed,
2011-05-25,EFA,59.24,59.96,59.2,59.8,37.0545842481,37.5049438135,37.0295642722,37.4048639101,15848600,15848600,0.0,1.0,tiingo_historical_seed,
2011-05-26,EFA,60.06,60.51,59.71,60.36,37.5674937532,37.8489684816,37.3485689644,37.7551435721,18511100,18511100,0.0,1.0,tiingo_historical_seed,
2011-05-27,EFA,60.68,60.99,60.59,60.8,37.955303379,38.1492081919,37.8990084333,38.0303633066,17160100,17160100,0.0,1.0,tiingo_historical_seed,
2011-05-31,EFA,61.81,62.06,61.445,62.06,38.662117697,38.8184925462,38.4338104173,38.8184925462,33441600,33441600,0.0,1.0,tiingo_historical_seed,
2011-06-01,EFA,61.72,61.79,60.515,60.59,38.6058227514,38.6496077091,37.8520959786,37.8990084333,25264400,25264400,0.0,1.0,tiingo_historical_seed,
2011-06-02,EFA,60.88,61.02,60.24,60.9,38.0804032583,38.1679731738,37.6800836446,38.0929132462,19489600,19489600,0.0,1.0,tiingo_historical_seed,
2011-06-03,EFA,60.28,61.275,60.26,60.93,37.7051036204,38.3274755199,37.6925936325,38.1116782281,21376300,21376300,0.0,1.0,tiingo_historical_seed,
2011-06-06,EFA,60.78,60.83,60.095,60.14,38.0178533187,38.0491282885,37.5893862321,37.6175337049,16339800,16339800,0.0,1.0,tiingo_historical_seed,
2011-06-07,EFA,60.9,61.14,60.66,60.69,38.0929132462,38.2430331014,37.9427933911,37.961558373,23850300,23850300,0.0,1.0,tiingo_historical_seed,
2011-06-08,EFA,60.24,60.44,59.8229,59.91,37.6800836446,37.8051835239,37.4191878463,37.4736688437,18499300,18499300,0.0,1.0,tiingo_historical_seed,
2011-06-09,EFA,60.11,60.68,59.965,60.53,37.598768723,37.955303379,37.5080713105,37.8614784695,14991000,14991000,0.0,1.0,tiingo_historical_seed,
2011-06-10,EFA,60.0,60.02,58.95,59.13,37.5299637894,37.5424737773,36.8731894231,36.9857793145,23965600,23965600,0.0,1.0,tiingo_historical_seed,
2011-06-13,EFA,59.35,59.58,58.8928,59.22,37.1233891817,37.2672540429,36.8374108576,37.0420742601,26144800,26144800,0.0,1.0,tiingo_historical_seed,
2011-06-14,EFA,60.07,60.44,60.02,60.27,37.5737487472,37.8051835239,37.5424737773,37.6988486264,16389900,16389900,0.0,1.0,tiingo_historical_seed,
2011-06-15,EFA,59.08,59.31,58.155,58.29,36.9545043446,37.0983692058,36.3759174029,36.4603598214,26678400,26678400,0.0,1.0,tiingo_historical_seed,
2011-06-16,EFA,58.02,58.41,57.59,58.09,36.2914749843,36.535419749,36.0225102439,36.3352599421,21331500,21331500,0.0,1.0,tiingo_historical_seed,
2011-06-17,EFA,58.88,58.96,58.51,58.66,36.8294044653,36.879444417,36.5979696886,36.6917945981,22489900,22489900,0.0,1.0,tiingo_historical_seed,
2011-06-20,EFA,58.24,58.75,58.24,58.59,36.4290848516,36.7480895438,36.4290848516,36.6480096403,16304000,16304000,0.0,1.0,tiingo_historical_seed,
2011-06-21,EFA,59.16,59.89,59.09,59.86,37.0045442963,37.4611588558,36.9607593386,37.4423938739,17407400,17407400,0.0,1.0,tiingo_historical_seed,
2011-06-22,EFA,58.42,58.77,58.12,58.15,37.2586789577,37.4818993897,37.0673471589,37.0864803388,20975200,20975200,1.140993,1.0,tiingo_historical_seed,
2011-06-23,EFA,57.06,57.68,56.7,57.65,36.3913081364,36.7867271873,36.1617099778,36.7675940074,22617400,22617400,0.0,1.0,tiingo_historical_seed,
2011-06-24,EFA,57.68,57.7,57.01,57.1,36.7867271873,36.7994826406,36.3594195033,36.4168190429,18681900,18681900,0.0,1.0,tiingo_historical_seed,
2011-06-27,EFA,57.06,57.72,56.94,57.57,36.3913081364,36.8122380938,36.3147754169,36.7165721944,16916400,16916400,0.0,1.0,tiingo_historical_seed,
2011-06-28,EFA,57.82,58.315,57.75,58.26,36.8760153601,37.1917128281,36.8313712737,37.1566353317,20936100,20936100,0.0,1.0,tiingo_historical_seed,
2011-06-29,EFA,58.9,59.325,58.56,59.28,37.5648098359,37.8358632175,37.3479671305,37.8071634477,28707600,28707600,0.0,1.0,tiingo_historical_seed,
2011-06-30,EFA,59.57,60.33,59.48,60.14,37.9921175199,38.4768247436,37.9347179802,38.3556479377,30800700,30800700,0.0,1.0,tiingo_historical_seed,
2011-07-01,EFA,60.05,60.86,59.88,60.8,38.298248398,38.8148442548,38.1898270453,38.7765778951,17093200,17093200,0.0,1.0,tiingo_historical_seed,
2011-07-05,EFA,60.54,60.72,60.275,60.44,38.6107570028,38.7255560821,38.4417472471,38.5469797365,17598300,17598300,0.0,1.0,tiingo_historical_seed,
2011-07-06,EFA,59.93,60.15,59.64,60.06,38.2217156785,38.3620256643,38.0367616063,38.3046261246,12980200,12980200,0.0,1.0,tiingo_historical_seed,
2011-07-07,EFA,60.41,60.71,60.32,60.58,38.5278465566,38.7191783554,38.470447017,38.6362679093,15687200,15687200,0.0,1.0,tiingo_historical_seed,
2011-07-08,EFA,59.92,60.15,59.5,59.83,38.2153379519,38.3620256643,37.9474734335,38.1579384122,17211100,17211100,0.0,1.0,tiingo_historical_seed,
2011-07-11,EFA,58.51,58.66,57.91,58.02,37.3160784974,37.4117443968,36.9334148997,37.0035698926,25138000,25138000,0.0,1.0,tiingo_historical_seed,
2011-07-12,EFA,57.67,58.29,57.56,57.63,36.7803494607,37.1757685116,36.7101944678,36.7548385542,17446900,17446900,0.0,1.0,tiingo_historical_seed,
2011-07-13,EFA,58.28,59.08,58.15,58.49,37.1693907849,37.6796089151,37.0864803388,37.3033230441,22333600,22333600,0.0,1.0,tiingo_historical_seed,
2011-07-14,EFA,58.8,58.92,57.85,57.98,37.5010325696,37.5775652891,36.89514854,36.9780589861,24454000,24454000,0.0,1.0,tiingo_historical_seed,
2011-07-15,EFA,58.27,58.49,57.89,58.18,37.1630130583,37.3033230441,36.9206594465,37.1056135187,20163000,20163000,0.0,1.0,tiingo_historical_seed,
2011-07-18,EFA,57.44,57.61,56.85,57.32,36.6336617482,36.7420831009,36.2573758772,36.5571290287,23639200,23639200,0.0,1.0,tiingo_historical_seed,
2011-07-19,EFA,57.81,58.32,57.81,58.18,36.8696376335,37.1949016915,36.8696376335,37.1056135187,20782400,20782400,0.0,1.0,tiingo_historical_seed,
2011-07-20,EFA,58.7,58.95,58.39,58.87,37.4372553033,37.596698469,37.2395457778,37.545676656,15577400,15577400,0.0,1.0,tiingo_historical_seed,
2011-07-21,EFA,59.47,60.215,59.37,60.12,37.9283402536,38.4034808874,37.8645629873,38.3428924844,26791900,26791900,0.0,1.0,tiingo_historical_seed,
2011-07-22,EFA,60.16,60.25,59.73,60.18,38.3684033909,38.4258029306,38.0941611459,38.3811588442,11854600,11854600,0.0,1.0,tiingo_historical_seed,
2011-07-25,EFA,59.8,60.07,59.67,59.8,38.1388052323,38.3110038513,38.0558947862,38.1388052323,15580200,15580200,0.0,1.0,tiingo_historical_seed,
2011-07-26,EFA,60.12,60.37,59.85,60.16,38.3428924844,38.5023356501,38.1706938655,38.3684033909,14454200,14454200,0.0,1.0,tiingo_historical_seed,
2011-07-27,EFA,59.77,59.79,58.59,58.7,38.1196720524,38.1324275057,37.3671003104,37.4372553033,29604200,29604200,0.0,1.0,tiingo_historical_seed,
2011-07-28,EFA,58.61,59.16,58.5,58.56,37.3798557637,37.7306307282,37.3097007708,37.3479671305,17540500,17540500,0.0,1.0,tiingo_historical_seed,
2011-07-29,EFA,58.46,59.24,58.22,58.71,37.2841898642,37.7816525412,37.1311244252,37.4436330299,28563800,28563800,0.0,1.0,tiingo_historical_seed,
2011-08-01,EFA,59.37,59.3995,57.4964,57.97,37.8645629873,37.8833772809,36.6696321264,36.9716812595,26159000,26159000,0.0,1.0,tiingo_historical_seed,
2011-08-02,EFA,57.31,57.81,56.43,56.44,36.5507513021,36.8696376335,35.9895113589,35.9958890855,25546200,25546200,0.0,1.0,tiingo_historical_seed,
2011-08-03,EFA,56.8,56.89,55.79,56.77,36.2254872441,36.2828867837,35.5813368547,36.2063540642,36176300,36176300,0.0,1.0,tiingo_historical_seed,
2011-08-04,EFA,54.89,55.01,52.74,52.81,35.0073414582,35.0838741778,33.6361302333,33.6807743197,39911200,39911200,0.0,1.0,tiingo_historical_seed,
2011-08-05,EFA,54.01,54.205,51.78,53.745,34.446101515,34.5704671842,33.0238684771,34.2770917594,61793400,61793400,0.0,1.0,tiingo_historical_seed,
2011-08-08,EFA,51.72,52.41,49.6301,49.73,32.9856021173,33.4256652546,31.6527210294,31.7164345185,53894700,53894700,0.0,1.0,tiingo_historical_seed,
2011-08-09,EFA,51.68,53.08,50.19,53.08,32.9600912108,33.8529729387,32.0098099433,33.8529729387,55660900,55660900,0.0,1.0,tiingo_historical_seed,
2011-08-10,EFA,51.63,51.683,49.84,49.91,32.9282025777,32.9620045288,31.7865895114,31.8312335977,43347500,43347500,0.0,1.0,tiingo_historical_seed,
2011-08-11,EFA,50.16,52.68,50.08,52.3,31.9906767634,33.5978638736,31.9396549504,33.3555102617,35724500,35724500,0.0,1.0,tiingo_historical_seed,
2011-08-12,EFA,52.85,53.31,52.2,52.9,33.7062852262,33.9996606511,33.2917329954,33.7381738594,26243500,26243500,0.0,1.0,tiingo_historical_seed,
2011-08-15,EFA,53.54,54.14,53.53,54.13,34.1463483635,34.5290119612,34.1399706369,34.5226342345,20913700,20913700,0.0,1.0,tiingo_historical_seed,
2011-08-16,EFA,53.19,53.96,52.785,53.34,33.9231279316,34.4142128819,33.6648300031,34.018793831,23238300,23238300,0.0,1.0,tiingo_historical_seed,
2011-08-17,EFA,53.85,54.3,53.33,53.65,34.344057889,34.6310555872,34.0124161043,34.2165033564,20680200,20680200,0.0,1.0,tiingo_historical_seed,
2011-08-18,EFA,51.7,51.82,50.59,51.04,32.9728466641,33.0493793836,32.2649190084,32.5519167067,32657800,32657800,0.0,1.0,tiingo_historical_seed,
2011-08-19,EFA,50.44,51.69,50.1,50.17,32.169253109,32.9664689374,31.9524104037,31.9970544901,29395100,29395100,0.0,1.0,tiingo_historical_seed,
2011-08-22,EFA,51.72,51.76,50.45,50.49,32.9856021173,33.0111130238,32.1756308356,32.2011417421,23408300,23408300,0.0,1.0,tiingo_historical_seed,
2011-08-23,EFA,51.09,52.18,50.76,52.13,32.5838053398,33.2789775422,32.3733403611,33.247088909,24830200,24830200,0.0,1.0,tiingo_historical_seed,
2011-08-24,EFA,51.71,52.45,51.42,52.15,32.9792243907,33.4511761611,32.7942703185,33.2598443623,18042600,18042600,0.0,1.0,tiingo_historical_seed,
2011-08-25,EFA,52.02,52.23,50.73,50.89,33.1769339161,33.3108661753,32.3542071812,32.4562508072,18597700,18597700,0.0,1.0,tiingo_historical_seed,
2011-08-26,EFA,50.72,51.86,50.16,51.69,32.3478294546,33.0748902901,31.9906767634,32.9664689374,26600900,26600900,0.0,1.0,tiingo_historical_seed,
2011-08-29,EFA,52.44,52.95,52.42,52.92,33.4447984345,33.7700624925,33.4320429812,33.7509293126,18267000,18267000,0.0,1.0,tiingo_historical_seed,
2011-08-30,EFA,52.33,52.85,51.93,52.61,33.3746434416,33.7062852262,33.1195343765,33.5532197872,16811400,16811400,0.0,1.0,tiingo_historical_seed,
2011-08-31,EFA,53.45,53.9,53.215,53.57,34.0889488239,34.3759465221,33.9390722481,34.1654815434,29114100,29114100,0.0,1.0,tiingo_historical_seed,
2011-09-01,EFA,53.31,53.8,52.91,52.91,33.9996606511,34.3121692558,33.744551586,33.744551586,21110800,21110800,0.0,1.0,tiingo_historical_seed,
2011-09-02,EFA,51.95,52.27,51.62,51.73,33.1322898298,33.3363770818,32.921824851,32.9919798439,23310400,23310400,0.0,1.0,tiingo_historical_seed,
2011-09-06,EFA,49.3,50.06,49.15,50.029,31.4421922735,31.9268994972,31.3465263741,31.9071285446,27238100,27238100,0.0,1.0,tiingo_historical_seed,
2011-09-07,EFA,50.73,51.53,50.57,51.52,32.3542071812,32.8644253114,32.2521635552,32.8580475848,18331400,18331400,0.0,1.0,tiingo_historical_seed,
2011-09-08,EFA,50.79,51.39,50.365,50.5,32.392473541,32.7751371386,32.1214201593,32.2075194688,17412400,17412400,0.0,1.0,tiingo_historical_seed,
2011-09-09,EFA,49.53,49.73,48.54,48.75,31.5888799859,31.7164345185,30.9574850498,31.091417309,23270800,23270800,0.0,1.0,tiingo_historical_seed,
2011-09-12,EFA,47.9,48.56,47.41,48.54,30.5493105456,30.970240503,30.2368019409,30.9574850498,31133200,31133200,0.0,1.0,tiingo_historical_seed,
2011-09-13,EFA,48.54,49.23,48.37,49.06,30.9574850498,31.3975481871,30.8490636971,31.2891268344,27622400,27622400,0.0,1.0,tiingo_historical_seed,
2011-09-14,EFA,49.23,50.18,48.41,49.8,31.3975481871,32.0034322167,30.8745746036,31.7610786048,26017000,26017000,0.0,1.0,tiingo_historical_seed,
2011-09-15,EFA,50.57,50.92,50.21,50.88,32.2521635552,32.4753839871,32.0225653966,32.4498730806,36415500,36415500,0.0,1.0,tiingo_historical_seed,
2011-09-16,EFA,50.97,51.13,50.36,50.9,32.5072726203,32.6093162463,32.118231296,32.4626285339,19035400,19035400,0.0,1.0,tiingo_historical_seed,
2011-09-19,EFA,49.21,49.83,48.9,49.5,31.3847927338,31.7802117847,31.1870832084,31.569746806,22184900,22184900,0.0,1.0,tiingo_historical_seed,
2011-09-20,EFA,49.71,50.24,49.31,49.7,31.7036790652,32.0416985765,31.4485700001,31.6973013386,27969100,27969100,0.0,1.0,tiingo_historical_seed,
2011-09-21,EFA,49.65,49.84,48.2,48.22,31.6654127054,31.7865895114,30.7406423444,30.7533977977,74730700,74730700,0.0,1.0,tiingo_historical_seed,
2011-09-22,EFA,46.71,47.0,46.08,46.66,29.790361077,29.9753151492,29.3885642994,29.7584724438,49431400,49431400,0.0,1.0,tiingo_historical_seed,
2011-09-23,EFA,46.3,47.28,46.23,47.19,29.5288742852,30.1538914947,29.4842301988,30.0964919551,39581500,39581500,0.0,1.0,tiingo_historical_seed,
2011-09-26,EFA,47.5,48.2,46.8,48.16,30.2942014805,30.7406423444,29.8477606166,30.7151314379,24237700,24237700,0.0,1.0,tiingo_historical_seed,
2011-09-27,EFA,49.53,50.16,49.06,49.35,31.5888799859,31.9906767634,31.2891268344,31.4740809066,35316000,35316000,0.0,1.0,tiingo_historical_seed,
2011-09-28,EFA,49.63,49.9,48.45,48.51,31.6526572522,31.8248558711,30.9000855101,30.9383518699,32537000,32537000,0.0,1.0,tiingo_historical_seed,
2011-09-29,EFA,49.81,49.99,48.75,49.46,31.7674563315,31.8822554108,31.091417309,31.5442358995,29540100,29540100,0.0,1.0,tiingo_historical_seed,
2011-09-30,EFA,48.25,48.66,47.75,47.78,30.7725309776,31.0340177693,30.4536446462,30.4727778261,29785700,29785700,0.0,1.0,tiingo_historical_seed,
2011-10-03,EFA,47.31,47.98,46.5,46.52,30.1730246746,30.6003323586,29.6564288178,29.669184271,31113700,31113700,0.0,1.0,tiingo_historical_seed,
2011-10-04,EFA,46.02,47.31,45.45,47.3,29.3502979397,30.1730246746,28.9867675219,30.166646948,37700000,37700000,0.0,1.0,tiingo_historical_seed,
2011-10-05,EFA,47.24,48.08,46.88,48.03,30.1283805882,30.6641096249,29.8987824296,30.6322209918,33843200,33843200,0.0,1.0,tiingo_historical_seed,
2011-10-06,EFA,48.0,49.35,47.86,49.32,30.6130878119,31.4740809066,30.5237996391,31.4549477267,30835600,30835600,0.0,1.0,tiingo_historical_seed,
2011-10-07,EFA,49.57,49.83,48.86,48.98,31.6143908924,31.7802117847,31.1615723019,31.2381050214,32306700,32306700,0.0,1.0,tiingo_historical_seed,
2011-10-10,EFA,50.15,50.89,50.15,50.85,31.9842990368,32.4562508072,31.9842990368,32.4307399007,22300800,22300800,0.0,1.0,tiingo_historical_seed,
2011-10-11,EFA,50.17,50.82,50.09,50.76,31.9970544901,32.4116067208,31.946032677,32.3733403611,22967800,22967800,0.0,1.0,tiingo_historical_seed,
2011-10-12,EFA,51.45,52.0,51.37,51.5,32.8134034984,33.1641784629,32.7623816854,32.8452921315,40438500,40438500,0.0,1.0,tiingo_historical_seed,
2011-10-13,EFA,51.18,51.57,50.74,51.52,32.6412048794,32.8899362179,32.3605849078,32.8580475848,16967200,16967200,0.0,1.0,tiingo_historical_seed,
2011-10-14,EFA,52.01,52.21,51.63,52.12,33.1705561895,33.2981107221,32.9282025777,33.2407111824,16226500,16226500,0.0,1.0,tiingo_historical_seed,
2011-10-17,EFA,51.72,51.74,50.79,50.92,32.9856021173,32.9983575706,32.392473541,32.4753839871,15645500,15645500,0.0,1.0,tiingo_historical_seed,
2011-10-18,EFA,50.82,52.015,50.23,51.65,32.4116067208,33.1737450528,32.0353208498,32.9409580309,27807500,27807500,0.0,1.0,tiingo_historical_seed,
2011-10-19,EFA,51.36,51.54,50.64,50.72,32.7560039587,32.870803038,32.2968076416,32.3478294546,18229900,18229900,0.0,1.0,tiingo_historical_seed,
2011-10-20,EFA,50.87,50.94,50.06,50.85,32.443495354,32.4881394404,31.9268994972,32.4307399007,23120200,23120200,0.0,1.0,tiingo_historical_seed,
2011-10-21,EFA,51.66,52.11,51.58,52.08,32.9473357576,33.2343334558,32.8963139445,33.2152002759,21149500,21149500,0.0,1.0,tiingo_historical_seed,
2011-10-24,EFA,52.06,52.95,52.05,52.86,33.2024448227,33.7700624925,33.196067096,33.7126629529,16040000,16040000,0.0,1.0,tiingo_historical_seed,
2011-10-25,EFA,52.51,52.58,51.76,51.95,33.4894425209,33.5340866073,33.0111130238,33.1322898298,25668900,25668900,0.0,1.0,tiingo_historical_seed,
2011-10-26,EFA,52.8401,52.95,51.61,52.66,33.6999712769,33.7700624925,32.9154471244,33.5851084203,19159800,19159800,0.0,1.0,tiingo_historical_seed,
2011-10-27,EFA,55.06,55.87,54.58,55.43,35.1157628109,35.6323586677,34.8096319328,35.3517386961,27559600,27559600,0.0,1.0,tiingo_historical_seed,
2011-10-28,EFA,54.87,55.26,54.73,55.25,34.994586005,35.2433173434,34.9052978322,35.2369396168,41372400,41372400,0.0,1.0,tiingo_historical_seed,
2011-10-31,EFA,53.64,53.68,52.37,52.38,34.2101256298,34.2356365363,33.4001543481,33.4065320747,29378700,29378700,0.0,1.0,tiingo_historical_seed,
2011-11-01,EFA,50.27,51.315,50.15,50.74,32.0608317563,32.7273041889,31.9842990368,32.3605849078,34733100,34733100,0.0,1.0,tiingo_historical_seed,
2011-11-02,EFA,51.16,51.56,50.86,51.17,32.6284494262,32.8835584913,32.4371176274,32.6348271528,24423500,24423500,0.0,1.0,tiingo_historical_seed,
2011-11-03,EFA,51.99,52.65,51.22,52.46,33.1578007363,33.5787306937,32.6667157859,33.4575538878,23891000,23891000,0.0,1.0,tiingo_historical_seed,
2011-11-04,EFA,51.85,52.035,51.21,51.8,33.0685125635,33.1865005061,32.6603380593,33.0366239303,23089500,23089500,0.0,1.0,tiingo_historical_seed,
2011-11-07,EFA,51.74,52.11,51.3501,52.02,32.9983575706,33.2343334558,32.7496900094,33.1769339161,21383700,21383700,0.0,1.0,tiingo_historical_seed,
2011-11-08,EFA,52.3,52.8,51.82,52.65,33.3555102617,33.6743965931,33.0493793836,33.5787306937,22483600,22483600,0.0,1.0,tiingo_historical_seed,
2011-11-09,EFA,50.69,50.8394,49.83,49.95,32.3286962747,32.4239795105,31.7802117847,31.8567445043,28669400,28669400,0.0,1.0,tiingo_historical_seed,
2011-11-10,EFA,50.95,50.99,50.04,50.54,32.494517167,32.5200280735,31.9141440439,32.2330303753,25065000,25065000,0.0,1.0,tiingo_historical_seed,
2011-11-11,EFA,51.33,51.96,51.3,51.8,32.7368707788,33.1386675564,32.717737599,33.0366239303,19095800,19095800,0.0,1.0,tiingo_historical_seed,
2011-11-14,EFA,51.1902,51.33,50.64,50.88,32.6477101606,32.7368707788,32.2968076416,32.4498730806,16886200,16886200,0.0,1.0,tiingo_historical_seed,
2011-11-15,EFA,50.72,51.065,50.34,50.739,32.3478294546,32.5678610232,32.1054758427,32.3599471352,23477400,23477400,0.0,1.0,tiingo_historical_seed,
2011-11-16,EFA,50.2,50.67,49.75,49.77,32.0161876699,32.3159408214,31.7291899717,31.741945425,26147100,26147100,0.0,1.0,tiingo_historical_seed,
2011-11-17,EFA,50.01,50.22,49.03,49.23,31.895010864,32.0289431232,31.2699936545,31.3975481871,28385300,28385300,0.0,1.0,tiingo_historical_seed,
2011-11-18,EFA,49.81,49.84,49.3,49.4,31.7674563315,31.7865895114,31.4421922735,31.5059695397,16813600,16813600,0.0,1.0,tiingo_historical_seed,
2011-11-21,EFA,48.39,48.45,47.79,48.15,30.8618191504,30.9000855101,30.4791555527,30.7087537113,25465000,25465000,0.0,1.0,tiingo_historical_seed,
2011-11-22,EFA,48.1,48.31,47.72,48.01,30.6768650782,30.8107973374,30.4345114663,30.6194655385,29937500,29937500,0.0,1.0,tiingo_historical_seed,
2011-11-23,EFA,47.41,47.47,46.64,46.69,30.2368019409,30.2750683006,29.7457169906,29.7776056237,27206700,27206700,0.0,1.0,tiingo_historical_seed,
2011-11-25,EFA,46.6,47.11,46.45,46.45,29.7202060841,30.0454701421,29.6245401846,29.6245401846,10871200,10871200,0.0,1.0,tiingo_historical_seed,
2011-11-28,EFA,48.47,48.62,48.12,48.43,30.9128409634,31.0085068628,30.6896205314,30.8873300569,21753000,21753000,0.0,1.0,tiingo_historical_seed,
2011-11-29,EFA,48.66,49.0,48.47,48.75,31.0340177693,31.2508604746,30.9128409634,31.091417309,23035900,23035900,0.0,1.0,tiingo_historical_seed,
2011-11-30,EFA,50.69,51.3,50.58,51.24,32.3286962747,32.717737599,32.2585412818,32.6794712392,43525100,43525100,0.0,1.0,tiingo_historical_seed,
2011-12-01,EFA,50.98,51.36,50.628,50.8,32.5136503469,32.7560039587,32.2891543696,32.3988512676,19770900,19770900,0.0,1.0,tiingo_historical_seed,
2011-12-02,EFA,51.46,51.48,50.77,50.79,32.819781225,32.8325366783,32.3797180877,32.392473541,17848000,17848000,0.0,1.0,tiingo_historical_seed,
2011-12-05,EFA,51.76,51.81,51.06,51.37,33.0111130238,33.043001657,32.5646721599,32.7623816854,18107200,18107200,0.0,1.0,tiingo_historical_seed,
2011-12-06,EFA,51.08,51.468,50.95,51.13,32.5774276132,32.8248834063,32.494517167,32.6093162463,21382100,21382100,0.0,1.0,tiingo_historical_seed,
2011-12-07,EFA,50.79,51.7,50.57,51.49,32.392473541,32.9728466641,32.2521635552,32.8389144049,29174100,29174100,0.0,1.0,tiingo_historical_seed,
2011-12-08,EFA,50.78,50.8601,49.74,49.8,32.3860958143,32.4371814046,31.7228122451,31.7610786048,26351100,26351100,0.0,1.0,tiingo_historical_seed,
2011-12-09,EFA,50.26,51.07,50.24,51.04,32.0544540297,32.5710498865,32.0416985765,32.5519167067,20706100,20706100,0.0,1.0,tiingo_historical_seed,
2011-12-12,EFA,49.95,49.96,49.26,49.55,31.8567445043,31.8631222309,31.416681367,31.6016354392,23868300,23868300,0.0,1.0,tiingo_historical_seed,
2011-12-13,EFA,49.78,50.14,48.65,48.88,31.7483231516,31.9779213102,31.0276400427,31.1743277551,33861500,33861500,0.0,1.0,tiingo_historical_seed,
2011-12-14,EFA,48.6,48.78,48.14,48.3,30.9957514095,31.1105504888,30.7023759847,30.8044196107,28164100,28164100,0.0,1.0,tiingo_historical_seed,
2011-12-15,EFA,48.88,48.95,48.37,48.54,31.1743277551,31.2189718415,30.8490636971,30.9574850498,25474900,25474900,0.0,1.0,tiingo_historical_seed,
2011-12-16,EFA,48.7,48.85,48.1215,48.335,31.0595286758,31.1551945752,30.6905771904,30.8267416539,28537100,28537100,0.0,1.0,tiingo_historical_seed,
2011-12-19,EFA,48.58,48.67,47.83,47.89,30.9829959563,31.0403954959,30.5046664592,30.542932819,21443400,21443400,0.0,1.0,tiingo_historical_seed,
2011-12-20,EFA,48.42,49.04,48.4,48.985,31.2398030546,31.6398170549,31.2268993772,31.604331942,34746000,34746000,0.569228,1.0,tiingo_historical_seed,
2011-12-21,EFA,48.67,48.79,48.291,48.73,31.4010990225,31.478521087,31.1565743352,31.4398100548,27654000,27654000,0.0,1.0,tiingo_historical_seed,
2011-12-22,EFA,48.74,49.19,48.685,49.17,31.4462618935,31.7365946356,31.4107767805,31.7236909582,25753700,25753700,0.0,1.0,tiingo_historical_seed,
2011-12-23,EFA,49.25,49.51,49.14,49.51,31.7753056679,31.9430534745,31.704335442,31.9430534745,14901700,14901700,0.0,1.0,tiingo_historical_seed,
2011-12-27,EFA,49.34,49.4,49.2,49.285,31.8333722163,31.8720832486,31.7430464743,31.7978871034,14440000,14440000,0.0,1.0,tiingo_historical_seed,
2011-12-28,EFA,49.15,49.17,48.39,48.405,31.7107872808,31.7236909582,31.2204475385,31.2301252965,20384600,20384600,0.0,1.0,tiingo_historical_seed,
2011-12-29,EFA,48.55,49.35,48.5,49.29,31.3236769579,31.839824055,31.2914177643,31.8011130228,25565500,25565500,0.0,1.0,tiingo_historical_seed,
2011-12-30,EFA,49.27,49.6,49.23,49.53,31.7882093453,32.0011200229,31.7624019905,31.9559571519,32979100,32979100,0.0,1.0,tiingo_historical_seed,
2012-01-03,EFA,50.54,51.02,50.51,50.885,32.607592862,32.9172811203,32.5882373459,32.8301812977,33352000,33352000,0.0,1.0,tiingo_historical_seed,
2012-01-04,EFA,50.57,50.67,50.2,50.58,32.6269483782,32.6914667653,32.3882303458,32.6334002169,14692800,14692800,0.0,1.0,tiingo_historical_seed,
2012-01-05,EFA,49.75,49.9,49.46,49.83,32.0978976036,32.1946751843,31.9107942809,32.1495123133,16354900,16354900,0.0,1.0,tiingo_historical_seed,
2012-01-06,EFA,49.65,49.68,49.07,49.15,32.0333792165,32.0527347326,31.659172571,31.7107872808,28504800,28504800,0.0,1.0,tiingo_historical_seed,
2012-01-09,EFA,49.45,49.45,48.99,49.34,31.9043424422,31.9043424422,31.6075578613,31.8333722163,12756100,12756100,0.0,1.0,tiingo_historical_seed,
2012-01-10,EFA,50.18,50.22,49.97,50.09,32.3753266683,32.4011340232,32.2398380553,32.3172601199,13409900,13409900,0.0,1.0,tiingo_historical_seed,
2012-01-11,EFA,49.69,49.97,49.49,49.93,32.0591865713,32.2398380553,31.930149797,32.2140307005,13372300,13372300,0.0,1.0,tiingo_historical_seed,
2012-01-12,EFA,50.14,50.25,49.77,50.14,32.3495193135,32.4204895393,32.110801281,32.3495193135,13774400,13774400,0.0,1.0,tiingo_historical_seed,
2012-01-13,EFA,49.57,49.64,49.05,49.6,31.9817645068,32.0269273778,31.6462688936,32.0011200229,17154100,17154100,0.0,1.0,tiingo_historical_seed,
2012-01-17,EFA,50.25,50.5,50.13,50.185,32.4204895393,32.5817855072,32.3430674748,32.3785525877,19915900,19915900,0.0,1.0,tiingo_historical_seed,
2012-01-18,EFA,50.49,51.07,50.43,51.03,32.5753336685,32.9495403139,32.5366226362,32.923732959,15999300,15999300,0.0,1.0,tiingo_historical_seed,
2012-01-19,EFA,51.39,52.19,51.18,51.66,33.1559991528,33.6721462499,33.0205105398,33.3301987981,17256900,17256900,0.0,1.0,tiingo_historical_seed,
2012-01-20,EFA,51.59,51.93,51.5408,51.93,33.2850359271,33.5043984433,33.2532928806,33.5043984433,23922600,23922600,0.0,1.0,tiingo_historical_seed,
2012-01-23,EFA,52.02,52.35,51.94,52.13,33.5624649918,33.7753756693,33.5108502821,33.6334352176,18529000,18529000,0.0,1.0,tiingo_historical_seed,
2012-01-24,EFA,51.58,51.93,51.405,51.84,33.2785840883,33.5043984433,33.1656769108,33.4463318949,18320600,18320600,0.0,1.0,tiingo_historical_seed,
2012-01-25,EFA,51.6,52.51,51.38,52.38,33.2914877658,33.8786050888,33.149547314,33.7947311855,24497400,24497400,0.0,1.0,tiingo_historical_seed,
2012-01-26,EFA,52.88,52.9808,52.285,52.4,34.1173231212,34.1823576554,33.7334387177,33.8076348629,20276800,20276800,0.0,1.0,tiingo_historical_seed,
2012-01-27,EFA,52.24,52.62,52.24,52.49,33.7044054435,33.9495753146,33.7044054435,33.8657014113,22868700,22868700,0.0,1.0,tiingo_historical_seed,
2012-01-30,EFA,51.65,51.978,51.56,51.87,33.3237469593,33.5353672692,33.2656804109,33.4656874111,21139400,21139400,0.0,1.0,tiingo_historical_seed,
2012-01-31,EFA,52.42,52.42,51.825,52.14,33.8205385403,33.8205385403,33.4366541368,33.6398870563,26358300,26358300,0.0,1.0,tiingo_historical_seed,
2012-02-01,EFA,52.84,53.24,52.785,52.96,34.0915157663,34.3495893149,34.0560306534,34.1689378309,28274600,28274600,0.0,1.0,tiingo_historical_seed,
2012-02-02,EFA,53.08,53.29,52.92,53.07,34.2463598955,34.3818485085,34.1431304761,34.2399080568,19337400,19337400,0.0,1.0,tiingo_historical_seed,
2012-02-03,EFA,53.42,53.93,53.35,53.905,34.4657224118,34.7947661862,34.4205595408,34.7786365894,15187000,15187000,0.0,1.0,tiingo_historical_seed,
2012-02-06,EFA,53.37,53.7,53.32,53.64,34.4334632182,34.6463738958,34.4012040246,34.6076628635,15349200,15349200,0.0,1.0,tiingo_historical_seed,
2012-02-07,EFA,53.68,54.01,53.42,53.97,34.6334702183,34.8463808959,34.4657224118,34.8205735411,26462700,26462700,0.0,1.0,tiingo_historical_seed,
2012-02-08,EFA,54.1,54.29,53.825,54.16,34.9044474443,35.0270323799,34.7270218797,34.9431584766,13873200,13873200,0.0,1.0,tiingo_historical_seed,
2012-02-09,EFA,54.37,54.43,54.02,54.3,35.0786470896,35.1173581219,34.8528327346,35.0334842186,16265900,16265900,0.0,1.0,tiingo_historical_seed,
2012-02-10,EFA,53.3,53.43,53.11,53.27,34.3883003472,34.4721742505,34.2657154116,34.3689448311,19405700,19405700,0.0,1.0,tiingo_historical_seed,
2012-02-13,EFA,53.93,54.0,53.67,53.88,34.7947661862,34.8399290572,34.6270183796,34.7625069926,16406900,16406900,0.0,1.0,tiingo_historical_seed,
2012-02-14,EFA,53.63,53.73,53.11,53.48,34.6012110248,34.6657294119,34.2657154116,34.5044334441,17037300,17037300,0.0,1.0,tiingo_historical_seed,
2012-02-15,EFA,53.93,53.95,53.46,53.54,34.7947661862,34.8076698636,34.4915297666,34.5431444763,25177100,25177100,0.0,1.0,tiingo_historical_seed,
2012-02-16,EFA,53.4,54.31,53.35,54.275,34.4528187343,35.0399360573,34.4205595408,35.0173546218,17583900,17583900,0.0,1.0,tiingo_historical_seed,
2012-02-17,EFA,54.59,54.6,54.22,54.52,35.2205875413,35.2270393801,34.9818695089,35.1754246703,14472400,14472400,0.0,1.0,tiingo_historical_seed,
2012-02-21,EFA,54.71,54.91,54.45,54.53,35.2980096059,35.4270463802,35.1302617993,35.1818765091,17594800,17594800,0.0,1.0,tiingo_historical_seed,
2012-02-22,EFA,54.43,54.59,54.25,54.365,35.1173581219,35.2205875413,35.0012250251,35.0754211703,15857800,15857800,0.0,1.0,tiingo_historical_seed,
2012-02-23,EFA,54.43,54.86,54.19,54.82,35.1173581219,35.3947871866,34.9625139928,35.3689798318,12721100,12721100,0.0,1.0,tiingo_historical_seed,
2012-02-24,EFA,55.05,55.315,55.04,55.15,35.5173721222,35.6883458481,35.5109202835,35.5818905093,25346500,25346500,0.0,1.0,tiingo_historical_seed,
2012-02-27,EFA,54.41,55.01,54.29,54.865,35.1044544445,35.4915647673,35.0270323799,35.398013106,20054200,20054200,0.0,1.0,tiingo_historical_seed,
2012-02-28,EFA,55.03,55.4,54.88,55.38,35.5044684448,35.7431864772,35.4076908641,35.7302827998,16619300,16619300,0.0,1.0,tiingo_historical_seed,
2012-02-29,EFA,55.49,55.64,54.63,54.66,35.8012530256,35.8980306063,35.2463948962,35.2657504123,33950800,33950800,0.0,1.0,tiingo_historical_seed,
2012-03-01,EFA,54.96,55.35,54.92,55.28,35.4593055738,35.7109272836,35.4334982189,35.6657644126,20340800,20340800,0.0,1.0,tiingo_historical_seed,
2012-03-02,EFA,54.89,54.93,54.6,54.77,35.4141427028,35.4399500576,35.2270393801,35.3367206382,14435600,14435600,0.0,1.0,tiingo_historical_seed,
2012-03-05,EFA,54.66,54.67,54.31,54.48,35.2657504123,35.2722022511,35.0399360573,35.1496173155,10047900,10047900,0.0,1.0,tiingo_historical_seed,
2012-03-06,EFA,53.2,53.25,52.59,52.74,34.3237819601,34.3560411536,33.9302197985,34.0269973792,21589300,21589300,0.0,1.0,tiingo_historical_seed,
2012-03-07,EFA,53.12,53.45,52.8,53.39,34.2721672503,34.4850779279,34.0657084115,34.4463668956,18013000,18013000,0.0,1.0,tiingo_historical_seed,
2012-03-08,EFA,54.24,54.765,54.09,54.54,34.9947731863,35.3334947188,34.8979956056,35.1883283478,21590500,21590500,0.0,1.0,tiingo_historical_seed,
2012-03-09,EFA,54.28,54.53,54.16,54.36,35.0205805412,35.1818765091,34.9431584766,35.0721952509,23096900,23096900,0.0,1.0,tiingo_historical_seed,
2012-03-12,EFA,54.16,54.29,53.89,54.22,34.9431584766,35.0270323799,34.7689588313,34.9818695089,13724200,13724200,0.0,1.0,tiingo_historical_seed,
2012-03-13,EFA,54.43,55.11,54.36,55.0971,35.1173581219,35.5560831545,35.0721952509,35.5477602825,24475900,24475900,0.0,1.0,tiingo_historical_seed,
2012-03-14,EFA,54.99,55.07,54.451,54.61,35.4786610899,35.5302757996,35.1309069832,35.2334912188,18872700,18872700,0.0,1.0,tiingo_historical_seed,
2012-03-15,EFA,54.8,55.2,54.65,55.13,35.3560761543,35.6141497029,35.2592985736,35.5689868319,13721000,13721000,0.0,1.0,tiingo_historical_seed,
2012-03-16,EFA,55.54,55.715,55.4574,55.51,35.8335122192,35.9464193967,35.7802200314,35.8141567031,15837000,15837000,0.0,1.0,tiingo_historical_seed,
2012-03-19,EFA,55.34,55.91,55.3075,55.8,35.7044754449,36.0722302516,35.6835069691,36.0012600258,17182000,17182000,0.0,1.0,tiingo_historical_seed,
2012-03-20,EFA,55.02,55.22,54.79,55.14,35.4980166061,35.6270533803,35.3496243156,35.5754386706,14092600,14092600,0.0,1.0,tiingo_historical_seed,
2012-03-21,EFA,54.93,54.96,54.55,54.775,35.4399500576,35.4593055738,35.1947801865,35.3399465576,16614400,16614400,0.0,1.0,tiingo_historical_seed,
2012-03-22,EFA,54.2,54.5,54.13,54.4,34.9689658315,35.1625209929,34.9238029605,35.0980026058,17106600,17106600,0.0,1.0,tiingo_historical_seed,
2012-03-23,EFA,54.35,54.79,54.06,54.78,35.0657434122,35.3496243156,34.8786400895,35.3431724769,14777400,14777400,0.0,1.0,tiingo_historical_seed,
2012-03-26,EFA,55.19,55.51,55.1781,55.48,35.6076978642,35.8141567031,35.6000201761,35.7948011869,19961800,19961800,0.0,1.0,tiingo_historical_seed,
2012-03-27,EFA,55.56,55.56,55.11,55.13,35.8464158966,35.8464158966,35.5560831545,35.5689868319,14826100,14826100,0.0,1.0,tiingo_historical_seed,
2012-03-28,EFA,55.15,55.19,54.47,54.75,35.5818905093,35.6076978642,35.1431654768,35.3238169608,20448500,20448500,0.0,1.0,tiingo_historical_seed,
2012-03-29,EFA,54.21,54.46,53.97,54.4,34.9754176702,35.1367136381,34.8205735411,35.0980026058,25848400,25848400,0.0,1.0,tiingo_historical_seed,
2012-03-30,EFA,54.84,54.94,54.5,54.89,35.3818835092,35.4464018963,35.1625209929,35.4141427028,22341500,22341500,0.0,1.0,tiingo_historical_seed,
2012-04-02,EFA,54.64,55.68,54.53,55.53,35.2528467349,35.9238379612,35.1818765091,35.8270603805,25434800,25434800,0.0,1.0,tiingo_historical_seed,
2012-04-03,EFA,55.21,55.24,54.25,54.56,35.6206015416,35.6399570578,35.0012250251,35.2012320252,20840000,20840000,0.0,1.0,tiingo_historical_seed,
2012-04-04,EFA,53.49,53.599,53.05,53.34,34.5108852828,34.5812103248,34.2270043793,34.4141077021,20326700,20326700,0.0,1.0,tiingo_historical_seed,
2012-04-05,EFA,52.87,53.33,52.86,53.02,34.1108712825,34.4076558633,34.1044194438,34.2076488632,13507000,13507000,0.0,1.0,tiingo_historical_seed,
2012-04-09,EFA,52.46,52.96,52.44,52.79,33.8463458952,34.1689378309,33.8334422178,34.0592565728,12950500,12950500,0.0,1.0,tiingo_historical_seed,
2012-04-10,EFA,52.61,52.76,51.655,51.66,33.9431234759,34.0399010566,33.3269728787,33.3301987981,25615800,25615800,0.0,1.0,tiingo_historical_seed,
2012-04-11,EFA,52.65,52.74,52.32,52.38,33.9689308308,34.0269973792,33.7560201532,33.7947311855,22972100,22972100,0.0,1.0,tiingo_historical_seed,
2012-04-12,EFA,52.63,53.41,52.6,53.335,33.9560271533,34.4592705731,33.9366716372,34.4108817827,21024400,21024400,0.0,1.0,tiingo_historical_seed,
2012-04-13,EFA,52.87,52.87,52.25,52.32,34.1108712825,34.1108712825,33.7108572822,33.7560201532,27100500,27100500,0.0,1.0,tiingo_historical_seed,
2012-04-16,EFA,52.73,52.92,52.29,52.7,34.0205455405,34.1431304761,33.7366646371,34.0011900243,20447400,20447400,0.0,1.0,tiingo_historical_seed,
2012-04-17,EFA,53.19,53.67,52.99,53.54,34.3173301213,34.6270183796,34.1882933471,34.5431444763,12959800,12959800,0.0,1.0,tiingo_historical_seed,
2012-04-18,EFA,53.17,53.51,53.08,53.26,34.3044264439,34.5237889602,34.2463598955,34.3624929923,19804600,19804600,0.0,1.0,tiingo_historical_seed,
2012-04-19,EFA,53.23,53.53,52.67,52.94,34.3431374762,34.5366926376,33.9818345082,34.1560341535,27862900,27862900,0.0,1.0,tiingo_historical_seed,
2012-04-20,EFA,53.32,53.63,53.285,53.45,34.4012040246,34.6012110248,34.3786225891,34.4850779279,15499300,15499300,0.0,1.0,tiingo_historical_seed,
2012-04-23,EFA,52.41,52.5,52.04,52.38,33.8140867016,33.8721532501,33.5753686692,33.7947311855,23904000,23904000,0.0,1.0,tiingo_historical_seed,
2012-04-24,EFA,52.61,53.05,52.58,52.8,33.9431234759,34.2270043793,33.9237679598,34.0657084115,14529100,14529100,0.0,1.0,tiingo_historical_seed,
2012-04-25,EFA,53.42,53.58,53.18,53.52,34.4657224118,34.5689518312,34.3108782826,34.5302407989,21423800,21423800,0.0,1.0,tiingo_historical_seed,
2012-04-26,EFA,53.3,53.93,53.24,53.84,34.3883003472,34.7947661862,34.3495893149,34.7366996378,13428200,13428200,0.0,1.0,tiingo_historical_seed,
2012-04-27,EFA,54.0,54.16,53.73,54.06,34.8399290572,34.9431584766,34.6657294119,34.8786400895,16016300,16016300,0.0,1.0,tiingo_historical_seed,
2012-04-30,EFA,53.82,53.85,53.53,53.75,34.7237959603,34.7431514765,34.5366926376,34.6786330893,16865300,16865300,0.0,1.0,tiingo_historical_seed,
2012-05-01,EFA,53.63,54.22,53.58,53.97,34.6012110248,34.9818695089,34.5689518312,34.8205735411,15437300,15437300,0.0,1.0,tiingo_historical_seed,
2012-05-02,EFA,53.31,53.635,53.1,53.55,34.3947521859,34.6044369441,34.2592635729,34.5495963151,15890700,15890700,0.0,1.0,tiingo_historical_seed,
2012-05-03,EFA,53.44,53.53,52.9777,53.08,34.4786260892,34.5366926376,34.1803575854,34.2463598955,14260300,14260300,0.0,1.0,tiingo_historical_seed,
2012-05-04,EFA,52.8,52.88,52.22,52.27,34.0657084115,34.1173231212,33.6915017661,33.7237609596,20026500,20026500,0.0,1.0,tiingo_historical_seed,
2012-05-07,EFA,52.27,52.7,52.23,52.65,33.7237609596,34.0011900243,33.6979536048,33.9689308308,21882700,21882700,0.0,1.0,tiingo_historical_seed,
2012-05-08,EFA,52.03,52.08,51.29,51.84,33.5689168305,33.6011760241,33.0914807656,33.4463318949,21062600,21062600,0.0,1.0,tiingo_historical_seed,
2012-05-09,EFA,50.84,51.515,50.61,51.24,32.8011480235,33.2366471367,32.652755733,33.059221572,31090500,31090500,0.0,1.0,tiingo_historical_seed,
2012-05-10,EFA,51.75,51.82,51.4,51.48,33.3882653465,33.4334282175,33.1624509915,33.2140657012,15309000,15309000,0.0,1.0,tiingo_historical_seed,
2012-05-11,EFA,50.88,51.61,50.88,51.16,32.8269553783,33.2979396045,32.8269553783,33.0076068623,14493200,14493200,0.0,1.0,tiingo_historical_seed,
2012-05-14,EFA,50.36,50.575,50.18,50.18,32.4914597652,32.6301742975,32.3753266683,32.3753266683,22125400,22125400,0.0,1.0,tiingo_historical_seed,
2012-05-15,EFA,49.9,50.155,49.495,49.55,32.1946751843,32.3591970715,31.9333757164,31.9688608293,18011800,18011800,0.0,1.0,tiingo_historical_seed,
2012-05-16,EFA,49.56,49.82,49.02,49.06,31.975312668,32.1430604746,31.6269133775,31.6527207323,23983300,23983300,0.0,1.0,tiingo_historical_seed,
2012-05-17,EFA,49.0,49.06,48.45,48.46,31.6140097,31.6527207323,31.2591585708,31.2656104095,26475900,26475900,0.0,1.0,tiingo_historical_seed,
2012-05-18,EFA,48.68,48.69,47.68,48.11,31.4075508612,31.4140026999,30.7623669898,31.0397960545,21407900,21407900,0.0,1.0,tiingo_historical_seed,
2012-05-21,EFA,48.5,49.2,48.38,49.17,31.2914177643,31.7430464743,31.2139956998,31.7236909582,22460000,22460000,0.0,1.0,tiingo_historical_seed,
2012-05-22,EFA,49.2,49.58,48.78,48.99,31.7430464743,31.9882163455,31.4720692483,31.6075578613,17114800,17114800,0.0,1.0,tiingo_historical_seed,
2012-05-23,EFA,48.42,48.59,47.75,48.59,31.2398030546,31.3494843128,30.8075298608,31.3494843128,42276400,42276400,0.0,1.0,tiingo_historical_seed,
2012-05-24,EFA,48.53,48.6574,47.985,48.27,31.3107732805,31.3929697057,30.9591480705,31.1430254739,27309500,27309500,0.0,1.0,tiingo_historical_seed,
2012-05-25,EFA,48.03,48.3501,48.02,48.1,30.9881813448,31.194704702,30.981729506,31.0333442158,13397100,13397100,0.0,1.0,tiingo_historical_seed,
2012-05-29,EFA,48.69,48.94,48.3148,48.71,31.4140026999,31.5752986678,31.1719297113,31.4269063773,22042200,22042200,0.0,1.0,tiingo_historical_seed,
2012-05-30,EFA,47.97,47.98,47.51,47.56,30.9494703125,30.9559221512,30.6526857316,30.6849449252,19349900,19349900,0.0,1.0,tiingo_historical_seed,
2012-05-31,EFA,47.77,47.92,47.22,47.76,30.8204335382,30.9172111189,30.4655824089,30.8139816995,41638100,41638100,0.0,1.0,tiingo_historical_seed,
2012-06-01,EFA,46.93,47.142,46.5343,46.55,30.2784790862,30.4152580669,30.0231798283,30.033309215,34294700,34294700,0.0,1.0,tiingo_historical_seed,
2012-06-04,EFA,46.99,47.14,46.6,46.94,30.3171901185,30.4139676992,30.0655684086,30.2849309249,19574500,19574500,0.0,1.0,tiingo_historical_seed,
2012-06-05,EFA,46.91,47.32,46.87,47.275,30.2655754088,30.530100796,30.2397680539,30.5010675218,20139100,20139100,0.0,1.0,tiingo_historical_seed,
2012-06-06,EFA,47.66,48.62,47.61,48.6,30.7494633123,31.3688398289,30.7172041188,31.3559361515,19868200,19868200,0.0,1.0,tiingo_historical_seed,
2012-06-07,EFA,49.27,49.29,48.56,48.67,31.7882093453,31.8011130228,31.3301287966,31.4010990225,18578800,18578800,0.0,1.0,tiingo_historical_seed,
2012-06-08,EFA,47.94,48.56,47.8,48.51,30.9301147963,31.3301287966,30.8397890543,31.297869603,14439600,14439600,0.0,1.0,tiingo_historical_seed,
2012-06-11,EFA,49.02,49.04,47.99,48.04,31.6269133775,31.6398170549,30.9623739899,30.9946331835,19296200,19296200,0.0,1.0,tiingo_historical_seed,
2012-06-12,EFA,48.5,48.86,48.09,48.84,31.2914177643,31.523683958,31.026892377,31.5107802806,16053900,16053900,0.0,1.0,tiingo_historical_seed,
2012-06-13,EFA,48.47,48.92,48.32,48.445,31.2720622482,31.5623949903,31.1752846675,31.2559326514,16202800,16202800,0.0,1.0,tiingo_historical_seed,
2012-06-14,EFA,48.42,48.99,48.3,48.815,31.2398030546,31.6075578613,31.16238099,31.4946506838,14670400,14670400,0.0,1.0,tiingo_historical_seed,
2012-06-15,EFA,49.1,49.56,48.99,49.5,31.6785280872,31.975312668,31.6075578613,31.9366016358,20066100,20066100,0.0,1.0,tiingo_historical_seed,
2012-06-18,EFA,49.235,49.5,49.11,49.36,31.7656279098,31.9366016358,31.6849799259,31.8462758938,19122200,19122200,0.0,1.0,tiingo_historical_seed,
2012-06-19,EFA,49.87,50.51,49.81,50.18,32.1753196682,32.5882373459,32.1366086359,32.3753266683,23104500,23104500,0.0,1.0,tiingo_historical_seed,
2012-06-20,EFA,50.42,50.83,50.05,50.47,32.5301707975,32.7946961848,32.291452765,32.562429991,27983500,27983500,0.0,1.0,tiingo_historical_seed,
2012-06-21,EFA,49.23,49.33,47.99,48.025,32.5223795444,32.5884416601,31.7032093101,31.7263310506,25741600,25741600,1.149092,1.0,tiingo_historical_seed,
2012-06-22,EFA,48.51,48.57,48.13,48.44,32.0467323116,32.086369581,31.795696272,32.0004888306,16488100,16488100,0.0,1.0,tiingo_historical_seed,
2012-06-25,EFA,47.63,47.65,47.25,47.36,31.4653856937,31.4785981168,31.2143496541,31.2870179814,32410900,32410900,0.0,1.0,tiingo_historical_seed,
2012-06-26,EFA,47.62,47.8,47.2599,47.665,31.4587794821,31.5776912903,31.2208898036,31.4885074342,26606100,26606100,0.0,1.0,tiingo_historical_seed,
2012-06-27,EFA,47.84,48.21,47.72,48.12,31.6041161366,31.8485459646,31.5248415978,31.7890900605,19727600,19727600,0.0,1.0,tiingo_historical_seed,
2012-06-28,EFA,47.78,48.26,47.57,48.22,31.5644788672,31.8815770224,31.4257484243,31.8551521761,22778500,22778500,0.0,1.0,tiingo_historical_seed,
2012-06-29,EFA,49.73,49.99,49.63,49.96,32.8526901228,33.0244516235,32.7866280071,33.0046329888,31235200,31235200,0.0,1.0,tiingo_historical_seed,
2012-07-02,EFA,50.1,50.34,49.86,50.29,33.0971199507,33.2556690284,32.9385708731,33.2226379705,30092900,30092900,0.0,1.0,tiingo_historical_seed,
2012-07-03,EFA,50.33,50.79,50.28,50.75,33.2490628168,33.5529485489,33.216031759,33.5265237026,12175100,12175100,0.0,1.0,tiingo_historical_seed,
2012-07-05,EFA,49.95,50.07,49.6655,49.91,32.9980267772,33.077301316,32.8100800582,32.971601931,14389900,14389900,0.0,1.0,tiingo_historical_seed,
2012-07-06,EFA,49.47,49.56,49.14,49.44,32.680928622,32.7403845261,32.4629236403,32.6611099873,15075800,15075800,0.0,1.0,tiingo_historical_seed,
2012-07-09,EFA,49.17,49.35,48.97,49.33,32.482742275,32.6016540832,32.3506180437,32.5884416601,16313700,16313700,0.0,1.0,tiingo_historical_seed,
2012-07-10,EFA,49.55,49.638,48.875,49.0,32.7337783146,32.7919129764,32.2878590338,32.3704366784,20026100,20026100,0.0,1.0,tiingo_historical_seed,
2012-07-11,EFA,49.23,49.36,48.855,49.15,32.5223795444,32.6082602948,32.2746466107,32.4695298519,19418100,19418100,0.0,1.0,tiingo_historical_seed,
2012-07-12,EFA,48.51,48.81,48.232,48.66,32.0467323116,32.2449186586,31.86307963,32.1458254851,21406500,21406500,0.0,1.0,tiingo_historical_seed,
2012-07-13,EFA,48.69,49.44,48.672,49.35,32.1656441198,32.6611099873,32.153752939,32.6016540832,12613300,12613300,0.0,1.0,tiingo_historical_seed,
2012-07-16,EFA,49.21,49.49,48.96,49.335,32.5091671213,32.6941410452,32.3440118321,32.5917447659,12207500,12207500,0.0,1.0,tiingo_historical_seed,
2012-07-17,EFA,49.48,49.61,48.86,49.48,32.6875348336,32.773415584,32.2779497164,32.6875348336,17158600,17158600,0.0,1.0,tiingo_historical_seed,
2012-07-18,EFA,49.32,49.92,49.29,49.87,32.5818354485,32.9782081425,32.5620168138,32.9451770847,13588000,13588000,0.0,1.0,tiingo_historical_seed,
2012-07-19,EFA,50.12,50.42,50.0,50.33,33.1103323739,33.3085187209,33.0310578351,33.2490628168,14039600,14039600,0.0,1.0,tiingo_historical_seed,
2012-07-20,EFA,49.4,49.44,49.0323,49.145,32.6346851411,32.6611099873,32.3917747417,32.4662267461,24165100,24165100,0.0,1.0,tiingo_historical_seed,
2012-07-23,EFA,47.84,48.25,47.66,48.14,31.6041161366,31.8749708109,31.4852043284,31.8023024836,16082900,16082900,0.0,1.0,tiingo_historical_seed,
2012-07-24,EFA,48.08,48.115,47.29,47.615,31.7626652142,31.7857869547,31.2407745004,31.4554763763,18959800,18959800,0.0,1.0,tiingo_historical_seed,
2012-07-25,EFA,48.04,48.11,47.63,47.87,31.7362403679,31.7824838489,31.4653856937,31.6239347713,10156700,10156700,0.0,1.0,tiingo_historical_seed,
2012-07-26,EFA,49.18,49.7214,49.06,49.33,32.4893484866,32.8470087808,32.4100739478,32.5884416601,18177000,18177000,0.0,1.0,tiingo_historical_seed,
2012-07-27,EFA,49.8,50.58,49.69,50.37,32.8989336037,33.414218106,32.8262652765,33.2754876631,24134200,24134200,0.0,1.0,tiingo_historical_seed,
2012-07-30,EFA,50.09,50.479,50.08,50.31,33.0905137392,33.3474953691,33.0839075276,33.2358503937,24850000,24850000,0.0,1.0,tiingo_historical_seed,
2012-07-31,EFA,50.27,50.4024,49.98,50.0,33.2094255474,33.2968917885,33.0178454119,33.0310578351,38450700,38450700,0.0,1.0,tiingo_historical_seed,
2012-08-01,EFA,50.35,50.45,49.99,50.01,33.2622752399,33.3283373556,33.0244516235,33.0376640466,17751600,17751600,0.0,1.0,tiingo_historical_seed,
2012-08-02,EFA,49.47,49.9,48.94,49.31,32.680928622,32.9649957194,32.330799409,32.575229237,23218900,23218900,0.0,1.0,tiingo_historical_seed,
2012-08-03,EFA,50.39,51.13,50.35,50.99,33.2887000862,33.7775597422,33.2622752399,33.6850727802,26429600,26429600,0.0,1.0,tiingo_historical_seed,
2012-08-06,EFA,51.21,51.52,51.13,51.35,33.8304094347,34.0352019933,33.7775597422,33.9228963966,15028700,15028700,0.0,1.0,tiingo_historical_seed,
2012-08-07,EFA,51.78,52.05,51.73,51.78,34.206963494,34.3853312063,34.1739324362,34.206963494,17651200,17651200,0.0,1.0,tiingo_historical_seed,
2012-08-08,EFA,51.49,51.86,51.47,51.75,34.0153833586,34.2598131865,34.0021709354,34.1871448593,13491300,13491300,0.0,1.0,tiingo_historical_seed,
2012-08-09,EFA,51.63,51.95,51.57,51.78,34.1078703205,34.3192690906,34.0682330511,34.206963494,12183000,12183000,0.0,1.0,tiingo_historical_seed,
2012-08-10,EFA,51.37,51.87,51.25,51.87,33.9361088198,34.2664193981,33.856834281,34.2664193981,15265100,15265100,0.0,1.0,tiingo_historical_seed,
2012-08-13,EFA,51.73,51.875,51.45,51.62,34.1739324362,34.2697225039,33.9889585123,34.1012641089,15320400,15320400,0.0,1.0,tiingo_historical_seed,
2012-08-14,EFA,51.77,51.85,51.62,51.74,34.2003572824,34.253206975,34.1012641089,34.1805386477,10610200,10610200,0.0,1.0,tiingo_historical_seed,
2012-08-15,EFA,51.57,51.73,51.52,51.59,34.0682330511,34.1739324362,34.0352019933,34.0814454742,14045700,14045700,0.0,1.0,tiingo_historical_seed,
2012-08-16,EFA,51.855,52.31,51.7,52.23,34.2565100808,34.5570927071,34.1541138015,34.5042430145,13498000,13498000,0.0,1.0,tiingo_historical_seed,
2012-08-17,EFA,52.32,52.3699,52.08,52.3,34.5636989186,34.5966639143,34.405149841,34.5504864955,17243500,17243500,0.0,1.0,tiingo_historical_seed,
2012-08-20,EFA,52.16,52.29,51.94,52.24,34.4579995336,34.5438802839,34.3126628791,34.5108492261,10066600,10066600,0.0,1.0,tiingo_historical_seed,
2012-08-21,EFA,52.655,52.92,52.38,52.54,34.7850070061,34.9600716126,34.603336188,34.7090355731,19489800,19489800,0.0,1.0,tiingo_historical_seed,
2012-08-22,EFA,52.09,52.59,52.0401,52.48,34.4117560526,34.7420666309,34.3787910569,34.6693983037,12494200,12494200,0.0,1.0,tiingo_historical_seed,
2012-08-23,EFA,52.27,52.43,52.07,52.18,34.5306678608,34.6363672459,34.3985436295,34.4712119567,16203200,16203200,0.0,1.0,tiingo_historical_seed,
2012-08-24,EFA,51.81,52.37,51.71,52.1,34.2267821287,34.5967299765,34.160720013,34.4183622642,15841400,15841400,0.0,1.0,tiingo_historical_seed,
2012-08-27,EFA,52.24,52.39,52.065,52.13,34.5108492261,34.6099423996,34.3952405237,34.4381808989,12419900,12419900,0.0,1.0,tiingo_historical_seed,
2012-08-28,EFA,51.92,52.17,51.83,52.08,34.2994504559,34.4646057451,34.2399945518,34.405149841,14528900,14528900,0.0,1.0,tiingo_historical_seed,
2012-08-29,EFA,52.0297,52.11,51.84,51.92,34.3719205968,34.4249684757,34.2466007634,34.2994504559,11418300,11418300,0.0,1.0,tiingo_historical_seed,
2012-08-30,EFA,51.63,51.66,51.15,51.15,34.1078703205,34.1276889552,33.7907721653,33.7907721653,24315600,24315600,0.0,1.0,tiingo_historical_seed,
2012-08-31,EFA,51.78,51.94,51.33,51.6,34.206963494,34.3126628791,33.9096839735,34.0880516858,26992000,26992000,0.0,1.0,tiingo_historical_seed,
2012-09-04,EFA,51.47,51.53,51.13,51.34,34.0021709354,34.0418082048,33.7775597422,33.9162901851,23863200,23863200,0.0,1.0,tiingo_historical_seed,
2012-09-05,EFA,51.34,51.425,51.12,51.2,33.9162901851,33.9724429834,33.7709535306,33.8238032231,17360500,17360500,0.0,1.0,tiingo_historical_seed,
2012-09-06,EFA,51.62,52.61,51.61,52.475,34.1012641089,34.7552790541,34.0946578974,34.6660951979,23697600,23697600,0.0,1.0,tiingo_historical_seed,
2012-09-07,EFA,53.05,53.3967,53.01,53.26,35.045952363,35.274989718,35.0195275167,35.1846828059,17210600,17210600,0.0,1.0,tiingo_historical_seed,
2012-09-10,EFA,53.05,53.196,52.76,52.84,35.045952363,35.1424030519,34.8543722276,34.9072219201,12831800,12831800,0.0,1.0,tiingo_historical_seed,
2012-09-11,EFA,53.06,53.59,53.06,53.44,35.0525585746,35.4026877876,35.0525585746,35.3035946141,15417500,15417500,0.0,1.0,tiingo_historical_seed,
2012-09-12,EFA,53.89,53.915,53.6,53.79,35.6008741346,35.6173896636,35.4092939992,35.534812019,14731600,14731600,0.0,1.0,tiingo_historical_seed,
2012-09-13,EFA,53.73,54.855,53.57,54.605,35.4951747496,36.2383735509,35.3894753645,36.0732182617,21654700,21654700,0.0,1.0,tiingo_historical_seed,
2012-09-14,EFA,55.18,55.5799,55.07,55.15,36.4530754268,36.7172578274,36.3804070996,36.4332567921,36185500,36185500,0.0,1.0,tiingo_historical_seed,
2012-09-17,EFA,55.09,55.2,54.72,54.86,36.3936195227,36.4662878499,36.1491896947,36.2416766566,14851900,14851900,0.0,1.0,tiingo_historical_seed,
2012-09-18,EFA,54.56,54.76,54.45,54.63,36.0434903096,36.175614541,35.9708219824,36.0897337906,16695300,16695300,0.0,1.0,tiingo_historical_seed,
2012-09-19,EFA,54.72,54.97,54.55,54.86,36.1491896947,36.3143449839,36.0368840981,36.2416766566,17193300,17193300,0.0,1.0,tiingo_historical_seed,
2012-09-20,EFA,54.17,54.54,54.02,54.5101,35.7858480585,36.0302778865,35.686754885,36.0105253139,21727600,21727600,0.0,1.0,tiingo_historical_seed,
2012-09-21,EFA,54.86,54.9,54.52,54.545,36.2416766566,36.2681015029,36.0170654634,36.0335809923,21583300,21583300,0.0,1.0,tiingo_historical_seed,
2012-09-24,EFA,54.11,54.48,54.06,54.35,35.7462107891,35.9906406171,35.7131797313,35.9047598667,16172500,16172500,0.0,1.0,tiingo_historical_seed,
2012-09-25,EFA,54.49,54.74,53.97,53.975,35.9972468287,36.1624021178,35.6537238272,35.657026933,22290200,22290200,0.0,1.0,tiingo_historical_seed,
2012-09-26,EFA,53.54,53.61,53.22,53.43,35.3696567298,35.4159002108,35.1582579597,35.2969884026,22161700,22161700,0.0,1.0,tiingo_historical_seed,
2012-09-27,EFA,53.79,54.26,53.62,54.07,35.534812019,35.8453039626,35.4225064223,35.7197859429,20720800,20720800,0.0,1.0,tiingo_historical_seed,
2012-09-28,EFA,53.5,53.55,52.91,53.0,35.3432318835,35.3762629414,34.9534654011,35.0129213052,43265100,43265100,0.0,1.0,tiingo_historical_seed,
2012-10-01,EFA,53.57,53.98,53.36,53.43,35.3894753645,35.6603300388,35.2507449216,35.2969884026,18016800,18016800,0.0,1.0,tiingo_historical_seed,
2012-10-02,EFA,53.95,53.99,53.46,53.64,35.640511404,35.6669362503,35.3168070373,35.4357188455,14274000,14274000,0.0,1.0,tiingo_historical_seed,
2012-10-03,EFA,53.6,53.64,53.3,53.42,35.4092939992,35.4357188455,35.2111076522,35.290382191,17416800,17416800,0.0,1.0,tiingo_historical_seed,
2012-10-04,EFA,53.81,54.13,53.7,54.07,35.5480244421,35.7594232123,35.4753561149,35.7197859429,15963600,15963600,0.0,1.0,tiingo_historical_seed,
2012-10-05,EFA,54.51,54.655,54.035,54.14,36.0104592518,36.1062493195,35.6966642024,35.7660294238,13420500,13420500,0.0,1.0,tiingo_historical_seed,
2012-10-08,EFA,53.81,53.9,53.71,53.82,35.5480244421,35.6074803462,35.4819623264,35.5546306537,6656000,6656000,0.0,1.0,tiingo_historical_seed,
2012-10-09,EFA,53.48,53.58,53.04,53.04,35.3300194604,35.3960815761,35.0393461515,35.0393461515,15400300,15400300,0.0,1.0,tiingo_historical_seed,
2012-10-10,EFA,53.05,53.1413,52.72,52.89,35.045952363,35.1062670746,34.8279473813,34.9402529779,13899400,13899400,0.0,1.0,tiingo_historical_seed,
2012-10-11,EFA,53.42,53.65,53.15,53.23,35.290382191,35.442325057,35.1120144787,35.1648641712,13497700,13497700,0.0,1.0,tiingo_historical_seed,
2012-10-12,EFA,53.37,53.57,53.09,53.17,35.2573511332,35.3894753645,35.0723772093,35.1252269018,9295500,9295500,0.0,1.0,tiingo_historical_seed,
2012-10-15,EFA,53.53,53.75,53.26,53.69,35.3630505182,35.5083871727,35.1846828059,35.4687499033,21186600,21186600,0.0,1.0,tiingo_historical_seed,
2012-10-16,EFA,54.23,54.615,54.22,54.58,35.8254853279,36.0798244733,35.8188791164,36.0567027328,19155600,19155600,0.0,1.0,tiingo_historical_seed,
2012-10-17,EFA,54.85,55.15,54.72,55.09,36.2350704451,36.4332567921,36.1491896947,36.3936195227,15644700,15644700,0.0,1.0,tiingo_historical_seed,
2012-10-18,EFA,54.9,55.23,54.72,54.88,36.2681015029,36.4861064846,36.1491896947,36.2548890798,18096200,18096200,0.0,1.0,tiingo_historical_seed,
2012-10-19,EFA,54.73,54.74,54.06,54.14,36.1557959063,36.1624021178,35.7131797313,35.7660294238,19565700,19565700,0.0,1.0,tiingo_historical_seed,
2012-10-22,EFA,54.51,54.6,54.1531,54.52,36.0104592518,36.0699151559,35.774683561,36.0170654634,14263400,14263400,0.0,1.0,tiingo_historical_seed,
2012-10-23,EFA,53.42,53.4699,53.04,53.35,35.290382191,35.3233471867,35.0393461515,35.24413871,18033600,18033600,0.0,1.0,tiingo_historical_seed,
2012-10-24,EFA,53.68,53.76,53.37,53.38,35.4621436917,35.5149933843,35.2573511332,35.2639573447,11683400,11683400,0.0,1.0,tiingo_historical_seed,
2012-10-25,EFA,54.0,54.08,53.5,53.7,35.6735424619,35.7263921544,35.3432318835,35.4753561149,15728800,15728800,0.0,1.0,tiingo_historical_seed,
2012-10-26,EFA,53.55,53.73,53.37,53.62,35.3762629414,35.4951747496,35.2573511332,35.4225064223,11745100,11745100,0.0,1.0,tiingo_historical_seed,
2012-10-31,EFA,53.92,53.98,53.44,53.575,35.6206927693,35.6603300388,35.3035946141,35.3927784703,21750700,21750700,0.0,1.0,tiingo_historical_seed,
2012-11-01,EFA,53.85,54.22,53.78,54.21,35.5744492884,35.8188791164,35.5282058074,35.8122729048,18856700,18856700,0.0,1.0,tiingo_historical_seed,
2012-11-02,EFA,54.17,54.17,53.61,53.685,35.7858480585,35.7858480585,35.4159002108,35.4654467975,16524400,16524400,0.0,1.0,tiingo_historical_seed,
2012-11-05,EFA,53.56,53.66,53.39,53.5604,35.3828691529,35.4489312686,35.2705635563,35.3831334014,9714000,9714000,0.0,1.0,tiingo_historical_seed,
2012-11-06,EFA,53.77,54.15,53.75,54.07,35.5215995958,35.7726356354,35.5083871727,35.7197859429,11045300,11045300,0.0,1.0,tiingo_historical_seed,
2012-11-07,EFA,53.5,53.52,52.97,53.26,35.3432318835,35.3564443067,34.9931026705,35.1846828059,20992600,20992600,0.0,1.0,tiingo_historical_seed,
2012-11-08,EFA,53.06,53.31,52.76,52.78,35.0525585746,35.2177138638,34.8543722276,34.8675846507,19833000,19833000,0.0,1.0,tiingo_historical_seed,
2012-11-09,EFA,52.51,53.0301,52.5,52.8,34.6892169384,35.032806002,34.6826107268,34.8807970738,20872100,20872100,0.0,1.0,tiingo_historical_seed,
2012-11-12,EFA,52.81,52.915,52.63,52.755,34.8874032854,34.9567685069,34.7684914772,34.8510691218,11864800,11864800,0.0,1.0,tiingo_historical_seed,
2012-11-13,EFA,52.26,52.9,52.2101,52.5,34.5240616492,34.9468591895,34.4910966535,34.6826107268,14507400,14507400,0.0,1.0,tiingo_historical_seed,
2012-11-14,EFA,52.69,52.74,51.855,51.95,34.8081287466,34.8411598044,34.2565100808,34.3192690906,20602900,20602900,0.0,1.0,tiingo_historical_seed,
2012-11-15,EFA,52.19,52.36,51.92,52.1199,34.4778181683,34.5901237649,34.2994504559,34.4315086252,15479300,15479300,0.0,1.0,tiingo_historical_seed,
2012-11-16,EFA,52.13,52.205,51.63,52.09,34.4381808989,34.4877274856,34.1078703205,34.4117560526,18052300,18052300,0.0,1.0,tiingo_historical_seed,
2012-11-19,EFA,52.79,53.22,52.78,53.215,34.8741908623,35.1582579597,34.8675846507,35.1549548539,15934900,15934900,0.0,1.0,tiingo_historical_seed,
2012-11-20,EFA,53.0,53.31,52.9,53.3,35.0129213052,35.2177138638,34.9468591895,35.2111076522,13642300,13642300,0.0,1.0,tiingo_historical_seed,
2012-11-21,EFA,53.35,53.45,53.27,53.39,35.24413871,35.3102008257,35.1912890175,35.2705635563,10368200,10368200,0.0,1.0,tiingo_historical_seed,
2012-11-23,EFA,54.2,54.54,54.17,54.54,35.8056666932,36.0302778865,35.7858480585,36.0302778865,8397700,8397700,0.0,1.0,tiingo_historical_seed,
2012-11-26,EFA,54.24,54.42,54.11,54.41,35.8320915395,35.9510033477,35.7462107891,35.9443971361,13682100,13682100,0.0,1.0,tiingo_historical_seed,
2012-11-27,EFA,54.29,54.44,54.12,54.14,35.8651225973,35.9642157708,35.7528170007,35.7660294238,13987200,13987200,0.0,1.0,tiingo_historical_seed,
2012-11-28,EFA,53.83,54.59,53.72,54.53,35.5612368652,36.0633089443,35.488568538,36.0236716749,23549600,23549600,0.0,1.0,tiingo_historical_seed,
2012-11-29,EFA,54.96,55.13,54.71,55.0,36.3077387723,36.420044369,36.1425834831,36.3341636186,19765500,19765500,0.0,1.0,tiingo_historical_seed,
2012-11-30,EFA,55.03,55.25,54.971,55.07,36.3539822533,36.4993189078,36.315005605,36.3804070996,23565800,23565800,0.0,1.0,tiingo_historical_seed,
2012-12-03,EFA,55.34,55.37,55.06,55.14,36.5587748119,36.5785934466,36.373800888,36.4266505805,22076600,22076600,0.0,1.0,tiingo_historical_seed,
2012-12-04,EFA,55.32,55.4,55.19,55.275,36.5455623887,36.5984120813,36.4596816384,36.5158344367,18736900,18736900,0.0,1.0,tiingo_historical_seed,
2012-12-05,EFA,55.3,55.6,55.11,55.36,36.5323499656,36.7305363126,36.4068319458,36.571987235,22117800,22117800,0.0,1.0,tiingo_historical_seed,
2012-12-06,EFA,55.45,55.51,55.18,55.47,36.6314431391,36.6710804085,36.4530754268,36.6446555622,12963300,12963300,0.0,1.0,tiingo_historical_seed,
2012-12-07,EFA,55.35,55.51,53.4,55.495,36.5653810234,36.6710804085,35.2771697679,36.6611710912,11949100,11949100,0.0,1.0,tiingo_historical_seed,
2012-12-10,EFA,55.3301,55.58,55.32,55.549,36.5522346624,36.7173238895,36.5455623887,36.6968446336,17617400,17617400,0.0,1.0,tiingo_historical_seed,
2012-12-11,EFA,55.72,55.95,55.72,55.87,36.8098108514,36.9617537175,36.8098108514,36.9089040249,15684400,15684400,0.0,1.0,tiingo_historical_seed,
2012-12-12,EFA,56.04,56.37,55.96,56.05,37.0212096216,37.2392146033,36.968359929,37.0278158331,18266500,18266500,0.0,1.0,tiingo_historical_seed,
2012-12-13,EFA,55.95,56.1,55.75,55.88,36.9617537175,37.060846891,36.8296294861,36.9155102365,13693600,13693600,0.0,1.0,tiingo_historical_seed,
2012-12-14,EFA,55.94,56.26,55.9,56.076,36.9551475059,37.166546276,36.9287226596,37.0449919832,18514600,18514600,0.0,1.0,tiingo_historical_seed,
2012-12-17,EFA,56.04,56.37,56.0,56.315,37.0212096216,37.2392146033,36.9947847753,37.2028804396,22550700,22550700,0.0,1.0,tiingo_historical_seed,
2012-12-18,EFA,55.95,56.35,55.87,56.28,37.362055815,37.6291661336,37.3086337513,37.5824218278,24270800,24270800,0.609522,1.0,tiingo_historical_seed,
2012-12-19,EFA,56.72,56.765,56.46,56.4829,37.8762431783,37.9062930891,37.7026214712,37.717913537,19356300,19356300,0.0,1.0,tiingo_historical_seed,
2012-12-20,EFA,56.68,56.88,56.54,56.86,37.8495321464,37.9830873057,37.7560435349,37.9697317898,18545600,18545600,0.0,1.0,tiingo_historical_seed,
2012-12-21,EFA,56.08,56.52,56.06,56.51,37.4488666685,37.742688019,37.4355111526,37.736010261,22418300,22418300,0.0,1.0,tiingo_historical_seed,
2012-12-24,EFA,56.44,56.48,56.25,56.36,37.6892659553,37.7159769871,37.5623885539,37.6358438916,7699100,7699100,0.0,1.0,tiingo_historical_seed,
2012-12-26,EFA,56.52,56.57,56.12,56.35,37.742688019,37.7760768088,37.4755777004,37.6291661336,11718000,11718000,0.0,1.0,tiingo_historical_seed,
2012-12-27,EFA,56.66,56.68,56.16,56.61,37.8361766305,37.8495321464,37.5022887323,37.8027878407,14207500,14207500,0.0,1.0,tiingo_historical_seed,
2012-12-28,EFA,56.14,56.3,55.97,56.01,37.4889332163,37.5957773438,37.3754113309,37.4021223628,18734500,18734500,0.0,1.0,tiingo_historical_seed,
2012-12-31,EFA,56.24,56.87,56.07,56.86,37.555710796,37.9764095478,37.4421889106,37.9697317898,22820800,22820800,0.0,1.0,tiingo_historical_seed,
2013-01-02,EFA,57.67,57.78,57.39,57.745,38.510630185,38.5840855226,38.323652962,38.5607133697,26056300,26056300,0.0,1.0,tiingo_historical_seed,
2013-01-03,EFA,57.33,57.54,57.09,57.18,38.2835864142,38.4238193314,38.123320223,38.1834200447,23239700,23239700,0.0,1.0,tiingo_historical_seed,
2013-01-04,EFA,57.07,57.535,57.01,57.47,38.1099647071,38.4204804525,38.0698981593,38.3770750257,15522200,15522200,0.0,1.0,tiingo_historical_seed,
2013-01-07,EFA,57.02,57.28,56.94,57.2201,38.0765759173,38.2501976244,38.0231538535,38.2101978541,14102600,14102600,0.0,1.0,tiingo_historical_seed,
2013-01-08,EFA,57.02,57.08,56.69,56.9,38.0765759173,38.1166424651,37.8562099044,37.9964428217,15592300,15592300,0.0,1.0,tiingo_historical_seed,
2013-01-09,EFA,57.09,57.27,57.03,57.19,38.123320223,38.2435198664,38.0832536752,38.1900978027,12779400,12779400,0.0,1.0,tiingo_historical_seed,
2013-01-10,EFA,57.8,58.01,57.59,57.92,38.5974410385,38.7376739558,38.4572081213,38.6775741341,17718600,17718600,0.0,1.0,tiingo_historical_seed,
2013-01-11,EFA,58.01,58.11,57.835,58.04,38.7376739558,38.8044515355,38.6208131914,38.7577072297,12624700,12624700,0.0,1.0,tiingo_historical_seed,
2013-01-14,EFA,58.05,58.15,57.87,58.11,38.7643849877,38.8311625673,38.6441853443,38.8044515355,9980400,9980400,0.0,1.0,tiingo_historical_seed,
2013-01-15,EFA,57.75,58.05,57.69,58.02,38.5640522487,38.7643849877,38.5239857009,38.7443517138,12534000,12534000,0.0,1.0,tiingo_historical_seed,
2013-01-16,EFA,57.6199,57.81,57.52,57.74,38.4771746176,38.6041187965,38.4104638155,38.5573744908,12907000,12907000,0.0,1.0,tiingo_historical_seed,
2013-01-17,EFA,58.14,58.32,58.0,58.21,38.8244848094,38.9446844527,38.7309961978,38.8712291151,14936200,14936200,0.0,1.0,tiingo_historical_seed,
2013-01-18,EFA,58.14,58.2166,57.89,58.15,38.8244848094,38.8756364354,38.6575408602,38.8311625673,18844000,18844000,0.0,1.0,tiingo_historical_seed,
2013-01-22,EFA,58.03,58.18,57.83,58.18,38.7510294717,38.8511958412,38.6174743124,38.8511958412,12090100,12090100,0.0,1.0,tiingo_historical_seed,
2013-01-23,EFA,58.04,58.16,57.88,58.12,38.7577072297,38.8378403253,38.6508631023,38.8111292934,10139900,10139900,0.0,1.0,tiingo_historical_seed,
2013-01-24,EFA,58.22,58.54,58.19,58.4,38.8779068731,39.091595128,38.8578735992,38.9981065164,13640100,13640100,0.0,1.0,tiingo_historical_seed,
2013-01-25,EFA,58.95,59.03,58.7,59.03,39.3653832045,39.4188052683,39.1984392554,39.4188052683,16643500,16643500,0.0,1.0,tiingo_historical_seed,
2013-01-28,EFA,58.81,58.85,58.542,58.74,39.271894593,39.2986056249,39.0929306796,39.2251502873,14802900,14802900,0.0,1.0,tiingo_historical_seed,
2013-01-29,EFA,58.87,59.2,58.85,59.14,39.3119611408,39.5323271537,39.2986056249,39.4922606059,13403300,13403300,0.0,1.0,tiingo_historical_seed,
2013-01-30,EFA,59.17,59.425,59.13,59.2,39.5122938798,39.6825767079,39.4855828479,39.5323271537,18943400,18943400,0.0,1.0,tiingo_historical_seed,
2013-01-31,EFA,59.11,59.275,58.94,58.98,39.472227332,39.5824103384,39.3587054466,39.3854164784,22252200,22252200,0.0,1.0,tiingo_historical_seed,
2013-02-01,EFA,59.36,59.59,59.21,59.45,39.6391712811,39.7927597143,39.5390049116,39.6992711028,19989200,19989200,0.0,1.0,tiingo_historical_seed,
2013-02-04,EFA,58.79,58.89,58.26,58.38,39.2585390771,39.3253166567,38.9046179049,38.9847510005,18125200,18125200,0.0,1.0,tiingo_historical_seed,
2013-02-05,EFA,58.54,58.81,58.49,58.65,39.091595128,39.271894593,39.0582063381,39.1650504656,15418900,15418900,0.0,1.0,tiingo_historical_seed,
2013-02-06,EFA,58.2799,58.67,58.24,58.64,38.9179066433,39.1784059815,38.891262389,39.1583727076,26336000,26336000,0.0,1.0,tiingo_historical_seed,
2013-02-07,EFA,58.59,58.64,57.86,58.16,39.1249839178,39.1583727076,38.6375075863,38.8378403253,21947700,21947700,0.0,1.0,tiingo_historical_seed,
2013-02-08,EFA,58.36,58.59,58.36,58.53,38.9713954846,39.1249839178,38.9713954846,39.08491737,18326200,18326200,0.0,1.0,tiingo_historical_seed,
2013-02-11,EFA,58.53,58.54,58.25,58.47,39.08491737,39.091595128,38.897940147,39.0448508222,12677200,12677200,0.0,1.0,tiingo_historical_seed,
2013-02-12,EFA,58.5,58.882,58.45,58.76,39.0648840961,39.3199744504,39.0314953063,39.2385058032,11534200,11534200,0.0,1.0,tiingo_historical_seed,
2013-02-13,EFA,59.04,59.17,58.844,58.9,39.4254830262,39.5122938798,39.2945989701,39.3319944147,8955200,8955200,0.0,1.0,tiingo_historical_seed,
2013-02-14,EFA,58.38,58.62,58.36,58.58,38.9847510005,39.1450171917,38.9713954846,39.1183061598,10409900,10409900,0.0,1.0,tiingo_historical_seed,
2013-02-15,EFA,58.66,58.705,58.26,58.43,39.1717282235,39.2017781344,38.9046179049,39.0181397903,12095000,12095000,0.0,1.0,tiingo_historical_seed,
2013-02-19,EFA,58.93,59.16,58.92,59.12,39.3520276886,39.5056161218,39.3453499306,39.4789050899,20173800,20173800,0.0,1.0,tiingo_historical_seed,
2013-02-20,EFA,59.25,59.29,58.53,58.54,39.5657159435,39.5924269753,39.08491737,39.091595128,17523500,17523500,0.0,1.0,tiingo_historical_seed,
2013-02-21,EFA,57.84,57.87,57.402,57.66,38.6241520704,38.6441853443,38.3316662715,38.503952427,34195200,34195200,0.0,1.0,tiingo_historical_seed,
2013-02-22,EFA,58.12,58.51,57.945,58.49,38.8111292934,39.0715618541,38.694268529,39.0582063381,23364000,23364000,0.0,1.0,tiingo_historical_seed,
2013-02-25,EFA,58.83,58.93,57.02,57.09,39.285250109,39.3520276886,38.0765759173,38.123320223,40205000,40205000,0.0,1.0,tiingo_historical_seed,
2013-02-26,EFA,57.68,57.835,57.19,57.55,38.517307943,38.6208131914,38.1900978027,38.4304970894,25416500,25416500,0.0,1.0,tiingo_historical_seed,
2013-02-27,EFA,57.47,58.35,57.4,58.28,38.3770750257,38.9647177266,38.3303307199,38.9179734209,16819600,16819600,0.0,1.0,tiingo_historical_seed,
2013-02-28,EFA,58.26,58.56,58.15,58.215,38.9046179049,39.1049506439,38.8311625673,38.8745679941,17815100,17815100,0.0,1.0,tiingo_historical_seed,
2013-03-01,EFA,57.8,58.2,57.58,58.1,38.5974410385,38.8645513571,38.4505303633,38.7977737775,18241800,18241800,0.0,1.0,tiingo_historical_seed,
2013-03-04,EFA,57.95,58.36,57.85,58.35,38.697607408,38.9713954846,38.6308298284,38.9647177266,14580300,14580300,0.0,1.0,tiingo_historical_seed,
2013-03-05,EFA,58.82,59.04,58.8,58.93,39.278572351,39.4254830262,39.2652168351,39.3520276886,16168000,16168000,0.0,1.0,tiingo_historical_seed,
2013-03-06,EFA,59.18,59.22,58.82,59.08,39.5189716377,39.5456826696,39.278572351,39.4521940581,17189600,17189600,0.0,1.0,tiingo_historical_seed,
2013-03-07,EFA,59.22,59.3401,59.18,59.25,39.5456826696,39.6258825428,39.5189716377,39.5657159435,11797900,11797900,0.0,1.0,tiingo_historical_seed,
2013-03-08,EFA,59.29,59.42,59.035,59.375,39.5924269753,39.6792378289,39.4221441472,39.6491879181,23305900,23305900,0.0,1.0,tiingo_historical_seed,
2013-03-11,EFA,59.29,59.56,59.22,59.56,39.5924269753,39.7727264404,39.5456826696,39.7727264404,10873200,10873200,0.0,1.0,tiingo_historical_seed,
2013-03-12,EFA,59.53,59.6,59.15,59.26,39.7526931665,39.7994374723,39.4989383638,39.5723937015,16015600,16015600,0.0,1.0,tiingo_historical_seed,
2013-03-13,EFA,59.13,59.33,58.87,59.165,39.4855828479,39.6191380072,39.3119611408,39.5089550008,20517900,20517900,0.0,1.0,tiingo_historical_seed,
2013-03-14,EFA,59.43,59.81,59.395,59.75,39.6859155869,39.9396703895,39.662543434,39.8996038417,12158300,12158300,0.0,1.0,tiingo_historical_seed,
2013-03-15,EFA,59.92,59.995,59.71,59.871,40.0131257272,40.0632089119,39.8728928099,39.9804047131,18191100,18191100,0.0,1.0,tiingo_historical_seed,
2013-03-18,EFA,59.12,59.65,59.09,59.21,39.4789050899,39.8328262621,39.458871816,39.5390049116,25132800,25132800,0.0,1.0,tiingo_historical_seed,
2013-03-19,EFA,59.355,59.44,58.6301,59.03,39.6358324021,39.6925933448,39.1517617272,39.4188052683,25745200,25745200,0.0,1.0,tiingo_historical_seed,
2013-03-20,EFA,59.44,59.54,59.29,59.39,39.6925933448,39.7593709245,39.5924269753,39.659204555,16134800,16134800,0.0,1.0,tiingo_historical_seed,
2013-03-21,EFA,58.9,59.23,58.82,58.85,39.3319944147,39.5523604276,39.278572351,39.2986056249,18106800,18106800,0.0,1.0,tiingo_historical_seed,
2013-03-22,EFA,59.1799,59.45,59.075,59.36,39.5189048602,39.6992711028,39.4488551791,39.6391712811,18090400,18090400,0.0,1.0,tiingo_historical_seed,
2013-03-25,EFA,59.3906,59.47,58.47,58.62,39.6596052205,39.7126266187,39.0448508222,39.1450171917,31933000,31933000,0.0,1.0,tiingo_historical_seed,
2013-03-26,EFA,58.83,59.0,58.66,58.985,39.285250109,39.3987719944,39.1717282235,39.3887553574,15040700,15040700,0.0,1.0,tiingo_historical_seed,
2013-03-27,EFA,58.31,58.72,58.2,58.7,38.9380066948,39.2117947713,38.8645513571,39.1984392554,14990300,14990300,0.0,1.0,tiingo_historical_seed,
2013-03-28,EFA,58.82,59.04,58.735,58.98,39.278572351,39.4254830262,39.2218114083,39.3854164784,28690100,28690100,0.0,1.0,tiingo_historical_seed,
2013-04-01,EFA,58.57,58.62,58.09,58.17,39.1116284019,39.1450171917,38.7910960195,38.8445180833,24852900,24852900,0.0,1.0,tiingo_historical_seed,
2013-04-02,EFA,58.84,59.1,58.73,58.81,39.2919278669,39.465549574,39.2184725293,39.271894593,19636600,19636600,0.0,1.0,tiingo_historical_seed,
2013-04-03,EFA,59.06,59.14,58.47,58.52,39.4388385421,39.4922606059,39.0448508222,39.078239612,16961000,16961000,0.0,1.0,tiingo_historical_seed,
2013-04-04,EFA,58.72,59.1,58.59,59.045,39.2117947713,39.465549574,39.1249839178,39.4288219052,14924900,14924900,0.0,1.0,tiingo_historical_seed,
2013-04-05,EFA,58.22,58.78,58.16,58.77,38.8779068731,39.2518613191,38.8378403253,39.2451835612,18160400,18160400,0.0,1.0,tiingo_historical_seed,
2013-04-08,EFA,58.74,59.0,58.64,59.0,39.2251502873,39.3987719944,39.1583727076,39.3987719944,17117700,17117700,0.0,1.0,tiingo_historical_seed,
2013-04-09,EFA,58.98,59.41,58.75,59.21,39.3854164784,39.6725600709,39.2318280452,39.5390049116,17406300,17406300,0.0,1.0,tiingo_historical_seed,
2013-04-10,EFA,59.75,60.22,59.74,60.085,39.8996038417,40.2134584661,39.8929260838,40.1233087336,18195500,18195500,0.0,1.0,tiingo_historical_seed,
2013-04-11,EFA,60.47,60.84,60.38,60.56,40.3804024152,40.6274794599,40.3203025935,40.4405022369,19865300,19865300,0.0,1.0,tiingo_historical_seed,
2013-04-12,EFA,60.28,60.43,60.025,60.41,40.2535250139,40.3536913834,40.0832421858,40.3403358674,16777400,16777400,0.0,1.0,tiingo_historical_seed,
2013-04-15,EFA,59.87,59.9,59.185,59.22,39.9797369373,39.9997702112,39.5223105167,39.5456826696,22699900,22699900,0.0,1.0,tiingo_historical_seed,
2013-04-16,EFA,59.9,60.06,59.5964,60.06,39.9997702112,40.1066143387,39.7970334794,40.1066143387,14675700,14675700,0.0,1.0,tiingo_historical_seed,
2013-04-17,EFA,59.34,59.37,58.515,58.81,39.6258157652,39.6458490391,39.074900733,39.271894593,30730800,30730800,0.0,1.0,tiingo_historical_seed,
2013-04-18,EFA,58.92,58.95,58.44,58.63,39.3453499306,39.3653832045,39.0248175483,39.1516949496,19211400,19211400,0.0,1.0,tiingo_historical_seed,
2013-04-19,EFA,59.01,59.12,58.84,59.1,39.4054497523,39.4789050899,39.2919278669,39.465549574,24725900,24725900,0.0,1.0,tiingo_historical_seed,
2013-04-22,EFA,59.1,59.4352,58.79,59.35,39.465549574,39.689388021,39.2585390771,39.6324935231,16899700,16899700,0.0,1.0,tiingo_historical_seed,
2013-04-23,EFA,59.84,60.23,59.82,60.19,39.9597036634,40.2201362241,39.9463481475,40.1934251922,21257700,21257700,0.0,1.0,tiingo_historical_seed,
2013-04-24,EFA,60.52,60.88,60.45,60.71,40.4137912051,40.6541904918,40.3670468993,40.5406686064,18269400,18269400,0.0,1.0,tiingo_historical_seed,
2013-04-25,EFA,61.01,61.3,60.96,61.03,40.7410013454,40.9346563263,40.7076125555,40.7543568613,20079200,20079200,0.0,1.0,tiingo_historical_seed,
2013-04-26,EFA,60.96,61.14,60.89,61.0801,40.7076125555,40.8278121989,40.6608682498,40.7878124287,13910200,13910200,0.0,1.0,tiingo_historical_seed,
2013-04-29,EFA,61.36,61.93,61.35,61.86,40.9747228741,41.3553550781,40.9680451162,41.3086107724,14721000,14721000,0.0,1.0,tiingo_historical_seed,
2013-04-30,EFA,61.84,61.995,61.71,61.94,41.2952552565,41.3987605049,41.2084444029,41.3620328361,22261300,22261300,0.0,1.0,tiingo_historical_seed,
2013-05-01,EFA,62.0,62.02,61.44,61.57,41.4020993839,41.4154548998,41.0281449379,41.1149557914,19104600,19104600,0.0,1.0,tiingo_historical_seed,
2013-05-02,EFA,61.42,61.89,61.36,61.76,41.0147894219,41.3286440463,40.9747228741,41.2418331927,18247200,18247200,0.0,1.0,tiingo_historical_seed,
2013-05-03,EFA,62.31,62.63,62.28,62.55,41.6091098808,41.8227981357,41.5890766069,41.769376072,19161200,19161200,0.0,1.0,tiingo_historical_seed,
2013-05-06,EFA,62.28,62.47,62.22,62.47,41.5890766069,41.7159540083,41.5490100591,41.7159540083,7583700,7583700,0.0,1.0,tiingo_historical_seed,
2013-05-07,EFA,62.56,62.66,62.36,62.57,41.77605383,41.8428314096,41.6424986706,41.7827315879,15724500,15724500,0.0,1.0,tiingo_historical_seed,
2013-05-08,EFA,62.9,63.26,62.9,63.23,42.0030976008,42.2434968875,42.0030976008,42.2234636136,17768200,17768200,0.0,1.0,tiingo_historical_seed,
2013-05-09,EFA,62.9,62.96,62.37,62.62,42.0030976008,42.0431641486,41.6491764286,41.8161203777,16372400,16372400,0.0,1.0,tiingo_historical_seed,
2013-05-10,EFA,62.55,62.72,62.34,62.69,41.769376072,41.8828979574,41.6291431547,41.8628646835,15403400,15403400,0.0,1.0,tiingo_historical_seed,
2013-05-13,EFA,62.62,62.7,62.46,62.66,41.8161203777,41.8695424415,41.7092762503,41.8428314096,11911400,11911400,0.0,1.0,tiingo_historical_seed,
2013-05-14,EFA,62.56,62.885,62.55,62.78,41.77605383,41.9930809638,41.769376072,41.9229645052,26158800,26158800,0.0,1.0,tiingo_historical_seed,
2013-05-15,EFA,62.69,63.07,62.68,63.05,41.8628646835,42.1166194862,41.8561869255,42.1032639702,15961600,15961600,0.0,1.0,tiingo_historical_seed,
2013-05-16,EFA,62.73,62.948,62.49,62.62,41.8895757154,42.035150839,41.7293095242,41.8161203777,16669100,16669100,0.0,1.0,tiingo_historical_seed,
2013-05-17,EFA,62.65,63.07,62.59,63.05,41.8361536516,42.1166194862,41.7960871038,42.1032639702,12925700,12925700,0.0,1.0,tiingo_historical_seed,
2013-05-20,EFA,63.08,63.44,63.07,63.4,42.1232972441,42.3636965309,42.1166194862,42.336985499,16117200,16117200,0.0,1.0,tiingo_historical_seed,
2013-05-21,EFA,63.15,63.66,63.03,63.53,42.1700415499,42.5106072061,42.0899084543,42.4237963526,15283700,15283700,0.0,1.0,tiingo_historical_seed,
2013-05-22,EFA,63.54,64.14,62.6952,62.89,42.4304741105,42.8311395884,41.8663371176,41.9964198428,21713500,21713500,0.0,1.0,tiingo_historical_seed,
2013-05-23,EFA,61.33,62.005,60.99,61.99,40.9546896002,41.4054382629,40.7276458294,41.3954216259,27055200,27055200,0.0,1.0,tiingo_historical_seed,
2013-05-24,EFA,61.17,61.47,60.99,61.45,40.8478454728,41.0481782117,40.7276458294,41.0348226958,19956800,19956800,0.0,1.0,tiingo_historical_seed,
2013-05-28,EFA,61.97,62.16,61.47,61.61,41.38206611,41.5089435113,41.0481782117,41.1416668233,20275800,20275800,0.0,1.0,tiingo_historical_seed,
2013-05-29,EFA,61.08,61.16,60.73,61.02,40.7877456511,40.8411677148,40.5540241223,40.7476791033,18099400,18099400,0.0,1.0,tiingo_historical_seed,
2013-05-30,EFA,61.03,61.45,60.99,61.26,40.7543568613,41.0348226958,40.7276458294,40.9079452945,27382900,27382900,0.0,1.0,tiingo_historical_seed,
2013-05-31,EFA,60.51,60.65,60.03,60.07,40.4071134471,40.5006020586,40.0865810648,40.1132920966,36549400,36549400,0.0,1.0,tiingo_historical_seed,
2013-06-03,EFA,60.08,60.51,59.765,60.3,40.1199698546,40.4071134471,39.9096204787,40.2668805298,30340700,30340700,0.0,1.0,tiingo_historical_seed,
2013-06-04,EFA,60.79,60.89,60.2,60.52,40.5940906701,40.6608682498,40.2001029502,40.4137912051,17024400,17024400,0.0,1.0,tiingo_historical_seed,
2013-06-05,EFA,59.83,59.85,59.15,59.17,39.9530259055,39.9663814214,39.4989383638,39.5122938798,28821600,28821600,0.0,1.0,tiingo_historical_seed,
2013-06-06,EFA,59.16,59.53,58.87,59.5,39.5056161218,39.7526931665,39.3119611408,39.7326598926,24386900,24386900,0.0,1.0,tiingo_historical_seed,
2013-06-07,EFA,59.54,60.31,59.4,60.3,39.7593709245,40.2735582878,39.665882313,40.2668805298,19245200,19245200,0.0,1.0,tiingo_historical_seed,
2013-06-10,EFA,60.47,60.49,60.13,60.36,40.3804024152,40.3937579312,40.1533586444,40.3069470776,14559800,14559800,0.0,1.0,tiingo_historical_seed,
2013-06-11,EFA,59.48,59.95,59.35,59.62,39.7193043767,40.033159001,39.6324935231,39.8127929882,16619000,16619000,0.0,1.0,tiingo_historical_seed,
2013-06-12,EFA,60.3,60.36,59.47,59.55,40.2668805298,40.3069470776,39.7126266187,39.7660486824,14378100,14378100,0.0,1.0,tiingo_historical_seed,
2013-06-13,EFA,59.69,60.57,59.59,60.46,39.859537294,40.4471799949,39.7927597143,40.3737246573,20158400,20158400,0.0,1.0,tiingo_historical_seed,
2013-06-14,EFA,60.005,60.33,59.61,59.8,40.0698866699,40.2869138037,39.8061152302,39.9329926316,17334200,17334200,0.0,1.0,tiingo_historical_seed,
2013-06-17,EFA,60.87,61.0499,60.3,60.66,40.6475127338,40.7676455996,40.2668805298,40.5072798166,17560400,17560400,0.0,1.0,tiingo_historical_seed,
2013-06-18,EFA,60.87,61.195,60.85,61.09,40.6475127338,40.8645398677,40.6341572179,40.7944234091,13168500,13168500,0.0,1.0,tiingo_historical_seed,
2013-06-19,EFA,61.04,61.18,59.94,59.95,40.7610346192,40.8545232308,40.0264812431,40.033159001,33232800,33232800,0.0,1.0,tiingo_historical_seed,
2013-06-20,EFA,58.71,58.74,57.66,57.751,39.2051170134,39.2251502873,38.503952427,38.5647200245,40517100,40517100,0.0,1.0,tiingo_historical_seed,
2013-06-21,EFA,58.42,58.475,57.4299,57.94,39.0114620324,39.0481897012,38.3502972163,38.6909296501,30474300,30474300,0.0,1.0,tiingo_historical_seed,
2013-06-24,EFA,56.74,57.33,56.44,57.03,37.8895986942,38.2835864142,37.6892659553,38.0832536752,24351500,24351500,0.0,1.0,tiingo_historical_seed,
2013-06-25,EFA,57.53,57.85,57.1,57.7601,38.4171415735,38.6308298284,38.129997981,38.5707967843,24494900,24494900,0.0,1.0,tiingo_historical_seed,
2013-06-26,EFA,58.03,58.18,57.775,57.985,38.7510294717,38.8511958412,38.5807466436,38.7209795609,27142000,27142000,0.0,1.0,tiingo_historical_seed,
2013-06-27,EFA,57.33,57.71,57.33,57.41,39.0514613992,39.3103059018,39.0514613992,39.1059549787,17753800,17753800,1.151504,1.0,tiingo_historical_seed,
2013-06-28,EFA,57.31,57.595,57.09,57.3,39.0378380043,39.2319713813,38.8879806607,39.0310263069,31174100,31174100,0.0,1.0,tiingo_historical_seed,
2013-07-01,EFA,57.81,58.08,57.75,57.84,39.3784228761,39.5623387069,39.3375526915,39.3988579684,15315900,15315900,0.0,1.0,tiingo_historical_seed,
2013-07-02,EFA,57.78,58.09,57.33,57.55,39.3579877838,39.5691504043,39.0514613992,39.2013187428,13492800,13492800,0.0,1.0,tiingo_historical_seed,
2013-07-03,EFA,57.11,57.68,57.02,57.57,38.9016040556,39.2898708095,38.8402987787,39.2149421377,11748500,11748500,0.0,1.0,tiingo_historical_seed,
2013-07-05,EFA,57.96,57.98,57.41,57.84,39.4805983377,39.4942217325,39.1059549787,39.3988579684,10197800,10197800,0.0,1.0,tiingo_historical_seed,
2013-07-08,EFA,58.05,58.32,58.0,58.2,39.5419036146,39.7258194453,39.5078451274,39.6440790761,11993200,11993200,0.0,1.0,tiingo_historical_seed,
2013-07-09,EFA,58.64,58.64,58.16,58.52,39.9437937633,39.9437937633,39.6168322864,39.8620533941,11624200,11624200,0.0,1.0,tiingo_historical_seed,
2013-07-10,EFA,58.51,59.11,58.445,58.69,39.8552416966,40.2639435428,39.8109656633,39.9778522505,16162300,16162300,0.0,1.0,tiingo_historical_seed,
2013-07-11,EFA,59.78,60.27,59.54,60.21,40.720327271,41.0541004453,40.5568465325,41.0132302607,20284600,20284600,0.0,1.0,tiingo_historical_seed,
2013-07-12,EFA,59.77,59.92,59.63,59.81,40.7135155735,40.8156910351,40.6181518094,40.7407623633,15189800,15189800,0.0,1.0,tiingo_historical_seed,
2013-07-15,EFA,60.03,60.19,59.93,60.18,40.8906197069,40.9996068658,40.8225027325,40.9927951684,17063200,17063200,0.0,1.0,tiingo_historical_seed,
2013-07-16,EFA,60.13,60.23,59.98,60.14,40.9587366812,41.0268536556,40.8565612197,40.9655483787,10894600,10894600,0.0,1.0,tiingo_historical_seed,
2013-07-17,EFA,60.62,60.62,60.18,60.32,41.2925098556,41.2925098556,40.9927951684,41.0881589325,13744500,13744500,0.0,1.0,tiingo_historical_seed,
2013-07-18,EFA,60.49,60.78,60.1114,60.72,41.2039577889,41.4014970145,40.946066924,41.3606268299,11036600,11036600,0.0,1.0,tiingo_historical_seed,
2013-07-19,EFA,60.51,60.77,60.4,60.67,41.2175811838,41.3946853171,41.142652512,41.3265683427,23299300,23299300,0.0,1.0,tiingo_historical_seed,
2013-07-22,EFA,60.81,61.07,60.78,61.01,41.4219321068,41.5990362402,41.4014970145,41.5581660556,16518900,16518900,0.0,1.0,tiingo_historical_seed,
2013-07-23,EFA,61.21,61.26,60.9451,61.14,41.6944000043,41.7284584915,41.5139581392,41.6467181222,11132000,11132000,0.0,1.0,tiingo_historical_seed,
2013-07-24,EFA,61.37,61.38,60.81,61.06,41.8033871633,41.8101988607,41.4219321068,41.5922245427,12887500,12887500,0.0,1.0,tiingo_historical_seed,
2013-07-25,EFA,60.5,61.21,60.49,61.18,41.2107694863,41.6944000043,41.2039577889,41.673964912,14467100,14467100,0.0,1.0,tiingo_historical_seed,
2013-07-26,EFA,60.63,60.8,60.3,60.8,41.299321553,41.4151204094,41.0745355376,41.4151204094,15499000,15499000,0.0,1.0,tiingo_historical_seed,
2013-07-29,EFA,60.24,60.345,60.12,60.22,41.033665353,41.1051881761,40.9519249838,41.0200419581,11063600,11063600,0.0,1.0,tiingo_historical_seed,
2013-07-30,EFA,60.47,60.51,60.025,60.21,41.190334394,41.2175811838,40.8872138581,41.0132302607,10712500,10712500,0.0,1.0,tiingo_historical_seed,
2013-07-31,EFA,60.06,60.75,60.06,60.35,40.9110547992,41.3810619222,40.9110547992,41.1085940248,22989900,22989900,0.0,1.0,tiingo_historical_seed,
2013-08-01,EFA,61.12,61.26,60.96,61.17,41.6330947274,41.7284584915,41.5241075684,41.6671532145,24484500,24484500,0.0,1.0,tiingo_historical_seed,
2013-08-02,EFA,61.23,61.67,61.21,61.67,41.7080233991,42.0077380863,41.6944000043,42.0077380863,15475000,15475000,0.0,1.0,tiingo_historical_seed,
2013-08-05,EFA,61.4,61.56,61.23,61.54,41.8238222556,41.9328094145,41.7080233991,41.9191860197,11483000,11483000,0.0,1.0,tiingo_historical_seed,
2013-08-06,EFA,61.69,61.745,61.3,61.45,42.0213614812,42.0588258171,41.7557052812,41.8578807427,18325300,18325300,0.0,1.0,tiingo_historical_seed,
2013-08-07,EFA,61.2,61.305,61.1,61.18,41.6875883068,41.7591111299,41.6194713325,41.673964912,11989700,11989700,0.0,1.0,tiingo_historical_seed,
2013-08-08,EFA,61.52,61.825,61.34,61.735,41.9055626248,42.1133193966,41.7829520709,42.0520141197,12612700,12612700,0.0,1.0,tiingo_historical_seed,
2013-08-09,EFA,61.65,61.9377,61.61,61.84,41.9941146915,42.1900872267,41.9668679017,42.1235369427,14951500,14951500,0.0,1.0,tiingo_historical_seed,
2013-08-12,EFA,61.51,61.73,61.5,61.67,41.8987509274,42.0486082709,41.8919392299,42.0077380863,13785000,13785000,0.0,1.0,tiingo_historical_seed,
2013-08-13,EFA,61.83,62.14,61.49,62.07,42.1167252453,42.3278878658,41.8851275325,42.2802059838,13189100,13189100,0.0,1.0,tiingo_historical_seed,
2013-08-14,EFA,62.1,62.19,61.9875,62.1,42.3006410761,42.361946353,42.2240094799,42.3006410761,14258600,14258600,0.0,1.0,tiingo_historical_seed,
2013-08-15,EFA,61.33,61.665,60.94,61.575,41.7761403735,42.0043322376,41.5104841735,41.9430269607,23650000,23650000,0.0,1.0,tiingo_historical_seed,
2013-08-16,EFA,61.71,61.83,61.59,61.691,42.0349848761,42.1167252453,41.9532445068,42.0220426509,15219600,15219600,0.0,1.0,tiingo_historical_seed,
2013-08-19,EFA,61.62,61.66,61.21,61.25,41.9736795991,42.0009263889,41.6944000043,41.721646794,13596700,13596700,0.0,1.0,tiingo_historical_seed,
2013-08-20,EFA,61.03,61.3299,60.92,61.17,41.5717894504,41.7760722565,41.4968607786,41.6671532145,12885800,12885800,0.0,1.0,tiingo_historical_seed,
2013-08-21,EFA,60.77,61.0,60.23,60.45,41.3946853171,41.5513543581,41.0268536556,41.1767109992,12755200,12755200,0.0,1.0,tiingo_historical_seed,
2013-08-22,EFA,60.9,61.135,60.88,61.04,41.4832373838,41.6433122735,41.4696139889,41.5786011479,8041700,8041700,0.0,1.0,tiingo_historical_seed,
2013-08-23,EFA,61.38,61.575,61.21,61.57,41.8101988607,41.9430269607,41.6944000043,41.939621112,10141600,10141600,0.0,1.0,tiingo_historical_seed,
2013-08-26,EFA,61.28,61.4,61.11,61.12,41.7420818863,41.8238222556,41.6262830299,41.6330947274,8471000,8471000,0.0,1.0,tiingo_historical_seed,
2013-08-27,EFA,60.43,60.63,60.04,60.08,41.1630876043,41.299321553,40.8974314043,40.924678194,18839100,18839100,0.0,1.0,tiingo_historical_seed,
2013-08-28,EFA,59.75,60.215,59.68,60.01,40.6998921787,41.0166361094,40.6522102966,40.876996312,10521700,10521700,0.0,1.0,tiingo_historical_seed,
2013-08-29,EFA,59.86,60.165,59.8,59.91,40.7748208505,40.9825776222,40.7339506658,40.8088793376,10555800,10555800,0.0,1.0,tiingo_historical_seed,
2013-08-30,EFA,59.62,59.64,59.155,59.17,40.611340112,40.6249635069,40.2945961812,40.3048137274,21045300,21045300,0.0,1.0,tiingo_historical_seed,
2013-09-03,EFA,60.51,60.595,60.04,60.31,41.2175811838,41.275480612,40.8974314043,41.0813472351,18912700,18912700,0.0,1.0,tiingo_historical_seed,
2013-09-04,EFA,60.21,60.94,60.15,60.85,41.0132302607,41.5104841735,40.9723600761,41.4491788966,11868800,11868800,0.0,1.0,tiingo_historical_seed,
2013-09-05,EFA,60.59,60.86,60.58,60.8,41.2720747633,41.455990594,41.2652630658,41.4151204094,10523400,10523400,0.0,1.0,tiingo_historical_seed,
2013-09-06,EFA,61.06,61.31,60.65,61.13,41.5922245427,41.7625169786,41.3129449479,41.6399064248,16398000,16398000,0.0,1.0,tiingo_historical_seed,
2013-09-09,EFA,61.49,62.0,61.49,61.97,41.8851275325,42.2325241017,41.8851275325,42.2120890094,17398000,17398000,0.0,1.0,tiingo_historical_seed,
2013-09-10,EFA,62.48,62.7,62.41,62.67,42.5594855786,42.7093429222,42.5118036966,42.6889078299,15972400,15972400,0.0,1.0,tiingo_historical_seed,
2013-09-11,EFA,62.42,62.91,62.41,62.89,42.518615394,42.8523885684,42.5118036966,42.8387651735,11864200,11864200,0.0,1.0,tiingo_historical_seed,
2013-09-12,EFA,62.57,62.815,62.52,62.53,42.6207908555,42.7876774427,42.5867323684,42.5935440658,16745000,16745000,0.0,1.0,tiingo_historical_seed,
2013-09-13,EFA,62.61,62.84,62.43,62.83,42.6480376453,42.8047066863,42.5254270914,42.7978949889,13590900,13590900,0.0,1.0,tiingo_historical_seed,
2013-09-16,EFA,63.65,63.65,63.27,63.32,43.3564541786,43.3564541786,43.097609676,43.1316681632,18909500,18909500,0.0,1.0,tiingo_historical_seed,
2013-09-17,EFA,63.17,63.36,63.17,63.36,43.0294927017,43.158914953,43.0294927017,43.158914953,10370400,10370400,0.0,1.0,tiingo_historical_seed,
2013-09-18,EFA,63.41,65.11,63.24,65.05,43.1929734401,44.3509620042,43.0771745837,44.3100918196,21359000,21359000,0.0,1.0,tiingo_historical_seed,
2013-09-19,EFA,65.07,65.08,64.65,64.74,44.3237152145,44.3305269119,44.0376239222,44.0989291991,19195600,19195600,0.0,1.0,tiingo_historical_seed,
2013-09-20,EFA,64.63,64.63,64.24,64.265,44.0240005273,44.0240005273,43.7583443273,43.7753735709,18878600,18878600,0.0,1.0,tiingo_historical_seed,
2013-09-23,EFA,64.29,64.36,63.955,64.25,43.7924028145,43.8400846965,43.5642109504,43.7651560247,17860700,17860700,0.0,1.0,tiingo_historical_seed,
2013-09-24,EFA,64.2,64.41,63.98,64.15,43.7310975376,43.8741431837,43.581240194,43.6970390504,14979200,14979200,0.0,1.0,tiingo_historical_seed,
2013-09-25,EFA,64.11,64.36,64.01,64.22,43.6697922606,43.8400846965,43.6016752863,43.7447209324,14478100,14478100,0.0,1.0,tiingo_historical_seed,
2013-09-26,EFA,64.3,64.59,64.245,64.49,43.7992145119,43.9967537376,43.761750176,43.9286367632,15653800,15653800,0.0,1.0,tiingo_historical_seed,
2013-09-27,EFA,64.19,64.42,64.13,64.26,43.7242858401,43.8809548812,43.6834156555,43.7719677222,17705800,17705800,0.0,1.0,tiingo_historical_seed,
2013-09-30,EFA,63.61,63.97,63.55,63.801,43.3292073889,43.5744284965,43.2883372042,43.4593108099,22274400,22274400,0.0,1.0,tiingo_historical_seed,
2013-10-01,EFA,63.87,64.3,63.75,64.14,43.5063115222,43.7992145119,43.424571153,43.690227353,15392400,15392400,0.0,1.0,tiingo_historical_seed,
2013-10-02,EFA,63.91,64.16,63.59,64.12,43.5335583119,43.7038507478,43.315583994,43.6766039581,12620200,12620200,0.0,1.0,tiingo_historical_seed,
2013-10-03,EFA,63.99,64.03,63.59,63.7,43.5880518914,43.6152986812,43.315583994,43.3905126658,16212700,16212700,0.0,1.0,tiingo_historical_seed,
2013-10-04,EFA,63.61,63.92,63.58,63.85,43.3292073889,43.5403700094,43.3087722966,43.4926881273,11699000,11699000,0.0,1.0,tiingo_historical_seed,
2013-10-07,EFA,63.06,63.485,63.04,63.19,42.9545640299,43.2440611709,42.940940635,43.0431160966,17360800,17360800,0.0,1.0,tiingo_historical_seed,
2013-10-08,EFA,63.22,63.305,62.68,62.7,43.0635511889,43.1214506171,42.6957195273,42.7093429222,19635600,19635600,0.0,1.0,tiingo_historical_seed,
2013-10-09,EFA,62.93,63.09,62.535,62.97,42.8660119632,42.9749991222,42.5969499145,42.893258753,19659500,19659500,0.0,1.0,tiingo_historical_seed,
2013-10-10,EFA,63.51,64.2,63.5,64.1,43.2610904145,43.7310975376,43.2542787171,43.6629805632,16423300,16423300,0.0,1.0,tiingo_historical_seed,
2013-10-11,EFA,64.11,64.47,64.07,64.44,43.6697922606,43.9150133683,43.6425454709,43.894578276,13279100,13279100,0.0,1.0,tiingo_historical_seed,
2013-10-14,EFA,64.17,64.71,64.12,64.66,43.7106624453,44.0784941068,43.6766039581,44.0444356196,7213800,7213800,0.0,1.0,tiingo_historical_seed,
2013-10-15,EFA,64.4,64.52,64.28,64.35,43.8673314863,43.9490718555,43.7855911171,43.8332729991,15599400,15599400,0.0,1.0,tiingo_historical_seed,
2013-10-16,EFA,64.54,64.85,64.485,64.835,43.9626952504,44.1738578709,43.9252309145,44.1636403247,17389900,17389900,0.0,1.0,tiingo_historical_seed,
2013-10-17,EFA,65.195,65.72,65.13,65.69,44.4088614324,44.7664755478,44.3645853991,44.7460404555,21850200,21850200,0.0,1.0,tiingo_historical_seed,
2013-10-18,EFA,65.89,66.11,65.78,66.08,44.8822744042,45.0321317478,44.8073457324,45.0116966555,16283000,16283000,0.0,1.0,tiingo_historical_seed,
2013-10-21,EFA,65.99,66.18,65.93,66.18,44.9503913786,45.0798136299,44.909521194,45.0798136299,11068000,11068000,0.0,1.0,tiingo_historical_seed,
2013-10-22,EFA,66.52,66.96,66.52,66.84,45.3114113427,45.6111260298,45.3114113427,45.5293856606,13015200,13015200,0.0,1.0,tiingo_historical_seed,
2013-10-23,EFA,66.21,66.25,65.97,66.19,45.1002487222,45.1274955119,44.9367679837,45.0866253273,13384700,13384700,0.0,1.0,tiingo_historical_seed,
2013-10-24,EFA,66.56,66.69,66.4,66.65,45.3386581324,45.4272101991,45.2296709734,45.3999634093,11820900,11820900,0.0,1.0,tiingo_historical_seed,
2013-10-25,EFA,66.45,66.47,66.28,66.455,45.2637294606,45.2773528555,45.1479306042,45.2671353093,16688300,16688300,0.0,1.0,tiingo_historical_seed,
2013-10-28,EFA,66.275,66.479,66.19,66.35,45.1445247555,45.2834833832,45.0866253273,45.1956124863,9936700,9936700,0.0,1.0,tiingo_historical_seed,
2013-10-29,EFA,66.41,66.5099,66.31,66.49,45.2364826709,45.3045315283,45.1683656965,45.2909762504,12121400,12121400,0.0,1.0,tiingo_historical_seed,
2013-10-30,EFA,66.56,66.59,65.92,66.25,45.3386581324,45.3590932247,44.9027094965,45.1274955119,18774000,18774000,0.0,1.0,tiingo_historical_seed,
2013-10-31,EFA,66.07,66.25,65.78,65.88,45.0048849581,45.1274955119,44.8073457324,44.8754627068,22366900,22366900,0.0,1.0,tiingo_historical_seed,
2013-11-01,EFA,65.53,65.59,65.19,65.56,44.6370532965,44.6779234811,44.4054555837,44.6574883888,18921000,18921000,0.0,1.0,tiingo_historical_seed,
2013-11-04,EFA,65.68,65.88,65.545,65.88,44.7392287581,44.8754627068,44.6472708427,44.8754627068,27539500,27539500,0.0,1.0,tiingo_historical_seed,
2013-11-05,EFA,65.2,65.415,64.99,65.305,44.4122672811,44.558718776,44.269221635,44.4837901042,13129600,13129600,0.0,1.0,tiingo_historical_seed,
2013-11-06,EFA,65.89,66.05,65.745,65.88,44.8822744042,44.9912615632,44.7835047914,44.8754627068,16260600,16260600,0.0,1.0,tiingo_historical_seed,
2013-11-07,EFA,65.62,65.67,64.76,64.84,44.6983585734,44.7324170606,44.112552594,44.1670461735,22820200,22820200,0.0,1.0,tiingo_historical_seed,
2013-11-08,EFA,64.7,65.24,64.69,65.22,44.0716824094,44.4395140709,44.0648707119,44.425890676,15873000,15873000,0.0,1.0,tiingo_historical_seed,
2013-11-11,EFA,65.24,65.3699,65.16,65.36,44.4395140709,44.5279980206,44.3850204914,44.5212544401,14206100,14206100,0.0,1.0,tiingo_historical_seed,
2013-11-12,EFA,65.18,65.3165,64.97,65.14,44.3986438863,44.4916235563,44.2555982401,44.3713970965,13391000,13391000,0.0,1.0,tiingo_historical_seed,
2013-11-13,EFA,64.64,65.42,64.62,65.35,44.0308122247,44.5621246247,44.0171888299,44.5144427427,12669400,12669400,0.0,1.0,tiingo_historical_seed,
2013-11-14,EFA,65.35,65.73,65.29,65.645,44.5144427427,44.7732872452,44.4735725581,44.715387817,14537100,14537100,0.0,1.0,tiingo_historical_seed,
2013-11-15,EFA,66.03,66.32,65.9601,66.179,44.9776381683,45.175177394,44.9300244032,45.0791324601,25278400,25278400,0.0,1.0,tiingo_historical_seed,
2013-11-18,EFA,66.56,66.6,66.09,66.18,45.3386581324,45.3659049222,45.0185083529,45.0798136299,12776200,12776200,0.0,1.0,tiingo_historical_seed,
2013-11-19,EFA,66.02,66.2,65.88,66.01,44.9708264709,45.0934370247,44.8754627068,44.9640147734,10664300,10664300,0.0,1.0,tiingo_historical_seed,
2013-11-20,EFA,66.08,66.22,65.38,65.55,45.0116966555,45.1070604196,44.534877835,44.6506766914,18220600,18220600,0.0,1.0,tiingo_historical_seed,
2013-11-21,EFA,65.77,65.97,65.655,65.96,44.800534035,44.9367679837,44.7221995145,44.9299562863,15963400,15963400,0.0,1.0,tiingo_historical_seed,
2013-11-22,EFA,65.95,66.23,65.91,66.15,44.9231445888,45.113872117,44.8958977991,45.0593785375,18657100,18657100,0.0,1.0,tiingo_historical_seed,
2013-11-25,EFA,66.1,66.11,65.87,65.95,45.0253200504,45.0321317478,44.8686510093,44.9231445888,11835000,11835000,0.0,1.0,tiingo_historical_seed,
2013-11-26,EFA,65.82,66.01,65.75,65.95,44.8345925222,44.9640147734,44.7869106401,44.9231445888,14620200,14620200,0.0,1.0,tiingo_historical_seed,
2013-11-27,EFA,66.18,66.29,66.03,66.11,45.0798136299,45.1547423016,44.9776381683,45.0321317478,9667100,9667100,0.0,1.0,tiingo_historical_seed,
2013-11-29,EFA,66.52,66.58,66.24,66.24,45.3114113427,45.3522815273,45.1206838145,45.1206838145,13964200,13964200,0.0,1.0,tiingo_historical_seed,
2013-12-02,EFA,66.01,66.11,65.74,65.75,44.9640147734,45.0321317478,44.7800989427,44.7869106401,17686300,17686300,0.0,1.0,tiingo_historical_seed,
2013-12-03,EFA,65.42,65.54,65.09,65.29,44.5621246247,44.643864994,44.3373386094,44.4735725581,14776300,14776300,0.0,1.0,tiingo_historical_seed,
2013-12-04,EFA,64.53,65.0,64.515,64.94,43.955883553,44.2760333324,43.9456660068,44.2351631478,18603800,18603800,0.0,1.0,tiingo_historical_seed,
2013-12-05,EFA,64.73,64.87,64.48,64.57,44.0921175017,44.1874812658,43.9218250658,43.9831303427,13115500,13115500,0.0,1.0,tiingo_historical_seed,
2013-12-06,EFA,65.13,65.4,65.01,65.37,44.3645853991,44.5485012299,44.2828450299,44.5280661376,12965100,12965100,0.0,1.0,tiingo_historical_seed,
2013-12-09,EFA,65.25,65.41,65.21,65.3,44.4463257683,44.5553129273,44.4190789786,44.4803842555,11275800,11275800,0.0,1.0,tiingo_historical_seed,
2013-12-10,EFA,65.15,65.29,65.0,65.19,44.378208794,44.4735725581,44.2760333324,44.4054555837,13978200,13978200,0.0,1.0,tiingo_historical_seed,
2013-12-11,EFA,65.2,65.21,64.55,64.58,44.4122672811,44.4190789786,43.9695069478,43.9899420401,14151000,14151000,0.0,1.0,tiingo_historical_seed,
2013-12-12,EFA,64.28,64.34,63.95,64.11,43.7855911171,43.8264613017,43.5608051017,43.6697922606,14118200,14118200,0.0,1.0,tiingo_historical_seed,
2013-12-13,EFA,64.1,64.15,63.85,64.07,43.6629805632,43.6970390504,43.4926881273,43.6425454709,12214200,12214200,0.0,1.0,tiingo_historical_seed,
2013-12-16,EFA,64.51,64.73,64.47,64.53,43.9422601581,44.0921175017,43.9150133683,43.955883553,13338900,13338900,0.0,1.0,tiingo_historical_seed,
2013-12-17,EFA,64.36,64.38,64.08,64.25,43.8400846965,43.8537080914,43.6493571683,43.7651560247,15966500,15966500,0.0,1.0,tiingo_historical_seed,
2013-12-18,EFA,64.22,64.855,63.5,64.7,44.1177417011,44.5539728749,43.623117378,44.4474912498,28970800,28970800,0.551711,1.0,tiingo_historical_seed,
2013-12-19,EFA,64.49,64.81,64.4201,64.7,44.3032258222,44.5230588547,44.2552060442,44.4474912498,20647100,20647100,0.0,1.0,tiingo_historical_seed,
2013-12-20,EFA,64.91,65.18,64.88,65.07,44.5917566773,44.7772407984,44.5711473305,44.7016731935,18427500,18427500,0.0,1.0,tiingo_historical_seed,
2013-12-23,EFA,65.49,65.76,65.4,65.74,44.9902040486,45.1756881698,44.9283760083,45.1619486052,15767500,15767500,0.0,1.0,tiingo_historical_seed,
2013-12-24,EFA,65.63,65.87,65.56,65.87,45.0863810003,45.2512557747,45.0382925245,45.2512557747,6708500,6708500,0.0,1.0,tiingo_historical_seed,
2013-12-26,EFA,66.16,66.28,66.15,66.23,45.4504794603,45.5329168475,45.4436096781,45.4985679362,8510500,8510500,0.0,1.0,tiingo_historical_seed,
2013-12-27,EFA,66.755,66.77,66.51,66.57,45.8592315051,45.8695361785,45.6909218396,45.7321405332,18585400,18585400,0.0,1.0,tiingo_historical_seed,
2013-12-30,EFA,66.74,66.9099,66.675,66.85,45.8489268317,45.9656444323,45.8042732469,45.9244944366,14432400,14432400,0.0,1.0,tiingo_historical_seed,
2013-12-31,EFA,67.04,67.36,67.0,67.095,46.0550202996,46.274853332,46.0275411705,46.092804102,21704700,21704700,0.0,1.0,tiingo_historical_seed,
2014-01-02,EFA,66.23,66.27,65.74,65.91,45.4985679362,45.5260470652,45.1619486052,45.2787349037,26240600,26240600,0.0,1.0,tiingo_historical_seed,
2014-01-03,EFA,66.02,66.19,65.87,65.98,45.3543025086,45.4710888071,45.2512557747,45.3268233796,19270100,19270100,0.0,1.0,tiingo_historical_seed,
2014-01-06,EFA,66.05,66.11,65.84,65.9,45.3749118554,45.416130549,45.2306464279,45.2718651215,14737600,14737600,0.0,1.0,tiingo_historical_seed,
2014-01-07,EFA,66.17,66.345,66.13,66.27,45.4573492426,45.5775704322,45.4298701135,45.5260470652,12075700,12075700,0.0,1.0,tiingo_historical_seed,
2014-01-08,EFA,66.32,66.37,66.1,66.25,45.5603959766,45.5947448879,45.4092607668,45.5123075007,17555600,17555600,0.0,1.0,tiingo_historical_seed,
2014-01-09,EFA,66.28,66.28,65.8,66.2,45.5329168475,45.5329168475,45.2031672988,45.4779585894,13128600,13128600,0.0,1.0,tiingo_historical_seed,
2014-01-10,EFA,66.5,66.85,66.43,66.81,45.6840520573,45.9244944366,45.6359635815,45.8970153075,19676400,19676400,0.0,1.0,tiingo_historical_seed,
2014-01-13,EFA,66.52,66.6799,66.105,66.23,45.6977916219,45.8076394403,45.4126956579,45.4985679362,19464700,19464700,0.0,1.0,tiingo_historical_seed,
2014-01-14,EFA,66.42,66.81,66.22,66.76,45.6290937992,45.8970153075,45.4916981539,45.8626663962,12268900,12268900,0.0,1.0,tiingo_historical_seed,
2014-01-15,EFA,66.725,67.08,66.69,67.04,45.8386221583,46.0824994286,45.8145779203,46.0550202996,12388800,12388800,0.0,1.0,tiingo_historical_seed,
2014-01-16,EFA,66.93,67.01,66.7,67.01,45.9794526947,46.0344109528,45.8214477026,46.0344109528,21172000,21172000,0.0,1.0,tiingo_historical_seed,
2014-01-17,EFA,66.98,67.03,66.705,66.81,46.013801606,46.0481505173,45.8248825937,45.8970153075,22526900,22526900,0.0,1.0,tiingo_historical_seed,
2014-01-21,EFA,67.2,67.22,66.82,67.13,46.1649368158,46.1786763803,45.9038850898,46.11684834,18600200,18600200,0.0,1.0,tiingo_historical_seed,
2014-01-22,EFA,67.11,67.17,66.95,67.13,46.1031087754,46.144327469,45.9931922592,46.11684834,12664100,12664100,0.0,1.0,tiingo_historical_seed,
2014-01-23,EFA,66.89,66.91,66.41,66.68,45.9519735656,45.9657131302,45.6222240169,45.8077081381,17691700,17691700,0.0,1.0,tiingo_historical_seed,
2014-01-24,EFA,65.695,65.7,64.85,64.85,45.131034585,45.1344694762,44.5505379837,44.5505379837,25036300,25036300,0.0,1.0,tiingo_historical_seed,
2014-01-27,EFA,64.875,64.93,64.15,64.55,44.5677124394,44.6054962418,44.0696532252,44.3444445158,21487100,21487100,0.0,1.0,tiingo_historical_seed,
2014-01-28,EFA,64.855,65.18,64.83,65.11,44.5539728749,44.7772407984,44.5367984192,44.7291523226,15857600,15857600,0.0,1.0,tiingo_historical_seed,
2014-01-29,EFA,64.26,64.72,64.19,64.38,44.1452208301,44.4612308143,44.0971323543,44.2276582173,21210400,21210400,0.0,1.0,tiingo_historical_seed,
2014-01-30,EFA,64.66,64.81,64.38,64.71,44.4200121207,44.5230588547,44.2276582173,44.454361032,14681000,14681000,0.0,1.0,tiingo_historical_seed,
2014-01-31,EFA,63.33,64.02,63.31,63.61,43.5063310796,43.9803460558,43.492591515,43.698684983,39572600,39572600,0.0,1.0,tiingo_historical_seed,
2014-02-03,EFA,63.54,63.62,62.28,62.31,43.6505965071,43.7055547652,42.7850039418,42.8056132886,45762000,45762000,0.0,1.0,tiingo_historical_seed,
2014-02-04,EFA,62.77,63.07,62.58,63.03,43.1216232728,43.3277167407,42.9910974097,43.3002376116,26309300,26309300,0.0,1.0,tiingo_historical_seed,
2014-02-05,EFA,63.0,63.21,62.76,63.16,43.2796282648,43.4238936924,43.1147534905,43.3895447811,17503900,17503900,0.0,1.0,tiingo_historical_seed,
2014-02-06,EFA,63.72,64.31,63.71,64.28,43.7742525879,44.1795697414,43.7673828056,44.1589603947,16589100,16589100,0.0,1.0,tiingo_historical_seed,
2014-02-07,EFA,64.62,65.13,64.47,65.12,44.3925329916,44.7428918871,44.2894862577,44.7360221049,14500900,14500900,0.0,1.0,tiingo_historical_seed,
2014-02-10,EFA,64.93,64.94,64.75,64.9,44.6054962418,44.6123660241,44.4818401611,44.584886895,13885400,13885400,0.0,1.0,tiingo_historical_seed,
2014-02-11,EFA,65.27,66.05,65.25,65.93,44.8390688388,45.3749118554,44.8253292743,45.2924744683,18061900,18061900,0.0,1.0,tiingo_historical_seed,
2014-02-12,EFA,65.95,66.11,65.85,66.04,45.3062140328,45.416130549,45.2375162101,45.3680420732,14801400,14801400,0.0,1.0,tiingo_historical_seed,
2014-02-13,EFA,65.46,66.28,65.43,66.24,44.9695947018,45.5329168475,44.948985355,45.5054377185,17329500,17329500,0.0,1.0,tiingo_historical_seed,
2014-02-14,EFA,66.17,66.56,66.1,66.49,45.4573492426,45.7252707509,45.4092607668,45.6771822751,18540700,18540700,0.0,1.0,tiingo_historical_seed,
2014-02-18,EFA,66.94,67.14,66.76,67.06,45.986322477,46.1237181222,45.8626663962,46.0687598641,16668600,16668600,0.0,1.0,tiingo_historical_seed,
2014-02-19,EFA,66.92,67.22,66.57,66.61,45.9725829124,46.1786763803,45.7321405332,45.7596196622,13139900,13139900,0.0,1.0,tiingo_historical_seed,
2014-02-20,EFA,66.54,66.9301,66.4,66.84,45.7115311864,45.9795213925,45.6153542347,45.9176246543,14098500,14098500,0.0,1.0,tiingo_historical_seed,
2014-02-21,EFA,67.15,67.33,66.96,66.97,46.1305879045,46.2542439853,46.0000620415,46.0069318237,12629800,12629800,0.0,1.0,tiingo_historical_seed,
2014-02-24,EFA,67.22,67.87,67.19,67.55,46.1786763803,46.6252122275,46.1580670336,46.4053791951,22573000,22573000,0.0,1.0,tiingo_historical_seed,
2014-02-25,EFA,67.57,67.76,67.27,67.39,46.4191187596,46.5496446226,46.2130252917,46.2954626788,16833800,16833800,0.0,1.0,tiingo_historical_seed,
2014-02-26,EFA,67.26,67.33,66.94,67.16,46.2061555094,46.2542439853,45.986322477,46.1374576868,14872400,14872400,0.0,1.0,tiingo_historical_seed,
2014-02-27,EFA,66.98,67.41,66.85,67.39,46.013801606,46.3092022434,45.9244944366,46.2954626788,11392500,11392500,0.0,1.0,tiingo_historical_seed,
2014-02-28,EFA,67.5,67.87,67.3,67.51,46.3710302837,46.6252122275,46.2336346385,46.377900066,41960000,41960000,0.0,1.0,tiingo_historical_seed,
2014-03-03,EFA,66.38,66.5396,65.91,66.08,45.6016146702,45.7112563951,45.2787349037,45.3955212022,27783400,27783400,0.0,1.0,tiingo_historical_seed,
2014-03-04,EFA,67.4,67.49,67.29,67.39,46.3023324611,46.3641605015,46.2267648562,46.2954626788,29272000,29272000,0.0,1.0,tiingo_historical_seed,
2014-03-05,EFA,67.29,67.46,67.21,67.33,46.2267648562,46.3435511547,46.1718065981,46.2542439853,16872800,16872800,0.0,1.0,tiingo_historical_seed,
2014-03-06,EFA,68.02,68.19,67.93,68.03,46.7282589615,46.84504526,46.6664309211,46.7351287438,15087000,15087000,0.0,1.0,tiingo_historical_seed,
2014-03-07,EFA,67.91,67.955,67.32,67.66,46.6526913566,46.6836053768,46.247374203,46.4809468,21133800,21133800,0.0,1.0,tiingo_historical_seed,
2014-03-10,EFA,67.21,67.29,66.83,67.24,46.1718065981,46.2267648562,45.910754872,46.1924159449,23329100,23329100,0.0,1.0,tiingo_historical_seed,
2014-03-11,EFA,67.11,67.34,66.68,66.75,46.1031087754,46.2611137675,45.8077081381,45.8557966139,17811900,17811900,0.0,1.0,tiingo_historical_seed,
2014-03-12,EFA,66.18,66.6,66.01,66.5,45.4642190249,45.75274988,45.3474327264,45.6840520573,14151000,14151000,0.0,1.0,tiingo_historical_seed,
2014-03-13,EFA,66.64,66.69,65.14,65.26,45.780229009,45.8145779203,44.7497616694,44.8321990566,35340200,35340200,0.0,1.0,tiingo_historical_seed,
2014-03-14,EFA,64.87,65.43,64.87,65.12,44.5642775482,44.948985355,44.5642775482,44.7360221049,24796000,24796000,0.0,1.0,tiingo_historical_seed,
2014-03-17,EFA,65.63,66.02,65.6,65.94,45.0863810003,45.3543025086,45.0657716535,45.2993442505,24052700,24052700,0.0,1.0,tiingo_historical_seed,
2014-03-18,EFA,65.99,66.48,65.98,66.35,45.3336931618,45.6703124928,45.3268233796,45.5810053234,19417000,19417000,0.0,1.0,tiingo_historical_seed,
2014-03-19,EFA,66.28,66.31,65.12,65.54,45.5329168475,45.5535261943,44.7360221049,45.02455296,22330200,22330200,0.0,1.0,tiingo_historical_seed,
2014-03-20,EFA,64.96,65.415,64.82,65.29,44.6261055886,44.9386806817,44.5299286369,44.8528084033,18788100,18788100,0.0,1.0,tiingo_historical_seed,
2014-03-21,EFA,65.61,65.81,65.119,65.16,45.0726414358,45.2100370811,44.7353351266,44.7635012339,17668300,17668300,0.0,1.0,tiingo_historical_seed,
2014-03-24,EFA,65.61,65.65,64.93,65.33,45.0726414358,45.1001205649,44.6054962418,44.8802875324,17552900,17552900,0.0,1.0,tiingo_historical_seed,
2014-03-25,EFA,65.83,66.19,65.63,66.04,45.2237766456,45.4710888071,45.0863810003,45.3680420732,20785500,20785500,0.0,1.0,tiingo_historical_seed,
2014-03-26,EFA,66.57,66.595,66.02,66.03,45.7321405332,45.7493149888,45.3543025086,45.3611722909,27028900,27028900,0.0,1.0,tiingo_historical_seed,
2014-03-27,EFA,66.28,66.49,66.14,66.36,45.5329168475,45.6771822751,45.4367398958,45.5878751056,22352000,22352000,0.0,1.0,tiingo_historical_seed,
2014-03-28,EFA,66.86,67.06,66.8,66.86,45.9313642188,46.0687598641,45.8901455253,45.9313642188,13875500,13875500,0.0,1.0,tiingo_historical_seed,
2014-03-31,EFA,67.37,67.47,67.138,67.2,46.2817231143,46.350420937,46.1223441658,46.1649368158,24498300,24498300,0.0,1.0,tiingo_historical_seed,
2014-04-01,EFA,67.6,67.67,67.44,67.63,46.4397281064,46.4878165822,46.3298115902,46.4603374532,13738100,13738100,0.0,1.0,tiingo_historical_seed,
2014-04-02,EFA,67.64,67.9,67.564,67.76,46.4672072354,46.6458215743,46.4149968902,46.5496446226,15497500,15497500,0.0,1.0,tiingo_historical_seed,
2014-04-03,EFA,67.68,67.77,67.39,67.57,46.4946863645,46.5565144049,46.2954626788,46.4191187596,14943500,14943500,0.0,1.0,tiingo_historical_seed,
2014-04-04,EFA,67.84,67.945,67.255,67.36,46.6046028807,46.6767355945,46.2027206183,46.274853332,20967400,20967400,0.0,1.0,tiingo_historical_seed,
2014-04-07,EFA,67.26,67.36,66.89,67.04,46.2061555094,46.274853332,45.9519735656,46.0550202996,16647900,16647900,0.0,1.0,tiingo_historical_seed,
2014-04-08,EFA,66.79,67.14,66.73,67.0,45.883275743,46.1237181222,45.8420570494,46.0275411705,12246200,12246200,0.0,1.0,tiingo_historical_seed,
2014-04-09,EFA,67.55,67.9,67.2699,67.86,46.4053791951,46.6458215743,46.2129565938,46.6183424453,18492100,18492100,0.0,1.0,tiingo_historical_seed,
2014-04-10,EFA,67.55,67.62,66.6,66.66,46.4053791951,46.4534676709,45.75274988,45.7939685736,23677900,23677900,0.0,1.0,tiingo_historical_seed,
2014-04-11,EFA,66.35,66.76,66.25,66.26,45.5810053234,45.8626663962,45.5123075007,45.519177283,18550700,18550700,0.0,1.0,tiingo_historical_seed,
2014-04-14,EFA,66.6,66.76,66.315,66.64,45.75274988,45.8626663962,45.5569610854,45.780229009,13239000,13239000,0.0,1.0,tiingo_historical_seed,
2014-04-15,EFA,66.53,66.625,65.6823,66.36,45.7046614041,45.7699243356,45.1223099616,45.5878751056,21055100,21055100,0.0,1.0,tiingo_historical_seed,
2014-04-16,EFA,66.91,67.21,66.73,67.18,45.9657131302,46.1718065981,45.8420570494,46.1511972513,19643900,19643900,0.0,1.0,tiingo_historical_seed,
2014-04-17,EFA,67.28,67.64,67.1278,67.53,46.2198950739,46.4672072354,46.1153369879,46.3916396305,19204100,19204100,0.0,1.0,tiingo_historical_seed,
2014-04-21,EFA,67.525,67.645,67.41,67.62,46.3882047394,46.4706421266,46.3092022434,46.4534676709,10723800,10723800,0.0,1.0,tiingo_historical_seed,
2014-04-22,EFA,67.83,67.97,67.755,67.9,46.5977330985,46.6939100502,46.5462097315,46.6458215743,12342500,12342500,0.0,1.0,tiingo_historical_seed,
2014-04-23,EFA,67.84,67.84,67.63,67.74,46.6046028807,46.6046028807,46.4603374532,46.5359050581,11595300,11595300,0.0,1.0,tiingo_historical_seed,
2014-04-24,EFA,67.72,67.79,67.28,67.73,46.5221654936,46.5702539694,46.2198950739,46.5290352758,17646700,17646700,0.0,1.0,tiingo_historical_seed,
2014-04-25,EFA,67.61,67.63,67.2,67.4,46.4465978887,46.4603374532,46.1649368158,46.3023324611,19435900,19435900,0.0,1.0,tiingo_historical_seed,
2014-04-28,EFA,67.62,67.78,67.14,67.61,46.4534676709,46.5633841871,46.1237181222,46.4465978887,19986000,19986000,0.0,1.0,tiingo_historical_seed,
2014-04-29,EFA,67.96,68.19,67.8569,68.05,46.6870402679,46.84504526,46.6162128128,46.7488683083,16162500,16162500,0.0,1.0,tiingo_historical_seed,
2014-04-30,EFA,68.05,68.4,67.96,68.32,46.7488683083,46.9893106875,46.6870402679,46.9343524294,29172800,29172800,0.0,1.0,tiingo_historical_seed,
2014-05-01,EFA,68.39,68.62,68.3,68.51,46.9824409053,47.1404458973,46.9206128649,47.0648782924,17645400,17645400,0.0,1.0,tiingo_historical_seed,
2014-05-02,EFA,68.26,68.54,68.19,68.4,46.8931337358,47.0854876392,46.84504526,46.9893106875,14332800,14332800,0.0,1.0,tiingo_historical_seed,
2014-05-05,EFA,67.9,68.38,67.76,68.35,46.6458215743,46.975571123,46.5496446226,46.9549617762,18715300,18715300,0.0,1.0,tiingo_historical_seed,
2014-05-06,EFA,68.36,68.4,68.16,68.23,46.9618315585,46.9893106875,46.8244359132,46.872524389,10209100,10209100,0.0,1.0,tiingo_historical_seed,
2014-05-07,EFA,68.21,68.35,67.945,68.31,46.8587848245,46.9549617762,46.6767355945,46.9274826472,12801700,12801700,0.0,1.0,tiingo_historical_seed,
2014-05-08,EFA,68.41,68.64,68.225,68.32,46.9961804698,47.1541854619,46.8690894979,46.9343524294,13187500,13187500,0.0,1.0,tiingo_historical_seed,
2014-05-09,EFA,68.27,68.32,67.98,68.22,46.9000035181,46.9343524294,46.7007798324,46.8656546068,8089900,8089900,0.0,1.0,tiingo_historical_seed,
2014-05-12,EFA,68.48,68.69,68.42,68.67,47.0442689456,47.1885343732,47.0030502521,47.1747948087,13953600,13953600,0.0,1.0,tiingo_historical_seed,
2014-05-13,EFA,68.765,68.8,68.605,68.77,47.2400577402,47.2641019781,47.1301412239,47.2434926313,18673500,18673500,0.0,1.0,tiingo_historical_seed,
2014-05-14,EFA,68.75,68.9,68.55,68.64,47.2297530668,47.3327998007,47.0923574215,47.1541854619,15816700,15816700,0.0,1.0,tiingo_historical_seed,
2014-05-15,EFA,68.49,68.53,68.0842,68.34,47.0511387279,47.078617857,46.7723629636,46.9480919939,20007500,20007500,0.0,1.0,tiingo_historical_seed,
2014-05-16,EFA,68.35,68.49,68.229,68.49,46.9549617762,47.0511387279,46.8718374108,47.0511387279,12874500,12874500,0.0,1.0,tiingo_historical_seed,
2014-05-19,EFA,68.12,68.4,68.1,68.35,46.7969567841,46.9893106875,46.7832172196,46.9549617762,9415200,9415200,0.0,1.0,tiingo_historical_seed,
2014-05-20,EFA,68.11,68.15,67.72,67.92,46.7900870019,46.8175661309,46.5221654936,46.6595611388,13695200,13695200,0.0,1.0,tiingo_historical_seed,
2014-05-21,EFA,68.2,68.47,68.17,68.45,46.8519150422,47.0373991634,46.8313056955,47.0236595989,10953400,10953400,0.0,1.0,tiingo_historical_seed,
2014-05-22,EFA,68.46,68.61,68.41,68.54,47.0305293811,47.1335761151,46.9961804698,47.0854876392,8121800,8121800,0.0,1.0,tiingo_historical_seed,
2014-05-23,EFA,68.49,68.79,68.49,68.72,47.0511387279,47.2572321958,47.0511387279,47.20914372,7649000,7649000,0.0,1.0,tiingo_historical_seed,
2014-05-27,EFA,69.22,69.26,68.98,69.21,47.5526328332,47.5801119623,47.3877580589,47.5457630509,9819700,9819700,0.0,1.0,tiingo_historical_seed,
2014-05-28,EFA,69.02,69.06,68.85,68.98,47.4152371879,47.442716317,47.2984508894,47.3877580589,8894300,8894300,0.0,1.0,tiingo_historical_seed,
2014-05-29,EFA,69.28,69.4,69.14,69.4,47.5938515268,47.676288914,47.4976745751,47.676288914,16668400,16668400,0.0,1.0,tiingo_historical_seed,
2014-05-30,EFA,69.32,69.45,69.26,69.41,47.6213306558,47.7106378253,47.5801119623,47.6831586962,15728200,15728200,0.0,1.0,tiingo_historical_seed,
2014-06-02,EFA,69.64,69.64,69.4,69.55,47.8411636883,47.8411636883,47.676288914,47.7793356479,8915100,8915100,0.0,1.0,tiingo_historical_seed,
2014-06-03,EFA,69.32,69.4138,69.29,69.38,47.6213306558,47.6857692135,47.6007213091,47.6625493494,9629100,9629100,0.0,1.0,tiingo_historical_seed,
2014-06-04,EFA,69.23,69.43,69.1601,69.36,47.5595026155,47.6968982608,47.5114828374,47.6488097849,10850800,10850800,0.0,1.0,tiingo_historical_seed,
2014-06-05,EFA,69.56,69.9,69.31,69.84,47.7862054302,48.0197780272,47.6144608736,47.9785593336,11099400,11099400,0.0,1.0,tiingo_historical_seed,
2014-06-06,EFA,70.02,70.22,69.91,70.22,48.1022154143,48.2396110596,48.0266478094,48.2396110596,11780100,11780100,0.0,1.0,tiingo_historical_seed,
2014-06-09,EFA,69.95,70.19,69.915,70.15,48.0541269385,48.2190017128,48.0300827006,48.1915225838,12685200,12685200,0.0,1.0,tiingo_historical_seed,
2014-06-10,EFA,69.85,70.0,69.74,70.0,47.9854291158,48.0884758498,47.9098615109,48.0884758498,11347600,11347600,0.0,1.0,tiingo_historical_seed,
2014-06-11,EFA,69.69,69.78,69.57,69.65,47.8755125996,47.93734064,47.7930752125,47.8480334706,8827200,8827200,0.0,1.0,tiingo_historical_seed,
2014-06-12,EFA,69.87,69.94,69.55,69.67,47.9991686804,48.0472571562,47.7793356479,47.8617730351,10679500,10679500,0.0,1.0,tiingo_historical_seed,
2014-06-13,EFA,69.72,69.855,69.55,69.72,47.8961219464,47.988864007,47.7793356479,47.8961219464,22214700,22214700,0.0,1.0,tiingo_historical_seed,
2014-06-16,EFA,69.6,69.81,69.56,69.74,47.8136845592,47.9579499868,47.7862054302,47.9098615109,9584600,9584600,0.0,1.0,tiingo_historical_seed,
2014-06-17,EFA,69.41,69.7,69.39,69.69,47.6831586962,47.8823823819,47.6694191317,47.8755125996,9222700,9222700,0.0,1.0,tiingo_historical_seed,
2014-06-18,EFA,69.77,70.31,69.54,70.29,47.9304708577,48.3014391,47.7724658657,48.2876995355,14870300,14870300,0.0,1.0,tiingo_historical_seed,
2014-06-19,EFA,70.73,70.785,70.54,70.67,48.5899699551,48.6277537576,48.4594440921,48.5487512615,12490400,12490400,0.0,1.0,tiingo_historical_seed,
2014-06-20,EFA,70.57,70.61,70.415,70.55,48.4800534389,48.5075325679,48.3735718138,48.4663138743,16113100,16113100,0.0,1.0,tiingo_historical_seed,
2014-06-23,EFA,70.23,70.39,70.04,70.36,48.2464808419,48.3563973581,48.1159549789,48.3357880113,9836000,9836000,0.0,1.0,tiingo_historical_seed,
2014-06-24,EFA,70.21,70.28,69.84,69.92,48.2327412774,48.2808297532,47.9785593336,48.0335175917,17809900,17809900,0.0,1.0,tiingo_historical_seed,
2014-06-25,EFA,67.89,68.28,67.88,68.22,47.7848979103,48.0594024056,47.7778593335,48.0171709448,17373141,17373141,1.676205,1.0,tiingo_historical_seed,
2014-06-26,EFA,68.12,68.28,67.67,68.27,47.9467851768,48.0594024056,47.6300492207,48.0523638288,14342000,14342000,0.0,1.0,tiingo_historical_seed,
2014-06-27,EFA,68.04,68.34,67.97,68.31,47.8904765624,48.1016338664,47.8412065247,48.080518136,9721300,9721300,0.0,1.0,tiingo_historical_seed,
2014-06-30,EFA,68.16,68.439,68.15,68.37,47.974939484,48.1713157768,47.9679009072,48.1227495968,16580700,16580700,0.0,1.0,tiingo_historical_seed,
2014-07-01,EFA,68.72,69.075,68.68,68.97,48.3690997849,48.6189692614,48.3409454777,48.545064205,12975000,12975000,0.0,1.0,tiingo_historical_seed,
2014-07-02,EFA,68.95,69.09,68.87,69.08,48.5309870514,48.6295271266,48.4746784369,48.6224885498,11254400,11254400,0.0,1.0,tiingo_historical_seed,
2014-07-03,EFA,66.1,66.48,66.03,66.48,46.5249926627,46.7924585812,46.4757226251,46.7924585812,7757300,7757300,0.0,1.0,tiingo_historical_seed,
2014-07-07,EFA,68.69,68.788,68.58,68.68,48.3479840545,48.4169621072,48.2705597097,48.3409454777,8533400,8533400,0.0,1.0,tiingo_historical_seed,
2014-07-08,EFA,68.28,68.29,67.782,67.96,48.0594024056,48.0664409824,47.7088812809,47.8341679479,11505200,11505200,0.0,1.0,tiingo_historical_seed,
2014-07-09,EFA,67.89,68.27,67.85,68.18,47.7848979103,48.0523638288,47.7567436031,47.9890166376,15042700,15042700,0.0,1.0,tiingo_historical_seed,
2014-07-10,EFA,66.96,67.45,66.92,67.43,47.1303102677,47.475200531,47.1021559605,47.4611233774,12905700,12905700,0.0,1.0,tiingo_historical_seed,
2014-07-11,EFA,67.34,67.52,67.1701,67.47,47.3977761862,47.5244705686,47.2781907663,47.4892776846,11225800,11225800,0.0,1.0,tiingo_historical_seed,
2014-07-14,EFA,68.11,68.12,67.94,67.97,47.9397466,47.9467851768,47.8200907943,47.8412065247,9020800,9020800,0.0,1.0,tiingo_historical_seed,
2014-07-15,EFA,68.03,68.09,67.515,67.8,47.8834379856,47.9256694464,47.5209512802,47.7215507191,12444500,12444500,0.0,1.0,tiingo_historical_seed,
2014-07-16,EFA,68.28,68.32,68.115,68.22,48.0594024056,48.0875567128,47.9432658884,48.0171709448,9427600,9427600,0.0,1.0,tiingo_historical_seed,
2014-07-17,EFA,67.52,67.99,67.48,67.88,47.5244705686,47.8552836784,47.4963162614,47.7778593335,15085100,15085100,0.0,1.0,tiingo_historical_seed,
2014-07-18,EFA,67.52,67.99,67.48,67.88,47.5244705686,47.8552836784,47.4963162614,47.7778593335,11615300,11615300,0.0,1.0,tiingo_historical_seed,
2014-07-21,EFA,67.46,67.67,67.3199,67.63,47.4822391078,47.6300492207,47.3836286468,47.6018949135,12114800,12114800,0.0,1.0,tiingo_historical_seed,
2014-07-22,EFA,67.99,68.06,67.89,67.93,47.8552836784,47.904553716,47.7848979103,47.8130522175,12232800,12232800,0.0,1.0,tiingo_historical_seed,
2014-07-23,EFA,68.2,68.2,68.0,68.07,48.0030937912,48.0030937912,47.8623222552,47.9115922928,8668200,8668200,0.0,1.0,tiingo_historical_seed,
2014-07-24,EFA,68.26,68.32,68.14,68.23,48.045325252,48.0875567128,47.9608623304,48.0242095216,6637600,6637600,0.0,1.0,tiingo_historical_seed,
2014-07-25,EFA,68.11,68.15,67.69,67.95,47.9397466,47.9679009072,47.6441263743,47.8271293711,8885700,8885700,0.0,1.0,tiingo_historical_seed,
2014-07-28,EFA,67.96,68.06,67.58,67.96,47.8341679479,47.904553716,47.5667020295,47.8341679479,8065900,8065900,0.0,1.0,tiingo_historical_seed,
2014-07-29,EFA,68.15,68.19,67.775,67.82,47.9679009072,47.9960552144,47.7039542771,47.7356278727,9154800,9154800,0.0,1.0,tiingo_historical_seed,
2014-07-30,EFA,67.82,67.955,67.46,67.72,47.7356278727,47.8306486595,47.4822391078,47.6652421047,11169300,11169300,0.0,1.0,tiingo_historical_seed,
2014-07-31,EFA,67.03,67.12,66.52,66.59,47.1795803053,47.2429274966,46.8206128884,46.869882926,26161000,26161000,0.0,1.0,tiingo_historical_seed,
2014-08-01,EFA,66.32,66.57,66.0,66.13,46.6798413524,46.8558057724,46.4546068947,46.5461083931,25398300,25398300,0.0,1.0,tiingo_historical_seed,
2014-08-04,EFA,66.41,66.56,66.03,66.44,46.7431885436,46.8487671956,46.4757226251,46.764304274,15220800,15220800,0.0,1.0,tiingo_historical_seed,
2014-08-05,EFA,66.07,66.12,65.46,65.59,46.5038769323,46.5390698163,46.0745237474,46.1660252458,20235100,20235100,0.0,1.0,tiingo_historical_seed,
2014-08-06,EFA,65.09,65.61,65.08,65.43,45.8140964057,46.1801023994,45.8070578289,46.053408017,16592700,16592700,0.0,1.0,tiingo_historical_seed,
2014-08-07,EFA,65.57,65.64,64.731,64.9,46.1519480922,46.2012181298,45.5614114985,45.6803634465,17344900,17344900,0.0,1.0,tiingo_historical_seed,
2014-08-08,EFA,64.84,65.32,64.71,65.28,45.6381319856,45.9759836722,45.5466304872,45.9478293649,15434200,15434200,0.0,1.0,tiingo_historical_seed,
2014-08-11,EFA,65.57,65.695,65.47,65.53,46.1519480922,46.2399303022,46.0815623242,46.123793785,10497600,10497600,0.0,1.0,tiingo_historical_seed,
2014-08-12,EFA,65.43,65.58,65.32,65.48,46.053408017,46.158986669,45.9759836722,46.088600901,12398400,12398400,0.0,1.0,tiingo_historical_seed,
2014-08-13,EFA,65.87,65.99,65.72,65.85,46.3631053963,46.4475683179,46.2575267442,46.3490282427,12378700,12378700,0.0,1.0,tiingo_historical_seed,
2014-08-14,EFA,66.1,66.21,66.0,66.2,46.5249926627,46.6024170076,46.4546068947,46.5953784308,11941600,11941600,0.0,1.0,tiingo_historical_seed,
2014-08-15,EFA,66.51,66.62,65.6,66.13,46.8135743116,46.8909986564,46.1730638226,46.5461083931,23432900,23432900,0.0,1.0,tiingo_historical_seed,
2014-08-18,EFA,66.43,66.59,66.385,66.56,46.7572656972,46.869882926,46.7255921016,46.8487671956,11630700,11630700,0.0,1.0,tiingo_historical_seed,
2014-08-19,EFA,67.45,67.47,67.19,67.31,47.475200531,47.4892776846,47.2921975342,47.3766604558,8514300,8514300,0.0,1.0,tiingo_historical_seed,
2014-08-20,EFA,66.33,66.6,66.32,66.51,46.6868799292,46.8769215028,46.6798413524,46.8135743116,11419400,11419400,0.0,1.0,tiingo_historical_seed,
2014-08-21,EFA,66.69,66.885,66.645,66.79,46.9402686941,47.0775209417,46.9085950985,47.0106544621,8522800,8522800,0.0,1.0,tiingo_historical_seed,
2014-08-22,EFA,66.6,66.65,66.235,66.47,46.8769215028,46.9121143869,46.6200134496,46.7854200044,9000900,9000900,0.0,1.0,tiingo_historical_seed,
2014-08-25,EFA,66.78,67.08,66.74,66.9,47.0036158853,47.2147731893,46.9754615781,47.0880788069,13867600,13867600,0.0,1.0,tiingo_historical_seed,
2014-08-26,EFA,66.98,67.19,66.89,66.91,47.1443874213,47.2921975342,47.0810402301,47.0951173837,22103600,22103600,0.0,1.0,tiingo_historical_seed,
2014-08-27,EFA,67.19,67.2,66.97,67.04,47.2921975342,47.299236111,47.1373488445,47.1866188821,10792900,10792900,0.0,1.0,tiingo_historical_seed,
2014-08-28,EFA,66.63,66.79,66.57,66.74,46.8980372332,47.0106544621,46.8558057724,46.9754615781,10674300,10674300,0.0,1.0,tiingo_historical_seed,
2014-08-29,EFA,66.72,66.765,66.46,66.71,46.9613844245,46.9930580201,46.7783814276,46.9543458477,19832700,19832700,0.0,1.0,tiingo_historical_seed,
2014-09-02,EFA,66.91,66.91,66.61,66.84,47.0951173837,47.0951173837,46.8839600796,47.0458473461,14537000,14537000,0.0,1.0,tiingo_historical_seed,
2014-09-03,EFA,67.45,67.47,67.19,67.31,47.475200531,47.4892776846,47.2921975342,47.3766604558,15490700,15490700,0.0,1.0,tiingo_historical_seed,
2014-09-04,EFA,67.22,67.41,66.83,66.99,47.3133132646,47.4470462238,47.0388087693,47.1514259981,11043000,11043000,0.0,1.0,tiingo_historical_seed,
2014-09-05,EFA,66.8,67.02,66.64,67.0,47.0176930389,47.1725417285,46.90507581,47.1584645749,9374300,9374300,0.0,1.0,tiingo_historical_seed,
2014-09-08,EFA,66.5,66.605,66.16,66.29,46.8065357348,46.8804407912,46.5672241235,46.658725622,13282600,13282600,0.0,1.0,tiingo_historical_seed,
2014-09-09,EFA,66.21,66.21,65.88,66.1,46.6024170076,46.6024170076,46.3701439731,46.5249926627,15015000,15015000,0.0,1.0,tiingo_historical_seed,
2014-09-10,EFA,66.1,66.48,66.03,66.48,46.5249926627,46.7924585812,46.4757226251,46.7924585812,14634800,14634800,0.0,1.0,tiingo_historical_seed,
2014-09-11,EFA,66.01,66.14,65.84,66.11,46.4616454715,46.5531469699,46.3419896659,46.5320312395,12136700,12136700,0.0,1.0,tiingo_historical_seed,
2014-09-12,EFA,66.05,66.1,65.84,66.02,46.4897997787,46.5249926627,46.3419896659,46.4686840483,12022900,12022900,0.0,1.0,tiingo_historical_seed,
2014-09-15,EFA,65.93,65.97,65.76,65.88,46.4053368571,46.4334911643,46.2856810515,46.3701439731,8709500,8709500,0.0,1.0,tiingo_historical_seed,
2014-09-16,EFA,65.525,66.25,65.51,66.16,46.1202744966,46.6305713148,46.1097166314,46.5672241235,14405100,14405100,0.0,1.0,tiingo_historical_seed,
2014-09-17,EFA,65.97,66.1,65.53,65.69,46.4334911643,46.5249926627,46.123793785,46.2364110138,19753900,19753900,0.0,1.0,tiingo_historical_seed,
2014-09-18,EFA,66.06,66.26,66.05,66.2,46.4968383555,46.6376098916,46.4897997787,46.5953784308,14467500,14467500,0.0,1.0,tiingo_historical_seed,
2014-09-19,EFA,66.29,66.31,65.92,65.97,46.658725622,46.6728027756,46.3982982803,46.4334911643,11800500,11800500,0.0,1.0,tiingo_historical_seed,
2014-09-22,EFA,65.89,65.9,65.53,65.68,46.3771825499,46.3842211267,46.123793785,46.229372437,28621179,28621179,0.0,1.0,tiingo_historical_seed,
2014-09-23,EFA,65.24,65.44,65.05,65.13,45.9196750577,46.0604465938,45.7859420985,45.8422507129,17916095,17916095,0.0,1.0,tiingo_historical_seed,
2014-09-24,EFA,65.14,65.51,64.95,65.46,45.8492892897,46.1097166314,45.7155563305,46.0745237474,11712213,11712213,0.0,1.0,tiingo_historical_seed,
2014-09-25,EFA,65.12,65.12,64.43,64.5,45.8352121361,45.8352121361,45.3495503368,45.3988203744,15369282,15369282,0.0,1.0,tiingo_historical_seed,
2014-09-26,EFA,64.71,64.97,64.55,64.77,45.5466304872,45.7296334841,45.4340132584,45.588861948,14040200,14040200,0.0,1.0,tiingo_historical_seed,
2014-09-29,EFA,64.08,64.35,63.99,64.17,45.1032001487,45.2932417223,45.0398529575,45.1665473399,17351811,17351811,0.0,1.0,tiingo_historical_seed,
2014-09-30,EFA,63.99,64.33,63.845,64.12,45.0398529575,45.2791645687,44.9377935938,45.1313544559,17807627,17807627,0.0,1.0,tiingo_historical_seed,
2014-10-01,EFA,63.75,63.83,63.23,63.36,44.8709271142,44.9272357286,44.5049211205,44.5964226189,21791140,21791140,0.0,1.0,tiingo_historical_seed,
2014-10-02,EFA,63.01,63.08,62.1,62.68,44.3500724308,44.3993424685,43.7095619418,44.1177993964,21687559,21687559,0.0,1.0,tiingo_historical_seed,
2014-10-03,EFA,62.59,62.76,62.43,62.68,44.0544522051,44.1741080108,43.9418349763,44.1177993964,11116929,11116929,0.0,1.0,tiingo_historical_seed,
2014-10-06,EFA,63.02,63.165,62.67,63.08,44.3571110076,44.4591703713,44.1107608196,44.3993424685,16614012,16614012,0.0,1.0,tiingo_historical_seed,
2014-10-07,EFA,62.66,62.69,62.0,62.01,44.1037222428,44.1248379732,43.6391761738,43.6462147506,15615937,15615937,0.0,1.0,tiingo_historical_seed,
2014-10-08,EFA,62.08,63.09,61.845,62.99,43.6954847882,44.4063810453,43.5300782334,44.3359952772,18310323,18310323,0.0,1.0,tiingo_historical_seed,
2014-10-09,EFA,62.38,62.51,61.23,61.3,43.9066420923,43.9981435907,43.09720576,43.1464757977,23813383,23813383,0.0,1.0,tiingo_historical_seed,
2014-10-10,EFA,61.01,61.18,60.36,60.38,42.9423570704,43.062012876,42.4848495783,42.4989267319,26414412,26414412,0.0,1.0,tiingo_historical_seed,
2014-10-13,EFA,61.05,61.2,60.28,60.3,42.9705113776,43.0760900296,42.4285409638,42.4426181174,16363605,16363605,0.0,1.0,tiingo_historical_seed,
2014-10-14,EFA,60.74,60.95,60.34,60.45,42.7523154967,42.9001256096,42.4707724246,42.5481967695,22292231,22292231,0.0,1.0,tiingo_historical_seed,
2014-10-15,EFA,60.05,60.16,58.965,60.09,42.2666536974,42.3440780422,41.5029681143,42.2948080046,37303897,37303897,0.0,1.0,tiingo_historical_seed,
2014-10-16,EFA,58.68,60.09,58.61,59.53,41.3023686755,42.2948080046,41.2530986379,41.9006477037,49006506,49006506,0.0,1.0,tiingo_historical_seed,
2014-10-17,EFA,60.46,60.8,60.275,60.64,42.5552353463,42.7945469575,42.4250216754,42.6819297287,22794146,22794146,0.0,1.0,tiingo_historical_seed,
2014-10-20,EFA,60.57,61.12,60.55,61.02,42.6326596911,43.0197814152,42.6185825375,42.9493956472,22996182,22996182,0.0,1.0,tiingo_historical_seed,
2014-10-21,EFA,61.34,61.8,61.29,61.75,43.1746301049,43.4984046378,43.1394372209,43.4632117538,16849706,16849706,0.0,1.0,tiingo_historical_seed,
2014-10-22,EFA,61.71,61.88,61.25,61.3,43.4350574466,43.5547132522,43.1112829136,43.1464757977,13982329,13982329,0.0,1.0,tiingo_historical_seed,
2014-10-23,EFA,61.82,62.21,61.745,61.89,43.5124817914,43.7869862867,43.4596924654,43.561751829,17097031,17097031,0.0,1.0,tiingo_historical_seed,
2014-10-24,EFA,62.06,62.25,61.87,62.23,43.6814076346,43.8151405939,43.5476746754,43.8010634403,12251109,12251109,0.0,1.0,tiingo_historical_seed,
2014-10-27,EFA,61.68,62.16,61.59,61.88,43.4139417161,43.7517934027,43.3505945249,43.5547132522,17838409,17838409,0.0,1.0,tiingo_historical_seed,
2014-10-28,EFA,62.53,62.83,62.45,62.82,44.0122207443,44.2233780484,43.9559121299,44.2163394716,14653099,14653099,0.0,1.0,tiingo_historical_seed,
2014-10-29,EFA,63.0,63.12,62.14,62.34,44.343033854,44.4274967757,43.737716249,43.8784877851,21781794,21781794,0.0,1.0,tiingo_historical_seed,
2014-10-30,EFA,62.14,62.977,62.08,62.79,43.737716249,44.3268451274,43.6954847882,44.1952237412,14595816,14595816,0.0,1.0,tiingo_historical_seed,
2014-10-31,EFA,63.71,63.98,63.53,63.95,44.842772807,45.0328143807,44.7160784246,45.0116986503,22786774,22786774,0.0,1.0,tiingo_historical_seed,
2014-11-03,EFA,63.52,63.61,63.2,63.4,44.7090398478,44.772387039,44.4838053901,44.6245769261,14384764,14384764,0.0,1.0,tiingo_historical_seed,
2014-11-04,EFA,62.94,63.07,62.6601,63.04,44.3008023932,44.3923038917,44.1037926285,44.3711881612,12741811,12741811,0.0,1.0,tiingo_historical_seed,
2014-11-05,EFA,63.18,63.25,62.88,63.16,44.4697282365,44.5189982741,44.2585709324,44.4556510829,13033533,13033533,0.0,1.0,tiingo_historical_seed,
2014-11-06,EFA,63.02,63.18,62.66,62.82,44.3571110076,44.4697282365,44.1037222428,44.2163394716,13624530,13624530,0.0,1.0,tiingo_historical_seed,
2014-11-07,EFA,62.61,62.87,62.38,62.85,44.0685293588,44.2515323556,43.9066420923,44.237455202,10950876,10950876,0.0,1.0,tiingo_historical_seed,
2014-11-10,EFA,63.09,63.2,62.9,63.13,44.4063810453,44.4838053901,44.272648086,44.4345353525,10235203,10235203,0.0,1.0,tiingo_historical_seed,
2014-11-11,EFA,63.29,63.58,63.16,63.51,44.5471525813,44.7512713086,44.4556510829,44.702001271,12372765,12372765,0.0,1.0,tiingo_historical_seed,
2014-11-12,EFA,62.81,63.08,62.8,62.97,44.2093008948,44.3993424685,44.202262318,44.3219181236,9970675,9970675,0.0,1.0,tiingo_historical_seed,
2014-11-13,EFA,63.04,63.4,63.0,63.27,44.3711881612,44.6245769261,44.343033854,44.5330754277,18654704,18654704,0.0,1.0,tiingo_historical_seed,
2014-11-14,EFA,62.88,63.39,62.87,63.36,44.2585709324,44.6175383493,44.2515323556,44.5964226189,13368571,13368571,0.0,1.0,tiingo_historical_seed,
2014-11-17,EFA,62.84,63.17,62.81,63.11,44.2304166252,44.4626896597,44.2093008948,44.4204581989,11203652,11203652,0.0,1.0,tiingo_historical_seed,
2014-11-18,EFA,63.58,63.91,63.535,63.8,44.7512713086,44.983544343,44.719597713,44.9061199982,19695448,19695448,0.0,1.0,tiingo_historical_seed,
2014-11-19,EFA,63.63,63.83,63.335,63.61,44.7864641926,44.9272357286,44.5788261769,44.772387039,13908813,13908813,0.0,1.0,tiingo_historical_seed,
2014-11-20,EFA,62.97,63.4,62.95,63.23,44.3219181236,44.6245769261,44.30784097,44.5049211205,16494377,16494377,0.0,1.0,tiingo_historical_seed,
2014-11-21,EFA,64.02,64.06,63.57,63.78,45.0609686879,45.0891229951,44.7442327318,44.8920428446,22414353,22414353,0.0,1.0,tiingo_historical_seed,
2014-11-24,EFA,64.06,64.16,63.93,64.15,45.0891229951,45.1595087631,44.9976214966,45.1524701863,16662552,16662552,0.0,1.0,tiingo_historical_seed,
2014-11-25,EFA,64.155,64.33,64.02,64.26,45.1559894747,45.2791645687,45.0609686879,45.2298945311,18289630,18289630,0.0,1.0,tiingo_historical_seed,
2014-11-26,EFA,64.34,64.54,64.235,64.51,45.2862031455,45.4269746816,45.2122980891,45.4058589512,9788043,9788043,0.0,1.0,tiingo_historical_seed,
2014-11-28,EFA,64.1,64.16,63.94,63.99,45.1172773023,45.1595087631,45.0046600734,45.0398529575,8429254,8429254,0.0,1.0,tiingo_historical_seed,
2014-12-01,EFA,64.03,64.08,63.73,63.93,45.0680072647,45.1032001487,44.8568499606,44.9976214966,14827782,14827782,0.0,1.0,tiingo_historical_seed,
2014-12-02,EFA,64.06,64.1299,63.92,64.11,45.0891229951,45.1383226469,44.9905829198,45.1243158791,19349296,19349296,0.0,1.0,tiingo_historical_seed,
2014-12-03,EFA,63.95,64.09,63.855,64.03,45.0116986503,45.1102387255,44.9448321706,45.0680072647,10722399,10722399,0.0,1.0,tiingo_historical_seed,
2014-12-04,EFA,63.86,64.09,63.61,63.82,44.948351459,45.1102387255,44.772387039,44.9201971518,18286409,18286409,0.0,1.0,tiingo_historical_seed,
2014-12-05,EFA,63.98,64.16,63.81,63.96,45.0328143807,45.1595087631,44.913158575,45.0187372271,13946986,13946986,0.0,1.0,tiingo_historical_seed,
2014-12-08,EFA,63.59,63.71,63.35,63.4,44.7583098854,44.842772807,44.5893840421,44.6245769261,14590162,14590162,0.0,1.0,tiingo_historical_seed,
2014-12-09,EFA,62.81,63.11,62.62,63.06,44.2093008948,44.4204581989,44.0755679356,44.3852653149,18136312,18136312,0.0,1.0,tiingo_historical_seed,
2014-12-10,EFA,62.9,62.9,62.16,62.26,44.272648086,44.272648086,43.7517934027,43.8221791707,27669672,27669672,0.0,1.0,tiingo_historical_seed,
2014-12-11,EFA,62.36,62.68,62.11,62.18,43.8925649387,44.1177993964,43.7166005186,43.7658705563,19542611,19542611,0.0,1.0,tiingo_historical_seed,
2014-12-12,EFA,62.01,62.12,60.94,60.98,43.6462147506,43.7236390954,42.8930870328,42.92124134,31169607,31169607,0.0,1.0,tiingo_historical_seed,
2014-12-15,EFA,61.16,61.26,59.78,59.97,43.0479357224,43.1183214905,42.0766121237,42.210345083,38599941,38599941,0.0,1.0,tiingo_historical_seed,
2014-12-16,EFA,60.02,61.16,59.92,60.4,42.245537967,43.0479357224,42.175152199,42.5130038855,38250498,38250498,0.0,1.0,tiingo_historical_seed,
2014-12-17,EFA,60.02,60.96,59.99,60.53,42.6539510499,43.3219736088,42.632631181,43.0163888212,28795347,28795347,0.58518,1.0,tiingo_historical_seed,
2014-12-18,EFA,61.22,61.7,61.12,61.61,43.5067458059,43.8478637084,43.4356795763,43.7839041017,33053675,33053675,0.0,1.0,tiingo_historical_seed,
2014-12-19,EFA,61.47,61.8799,61.33,61.7,43.6844113801,43.9757118556,43.5849186586,43.8478637084,29690683,29690683,0.0,1.0,tiingo_historical_seed,
2014-12-22,EFA,61.97,62.04,61.75,62.0,44.0397425285,44.0894888893,43.8833968232,44.0610623974,24782453,24782453,0.0,1.0,tiingo_historical_seed,
2014-12-23,EFA,61.87,61.95,61.71,61.8,43.9686762988,44.0255292826,43.8549703313,43.9189299381,21929237,21929237,0.0,1.0,tiingo_historical_seed,
2014-12-24,EFA,61.88,62.2167,61.78,62.08,43.9757829218,44.2150629171,43.9047166921,44.1179153811,12379363,12379363,0.0,1.0,tiingo_historical_seed,
2014-12-26,EFA,62.27,62.35,62.19,62.24,44.2529412175,44.3097942013,44.1960882338,44.2316213486,17681142,17681142,0.0,1.0,tiingo_historical_seed,
2014-12-29,EFA,61.71,62.01,61.7,61.79,43.8549703313,44.0681690204,43.8478637084,43.9118233151,22005587,22005587,0.0,1.0,tiingo_historical_seed,
2014-12-30,EFA,61.44,61.5,61.2,61.22,43.6630915112,43.705731249,43.49253256,43.5067458059,20271587,20271587,0.0,1.0,tiingo_historical_seed,
2014-12-31,EFA,61.45,61.46,60.805,60.84,43.6701981342,43.6773047572,43.2118209528,43.2366941332,22494954,22494954,0.0,1.0,tiingo_historical_seed,
2015-01-02,EFA,61.05,61.13,60.46,60.58,43.3859332155,43.4427861992,42.9666424604,43.051921936,24674810,24674810,0.0,1.0,tiingo_historical_seed,
2015-01-05,EFA,59.73,59.775,58.995,59.15,42.4478589838,42.4798387872,41.9255221957,42.0356748517,28468244,28468244,0.0,1.0,tiingo_historical_seed,
2015-01-06,EFA,59.1,59.305,58.2863,58.48,42.0001417369,42.1458275077,41.421875826,41.5595311129,21711619,21711619,0.0,1.0,tiingo_historical_seed,
2015-01-07,EFA,58.95,59.23,58.57,59.13,41.8935423924,42.0925278354,41.6234907196,42.0214616058,19048936,19048936,0.0,1.0,tiingo_historical_seed,
2015-01-08,EFA,59.49,60.139,59.46,59.93,42.2773000326,42.7385198632,42.2559801637,42.5899914432,16680027,16680027,0.0,1.0,tiingo_historical_seed,
2015-01-09,EFA,60.0,60.0,59.34,59.64,42.6397378039,42.6397378039,42.1707006881,42.3838993771,17796141,17796141,0.0,1.0,tiingo_historical_seed,
2015-01-12,EFA,59.71,59.76,59.205,59.5,42.4336457379,42.4691788527,42.074761278,42.2844066556,18561207,18561207,0.0,1.0,tiingo_historical_seed,
2015-01-13,EFA,60.24,60.39,59.38,59.8,42.8102967551,42.9168960997,42.19912718,42.4976053446,15396200,15396200,0.0,1.0,tiingo_historical_seed,
2015-01-14,EFA,59.51,59.75,59.22,59.63,42.2915132785,42.4620722297,42.0854212125,42.3767927541,16051851,16051851,0.0,1.0,tiingo_historical_seed,
2015-01-15,EFA,60.345,60.41,59.86,60.01,42.8849162963,42.9311093456,42.5402450824,42.6468444269,21885109,21885109,0.0,1.0,tiingo_historical_seed,
2015-01-16,EFA,60.08,60.84,59.985,60.79,42.6965907877,43.2366941332,42.6290778695,43.2011610184,29675542,29675542,0.0,1.0,tiingo_historical_seed,
2015-01-20,EFA,61.27,61.31,60.76,61.0,43.5422789208,43.5707054127,43.1798411494,43.3504001007,19114912,19114912,0.0,1.0,tiingo_historical_seed,
2015-01-21,EFA,60.98,61.5,60.89,61.48,43.3361868547,43.705731249,43.272227248,43.6915180031,26858945,26858945,0.0,1.0,tiingo_historical_seed,
2015-01-22,EFA,61.3,61.87,61.17,61.71,43.5635987897,43.9686762988,43.4712126911,43.8549703313,15610403,15610403,0.0,1.0,tiingo_historical_seed,
2015-01-23,EFA,61.6,61.77,61.34,61.36,43.7767974787,43.8976100691,43.5920252816,43.6062385275,19495685,19495685,0.0,1.0,tiingo_historical_seed,
2015-01-26,EFA,61.86,62.34,61.7,62.2,43.9615696759,44.3026875783,43.8478637084,44.2031948567,18463332,18463332,0.0,1.0,tiingo_historical_seed,
2015-01-27,EFA,62.07,62.42,61.93,62.29,44.1108087582,44.359540562,44.0113160366,44.2671544634,20064297,20064297,0.0,1.0,tiingo_historical_seed,
2015-01-28,EFA,62.31,62.3799,61.325,61.36,44.2813677094,44.3310430039,43.5813653471,43.6062385275,20033124,20033124,0.0,1.0,tiingo_historical_seed,
2015-01-29,EFA,61.89,62.25,61.67,62.2,43.9828895448,44.2387279716,43.8265438395,44.2031948567,31207948,31207948,0.0,1.0,tiingo_historical_seed,
2015-01-30,EFA,61.59,61.8128,61.2,61.22,43.7696908557,43.9280264154,43.49253256,43.5067458059,39271009,39271009,0.0,1.0,tiingo_historical_seed,
2015-02-02,EFA,61.63,62.1,61.46,61.96,43.7981173476,44.1321286271,43.6773047572,44.0326359055,24878661,24878661,0.0,1.0,tiingo_historical_seed,
2015-02-03,EFA,62.34,63.06,62.32,62.95,44.3026875783,44.8143644319,44.2884743324,44.7361915793,27679397,27679397,0.0,1.0,tiingo_historical_seed,
2015-02-04,EFA,62.62,62.945,62.38,62.43,44.5016730214,44.7326382678,44.3311140702,44.366647185,17454127,17454127,0.0,1.0,tiingo_historical_seed,
2015-02-05,EFA,62.84,63.3,62.755,63.29,44.6580187267,44.9849233831,44.5976124314,44.9778167602,23933454,23933454,0.0,1.0,tiingo_historical_seed,
2015-02-06,EFA,62.69,62.9,62.3199,62.5,44.5514193821,44.7006584645,44.2884032661,44.4163935458,18530149,18530149,0.0,1.0,tiingo_historical_seed,
2015-02-09,EFA,61.99,62.38,61.99,62.2,44.0539557744,44.3311140702,44.0539557744,44.2031948567,15940496,15940496,0.0,1.0,tiingo_historical_seed,
2015-02-10,EFA,62.59,62.82,62.31,62.77,44.4803531525,44.6438054807,44.2813677094,44.6082723659,14302536,14302536,0.0,1.0,tiingo_historical_seed,
2015-02-11,EFA,62.36,62.56,62.12,62.43,44.3169008242,44.4590332836,44.146341873,44.366647185,16405389,16405389,0.0,1.0,tiingo_historical_seed,
2015-02-12,EFA,62.86,63.41,62.86,63.4,44.6722319726,45.0630962358,44.6722319726,45.0559896128,16664683,16664683,0.0,1.0,tiingo_historical_seed,
2015-02-13,EFA,63.66,63.84,63.65,63.82,45.24076181,45.3686810234,45.233655187,45.3544677774,17919070,17919070,0.0,1.0,tiingo_historical_seed,
2015-02-17,EFA,63.7,64.1,63.5401,63.97,45.2691883018,45.5534532205,45.1555534006,45.461067122,13660319,13660319,0.0,1.0,tiingo_historical_seed,
2015-02-18,EFA,64.16,64.54,64.04,64.35,45.5960929583,45.8661446311,45.5108134827,45.7311187947,16777781,16777781,0.0,1.0,tiingo_historical_seed,
2015-02-19,EFA,64.35,64.67,64.31,64.43,45.7311187947,45.9585307297,45.7026923028,45.7879717785,17091007,17091007,0.0,1.0,tiingo_historical_seed,
2015-02-20,EFA,64.24,65.27,64.13,65.03,45.6529459421,46.3849281077,45.5747730894,46.2143691565,34658650,34658650,0.0,1.0,tiingo_historical_seed,
2015-02-23,EFA,64.68,64.91,64.63,64.8,45.9656373526,46.1290896809,45.9301042378,46.0509168282,13630915,13630915,0.0,1.0,tiingo_historical_seed,
2015-02-24,EFA,64.78,65.29,64.66,65.2,46.0367035823,46.3991413536,45.9514241067,46.3351817469,16373392,16373392,0.0,1.0,tiingo_historical_seed,
2015-02-25,EFA,65.1,65.33,65.02,65.25,46.2641155173,46.4275678455,46.2072625335,46.3707148618,10224770,10224770,0.0,1.0,tiingo_historical_seed,
2015-02-26,EFA,65.1,65.24,64.9301,65.07,46.2641155173,46.3636082388,46.1433739931,46.2427956484,12790980,12790980,0.0,1.0,tiingo_historical_seed,
2015-02-27,EFA,65.13,65.35,65.025,65.1,46.2854353862,46.4417810914,46.210815845,46.2641155173,22960895,22960895,0.0,1.0,tiingo_historical_seed,
2015-03-02,EFA,65.08,65.22,64.97,65.2,46.2499022713,46.3493949929,46.1717294187,46.3351817469,21297828,21297828,0.0,1.0,tiingo_historical_seed,
2015-03-03,EFA,64.96,65.05,64.63,64.8,46.1646227957,46.2285824024,45.9301042378,46.0509168282,12564366,12564366,0.0,1.0,tiingo_historical_seed,
2015-03-04,EFA,64.44,64.59,64.08,64.54,45.7950784014,45.9016777459,45.5392399746,45.8661446311,15625081,15625081,0.0,1.0,tiingo_historical_seed,
2015-03-05,EFA,64.74,64.89,64.565,64.69,46.0082770904,46.114876435,45.8839111885,45.9727439756,15540909,15540909,0.0,1.0,tiingo_historical_seed,
2015-03-06,EFA,64.18,64.32,63.75,63.81,45.6103062043,45.7097989258,45.3047214167,45.3473611545,24040475,24040475,0.0,1.0,tiingo_historical_seed,
2015-03-09,EFA,63.78,63.99,63.705,63.91,45.3260412856,45.4752803679,45.2727416133,45.4184273842,11908966,11908966,0.0,1.0,tiingo_historical_seed,
2015-03-10,EFA,62.86,62.975,62.486,62.52,44.6722319726,44.7539581367,44.4064442736,44.4306067917,20979980,20979980,0.0,1.0,tiingo_historical_seed,
2015-03-11,EFA,62.63,62.8151,62.39,62.68,44.5087796443,44.6403232355,44.3382206931,44.5443127592,19908401,19908401,0.0,1.0,tiingo_historical_seed,
2015-03-12,EFA,63.4,63.48,63.1301,63.46,45.0559896128,45.1128425966,44.8641818589,45.0986293506,16362205,16362205,0.0,1.0,tiingo_historical_seed,
2015-03-13,EFA,62.95,63.14,62.69,63.09,44.7361915793,44.8712174157,44.5514193821,44.8356843008,16277248,16277248,0.0,1.0,tiingo_historical_seed,
2015-03-16,EFA,63.53,63.9,63.5,63.8,45.1483757114,45.4113207612,45.1270558425,45.3402545315,15828656,15828656,0.0,1.0,tiingo_historical_seed,
2015-03-17,EFA,63.48,63.73,63.3,63.64,45.1128425966,45.2905081707,44.9849233831,45.226548564,16273260,16273260,0.0,1.0,tiingo_historical_seed,
2015-03-18,EFA,63.63,65.1,63.61,65.0,45.2194419411,46.2641155173,45.2052286951,46.1930492876,28290710,28290710,0.0,1.0,tiingo_historical_seed,
2015-03-19,EFA,64.24,64.41,64.07,64.24,45.6529459421,45.7737585325,45.5321333516,45.6529459421,20155132,20155132,0.0,1.0,tiingo_historical_seed,
2015-03-20,EFA,65.32,65.9,65.11,65.66,46.4204612225,46.8326453547,46.2712221402,46.6620864034,28789264,28789264,0.0,1.0,tiingo_historical_seed,
2015-03-23,EFA,65.88,66.13,65.72,65.99,46.8184321087,46.9960976829,46.7047261412,46.8966049614,13958724,13958724,0.0,1.0,tiingo_historical_seed,
2015-03-24,EFA,66.11,66.205,65.85,65.85,46.981884437,47.0493973552,46.7971122398,46.7971122398,18037342,18037342,0.0,1.0,tiingo_historical_seed,
2015-03-25,EFA,66.09,66.19,65.5,65.54,46.967671191,47.0387374207,46.548380436,46.5768069278,17853628,17853628,0.0,1.0,tiingo_historical_seed,
2015-03-26,EFA,64.98,65.12,64.54,64.97,46.1788360417,46.2783287632,45.8661446311,46.1717294187,24344190,24344190,0.0,1.0,tiingo_historical_seed,
2015-03-27,EFA,64.98,65.205,64.82,65.14,46.1788360417,46.3387350584,46.0651300742,46.2925420091,16596505,16596505,0.0,1.0,tiingo_historical_seed,
2015-03-30,EFA,65.13,65.33,65.1,65.18,46.2854353862,46.4275678455,46.2641155173,46.320968501,27480187,27480187,0.0,1.0,tiingo_historical_seed,
2015-03-31,EFA,64.14,64.54,64.0701,64.17,45.5818797124,45.8661446311,45.5322044179,45.6031995813,27717182,27717182,0.0,1.0,tiingo_historical_seed,
2015-04-01,EFA,64.66,64.66,64.17,64.63,45.9514241067,45.9514241067,45.6031995813,45.9301042378,30907001,30907001,0.0,1.0,tiingo_historical_seed,
2015-04-02,EFA,65.01,65.24,64.93,65.19,46.2001559106,46.3636082388,46.1433029268,46.328075124,15597235,15597235,0.0,1.0,tiingo_historical_seed,
2015-04-06,EFA,65.59,66.15,65.41,65.85,46.6123400427,47.0103109288,46.4844208293,46.7971122398,16304564,16304564,0.0,1.0,tiingo_historical_seed,
2015-04-07,EFA,65.95,66.24,65.73,65.76,46.8681784695,47.0742705355,46.7118327642,46.7331526331,13742896,13742896,0.0,1.0,tiingo_historical_seed,
2015-04-08,EFA,66.4,66.43,65.75,66.04,47.187976503,47.2092963719,46.7260460101,46.9321380762,16148264,16148264,0.0,1.0,tiingo_historical_seed,
2015-04-09,EFA,66.1,66.14,65.81,66.13,46.974777814,47.0032043059,46.7686857479,46.9960976829,17741096,17741096,0.0,1.0,tiingo_historical_seed,
2015-04-10,EFA,65.99,66.27,65.925,66.26,46.8966049614,47.0955904044,46.8504119121,47.0884837815,12665763,12665763,0.0,1.0,tiingo_historical_seed,
2015-04-13,EFA,65.96,66.1199,65.72,65.84,46.8752850925,46.9889199937,46.7047261412,46.7900056168,15048706,15048706,0.0,1.0,tiingo_historical_seed,
2015-04-14,EFA,66.24,66.37,66.13,66.33,47.0742705355,47.1666566341,46.9960976829,47.1382301422,13929846,13929846,0.0,1.0,tiingo_historical_seed,
2015-04-15,EFA,66.51,66.74,66.225,66.63,47.2661493557,47.4296016839,47.0636106011,47.3514288313,13210578,13210578,0.0,1.0,tiingo_historical_seed,
2015-04-16,EFA,66.7,67.0,66.4101,66.81,47.401175192,47.6143738811,47.1951541922,47.4793480447,17461205,17461205,0.0,1.0,tiingo_historical_seed,
2015-04-17,EFA,65.94,66.0399,65.685,65.97,46.8610718465,46.93206701,46.6798529609,46.8823917154,18805187,18805187,0.0,1.0,tiingo_historical_seed,
2015-04-20,EFA,66.01,66.23,65.96,66.04,46.9108182073,47.0671639126,46.8752850925,46.9321380762,12557398,12557398,0.0,1.0,tiingo_historical_seed,
2015-04-21,EFA,66.62,66.79,66.4874,66.63,47.3443222083,47.4651347987,47.2500883878,47.3514288313,10696752,10696752,0.0,1.0,tiingo_historical_seed,
2015-04-22,EFA,66.65,66.78,66.32,66.76,47.3656420772,47.4580281758,47.1311235193,47.4438149298,8776102,8776102,0.0,1.0,tiingo_historical_seed,
2015-04-23,EFA,66.39,67.11,66.35,67.01,47.1808698801,47.6925467337,47.1524433882,47.621480504,12240668,12240668,0.0,1.0,tiingo_historical_seed,
2015-04-24,EFA,67.27,67.5101,66.99,67.4,47.8062527012,47.9768827186,47.6072672581,47.8986387998,11090308,11090308,0.0,1.0,tiingo_historical_seed,
2015-04-27,EFA,67.77,68.06,67.66,67.73,48.1615838495,48.3676759156,48.0834109969,48.1331573577,18320601,18320601,0.0,1.0,tiingo_historical_seed,
2015-04-28,EFA,67.56,67.825,67.35,67.81,48.0123447672,48.2006702759,47.8631056849,48.1900103414,13769230,13769230,0.0,1.0,tiingo_historical_seed,
2015-04-29,EFA,67.3,67.515,66.96,67.22,47.8275725701,47.9803649639,47.5859473892,47.7707195863,18858541,18858541,0.0,1.0,tiingo_historical_seed,
2015-04-30,EFA,66.75,66.9201,66.43,66.51,47.4367083069,47.5575919635,47.2092963719,47.2661493557,27726483,27726483,0.0,1.0,tiingo_historical_seed,
2015-05-01,EFA,66.865,67.4,66.65,67.25,47.518434471,47.8986387998,47.3656420772,47.7920394552,28710222,28710222,0.0,1.0,tiingo_historical_seed,
2015-05-04,EFA,67.21,67.3,67.05,67.18,47.7636129634,47.8275725701,47.6499069959,47.7422930945,18863115,18863115,0.0,1.0,tiingo_historical_seed,
2015-05-05,EFA,66.9,66.91,66.085,66.18,47.5433076514,47.5504142744,46.9641178795,47.0316307977,21317434,21317434,0.0,1.0,tiingo_historical_seed,
2015-05-06,EFA,66.6,66.7,66.07,66.35,47.3301089624,47.401175192,46.9534579451,47.1524433882,16573462,16573462,0.0,1.0,tiingo_historical_seed,
2015-05-07,EFA,66.06,66.22,65.85,66.13,46.9463513221,47.0600572896,46.7971122398,46.9960976829,17710575,17710575,0.0,1.0,tiingo_historical_seed,
2015-05-08,EFA,67.28,67.76,67.26,67.66,47.8133593241,48.1544772266,47.7991460782,48.0834109969,30634352,30634352,0.0,1.0,tiingo_historical_seed,
2015-05-11,EFA,67.16,67.38,67.04,67.07,47.7280798485,47.8844255538,47.6428003729,47.6641202418,14535157,14535157,0.0,1.0,tiingo_historical_seed,
2015-05-12,EFA,66.95,67.2,66.83,67.03,47.5788407662,47.7565063404,47.4935612906,47.63569375,12054237,12054237,0.0,1.0,tiingo_historical_seed,
2015-05-13,EFA,67.72,67.8999,67.43,67.53,48.1260507347,48.2538988819,47.9199586687,47.9910248983,14542797,14542797,0.0,1.0,tiingo_historical_seed,
2015-05-14,EFA,68.13,68.36,68.0,68.34,48.4174222764,48.5808746046,48.3250361778,48.5666613587,18271740,18271740,0.0,1.0,tiingo_historical_seed,
2015-05-15,EFA,68.11,68.48,67.98,68.42,48.4032090304,48.6661540802,48.3108229319,48.6235143424,14671763,14671763,0.0,1.0,tiingo_historical_seed,
2015-05-18,EFA,68.1,68.25,67.99,68.19,48.3961024075,48.502701752,48.3179295548,48.4600620142,11873630,11873630,0.0,1.0,tiingo_historical_seed,
2015-05-19,EFA,67.92,68.09,67.84,67.93,48.2681831941,48.3889957845,48.2113302103,48.275289817,11406636,11406636,0.0,1.0,tiingo_historical_seed,
2015-05-20,EFA,67.9,68.28,67.8,68.06,48.2539699481,48.5240216209,48.1829037184,48.3676759156,13862686,13862686,0.0,1.0,tiingo_historical_seed,
2015-05-21,EFA,68.16,68.515,68.11,68.42,48.4387421453,48.6910272606,48.4032090304,48.6235143424,11439465,11439465,0.0,1.0,tiingo_historical_seed,
2015-05-22,EFA,68.07,68.13,67.92,67.98,48.3747825386,48.4174222764,48.2681831941,48.3108229319,12172854,12172854,0.0,1.0,tiingo_historical_seed,
2015-05-26,EFA,67.36,67.39,66.63,66.76,47.8702123079,47.8915321768,47.3514288313,47.4438149298,20327361,20327361,0.0,1.0,tiingo_historical_seed,
2015-05-27,EFA,66.84,67.48,66.81,67.41,47.5006679136,47.9554917835,47.4793480447,47.9057454227,17786132,17786132,0.0,1.0,tiingo_historical_seed,
2015-05-28,EFA,67.06,67.365,66.755,67.29,47.6570136189,47.8737656194,47.4402616184,47.8204659471,12744714,12744714,0.0,1.0,tiingo_historical_seed,
2015-05-29,EFA,66.95,67.085,66.32,66.64,47.5788407662,47.6747801763,47.1311235193,47.3585354542,23778844,23778844,0.0,1.0,tiingo_historical_seed,
2015-06-01,EFA,66.8,66.845,66.19,66.46,47.4722414217,47.5042212251,47.0387374207,47.2306162408,19068719,19068719,0.0,1.0,tiingo_historical_seed,
2015-06-02,EFA,66.64,67.0872,66.515,66.77,47.3585354542,47.6763436333,47.2697026671,47.4509215528,14239073,14239073,0.0,1.0,tiingo_historical_seed,
2015-06-03,EFA,67.03,67.48,67.03,67.14,47.63569375,47.9554917835,47.63569375,47.7138666026,21307754,21307754,0.0,1.0,tiingo_historical_seed,
2015-06-04,EFA,66.7,67.195,66.21,66.42,47.401175192,47.7529530289,47.0529506666,47.202189749,17187413,17187413,0.0,1.0,tiingo_historical_seed,
2015-06-05,EFA,65.47,65.88,65.2432,65.63,46.5270605671,46.8184321087,46.3658823582,46.6407665345,14624092,14624092,0.0,1.0,tiingo_historical_seed,
2015-06-08,EFA,65.53,65.595,65.29,65.54,46.5697003049,46.6158933541,46.3991413536,46.5768069278,14676977,14676977,0.0,1.0,tiingo_historical_seed,
2015-06-09,EFA,65.2,65.365,64.87,65.18,46.3351817469,46.4524410259,46.100663189,46.320968501,13114561,13114561,0.0,1.0,tiingo_historical_seed,
2015-06-10,EFA,66.15,66.73,66.07,66.55,47.0103109288,47.4224950609,46.9534579451,47.2945758475,17291633,17291633,0.0,1.0,tiingo_historical_seed,
2015-06-11,EFA,66.81,66.95,66.43,66.73,47.4793480447,47.5788407662,47.2092963719,47.4224950609,20555098,20555098,0.0,1.0,tiingo_historical_seed,
2015-06-12,EFA,66.04,66.455,65.82,66.2,46.9321380762,47.2270629293,46.7757923709,47.0458440437,15305805,15305805,0.0,1.0,tiingo_historical_seed,
2015-06-15,EFA,65.39,65.85,65.34,65.8,46.4702075833,46.7971122398,46.4346744685,46.761579125,15121129,15121129,0.0,1.0,tiingo_historical_seed,
2015-06-16,EFA,65.47,65.84,65.36,65.78,46.5270605671,46.7900056168,46.4488877144,46.747365879,11991184,11991184,0.0,1.0,tiingo_historical_seed,
2015-06-17,EFA,65.54,65.786,64.99,65.63,46.5768069278,46.7516298528,46.1859426646,46.6407665345,17100713,17100713,0.0,1.0,tiingo_historical_seed,
2015-06-18,EFA,65.83,66.78,65.775,66.22,46.7828989939,47.4580281758,46.7438125676,47.0600572896,24587297,24587297,0.0,1.0,tiingo_historical_seed,
2015-06-19,EFA,66.16,66.26,66.02,66.06,47.0174175518,47.0884837815,46.9179248303,46.9463513221,14081921,14081921,0.0,1.0,tiingo_historical_seed,
2015-06-22,EFA,67.33,67.72,67.195,67.31,47.848892439,48.1260507347,47.7529530289,47.834679193,28716940,28716940,0.0,1.0,tiingo_historical_seed,
2015-06-23,EFA,67.42,67.6,67.4,67.49,47.9128520457,48.0407712591,47.8986387998,47.9625984065,13661348,13661348,0.0,1.0,tiingo_historical_seed,
2015-06-24,EFA,67.13,67.3,66.87,66.9,47.7067599796,47.8275725701,47.5219877825,47.5433076514,21326501,21326501,0.0,1.0,tiingo_historical_seed,
2015-06-25,EFA,66.07,66.07,65.725,65.77,47.746810756,47.746810756,47.4974895859,47.5300097385,16402849,16402849,1.111288,1.0,tiingo_historical_seed,
2015-06-26,EFA,65.87,66.025,65.58,65.74,47.6022767443,47.7142906034,47.3927024274,47.5083296367,19240832,19240832,0.0,1.0,tiingo_historical_seed,
2015-06-29,EFA,64.43,64.67,63.565,63.72,46.5616318603,46.7350726743,45.9365222598,46.0485361188,33747138,33747138,0.0,1.0,tiingo_historical_seed,
2015-06-30,EFA,64.37,64.375,63.26,63.49,46.5182716568,46.5218850071,45.716107892,45.8823220054,32195358,32195358,0.0,1.0,tiingo_historical_seed,
2015-07-01,EFA,64.23,64.32,63.65,63.9,46.4170978486,46.4821381539,45.9979492148,46.1786167294,31824847,31824847,0.0,1.0,tiingo_historical_seed,
2015-07-02,EFA,64.08,64.105,63.82,63.98,46.3086973399,46.3267640913,46.1208031247,46.236430334,20988505,20988505,0.0,1.0,tiingo_historical_seed,
2015-07-06,EFA,62.64,63.2399,62.49,62.69,45.2680524558,45.7015822238,45.1596519471,45.3041859587,21103822,21103822,0.0,1.0,tiingo_historical_seed,
2015-07-07,EFA,62.25,62.82,61.43,62.71,44.9862111331,45.3981330663,44.3936216852,45.3186393599,36633365,36633365,0.0,1.0,tiingo_historical_seed,
2015-07-08,EFA,61.72,61.755,61.12,61.25,44.6031960021,44.6284894542,44.1695939671,44.2635410747,32728237,32728237,0.0,1.0,tiingo_historical_seed,
2015-07-09,EFA,62.65,62.72,62.13,62.26,45.2752791564,45.3258660605,44.899490726,44.9934378336,19963367,19963367,0.0,1.0,tiingo_historical_seed,
2015-07-10,EFA,64.18,64.39,63.86,64.3,46.3809643457,46.5327250579,46.149709927,46.4676847527,28190421,28190421,0.0,1.0,tiingo_historical_seed,
2015-07-13,EFA,64.51,64.67,64.44,64.54,46.619445465,46.7350726743,46.5688585609,46.6411255667,14287574,14287574,0.0,1.0,tiingo_historical_seed,
2015-07-14,EFA,64.79,65.16,64.7,65.08,46.8217930813,47.0891810029,46.756752776,47.0313673982,19816034,19816034,0.0,1.0,tiingo_historical_seed,
2015-07-15,EFA,64.92,65.07,64.67,64.84,46.9157401889,47.0241406976,46.7350726743,46.8579265842,14709628,14709628,0.0,1.0,tiingo_historical_seed,
2015-07-16,EFA,65.45,65.56,65.34,65.4,47.2987553198,47.3782490262,47.2192616134,47.2626218169,20763405,20763405,0.0,1.0,tiingo_historical_seed,
2015-07-17,EFA,65.37,65.37,65.21,65.31,47.2409417151,47.2409417151,47.1253145058,47.1975815116,14773593,14773593,0.0,1.0,tiingo_historical_seed,
2015-07-20,EFA,65.49,65.61,65.31,65.46,47.3276621221,47.4143825292,47.1975815116,47.3059820204,8767834,8767834,0.0,1.0,tiingo_historical_seed,
2015-07-21,EFA,65.24,65.37,65.14,65.27,47.1469946076,47.2409417151,47.0747276017,47.1686747093,14081762,14081762,0.0,1.0,tiingo_historical_seed,
2015-07-22,EFA,64.59,64.81,64.59,64.77,46.6772590696,46.8362464825,46.6772590696,46.8073396801,10181742,10181742,0.0,1.0,tiingo_historical_seed,
2015-07-23,EFA,64.88,64.9,64.49,64.6,46.8868333865,46.9012867877,46.6049920638,46.6844857702,10900912,10900912,0.0,1.0,tiingo_historical_seed,
2015-07-24,EFA,64.45,64.47,63.82,63.89,46.5760852615,46.5905386626,46.1208031247,46.1713900288,13709434,13709434,0.0,1.0,tiingo_historical_seed,
2015-07-27,EFA,63.74,63.75,63.32,63.42,46.06298952,46.0702162206,45.7594680955,45.8317351013,19026064,19026064,0.0,1.0,tiingo_historical_seed,
2015-07-28,EFA,63.87,64.245,63.57,64.22,46.1569366276,46.4279378995,45.9401356101,46.409871148,14788087,14788087,0.0,1.0,tiingo_historical_seed,
2015-07-29,EFA,64.17,64.66,64.13,64.45,46.3737376451,46.7278459737,46.3448308428,46.5760852615,15938934,15938934,0.0,1.0,tiingo_historical_seed,
2015-07-30,EFA,64.21,64.41,63.92,64.4,46.4026444474,46.5471784591,46.1930701305,46.5399517585,17496685,17496685,0.0,1.0,tiingo_historical_seed,
2015-07-31,EFA,64.98,65.02,64.59,64.78,46.9591003924,46.9880071947,46.6772590696,46.8145663807,20646870,20646870,0.0,1.0,tiingo_historical_seed,
2015-08-03,EFA,64.85,64.8799,64.41,64.61,46.8651532848,46.8867611195,46.5471784591,46.6917124708,25131584,25131584,0.0,1.0,tiingo_historical_seed,
2015-08-04,EFA,64.75,64.855,64.51,64.66,46.792886279,46.8687666351,46.619445465,46.7278459737,13358994,13358994,0.0,1.0,tiingo_historical_seed,
2015-08-05,EFA,65.02,65.195,64.92,65.0,46.9880071947,47.1144744549,46.9157401889,46.9735537935,13469079,13469079,0.0,1.0,tiingo_historical_seed,
2015-08-06,EFA,64.88,64.955,64.541,64.73,46.8868333865,46.9410336409,46.6418482368,46.7784328778,12451303,12451303,0.0,1.0,tiingo_historical_seed,
2015-08-07,EFA,64.39,64.65,64.31,64.61,46.5327250579,46.7206192731,46.4749114533,46.6917124708,14351218,14351218,0.0,1.0,tiingo_historical_seed,
2015-08-10,EFA,64.78,65.43,64.77,65.4,46.8145663807,47.2843019186,46.8073396801,47.2626218169,13702136,13702136,0.0,1.0,tiingo_historical_seed,
2015-08-11,EFA,64.5,64.58,64.1341,64.4,46.6122187644,46.670032369,46.34779379,46.5399517585,15705818,15705818,0.0,1.0,tiingo_historical_seed,
2015-08-12,EFA,63.52,63.94,63.1509,63.94,45.9040021072,46.2075235317,45.6372645886,46.2075235317,27756584,27756584,0.0,1.0,tiingo_historical_seed,
2015-08-13,EFA,63.83,64.02,63.65,63.9,46.1280298253,46.2653371364,45.9979492148,46.1786167294,12709558,12709558,0.0,1.0,tiingo_historical_seed,
2015-08-14,EFA,63.68,64.03,63.62,64.0,46.0196293165,46.2725638369,45.976269113,46.2508837352,16930139,16930139,0.0,1.0,tiingo_historical_seed,
2015-08-17,EFA,63.46,63.89,63.35,63.88,45.8606419037,46.1713900288,45.7811481973,46.1641633282,8885624,8885624,0.0,1.0,tiingo_historical_seed,
2015-08-18,EFA,63.47,63.6,63.28,63.4,45.8678686043,45.9618157118,45.7305612932,45.8172817002,10943768,10943768,0.0,1.0,tiingo_historical_seed,
2015-08-19,EFA,62.9,63.13,62.48,62.84,45.455946671,45.6221607844,45.1524252465,45.4125864675,16573305,16573305,0.0,1.0,tiingo_historical_seed,
2015-08-20,EFA,62.12,62.22,61.3,61.32,44.8922640255,44.9645310313,44.2996745776,44.3141279788,32339129,32339129,0.0,1.0,tiingo_historical_seed,
2015-08-21,EFA,61.14,61.3,59.76,59.92,44.1840473683,44.2996745776,43.1867626877,43.3023898971,47017694,47017694,0.0,1.0,tiingo_historical_seed,
2015-08-24,EFA,57.35,59.1201,56.51,57.85,41.4451278471,42.7243261174,40.8380849981,41.8064628763,62599657,62599657,0.0,1.0,tiingo_historical_seed,
2015-08-25,EFA,60.38,60.39,58.3,58.4,43.6348181239,43.6420448245,42.1316644025,42.2039314084,50626975,50626975,0.0,1.0,tiingo_historical_seed,
2015-08-26,EFA,59.68,59.81,58.38,59.78,43.1289490831,43.2228961906,42.1894780072,43.2012160889,49202879,49202879,0.0,1.0,tiingo_historical_seed,
2015-08-27,EFA,60.07,60.7,59.97,60.51,43.4107904058,43.8660725426,43.3385234,43.7287652315,39984008,39984008,0.0,1.0,tiingo_historical_seed,
2015-08-28,EFA,60.11,60.54,60.07,60.42,43.4396972082,43.7504453333,43.4107904058,43.6637249263,24230786,24230786,0.0,1.0,tiingo_historical_seed,
2015-08-31,EFA,60.05,60.265,59.76,59.97,43.3963370047,43.5517110672,43.1867626877,43.3385234,35806693,35806693,0.0,1.0,tiingo_historical_seed,
2015-09-01,EFA,58.23,58.57,57.7725,57.96,42.0810774984,42.3267853183,41.7504559467,41.8859565827,42250428,42250428,0.0,1.0,tiingo_historical_seed,
2015-09-02,EFA,58.9,58.94,58.2,58.82,42.5652664375,42.5941732399,42.0593973967,42.5074528329,23372738,23372738,0.0,1.0,tiingo_historical_seed,
2015-09-03,EFA,59.02,59.41,58.82,58.96,42.6519868445,42.9338281673,42.5074528329,42.608626641,23500606,23500606,0.0,1.0,tiingo_historical_seed,
2015-09-04,EFA,57.705,57.94,57.34,57.61,41.7016757178,41.8715031815,41.4379011465,41.6330220623,25772905,25772905,0.0,1.0,tiingo_historical_seed,
2015-09-08,EFA,59.05,59.33,58.86,59.3,42.6736669463,42.8760145626,42.5363596352,42.8543344609,21504493,21504493,0.0,1.0,tiingo_historical_seed,
2015-09-09,EFA,60.23,60.25,59.0,59.06,43.5264176152,43.5408710163,42.6375334434,42.6808936469,29179744,29179744,0.0,1.0,tiingo_historical_seed,
2015-09-10,EFA,59.11,59.689,59.0,59.45,42.7170271498,43.1354531136,42.6375334434,42.9627349696,20800900,20800900,0.0,1.0,tiingo_historical_seed,
2015-09-11,EFA,59.02,59.44,58.91,59.44,42.6519868445,42.9555082691,42.5724931381,42.9555082691,12953142,12953142,0.0,1.0,tiingo_historical_seed,
2015-09-14,EFA,58.93,59.03,58.72,58.99,42.5869465393,42.6592135451,42.435185827,42.6303067428,12187395,12187395,0.0,1.0,tiingo_historical_seed,
2015-09-15,EFA,58.88,59.44,58.79,59.39,42.5508130364,42.9555082691,42.4857727311,42.9193747661,18168780,18168780,0.0,1.0,tiingo_historical_seed,
2015-09-16,EFA,59.9,60.315,59.805,60.3,43.2879364959,43.5878445701,43.2192828404,43.5770045192,28218545,28218545,0.0,1.0,tiingo_historical_seed,
2015-09-17,EFA,59.94,61.02,59.915,60.33,43.3168432982,44.0973269613,43.2987765468,43.598684621,24074720,24074720,0.0,1.0,tiingo_historical_seed,
2015-09-18,EFA,59.19,59.48,58.79,58.82,42.7748407545,42.9844150714,42.4857727311,42.5074528329,36952890,36952890,0.0,1.0,tiingo_historical_seed,
2015-09-21,EFA,59.0,59.1083,58.54,58.79,42.6375334434,42.7157986107,42.3051052165,42.4857727311,17896331,17896331,0.0,1.0,tiingo_historical_seed,
2015-09-22,EFA,57.41,57.57,56.9799,57.39,41.4884880506,41.6041152599,41.1776676585,41.4740346494,29234821,29234821,0.0,1.0,tiingo_historical_seed,
2015-09-23,EFA,57.47,57.52,56.9,57.12,41.5318482541,41.567981757,41.1199263208,41.2789137337,17145219,17145219,0.0,1.0,tiingo_historical_seed,
2015-09-24,EFA,56.64,57.09,56.3,56.96,40.9320321056,41.2572336319,40.6863242858,41.1632865243,22895084,22895084,0.0,1.0,tiingo_historical_seed,
2015-09-25,EFA,57.82,57.94,57.22,57.46,41.7847827745,41.8715031815,41.3511807395,41.5246215535,21771442,21771442,0.0,1.0,tiingo_historical_seed,
2015-09-28,EFA,57.02,57.06,56.24,56.31,41.2066467278,41.2355535302,40.6429640823,40.6935509864,18595662,18595662,0.0,1.0,tiingo_historical_seed,
2015-09-29,EFA,56.13,56.36,55.88,56.25,40.5634703759,40.7296844893,40.3828028613,40.6501907829,20216446,20216446,0.0,1.0,tiingo_historical_seed,
2015-09-30,EFA,57.15,57.37,56.74,57.32,41.3005938354,41.4595812482,41.0042991115,41.4234477453,37620598,37620598,0.0,1.0,tiingo_historical_seed,
2015-10-01,EFA,57.67,57.78,56.99,57.5,41.6763822658,41.7558759722,41.1849666261,41.5535283558,20445171,20445171,0.0,1.0,tiingo_historical_seed,
2015-10-02,EFA,57.25,58.49,57.12,58.48,41.3728608412,42.2689717136,41.2789137337,42.261745013,20793763,20793763,0.0,1.0,tiingo_historical_seed,
2015-10-05,EFA,59.22,59.67,59.22,59.64,42.7965208562,43.1217223825,42.7965208562,43.1000422807,27746542,27746542,0.0,1.0,tiingo_historical_seed,
2015-10-06,EFA,59.64,59.95,59.57,59.71,43.1000422807,43.3240699988,43.0494553766,43.1506291848,18133106,18133106,0.0,1.0,tiingo_historical_seed,
2015-10-07,EFA,60.37,60.62,59.96,60.46,43.6275914233,43.8082589379,43.3312966994,43.6926317286,20499090,20499090,0.0,1.0,tiingo_historical_seed,
2015-10-08,EFA,60.06,60.94,60.06,60.94,43.4035637052,44.0395133566,43.4035637052,44.0395133566,16875505,16875505,0.0,1.0,tiingo_historical_seed,
2015-10-09,EFA,61.05,61.19,60.85,61.05,44.119007063,44.2201808712,43.9744730513,44.119007063,16867884,16867884,0.0,1.0,tiingo_historical_seed,
2015-10-12,EFA,60.93,61.02,60.8,60.93,44.032286656,44.0973269613,43.9383395484,44.032286656,9238039,9238039,0.0,1.0,tiingo_historical_seed,
2015-10-13,EFA,60.12,60.63,60.1,60.16,43.4469239087,43.8154856385,43.4324705076,43.4758307111,19519241,19519241,0.0,1.0,tiingo_historical_seed,
2015-10-14,EFA,60.32,60.51,60.095,60.28,43.5914579204,43.7287652315,43.4288571573,43.5625511181,20762189,20762189,0.0,1.0,tiingo_historical_seed,
2015-10-15,EFA,60.76,61.34,60.7,61.31,43.9094327461,44.3285813799,43.8660725426,44.3069012782,21855577,21855577,0.0,1.0,tiingo_historical_seed,
2015-10-16,EFA,61.22,61.32,61.014,61.26,44.2418609729,44.3141279788,44.0929909409,44.2707677753,23372429,23372429,0.0,1.0,tiingo_historical_seed,
2015-10-19,EFA,61.0,61.06,60.81,61.05,44.0828735601,44.1262337636,43.945566249,44.119007063,11784654,11784654,0.0,1.0,tiingo_historical_seed,
2015-10-20,EFA,60.78,60.96,60.7208,60.8,43.9238861473,44.0539667578,43.8811040798,43.9383395484,12930049,12930049,0.0,1.0,tiingo_historical_seed,
2015-10-21,EFA,61.17,61.2,60.73,60.77,44.20572747,44.2274075718,43.8877526443,43.9166594467,12731710,12731710,0.0,1.0,tiingo_historical_seed,
2015-10-22,EFA,61.11,61.7,61.09,61.45,44.1623672665,44.588742601,44.1479138654,44.4080750864,28347492,28347492,0.0,1.0,tiingo_historical_seed,
2015-10-23,EFA,61.99,62.19,61.8,62.06,44.7983169179,44.9428509296,44.6610096068,44.848903822,16648539,16648539,0.0,1.0,tiingo_historical_seed,
2015-10-26,EFA,61.97,61.99,61.78,61.83,44.7838635167,44.7983169179,44.6465562056,44.6826897085,14032871,14032871,0.0,1.0,tiingo_historical_seed,
2015-10-27,EFA,61.37,61.48,61.195,61.29,44.3502614817,44.4297551881,44.2237942215,44.292447877,14566400,14566400,0.0,1.0,tiingo_historical_seed,
2015-10-28,EFA,61.54,62.03,61.12,61.69,44.4731153916,44.8272237202,44.1695939671,44.5815159004,17326298,17326298,0.0,1.0,tiingo_historical_seed,
2015-10-29,EFA,60.96,61.29,60.96,61.24,44.0539667578,44.292447877,44.0539667578,44.2563143741,12842994,12842994,0.0,1.0,tiingo_historical_seed,
2015-10-30,EFA,61.26,61.52,61.08,61.11,44.2707677753,44.4586619904,44.1406871648,44.1623672665,19115269,19115269,0.0,1.0,tiingo_historical_seed,
2015-11-02,EFA,61.44,61.69,61.365,61.69,44.4008483858,44.5815159004,44.3466481314,44.5815159004,14749693,14749693,0.0,1.0,tiingo_historical_seed,
2015-11-03,EFA,61.285,61.82,61.2051,61.67,44.2888345267,44.675463008,44.2310931891,44.5670624992,14282927,14282927,0.0,1.0,tiingo_historical_seed,
2015-11-04,EFA,61.72,61.7485,61.153,61.33,44.6031960021,44.6237920988,44.193442079,44.3213546794,21019325,21019325,0.0,1.0,tiingo_historical_seed,
2015-11-05,EFA,61.45,61.53,61.07,61.22,44.4080750864,44.465888691,44.1334604642,44.2418609729,21648095,21648095,0.0,1.0,tiingo_historical_seed,
2015-11-06,EFA,60.84,61.0,60.54,60.94,43.9672463508,44.0828735601,43.7504453333,44.0395133566,17523178,17523178,0.0,1.0,tiingo_historical_seed,
2015-11-09,EFA,60.56,60.63,60.07,60.31,43.7648987344,43.8154856385,43.4107904058,43.5842312198,23887596,23887596,0.0,1.0,tiingo_historical_seed,
2015-11-10,EFA,60.03,60.29,59.93,60.27,43.3818836035,43.5697778187,43.3096165977,43.5553244175,14471949,14471949,0.0,1.0,tiingo_historical_seed,
2015-11-11,EFA,60.8,60.84,60.48,60.58,43.9383395484,43.9672463508,43.7070851298,43.7793521356,14220000,14220000,0.0,1.0,tiingo_historical_seed,
2015-11-12,EFA,60.06,60.285,59.79,59.79,43.4035637052,43.5661644684,43.2084427895,43.2084427895,31911338,31911338,0.0,1.0,tiingo_historical_seed,
2015-11-13,EFA,59.495,59.585,59.191,59.29,42.9952551223,43.0602954275,42.7755634245,42.8471077603,26248421,26248421,0.0,1.0,tiingo_historical_seed,
2015-11-16,EFA,59.34,60.05,59.315,60.0408,42.8832412632,43.3963370047,42.8651745118,43.3896884401,16939229,16939229,0.0,1.0,tiingo_historical_seed,
2015-11-17,EFA,60.3,60.52,60.085,60.2,43.5770045192,43.7359919321,43.4216304567,43.5047375134,22458621,22458621,0.0,1.0,tiingo_historical_seed,
2015-11-18,EFA,60.39,60.83,60.27,60.75,43.6420448245,43.9600196502,43.5553244175,43.9022060455,15481028,15481028,0.0,1.0,tiingo_historical_seed,
2015-11-19,EFA,61.11,61.2983,61.02,61.06,44.1623672665,44.2984460385,44.0973269613,44.1262337636,19981104,19981104,0.0,1.0,tiingo_historical_seed,
2015-11-20,EFA,61.24,61.35,60.88,60.92,44.2563143741,44.3358080805,43.9961531531,44.0250599554,18499753,18499753,0.0,1.0,tiingo_historical_seed,
2015-11-23,EFA,60.76,60.895,60.415,60.54,43.9094327461,44.006993204,43.660111576,43.7504453333,19432785,19432785,0.0,1.0,tiingo_historical_seed,
2015-11-24,EFA,60.1,60.635,60.06,60.55,43.4324705076,43.8190989888,43.4035637052,43.7576720338,21726972,21726972,0.0,1.0,tiingo_historical_seed,
2015-11-25,EFA,60.64,60.815,60.48,60.69,43.8227123391,43.9491795993,43.7070851298,43.858845842,13351699,13351699,0.0,1.0,tiingo_historical_seed,
2015-11-27,EFA,60.76,60.8,60.65,60.7,43.9094327461,43.9383395484,43.8299390397,43.8660725426,6400380,6400380,0.0,1.0,tiingo_historical_seed,
2015-11-30,EFA,60.79,60.82,60.59,60.65,43.9311128478,43.9527929496,43.7865788362,43.8299390397,23366697,23366697,0.0,1.0,tiingo_historical_seed,
2015-12-01,EFA,61.14,61.33,60.98,61.29,44.1840473683,44.3213546794,44.0684201589,44.292447877,34990656,34990656,0.0,1.0,tiingo_historical_seed,
2015-12-02,EFA,61.01,61.17,60.56,60.64,44.0901002607,44.20572747,43.7648987344,43.8227123391,21426039,21426039,0.0,1.0,tiingo_historical_seed,
2015-12-03,EFA,60.95,60.98,60.1,60.35,44.0467400572,44.0684201589,43.4324705076,43.6131380222,26897122,26897122,0.0,1.0,tiingo_historical_seed,
2015-12-04,EFA,60.14,60.91,60.11,60.84,43.4613773099,44.0178332548,43.4396972082,43.9672463508,23382087,23382087,0.0,1.0,tiingo_historical_seed,
2015-12-07,EFA,60.56,60.59,60.225,60.45,43.7648987344,43.7865788362,43.5228042649,43.685405028,29861732,29861732,0.0,1.0,tiingo_historical_seed,
2015-12-08,EFA,59.42,59.675,59.235,59.56,42.9410548679,43.1253357328,42.8073609071,43.0422286761,26323002,26323002,0.0,1.0,tiingo_historical_seed,
2015-12-09,EFA,59.57,60.02,58.99,59.29,43.0494553766,43.3746569029,42.6303067428,42.8471077603,26646706,26646706,0.0,1.0,tiingo_historical_seed,
2015-12-10,EFA,59.56,59.63,59.22,59.3,43.0422286761,43.0928155801,42.7965208562,42.8543344609,20267831,20267831,0.0,1.0,tiingo_historical_seed,
2015-12-11,EFA,58.5,58.59,58.09,58.17,42.2761984142,42.3412387194,41.9799036903,42.0377172949,29945022,29945022,0.0,1.0,tiingo_historical_seed,
2015-12-14,EFA,58.42,58.495,57.65,58.26,42.2183848095,42.2725850639,41.6619288646,42.1027576002,32240529,32240529,0.0,1.0,tiingo_historical_seed,
2015-12-15,EFA,58.62,58.82,58.4165,58.55,42.3629188212,42.5074528329,42.2158554643,42.3123319171,37876675,37876675,0.0,1.0,tiingo_historical_seed,
2015-12-16,EFA,59.22,59.84,58.95,59.73,42.7965208562,43.2445762924,42.6013999405,43.165082586,45167423,45167423,0.0,1.0,tiingo_historical_seed,
2015-12-17,EFA,59.66,59.67,58.96,58.97,43.1144956819,43.1217223825,42.608626641,42.6158533416,40456769,40456769,0.0,1.0,tiingo_historical_seed,
2015-12-18,EFA,58.69,58.77,58.34,58.35,42.4135057253,42.47131933,42.1605712049,42.1677979054,41659060,41659060,0.0,1.0,tiingo_historical_seed,
2015-12-21,EFA,58.5,58.56,57.84,58.11,42.646039852,42.68977938,42.1649050434,42.3617329196,28869644,28869644,0.508359,1.0,tiingo_historical_seed,
2015-12-22,EFA,58.29,58.63,58.09,58.55,42.4929515038,42.7408088294,42.3471530769,42.6824894587,29319452,29319452,0.0,1.0,tiingo_historical_seed,
2015-12-23,EFA,59.1,59.56,59.07,59.53,43.0834351325,43.4187715143,43.0615653685,43.3969017502,29782243,29782243,0.0,1.0,tiingo_historical_seed,
2015-12-24,EFA,59.28,59.59,59.28,59.43,43.2146537167,43.4406412783,43.2146537167,43.3240025368,10950492,10950492,0.0,1.0,tiingo_historical_seed,
2015-12-28,EFA,59.3,59.33,59.1,59.29,43.2292335594,43.2511033234,43.0834351325,43.221943638,28946857,28946857,0.0,1.0,tiingo_historical_seed,
2015-12-29,EFA,59.73,60.03,59.71,59.88,43.5427001771,43.7613978173,43.5281203344,43.6520489972,30796136,30796136,0.0,1.0,tiingo_historical_seed,
2015-12-30,EFA,59.65,59.74,59.4815,59.52,43.4843808063,43.5499900984,43.3615456317,43.3896118289,18855450,18855450,0.0,1.0,tiingo_historical_seed,
2015-12-31,EFA,59.13,59.2,58.72,58.72,43.1053048965,43.1563343459,42.8064181215,42.8064181215,31818882,31818882,0.0,1.0,tiingo_historical_seed,
2016-01-04,EFA,57.82,57.85,57.15,57.82,42.1503252007,42.1721949647,41.6619004708,42.1503252007,34260214,34260214,0.0,1.0,tiingo_historical_seed,
2016-01-05,EFA,57.705,57.8,57.325,57.73,42.0664911053,42.135745358,41.7894740943,42.0847159086,23891480,23891480,0.0,1.0,tiingo_historical_seed,
2016-01-06,EFA,56.53,56.92,56.45,56.78,41.2099253476,41.4942322799,41.1516059768,41.3921733811,22412475,22412475,0.0,1.0,tiingo_historical_seed,
2016-01-07,EFA,55.72,56.2,55.53,55.6,40.6194417188,40.9693579433,40.4809332133,40.5319626627,37579395,37579395,0.0,1.0,tiingo_historical_seed,
2016-01-08,EFA,55.93,55.99,54.84,54.93,40.772530067,40.8162695951,39.9779286407,40.0435379328,31301068,31301068,0.0,1.0,tiingo_historical_seed,
2016-01-11,EFA,55.56,55.575,54.67,55.16,40.5028029774,40.5137378594,39.8539999779,40.2112061237,33017912,33017912,0.0,1.0,tiingo_historical_seed,
2016-01-12,EFA,55.63,55.705,54.95,55.42,40.5538324268,40.6085068368,40.0581177755,40.4007440786,29930184,29930184,0.0,1.0,tiingo_historical_seed,
2016-01-13,EFA,55.8,55.9,54.41,54.56,40.6777610896,40.750660303,39.664462023,39.7738108431,33481792,33481792,0.0,1.0,tiingo_historical_seed,
2016-01-14,EFA,54.77,55.5,54.355,55.26,39.9268991913,40.4590634493,39.6243674556,40.2841053371,35140200,35140200,0.0,1.0,tiingo_historical_seed,
2016-01-15,EFA,53.46,53.85,53.02,53.26,38.9719194955,39.2562264278,38.6511629564,38.8261210687,60553869,60553869,0.0,1.0,tiingo_historical_seed,
2016-01-19,EFA,54.19,54.22,53.37,53.75,39.5040837535,39.5259535175,38.9063102034,39.1833272144,35709789,35709789,0.0,1.0,tiingo_historical_seed,
2016-01-20,EFA,52.66,52.855,51.5201,52.53,38.3887257881,38.5308792543,37.5577476543,38.2939568107,47944165,47944165,0.0,1.0,tiingo_historical_seed,
2016-01-21,EFA,52.32,53.23,51.93,52.92,38.1408684625,38.8042513046,37.8565615301,38.578263743,48974732,48974732,0.0,1.0,tiingo_historical_seed,
2016-01-22,EFA,54.2,54.54,54.08,54.48,39.5113736748,39.7592310005,39.4238946187,39.7154914724,44855903,44855903,0.0,1.0,tiingo_historical_seed,
2016-01-25,EFA,54.055,54.2799,53.71,53.75,39.4056698154,39.5696201463,39.1541675291,39.1833272144,36799444,36799444,0.0,1.0,tiingo_historical_seed,
2016-01-26,EFA,54.05,54.735,53.98,54.71,39.4020248547,39.9013844666,39.3509954053,39.8831596633,26789290,26789290,0.0,1.0,tiingo_historical_seed,
2016-01-27,EFA,54.6,55.1573,54.15,54.36,39.8029705285,40.2092378449,39.4749240681,39.6280124163,32829241,32829241,0.0,1.0,tiingo_historical_seed,
2016-01-28,EFA,54.86,54.93,54.05,54.52,39.9925084834,40.0435379328,39.4020248547,39.7446511578,31266709,31266709,0.0,1.0,tiingo_historical_seed,
2016-01-29,EFA,54.75,55.52,54.7,55.48,39.9123193486,40.473643292,39.8758697419,40.4444836066,37109712,37109712,0.0,1.0,tiingo_historical_seed,
2016-02-01,EFA,55.02,55.5761,54.83,55.42,40.1091472249,40.5145397507,39.9706387194,40.4007440786,31082704,31082704,0.0,1.0,tiingo_historical_seed,
2016-02-02,EFA,54.625,54.625,53.94,54.13,39.8211953319,39.8211953319,39.3218357199,39.4603442254,29809102,29809102,0.0,1.0,tiingo_historical_seed,
2016-02-03,EFA,54.42,54.59,53.42,54.58,39.6717519444,39.7956806072,38.9427598101,39.7883906858,36337276,36337276,0.0,1.0,tiingo_historical_seed,
2016-02-04,EFA,54.23,54.84,54.13,54.65,39.5332434389,39.9779286407,39.4603442254,39.8394201352,28236177,28236177,0.0,1.0,tiingo_historical_seed,
2016-02-05,EFA,54.41,54.48,53.58,53.81,39.664462023,39.7154914724,39.0593985516,39.2270667425,31548107,31548107,0.0,1.0,tiingo_historical_seed,
2016-02-08,EFA,52.94,52.96,52.315,52.81,38.5928435857,38.6074234284,38.1372235018,38.4980746083,37822449,37822449,0.0,1.0,tiingo_historical_seed,
2016-02-09,EFA,51.67,52.43,51.63,52.2,37.6670235752,38.2210575973,37.6378638899,38.0533894064,34142677,34142677,0.0,1.0,tiingo_historical_seed,
2016-02-10,EFA,52.38,52.78,52.045,52.14,38.1846079905,38.4762048442,37.9403956256,38.0096498783,32088411,32088411,0.0,1.0,tiingo_historical_seed,
2016-02-11,EFA,51.43,51.65,50.94,51.38,37.492065463,37.6524437326,37.1348593173,37.4556158563,41750155,41750155,0.0,1.0,tiingo_historical_seed,
2016-02-12,EFA,51.53,52.29,51.31,52.28,37.5649646765,38.1189986985,37.4045864069,38.1117087771,38730523,38730523,0.0,1.0,tiingo_historical_seed,
2016-02-16,EFA,53.2,53.37,52.77,53.3408,38.7823815406,38.9063102034,38.4689149229,38.8850236331,31605779,31605779,0.0,1.0,tiingo_historical_seed,
2016-02-17,EFA,53.79,54.33,53.76,54.26,39.2124868998,39.6061426523,39.1906171358,39.5551132029,25594699,25594699,0.0,1.0,tiingo_historical_seed,
2016-02-18,EFA,54.49,54.49,53.94,53.98,39.7227813937,39.7227813937,39.3218357199,39.3509954053,32694096,32694096,0.0,1.0,tiingo_historical_seed,
2016-02-19,EFA,53.57,53.97,53.4049,53.92,39.0521086303,39.343705484,38.9317520289,39.3072558772,26685222,26685222,0.0,1.0,tiingo_historical_seed,
2016-02-22,EFA,54.32,54.5773,54.3,54.53,39.5988527309,39.7864224071,39.5842728882,39.7519410791,19217041,19217041,0.0,1.0,tiingo_historical_seed,
2016-02-23,EFA,54.18,54.215,53.55,53.64,39.4967938321,39.5223085568,39.0375287876,39.1031380797,19708996,19708996,0.0,1.0,tiingo_historical_seed,
2016-02-24,EFA,52.75,53.53,52.49,53.45,38.4543350802,39.0229489449,38.2647971253,38.9646295742,26718830,26718830,0.0,1.0,tiingo_historical_seed,
2016-02-25,EFA,53.75,54.1,53.5,54.09,39.1833272144,39.4384744614,39.0010791809,39.4311845401,25166987,25166987,0.0,1.0,tiingo_historical_seed,
2016-02-26,EFA,54.37,54.4,53.85,53.95,39.6353023376,39.6571721017,39.2562264278,39.3291256413,19604546,19604546,0.0,1.0,tiingo_historical_seed,
2016-02-29,EFA,53.84,54.125,53.6,53.63,39.2489365065,39.4566992648,39.0739783943,39.0958481583,30315191,30315191,0.0,1.0,tiingo_historical_seed,
2016-03-01,EFA,54.41,55.07,54.275,55.03,39.664462023,40.1455968316,39.5660480849,40.1164371462,24585784,24585784,0.0,1.0,tiingo_historical_seed,
2016-03-02,EFA,55.0,55.45,54.88,55.41,40.0945673822,40.4226138426,40.0070883261,40.3934541572,22549437,22549437,0.0,1.0,tiingo_historical_seed,
2016-03-03,EFA,55.56,55.98,55.51,55.95,40.5028029774,40.8089796737,40.4663533707,40.7871099097,21109637,21109637,0.0,1.0,tiingo_historical_seed,
2016-03-04,EFA,56.34,56.655,56.21,56.36,41.0714168421,41.3010493643,40.9766478646,41.0859966847,22752214,22752214,0.0,1.0,tiingo_historical_seed,
2016-03-07,EFA,55.78,56.48,55.74,56.29,40.6631812469,41.1734757409,40.6340215615,41.0349672353,24047460,24047460,0.0,1.0,tiingo_historical_seed,
2016-03-08,EFA,56.05,56.05,55.67,55.74,40.8600091231,40.8600091231,40.5829921121,40.6340215615,16647830,16647830,0.0,1.0,tiingo_historical_seed,
2016-03-09,EFA,55.99,56.11,55.805,55.95,40.8162695951,40.9037486512,40.6814060503,40.7871099097,15467368,15467368,0.0,1.0,tiingo_historical_seed,
2016-03-10,EFA,56.4,56.76,55.415,55.86,41.1151563701,41.3775935384,40.3970991179,40.7215006176,28146972,28146972,0.0,1.0,tiingo_historical_seed,
2016-03-11,EFA,56.87,57.35,56.82,57.32,41.4577826732,41.8076988976,41.4213330665,41.7858291336,24374583,24374583,0.0,1.0,tiingo_historical_seed,
2016-03-14,EFA,57.24,57.35,57.07,57.2,41.7275097629,41.8076988976,41.6035811,41.6983500775,15953128,15953128,0.0,1.0,tiingo_historical_seed,
2016-03-15,EFA,56.61,56.67,56.45,56.66,41.2682447183,41.3119842464,41.1516059768,41.304694325,19646333,19646333,0.0,1.0,tiingo_historical_seed,
2016-03-16,EFA,56.23,57.2123,56.23,57.16,40.9912277073,41.7073166807,40.9912277073,41.6691903921,25412987,25412987,0.0,1.0,tiingo_historical_seed,
2016-03-17,EFA,57.19,57.71,57.0,57.6,41.6910601561,42.0701360659,41.5525516506,41.9899469312,17906638,17906638,0.0,1.0,tiingo_historical_seed,
2016-03-18,EFA,57.51,57.69,57.42,57.5,41.9243376391,42.0555562233,41.858728347,41.9170477178,30733434,30733434,0.0,1.0,tiingo_historical_seed,
2016-03-21,EFA,57.36,57.5399,57.23,57.41,41.814988819,41.9461345039,41.7202198415,41.8514384257,17625795,17625795,0.0,1.0,tiingo_historical_seed,
2016-03-22,EFA,56.95,57.4,56.9,57.31,41.5161020439,41.8441485043,41.4796524372,41.7785392123,15926673,15926673,0.0,1.0,tiingo_historical_seed,
2016-03-23,EFA,57.16,57.18,56.65,56.73,41.6691903921,41.6837702348,41.2974044037,41.3557237744,18290832,18290832,0.0,1.0,tiingo_historical_seed,
2016-03-24,EFA,56.02,56.35,55.95,56.35,40.8381393591,41.0787067634,40.7871099097,41.0787067634,18326468,18326468,0.0,1.0,tiingo_historical_seed,
2016-03-28,EFA,56.74,56.78,56.55,56.69,41.3630136957,41.3921733811,41.2245051902,41.326564089,18491121,18491121,0.0,1.0,tiingo_historical_seed,
2016-03-29,EFA,56.42,57.33,56.28,57.3,41.1297362128,41.7931190549,41.027677314,41.7712492909,22376833,22376833,0.0,1.0,tiingo_historical_seed,
2016-03-30,EFA,57.79,58.06,57.6433,57.73,42.1284554367,42.3252833129,42.0215122906,42.0847159086,18999487,18999487,0.0,1.0,tiingo_historical_seed,
2016-03-31,EFA,57.46,57.59,57.13,57.16,41.8878880324,41.9826570098,41.6473206281,41.6691903921,37335146,37335146,0.0,1.0,tiingo_historical_seed,
2016-04-01,EFA,55.99,56.6199,55.93,56.55,40.8162695951,41.2754617404,40.772530067,41.2245051902,30396066,30396066,0.0,1.0,tiingo_historical_seed,
2016-04-04,EFA,56.7,56.77,56.36,56.43,41.3338540104,41.3848834598,41.0859966847,41.1370261341,16977201,16977201,0.0,1.0,tiingo_historical_seed,
2016-04-05,EFA,55.42,55.5,55.235,55.32,40.4007440786,40.4590634493,40.2658805337,40.3278448652,20199587,20199587,0.0,1.0,tiingo_historical_seed,
2016-04-06,EFA,55.51,56.26,55.42,56.22,40.4663533707,41.0130974713,40.4007440786,40.983937786,20465543,20465543,0.0,1.0,tiingo_historical_seed,
2016-04-07,EFA,55.76,55.92,55.27,55.4,40.6486014042,40.7652401457,40.2913952584,40.3861642359,19855636,19855636,0.0,1.0,tiingo_historical_seed,
2016-04-08,EFA,56.51,56.66,56.315,56.46,41.1953455049,41.304694325,41.0531920387,41.1588958982,18462754,18462754,0.0,1.0,tiingo_historical_seed,
2016-04-11,EFA,56.83,57.07,56.48,56.49,41.4286229878,41.6035811,41.1734757409,41.1807656622,15639363,15639363,0.0,1.0,tiingo_historical_seed,
2016-04-12,EFA,56.94,57.44,56.6137,57.33,41.5088121226,41.8733081897,41.2709419892,41.7931190549,25164672,25164672,0.0,1.0,tiingo_historical_seed,
2016-04-13,EFA,58.14,58.36,58.01,58.24,42.3836026837,42.5439809532,42.2888337062,42.4565018971,25583900,25583900,0.0,1.0,tiingo_historical_seed,
2016-04-14,EFA,58.54,58.65,58.33,58.43,42.6751995373,42.7553886721,42.5221111892,42.5950104026,26844437,26844437,0.0,1.0,tiingo_historical_seed,
2016-04-15,EFA,58.39,58.5,58.29,58.3,42.5658507172,42.646039852,42.4929515038,42.5002414251,17557982,17557982,0.0,1.0,tiingo_historical_seed,
2016-04-18,EFA,58.22,58.86,58.17,58.8,42.4419220544,42.9084770203,42.4054724477,42.8647374922,20200193,20200193,0.0,1.0,tiingo_historical_seed,
2016-04-19,EFA,59.69,59.94,59.595,59.82,43.5135404917,43.6957885253,43.444286239,43.6083094692,24251435,24251435,0.0,1.0,tiingo_historical_seed,
2016-04-20,EFA,59.79,60.1599,59.695,59.87,43.5864397051,43.8560938956,43.5171854524,43.6447590759,14402610,14402610,0.0,1.0,tiingo_historical_seed,
2016-04-21,EFA,59.78,59.83,59.405,59.51,43.5791497838,43.6155993905,43.3057777334,43.3823219075,19135137,19135137,0.0,1.0,tiingo_historical_seed,
2016-04-22,EFA,59.45,59.64,59.29,59.54,43.3385823795,43.477090885,43.221943638,43.4041916716,17262687,17262687,0.0,1.0,tiingo_historical_seed,
2016-04-25,EFA,59.24,59.29,59.02,59.24,43.1854940313,43.221943638,43.0251157618,43.1854940313,13518374,13518374,0.0,1.0,tiingo_historical_seed,
2016-04-26,EFA,59.47,59.56,59.26,59.45,43.3531622222,43.4187715143,43.200073874,43.3385823795,15657829,15657829,0.0,1.0,tiingo_historical_seed,
2016-04-27,EFA,59.27,59.61,59.18,59.49,43.2073637953,43.455221121,43.1417545032,43.3677420649,13054719,13054719,0.0,1.0,tiingo_historical_seed,
2016-04-28,EFA,58.78,59.26,58.55,58.68,42.8501576496,43.200073874,42.6824894587,42.7772584361,25204477,25204477,0.0,1.0,tiingo_historical_seed,
2016-04-29,EFA,58.72,58.81,58.22,58.43,42.8064181215,42.8720274136,42.4419220544,42.5950104026,27642884,27642884,0.0,1.0,tiingo_historical_seed,
2016-05-02,EFA,58.9,59.07,58.72,58.98,42.9376367057,43.0615653685,42.8064181215,42.9959560764,25207329,25207329,0.0,1.0,tiingo_historical_seed,
2016-05-03,EFA,58.4,58.41,57.925,58.01,42.5731406386,42.5804305599,42.2268693748,42.2888337062,25287124,25287124,0.0,1.0,tiingo_historical_seed,
2016-05-04,EFA,57.52,57.61,57.17,57.34,41.9316275604,41.9972368525,41.6764803135,41.8004089763,20213136,20213136,0.0,1.0,tiingo_historical_seed,
2016-05-05,EFA,57.3,57.45,57.04,57.22,41.7712492909,41.880598111,41.581711336,41.7129299202,21552567,21552567,0.0,1.0,tiingo_historical_seed,
2016-05-06,EFA,56.97,57.41,56.92,57.38,41.5306818866,41.8514384257,41.4942322799,41.8295686617,21498242,21498242,0.0,1.0,tiingo_historical_seed,
2016-05-09,EFA,57.52,57.63,57.23,57.26,41.9316275604,42.0118166952,41.7202198415,41.7420896055,17842742,17842742,0.0,1.0,tiingo_historical_seed,
2016-05-10,EFA,57.69,58.08,57.64,58.08,42.0555562233,42.3398631556,42.0191066165,42.3398631556,21333551,21333551,0.0,1.0,tiingo_historical_seed,
2016-05-11,EFA,57.7,57.93,57.58,57.58,42.0628461446,42.2305143355,41.9753670885,41.9753670885,20180465,20180465,0.0,1.0,tiingo_historical_seed,
2016-05-12,EFA,58.07,58.09,57.31,57.56,42.3325732343,42.3471530769,41.7785392123,41.9607872458,17641978,17641978,0.0,1.0,tiingo_historical_seed,
2016-05-13,EFA,57.11,57.36,56.8118,56.97,41.6327407854,41.814988819,41.415355331,41.5306818866,19052383,19052383,0.0,1.0,tiingo_historical_seed,
2016-05-16,EFA,57.16,57.68,57.13,57.65,41.6691903921,42.0482663019,41.6473206281,42.0263965379,24500534,24500534,0.0,1.0,tiingo_historical_seed,
2016-05-17,EFA,57.55,57.735,57.17,57.23,41.9534973245,42.0883608693,41.6764803135,41.7202198415,25116368,25116368,0.0,1.0,tiingo_historical_seed,
2016-05-18,EFA,57.29,57.845,57.04,57.25,41.7639593696,42.1685500041,41.581711336,41.7347996842,35323716,35323716,0.0,1.0,tiingo_historical_seed,
2016-05-19,EFA,56.91,57.01,56.6679,56.84,41.4869423586,41.559841572,41.3104533629,41.4359129092,26976039,26976039,0.0,1.0,tiingo_historical_seed,
2016-05-20,EFA,57.32,57.46,57.19,57.31,41.7858291336,41.8878880324,41.6910601561,41.7785392123,23377800,23377800,0.0,1.0,tiingo_historical_seed,
2016-05-23,EFA,57.1,57.28,57.01,57.12,41.6254508641,41.7566694482,41.559841572,41.6400307068,18828731,18828731,0.0,1.0,tiingo_historical_seed,
2016-05-24,EFA,57.51,58.06,57.5,57.95,41.9243376391,42.3252833129,41.9170477178,42.2450941782,28901598,28901598,0.0,1.0,tiingo_historical_seed,
2016-05-25,EFA,58.38,58.68,58.35,58.56,42.5585607959,42.7772584361,42.5366910318,42.68977938,35592090,35592090,0.0,1.0,tiingo_historical_seed,
2016-05-26,EFA,58.78,58.8495,58.58,58.72,42.8501576496,42.9008226029,42.7043592227,42.8064181215,21115408,21115408,0.0,1.0,tiingo_historical_seed,
2016-05-27,EFA,58.62,58.75,58.52,58.66,42.7335189081,42.8282878855,42.6606196947,42.7626785935,16066408,16066408,0.0,1.0,tiingo_historical_seed,
2016-05-31,EFA,58.9,58.99,58.24,58.38,42.9376367057,43.0032459977,42.4565018971,42.5585607959,25438505,25438505,0.0,1.0,tiingo_historical_seed,
2016-06-01,EFA,58.1,58.38,58.03,58.33,42.3544429983,42.5585607959,42.3034135489,42.5221111892,19567292,19567292,0.0,1.0,tiingo_historical_seed,
2016-06-02,EFA,58.0,58.35,57.93,58.33,42.2815437849,42.5366910318,42.2305143355,42.5221111892,32992057,32992057,0.0,1.0,tiingo_historical_seed,
2016-06-03,EFA,58.54,58.73,58.23,58.71,42.6751995373,42.8137080428,42.4492119757,42.7991282002,27770231,27770231,0.0,1.0,tiingo_historical_seed,
2016-06-06,EFA,58.9,59.18,58.85,59.04,42.9376367057,43.1417545032,42.901187099,43.0396956045,22191860,22191860,0.0,1.0,tiingo_historical_seed,
2016-06-07,EFA,59.49,59.63,59.42,59.47,43.3677420649,43.4698009636,43.3167126155,43.3531622222,15311690,15311690,0.0,1.0,tiingo_historical_seed,
2016-06-08,EFA,59.65,59.74,59.54,59.59,43.4843808063,43.5499900984,43.4041916716,43.4406412783,14673441,14673441,0.0,1.0,tiingo_historical_seed,
2016-06-09,EFA,58.86,59.01,58.68,58.86,42.9084770203,43.0178258404,42.7772584361,42.9084770203,18489138,18489138,0.0,1.0,tiingo_historical_seed,
2016-06-10,EFA,57.62,57.71,56.99,57.15,42.0045267739,42.0701360659,41.5452617293,41.6619004708,29812946,29812946,0.0,1.0,tiingo_historical_seed,
2016-06-13,EFA,56.41,56.86,56.16,56.32,41.1224462915,41.4504927519,40.9401982579,41.0568369994,25422702,25422702,0.0,1.0,tiingo_historical_seed,
2016-06-14,EFA,55.73,55.855,55.12,55.42,40.6267316402,40.717855657,40.1820464383,40.4007440786,69489982,69489982,0.0,1.0,tiingo_historical_seed,
2016-06-15,EFA,55.9,56.1,55.67,55.79,40.750660303,40.8964587298,40.5829921121,40.6704711682,34010361,34010361,0.0,1.0,tiingo_historical_seed,
2016-06-16,EFA,55.0,55.95,54.59,55.905,40.0945673822,40.7871099097,39.7956806072,40.7543052637,27677651,27677651,0.0,1.0,tiingo_historical_seed,
2016-06-17,EFA,56.1,56.595,55.83,56.46,40.8964587298,41.2573098363,40.6996308536,41.1588958982,51689602,51689602,0.0,1.0,tiingo_historical_seed,
2016-06-20,EFA,58.2,58.265,57.84,57.86,42.4273422117,42.4747267004,42.1649050434,42.1794848861,38890448,38890448,0.0,1.0,tiingo_historical_seed,
2016-06-21,EFA,58.34,58.775,58.09,58.33,42.5294011105,42.8465126889,42.3471530769,42.5221111892,37705479,37705479,0.0,1.0,tiingo_historical_seed,
2016-06-22,EFA,57.39,57.67,57.12,57.12,42.6973435919,42.9056596088,42.4964674329,42.4964674329,45176465,45176465,1.174823,1.0,tiingo_historical_seed,
2016-06-23,EFA,58.34,58.8,57.93,58.7,43.4041300776,43.7463635338,43.0990959101,43.6719649564,33064407,33064407,0.0,1.0,tiingo_historical_seed,
2016-06-24,EFA,53.89,55.09,53.63,53.66,40.0933933816,40.9861763109,39.8999570803,39.9222766535,85313905,85313905,0.0,1.0,tiingo_historical_seed,
2016-06-27,EFA,52.91,52.94,51.93,52.63,39.3642873227,39.3866068959,38.6351812638,39.1559713059,60560715,60560715,0.0,1.0,tiingo_historical_seed,
2016-06-28,EFA,53.86,54.04,53.37,54.01,40.0710738084,40.2049912478,39.7065207789,40.1826716745,45213462,45213462,0.0,1.0,tiingo_historical_seed,
2016-06-29,EFA,54.81,55.185,54.72,55.0,40.777860294,41.0568549594,40.7109015743,40.9192175912,33914859,33914859,0.0,1.0,tiingo_historical_seed,
2016-06-30,EFA,55.11,55.82,54.96,55.82,41.0010560263,41.5292859262,40.8894581602,41.5292859262,48143618,48143618,0.0,1.0,tiingo_historical_seed,
2016-07-01,EFA,55.84,56.0,55.74,55.82,41.5441656416,41.6632033655,41.4697670642,41.5292859262,22693352,22693352,0.0,1.0,tiingo_historical_seed,
2016-07-05,EFA,55.14,55.2,54.58,54.74,41.0233755996,41.068014746,40.6067435659,40.7257812898,33647354,33647354,0.0,1.0,tiingo_historical_seed,
2016-07-06,EFA,54.11,54.67,53.77,54.64,40.257070252,40.6737022856,40.0041150887,40.6513827124,28451429,28451429,0.0,1.0,tiingo_historical_seed,
2016-07-07,EFA,54.74,54.94,54.25,54.42,40.7257812898,40.8745784447,40.3612282604,40.487705842,24824949,24824949,0.0,1.0,tiingo_historical_seed,
2016-07-08,EFA,55.04,55.34,54.91,55.25,40.9489770221,41.1721727545,40.8522588715,41.1052140348,26189512,26189512,0.0,1.0,tiingo_historical_seed,
2016-07-11,EFA,55.99,56.29,55.945,56.06,41.6557635078,41.8789592401,41.622284148,41.707842512,25474916,25474916,0.0,1.0,tiingo_historical_seed,
2016-07-12,EFA,56.86,57.09,56.75,56.82,42.3030311315,42.4741478596,42.2211926963,42.2732717005,29839041,29839041,0.0,1.0,tiingo_historical_seed,
2016-07-13,EFA,56.96,57.1,56.71,56.76,42.377429709,42.4815877174,42.1914332654,42.2286325541,27351568,27351568,0.0,1.0,tiingo_historical_seed,
2016-07-14,EFA,57.29,57.43,57.17,57.25,42.6229450145,42.7271030229,42.5336667216,42.5931855835,28145527,28145527,0.0,1.0,tiingo_historical_seed,
2016-07-15,EFA,57.1,57.13,56.84,56.96,42.4815877174,42.5039072906,42.288151416,42.377429709,29705397,29705397,0.0,1.0,tiingo_historical_seed,
2016-07-18,EFA,56.96,57.27,56.85,57.1,42.377429709,42.608065299,42.2955912738,42.4815877174,17614332,17614332,0.0,1.0,tiingo_historical_seed,
2016-07-19,EFA,56.65,56.74,56.5,56.65,42.1467941189,42.2137528386,42.0351962527,42.1467941189,19896943,19896943,0.0,1.0,tiingo_historical_seed,
2016-07-20,EFA,57.01,57.23,56.895,57.16,42.4146289977,42.578305868,42.3290706336,42.5262268638,20885209,20885209,0.0,1.0,tiingo_historical_seed,
2016-07-21,EFA,56.98,57.185,56.83,56.93,42.3923094244,42.5448265082,42.2807115583,42.3551101357,19634985,19634985,0.0,1.0,tiingo_historical_seed,
2016-07-22,EFA,57.05,57.08,56.88,57.04,42.4443884286,42.4667080019,42.317910847,42.4369485709,16069313,16069313,0.0,1.0,tiingo_historical_seed,
2016-07-25,EFA,57.08,57.1,56.81,56.97,42.4667080019,42.4815877174,42.2658318428,42.3848695667,13277389,13277389,0.0,1.0,tiingo_historical_seed,
2016-07-26,EFA,57.19,57.38,56.97,57.21,42.5485464371,42.6899037342,42.3848695667,42.5634261526,15025684,15025684,0.0,1.0,tiingo_historical_seed,
2016-07-27,EFA,57.48,57.575,57.0,57.42,42.7643023116,42.8349809602,42.4071891399,42.7196631652,17126918,17126918,0.0,1.0,tiingo_historical_seed,
2016-07-28,EFA,57.38,57.46,57.08,57.36,42.6899037342,42.7494225961,42.4667080019,42.6750240187,14445267,14445267,0.0,1.0,tiingo_historical_seed,
2016-07-29,EFA,57.84,58.15,57.705,58.035,43.0321371904,43.2627727805,42.9316991109,43.1772144164,21590417,21590417,0.0,1.0,tiingo_historical_seed,
2016-08-01,EFA,57.86,57.98,57.59,57.66,43.0470169059,43.1362951988,42.8461407468,42.898219751,21623719,21623719,0.0,1.0,tiingo_historical_seed,
2016-08-02,EFA,57.53,57.565,57.15,57.37,42.8015016004,42.8275411025,42.5187870061,42.6824638765,20476106,20476106,0.0,1.0,tiingo_historical_seed,
2016-08-03,EFA,56.89,57.19,56.85,57.17,42.3253507047,42.5485464371,42.2955912738,42.5336667216,19684420,19684420,0.0,1.0,tiingo_historical_seed,
2016-08-04,EFA,57.35,57.53,57.24,57.5,42.667584161,42.8015016004,42.5857457258,42.7791820271,16761761,16761761,0.0,1.0,tiingo_historical_seed,
2016-08-05,EFA,57.5,57.78,57.49,57.76,42.7791820271,42.9874980439,42.7717421694,42.9726183285,15143512,15143512,0.0,1.0,tiingo_historical_seed,
2016-08-08,EFA,57.86,57.92,57.79,57.88,43.0470169059,43.0916560524,42.9949379017,43.0618966214,10326797,10326797,0.0,1.0,tiingo_historical_seed,
2016-08-09,EFA,58.14,58.52,58.11,58.34,43.2553329227,43.538047517,43.2330133495,43.4041300776,27514404,27514404,0.0,1.0,tiingo_historical_seed,
2016-08-10,EFA,58.72,58.76,58.515,58.54,43.6868446719,43.7166041028,43.5343275881,43.5529272325,17539520,17539520,0.0,1.0,tiingo_historical_seed,
2016-08-11,EFA,58.82,59.11,58.77,58.96,43.7612432493,43.9769991239,43.7240439606,43.8654012577,19675825,19675825,0.0,1.0,tiingo_historical_seed,
2016-08-12,EFA,58.99,59.06,58.74,58.81,43.887720831,43.9397998352,43.7017243874,43.7538033916,11331570,11331570,0.0,1.0,tiingo_historical_seed,
2016-08-15,EFA,59.0,59.18,58.99,59.035,43.8951606887,44.0290781281,43.887720831,43.9212001908,9048734,9048734,0.0,1.0,tiingo_historical_seed,
2016-08-16,EFA,58.93,59.11,58.85,58.95,43.8430816845,43.9769991239,43.7835628225,43.8579614,14286200,14286200,0.0,1.0,tiingo_historical_seed,
2016-08-17,EFA,58.79,59.085,58.535,58.93,43.7389236761,43.9583994795,43.5492073036,43.8430816845,12103619,12103619,0.0,1.0,tiingo_historical_seed,
2016-08-18,EFA,58.89,59.23,58.8,59.23,43.8133222535,44.0662774168,43.7463635338,44.0662774168,17723918,17723918,0.0,1.0,tiingo_historical_seed,
2016-08-19,EFA,58.62,58.82,58.45,58.79,43.6124460944,43.7612432493,43.4859685128,43.7389236761,12142828,12142828,0.0,1.0,tiingo_historical_seed,
2016-08-22,EFA,58.61,58.89,58.5,58.85,43.6050062367,43.8133222535,43.5231678015,43.7835628225,10095633,10095633,0.0,1.0,tiingo_historical_seed,
2016-08-23,EFA,59.24,59.35,59.08,59.1,44.0737172746,44.1555557097,43.9546795506,43.9695592661,12534122,12534122,0.0,1.0,tiingo_historical_seed,
2016-08-24,EFA,59.13,59.2,58.885,58.96,43.9918788394,44.0439578436,43.8096023246,43.8654012577,12206567,12206567,0.0,1.0,tiingo_historical_seed,
2016-08-25,EFA,58.76,58.885,58.665,58.72,43.7166041028,43.8096023246,43.6459254543,43.6868446719,10953520,10953520,0.0,1.0,tiingo_historical_seed,
2016-08-26,EFA,58.81,59.33,58.11,58.37,43.7538033916,44.1406759942,43.2330133495,43.4264496508,19518096,19518096,0.0,1.0,tiingo_historical_seed,
2016-08-29,EFA,58.24,58.58,58.22,58.55,43.3297315002,43.5826866635,43.3148517847,43.5603670902,10479721,10479721,0.0,1.0,tiingo_historical_seed,
2016-08-30,EFA,58.6,58.69,58.36,58.47,43.5975663789,43.6645250986,43.4190097931,43.5008482283,10046301,10046301,0.0,1.0,tiingo_historical_seed,
2016-08-31,EFA,58.4,58.53,58.14,58.35,43.4487692241,43.5454873747,43.2553329227,43.4115699353,20437242,20437242,0.0,1.0,tiingo_historical_seed,
2016-09-01,EFA,58.62,58.78,58.41,58.75,43.6124460944,43.7314838183,43.4562090818,43.7091642451,18389771,18389771,0.0,1.0,tiingo_historical_seed,
2016-09-02,EFA,59.3,59.5,59.11,59.43,44.118356421,44.2671535759,43.9769991239,44.2150745717,19151555,19151555,0.0,1.0,tiingo_historical_seed,
2016-09-06,EFA,59.56,59.86,59.535,59.83,44.3117927224,44.5349884547,44.293193078,44.5126688814,14730557,14730557,0.0,1.0,tiingo_historical_seed,
2016-09-07,EFA,59.99,60.1,59.75,59.86,44.6317066053,44.7135450405,44.4531500195,44.5349884547,17917534,17917534,0.0,1.0,tiingo_historical_seed,
2016-09-08,EFA,59.81,59.975,59.62,59.69,44.497789166,44.6205468187,44.3564318688,44.408510873,15572694,15572694,0.0,1.0,tiingo_historical_seed,
2016-09-09,EFA,59.25,59.25,58.51,58.53,44.0811571323,44.0811571323,43.5306076593,43.5454873747,23547041,23547041,0.0,1.0,tiingo_historical_seed,
2016-09-12,EFA,58.1,59.04,58.045,59.01,43.2255734918,43.9249201197,43.1846542742,43.9026005464,26966758,26966758,0.0,1.0,tiingo_historical_seed,
2016-09-13,EFA,58.25,58.36,57.57,57.82,43.3371713579,43.4190097931,42.8312610313,43.0172574749,24865867,24865867,0.0,1.0,tiingo_historical_seed,
2016-09-14,EFA,57.74,58.0576,57.63,57.74,42.957738613,43.1940284949,42.8759001778,42.957738613,16841515,16841515,0.0,1.0,tiingo_historical_seed,
2016-09-15,EFA,57.79,58.345,57.63,58.24,42.9949379017,43.4078500065,42.8759001778,43.3297315002,25111301,25111301,0.0,1.0,tiingo_historical_seed,
2016-09-16,EFA,57.61,57.64,57.33,57.49,42.8610204623,42.8833400355,42.6527044455,42.7717421694,47897877,47897877,0.0,1.0,tiingo_historical_seed,
2016-09-19,EFA,58.06,58.14,57.74,57.79,43.1958140608,43.2553329227,42.957738613,42.9949379017,24184443,24184443,0.0,1.0,tiingo_historical_seed,
2016-09-20,EFA,58.34,58.39,58.065,58.14,43.4041300776,43.4413293663,43.1995339896,43.2553329227,23968187,23968187,0.0,1.0,tiingo_historical_seed,
2016-09-21,EFA,58.7,59.22,58.49,59.16,43.6719649564,44.0588375591,43.5157279438,44.0141984126,28804005,28804005,0.0,1.0,tiingo_historical_seed,
2016-09-22,EFA,60.03,60.16,59.69,59.76,44.6614660363,44.758184187,44.408510873,44.4605898772,27047527,27047527,0.0,1.0,tiingo_historical_seed,
2016-09-23,EFA,59.28,59.4499,59.24,59.26,44.1034767055,44.2298798886,44.0737172746,44.08859699,19379954,19379954,0.0,1.0,tiingo_historical_seed,
2016-09-26,EFA,58.75,58.83,58.6225,58.71,43.7091642451,43.7686831071,43.6143060589,43.6794048141,23824929,23824929,0.0,1.0,tiingo_historical_seed,
2016-09-27,EFA,58.47,58.9999,58.405,58.99,43.5008482283,43.8950862901,43.4524891529,43.887720831,19862148,19862148,0.0,1.0,tiingo_historical_seed,
2016-09-28,EFA,59.16,59.43,58.795,59.41,44.0141984126,44.2150745717,43.7426436049,44.2001948562,22026420,22026420,0.0,1.0,tiingo_historical_seed,
2016-09-29,EFA,59.26,59.39,58.4739,58.67,44.08859699,44.1853151407,43.5037497728,43.6496453832,16703807,16703807,0.0,1.0,tiingo_historical_seed,
2016-09-30,EFA,58.81,59.29,58.73,59.13,43.7538033916,44.1109165633,43.6942845296,43.9918788394,28871930,28871930,0.0,1.0,tiingo_historical_seed,
2016-10-03,EFA,58.97,59.085,58.84,58.97,43.8728411155,43.9583994795,43.7761229648,43.8728411155,17903551,17903551,0.0,1.0,tiingo_historical_seed,
2016-10-04,EFA,59.24,59.35,58.7301,58.96,44.0737172746,44.1555557097,43.6943589282,43.8654012577,28707492,28707492,0.0,1.0,tiingo_historical_seed,
2016-10-05,EFA,59.18,59.29,59.04,59.2,44.0290781281,44.1109165633,43.9249201197,44.0439578436,14774310,14774310,0.0,1.0,tiingo_historical_seed,
2016-10-06,EFA,58.9,58.945,58.725,58.88,43.8207621113,43.8542414711,43.6905646007,43.8058823958,11592223,11592223,0.0,1.0,tiingo_historical_seed,
2016-10-07,EFA,58.63,58.675,58.115,58.58,43.6198859522,43.653365312,43.2367332784,43.5826866635,16684917,16684917,0.0,1.0,tiingo_historical_seed,
2016-10-10,EFA,58.68,58.9,58.65,58.75,43.6570852409,43.8207621113,43.6347656677,43.7091642451,7860730,7860730,0.0,1.0,tiingo_historical_seed,
2016-10-11,EFA,58.48,58.505,57.75,57.92,43.508288086,43.5268877304,42.9651784707,43.0916560524,18434586,18434586,0.0,1.0,tiingo_historical_seed,
2016-10-12,EFA,57.84,57.935,57.63,57.79,43.0321371904,43.102815839,42.8759001778,42.9949379017,13537312,13537312,0.0,1.0,tiingo_historical_seed,
2016-10-13,EFA,57.15,57.7,56.9863,57.57,42.5187870061,42.927979182,42.3969965348,42.8312610313,13090873,13090873,0.0,1.0,tiingo_historical_seed,
2016-10-14,EFA,57.96,58.07,57.65,57.67,43.1214154833,43.2032539185,42.8907798933,42.9056596088,19288382,19288382,0.0,1.0,tiingo_historical_seed,
2016-10-17,EFA,57.54,57.66,57.405,57.5,42.8089414581,42.898219751,42.7085033786,42.7791820271,12640990,12640990,0.0,1.0,tiingo_historical_seed,
2016-10-18,EFA,58.19,58.235,57.98,58.07,43.2925322114,43.3260115713,43.1362951988,43.2032539185,13027968,13027968,0.0,1.0,tiingo_historical_seed,
2016-10-19,EFA,58.16,58.3658,58.115,58.23,43.2702126382,43.4233249106,43.2367332784,43.3222916424,12500141,12500141,0.0,1.0,tiingo_historical_seed,
2016-10-20,EFA,58.15,58.43,58.09,58.32,43.2627727805,43.4710887973,43.218133634,43.3892503621,9959038,9959038,0.0,1.0,tiingo_historical_seed,
2016-10-21,EFA,57.92,58.21,57.86,58.19,43.0916560524,43.3074119269,43.0470169059,43.2925322114,12584854,12584854,0.0,1.0,tiingo_historical_seed,
2016-10-24,EFA,58.36,58.3699,58.045,58.18,43.4190097931,43.4263752523,43.1846542742,43.2850923537,12722999,12722999,0.0,1.0,tiingo_historical_seed,
2016-10-25,EFA,58.05,58.19,57.9101,58.14,43.188374203,43.2925322114,43.0842905932,43.2553329227,12430402,12430402,0.0,1.0,tiingo_historical_seed,
2016-10-26,EFA,57.84,58.07,57.765,57.88,43.0321371904,43.2032539185,42.9763382573,43.0618966214,12169527,12169527,0.0,1.0,tiingo_historical_seed,
2016-10-27,EFA,58.01,58.04,57.75,57.81,43.1586147721,43.1809343453,42.9651784707,43.0098176172,9309344,9309344,0.0,1.0,tiingo_historical_seed,
2016-10-28,EFA,57.71,57.915,57.645,57.79,42.9354190397,43.0879361235,42.8870599644,42.9949379017,15377759,15377759,0.0,1.0,tiingo_historical_seed,
2016-10-31,EFA,57.75,57.9,57.5801,57.82,42.9651784707,43.0767763369,42.8387752876,43.0172574749,19266193,19266193,0.0,1.0,tiingo_historical_seed,
2016-11-01,EFA,57.96,57.98,57.38,57.57,43.1214154833,43.1362951988,42.6899037342,42.8312610313,19495189,19495189,0.0,1.0,tiingo_historical_seed,
2016-11-02,EFA,57.53,57.61,57.1,57.18,42.8015016004,42.8610204623,42.4815877174,42.5411065793,17538942,17538942,0.0,1.0,tiingo_historical_seed,
2016-11-03,EFA,57.38,57.42,57.035,57.12,42.6899037342,42.7196631652,42.433228642,42.4964674329,12959140,12959140,0.0,1.0,tiingo_historical_seed,
2016-11-04,EFA,56.74,56.9074,56.545,56.57,42.2137528386,42.3382960572,42.0686756126,42.0872752569,17423767,17423767,0.0,1.0,tiingo_historical_seed,
2016-11-07,EFA,57.28,57.38,57.15,57.35,42.6155051568,42.6899037342,42.5187870061,42.667584161,21383605,21383605,0.0,1.0,tiingo_historical_seed,
2016-11-08,EFA,57.18,57.675,57.13,57.51,42.5411065793,42.9093795376,42.5039072906,42.7866218849,17403906,17403906,0.0,1.0,tiingo_historical_seed,
2016-11-09,EFA,57.07,57.79,57.01,57.56,42.4592681441,42.9949379017,42.4146289977,42.8238211736,27175074,27175074,0.0,1.0,tiingo_historical_seed,
2016-11-10,EFA,57.53,57.67,56.93,57.4,42.8015016004,42.9056596088,42.3551101357,42.7047834497,37382769,37382769,0.0,1.0,tiingo_historical_seed,
2016-11-11,EFA,57.145,57.2,56.74,57.05,42.5150670772,42.5559862948,42.2137528386,42.4443884286,18430069,18430069,0.0,1.0,tiingo_historical_seed,
2016-11-14,EFA,56.63,56.75,56.48,56.74,42.1319144034,42.2211926963,42.0203165372,42.2137528386,20650883,20650883,0.0,1.0,tiingo_historical_seed,
2016-11-15,EFA,56.59,57.02,56.5331,56.99,42.1021549724,42.4220688554,42.0598221819,42.3997492822,15311744,15311744,0.0,1.0,tiingo_historical_seed,
2016-11-16,EFA,56.43,56.615,56.3438,56.39,41.9831172485,42.1207546168,41.9189856748,41.9533578176,22261240,22261240,0.0,1.0,tiingo_historical_seed,
2016-11-17,EFA,56.67,56.89,56.615,56.82,42.1616738344,42.3253507047,42.1207546168,42.2732717005,18459346,18459346,0.0,1.0,tiingo_historical_seed,
2016-11-18,EFA,56.31,56.38,56.1037,56.2,41.8938389556,41.9459179598,41.7403546903,41.8120005204,17047302,17047302,0.0,1.0,tiingo_historical_seed,
2016-11-21,EFA,56.42,56.71,56.41,56.68,41.9756773908,42.1914332654,41.968237533,42.1691136921,18504525,18504525,0.0,1.0,tiingo_historical_seed,
2016-11-22,EFA,56.81,56.85,56.58,56.82,42.2658318428,42.2955912738,42.0947151147,42.2732717005,17866530,17866530,0.0,1.0,tiingo_historical_seed,
2016-11-23,EFA,56.25,56.62,56.19,56.62,41.8491998091,42.1244745457,41.8045606627,42.1244745457,13840294,13840294,0.0,1.0,tiingo_historical_seed,
2016-11-25,EFA,56.82,56.83,56.71,56.79,42.2732717005,42.2807115583,42.1914332654,42.2509521273,7842848,7842848,0.0,1.0,tiingo_historical_seed,
2016-11-28,EFA,56.63,56.69,56.46,56.49,42.1319144034,42.1765535499,42.0054368218,42.027756395,13607989,13607989,0.0,1.0,tiingo_historical_seed,
2016-11-29,EFA,56.53,56.98,56.4735,56.85,42.057515826,42.3923094244,42.0154806297,42.2955912738,14719758,14719758,0.0,1.0,tiingo_historical_seed,
2016-11-30,EFA,56.98,56.99,56.7,56.79,42.3923094244,42.3997492822,42.1839934076,42.2509521273,23874742,23874742,0.0,1.0,tiingo_historical_seed,
2016-12-01,EFA,56.73,56.76,56.49,56.57,42.2063129808,42.2286325541,42.027756395,42.0872752569,22693394,22693394,0.0,1.0,tiingo_historical_seed,
2016-12-02,EFA,56.47,56.84,56.4,56.71,42.0128766795,42.288151416,41.9607976753,42.1914332654,16077421,16077421,0.0,1.0,tiingo_historical_seed,
2016-12-05,EFA,57.0,57.38,56.99,57.27,42.4071891399,42.6899037342,42.3997492822,42.608065299,19686243,19686243,0.0,1.0,tiingo_historical_seed,
2016-12-06,EFA,57.33,57.74,57.3,57.66,42.6527044455,42.957738613,42.6303848722,42.898219751,19216453,19216453,0.0,1.0,tiingo_historical_seed,
2016-12-07,EFA,57.88,58.62,57.86,58.52,43.0618966214,43.6124460944,43.0470169059,43.538047517,25749322,25749322,0.0,1.0,tiingo_historical_seed,
2016-12-08,EFA,58.41,58.57,58.27,58.47,43.4562090818,43.5752468057,43.3520510734,43.5008482283,23426982,23426982,0.0,1.0,tiingo_historical_seed,
2016-12-09,EFA,58.47,58.72,58.43,58.72,43.5008482283,43.6868446719,43.4710887973,43.6868446719,20886461,20886461,0.0,1.0,tiingo_historical_seed,
2016-12-12,EFA,58.5,58.69,58.39,58.46,43.5231678015,43.6645250986,43.4413293663,43.4934083705,16612743,16612743,0.0,1.0,tiingo_historical_seed,
2016-12-13,EFA,58.98,59.25,58.95,59.09,43.8802809732,44.0811571323,43.8579614,43.9621194084,22116770,22116770,0.0,1.0,tiingo_historical_seed,
2016-12-14,EFA,58.96,59.09,58.13,58.22,43.8654012577,43.9621194084,43.247893065,43.3148517847,26473655,26473655,0.0,1.0,tiingo_historical_seed,
2016-12-15,EFA,58.0,58.19,57.9601,58.09,43.1511749143,43.2925322114,43.1214898819,43.218133634,25317931,25317931,0.0,1.0,tiingo_historical_seed,
2016-12-16,EFA,58.05,58.29,58.02,58.13,43.188374203,43.3669307889,43.1660546298,43.247893065,24359092,24359092,0.0,1.0,tiingo_historical_seed,
2016-12-19,EFA,58.16,58.31,58.04,58.04,43.2702126382,43.3818105044,43.1809343453,43.1809343453,17705190,17705190,0.0,1.0,tiingo_historical_seed,
2016-12-20,EFA,58.11,58.29,58.07,58.24,43.2330133495,43.3669307889,43.2032539185,43.3297315002,17813524,17813524,0.0,1.0,tiingo_historical_seed,
2016-12-21,EFA,57.65,57.7,57.58,57.66,43.3342472003,43.3718311094,43.2816297275,43.3417639821,17793946,17793946,0.596173,1.0,tiingo_historical_seed,
2016-12-22,EFA,57.62,57.69,57.51,57.53,43.3116968548,43.3643143276,43.2290122548,43.2440458184,16310189,16310189,0.0,1.0,tiingo_historical_seed,
2016-12-23,EFA,57.58,57.68,57.54,57.68,43.2816297275,43.3567975457,43.2515626002,43.3567975457,14821551,14821551,0.0,1.0,tiingo_historical_seed,
2016-12-27,EFA,57.63,57.715,57.6,57.61,43.3192136366,43.3831062821,43.2966632912,43.304180073,13327687,13327687,0.0,1.0,tiingo_historical_seed,
2016-12-28,EFA,57.56,57.58,57.31,57.39,43.2665961639,43.2816297275,43.0786766183,43.1388108729,19569395,19569395,0.0,1.0,tiingo_historical_seed,
2016-12-29,EFA,57.5,57.66,57.48,57.53,43.221495473,43.3417639821,43.2064619093,43.2440458184,16406129,16406129,0.0,1.0,tiingo_historical_seed,
2016-12-30,EFA,57.97,57.98,57.6,57.73,43.5747842186,43.5823010004,43.2966632912,43.3943814548,25225987,25225987,0.0,1.0,tiingo_historical_seed,
2017-01-03,EFA,57.95,58.11,57.85,58.09,43.5597506549,43.6800191641,43.4845828367,43.6649856004,27938327,27938327,0.0,1.0,tiingo_historical_seed,
2017-01-04,EFA,58.4,58.78,58.3528,58.75,43.8980058369,44.1836435461,43.8625266267,44.1610932006,25670022,25670022,0.0,1.0,tiingo_historical_seed,
2017-01-05,EFA,58.9,59.31,58.9,59.25,44.2738449279,44.5820329826,44.2738449279,44.5369322917,22063115,22063115,0.0,1.0,tiingo_historical_seed,
2017-01-06,EFA,58.97,59.11,58.91,59.05,44.3264624007,44.4316973462,44.2813617098,44.3865966553,22073717,22073717,0.0,1.0,tiingo_historical_seed,
2017-01-09,EFA,58.83,58.99,58.75,58.96,44.2212274552,44.3414959643,44.1610932006,44.3189456189,13962351,13962351,0.0,1.0,tiingo_historical_seed,
2017-01-10,EFA,58.92,59.13,58.92,58.97,44.2888784916,44.4467309098,44.2888784916,44.3264624007,16296577,16296577,0.0,1.0,tiingo_historical_seed,
2017-01-11,EFA,58.85,59.3,58.78,59.28,44.2362610188,44.5745162008,44.1836435461,44.5594826372,31352400,31352400,0.0,1.0,tiingo_historical_seed,
2017-01-12,EFA,59.36,59.375,59.11,59.37,44.6196168917,44.6308920645,44.4316973462,44.6271336736,25127259,25127259,0.0,1.0,tiingo_historical_seed,
2017-01-13,EFA,59.42,59.6,59.33,59.59,44.6647175827,44.8000196554,44.5970665463,44.7925028736,20901856,20901856,0.0,1.0,tiingo_historical_seed,
2017-01-17,EFA,59.41,59.44,59.27,59.37,44.6572008008,44.6797511463,44.5519658553,44.6271336736,22524825,22524825,0.0,1.0,tiingo_historical_seed,
2017-01-18,EFA,59.19,59.32,59.02,59.2,44.4918316008,44.5895497644,44.3640463098,44.4993483826,14581351,14581351,0.0,1.0,tiingo_historical_seed,
2017-01-19,EFA,59.1,59.1763,58.87,59.05,44.4241805644,44.4815336097,44.2512945825,44.3865966553,17619274,17619274,0.0,1.0,tiingo_historical_seed,
2017-01-20,EFA,59.26,59.41,59.18,59.39,44.5444490735,44.6572008008,44.4843148189,44.6421672372,24974054,24974054,0.0,1.0,tiingo_historical_seed,
2017-01-23,EFA,59.31,59.54,59.18,59.54,44.5820329826,44.7549189645,44.4843148189,44.7549189645,43093117,43093117,0.0,1.0,tiingo_historical_seed,
2017-01-24,EFA,59.44,59.7165,59.42,59.69,44.6797511463,44.8875901637,44.6647175827,44.8676706918,18175974,18175974,0.0,1.0,tiingo_historical_seed,
2017-01-25,EFA,60.01,60.33,59.99,60.31,45.1082077101,45.3487447284,45.0931741465,45.3337111648,27237612,27237612,0.0,1.0,tiingo_historical_seed,
2017-01-26,EFA,60.19,60.25,59.99,60.07,45.2435097829,45.2886104738,45.0931741465,45.153308401,20913845,20913845,0.0,1.0,tiingo_historical_seed,
2017-01-27,EFA,60.02,60.05,59.86,59.97,45.1157244919,45.1382748374,44.9954559828,45.0781405828,13061016,13061016,0.0,1.0,tiingo_historical_seed,
2017-01-30,EFA,59.45,59.58,59.26,59.54,44.6872679281,44.7849860918,44.5444490735,44.7549189645,19146191,19146191,0.0,1.0,tiingo_historical_seed,
2017-01-31,EFA,59.65,59.74,59.39,59.63,44.8376035646,44.9052546009,44.6421672372,44.8225700009,29996755,29996755,0.0,1.0,tiingo_historical_seed,
2017-02-01,EFA,60.0,60.03,59.71,59.87,45.1006909283,45.1232412738,44.8827042555,45.0029727646,26726436,26726436,0.0,1.0,tiingo_historical_seed,
2017-02-02,EFA,59.925,59.99,59.73,59.9,45.0443150646,45.0931741465,44.8977378191,45.0255231101,14796655,14796655,0.0,1.0,tiingo_historical_seed,
2017-02-03,EFA,60.01,60.18,59.93,60.14,45.1082077101,45.2359930011,45.0480734555,45.2059258738,13963766,13963766,0.0,1.0,tiingo_historical_seed,
2017-02-06,EFA,59.52,59.71,59.48,59.71,44.7398854009,44.8827042555,44.7098182736,44.8827042555,16220209,16220209,0.0,1.0,tiingo_historical_seed,
2017-02-07,EFA,59.58,59.6763,59.53,59.65,44.7849860918,44.8573727007,44.7474021827,44.8376035646,12123012,12123012,0.0,1.0,tiingo_historical_seed,
2017-02-08,EFA,59.59,59.81,59.52,59.75,44.7925028736,44.9578720737,44.7398854009,44.9127713828,16749223,16749223,0.0,1.0,tiingo_historical_seed,
2017-02-09,EFA,59.83,60.015,59.75,60.0,44.9729056373,45.111966101,44.9127713828,45.1006909283,14299559,14299559,0.0,1.0,tiingo_historical_seed,
2017-02-10,EFA,59.93,60.18,59.91,60.14,45.0480734555,45.2359930011,45.0330398919,45.2059258738,13212119,13212119,0.0,1.0,tiingo_historical_seed,
2017-02-13,EFA,60.39,60.47,60.28,60.38,45.3938454193,45.4539796739,45.3111608193,45.3863286375,12694444,12694444,0.0,1.0,tiingo_historical_seed,
2017-02-14,EFA,60.17,60.29,59.9201,60.29,45.2284762193,45.3186776011,45.0406318415,45.3186776011,14256634,14256634,0.0,1.0,tiingo_historical_seed,
2017-02-15,EFA,60.03,60.52,60.01,60.52,45.1232412738,45.491563583,45.1082077101,45.491563583,15460127,15460127,0.0,1.0,tiingo_historical_seed,
2017-02-16,EFA,60.54,60.66,60.46,60.66,45.5065971467,45.5967985285,45.4464628921,45.5967985285,14416534,14416534,0.0,1.0,tiingo_historical_seed,
2017-02-17,EFA,60.32,60.52,60.27,60.5,45.3412279466,45.491563583,45.3036440375,45.4765300194,14938004,14938004,0.0,1.0,tiingo_historical_seed,
2017-02-21,EFA,60.44,60.7,60.42,60.7,45.4314293284,45.6268656558,45.4163957648,45.6268656558,11550324,11550324,0.0,1.0,tiingo_historical_seed,
2017-02-22,EFA,60.39,60.74,60.39,60.7,45.3938454193,45.6569327831,45.3938454193,45.6268656558,17129440,17129440,0.0,1.0,tiingo_historical_seed,
2017-02-23,EFA,60.88,60.93,60.665,60.83,45.7621677286,45.7997516377,45.6005569194,45.7245838195,12410639,12410639,0.0,1.0,tiingo_historical_seed,
2017-02-24,EFA,60.17,60.43,60.14,60.39,45.2284762193,45.4239125466,45.2059258738,45.3938454193,16198702,16198702,0.0,1.0,tiingo_historical_seed,
2017-02-27,EFA,60.19,60.44,60.18,60.43,45.2435097829,45.4314293284,45.2359930011,45.4239125466,14039003,14039003,0.0,1.0,tiingo_historical_seed,
2017-02-28,EFA,60.32,60.52,60.23,60.34,45.3412279466,45.491563583,45.2735769102,45.3562615102,20439108,20439108,0.0,1.0,tiingo_historical_seed,
2017-03-01,EFA,60.75,61.1163,60.73,60.97,45.6644495649,45.939789283,45.6494160013,45.829818765,20198030,20198030,0.0,1.0,tiingo_historical_seed,
2017-03-02,EFA,60.71,60.7774,60.56,60.57,45.6343824376,45.6850455471,45.5216307103,45.5291474921,16452808,16452808,0.0,1.0,tiingo_historical_seed,
2017-03-03,EFA,60.7,61.0,60.61,60.93,45.6268656558,45.8523691104,45.5592146194,45.7997516377,19149128,19149128,0.0,1.0,tiingo_historical_seed,
2017-03-06,EFA,60.73,60.75,60.5737,60.74,45.6494160013,45.6644495649,45.5319287014,45.6569327831,10965776,10965776,0.0,1.0,tiingo_historical_seed,
2017-03-07,EFA,60.47,60.63,60.38,60.53,45.4539796739,45.574248183,45.3863286375,45.4990803648,16308775,16308775,0.0,1.0,tiingo_historical_seed,
2017-03-08,EFA,60.49,60.55,60.25,60.31,45.4690132375,45.5141139285,45.2886104738,45.3337111648,11568222,11568222,0.0,1.0,tiingo_historical_seed,
2017-03-09,EFA,60.47,60.57,60.38,60.54,45.4539796739,45.5291474921,45.3863286375,45.5065971467,13369268,13369268,0.0,1.0,tiingo_historical_seed,
2017-03-10,EFA,60.96,61.12,60.85,61.05,45.8223019832,45.9425704923,45.7396173831,45.8899530195,18987744,18987744,0.0,1.0,tiingo_historical_seed,
2017-03-13,EFA,61.2,61.3775,61.19,61.37,46.0027047469,46.1361276242,45.995187965,46.1304900378,19718711,19718711,0.0,1.0,tiingo_historical_seed,
2017-03-14,EFA,60.92,60.97,60.79,60.9,45.7922348559,45.829818765,45.6945166922,45.7772012922,15953540,15953540,0.0,1.0,tiingo_historical_seed,
2017-03-15,EFA,61.03,61.775,61.02,61.77,45.8749194559,46.4349197016,45.8674026741,46.4311613107,22841075,22841075,0.0,1.0,tiingo_historical_seed,
2017-03-16,EFA,62.1,62.13,61.93,62.07,46.6792151108,46.7017654563,46.5514298198,46.6566647653,24380124,24380124,0.0,1.0,tiingo_historical_seed,
2017-03-17,EFA,62.18,62.3499,62.06,62.23,46.7393493654,46.8670594885,46.6491479835,46.7769332745,20697447,20697447,0.0,1.0,tiingo_historical_seed,
2017-03-20,EFA,62.25,62.3399,62.02,62.1037,46.7919668381,46.8595427067,46.6190808562,46.6819963201,13484415,13484415,0.0,1.0,tiingo_historical_seed,
2017-03-21,EFA,62.58,62.63,61.78,61.82,47.0400206382,47.0776045473,46.4386780925,46.4687452198,23331513,23331513,0.0,1.0,tiingo_historical_seed,
2017-03-22,EFA,61.62,61.89,61.57,61.83,46.3184095834,46.5213626925,46.2808256743,46.4762620016,14492777,14492777,0.0,1.0,tiingo_historical_seed,
2017-03-23,EFA,61.73,62.1,61.73,61.97,46.4010941834,46.6792151108,46.4010941834,46.5814969471,25394787,25394787,0.0,1.0,tiingo_historical_seed,
2017-03-24,EFA,62.11,62.27,62.0401,62.14,46.6867318926,46.8070004018,46.6341895877,46.7092822381,25264511,25264511,0.0,1.0,tiingo_historical_seed,
2017-03-27,EFA,62.09,62.38,62.02,62.3,46.671698329,46.8896850018,46.6190808562,46.8295507472,30294538,30294538,0.0,1.0,tiingo_historical_seed,
2017-03-28,EFA,62.39,62.65,62.355,62.6,46.8972017836,47.092638111,46.8708930472,47.0550542019,23196000,23196000,0.0,1.0,tiingo_historical_seed,
2017-03-29,EFA,62.29,62.63,62.28,62.6,46.8220339654,47.0776045473,46.8145171836,47.0550542019,19090764,19090764,0.0,1.0,tiingo_historical_seed,
2017-03-30,EFA,62.43,62.55,62.32,62.38,46.9272689109,47.0174702928,46.8445843109,46.8896850018,16049834,16049834,0.0,1.0,tiingo_historical_seed,
2017-03-31,EFA,62.11,62.36,62.05,62.29,46.6867318926,46.8746514381,46.6416312017,46.8220339654,30871662,30871662,0.0,1.0,tiingo_historical_seed,
2017-04-03,EFA,62.19,62.24,61.755,62.2,46.7468661472,46.7844500563,46.419886138,46.754382929,32855183,32855183,0.0,1.0,tiingo_historical_seed,
2017-04-04,EFA,61.93,62.18,61.85,62.18,46.5514298198,46.7393493654,46.4912955653,46.7393493654,16793755,16793755,0.0,1.0,tiingo_historical_seed,
2017-04-05,EFA,62.13,62.29,61.825,61.85,46.7017654563,46.8220339654,46.4725036107,46.4912955653,22710372,22710372,0.0,1.0,tiingo_historical_seed,
2017-04-06,EFA,61.88,61.98,61.75,61.86,46.5138459107,46.5890137289,46.416127747,46.4988123471,17814640,17814640,0.0,1.0,tiingo_historical_seed,
2017-04-07,EFA,61.75,61.93,61.735,61.82,46.416127747,46.5514298198,46.4048525743,46.4687452198,15848922,15848922,0.0,1.0,tiingo_historical_seed,
2017-04-10,EFA,61.73,61.85,61.675,61.75,46.4010941834,46.4912955653,46.3597518834,46.416127747,11321509,11321509,0.0,1.0,tiingo_historical_seed,
2017-04-11,EFA,62.0,62.07,61.6201,62.04,46.6040472926,46.6566647653,46.3184847512,46.6341144199,18663098,18663098,0.0,1.0,tiingo_historical_seed,
2017-04-12,EFA,61.95,62.03,61.72,61.99,46.5664633835,46.626597638,46.3935774016,46.5965305108,25046026,25046026,0.0,1.0,tiingo_historical_seed,
2017-04-13,EFA,61.7,61.78,61.53,61.59,46.3785438379,46.4386780925,46.250758547,46.2958592379,16760126,16760126,0.0,1.0,tiingo_historical_seed,
2017-04-17,EFA,61.85,62.02,61.84,61.97,46.4912955653,46.6190808562,46.4837787834,46.5814969471,15573493,15573493,0.0,1.0,tiingo_historical_seed,
2017-04-18,EFA,61.55,61.69,61.35,61.69,46.2657921106,46.3710270561,46.1154564742,46.3710270561,21171092,21171092,0.0,1.0,tiingo_historical_seed,
2017-04-19,EFA,61.76,61.795,61.37,61.44,46.4236445289,46.4499532652,46.1304900378,46.1831075106,13263137,13263137,0.0,1.0,tiingo_historical_seed,
2017-04-20,EFA,61.96,62.1,61.915,61.93,46.5739801653,46.6792151108,46.5401546471,46.5514298198,20485317,20485317,0.0,1.0,tiingo_historical_seed,
2017-04-21,EFA,61.93,62.02,61.84,61.97,46.5514298198,46.6190808562,46.4837787834,46.5814969471,18989833,18989833,0.0,1.0,tiingo_historical_seed,
2017-04-24,EFA,63.41,63.61,63.38,63.54,47.6639135294,47.8142491658,47.6413631839,47.7616316931,32694852,32694852,0.0,1.0,tiingo_historical_seed,
2017-04-25,EFA,63.85,64.08,63.7805,63.99,47.9946519295,48.1675379114,47.9424102959,48.099886875,24975216,24975216,0.0,1.0,tiingo_historical_seed,
2017-04-26,EFA,63.81,64.03,63.81,63.81,47.9645848022,48.1299540023,47.9645848022,47.9645848022,20489577,20489577,0.0,1.0,tiingo_historical_seed,
2017-04-27,EFA,63.92,63.92,63.75,63.87,48.0472694023,48.0472694023,47.9194841113,48.0096854932,13855740,13855740,0.0,1.0,tiingo_historical_seed,
2017-04-28,EFA,63.89,63.91,63.77,63.8,48.0247190568,48.0397526205,47.934517675,47.9570680204,25361248,25361248,0.0,1.0,tiingo_historical_seed,
2017-05-01,EFA,63.99,64.2,63.91,64.06,48.099886875,48.2577392933,48.0397526205,48.1525043478,22211439,22211439,0.0,1.0,tiingo_historical_seed,
2017-05-02,EFA,64.25,64.42,64.19,64.39,48.2953232024,48.4231084934,48.2502225115,48.4005581479,23499960,23499960,0.0,1.0,tiingo_historical_seed,
2017-05-03,EFA,64.22,64.33,64.1,64.26,48.2727728569,48.355457457,48.1825714751,48.3028399842,12811038,12811038,0.0,1.0,tiingo_historical_seed,
2017-05-04,EFA,64.48,64.89,64.425,64.87,48.4682091843,48.776397239,48.4268668843,48.7613636753,16359729,16359729,0.0,1.0,tiingo_historical_seed,
2017-05-05,EFA,64.94,65.59,64.915,65.59,48.8139811481,49.3025719665,48.7951891935,49.3025719665,18990865,18990865,0.0,1.0,tiingo_historical_seed,
2017-05-08,EFA,65.105,65.11,64.96,65.1,48.9380080481,48.941766439,48.8290147117,48.9342496572,19823837,19823837,0.0,1.0,tiingo_historical_seed,
2017-05-09,EFA,64.98,65.04,64.81,64.94,48.8440482753,48.8891489663,48.7162629844,48.8139811481,28186609,28186609,0.0,1.0,tiingo_historical_seed,
2017-05-10,EFA,64.98,65.04,64.888,65.04,48.8440482753,48.8891489663,48.7748938826,48.8891489663,18524300,18524300,0.0,1.0,tiingo_historical_seed,
2017-05-11,EFA,64.77,64.9,64.61,64.88,48.6861958571,48.7839140208,48.565927348,48.7688804571,18381620,18381620,0.0,1.0,tiingo_historical_seed,
2017-05-12,EFA,64.94,65.24,64.94,65.24,48.8139811481,49.0394846027,48.8139811481,49.0394846027,27683031,27683031,0.0,1.0,tiingo_historical_seed,
2017-05-15,EFA,65.38,65.57,65.36,65.57,49.1447195482,49.2875384028,49.1296859846,49.2875384028,20493923,20493923,0.0,1.0,tiingo_historical_seed,
2017-05-16,EFA,65.95,66.0,65.8615,65.99,49.573176112,49.6107600211,49.5066525929,49.6032432393,21931150,21931150,0.0,1.0,tiingo_historical_seed,
2017-05-17,EFA,65.67,65.75,65.22,65.24,49.362706221,49.4228404756,49.0244510391,49.0394846027,30198705,30198705,0.0,1.0,tiingo_historical_seed,
2017-05-18,EFA,65.08,65.4,65.02,65.35,48.9192160936,49.1597531118,48.8741154026,49.1221692027,19242621,19242621,0.0,1.0,tiingo_historical_seed,
2017-05-19,EFA,65.81,66.12,65.78,66.11,49.4679411665,49.700961403,49.4453908211,49.6934446212,34855460,34855460,0.0,1.0,tiingo_historical_seed,
2017-05-22,EFA,66.18,66.31,66.11,66.19,49.7460620939,49.8437802576,49.6934446212,49.7535788757,14692607,14692607,0.0,1.0,tiingo_historical_seed,
2017-05-23,EFA,66.34,66.38,66.11,66.2,49.8663306031,49.8963977303,49.6934446212,49.7610956576,12489175,12489175,0.0,1.0,tiingo_historical_seed,
2017-05-24,EFA,66.015,66.25,65.98,66.24,49.6220351939,49.7986795667,49.5957264575,49.7911627848,15090562,15090562,0.0,1.0,tiingo_historical_seed,
2017-05-25,EFA,66.24,66.34,66.15,66.24,49.7911627848,49.8663306031,49.7235117484,49.7911627848,13265325,13265325,0.0,1.0,tiingo_historical_seed,
2017-05-26,EFA,65.87,66.055,65.85,66.05,49.5130418575,49.6521023211,49.4980082938,49.6483439302,25971514,25971514,0.0,1.0,tiingo_historical_seed,
2017-05-30,EFA,65.87,66.03,65.85,65.98,49.5130418575,49.6333103666,49.4980082938,49.5957264575,14415333,14415333,0.0,1.0,tiingo_historical_seed,
2017-05-31,EFA,66.32,66.38,66.025,66.06,49.8512970394,49.8963977303,49.6295519757,49.6558607121,31167901,31167901,0.0,1.0,tiingo_historical_seed,
2017-06-01,EFA,66.31,66.505,66.245,66.49,49.8437802576,49.9903575031,49.7949211758,49.9790823304,25610013,25610013,0.0,1.0,tiingo_historical_seed,
2017-06-02,EFA,66.96,67.24,66.86,67.22,50.332371076,50.542840967,50.2572032578,50.5278074033,22764290,22764290,0.0,1.0,tiingo_historical_seed,
2017-06-05,EFA,66.86,66.9,66.77,66.85,50.2572032578,50.2872703851,50.1895522214,50.2496864759,14304505,14304505,0.0,1.0,tiingo_historical_seed,
2017-06-06,EFA,66.58,66.71,66.56,66.66,50.0467333668,50.1444515304,50.0316998031,50.1068676213,11387187,11387187,0.0,1.0,tiingo_historical_seed,
2017-06-07,EFA,66.77,66.88,66.45,66.68,50.1895522214,50.2722368214,49.9490152031,50.121901185,15346442,15346442,0.0,1.0,tiingo_historical_seed,
2017-06-08,EFA,66.42,66.57,66.34,66.56,49.9264648576,50.0392165849,49.8663306031,50.0316998031,15425213,15425213,0.0,1.0,tiingo_historical_seed,
2017-06-09,EFA,66.22,66.46,66.06,66.31,49.7761292212,49.9565319849,49.6558607121,49.8437802576,20807919,20807919,0.0,1.0,tiingo_historical_seed,
2017-06-12,EFA,66.12,66.19,65.91,66.06,49.700961403,49.7535788757,49.5431089847,49.6558607121,17937219,17937219,0.0,1.0,tiingo_historical_seed,
2017-06-13,EFA,66.47,66.61,66.38,66.57,49.9640487667,50.0692837122,49.8963977303,50.0392165849,19123669,19123669,0.0,1.0,tiingo_historical_seed,
2017-06-14,EFA,66.95,66.96,66.3,66.52,50.3248542942,50.332371076,49.8362634758,50.0016326758,18739460,18739460,0.0,1.0,tiingo_historical_seed,
2017-06-15,EFA,65.51,65.87,65.49,65.83,49.2424377119,49.5130418575,49.2274041482,49.4829747302,22870874,22870874,0.0,1.0,tiingo_historical_seed,
2017-06-16,EFA,66.15,66.41,66.07,66.39,49.7235117484,49.9189480758,49.6633774939,49.9039145122,24571484,24571484,0.0,1.0,tiingo_historical_seed,
2017-06-19,EFA,66.64,66.79,66.6,66.66,50.0918340577,50.204585785,50.0617669304,50.1068676213,26706140,26706140,0.0,1.0,tiingo_historical_seed,
2017-06-20,EFA,65.42,65.43,64.92,65.07,49.9771594345,49.9847988658,49.5951878705,49.7097793397,23798528,23798528,1.061731,1.0,tiingo_historical_seed,
2017-06-21,EFA,64.92,65.05,64.83,64.99,49.5951878705,49.6945004772,49.526432989,49.6486638895,10988982,10988982,0.0,1.0,tiingo_historical_seed,
2017-06-22,EFA,64.97,65.096,64.89,64.98,49.6333850269,49.7296418611,49.5722695767,49.6410244582,13521741,13521741,0.0,1.0,tiingo_historical_seed,
2017-06-23,EFA,64.99,65.245,64.9,65.14,49.6486638895,49.8434693871,49.579909008,49.7632553587,15138723,15138723,0.0,1.0,tiingo_historical_seed,
2017-06-26,EFA,65.56,65.62,65.22,65.25,50.0841114725,50.1299480601,49.8243708089,49.8472891028,21872781,21872781,0.0,1.0,tiingo_historical_seed,
2017-06-27,EFA,65.28,65.44,65.17,65.24,49.8702073966,49.9924382971,49.7861736525,49.8396496715,17465990,17465990,0.0,1.0,tiingo_historical_seed,
2017-06-28,EFA,65.49,65.87,65.46,65.81,50.0306354535,50.3209338422,50.0077171597,50.2750972545,26317334,26317334,0.0,1.0,tiingo_historical_seed,
2017-06-29,EFA,65.61,65.62,64.88,65.16,50.1223086289,50.1299480601,49.5646301454,49.7785342213,35923299,35923299,0.0,1.0,tiingo_historical_seed,
2017-06-30,EFA,65.33,65.35,64.825,65.2,49.908404553,49.9236834156,49.5226132734,49.8090919464,28866120,28866120,0.0,1.0,tiingo_historical_seed,
2017-07-03,EFA,65.12,65.28,65.1,65.12,49.7479764961,49.8702073966,49.7326976336,49.7479764961,9564258,9564258,0.0,1.0,tiingo_historical_seed,
2017-07-05,EFA,64.93,65.16,64.815,65.12,49.6028273018,49.7785342213,49.5149738421,49.7479764961,26253260,26253260,0.0,1.0,tiingo_historical_seed,
2017-07-06,EFA,64.7,64.97,64.63,64.83,49.4271203824,49.6333850269,49.3736443634,49.526432989,23380561,23380561,0.0,1.0,tiingo_historical_seed,
2017-07-07,EFA,64.65,64.92,64.56,64.84,49.388923226,49.5951878705,49.3201683445,49.5340724203,18885683,18885683,0.0,1.0,tiingo_historical_seed,
2017-07-10,EFA,64.8,65.02,64.76,65.0,49.5035146952,49.6715821833,49.4729569701,49.6563033208,10674838,10674838,0.0,1.0,tiingo_historical_seed,
2017-07-11,EFA,64.83,65.16,64.74,65.15,49.526432989,49.7785342213,49.4576781075,49.77089479,13584042,13584042,0.0,1.0,tiingo_historical_seed,
2017-07-12,EFA,65.55,65.745,65.53,65.67,50.0764720412,50.2254409511,50.0611931786,50.1681452165,15995594,15995594,0.0,1.0,tiingo_historical_seed,
2017-07-13,EFA,65.75,65.91,65.655,65.86,50.2292606668,50.3514915673,50.1566860696,50.3132944109,22520673,22520673,0.0,1.0,tiingo_historical_seed,
2017-07-14,EFA,66.05,66.335,66.0,66.32,50.4584436052,50.6761673967,50.4202464488,50.6647082498,14145120,14145120,0.0,1.0,tiingo_historical_seed,
2017-07-17,EFA,66.19,66.28,66.12,66.19,50.5653956431,50.6341505246,50.5119196242,50.5653956431,10326109,10326109,0.0,1.0,tiingo_historical_seed,
2017-07-18,EFA,66.13,66.25,66.08,66.25,50.5195590554,50.6112322308,50.481361899,50.6112322308,11718193,11718193,0.0,1.0,tiingo_historical_seed,
2017-07-19,EFA,66.36,66.54,66.35,66.54,50.6952659749,50.8327757379,50.6876265436,50.8327757379,12542325,12542325,0.0,1.0,tiingo_historical_seed,
2017-07-20,EFA,66.71,66.85,66.603,66.81,50.9626460697,51.0695981076,50.880904155,51.0390403825,13792660,13792660,0.0,1.0,tiingo_historical_seed,
2017-07-21,EFA,66.46,66.55,66.24,66.55,50.7716602877,50.8404151692,50.6035927995,50.8404151692,18406666,18406666,0.0,1.0,tiingo_historical_seed,
2017-07-24,EFA,66.25,66.39,66.08,66.37,50.6112322308,50.7181842687,50.481361899,50.7029054062,17486072,17486072,0.0,1.0,tiingo_historical_seed,
2017-07-25,EFA,66.71,66.74,66.44,66.46,50.9626460697,50.9855643635,50.7563814251,50.7716602877,12297572,12297572,0.0,1.0,tiingo_historical_seed,
2017-07-26,EFA,66.65,66.98,66.54,66.87,50.916809482,51.1689107142,50.8327757379,51.0848769702,19186673,19186673,0.0,1.0,tiingo_historical_seed,
2017-07-27,EFA,67.0,67.04,66.5,66.72,51.1841895768,51.2147473019,50.8022180128,50.970285501,13754370,13754370,0.0,1.0,tiingo_historical_seed,
2017-07-28,EFA,66.55,66.8,66.48,66.79,50.8404151692,51.0314009512,50.7869391502,51.0237615199,15080777,15080777,0.0,1.0,tiingo_historical_seed,
2017-07-31,EFA,66.88,67.01,66.73,66.93,51.0925164014,51.1918290081,50.9779249322,51.1307135578,20998839,20998839,0.0,1.0,tiingo_historical_seed,
2017-08-01,EFA,67.44,67.54,67.3,67.3,51.5203245531,51.5967188659,51.4133725152,51.4133725152,16198137,16198137,0.0,1.0,tiingo_historical_seed,
2017-08-02,EFA,67.34,67.42,67.16,67.33,51.4439302403,51.5050456906,51.3064204773,51.436290809,8948292,8948292,0.0,1.0,tiingo_historical_seed,
2017-08-03,EFA,67.31,67.49,67.255,67.37,51.4210119465,51.5585217095,51.3789950744,51.4668485342,11245858,11245858,0.0,1.0,tiingo_historical_seed,
2017-08-04,EFA,67.44,67.51,67.2,67.46,51.5203245531,51.5738005721,51.3369782024,51.5356034157,14178018,14178018,0.0,1.0,tiingo_historical_seed,
2017-08-07,EFA,67.32,67.5,67.32,67.49,51.4286513778,51.5661611408,51.4286513778,51.5585217095,11865550,11865550,0.0,1.0,tiingo_historical_seed,
2017-08-08,EFA,67.37,67.46,67.0939,67.13,51.4668485342,51.5356034157,51.2559238365,51.2835021834,13510148,13510148,0.0,1.0,tiingo_historical_seed,
2017-08-09,EFA,66.73,67.05,66.69,67.02,50.9779249322,51.2223867332,50.9473672071,51.1994684394,15080071,15080071,0.0,1.0,tiingo_historical_seed,
2017-08-10,EFA,66.62,66.62,66.01,66.07,50.8938911882,50.8938911882,50.4278858801,50.4737224678,28825121,28825121,0.0,1.0,tiingo_historical_seed,
2017-08-11,EFA,66.03,66.13,65.86,65.95,50.4431647426,50.5195590554,50.3132944109,50.3820492924,27456383,27456383,0.0,1.0,tiingo_historical_seed,
2017-08-14,EFA,66.43,66.598,66.4,66.43,50.7487419938,50.8770844393,50.7258237,50.7487419938,13311526,13311526,0.0,1.0,tiingo_historical_seed,
2017-08-15,EFA,66.35,66.42,66.14,66.38,50.6876265436,50.7411025626,50.5271984867,50.7105448374,13212246,13212246,0.0,1.0,tiingo_historical_seed,
2017-08-16,EFA,66.6,66.84,66.58,66.76,50.8786123256,51.0619586763,50.863333463,51.0008432261,14030746,14030746,0.0,1.0,tiingo_historical_seed,
2017-08-17,EFA,66.52,66.63,66.01,66.01,50.8174968754,50.9015306194,50.4278858801,50.4278858801,18647651,18647651,0.0,1.0,tiingo_historical_seed,
2017-08-18,EFA,66.12,66.33,65.99,66.19,50.5119196242,50.672347681,50.4126070175,50.5653956431,16347570,16347570,0.0,1.0,tiingo_historical_seed,
2017-08-21,EFA,66.16,66.2699,66.0,66.17,50.5424773493,50.626434699,50.4202464488,50.5501167806,11760780,11760780,0.0,1.0,tiingo_historical_seed,
2017-08-22,EFA,66.31,66.52,66.29,66.49,50.6570688185,50.8174968754,50.6417899559,50.7945785815,11528833,11528833,0.0,1.0,tiingo_historical_seed,
2017-08-23,EFA,66.3,66.51,66.29,66.5,50.6494293872,50.8098574441,50.6417899559,50.8022180128,13007120,13007120,0.0,1.0,tiingo_historical_seed,
2017-08-24,EFA,66.52,66.59,66.34,66.35,50.8174968754,50.8709728943,50.6799871123,50.6876265436,13150630,13150630,0.0,1.0,tiingo_historical_seed,
2017-08-25,EFA,66.59,66.91,66.57,66.75,50.8709728943,51.1154346953,50.8556940318,50.9932037948,14942022,14942022,0.0,1.0,tiingo_historical_seed,
2017-08-28,EFA,66.82,66.85,66.705,66.75,51.0466798138,51.0695981076,50.958826354,50.9932037948,13419075,13419075,0.0,1.0,tiingo_historical_seed,
2017-08-29,EFA,66.38,66.65,66.36,66.48,50.7105448374,50.916809482,50.6952659749,50.7869391502,11536905,11536905,0.0,1.0,tiingo_historical_seed,
2017-08-30,EFA,66.37,66.45,66.2847,66.39,50.7029054062,50.7640208564,50.6377410573,50.7181842687,10510516,10510516,0.0,1.0,tiingo_historical_seed,
2017-08-31,EFA,66.65,66.95,66.62,66.9,50.916809482,51.1459924204,50.8938911882,51.107795264,20277854,20277854,0.0,1.0,tiingo_historical_seed,
2017-09-01,EFA,67.15,67.17,66.95,66.99,51.298781046,51.3140599086,51.1459924204,51.1765501455,15541793,15541793,0.0,1.0,tiingo_historical_seed,
2017-09-05,EFA,66.82,66.93,66.325,66.54,51.0466798138,51.1307135578,50.6685279654,50.8327757379,18682342,18682342,0.0,1.0,tiingo_historical_seed,
2017-09-06,EFA,66.9,67.0975,66.82,66.95,51.107795264,51.2586740318,51.0466798138,51.1459924204,21335549,21335549,0.0,1.0,tiingo_historical_seed,
2017-09-07,EFA,67.5,67.53,67.33,67.5,51.5661611408,51.5890794346,51.436290809,51.5661611408,13847410,13847410,0.0,1.0,tiingo_historical_seed,
2017-09-08,EFA,67.66,67.6867,67.51,67.51,51.6883920413,51.7087893228,51.5738005721,51.5738005721,16168817,16168817,0.0,1.0,tiingo_historical_seed,
2017-09-11,EFA,67.96,68.16,67.95,68.04,51.9175749797,52.0703636053,51.9099355484,51.9786904299,19127344,19127344,0.0,1.0,tiingo_historical_seed,
2017-09-12,EFA,68.16,68.29,68.16,68.25,52.0703636053,52.1696762119,52.0703636053,52.1391184868,11803025,11803025,0.0,1.0,tiingo_historical_seed,
2017-09-13,EFA,68.11,68.15,67.8165,67.88,52.0321664489,52.062724174,51.8079491408,51.8564595295,14672788,14672788,0.0,1.0,tiingo_historical_seed,
2017-09-14,EFA,67.76,68.01,67.74,68.0,51.7647863541,51.9557721361,51.7495074915,51.9481327048,14862297,14862297,0.0,1.0,tiingo_historical_seed,
2017-09-15,EFA,68.06,68.1,67.94,68.06,51.9939692925,52.0245270176,51.9022961171,51.9939692925,16315460,16315460,0.0,1.0,tiingo_historical_seed,
2017-09-18,EFA,68.23,68.34,68.025,68.15,52.1238396243,52.2078733683,51.967231283,52.062724174,13594857,13594857,0.0,1.0,tiingo_historical_seed,
2017-09-19,EFA,68.43,68.49,68.295,68.47,52.2766282499,52.3224648375,52.1734959276,52.307185975,8877234,8877234,0.0,1.0,tiingo_historical_seed,
2017-09-20,EFA,68.49,68.71,68.004,68.32,52.3224648375,52.4905323257,51.9511884773,52.1925945058,15310031,15310031,0.0,1.0,tiingo_historical_seed,
2017-09-21,EFA,68.16,68.28,68.09,68.18,52.0703636053,52.1620367807,52.0168875863,52.0856424679,10250095,10250095,0.0,1.0,tiingo_historical_seed,
2017-09-22,EFA,68.38,68.5,68.3234,68.39,52.2384310935,52.3301042688,52.1951919124,52.2460705247,8442844,8442844,0.0,1.0,tiingo_historical_seed,
2017-09-25,EFA,68.11,68.27,67.87,68.0,52.0321664489,52.1543973494,51.8488200982,51.9481327048,13473887,13473887,0.0,1.0,tiingo_historical_seed,
2017-09-26,EFA,67.89,67.94,67.64,67.85,51.8640989607,51.9022961171,51.6731131787,51.8335412356,20026560,20026560,0.0,1.0,tiingo_historical_seed,
2017-09-27,EFA,67.76,67.995,67.72,67.9,51.7647863541,51.9443129892,51.734228629,51.871738392,17751778,17751778,0.0,1.0,tiingo_historical_seed,
2017-09-28,EFA,67.9,68.18,67.9,68.08,51.871738392,52.0856424679,51.871738392,52.0092481551,11703999,11703999,0.0,1.0,tiingo_historical_seed,
2017-09-29,EFA,68.21,68.55,68.11,68.48,52.1085607617,52.3683014252,52.0321664489,52.3148254063,24981424,24981424,0.0,1.0,tiingo_historical_seed,
2017-10-02,EFA,68.27,68.49,68.24,68.42,52.1543973494,52.3224648375,52.1314790555,52.2689888186,16475611,16475611,0.0,1.0,tiingo_historical_seed,
2017-10-03,EFA,68.46,68.66,68.43,68.65,52.2995465437,52.4523351693,52.2766282499,52.444695738,12073347,12073347,0.0,1.0,tiingo_historical_seed,
2017-10-04,EFA,68.47,68.59,68.4613,68.52,52.307185975,52.3988591503,52.3005396698,52.3453831314,12518569,12518569,0.0,1.0,tiingo_historical_seed,
2017-10-05,EFA,68.39,68.51,68.35,68.48,52.2460705247,52.3377437001,52.2155127996,52.3148254063,11871206,11871206,0.0,1.0,tiingo_historical_seed,
2017-10-06,EFA,68.17,68.44,68.14,68.43,52.0780030366,52.2842676811,52.0550847427,52.2766282499,16923310,16923310,0.0,1.0,tiingo_historical_seed,
2017-10-09,EFA,68.52,68.54,68.39,68.45,52.3453831314,52.3606619939,52.2460705247,52.2919071124,5155649,5155649,0.0,1.0,tiingo_historical_seed,
2017-10-10,EFA,68.85,69.11,68.79,69.1,52.5974843636,52.7961095769,52.5516477759,52.7884701456,16626738,16626738,0.0,1.0,tiingo_historical_seed,
2017-10-11,EFA,69.07,69.29,69.06,69.27,52.7655518518,52.93361934,52.7579124205,52.9183404774,16732420,16732420,0.0,1.0,tiingo_historical_seed,
2017-10-12,EFA,69.15,69.33,69.09,69.21,52.826667302,52.9641770651,52.7808307143,52.8725038897,10774094,10774094,0.0,1.0,tiingo_historical_seed,
2017-10-13,EFA,69.6,69.66,69.51,69.57,53.1704417096,53.2162782973,53.1016868281,53.1475234158,12928940,12928940,0.0,1.0,tiingo_historical_seed,
2017-10-16,EFA,69.57,69.62,69.465,69.52,53.1475234158,53.1857205722,53.0673093874,53.1093262594,8800647,8800647,0.0,1.0,tiingo_historical_seed,
2017-10-17,EFA,69.35,69.39,69.21,69.34,52.9794559276,53.0100136528,52.8725038897,52.9718164964,8287031,8287031,0.0,1.0,tiingo_historical_seed,
2017-10-18,EFA,69.45,69.57,69.365,69.54,53.0558502404,53.1475234158,52.9909150746,53.124605122,11793348,11793348,0.0,1.0,tiingo_historical_seed,
2017-10-19,EFA,69.23,69.43,69.19,69.43,52.8877827523,53.0405713779,52.8572250271,53.0405713779,10368293,10368293,0.0,1.0,tiingo_historical_seed,
2017-10-20,EFA,69.38,69.38,69.23,69.34,53.0023742215,53.0023742215,52.8877827523,52.9718164964,12636297,12636297,0.0,1.0,tiingo_historical_seed,
2017-10-23,EFA,69.37,69.3971,69.14,69.19,52.9947347902,53.015437649,52.8190278707,52.8572250271,8422226,8422226,0.0,1.0,tiingo_historical_seed,
2017-10-24,EFA,69.28,69.435,69.2,69.3,52.9259799087,53.0443910935,52.8648644584,52.9412587712,10586482,10586482,0.0,1.0,tiingo_historical_seed,
2017-10-25,EFA,69.27,69.31,68.77,69.03,52.9183404774,52.9488982025,52.5363689134,52.7349941267,11495505,11495505,0.0,1.0,tiingo_historical_seed,
2017-10-26,EFA,69.21,69.26,69.01,69.02,52.8725038897,52.9107010461,52.7197152641,52.7273546954,12355519,12355519,0.0,1.0,tiingo_historical_seed,
2017-10-27,EFA,68.98,69.2,68.885,69.18,52.6967969703,52.8648644584,52.6242223731,52.8495855959,18853789,18853789,0.0,1.0,tiingo_historical_seed,
2017-10-30,EFA,69.22,69.36,69.2,69.34,52.880143321,52.9870953589,52.8648644584,52.9718164964,14308493,14308493,0.0,1.0,tiingo_historical_seed,
2017-10-31,EFA,69.48,69.67,69.4,69.63,53.0787685343,53.2239177286,53.017653084,53.1933600035,24418400,24418400,0.0,1.0,tiingo_historical_seed,
2017-11-01,EFA,69.93,69.995,69.67,69.7,53.4225429419,53.4721992452,53.2239177286,53.2468360224,23674532,23674532,0.0,1.0,tiingo_historical_seed,
2017-11-02,EFA,69.65,69.91,69.625,69.91,53.208638866,53.4072640793,53.1895402878,53.4072640793,20430941,20430941,0.0,1.0,tiingo_historical_seed,
2017-11-03,EFA,69.8,69.8,69.56,69.8,53.3232303352,53.3232303352,53.1398839845,53.3232303352,14078690,14078690,0.0,1.0,tiingo_historical_seed,
2017-11-06,EFA,69.61,69.915,69.6,69.9,53.1780811409,53.411083795,53.1704417096,53.399624648,11959012,11959012,0.0,1.0,tiingo_historical_seed,
2017-11-07,EFA,69.77,69.855,69.46,69.64,53.3003120414,53.3652472073,53.0634896717,53.2009994348,13024198,13024198,0.0,1.0,tiingo_historical_seed,
2017-11-08,EFA,69.75,69.98,69.71,69.87,53.2850331788,53.4607400983,53.2544754537,53.3767063542,15303200,15303200,0.0,1.0,tiingo_historical_seed,
2017-11-09,EFA,69.29,69.5,69.04,69.47,52.93361934,53.0940473968,52.7426335579,53.071129103,22576983,22576983,0.0,1.0,tiingo_historical_seed,
2017-11-10,EFA,69.24,69.36,69.13,69.28,52.8954221836,52.9870953589,52.8113884395,52.9259799087,11070803,11070803,0.0,1.0,tiingo_historical_seed,
2017-11-13,EFA,68.59,69.02,68.58,68.99,52.3988591503,52.7273546954,52.3912197191,52.7044364015,13605167,13605167,0.0,1.0,tiingo_historical_seed,
2017-11-14,EFA,68.86,68.99,68.7,68.94,52.6051237949,52.7044364015,52.4828928944,52.6662392451,13850146,13850146,0.0,1.0,tiingo_historical_seed,
2017-11-15,EFA,68.37,68.68,68.28,68.61,52.2307916622,52.4676140319,52.1620367807,52.4141380129,18547272,18547272,0.0,1.0,tiingo_historical_seed,
2017-11-16,EFA,69.05,69.24,68.97,69.16,52.7502729892,52.8954221836,52.689157539,52.8343067333,17372496,17372496,0.0,1.0,tiingo_historical_seed,
2017-11-17,EFA,68.97,69.03,68.84,68.91,52.689157539,52.7349941267,52.5898449323,52.6433209513,24773188,24773188,0.0,1.0,tiingo_historical_seed,
2017-11-20,EFA,69.13,69.27,69.06,69.06,52.8113884395,52.9183404774,52.7579124205,52.7579124205,20689551,20689551,0.0,1.0,tiingo_historical_seed,
2017-11-21,EFA,69.53,69.67,69.49,69.58,53.1169656907,53.2239177286,53.0864079656,53.1551628471,17104787,17104787,0.0,1.0,tiingo_historical_seed,
2017-11-22,EFA,69.87,69.92,69.55,69.77,53.3767063542,53.4149035106,53.1322445532,53.3003120414,17943170,17943170,0.0,1.0,tiingo_historical_seed,
2017-11-24,EFA,70.35,70.39,70.25,70.34,53.7433990556,53.7739567808,53.6670047428,53.7357596244,11732286,11732286,0.0,1.0,tiingo_historical_seed,
2017-11-27,EFA,70.2,70.26,69.92,69.92,53.6288075864,53.6746441741,53.4149035106,53.4149035106,17066473,17066473,0.0,1.0,tiingo_historical_seed,
2017-11-28,EFA,70.14,70.34,70.01,70.32,53.5829709988,53.7357596244,53.4836583921,53.7204807618,19169402,19169402,0.0,1.0,tiingo_historical_seed,
2017-11-29,EFA,70.37,70.43,69.94,70.04,53.7586779182,53.8045145059,53.4301823732,53.506576686,19328349,19328349,0.0,1.0,tiingo_historical_seed,
2017-11-30,EFA,70.33,70.41,70.05,70.11,53.7281201931,53.7892356433,53.5142161172,53.5600527049,24443366,24443366,0.0,1.0,tiingo_historical_seed,
2017-12-01,EFA,69.76,70.01,69.48,69.83,53.2926726101,53.4836583921,53.0787685343,53.3461486291,33370410,33370410,0.0,1.0,tiingo_historical_seed,
2017-12-04,EFA,69.99,69.99,69.57,69.58,53.4683795296,53.4683795296,53.1475234158,53.1551628471,19355522,19355522,0.0,1.0,tiingo_historical_seed,
2017-12-05,EFA,69.61,69.74,69.42,69.43,53.1780811409,53.2773937476,53.0329319466,53.0405713779,15853661,15853661,0.0,1.0,tiingo_historical_seed,
2017-12-06,EFA,69.21,69.43,69.18,69.29,52.8725038897,53.0405713779,52.8495855959,52.93361934,12481602,12481602,0.0,1.0,tiingo_historical_seed,
2017-12-07,EFA,69.32,69.64,69.27,69.47,52.9565376338,53.2009994348,52.9183404774,53.071129103,16966051,16966051,0.0,1.0,tiingo_historical_seed,
2017-12-08,EFA,69.79,69.88,69.63,69.84,53.315590904,53.3843457855,53.1933600035,53.3537880604,19106829,19106829,0.0,1.0,tiingo_historical_seed,
2017-12-11,EFA,69.98,70.04,69.88,70.02,53.4607400983,53.506576686,53.3843457855,53.4912978234,20038629,20038629,0.0,1.0,tiingo_historical_seed,
2017-12-12,EFA,70.11,70.17,69.91,70.11,53.5600527049,53.6058892926,53.4072640793,53.5600527049,16514652,16514652,0.0,1.0,tiingo_historical_seed,
2017-12-13,EFA,70.22,70.51,70.17,70.38,53.644086449,53.8656299561,53.6058892926,53.7663173495,25920514,25920514,0.0,1.0,tiingo_historical_seed,
2017-12-14,EFA,70.33,70.36,69.95,69.99,53.7281201931,53.7510384869,53.4378218044,53.4683795296,27424619,27424619,0.0,1.0,tiingo_historical_seed,
2017-12-15,EFA,69.92,70.07,69.76,69.97,53.4149035106,53.5294949798,53.2926726101,53.453100667,32906891,32906891,0.0,1.0,tiingo_historical_seed,
2017-12-18,EFA,70.72,70.96,70.7,70.8,54.026058013,54.2094043637,54.0107791504,54.0871734632,38998500,38998500,0.0,1.0,tiingo_historical_seed,
2017-12-19,EFA,69.95,69.98,69.69,69.8,54.0063190764,54.0294811861,53.8055807925,53.890508528,37373677,37373677,0.742566,1.0,tiingo_historical_seed,
2017-12-20,EFA,69.87,69.91,69.63,69.68,53.9445534506,53.9754362635,53.7592565732,53.7978600893,18729481,18729481,0.0,1.0,tiingo_historical_seed,
2017-12-21,EFA,69.77,70.11,69.75,69.93,53.8673464183,54.1298503281,53.8519050119,53.99087767,22930017,22930017,0.0,1.0,tiingo_historical_seed,
2017-12-22,EFA,69.9,70.12,69.86,70.11,53.9677155603,54.1375710313,53.9368327474,54.1298503281,18766958,18766958,0.0,1.0,tiingo_historical_seed,
2017-12-26,EFA,69.98,70.17,69.92,70.09,54.0294811861,54.1761745475,53.9831569668,54.1144089216,15994967,15994967,0.0,1.0,tiingo_historical_seed,
2017-12-27,EFA,70.19,70.33,70.1,70.22,54.1916159539,54.2997057991,54.1221296249,54.2147780636,19835388,19835388,0.0,1.0,tiingo_historical_seed,
2017-12-28,EFA,70.4,70.46,70.22,70.26,54.3537507217,54.400074941,54.2147780636,54.2456608765,20811237,20811237,0.0,1.0,tiingo_historical_seed,
2017-12-29,EFA,70.57,70.58,70.26,70.31,54.4850026766,54.4927233798,54.2456608765,54.2842643926,16214680,16214680,0.0,1.0,tiingo_historical_seed,
2018-01-02,EFA,70.53,70.85,70.42,70.83,54.4541198636,54.7011823669,54.3691921281,54.6857409605,26529992,26529992,0.0,1.0,tiingo_historical_seed,
2018-01-03,EFA,70.89,71.26,70.85,71.17,54.7320651798,55.0177311992,54.7011823669,54.9482448702,33384936,33384936,0.0,1.0,tiingo_historical_seed,
2018-01-04,EFA,71.86,72.06,71.81,71.95,55.4809733929,55.6353874575,55.4423698768,55.5504597219,23974373,23974373,0.0,1.0,tiingo_historical_seed,
2018-01-05,EFA,72.15,72.4,72.07,72.35,55.7048737865,55.8978913672,55.6431081607,55.859287851,17483753,17483753,0.0,1.0,tiingo_historical_seed,
2018-01-08,EFA,72.26,72.35,72.18,72.33,55.789801522,55.859287851,55.7280358962,55.8438464446,21733708,21733708,0.0,1.0,tiingo_historical_seed,
2018-01-09,EFA,72.34,72.44,72.12,72.41,55.8515671478,55.9287741801,55.6817116768,55.9056120704,19138901,19138901,0.0,1.0,tiingo_historical_seed,
2018-01-10,EFA,72.42,72.45,72.22,72.27,55.9133327736,55.9364948833,55.7589187091,55.7975222252,18118856,18118856,0.0,1.0,tiingo_historical_seed,
2018-01-11,EFA,72.47,72.78,72.41,72.77,55.9519362898,56.1912780898,55.9056120704,56.1835573866,17314444,17314444,0.0,1.0,tiingo_historical_seed,
2018-01-12,EFA,73.03,73.51,72.96,73.5,56.3842956705,56.7548894254,56.3302507479,56.7471687222,22694326,22694326,0.0,1.0,tiingo_historical_seed,
2018-01-16,EFA,73.71,73.84,73.34,73.43,56.90930349,57.0096726319,56.6236374706,56.6931237996,24617807,24617807,0.0,1.0,tiingo_historical_seed,
2018-01-17,EFA,73.63,74.08,73.47,73.81,56.8475378642,57.1949695094,56.7240066125,56.9865105223,21424439,21424439,0.0,1.0,tiingo_historical_seed,
2018-01-18,EFA,73.61,73.8,73.49,73.72,56.8320964577,56.978789819,56.739448019,56.9170241932,19094624,19094624,0.0,1.0,tiingo_historical_seed,
2018-01-19,EFA,74.09,74.14,73.86,74.13,57.2026902126,57.2412937288,57.0251140384,57.2335730255,19622645,19622645,0.0,1.0,tiingo_historical_seed,
2018-01-22,EFA,74.19,74.54,74.15,74.51,57.2798972449,57.5501218579,57.249014432,57.5269597482,14992542,14992542,0.0,1.0,tiingo_historical_seed,
2018-01-23,EFA,74.6,74.8,74.51,74.75,57.5964460772,57.7508601418,57.5269597482,57.7122566257,15575396,15575396,0.0,1.0,tiingo_historical_seed,
2018-01-24,EFA,75.16,75.23,74.63,74.88,58.028805458,58.0828503806,57.6196081869,57.8126257676,24383778,24383778,0.0,1.0,tiingo_historical_seed,
2018-01-25,EFA,75.18,75.21,74.44,74.59,58.0442468644,58.0674089741,57.4729148256,57.588725374,23272536,23272536,0.0,1.0,tiingo_historical_seed,
2018-01-26,EFA,74.98,75.27,74.93,75.25,57.8898327999,58.1137331935,57.8512292837,58.098291787,19192557,19192557,0.0,1.0,tiingo_historical_seed,
2018-01-29,EFA,74.65,74.72,74.42,74.56,57.6350495934,57.689094516,57.4574734191,57.5655632643,26906718,26906718,0.0,1.0,tiingo_historical_seed,
2018-01-30,EFA,74.32,74.37,73.85,73.94,57.3802663869,57.418869903,57.0173933352,57.0868796642,113986310,113986310,0.0,1.0,tiingo_historical_seed,
2018-01-31,EFA,74.19,74.23,73.71,73.84,57.2798972449,57.3107800578,56.90930349,57.0096726319,38900614,38900614,0.0,1.0,tiingo_historical_seed,
2018-02-01,EFA,73.72,74.19,73.68,74.05,56.9170241932,57.2798972449,56.8861413803,57.1718073997,30876230,30876230,0.0,1.0,tiingo_historical_seed,
2018-02-02,EFA,73.33,73.33,72.47,72.55,56.6159167673,56.6159167673,55.9519362898,56.0137019156,36590576,36590576,0.0,1.0,tiingo_historical_seed,
2018-02-05,EFA,71.64,71.97,69.31,69.51,55.3111179219,55.5659011284,53.5121940699,53.6666081344,78968009,78968009,0.0,1.0,tiingo_historical_seed,
2018-02-06,EFA,69.42,71.07,69.26,70.88,53.5971218054,54.8710378379,53.4735905537,54.7243444766,84302342,84302342,0.0,1.0,tiingo_historical_seed,
2018-02-07,EFA,70.25,70.86,69.99,70.13,54.2379401733,54.7089030701,54.0372018894,54.1452917345,44411259,44411259,0.0,1.0,tiingo_historical_seed,
2018-02-08,EFA,70.17,70.2,68.28,68.3,54.1761745475,54.1993366571,52.7169616375,52.7324030439,59223566,59223566,0.0,1.0,tiingo_historical_seed,
2018-02-09,EFA,68.75,68.96,66.89,68.59,53.0798346891,53.2419694569,51.6437838888,52.9563034375,67466845,67466845,0.0,1.0,tiingo_historical_seed,
2018-02-12,EFA,69.1,69.78,68.88,69.64,53.3500593021,53.8750671216,53.1802038311,53.7669772764,37528567,37528567,0.0,1.0,tiingo_historical_seed,
2018-02-13,EFA,69.09,69.5,69.07,69.43,53.3423385989,53.6588874312,53.3268971924,53.6048425086,20574279,20574279,0.0,1.0,tiingo_historical_seed,
2018-02-14,EFA,69.01,70.7,68.98,70.66,53.2805729731,54.5853718185,53.2574108634,54.5544890056,31475383,31475383,0.0,1.0,tiingo_historical_seed,
2018-02-15,EFA,71.06,71.21,70.51,71.1,54.8633171347,54.9791276831,54.4386784572,54.8941999476,31600579,31600579,0.0,1.0,tiingo_historical_seed,
2018-02-16,EFA,71.21,71.72,71.18,71.42,54.9791276831,55.3728835477,54.9559655734,55.1412624509,23606384,23606384,0.0,1.0,tiingo_historical_seed,
2018-02-20,EFA,70.88,71.2,70.58,70.75,54.7243444766,54.9714069799,54.4927233798,54.6239753346,25286922,25286922,0.0,1.0,tiingo_historical_seed,
2018-02-21,EFA,70.95,71.4,70.38,70.41,54.7783893992,55.1258210444,54.3383093152,54.3614714249,30247654,30247654,0.0,1.0,tiingo_historical_seed,
2018-02-22,EFA,70.71,71.1,70.54,70.78,54.5930925217,54.8941999476,54.4618405669,54.6471374443,20536966,20536966,0.0,1.0,tiingo_historical_seed,
2018-02-23,EFA,71.04,71.43,70.9,71.34,54.8478757282,55.1489831541,54.7397858831,55.0794968251,30298489,30298489,0.0,1.0,tiingo_historical_seed,
2018-02-26,EFA,71.64,72.03,71.39,72.01,55.3111179219,55.6122253478,55.1181003412,55.5967839413,21007211,21007211,0.0,1.0,tiingo_historical_seed,
2018-02-27,EFA,71.56,71.64,70.9,70.94,55.2493522961,55.3111179219,54.7397858831,54.770668696,22449349,22449349,0.0,1.0,tiingo_historical_seed,
2018-02-28,EFA,71.04,71.08,70.17,70.27,54.8478757282,54.8787585412,54.1761745475,54.2533815797,31642523,31642523,0.0,1.0,tiingo_historical_seed,
2018-03-01,EFA,69.7,70.04,68.75,69.09,53.8133014958,54.0758054055,53.0798346891,53.3423385989,51282069,51282069,0.0,1.0,tiingo_historical_seed,
2018-03-02,EFA,68.85,69.44,68.57,69.42,53.1570417214,53.6125632118,52.940862031,53.5971218054,35511970,35511970,0.0,1.0,tiingo_historical_seed,
2018-03-05,EFA,68.91,69.84,68.89,69.79,53.2033659408,53.9213913409,53.1879245343,53.8827878248,18968483,18968483,0.0,1.0,tiingo_historical_seed,
2018-03-06,EFA,70.35,70.39,70.01,70.2,54.3151472055,54.3460300185,54.0526432958,54.1993366571,20996892,20996892,0.0,1.0,tiingo_historical_seed,
2018-03-07,EFA,69.86,70.22,69.66,70.18,53.9368327474,54.2147780636,53.7824186828,54.1838952507,14492527,14492527,0.0,1.0,tiingo_historical_seed,
2018-03-08,EFA,70.38,70.49,70.1,70.33,54.3383093152,54.4232370507,54.1221296249,54.2997057991,14883283,14883283,0.0,1.0,tiingo_historical_seed,
2018-03-09,EFA,70.43,70.79,70.32,70.78,54.3769128314,54.6548581476,54.2919850959,54.6471374443,17319768,17319768,0.0,1.0,tiingo_historical_seed,
2018-03-12,EFA,70.86,71.01,70.71,70.86,54.7089030701,54.8247136186,54.5930925217,54.7089030701,12801274,12801274,0.0,1.0,tiingo_historical_seed,
2018-03-13,EFA,71.1,71.15,70.26,70.39,54.8941999476,54.9328034637,54.2456608765,54.3460300185,19138072,19138072,0.0,1.0,tiingo_historical_seed,
2018-03-14,EFA,70.93,70.98,70.31,70.56,54.7629479927,54.8015515089,54.2842643926,54.4772819733,13670766,13670766,0.0,1.0,tiingo_historical_seed,
2018-03-15,EFA,70.56,70.85,70.4,70.52,54.4772819733,54.7011823669,54.3537507217,54.4463991604,21712280,21712280,0.0,1.0,tiingo_historical_seed,
2018-03-16,EFA,70.39,70.66,70.36,70.47,54.3460300185,54.5544890056,54.3228679088,54.4077956443,16119949,16119949,0.0,1.0,tiingo_historical_seed,
2018-03-19,EFA,70.21,70.22,69.53,69.9,54.2070573604,54.2147780636,53.6820495409,53.9677155603,24159672,24159672,0.0,1.0,tiingo_historical_seed,
2018-03-20,EFA,69.82,70.04,69.72,69.89,53.9059499345,54.0758054055,53.8287429022,53.9599948571,20578759,20578759,0.0,1.0,tiingo_historical_seed,
2018-03-21,EFA,69.78,70.28,69.71,70.0,53.8750671216,54.261102283,53.821022199,54.0449225926,17479256,17479256,0.0,1.0,tiingo_historical_seed,
2018-03-22,EFA,69.29,69.44,68.68,68.7,53.4967526634,53.6125632118,53.0257897666,53.041231173,42084346,42084346,0.0,1.0,tiingo_historical_seed,
2018-03-23,EFA,68.82,68.92,67.91,67.94,53.1338796117,53.211086644,52.431295618,52.4544577277,44983166,44983166,0.0,1.0,tiingo_historical_seed,
2018-03-26,EFA,68.98,69.21,68.29,69.16,53.2574108634,53.4349870376,52.7246823407,53.3963835215,31279031,31279031,0.0,1.0,tiingo_historical_seed,
2018-03-27,EFA,69.5,69.57,68.39,68.65,53.6588874312,53.7129323538,52.801889373,53.0026276569,36493865,36493865,0.0,1.0,tiingo_historical_seed,
2018-03-28,EFA,69.08,69.56,68.78,69.05,53.3346178957,53.7052116506,53.1029967988,53.311455786,35737550,35737550,0.0,1.0,tiingo_historical_seed,
2018-03-29,EFA,69.55,69.98,69.37,69.68,53.6974909473,54.0294811861,53.5585182892,53.7978600893,36715604,36715604,0.0,1.0,tiingo_historical_seed,
2018-04-02,EFA,69.41,69.58,68.25,68.72,53.5894011022,53.720653057,52.6937995278,53.0566725795,52362541,52362541,0.0,1.0,tiingo_historical_seed,
2018-04-03,EFA,69.09,69.26,68.74,69.16,53.3423385989,53.4735905537,53.0721139859,53.3963835215,30413618,30413618,0.0,1.0,tiingo_historical_seed,
2018-04-04,EFA,68.35,69.43,68.32,69.4,52.77100656,53.6048425086,52.7478444504,53.5816803989,26041496,26041496,0.0,1.0,tiingo_historical_seed,
2018-04-05,EFA,69.73,70.05,69.69,69.86,53.8364636054,54.0835261087,53.8055807925,53.9368327474,22625800,22625800,0.0,1.0,tiingo_historical_seed,
2018-04-06,EFA,69.81,70.06,69.17,69.4,53.8982292313,54.0912468119,53.4041042247,53.5816803989,24999581,24999581,0.0,1.0,tiingo_historical_seed,
2018-04-09,EFA,70.07,70.44,69.86,69.97,54.0989675152,54.3846335346,53.9368327474,54.0217604829,18498732,18498732,0.0,1.0,tiingo_historical_seed,
2018-04-10,EFA,70.67,70.89,70.52,70.72,54.5622097088,54.7320651798,54.4463991604,54.600813225,20848831,20848831,0.0,1.0,tiingo_historical_seed,
2018-04-11,EFA,70.57,70.86,70.4,70.45,54.4850026766,54.7089030701,54.3537507217,54.3923542378,21099104,21099104,0.0,1.0,tiingo_historical_seed,
2018-04-12,EFA,70.54,70.82,70.5,70.72,54.4618405669,54.6780202572,54.430957754,54.600813225,18012495,18012495,0.0,1.0,tiingo_historical_seed,
2018-04-13,EFA,70.96,70.97,70.55,70.79,54.7861101024,54.7938308057,54.4695612701,54.6548581476,14515420,14515420,0.0,1.0,tiingo_historical_seed,
2018-04-16,EFA,70.97,71.0,70.74,70.9,54.7938308057,54.8169929153,54.6162546314,54.7397858831,15678331,15678331,0.0,1.0,tiingo_historical_seed,
2018-04-17,EFA,71.03,71.36,70.96,71.22,54.840155025,55.0949382315,54.7861101024,54.9868483863,17545570,17545570,0.0,1.0,tiingo_historical_seed,
2018-04-18,EFA,71.52,71.69,71.45,71.59,55.2184694832,55.349721438,55.1644245606,55.2725144058,17035128,17035128,0.0,1.0,tiingo_historical_seed,
2018-04-19,EFA,71.51,71.61,71.11,71.32,55.2107487799,55.2879558122,54.9019206508,55.0640554186,20004013,20004013,0.0,1.0,tiingo_historical_seed,
2018-04-20,EFA,71.09,71.15,70.91,71.05,54.8864792444,54.9328034637,54.7475065863,54.8555964315,27586544,27586544,0.0,1.0,tiingo_historical_seed,
2018-04-23,EFA,70.99,71.07,70.77,70.96,54.8092722121,54.8710378379,54.6394167411,54.7861101024,17695968,17695968,0.0,1.0,tiingo_historical_seed,
2018-04-24,EFA,71.09,71.18,70.46,70.67,54.8864792444,54.9559655734,54.400074941,54.5622097088,22013447,22013447,0.0,1.0,tiingo_historical_seed,
2018-04-25,EFA,70.41,70.64,70.19,70.55,54.3614714249,54.5390475991,54.1916159539,54.4695612701,18280745,18280745,0.0,1.0,tiingo_historical_seed,
2018-04-26,EFA,70.9,71.01,70.72,70.9,54.7397858831,54.8247136186,54.600813225,54.7397858831,23697683,23697683,0.0,1.0,tiingo_historical_seed,
2018-04-27,EFA,70.88,71.05,70.69,70.97,54.7243444766,54.8555964315,54.5776511153,54.7938308057,15395441,15395441,0.0,1.0,tiingo_historical_seed,
2018-04-30,EFA,70.89,71.14,70.69,70.74,54.7320651798,54.9250827605,54.5776511153,54.6162546314,21883668,21883668,0.0,1.0,tiingo_historical_seed,
2018-05-01,EFA,70.66,70.72,70.17,70.49,54.5544890056,54.600813225,54.1761745475,54.4232370507,17308048,17308048,0.0,1.0,tiingo_historical_seed,
2018-05-02,EFA,70.85,70.94,70.41,70.46,54.7011823669,54.770668696,54.3614714249,54.400074941,16409407,16409407,0.0,1.0,tiingo_historical_seed,
2018-05-03,EFA,70.58,70.77,70.05,70.68,54.4927233798,54.6394167411,54.0835261087,54.5699304121,19854628,19854628,0.0,1.0,tiingo_historical_seed,
2018-05-04,EFA,70.17,71.0,70.13,70.93,54.1761745475,54.8169929153,54.1452917345,54.7629479927,17022636,17022636,0.0,1.0,tiingo_historical_seed,
2018-05-07,EFA,70.88,71.12,70.81,70.94,54.7243444766,54.9096413541,54.670299554,54.770668696,8172574,8172574,0.0,1.0,tiingo_historical_seed,
2018-05-08,EFA,70.69,70.95,70.56,70.95,54.5776511153,54.7783893992,54.4772819733,54.7783893992,12400326,12400326,0.0,1.0,tiingo_historical_seed,
2018-05-09,EFA,70.85,71.2,70.79,71.12,54.7011823669,54.9714069799,54.6548581476,54.9096413541,15413975,15413975,0.0,1.0,tiingo_historical_seed,
2018-05-10,EFA,71.34,71.58,71.21,71.58,55.0794968251,55.2647937025,54.9791276831,55.2647937025,18107471,18107471,0.0,1.0,tiingo_historical_seed,
2018-05-11,EFA,71.8,71.91,71.68,71.77,55.4346491735,55.519576909,55.3420007348,55.4114870639,19083745,19083745,0.0,1.0,tiingo_historical_seed,
2018-05-14,EFA,72.03,72.1,71.82,71.9,55.6122253478,55.6662702704,55.45009058,55.5118562058,17790296,17790296,0.0,1.0,tiingo_historical_seed,
2018-05-15,EFA,71.28,71.52,71.1,71.38,55.0331726057,55.2184694832,54.8941999476,55.110379638,18330067,18330067,0.0,1.0,tiingo_historical_seed,
2018-05-16,EFA,71.31,71.53,71.23,71.48,55.0563347154,55.2261901864,54.9945690896,55.1875866703,13758303,13758303,0.0,1.0,tiingo_historical_seed,
2018-05-17,EFA,71.51,71.71,71.39,71.59,55.2107487799,55.3651628445,55.1181003412,55.2725144058,16191282,16191282,0.0,1.0,tiingo_historical_seed,
2018-05-18,EFA,71.38,71.45,71.23,71.33,55.110379638,55.1644245606,54.9945690896,55.0717761218,21815647,21815647,0.0,1.0,tiingo_historical_seed,
2018-05-21,EFA,71.69,71.78,71.6,71.78,55.349721438,55.4192077671,55.280235109,55.4192077671,13441669,13441669,0.0,1.0,tiingo_historical_seed,
2018-05-22,EFA,71.88,71.94,71.61,71.69,55.4964147994,55.5427390187,55.2879558122,55.349721438,12897918,12897918,0.0,1.0,tiingo_historical_seed,
2018-05-23,EFA,70.78,70.92,70.56,70.9,54.6471374443,54.7552272895,54.4772819733,54.7397858831,23332561,23332561,0.0,1.0,tiingo_historical_seed,
2018-05-24,EFA,70.78,70.81,70.21,70.68,54.6471374443,54.670299554,54.2070573604,54.5699304121,21542435,21542435,0.0,1.0,tiingo_historical_seed,
2018-05-25,EFA,70.17,70.32,70.03,70.22,54.1761745475,54.2919850959,54.0680847023,54.2147780636,17225694,17225694,0.0,1.0,tiingo_historical_seed,
2018-05-29,EFA,69.14,69.38,68.53,68.79,53.380942115,53.5662389925,52.9099792181,53.1107175021,57008867,57008867,0.0,1.0,tiingo_historical_seed,
2018-05-30,EFA,69.38,69.89,69.19,69.84,53.5662389925,53.9599948571,53.4195456312,53.9213913409,25531868,25531868,0.0,1.0,tiingo_historical_seed,
2018-05-31,EFA,69.63,69.7,69.11,69.4,53.7592565732,53.8133014958,53.3577800053,53.5816803989,47992829,47992829,0.0,1.0,tiingo_historical_seed,
2018-06-01,EFA,69.92,70.02,69.64,70.0,53.9831569668,54.060363999,53.7669772764,54.0449225926,39232571,39232571,0.0,1.0,tiingo_historical_seed,
2018-06-04,EFA,70.46,70.54,70.18,70.21,54.400074941,54.4618405669,54.1838952507,54.2070573604,18561876,18561876,0.0,1.0,tiingo_historical_seed,
2018-06-05,EFA,70.22,70.25,69.92,70.1,54.2147780636,54.2379401733,53.9831569668,54.1221296249,16641015,16641015,0.0,1.0,tiingo_historical_seed,
2018-06-06,EFA,70.35,70.73,70.18,70.73,54.3151472055,54.6085339282,54.1838952507,54.6085339282,25445408,25445408,0.0,1.0,tiingo_historical_seed,
2018-06-07,EFA,70.79,70.82,70.2,70.33,54.6548581476,54.6780202572,54.1993366571,54.2997057991,25976995,25976995,0.0,1.0,tiingo_historical_seed,
2018-06-08,EFA,70.27,70.5,70.09,70.41,54.2533815797,54.430957754,54.1144089216,54.3614714249,23206326,23206326,0.0,1.0,tiingo_historical_seed,
2018-06-11,EFA,70.67,71.03,70.61,70.86,54.5622097088,54.840155025,54.5158854895,54.7089030701,26145054,26145054,0.0,1.0,tiingo_historical_seed,
2018-06-12,EFA,70.72,70.76,70.35,70.41,54.600813225,54.6316960379,54.3151472055,54.3614714249,22706283,22706283,0.0,1.0,tiingo_historical_seed,
2018-06-13,EFA,70.64,70.71,70.22,70.51,54.5390475991,54.5930925217,54.2147780636,54.4386784572,20486698,20486698,0.0,1.0,tiingo_historical_seed,
2018-06-14,EFA,70.51,70.72,70.32,70.36,54.4386784572,54.600813225,54.2919850959,54.3228679088,24099035,24099035,0.0,1.0,tiingo_historical_seed,
2018-06-15,EFA,70.03,70.04,69.73,70.0,54.0680847023,54.0758054055,53.8364636054,54.0449225926,31433545,31433545,0.0,1.0,tiingo_historical_seed,
2018-06-18,EFA,69.23,69.52,69.14,69.5,53.4504284441,53.6743288377,53.380942115,53.6588874312,30778479,30778479,0.0,1.0,tiingo_historical_seed,
2018-06-19,EFA,67.16,67.57,67.06,67.52,52.8917037163,53.2145982744,52.812948946,53.1752208892,30397648,30397648,1.353546,1.0,tiingo_historical_seed,
2018-06-20,EFA,67.78,67.83,67.4,67.57,53.379983292,53.4193606771,53.0807151649,53.2145982744,38687268,38687268,0.0,1.0,tiingo_historical_seed,
2018-06-21,EFA,67.39,67.39,67.02,67.09,53.0728396879,53.0728396879,52.7814470379,52.8365753771,23793401,23793401,0.0,1.0,tiingo_historical_seed,
2018-06-22,EFA,67.95,68.13,67.66,67.8,53.5138664014,53.6556249879,53.2854775676,53.395734246,27041408,27041408,0.0,1.0,tiingo_historical_seed,
2018-06-25,EFA,67.32,67.39,66.68,66.86,53.0177113487,53.0728396879,52.5136808189,52.6554394054,39388306,39388306,0.0,1.0,tiingo_historical_seed,
2018-06-26,EFA,67.08,67.11,66.71,66.98,52.8286999,52.8523263311,52.53730725,52.7499451298,23117581,23117581,0.0,1.0,tiingo_historical_seed,
2018-06-27,EFA,67.04,67.3,66.32,66.35,52.7971979919,53.0019603946,52.2301636459,52.253790077,29616821,29616821,0.0,1.0,tiingo_historical_seed,
2018-06-28,EFA,66.33,66.68,66.19,66.6,52.238039123,52.5136808189,52.1277824446,52.4506770027,21384787,21384787,0.0,1.0,tiingo_historical_seed,
2018-06-29,EFA,67.12,67.37,66.91,66.97,52.8602018081,53.0570887338,52.6948167906,52.7420696527,32031529,32031529,0.0,1.0,tiingo_historical_seed,
2018-07-02,EFA,66.02,66.43,66.0,66.36,51.9938993351,52.3167938932,51.9781483811,52.2616655541,39167936,39167936,0.0,1.0,tiingo_historical_seed,
2018-07-03,EFA,66.89,66.99,66.53,66.56,52.6790658365,52.7578206068,52.3955486635,52.4191750946,14919876,14919876,0.0,1.0,tiingo_historical_seed,
2018-07-05,EFA,67.17,67.27,66.97,67.22,52.8995791933,52.9783339636,52.7420696527,52.9389565784,18593192,18593192,0.0,1.0,tiingo_historical_seed,
2018-07-06,EFA,67.31,67.72,67.24,67.58,53.0098358717,53.3327304298,52.9547075325,53.2224737514,16641649,16641649,0.0,1.0,tiingo_historical_seed,
2018-07-09,EFA,68.12,68.25,67.95,68.23,53.6477495109,53.7501307122,53.5138664014,53.7343797582,20682104,20682104,0.0,1.0,tiingo_historical_seed,
2018-07-10,EFA,68.11,68.27,68.07,68.2,53.6398740339,53.7658816663,53.6083721257,53.7107533271,18981600,18981600,0.0,1.0,tiingo_historical_seed,
2018-07-11,EFA,67.43,67.61,66.86,67.06,53.104341596,53.2461001825,52.6554394054,52.812948946,30172389,30172389,0.0,1.0,tiingo_historical_seed,
2018-07-12,EFA,67.42,67.65,67.3,67.58,53.096466119,53.2776020906,53.0019603946,53.2224737514,18810643,18810643,0.0,1.0,tiingo_historical_seed,
2018-07-13,EFA,67.61,67.82,67.47,67.79,53.2461001825,53.4114852001,53.1358435041,53.387858769,17206905,17206905,0.0,1.0,tiingo_historical_seed,
2018-07-16,EFA,67.77,67.86,67.65,67.76,53.3721078149,53.4429871082,53.2776020906,53.3642323379,15422209,15422209,0.0,1.0,tiingo_historical_seed,
2018-07-17,EFA,67.58,67.96,67.54,67.88,53.2224737514,53.5217418784,53.1909718433,53.4587380622,16964992,16964992,0.0,1.0,tiingo_historical_seed,
2018-07-18,EFA,67.83,68.04,67.72,67.89,53.4193606771,53.5847456947,53.3327304298,53.4666135393,13712354,13712354,0.0,1.0,tiingo_historical_seed,
2018-07-19,EFA,67.54,67.88,67.47,67.75,53.1909718433,53.4587380622,53.1358435041,53.3563568609,26316460,26316460,0.0,1.0,tiingo_historical_seed,
2018-07-20,EFA,67.77,68.18,67.76,68.07,53.3721078149,53.695002373,53.3642323379,53.6083721257,28610209,28610209,0.0,1.0,tiingo_historical_seed,
2018-07-23,EFA,68.07,68.14,67.94,68.07,53.6083721257,53.6635004649,53.5059909244,53.6083721257,10192957,10192957,0.0,1.0,tiingo_historical_seed,
2018-07-24,EFA,68.64,68.8,68.36,68.47,54.0572743163,54.1832819487,53.8367609595,53.9233912068,17645517,17645517,0.0,1.0,tiingo_historical_seed,
2018-07-25,EFA,68.46,69.09,68.24,68.98,53.9155157298,54.4116707825,53.7422552352,54.3250405352,29699151,29699151,0.0,1.0,tiingo_historical_seed,
2018-07-26,EFA,68.72,68.85,68.6,68.67,54.1202781325,54.2226593339,54.0257724082,54.0809007474,23009389,23009389,0.0,1.0,tiingo_historical_seed,
2018-07-27,EFA,68.97,69.11,68.73,68.8,54.3171650582,54.4274217366,54.1281536096,54.1832819487,28911759,28911759,0.0,1.0,tiingo_historical_seed,
2018-07-30,EFA,69.04,69.09,68.77,68.79,54.3722933974,54.4116707825,54.1596555177,54.1754064717,17630558,17630558,0.0,1.0,tiingo_historical_seed,
2018-07-31,EFA,69.04,69.1,68.75,68.88,54.3722933974,54.4195462596,54.1439045636,54.246285765,25087543,25087543,0.0,1.0,tiingo_historical_seed,
2018-08-01,EFA,68.77,68.8,68.44,68.53,54.1596555177,54.1832819487,53.8997647758,53.970644069,25402711,25402711,0.0,1.0,tiingo_historical_seed,
2018-08-02,EFA,67.79,68.08,67.72,68.08,53.387858769,53.6162476028,53.3327304298,53.6162476028,24343205,24343205,0.0,1.0,tiingo_historical_seed,
2018-08-03,EFA,67.82,68.15,67.78,68.12,53.4114852001,53.671375942,53.379983292,53.6477495109,14176581,14176581,0.0,1.0,tiingo_historical_seed,
2018-08-06,EFA,67.7,67.93,67.58,67.83,53.3169794757,53.4981154474,53.2224737514,53.4193606771,12077901,12077901,0.0,1.0,tiingo_historical_seed,
2018-08-07,EFA,68.51,68.54,68.3,68.36,53.954893115,53.978519546,53.7895080974,53.8367609595,17495457,17495457,0.0,1.0,tiingo_historical_seed,
2018-08-08,EFA,68.28,68.43,68.13,68.3,53.7737571433,53.8918892987,53.6556249879,53.7895080974,13812778,13812778,0.0,1.0,tiingo_historical_seed,
2018-08-09,EFA,68.32,68.39,68.06,68.1,53.8052590514,53.8603873906,53.6004966487,53.6319985568,11964746,11964746,0.0,1.0,tiingo_historical_seed,
2018-08-10,EFA,66.86,66.99,66.61,66.74,52.6554394054,52.7578206068,52.4585524797,52.5609336811,28624589,28624589,0.0,1.0,tiingo_historical_seed,
2018-08-13,EFA,66.65,66.78,66.35,66.5,52.4900543879,52.5924355892,52.253790077,52.3719222324,24817696,24817696,0.0,1.0,tiingo_historical_seed,
2018-08-14,EFA,66.59,66.65,66.37,66.49,52.4428015257,52.4900543879,52.2695410311,52.3640467554,22596722,22596722,0.0,1.0,tiingo_historical_seed,
2018-08-15,EFA,65.61,65.69,65.15,65.53,51.671004777,51.7340085932,51.3087328337,51.6080009608,41602707,41602707,0.0,1.0,tiingo_historical_seed,
2018-08-16,EFA,65.96,66.24,65.93,65.99,51.946646473,52.1671598297,51.9230200419,51.970272904,23297125,23297125,0.0,1.0,tiingo_historical_seed,
2018-08-17,EFA,65.97,66.55,65.91,66.38,51.95452195,52.4112996176,51.9072690878,52.2774165081,25722878,25722878,0.0,1.0,tiingo_historical_seed,
2018-08-20,EFA,66.64,66.82,66.62,66.74,52.4821789108,52.6239374973,52.4664279568,52.5609336811,16229334,16229334,0.0,1.0,tiingo_historical_seed,
2018-08-21,EFA,67.17,67.36,66.99,67.15,52.8995791933,53.0492132568,52.7578206068,52.8838282392,15670169,15670169,0.0,1.0,tiingo_historical_seed,
2018-08-22,EFA,67.45,67.53,67.33,67.41,53.12009255,53.1830963663,53.0255868257,53.0885906419,13217466,13217466,0.0,1.0,tiingo_historical_seed,
2018-08-23,EFA,67.07,67.22,66.87,66.93,52.820824423,52.9389565784,52.6633148825,52.7105677446,22030665,22030665,0.0,1.0,tiingo_historical_seed,
2018-08-24,EFA,67.23,67.46,67.14,67.32,52.9468320554,53.1279680271,52.8759527622,53.0177113487,21816628,21816628,0.0,1.0,tiingo_historical_seed,
2018-08-27,EFA,67.91,68.27,67.87,68.22,53.4823644933,53.7658816663,53.4508625852,53.7265042812,24820266,24820266,0.0,1.0,tiingo_historical_seed,
2018-08-28,EFA,68.39,68.45,68.12,68.16,53.8603873906,53.9076402528,53.6477495109,53.679251419,19866760,19866760,0.0,1.0,tiingo_historical_seed,
2018-08-29,EFA,68.16,68.54,68.08,68.53,53.679251419,53.978519546,53.6162476028,53.970644069,18107748,18107748,0.0,1.0,tiingo_historical_seed,
2018-08-30,EFA,67.95,68.05,67.71,67.88,53.5138664014,53.5926211717,53.3248549528,53.4587380622,20743026,20743026,0.0,1.0,tiingo_historical_seed,
2018-08-31,EFA,67.46,67.69,67.08,67.34,53.1279680271,53.3091039987,52.8286999,53.0334623027,30945890,30945890,0.0,1.0,tiingo_historical_seed,
2018-09-04,EFA,66.5,66.78,66.42,66.77,52.3719222324,52.5924355892,52.3089184162,52.5845601122,25303400,25303400,0.0,1.0,tiingo_historical_seed,
2018-09-05,EFA,66.34,66.42,65.96,66.16,52.2459146,52.3089184162,51.946646473,52.1041560135,26850830,26850830,0.0,1.0,tiingo_historical_seed,
2018-09-06,EFA,66.06,66.22,65.65,65.96,52.0254012432,52.1514088757,51.7025066851,51.946646473,25557937,25557937,0.0,1.0,tiingo_historical_seed,
2018-09-07,EFA,65.33,65.63,65.24,65.43,51.4504914202,51.6867557311,51.379612127,51.5292461905,22989423,22989423,0.0,1.0,tiingo_historical_seed,
2018-09-10,EFA,65.95,65.99,65.75,65.83,51.9387709959,51.970272904,51.7812614554,51.8442652716,15646713,15646713,0.0,1.0,tiingo_historical_seed,
2018-09-11,EFA,65.5,65.91,65.4,65.89,51.5843745297,51.9072690878,51.5056197594,51.8915181338,17652675,17652675,0.0,1.0,tiingo_historical_seed,
2018-09-12,EFA,65.96,66.33,65.91,66.17,51.946646473,52.238039123,51.9072690878,52.1120314905,19372502,19372502,0.0,1.0,tiingo_historical_seed,
2018-09-13,EFA,66.81,66.87,66.49,66.66,52.6160620203,52.6633148825,52.3640467554,52.4979298649,26009623,26009623,0.0,1.0,tiingo_historical_seed,
2018-09-14,EFA,66.86,66.94,66.6,66.76,52.6554394054,52.7184432216,52.4506770027,52.5766846352,21047488,21047488,0.0,1.0,tiingo_historical_seed,
2018-09-17,EFA,67.09,67.21,66.81,66.82,52.8365753771,52.9310811014,52.6160620203,52.6239374973,13679147,13679147,0.0,1.0,tiingo_historical_seed,
2018-09-18,EFA,67.31,67.62,67.3,67.52,53.0098358717,53.2539756595,53.0019603946,53.1752208892,20734370,20734370,0.0,1.0,tiingo_historical_seed,
2018-09-19,EFA,67.59,67.86,67.59,67.76,53.2303492284,53.4429871082,53.2303492284,53.3642323379,15330297,15330297,0.0,1.0,tiingo_historical_seed,
2018-09-20,EFA,68.47,68.68,68.29,68.6,53.9233912068,54.0887762244,53.7816326204,54.0257724082,24625290,24625290,0.0,1.0,tiingo_historical_seed,
2018-09-21,EFA,68.58,68.74,68.52,68.63,54.0100214541,54.1360290866,53.962768592,54.0493988393,19003318,19003318,0.0,1.0,tiingo_historical_seed,
2018-09-24,EFA,68.64,68.66,68.32,68.32,54.0572743163,54.0730252704,53.8052590514,53.8052590514,20382669,20382669,0.0,1.0,tiingo_historical_seed,
2018-09-25,EFA,68.85,68.89,68.64,68.66,54.2226593339,54.254161242,54.0572743163,54.0730252704,19623042,19623042,0.0,1.0,tiingo_historical_seed,
2018-09-26,EFA,68.63,69.13,68.62,68.69,54.0493988393,54.4431726907,54.0415233623,54.0966517014,26899905,26899905,0.0,1.0,tiingo_historical_seed,
2018-09-27,EFA,68.56,68.86,68.48,68.55,53.9942705001,54.2305348109,53.9312666839,53.9863950231,21555264,21555264,0.0,1.0,tiingo_historical_seed,
2018-09-28,EFA,67.93,68.27,67.85,67.99,53.4981154474,53.7658816663,53.4351116311,53.5453683095,37330486,37330486,0.0,1.0,tiingo_historical_seed,
2018-10-01,EFA,68.21,68.32,68.05,68.07,53.7186288041,53.8052590514,53.5926211717,53.6083721257,27922252,27922252,0.0,1.0,tiingo_historical_seed,
2018-10-02,EFA,67.55,67.78,67.47,67.72,53.1988473203,53.379983292,53.1358435041,53.3327304298,18689193,18689193,0.0,1.0,tiingo_historical_seed,
2018-10-03,EFA,67.84,67.88,67.54,67.6,53.4272361541,53.4587380622,53.1909718433,53.2382247055,19372348,19372348,0.0,1.0,tiingo_historical_seed,
2018-10-04,EFA,67.17,67.2,66.5,66.81,52.8995791933,52.9232056244,52.3719222324,52.6160620203,38671495,38671495,0.0,1.0,tiingo_historical_seed,
2018-10-05,EFA,66.65,66.71,66.16,66.41,52.4900543879,52.53730725,52.1041560135,52.3010429392,28116875,28116875,0.0,1.0,tiingo_historical_seed,
2018-10-08,EFA,65.69,66.11,65.54,66.09,51.7340085932,52.0647786284,51.6158764378,52.0490276743,24471316,24471316,0.0,1.0,tiingo_historical_seed,
2018-10-09,EFA,65.4,66.01,65.32,65.92,51.5056197594,51.9860238581,51.4426159432,51.9151445648,23011181,23011181,0.0,1.0,tiingo_historical_seed,
2018-10-10,EFA,65.68,65.68,64.38,64.52,51.7261331162,51.7261331162,50.7023211026,50.812577781,64586203,64586203,0.0,1.0,tiingo_historical_seed,
2018-10-11,EFA,64.33,64.54,63.19,63.62,50.6629437175,50.8283287351,49.7651393364,50.1037848485,119275106,119275106,0.0,1.0,tiingo_historical_seed,
2018-10-12,EFA,64.11,64.14,63.18,63.85,50.4896832229,50.513309654,49.7572638593,50.2849208202,66647647,66647647,0.0,1.0,tiingo_historical_seed,
2018-10-15,EFA,63.69,64.04,63.51,63.7,50.1589131877,50.4345548837,50.0171546012,50.1667886648,32702347,32702347,0.0,1.0,tiingo_historical_seed,
2018-10-16,EFA,64.53,64.92,64.43,64.79,50.820453258,51.1275968621,50.7416984878,51.0252156607,35959121,35959121,0.0,1.0,tiingo_historical_seed,
2018-10-17,EFA,64.59,64.67,64.12,64.42,50.8677061202,50.9307099364,50.4975586999,50.7338230107,26566552,26566552,0.0,1.0,tiingo_historical_seed,
2018-10-18,EFA,64.17,64.25,63.18,63.38,50.536936085,50.5999399013,49.7572638593,49.9147733999,48286540,48286540,0.0,1.0,tiingo_historical_seed,
2018-10-19,EFA,63.72,64.1,63.7,63.74,50.1825396188,50.4818077459,50.1667886648,50.1982905729,31924056,31924056,0.0,1.0,tiingo_historical_seed,
2018-10-22,EFA,63.8,63.85,63.27,63.46,50.245543435,50.2849208202,49.8281431526,49.9777772161,28641257,28641257,0.0,1.0,tiingo_historical_seed,
2018-10-23,EFA,62.42,63.13,62.05,62.86,49.1587276052,49.7178864742,48.8673349552,49.5052485945,54694270,54694270,0.0,1.0,tiingo_historical_seed,
2018-10-24,EFA,62.5,62.54,61.04,61.08,49.2217314215,49.2532333296,48.0719117755,48.1034136836,62942290,62942290,0.0,1.0,tiingo_historical_seed,
2018-10-25,EFA,61.58,62.17,61.34,61.85,48.4971875349,48.9618406796,48.3081760863,48.7098254147,47758062,47758062,0.0,1.0,tiingo_historical_seed,
2018-10-26,EFA,61.09,61.83,60.58,61.43,48.1112891606,48.6940744606,47.7096398322,48.3790553795,72008760,72008760,0.0,1.0,tiingo_historical_seed,
2018-10-29,EFA,62.1,62.23,60.77,61.26,48.9067123404,49.0090935417,47.8592738957,48.2451722701,60675289,60675289,0.0,1.0,tiingo_historical_seed,
2018-10-30,EFA,61.39,62.01,61.3,62.0,48.3475534714,48.8358330471,48.2766741782,48.8279575701,50851514,50851514,0.0,1.0,tiingo_historical_seed,
2018-10-31,EFA,62.51,62.8,62.4,62.46,49.2296068985,49.4579957323,49.1429766512,49.1902295134,49348912,49348912,0.0,1.0,tiingo_historical_seed,
2018-11-01,EFA,63.0,63.27,62.76,63.26,49.6155052728,49.8281431526,49.4264938242,49.8202676756,42760170,42760170,0.0,1.0,tiingo_historical_seed,
2018-11-02,EFA,63.83,63.92,62.98,63.35,50.2691698661,50.3400491594,49.5997543188,49.8911469688,39087946,39087946,0.0,1.0,tiingo_historical_seed,
2018-11-05,EFA,63.39,63.51,63.16,63.35,49.9226488769,50.0171546012,49.7415129053,49.8911469688,23002653,23002653,0.0,1.0,tiingo_historical_seed,
2018-11-06,EFA,63.37,63.66,63.31,63.61,49.9068979229,50.1352867566,49.8596450607,50.0959093715,18973714,18973714,0.0,1.0,tiingo_historical_seed,
2018-11-07,EFA,64.19,64.5,63.98,64.46,50.5526870391,50.796826827,50.3873020215,50.7653249188,34148393,34148393,0.0,1.0,tiingo_historical_seed,
2018-11-08,EFA,64.22,64.35,63.69,63.83,50.5763134702,50.6786946715,50.1589131877,50.2691698661,31336633,31336633,0.0,1.0,tiingo_historical_seed,
2018-11-09,EFA,63.41,63.52,63.11,63.41,49.938399831,50.0250300783,49.7021355201,49.938399831,27581730,27581730,0.0,1.0,tiingo_historical_seed,
2018-11-12,EFA,62.97,62.99,62.29,62.37,49.5918788418,49.6076297958,49.0563464039,49.1193502201,31068905,31068905,0.0,1.0,tiingo_historical_seed,
2018-11-13,EFA,62.53,63.08,62.37,62.64,49.2453578525,49.6785090891,49.1193502201,49.3319880999,37193886,37193886,0.0,1.0,tiingo_historical_seed,
2018-11-14,EFA,63.08,63.13,62.34,62.69,49.6785090891,49.7178864742,49.095723789,49.371365485,51506093,51506093,0.0,1.0,tiingo_historical_seed,
2018-11-15,EFA,62.28,63.02,61.97,62.89,49.0484709269,49.6312562269,48.804331139,49.5288750255,54666347,54666347,0.0,1.0,tiingo_historical_seed,
2018-11-16,EFA,62.48,63.03,62.38,62.96,49.2059804674,49.6391317039,49.1272256971,49.5840033647,30723564,30723564,0.0,1.0,tiingo_historical_seed,
2018-11-19,EFA,62.92,62.95,62.25,62.41,49.5525014566,49.5761278877,49.0248444958,49.1508521282,30409724,30409724,0.0,1.0,tiingo_historical_seed,
2018-11-20,EFA,61.57,61.83,61.18,61.33,48.4893120579,48.6940744606,48.1821684538,48.3003006093,41209665,41209665,0.0,1.0,tiingo_historical_seed,
2018-11-21,EFA,62.09,62.44,61.99,62.19,48.8988368633,49.1744785593,48.8200820931,48.9775916336,32720617,32720617,0.0,1.0,tiingo_historical_seed,
2018-11-23,EFA,61.66,61.98,61.66,61.78,48.5601913512,48.812206616,48.5601913512,48.6546970755,13336461,13336461,0.0,1.0,tiingo_historical_seed,
2018-11-26,EFA,62.56,62.77,62.5,62.71,49.2689842836,49.4343693012,49.2217314215,49.387116439,31007399,31007399,0.0,1.0,tiingo_historical_seed,
2018-11-27,EFA,62.34,62.51,62.16,62.47,49.095723789,49.2296068985,48.9539652025,49.1981049904,38111394,38111394,0.0,1.0,tiingo_historical_seed,
2018-11-28,EFA,62.56,63.41,62.28,63.36,49.2689842836,49.938399831,49.0484709269,49.8990224458,40600818,40600818,0.0,1.0,tiingo_historical_seed,
2018-11-29,EFA,62.99,63.25,62.83,63.04,49.6076297958,49.8123921985,49.4816221634,49.6470071809,31259708,31259708,0.0,1.0,tiingo_historical_seed,
2018-11-30,EFA,62.68,62.84,62.49,62.77,49.363490008,49.4894976404,49.2138559444,49.4343693012,32068551,32068551,0.0,1.0,tiingo_historical_seed,
2018-12-03,EFA,63.75,63.75,63.36,63.6,50.2061660499,50.2061660499,49.8990224458,50.0880338945,43672398,43672398,0.0,1.0,tiingo_historical_seed,
2018-12-04,EFA,63.28,63.34,61.89,61.95,49.8360186296,49.8832714918,48.7413273228,48.788580185,50079577,50079577,0.0,1.0,tiingo_historical_seed,
2018-12-06,EFA,60.9,61.42,60.23,61.37,47.9616550971,48.3711799025,47.4339981362,48.3318025174,78905499,78905499,0.0,1.0,tiingo_historical_seed,
2018-12-07,EFA,61.46,61.7,60.61,60.75,48.4026818106,48.5916932593,47.7332662633,47.8435229417,54090296,54090296,0.0,1.0,tiingo_historical_seed,
2018-12-10,EFA,60.49,60.6,59.66,60.28,47.638760539,47.7253907863,46.9850959457,47.4733755214,61630488,61630488,0.0,1.0,tiingo_historical_seed,
2018-12-11,EFA,60.9,60.92,60.11,60.47,47.9616550971,47.9774060511,47.3394924119,47.6230095849,71163778,71163778,0.0,1.0,tiingo_historical_seed,
2018-12-12,EFA,61.42,61.78,61.36,61.36,48.3711799025,48.6546970755,48.3239270403,48.3239270403,45925656,45925656,0.0,1.0,tiingo_historical_seed,
2018-12-13,EFA,61.48,61.63,61.19,61.25,48.4184327647,48.5365649201,48.1900439309,48.237296793,44498228,44498228,0.0,1.0,tiingo_historical_seed,
2018-12-14,EFA,60.59,60.85,60.41,60.46,47.7175153092,47.9222777119,47.5757567227,47.6151341079,50416218,50416218,0.0,1.0,tiingo_historical_seed,
2018-12-17,EFA,60.45,60.52,59.73,59.98,47.6072586308,47.66238697,47.0402242849,47.2371112106,58508483,58508483,0.0,1.0,tiingo_historical_seed,
2018-12-18,EFA,59.62,59.82,59.2,59.39,47.457987428,47.6171889961,47.1236641352,47.2749056248,48896513,48896513,0.63799,1.0,tiingo_historical_seed,
2018-12-19,EFA,59.64,60.1,58.58,58.82,47.4739075848,47.8400711913,46.6301392743,46.8211811559,68491739,68491739,0.0,1.0,tiingo_historical_seed,
2018-12-20,EFA,58.9,59.07,58.35,58.58,46.8848617831,47.020183116,46.4470574711,46.6301392743,97602572,97602572,0.0,1.0,tiingo_historical_seed,
2018-12-21,EFA,58.17,58.51,57.48,57.56,46.3037760599,46.5744187255,45.7545306502,45.8182112774,93622530,93622530,0.0,1.0,tiingo_historical_seed,
2018-12-24,EFA,57.56,57.79,56.84,56.89,45.8182112774,46.0012930806,45.2450856325,45.2848860245,47120316,47120316,0.0,1.0,tiingo_historical_seed,
2018-12-26,EFA,57.25,58.3,56.77,58.21,45.5714488469,46.4072570791,45.1893650837,46.3356163735,69827561,69827561,0.0,1.0,tiingo_historical_seed,
2018-12-27,EFA,57.55,58.38,57.11,58.38,45.810251199,46.4709377063,45.4600077493,46.4709377063,76591159,76591159,0.0,1.0,tiingo_historical_seed,
2018-12-28,EFA,58.96,58.99,58.52,58.69,46.9326222536,46.9565024888,46.5823788039,46.7177001367,68541829,68541829,0.0,1.0,tiingo_historical_seed,
2018-12-31,EFA,59.02,59.06,58.58,58.78,46.980382724,47.0122230376,46.6301392743,46.7893408423,62878761,62878761,0.0,1.0,tiingo_historical_seed,
2019-01-02,EFA,58.0,58.67,57.98,58.66,46.168454727,46.7017799799,46.1525345702,46.6938199015,38723208,38723208,0.0,1.0,tiingo_historical_seed,
2019-01-03,EFA,58.52,58.55,58.03,58.13,46.5823788039,46.6062590391,46.1923349622,46.2719357463,35012599,35012599,0.0,1.0,tiingo_historical_seed,
2019-01-04,EFA,59.08,60.12,58.99,59.91,47.0281431944,47.8559913481,46.9565024888,47.6888297017,47001748,47001748,0.0,1.0,tiingo_historical_seed,
2019-01-07,EFA,59.99,60.42,59.82,60.14,47.7525103289,48.0947937001,47.6171889961,47.8719115049,30335911,30335911,0.0,1.0,tiingo_historical_seed,
2019-01-08,EFA,60.73,60.76,60.35,60.53,48.3415561306,48.3654363658,48.0390731513,48.1823545625,26445035,26445035,0.0,1.0,tiingo_historical_seed,
2019-01-09,EFA,61.08,61.34,60.91,61.21,48.6201588746,48.827120913,48.4848375418,48.7236398938,34615284,34615284,0.0,1.0,tiingo_historical_seed,
2019-01-10,EFA,60.97,61.46,60.92,61.45,48.5325980122,48.9226418539,48.4927976202,48.9146817755,33699316,33699316,0.0,1.0,tiingo_historical_seed,
2019-01-11,EFA,60.98,61.16,60.85,61.03,48.5405580906,48.6838395018,48.4370770714,48.5803584826,40655580,40655580,0.0,1.0,tiingo_historical_seed,
2019-01-14,EFA,60.58,60.95,60.55,60.75,48.2221549546,48.5166778554,48.1982747193,48.3574762874,28319835,28319835,0.0,1.0,tiingo_historical_seed,
2019-01-15,EFA,60.91,61.16,60.71,61.07,48.4848375418,48.6838395018,48.3256359738,48.6121987962,35202725,35202725,0.0,1.0,tiingo_historical_seed,
2019-01-16,EFA,61.13,61.31,61.1,61.24,48.6599592666,48.8032406778,48.6360790314,48.747520129,38473907,38473907,0.0,1.0,tiingo_historical_seed,
2019-01-17,EFA,60.88,61.57,60.86,61.46,48.4609573066,49.0102027163,48.4450371498,48.9226418539,28895994,28895994,0.0,1.0,tiingo_historical_seed,
2019-01-18,EFA,62.07,62.15,61.84,62.08,49.4082066363,49.4718872635,49.2251248331,49.4161667147,39380831,39380831,0.0,1.0,tiingo_historical_seed,
2019-01-22,EFA,61.43,61.51,61.0,61.12,48.8987616187,48.9624422459,48.5564782474,48.6519991882,36637851,36637851,0.0,1.0,tiingo_historical_seed,
2019-01-23,EFA,61.64,61.69,61.15,61.4,49.0659232651,49.1057236571,48.6758794234,48.8748813835,21725568,21725568,0.0,1.0,tiingo_historical_seed,
2019-01-24,EFA,61.43,61.65,61.26,61.47,48.8987616187,49.0738833435,48.7634402858,48.9306019323,21843779,21843779,0.0,1.0,tiingo_historical_seed,
2019-01-25,EFA,62.06,62.28,62.02,62.17,49.4002465579,49.5753682828,49.3684062443,49.4878074203,31128767,31128767,0.0,1.0,tiingo_historical_seed,
2019-01-28,EFA,61.67,61.89,61.58,61.83,49.0898035003,49.2649252251,49.0181627947,49.2171647547,28738175,28738175,0.0,1.0,tiingo_historical_seed,
2019-01-29,EFA,62.21,62.34,61.97,61.97,49.5196477339,49.6231287532,49.3286058523,49.3286058523,23933745,23933745,0.0,1.0,tiingo_historical_seed,
2019-01-30,EFA,62.27,62.9,62.11,62.65,49.5674082044,50.0688931436,49.4400469499,49.8698911836,30465674,30465674,0.0,1.0,tiingo_historical_seed,
2019-01-31,EFA,62.56,62.83,62.41,62.68,49.798250478,50.0131725948,49.678849302,49.8937714188,33012492,33012492,0.0,1.0,tiingo_historical_seed,
2019-02-01,EFA,62.69,62.83,62.5,62.66,49.9017314972,50.0131725948,49.7504900076,49.877851262,22056046,22056046,0.0,1.0,tiingo_historical_seed,
2019-02-04,EFA,62.57,62.92,62.45,62.89,49.8062105564,50.0848133004,49.7106896156,50.0609330652,20260649,20260649,0.0,1.0,tiingo_historical_seed,
2019-02-05,EFA,63.29,63.43,63.2,63.38,50.3793362013,50.4907772989,50.3076954957,50.4509769069,29367109,29367109,0.0,1.0,tiingo_historical_seed,
2019-02-06,EFA,63.22,63.3,62.96,63.06,50.3236156525,50.3872962797,50.116653614,50.1962543981,19675589,19675589,0.0,1.0,tiingo_historical_seed,
2019-02-07,EFA,62.57,62.67,62.09,62.22,49.8062105564,49.8858113404,49.4241267931,49.5276078124,33930698,33930698,0.0,1.0,tiingo_historical_seed,
2019-02-08,EFA,61.82,62.03,61.61,62.02,49.2092046763,49.3763663227,49.0420430299,49.3684062443,21440370,21440370,0.0,1.0,tiingo_historical_seed,
2019-02-11,EFA,61.96,62.09,61.82,61.96,49.3206457739,49.4241267931,49.2092046763,49.3206457739,22453011,22453011,0.0,1.0,tiingo_historical_seed,
2019-02-12,EFA,62.54,62.71,62.5,62.68,49.7823303212,49.917651654,49.7504900076,49.8937714188,28176323,28176323,0.0,1.0,tiingo_historical_seed,
2019-02-13,EFA,62.9,63.05,62.69,62.69,50.0688931436,50.1882943197,49.9017314972,49.9017314972,22923491,22923491,0.0,1.0,tiingo_historical_seed,
2019-02-14,EFA,62.7,62.92,62.53,62.71,49.9096915756,50.0848133004,49.7743702428,49.917651654,23166902,23166902,0.0,1.0,tiingo_historical_seed,
2019-02-15,EFA,63.34,63.62,62.71,63.62,50.4191365933,50.6420187885,49.917651654,50.6420187885,29544714,29544714,0.0,1.0,tiingo_historical_seed,
2019-02-19,EFA,63.41,63.97,63.41,63.86,50.4748571421,50.9206215326,50.4748571421,50.8330606701,19126768,19126768,0.0,1.0,tiingo_historical_seed,
2019-02-20,EFA,63.94,64.3,63.93,64.04,50.8967412974,51.1833041198,50.888781219,50.9763420814,27833065,27833065,0.0,1.0,tiingo_historical_seed,
2019-02-21,EFA,63.99,64.035,63.7507,63.91,50.9365416894,50.9723620422,50.7460570132,50.8728610622,19709616,19709616,0.0,1.0,tiingo_historical_seed,
2019-02-22,EFA,64.1,64.2699,64.02,64.12,51.0241025518,51.1593442838,50.9604219246,51.0400227086,19653784,19653784,0.0,1.0,tiingo_historical_seed,
2019-02-25,EFA,64.52,64.58,64.28,64.31,51.3584258446,51.406186315,51.167383963,51.1912641982,21208940,21208940,0.0,1.0,tiingo_historical_seed,
2019-02-26,EFA,64.42,64.77,64.39,64.62,51.2788250606,51.5574278047,51.2549448254,51.4380266286,23246232,23246232,0.0,1.0,tiingo_historical_seed,
2019-02-27,EFA,64.5,64.58,64.3,64.36,51.3425056878,51.406186315,51.1833041198,51.2310645902,19933419,19933419,0.0,1.0,tiingo_historical_seed,
2019-02-28,EFA,64.31,64.46,64.2,64.27,51.1912641982,51.3106653742,51.1037033358,51.1594238846,27730704,27730704,0.0,1.0,tiingo_historical_seed,
2019-03-01,EFA,64.64,64.75,64.39,64.62,51.4539467854,51.5415076479,51.2549448254,51.4380266286,26191800,26191800,0.0,1.0,tiingo_historical_seed,
2019-03-04,EFA,64.68,64.71,64.12,64.38,51.485787099,51.5096673343,51.0400227086,51.246984747,22255534,22255534,0.0,1.0,tiingo_historical_seed,
2019-03-05,EFA,64.36,64.61,64.27,64.44,51.2310645902,51.4300665502,51.1594238846,51.2947452174,22315090,22315090,0.0,1.0,tiingo_historical_seed,
2019-03-06,EFA,64.55,64.57,64.25,64.28,51.3823060798,51.3982262366,51.1435037278,51.167383963,14060078,14060078,0.0,1.0,tiingo_historical_seed,
2019-03-07,EFA,64.0,64.07,63.45,63.46,50.9445017678,51.0002223166,50.5066974557,50.5146575341,29446064,29446064,0.0,1.0,tiingo_historical_seed,
2019-03-08,EFA,63.07,63.47,63.06,63.47,50.2042144765,50.5226176125,50.1962543981,50.5226176125,21427594,21427594,0.0,1.0,tiingo_historical_seed,
2019-03-11,EFA,63.51,64.04,63.51,64.02,50.5544579261,50.9763420814,50.5544579261,50.9604219246,16204895,16204895,0.0,1.0,tiingo_historical_seed,
2019-03-12,EFA,63.99,64.11,63.9,63.98,50.9365416894,51.0320626302,50.8649009838,50.928581611,31559429,31559429,0.0,1.0,tiingo_historical_seed,
2019-03-13,EFA,64.22,64.59,64.22,64.53,51.1196234926,51.4141463934,51.1196234926,51.366385923,17856267,17856267,0.0,1.0,tiingo_historical_seed,
2019-03-14,EFA,64.49,64.65,64.39,64.52,51.3345456094,51.4619068638,51.2549448254,51.3584258446,20861435,20861435,0.0,1.0,tiingo_historical_seed,
2019-03-15,EFA,64.97,65.24,64.925,65.22,51.7166293727,51.9315514895,51.6808090199,51.9156313327,44272173,44272173,0.0,1.0,tiingo_historical_seed,
2019-03-18,EFA,65.33,65.48,65.22,65.45,52.0031921951,52.1225933711,51.9156313327,52.0987131359,27734311,27734311,0.0,1.0,tiingo_historical_seed,
2019-03-19,EFA,65.84,65.88,65.44,65.58,52.4091561936,52.4409965072,52.0907530575,52.2021941552,32094829,32094829,0.0,1.0,tiingo_historical_seed,
2019-03-20,EFA,65.33,65.92,65.11,65.61,52.0031921951,52.4728368208,51.8280704703,52.2260743904,33136010,33136010,0.0,1.0,tiingo_historical_seed,
2019-03-21,EFA,65.17,65.63,65.16,65.57,51.8758309407,52.2419945472,51.8678708623,52.1942340768,34686489,34686489,0.0,1.0,tiingo_historical_seed,
2019-03-22,EFA,64.85,64.96,64.28,64.31,51.6211084319,51.7086692943,51.167383963,51.1912641982,36194249,36194249,0.0,1.0,tiingo_historical_seed,
2019-03-25,EFA,64.26,64.45,64.1,64.4,51.1514638062,51.3027052958,51.0241025518,51.2629049038,26707870,26707870,0.0,1.0,tiingo_historical_seed,
2019-03-26,EFA,64.87,64.94,64.61,64.72,51.6370285887,51.6927491375,51.4300665502,51.5176274127,36734393,36734393,0.0,1.0,tiingo_historical_seed,
2019-03-27,EFA,64.89,64.97,64.31,64.75,51.6529487455,51.7166293727,51.1912641982,51.5415076479,21772334,21772334,0.0,1.0,tiingo_historical_seed,
2019-03-28,EFA,64.63,64.71,64.36,64.59,51.445986707,51.5096673343,51.2310645902,51.4141463934,16531162,16531162,0.0,1.0,tiingo_historical_seed,
2019-03-29,EFA,64.87,64.9,64.57,64.86,51.6370285887,51.6609088239,51.3982262366,51.6290685103,23423907,23423907,0.0,1.0,tiingo_historical_seed,
2019-04-01,EFA,65.48,65.71,65.39,65.69,52.1225933711,52.3056751744,52.0509526655,52.2897550176,33228135,33228135,0.0,1.0,tiingo_historical_seed,
2019-04-02,EFA,65.6,65.74,65.43,65.71,52.218114312,52.3295554096,52.0827929791,52.3056751744,18209116,18209116,0.0,1.0,tiingo_historical_seed,
2019-04-03,EFA,66.17,66.38,66.09,66.22,52.6718387808,52.8390004273,52.6081581536,52.7116391728,25471618,25471618,0.0,1.0,tiingo_historical_seed,
2019-04-04,EFA,65.99,66.13,65.96,66.08,52.5285573696,52.6399984672,52.5046771344,52.6001980752,23580492,23580492,0.0,1.0,tiingo_historical_seed,
2019-04-05,EFA,66.03,66.25,66.03,66.25,52.5603976832,52.735519408,52.5603976832,52.735519408,27828798,27828798,0.0,1.0,tiingo_historical_seed,
2019-04-08,EFA,66.24,66.29,66.08,66.29,52.7275593296,52.7673597216,52.6001980752,52.7673597216,21464148,21464148,0.0,1.0,tiingo_historical_seed,
2019-04-09,EFA,66.05,66.06,65.84,65.87,52.57631784,52.5842779184,52.4091561936,52.4330364288,17075010,17075010,0.0,1.0,tiingo_historical_seed,
2019-04-10,EFA,65.96,66.14,65.88,66.12,52.5046771344,52.6479585456,52.4409965072,52.6320383888,25289270,25289270,0.0,1.0,tiingo_historical_seed,
2019-04-11,EFA,66.05,66.13,65.85,65.98,52.57631784,52.6399984672,52.417116272,52.5205972912,16309607,16309607,0.0,1.0,tiingo_historical_seed,
2019-04-12,EFA,66.42,66.47,66.29,66.44,52.8708407409,52.9106411329,52.7673597216,52.8867608977,31507747,31507747,0.0,1.0,tiingo_historical_seed,
2019-04-15,EFA,66.49,66.51,66.33,66.47,52.9265612897,52.9424814465,52.7992000352,52.9106411329,11608032,11608032,0.0,1.0,tiingo_historical_seed,
2019-04-16,EFA,66.73,66.74,66.47,66.52,53.1176031713,53.1255632497,52.9106411329,52.9504415249,19958106,19958106,0.0,1.0,tiingo_historical_seed,
2019-04-17,EFA,66.85,66.87,66.6,66.71,53.2131241121,53.2290442689,53.0141221521,53.1016830145,23540002,23540002,0.0,1.0,tiingo_historical_seed,
2019-04-18,EFA,66.71,66.75,66.51,66.67,53.1016830145,53.1335233281,52.9424814465,53.0698427009,21794073,21794073,0.0,1.0,tiingo_historical_seed,
2019-04-22,EFA,66.46,66.67,66.42,66.56,52.9026810545,53.0698427009,52.8708407409,52.9822818385,21336707,21336707,0.0,1.0,tiingo_historical_seed,
2019-04-23,EFA,66.44,66.72,66.4,66.69,52.8867608977,53.1096430929,52.8549205841,53.0857628577,17741390,17741390,0.0,1.0,tiingo_historical_seed,
2019-04-24,EFA,66.34,66.4,66.11,66.23,52.8071601137,52.8549205841,52.6240783104,52.7195992512,26417550,26417550,0.0,1.0,tiingo_historical_seed,
2019-04-25,EFA,66.02,66.2,65.96,66.18,52.5524376048,52.695719016,52.5046771344,52.6797988592,16020335,16020335,0.0,1.0,tiingo_historical_seed,
2019-04-26,EFA,66.3,66.46,66.2,66.45,52.7753198,52.9026810545,52.695719016,52.8947209761,17705731,17705731,0.0,1.0,tiingo_historical_seed,
2019-04-29,EFA,66.48,66.74,66.43,66.72,52.9186012113,53.1255632497,52.8788008193,53.1096430929,16992679,16992679,0.0,1.0,tiingo_historical_seed,
2019-04-30,EFA,66.7,66.87,66.48,66.76,53.0937229361,53.2290442689,52.9186012113,53.1414834065,36645902,36645902,0.0,1.0,tiingo_historical_seed,
2019-05-01,EFA,66.86,66.98,66.33,66.38,53.2210841905,53.3166051313,52.7992000352,52.8390004273,25870831,25870831,0.0,1.0,tiingo_historical_seed,
2019-05-02,EFA,66.44,66.47,66.11,66.28,52.8867608977,52.9106411329,52.6240783104,52.7593996432,21120660,21120660,0.0,1.0,tiingo_historical_seed,
2019-05-03,EFA,66.59,66.99,66.55,66.99,53.0061620737,53.3245652097,52.9743217601,53.3245652097,22117390,22117390,0.0,1.0,tiingo_historical_seed,
2019-05-06,EFA,65.52,66.32,65.5,66.23,52.1544336848,52.7912399568,52.1385135279,52.7195992512,24641053,24641053,0.0,1.0,tiingo_historical_seed,
2019-05-07,EFA,65.63,65.69,64.86,65.07,52.2419945472,52.2897550176,51.6290685103,51.7962301567,30661421,30661421,0.0,1.0,tiingo_historical_seed,
2019-05-08,EFA,65.09,65.39,64.97,65.15,51.8121503135,52.0509526655,51.7166293727,51.8599107839,31028319,31028319,0.0,1.0,tiingo_historical_seed,
2019-05-09,EFA,64.44,64.92,64.23,64.85,51.2947452174,51.6768289807,51.127583571,51.6211084319,28991462,28991462,0.0,1.0,tiingo_historical_seed,
2019-05-10,EFA,64.84,65.35,64.47,65.33,51.6131483535,52.0191123519,51.3186254526,52.0031921951,34968019,34968019,0.0,1.0,tiingo_historical_seed,
2019-05-13,EFA,64.13,64.22,63.71,63.81,51.047982787,51.1196234926,50.7136594941,50.7932602781,42253209,42253209,0.0,1.0,tiingo_historical_seed,
2019-05-14,EFA,64.27,64.62,64.21,64.45,51.1594238846,51.4380266286,51.1116634142,51.3027052958,32213993,32213993,0.0,1.0,tiingo_historical_seed,
2019-05-15,EFA,63.98,64.79,63.95,64.68,50.928581611,51.5733479615,50.9047013758,51.485787099,39054925,39054925,0.0,1.0,tiingo_historical_seed,
2019-05-16,EFA,64.92,65.41,64.91,65.2,51.6768289807,52.0668728223,51.6688689023,51.8997111759,27414280,27414280,0.0,1.0,tiingo_historical_seed,
2019-05-17,EFA,64.8,65.11,64.72,64.77,51.5813080399,51.8280704703,51.5176274127,51.5574278047,35566283,35566283,0.0,1.0,tiingo_historical_seed,
2019-05-20,EFA,64.51,64.73,64.35,64.51,51.3504657662,51.5255874911,51.2231045118,51.3504657662,27914479,27914479,0.0,1.0,tiingo_historical_seed,
2019-05-21,EFA,64.86,65.03,64.7,64.94,51.6290685103,51.7643898431,51.5017072559,51.6927491375,20838866,20838866,0.0,1.0,tiingo_historical_seed,
2019-05-22,EFA,64.62,64.83,64.61,64.68,51.4380266286,51.6051882751,51.4300665502,51.485787099,22818175,22818175,0.0,1.0,tiingo_historical_seed,
2019-05-23,EFA,64.0,64.16,63.82,64.09,50.9445017678,51.0718630222,50.8012203565,51.0161424734,29106782,29106782,0.0,1.0,tiingo_historical_seed,
2019-05-24,EFA,64.77,64.79,64.54,64.78,51.5574278047,51.5733479615,51.3743460014,51.5653878831,23319953,23319953,0.0,1.0,tiingo_historical_seed,
2019-05-28,EFA,64.73,64.84,64.13,64.15,51.5255874911,51.6131483535,51.047982787,51.0639029438,32636966,32636966,0.0,1.0,tiingo_historical_seed,
2019-05-29,EFA,63.68,63.75,63.44,63.74,50.6897792589,50.7454998077,50.4987373773,50.7375397293,32910376,32910376,0.0,1.0,tiingo_historical_seed,
2019-05-30,EFA,63.82,63.99,63.74,63.98,50.8012203565,50.9365416894,50.7375397293,50.928581611,28874312,28874312,0.0,1.0,tiingo_historical_seed,
2019-05-31,EFA,63.13,63.47,63.07,63.4,50.2519749469,50.5226176125,50.2042144765,50.4668970637,34278602,34278602,0.0,1.0,tiingo_historical_seed,
2019-06-03,EFA,63.59,63.87,63.41,63.77,50.6181385533,50.8410207486,50.4748571421,50.7614199645,36735868,36735868,0.0,1.0,tiingo_historical_seed,
2019-06-04,EFA,64.21,64.56,64.04,64.5,51.1116634142,51.3902661582,50.9763420814,51.3425056878,34241648,34241648,0.0,1.0,tiingo_historical_seed,
2019-06-05,EFA,64.79,64.8,64.38,64.48,51.5733479615,51.5813080399,51.246984747,51.326585531,19015348,19015348,0.0,1.0,tiingo_historical_seed,
2019-06-06,EFA,64.73,64.88,64.56,64.74,51.5255874911,51.6449886671,51.3902661582,51.5335475695,28586899,28586899,0.0,1.0,tiingo_historical_seed,
2019-06-07,EFA,65.36,65.73,65.33,65.56,52.0270724303,52.3215953312,52.0031921951,52.1862739984,31020134,31020134,0.0,1.0,tiingo_historical_seed,
2019-06-10,EFA,65.73,65.92,65.67,65.74,52.3215953312,52.4728368208,52.2738348608,52.3295554096,21435790,21435790,0.0,1.0,tiingo_historical_seed,
2019-06-11,EFA,66.34,66.36,65.98,66.07,52.8071601137,52.8230802705,52.5205972912,52.5922379968,22255012,22255012,0.0,1.0,tiingo_historical_seed,
2019-06-12,EFA,65.81,65.9,65.55,65.58,52.3852759584,52.456916664,52.17831392,52.2021941552,17110535,17110535,0.0,1.0,tiingo_historical_seed,
2019-06-13,EFA,65.74,65.77,65.47,65.64,52.3295554096,52.3534356448,52.1146332927,52.2499546256,24194522,24194522,0.0,1.0,tiingo_historical_seed,
2019-06-14,EFA,65.25,65.25,65.09,65.16,51.9395115679,51.9395115679,51.8121503135,51.8678708623,37202080,37202080,0.0,1.0,tiingo_historical_seed,
2019-06-17,EFA,63.8,63.96,63.76,63.83,51.8801900582,52.0102971179,51.8476632933,51.9045851319,22615780,22615780,1.376123,1.0,tiingo_historical_seed,
2019-06-18,EFA,64.35,64.71,64.33,64.68,52.327433076,52.6201739603,52.3111696935,52.5957788866,34024302,34024302,0.0,1.0,tiingo_historical_seed,
2019-06-19,EFA,64.83,65.2,64.775,65.08,52.7177542551,53.0186268307,52.6730299533,52.9210465359,25092696,25092696,0.0,1.0,tiingo_historical_seed,
2019-06-20,EFA,65.83,65.855,65.44,65.65,53.5309233783,53.5512526063,53.2137874202,53.3845529361,32817375,32817375,0.0,1.0,tiingo_historical_seed,
2019-06-21,EFA,65.37,65.56,65.32,65.37,53.1568655816,53.311367715,53.1162071254,53.1568655816,25032701,25032701,0.0,1.0,tiingo_historical_seed,
2019-06-24,EFA,65.56,65.64,65.49,65.51,53.311367715,53.3764212449,53.2544458764,53.2707092588,23238812,23238812,0.0,1.0,tiingo_historical_seed,
2019-06-25,EFA,65.58,65.6,65.12,65.12,53.3276310975,53.3438944799,52.9535733008,52.9535733008,24373010,24373010,0.0,1.0,tiingo_historical_seed,
2019-06-26,EFA,65.37,65.41,65.2,65.2,53.1568655816,53.1893923465,53.0186268307,53.0186268307,13170695,13170695,0.0,1.0,tiingo_historical_seed,
2019-06-27,EFA,65.37,65.47,65.33,65.36,53.1568655816,53.2381824939,53.1243388167,53.1487338904,14439838,14439838,0.0,1.0,tiingo_historical_seed,
2019-06-28,EFA,65.64,65.8,65.6,65.73,53.3764212449,53.5065283046,53.3438944799,53.4496064659,27667856,27667856,0.0,1.0,tiingo_historical_seed,
2019-07-01,EFA,66.39,66.39,65.88,66.04,53.9862980872,53.9862980872,53.5715818344,53.7016888941,25621548,25621548,0.0,1.0,tiingo_historical_seed,
2019-07-02,EFA,66.17,66.29,66.13,66.23,53.8074008801,53.9049811749,53.7748741152,53.8561910275,26045880,26045880,0.0,1.0,tiingo_historical_seed,
2019-07-03,EFA,66.59,66.72,66.55,66.68,54.1489319119,54.2546438979,54.1164051469,54.222117133,14359264,14359264,0.0,1.0,tiingo_historical_seed,
2019-07-05,EFA,66.1,66.21,65.76,66.17,53.7504790415,53.8399276451,53.4740015396,53.8074008801,21696234,21696234,0.0,1.0,tiingo_historical_seed,
2019-07-08,EFA,65.8,65.92,65.75,65.79,53.5065283046,53.6041085993,53.4658698484,53.4983966133,15839482,15839482,0.0,1.0,tiingo_historical_seed,
2019-07-09,EFA,65.33,65.54,65.3,65.51,53.1243388167,53.2951043325,53.099943743,53.2707092588,11661803,11661803,0.0,1.0,tiingo_historical_seed,
2019-07-10,EFA,65.82,65.93,65.62,65.74,53.522791687,53.6122402906,53.3601578624,53.4577381572,15051476,15051476,0.0,1.0,tiingo_historical_seed,
2019-07-11,EFA,65.87,65.9,65.55,65.72,53.5634501432,53.5878452169,53.3032360238,53.4414747747,14023839,14023839,0.0,1.0,tiingo_historical_seed,
2019-07-12,EFA,65.69,65.8,65.59,65.8,53.417079701,53.5065283046,53.3357627887,53.5065283046,14459455,14459455,0.0,1.0,tiingo_historical_seed,
2019-07-15,EFA,65.87,65.92,65.76,65.86,53.5634501432,53.6041085993,53.4740015396,53.555318452,12363180,12363180,0.0,1.0,tiingo_historical_seed,
2019-07-16,EFA,65.67,65.8,65.53,65.59,53.4008163185,53.5065283046,53.2869726413,53.3357627887,23641386,23641386,0.0,1.0,tiingo_historical_seed,
2019-07-17,EFA,65.76,65.76,65.47,65.5,53.4740015396,53.4740015396,53.2381824939,53.2625775676,13318810,13318810,0.0,1.0,tiingo_historical_seed,
2019-07-18,EFA,65.25,65.7,65.18,65.7,53.0592852868,53.4252113922,53.0023634482,53.4252113922,18640890,18640890,0.0,1.0,tiingo_historical_seed,
2019-07-19,EFA,65.67,65.75,65.48,65.51,53.4008163185,53.4658698484,53.2463141851,53.2707092588,16908585,16908585,0.0,1.0,tiingo_historical_seed,
2019-07-22,EFA,65.6,65.66,65.47,65.58,53.3438944799,53.3926846273,53.2381824939,53.3276310975,15203911,15203911,0.0,1.0,tiingo_historical_seed,
2019-07-23,EFA,65.98,66.05,65.84,65.99,53.6528987467,53.7098205854,53.5390550695,53.661030438,22078431,22078431,0.0,1.0,tiingo_historical_seed,
2019-07-24,EFA,65.81,66.04,65.8,66.04,53.5146599958,53.7016888941,53.5065283046,53.7016888941,11192503,11192503,0.0,1.0,tiingo_historical_seed,
2019-07-25,EFA,65.84,65.86,65.3,65.37,53.5390550695,53.555318452,53.099943743,53.1568655816,24288147,24288147,0.0,1.0,tiingo_historical_seed,
2019-07-26,EFA,65.55,65.6,65.47,65.5,53.3032360238,53.3438944799,53.2381824939,53.2625775676,16616458,16616458,0.0,1.0,tiingo_historical_seed,
2019-07-29,EFA,65.72,65.73,65.53,65.64,53.4414747747,53.4496064659,53.2869726413,53.3764212449,11655466,11655466,0.0,1.0,tiingo_historical_seed,
2019-07-30,EFA,64.9,64.94,64.73,64.88,52.7746760937,52.8072028586,52.6364373428,52.7584127112,24945268,24945268,0.0,1.0,tiingo_historical_seed,
2019-07-31,EFA,64.85,65.04,64.0,64.45,52.7340176376,52.888519771,52.0428238829,52.4087499883,32619048,32619048,0.0,1.0,tiingo_historical_seed,
2019-08-01,EFA,64.53,65.07,64.01,64.27,52.4738035181,52.9129148446,52.0509555741,52.2623795461,38568616,38568616,0.0,1.0,tiingo_historical_seed,
2019-08-02,EFA,64.02,64.02,63.45,63.7,52.0590872653,52.0590872653,51.5955808651,51.7988731459,37777989,37777989,0.0,1.0,tiingo_historical_seed,
2019-08-05,EFA,62.78,62.78,61.83,62.11,51.0507575526,51.0507575526,50.2782468856,50.5059342401,54766743,54766743,0.0,1.0,tiingo_historical_seed,
2019-08-06,EFA,62.6,62.69,62.08,62.53,50.9043871104,50.9775723315,50.4815391664,50.8474652718,33907436,33907436,0.0,1.0,tiingo_historical_seed,
2019-08-07,EFA,62.27,62.89,62.09,62.77,50.6360412998,51.1402061561,50.4896708576,51.0426258614,41814744,41814744,0.0,1.0,tiingo_historical_seed,
2019-08-08,EFA,63.02,63.54,62.94,63.38,51.2459181422,51.6687660862,51.1808646123,51.5386590265,29156379,29156379,0.0,1.0,tiingo_historical_seed,
2019-08-09,EFA,63.19,63.24,62.79,62.94,51.3841568931,51.4248153492,51.0588892438,51.1808646123,23227434,23227434,0.0,1.0,tiingo_historical_seed,
2019-08-12,EFA,62.69,62.87,62.33,62.44,50.9775723315,51.1239427737,50.6848314472,50.7742800507,20418877,20418877,0.0,1.0,tiingo_historical_seed,
2019-08-13,EFA,62.32,63.2,62.26,63.03,50.6766997559,51.3922885843,50.6279096085,51.2540498334,31648885,31648885,0.0,1.0,tiingo_historical_seed,
2019-08-14,EFA,61.86,61.94,61.3,61.3,50.3026419593,50.3676954891,49.8472672503,49.8472672503,39692920,39692920,0.0,1.0,tiingo_historical_seed,
2019-08-15,EFA,61.58,61.7,61.26,61.51,50.0749546048,50.1725348996,49.8147404854,50.0180327662,40936059,40936059,0.0,1.0,tiingo_historical_seed,
2019-08-16,EFA,61.86,62.31,61.86,62.25,50.3026419593,50.6685680647,50.3026419593,50.6197779173,24168383,24168383,0.0,1.0,tiingo_historical_seed,
2019-08-19,EFA,62.82,62.85,62.62,62.63,51.0832843175,51.1076793912,50.9206504929,50.9287821841,22998617,22998617,0.0,1.0,tiingo_historical_seed,
2019-08-20,EFA,62.61,62.63,62.34,62.42,50.9125188017,50.9287821841,50.6929631384,50.7580166682,21710227,21710227,0.0,1.0,tiingo_historical_seed,
2019-08-21,EFA,63.1,63.1,62.86,62.86,51.310971672,51.310971672,51.1158110824,51.1158110824,25971803,25971803,0.0,1.0,tiingo_historical_seed,
2019-08-22,EFA,62.89,62.97,62.51,62.74,51.1402061561,51.205259686,50.8312018893,51.0182307877,20505139,20505139,0.0,1.0,tiingo_historical_seed,
2019-08-23,EFA,62.59,63.01,61.95,61.96,50.8962554192,51.2377864509,50.3758271804,50.3839588716,34410504,34410504,0.0,1.0,tiingo_historical_seed,
2019-08-26,EFA,62.59,62.61,62.26,62.47,50.8962554192,50.9125188017,50.6279096085,50.7986751244,27780049,27780049,0.0,1.0,tiingo_historical_seed,
2019-08-27,EFA,62.77,62.82,62.42,62.42,51.0426258614,51.0832843175,50.7580166682,50.7580166682,24511516,24511516,0.0,1.0,tiingo_historical_seed,
2019-08-28,EFA,62.27,62.63,62.09,62.42,50.6360412998,50.9287821841,50.4896708576,50.7580166682,25028437,25028437,0.0,1.0,tiingo_historical_seed,
2019-08-29,EFA,63.02,63.09,62.8,62.96,51.2459181422,51.3028399808,51.0670209351,51.1971279948,19046711,19046711,0.0,1.0,tiingo_historical_seed,
2019-08-30,EFA,63.4,63.42,62.93,63.21,51.554922409,51.5711857914,51.1727329211,51.4004202756,33442319,33442319,0.0,1.0,tiingo_historical_seed,
2019-09-03,EFA,62.85,63.1,62.78,63.09,51.1076793912,51.310971672,51.0507575526,51.3028399808,33998210,33998210,0.0,1.0,tiingo_historical_seed,
2019-09-04,EFA,63.74,63.98,63.66,63.98,51.8313999108,52.0265605004,51.766346381,52.0265605004,25583198,25583198,0.0,1.0,tiingo_historical_seed,
2019-09-05,EFA,64.43,64.57,64.31,64.32,52.3924866058,52.5063302831,52.294906311,52.3030380023,22265884,22265884,0.0,1.0,tiingo_historical_seed,
2019-09-06,EFA,64.51,64.69,64.46,64.53,52.4575401357,52.6039105778,52.4168816795,52.4738035181,21338265,21338265,0.0,1.0,tiingo_historical_seed,
2019-09-09,EFA,64.73,64.73,64.57,64.72,52.6364373428,52.6364373428,52.5063302831,52.6283056515,15879962,15879962,0.0,1.0,tiingo_historical_seed,
2019-09-10,EFA,64.6,64.89,64.47,64.83,52.5307253568,52.7665444025,52.4250133707,52.7177542551,19028825,19028825,0.0,1.0,tiingo_historical_seed,
2019-09-11,EFA,65.02,65.21,64.96,65.19,52.8722563885,53.0267585219,52.8234662411,53.0104951394,18413242,18413242,0.0,1.0,tiingo_historical_seed,
2019-09-12,EFA,65.24,65.66,65.15,65.57,53.0511535956,53.3926846273,52.9779683745,53.3194994062,30292241,30292241,0.0,1.0,tiingo_historical_seed,
2019-09-13,EFA,65.89,66.08,65.8,65.94,53.5797135256,53.734215659,53.5065283046,53.6203719818,22132249,22132249,0.0,1.0,tiingo_historical_seed,
2019-09-16,EFA,65.53,65.57,65.31,65.35,53.2869726413,53.3194994062,53.1080754342,53.1406021991,30891167,30891167,0.0,1.0,tiingo_historical_seed,
2019-09-17,EFA,65.25,65.62,65.19,65.57,53.0592852868,53.3601578624,53.0104951394,53.3194994062,23845175,23845175,0.0,1.0,tiingo_historical_seed,
2019-09-18,EFA,65.41,65.58,65.11,65.49,53.1893923465,53.3276310975,52.9454416096,53.2544458764,17827646,17827646,0.0,1.0,tiingo_historical_seed,
2019-09-19,EFA,65.83,65.94,65.69,65.71,53.5309233783,53.6203719818,53.417079701,53.4333430835,19014048,19014048,0.0,1.0,tiingo_historical_seed,
2019-09-20,EFA,65.79,65.9,65.48,65.56,53.4983966133,53.5878452169,53.2463141851,53.311367715,35577471,35577471,0.0,1.0,tiingo_historical_seed,
2019-09-23,EFA,65.2,65.44,65.13,65.39,53.0186268307,53.2137874202,52.961704992,53.1731289641,15496953,15496953,0.0,1.0,tiingo_historical_seed,
2019-09-24,EFA,65.55,65.61,65.1,65.14,53.3032360238,53.3520261712,52.9373099183,52.9698366833,32233051,32233051,0.0,1.0,tiingo_historical_seed,
2019-09-25,EFA,64.79,65.05,64.56,64.95,52.6852274902,52.8966514622,52.4981985918,52.8153345499,21345948,21345948,0.0,1.0,tiingo_historical_seed,
2019-09-26,EFA,65.3,65.35,65.08,65.19,53.099943743,53.1406021991,52.9210465359,53.0104951394,25197227,25197227,0.0,1.0,tiingo_historical_seed,
2019-09-27,EFA,65.19,65.3,64.83,64.97,53.0104951394,53.099943743,52.7177542551,52.8315979323,20607411,20607411,0.0,1.0,tiingo_historical_seed,
2019-09-30,EFA,64.97,65.24,64.95,65.21,52.8315979323,53.0511535956,52.8153345499,53.0267585219,25423487,25423487,0.0,1.0,tiingo_historical_seed,
2019-10-01,EFA,65.02,65.07,64.46,64.57,52.8722563885,52.9129148446,52.4168816795,52.5063302831,42555667,42555667,0.0,1.0,tiingo_historical_seed,
2019-10-02,EFA,63.73,63.78,63.1,63.25,51.8232682196,51.8639266758,51.310971672,51.4329470405,44563482,44563482,0.0,1.0,tiingo_historical_seed,
2019-10-03,EFA,63.26,63.69,62.98,63.67,51.4410787317,51.7907414547,51.2133913772,51.7744780722,39613325,39613325,0.0,1.0,tiingo_historical_seed,
2019-10-04,EFA,63.72,64.2,63.68,64.17,51.8151365284,52.2054577075,51.7826097634,52.1810626338,19269604,19269604,0.0,1.0,tiingo_historical_seed,
2019-10-07,EFA,64.12,64.41,64.08,64.09,52.1404041776,52.3762232234,52.1078774127,52.1160091039,19227966,19227966,0.0,1.0,tiingo_historical_seed,
2019-10-08,EFA,63.76,63.81,63.44,63.49,51.8476632933,51.8883217495,51.5874491739,51.62810763,28197535,28197535,0.0,1.0,tiingo_historical_seed,
2019-10-09,EFA,63.92,64.08,63.77,63.95,51.977770353,52.1078774127,51.8557949845,52.0021654267,22989535,22989535,0.0,1.0,tiingo_historical_seed,
2019-10-10,EFA,63.92,64.43,63.88,64.4,51.977770353,52.3924866058,51.9452435881,52.3680915321,25316641,25316641,0.0,1.0,tiingo_historical_seed,
2019-10-11,EFA,65.37,65.82,65.37,65.55,53.1568655816,53.522791687,53.1568655816,53.3032360238,37733935,37733935,0.0,1.0,tiingo_historical_seed,
2019-10-14,EFA,65.24,65.41,65.2,65.28,53.0511535956,53.1893923465,53.0186268307,53.0836803605,12661983,12661983,0.0,1.0,tiingo_historical_seed,
2019-10-15,EFA,65.56,66.25,65.51,66.04,53.311367715,53.87245441,53.2707092588,53.7016888941,24972130,24972130,0.0,1.0,tiingo_historical_seed,
2019-10-16,EFA,66.02,66.29,65.97,66.14,53.6854255117,53.9049811749,53.6447670555,53.7830058064,28612748,28612748,0.0,1.0,tiingo_historical_seed,
2019-10-17,EFA,66.48,66.53,66.13,66.3,54.0594833083,54.1001417645,53.7748741152,53.9131128661,26986854,26986854,0.0,1.0,tiingo_historical_seed,
2019-10-18,EFA,66.21,66.38,66.01,66.27,53.8399276451,53.978166396,53.6772938204,53.8887177925,21446128,21446128,0.0,1.0,tiingo_historical_seed,
2019-10-21,EFA,66.71,66.75,66.59,66.63,54.2465122066,54.2790389716,54.1489319119,54.1814586768,29776585,29776585,0.0,1.0,tiingo_historical_seed,
2019-10-22,EFA,66.68,66.91,66.46,66.47,54.222117133,54.4091460313,54.0432199259,54.0513516171,21757598,21757598,0.0,1.0,tiingo_historical_seed,
2019-10-23,EFA,66.6,66.83,66.52,66.83,54.1570636031,54.3440925014,54.0920100732,54.3440925014,14206222,14206222,0.0,1.0,tiingo_historical_seed,
2019-10-24,EFA,67.07,67.08,66.82,66.95,54.539253091,54.5473847822,54.3359608102,54.4416727962,23619883,23619883,0.0,1.0,tiingo_historical_seed,
2019-10-25,EFA,66.76,67.07,66.75,67.02,54.2871706628,54.539253091,54.2790389716,54.4985946348,17184196,17184196,0.0,1.0,tiingo_historical_seed,
2019-10-28,EFA,67.12,67.34,67.11,67.32,54.5799115471,54.7588087542,54.5717798559,54.7425453718,16265120,16265120,0.0,1.0,tiingo_historical_seed,
2019-10-29,EFA,67.06,67.33,67.03,67.3,54.5311213998,54.750677063,54.5067263261,54.7262819893,15251904,15251904,0.0,1.0,tiingo_historical_seed,
2019-10-30,EFA,67.24,67.58,66.92,67.58,54.6774918419,54.9539693438,54.4172777225,54.9539693438,22592913,22592913,0.0,1.0,tiingo_historical_seed,
2019-10-31,EFA,67.37,67.42,67.11,67.42,54.7832038279,54.8238622841,54.5717798559,54.8238622841,22047932,22047932,0.0,1.0,tiingo_historical_seed,
2019-11-01,EFA,67.85,68.02,67.81,68.02,55.1735250071,55.311763758,55.1409982421,55.311763758,32338628,32338628,0.0,1.0,tiingo_historical_seed,
2019-11-04,EFA,68.48,68.53,68.23,68.37,55.6858215547,55.7264800108,55.4825292739,55.5963729511,20429921,20429921,0.0,1.0,tiingo_historical_seed,
2019-11-05,EFA,68.29,68.35,68.11,68.24,55.5313194213,55.5801095686,55.3849489791,55.4906609651,15727265,15727265,0.0,1.0,tiingo_historical_seed,
2019-11-06,EFA,68.31,68.38,68.11,68.21,55.5475828037,55.6045046423,55.3849489791,55.4662658914,16596704,16596704,0.0,1.0,tiingo_historical_seed,
2019-11-07,EFA,68.59,68.64,68.39,68.42,55.7752701582,55.8159286144,55.6126363336,55.6370314073,21271515,21271515,0.0,1.0,tiingo_historical_seed,
2019-11-08,EFA,68.18,68.38,68.03,68.38,55.4418708177,55.6045046423,55.3198954492,55.6045046423,10298803,10298803,0.0,1.0,tiingo_historical_seed,
2019-11-11,EFA,68.02,68.31,68.02,68.29,55.311763758,55.5475828037,55.311763758,55.5313194213,8543981,8543981,0.0,1.0,tiingo_historical_seed,
2019-11-12,EFA,68.28,68.46,68.18,68.32,55.52318773,55.6695581722,55.4418708177,55.5557144949,18570140,18570140,0.0,1.0,tiingo_historical_seed,
2019-11-13,EFA,67.84,68.12,67.82,68.08,55.1653933158,55.3930806703,55.1491299334,55.3605539054,21450061,21450061,0.0,1.0,tiingo_historical_seed,
2019-11-14,EFA,67.73,67.93,67.66,67.89,55.0759447123,55.2385785369,55.0190228737,55.206051772,17870854,17870854,0.0,1.0,tiingo_historical_seed,
2019-11-15,EFA,68.05,68.32,68.05,68.32,55.3361588317,55.5557144949,55.3361588317,55.5557144949,23494589,23494589,0.0,1.0,tiingo_historical_seed,
2019-11-18,EFA,68.24,68.46,68.13,68.4,55.4906609651,55.6695581722,55.4012123615,55.6207680248,20587473,20587473,0.0,1.0,tiingo_historical_seed,
2019-11-19,EFA,68.6,68.63,68.22,68.31,55.7834018494,55.8077969231,55.4743975826,55.5475828037,18664801,18664801,0.0,1.0,tiingo_historical_seed,
2019-11-20,EFA,67.94,68.1,67.68,67.88,55.2467102281,55.3768172879,55.0352862561,55.1979200808,20655197,20655197,0.0,1.0,tiingo_historical_seed,
2019-11-21,EFA,67.87,67.9,67.62,67.79,55.1897883895,55.2141834632,54.9864961087,55.1247348597,14293408,14293408,0.0,1.0,tiingo_historical_seed,
2019-11-22,EFA,68.06,68.11,67.82,67.98,55.3442905229,55.3849489791,55.1491299334,55.2792369931,14969272,14969272,0.0,1.0,tiingo_historical_seed,
2019-11-25,EFA,68.28,68.52,68.28,68.52,55.52318773,55.7183483196,55.52318773,55.7183483196,19329050,19329050,0.0,1.0,tiingo_historical_seed,
2019-11-26,EFA,68.41,68.54,68.36,68.48,55.628899716,55.734611702,55.5882412599,55.6858215547,24275969,24275969,0.0,1.0,tiingo_historical_seed,
2019-11-27,EFA,68.57,68.69,68.54,68.66,55.7590067757,55.8565870705,55.734611702,55.8321919968,16941646,16941646,0.0,1.0,tiingo_historical_seed,
2019-11-29,EFA,68.22,68.34,68.14,68.18,55.4743975826,55.5719778774,55.4093440528,55.4418708177,11587154,11587154,0.0,1.0,tiingo_historical_seed,
2019-12-02,EFA,68.1,68.14,67.53,67.83,55.3768172879,55.4093440528,54.9133108876,55.1572616246,38855444,38855444,0.0,1.0,tiingo_historical_seed,
2019-12-03,EFA,67.23,67.62,67.02,67.58,54.6693601507,54.9864961087,54.4985946348,54.9539693438,28464655,28464655,0.0,1.0,tiingo_historical_seed,
2019-12-04,EFA,68.0,68.21,67.94,68.2,55.2955003755,55.4662658914,55.2467102281,55.4581342002,21762240,21762240,0.0,1.0,tiingo_historical_seed,
2019-12-05,EFA,68.24,68.24,67.96,68.07,55.4906609651,55.4906609651,55.2629736106,55.3524222142,21039738,21039738,0.0,1.0,tiingo_historical_seed,
2019-12-06,EFA,68.62,68.71,68.55,68.69,55.7996652319,55.872850453,55.7427433933,55.8565870705,23179576,23179576,0.0,1.0,tiingo_historical_seed,
2019-12-09,EFA,68.57,68.68,68.33,68.33,55.7590067757,55.8484553793,55.5638461862,55.5638461862,21946154,21946154,0.0,1.0,tiingo_historical_seed,
2019-12-10,EFA,68.26,68.5,68.14,68.36,55.5069243476,55.7020849371,55.4093440528,55.5882412599,23419017,23419017,0.0,1.0,tiingo_historical_seed,
2019-12-11,EFA,68.39,68.79,68.37,68.72,55.6126363336,55.9379039828,55.5963729511,55.8809821442,16108857,16108857,0.0,1.0,tiingo_historical_seed,
2019-12-12,EFA,68.64,69.25,68.6,69.18,55.8159286144,56.3119617795,55.7834018494,56.2550399409,30690835,30690835,0.0,1.0,tiingo_historical_seed,
2019-12-13,EFA,69.56,69.98,69.4,69.66,56.5640442077,56.9055752394,56.433937148,56.64536112,46988368,46988368,0.0,1.0,tiingo_historical_seed,
2019-12-16,EFA,69.6,69.71,69.51,69.62,57.2272479757,57.3176933389,57.153247224,57.2436925872,34004623,34004623,0.775802,1.0,tiingo_historical_seed,
2019-12-17,EFA,69.3,69.4,69.22,69.22,56.9805788034,57.0628018608,56.9148003574,56.9148003574,28111107,28111107,0.0,1.0,tiingo_historical_seed,
2019-12-18,EFA,69.14,69.21,69.01,69.13,56.8490219115,56.9065780517,56.7421319368,56.8407996057,18590907,18590907,0.0,1.0,tiingo_historical_seed,
2019-12-19,EFA,68.99,69.15,68.93,69.13,56.7256873253,56.8572442172,56.6763534909,56.8407996057,25939214,25939214,0.0,1.0,tiingo_historical_seed,
2019-12-20,EFA,69.29,69.32,69.16,69.18,56.9723564976,56.9970234149,56.865466523,56.8819111344,36135870,36135870,0.0,1.0,tiingo_historical_seed,
2019-12-23,EFA,69.24,69.33,69.18,69.29,56.9312449689,57.0052457206,56.8819111344,56.9723564976,21313752,21313752,0.0,1.0,tiingo_historical_seed,
2019-12-24,EFA,69.28,69.28,69.16,69.22,56.9641341919,56.9641341919,56.865466523,56.9148003574,5946978,5946978,0.0,1.0,tiingo_historical_seed,
2019-12-26,EFA,69.35,69.54,69.27,69.52,57.0216903321,57.1779141412,56.9559118861,57.1614695297,8372029,8372029,0.0,1.0,tiingo_historical_seed,
2019-12-27,EFA,69.84,69.85,69.59,69.64,57.4245833135,57.4328056193,57.2190256699,57.2601371987,16281620,16281620,0.0,1.0,tiingo_historical_seed,
2019-12-30,EFA,69.76,69.77,69.1,69.12,57.3588048676,57.3670271733,56.8161326885,56.8325773,24068977,24068977,0.0,1.0,tiingo_historical_seed,
2019-12-31,EFA,69.19,69.48,68.97,69.44,56.8901334402,57.1285803068,56.7092427138,57.0956910838,20142097,20142097,0.0,1.0,tiingo_historical_seed,
2020-01-02,EFA,69.96,70.16,69.84,70.14,57.5232509824,57.6876970973,57.4245833135,57.6712524858,24749340,24749340,0.0,1.0,tiingo_historical_seed,
2020-01-03,EFA,69.19,69.7,69.19,69.27,56.8901334402,57.3094710331,56.8901334402,56.9559118861,29921485,29921485,0.0,1.0,tiingo_historical_seed,
2020-01-06,EFA,69.16,69.57,69.15,69.54,56.865466523,57.2025810584,56.8572442172,57.1779141412,22636429,22636429,0.0,1.0,tiingo_historical_seed,
2020-01-07,EFA,69.52,69.54,69.3,69.35,57.1614695297,57.1779141412,56.9805788034,57.0216903321,15113973,15113973,0.0,1.0,tiingo_historical_seed,
2020-01-08,EFA,69.27,69.74,69.26,69.55,56.9559118861,57.3423602561,56.9476895804,57.186136447,14249539,14249539,0.0,1.0,tiingo_historical_seed,
2020-01-09,EFA,69.68,69.75,69.54,69.71,57.2930264216,57.3505825618,57.1779141412,57.3176933389,13749105,13749105,0.0,1.0,tiingo_historical_seed,
2020-01-10,EFA,69.66,69.78,69.37,69.45,57.2765818101,57.3752494791,57.0381349436,57.1039133895,33832297,33832297,0.0,1.0,tiingo_historical_seed,
2020-01-13,EFA,69.51,69.85,69.37,69.81,57.153247224,57.4328056193,57.0381349436,57.3999163963,16443013,16443013,0.0,1.0,tiingo_historical_seed,
2020-01-14,EFA,69.68,70.0,69.67,69.88,57.2930264216,57.5561402054,57.2848041159,57.4574725365,28826589,28826589,0.0,1.0,tiingo_historical_seed,
2020-01-15,EFA,69.82,69.99,69.79,69.88,57.408138702,57.5479178997,57.3834717848,57.4574725365,12217902,12217902,0.0,1.0,tiingo_historical_seed,
2020-01-16,EFA,69.99,70.2,69.91,70.17,57.5479178997,57.7205863203,57.4821394537,57.6959194031,12883355,12883355,0.0,1.0,tiingo_historical_seed,
2020-01-17,EFA,70.36,70.42,70.21,70.38,57.8521432122,57.9014770467,57.728808626,57.8685878237,18473662,18473662,0.0,1.0,tiingo_historical_seed,
2020-01-21,EFA,70.06,70.14,69.81,69.82,57.6054740399,57.6712524858,57.3999163963,57.408138702,20026337,20026337,0.0,1.0,tiingo_historical_seed,
2020-01-22,EFA,70.14,70.16,69.91,69.96,57.6712524858,57.6876970973,57.4821394537,57.5232509824,14047046,14047046,0.0,1.0,tiingo_historical_seed,
2020-01-23,EFA,69.7,69.86,69.36,69.79,57.3094710331,57.441027925,57.0299126378,57.3834717848,18720159,18720159,0.0,1.0,tiingo_historical_seed,
2020-01-24,EFA,70.08,70.08,69.37,69.49,57.6219186514,57.6219186514,57.0381349436,57.1368026125,24107499,24107499,0.0,1.0,tiingo_historical_seed,
2020-01-27,EFA,68.15,68.42,68.05,68.05,56.0350136428,56.2570158979,55.9527905854,55.9527905854,31973676,31973676,0.0,1.0,tiingo_historical_seed,
2020-01-28,EFA,68.36,68.74,68.26,68.69,56.2076820635,56.5201296817,56.125459006,56.479018153,18001717,18001717,0.0,1.0,tiingo_historical_seed,
2020-01-29,EFA,68.82,68.93,68.6,68.7,56.5859081277,56.6763534909,56.4050174013,56.4872404587,14916566,14916566,0.0,1.0,tiingo_historical_seed,
2020-01-30,EFA,68.15,68.67,67.98,68.64,56.0350136428,56.4625735415,55.8952344452,56.4379066243,26285273,26285273,0.0,1.0,tiingo_historical_seed,
2020-01-31,EFA,68.0,68.03,67.26,67.48,55.9116790567,55.9363459739,55.3032284317,55.484119158,40101578,40101578,0.0,1.0,tiingo_historical_seed,
2020-02-03,EFA,67.67,67.99,67.6,67.64,55.6403429672,55.903456751,55.5827868269,55.6156760499,35287955,35287955,0.0,1.0,tiingo_historical_seed,
2020-02-04,EFA,68.66,68.87,68.59,68.77,56.4543512358,56.6270196564,56.3967950956,56.544796599,32540043,32540043,0.0,1.0,tiingo_historical_seed,
2020-02-05,EFA,69.43,69.48,69.2,69.43,57.087468778,57.1285803068,56.8983557459,57.087468778,28162052,28162052,0.0,1.0,tiingo_historical_seed,
2020-02-06,EFA,69.64,69.68,69.5,69.62,57.2601371987,57.2930264216,57.1450249182,57.2436925872,23422500,23422500,0.0,1.0,tiingo_historical_seed,
2020-02-07,EFA,69.21,69.25,68.94,68.96,56.9065780517,56.9394672746,56.6845757966,56.7010204081,22188151,22188151,0.0,1.0,tiingo_historical_seed,
2020-02-10,EFA,68.85,69.13,68.85,69.1,56.6105750449,56.8407996057,56.6105750449,56.8161326885,13957641,13957641,0.0,1.0,tiingo_historical_seed,
2020-02-11,EFA,69.58,69.71,69.43,69.57,57.2108033642,57.3176933389,57.087468778,57.2025810584,16040607,16040607,0.0,1.0,tiingo_historical_seed,
2020-02-12,EFA,69.8,69.86,69.68,69.81,57.3916940905,57.441027925,57.2930264216,57.3999163963,13218078,13218078,0.0,1.0,tiingo_historical_seed,
2020-02-13,EFA,69.18,69.51,69.1,69.32,56.8819111344,57.153247224,56.8161326885,56.9970234149,20113118,20113118,0.0,1.0,tiingo_historical_seed,
2020-02-14,EFA,69.31,69.33,69.02,69.2,56.9888011091,57.0052457206,56.7503542425,56.8983557459,15005054,15005054,0.0,1.0,tiingo_historical_seed,
2020-02-18,EFA,68.7,68.9,68.62,68.76,56.4872404587,56.6516865736,56.4214620128,56.5365742932,29201864,29201864,0.0,1.0,tiingo_historical_seed,
2020-02-19,EFA,69.0,69.11,68.94,68.99,56.7339096311,56.8243549942,56.6845757966,56.7256873253,16232741,16232741,0.0,1.0,tiingo_historical_seed,
2020-02-20,EFA,68.72,68.87,68.19,68.58,56.5036850702,56.6270196564,56.0679028658,56.3885727898,24607671,24607671,0.0,1.0,tiingo_historical_seed,
2020-02-21,EFA,68.36,68.42,68.06,68.26,56.2076820635,56.2570158979,55.9610128912,56.125459006,24361903,24361903,0.0,1.0,tiingo_historical_seed,
2020-02-24,EFA,65.51,66.03,65.5,65.53,53.8643249265,54.2918848252,53.8561026208,53.880769538,51647090,51647090,0.0,1.0,tiingo_historical_seed,
2020-02-25,EFA,65.83,65.89,64.35,64.45,54.1274387103,54.1767725448,52.9105374603,52.9927605177,55520001,55520001,0.0,1.0,tiingo_historical_seed,
2020-02-26,EFA,65.0,65.43,64.48,64.53,53.4449873336,53.7985464806,53.0174274349,53.0585389637,64966046,64966046,0.0,1.0,tiingo_historical_seed,
2020-02-27,EFA,63.51,64.2,62.59,62.62,52.2198637778,52.7872028741,51.4634116494,51.4880785666,80201112,80201112,0.0,1.0,tiingo_historical_seed,
2020-02-28,EFA,61.26,62.35,60.67,62.24,50.3698449855,51.2660763115,49.8847289466,51.1756309484,122341999,122341999,0.0,1.0,tiingo_historical_seed,
2020-03-02,EFA,62.23,63.17,61.71,63.04,51.1674086426,51.9403053825,50.739848744,51.8334154079,78723746,78723746,0.0,1.0,tiingo_historical_seed,
2020-03-03,EFA,63.57,64.27,62.05,62.53,52.2691976123,52.8447590143,51.0194071392,51.4140778149,77674821,77674821,0.0,1.0,tiingo_historical_seed,
2020-03-04,EFA,63.63,64.47,63.1,64.4,52.3185314467,53.0092051292,51.8827492423,52.951648989,41681741,41681741,0.0,1.0,tiingo_historical_seed,
2020-03-05,EFA,62.96,63.37,62.41,62.69,51.7676369619,52.1047514974,51.315410146,51.5456347068,46293961,46293961,0.0,1.0,tiingo_historical_seed,
2020-03-06,EFA,61.56,62.1,61.16,61.75,50.6165141578,51.060518668,50.2876219281,50.7727379669,64277168,64277168,0.0,1.0,tiingo_historical_seed,
2020-03-09,EFA,57.63,58.81,56.76,56.96,47.3851480005,48.3553800783,46.6698074009,46.8342535157,68412611,68412611,0.0,1.0,tiingo_historical_seed,
2020-03-10,EFA,59.2,59.37,57.19,59.06,48.6760500023,48.8158291999,47.0233665478,48.5609377219,110061559,110061559,0.0,1.0,tiingo_historical_seed,
2020-03-11,EFA,57.54,57.69,55.69,56.05,47.3111472489,47.434481835,45.7900206863,46.0860236931,77450056,77450056,0.0,1.0,tiingo_historical_seed,
2020-03-12,EFA,51.8,51.96,49.21,49.89,42.591543752,42.7231006439,40.4619665644,41.021083355,91151685,91151685,0.0,1.0,tiingo_historical_seed,
2020-03-13,EFA,53.12,53.3,49.77,52.91,43.6768881102,43.8248896136,40.9224156861,43.5042196896,73576250,73576250,0.0,1.0,tiingo_historical_seed,
2020-03-16,EFA,46.59,49.07,45.77,47.45,38.3077224596,40.346854284,37.6334933886,39.0148407535,54122218,54122218,0.0,1.0,tiingo_historical_seed,
2020-03-17,EFA,48.12,49.9,47.36,49.76,39.5657352384,41.0293056607,38.9408400018,40.9141933803,54925558,54925558,0.0,1.0,tiingo_historical_seed,
2020-03-18,EFA,46.68,48.12,45.73,46.91,38.3817232113,39.5657352384,37.6006041656,38.5708362434,74919581,74919581,0.0,1.0,tiingo_historical_seed,
2020-03-19,EFA,46.86,48.7,46.46,47.64,38.5297247147,40.0426289715,38.2008324849,39.1710645627,65863025,65863025,0.0,1.0,tiingo_historical_seed,
2020-03-20,EFA,48.87,49.39,47.0,47.05,40.1824081691,40.6099680678,38.6448369951,38.6859485238,62802848,62802848,0.0,1.0,tiingo_historical_seed,
2020-03-23,EFA,47.34,47.63,46.19,46.5,38.9243953904,39.1628422569,37.9788302298,38.2337217079,61703194,61703194,0.0,1.0,tiingo_historical_seed,
2020-03-24,EFA,50.03,50.81,49.43,50.44,41.1361956354,41.7775354834,40.6428572908,41.4733101709,51117895,51117895,0.0,1.0,tiingo_historical_seed,
2020-03-25,EFA,51.0,52.91,50.28,52.08,41.9337592925,43.5042196896,41.341753279,42.8217683128,60404123,60404123,0.0,1.0,tiingo_historical_seed,
2020-03-26,EFA,52.38,54.5,52.38,54.41,43.0684374851,44.8115663028,43.0684374851,44.7375655511,60511825,60511825,0.0,1.0,tiingo_historical_seed,
2020-03-27,EFA,52.44,53.74,52.04,52.86,43.1177713196,44.1866710663,42.7888790899,43.4631081608,53372374,53372374,0.0,1.0,tiingo_historical_seed,
2020-03-30,EFA,53.05,53.97,52.7,53.93,43.61933197,44.3757840984,43.3315512689,44.3428948754,46494671,46494671,0.0,1.0,tiingo_historical_seed,
2020-03-31,EFA,53.09,53.94,52.8,53.46,43.6522211929,44.3511171811,43.4137743264,43.9564465055,64906254,64906254,0.0,1.0,tiingo_historical_seed,
2020-04-01,EFA,51.73,52.27,51.05,51.09,42.5339876118,42.977992122,41.9748708212,42.0077600442,40960139,40960139,0.0,1.0,tiingo_historical_seed,
2020-04-02,EFA,51.17,52.3,51.01,52.09,42.0735384902,43.0026590392,41.9419815983,42.8299906186,38007243,38007243,0.0,1.0,tiingo_historical_seed,
2020-04-03,EFA,51.26,51.47,50.59,50.9,42.1475392419,42.3202076625,41.596644757,41.8515362351,33029767,33029767,0.0,1.0,tiingo_historical_seed,
2020-04-06,EFA,52.75,53.8,52.59,53.6,43.3726627977,44.2360049007,43.2411059058,44.0715587859,42257353,42257353,0.0,1.0,tiingo_historical_seed,
2020-04-07,EFA,55.42,55.49,53.8,53.9,45.5680184312,45.6255745714,44.2360049007,44.3182279582,36670453,36670453,0.0,1.0,tiingo_historical_seed,
2020-04-08,EFA,54.05,54.58,53.6,54.34,44.4415625443,44.8773447487,44.0715587859,44.6800094109,35282882,35282882,0.0,1.0,tiingo_historical_seed,
2020-04-09,EFA,55.18,55.77,55.0,55.57,45.3706830934,45.8557991322,45.22268159,45.6913530174,42218204,42218204,0.0,1.0,tiingo_historical_seed,
2020-04-13,EFA,55.4,55.49,54.62,55.04,45.5515738197,45.6255745714,44.9102339717,45.2555708129,33424732,33424732,0.0,1.0,tiingo_historical_seed,
2020-04-14,EFA,55.92,56.43,55.81,56.02,45.9791337184,46.3984713113,45.8886883552,46.0613567758,36915626,36915626,0.0,1.0,tiingo_historical_seed,
2020-04-15,EFA,54.45,54.7,54.12,54.27,44.7704547741,44.9760124177,44.4991186845,44.6224532707,30158708,30158708,0.0,1.0,tiingo_historical_seed,
2020-04-16,EFA,54.48,54.56,53.78,54.3,44.7951216913,44.8609001373,44.2195602893,44.6471201879,37284189,37284189,0.0,1.0,tiingo_historical_seed,
2020-04-17,EFA,55.6,55.81,55.12,55.74,45.7160199346,45.8886883552,45.3213492589,45.831132215,36205112,36205112,0.0,1.0,tiingo_historical_seed,
2020-04-20,EFA,55.06,55.77,54.9,54.91,45.2720154244,45.8557991322,45.1404585325,45.1486808383,25077408,25077408,0.0,1.0,tiingo_historical_seed,
2020-04-21,EFA,54.1,54.52,53.67,53.84,44.482674073,44.8280109143,44.1291149261,44.2688941237,35535258,35535258,0.0,1.0,tiingo_historical_seed,
2020-04-22,EFA,54.76,54.87,54.51,54.75,45.0253462521,45.1157916153,44.8197886085,45.0171239464,28732720,28732720,0.0,1.0,tiingo_historical_seed,
2020-04-23,EFA,54.86,55.65,54.45,54.58,45.1075693096,45.7571314633,44.7704547741,44.8773447487,34733369,34733369,0.0,1.0,tiingo_historical_seed,
2020-04-24,EFA,54.99,55.26,54.57,55.21,45.2144592842,45.4364615393,44.869122443,45.3953500106,30445130,30445130,0.0,1.0,tiingo_historical_seed,
2020-04-27,EFA,55.58,56.07,55.49,55.94,45.6995753231,46.1024683045,45.6255745714,45.9955783299,30786875,30786875,0.0,1.0,tiingo_historical_seed,
2020-04-28,EFA,57.08,57.1,56.32,56.36,46.9329211846,46.9493657961,46.3080259481,46.3409151711,35115375,35115375,0.0,1.0,tiingo_historical_seed,
2020-04-29,EFA,57.54,57.97,57.41,57.77,47.3111472489,47.6647063958,47.2042572742,47.500260281,34921819,34921819,0.0,1.0,tiingo_historical_seed,
2020-04-30,EFA,56.99,57.09,56.26,56.57,46.858920433,46.9411434904,46.2586921137,46.5135835917,52183051,52183051,0.0,1.0,tiingo_historical_seed,
2020-05-01,EFA,55.73,55.81,55.11,55.34,45.8229099093,45.8886883552,45.3131269532,45.5022399853,32088314,32088314,0.0,1.0,tiingo_historical_seed,
2020-05-04,EFA,54.92,55.33,54.7,55.32,45.156903144,45.4940176795,44.9760124177,45.4857953738,23432002,23432002,0.0,1.0,tiingo_historical_seed,
2020-05-05,EFA,55.73,55.94,55.33,55.42,45.8229099093,45.9955783299,45.4940176795,45.5680184312,23459138,23459138,0.0,1.0,tiingo_historical_seed,
2020-05-06,EFA,55.85,55.89,55.06,55.06,45.9215775782,45.9544668012,45.2720154244,45.2720154244,22592263,22592263,0.0,1.0,tiingo_historical_seed,
2020-05-07,EFA,55.87,56.16,55.62,55.89,45.9380221897,46.1764690562,45.7324645461,45.9544668012,30628732,30628732,0.0,1.0,tiingo_historical_seed,
2020-05-08,EFA,56.58,56.85,56.49,56.84,46.5218058975,46.7438081525,46.4478051458,46.7355858468,20445849,20445849,0.0,1.0,tiingo_historical_seed,
2020-05-11,EFA,56.5,56.95,56.41,56.79,46.4560274515,46.82603121,46.3820266998,46.6944743181,30772319,30772319,0.0,1.0,tiingo_historical_seed,
2020-05-12,EFA,56.96,57.02,56.07,56.07,46.8342535157,46.8835873502,46.1024683045,46.1024683045,59236054,59236054,0.0,1.0,tiingo_historical_seed,
2020-05-13,EFA,56.41,56.42,55.37,55.64,46.3820266998,46.3902490056,45.5269069025,45.7489091576,31920260,31920260,0.0,1.0,tiingo_historical_seed,
2020-05-14,EFA,54.35,55.19,54.01,55.11,44.6882317166,45.3789053991,44.4086733214,45.3131269532,41214952,41214952,0.0,1.0,tiingo_historical_seed,
2020-05-15,EFA,55.04,55.38,54.8,55.16,45.2555708129,45.5351292082,45.0582354751,45.3542384819,34110992,34110992,0.0,1.0,tiingo_historical_seed,
2020-05-18,EFA,56.56,57.52,56.53,57.39,46.505361286,47.2947026374,46.4806943687,47.1878126627,39999479,39999479,0.0,1.0,tiingo_historical_seed,
2020-05-19,EFA,56.97,57.23,56.59,56.6,46.8424758215,47.0562557708,46.5300282032,46.538250509,31462447,31462447,0.0,1.0,tiingo_historical_seed,
2020-05-20,EFA,57.68,58.06,57.55,57.78,47.4262595293,47.7387071475,47.3193695546,47.5084825867,32827614,32827614,0.0,1.0,tiingo_historical_seed,
2020-05-21,EFA,57.59,57.75,56.94,57.11,47.3522587776,47.4838156695,46.8178089042,46.9575881019,27554376,27554376,0.0,1.0,tiingo_historical_seed,
2020-05-22,EFA,56.83,56.99,56.58,56.95,46.7273635411,46.858920433,46.5218058975,46.82603121,27513051,27513051,0.0,1.0,tiingo_historical_seed,
2020-05-26,EFA,58.69,58.91,58.54,58.58,48.2567124094,48.4376031357,48.1333778232,48.1662670462,46679704,46679704,0.0,1.0,tiingo_historical_seed,
2020-05-27,EFA,59.31,59.34,58.67,59.29,48.7664953655,48.7911622827,48.2402677979,48.750050754,33723366,33723366,0.0,1.0,tiingo_historical_seed,
2020-05-28,EFA,60.06,60.52,59.82,59.85,49.3831682963,49.7613943605,49.1858329584,49.2104998756,40630217,40630217,0.0,1.0,tiingo_historical_seed,
2020-05-29,EFA,59.76,59.8,59.01,59.64,49.1364991239,49.1693883469,48.5198261932,49.037831455,47437051,47437051,0.0,1.0,tiingo_historical_seed,
2020-06-01,EFA,60.13,60.99,60.08,60.97,49.4407244365,50.1478427304,49.3996129077,50.1313981189,30195051,30195051,0.0,1.0,tiingo_historical_seed,
2020-06-02,EFA,61.34,61.66,61.25,61.54,50.4356234314,50.6987372152,50.3616226797,50.6000695463,31662989,31662989,0.0,1.0,tiingo_historical_seed,
2020-06-03,EFA,62.32,63.19,62.3,63.01,51.2414093943,51.956749994,51.2249647828,51.8087484906,29773115,29773115,0.0,1.0,tiingo_historical_seed,
2020-06-04,EFA,62.61,63.12,62.57,62.74,51.4798562609,51.8991938538,51.4469670379,51.5867462355,26190309,26190309,0.0,1.0,tiingo_historical_seed,
2020-06-05,EFA,63.98,64.32,63.7,63.82,52.6063121478,52.885870543,52.3760875869,52.4747552559,31208725,31208725,0.0,1.0,tiingo_historical_seed,
2020-06-08,EFA,64.17,64.66,63.79,64.65,52.7625359569,53.1654289383,52.4500883386,53.1572066326,29643971,29643971,0.0,1.0,tiingo_historical_seed,
2020-06-09,EFA,63.54,64.03,63.45,63.81,52.244530695,52.6474236765,52.1705299433,52.4665329501,30176548,30176548,0.0,1.0,tiingo_historical_seed,
2020-06-10,EFA,64.04,64.22,63.43,63.67,52.6556459822,52.8036474856,52.1540853319,52.3514206697,27492200,27492200,0.0,1.0,tiingo_historical_seed,
2020-06-11,EFA,61.98,62.18,60.13,60.26,50.961850999,51.1262971139,49.4407244365,49.5476144111,54691656,54691656,0.0,1.0,tiingo_historical_seed,
2020-06-12,EFA,61.86,62.01,60.44,61.3,50.8631833301,50.9865179163,49.6956159145,50.4027342085,57668894,57668894,0.0,1.0,tiingo_historical_seed,
2020-06-15,EFA,59.32,60.84,59.13,60.69,49.4640549593,50.7315088288,49.3056232256,50.6064311443,30698683,30698683,0.857737,1.0,tiingo_historical_seed,
2020-06-16,EFA,61.9,62.02,60.76,61.44,51.6153911325,51.7154532801,50.6648007304,51.2318195667,37025410,37025410,0.0,1.0,tiingo_historical_seed,
2020-06-17,EFA,61.92,62.02,61.49,61.67,51.6320681571,51.7154532801,51.2735121282,51.4236053496,26238324,26238324,0.0,1.0,tiingo_historical_seed,
2020-06-18,EFA,61.17,61.55,61.05,61.34,51.0066797346,51.323543202,50.906617587,51.1484344437,20035737,20035737,0.0,1.0,tiingo_historical_seed,
2020-06-19,EFA,62.04,62.06,60.95,61.04,51.7321303047,51.7488073293,50.823232464,50.8982790747,32270802,32270802,0.0,1.0,tiingo_historical_seed,
2020-06-22,EFA,61.45,61.85,61.21,61.77,51.240158079,51.573698571,51.0400337838,51.5069904726,20742985,20742985,0.0,1.0,tiingo_historical_seed,
2020-06-23,EFA,62.49,62.61,62.04,62.11,52.1073633581,52.2074255057,51.7321303047,51.7904998908,20897849,20897849,0.0,1.0,tiingo_historical_seed,
2020-06-24,EFA,61.39,61.53,60.34,60.52,51.1901270052,51.3068661774,50.3145832138,50.4646764352,34030902,34030902,0.0,1.0,tiingo_historical_seed,
2020-06-25,EFA,60.58,61.44,60.3,61.38,50.514707509,51.2318195667,50.2812291646,51.1817884929,26357131,26357131,0.0,1.0,tiingo_historical_seed,
2020-06-26,EFA,61.23,61.29,60.4,60.49,51.0567108084,51.1067418822,50.3646142876,50.4396608983,32279266,32279266,0.0,1.0,tiingo_historical_seed,
2020-06-29,EFA,60.79,61.095,60.44,60.98,50.6898162673,50.9441408924,50.3979683368,50.8482480009,23749698,23749698,0.0,1.0,tiingo_historical_seed,
2020-06-30,EFA,60.55,61.1,60.45,60.87,50.4896919721,50.9483101485,50.4063068491,50.7565243656,32612947,32612947,0.0,1.0,tiingo_historical_seed,
2020-07-01,EFA,60.8,61.29,60.75,61.1,50.6981547796,51.1067418822,50.6564622181,50.9483101485,25125522,25125522,0.0,1.0,tiingo_historical_seed,
2020-07-02,EFA,61.95,62.26,61.68,61.77,51.657083694,51.9155775752,51.4319438619,51.5069904726,20854116,20854116,0.0,1.0,tiingo_historical_seed,
2020-07-06,EFA,62.7,62.89,62.45,62.78,52.2824721164,52.4409038501,52.0740093089,52.3491802148,21536381,21536381,0.0,1.0,tiingo_historical_seed,
2020-07-07,EFA,62.21,62.48,61.84,61.86,51.8738850138,52.0990248458,51.5653600587,51.5820370833,17394207,17394207,0.0,1.0,tiingo_historical_seed,
2020-07-08,EFA,61.87,62.41,61.76,62.38,51.5903755956,52.0406552597,51.4986519603,52.0156397228,17363400,17363400,0.0,1.0,tiingo_historical_seed,
2020-07-09,EFA,62.29,62.3,61.25,61.67,51.9405931121,51.9489316244,51.073387833,51.4236053496,26098167,26098167,0.0,1.0,tiingo_historical_seed,
2020-07-10,EFA,61.92,62.36,61.73,62.33,51.6320681571,51.9989626982,51.4736364234,51.9739471613,22008832,22008832,0.0,1.0,tiingo_historical_seed,
2020-07-13,EFA,62.68,63.03,61.84,61.93,52.2657950918,52.5576430223,51.5653600587,51.6404066694,20515579,20515579,0.0,1.0,tiingo_historical_seed,
2020-07-14,EFA,62.05,62.91,61.98,62.84,51.740468817,52.4575808747,51.6820992309,52.3992112886,35120695,35120695,0.0,1.0,tiingo_historical_seed,
2020-07-15,EFA,63.79,63.99,63.38,63.55,53.191369957,53.358140203,52.8494909528,52.9912456619,28888565,28888565,0.0,1.0,tiingo_historical_seed,
2020-07-16,EFA,63.15,63.41,63.03,63.14,52.6577051699,52.8745064897,52.5576430223,52.6493666576,24677179,24677179,0.0,1.0,tiingo_historical_seed,
2020-07-17,EFA,63.29,63.52,63.13,63.51,52.7744443421,52.966230125,52.6410281453,52.9578916127,19641822,19641822,0.0,1.0,tiingo_historical_seed,
2020-07-20,EFA,63.51,63.84,63.33,63.82,52.9578916127,53.2330625185,52.8077983913,53.2163854939,17996108,17996108,0.0,1.0,tiingo_historical_seed,
2020-07-21,EFA,64.15,64.32,63.91,63.95,53.4915563998,53.6333111089,53.2914321046,53.3247861538,21179716,21179716,0.0,1.0,tiingo_historical_seed,
2020-07-22,EFA,63.95,64.21,63.84,64.12,53.3247861538,53.5415874736,53.2330625185,53.4665408629,18023433,18023433,0.0,1.0,tiingo_historical_seed,
2020-07-23,EFA,63.97,64.215,63.45,63.61,53.3414631784,53.5457567298,52.9078605389,53.0412767356,16080725,16080725,0.0,1.0,tiingo_historical_seed,
2020-07-24,EFA,63.22,63.46,63.08,63.26,52.716074756,52.9161990512,52.5993355838,52.7494288052,16017873,16017873,0.0,1.0,tiingo_historical_seed,
2020-07-27,EFA,63.87,64.2,63.81,64.09,53.2580780554,53.5332489613,53.2080469816,53.441525326,16368245,16368245,0.0,1.0,tiingo_historical_seed,
2020-07-28,EFA,63.75,64.05,63.645,63.68,53.1580159078,53.4081712768,53.0704615287,53.0996463217,20470293,20470293,0.0,1.0,tiingo_historical_seed,
2020-07-29,EFA,63.97,64.46,63.84,64.35,53.3414631784,53.7500502811,53.2330625185,53.6583266458,20055938,20055938,0.0,1.0,tiingo_historical_seed,
2020-07-30,EFA,62.83,63.52,62.31,63.4,52.3908727763,52.966230125,51.9572701367,52.8661679774,24664065,24664065,0.0,1.0,tiingo_historical_seed,
2020-07-31,EFA,63.01,63.02,61.66,62.05,52.5409659977,52.54930451,51.4152668373,51.740468817,36002267,36002267,0.0,1.0,tiingo_historical_seed,
2020-08-03,EFA,62.69,63.27,62.54,63.26,52.2741336041,52.7577673175,52.1490559196,52.7494288052,23609711,23609711,0.0,1.0,tiingo_historical_seed,
2020-08-04,EFA,62.97,63.61,62.94,63.61,52.5076119485,53.0412767356,52.4825964116,53.0412767356,16236798,16236798,0.0,1.0,tiingo_historical_seed,
2020-08-05,EFA,64.09,64.26,63.73,63.82,53.441525326,53.5832800351,53.1413388832,53.2163854939,17909769,17909769,0.0,1.0,tiingo_historical_seed,
2020-08-06,EFA,63.57,63.99,63.4,63.89,53.0079226865,53.358140203,52.8661679774,53.27475508,17210476,17210476,0.0,1.0,tiingo_historical_seed,
2020-08-07,EFA,63.27,63.64,63.2,63.63,52.7577673175,53.0662922725,52.6993977314,53.0579537602,14988944,14988944,0.0,1.0,tiingo_historical_seed,
2020-08-10,EFA,63.68,63.85,63.47,63.84,53.0996463217,53.2414010308,52.9245375635,53.2330625185,10049034,10049034,0.0,1.0,tiingo_historical_seed,
2020-08-11,EFA,64.93,64.9745,64.02,64.07,54.1419603592,54.1790667389,53.3831557399,53.4248483014,31465511,31465511,0.0,1.0,tiingo_historical_seed,
2020-08-12,EFA,65.35,65.76,65.255,65.49,54.4921778757,54.83405688,54.4129620089,54.6089170479,28638495,28638495,0.0,1.0,tiingo_historical_seed,
2020-08-13,EFA,65.41,65.58,65.01,65.2,54.5422089495,54.6839636586,54.2086684575,54.3671001912,17783143,17783143,0.0,1.0,tiingo_historical_seed,
2020-08-14,EFA,64.74,64.935,64.62,64.8,53.9835286255,54.1461296153,53.8834664779,54.0335596993,10874170,10874170,0.0,1.0,tiingo_historical_seed,
2020-08-17,EFA,65.11,65.32,65.1,65.29,54.2920535805,54.4671623388,54.2837150682,54.4421468019,11414928,11414928,0.0,1.0,tiingo_historical_seed,
2020-08-18,EFA,65.53,65.62,65.06,65.25,54.6422710971,54.7173177078,54.250361019,54.4087927527,23832720,23832720,0.0,1.0,tiingo_historical_seed,
2020-08-19,EFA,65.54,65.62,64.92,64.96,54.6506096094,54.7173177078,54.1336218469,54.1669758961,15591900,15591900,0.0,1.0,tiingo_historical_seed,
2020-08-20,EFA,64.35,64.8601,64.29,64.75,53.6583266458,54.0836741582,53.608295572,53.9918671378,19825871,19825871,0.0,1.0,tiingo_historical_seed,
2020-08-21,EFA,64.01,64.43,63.98,64.42,53.3748172276,53.7250347442,53.3498016907,53.7166962319,15926466,15926466,0.0,1.0,tiingo_historical_seed,
2020-08-24,EFA,65.39,65.4,65.001,65.27,54.5255319249,54.5338704372,54.2011637965,54.4254697773,14627711,14627711,0.0,1.0,tiingo_historical_seed,
2020-08-25,EFA,65.63,65.64,64.96,65.31,54.7256562201,54.7339947324,54.1669758961,54.4588238265,18507532,18507532,0.0,1.0,tiingo_historical_seed,
2020-08-26,EFA,65.34,65.77,65.26,65.69,54.4838393634,54.8423953923,54.417131265,54.7756872939,19549764,19549764,0.0,1.0,tiingo_historical_seed,
2020-08-27,EFA,65.73,65.76,64.78,65.02,54.8090413431,54.83405688,54.0168826747,54.2170069698,24413907,24413907,0.0,1.0,tiingo_historical_seed,
2020-08-28,EFA,65.41,65.51,65.06,65.48,54.5422089495,54.6255940725,54.250361019,54.6005785356,15197286,15197286,0.0,1.0,tiingo_historical_seed,
2020-08-31,EFA,65.31,65.52,64.95,64.98,54.4588238265,54.6339325848,54.1586373838,54.1836529206,24929910,24929910,0.0,1.0,tiingo_historical_seed,
2020-09-01,EFA,65.02,65.18,64.76,65.05,54.2170069698,54.3504231666,54.0002056501,54.2420225067,23945546,23945546,0.0,1.0,tiingo_historical_seed,
2020-09-02,EFA,65.52,65.97,65.27,65.92,54.6339325848,55.0091656383,54.4254697773,54.9674730768,20748359,20748359,0.0,1.0,tiingo_historical_seed,
2020-09-03,EFA,65.71,65.765,64.16,64.43,54.7923643185,54.8382261361,53.4998949121,53.7250347442,43834315,43834315,0.0,1.0,tiingo_historical_seed,
2020-09-04,EFA,64.69,64.85,63.35,64.52,53.941836064,54.0752522608,52.8244754159,53.8000813549,33992752,33992752,0.0,1.0,tiingo_historical_seed,
2020-09-08,EFA,63.73,64.27,63.495,63.73,53.1413388832,53.5916185474,52.9453838442,53.1413388832,26869621,26869621,0.0,1.0,tiingo_historical_seed,
2020-09-09,EFA,64.75,65.16,64.63,64.92,53.9918671378,54.333746142,53.8918049902,54.1336218469,23374015,23374015,0.0,1.0,tiingo_historical_seed,
2020-09-10,EFA,65.27,65.37,64.16,64.16,54.4254697773,54.5088549003,53.4998949121,53.4998949121,30361042,30361042,0.0,1.0,tiingo_historical_seed,
2020-09-11,EFA,64.95,65.135,64.53,64.8,54.1586373838,54.3128998613,53.8084198672,54.0335596993,29958948,29958948,0.0,1.0,tiingo_historical_seed,
2020-09-14,EFA,65.35,65.4482,65.1,65.15,54.4921778757,54.5740620665,54.2837150682,54.3254076297,14663452,14663452,0.0,1.0,tiingo_historical_seed,
2020-09-15,EFA,65.81,65.84,65.43,65.57,54.8757494415,54.9007649784,54.5588859741,54.6756251463,17678724,17678724,0.0,1.0,tiingo_historical_seed,
2020-09-16,EFA,65.76,66.02,65.45,65.57,54.83405688,55.0508581998,54.5755629987,54.6756251463,18052552,18052552,0.0,1.0,tiingo_historical_seed,
2020-09-17,EFA,65.18,65.68,65.12,65.66,54.3504231666,54.7673487816,54.3003920928,54.750671757,18149744,18149744,0.0,1.0,tiingo_historical_seed,
2020-09-18,EFA,65.47,65.5,64.91,65.13,54.5922400233,54.6172555602,54.1252833346,54.3087306051,27897505,27897505,0.0,1.0,tiingo_historical_seed,
2020-09-21,EFA,63.51,63.56,62.8,63.48,52.9578916127,52.9995841742,52.3658572394,52.9328760758,39928757,39928757,0.0,1.0,tiingo_historical_seed,
2020-09-22,EFA,63.48,63.55,62.885,63.46,52.9328760758,52.9912456619,52.436734594,52.9161990512,15810817,15810817,0.0,1.0,tiingo_historical_seed,
2020-09-23,EFA,63.84,63.88,62.86,62.93,53.2330625185,53.2664165677,52.4158883132,52.4742578993,18325764,18325764,0.0,1.0,tiingo_historical_seed,
2020-09-24,EFA,62.77,63.2786,62.45,62.87,52.3408417025,52.7649384381,52.0740093089,52.4242268255,25234863,25234863,0.0,1.0,tiingo_historical_seed,
2020-09-25,EFA,62.33,63.1,62.14,63.08,51.9739471613,52.6160126084,51.8155154277,52.5993355838,24180728,24180728,0.0,1.0,tiingo_historical_seed,
2020-09-28,EFA,63.89,64.05,63.775,64.03,53.27475508,53.4081712768,53.1788621886,53.3914942522,18102732,18102732,0.0,1.0,tiingo_historical_seed,
2020-09-29,EFA,64.03,64.23,63.72,63.96,53.3914942522,53.5582644982,53.1330003709,53.3331246661,16168285,16168285,0.0,1.0,tiingo_historical_seed,
2020-09-30,EFA,63.72,64.13,63.425,63.65,53.1330003709,53.4748793752,52.8870142581,53.0746307848,37083004,37083004,0.0,1.0,tiingo_historical_seed,
2020-10-01,EFA,64.0,64.07,63.64,64.02,53.3664787153,53.4248483014,53.0662922725,53.3831557399,33266740,33266740,0.0,1.0,tiingo_historical_seed,
2020-10-02,EFA,63.24,64.045,63.2,63.89,52.7327517806,53.4040020207,52.6993977314,53.27475508,25285542,25285542,0.0,1.0,tiingo_historical_seed,
2020-10-05,EFA,64.41,64.88,64.39,64.86,53.7083577196,54.1002677977,53.691680695,54.0835907731,14564076,14564076,0.0,1.0,tiingo_historical_seed,
2020-10-06,EFA,64.91,64.95,64.04,64.17,54.1252833346,54.1586373838,53.3998327645,53.5082334244,22901394,22901394,0.0,1.0,tiingo_historical_seed,
2020-10-07,EFA,64.62,64.805,64.49,64.72,53.8834664779,54.0377289554,53.775065818,53.9668516009,17055532,17055532,0.0,1.0,tiingo_historical_seed,
2020-10-08,EFA,65.01,65.19,64.94,65.17,54.2086684575,54.3587616789,54.1502988715,54.3420846543,13385039,13385039,0.0,1.0,tiingo_historical_seed,
2020-10-09,EFA,65.51,65.725,65.42,65.68,54.6255940725,54.8048720869,54.5505474618,54.7673487816,22181578,22181578,0.0,1.0,tiingo_historical_seed,
2020-10-12,EFA,65.83,66.11,65.765,66.06,54.8924264661,55.1259048105,54.8382261361,55.084212249,9676136,9676136,0.0,1.0,tiingo_historical_seed,
2020-10-13,EFA,65.52,65.52,65.19,65.32,54.6339325848,54.6339325848,54.3587616789,54.4671623388,16260531,16260531,0.0,1.0,tiingo_historical_seed,
2020-10-14,EFA,65.53,65.64,65.15,65.21,54.6422710971,54.7339947324,54.3254076297,54.3754387035,13143984,13143984,0.0,1.0,tiingo_historical_seed,
2020-10-15,EFA,63.94,64.5,63.915,64.44,53.3164476415,53.7834043303,53.2956013608,53.7333732565,20631772,20631772,0.0,1.0,tiingo_historical_seed,
2020-10-16,EFA,64.65,65.02,64.595,64.74,53.9084820148,54.2170069698,53.8626201971,53.9835286255,15792590,15792590,0.0,1.0,tiingo_historical_seed,
2020-10-19,EFA,65.09,65.17,64.42,64.5,54.2753765559,54.3420846543,53.7166962319,53.7834043303,14736365,14736365,0.0,1.0,tiingo_historical_seed,
2020-10-20,EFA,64.97,65.18,64.805,64.82,54.1753144083,54.3504231666,54.0377289554,54.0502367239,23268034,23268034,0.0,1.0,tiingo_historical_seed,
2020-10-21,EFA,64.715,65.04,64.49,64.51,53.9626823447,54.2336839944,53.775065818,53.7917428426,21699072,21699072,0.0,1.0,tiingo_historical_seed,
2020-10-22,EFA,64.44,64.665,64.1028,64.56,53.7333732565,53.9209897832,53.4521986218,53.8334354041,20533741,20533741,0.0,1.0,tiingo_historical_seed,
2020-10-23,EFA,64.95,64.98,64.58,64.98,54.1586373838,54.1836529206,53.8501124287,54.1836529206,19334179,19334179,0.0,1.0,tiingo_historical_seed,
2020-10-26,EFA,64.16,64.24,63.4232,63.81,53.4998949121,53.5666030105,52.8855133259,53.2080469816,17745738,17745738,0.0,1.0,tiingo_historical_seed,
2020-10-27,EFA,63.7,63.725,63.22,63.31,53.1163233463,53.1371696271,52.716074756,52.7911213667,19616919,19616919,0.0,1.0,tiingo_historical_seed,
2020-10-28,EFA,61.91,62.04,61.365,61.42,51.6237296448,51.7321303047,51.1692807245,51.2151425421,36132553,36132553,0.0,1.0,tiingo_historical_seed,
2020-10-29,EFA,61.46,61.91,61.14,61.71,51.2484965913,51.6237296448,50.9816641977,51.4569593988,30898366,30898366,0.0,1.0,tiingo_historical_seed,
2020-10-30,EFA,61.44,61.53,60.97,61.39,51.2318195667,51.3068661774,50.8399094886,51.1901270052,35889935,35889935,0.0,1.0,tiingo_historical_seed,
2020-11-02,EFA,62.08,62.235,61.765,62.19,51.7654843539,51.8947312945,51.5028212164,51.8572079892,24388595,24388595,0.0,1.0,tiingo_historical_seed,
2020-11-03,EFA,63.41,64.05,63.33,63.82,52.8745064897,53.4081712768,52.8077983913,53.2163854939,26474529,26474529,0.0,1.0,tiingo_historical_seed,
2020-11-04,EFA,64.1,65.07,63.84,64.52,53.4498638383,54.2586995313,53.2330625185,53.8000813549,26490176,26490176,0.0,1.0,tiingo_historical_seed,
2020-11-05,EFA,66.01,66.185,65.67,66.07,55.0425196875,55.1884436527,54.7590102693,55.0925507613,28528252,28528252,0.0,1.0,tiingo_historical_seed,
2020-11-06,EFA,66.315,66.49,66.095,66.21,55.2968443126,55.4427682778,55.113397042,55.2092899335,21980113,21980113,0.0,1.0,tiingo_historical_seed,
2020-11-09,EFA,69.36,69.38,68.12,68.14,57.8359213077,57.8525983323,56.8019457826,56.8186228072,43606535,43606535,0.0,1.0,tiingo_historical_seed,
2020-11-10,EFA,68.73,69.12,68.55,68.75,57.3105950329,57.6357970125,57.1605018115,57.3272720575,37172597,37172597,0.0,1.0,tiingo_historical_seed,
2020-11-11,EFA,69.24,69.375,69.045,69.33,57.7358591601,57.8484290762,57.5732581703,57.8109057708,16611402,16611402,0.0,1.0,tiingo_historical_seed,
2020-11-12,EFA,68.75,68.97,68.16,68.32,57.3272720575,57.5107193281,56.8352998318,56.9687160286,24076685,24076685,0.0,1.0,tiingo_historical_seed,
2020-11-13,EFA,68.75,69.41,68.72,69.37,57.3272720575,57.8776138692,57.3022565206,57.84425982,21598138,21598138,0.0,1.0,tiingo_historical_seed,
2020-11-16,EFA,70.07,70.14,69.71,70.09,58.427955681,58.4863252671,58.1277692382,58.4446327056,20294630,20294630,0.0,1.0,tiingo_historical_seed,
2020-11-17,EFA,69.84,70.2199,69.66,70.02,58.2361698981,58.5529499803,58.0860766767,58.3862631195,18574518,18574518,0.0,1.0,tiingo_historical_seed,
2020-11-18,EFA,70.13,70.35,69.65,69.65,58.4779867548,58.6614340254,58.0777381644,58.0777381644,15018046,15018046,0.0,1.0,tiingo_historical_seed,
2020-11-19,EFA,69.64,70.19,69.515,70.14,58.0693996521,58.5280178286,57.9651682484,58.4863252671,24048013,24048013,0.0,1.0,tiingo_historical_seed,
2020-11-20,EFA,70.12,70.44,70.05,70.35,58.4696482425,58.736480636,58.4112786564,58.6614340254,18571956,18571956,0.0,1.0,tiingo_historical_seed,
2020-11-23,EFA,70.6,70.685,70.01,70.26,58.8698968328,58.9407741874,58.3779246072,58.5863874147,14340286,14340286,0.0,1.0,tiingo_historical_seed,
2020-11-24,EFA,70.91,71.38,70.83,71.31,59.1283907141,59.5203007922,59.0616826157,59.4619312061,23398630,23398630,0.0,1.0,tiingo_historical_seed,
2020-11-25,EFA,70.89,71.4,70.755,71.22,59.1117136895,59.5369778168,58.9991437735,59.3868845954,19214874,19214874,0.0,1.0,tiingo_historical_seed,
2020-11-27,EFA,71.38,71.77,71.37,71.71,59.5203007922,59.8455027719,59.5119622799,59.7954716981,11839131,11839131,0.0,1.0,tiingo_historical_seed,
2020-11-30,EFA,71.46,71.53,70.09,70.15,59.5870088906,59.6453784767,58.4446327056,58.4946637794,46146551,46146551,0.0,1.0,tiingo_historical_seed,
2020-12-01,EFA,71.34,71.86,71.3,71.8,59.486946743,59.9205493825,59.4535926938,59.8705183088,29825010,29825010,0.0,1.0,tiingo_historical_seed,
2020-12-02,EFA,71.45,71.88,71.4,71.81,59.5786703783,59.9372264071,59.5369778168,59.878856821,20864720,20864720,0.0,1.0,tiingo_historical_seed,
2020-12-03,EFA,72.06,72.265,71.805,71.93,60.0873196285,60.2582591307,59.8746875649,59.9789189686,16572665,16572665,0.0,1.0,tiingo_historical_seed,
2020-12-04,EFA,72.34,72.555,72.31,72.54,60.3207979729,60.5000759873,60.295782436,60.4875682189,18956071,18956071,0.0,1.0,tiingo_historical_seed,
2020-12-07,EFA,72.02,72.22,71.78,71.95,60.0539655793,60.2207358253,59.8538412842,59.9955959932,19537682,19537682,0.0,1.0,tiingo_historical_seed,
2020-12-08,EFA,71.78,72.24,71.78,72.2,59.8538412842,60.2374128499,59.8538412842,60.2040588007,12428127,12428127,0.0,1.0,tiingo_historical_seed,
2020-12-09,EFA,72.64,72.64,71.84,72.3,60.5709533419,60.5709533419,59.9038723579,60.2874439237,18354988,18354988,0.0,1.0,tiingo_historical_seed,
2020-12-10,EFA,71.91,72.555,71.91,72.4,59.962241944,60.5000759873,59.962241944,60.3708290467,20871314,20871314,0.0,1.0,tiingo_historical_seed,
2020-12-11,EFA,71.96,72.19,71.75,72.18,60.0039345055,60.1957202884,59.8288257473,60.1873817761,21811995,21811995,0.0,1.0,tiingo_historical_seed,
2020-12-14,EFA,71.96,72.065,71.48,71.53,60.5865212872,60.6749257444,60.1823866261,60.2244839866,26176419,26176419,0.694495,1.0,tiingo_historical_seed,
2020-12-15,EFA,71.82,72.31,71.705,72.26,60.4686486777,60.881202811,60.3718247485,60.8391054505,24075665,24075665,0.0,1.0,tiingo_historical_seed,
2020-12-16,EFA,72.37,72.62,72.15,72.54,60.9317196436,61.1422064463,60.7464912573,61.0748506695,15616664,15616664,0.0,1.0,tiingo_historical_seed,
2020-12-17,EFA,73.17,73.275,72.98,73.05,61.6052774123,61.6936818694,61.4453074422,61.504243747,18633257,18633257,0.0,1.0,tiingo_historical_seed,
2020-12-18,EFA,73.0,73.02,72.555,72.67,61.4621463864,61.4789853306,61.0874798776,61.1843038069,27367942,27367942,0.0,1.0,tiingo_historical_seed,
2020-12-21,EFA,70.89,71.91,70.67,71.74,59.6856377717,60.5444239267,59.5004093853,60.4012929009,31487981,31487981,0.0,1.0,tiingo_historical_seed,
2020-12-22,EFA,71.59,71.665,71.34,71.56,60.2750008192,60.3381468601,60.0645140166,60.2497424029,20357177,20357177,0.0,1.0,tiingo_historical_seed,
2020-12-23,EFA,72.17,72.44,72.11,72.33,60.7633302015,60.9906559484,60.7128133688,60.8980417552,13577269,13577269,0.0,1.0,tiingo_historical_seed,
2020-12-24,EFA,72.3,72.435,72.19,72.36,60.8727833389,60.9864462123,60.7801691457,60.9233001715,7252936,7252936,0.0,1.0,tiingo_historical_seed,
2020-12-28,EFA,73.12,73.15,72.85,72.95,61.5631800517,61.5884384681,61.3358543048,61.4200490259,11123149,11123149,0.0,1.0,tiingo_historical_seed,
2020-12-29,EFA,73.8,73.855,73.32,73.42,62.1357041551,62.1820112516,61.7315694939,61.815764215,17541468,17541468,0.0,1.0,tiingo_historical_seed,
2020-12-30,EFA,73.81,74.0,73.47,73.52,62.1441236272,62.3040935972,61.8578615755,61.899958936,15147063,15147063,0.0,1.0,tiingo_historical_seed,
2020-12-31,EFA,73.44,73.45,72.79,72.96,61.8326031592,61.8410226313,61.2853374722,61.428468498,34218476,34218476,0.0,1.0,tiingo_historical_seed,
2021-01-04,EFA,74.39,74.42,73.05,73.34,62.6324530094,62.6577114257,61.504243747,61.7484084381,26703647,26703647,0.0,1.0,tiingo_historical_seed,
2021-01-05,EFA,73.58,74.28,73.52,74.1,61.9504757687,62.5398388162,61.899958936,62.3882883183,19748485,19748485,0.0,1.0,tiingo_historical_seed,
2021-01-06,EFA,74.3,75.32,74.22,74.95,62.5566777604,63.4154639154,62.4893219836,63.1039434474,25426945,25426945,0.0,1.0,tiingo_historical_seed,
2021-01-07,EFA,74.85,75.14,74.78,75.03,63.0197487264,63.2639134175,62.9608124216,63.1712992243,18783725,18783725,0.0,1.0,tiingo_historical_seed,
2021-01-08,EFA,75.58,75.73,74.95,75.73,63.6343701902,63.7606622718,63.1039434474,63.7606622718,25272172,25272172,0.0,1.0,tiingo_historical_seed,
2021-01-11,EFA,74.35,74.96,74.33,74.74,62.598775121,63.1123629195,62.5819361768,62.9271345332,23190793,23190793,0.0,1.0,tiingo_historical_seed,
2021-01-12,EFA,74.68,75.13,74.47,75.08,62.8766177005,63.2554939454,62.6998087863,63.2133965848,20355338,20355338,0.0,1.0,tiingo_historical_seed,
2021-01-13,EFA,74.96,75.16,74.82,74.98,63.1123629195,63.2807523617,62.99449031,63.1292018638,15580814,15580814,0.0,1.0,tiingo_historical_seed,
2021-01-14,EFA,75.21,75.75,75.2,75.58,63.3228497222,63.7775012161,63.3144302501,63.6343701902,22607523,22607523,0.0,1.0,tiingo_historical_seed,
2021-01-15,EFA,74.61,74.7599,73.965,74.4,62.8176813958,62.9438892827,62.2746254448,62.6408724815,27355929,27355929,0.0,1.0,tiingo_historical_seed,
2021-01-19,EFA,74.97,75.02,74.63,74.94,63.1207823917,63.1628797522,62.83452034,63.0955239753,20162268,20162268,0.0,1.0,tiingo_historical_seed,
2021-01-20,EFA,75.05,75.46,74.905,75.45,63.1881381685,63.5333365249,63.066055823,63.5249170528,14419070,14419070,0.0,1.0,tiingo_historical_seed,
2021-01-21,EFA,75.5,75.565,75.0407,75.51,63.5670144134,63.6217409821,63.1803080595,63.5754338855,20547435,20547435,0.0,1.0,tiingo_historical_seed,
2021-01-22,EFA,74.86,75.28,74.83,75.15,63.0281681985,63.381786027,63.0029097821,63.2723328896,18854749,18854749,0.0,1.0,tiingo_historical_seed,
2021-01-25,EFA,74.58,75.07,74.14,75.06,62.7924229795,63.2049771127,62.4219662067,63.1965576406,21748108,21748108,0.0,1.0,tiingo_historical_seed,
2021-01-26,EFA,75.17,75.265,74.9,75.17,63.2891718338,63.3691568188,63.0618460869,63.2891718338,14175190,14175190,0.0,1.0,tiingo_historical_seed,
2021-01-27,EFA,73.79,74.23,73.18,73.45,62.1272846829,62.4977414557,61.6136968844,61.8410226313,31245291,31245291,0.0,1.0,tiingo_historical_seed,
2021-01-28,EFA,73.64,74.34,73.57,73.92,62.0009926013,62.5903556489,61.9420562966,62.2367378203,26658603,26658603,0.0,1.0,tiingo_historical_seed,
2021-01-29,EFA,73.04,73.255,72.0,72.39,61.4958242749,61.6768429252,60.6201991757,60.9485585879,42149525,42149525,0.0,1.0,tiingo_historical_seed,
2021-02-01,EFA,73.28,73.325,72.925,73.25,61.6978916055,61.7357792299,61.3990003456,61.6726331891,23243925,23243925,0.0,1.0,tiingo_historical_seed,
2021-02-02,EFA,73.65,74.05,73.4705,73.99,62.0094120734,62.3461909577,61.8582825491,62.2956741251,19830457,19830457,0.0,1.0,tiingo_historical_seed,
2021-02-03,EFA,74.02,74.21,73.81,74.17,62.3209325414,62.4809025115,62.1441236272,62.447224623,11345808,11345808,0.0,1.0,tiingo_historical_seed,
2021-02-04,EFA,73.89,74.25,73.8193,74.25,62.211479404,62.5145803999,62.1519537362,62.5145803999,10500251,10500251,0.0,1.0,tiingo_historical_seed,
2021-02-05,EFA,74.61,74.75,74.315,74.71,62.8176813958,62.9355540053,62.5693069686,62.9018761169,10955566,10955566,0.0,1.0,tiingo_historical_seed,
2021-02-08,EFA,75.25,75.433,75.03,75.23,63.3565276107,63.5106039502,63.1712992243,63.3396886665,16405643,16405643,0.0,1.0,tiingo_historical_seed,
2021-02-09,EFA,75.34,75.695,75.26,75.64,63.4323028596,63.7311941195,63.3649470828,63.6848870229,16000767,16000767,0.0,1.0,tiingo_historical_seed,
2021-02-10,EFA,75.87,75.93,75.065,75.38,63.8785348814,63.929051714,63.2007673767,63.4659807481,14966073,14966073,0.0,1.0,tiingo_historical_seed,
2021-02-11,EFA,75.79,75.9,75.495,75.89,63.8111791045,63.9037932977,63.5628046773,63.8953738256,12314125,12314125,0.0,1.0,tiingo_historical_seed,
2021-02-12,EFA,75.68,76.35,75.67,76.31,63.7185649113,64.2826695425,63.7101454392,64.2489916541,11946762,11946762,0.0,1.0,tiingo_historical_seed,
2021-02-16,EFA,76.99,77.17,76.72,76.86,64.8215157574,64.9730662554,64.5941900105,64.71206262,20225649,20225649,0.0,1.0,tiingo_historical_seed,
2021-02-17,EFA,76.3,76.53,76.01,76.41,64.240572182,64.4342200405,63.9964074909,64.3331863752,19017767,19017767,0.0,1.0,tiingo_historical_seed,
2021-02-18,EFA,75.85,76.085,75.49,76.03,63.8616959371,64.0595535317,63.5585949413,64.0132464351,19191749,19191749,0.0,1.0,tiingo_historical_seed,
2021-02-19,EFA,76.34,76.59,76.14,76.25,64.2742500704,64.4847368731,64.1058606283,64.1984748214,14962574,14962574,0.0,1.0,tiingo_historical_seed,
2021-02-22,EFA,76.02,76.5201,75.97,76.06,64.004826963,64.4258847631,63.9627296024,64.0385048514,18903219,18903219,0.0,1.0,tiingo_historical_seed,
2021-02-23,EFA,75.97,76.3699,75.3,76.13,63.9627296024,64.299424292,63.3986249712,64.0974411562,25014456,25014456,0.0,1.0,tiingo_historical_seed,
2021-02-24,EFA,75.66,76.45,75.47,76.37,63.7017259671,64.3668642636,63.541755997,64.2995084867,21877579,21877579,0.0,1.0,tiingo_historical_seed,
2021-02-25,EFA,76.5,76.68,74.94,75.07,64.4089616241,64.5605121221,63.0955239753,63.2049771127,35430762,35430762,0.0,1.0,tiingo_historical_seed,
2021-02-26,EFA,74.86,74.86,73.96,74.01,63.0281681985,63.0281681985,62.2704157088,62.3125130693,47288239,47288239,0.0,1.0,tiingo_historical_seed,
2021-03-01,EFA,74.9,75.461,74.86,75.4,63.0618460869,63.5341784721,63.0281681985,63.4828196923,24269364,24269364,0.0,1.0,tiingo_historical_seed,
2021-03-02,EFA,75.34,75.58,75.11,75.32,63.4323028596,63.6343701902,63.2386550012,63.4154639154,22204887,22204887,0.0,1.0,tiingo_historical_seed,
2021-03-03,EFA,75.09,75.41,74.75,74.86,63.221816057,63.4912391644,62.9355540053,63.0281681985,20856074,20856074,0.0,1.0,tiingo_historical_seed,
2021-03-04,EFA,74.93,75.24,73.725,74.15,63.0871045032,63.3481081386,62.0725581142,62.4303856788,34648554,34648554,0.0,1.0,tiingo_historical_seed,
2021-03-05,EFA,74.61,74.75,73.56,74.63,62.8176813958,62.9355540053,61.9336368245,62.83452034,29694166,29694166,0.0,1.0,tiingo_historical_seed,
2021-03-08,EFA,74.32,74.9,74.14,74.37,62.5735167047,63.0618460869,62.4219662067,62.6156140652,25081049,25081049,0.0,1.0,tiingo_historical_seed,
2021-03-09,EFA,75.18,75.52,75.06,75.37,63.2975913059,63.5838533576,63.1965576406,63.457561276,19060262,19060262,0.0,1.0,tiingo_historical_seed,
2021-03-10,EFA,75.7,75.79,75.335,75.69,63.7354038555,63.8111791045,63.4280931236,63.7269843834,19467435,19467435,0.0,1.0,tiingo_historical_seed,
2021-03-11,EFA,75.93,76.22,75.75,76.09,63.929051714,64.1732164051,63.7775012161,64.0637632677,15485310,15485310,0.0,1.0,tiingo_historical_seed,
2021-03-12,EFA,75.68,76.31,75.65,76.28,63.7185649113,64.2489916541,63.693306495,64.2237332378,16342490,16342490,0.0,1.0,tiingo_historical_seed,
2021-03-15,EFA,76.17,76.38,75.72,76.34,64.1311190446,64.3079279588,63.7522427997,64.2742500704,17320131,17320131,0.0,1.0,tiingo_historical_seed,
2021-03-16,EFA,76.52,76.585,76.34,76.47,64.4258005684,64.4805271371,64.2742500704,64.3837032078,16662642,16662642,0.0,1.0,tiingo_historical_seed,
2021-03-17,EFA,76.21,77.01,76.115,76.92,64.164796933,64.8383547016,64.084811948,64.7625794527,16305003,16305003,0.0,1.0,tiingo_historical_seed,
2021-03-18,EFA,76.54,77.055,76.21,76.22,64.4426395126,64.8762423261,64.164796933,64.1732164051,23177378,23177378,0.0,1.0,tiingo_historical_seed,
2021-03-19,EFA,76.21,76.51,75.765,76.43,64.164796933,64.4173810962,63.7901304242,64.3500253194,31465206,31465206,0.0,1.0,tiingo_historical_seed,
2021-03-22,EFA,76.3,76.69,76.24,76.5,64.240572182,64.5689315942,64.1900553493,64.4089616241,27978207,27978207,0.0,1.0,tiingo_historical_seed,
2021-03-23,EFA,75.98,76.09,75.34,75.44,63.9711490745,64.0637632677,63.4323028596,63.5164975807,22514227,22514227,0.0,1.0,tiingo_historical_seed,
2021-03-24,EFA,75.23,75.59,75.05,75.06,63.3396886665,63.6427896623,63.1881381685,63.1965576406,20717029,20717029,0.0,1.0,tiingo_historical_seed,
2021-03-25,EFA,75.0,75.66,74.835,75.62,63.146040808,63.7017259671,63.0071195182,63.6680480787,25182994,25182994,0.0,1.0,tiingo_historical_seed,
2021-03-26,EFA,75.88,76.62,75.87,76.6,63.8869543535,64.5099952894,63.8785348814,64.4931563452,27381788,27381788,0.0,1.0,tiingo_historical_seed,
2021-03-29,EFA,76.14,76.43,75.92,76.3,64.1058606283,64.3500253194,63.9206322419,64.240572182,18381641,18381641,0.0,1.0,tiingo_historical_seed,
2021-03-30,EFA,75.885,76.265,75.81,76.2,63.8911640895,64.2111040296,63.8280180487,64.1563774609,15377434,15377434,0.0,1.0,tiingo_historical_seed,
2021-03-31,EFA,75.88,76.23,75.82,75.87,63.8869543535,64.1816358772,63.8364375208,63.8785348814,32191645,32191645,0.0,1.0,tiingo_historical_seed,
2021-04-01,EFA,76.26,76.93,76.21,76.86,64.2068942936,64.7709989248,64.164796933,64.71206262,26312628,26312628,0.0,1.0,tiingo_historical_seed,
2021-04-05,EFA,77.49,78.05,77.36,77.98,65.2424893628,65.7139798008,65.1330362254,65.6550434961,20340483,20340483,0.0,1.0,tiingo_historical_seed,
2021-04-06,EFA,77.05,77.27,76.96,77.15,64.8720325901,65.0572609764,64.7962573411,64.9562273111,18995856,18995856,0.0,1.0,tiingo_historical_seed,
2021-04-07,EFA,77.17,77.42,77.11,77.31,64.9730662554,65.1835530581,64.9225494227,65.0909388649,14349383,14349383,0.0,1.0,tiingo_historical_seed,
2021-04-08,EFA,77.66,77.87,77.515,77.75,65.3856203886,65.5624293029,65.2635380431,65.4613956376,15502521,15502521,0.0,1.0,tiingo_historical_seed,
2021-04-09,EFA,77.69,78.05,77.69,77.99,65.410878805,65.7139798008,65.410878805,65.6634629682,16330472,16330472,0.0,1.0,tiingo_historical_seed,
2021-04-12,EFA,77.67,77.74,77.44,77.56,65.3940398607,65.4529761655,65.2003920023,65.3014256676,13729452,13729452,0.0,1.0,tiingo_historical_seed,
2021-04-13,EFA,77.67,78.03,77.62,78.01,65.3940398607,65.6971408566,65.3519425002,65.6803019124,12712490,12712490,0.0,1.0,tiingo_historical_seed,
2021-04-14,EFA,78.05,78.35,78.0,78.07,65.7139798008,65.9665639641,65.6718824403,65.7308187451,13079217,13079217,0.0,1.0,tiingo_historical_seed,
2021-04-15,EFA,78.56,78.75,78.485,78.72,66.1433728783,66.3033428484,66.0802268375,66.2780844321,20480136,20480136,0.0,1.0,tiingo_historical_seed,
2021-04-16,EFA,79.02,79.31,78.895,79.29,66.5306685953,66.7748332864,66.4254251939,66.7579943422,17058698,17058698,0.0,1.0,tiingo_historical_seed,
2021-04-19,EFA,79.37,79.42,78.935,79.15,66.8253501191,66.8674474796,66.4591030824,66.6401217327,15206779,15206779,0.0,1.0,tiingo_historical_seed,
2021-04-20,EFA,78.24,78.33,77.55,77.73,65.8739497709,65.9497250199,65.2930061955,65.4445566934,29570130,29570130,0.0,1.0,tiingo_historical_seed,
2021-04-21,EFA,77.58,78.56,77.56,78.53,65.3182646118,66.1433728783,65.3014256676,66.118114462,15615644,15615644,0.0,1.0,tiingo_historical_seed,
2021-04-22,EFA,78.71,78.7758,78.14,78.27,66.2696649599,66.3250650864,65.7897550498,65.8992081872,22677843,22677843,0.0,1.0,tiingo_historical_seed,
2021-04-23,EFA,78.55,79.23,78.53,79.07,66.1349534062,66.7074775096,66.118114462,66.5727659558,18608915,18608915,0.0,1.0,tiingo_historical_seed,
2021-04-26,EFA,79.1,79.23,78.995,79.13,66.5980243722,66.7074775096,66.509619915,66.6232827885,14052118,14052118,0.0,1.0,tiingo_historical_seed,
2021-04-27,EFA,78.74,78.93,78.635,78.87,66.2949233763,66.4548933463,66.2065189191,66.4043765137,13612223,13612223,0.0,1.0,tiingo_historical_seed,
2021-04-28,EFA,78.81,79.26,78.74,79.07,66.353859681,66.7327359259,66.2949233763,66.5727659558,14288614,14288614,0.0,1.0,tiingo_historical_seed,
2021-04-29,EFA,79.34,79.38,78.6101,79.1,66.8000917027,66.8337695912,66.1855544336,66.5980243722,16411079,16411079,0.0,1.0,tiingo_historical_seed,
2021-04-30,EFA,78.62,78.75,77.83,78.11,66.193889711,66.3033428484,65.5287514145,65.7644966335,28951410,28951410,0.0,1.0,tiingo_historical_seed,
2021-05-03,EFA,78.75,79.06,78.57,78.97,66.3033428484,66.5643464837,66.1517923504,66.4885712347,21382184,21382184,0.0,1.0,tiingo_historical_seed,
2021-05-04,EFA,78.11,78.305,77.41,77.8,65.7644966335,65.9286763396,65.1751335859,65.5034929981,29144870,29144870,0.0,1.0,tiingo_historical_seed,
2021-05-05,EFA,78.65,79.03,78.47,78.86,66.2191481273,66.5390880674,66.0675976294,66.3959570416,17680000,17680000,0.0,1.0,tiingo_historical_seed,
2021-05-06,EFA,78.96,79.54,78.7099,79.51,66.4801517626,66.9684811449,66.2695807652,66.9432227286,21533140,21533140,0.0,1.0,tiingo_historical_seed,
2021-05-07,EFA,79.65,80.45,79.57,80.41,67.0610953381,67.7346531067,66.9937395612,67.7009752183,23316018,23316018,0.0,1.0,tiingo_historical_seed,
2021-05-10,EFA,80.67,80.67,79.92,79.98,67.9198814931,67.9198814931,67.288421085,67.3389379176,16927516,16927516,0.0,1.0,tiingo_historical_seed,
2021-05-11,EFA,78.5299,79.11,78.415,78.93,66.1180302673,66.6064438443,66.0212905328,66.4548933463,34624606,34624606,0.0,1.0,tiingo_historical_seed,
2021-05-12,EFA,78.39,78.74,77.51,77.67,66.0002418525,66.2949233763,65.259328307,65.3940398607,32608193,32608193,0.0,1.0,tiingo_historical_seed,
2021-05-13,EFA,77.69,78.42,77.66,78.25,65.410878805,66.0255002688,65.3856203886,65.882369243,36208765,36208765,0.0,1.0,tiingo_historical_seed,
2021-05-14,EFA,79.01,79.64,78.96,79.56,66.5222491232,67.052675866,66.4801517626,66.9853200891,18601673,18601673,0.0,1.0,tiingo_historical_seed,
2021-05-17,EFA,79.1,79.42,79.03,79.41,66.5980243722,66.8674474796,66.5390880674,66.8590280075,16699468,16699468,0.0,1.0,tiingo_historical_seed,
2021-05-18,EFA,80.04,80.065,79.58,79.58,67.3894547503,67.4105034305,67.0021590333,67.0021590333,16526922,16526922,0.0,1.0,tiingo_historical_seed,
2021-05-19,EFA,78.59,79.19,78.215,78.88,66.1686312947,66.6737996211,65.8529010906,66.4127959858,30391735,30391735,0.0,1.0,tiingo_historical_seed,
2021-05-20,EFA,79.39,80.045,79.365,79.92,66.8421890633,67.3936644863,66.821140383,67.288421085,21650323,21650323,0.0,1.0,tiingo_historical_seed,
2021-05-21,EFA,80.18,80.21,79.76,80.03,67.5073273598,67.5325857761,67.1537095313,67.3810352782,26751581,26751581,0.0,1.0,tiingo_historical_seed,
2021-05-24,EFA,80.25,80.62,80.195,80.52,67.5662636645,67.8777841325,67.5199565679,67.7935894114,12267905,12267905,0.0,1.0,tiingo_historical_seed,
2021-05-25,EFA,80.77,80.84,80.41,80.54,68.0040762141,68.0630125189,67.7009752183,67.8104283557,14338912,14338912,0.0,1.0,tiingo_historical_seed,
2021-05-26,EFA,80.45,80.63,80.35,80.49,67.7346531067,67.8862036046,67.6504583856,67.7683309951,12731980,12731980,0.0,1.0,tiingo_historical_seed,
2021-05-27,EFA,80.62,80.785,80.4,80.64,67.8777841325,68.0167054223,67.6925557462,67.8946230767,16211246,16211246,0.0,1.0,tiingo_historical_seed,
2021-05-28,EFA,80.8449,81.145,80.79,80.83,68.0671380602,68.3198064182,68.0209151584,68.0545930468,21449526,21449526,0.0,1.0,tiingo_historical_seed,
2021-06-01,EFA,81.5,81.52,81.02,81.12,68.618697678,68.6355366222,68.2145630168,68.2987577379,27524173,27524173,0.0,1.0,tiingo_historical_seed,
2021-06-02,EFA,81.27,81.51,81.16,81.39,68.4250498195,68.6271171501,68.3324356263,68.5260834848,13561215,13561215,0.0,1.0,tiingo_historical_seed,
2021-06-03,EFA,80.96,81.09,80.7473,80.99,68.1640461842,68.2734993216,67.9849640125,68.1893046005,16987610,16987610,0.0,1.0,tiingo_historical_seed,
2021-06-04,EFA,81.53,81.74,81.4,81.68,68.6439560943,68.8207650086,68.5345029569,68.7702481759,13335268,13335268,0.0,1.0,tiingo_historical_seed,
2021-06-07,EFA,81.87,81.99,81.765,81.95,68.930218146,69.0312518113,68.8418136889,68.9975739229,16739045,16739045,0.0,1.0,tiingo_historical_seed,
2021-06-08,EFA,82.03,82.11,81.77,81.91,69.0649296997,69.1322854766,68.8460234249,68.9638960344,13218657,13218657,0.0,1.0,tiingo_historical_seed,
2021-06-09,EFA,81.88,81.94,81.61,81.69,68.9386376181,68.9891544507,68.7113118712,68.7786676481,20203677,20203677,0.0,1.0,tiingo_historical_seed,
2021-06-10,EFA,80.67,80.95,80.585,80.81,68.8459402064,69.0848997113,68.7733989282,68.9654199589,16555151,16555151,1.10181,1.0,tiingo_historical_seed,
2021-06-11,EFA,80.91,81.06,80.69,81.0,69.0507626392,69.1787766597,68.8630087425,69.1275710515,12864847,12864847,0.0,1.0,tiingo_historical_seed,
2021-06-14,EFA,80.93,81.16,80.88,81.14,69.0678311752,69.26411934,69.0251598351,69.2470508039,17044422,17044422,0.0,1.0,tiingo_historical_seed,
2021-06-15,EFA,81.21,81.27,81.068,81.24,69.3067906801,69.3579962883,69.1856040741,69.3323934842,17729156,17729156,0.0,1.0,tiingo_historical_seed,
2021-06-16,EFA,81.31,81.399,80.47,80.74,69.3921333604,69.4680883459,68.6752548458,68.9056800827,21505294,21505294,0.0,1.0,tiingo_historical_seed,
2021-06-17,EFA,80.22,80.39,79.799,80.18,68.461898145,68.6069807016,68.1026054609,68.4277610729,27756298,27756298,0.0,1.0,tiingo_historical_seed,
2021-06-18,EFA,78.73,78.93,78.43,78.52,67.1902922084,67.360977569,66.9342641675,67.0110725798,36755070,36755070,0.0,1.0,tiingo_historical_seed,
2021-06-21,EFA,78.87,79.595,78.75,79.55,67.3097719609,67.9285063931,67.2073607445,67.890102187,20227954,20227954,0.0,1.0,tiingo_historical_seed,
2021-06-22,EFA,79.32,79.75,79.145,79.56,67.6938140222,68.0607875476,67.5444643317,67.898636455,14010211,14010211,0.0,1.0,tiingo_historical_seed,
2021-06-23,EFA,79.47,79.53,78.93,79.05,67.8218280427,67.8730336509,67.360977569,67.4633887854,17074600,17074600,0.0,1.0,tiingo_historical_seed,
2021-06-24,EFA,79.64,79.85,79.59,79.81,67.9669105992,68.1461302279,67.9242392591,68.1119931558,19833278,19833278,0.0,1.0,tiingo_historical_seed,
2021-06-25,EFA,79.99,80.05,79.83,79.98,68.2656099803,68.3168155885,68.1290616918,68.2570757123,12418788,12418788,0.0,1.0,tiingo_historical_seed,
2021-06-28,EFA,79.7,79.76,79.36,79.47,68.0181162074,68.0693218156,67.7279510944,67.8218280427,26952934,26952934,0.0,1.0,tiingo_historical_seed,
2021-06-29,EFA,79.63,79.68,79.39,79.49,67.9583763312,68.0010476714,67.7535538985,67.8388965788,9357471,9357471,0.0,1.0,tiingo_historical_seed,
2021-06-30,EFA,78.76,79.06,78.55,78.88,67.2158950125,67.4719230534,67.0366753839,67.3183062289,33578498,33578498,0.0,1.0,tiingo_historical_seed,
2021-07-01,EFA,78.89,79.12,78.7,79.07,67.3268404969,67.5231286616,67.1646894043,67.4804573215,28075377,28075377,0.0,1.0,tiingo_historical_seed,
2021-07-02,EFA,79.08,79.36,78.88,79.34,67.4889915895,67.7279510944,67.3183062289,67.7108825583,13712695,13712695,0.0,1.0,tiingo_historical_seed,
2021-07-06,EFA,79.38,79.4,78.54,78.82,67.7450196304,67.7620881665,67.0281411158,67.2671006207,21289842,21289842,0.0,1.0,tiingo_historical_seed,
2021-07-07,EFA,79.16,79.35,78.825,79.25,67.5572657338,67.7194168263,67.2713677547,67.634074146,21686378,21686378,0.0,1.0,tiingo_historical_seed,
2021-07-08,EFA,77.98,78.37,77.75,78.23,66.5502221061,66.8830585593,66.3539339414,66.7635788069,24175766,24175766,0.0,1.0,tiingo_historical_seed,
2021-07-09,EFA,79.05,79.61,78.97,79.56,67.4633887854,67.9413077951,67.3951146412,67.898636455,35200097,35200097,0.0,1.0,tiingo_historical_seed,
2021-07-12,EFA,79.58,79.94,79.51,79.9,67.9157049911,68.2229386402,67.8559651148,68.188801568,11995809,11995809,0.0,1.0,tiingo_historical_seed,
2021-07-13,EFA,79.61,79.785,79.36,79.48,67.9413077951,68.0906574857,67.7279510944,67.8303623107,15689509,15689509,0.0,1.0,tiingo_historical_seed,
2021-07-14,EFA,79.82,79.835,79.56,79.66,68.1205274238,68.1333288258,67.898636455,67.9839791353,14023618,14023618,0.0,1.0,tiingo_historical_seed,
2021-07-15,EFA,78.9,79.095,78.6,78.9,67.3353747649,67.5017929915,67.079346724,67.3353747649,21637942,21637942,0.0,1.0,tiingo_historical_seed,
2021-07-16,EFA,78.85,78.895,78.18,78.32,67.2927034248,67.3311076309,66.7209074667,66.8403872191,23034068,23034068,0.0,1.0,tiingo_historical_seed,
2021-07-19,EFA,77.09,77.23,76.4826,76.9,65.7906722513,65.9101520038,65.2723008111,65.6285211587,44844761,44844761,0.0,1.0,tiingo_historical_seed,
2021-07-20,EFA,76.72,77.61,76.62,77.46,65.4749043342,66.2344541889,65.3895616539,66.1064401685,30309905,30309905,0.0,1.0,tiingo_historical_seed,
2021-07-21,EFA,78.01,78.69,77.965,78.64,66.5758249102,67.1561551363,66.537420704,67.1134837961,22928639,22928639,0.0,1.0,tiingo_historical_seed,
2021-07-22,EFA,78.93,78.97,78.48,78.67,67.360977569,67.3951146412,66.9769355076,67.1390866002,15873999,15873999,0.0,1.0,tiingo_historical_seed,
2021-07-23,EFA,79.19,79.37,79.03,79.22,67.5828685378,67.7364853624,67.4463202493,67.6084713419,16550608,16550608,0.0,1.0,tiingo_historical_seed,
2021-07-26,EFA,79.07,79.36,79.065,79.33,67.4804573215,67.7279510944,67.4761901875,67.7023482903,14870857,14870857,0.0,1.0,tiingo_historical_seed,
2021-07-27,EFA,78.97,79.065,78.6345,79.01,67.3951146412,67.4761901875,67.1087899487,67.4292517133,20952481,20952481,0.0,1.0,tiingo_historical_seed,
2021-07-28,EFA,79.0201,79.5,78.89,79.35,67.437871324,67.8474308468,67.3268404969,67.7194168263,19700643,19700643,0.0,1.0,tiingo_historical_seed,
2021-07-29,EFA,80.01,80.12,79.88,79.9,68.2826785164,68.3765554647,68.171733032,68.188801568,21945827,21945827,0.0,1.0,tiingo_historical_seed,
2021-07-30,EFA,79.59,79.84,79.33,79.49,67.9242392591,68.1375959599,67.7023482903,67.8388965788,23997146,23997146,0.0,1.0,tiingo_historical_seed,
2021-08-02,EFA,80.14,80.28,79.74,79.89,68.3936240008,68.5131037532,68.0522532796,68.1802673,25363951,25363951,0.0,1.0,tiingo_historical_seed,
2021-08-03,EFA,80.23,80.48,79.9,80.46,68.4704324131,68.6837891138,68.188801568,68.6667205778,19028085,19028085,0.0,1.0,tiingo_historical_seed,
2021-08-04,EFA,80.51,80.645,80.195,80.22,68.7093919179,68.8246045364,68.440562475,68.461898145,12851997,12851997,0.0,1.0,tiingo_historical_seed,
2021-08-05,EFA,80.63,80.705,80.52,80.61,68.8118031343,68.8758101445,68.717926186,68.7947345983,11868871,11868871,0.0,1.0,tiingo_historical_seed,
2021-08-06,EFA,80.43,80.52,80.18,80.31,68.6411177737,68.717926186,68.4277610729,68.5387065573,10892493,10892493,0.0,1.0,tiingo_historical_seed,
2021-08-09,EFA,80.33,80.38,80.18,80.27,68.5557750934,68.5984464335,68.4277610729,68.5045694852,7896971,7896971,0.0,1.0,tiingo_historical_seed,
2021-08-10,EFA,80.27,80.45,80.22,80.45,68.5045694852,68.6581863098,68.461898145,68.6581863098,10438207,10438207,0.0,1.0,tiingo_historical_seed,
2021-08-11,EFA,80.93,81.045,80.76,81.0,69.0678311752,69.1659752576,68.9227486187,69.1275710515,14996095,14996095,0.0,1.0,tiingo_historical_seed,
2021-08-12,EFA,80.83,80.96,80.67,80.93,68.9824884949,69.0934339793,68.8459402064,69.0678311752,12443220,12443220,0.0,1.0,tiingo_historical_seed,
2021-08-13,EFA,81.19,81.45,81.12,81.42,69.2897221441,69.5116131129,69.2299822678,69.4860103088,14048403,14048403,0.0,1.0,tiingo_historical_seed,
2021-08-16,EFA,80.79,81.01,80.53,81.0,68.9483514228,69.1361053195,68.726460454,69.1275710515,19192313,19192313,0.0,1.0,tiingo_historical_seed,
2021-08-17,EFA,80.24,80.42,79.885,80.24,68.4789666811,68.6325835057,68.176000166,68.4789666811,23555082,23555082,0.0,1.0,tiingo_historical_seed,
2021-08-18,EFA,80.22,80.53,79.92,79.93,68.461898145,68.726460454,68.2058701041,68.2144043721,16384696,16384696,0.0,1.0,tiingo_historical_seed,
2021-08-19,EFA,78.89,79.35,78.85,79.14,67.3268404969,67.7194168263,67.2927034248,67.5401971977,30515332,30515332,0.0,1.0,tiingo_historical_seed,
2021-08-20,EFA,78.91,79.47,78.82,79.45,67.343909033,67.8218280427,67.2671006207,67.8047595067,15774382,15774382,0.0,1.0,tiingo_historical_seed,
2021-08-23,EFA,79.88,80.2757,79.85,80.19,68.171733032,68.509434018,68.1461302279,68.4362953409,22524751,22524751,0.0,1.0,tiingo_historical_seed,
2021-08-24,EFA,80.16,80.49,80.085,80.36,68.4106925369,68.6923233819,68.3466855266,68.5813778975,13722869,13722869,0.0,1.0,tiingo_historical_seed,
2021-08-25,EFA,80.28,80.47,80.15,80.39,68.5131037532,68.6752548458,68.4021582688,68.6069807016,12891622,12891622,0.0,1.0,tiingo_historical_seed,
2021-08-26,EFA,80.13,80.235,79.845,79.97,68.3850897328,68.4746995471,68.1418630939,68.2485414443,16927885,16927885,0.0,1.0,tiingo_historical_seed,
2021-08-27,EFA,79.99,80.77,79.96,80.7,68.2656099803,68.9312828867,68.2400071762,68.8715430105,24935784,24935784,0.0,1.0,tiingo_historical_seed,
2021-08-30,EFA,80.67,80.795,80.56,80.68,68.8459402064,68.9526185568,68.7520632581,68.8544744745,8142005,8142005,0.0,1.0,tiingo_historical_seed,
2021-08-31,EFA,80.82,80.835,80.485,80.64,68.9739542269,68.986755629,68.6880562479,68.8203374023,18738357,18738357,0.0,1.0,tiingo_historical_seed,
2021-09-01,EFA,81.26,81.59,81.21,81.37,69.3494620203,69.6310928653,69.3067906801,69.4433389686,30472118,30472118,0.0,1.0,tiingo_historical_seed,
2021-09-02,EFA,81.71,81.88,81.615,81.7,69.7335040817,69.8785866382,69.6524285354,69.7249698136,13827383,13827383,0.0,1.0,tiingo_historical_seed,
2021-09-03,EFA,81.8,82.18,81.69,82.07,69.8103124939,70.1346146791,69.7164355456,70.0407377308,16304812,16304812,0.0,1.0,tiingo_historical_seed,
2021-09-07,EFA,82.2,82.2858,82.08,82.13,70.1516832152,70.2249072349,70.0492719988,70.091943339,13967804,13967804,0.0,1.0,tiingo_historical_seed,
2021-09-08,EFA,81.78,81.92,81.345,81.48,69.7932439579,69.9127237103,69.4220032985,69.537215917,22764253,22764253,0.0,1.0,tiingo_historical_seed,
2021-09-09,EFA,81.45,81.76,81.265,81.34,69.5116131129,69.7761754218,69.3537291543,69.4177361645,18963289,18963289,0.0,1.0,tiingo_historical_seed,
2021-09-10,EFA,81.92,81.98,81.135,81.16,69.9127237103,69.9639293185,69.2427836699,69.26411934,26709850,26709850,0.0,1.0,tiingo_historical_seed,
2021-09-13,EFA,81.95,81.96,81.52,81.8,69.9383265144,69.9468607824,69.5713529891,69.8103124939,22335031,22335031,0.0,1.0,tiingo_historical_seed,
2021-09-14,EFA,82.04,82.05,81.38,81.46,70.0151349267,70.0236691947,69.4518732366,69.5201473809,19177735,19177735,0.0,1.0,tiingo_historical_seed,
2021-09-15,EFA,81.38,81.71,81.215,81.7,69.4518732366,69.7335040817,69.3110578141,69.7249698136,26233845,26233845,0.0,1.0,tiingo_historical_seed,
2021-09-16,EFA,81.35,81.59,81.13,81.57,69.4262704326,69.6310928653,69.2385165359,69.6140243292,25765461,25765461,0.0,1.0,tiingo_historical_seed,
2021-09-17,EFA,81.07,81.21,80.2307,80.5,69.1873109277,69.3067906801,68.4710298118,68.7008576499,37070619,37070619,0.0,1.0,tiingo_historical_seed,
2021-09-20,EFA,78.74,79.2,78.33,79.01,67.1988264764,67.5914028059,66.8489214872,67.4292517133,45028031,45028031,0.0,1.0,tiingo_historical_seed,
2021-09-21,EFA,80.08,80.205,79.68,79.79,68.3424183926,68.449096743,68.0010476714,68.0949246197,37472273,37472273,0.0,1.0,tiingo_historical_seed,
2021-09-22,EFA,80.18,80.8,80.12,80.19,68.4277610729,68.9568856908,68.3765554647,68.4362953409,28718448,28718448,0.0,1.0,tiingo_historical_seed,
2021-09-23,EFA,80.82,81.22,80.77,81.06,68.9739542269,69.3153249481,68.9312828867,69.1787766597,31257838,31257838,0.0,1.0,tiingo_historical_seed,
2021-09-24,EFA,80.22,80.495,80.17,80.3,68.461898145,68.6965905159,68.4192268049,68.5301722893,20066290,20066290,0.0,1.0,tiingo_historical_seed,
2021-09-27,EFA,80.07,80.335,79.97,80.25,68.3338841246,68.5600422274,68.2485414443,68.4875009491,15526483,15526483,0.0,1.0,tiingo_historical_seed,
2021-09-28,EFA,79.04,79.08,78.235,78.5,67.4548545174,67.4889915895,66.7678459409,66.9940040437,48064905,48064905,0.0,1.0,tiingo_historical_seed,
2021-09-29,EFA,78.71,78.76,78.235,78.32,67.1732236724,67.2158950125,66.7678459409,66.8403872191,31733170,31733170,0.0,1.0,tiingo_historical_seed,
2021-09-30,EFA,78.4,78.52,77.815,78.01,66.9086613634,67.0110725798,66.4094066836,66.5758249102,39507830,39507830,0.0,1.0,tiingo_historical_seed,
2021-10-01,EFA,78.05,78.38,77.495,78.2,66.6099619823,66.8915928273,66.1363101066,66.7379760028,44524874,44524874,0.0,1.0,tiingo_historical_seed,
2021-10-04,EFA,77.96,78.055,77.1,77.38,66.53315357,66.6142291163,65.7992065194,66.0381660242,32751440,32751440,0.0,1.0,tiingo_historical_seed,
2021-10-05,EFA,77.55,78.19,77.46,77.91,66.1832485808,66.7294417347,66.1064401685,66.4904822299,25903323,25903323,0.0,1.0,tiingo_historical_seed,
2021-10-06,EFA,76.65,77.43,76.43,77.39,65.415164458,66.0808373644,65.2274105613,66.0467002923,36917249,36917249,0.0,1.0,tiingo_historical_seed,
2021-10-07,EFA,77.81,78.31,77.8,77.99,66.4051395496,66.8318529511,66.3966052815,66.5587563741,19908771,19908771,0.0,1.0,tiingo_historical_seed,
2021-10-08,EFA,78.19,78.25,77.84,77.98,66.7294417347,66.7806473429,66.4307423537,66.5502221061,23628681,23628681,0.0,1.0,tiingo_historical_seed,
2021-10-11,EFA,78.16,78.4099,77.72,77.73,66.7038389306,66.9171102887,66.3283311373,66.3368654053,23542606,23542606,0.0,1.0,tiingo_historical_seed,
2021-10-12,EFA,77.87,78.04,77.63,77.77,66.4563451577,66.6014277143,66.251522725,66.3710024774,18697377,18697377,0.0,1.0,tiingo_historical_seed,
2021-10-13,EFA,78.18,78.64,77.995,78.54,66.7209074667,67.1134837961,66.5630235081,67.0281411158,23073573,23073573,0.0,1.0,tiingo_historical_seed,
2021-10-14,EFA,79.29,79.395,79.115,79.32,67.6682112182,67.7578210325,67.5188615276,67.6938140222,19304352,19304352,0.0,1.0,tiingo_historical_seed,
2021-10-15,EFA,79.76,79.995,79.67,79.98,68.0693218156,68.2698771143,67.9925134033,68.2570757123,24447249,24447249,0.0,1.0,tiingo_historical_seed,
2021-10-18,EFA,79.375,79.68,79.235,79.64,67.7407524964,68.0010476714,67.621272744,67.9669105992,19044674,19044674,0.0,1.0,tiingo_historical_seed,
2021-10-19,EFA,79.95,80.25,79.9,80.12,68.2314729082,68.4875009491,68.188801568,68.3765554647,14648971,14648971,0.0,1.0,tiingo_historical_seed,
2021-10-20,EFA,80.2,80.5,80.12,80.4,68.444829609,68.7008576499,68.3765554647,68.6155149696,11235452,11235452,0.0,1.0,tiingo_historical_seed,
2021-10-21,EFA,79.88,80.15,79.84,80.02,68.171733032,68.4021582688,68.1375959599,68.2912127844,16279129,16279129,0.0,1.0,tiingo_historical_seed,
2021-10-22,EFA,80.37,80.66,80.15,80.5,68.5899121655,68.8374059384,68.4021582688,68.7008576499,22173472,22173472,0.0,1.0,tiingo_historical_seed,
2021-10-25,EFA,80.29,80.475,80.06,80.34,68.5216380213,68.6795219798,68.3253498565,68.5643093614,13658063,13658063,0.0,1.0,tiingo_historical_seed,
2021-10-26,EFA,80.83,80.83,80.385,80.5,68.9824884949,68.9824884949,68.6027135676,68.7008576499,10552886,10552886,0.0,1.0,tiingo_historical_seed,
2021-10-27,EFA,80.51,80.63,80.16,80.18,68.7093919179,68.8118031343,68.4106925369,68.4277610729,18448990,18448990,0.0,1.0,tiingo_historical_seed,
2021-10-28,EFA,80.57,81.02,80.545,80.96,68.7605975261,69.1446395875,68.7392618561,69.0934339793,15260158,15260158,0.0,1.0,tiingo_historical_seed,
2021-10-29,EFA,80.27,80.55,80.19,80.49,68.5045694852,68.7435289901,68.4362953409,68.6923233819,25406922,25406922,0.0,1.0,tiingo_historical_seed,
2021-11-01,EFA,80.95,81.3,80.79,81.27,69.0848997113,69.3835990924,68.9483514228,69.3579962883,20335367,20335367,0.0,1.0,tiingo_historical_seed,
2021-11-02,EFA,81.03,81.21,80.98,81.1,69.1531738556,69.3067906801,69.1105025154,69.2129137318,10163332,10163332,0.0,1.0,tiingo_historical_seed,
2021-11-03,EFA,81.07,81.79,80.935,81.76,69.1873109277,69.8017782259,69.0720983093,69.7761754218,14911042,14911042,0.0,1.0,tiingo_historical_seed,
2021-11-04,EFA,81.53,81.71,81.35,81.71,69.5798872571,69.7335040817,69.4262704326,69.7335040817,14083257,14083257,0.0,1.0,tiingo_historical_seed,
2021-11-05,EFA,81.7,81.83,81.48,81.83,69.7249698136,69.835915298,69.537215917,69.835915298,15593634,15593634,0.0,1.0,tiingo_historical_seed,
2021-11-08,EFA,81.87,82.0,81.73,81.82,69.8700523702,69.9809978546,69.7505726177,69.82738103,9065882,9065882,0.0,1.0,tiingo_historical_seed,
2021-11-09,EFA,81.87,81.92,81.39,81.64,69.8700523702,69.9127237103,69.4604075047,69.6737642055,16011232,16011232,0.0,1.0,tiingo_historical_seed,
2021-11-10,EFA,81.3,81.445,80.54,80.65,69.3835990924,69.5073459788,68.734994722,68.8288716704,21546839,21546839,0.0,1.0,tiingo_historical_seed,
2021-11-11,EFA,81.06,81.155,80.89,80.94,69.1787766597,69.2598522059,69.0336941031,69.0763654433,9264672,9264672,0.0,1.0,tiingo_historical_seed,
2021-11-12,EFA,81.21,81.435,81.1,81.38,69.3067906801,69.4988117108,69.2129137318,69.4518732366,14800623,14800623,0.0,1.0,tiingo_historical_seed,
2021-11-15,EFA,81.58,81.595,81.18,81.23,69.6225585973,69.6353599993,69.281187876,69.3238592162,14064487,14064487,0.0,1.0,tiingo_historical_seed,
2021-11-16,EFA,81.22,81.31,81.02,81.05,69.3153249481,69.3921333604,69.1446395875,69.1702423916,12167887,12167887,0.0,1.0,tiingo_historical_seed,
2021-11-17,EFA,80.88,81.03,80.795,80.95,69.0251598351,69.1531738556,68.9526185568,69.0848997113,10415457,10415457,0.0,1.0,tiingo_historical_seed,
2021-11-18,EFA,80.94,81.08,80.65,81.03,69.0763654433,69.1958451957,68.8288716704,69.1531738556,13236766,13236766,0.0,1.0,tiingo_historical_seed,
2021-11-19,EFA,80.59,80.67,80.29,80.34,68.7776660622,68.8459402064,68.5216380213,68.5643093614,20761894,20761894,0.0,1.0,tiingo_historical_seed,
2021-11-22,EFA,80.23,80.47,79.85,79.87,68.4704324131,68.6752548458,68.1461302279,68.163198764,17802350,17802350,0.0,1.0,tiingo_historical_seed,
2021-11-23,EFA,79.7,79.985,79.37,79.79,68.0181162074,68.2613428463,67.7364853624,68.0949246197,26736819,26736819,0.0,1.0,tiingo_historical_seed,
2021-11-24,EFA,78.66,79.27,78.62,79.26,67.1305523322,67.6511426821,67.0964152601,67.6426084141,20238670,20238670,0.0,1.0,tiingo_historical_seed,
2021-11-26,EFA,77.73,77.82,76.86,77.13,66.3368654053,66.4136738176,65.5943840866,65.8248093234,37775956,37775956,0.0,1.0,tiingo_historical_seed,
2021-11-29,EFA,77.74,77.81,77.165,77.52,66.3453996733,66.4051395496,65.8546792616,66.1576457767,31913736,31913736,0.0,1.0,tiingo_historical_seed,
2021-11-30,EFA,77.35,77.59,76.17,76.84,66.0125632201,66.2173856529,65.0055195925,65.5773155505,52770833,52770833,0.0,1.0,tiingo_historical_seed,
2021-12-01,EFA,77.89,78.25,76.39,76.4,66.4734136938,66.7806473429,65.1932734892,65.2018077572,43889848,43889848,0.0,1.0,tiingo_historical_seed,
2021-12-02,EFA,76.88,77.59,76.8,77.35,65.6114526227,66.2173856529,65.5431784784,66.0125632201,42264474,42264474,0.0,1.0,tiingo_historical_seed,
2021-12-03,EFA,77.6,77.7,76.57,77.03,66.2259199209,66.3112626012,65.3468903137,65.7394666431,46147538,46147538,0.0,1.0,tiingo_historical_seed,
2021-12-06,EFA,77.55,77.92,77.28,77.77,66.1832485808,66.4990164979,65.9528233439,66.3710024774,30884294,30884294,0.0,1.0,tiingo_historical_seed,
2021-12-07,EFA,78.77,79.43,78.77,79.41,67.2244292805,67.7876909706,67.2244292805,67.7706224345,28244903,28244903,0.0,1.0,tiingo_historical_seed,
2021-12-08,EFA,79.47,79.68,79.28,79.56,67.8218280427,68.0010476714,67.6596769501,67.898636455,21619354,21619354,0.0,1.0,tiingo_historical_seed,
2021-12-09,EFA,79.04,79.13,78.84,78.9,67.4548545174,67.5316629297,67.2841691568,67.3353747649,32026524,32026524,0.0,1.0,tiingo_historical_seed,
2021-12-10,EFA,79.04,79.14,78.775,79.07,67.4548545174,67.5401971977,67.2286964146,67.4804573215,23412152,23412152,0.0,1.0,tiingo_historical_seed,
2021-12-13,EFA,77.39,77.485,76.9,76.99,67.2067262123,67.289225747,66.7812022965,66.8593597504,27594691,27594691,1.352231,1.0,tiingo_historical_seed,
2021-12-14,EFA,76.67,76.96,76.24,76.58,66.5814665809,66.8333072658,66.2080476344,66.503309127,30040449,30040449,0.0,1.0,tiingo_historical_seed,
2021-12-15,EFA,76.79,77.64,76.43,77.62,66.6856765195,67.423830251,66.3730467038,67.4064619279,31109438,31109438,0.0,1.0,tiingo_historical_seed,
2021-12-16,EFA,78.0,78.08,77.44,77.63,67.7364600667,67.805933359,67.25014702,67.4151460894,44621075,44621075,0.0,1.0,tiingo_historical_seed,
2021-12-17,EFA,77.06,77.25,76.6,76.65,66.9201488812,67.0851479506,66.5206774501,66.5640982578,44576390,44576390,0.0,1.0,tiingo_historical_seed,
2021-12-20,EFA,76.2,76.53,75.995,76.48,66.1733109882,66.4598883192,65.9952856765,66.4164675115,26303350,26303350,0.0,1.0,tiingo_historical_seed,
2021-12-21,EFA,76.85,77.37,76.785,77.33,66.7377814887,67.1893578892,66.6813344387,67.154621243,22744094,22744094,0.0,1.0,tiingo_historical_seed,
2021-12-22,EFA,77.22,78.1,77.181,78.05,67.059095466,67.8233016821,67.025227236,67.7798808744,21609744,21609744,0.0,1.0,tiingo_historical_seed,
2021-12-23,EFA,78.13,78.69,78.12,78.51,67.8493541668,68.3356672134,67.8406700052,68.1793523055,28320114,28320114,0.0,1.0,tiingo_historical_seed,
2021-12-27,EFA,78.55,79.12,78.54,79.12,68.2140889517,68.7090861599,68.2054047902,68.7090861599,15220194,15220194,0.0,1.0,tiingo_historical_seed,
2021-12-28,EFA,79.2,79.39,79.115,79.15,68.7785594523,68.9435585217,68.7047440791,68.7351386446,15631429,15631429,0.0,1.0,tiingo_historical_seed,
2021-12-29,EFA,79.05,79.22,78.925,79.12,68.6482970291,68.7959277754,68.5397450097,68.7090861599,15046938,15046938,0.0,1.0,tiingo_historical_seed,
2021-12-30,EFA,79.0299,79.13,78.69,78.75,68.7730249242,68.8601334716,68.4772387575,68.5294516731,20617454,20617454,0.163147,1.0,tiingo_historical_seed,
2021-12-31,EFA,78.74,79.08,78.63,78.68,68.5207495205,68.8166227087,68.4250258419,68.4685366049,23044176,23044176,0.0,1.0,tiingo_historical_seed,
2022-01-03,EFA,79.14,79.225,78.78,79.19,68.8688356242,68.9428039213,68.5555581308,68.9123463872,24096854,24096854,0.0,1.0,tiingo_historical_seed,
2022-01-04,EFA,79.68,79.875,79.43,79.64,69.3387518643,69.5084438398,69.1211980494,69.3039432539,24314271,24314271,0.0,1.0,tiingo_historical_seed,
2022-01-05,EFA,79.94,80.04,78.94,78.94,69.5650078317,69.6520293576,68.6947925723,68.6947925723,24704131,24704131,0.0,1.0,tiingo_historical_seed,
2022-01-06,EFA,78.68,78.92,78.325,78.54,68.4685366049,68.6773882672,68.1596101878,68.3467064686,32472902,32472902,0.0,1.0,tiingo_historical_seed,
2022-01-07,EFA,78.5,78.89,78.2047,78.77,68.3118978582,68.6512818094,68.0549232921,68.5468559783,22833936,22833936,0.0,1.0,tiingo_historical_seed,
2022-01-10,EFA,77.89,78.09,77.36,78.04,67.78106655,67.9551096019,67.3198524626,67.9115988389,45587561,45587561,0.0,1.0,tiingo_historical_seed,
2022-01-11,EFA,78.09,78.92,77.87,78.89,67.9551096019,68.6773882672,67.7636622448,68.6512818094,27137488,27137488,0.0,1.0,tiingo_historical_seed,
2022-01-12,EFA,79.38,79.72,79.3,79.66,69.0776872865,69.3735604746,69.0080700657,69.3213475591,30780776,30780776,0.0,1.0,tiingo_historical_seed,
2022-01-13,EFA,79.89,79.94,78.9847,79.08,69.5214970687,69.5650078317,68.7336911944,68.8166227087,24991175,24991175,0.0,1.0,tiingo_historical_seed,
2022-01-14,EFA,78.78,79.16,78.505,79.0,68.5555581308,68.8862399294,68.3162489345,68.7470054879,26136544,26136544,0.0,1.0,tiingo_historical_seed,
2022-01-18,EFA,78.07,78.26,77.66,77.84,67.9377052967,68.103046196,67.5809170404,67.7375557871,37397180,37397180,0.0,1.0,tiingo_historical_seed,
2022-01-19,EFA,78.23,78.38,77.71,77.77,68.0769397382,68.2074720271,67.6244278034,67.6766407189,34133952,34133952,0.0,1.0,tiingo_historical_seed,
2022-01-20,EFA,78.05,78.45,77.29,77.39,67.9203009915,68.2683870953,67.2589373944,67.3459589204,38225469,38225469,0.0,1.0,tiingo_historical_seed,
2022-01-21,EFA,77.15,77.24,76.21,76.34,67.1371072581,67.2154266315,66.3191049143,66.4322328981,60761311,60761311,0.0,1.0,tiingo_historical_seed,
2022-01-24,EFA,74.91,75.61,73.55,75.58,65.1878250772,65.7969757587,64.0043323245,65.770869301,85538387,85538387,0.0,1.0,tiingo_historical_seed,
2022-01-25,EFA,74.68,75.63,74.1,75.12,64.9876755676,65.8143800639,64.4829507171,65.3705702817,54516769,54516769,0.0,1.0,tiingo_historical_seed,
2022-01-26,EFA,76.04,76.17,74.455,74.83,66.1711683203,66.284296304,64.7918771342,65.1182078565,55217182,55217182,0.0,1.0,tiingo_historical_seed,
2022-01-27,EFA,74.97,75.31,74.19,74.48,65.2400379928,65.5359111809,64.5612700905,64.8136325157,46256107,46256107,0.0,1.0,tiingo_historical_seed,
2022-01-28,EFA,73.98,74.74,73.53,74.73,64.378524886,65.0398884831,63.9869280193,65.0311863305,44588290,44588290,0.0,1.0,tiingo_historical_seed,
2022-01-31,EFA,74.7108,75.86,74.69,75.82,65.0144781975,66.0145295736,64.9963777201,65.9797209632,38299151,38299151,0.0,1.0,tiingo_historical_seed,
2022-02-01,EFA,76.29,76.55,75.75,76.54,66.3887221351,66.6149781025,65.918805895,66.6062759499,53240708,53240708,0.0,1.0,tiingo_historical_seed,
2022-02-02,EFA,77.16,77.21,76.73,77.11,67.1458094107,67.1893201737,66.7716168492,67.1022986477,35225882,35225882,0.0,1.0,tiingo_historical_seed,
2022-02-03,EFA,76.39,76.65,75.87,75.89,66.475743661,66.7019996285,66.0232317262,66.0406360314,46207232,46207232,0.0,1.0,tiingo_historical_seed,
2022-02-04,EFA,75.75,76.42,75.52,76.07,65.918805895,66.5018501188,65.7186563854,66.197274778,32188288,32188288,0.0,1.0,tiingo_historical_seed,
2022-02-07,EFA,76.13,76.59,76.06,76.2,66.2494876936,66.6497867129,66.1885726254,66.3104027617,17045478,17045478,0.0,1.0,tiingo_historical_seed,
2022-02-08,EFA,76.19,76.7,75.995,76.59,66.3017006092,66.7455103914,66.1320086336,66.6497867129,27066924,27066924,0.0,1.0,tiingo_historical_seed,
2022-02-09,EFA,77.66,77.85,77.52,77.83,67.5809170404,67.7462579397,67.4590869041,67.7288536345,26858917,26858917,0.0,1.0,tiingo_historical_seed,
2022-02-10,EFA,76.72,77.9,76.68,76.84,66.7629146966,67.7897687026,66.7281060862,66.8673405277,27349532,27349532,0.0,1.0,tiingo_historical_seed,
2022-02-11,EFA,76.81,77.11,75.46,75.68,66.8412340699,67.1022986477,65.6664434698,65.8578908269,51519530,51519530,0.0,1.0,tiingo_historical_seed,
2022-02-14,EFA,75.37,75.45,74.67,75.19,65.5881240965,65.6577413172,64.978973415,65.4314853498,45356014,45356014,0.0,1.0,tiingo_historical_seed,
2022-02-15,EFA,76.08,76.61,75.995,76.57,66.2059769306,66.6671910181,66.1320086336,66.6323824077,30223665,30223665,0.0,1.0,tiingo_historical_seed,
2022-02-16,EFA,76.27,77.02,76.23,76.86,66.3713178299,67.0239792744,66.3365092195,66.8847448329,22557599,22557599,0.0,1.0,tiingo_historical_seed,
2022-02-17,EFA,76.29,76.33,75.59,75.62,66.3887221351,66.4235307455,65.7795714536,65.8056779113,34691317,34691317,0.0,1.0,tiingo_historical_seed,
2022-02-18,EFA,75.66,75.86,75.08,75.3,65.8404865217,66.0145295736,65.3357616713,65.5272090283,34752009,34752009,0.0,1.0,tiingo_historical_seed,
2022-02-22,EFA,74.62,75.05,73.93,74.42,64.935462652,65.3096552135,64.335014123,64.7614196001,31949179,31949179,0.0,1.0,tiingo_historical_seed,
2022-02-23,EFA,75.17,75.18,73.66,73.81,65.4140810446,65.4227831972,64.100056003,64.2305882919,39771874,39771874,0.0,1.0,tiingo_historical_seed,
2022-02-24,EFA,71.11,72.865,70.98,72.82,61.8810070917,63.4082348718,61.767879108,63.3690751852,72044577,72044577,0.0,1.0,tiingo_historical_seed,
2022-02-25,EFA,73.46,74.675,73.395,74.64,63.9260129512,64.9833244913,63.8694489593,64.9528669572,47641877,47641877,0.0,1.0,tiingo_historical_seed,
2022-02-28,EFA,73.11,74.16,72.88,73.22,63.6214376104,64.5351636327,63.4212881007,63.7171612889,50821586,50821586,0.0,1.0,tiingo_historical_seed,
2022-03-01,EFA,72.91,73.12,71.23,71.62,63.4473945585,63.630139763,61.9854329228,62.324816874,49003888,49003888,0.0,1.0,tiingo_historical_seed,
2022-03-02,EFA,72.13,72.725,71.87,72.52,62.7686266562,63.2864047355,62.5423706888,63.1080106074,43906031,43906031,0.0,1.0,tiingo_historical_seed,
2022-03-03,EFA,72.22,72.27,70.88,71.09,62.8469460296,62.8904567925,61.6808575821,61.8636027865,44389734,44389734,0.0,1.0,tiingo_historical_seed,
2022-03-04,EFA,69.11,69.28,68.43,69.03,60.140576573,60.2885131671,59.5488301967,60.0709593523,54470600,54470600,0.0,1.0,tiingo_historical_seed,
2022-03-07,EFA,68.59,68.7,66.54,66.84,59.6880646382,59.7837883167,57.9041233565,58.1651879343,55499402,55499402,0.0,1.0,tiingo_historical_seed,
2022-03-08,EFA,67.49,68.74,66.55,67.42,58.7308278529,59.8185969271,57.9128255091,58.6699127847,56682507,56682507,0.0,1.0,tiingo_historical_seed,
2022-03-09,EFA,69.54,70.71,69.15,70.24,60.5147691345,61.532920988,60.1753851834,61.1239198161,55555981,55555981,0.0,1.0,tiingo_historical_seed,
2022-03-10,EFA,69.25,69.86,68.99,69.4,60.2624067093,60.7932380175,60.0361507419,60.3929389982,33804185,33804185,0.0,1.0,tiingo_historical_seed,
2022-03-11,EFA,69.96,70.06,68.545,68.65,60.8802595435,60.9672810694,59.6489049515,59.7402775537,32380747,32380747,0.0,1.0,tiingo_historical_seed,
2022-03-14,EFA,69.69,70.17,69.14,69.28,60.6453014234,61.0630047479,60.1666830308,60.2885131671,32048232,32048232,0.0,1.0,tiingo_historical_seed,
2022-03-15,EFA,69.65,70.1,69.31,69.94,60.6104928131,61.0020896798,60.3146196249,60.8628552383,36961361,36961361,0.0,1.0,tiingo_historical_seed,
2022-03-16,EFA,71.4,72.5,70.78,72.45,62.1333695169,63.0906063022,61.5938360561,63.0470955392,44821461,44821461,0.0,1.0,tiingo_historical_seed,
2022-03-17,EFA,72.14,73.21,72.08,73.06,62.7773288088,63.7084591363,62.7251158933,63.5779268474,35025612,35025612,0.0,1.0,tiingo_historical_seed,
2022-03-18,EFA,72.45,73.83,72.32,73.77,63.0470955392,64.2479925971,62.9339675555,64.1957796816,35286414,35286414,0.0,1.0,tiingo_historical_seed,
2022-03-21,EFA,73.56,73.72,72.93,73.31,64.0130344771,64.1522689186,63.4647988637,63.7954806623,29151065,29151065,0.0,1.0,tiingo_historical_seed,
2022-03-22,EFA,73.76,74.14,73.7,74.0,64.187077529,64.5177593275,64.1348646134,64.3959291912,21352500,21352500,0.0,1.0,tiingo_historical_seed,
2022-03-23,EFA,73.18,73.515,73.03,73.04,63.6823526785,63.9738747904,63.5518203896,63.5605225422,22375826,22375826,0.0,1.0,tiingo_historical_seed,
2022-03-24,EFA,73.28,73.72,73.16,73.72,63.7693742045,64.1522689186,63.6649483734,64.1522689186,22098164,22098164,0.0,1.0,tiingo_historical_seed,
2022-03-25,EFA,73.66,73.86,73.25,73.76,64.100056003,64.2740990549,63.7432677467,64.187077529,17483078,17483078,0.0,1.0,tiingo_historical_seed,
2022-03-28,EFA,73.29,73.57,72.955,73.52,63.7780763571,64.0217366297,63.4865542452,63.9782258667,24829929,24829929,0.0,1.0,tiingo_historical_seed,
2022-03-29,EFA,75.18,75.38,74.49,75.15,65.4227831972,65.5968262491,64.8223346683,65.3966767394,25591205,25591205,0.0,1.0,tiingo_historical_seed,
2022-03-30,EFA,74.88,75.135,74.555,74.84,65.1617186194,65.3836235106,64.8788986601,65.126910009,22486979,22486979,0.0,1.0,tiingo_historical_seed,
2022-03-31,EFA,74.3,74.58,73.5201,73.6,64.656993769,64.9006540416,63.9783128882,64.0478430875,31677184,31677184,0.0,1.0,tiingo_historical_seed,
2022-04-01,EFA,74.06,74.31,73.74,74.29,64.4481421068,64.6656959216,64.1696732238,64.6482916164,23182802,23182802,0.0,1.0,tiingo_historical_seed,
2022-04-04,EFA,74.13,74.62,74.05,74.59,64.5090571749,64.935462652,64.4394399542,64.9093561942,20875700,20875700,0.0,1.0,tiingo_historical_seed,
2022-04-05,EFA,74.11,74.38,73.39,73.58,64.4916528697,64.7266109897,63.865097883,64.0304387823,27340136,27340136,0.0,1.0,tiingo_historical_seed,
2022-04-06,EFA,72.6571,73.09,72.285,72.7,63.2273171194,63.6040333052,62.9035100214,63.2646493541,30692706,30692706,0.0,1.0,tiingo_historical_seed,
2022-04-07,EFA,72.77,73.1,72.24,72.86,63.3255644222,63.6127354578,62.8643503348,63.4038837956,27838476,27838476,0.0,1.0,tiingo_historical_seed,
2022-04-08,EFA,72.59,73.19,72.49,72.89,63.1689256755,63.6910548311,63.0819041496,63.4299902533,21937226,21937226,0.0,1.0,tiingo_historical_seed,
2022-04-11,EFA,72.58,72.745,72.07,72.12,63.1602235229,63.3038090407,62.7164137407,62.7599245036,22149911,22149911,0.0,1.0,tiingo_historical_seed,
2022-04-12,EFA,72.23,72.41,71.4,71.58,62.8556481822,63.0122869288,62.1333695169,62.2900082636,28916226,28916226,0.0,1.0,tiingo_historical_seed,
2022-04-13,EFA,71.57,72.39,71.57,72.35,62.281306111,62.9948826237,62.281306111,62.9600740133,20164929,20164929,0.0,1.0,tiingo_historical_seed,
2022-04-14,EFA,72.49,72.62,71.98,72.02,63.0819041496,63.1950321333,62.6380943673,62.6729029777,19861894,19861894,0.0,1.0,tiingo_historical_seed,
2022-04-18,EFA,71.7,72.13,71.4701,71.6,62.3944340947,62.7686266562,62.1943716066,62.3074125688,18508878,18508878,0.0,1.0,tiingo_historical_seed,
2022-04-19,EFA,71.18,72.03,71.18,71.94,61.9419221599,62.6816051303,61.9419221599,62.603285757,24863535,24863535,0.0,1.0,tiingo_historical_seed,
2022-04-20,EFA,72.5,72.655,72.2,72.42,63.0906063022,63.2254896674,62.8295417244,63.0209890814,26228408,26228408,0.0,1.0,tiingo_historical_seed,
2022-04-21,EFA,73.09,73.225,71.505,71.64,63.6040333052,63.7215123652,62.2247421191,62.3422211792,32960937,32960937,0.0,1.0,tiingo_historical_seed,
2022-04-22,EFA,71.53,71.54,70.4,70.47,62.2464975006,62.2551996532,61.2631542576,61.3240693257,34878392,34878392,0.0,1.0,tiingo_historical_seed,
2022-04-25,EFA,69.71,70.1901,69.16,70.13,60.6627057286,61.0804960746,60.184087336,61.0281961376,37193632,37193632,0.0,1.0,tiingo_historical_seed,
2022-04-26,EFA,69.565,69.61,68.13,68.17,60.536524516,60.5756842027,59.2877656189,59.3225742292,40947798,40947798,0.0,1.0,tiingo_historical_seed,
2022-04-27,EFA,68.43,68.95,68.0653,68.48,59.5488301967,60.0013421315,59.2314626916,59.5923409596,43593094,43593094,0.0,1.0,tiingo_historical_seed,
2022-04-28,EFA,68.91,69.62,68.3,69.45,59.9665335212,60.5843863553,59.435702213,60.4364497612,32153958,32153958,0.0,1.0,tiingo_historical_seed,
2022-04-29,EFA,69.7,70.12,68.57,68.64,60.654003576,61.019493985,59.670660333,59.7315754011,54305391,54305391,0.0,1.0,tiingo_historical_seed,
2022-05-02,EFA,68.39,68.74,67.66,68.47,59.5140215863,59.8185969271,58.878764447,59.583638807,45813937,45813937,0.0,1.0,tiingo_historical_seed,
2022-05-03,EFA,68.9331,69.235,68.7,68.98,59.9866354936,60.2493534804,59.7837883167,60.0274485893,39643572,39643572,0.0,1.0,tiingo_historical_seed,
2022-05-04,EFA,69.0,70.31,68.2,70.19,60.0448528945,61.1848348842,59.348680687,61.0804090531,46497066,46497066,0.0,1.0,tiingo_historical_seed,
2022-05-05,EFA,69.18,69.215,67.42,67.93,60.2014916412,60.2319491753,58.6699127847,59.113722567,38826969,38826969,0.0,1.0,tiingo_historical_seed,
2022-05-06,EFA,67.44,67.695,66.85,67.27,58.6873170899,58.9092219811,58.1738900869,58.5393804958,48268884,48268884,0.0,1.0,tiingo_historical_seed,
2022-05-09,EFA,66.04,66.15,65.105,65.24,57.4690157268,57.5647394054,56.6553644594,56.7728435194,50145018,50145018,0.0,1.0,tiingo_historical_seed,
2022-05-10,EFA,66.4,66.44,65.24,65.73,57.7822932202,57.8171018306,56.7728435194,57.1992489965,57682403,57682403,0.0,1.0,tiingo_historical_seed,
2022-05-11,EFA,65.91,66.77,65.26,65.34,57.3558877431,58.1042728662,56.7902478246,56.8598650453,49751147,49751147,0.0,1.0,tiingo_historical_seed,
2022-05-12,EFA,64.93,65.8,64.63,65.18,56.503076789,57.2601640646,56.2420122112,56.7206306038,39410879,39410879,0.0,1.0,tiingo_historical_seed,
2022-05-13,EFA,66.14,67.02,66.12,66.99,57.5560372528,58.321826681,57.5386329476,58.2957202232,34682159,34682159,0.0,1.0,tiingo_historical_seed,
2022-05-16,EFA,66.69,67.35,66.47,67.05,58.0346556454,58.6089977166,57.8432082884,58.3479331388,21254366,21254366,0.0,1.0,tiingo_historical_seed,
2022-05-17,EFA,68.16,68.35,67.78,68.3,59.3138720767,59.4792129759,58.9831902781,59.435702213,31487038,31487038,0.0,1.0,tiingo_historical_seed,
2022-05-18,EFA,67.71,67.81,66.57,66.67,58.9222752099,59.0092967359,57.9302298143,58.0172513402,23552973,23552973,0.0,1.0,tiingo_historical_seed,
2022-05-19,EFA,66.59,67.7,66.57,67.31,57.9476341195,58.9135730574,57.9302298143,58.5741891062,35999626,35999626,0.0,1.0,tiingo_historical_seed,
2022-05-20,EFA,68.08,68.15,66.91,67.77,59.2442548559,59.3051699241,58.2261030025,58.9744881255,36357240,36357240,0.0,1.0,tiingo_historical_seed,
2022-05-23,EFA,68.49,69.07,68.37,68.92,59.6010431122,60.1057679627,59.4966172811,59.9752356738,23838588,23838588,0.0,1.0,tiingo_historical_seed,
2022-05-24,EFA,68.7,69.035,68.34,68.81,59.7837883167,60.0753104286,59.4705108233,59.8795119952,19504585,19504585,0.0,1.0,tiingo_historical_seed,
2022-05-25,EFA,68.34,69.1403,68.34,68.83,59.4705108233,60.1669440954,59.4705108233,59.8969163004,18826417,18826417,0.0,1.0,tiingo_historical_seed,
2022-05-26,EFA,68.93,69.76,68.92,69.59,59.9839378263,60.7062164916,59.9752356738,60.5582798975,20930489,20930489,0.0,1.0,tiingo_historical_seed,
2022-05-27,EFA,70.04,70.45,70.0,70.43,60.9498767642,61.3066650205,60.9150681538,61.2892607154,13697559,13697559,0.0,1.0,tiingo_historical_seed,
2022-05-31,EFA,70.19,70.475,69.84,70.01,61.0804090531,61.328420402,60.7758337123,60.9237703064,25025180,25025180,0.0,1.0,tiingo_historical_seed,
2022-06-01,EFA,70.42,70.46,69.06,69.27,61.2805585628,61.3153671731,60.0970658101,60.2798110145,28336393,28336393,0.0,1.0,tiingo_historical_seed,
2022-06-02,EFA,69.83,70.73,69.58,70.71,60.7671315598,61.5503252932,60.5495777449,61.532920988,21641992,21641992,0.0,1.0,tiingo_historical_seed,
2022-06-03,EFA,69.81,70.0,69.5,69.7,60.7497272546,60.9150681538,60.4799605242,60.654003576,21327192,21327192,0.0,1.0,tiingo_historical_seed,
2022-06-06,EFA,70.51,70.61,69.83,69.98,61.3588779361,61.445899462,60.7671315598,60.8976638487,15192262,15192262,0.0,1.0,tiingo_historical_seed,
2022-06-07,EFA,69.28,70.22,69.27,70.19,60.2885131671,61.1065155109,60.2798110145,61.0804090531,19039817,19039817,0.0,1.0,tiingo_historical_seed,
2022-06-08,EFA,69.42,69.72,69.125,69.21,60.4103433034,60.6714078812,60.1536298019,60.227598099,21219368,21219368,0.0,1.0,tiingo_historical_seed,
2022-06-09,EFA,67.35,67.51,66.26,66.29,59.9330403122,60.075420215,58.9630772248,58.9897734565,25675720,25675720,1.497565,1.0,tiingo_historical_seed,
2022-06-10,EFA,65.06,65.13,64.49,64.69,57.8952279542,57.9575191616,57.3879995506,57.5659744291,34102077,34102077,0.0,1.0,tiingo_historical_seed,
2022-06-13,EFA,63.03,63.365,62.44,62.55,56.0887829381,56.3868908595,55.5637570467,55.6616432298,54218140,54218140,0.0,1.0,tiingo_historical_seed,
2022-06-14,EFA,62.53,62.73,61.42,61.96,55.643845742,55.8218206204,54.6560851667,55.1366173385,38601732,38601732,0.0,1.0,tiingo_historical_seed,
2022-06-15,EFA,62.64,63.47,61.86,63.12,55.7417319251,56.4803276706,55.0476298993,56.1688716334,37790744,37790744,0.0,1.0,tiingo_historical_seed,
2022-06-16,EFA,61.59,62.18,61.34,61.73,54.8073638134,55.3323897047,54.5848952153,54.9319462283,38025307,38025307,0.0,1.0,tiingo_historical_seed,
2022-06-17,EFA,61.68,62.0,61.12,61.48,54.8874525087,55.1722123142,54.3891228491,54.7094776302,43097597,43097597,0.0,1.0,tiingo_historical_seed,
2022-06-21,EFA,62.57,62.77,62.38,62.41,55.6794407177,55.8574155961,55.5103645832,55.5370608149,31891355,31891355,0.0,1.0,tiingo_historical_seed,
2022-06-22,EFA,61.71,62.565,61.62,61.99,54.9141487404,55.6749913457,54.8340600451,55.1633135702,30368159,30368159,0.0,1.0,tiingo_historical_seed,
2022-06-23,EFA,61.85,62.0,61.27,61.92,55.0387311553,55.1722123142,54.5226040079,55.1010223628,26482527,26482527,0.0,1.0,tiingo_historical_seed,
2022-06-24,EFA,62.79,63.79,62.74,63.77,55.875213084,56.7650874761,55.8307193644,56.7472899883,31235027,31235027,0.0,1.0,tiingo_historical_seed,
2022-06-27,EFA,63.66,63.9354,63.425,63.5,56.6494038051,56.8944752127,56.440283323,56.5070239024,20987643,20987643,0.0,1.0,tiingo_historical_seed,
2022-06-28,EFA,64.02,64.22,63.05,63.07,56.9697585863,57.1477334648,56.1065804259,56.1243779138,19187397,19187397,0.0,1.0,tiingo_historical_seed,
2022-06-29,EFA,63.1,63.29,62.79,62.83,56.1510741455,56.32015028,55.875213084,55.9108080597,18226773,18226773,0.0,1.0,tiingo_historical_seed,
2022-06-30,EFA,61.71,62.59,61.47,62.49,54.9141487404,55.6972382055,54.7005788863,55.6082507663,37316190,37316190,0.0,1.0,tiingo_historical_seed,
2022-07-01,EFA,61.71,62.65,61.495,62.64,54.9141487404,55.7506306691,54.7228257461,55.7417319251,26046602,26046602,0.0,1.0,tiingo_historical_seed,
2022-07-05,EFA,60.66,61.32,60.41,61.3,53.9797806287,54.5670977275,53.7573120306,54.5493002396,30911297,30911297,0.0,1.0,tiingo_historical_seed,
2022-07-06,EFA,61.2,61.49,60.86,61.35,54.4603128004,54.7183763742,54.1577555071,54.5937939592,18030019,18030019,0.0,1.0,tiingo_historical_seed,
2022-07-07,EFA,61.86,62.29,61.85,62.28,55.0476298993,55.4302758879,55.0387311553,55.421377144,17215174,17215174,0.0,1.0,tiingo_historical_seed,
2022-07-08,EFA,62.12,62.559,61.85,62.35,55.2789972412,55.6696520994,55.0387311553,55.4836683514,13135240,13135240,0.0,1.0,tiingo_historical_seed,
2022-07-11,EFA,61.57,61.75,61.29,61.34,54.7895663255,54.9497437161,54.5404014957,54.5848952153,15757918,15757918,0.0,1.0,tiingo_historical_seed,
2022-07-12,EFA,61.24,61.83,61.19,61.33,54.4959077761,55.0209336675,54.4514140565,54.5759964714,16350477,16350477,0.0,1.0,tiingo_historical_seed,
2022-07-13,EFA,60.58,61.55,60.51,61.3,53.9085906773,54.7717688377,53.8462994698,54.5493002396,17907459,17907459,0.0,1.0,tiingo_historical_seed,
2022-07-14,EFA,59.99,60.49,59.54,60.44,53.3835647859,53.828501982,52.9831213094,53.7840082624,25329073,25329073,0.0,1.0,tiingo_historical_seed,
2022-07-15,EFA,60.88,61.435,60.61,61.4,54.1755529949,54.6694332826,53.935286909,54.6382876789,28570069,28570069,0.0,1.0,tiingo_historical_seed,
2022-07-18,EFA,62.26,62.42,61.55,61.65,55.4035796561,55.5459595589,54.7717688377,54.8607562769,23785643,23785643,0.0,1.0,tiingo_historical_seed,
2022-07-19,EFA,62.82,63.35,62.76,63.33,55.9019093157,56.3735427436,55.8485168522,56.3557452557,25474473,25474473,0.0,1.0,tiingo_historical_seed,
2022-07-20,EFA,63.13,63.32,62.59,62.91,56.1777703773,56.3468465118,55.6972382055,55.981998011,18738180,18738180,0.0,1.0,tiingo_historical_seed,
2022-07-21,EFA,62.77,63.63,62.69,63.56,55.8574155961,56.6227075734,55.7862256447,56.5604163659,19165528,19165528,0.0,1.0,tiingo_historical_seed,
2022-07-22,EFA,63.83,64.19,63.15,63.4,56.8006824518,57.121037233,56.1955678651,56.4180364632,18771515,18771515,0.0,1.0,tiingo_historical_seed,
2022-07-25,EFA,63.88,63.97,63.55,63.89,56.8451761714,56.9252648667,56.551517622,56.8540749153,17451391,17451391,0.0,1.0,tiingo_historical_seed,
2022-07-26,EFA,63.42,63.475,63.0,63.0,56.435833951,56.4847770426,56.0620867063,56.0620867063,11609987,11609987,0.0,1.0,tiingo_historical_seed,
2022-07-27,EFA,63.64,64.56,63.43,64.49,56.6316063173,57.4502907581,56.444732695,57.3879995506,20945518,20945518,0.0,1.0,tiingo_historical_seed,
2022-07-28,EFA,64.39,64.94,64.01,64.82,57.2990121114,57.7884430271,56.9608598424,57.6816581001,19385402,19385402,0.0,1.0,tiingo_historical_seed,
2022-07-29,EFA,64.94,65.76,64.76,65.72,57.7884430271,58.5181400287,57.6282656365,58.482545053,23958029,23958029,0.0,1.0,tiingo_historical_seed,
2022-08-01,EFA,65.7,66.08,65.485,65.81,58.4647475652,58.8028998342,58.2734245708,58.5626337483,19450476,19450476,0.0,1.0,tiingo_historical_seed,
2022-08-02,EFA,65.28,65.46,64.74,64.76,58.0910003205,58.251177711,57.6104681487,57.6282656365,17857697,17857697,0.0,1.0,tiingo_historical_seed,
2022-08-03,EFA,65.05,65.26,64.65,65.14,57.8863292103,58.0732028326,57.5303794534,57.9664179056,16011138,16011138,0.0,1.0,tiingo_historical_seed,
2022-08-04,EFA,65.26,65.59,65.18,65.47,58.0732028326,58.366861382,58.0020128812,58.260076455,15153566,15153566,0.0,1.0,tiingo_historical_seed,
2022-08-05,EFA,64.66,65.12,64.57,65.01,57.5392781973,57.9486204177,57.459189502,57.8507342346,15130397,15130397,0.0,1.0,tiingo_historical_seed,
2022-08-08,EFA,65.53,65.755,65.04,65.16,58.3134689185,58.5136906567,57.8774304663,57.9842153934,12069065,12069065,0.0,1.0,tiingo_historical_seed,
2022-08-09,EFA,65.13,65.24,64.7047,64.81,57.9575191616,58.0554053448,57.5790555826,57.6727593561,10867780,10867780,0.0,1.0,tiingo_historical_seed,
2022-08-10,EFA,66.17,66.49,65.94,66.27,58.8829885295,59.167748335,58.6783174193,58.9719759687,16870770,16870770,0.0,1.0,tiingo_historical_seed,
2022-08-11,EFA,66.53,66.74,66.14,66.25,59.2033433107,59.390216933,58.8562922977,58.9541784809,11539596,11539596,0.0,1.0,tiingo_historical_seed,
2022-08-12,EFA,66.29,66.77,66.1349,66.76,58.9897734565,59.4169131648,58.8517539383,59.4080144209,13680277,13680277,0.0,1.0,tiingo_historical_seed,
2022-08-15,EFA,66.19,66.41,66.0648,66.36,58.9007860173,59.0965583836,58.7893737434,59.052064664,15733140,15733140,0.0,1.0,tiingo_historical_seed,
2022-08-16,EFA,65.95,66.455,65.95,66.34,58.6872161632,59.1366027312,58.6872161632,59.0342671761,13497322,13497322,0.0,1.0,tiingo_historical_seed,
2022-08-17,EFA,65.7,66.165,65.47,65.81,58.4647475652,58.8785391575,58.260076455,58.5626337483,14822132,14822132,0.0,1.0,tiingo_historical_seed,
2022-08-18,EFA,65.73,65.76,65.365,65.59,58.4914437969,58.5181400287,58.1666396438,58.366861382,14303921,14303921,0.0,1.0,tiingo_historical_seed,
2022-08-19,EFA,64.97,65.04,64.5412,64.69,57.8151392589,57.8774304663,57.4335611195,57.5659744291,20257627,20257627,0.0,1.0,tiingo_historical_seed,
2022-08-22,EFA,63.99,64.01,63.43,63.59,56.9430623546,56.9608598424,56.444732695,56.5871125977,20062226,20062226,0.0,1.0,tiingo_historical_seed,
2022-08-23,EFA,63.43,64.09,63.35,63.62,56.444732695,57.0320497938,56.3735427436,56.6138088295,19101375,19101375,0.0,1.0,tiingo_historical_seed,
2022-08-24,EFA,63.35,63.91,63.275,63.7,56.3735427436,56.8718724032,56.3068021642,56.6849987808,12086577,12086577,0.0,1.0,tiingo_historical_seed,
2022-08-25,EFA,63.86,64.42,63.7201,64.4,56.8273786836,57.3257083432,56.7028852561,57.3079108553,13980541,13980541,0.0,1.0,tiingo_historical_seed,
2022-08-26,EFA,64.43,64.5,62.665,62.71,57.3346070871,57.3968982946,55.7639787849,55.8040231326,19338319,19338319,0.0,1.0,tiingo_historical_seed,
2022-08-29,EFA,62.43,62.825,62.365,62.57,55.5548583028,55.9063586877,55.4970164673,55.6794407177,16183972,16183972,0.0,1.0,tiingo_historical_seed,
2022-08-30,EFA,62.99,63.06,61.99,62.12,56.0531879624,56.1154791698,55.1633135702,55.2789972412,24907522,24907522,0.0,1.0,tiingo_historical_seed,
2022-08-31,EFA,62.12,62.345,61.68,61.7,55.2789972412,55.4792189795,54.8874525087,54.9052499965,32178233,32178233,0.0,1.0,tiingo_historical_seed,
2022-09-01,EFA,60.8,60.93,60.23,60.87,54.1043630436,54.2200467145,53.59713464,54.166654251,33526327,33526327,0.0,1.0,tiingo_historical_seed,
2022-09-02,EFA,61.39,61.835,60.28,60.47,54.6293889349,55.0253830394,53.6416283596,53.8107044941,28234022,28234022,0.0,1.0,tiingo_historical_seed,
2022-09-06,EFA,60.76,60.89,60.11,60.32,54.0687680679,54.1844517389,53.490349713,53.6772233353,21846876,21846876,0.0,1.0,tiingo_historical_seed,
2022-09-07,EFA,59.84,60.86,59.825,60.85,53.2500836271,54.1577555071,53.2367355112,54.1488567632,21289001,21289001,0.0,1.0,tiingo_historical_seed,
2022-09-08,EFA,60.17,60.97,60.06,60.89,53.5437421765,54.2556416902,53.4458559934,54.1844517389,17589866,17589866,0.0,1.0,tiingo_historical_seed,
2022-09-09,EFA,62.06,62.495,62.02,62.44,55.2256047777,55.6127001383,55.190009802,55.5637570467,22655073,22655073,0.0,1.0,tiingo_historical_seed,
2022-09-12,EFA,63.22,63.585,63.15,63.31,56.2578590726,56.5826632257,56.1955678651,56.3379477679,22338590,22338590,0.0,1.0,tiingo_historical_seed,
2022-09-13,EFA,62.13,62.475,61.06,61.11,55.2878959851,55.5949026504,54.3357303855,54.3802241051,26513873,26513873,0.0,1.0,tiingo_historical_seed,
2022-09-14,EFA,61.3,61.57,60.95,61.31,54.5493002396,54.7895663255,54.2378442024,54.5581989836,19052798,19052798,0.0,1.0,tiingo_historical_seed,
2022-09-15,EFA,60.86,61.395,60.67,60.77,54.1577555071,54.6338383069,53.9886793726,54.0776668118,23181906,23181906,0.0,1.0,tiingo_historical_seed,
2022-09-16,EFA,60.24,60.62,60.06,60.4,53.6060333839,53.944185653,53.4458559934,53.7484132867,31914288,31914288,0.0,1.0,tiingo_historical_seed,
2022-09-19,EFA,59.71,60.65,59.7,60.61,53.1343999561,53.9708818847,53.1255012122,53.935286909,19597473,19597473,0.0,1.0,tiingo_historical_seed,
2022-09-20,EFA,59.77,59.9,59.23,59.58,53.1877924196,53.3034760906,52.7072602479,53.0187162851,23429613,23429613,0.0,1.0,tiingo_historical_seed,
2022-09-21,EFA,59.53,60.04,58.75,58.8,52.9742225655,53.4280585055,52.2801205396,52.3246142592,22678821,22678821,0.0,1.0,tiingo_historical_seed,
2022-09-22,EFA,59.03,59.145,58.35,58.63,52.5292853694,52.6316209245,51.9241707828,52.1733356126,25280940,25280940,0.0,1.0,tiingo_historical_seed,
2022-09-23,EFA,57.29,57.35,56.3101,56.76,50.9809039271,51.0342963906,50.1089160102,50.5092704992,33958951,33958951,0.0,1.0,tiingo_historical_seed,
2022-09-26,EFA,56.18,56.69,55.62,55.92,49.9931433518,50.4469792918,49.4948136922,49.7617760098,41892394,41892394,0.0,1.0,tiingo_historical_seed,
2022-09-27,EFA,56.19,56.49,55.22,55.54,50.0020420957,50.2690044133,49.1388639353,49.4236237408,38742843,38742843,0.0,1.0,tiingo_historical_seed,
2022-09-28,EFA,55.52,57.0274,55.35,56.88,49.4058262529,50.7472229117,49.2545476063,50.6160554263,35115964,35115964,0.0,1.0,tiingo_historical_seed,
2022-09-29,EFA,56.01,56.245,55.435,56.21,49.8418647051,50.0509851873,49.3301869296,50.0198395835,30971597,30971597,0.0,1.0,tiingo_historical_seed,
2022-09-30,EFA,55.96,56.7,55.89,56.01,49.7973709855,50.4558780357,49.735079778,49.8418647051,38527583,38527583,0.0,1.0,tiingo_historical_seed,
2022-10-03,EFA,56.59,57.355,56.36,57.12,50.3579918525,51.0387457626,50.1533207424,50.8296252804,37451634,37451634,0.0,1.0,tiingo_historical_seed,
2022-10-04,EFA,58.63,59.5,58.61,59.41,52.1733356126,52.9475263337,52.1555381247,52.8674376385,32480225,32480225,0.0,1.0,tiingo_historical_seed,
2022-10-05,EFA,58.42,59.11,58.09,58.78,51.9864619902,52.6004753208,51.6928034408,52.3068167714,28550730,28550730,0.0,1.0,tiingo_historical_seed,
2022-10-06,EFA,58.09,58.38,57.685,57.75,51.6928034408,51.9508670145,51.332404312,51.3902461475,28668813,28668813,0.0,1.0,tiingo_historical_seed,
2022-10-07,EFA,57.48,57.55,56.6404,56.83,51.1499800616,51.212271269,50.4028415219,50.5715617067,22199955,22199955,0.0,1.0,tiingo_historical_seed,
2022-10-10,EFA,56.7983,56.86,56.18,56.51,50.5433526884,50.5982579384,49.9931433518,50.2868019012,26510161,26510161,0.0,1.0,tiingo_historical_seed,
2022-10-11,EFA,56.14,56.79,55.71,55.89,49.9575483761,50.535966731,49.5749023874,49.735079778,26577350,26577350,0.0,1.0,tiingo_historical_seed,
2022-10-12,EFA,55.74,56.04,55.55,55.71,49.6015986192,49.8685609369,49.4325224847,49.5749023874,24455759,24455759,0.0,1.0,tiingo_historical_seed,
2022-10-13,EFA,54.74,57.12,54.61,56.86,48.711724227,50.8296252804,48.5960405561,50.5982579384,48010142,48010142,0.0,1.0,tiingo_historical_seed,
2022-10-14,EFA,57.22,57.4,55.95,56.01,50.9186127196,51.0787901102,49.7884722416,49.8418647051,28145949,28145949,0.0,1.0,tiingo_historical_seed,
2022-10-17,EFA,57.23,57.65,57.22,57.39,50.9275114635,51.3012587082,50.9186127196,51.0698913663,32731043,32731043,0.0,1.0,tiingo_historical_seed,
2022-10-18,EFA,58.24,58.3,57.38,57.8,51.8262845996,51.8796770631,51.0609926224,51.4347398671,26876657,26876657,0.0,1.0,tiingo_historical_seed,
2022-10-19,EFA,57.26,57.495,56.71,57.09,50.9542076953,51.1633281775,50.4647767796,50.8029290486,22958222,22958222,0.0,1.0,tiingo_historical_seed,
2022-10-20,EFA,57.14,57.8,56.83,56.96,50.8474227682,51.4347398671,50.5715617067,50.6872453777,25989743,25989743,0.0,1.0,tiingo_historical_seed,
2022-10-21,EFA,56.44,58.01,56.215,57.99,50.2245106937,51.6216134894,50.0242889555,51.6038160016,37761773,37761773,0.0,1.0,tiingo_historical_seed,
2022-10-24,EFA,57.78,58.25,57.485,58.0,51.4169423792,51.8351833435,51.1544294335,51.6127147455,20327588,20327588,0.0,1.0,tiingo_historical_seed,
2022-10-25,EFA,58.42,59.33,58.41,59.28,51.9864619902,52.7962476871,51.9775632463,52.7517539675,21583264,21583264,0.0,1.0,tiingo_historical_seed,
2022-10-26,EFA,59.26,60.25,59.24,59.84,52.7339564796,53.6149321279,52.7161589918,53.2500836271,27095551,27095551,0.0,1.0,tiingo_historical_seed,
2022-10-27,EFA,59.63,60.08,59.25,59.28,53.0632100047,53.4636534812,52.7250577357,52.7517539675,20349578,20349578,0.0,1.0,tiingo_historical_seed,
2022-10-28,EFA,59.19,59.87,59.075,59.87,52.6716652722,53.2767798588,52.5693297171,53.2767798588,19235535,19235535,0.0,1.0,tiingo_historical_seed,
2022-10-31,EFA,59.2,59.44,59.11,59.31,52.6805640161,52.8941338702,52.6004753208,52.7784501992,27032689,27032689,0.0,1.0,tiingo_historical_seed,
2022-11-01,EFA,60.5,60.52,59.5134,59.78,53.8374007259,53.8551982138,52.9594506506,53.1966911636,42686994,42686994,0.0,1.0,tiingo_historical_seed,
2022-11-02,EFA,59.87,60.65,58.91,58.91,53.2767798588,53.9708818847,52.4225004424,52.4225004424,30497687,30497687,0.0,1.0,tiingo_historical_seed,
2022-11-03,EFA,58.11,58.685,58.06,58.41,51.7106009286,52.2222787041,51.666107209,51.9775632463,23604246,23604246,0.0,1.0,tiingo_historical_seed,
2022-11-04,EFA,60.17,60.8246,59.79,60.75,53.5437421765,54.1262539536,53.2055899075,54.059869324,33756398,33756398,0.0,1.0,tiingo_historical_seed,
2022-11-07,EFA,60.97,61.21,60.705,60.94,54.2556416902,54.4692115443,54.0198249763,54.2289454585,19904603,19904603,0.0,1.0,tiingo_historical_seed,
2022-11-08,EFA,61.36,62.007,61.215,61.63,54.6026927032,55.1784414349,54.4736609163,54.8429587891,19882894,19882894,0.0,1.0,tiingo_historical_seed,
2022-11-09,EFA,61.2,61.635,60.76,60.77,54.4603128004,54.847408161,54.0687680679,54.0776668118,22418563,22418563,0.0,1.0,tiingo_historical_seed,
2022-11-10,EFA,63.265,64.18,62.92,64.18,56.2979034202,57.1121384891,55.9908967549,57.1121384891,29640887,29640887,0.0,1.0,tiingo_historical_seed,
2022-11-11,EFA,64.76,65.555,64.51,65.46,57.6282656365,58.3357157783,57.4057970385,58.251177711,24071296,24071296,0.0,1.0,tiingo_historical_seed,
2022-11-14,EFA,64.93,65.345,64.77,64.77,57.7795442832,58.1488421559,57.6371643804,57.6371643804,21551501,21551501,0.0,1.0,tiingo_historical_seed,
2022-11-15,EFA,65.82,65.93,64.6,65.2,58.5715324922,58.6694186754,57.4858857338,58.0198103691,34956569,34956569,0.0,1.0,tiingo_historical_seed,
2022-11-16,EFA,65.3,65.405,64.86,65.05,58.1087978083,58.2022346195,57.7172530757,57.8863292103,22730386,22730386,0.0,1.0,tiingo_historical_seed,
2022-11-17,EFA,64.22,65.055,64.2,65.02,57.1477334648,57.8907785822,57.1299359769,57.8596329785,21271083,21271083,0.0,1.0,tiingo_historical_seed,
2022-11-18,EFA,65.32,65.33,64.93,65.15,58.1265952961,58.1354940401,57.7795442832,57.9753166495,18431080,18431080,0.0,1.0,tiingo_historical_seed,
2022-11-21,EFA,64.6,64.78,64.37,64.66,57.4858857338,57.6460631244,57.2812146236,57.5392781973,21877403,21877403,0.0,1.0,tiingo_historical_seed,
2022-11-22,EFA,65.07,65.585,64.965,65.56,57.9041266981,58.3624120101,57.8106898869,58.3401651503,14698698,14698698,0.0,1.0,tiingo_historical_seed,
2022-11-23,EFA,65.68,66.38,65.68,66.28,58.4469500773,59.0698621518,58.4469500773,58.9808747126,13400776,13400776,0.0,1.0,tiingo_historical_seed,
2022-11-25,EFA,66.36,66.76,66.36,66.62,59.052064664,59.4080144209,59.052064664,59.283432006,10934393,10934393,0.0,1.0,tiingo_historical_seed,
2022-11-28,EFA,66.29,66.565,65.715,65.76,58.9897734565,59.2344889144,58.478095681,58.5181400287,18618497,18618497,0.0,1.0,tiingo_historical_seed,
2022-11-29,EFA,65.92,66.32,65.785,65.95,58.6605199314,59.0164696883,58.5403868885,58.6872161632,17666906,17666906,0.0,1.0,tiingo_historical_seed,
2022-11-30,EFA,66.47,67.35,65.83,67.12,59.1499508471,59.9330403122,58.5804312361,59.728369202,41966508,41966508,0.0,1.0,tiingo_historical_seed,
2022-12-01,EFA,67.87,68.06,67.42,67.77,60.3957749962,60.5648511307,59.9953315197,60.3067875569,24209706,24209706,0.0,1.0,tiingo_historical_seed,
2022-12-02,EFA,67.14,67.93,67.14,67.72,59.7461666899,60.4491674597,59.7461666899,60.2622938373,36230692,36230692,0.0,1.0,tiingo_historical_seed,
2022-12-05,EFA,67.49,67.68,66.64,66.83,60.0576227271,60.2266988616,59.3012294938,59.4703056283,26305110,26305110,0.0,1.0,tiingo_historical_seed,
2022-12-06,EFA,66.97,67.11,66.25,66.53,59.5948880432,59.7194704581,58.9541784809,59.2033433107,25662982,25662982,0.0,1.0,tiingo_historical_seed,
2022-12-07,EFA,66.56,66.805,66.275,66.53,59.2300395424,59.4480587685,58.9764253407,59.2033433107,23274269,23274269,0.0,1.0,tiingo_historical_seed,
2022-12-08,EFA,66.52,66.935,66.315,66.87,59.1944445667,59.5637424395,59.0120203163,59.505900604,20080386,20080386,0.0,1.0,tiingo_historical_seed,
2022-12-09,EFA,67.03,67.4163,66.87,66.91,59.6482805067,59.9920389844,59.505900604,59.5414955797,25773100,25773100,0.0,1.0,tiingo_historical_seed,
2022-12-12,EFA,66.9,67.11,66.68,67.11,59.5325968358,59.7194704581,59.3368244695,59.7194704581,17621657,17621657,0.0,1.0,tiingo_historical_seed,
2022-12-13,EFA,68.6501,68.775,67.535,67.79,61.3318683969,61.4434538187,60.3356401839,60.5634566975,29377299,29377299,0.268433,1.0,tiingo_historical_seed,
2022-12-14,EFA,67.89,68.335,67.285,67.73,60.6527965068,61.050358658,60.1122906607,60.5098528119,23707696,23707696,0.0,1.0,tiingo_historical_seed,
2022-12-15,EFA,66.89,67.01,65.77,66.0,59.7593984142,59.8666061853,58.7587925504,58.9642741117,25617475,25617475,0.0,1.0,tiingo_historical_seed,
2022-12-16,EFA,65.46,65.76,65.125,65.42,58.4818391417,58.7498585695,58.1825507807,58.446103218,23998704,23998704,0.0,1.0,tiingo_historical_seed,
2022-12-19,EFA,65.63,65.72,65.09,65.26,58.6337168175,58.7141226458,58.1512818475,58.3031595232,21180654,21180654,0.0,1.0,tiingo_historical_seed,
2022-12-20,EFA,65.4,65.85,65.31,65.52,58.4282352562,58.8302643978,58.3478294278,58.5354430273,21440584,21440584,0.0,1.0,tiingo_historical_seed,
2022-12-21,EFA,65.92,66.3857,65.835,66.2,58.8928022643,59.3088577561,58.8168634265,59.1429537303,17112211,17112211,0.0,1.0,tiingo_historical_seed,
2022-12-22,EFA,65.95,65.96,65.11,65.66,58.9196042071,58.928538188,58.1691498093,58.6605187603,21251228,21251228,0.0,1.0,tiingo_historical_seed,
2022-12-23,EFA,65.55,65.99,65.41,65.89,58.5622449701,58.9553401308,58.4371692371,58.8660003216,12536577,12536577,0.0,1.0,tiingo_historical_seed,
2022-12-27,EFA,65.94,66.2354,65.82,65.99,58.9106702262,59.1745800227,58.8034624551,58.9553401308,16247371,16247371,0.0,1.0,tiingo_historical_seed,
2022-12-28,EFA,66.13,66.33,65.29,65.29,59.0804158638,59.2590954823,58.329961466,58.329961466,14526928,14526928,0.0,1.0,tiingo_historical_seed,
2022-12-29,EFA,66.04,66.4963,66.0,66.32,59.0000100354,59.4076675851,58.9642741117,59.2501615014,17455379,17455379,0.0,1.0,tiingo_historical_seed,
2022-12-30,EFA,65.95,66.18,65.5712,65.64,58.9196042071,59.1250857684,58.5811850096,58.6426507984,25629030,25629030,0.0,1.0,tiingo_historical_seed,
2023-01-03,EFA,66.46,66.83,65.9,66.22,59.3752372343,59.7057945286,58.8749343025,59.1608216921,25179301,25179301,0.0,1.0,tiingo_historical_seed,
2023-01-04,EFA,67.18,67.32,66.71,67.1,60.018483861,60.143559594,59.5985867575,59.9470120136,26751404,26751404,0.0,1.0,tiingo_historical_seed,
2023-01-05,EFA,66.47,66.69,66.295,66.43,59.3841712153,59.5807187956,59.2278265491,59.3484352916,17376914,17376914,0.0,1.0,tiingo_historical_seed,
2023-01-06,EFA,66.83,68.17,66.44,68.13,59.7057945286,60.9029479727,59.3573692725,60.867212049,17951400,17951400,0.0,1.0,tiingo_historical_seed,
2023-01-09,EFA,68.65,69.06,68.38,68.42,61.3317790571,61.6980722751,61.0905615721,61.1262974958,23392808,23392808,0.0,1.0,tiingo_historical_seed,
2023-01-10,EFA,68.33,68.63,68.17,68.62,61.0458916675,61.3139110953,60.9029479727,61.3049771144,18811517,18811517,0.0,1.0,tiingo_historical_seed,
2023-01-11,EFA,68.95,69.15,68.735,69.14,61.5997984849,61.7784781034,61.407717895,61.7695441225,17732709,17732709,0.0,1.0,tiingo_historical_seed,
2023-01-12,EFA,69.71,70.28,69.0,70.16,62.2787810353,62.7880179481,61.6444683895,62.680810177,19767050,19767050,0.0,1.0,tiingo_historical_seed,
2023-01-13,EFA,69.81,70.55,69.81,70.53,62.3681208446,63.0292354331,62.3681208446,63.0113674712,18092114,18092114,0.0,1.0,tiingo_historical_seed,
2023-01-17,EFA,70.78,71.06,70.555,70.75,63.2347169944,63.4848684603,63.0337024235,63.2079150516,25184142,25184142,0.0,1.0,tiingo_historical_seed,
2023-01-18,EFA,71.55,71.68,70.5,70.5,63.9226335257,64.0387752777,62.9845655284,62.9845655284,35935296,35935296,0.0,1.0,tiingo_historical_seed,
2023-01-19,EFA,70.28,70.54,70.015,70.39,62.7880179481,63.0203014522,62.5512674535,62.8862917383,23519016,23519016,0.0,1.0,tiingo_historical_seed,
2023-01-20,EFA,70.36,71.03,70.175,71.01,62.8594897955,63.4580665175,62.6942111484,63.4401985557,28289501,28289501,0.0,1.0,tiingo_historical_seed,
2023-01-23,EFA,70.7,71.31,70.6699,71.3,63.163245147,63.7082179835,63.1363538644,63.6992840025,24245314,24245314,0.0,1.0,tiingo_historical_seed,
2023-01-24,EFA,70.91,71.36,70.665,71.21,63.3508587464,63.7528878881,63.1319762137,63.6188781742,12996525,12996525,0.0,1.0,tiingo_historical_seed,
2023-01-25,EFA,70.98,71.7399,70.93,71.68,63.4133966129,64.0922898235,63.3687267083,64.0387752777,14230103,14230103,0.0,1.0,tiingo_historical_seed,
2023-01-26,EFA,71.74,71.82,71.16,71.74,64.0923791633,64.1638510107,63.5742082696,64.0923791633,13272287,13272287,0.0,1.0,tiingo_historical_seed,
2023-01-27,EFA,71.3,71.755,71.21,71.6,63.6992840025,64.1057801347,63.6188781742,63.9673034303,13986785,13986785,0.0,1.0,tiingo_historical_seed,
2023-01-30,EFA,71.34,71.6674,71.135,71.14,63.7350199262,64.0275184618,63.5518733173,63.5563403077,14111474,14111474,0.0,1.0,tiingo_historical_seed,
2023-01-31,EFA,70.94,71.59,70.795,71.55,63.3776606892,63.9583694494,63.2481179658,63.9226335257,23544353,23544353,0.0,1.0,tiingo_historical_seed,
2023-02-01,EFA,71.49,72.445,70.94,72.19,63.8690296401,64.7222248186,63.3776606892,64.4944083049,27861386,27861386,0.0,1.0,tiingo_historical_seed,
2023-02-02,EFA,72.38,72.43,71.64,72.09,64.6641539425,64.7088238472,64.003039354,64.4050684957,15587989,15587989,0.0,1.0,tiingo_historical_seed,
2023-02-03,EFA,71.39,72.0,71.26,71.42,63.7796898309,64.3246626674,63.6635480788,63.8064917736,18589851,18589851,0.0,1.0,tiingo_historical_seed,
2023-02-06,EFA,70.72,70.88,70.325,70.69,63.1811131088,63.3240568036,62.8282208622,63.154311166,18409612,18409612,0.0,1.0,tiingo_historical_seed,
2023-02-07,EFA,70.36,71.38,70.22,71.29,62.8594897955,63.7707558499,62.7344140625,63.6903500216,19440317,19440317,0.0,1.0,tiingo_historical_seed,
2023-02-08,EFA,71.18,71.29,70.725,70.85,63.5920762314,63.6903500216,63.1855800993,63.2972548609,18281380,18281380,0.0,1.0,tiingo_historical_seed,
2023-02-09,EFA,71.87,71.925,70.85,70.98,64.2085209153,64.2576578104,63.2972548609,63.4133966129,10875303,10875303,0.0,1.0,tiingo_historical_seed,
2023-02-10,EFA,70.72,70.77,70.355,70.67,63.1811131088,63.2257830135,62.855022805,63.1364432042,16681189,16681189,0.0,1.0,tiingo_historical_seed,
2023-02-13,EFA,70.77,71.38,70.695,71.38,63.2257830135,63.7707558499,63.1587781565,63.7707558499,11806254,11806254,0.0,1.0,tiingo_historical_seed,
2023-02-14,EFA,71.05,71.83,70.865,71.51,63.4759344794,64.1727849916,63.3106558322,63.886897602,14082875,14082875,0.0,1.0,tiingo_historical_seed,
2023-02-15,EFA,70.63,71.195,70.57,71.19,63.1007072805,63.6054772028,63.0471033949,63.6010102123,14031168,14031168,0.0,1.0,tiingo_historical_seed,
2023-02-16,EFA,70.57,71.27,70.49,70.84,63.0471033949,63.6724820598,62.9756315475,63.2883208799,13151026,13151026,0.0,1.0,tiingo_historical_seed,
2023-02-17,EFA,70.51,71.095,70.385,71.02,62.9934995094,63.5161373935,62.8818247478,63.4491325366,13768199,13768199,0.0,1.0,tiingo_historical_seed,
2023-02-21,EFA,70.52,70.77,70.19,70.24,63.0024334903,63.2257830135,62.7076121197,62.7522820244,14419688,14419688,0.0,1.0,tiingo_historical_seed,
2023-02-22,EFA,70.12,70.24,69.7,69.85,62.6450742533,62.7522820244,62.2698470544,62.4038567683,12991737,12991737,0.0,1.0,tiingo_historical_seed,
2023-02-23,EFA,70.15,70.285,69.5708,70.21,62.671876196,62.7924849385,62.1544200208,62.7254800816,25783668,25783668,0.0,1.0,tiingo_historical_seed,
2023-02-24,EFA,69.02,69.265,68.76,69.04,61.6623363514,61.8812188841,61.4300528473,61.6802043132,25120202,25120202,0.0,1.0,tiingo_historical_seed,
2023-02-27,EFA,69.84,70.04,69.64,69.86,62.3949227873,62.5736024059,62.2162431688,62.4127907492,19736304,19736304,0.0,1.0,tiingo_historical_seed,
2023-02-28,EFA,69.66,69.82,69.32,69.35,62.2341111307,62.3770548255,61.9303557792,61.957157722,28408000,28408000,0.0,1.0,tiingo_historical_seed,
2023-03-01,EFA,69.9,70.06,69.455,69.72,62.4485266729,62.5914703677,62.0509645217,62.2877150162,20960961,20960961,0.0,1.0,tiingo_historical_seed,
2023-03-02,EFA,69.23,69.92,69.205,69.86,61.8499499508,62.4663946347,61.8276149985,62.4127907492,20540108,20540108,0.0,1.0,tiingo_historical_seed,
2023-03-03,EFA,70.25,70.92,70.055,70.88,62.7612160053,63.3597927273,62.5870033772,63.3240568036,23663388,23663388,0.0,1.0,tiingo_historical_seed,
2023-03-06,EFA,70.72,71.0,70.62,70.7,63.1811131088,63.4312645747,63.0917732996,63.163245147,22289609,22289609,0.0,1.0,tiingo_historical_seed,
2023-03-07,EFA,70.6,70.655,69.44,69.52,63.0739053377,63.1230422328,62.0375635503,62.1090353977,26319934,26319934,0.0,1.0,tiingo_historical_seed,
2023-03-08,EFA,69.74,70.105,69.57,69.9,62.3055829781,62.6316732819,62.1537053023,62.4485266729,21016161,21016161,0.0,1.0,tiingo_historical_seed,
2023-03-09,EFA,70.03,70.265,69.265,69.39,62.5646684249,62.7746169767,61.8812188841,61.9928936457,25914051,25914051,0.0,1.0,tiingo_historical_seed,
2023-03-10,EFA,69.41,69.57,68.58,68.65,62.0107616075,62.1537053023,61.2692411907,61.3317790571,31703782,31703782,0.0,1.0,tiingo_historical_seed,
2023-03-13,EFA,67.93,68.74,67.805,68.18,60.6885324305,61.4121848855,60.5768576689,60.9118819536,27005136,27005136,0.0,1.0,tiingo_historical_seed,
2023-03-14,EFA,68.89,69.1,68.56,69.09,61.5461945994,61.7338081988,61.2513732288,61.7248742179,18053969,18053969,0.0,1.0,tiingo_historical_seed,
2023-03-15,EFA,66.53,67.045,66.07,66.95,59.4377751008,59.8978751185,59.0268119782,59.8130022997,37928503,37928503,0.0,1.0,tiingo_historical_seed,
2023-03-16,EFA,66.61,67.99,66.55,67.99,59.5092469482,60.742136316,59.4556430627,60.742136316,33360466,33360466,0.0,1.0,tiingo_historical_seed,
2023-03-17,EFA,67.38,67.525,66.914,67.18,60.1971634795,60.326706203,59.7808399684,60.018483861,23846211,23846211,0.0,1.0,tiingo_historical_seed,
2023-03-20,EFA,67.93,68.455,67.805,68.23,60.6885324305,61.1575664291,60.5768576689,60.9565518582,24003175,24003175,0.0,1.0,tiingo_historical_seed,
2023-03-21,EFA,69.23,69.33,68.86,69.26,61.8499499508,61.9392897601,61.5193926566,61.8767518936,16640044,16640044,0.0,1.0,tiingo_historical_seed,
2023-03-22,EFA,69.37,70.22,68.98,69.02,61.9750256838,62.7344140625,61.6266004277,61.6623363514,16277929,16277929,0.0,1.0,tiingo_historical_seed,
2023-03-23,EFA,69.63,70.04,68.715,69.03,62.2073091879,62.5736024059,61.3898499332,61.6712703323,23067183,23067183,0.0,1.0,tiingo_historical_seed,
2023-03-24,EFA,68.54,68.86,68.14,68.82,61.2335052669,61.5193926566,60.8761460299,61.4836567329,27879009,27879009,0.0,1.0,tiingo_historical_seed,
2023-03-27,EFA,69.24,69.526,69.085,69.47,61.8588839318,62.1143957863,61.7204072274,62.0643654931,23269327,23269327,0.0,1.0,tiingo_historical_seed,
2023-03-28,EFA,69.43,69.655,69.325,69.5,62.0286295694,62.2296441402,61.9348227696,62.0911674358,20324534,20324534,0.0,1.0,tiingo_historical_seed,
2023-03-29,EFA,70.18,70.4,70.05,70.34,62.6986781388,62.8952257192,62.5825363868,62.8416218336,29119326,29119326,0.0,1.0,tiingo_historical_seed,
2023-03-30,EFA,71.15,71.26,70.985,71.16,63.5652742886,63.6635480788,63.4178636034,63.5742082696,21616028,21616028,0.0,1.0,tiingo_historical_seed,
2023-03-31,EFA,71.35,71.68,71.35,71.52,63.7439539072,64.0387752777,63.7439539072,63.8958315829,28532663,28532663,0.0,1.0,tiingo_historical_seed,
2023-04-03,EFA,71.69,72.11,71.5893,72.09,64.0477092586,64.4229364575,63.9577440707,64.4050684957,20737147,20737147,0.0,1.0,tiingo_historical_seed,
2023-04-04,EFA,72.1,72.32,71.885,72.1,64.4140024766,64.610550057,64.2219218867,64.4140024766,15364637,15364637,0.0,1.0,tiingo_historical_seed,
2023-04-05,EFA,71.72,71.915,71.36,71.6,64.0745112014,64.2487238295,63.7528878881,63.9673034303,16313998,16313998,0.0,1.0,tiingo_historical_seed,
2023-04-06,EFA,71.61,72.125,71.52,71.94,63.9762374112,64.4363374289,63.8958315829,64.2710587818,13659913,13659913,0.0,1.0,tiingo_historical_seed,
2023-04-10,EFA,71.49,71.9,71.375,71.89,63.8690296401,64.2353228581,63.7662888595,64.2263888772,12853992,12853992,0.0,1.0,tiingo_historical_seed,
2023-04-11,EFA,72.05,72.25,71.99,72.13,64.369332572,64.5480121905,64.3157286864,64.4408044194,11264095,11264095,0.0,1.0,tiingo_historical_seed,
2023-04-12,EFA,72.78,72.94,72.37,72.59,65.0215131796,65.1644568744,64.6552199616,64.851767542,13241524,13241524,0.0,1.0,tiingo_historical_seed,
2023-04-13,EFA,73.19,73.58,73.115,73.52,65.3878063975,65.7362316537,65.3208015406,65.6826277681,12232991,12232991,0.0,1.0,tiingo_historical_seed,
2023-04-14,EFA,73.49,73.69,72.94,73.22,65.6558258253,65.8345054438,65.1644568744,65.4146083403,14209875,14209875,0.0,1.0,tiingo_historical_seed,
2023-04-17,EFA,73.02,73.12,72.74,73.09,65.2359287218,65.3252685311,64.9857772559,65.2984665883,16404106,16404106,0.0,1.0,tiingo_historical_seed,
2023-04-18,EFA,73.46,73.55,73.29,73.49,65.6290238826,65.7094297109,65.4771462068,65.6558258253,13753409,13753409,0.0,1.0,tiingo_historical_seed,
2023-04-19,EFA,73.12,73.34,73.1,73.26,65.3252685311,65.5218161114,65.3074005692,65.450344264,8840764,8840764,0.0,1.0,tiingo_historical_seed,
2023-04-20,EFA,73.09,73.435,73.07,73.26,65.2984665883,65.6066889302,65.2805986264,65.450344264,12478579,12478579,0.0,1.0,tiingo_historical_seed,
2023-04-21,EFA,73.35,73.675,73.03,73.63,65.5307500924,65.8211044725,65.2448627027,65.7809015583,14052976,14052976,0.0,1.0,tiingo_historical_seed,
2023-04-24,EFA,73.63,73.845,73.61,73.82,65.7809015583,65.9729821482,65.7630335964,65.9506471959,12864933,12864933,0.0,1.0,tiingo_historical_seed,
2023-04-25,EFA,73.48,73.515,72.78,72.79,65.6468918444,65.6781607776,65.0215131796,65.0304471605,12582207,12582207,0.0,1.0,tiingo_historical_seed,
2023-04-26,EFA,73.24,73.25,72.65,72.74,65.4324763022,65.4414102831,64.9053714275,64.9857772559,16879946,16879946,0.0,1.0,tiingo_historical_seed,
2023-04-27,EFA,73.12,73.66,72.965,73.65,65.3252685311,65.8077035011,65.1867918267,65.7987695201,14505686,14505686,0.0,1.0,tiingo_historical_seed,
2023-04-28,EFA,73.03,73.63,73.01,73.62,65.2448627027,65.7809015583,65.2269947409,65.7719675774,16936838,16936838,0.0,1.0,tiingo_historical_seed,
2023-05-01,EFA,73.69,73.89,73.49,73.51,65.8345054438,66.0131850624,65.6558258253,65.6736937872,24499508,24499508,0.0,1.0,tiingo_historical_seed,
2023-05-02,EFA,72.83,72.84,72.33,72.77,65.0661830842,65.0751170651,64.6194840379,65.0125791987,12907178,12907178,0.0,1.0,tiingo_historical_seed,
2023-05-03,EFA,73.04,73.55,72.95,72.96,65.2537966837,65.7094297109,65.1733908553,65.1823248362,13977397,13977397,0.0,1.0,tiingo_historical_seed,
2023-05-04,EFA,72.75,73.07,72.56,72.81,64.9947112368,65.2805986264,64.8249655992,65.0483151224,17411173,17411173,0.0,1.0,tiingo_historical_seed,
2023-05-05,EFA,73.17,73.99,73.12,73.88,65.3699384357,66.1025248716,65.3252685311,66.0042510814,11096946,11096946,0.0,1.0,tiingo_historical_seed,
2023-05-08,EFA,74.03,74.05,73.77,73.9,66.1382607953,66.1561287572,65.9059772913,66.0221190433,7533221,7533221,0.0,1.0,tiingo_historical_seed,
2023-05-09,EFA,73.29,73.7,73.2501,73.6,65.4771462068,65.8434394248,65.4414996229,65.7540996155,14835420,14835420,0.0,1.0,tiingo_historical_seed,
2023-05-10,EFA,73.68,73.69,72.99,73.45,65.8255714629,65.8345054438,65.209126779,65.6200899016,14009767,14009767,0.0,1.0,tiingo_historical_seed,
2023-05-11,EFA,73.03,73.27,72.72,73.27,65.2448627027,65.459278245,64.967909294,65.459278245,14756695,14756695,0.0,1.0,tiingo_historical_seed,
2023-05-12,EFA,73.36,73.41,72.87,73.14,65.5396840733,65.5843539779,65.1019190079,65.3431364929,15823229,15823229,0.0,1.0,tiingo_historical_seed,
2023-05-15,EFA,73.36,73.705,73.28,73.7,65.5396840733,65.8479064152,65.4682122259,65.8434394248,10580633,10580633,0.0,1.0,tiingo_historical_seed,
2023-05-16,EFA,73.32,73.44,72.97,73.0,65.5039481496,65.6111559207,65.1912588172,65.21806076,13335673,13335673,0.0,1.0,tiingo_historical_seed,
2023-05-17,EFA,73.09,73.39,72.815,73.34,65.2984665883,65.5664860161,65.0527821128,65.5218161114,21491299,21491299,0.0,1.0,tiingo_historical_seed,
2023-05-18,EFA,73.17,73.26,72.83,73.23,65.3699384357,65.450344264,65.0661830842,65.4235423213,10657026,10657026,0.0,1.0,tiingo_historical_seed,
2023-05-19,EFA,73.55,73.84,73.47,73.66,65.7094297109,65.9685151577,65.6379578635,65.8077035011,15971239,15971239,0.0,1.0,tiingo_historical_seed,
2023-05-22,EFA,73.56,73.816,73.55,73.68,65.7183636918,65.9470736035,65.7094297109,65.8255714629,12122740,12122740,0.0,1.0,tiingo_historical_seed,
2023-05-23,EFA,73.04,73.15,72.57,72.6,65.2537966837,65.3520704738,64.8338995801,64.8607015229,19215053,19215053,0.0,1.0,tiingo_historical_seed,
2023-05-24,EFA,71.89,71.91,71.5,71.54,64.2263888772,64.244256839,63.877963621,63.9136995448,21758064,21758064,0.0,1.0,tiingo_historical_seed,
2023-05-25,EFA,71.51,71.565,71.15,71.44,63.886897602,63.9360344971,63.5652742886,63.8243597355,17393777,17393777,0.0,1.0,tiingo_historical_seed,
2023-05-26,EFA,71.75,72.2,71.735,72.14,64.1013131442,64.5033422859,64.0879121728,64.4497384003,11189804,11189804,0.0,1.0,tiingo_historical_seed,
2023-05-30,EFA,71.92,71.94,71.21,71.41,64.2531908199,64.2710587818,63.6188781742,63.7975577927,13979807,13979807,0.0,1.0,tiingo_historical_seed,
2023-05-31,EFA,70.69,70.8,70.13,70.67,63.154311166,63.2525849562,62.6540082342,63.1364432042,32568717,32568717,0.0,1.0,tiingo_historical_seed,
2023-06-01,EFA,71.05,71.78,71.0,71.72,63.4759344794,64.128115087,63.4312645747,64.0745112014,29681639,29681639,0.0,1.0,tiingo_historical_seed,
2023-06-02,EFA,72.65,72.76,72.475,72.65,64.9053714275,65.0036452177,64.7490267613,64.9053714275,18693531,18693531,0.0,1.0,tiingo_historical_seed,
2023-06-05,EFA,72.54,72.61,72.18,72.23,64.8070976374,64.8696355038,64.485474324,64.5301442286,18029701,18029701,0.0,1.0,tiingo_historical_seed,
2023-06-06,EFA,72.38,72.8699,72.35,72.83,64.6641539425,65.1018296681,64.6373519998,65.0661830842,17811934,17811934,0.0,1.0,tiingo_historical_seed,
2023-06-07,EFA,71.25,71.5,70.825,70.89,64.83212389,65.0596050264,64.445405958,64.5045510535,29259164,29259164,1.311353,1.0,tiingo_historical_seed,
2023-06-08,EFA,71.23,71.65,71.105,71.64,64.8139253991,65.1960937083,64.7001848308,65.1869944629,15781013,15781013,0.0,1.0,tiingo_historical_seed,
2023-06-09,EFA,71.57,71.68,71.4,71.52,65.1232997447,65.2233914447,64.9686125719,65.0778035174,15419177,15419177,0.0,1.0,tiingo_historical_seed,
2023-06-12,EFA,71.76,71.86,71.59,71.83,65.2961854084,65.3871778629,65.1414982356,65.3598801266,15814705,15814705,0.0,1.0,tiingo_historical_seed,
2023-06-13,EFA,72.49,72.69,72.38,72.51,65.9604303268,66.142415236,65.8603386268,65.9786288177,17620630,17620630,0.0,1.0,tiingo_historical_seed,
2023-06-14,EFA,72.97,73.175,72.38,72.78,66.3971941088,66.5837286407,65.8603386268,66.2243084451,17305785,17305785,0.0,1.0,tiingo_historical_seed,
2023-06-15,EFA,72.77,73.59,72.715,73.55,66.2152091996,66.9613473272,66.1651633496,66.9249503454,14597217,14597217,0.0,1.0,tiingo_historical_seed,
2023-06-16,EFA,73.88,73.91,73.36,73.39,67.2252254455,67.2525231819,66.7520646817,66.7793624181,20036205,20036205,0.0,1.0,tiingo_historical_seed,
2023-06-20,EFA,72.59,72.72,72.27,72.42,66.0514227814,66.1697129723,65.7602469267,65.8967356086,16873013,16873013,0.0,1.0,tiingo_historical_seed,
2023-06-21,EFA,72.3,72.775,72.19,72.53,65.7875446631,66.2197588224,65.6874529631,65.9968273086,11322663,11322663,0.0,1.0,tiingo_historical_seed,
2023-06-22,EFA,72.01,72.2,71.945,72.08,65.5236665448,65.6965522085,65.4645214493,65.587361263,11313341,11313341,0.0,1.0,tiingo_historical_seed,
2023-06-23,EFA,70.83,71.145,70.81,70.96,64.4499555807,64.7365818127,64.4317570898,64.5682457717,15929741,15929741,0.0,1.0,tiingo_historical_seed,
2023-06-26,EFA,71.05,71.195,70.945,71.05,64.6501389808,64.78207804,64.5545969035,64.6501389808,12950900,12950900,0.0,1.0,tiingo_historical_seed,
2023-06-27,EFA,71.26,71.72,71.05,71.67,64.8412231354,65.2597884265,64.6501389808,65.2142921992,11034089,11034089,0.0,1.0,tiingo_historical_seed,
2023-06-28,EFA,71.65,71.865,71.515,71.72,65.1960937083,65.3917274857,65.0732538946,65.2597884265,9256540,9256540,0.0,1.0,tiingo_historical_seed,
2023-06-29,EFA,71.39,71.62,71.35,71.62,64.9595133264,65.1687959719,64.9231163446,65.1687959719,6735999,6735999,0.0,1.0,tiingo_historical_seed,
2023-06-30,EFA,72.29,72.55,72.21,72.5,65.7784454176,66.0150257996,65.705651454,65.9695295723,28381135,28381135,0.0,1.0,tiingo_historical_seed,
2023-07-03,EFA,72.47,72.58,72.31,72.42,65.9422318359,66.0423235359,65.7966439086,65.8967356086,13375507,13375507,0.0,1.0,tiingo_historical_seed,
2023-07-05,EFA,71.9,71.925,71.54,71.61,65.4235748448,65.4463229584,65.0960020083,65.1596967265,15971482,15971482,0.0,1.0,tiingo_historical_seed,
2023-07-06,EFA,70.54,70.56,69.94,70.37,64.1860774625,64.2042759534,63.640122735,64.0313902897,17415292,17415292,0.0,1.0,tiingo_historical_seed,
2023-07-07,EFA,70.44,71.2199,70.405,70.9,64.0950850079,64.8047351612,64.0632376488,64.5136502989,16721283,16721283,0.0,1.0,tiingo_historical_seed,
2023-07-10,EFA,70.78,71.125,70.75,71.1,64.4044593535,64.7183833218,64.3771616171,64.6956352081,9486037,9486037,0.0,1.0,tiingo_historical_seed,
2023-07-11,EFA,71.41,71.755,71.22,71.74,64.9777118173,65.2916357856,64.8048261536,65.2779869174,12816605,12816605,0.0,1.0,tiingo_historical_seed,
2023-07-12,EFA,72.69,73.19,72.57,73.11,66.142415236,66.5973775089,66.0332242905,66.5245835452,16111053,16111053,0.0,1.0,tiingo_historical_seed,
2023-07-13,EFA,74.07,74.38,74.04,74.28,67.3981111092,67.6801877184,67.3708133728,67.5891952638,12707578,12707578,0.0,1.0,tiingo_historical_seed,
2023-07-14,EFA,74.23,74.29,73.83,73.86,67.5436990365,67.5982945093,67.1797292182,67.2070269546,12549124,12549124,0.0,1.0,tiingo_historical_seed,
2023-07-17,EFA,73.53,73.86,73.41,73.77,66.9067518545,67.2070269546,66.797560909,67.1251337455,15876564,15876564,0.0,1.0,tiingo_historical_seed,
2023-07-18,EFA,73.9,74.34,73.83,74.25,67.2434239364,67.6437907366,67.1797292182,67.5618975275,11519448,11519448,0.0,1.0,tiingo_historical_seed,
2023-07-19,EFA,74.3,74.45,74.02,74.21,67.6073937548,67.7438824366,67.3526148819,67.5255005456,11138742,11138742,0.0,1.0,tiingo_historical_seed,
2023-07-20,EFA,74.05,74.245,73.7116,73.83,67.3799126183,67.5573479047,67.071994152,67.1797292182,14843852,14843852,0.0,1.0,tiingo_historical_seed,
2023-07-21,EFA,74.0,74.06,73.77,73.98,67.334416391,67.3890118638,67.1251337455,67.3162179001,10318401,10318401,0.0,1.0,tiingo_historical_seed,
2023-07-24,EFA,73.66,73.9575,73.62,73.8,67.0250420454,67.2957445978,66.9886450636,67.1524314818,9421202,9421202,0.0,1.0,tiingo_historical_seed,
2023-07-25,EFA,73.68,74.06,73.66,73.88,67.0432405363,67.3890118638,67.0250420454,67.2252254455,9150961,9150961,0.0,1.0,tiingo_historical_seed,
2023-07-26,EFA,73.54,74.315,73.5,74.08,66.9158510999,67.6210426229,66.8794541181,67.4072103547,12325284,12325284,0.0,1.0,tiingo_historical_seed,
2023-07-27,EFA,74.69,74.69,73.85,73.91,67.9622643276,67.9622643276,67.1979277091,67.2525231819,12775706,12775706,0.0,1.0,tiingo_historical_seed,
2023-07-28,EFA,74.46,74.735,74.3,74.44,67.7529816821,68.0032109322,67.6073937548,67.7347831912,15891118,15891118,0.0,1.0,tiingo_historical_seed,
2023-07-31,EFA,74.51,74.71,74.36,74.46,67.7984779094,67.9804628185,67.6619892275,67.7529816821,13799849,13799849,0.0,1.0,tiingo_historical_seed,
2023-08-01,EFA,73.73,73.94,73.375,73.53,67.0887367636,67.2798209183,66.7657135499,66.9067518545,16707851,16707851,0.0,1.0,tiingo_historical_seed,
2023-08-02,EFA,72.62,72.73,72.08,72.16,66.0787205178,66.1788122178,65.587361263,65.6601552267,16814832,16814832,0.0,1.0,tiingo_historical_seed,
2023-08-03,EFA,71.59,72.16,71.525,71.96,65.1414982356,65.6601552267,65.0823531401,65.4781703175,12745683,12745683,0.0,1.0,tiingo_historical_seed,
2023-08-04,EFA,72.33,72.9075,72.1,72.16,65.8148423995,66.3403238247,65.6055597539,65.6601552267,14079592,14079592,0.0,1.0,tiingo_historical_seed,
2023-08-07,EFA,72.63,72.79,72.3,72.77,66.0878197632,66.2334076906,65.7875446631,66.2152091996,12940636,12940636,0.0,1.0,tiingo_historical_seed,
2023-08-08,EFA,71.97,72.385,71.79,72.33,65.487269563,65.8648882495,65.3234831447,65.8148423995,14144438,14144438,0.0,1.0,tiingo_historical_seed,
2023-08-09,EFA,72.43,72.62,72.1929,72.31,65.9058348541,66.0787205178,65.6900917442,65.7966439086,12188679,12188679,0.0,1.0,tiingo_historical_seed,
2023-08-10,EFA,73.09,73.51,72.55,72.62,66.5063850543,66.8885533636,66.0150257996,66.0787205178,16788858,16788858,0.0,1.0,tiingo_historical_seed,
2023-08-11,EFA,72.11,72.37,71.965,72.13,65.6146589994,65.8512393813,65.4827199403,65.6328574903,14863672,14863672,0.0,1.0,tiingo_historical_seed,
2023-08-14,EFA,71.4,71.8803,71.21,71.81,64.9686125719,65.4056493312,64.7957269082,65.3416816356,9959351,9959351,0.0,1.0,tiingo_historical_seed,
2023-08-15,EFA,71.39,71.405,70.79,70.92,64.9595133264,64.9731621946,64.4135585989,64.5318487899,13863644,13863644,0.0,1.0,tiingo_historical_seed,
2023-08-16,EFA,70.69,70.965,70.32,70.34,64.3225661443,64.5727953944,63.9858940624,64.0040925533,10940139,10940139,0.0,1.0,tiingo_historical_seed,
2023-08-17,EFA,70.56,70.635,69.745,69.84,64.2042759534,64.2725202943,63.4626874485,63.5491302804,14730509,14730509,0.0,1.0,tiingo_historical_seed,
2023-08-18,EFA,69.32,69.96,69.31,69.84,63.0759695165,63.6583212259,63.0668702711,63.5491302804,13617538,13617538,0.0,1.0,tiingo_historical_seed,
2023-08-21,EFA,70.02,70.175,69.71,70.1,63.7129166986,63.8539550032,63.4308400894,63.7857106623,15838416,15838416,0.0,1.0,tiingo_historical_seed,
2023-08-22,EFA,70.43,70.45,69.91,69.97,64.0859857624,64.1041842533,63.6128249986,63.6674204713,10568020,10568020,0.0,1.0,tiingo_historical_seed,
2023-08-23,EFA,70.25,70.835,70.24,70.73,63.9221993442,64.4545052035,63.9131000987,64.3589631262,12669971,12669971,0.0,1.0,tiingo_historical_seed,
2023-08-24,EFA,70.38,70.595,69.73,69.76,64.0404895351,64.2361233125,63.4490385803,63.4763363167,14879030,14879030,0.0,1.0,tiingo_historical_seed,
2023-08-25,EFA,70.1999,70.47,69.595,70.23,63.8766121244,64.1223827442,63.3261987666,63.9040008532,11617664,11617664,0.0,1.0,tiingo_historical_seed,
2023-08-28,EFA,70.71,71.02,70.69,70.97,64.3407646352,64.6228412444,64.3225661443,64.5773450172,12320383,12320383,0.0,1.0,tiingo_historical_seed,
2023-08-29,EFA,70.83,71.895,70.76,71.85,64.4499555807,65.419025222,64.3862608625,65.3780786175,12224400,12224400,0.0,1.0,tiingo_historical_seed,
2023-08-30,EFA,71.91,72.15,71.705,71.81,65.4326740902,65.6510559812,65.2461395583,65.3416816356,12235771,12235771,0.0,1.0,tiingo_historical_seed,
2023-08-31,EFA,71.84,71.9,71.31,71.53,65.368979372,65.4235748448,64.8867193627,65.0869027628,13375220,13375220,0.0,1.0,tiingo_historical_seed,
2023-09-01,EFA,72.15,72.18,71.3,71.49,65.6510559812,65.6783537176,64.8776201173,65.050505781,17069805,17069805,0.0,1.0,tiingo_historical_seed,
2023-09-05,EFA,71.31,71.33,70.865,70.87,64.8867193627,64.9049178537,64.4818029398,64.4863525626,12085027,12085027,0.0,1.0,tiingo_historical_seed,
2023-09-06,EFA,70.85,71.0,70.465,70.72,64.4681540717,64.6046427535,64.1178331215,64.3498638807,11294629,11294629,0.0,1.0,tiingo_historical_seed,
2023-09-07,EFA,70.5,70.64,70.275,70.49,64.1496804806,64.277069917,63.9449474578,64.1405812352,13542992,13542992,0.0,1.0,tiingo_historical_seed,
2023-09-08,EFA,70.39,70.62,70.3,70.39,64.0495887806,64.2588714261,63.9676955715,64.0495887806,11813894,11813894,0.0,1.0,tiingo_historical_seed,
2023-09-11,EFA,70.98,71.18,70.785,71.12,64.5864442626,64.7684291718,64.4090089762,64.713833699,11650948,11650948,0.0,1.0,tiingo_historical_seed,
2023-09-12,EFA,70.76,71.085,70.72,70.83,64.3862608625,64.6819863399,64.3498638807,64.4499555807,7947084,7947084,0.0,1.0,tiingo_historical_seed,
2023-09-13,EFA,70.68,70.88,70.465,70.61,64.3134668989,64.495451808,64.1178331215,64.2497721807,10047887,10047887,0.0,1.0,tiingo_historical_seed,
2023-09-14,EFA,71.15,71.61,71.13,71.54,64.7411314354,65.1596967265,64.7229329445,65.0960020083,13519785,13519785,0.0,1.0,tiingo_historical_seed,
2023-09-15,EFA,71.69,71.93,71.35,71.38,65.2324906902,65.4508725811,64.9231163446,64.9504140809,13678464,13678464,0.0,1.0,tiingo_historical_seed,
2023-09-18,EFA,71.08,71.21,70.83,71.13,64.6774367172,64.7957269082,64.4499555807,64.7229329445,9121327,9121327,0.0,1.0,tiingo_historical_seed,
2023-09-19,EFA,71.25,71.38,71.005,71.19,64.83212389,64.9504140809,64.6091923763,64.7775284172,10339947,10339947,0.0,1.0,tiingo_historical_seed,
2023-09-20,EFA,71.53,71.88,70.98,71.02,65.0869027628,65.4053763539,64.5864442626,64.6228412444,14523369,14523369,0.0,1.0,tiingo_historical_seed,
2023-09-21,EFA,70.35,70.49,69.84,69.84,64.0131917987,64.1405812352,63.5491302804,63.5491302804,17619909,17619909,0.0,1.0,tiingo_historical_seed,
2023-09-22,EFA,70.22,70.46,69.84,69.9,63.8949016078,64.1132834988,63.5491302804,63.6037257531,14715755,14715755,0.0,1.0,tiingo_historical_seed,
2023-09-25,EFA,69.32,69.63,69.155,69.59,63.0759695165,63.3580461258,62.9258319665,63.3216491439,16853115,16853115,0.0,1.0,tiingo_historical_seed,
2023-09-26,EFA,69.0429,69.245,68.63,68.69,62.8238294249,63.0077251756,62.4481215799,62.5027170527,17756850,17756850,0.0,1.0,tiingo_historical_seed,
2023-09-27,EFA,68.95,69.0,68.085,68.56,62.7392974346,62.7847936619,61.9522127025,62.3844268617,16390389,16390389,0.0,1.0,tiingo_historical_seed,
2023-09-28,EFA,68.62,69.325,68.53,69.12,62.4390223345,63.0805191393,62.3571291253,62.8939846074,19507379,19507379,0.0,1.0,tiingo_historical_seed,
2023-09-29,EFA,69.75,69.76,68.75,68.92,63.4672370713,63.4763363167,62.5573125254,62.7119996982,20292936,20292936,0.0,1.0,tiingo_historical_seed,
2023-10-02,EFA,68.47,68.53,67.68,67.91,62.3025336526,62.3571291253,61.5836932614,61.7929759069,23671359,23671359,0.0,1.0,tiingo_historical_seed,
2023-10-03,EFA,67.3,67.49,66.83,67.06,61.237921934,61.4108075977,60.8102573974,61.019540043,19913413,19913413,0.0,1.0,tiingo_historical_seed,
2023-10-04,EFA,67.23,67.27,66.62,67.18,61.1742272158,61.2106241976,60.6191732428,61.1287309885,19586201,19586201,0.0,1.0,tiingo_historical_seed,
2023-10-05,EFA,67.57,67.87,67.34,67.77,61.4836015614,61.7565789251,61.2743189158,61.6655864705,18327243,18327243,0.0,1.0,tiingo_historical_seed,
2023-10-06,EFA,67.64,68.68,67.23,68.52,61.5472962796,62.4936178072,61.1742272158,62.3480298799,17758931,17758931,0.0,1.0,tiingo_historical_seed,
2023-10-09,EFA,67.88,68.495,67.81,68.42,61.7656781706,62.3252817662,61.7019834524,62.2570374253,11015700,11015700,0.0,1.0,tiingo_historical_seed,
2023-10-10,EFA,69.19,69.6433,69.1,69.36,62.9576793256,63.3701481222,62.8757861165,63.1123664984,23682816,23682816,0.0,1.0,tiingo_historical_seed,
2023-10-11,EFA,69.76,69.855,69.2617,69.65,63.4763363167,63.5627791486,63.0229209155,63.3762446167,15393629,15393629,0.0,1.0,tiingo_historical_seed,
2023-10-12,EFA,69.74,69.755,68.81,69.07,63.4581378258,63.471786694,62.6119079982,62.8484883801,16764594,16764594,0.0,1.0,tiingo_historical_seed,
2023-10-13,EFA,68.87,69.03,68.26,68.43,62.6665034709,62.8120913983,62.111449498,62.2661366708,19900296,19900296,0.0,1.0,tiingo_historical_seed,
2023-10-16,EFA,68.55,69.0,68.46,68.93,62.3753276163,62.7847936619,62.2934344071,62.7210989437,20119560,20119560,0.0,1.0,tiingo_historical_seed,
2023-10-17,EFA,68.36,69.285,68.35,68.97,62.2024419526,63.0441221574,62.1933427071,62.7574959255,12155129,12155129,0.0,1.0,tiingo_historical_seed,
2023-10-18,EFA,68.36,68.425,67.685,67.77,62.2024419526,62.261587048,61.5882428841,61.6655864705,16945882,16945882,0.0,1.0,tiingo_historical_seed,
2023-10-19,EFA,67.55,67.91,67.05,67.17,61.4654030704,61.7929759069,61.0104407975,61.119631743,27204107,27204107,0.0,1.0,tiingo_historical_seed,
2023-10-20,EFA,66.93,67.09,66.54,66.57,60.901249852,61.0468377794,60.5463792792,60.5736770155,28251819,28251819,0.0,1.0,tiingo_historical_seed,
2023-10-23,EFA,66.32,67.04,66.07,66.62,60.3461958791,61.0013415521,60.1187147426,60.6191732428,18574702,18574702,0.0,1.0,tiingo_historical_seed,
2023-10-24,EFA,66.74,67.06,66.645,67.0,60.7283641883,61.019540043,60.6419213565,60.9649445702,22138664,22138664,0.0,1.0,tiingo_historical_seed,
2023-10-25,EFA,66.82,67.08,66.44,66.52,60.801158152,61.0377385339,60.4553868246,60.5281807882,17400881,17400881,0.0,1.0,tiingo_historical_seed,
2023-10-26,EFA,66.35,66.49,65.83,66.04,60.3734936154,60.5008830519,59.9003328516,60.0914170062,22914706,22914706,0.0,1.0,tiingo_historical_seed,
2023-10-27,EFA,66.5,66.53,65.68,65.84,60.5099822973,60.5372800337,59.7638441697,59.9094320971,24116447,24116447,0.0,1.0,tiingo_historical_seed,
2023-10-30,EFA,66.56,66.71,66.265,66.68,60.5645777701,60.7010664519,60.2961500291,60.6737687156,23954539,23954539,0.0,1.0,tiingo_historical_seed,
2023-10-31,EFA,66.76,66.97,66.525,66.92,60.7465626792,60.9376468339,60.532730411,60.8921506066,18291337,18291337,0.0,1.0,tiingo_historical_seed,
2023-11-01,EFA,67.08,67.57,66.885,67.55,61.0377385339,61.4836015614,60.8603032475,61.4654030704,21115188,21115188,0.0,1.0,tiingo_historical_seed,
2023-11-02,EFA,68.68,68.94,68.48,68.93,62.4936178072,62.7301981891,62.3116328981,62.7210989437,19669393,19669393,0.0,1.0,tiingo_historical_seed,
2023-11-03,EFA,69.51,70.0,69.405,69.66,63.2488551803,63.6947182077,63.1533131029,63.3853438621,20752899,20752899,0.0,1.0,tiingo_historical_seed,
2023-11-06,EFA,69.56,69.63,69.17,69.31,63.2943514075,63.3580461258,62.9394808347,63.0668702711,15938139,15938139,0.0,1.0,tiingo_historical_seed,
2023-11-07,EFA,68.77,69.02,68.635,68.89,62.5755110163,62.8029921528,62.4526712027,62.6847019618,15747050,15747050,0.0,1.0,tiingo_historical_seed,
2023-11-08,EFA,68.86,69.095,68.595,68.8,62.6574042255,62.8712364937,62.4162742208,62.6028087527,10916452,10916452,0.0,1.0,tiingo_historical_seed,
2023-11-09,EFA,69.41,69.58,68.755,68.79,63.1578627257,63.3125498985,62.5618621482,62.5937095073,14557580,14557580,0.0,1.0,tiingo_historical_seed,
2023-11-10,EFA,68.74,69.15,68.26,69.1,62.54821328,62.9212823438,62.111449498,62.8757861165,12518822,12518822,0.0,1.0,tiingo_historical_seed,
2023-11-13,EFA,68.82,69.3847,68.7147,69.28,62.6210072436,63.1348416347,62.525192189,63.0395725347,11354702,11354702,0.0,1.0,tiingo_historical_seed,
2023-11-14,EFA,70.46,71.14,70.45,71.05,64.1132834988,64.7320321899,64.1041842533,64.6501389808,21166993,21166993,0.0,1.0,tiingo_historical_seed,
2023-11-15,EFA,71.08,71.2884,70.9,70.94,64.6774367172,64.8670649925,64.5136502989,64.5500472808,12980077,12980077,0.0,1.0,tiingo_historical_seed,
2023-11-16,EFA,70.82,71.1101,70.64,70.89,64.4408563353,64.704825446,64.277069917,64.5045510535,13769696,13769696,0.0,1.0,tiingo_historical_seed,
2023-11-17,EFA,71.55,71.865,71.41,71.85,65.1051012537,65.3917274857,64.9777118173,65.3780786175,14315647,14315647,0.0,1.0,tiingo_historical_seed,
2023-11-20,EFA,71.74,72.199,71.735,72.12,65.2779869174,65.695642284,65.2734372947,65.6237582449,10334937,10334937,0.0,1.0,tiingo_historical_seed,
2023-11-21,EFA,72.08,72.145,71.75,71.84,65.587361263,65.6465063585,65.2870861629,65.368979372,12300155,12300155,0.0,1.0,tiingo_historical_seed,
2023-11-22,EFA,71.95,72.035,71.625,72.01,65.4690710721,65.5464146585,65.1733455947,65.5236665448,12162877,12162877,0.0,1.0,tiingo_historical_seed,
2023-11-24,EFA,72.24,72.58,72.23,72.56,65.7329491904,66.0423235359,65.7238499449,66.024125045,8083468,8083468,0.0,1.0,tiingo_historical_seed,
2023-11-27,EFA,72.34,72.4256,72.16,72.31,65.8239416449,65.9018311861,65.6601552267,65.7966439086,10365181,10365181,0.0,1.0,tiingo_historical_seed,
2023-11-28,EFA,72.11,72.55,72.02,72.33,65.6146589994,66.0150257996,65.5327657903,65.8148423995,11130140,11130140,0.0,1.0,tiingo_historical_seed,
2023-11-29,EFA,72.54,72.755,72.295,72.48,66.0059265541,66.2015603315,65.7829950404,65.9513310814,10462203,10462203,0.0,1.0,tiingo_historical_seed,
2023-11-30,EFA,72.49,72.61,72.17,72.42,65.9604303268,66.0696212723,65.6692544721,65.8967356086,19444244,19444244,0.0,1.0,tiingo_historical_seed,
2023-12-01,EFA,72.375,73.24,72.3497,73.18,65.855789004,66.6428737362,65.832767913,66.5882782634,21091944,21091944,0.0,1.0,tiingo_historical_seed,
2023-12-04,EFA,72.46,72.77,72.335,72.61,65.9331325904,66.2152091996,65.8193920222,66.0696212723,14778700,14778700,0.0,1.0,tiingo_historical_seed,
2023-12-05,EFA,72.38,72.82,72.23,72.35,65.8603386268,66.2607054269,65.7238499449,65.8330408904,17529497,17529497,0.0,1.0,tiingo_historical_seed,
2023-12-06,EFA,73.07,73.22,72.55,72.57,66.4881865634,66.6246752453,66.0150257996,66.0332242905,16491854,16491854,0.0,1.0,tiingo_historical_seed,
2023-12-07,EFA,72.72,73.13,72.43,72.92,66.1697129723,66.5427820361,65.9058348541,66.3516978815,14513204,14513204,0.0,1.0,tiingo_historical_seed,
2023-12-08,EFA,72.74,73.245,72.72,73.14,66.1879114633,66.6474233589,66.1697129723,66.5518812816,13323616,13323616,0.0,1.0,tiingo_historical_seed,
2023-12-11,EFA,73.03,73.36,73.015,73.32,66.4517895816,66.7520646817,66.4381407134,66.7156676998,12372000,12372000,0.0,1.0,tiingo_historical_seed,
2023-12-12,EFA,73.2,73.45,72.96,73.45,66.6064767543,66.8339578908,66.3880948633,66.8339578908,13209962,13209962,0.0,1.0,tiingo_historical_seed,
2023-12-13,EFA,73.51,74.59,73.16,74.52,66.8885533636,67.871271873,66.5700797725,67.8075771548,16760655,16760655,0.0,1.0,tiingo_historical_seed,
2023-12-14,EFA,74.89,75.335,74.72,75.07,68.1442492368,68.5491656597,67.989562064,68.308035655,21959570,21959570,0.0,1.0,tiingo_historical_seed,
2023-12-15,EFA,74.71,74.85,74.29,74.34,67.9804628185,68.107852255,67.5982945093,67.6437907366,22420682,22420682,0.0,1.0,tiingo_historical_seed,
2023-12-18,EFA,74.65,74.71,74.3,74.52,67.9258673458,67.9804628185,67.6073937548,67.8075771548,14409987,14409987,0.0,1.0,tiingo_historical_seed,
2023-12-19,EFA,74.93,75.2,74.93,75.15,68.1806462186,68.426325846,68.1806462186,68.3808296187,14727022,14727022,0.0,1.0,tiingo_historical_seed,
2023-12-20,EFA,74.24,74.42,73.42,73.47,68.4085406171,68.5744018417,67.6529505941,67.6990231565,23019212,23019212,0.9307,1.0,tiingo_historical_seed,
2023-12-21,EFA,74.26,74.66,74.1007,74.66,68.4269696421,68.7955501411,68.2801824583,68.7955501411,15837425,15837425,0.0,1.0,tiingo_historical_seed,
2023-12-22,EFA,74.82,74.97,74.53,74.73,68.9429823407,69.0812000278,68.6757614789,68.8600517284,12184500,12184500,0.0,1.0,tiingo_historical_seed,
2023-12-26,EFA,74.81,75.1854,74.81,75.07,68.9337678282,69.2796806265,68.9337678282,69.1733451526,8915396,8915396,0.0,1.0,tiingo_historical_seed,
2023-12-27,EFA,75.12,75.53,75.11,75.47,69.219417715,69.5972127264,69.2102032025,69.5419256516,13082623,13082623,0.0,1.0,tiingo_historical_seed,
2023-12-28,EFA,75.45,75.66,75.255,75.27,69.5234966266,69.7170013886,69.3438136334,69.3576354021,16832008,16832008,0.0,1.0,tiingo_historical_seed,
2023-12-29,EFA,75.38,75.59,75.15,75.35,69.4589950393,69.6524998013,69.2470612524,69.4313515019,21346352,21346352,0.0,1.0,tiingo_historical_seed,
2024-01-02,EFA,74.54,74.87,74.405,74.51,68.6849759914,68.9890549031,68.560580073,68.657332454,18177553,18177553,0.0,1.0,tiingo_historical_seed,
2024-01-03,EFA,73.78,74.16,73.5756,73.95,67.9846730433,68.3348245173,67.7963284083,68.1413197553,18637682,18637682,0.0,1.0,tiingo_historical_seed,
2024-01-04,EFA,73.94,74.4903,73.94,74.12,68.1321052429,68.6391798644,68.1321052429,68.2979664674,11977052,11977052,0.0,1.0,tiingo_historical_seed,
2024-01-05,EFA,74.03,74.82,73.955,74.17,68.2150358551,68.9429823407,68.1459270116,68.3440390298,18682142,18682142,0.0,1.0,tiingo_historical_seed,
2024-01-08,EFA,74.33,74.98,74.265,74.96,68.4914712294,69.0904145403,68.4315768983,69.0719855153,16250145,16250145,0.0,1.0,tiingo_historical_seed,
2024-01-09,EFA,74.29,74.47,74.18,74.29,68.4546131795,68.6204744041,68.3532535423,68.4546131795,10218297,10218297,0.0,1.0,tiingo_historical_seed,
2024-01-10,EFA,74.61,74.88,74.53,74.77,68.7494775787,68.9982694155,68.6757614789,68.8969097783,12191313,12191313,0.0,1.0,tiingo_historical_seed,
2024-01-11,EFA,74.97,75.065,74.1,74.76,69.0812000278,69.1687378963,68.2795374425,68.8876952658,16434278,16434278,0.0,1.0,tiingo_historical_seed,
2024-01-12,EFA,75.26,75.495,74.93,75.07,69.3484208896,69.5649619328,69.0443419779,69.1733451526,11329292,11329292,0.0,1.0,tiingo_historical_seed,
2024-01-16,EFA,74.16,74.255,73.655,73.81,68.3348245173,68.4223623858,67.8694916373,68.0123165807,19802714,19802714,0.0,1.0,tiingo_historical_seed,
2024-01-17,EFA,72.83,73.14,72.585,73.11,67.1092943581,67.3949442448,66.8835388024,67.3673007074,16381456,16381456,0.0,1.0,tiingo_historical_seed,
2024-01-18,EFA,73.42,73.78,73.26,73.76,67.6529505941,67.9846730433,67.5055183945,67.9662440183,16391373,16391373,0.0,1.0,tiingo_historical_seed,
2024-01-19,EFA,73.56,73.94,73.295,73.93,67.7819537688,68.1321052429,67.5377691882,68.1228907304,15792194,15792194,0.0,1.0,tiingo_historical_seed,
2024-01-22,EFA,74.11,74.38,74.035,74.16,68.2887519549,68.5375437918,68.2196431114,68.3348245173,15424825,15424825,0.0,1.0,tiingo_historical_seed,
2024-01-23,EFA,73.78,74.0,73.62,73.95,67.9846730433,68.1873923177,67.8372408436,68.1413197553,13575390,13575390,0.0,1.0,tiingo_historical_seed,
2024-01-24,EFA,74.93,75.0,74.5,74.51,69.0443419779,69.1088435652,68.6481179415,68.657332454,16294216,16294216,0.0,1.0,tiingo_historical_seed,
2024-01-25,EFA,74.69,74.73,74.33,74.72,68.8231936785,68.8600517284,68.4914712294,68.8508372159,15268804,15268804,0.0,1.0,tiingo_historical_seed,
2024-01-26,EFA,75.11,75.235,74.985,75.05,69.2102032025,69.3253846084,69.0950217965,69.1549161276,16478622,16478622,0.0,1.0,tiingo_historical_seed,
2024-01-29,EFA,75.02,75.57,74.925,75.49,69.1272725902,69.6340707763,69.0397347217,69.5603546765,13341499,13341499,0.0,1.0,tiingo_historical_seed,
2024-01-30,EFA,75.38,75.48,75.1,75.39,69.4589950393,69.5511401641,69.20098869,69.4682095518,11708418,11708418,0.0,1.0,tiingo_historical_seed,
2024-01-31,EFA,75.73,75.97,74.9,75.01,69.7815029759,70.0026512754,69.0166984405,69.1180580777,23907273,23907273,0.0,1.0,tiingo_historical_seed,
2024-02-01,EFA,75.19,75.77,75.03,75.75,69.2839193023,69.8183610259,69.1364871027,69.7999320009,17189446,17189446,0.0,1.0,tiingo_historical_seed,
2024-02-02,EFA,75.13,75.2,74.81,75.15,69.2286322274,69.2931338148,68.9337678282,69.2470612524,15579850,15579850,0.0,1.0,tiingo_historical_seed,
2024-02-05,EFA,74.7,74.915,74.335,74.75,68.832408191,69.0305202092,68.4960784856,68.8784807534,15617888,15617888,0.0,1.0,tiingo_historical_seed,
2024-02-06,EFA,74.72,75.23,74.68,75.21,68.8508372159,69.3207773522,68.813979166,69.3023483272,13886585,13886585,0.0,1.0,tiingo_historical_seed,
2024-02-07,EFA,75.17,75.285,75.0,75.17,69.2654902773,69.3714571708,69.1088435652,69.2654902773,10485099,10485099,0.0,1.0,tiingo_historical_seed,
2024-02-08,EFA,75.05,75.1,74.82,75.04,69.1549161276,69.20098869,68.9429823407,69.1457016151,9578469,9578469,0.0,1.0,tiingo_historical_seed,
2024-02-09,EFA,75.05,75.35,74.875,75.3,69.1549161276,69.4313515019,68.9936621593,69.3852789395,11001146,11001146,0.0,1.0,tiingo_historical_seed,
2024-02-12,EFA,75.27,75.66,75.245,75.43,69.3576354021,69.7170013886,69.3345991209,69.5050676017,6911456,6911456,0.0,1.0,tiingo_historical_seed,
2024-02-13,EFA,74.62,74.715,74.015,74.27,68.7586920912,68.8462299597,68.2012140864,68.4361841545,14942545,14942545,0.0,1.0,tiingo_historical_seed,
2024-02-14,EFA,74.76,75.12,74.699,75.1,68.8876952658,69.219417715,68.8314867397,69.20098869,13248016,13248016,0.0,1.0,tiingo_historical_seed,
2024-02-15,EFA,75.46,75.97,75.45,75.95,69.5327111391,70.0026512754,69.5234966266,69.9842222504,14128634,14128634,0.0,1.0,tiingo_historical_seed,
2024-02-16,EFA,75.98,76.385,75.8,76.07,70.0118657878,70.3850535431,69.8460045633,70.0947964001,13381557,13381557,0.0,1.0,tiingo_historical_seed,
2024-02-20,EFA,76.55,76.63,76.18,76.38,70.5370929989,70.6108090987,70.1961560373,70.3804462868,15285824,15285824,0.0,1.0,tiingo_historical_seed,
2024-02-21,EFA,76.22,76.47,76.0851,76.44,70.2330140872,70.4633768991,70.1087103139,70.4357333617,11433755,11433755,0.0,1.0,tiingo_historical_seed,
2024-02-22,EFA,77.07,77.32,76.93,77.3,71.0162476476,71.2466104595,70.887244473,71.2281814346,15475952,15475952,0.0,1.0,tiingo_historical_seed,
2024-02-23,EFA,77.38,77.525,77.27,77.4,71.3018975344,71.4355079653,71.2005378972,71.3203265593,11399963,11399963,0.0,1.0,tiingo_historical_seed,
2024-02-26,EFA,77.46,77.46,77.1499,77.29,71.3756136342,71.3756136342,71.0898716023,71.2189669221,15015194,15015194,0.0,1.0,tiingo_historical_seed,
2024-02-27,EFA,77.34,77.555,77.285,77.5,71.2650394845,71.4631515027,71.2143596659,71.4124716841,11110977,11110977,0.0,1.0,tiingo_historical_seed,
2024-02-28,EFA,76.98,77.145,76.92,77.05,70.9333170354,71.0853564912,70.8780299605,70.9978186227,12196754,12196754,0.0,1.0,tiingo_historical_seed,
2024-02-29,EFA,77.42,77.55,76.855,77.25,71.3387555843,71.4585442465,70.8181356294,71.1821088722,17221873,17221873,0.0,1.0,tiingo_historical_seed,
2024-03-01,EFA,77.57,78.025,77.25,78.0,71.4769732714,71.896233589,71.1821088722,71.8731973079,18930508,18930508,0.0,1.0,tiingo_historical_seed,
2024-03-04,EFA,77.76,77.96,77.675,77.8,71.6520490084,71.836339258,71.5737256524,71.6889070584,13960993,13960993,0.0,1.0,tiingo_historical_seed,
2024-03-05,EFA,77.85,78.13,77.445,77.66,71.7349796207,71.99298597,71.3617918655,71.5599038837,12874367,12874367,0.0,1.0,tiingo_historical_seed,
2024-03-06,EFA,78.51,78.809,78.365,78.58,72.3431374441,72.6186513671,72.2095270132,72.4076390314,24098119,24098119,0.0,1.0,tiingo_historical_seed,
2024-03-07,EFA,79.17,79.61,79.095,79.51,72.9512952675,73.3567338164,72.8821864239,73.2645886916,18279137,18279137,0.0,1.0,tiingo_historical_seed,
2024-03-08,EFA,79.78,79.8599,79.13,79.25,73.5133805285,73.5870044832,72.9144372176,73.0250113673,14926860,14926860,0.0,1.0,tiingo_historical_seed,
2024-03-11,EFA,78.72,78.83,78.41,78.8,72.5366422061,72.6380018433,72.2509923193,72.6103583059,10470100,10470100,0.0,1.0,tiingo_historical_seed,
2024-03-12,EFA,78.91,79.44,78.61,79.43,72.7117179431,73.2000871043,72.4352825689,73.1908725918,15260485,15260485,0.0,1.0,tiingo_historical_seed,
2024-03-13,EFA,79.35,79.6175,79.315,79.44,73.117156492,73.3636447007,73.0849056984,73.2000871043,14166593,14166593,0.0,1.0,tiingo_historical_seed,
2024-03-14,EFA,79.42,79.475,78.57,78.86,73.1816580794,73.232337898,72.398424519,72.6656453807,25548865,25548865,0.0,1.0,tiingo_historical_seed,
2024-03-15,EFA,79.04,79.115,78.63,78.89,72.8315066053,72.9006154489,72.4537115938,72.6932889182,17529114,17529114,0.0,1.0,tiingo_historical_seed,
2024-03-18,EFA,79.09,79.1177,78.805,78.87,72.8775791677,72.9031033672,72.6149655621,72.6748598932,13472212,13472212,0.0,1.0,tiingo_historical_seed,
2024-03-19,EFA,78.82,79.22,78.705,79.01,72.6287873308,72.9973678299,72.5228204374,72.8038630679,13222145,13222145,0.0,1.0,tiingo_historical_seed,
2024-03-20,EFA,78.96,79.9,78.895,79.85,72.7577905055,73.6239546782,72.6978961744,73.5778821158,18834852,18834852,0.0,1.0,tiingo_historical_seed,
2024-03-21,EFA,79.9,80.03,79.785,79.81,73.6239546782,73.7437433404,73.5179877847,73.5410240659,13020951,13020951,0.0,1.0,tiingo_historical_seed,
2024-03-22,EFA,79.78,79.83,79.55,79.64,73.5133805285,73.5594530908,73.3014467415,73.3843773538,12832839,12832839,0.0,1.0,tiingo_historical_seed,
2024-03-25,EFA,79.39,79.76,79.39,79.47,73.1540145419,73.4949515035,73.1540145419,73.2277306417,9418239,9418239,0.0,1.0,tiingo_historical_seed,
2024-03-26,EFA,79.85,79.875,79.56,79.56,73.5778821158,73.600918397,73.310661254,73.310661254,12343148,12343148,0.0,1.0,tiingo_historical_seed,
2024-03-27,EFA,79.74,80.06,79.64,80.04,73.4765224786,73.7713868778,73.3843773538,73.7529578528,12337185,12337185,0.0,1.0,tiingo_historical_seed,
2024-03-28,EFA,79.73,79.97,79.72,79.86,73.4673079661,73.6884562655,73.4580934536,73.5870966283,17180354,17180354,0.0,1.0,tiingo_historical_seed,
2024-04-01,EFA,79.72,79.87,79.325,79.52,73.4580934536,73.5963111408,73.0941202108,73.2738032041,15311987,15311987,0.0,1.0,tiingo_historical_seed,
2024-04-02,EFA,78.89,78.96,78.69,78.96,72.6932889182,72.7577905055,72.5089986687,72.7577905055,17406533,17406533,0.0,1.0,tiingo_historical_seed,
2024-04-03,EFA,78.82,79.52,78.81,79.4,72.6287873308,73.2738032041,72.6195728184,73.1632290544,15892422,15892422,0.0,1.0,tiingo_historical_seed,
2024-04-04,EFA,79.92,79.95,78.645,78.72,73.6423837031,73.6700272406,72.4675333625,72.5366422061,19692108,19692108,0.0,1.0,tiingo_historical_seed,
2024-04-05,EFA,78.61,79.13,78.46,78.97,72.4352825689,72.9144372176,72.2970648817,72.767005018,20838837,20838837,0.0,1.0,tiingo_historical_seed,
2024-04-08,EFA,79.42,79.53,79.22,79.36,73.1816580794,73.2830177166,72.9973678299,73.1263710045,12240531,12240531,0.0,1.0,tiingo_historical_seed,
2024-04-09,EFA,79.73,79.8,79.0,79.35,73.4673079661,73.5318095534,72.7946485554,73.117156492,12369833,12369833,0.0,1.0,tiingo_historical_seed,
2024-04-10,EFA,78.21,78.64,78.0,78.3,72.0667020698,72.4629261063,71.8731973079,72.1496326821,21567342,21567342,0.0,1.0,tiingo_historical_seed,
2024-04-11,EFA,78.57,78.61,77.65,78.51,72.398424519,72.4352825689,71.5506893712,72.3431374441,11966995,11966995,0.0,1.0,tiingo_historical_seed,
2024-04-12,EFA,77.86,78.0875,77.14,77.24,71.7441941332,71.953824292,71.080749235,71.1728943597,17934613,17934613,0.0,1.0,tiingo_historical_seed,
2024-04-15,EFA,78.14,78.24,76.885,77.01,72.0022004825,72.0943456073,70.8457791669,70.9609605728,21610118,21610118,0.0,1.0,tiingo_historical_seed,
2024-04-16,EFA,76.39,76.62,75.995,76.25,70.3896607993,70.6015945863,70.0256875565,70.2606576247,24161808,24161808,0.0,1.0,tiingo_historical_seed,
2024-04-17,EFA,76.68,76.72,75.96,76.3,70.6568816611,70.693739711,69.9934367629,70.306730187,15748040,15748040,0.0,1.0,tiingo_historical_seed,
2024-04-18,EFA,76.27,76.61,75.9746,76.09,70.2790866496,70.5923800738,70.0068899511,70.1132254251,12884165,12884165,0.0,1.0,tiingo_historical_seed,
2024-04-19,EFA,76.18,76.4075,75.885,76.12,70.1961560373,70.4057861962,69.9243279193,70.1408689625,16924965,16924965,0.0,1.0,tiingo_historical_seed,
2024-04-22,EFA,76.54,77.27,76.465,77.01,70.5278784865,71.2005378972,70.4587696429,70.9609605728,17314232,17314232,0.0,1.0,tiingo_historical_seed,
2024-04-23,EFA,77.27,77.95,77.21,77.85,71.2005378972,71.8271247455,71.1452508223,71.7349796207,13466024,13466024,0.0,1.0,tiingo_historical_seed,
2024-04-24,EFA,77.97,77.97,77.385,77.7,71.8455537704,71.8455537704,71.3065047906,71.5967619336,8530070,8530070,0.0,1.0,tiingo_historical_seed,
2024-04-25,EFA,76.61,77.45,76.42,77.34,70.5923800738,71.3663991217,70.4173043367,71.2650394845,11479649,11479649,0.0,1.0,tiingo_historical_seed,
2024-04-26,EFA,77.68,78.06,77.65,77.96,71.5783329086,71.9284843827,71.5506893712,71.836339258,12676407,12676407,0.0,1.0,tiingo_historical_seed,
2024-04-29,EFA,78.16,78.4,78.04,78.26,72.0206295075,72.2417778069,71.9100553578,72.1127746322,10560035,10560035,0.0,1.0,tiingo_historical_seed,
2024-04-30,EFA,78.0,78.215,77.21,77.27,71.8731973079,72.0713093261,71.1452508223,71.2005378972,18994253,18994253,0.0,1.0,tiingo_historical_seed,
2024-05-01,EFA,77.25,78.015,76.905,77.1,71.1821088722,71.8870190766,70.8642081918,71.0438911851,17900348,17900348,0.0,1.0,tiingo_historical_seed,
2024-05-02,EFA,77.93,78.28,77.495,78.14,71.8086957205,72.1312036572,71.4078644279,72.0022004825,14993396,14993396,0.0,1.0,tiingo_historical_seed,
2024-05-03,EFA,78.98,79.22,78.445,78.92,72.7762195304,72.9973678299,72.283243113,72.7209324556,15055613,15055613,0.0,1.0,tiingo_historical_seed,
2024-05-06,EFA,79.31,79.52,79.245,79.46,73.0802984421,73.2738032041,73.020404111,73.2185161293,9411398,9411398,0.0,1.0,tiingo_historical_seed,
2024-05-07,EFA,79.72,79.85,79.545,79.67,73.4580934536,73.5778821158,73.2968394853,73.4120208912,9065799,9065799,0.0,1.0,tiingo_historical_seed,
2024-05-08,EFA,79.32,79.6,79.3,79.58,73.0895129546,73.3475193039,73.0710839297,73.329090279,6667504,6667504,0.0,1.0,tiingo_historical_seed,
2024-05-09,EFA,79.57,80.2,79.565,80.19,73.3198757665,73.9003900524,73.3152685103,73.89117554,13255992,13255992,0.0,1.0,tiingo_historical_seed,
2024-05-10,EFA,80.46,80.52,80.235,80.34,74.1399673768,74.1952544516,73.9326408461,74.0293932271,8021993,8021993,0.0,1.0,tiingo_historical_seed,
2024-05-13,EFA,80.41,80.55,80.23,80.34,74.0938948144,74.2228979891,73.9280335899,74.0293932271,6990493,6990493,0.0,1.0,tiingo_historical_seed,
2024-05-14,EFA,80.65,80.95,80.57,80.94,74.3150431138,74.5914784881,74.241327014,74.5822639756,15228304,15228304,0.0,1.0,tiingo_historical_seed,
2024-05-15,EFA,81.32,81.8,81.16,81.8,74.9324154497,75.3747120485,74.7849832501,75.3747120485,10823682,10823682,0.0,1.0,tiingo_historical_seed,
2024-05-16,EFA,81.64,81.71,81.33,81.36,75.2272798489,75.2917814362,74.9416299622,74.9692734996,13042069,13042069,0.0,1.0,tiingo_historical_seed,
2024-05-17,EFA,81.38,81.68,81.26,81.64,74.9877025245,75.2641378988,74.8771283748,75.2272798489,10219550,10219550,0.0,1.0,tiingo_historical_seed,
2024-05-20,EFA,81.72,81.93,81.66,81.7,75.3009959487,75.4945007107,75.2457088738,75.2825669237,5836787,5836787,0.0,1.0,tiingo_historical_seed,
2024-05-21,EFA,81.4,81.625,81.36,81.57,75.0061315495,75.2134580802,74.9692734996,75.1627782616,6221985,6221985,0.0,1.0,tiingo_historical_seed,
2024-05-22,EFA,81.02,81.1,80.58,80.8,74.6559800754,74.7296961752,74.2505415265,74.453260801,10721213,10721213,0.0,1.0,tiingo_historical_seed,
2024-05-23,EFA,81.5,81.505,80.24,80.39,75.0982766742,75.1028839305,73.9372481023,74.0754657895,8805831,8805831,0.0,1.0,tiingo_historical_seed,
2024-05-24,EFA,80.8,81.165,80.755,81.05,74.453260801,74.7895905063,74.4117954948,74.6836236128,9289525,9289525,0.0,1.0,tiingo_historical_seed,
2024-05-28,EFA,81.35,81.37,80.78,81.02,74.9600589871,74.9784880121,74.434831776,74.6559800754,13036642,13036642,0.0,1.0,tiingo_historical_seed,
2024-05-29,EFA,79.98,80.115,79.71,79.74,73.697670778,73.8220666964,73.4488789411,73.4765224786,13662062,13662062,0.0,1.0,tiingo_historical_seed,
2024-05-30,EFA,80.24,80.6073,80.21,80.41,73.9372481023,74.2756971456,73.9096045649,74.0938948144,7456128,7456128,0.0,1.0,tiingo_historical_seed,
2024-05-31,EFA,80.96,81.22,80.56,81.18,74.6006930006,74.8402703249,74.2321125016,74.803412275,19932479,19932479,0.0,1.0,tiingo_historical_seed,
2024-06-03,EFA,81.44,81.65,81.08,81.41,75.0429895994,75.2364943614,74.7112671503,75.015346062,17127673,17127673,0.0,1.0,tiingo_historical_seed,
2024-06-04,EFA,81.23,81.44,80.965,81.31,74.8494848374,75.0429895994,74.6053002568,74.9232009372,12565483,12565483,0.0,1.0,tiingo_historical_seed,
2024-06-05,EFA,81.71,81.91,81.27,81.88,75.2917814362,75.4760716857,74.8863428873,75.4484281483,8661543,8661543,0.0,1.0,tiingo_historical_seed,
2024-06-06,EFA,81.91,82.16,81.865,82.16,75.4760716857,75.7064344976,75.4346063796,75.7064344976,13195574,13195574,0.0,1.0,tiingo_historical_seed,
2024-06-07,EFA,81.44,81.705,81.185,81.27,75.0429895994,75.28717418,74.8080195313,74.8863428873,21589678,21589678,0.0,1.0,tiingo_historical_seed,
2024-06-10,EFA,80.72,81.295,80.6,81.21,74.3795447012,74.9093791685,74.2689705515,74.8310558124,8996296,8996296,0.0,1.0,tiingo_historical_seed,
2024-06-11,EFA,78.89,79.07,78.47,78.91,73.9763812012,74.1451700036,73.5825406625,73.9951355126,17004618,17004618,1.392822,1.0,tiingo_historical_seed,
2024-06-12,EFA,80.18,80.385,79.7,79.84,75.1860342846,75.3782659762,74.7359308117,74.8672109913,15188856,15188856,0.0,1.0,tiingo_historical_seed,
2024-06-13,EFA,79.18,79.18,78.375,78.7,74.2483187161,74.2483187161,73.4934576834,73.7982152432,12784234,12784234,0.0,1.0,tiingo_historical_seed,
2024-06-14,EFA,77.655,77.91,77.3601,77.83,72.8183024741,73.0574199441,72.5417701529,72.9824026986,17500049,17500049,0.0,1.0,tiingo_historical_seed,
2024-06-17,EFA,77.63,78.16,77.37,78.14,72.7948595849,73.2918488362,72.5510535371,73.2730945248,13582729,13582729,0.0,1.0,tiingo_historical_seed,
2024-06-18,EFA,78.14,78.48,78.12,78.45,73.2730945248,73.5919178181,73.2543402135,73.5637863511,16057055,16057055,0.0,1.0,tiingo_historical_seed,
2024-06-20,EFA,78.29,78.62,78.21,78.5,73.4137518601,73.7231979977,73.3387346146,73.6106721295,10942853,10942853,0.0,1.0,tiingo_historical_seed,
2024-06-21,EFA,77.89,78.05,77.665,77.95,73.0386656327,73.1887001237,72.8276796298,73.0949285668,14477748,14477748,0.0,1.0,tiingo_historical_seed,
2024-06-24,EFA,78.59,78.96,78.52,78.57,73.6950665307,74.042021291,73.6294264409,73.6763122193,12193736,12193736,0.0,1.0,tiingo_historical_seed,
2024-06-25,EFA,78.56,78.875,78.47,78.76,73.6669350636,73.9623154677,73.5825406625,73.8544781773,8753370,8753370,0.0,1.0,tiingo_historical_seed,
2024-06-26,EFA,78.06,78.34,77.945,78.18,73.1980772794,73.4606376386,73.090239989,73.3106031476,10509731,10509731,0.0,1.0,tiingo_historical_seed,
2024-06-27,EFA,78.32,78.515,78.08,78.24,73.4418833272,73.624737863,73.2168315907,73.3668660817,14156048,14156048,0.0,1.0,tiingo_historical_seed,
2024-06-28,EFA,78.23,78.5651,78.0,78.33,73.357488926,73.671717413,73.1418143453,73.4512604829,17425009,17425009,0.0,1.0,tiingo_historical_seed,
2024-07-01,EFA,78.76,79.03,78.27,78.47,73.8544781773,74.1076613808,73.3949975488,73.5825406625,19845722,19845722,0.0,1.0,tiingo_historical_seed,
2024-07-02,EFA,78.22,78.69,78.145,78.66,73.3481117703,73.7888380875,73.2777831027,73.7607066205,10331748,10331748,0.0,1.0,tiingo_historical_seed,
2024-07-03,EFA,79.25,79.6189,79.25,79.56,74.3139588059,74.6598820791,74.3139588059,74.6046506322,8107900,8107900,0.0,1.0,tiingo_historical_seed,
2024-07-05,EFA,80.219,80.23,79.52,80.09,75.2226051918,75.2329200631,74.5671420094,75.1016398835,8408776,8408776,0.0,1.0,tiingo_historical_seed,
2024-07-08,EFA,80.14,80.22,79.645,79.69,75.1485256619,75.2235429074,74.6843564555,74.7265536561,6031687,6031687,0.0,1.0,tiingo_historical_seed,
2024-07-09,EFA,79.52,79.58,79.165,79.37,74.5671420094,74.6234049435,74.2342529826,74.4264846741,8069772,8069772,0.0,1.0,tiingo_historical_seed,
2024-07-10,EFA,80.01,80.535,79.97,80.49,75.026622638,75.5189233115,74.9891140153,75.4767261109,8189449,8189449,0.0,1.0,tiingo_historical_seed,
2024-07-11,EFA,81.04,81.1799,80.67,80.72,75.9924696736,76.1236560816,75.6455149132,75.6924006916,8930036,8930036,0.0,1.0,tiingo_historical_seed,
2024-07-12,EFA,81.36,81.87,81.315,81.58,76.2925386555,76.7707735955,76.2503414549,76.4988360806,9289703,9289703,0.0,1.0,tiingo_historical_seed,
2024-07-15,EFA,81.39,81.4,80.79,80.86,76.3206701226,76.3300472782,75.7580407814,75.8236808712,7418664,7418664,0.0,1.0,tiingo_historical_seed,
2024-07-16,EFA,80.65,81.275,80.55,81.25,75.6267606019,76.2128328322,75.532989045,76.189389943,10902885,10902885,0.0,1.0,tiingo_historical_seed,
2024-07-17,EFA,80.85,81.14,80.73,80.82,75.8143037156,76.0862412304,75.7017778473,75.7861722485,11634175,11634175,0.0,1.0,tiingo_historical_seed,
2024-07-18,EFA,80.96,81.04,79.84,80.02,75.9174524281,75.9924696736,74.8672109913,75.0359997937,16481517,16481517,0.0,1.0,tiingo_historical_seed,
2024-07-19,EFA,79.78,79.82,79.45,79.53,74.8109480572,74.84845668,74.5015019196,74.5765191651,15570283,15570283,0.0,1.0,tiingo_historical_seed,
2024-07-22,EFA,80.24,80.395,80.025,80.37,75.2422972188,75.3876431319,75.0406883715,75.3642002427,13762751,13762751,0.0,1.0,tiingo_historical_seed,
2024-07-23,EFA,79.95,80.0836,79.855,79.92,74.9703597039,75.0956385038,74.8812767249,74.9422282368,12043012,12043012,0.0,1.0,tiingo_historical_seed,
2024-07-24,EFA,79.67,79.78,78.87,78.91,74.7077993447,74.8109480572,73.9576268899,73.9951355126,10698026,10698026,0.0,1.0,tiingo_historical_seed,
2024-07-25,EFA,78.24,79.105,77.98,78.41,73.3668660817,74.1779900485,73.1230600339,73.5262777283,17719813,17719813,0.0,1.0,tiingo_historical_seed,
2024-07-26,EFA,79.02,79.55,78.945,79.41,74.0982842252,74.5952734765,74.0279555575,74.4639932969,10574880,10574880,0.0,1.0,tiingo_historical_seed,
2024-07-29,EFA,79.23,79.26,78.815,79.06,74.2952044945,74.3233359616,73.9060525336,74.1357928479,9305599,9305599,0.0,1.0,tiingo_historical_seed,
2024-07-30,EFA,79.37,79.45,78.9201,79.24,74.4264846741,74.5015019196,74.0046064399,74.3045816502,8551634,8551634,0.0,1.0,tiingo_historical_seed,
2024-07-31,EFA,80.4,80.705,80.12,80.36,75.3923317097,75.6783349581,75.1297713505,75.354823087,20969457,20969457,0.0,1.0,tiingo_historical_seed,
2024-08-01,EFA,79.34,79.54,77.85,78.23,74.3983532071,74.5858963208,73.00115701,73.357488926,18129775,18129775,0.0,1.0,tiingo_historical_seed,
2024-08-02,EFA,77.17,77.355,76.375,77.0,72.3635104234,72.5369878035,71.6180265464,72.2040987767,25136218,25136218,0.0,1.0,tiingo_historical_seed,
2024-08-05,EFA,74.23,75.835,73.91,75.32,69.6066266519,71.1116601394,69.30655767,70.6287366216,28088798,28088798,0.0,1.0,tiingo_historical_seed,
2024-08-06,EFA,74.71,75.9,74.605,75.45,70.0567301248,71.1726116513,69.9582699901,70.7506396455,22307546,22307546,0.0,1.0,tiingo_historical_seed,
2024-08-07,EFA,76.845,77.09,75.77,75.81,72.0587528636,72.2884931779,71.0507086274,71.0882172502,24592622,24592622,0.0,1.0,tiingo_historical_seed,
2024-08-08,EFA,76.55,77.155,76.205,77.08,71.7821267709,72.3494446898,71.4586148997,72.2791160222,14824675,14824675,0.0,1.0,tiingo_historical_seed,
2024-08-09,EFA,76.87,77.39,76.715,77.38,72.0821957528,72.5698078484,71.9368498397,72.5604306928,11022675,11022675,0.0,1.0,tiingo_historical_seed,
2024-08-12,EFA,77.33,77.53,77.06,77.31,72.5135449143,72.701088028,72.2603617108,72.494790603,7988718,7988718,0.0,1.0,tiingo_historical_seed,
2024-08-13,EFA,77.89,78.6958,77.85,78.64,73.0386656327,73.7942768378,73.00115701,73.7419523091,11927454,11927454,0.0,1.0,tiingo_historical_seed,
2024-08-14,EFA,78.79,78.995,78.635,78.93,73.8826096444,74.0748413359,73.7372637313,74.013889824,7127626,7127626,0.0,1.0,tiingo_historical_seed,
2024-08-15,EFA,79.64,80.05,79.56,79.89,74.6796678776,75.0641312607,74.6046506322,74.9140967698,10364201,10364201,0.0,1.0,tiingo_historical_seed,
2024-08-16,EFA,79.98,80.4,79.96,80.33,74.9984911709,75.3923317097,74.9797368596,75.3266916199,10287847,10287847,0.0,1.0,tiingo_historical_seed,
2024-08-19,EFA,80.81,81.4,80.8,81.31,75.7767950928,76.3300472782,75.7674179371,76.2456528771,6740976,6740976,0.0,1.0,tiingo_historical_seed,
2024-08-20,EFA,81.17,81.36,80.91,81.06,76.1143726975,76.2925386555,75.8705666497,76.0112239849,5177868,5177868,0.0,1.0,tiingo_historical_seed,
2024-08-21,EFA,81.58,81.965,81.4,81.81,76.4988360806,76.8598565745,76.3300472782,76.7145106613,10653466,10653466,0.0,1.0,tiingo_historical_seed,
2024-08-22,EFA,82.11,82.14,81.28,81.33,76.9958253319,77.023956799,76.21752141,76.2644071885,7290684,7290684,0.0,1.0,tiingo_historical_seed,
2024-08-23,EFA,81.99,82.87,81.89,82.82,76.8832994637,77.708489164,76.7895279068,77.6616033856,10779000,10779000,0.0,1.0,tiingo_historical_seed,
2024-08-26,EFA,82.56,82.72,82.36,82.45,77.4177973377,77.5678318287,77.230254224,77.3146486252,6719906,6719906,0.0,1.0,tiingo_historical_seed,
2024-08-27,EFA,82.65,82.97,82.54,82.83,77.5021917389,77.8022607208,77.3990430264,77.6709805412,9597134,9597134,0.0,1.0,tiingo_historical_seed,
2024-08-28,EFA,82.74,82.905,82.2,82.54,77.5865861401,77.7413092089,77.0802197331,77.3990430264,7883869,7883869,0.0,1.0,tiingo_historical_seed,
2024-08-29,EFA,82.93,83.2842,82.71,82.85,77.7647520981,78.0968909525,77.558454673,77.6897348526,9112065,9112065,0.0,1.0,tiingo_historical_seed,
2024-08-30,EFA,83.115,83.25,82.59,82.98,77.9382294783,78.06482108,77.4459288048,77.8116378765,15627554,15627554,0.0,1.0,tiingo_historical_seed,
2024-09-03,EFA,82.56,82.655,81.465,81.67,77.4177973377,77.5068803168,76.3909987902,76.5832304818,9886682,9886682,0.0,1.0,tiingo_historical_seed,
2024-09-04,EFA,81.07,81.69,80.98,81.31,76.0206011406,76.6019847931,75.9362067395,76.2456528771,9587388,9587388,0.0,1.0,tiingo_historical_seed,
2024-09-05,EFA,81.41,81.555,80.975,81.33,76.3394244339,76.4753931914,75.9315181616,76.2644071885,12147438,12147438,0.0,1.0,tiingo_historical_seed,
2024-09-06,EFA,81.12,81.335,79.67,79.8,76.0674869191,76.2690957663,74.7077993447,74.8297023686,12344375,12344375,0.0,1.0,tiingo_historical_seed,
2024-09-09,EFA,80.41,80.9,80.395,80.6,75.4017088654,75.861189494,75.3876431319,75.5798748234,10634962,10634962,0.0,1.0,tiingo_historical_seed,
2024-09-10,EFA,80.31,80.315,79.575,80.2,75.3079373086,75.3126258864,74.6187163657,75.204788596,9742931,9742931,0.0,1.0,tiingo_historical_seed,
2024-09-11,EFA,80.27,80.71,79.375,80.68,75.2704286858,75.683023536,74.431173252,75.6548920689,12999128,12999128,0.0,1.0,tiingo_historical_seed,
2024-09-12,EFA,80.61,81.37,80.39,81.34,75.5892519791,76.3019158112,75.382954554,76.2737843441,11686010,11686010,0.0,1.0,tiingo_historical_seed,
2024-09-13,EFA,81.45,81.835,81.3915,81.53,76.3769330567,76.7379535506,76.3220766959,76.4519503022,7340468,7340468,0.0,1.0,tiingo_historical_seed,
2024-09-16,EFA,81.88,82.2299,81.695,82.19,76.7801507511,77.1082574286,76.606673371,77.0708425774,9869506,9869506,0.0,1.0,tiingo_historical_seed,
2024-09-17,EFA,82.09,82.14,81.455,81.73,76.9770710205,77.023956799,76.3816216345,76.6394934159,7307315,7307315,0.0,1.0,tiingo_historical_seed,
2024-09-18,EFA,81.81,82.46,81.29,81.47,76.7145106613,77.3240257809,76.2268985657,76.395687368,8454227,8454227,0.0,1.0,tiingo_historical_seed,
2024-09-19,EFA,82.96,83.235,82.47,83.08,77.7928835652,78.0507553465,77.3334029366,77.9054094334,9974104,9974104,0.0,1.0,tiingo_historical_seed,
2024-09-20,EFA,82.59,82.61,81.97,82.26,77.4459288048,77.4646831162,76.8645451523,77.1364826672,7892376,7892376,0.0,1.0,tiingo_historical_seed,
2024-09-23,EFA,82.39,82.66,82.345,82.57,77.2583856911,77.5115688946,77.2161884905,77.4271744934,6997708,6997708,0.0,1.0,tiingo_historical_seed,
2024-09-24,EFA,82.82,83.1199,82.61,83.06,77.6616033856,77.9428242846,77.4646831162,77.886655122,6855760,6855760,0.0,1.0,tiingo_historical_seed,
2024-09-25,EFA,83.21,83.23,82.585,82.61,78.0273124573,78.0460667687,77.441240227,77.4646831162,11869015,11869015,0.0,1.0,tiingo_historical_seed,
2024-09-26,EFA,84.19,84.525,83.85,84.43,78.9462737144,79.2604084299,78.6274504211,79.1713254509,12874975,12874975,0.0,1.0,tiingo_historical_seed,
2024-09-27,EFA,84.27,84.5563,83.795,83.92,79.0212909599,79.2897589272,78.5758760649,78.6930905109,10690655,10690655,0.0,1.0,tiingo_historical_seed,
2024-09-30,EFA,83.96,83.97,83.18,83.63,78.7305991337,78.7399762894,77.9991809902,78.4211529961,13425369,13425369,0.0,1.0,tiingo_historical_seed,
2024-10-01,EFA,83.66,83.69,82.57,83.01,78.4492844631,78.4774159302,77.4271744934,77.8397693436,18430914,18430914,0.0,1.0,tiingo_historical_seed,
2024-10-02,EFA,82.86,83.025,82.45,82.84,77.6991120083,77.8538350771,77.3146486252,77.6803576969,8335155,8335155,0.0,1.0,tiingo_historical_seed,
2024-10-03,EFA,82.12,82.28,81.77,82.07,77.0052024876,77.1552369786,76.6770020386,76.9583167092,9890515,9890515,0.0,1.0,tiingo_historical_seed,
2024-10-04,EFA,82.13,82.565,82.045,82.55,77.0145796433,77.4224859156,76.93487382,77.4084201821,8536274,8536274,0.0,1.0,tiingo_historical_seed,
2024-10-07,EFA,82.3,82.41,81.7879,82.09,77.1739912899,77.2771400025,76.6937871473,76.9770710205,7365112,7365112,0.0,1.0,tiingo_historical_seed,
2024-10-08,EFA,81.9,81.97,81.685,81.96,76.7989050625,76.8645451523,76.5972962153,76.8551679966,6339144,6339144,0.0,1.0,tiingo_historical_seed,
2024-10-09,EFA,81.52,82.05,81.46,81.98,76.4425731465,76.9395623978,76.3863102124,76.873922308,5370828,5370828,0.0,1.0,tiingo_historical_seed,
2024-10-10,EFA,81.77,81.91,81.43,81.88,76.6770020386,76.8082822182,76.3581787453,76.7801507511,5794427,5794427,0.0,1.0,tiingo_historical_seed,
2024-10-11,EFA,81.84,82.38,81.83,82.3,76.7426421284,77.2490085354,76.7332649727,77.1739912899,6915027,6915027,0.0,1.0,tiingo_historical_seed,
2024-10-14,EFA,82.11,82.575,82.01,82.54,76.9958253319,77.4318630713,76.9020537751,77.3990430264,6646193,6646193,0.0,1.0,tiingo_historical_seed,
2024-10-15,EFA,82.24,82.26,81.095,81.17,77.1177283558,77.1364826672,76.0440440298,76.1143726975,17667286,17667286,0.0,1.0,tiingo_historical_seed,
2024-10-16,EFA,81.38,81.4569,81.225,81.38,76.3112929669,76.3834032941,76.1659470538,76.3112929669,5931766,5931766,0.0,1.0,tiingo_historical_seed,
2024-10-17,EFA,81.68,81.71,81.31,81.39,76.5926076374,76.6207391045,76.2456528771,76.3206701226,8904646,8904646,0.0,1.0,tiingo_historical_seed,
2024-10-18,EFA,81.81,81.965,81.62,81.94,76.7145106613,76.8598565745,76.5363447033,76.8364136853,5863087,5863087,0.0,1.0,tiingo_historical_seed,
2024-10-21,EFA,81.49,81.55,80.83,80.97,76.4144416794,76.4707046135,75.7955494042,75.9268295838,8009105,8009105,0.0,1.0,tiingo_historical_seed,
2024-10-22,EFA,80.44,80.625,80.37,80.51,75.4298403325,75.6033177126,75.3642002427,75.4954804223,5844195,5844195,0.0,1.0,tiingo_historical_seed,
2024-10-23,EFA,79.79,79.965,79.345,79.7,74.8203252129,74.9844254374,74.4030417849,74.7359308117,7555992,7555992,0.0,1.0,tiingo_historical_seed,
2024-10-24,EFA,80.33,80.35,79.8,80.15,75.3266916199,75.3454459313,74.8297023686,75.1579028176,6522380,6522380,0.0,1.0,tiingo_historical_seed,
2024-10-25,EFA,80.34,80.46,79.745,79.88,75.3360687756,75.4485946438,74.7781280123,74.9047196141,9288134,9288134,0.0,1.0,tiingo_historical_seed,
2024-10-28,EFA,80.24,80.625,80.18,80.52,75.2422972188,75.6033177126,75.1860342846,75.5048575779,6985008,6985008,0.0,1.0,tiingo_historical_seed,
2024-10-29,EFA,80.25,80.42,80.045,80.23,75.2516743744,75.4110860211,75.0594426829,75.2329200631,8778380,8778380,0.0,1.0,tiingo_historical_seed,
2024-10-30,EFA,79.57,80.06,79.505,79.71,74.6140277878,75.0735084164,74.5530762759,74.7453079674,8828077,8828077,0.0,1.0,tiingo_historical_seed,
2024-10-31,EFA,79.32,79.32,78.47,79.22,74.3795988957,74.3795988957,73.5825406625,74.2858273389,19247645,19247645,0.0,1.0,tiingo_historical_seed,
2024-11-01,EFA,79.65,79.8557,79.305,79.38,74.6890450333,74.8819331258,74.3655331622,74.4358618298,9951294,9951294,0.0,1.0,tiingo_historical_seed,
2024-11-04,EFA,79.82,80.03,79.39,79.44,74.84845668,75.0453769494,74.4452389855,74.4921247639,10280054,10280054,0.0,1.0,tiingo_historical_seed,
2024-11-05,EFA,79.65,80.295,79.59,80.23,74.6890450333,75.293871575,74.6327820992,75.2329200631,9596383,9596383,0.0,1.0,tiingo_historical_seed,
2024-11-06,EFA,79.05,79.155,78.42,79.07,74.1264156922,74.2248758269,73.535654884,74.1451700036,11746261,11746261,0.0,1.0,tiingo_historical_seed,
2024-11-07,EFA,79.98,80.34,79.84,80.27,74.9984911709,75.3360687756,74.8672109913,75.2704286858,11634128,11634128,0.0,1.0,tiingo_historical_seed,
2024-11-08,EFA,79.38,79.38,78.78,79.16,74.4358618298,74.4358618298,73.8732324887,74.2295644047,11540291,11540291,0.0,1.0,tiingo_historical_seed,
2024-11-11,EFA,79.41,79.45,79.1,79.18,74.4639932969,74.5015019196,74.1733014706,74.2483187161,5839576,5839576,0.0,1.0,tiingo_historical_seed,
2024-11-12,EFA,78.42,78.42,77.32,77.71,73.535654884,73.535654884,72.5041677587,72.8698768304,16613900,16613900,0.0,1.0,tiingo_historical_seed,
2024-11-13,EFA,77.4,77.46,76.8,77.25,72.5791850041,72.6354479382,72.016555663,72.4385276689,14828857,14828857,0.0,1.0,tiingo_historical_seed,
2024-11-14,EFA,77.81,77.975,77.33,77.41,72.9636483872,73.118371456,72.5135449143,72.5885621598,19039012,19039012,0.0,1.0,tiingo_historical_seed,
2024-11-15,EFA,77.31,77.33,76.96,77.13,72.494790603,72.5135449143,72.166590154,72.3260018006,15433599,15433599,0.0,1.0,tiingo_historical_seed,
2024-11-18,EFA,77.07,77.695,77.02,77.55,72.2697388665,72.8558110968,72.2228530881,72.7198423394,7774078,7774078,0.0,1.0,tiingo_historical_seed,
2024-11-19,EFA,76.9,77.595,76.79,77.45,72.1103272199,72.76203954,72.0071785073,72.6260707826,13402289,13402289,0.0,1.0,tiingo_historical_seed,
2024-11-20,EFA,77.13,77.24,76.7017,77.24,72.3260018006,72.4291505132,71.9243782226,72.4291505132,12441967,12441967,0.0,1.0,tiingo_historical_seed,
2024-11-21,EFA,77.12,77.3801,76.8518,77.26,72.3166246449,72.5605244643,72.0651293295,72.4479048245,9161202,9161202,0.0,1.0,tiingo_historical_seed,
2024-11-22,EFA,77.17,77.7,77.16,77.56,72.3635104234,72.8604996747,72.3541332677,72.7292194951,16809833,16809833,0.0,1.0,tiingo_historical_seed,
2024-11-25,EFA,78.16,78.27,77.72,77.96,73.2918488362,73.3949975488,72.8792539861,73.1043057225,24934101,24934101,0.0,1.0,tiingo_historical_seed,
2024-11-26,EFA,77.83,77.845,77.27,77.51,72.9824026986,72.9964684321,72.4572819802,72.6823337167,9360799,9360799,0.0,1.0,tiingo_historical_seed,
2024-11-27,EFA,77.84,78.075,77.695,77.93,72.9917798543,73.2121430129,72.8558110968,73.0761742555,7477916,7477916,0.0,1.0,tiingo_historical_seed,
2024-11-29,EFA,78.24,79.01,78.21,78.97,73.3668660817,74.0889070695,73.3387346146,74.0513984467,11643860,11643860,0.0,1.0,tiingo_historical_seed,
2024-12-02,EFA,79.08,79.33,78.57,79.19,74.1545471593,74.3889760514,73.6763122193,74.2576958718,15721136,15721136,0.0,1.0,tiingo_historical_seed,
2024-12-03,EFA,79.71,79.87,79.4,79.64,74.7453079674,74.8953424584,74.4546161412,74.6796678776,13289942,13289942,0.0,1.0,tiingo_historical_seed,
2024-12-04,EFA,79.74,79.875,79.58,79.7,74.7734394345,74.9000310362,74.6234049435,74.7359308117,10434376,10434376,0.0,1.0,tiingo_historical_seed,
2024-12-05,EFA,80.1,80.22,79.945,80.09,75.1110170392,75.2235429074,74.965671126,75.1016398835,11910866,11910866,0.0,1.0,tiingo_historical_seed,
2024-12-06,EFA,80.39,80.39,79.9,80.08,75.382954554,75.382954554,74.9234739255,75.0922627278,7072545,7072545,0.0,1.0,tiingo_historical_seed,
2024-12-09,EFA,80.53,80.625,80.0,80.03,75.5142347336,75.6033177126,75.0172454823,75.0453769494,7801060,7801060,0.0,1.0,tiingo_historical_seed,
2024-12-10,EFA,79.83,79.85,79.29,79.31,74.8578338357,74.876588147,74.3514674287,74.37022174,10662787,10662787,0.0,1.0,tiingo_historical_seed,
2024-12-11,EFA,79.73,79.87,79.49,79.81,74.7640622788,74.8953424584,74.5390105424,74.8390795243,11859039,11859039,0.0,1.0,tiingo_historical_seed,
2024-12-12,EFA,79.39,79.71,79.05,79.11,74.4452389855,74.7453079674,74.1264156922,74.1826786263,8623811,8623811,0.0,1.0,tiingo_historical_seed,
2024-12-13,EFA,79.21,79.21,78.68,78.89,74.2764501832,74.2764501832,73.7794609319,73.9763812012,10116569,10116569,0.0,1.0,tiingo_historical_seed,
2024-12-16,EFA,78.58,78.895,78.5001,78.63,73.685689375,73.9810697791,73.6107659011,73.7325751534,25547908,25547908,0.0,1.0,tiingo_historical_seed,
2024-12-17,EFA,77.43,77.71,77.37,77.45,73.5983852479,73.8645294797,73.5413543411,73.6173955501,13934864,13934864,1.05717,1.0,tiingo_historical_seed,
2024-12-18,EFA,77.375,77.535,75.405,75.55,73.5461069166,73.6981893348,71.6735921428,71.8114168343,16470395,16470395,0.0,1.0,tiingo_historical_seed,
2024-12-19,EFA,75.8,75.87,75.255,75.31,72.0490456127,72.1155816706,71.5310148757,71.583293207,17486579,17486579,0.0,1.0,tiingo_historical_seed,
2024-12-20,EFA,74.38,75.7299,74.37,75.1,70.6993141513,71.9824145032,70.6898090002,71.3836850331,20878324,20878324,0.0,1.0,tiingo_historical_seed,
2024-12-23,EFA,75.24,75.64,74.94,75.59,71.516757149,71.8969631945,71.2316026149,71.8494374388,10491242,10491242,0.0,1.0,tiingo_historical_seed,
2024-12-24,EFA,75.62,75.92,75.43,75.86,71.8779528922,72.1631074263,71.6973550206,72.1060765195,5585232,5585232,0.0,1.0,tiingo_historical_seed,
2024-12-26,EFA,75.99,76.345,75.9301,76.22,72.2296434843,72.5670763496,72.1727076289,72.4482619604,10787372,10787372,0.0,1.0,tiingo_historical_seed,
2024-12-27,EFA,76.08,76.275,75.83,76.11,72.3151898445,72.5005402916,72.0775610661,72.3437052979,15819744,15819744,0.0,1.0,tiingo_historical_seed,
2024-12-30,EFA,75.64,75.8799,75.275,75.61,71.8969631945,72.1249917702,71.550025178,71.8684477411,16427609,16427609,0.0,1.0,tiingo_historical_seed,
2024-12-31,EFA,75.86,75.98,75.44,75.61,72.1060765195,72.2201383331,71.7068601718,71.8684477411,21393484,21393484,0.0,1.0,tiingo_historical_seed,
2025-01-02,EFA,75.7,75.87,75.14,75.35,71.9539941013,72.1155816706,71.4217056377,71.6213138115,12756558,12756558,0.0,1.0,tiingo_historical_seed,
2025-01-03,EFA,75.53,75.74,75.235,75.68,71.792406532,71.9920147058,71.5120045735,71.934983799,12548776,12548776,0.0,1.0,tiingo_historical_seed,
2025-01-06,EFA,76.33,76.89,76.25,76.4,72.5528186229,73.0851070865,72.4767774138,72.6193546808,16201781,16201781,0.0,1.0,tiingo_historical_seed,
2025-01-07,EFA,77.06,77.06,76.23,76.34,73.2466946558,73.2466946558,72.4577671115,72.562323774,9393247,9393247,0.0,1.0,tiingo_historical_seed,
2025-01-08,EFA,75.9,76.33,75.675,76.22,72.144097124,72.5528186229,71.9302312235,72.4482619604,7894852,7894852,0.0,1.0,tiingo_historical_seed,
2025-01-10,EFA,75.65,75.67,74.9038,75.06,71.9064683456,71.9254786479,71.1971939678,71.3456644286,12022276,12022276,0.0,1.0,tiingo_historical_seed,
2025-01-13,EFA,74.25,74.89,74.24,74.85,70.5757471865,71.1840768593,70.5662420354,71.1460562547,12019745,12019745,0.0,1.0,tiingo_historical_seed,
2025-01-14,EFA,75.02,75.256,74.76,75.12,71.307643824,71.5319653909,71.0605098945,71.4026953354,9963181,9963181,0.0,1.0,tiingo_historical_seed,
2025-01-15,EFA,76.2,76.26,75.755,76.08,72.4292516581,72.4862825649,72.0062724325,72.3151898445,12144784,12144784,0.0,1.0,tiingo_historical_seed,
2025-01-16,EFA,76.25,76.69,76.09,76.47,72.4767774138,72.8950040638,72.3246949956,72.6858907388,17925790,17925790,0.0,1.0,tiingo_historical_seed,
2025-01-17,EFA,76.86,77.195,76.68,76.78,73.0565916331,73.3750141962,72.8854989127,72.980550424,10667115,10667115,0.0,1.0,tiingo_historical_seed,
2025-01-21,EFA,77.8,78.35,77.6838,78.33,73.9500758399,74.4728591524,73.8396259837,74.4538488501,13169107,13169107,0.0,1.0,tiingo_historical_seed,
2025-01-22,EFA,78.49,78.5,78.12,78.15,74.6059312683,74.6154364194,74.2542406763,74.2827561297,8666664,8666664,0.0,1.0,tiingo_historical_seed,
2025-01-23,EFA,78.34,78.79,78.19,78.79,74.4633540013,74.8910858024,74.3207767342,74.8910858024,10977637,10977637,0.0,1.0,tiingo_historical_seed,
2025-01-24,EFA,79.15,79.46,79.075,79.23,75.2332712433,75.5279309285,75.1619826098,75.3093124524,7578399,7578399,0.0,1.0,tiingo_historical_seed,
2025-01-27,EFA,78.84,79.27,78.82,79.23,74.9386115581,75.3473330569,74.9196012558,75.3093124524,13559152,13559152,0.0,1.0,tiingo_historical_seed,
2025-01-28,EFA,79.11,79.18,78.655,79.13,75.1952506388,75.2617866967,74.7627662621,75.214260941,9458406,9458406,0.0,1.0,tiingo_historical_seed,
2025-01-29,EFA,79.14,79.355,78.85,79.12,75.2237660922,75.4281268416,74.9481167092,75.2047557899,7875350,7875350,0.0,1.0,tiingo_historical_seed,
2025-01-30,EFA,79.88,80.32,79.64,79.99,75.9271472762,76.3453739262,75.699023649,76.0317039387,13792063,13792063,0.0,1.0,tiingo_historical_seed,
2025-01-31,EFA,79.86,80.17,79.17,79.24,75.908136974,76.2027966592,75.2522815456,75.3188176035,14935711,14935711,0.0,1.0,tiingo_historical_seed,
2025-02-03,EFA,77.91,78.8,77.6476,78.31,74.0546325024,74.9005909535,73.8052173366,74.4348385479,14997646,14997646,0.0,1.0,tiingo_historical_seed,
2025-02-04,EFA,78.785,79.3,78.71,79.22,74.8863332268,75.3758485103,74.8150445933,75.2998073013,10608266,10608266,0.0,1.0,tiingo_historical_seed,
2025-02-05,EFA,79.71,80.085,79.55,79.99,75.7655597069,76.1220028745,75.6134772888,76.0317039387,7857042,7857042,0.0,1.0,tiingo_historical_seed,
2025-02-06,EFA,80.25,80.54,80.1901,80.37,76.2788378683,76.5544872512,76.221902013,76.3928996819,7806531,7806531,0.0,1.0,tiingo_historical_seed,
2025-02-07,EFA,80.42,80.48,79.48,79.61,76.4404254376,76.4974563444,75.5469412308,75.6705081956,13110844,13110844,0.0,1.0,tiingo_historical_seed,
2025-02-10,EFA,79.98,80.175,79.92,80.15,76.0221987876,76.2075492348,75.9651678808,76.1837863569,7287254,7287254,0.0,1.0,tiingo_historical_seed,
2025-02-11,EFA,80.06,80.615,80.025,80.53,76.0982399967,76.6257758848,76.0649719677,76.5449821001,7583803,7583803,0.0,1.0,tiingo_historical_seed,
2025-02-12,EFA,80.01,80.99,79.89,80.83,76.050714241,76.9822190524,75.9366524274,76.8301366342,17271426,17271426,0.0,1.0,tiingo_historical_seed,
2025-02-13,EFA,81.2,81.85,81.12,81.81,77.1818272262,77.7996620501,77.1057860171,77.7616414455,17212339,17212339,0.0,1.0,tiingo_historical_seed,
2025-02-14,EFA,82.27,82.35,81.905,81.93,78.1988783978,78.2749196069,77.8519403813,77.8757032592,8051820,8051820,0.0,1.0,tiingo_historical_seed,
2025-02-18,EFA,82.47,82.63,82.32,82.52,78.3889814205,78.5410638387,78.2464041535,78.4365071762,9485857,9485857,0.0,1.0,tiingo_historical_seed,
2025-02-19,EFA,81.65,81.8,81.375,81.67,77.6095590274,77.7521362944,77.3481673711,77.6285693296,11042162,11042162,0.0,1.0,tiingo_historical_seed,
2025-02-20,EFA,81.91,82.1,81.585,82.05,77.8566929569,78.0372908285,77.547775545,77.9897650728,9177372,9177372,0.0,1.0,tiingo_historical_seed,
2025-02-21,EFA,82.12,82.135,81.3801,81.54,78.0563011308,78.0705588575,77.3530149982,77.5050023649,11630000,11630000,0.0,1.0,tiingo_historical_seed,
2025-02-24,EFA,81.87,81.99,81.3399,81.49,77.8186723524,77.932734166,77.3148042906,77.4574766092,11135811,11135811,0.0,1.0,tiingo_historical_seed,
2025-02-25,EFA,82.51,82.51,81.875,82.23,78.4270020251,78.4270020251,77.8234249279,78.1608577933,10091354,10091354,0.0,1.0,tiingo_historical_seed,
2025-02-26,EFA,82.47,82.985,82.17,82.34,78.3889814205,78.878496704,78.1038268864,78.2654144558,11254629,11254629,0.0,1.0,tiingo_historical_seed,
2025-02-27,EFA,82.11,82.11,81.36,81.41,78.0467959796,78.0467959796,77.3339096444,77.3814354001,19003207,19003207,0.0,1.0,tiingo_historical_seed,
2025-02-28,EFA,81.33,81.65,80.81,81.58,77.305394191,77.6095590274,76.8111263319,77.5430229694,20717807,20717807,0.0,1.0,tiingo_historical_seed,
2025-03-03,EFA,83.17,83.385,82.025,82.48,79.0543420001,79.2587027495,77.966002195,78.3984865717,16234749,16234749,0.0,1.0,tiingo_historical_seed,
2025-03-04,EFA,81.89,83.33,81.21,82.46,77.8376826546,79.2064244182,77.1913323774,78.3794762694,18408473,18408473,0.0,1.0,tiingo_historical_seed,
2025-03-05,EFA,83.58,84.57,83.58,84.43,79.4440531967,80.3850631591,79.4440531967,80.2519910432,17092514,17092514,0.0,1.0,tiingo_historical_seed,
2025-03-06,EFA,83.81,84.4899,83.5,83.56,79.6626716728,80.3089268985,79.3680119876,79.4250428944,18421015,18421015,0.0,1.0,tiingo_historical_seed,
2025-03-07,EFA,83.71,84.54,83.5365,84.43,79.5676201614,80.3565477057,79.4027057892,80.2519910432,13184265,13184265,0.0,1.0,tiingo_historical_seed,
2025-03-10,EFA,83.04,83.34,81.88,82.44,78.9307750353,79.2159295694,77.8281775035,78.3604659671,15823195,15823195,0.0,1.0,tiingo_historical_seed,
2025-03-11,EFA,82.53,82.65,81.605,82.16,78.4460123273,78.560074141,77.5667858472,78.0943217353,18088834,18088834,0.0,1.0,tiingo_historical_seed,
2025-03-12,EFA,82.71,82.93,82.175,82.75,78.6171050478,78.8262183728,78.108579462,78.6551256523,15886266,15886266,0.0,1.0,tiingo_historical_seed,
2025-03-13,EFA,82.27,82.495,81.9399,82.2,78.1988783978,78.4127442984,77.8851133588,78.1323423399,18561447,18561447,0.0,1.0,tiingo_historical_seed,
2025-03-14,EFA,83.0,83.73,82.85,83.71,78.8927544308,79.5866304637,78.7501771637,79.5676201614,13971270,13971270,0.0,1.0,tiingo_historical_seed,
2025-03-17,EFA,83.93,84.78,83.87,84.65,79.7767334864,80.584671333,79.7197025796,80.4611043682,12966764,12966764,0.0,1.0,tiingo_historical_seed,
2025-03-18,EFA,84.58,84.7701,84.1499,84.64,80.3945683103,80.5752612334,79.9857517599,80.4515992171,10513395,10513395,0.0,1.0,tiingo_historical_seed,
2025-03-19,EFA,84.34,85.185,84.2773,84.89,80.166444683,80.969629954,80.1068473854,80.6892279955,16362393,16362393,0.0,1.0,tiingo_historical_seed,
2025-03-20,EFA,83.67,84.25,83.645,84.18,79.5295995569,80.0808983228,79.505836679,80.0143622648,11820548,11820548,0.0,1.0,tiingo_historical_seed,
2025-03-21,EFA,83.55,83.82,83.37,83.66,79.4155377432,79.6721768239,79.2444450228,79.5200944057,18771241,18771241,0.0,1.0,tiingo_historical_seed,
2025-03-24,EFA,83.585,83.83,83.345,83.65,79.4488057722,79.6816819751,79.220682145,79.5105892546,12201774,12201774,0.0,1.0,tiingo_historical_seed,
2025-03-25,EFA,84.22,84.32,83.91,84.11,80.0523828694,80.1474343807,79.7577231841,79.9478262069,10478188,10478188,0.0,1.0,tiingo_historical_seed,
2025-03-26,EFA,83.55,83.775,82.875,83.02,79.4155377432,79.6294036438,78.7739400415,78.911764733,17011162,17011162,0.0,1.0,tiingo_historical_seed,
2025-03-27,EFA,82.89,83.39,82.845,83.2,78.7881977683,79.2634553251,78.7454245881,79.0828574535,10331864,10331864,0.0,1.0,tiingo_historical_seed,
2025-03-28,EFA,82.79,82.885,82.29,82.46,78.6931462569,78.7834451927,78.2178887001,78.3794762694,14242399,14242399,0.0,1.0,tiingo_historical_seed,
2025-03-31,EFA,81.27,81.875,80.915,81.73,77.2483632842,77.8234249279,76.9109304188,77.6856002365,25560626,25560626,0.0,1.0,tiingo_historical_seed,
2025-04-01,EFA,81.78,82.11,81.345,81.85,77.7331259921,78.0467959796,77.3196519177,77.7996620501,15153975,15153975,0.0,1.0,tiingo_historical_seed,
2025-04-02,EFA,81.25,82.13,81.19,82.04,77.2293529819,78.0658062819,77.1723220751,77.9802599217,14451646,14451646,0.0,1.0,tiingo_historical_seed,
2025-04-03,EFA,81.24,81.445,80.215,80.32,77.2198478308,77.4147034291,76.2455698393,76.3453739262,18718353,18718353,0.0,1.0,tiingo_historical_seed,
2025-04-04,EFA,77.25,77.515,74.97,75.02,73.4272925274,73.6791790325,71.2601180684,71.307643824,40904309,40904309,0.0,1.0,tiingo_historical_seed,
2025-04-07,EFA,72.69,76.25,72.145,73.21,69.0929436093,72.4767774138,68.5749128724,69.5872114684,63057498,63057498,0.0,1.0,tiingo_historical_seed,
2025-04-08,EFA,75.83,75.92,72.22,72.96,72.0775610661,72.1631074263,68.6462015059,69.34958269,36425015,36425015,0.0,1.0,tiingo_historical_seed,
2025-04-09,EFA,73.16,78.86,72.76,78.59,69.5396857127,74.9576218604,69.1594796672,74.7009827797,60645131,60645131,0.0,1.0,tiingo_historical_seed,
2025-04-10,EFA,77.2,77.485,75.285,77.04,73.3797667717,73.6506635791,71.5595303291,73.2276843536,36697619,36697619,0.0,1.0,tiingo_historical_seed,
2025-04-11,EFA,77.34,79.145,77.225,78.97,73.5128388876,75.2285186677,73.4035296496,75.0621785228,28909928,28909928,0.0,1.0,tiingo_historical_seed,
2025-04-14,EFA,79.45,80.24,79.17,79.82,75.5184257774,76.2693327172,75.2522815456,75.8701163694,15749900,15749900,0.0,1.0,tiingo_historical_seed,
2025-04-15,EFA,80.45,80.905,80.36,80.54,76.468940891,76.9014252677,76.3833945308,76.5544872512,13679843,13679843,0.0,1.0,tiingo_historical_seed,
2025-04-16,EFA,80.55,81.06,79.94,80.23,76.5639924024,77.0487551103,75.9841781831,76.259827566,16542601,16542601,0.0,1.0,tiingo_historical_seed,
2025-04-17,EFA,80.96,81.59,80.805,81.1,76.953703599,77.5525281205,76.8063737563,77.0867757149,14072528,14072528,0.0,1.0,tiingo_historical_seed,
2025-04-21,EFA,81.47,81.56,80.09,80.66,77.4384663069,77.5240126671,76.1267554501,76.6685490649,15883913,15883913,0.0,1.0,tiingo_historical_seed,
2025-04-22,EFA,81.77,82.7,81.75,82.33,77.723620841,78.6075998967,77.7046105387,78.2559093046,14923224,14923224,0.0,1.0,tiingo_historical_seed,
2025-04-23,EFA,83.12,83.63,82.43,82.66,79.0068162444,79.4915789523,78.350960816,78.5695792921,15223543,15223543,0.0,1.0,tiingo_historical_seed,
2025-04-24,EFA,83.03,83.79,82.885,83.76,78.9212698842,79.6436613705,78.7834451927,79.6151459171,11194210,11194210,0.0,1.0,tiingo_historical_seed,
2025-04-25,EFA,83.6,84.15,83.48,84.12,79.4630634989,79.9858468114,79.3490016853,79.957331358,10485378,10485378,0.0,1.0,tiingo_historical_seed,
2025-04-28,EFA,84.23,84.765,84.1547,84.68,80.0618880205,80.5704136063,79.9903142325,80.4896198216,10085403,10085403,0.0,1.0,tiingo_historical_seed,
2025-04-29,EFA,84.59,85.03,84.5627,84.85,80.4040734614,80.8223001114,80.3781243988,80.651207391,8303750,8303750,0.0,1.0,tiingo_historical_seed,
2025-04-30,EFA,84.28,85.01,83.8601,84.75,80.1094137762,80.8032898091,79.71029248,80.5561558796,24147911,24147911,0.0,1.0,tiingo_historical_seed,
2025-05-01,EFA,84.98,84.99,84.365,84.48,80.7747743557,80.7842795069,80.1902075608,80.2995167989,10070866,10070866,0.0,1.0,tiingo_historical_seed,
2025-05-02,EFA,85.96,86.295,85.81,86.1,81.7062791671,82.0247017301,81.5637019,81.839351283,14798549,14798549,0.0,1.0,tiingo_historical_seed,
2025-05-05,EFA,86.37,86.475,86.23,86.25,82.0959903637,82.1957944506,81.9629182478,81.98192855,8119851,8119851,0.0,1.0,tiingo_historical_seed,
2025-05-06,EFA,86.21,86.44,86.05,86.14,81.9439079455,82.1625264216,81.7918255273,81.8773718875,8661737,8661737,0.0,1.0,tiingo_historical_seed,
2025-05-07,EFA,85.93,86.185,85.59,85.85,81.6777637137,81.9201450676,81.354588575,81.6017225046,8536595,8536595,0.0,1.0,tiingo_historical_seed,
2025-05-08,EFA,86.085,86.09,85.5,85.55,81.8250935563,81.8298461318,81.2690422148,81.3165679705,12228336,12228336,0.0,1.0,tiingo_historical_seed,
2025-05-09,EFA,86.21,86.21,85.74,85.97,81.9439079455,81.9439079455,81.4971658421,81.7157843182,9148988,9148988,0.0,1.0,tiingo_historical_seed,
2025-05-12,EFA,86.09,86.42,85.65,86.41,81.8298461318,82.1435161193,81.4116194819,82.1340109682,12602562,12602562,0.0,1.0,tiingo_historical_seed,
2025-05-13,EFA,86.295,86.73,86.2,86.52,82.0247017301,82.4381758046,81.9344027943,82.2385676307,13242907,13242907,0.0,1.0,tiingo_historical_seed,
2025-05-14,EFA,86.805,86.83,86.035,86.1,82.5094644381,82.5332273159,81.7775678006,81.839351283,10173345,10173345,0.0,1.0,tiingo_historical_seed,
2025-05-15,EFA,86.72,87.1,86.495,87.04,82.4286706534,82.7898663966,82.2148047529,82.7328354898,11283163,11283163,0.0,1.0,tiingo_historical_seed,
2025-05-16,EFA,86.94,87.275,86.77,87.24,82.6377839784,82.9562065415,82.4761964091,82.9229385125,8372141,8372141,0.0,1.0,tiingo_historical_seed,
2025-05-19,EFA,87.24,88.08,87.22,88.07,82.9229385125,83.721371208,82.9039282102,83.7118660568,9062923,9062923,0.0,1.0,tiingo_historical_seed,
2025-05-20,EFA,88.26,88.53,88.21,88.49,83.8924639284,84.1491030091,83.8449381727,84.1110824045,23335474,23335474,0.0,1.0,tiingo_historical_seed,
2025-05-21,EFA,88.6,88.89,87.925,87.97,84.215639067,84.49128845,83.5740413653,83.6168145455,15278897,15278897,0.0,1.0,tiingo_historical_seed,
2025-05-22,EFA,87.625,88.15,87.485,87.92,83.2888868313,83.7879072659,83.1558147154,83.5692887898,12787316,12787316,0.0,1.0,tiingo_historical_seed,
2025-05-23,EFA,87.2,88.2,87.15,88.04,82.884917908,83.8354330216,82.8373921523,83.6833506034,16959592,16959592,0.0,1.0,tiingo_historical_seed,
2025-05-27,EFA,89.3,89.46,89.12,89.32,84.8809996466,85.0330820648,84.7099069261,84.9000099489,12435731,12435731,0.0,1.0,tiingo_historical_seed,
2025-05-28,EFA,88.45,88.545,88.12,88.29,84.0730618,84.1633607358,83.7593918125,83.9209793818,16812428,16812428,0.0,1.0,tiingo_historical_seed,
2025-05-29,EFA,88.74,88.75,88.2499,88.68,84.348711183,84.3582163341,83.8828637258,84.2916802761,11454353,11454353,0.0,1.0,tiingo_historical_seed,
2025-05-30,EFA,88.75,88.9,88.17,88.81,84.3582163341,84.5007936011,83.8069175682,84.4152472409,18590171,18590171,0.0,1.0,tiingo_historical_seed,
2025-06-02,EFA,88.97,89.79,88.67,89.76,84.5673296591,85.3467520523,84.282175125,85.3182365988,25710474,25710474,0.0,1.0,tiingo_historical_seed,
2025-06-03,EFA,88.86,89.17,88.625,89.08,84.4627729966,84.7574326818,84.2394019449,84.6718863216,11787449,11787449,0.0,1.0,tiingo_historical_seed,
2025-06-04,EFA,89.29,89.75,89.23,89.48,84.8714944954,85.3087314477,84.8144635886,85.052092367,11593334,11593334,0.0,1.0,tiingo_historical_seed,
2025-06-05,EFA,89.76,89.86,89.23,89.42,85.3182365988,85.4132881102,84.8144635886,84.9950614602,14543140,14543140,0.0,1.0,tiingo_historical_seed,
2025-06-06,EFA,89.62,89.845,89.5,89.74,85.1851644829,85.3990303835,85.0711026693,85.2992262966,10301082,10301082,0.0,1.0,tiingo_historical_seed,
2025-06-09,EFA,89.62,90.0,89.555,89.73,85.1851644829,85.5463602261,85.1233810006,85.2897211454,9641764,9641764,0.0,1.0,tiingo_historical_seed,
2025-06-10,EFA,90.05,90.09,89.65,89.85,85.5938859818,85.6319065863,85.2136799363,85.4037829591,10254102,10254102,0.0,1.0,tiingo_historical_seed,
2025-06-11,EFA,90.01,90.16,89.64,89.7,85.5558653773,85.6984426443,85.2041747852,85.261205692,12329627,12329627,0.0,1.0,tiingo_historical_seed,
2025-06-12,EFA,90.2,90.505,90.145,90.39,85.7364632488,86.0263703585,85.6841849176,85.9170611204,13288064,13288064,0.0,1.0,tiingo_historical_seed,
2025-06-13,EFA,89.22,89.72,89.0165,89.23,84.8049584375,85.2802159943,84.6115286119,84.8144635886,22177127,22177127,0.0,1.0,tiingo_historical_seed,
2025-06-16,EFA,88.41,88.86,88.04,88.04,85.4853443572,85.9204580883,85.1275841784,85.1275841784,17843407,17843407,1.519422,1.0,tiingo_historical_seed,
2025-06-17,EFA,87.665,87.745,86.86,86.96,84.7649894025,84.8423429547,83.9866192837,84.0833112239,16726290,16726290,0.0,1.0,tiingo_historical_seed,
2025-06-18,EFA,87.21,87.585,86.9,87.11,84.3250410745,84.6876358503,84.0252960598,84.2283491342,18504431,18504431,0.0,1.0,tiingo_historical_seed,
2025-06-20,EFA,87.04,87.05,86.31,86.33,84.1606647761,84.1703339701,83.4548136124,83.4741520005,16900634,16900634,0.0,1.0,tiingo_historical_seed,
2025-06-23,EFA,85.74,87.0057,85.68,86.98,82.9036695531,84.1274994406,82.845654389,84.102649612,23100647,23100647,0.0,1.0,tiingo_historical_seed,
2025-06-24,EFA,87.66,88.17,87.56,88.04,84.7601548055,85.2532837007,84.6634628653,85.1275841784,14900765,14900765,0.0,1.0,tiingo_historical_seed,
2025-06-25,EFA,87.57,87.68,87.36,87.56,84.6731320593,84.7794931936,84.4700789848,84.6634628653,14422092,14422092,0.0,1.0,tiingo_historical_seed,
2025-06-26,EFA,88.24,88.6099,88.13,88.54,85.3209680588,85.6786315458,85.2146069246,85.6110438795,15791542,15791542,0.0,1.0,tiingo_historical_seed,
2025-06-27,EFA,89.18,89.62,88.955,89.34,86.229872297,86.655316834,86.0123154315,86.3845794014,15987686,15987686,0.0,1.0,tiingo_historical_seed,
2025-06-30,EFA,89.12,89.49,88.95,89.39,86.1718571329,86.5296173117,86.0074808345,86.4329253715,28062282,28062282,0.0,1.0,tiingo_historical_seed,
2025-07-01,EFA,89.11,89.39,89.0342,89.24,86.1621879388,86.4329253715,86.0888954482,86.2878874611,11406067,11406067,0.0,1.0,tiingo_historical_seed,
2025-07-02,EFA,88.97,89.56,88.84,89.5,86.0268192225,86.5973016699,85.9011197002,86.5392865057,13133597,13133597,0.0,1.0,tiingo_historical_seed,
2025-07-03,EFA,89.435,89.675,89.39,89.52,86.4764367446,86.7084974011,86.4329253715,86.5586248938,5311077,5311077,0.0,1.0,tiingo_historical_seed,
2025-07-07,EFA,88.94,89.1,88.3,88.55,85.9978116405,86.1525187448,85.378983223,85.6207130736,12925001,12925001,0.0,1.0,tiingo_historical_seed,
2025-07-08,EFA,88.7,89.29,88.6,89.2,85.7657509839,86.3362334313,85.6690590437,86.2492106851,9061444,9061444,0.0,1.0,tiingo_historical_seed,
2025-07-09,EFA,89.59,89.9,89.375,89.87,86.626309252,86.9260542667,86.4184215805,86.8970466846,8699939,8699939,0.0,1.0,tiingo_historical_seed,
2025-07-10,EFA,89.63,89.88,89.425,89.81,86.664986028,86.9067158786,86.4667675506,86.8390315205,8554427,8554427,0.0,1.0,tiingo_historical_seed,
2025-07-11,EFA,89.1,89.125,88.81,88.95,86.1525187448,86.1766917299,85.8721121182,86.0074808345,8467972,8467972,0.0,1.0,tiingo_historical_seed,
2025-07-14,EFA,88.65,89.015,88.57,88.95,85.7174050138,86.0703305956,85.6400514616,86.0074808345,7969857,7969857,0.0,1.0,tiingo_historical_seed,
2025-07-15,EFA,88.96,88.97,87.96,88.02,86.0171500285,86.0268192225,85.0502306262,85.1082457903,10572042,10572042,0.0,1.0,tiingo_historical_seed,
2025-07-16,EFA,87.98,88.44,87.72,88.38,85.0695690142,85.5143519393,84.8181699697,85.4563367752,16776533,16776533,0.0,1.0,tiingo_historical_seed,
2025-07-17,EFA,88.15,88.62,88.085,88.61,85.2339453126,85.6883974317,85.1710955515,85.6787282377,9542032,9542032,0.0,1.0,tiingo_historical_seed,
2025-07-18,EFA,89.02,89.025,88.275,88.36,86.0751651926,86.0799997897,85.3548102379,85.4369983871,11044833,11044833,0.0,1.0,tiingo_historical_seed,
2025-07-21,EFA,88.78,89.28,88.61,88.83,85.8431045361,86.3265642372,85.6787282377,85.8914505062,9323984,9323984,0.0,1.0,tiingo_historical_seed,
2025-07-22,EFA,88.93,89.39,88.7135,89.32,85.9881424464,86.4329253715,85.7788043958,86.3652410133,12134311,12134311,0.0,1.0,tiingo_historical_seed,
2025-07-23,EFA,90.54,91.57,90.485,91.54,87.5448826841,88.5408096685,87.491702117,88.5118020864,18088192,18088192,0.0,1.0,tiingo_historical_seed,
2025-07-24,EFA,91.07,91.27,90.86,90.86,88.0573499674,88.2507338478,87.8542968929,87.8542968929,12025603,12025603,0.0,1.0,tiingo_historical_seed,
2025-07-25,EFA,90.19,90.76,90.085,90.75,87.2064608933,87.7576049526,87.1049343561,87.7479357586,9583464,9583464,0.0,1.0,tiingo_historical_seed,
2025-07-28,EFA,89.81,89.86,89.095,89.29,86.8390315205,86.8873774906,86.1476841478,86.3362334313,13653965,13653965,0.0,1.0,tiingo_historical_seed,
2025-07-29,EFA,89.3,89.3,88.93,89.11,86.3459026253,86.3459026253,85.9881424464,86.1621879388,11888621,11888621,0.0,1.0,tiingo_historical_seed,
2025-07-30,EFA,88.825,89.075,88.14,88.47,85.8866159092,86.1283457598,85.2242761186,85.5433595214,14623006,14623006,0.0,1.0,tiingo_historical_seed,
2025-07-31,EFA,88.1,88.135,87.35,87.52,85.1855993425,85.2194415216,84.4604097908,84.6247860892,29271575,29271575,0.0,1.0,tiingo_historical_seed,
2025-08-01,EFA,87.28,87.425,86.735,87.29,84.3927254326,84.532928746,83.8657543584,84.4023946267,18658183,18658183,0.0,1.0,tiingo_historical_seed,
2025-08-04,EFA,88.23,88.47,88.11,88.45,85.3112988648,85.5433595214,85.1952685365,85.5240211333,14718054,14718054,0.0,1.0,tiingo_historical_seed,
2025-08-05,EFA,88.6,88.64,88.17,88.44,85.6690590437,85.7077358198,85.2532837007,85.5143519393,11634139,11634139,0.0,1.0,tiingo_historical_seed,
2025-08-06,EFA,88.84,89.17,88.765,89.02,85.9011197002,86.220203103,85.8286007451,86.0751651926,11499873,11499873,0.0,1.0,tiingo_historical_seed,
2025-08-07,EFA,90.02,90.09,89.44,89.82,87.0420845949,87.1097689531,86.4812713416,86.8487007145,11525591,11525591,0.0,1.0,tiingo_historical_seed,
2025-08-08,EFA,90.15,90.525,90.08,90.37,87.1677841172,87.5303788931,87.1000997591,87.3805063857,10367276,10367276,0.0,1.0,tiingo_historical_seed,
2025-08-11,EFA,90.12,90.2,89.875,89.99,87.1387765352,87.2161300874,86.9018812816,87.0130770129,8516640,8516640,0.0,1.0,tiingo_historical_seed,
2025-08-12,EFA,90.39,91.15,90.275,91.09,87.3998447738,88.1347035195,87.2886490425,88.0766883554,12302860,12302860,0.0,1.0,tiingo_historical_seed,
2025-08-13,EFA,91.39,91.66,91.365,91.64,88.3667641761,88.6278324147,88.342591191,88.6084940267,9490537,9490537,0.0,1.0,tiingo_historical_seed,
2025-08-14,EFA,91.225,91.68,91.195,91.65,88.2072224747,88.6471708028,88.1782148926,88.6181632207,11790572,11790572,0.0,1.0,tiingo_historical_seed,
2025-08-15,EFA,92.22,92.275,92.04,92.19,89.16930728,89.2224878471,88.9952617876,89.1402996979,11864283,11864283,0.0,1.0,tiingo_historical_seed,
2025-08-18,EFA,91.945,92.135,91.795,92.09,88.9034044444,89.0871191308,88.758366534,89.0436077577,11577829,11577829,0.0,1.0,tiingo_historical_seed,
2025-08-19,EFA,92.33,92.49,92.015,92.1,89.2756684142,89.4303755186,88.9710888025,89.0532769517,10721578,10721578,0.0,1.0,tiingo_historical_seed,
2025-08-20,EFA,92.27,92.46,92.105,92.43,89.2176532501,89.4013679365,89.0581115487,89.3723603545,15871192,15871192,0.0,1.0,tiingo_historical_seed,
2025-08-21,EFA,91.92,92.065,91.685,91.85,88.8792314593,89.0194347726,88.6520053998,88.8115471011,11258869,11258869,0.0,1.0,tiingo_historical_seed,
2025-08-22,EFA,92.21,93.38,92.18,93.23,89.159638086,90.2909337867,89.1306305039,90.1458958763,15827472,15827472,0.0,1.0,tiingo_historical_seed,
2025-08-25,EFA,92.79,92.945,91.9801,92.0,89.7204513393,89.8703238467,88.9373433154,88.9565850115,11700869,11700869,0.0,1.0,tiingo_historical_seed,
2025-08-26,EFA,91.74,91.95,91.67,91.9,88.7051859669,88.9082390414,88.6375016087,88.8598930713,11788856,11788856,0.0,1.0,tiingo_historical_seed,
2025-08-27,EFA,91.22,91.715,91.035,91.68,88.2023878777,88.6810129818,88.0235077883,88.6471708028,13054224,13054224,0.0,1.0,tiingo_historical_seed,
2025-08-28,EFA,92.0,92.14,91.83,92.02,88.9565850115,89.0919537278,88.7922087131,88.9759233995,11136419,11136419,0.0,1.0,tiingo_historical_seed,
2025-08-29,EFA,91.53,91.65,91.325,91.48,88.5021328924,88.6181632207,88.3039144149,88.4537869223,18544492,18544492,0.0,1.0,tiingo_historical_seed,
2025-09-02,EFA,90.1,90.735,90.04,90.58,87.1194381471,87.7334319676,87.061422983,87.5835594602,15496271,15496271,0.0,1.0,tiingo_historical_seed,
2025-09-03,EFA,90.45,90.8,90.37,90.72,87.4578599379,87.7962817287,87.3805063857,87.7189281765,14402419,14402419,0.0,1.0,tiingo_historical_seed,
2025-09-04,EFA,91.0,91.4,90.935,91.38,87.9896656092,88.3764333701,87.926815848,88.3570949821,10348031,10348031,0.0,1.0,tiingo_historical_seed,
2025-09-05,EFA,92.115,92.385,91.495,91.79,89.0677807428,89.3288489814,88.4682907133,88.753531937,15510643,15510643,0.0,1.0,tiingo_historical_seed,
2025-09-08,EFA,92.46,92.74,92.24,92.71,89.4013679365,89.6721053692,89.188645668,89.6430977871,12010731,12010731,0.0,1.0,tiingo_historical_seed,
2025-09-09,EFA,92.325,92.495,92.15,92.4,89.2708338172,89.4352101156,89.1016229218,89.3433527724,10893174,10893174,0.0,1.0,tiingo_historical_seed,
2025-09-10,EFA,92.65,92.765,92.265,92.38,89.585082623,89.6962783542,89.2128186531,89.3240143844,11838438,11838438,0.0,1.0,tiingo_historical_seed,
2025-09-11,EFA,92.78,93.39,92.75,93.36,89.7107821453,90.3006029807,89.6817745632,90.2715953986,11013030,11013030,0.0,1.0,tiingo_historical_seed,
2025-09-12,EFA,92.99,93.125,92.765,92.99,89.9138352198,90.0443693391,89.6962783542,89.9138352198,10010534,10010534,0.0,1.0,tiingo_historical_seed,
2025-09-15,EFA,93.45,93.6799,93.32,93.61,90.3586181448,90.5809129154,90.2329186225,90.5133252492,18108014,18108014,0.0,1.0,tiingo_historical_seed,
2025-09-16,EFA,93.52,93.54,93.08,93.35,90.426302503,90.445640891,90.000857966,90.2619262046,25226898,25226898,0.0,1.0,tiingo_historical_seed,
2025-09-17,EFA,93.24,93.77,92.61,93.0,90.1555650703,90.6680323536,89.5464058469,89.9235044138,17013573,17013573,0.0,1.0,tiingo_historical_seed,
2025-09-18,EFA,93.1,93.48,92.82,93.36,90.020196354,90.3876257269,89.7494589214,90.2715953986,15791635,15791635,0.0,1.0,tiingo_historical_seed,
2025-09-19,EFA,93.04,93.145,92.76,93.0,89.9621811899,90.0637077271,89.6914437572,89.9235044138,21889338,21889338,0.0,1.0,tiingo_historical_seed,
2025-09-22,EFA,92.96,93.34,92.73,93.3,89.8848276377,90.2522570106,89.6624361752,90.2135802345,13692268,13692268,0.0,1.0,tiingo_historical_seed,
2025-09-23,EFA,93.51,93.67,93.015,93.12,90.416633309,90.5713404133,89.9380082048,90.0395347421,14688387,14688387,0.0,1.0,tiingo_historical_seed,
2025-09-24,EFA,92.69,92.92,92.46,92.58,89.6237593991,89.8461508616,89.4013679365,89.5173982648,14910666,14910666,0.0,1.0,tiingo_historical_seed,
2025-09-25,EFA,91.945,92.02,91.525,91.92,88.9034044444,88.9759233995,88.4972982954,88.8792314593,22434553,22434553,0.0,1.0,tiingo_historical_seed,
2025-09-26,EFA,92.31,92.64,92.225,92.63,89.2563300262,89.575413429,89.174141877,89.5657442349,18137958,18137958,0.0,1.0,tiingo_historical_seed,
2025-09-29,EFA,92.92,93.06,92.765,92.99,89.8461508616,89.9815195779,89.6962783542,89.9138352198,13807071,13807071,0.0,1.0,tiingo_historical_seed,
2025-09-30,EFA,92.885,93.46,92.86,93.37,89.8123086825,90.3682873388,89.7881356975,90.2812645926,24294994,24294994,0.0,1.0,tiingo_historical_seed,
2025-10-01,EFA,93.88,94.27,93.8601,94.14,90.7743934878,91.1514920547,90.7551517917,91.0257925324,17167910,17167910,0.0,1.0,tiingo_historical_seed,
2025-10-02,EFA,94.535,94.6,93.87,94.29,91.4077256963,91.4705754575,90.7647242938,91.1708304428,15300541,15300541,0.0,1.0,tiingo_historical_seed,
2025-10-03,EFA,94.97,95.265,94.845,95.08,91.8283356363,92.11357686,91.707470711,91.9346967706,13985532,13985532,0.0,1.0,tiingo_historical_seed,
2025-10-06,EFA,95.25,95.525,95.145,95.3,92.099073069,92.3649759046,91.9975465317,92.1474190391,12812709,12812709,0.0,1.0,tiingo_historical_seed,
2025-10-07,EFA,94.96,95.0107,94.4325,94.47,91.8186664423,91.867689256,91.3086164576,91.3448759352,9074987,9074987,0.0,1.0,tiingo_historical_seed,
2025-10-08,EFA,94.79,94.9251,94.5501,94.75,91.6542901439,91.7849209552,91.4223261793,91.6156133678,11159395,11159395,0.0,1.0,tiingo_historical_seed,
2025-10-09,EFA,94.79,94.79,93.7399,93.97,91.6542901439,91.6542901439,90.6389280795,90.861416234,10567894,10567894,0.0,1.0,tiingo_historical_seed,
2025-10-10,EFA,93.69,93.7662,92.115,92.24,90.5906788014,90.6643580598,89.0677807428,89.188645668,26137180,26137180,0.0,1.0,tiingo_historical_seed,
2025-10-13,EFA,92.65,93.08,92.53,92.98,89.585082623,90.000857966,89.4690522947,89.9041660257,11132883,11132883,0.0,1.0,tiingo_historical_seed,
2025-10-14,EFA,92.45,93.6758,92.335,93.4,89.3916987425,90.5769485459,89.2805030113,90.3102721747,15119002,15119002,0.0,1.0,tiingo_historical_seed,
2025-10-15,EFA,93.86,94.1307,93.315,93.85,90.7550550998,91.016800182,90.2280840255,90.7453859057,15005514,15005514,0.0,1.0,tiingo_historical_seed,
2025-10-16,EFA,94.42,94.74,94.0,94.34,91.2965299651,91.6059441738,90.8904238161,91.2191764129,24970280,24970280,0.0,1.0,tiingo_historical_seed,
2025-10-17,EFA,94.04,94.5665,93.92,94.51,90.9291005922,91.4381836575,90.8130702639,91.3835527113,16789486,16789486,0.0,1.0,tiingo_historical_seed,
2025-10-20,EFA,94.945,95.375,94.93,95.29,91.8041626513,92.2199379942,91.7896588602,92.1377498451,12951059,12951059,0.0,1.0,tiingo_historical_seed,
2025-10-21,EFA,94.86,95.0,94.55,94.59,91.7219745021,91.8573432184,91.4222294874,91.4609062634,16644262,16644262,0.0,1.0,tiingo_historical_seed,
2025-10-22,EFA,94.6,94.76,94.05,94.45,91.4705754575,91.6252825618,90.9387697862,91.3255375471,15028680,15028680,0.0,1.0,tiingo_historical_seed,
2025-10-23,EFA,94.62,94.9986,94.62,94.89,91.4899138455,91.8559895312,91.4899138455,91.7509820841,10584494,10584494,0.0,1.0,tiingo_historical_seed,
2025-10-24,EFA,95.08,95.205,94.935,95.04,91.9346967706,92.0555616959,91.7944934572,91.8960199945,8967861,8967861,0.0,1.0,tiingo_historical_seed,
2025-10-27,EFA,95.56,95.73,95.48,95.7,92.3988180837,92.5631943821,92.3214645315,92.5341868,10612646,10612646,0.0,1.0,tiingo_historical_seed,
2025-10-28,EFA,95.63,95.95,95.465,95.66,92.4665024418,92.7759166506,92.3069607405,92.4955100239,9187623,9187623,0.0,1.0,tiingo_historical_seed,
2025-10-29,EFA,95.66,95.75,94.645,95.12,92.4955100239,92.5825327701,91.5140868306,91.9733735467,17914374,17914374,0.0,1.0,tiingo_historical_seed,
2025-10-30,EFA,94.57,95.08,94.5,94.7,91.4415678754,91.9346967706,91.3738835172,91.5672673977,13967840,13967840,0.0,1.0,tiingo_historical_seed,
2025-10-31,EFA,94.59,94.61,94.13,94.49,91.4609062634,91.4802446515,91.0161233384,91.3642143232,19459165,19459165,0.0,1.0,tiingo_historical_seed,
2025-11-03,EFA,94.56,94.64,94.26,94.53,91.4318986814,91.5092522336,91.1418228607,91.4028910993,10681370,10681370,0.0,1.0,tiingo_historical_seed,
2025-11-04,EFA,93.525,94.03,93.445,93.56,90.4311371,90.9194313982,90.3537835478,90.4649792791,10349018,10349018,0.0,1.0,tiingo_historical_seed,
2025-11-05,EFA,93.68,94.32,93.67,94.16,90.5810096074,91.1998380248,90.5713404133,91.0451309205,12435654,12435654,0.0,1.0,tiingo_historical_seed,
2025-11-06,EFA,94.27,94.36,93.705,93.95,91.1514920547,91.2385148009,90.6051825924,90.842077846,16175998,16175998,0.0,1.0,tiingo_historical_seed,
2025-11-07,EFA,93.57,94.32,93.34,94.3,90.4746484731,91.1998380248,90.2522570106,91.1804996368,13976941,13976941,0.0,1.0,tiingo_historical_seed,
2025-11-10,EFA,94.86,95.35,94.59,95.29,91.7219745021,92.1957650092,91.4609062634,92.1377498451,15682792,15682792,0.0,1.0,tiingo_historical_seed,
2025-11-11,EFA,95.67,96.1401,95.67,95.99,92.5051792179,92.9597280289,92.5051792179,92.8145934267,12959431,12959431,0.0,1.0,tiingo_historical_seed,
2025-11-12,EFA,96.31,96.69,96.31,96.56,93.1240076354,93.4914370083,93.1240076354,93.365737486,9532343,9532343,0.0,1.0,tiingo_historical_seed,
2025-11-13,EFA,96.35,96.46,95.425,95.53,93.1626844115,93.2690455457,92.2682839644,92.3698105016,15864780,15864780,0.0,1.0,tiingo_historical_seed,
2025-11-14,EFA,94.88,95.5269,94.78,95.26,91.7413128901,92.3668130515,91.6446209499,92.108742263,17396354,17396354,0.0,1.0,tiingo_historical_seed,
2025-11-17,EFA,94.6,94.88,93.68,94.02,91.4705754575,91.7413128901,90.5810096074,90.9097622041,18850876,18850876,0.0,1.0,tiingo_historical_seed,
2025-11-18,EFA,92.81,93.1456,92.3,92.8,89.7397897274,90.0642878788,89.2466608322,89.7301205333,22482259,22482259,0.0,1.0,tiingo_historical_seed,
2025-11-19,EFA,92.71,93.065,92.1441,92.52,89.6430977871,89.9863541749,89.0959180974,89.4593831007,15425364,15425364,0.0,1.0,tiingo_historical_seed,
2025-11-20,EFA,93.13,93.25,91.21,91.24,90.0492039361,90.1652342644,88.1927186837,88.2217262657,26720920,26720920,0.0,1.0,tiingo_historical_seed,
2025-11-21,EFA,92.1,92.895,91.76,92.65,89.0532769517,89.8219778765,88.7245243549,89.585082623,27211439,27211439,0.0,1.0,tiingo_historical_seed,
2025-11-24,EFA,92.45,92.875,92.34,92.73,89.3916987425,89.8026394885,89.2853376083,89.6624361752,18550865,18550865,0.0,1.0,tiingo_historical_seed,
2025-11-25,EFA,93.13,93.88,92.885,93.84,90.0492039361,90.7743934878,89.8123086825,90.7357167117,19903831,19903831,0.0,1.0,tiingo_historical_seed,
2025-11-26,EFA,94.26,95.01,94.23,94.87,91.1418228607,91.8670124124,91.1128152786,91.7316436961,13481192,13481192,0.0,1.0,tiingo_historical_seed,
2025-11-28,EFA,94.84,95.22,94.735,95.19,91.702636114,92.0700654869,91.6011095768,92.0410579048,8136033,8136033,0.0,1.0,tiingo_historical_seed,
2025-12-01,EFA,94.92,95.15,94.69,94.72,91.7799896662,92.0023811287,91.5575982037,91.5866057857,21791503,21791503,0.0,1.0,tiingo_historical_seed,
2025-12-02,EFA,95.08,95.13,94.745,95.04,91.9346967706,91.9830427407,91.6107787708,91.8960199945,14267613,14267613,0.0,1.0,tiingo_historical_seed,
2025-12-03,EFA,95.12,95.59,95.1,95.55,91.9733735467,92.4278256657,91.9540351586,92.3891488897,14439837,14439837,0.0,1.0,tiingo_historical_seed,
2025-12-04,EFA,96.08,96.175,95.645,95.81,92.9016161729,92.9934735161,92.4810062329,92.6405479342,13862949,13862949,0.0,1.0,tiingo_historical_seed,
2025-12-05,EFA,96.1,96.225,95.635,95.81,92.9209545609,93.0418194862,92.4713370388,92.6405479342,15829874,15829874,0.0,1.0,tiingo_historical_seed,
2025-12-08,EFA,95.82,95.82,95.355,95.51,92.6502171283,92.6502171283,92.2005996062,92.3504721136,13562148,13562148,0.0,1.0,tiingo_historical_seed,
2025-12-09,EFA,95.6,95.83,95.36,95.38,92.4374948598,92.6598863223,92.2054342032,92.2247725913,13059922,13059922,0.0,1.0,tiingo_historical_seed,
2025-12-10,EFA,95.56,96.5999,95.495,96.44,92.3988180837,93.4043175701,92.3359683225,93.2497071577,21171779,21171779,0.0,1.0,tiingo_historical_seed,
2025-12-11,EFA,96.715,97.1499,96.63,97.01,93.5156099933,93.9361232414,93.4334218441,93.800851217,19221697,19221697,0.0,1.0,tiingo_historical_seed,
2025-12-12,EFA,97.06,97.18,96.145,96.5,93.8491971871,93.9652275154,92.964465934,93.3077223218,20514863,20514863,0.0,1.0,tiingo_historical_seed,
2025-12-15,EFA,97.31,97.415,96.87,97.09,94.0909270377,94.1924535749,93.6654825007,93.8782047692,22751908,22751908,0.0,1.0,tiingo_historical_seed,
2025-12-16,EFA,95.14,95.225,94.595,94.92,93.667324313,93.7510085948,93.1307603888,93.4507297014,29380526,29380526,1.7279,1.0,tiingo_historical_seed,
2025-12-17,EFA,94.73,94.95,94.13,94.15,93.2636707187,93.4802653303,92.6729581416,92.6926485608,34926072,34926072,0.0,1.0,tiingo_historical_seed,
2025-12-18,EFA,94.95,95.305,94.58,94.82,93.4802653303,93.8297702718,93.1159925744,93.3522776052,29971362,29971362,0.0,1.0,tiingo_historical_seed,
2025-12-19,EFA,95.26,95.73,95.21,95.46,93.7854668285,94.2481916806,93.7362407804,93.9823710208,31094759,31094759,0.0,1.0,tiingo_historical_seed,
2025-12-22,EFA,95.47,95.7554,95.4,95.7,93.9922162305,94.273198513,93.9232997631,94.2186560517,15861192,15861192,0.0,1.0,tiingo_historical_seed,
2025-12-23,EFA,96.28,96.44,96.165,96.29,94.7896782096,94.9472015635,94.676458299,94.7995234192,16485891,16485891,0.0,1.0,tiingo_historical_seed,
2025-12-24,EFA,96.33,96.4614,96.185,96.41,94.8389042577,94.9682703121,94.6961487182,94.9176659346,5609693,5609693,0.0,1.0,tiingo_historical_seed,
2025-12-26,EFA,96.53,96.6,96.335,96.57,95.0358084501,95.1047249174,94.8438268625,95.0751892885,9304222,9304222,0.0,1.0,tiingo_historical_seed,
2025-12-29,EFA,96.26,96.465,96.055,96.28,94.7699877904,94.9718145875,94.5681609932,94.7896782096,16705457,16705457,0.0,1.0,tiingo_historical_seed,
2025-12-30,EFA,96.63,96.795,96.415,96.44,95.1342605462,95.296706505,94.9225885394,94.9472015635,15876987,15876987,0.0,1.0,tiingo_historical_seed,
2025-12-31,EFA,96.33,96.39,95.9239,96.03,94.8389042577,94.8979755154,94.4390902951,94.5435479691,27618024,27618024,0.0,1.0,tiingo_historical_seed,
2026-01-02,EFA,97.03,97.105,96.51,97.04,95.528068931,95.6019080031,95.0161180308,95.5379141406,42922553,42922553,0.0,1.0,tiingo_historical_seed,
2026-01-05,EFA,97.255,98.15,97.23,98.15,95.7495861474,96.6307324083,95.7249731234,96.6307324083,25186954,25186954,0.0,1.0,tiingo_historical_seed,
2026-01-06,EFA,98.31,98.48,98.13,98.3,96.7882557622,96.9556243257,96.6110419891,96.7784105526,14557983,14557983,0.0,1.0,tiingo_historical_seed,
2026-01-07,EFA,98.14,98.205,97.84,97.93,96.6208871987,96.6848810612,96.3255309101,96.4141377967,15468958,15468958,0.0,1.0,tiingo_historical_seed,
2026-01-08,EFA,97.56,97.95,97.525,97.94,96.0498650408,96.4338282159,96.0154068071,96.4239830063,14090757,14090757,0.0,1.0,tiingo_historical_seed,
2026-01-09,EFA,98.42,98.885,98.33,98.81,96.896553068,97.3543553153,96.8079461814,97.2805162431,16001759,16001759,0.0,1.0,tiingo_historical_seed,
2026-01-12,EFA,99.15,99.44,99.115,99.41,97.6152533702,97.9007644491,97.5807951365,97.8712288203,15313534,15313534,0.0,1.0,tiingo_historical_seed,
2026-01-13,EFA,99.23,99.25,98.645,98.84,97.6940150471,97.7137054664,97.1180702844,97.310051872,17697978,17697978,0.0,1.0,tiingo_historical_seed,
2026-01-14,EFA,99.19,99.37,98.98,99.3,97.6546342087,97.8318479818,97.4478848067,97.7629315145,19947519,19947519,0.0,1.0,tiingo_historical_seed,
2026-01-15,EFA,99.62,99.62,99.22,99.26,98.0779782223,98.0779782223,97.6841698375,97.723550676,24662623,24662623,0.0,1.0,tiingo_historical_seed,
2026-01-16,EFA,99.42,99.54,99.055,99.53,97.8810740299,97.9992165453,97.5217238788,97.9893713357,18699264,18699264,0.0,1.0,tiingo_historical_seed,
2026-01-20,EFA,98.0,98.685,97.86,98.02,96.483054264,97.1574511229,96.3452213294,96.5027446833,25996205,25996205,0.0,1.0,tiingo_historical_seed,
2026-01-21,EFA,98.27,99.28,97.89,99.03,96.7488749237,97.7432410952,96.3747569582,97.4971108548,26150514,26150514,0.0,1.0,tiingo_historical_seed,
2026-01-22,EFA,99.39,99.67,99.18,99.42,97.851538401,98.1272042704,97.644788999,97.8810740299,16592844,16592844,0.0,1.0,tiingo_historical_seed,
2026-01-23,EFA,99.17,100.0,99.0,99.97,97.6349437894,98.4520961878,97.4675752259,98.4225605589,16753537,16753537,0.0,1.0,tiingo_historical_seed,
2026-01-26,EFA,100.54,100.825,100.46,100.47,98.9837375072,99.2643259813,98.9049758302,98.9148210399,14959320,14959320,0.0,1.0,tiingo_historical_seed,
2026-01-27,EFA,101.47,102.32,101.43,102.09,99.8993420017,100.7361848193,99.8599611633,100.5097449981,19706845,19706845,0.0,1.0,tiingo_historical_seed,
2026-01-28,EFA,101.185,101.355,100.56,101.01,99.6187535276,99.7861220911,99.0034279264,99.4464623593,21938778,21938778,0.0,1.0,tiingo_historical_seed,
2026-01-29,EFA,102.015,102.1,100.555,101.69,100.435905926,100.5195902077,98.9985053216,100.1159366133,29236249,29236249,0.0,1.0,tiingo_historical_seed,
2026-01-30,EFA,101.35,101.54,100.37,100.74,99.7811994863,99.9682584691,98.8163689437,99.1806416996,27813416,27813416,0.0,1.0,tiingo_historical_seed,
2026-02-02,EFA,100.88,101.545,100.82,101.4,99.3184746342,99.9731810739,99.2594033765,99.8304255344,21725501,21725501,0.0,1.0,tiingo_historical_seed,
2026-02-03,EFA,101.14,101.655,100.64,101.45,99.5744500843,100.0814783797,99.0821896034,99.8796515825,21647261,21647261,0.0,1.0,tiingo_historical_seed,
2026-02-04,EFA,102.47,102.665,101.37,101.78,100.8838629636,101.0758445512,99.8008899055,100.2045434999,25576679,25576679,0.0,1.0,tiingo_historical_seed,
2026-02-05,EFA,100.62,101.145,100.27,100.33,99.0624991841,99.5793726891,98.7179168475,98.7769881052,22760150,22760150,0.0,1.0,tiingo_historical_seed,
2026-02-06,EFA,101.69,102.65,101.635,102.61,100.1159366133,101.0610767367,100.0617879604,101.0216958983,17343717,17343717,0.0,1.0,tiingo_historical_seed,
2026-02-09,EFA,103.23,104.17,103.115,103.99,101.6320988946,102.5575485988,101.518878984,102.3803348257,20137686,20137686,0.0,1.0,tiingo_historical_seed,
2026-02-10,EFA,104.575,104.67,104.24,104.24,102.9562795884,103.0498090797,102.6264650661,102.6264650661,16861808,16861808,0.0,1.0,tiingo_historical_seed,
2026-02-11,EFA,104.84,105.17,104.16,104.94,103.2171776433,103.5420695607,102.5477033892,103.3156297394,20493537,20493537,0.0,1.0,tiingo_historical_seed,
2026-02-12,EFA,105.09,105.24,103.81,104.15,103.4633078837,103.610986028,102.2031210525,102.5378581796,29385324,29385324,0.0,1.0,tiingo_historical_seed,
2026-02-13,EFA,103.88,104.43,103.445,104.24,102.2720375199,102.8135240489,101.8437709014,102.6264650661,22651314,22651314,0.0,1.0,tiingo_historical_seed,
2026-02-17,EFA,103.36,104.34,103.02,104.22,101.7600866197,102.7249171623,101.4253494926,102.6067746469,19647198,19647198,0.0,1.0,tiingo_historical_seed,
2026-02-18,EFA,104.37,104.91,104.12,104.34,102.7544527912,103.2860941106,102.5083225507,102.7249171623,16099437,16099437,0.0,1.0,tiingo_historical_seed,
2026-02-19,EFA,103.54,104.09,103.37,104.05,101.9373003928,102.4787869219,101.7699318293,102.4394060834,15994117,15994117,0.0,1.0,tiingo_historical_seed,
2026-02-20,EFA,103.86,105.05,103.86,104.9,102.2523471006,103.4239270453,102.2523471006,103.276248901,25737456,25737456,0.0,1.0,tiingo_historical_seed,
2026-02-23,EFA,104.81,105.105,104.19,104.47,103.1876420144,103.4780756982,102.577239018,102.8529048874,14151839,14151839,0.0,1.0,tiingo_historical_seed,
2026-02-24,EFA,104.17,104.915,104.08,104.66,102.5575485988,103.2910167154,102.4689417122,103.0399638701,17358044,17358044,0.0,1.0,tiingo_historical_seed,
2026-02-25,EFA,105.255,105.7953,105.145,105.66,103.6257538424,104.1576905181,103.5174565366,104.024484832,14783781,14783781,0.0,1.0,tiingo_historical_seed,
2026-02-26,EFA,105.635,105.72,104.87,105.57,103.999871808,104.0835560897,103.2467132721,103.9358779454,28482697,28482697,0.0,1.0,tiingo_historical_seed,
2026-02-27,EFA,105.52,105.94,105.26,105.38,103.8866518973,104.3001507013,103.6306764473,103.7488189627,25575483,25575483,0.0,1.0,tiingo_historical_seed,
2026-03-02,EFA,102.76,103.725,102.72,103.3,101.1693740426,102.1194367708,101.1299932041,101.701015362,38047008,38047008,0.0,1.0,tiingo_historical_seed,
2026-03-03,EFA,98.65,100.56,97.75,100.09,97.1229928892,99.0034279264,96.2369240235,98.5407030743,52567274,52567274,0.0,1.0,tiingo_historical_seed,
2026-03-04,EFA,100.785,101.49,100.4,101.38,99.2249451428,99.919032421,98.8459045725,99.8107351152,30766526,30766526,0.0,1.0,tiingo_historical_seed,
2026-03-05,EFA,99.78,100.27,98.22,99.16,98.2355015762,98.7179168475,96.6996488756,97.6250985798,34508251,34508251,0.0,1.0,tiingo_historical_seed,
2026-03-06,EFA,97.27,98.69,97.06,98.28,95.7643539618,97.1623737277,95.5576045599,96.7587201333,27734382,27734382,0.0,1.0,tiingo_historical_seed,
2026-03-09,EFA,96.775,99.405,95.98,98.99,95.2770160857,97.8663062155,94.494321921,97.4577300163,37484689,37484689,0.0,1.0,tiingo_historical_seed,
2026-03-10,EFA,99.735,100.88,99.07,99.22,98.1911981329,99.3184746342,97.5364916932,97.6841698375,44802860,44802860,0.0,1.0,tiingo_historical_seed,
2026-03-11,EFA,98.64,99.375,98.285,99.01,97.1131476796,97.8367705866,96.7636427382,97.4774204355,21349912,21349912,0.0,1.0,tiingo_historical_seed,
2026-03-12,EFA,98.04,98.13,97.005,97.46,96.5224351025,96.6110419891,95.5034559069,95.9514129446,34724593,34724593,0.0,1.0,tiingo_historical_seed,
2026-03-13,EFA,97.665,98.105,96.14,96.3,96.1532397418,96.586428965,94.6518452749,94.8093686288,27628296,27628296,0.0,1.0,tiingo_historical_seed,
2026-03-16,EFA,97.64,98.32,97.45,98.1,96.1286267177,96.7981009718,95.941567735,96.5815063602,17384126,17384126,0.0,1.0,tiingo_historical_seed,
2026-03-17,EFA,98.74,98.965,98.24,98.37,97.2115997758,97.4331169922,96.7193392949,96.8473270199,16411463,16411463,0.0,1.0,tiingo_historical_seed,
2026-03-18,EFA,97.81,98.01,96.605,96.69,96.2959952813,96.4928994736,95.1096475222,95.193331804,26644886,26644886,0.0,1.0,tiingo_historical_seed,
2026-03-19,EFA,94.94,97.11,94.8,96.52,93.4704201207,95.6068306079,93.332587186,95.0259632404,34858276,34858276,0.0,1.0,tiingo_historical_seed,
2026-03-20,EFA,96.13,96.13,93.08,93.59,94.6420000653,94.6420000653,91.6392111316,92.1413168221,45493716,45493716,0.0,1.0,tiingo_historical_seed,
2026-03-23,EFA,95.525,97.02,94.945,95.84,94.0463648834,95.5182237214,93.4753427255,94.3564889864,40781199,40781199,0.0,1.0,tiingo_historical_seed,
2026-03-24,EFA,94.485,95.81,94.35,95.27,93.022463083,94.3269533575,92.8895527532,93.7953120381,22695848,22695848,0.0,1.0,tiingo_historical_seed,
2026-03-25,EFA,96.92,97.15,96.15,96.66,95.4197716252,95.6462114464,94.6616904845,95.1637961751,20476287,20476287,0.0,1.0,tiingo_historical_seed,
2026-03-26,EFA,95.47,96.23,94.615,94.66,93.9922162305,94.7404521615,93.1504508081,93.1947542513,19676756,19676756,0.0,1.0,tiingo_historical_seed,
2026-03-27,EFA,94.29,94.84,93.515,93.8,92.8304814955,93.3719680245,92.06747775,92.3480662241,22341137,22341137,0.0,1.0,tiingo_historical_seed,
2026-03-30,EFA,94.72,94.975,93.67,94.07,93.2538255091,93.5048783543,92.2200784991,92.6138868838,16136380,16136380,0.0,1.0,tiingo_historical_seed,
2026-03-31,EFA,95.57,97.155,95.0601,97.13,94.0906683267,95.6511340512,93.5886610882,95.6265210272,39447980,39447980,0.0,1.0,tiingo_historical_seed,
2026-04-01,EFA,98.52,99.32,98.215,98.61,96.9950051642,97.7826219337,96.6947262708,97.0836120508,27123209,27123209,0.0,1.0,tiingo_historical_seed,
2026-04-02,EFA,96.54,98.42,96.36,98.0,95.0456536597,96.896553068,94.8684398865,96.483054264,17276285,17276285,0.0,1.0,tiingo_historical_seed,
2026-04-06,EFA,98.13,98.73,98.03,98.49,96.6110419891,97.2017545662,96.5125898929,96.9654695353,11810903,11810903,0.0,1.0,tiingo_historical_seed,
2026-04-07,EFA,97.67,98.5,96.79,98.35,96.1581623466,96.975314745,95.2917839001,96.8276366007,19809723,19809723,0.0,1.0,tiingo_historical_seed,
2026-04-08,EFA,102.49,102.635,101.515,102.19,100.9035533828,101.0463089223,99.943645445,100.6081970943,22300868,22300868,0.0,1.0,tiingo_historical_seed,
2026-04-09,EFA,101.09,102.47,100.91,101.95,99.5252240362,100.8838629636,99.3480102631,100.3719120634,14958351,14958351,0.0,1.0,tiingo_historical_seed,
2026-04-10,EFA,102.63,102.69,101.805,102.18,101.0413863175,101.1004575752,100.229156524,100.5983518847,8670349,8670349,0.0,1.0,tiingo_historical_seed,
2026-04-13,EFA,101.265,102.85,101.175,102.81,99.6975152045,101.2579809291,99.608908318,101.2186000907,19346912,19346912,0.0,1.0,tiingo_historical_seed,
2026-04-14,EFA,103.34,103.82,103.21,103.64,101.7403962004,102.2129662621,101.6124084754,102.035752489,16581253,16581253,0.0,1.0,tiingo_historical_seed,
2026-04-15,EFA,103.39,103.445,102.935,103.31,101.7896222485,101.8437709014,101.3416652109,101.7108605716,8786288,8786288,0.0,1.0,tiingo_historical_seed,
2026-04-16,EFA,103.56,103.58,102.645,103.01,101.9569908121,101.9766812313,101.0561541319,101.415504283,13227621,13227621,0.0,1.0,tiingo_historical_seed,
2026-04-17,EFA,104.46,105.13,104.21,104.32,102.8430596777,103.5026887222,102.5969294373,102.7052267431,17321901,17321901,0.0,1.0,tiingo_historical_seed,
2026-04-20,EFA,103.72,103.93,103.13,103.91,102.114514166,102.321263568,101.5336467985,102.3015731487,12896409,12896409,0.0,1.0,tiingo_historical_seed,
2026-04-21,EFA,103.125,103.27,101.51,101.63,101.5287241936,101.6714797331,99.9387228402,100.0568653556,18105407,18105407,0.0,1.0,tiingo_historical_seed,
2026-04-22,EFA,102.33,102.38,101.65,101.97,100.7460300289,100.795256077,100.0765557749,100.3916024827,9990803,9990803,0.0,1.0,tiingo_historical_seed,
2026-04-23,EFA,101.75,102.12,100.15,101.24,100.1750078711,100.539280627,98.5997743321,99.6729021805,15774205,15774205,0.0,1.0,tiingo_historical_seed,
2026-04-24,EFA,101.41,101.96,101.15,101.77,99.840270744,100.3817572731,99.5842952939,100.1946982903,14219368,14219368,0.0,1.0,tiingo_historical_seed,
2026-04-27,EFA,101.825,102.055,101.34,101.38,100.2488469432,100.4752867644,99.7713542767,99.8107351152,10091680,10091680,0.0,1.0,tiingo_historical_seed,
2026-04-28,EFA,100.93,101.13,100.56,100.96,99.3677006823,99.5646048747,99.0034279264,99.3972363112,11008861,11008861,0.0,1.0,tiingo_historical_seed,
2026-04-29,EFA,100.4,100.48,99.505,99.93,98.8459045725,98.9246662495,97.9647583116,98.3831797204,10987198,10987198,0.0,1.0,tiingo_historical_seed,
2026-04-30,EFA,101.32,102.575,101.09,102.32,99.7516638575,100.9872376646,99.5252240362,100.7361848193,16585804,16585804,0.0,1.0,tiingo_historical_seed,
2026-05-01,EFA,102.29,102.87,102.065,102.1,100.7066491905,101.2776713484,100.4851319741,100.5195902077,14447180,14447180,0.0,1.0,tiingo_historical_seed,
2026-05-04,EFA,101.44,101.715,100.26,100.7,99.8698063729,100.1405496374,98.7080716379,99.1412608611,21026266,21026266,0.0,1.0,tiingo_historical_seed,
2026-05-05,EFA,101.67,102.16,101.19,102.04,100.0962461941,100.5786614654,99.6236761324,100.46051895,12347315,12347315,0.0,1.0,tiingo_historical_seed,
2026-05-06,EFA,104.5,104.92,104.31,104.81,102.8824405162,103.2959393202,102.6953815335,103.1876420144,14755515,14755515,0.0,1.0,tiingo_historical_seed,
2026-05-07,EFA,104.82,104.86,102.82,102.89,103.197487224,103.2368680625,101.2284453003,101.2973617676,19257474,19257474,0.0,1.0,tiingo_historical_seed,
2026-05-08,EFA,103.765,104.04,103.39,103.96,102.1588176092,102.4295608738,101.7896222485,102.3507991968,12280190,12280190,0.0,1.0,tiingo_historical_seed,
2026-05-11,EFA,103.81,104.0,103.57,103.74,102.2031210525,102.3901800353,101.9668360217,102.1342045852,10717945,10717945,0.0,1.0,tiingo_historical_seed,
2026-05-12,EFA,103.0,103.28,102.35,103.14,101.4056590734,101.6813249427,100.7657204482,101.5434920081,15771337,15771337,0.0,1.0,tiingo_historical_seed,
2026-05-13,EFA,103.01,103.88,102.9306,103.83,101.415504283,102.2720375199,101.3373333187,102.2228114718,9578943,9578943,0.0,1.0,tiingo_historical_seed,
2026-05-14,EFA,103.79,103.9263,103.41,103.46,102.1834306333,102.3176208404,101.8093126678,101.8585387159,8943807,8943807,0.0,1.0,tiingo_historical_seed,
2026-05-15,EFA,102.01,102.14,101.55,101.72,100.4309833211,100.5589710462,99.9781036787,100.1454722422,17916753,17916753,0.0,1.0,tiingo_historical_seed,
2026-05-18,EFA,102.48,102.82,101.775,102.66,100.8937081732,101.2284453003,100.1996208951,101.0709219464,15943992,15943992,0.0,1.0,tiingo_historical_seed,
2026-05-19,EFA,102.075,102.47,101.69,101.92,100.4949771837,100.8838629636,100.1159366133,100.3423764346,13211795,13211795,0.0,1.0,tiingo_historical_seed,
2026-05-20,EFA,102.155,103.91,101.97,103.62,100.5737388606,102.3015731487,100.3916024827,102.0160620698,16406971,16406971,0.0,1.0,tiingo_historical_seed,
2026-05-21,EFA,102.815,104.56,102.6,104.19,101.2235226955,102.9415117739,101.0118506887,102.577239018,14357631,14357631,0.0,1.0,tiingo_historical_seed,
2026-05-22,EFA,104.22,104.48,103.7899,103.98,102.6067746469,102.862750097,102.1833321812,102.370489616,12012636,12012636,0.0,1.0,tiingo_historical_seed,
2026-05-26,EFA,105.345,105.46,104.755,105.13,103.714360729,103.8275806396,103.1334933615,103.5026887222,12884884,12884884,0.0,1.0,tiingo_historical_seed,
2026-05-27,EFA,105.06,105.085,104.515,104.77,103.4337722549,103.4583852789,102.8972083307,103.1482611759,12599620,12599620,0.0,1.0,tiingo_historical_seed,
2026-05-28,EFA,104.115,105.01,103.97,104.69,102.5033999459,103.3845462068,102.3606444064,103.069499499,13605998,13605998,0.0,1.0,tiingo_historical_seed,
2026-05-29,EFA,105.13,105.52,104.73,104.8,103.5026887222,103.8866518973,103.1088803375,103.1777968048,16934044,16934044,0.0,1.0,tiingo_historical_seed,
2026-06-01,EFA,103.99,104.92,103.6,104.44,102.3803348257,103.2959393202,101.9963716505,102.8233692585,17412617,17412617,0.0,1.0,tiingo_historical_seed,
2026-06-02,EFA,104.59,105.155,104.53,105.02,102.9710474028,103.5273017463,102.9119761451,103.3943914164,8400727,8400727,0.0,1.0,tiingo_historical_seed,
2026-06-03,EFA,104.575,104.635,104.07,104.12,102.9562795884,103.0153508461,102.4590965026,102.5083225507,11807067,11807067,0.0,1.0,tiingo_historical_seed,
2026-06-04,EFA,104.54,105.015,104.43,104.95,102.9218213547,103.3894688116,102.8135240489,103.3254749491,10158677,10158677,0.0,1.0,tiingo_historical_seed,
2026-06-05,EFA,104.14,104.185,101.91,102.26,102.5280129699,102.5723164132,100.332531225,100.6771135616,16937636,16937636,0.0,1.0,tiingo_historical_seed,
2026-06-08,EFA,103.27,103.495,102.715,102.88,101.6714797331,101.8929969495,101.1250705993,101.287516558,13550419,13550419,0.0,1.0,tiingo_historical_seed,
2026-06-09,EFA,103.89,104.235,101.34,102.9,102.2818827295,102.6215424613,99.7713542767,101.3072069772,21878015,21878015,0.0,1.0,tiingo_historical_seed,
2026-06-10,EFA,102.23,102.9,101.49,101.57,100.6475779328,101.3072069772,99.919032421,99.9977940979,22737741,22737741,0.0,1.0,tiingo_historical_seed,
2026-06-11,EFA,102.48,104.85,102.22,104.73,100.8937081732,103.2270228529,100.6377327231,103.1088803375,20415020,20415020,0.0,1.0,tiingo_historical_seed,
2026-06-12,EFA,104.65,105.36,104.19,105.02,103.0301186605,103.7291285434,102.577239018,103.3943914164,14219960,14219960,0.0,1.0,tiingo_historical_seed,
2026-06-15,EFA,104.69,104.74,103.985,104.08,104.69,104.74,103.985,104.08,14053627,14053627,1.636388,1.0,tiingo_historical_seed,
2026-06-16,EFA,104.72,104.8,104.225,104.31,104.72,104.8,104.225,104.31,12047013,12047013,0.0,1.0,tiingo_historical_seed,
2026-06-17,EFA,105.04,105.42,103.585,103.78,105.04,105.42,103.585,103.78,20717592,20717592,0.0,1.0,tiingo_historical_seed,
2026-06-18,EFA,104.58,104.66,104.18,104.41,104.58,104.66,104.18,104.41,15466272,15466272,0.0,1.0,tiingo_historical_seed,
2026-06-22,EFA,104.59,104.835,104.425,104.58,104.59,104.835,104.425,104.58,9596198,9596198,0.0,1.0,tiingo_historical_seed,
2026-06-24,EFA,102.24,102.65,101.92,102.26,102.24,102.65,101.92,102.26,11015501,11015501,0.0,1.0,tiingo,2026-06-24T23:30:01.663646+00:00
