date,ticker,open,high,low,close,adjOpen,adjHigh,adjLow,adjClose,adjVolume,volume,divCash,splitFactor,source,fetch_timestamp
2012-10-24,IEFA,47.61,47.63,47.54,47.54,31.8616026722,31.8749870883,31.8147572156,31.8147572156,1800,1800,0.0,1.0,tiingo_historical_seed,
2012-10-25,IEFA,47.54,47.54,47.54,47.54,31.8147572156,31.8147572156,31.8147572156,31.8147572156,0,0,0.0,1.0,tiingo_historical_seed,
2012-10-26,IEFA,47.6,47.87,47.6,47.8448,31.8549104641,32.0356000823,31.8549104641,32.0187357179,8400,8400,0.0,1.0,tiingo_historical_seed,
2012-10-31,IEFA,47.95,47.95,47.703,47.75,32.0891377469,32.0891377469,31.9238402073,31.9552935853,13900,13900,0.0,1.0,tiingo_historical_seed,
2012-11-01,IEFA,48.15,48.3,48.0681,48.17,32.2229819085,32.3233650297,32.1681727243,32.2363663247,1900,1900,0.0,1.0,tiingo_historical_seed,
2012-11-02,IEFA,48.25,48.25,47.75,47.8,32.2899039893,32.2899039893,31.9552935853,31.9887546257,2800,2800,0.0,1.0,tiingo_historical_seed,
2012-11-05,IEFA,47.6805,47.7,47.642,47.66,31.9087827391,31.9218325449,31.883017738,31.8950637126,13100,13100,0.0,1.0,tiingo_historical_seed,
2012-11-06,IEFA,47.95,47.95,47.95,47.95,32.0891377469,32.0891377469,32.0891377469,32.0891377469,100,100,0.0,1.0,tiingo_historical_seed,
2012-11-07,IEFA,47.15,47.52,47.15,47.457,31.5537611005,31.8013727994,31.5537611005,31.7592118885,13500,13500,0.0,1.0,tiingo_historical_seed,
2012-11-08,IEFA,47.16,47.17,47.0,47.08,31.5604533085,31.5671455166,31.4533779792,31.5069156439,55300,55300,0.0,1.0,tiingo_historical_seed,
2012-11-09,IEFA,46.59,47.0408,46.59,46.88,31.1789974479,31.4806821882,31.1789974479,31.3730714823,4700,4700,0.0,1.0,tiingo_historical_seed,
2012-11-12,IEFA,46.8,46.94,46.78,46.876,31.3195338176,31.4132247308,31.3061494015,31.370394599,25100,25100,0.0,1.0,tiingo_historical_seed,
2012-11-13,IEFA,46.88,46.88,46.88,46.88,31.3730714823,31.3730714823,31.3730714823,31.3730714823,0,0,0.0,1.0,tiingo_historical_seed,
2012-11-14,IEFA,46.53,46.57,46.53,46.55,31.1388441994,31.1656130318,31.1388441994,31.1522286156,2100,2100,0.0,1.0,tiingo_historical_seed,
2012-11-15,IEFA,46.3,46.464,46.28,46.28,30.9849234136,31.0946756261,30.9715389974,30.9715389974,3100,3100,0.0,1.0,tiingo_historical_seed,
2012-11-16,IEFA,46.19,46.3345,45.94,46.3345,30.9113091247,31.0080115315,30.7440039227,31.0080115315,2600,2600,0.0,1.0,tiingo_historical_seed,
2012-11-19,IEFA,47.14,47.25,47.14,47.19,31.5470688924,31.6206831813,31.5470688924,31.5805299328,800,800,0.0,1.0,tiingo_historical_seed,
2012-11-20,IEFA,47.05,47.29,47.05,47.29,31.4868390196,31.6474520136,31.4868390196,31.6474520136,15300,15300,0.0,1.0,tiingo_historical_seed,
2012-11-21,IEFA,47.38,47.4785,47.3799,47.47,31.7076818863,31.7736001359,31.7076149642,31.767911759,8500,8500,0.0,1.0,tiingo_historical_seed,
2012-11-23,IEFA,48.32,48.32,48.27,48.28,32.3367494459,32.3367494459,32.3032884055,32.3099806136,1300,1300,0.0,1.0,tiingo_historical_seed,
2012-11-26,IEFA,48.17,48.31,48.1199,48.31,32.2363663247,32.3300572378,32.2028383622,32.3300572378,700,700,0.0,1.0,tiingo_historical_seed,
2012-11-27,IEFA,48.14,48.36,48.12,48.18,32.2162897004,32.3635182782,32.2029052843,32.2430585328,77500,77500,0.0,1.0,tiingo_historical_seed,
2012-11-28,IEFA,48.1299,48.448,48.1299,48.448,32.2095305703,32.4224097093,32.2095305703,32.4224097093,4500,4500,0.0,1.0,tiingo_historical_seed,
2012-11-29,IEFA,48.77,48.87,48.62,48.87,32.6378988095,32.7048208903,32.5375156883,32.7048208903,4400,4400,0.0,1.0,tiingo_historical_seed,
2012-11-30,IEFA,49.0,49.0,48.86,48.97,32.7918195954,32.7918195954,32.6981286822,32.7717429711,3900,3900,0.0,1.0,tiingo_historical_seed,
2012-12-03,IEFA,49.0,49.0,48.83,48.83,32.7918195954,32.7918195954,32.678052058,32.678052058,200,200,0.0,1.0,tiingo_historical_seed,
2012-12-04,IEFA,49.05,49.15,49.05,49.1353,32.8252806358,32.8922027166,32.8252806358,32.8823651707,1900,1900,0.0,1.0,tiingo_historical_seed,
2012-12-05,IEFA,49.3799,49.3799,49.3125,49.3125,33.0460565804,33.0460565804,33.0009510979,33.0009510979,400,400,0.0,1.0,tiingo_historical_seed,
2012-12-06,IEFA,49.36,49.36,49.2375,49.28,33.0327390863,33.0327390863,32.9507595373,32.9792014216,2600,2600,0.0,1.0,tiingo_historical_seed,
2012-12-07,IEFA,49.17,49.29,49.17,49.29,32.9055871328,32.9858936297,32.9055871328,32.9858936297,1000,1000,0.0,1.0,tiingo_historical_seed,
2012-12-10,IEFA,49.23,49.39,49.23,49.39,32.9457403812,33.0528157105,32.9457403812,33.0528157105,3100,3100,0.0,1.0,tiingo_historical_seed,
2012-12-11,IEFA,49.67,49.7,49.63,49.65,33.2401975368,33.260274161,33.2134287045,33.2268131206,2200,2200,0.0,1.0,tiingo_historical_seed,
2012-12-12,IEFA,49.8,50.06,49.74,49.86,33.3271962418,33.5011936519,33.2870429934,33.3673494903,23200,23200,0.0,1.0,tiingo_historical_seed,
2012-12-13,IEFA,49.8,49.8,49.52,49.61,33.3271962418,33.3271962418,33.1398144156,33.2000442883,7700,7700,0.0,1.0,tiingo_historical_seed,
2012-12-14,IEFA,49.73,49.97,49.73,49.85,33.2803507853,33.4409637792,33.2803507853,33.3606572822,2000,2000,0.0,1.0,tiingo_historical_seed,
2012-12-17,IEFA,49.91,50.058,49.836,49.93,33.4008105307,33.4998552103,33.3512881909,33.4141949469,4600,4600,0.0,1.0,tiingo_historical_seed,
2012-12-18,IEFA,50.3799,50.43,49.8495,50.43,33.8293444018,33.8629857975,33.4731887867,33.8629857975,4461200,4461200,0.170617,1.0,tiingo_historical_seed,
2012-12-19,IEFA,50.71,50.74,50.54,50.66,34.0510015822,34.0711461306,33.9368491415,34.017427335,4400,4400,0.0,1.0,tiingo_historical_seed,
2012-12-20,IEFA,50.9,50.92,50.79,50.85,34.1785837219,34.1920134208,34.1047203779,34.1450094746,1800,1800,0.0,1.0,tiingo_historical_seed,
2012-12-21,IEFA,50.4,50.54,50.25,50.4,33.8428412492,33.9368491415,33.7421185074,33.8428412492,5900,5900,0.0,1.0,tiingo_historical_seed,
2012-12-24,IEFA,50.64,50.64,50.38,50.38,34.0039976361,34.0039976361,33.8294115503,33.8294115503,9000,9000,0.0,1.0,tiingo_historical_seed,
2012-12-26,IEFA,50.64,50.64,50.22,50.35,34.0039976361,34.0039976361,33.721973959,33.8092670019,9900,9900,0.0,1.0,tiingo_historical_seed,
2012-12-27,IEFA,50.76,50.76,50.3,50.64,34.0845758295,34.0845758295,33.7756927546,34.0039976361,36500,36500,0.0,1.0,tiingo_historical_seed,
2012-12-28,IEFA,50.2,50.35,50.1,50.12,33.7085442601,33.8092670019,33.6413957655,33.6548254644,41600,41600,0.0,1.0,tiingo_historical_seed,
2012-12-31,IEFA,50.46,51.058,50.46,50.85,33.8831303459,34.2846783433,33.8831303459,34.1450094746,22100,22100,0.0,1.0,tiingo_historical_seed,
2013-01-02,IEFA,51.66,51.86,51.37,51.6499,34.6889122804,34.8232092695,34.4941816462,34.6821302824,24700,24700,0.0,1.0,tiingo_historical_seed,
2013-01-03,IEFA,51.39,51.5599,51.12,51.12,34.5076113451,34.6216966374,34.3263104099,34.3263104099,9800,9800,0.0,1.0,tiingo_historical_seed,
2013-01-04,IEFA,51.14,51.5,51.09,51.49,34.3397401088,34.5814746891,34.3061658615,34.5747598397,15900,15900,0.0,1.0,tiingo_historical_seed,
2013-01-07,IEFA,51.09,51.3,51.04,51.29,34.3061658615,34.4471777,34.2725916142,34.4404628506,228900,228900,0.0,1.0,tiingo_historical_seed,
2013-01-08,IEFA,51.14,51.14,50.77,50.99,34.3397401088,34.3397401088,34.091290679,34.239017367,78500,78500,0.0,1.0,tiingo_historical_seed,
2013-01-09,IEFA,51.18,51.22,51.1,51.22,34.3665995066,34.3934589044,34.312880711,34.3934589044,44800,44800,0.0,1.0,tiingo_historical_seed,
2013-01-10,IEFA,51.78,51.97,51.59,51.88,34.7694904738,34.8970726135,34.6419083342,34.8366389684,110800,110800,0.0,1.0,tiingo_historical_seed,
2013-01-11,IEFA,52.04,52.04,51.8262,51.95,34.9440765597,34.9440765597,34.8005130783,34.8836429146,8700,8700,0.0,1.0,tiingo_historical_seed,
2013-01-14,IEFA,51.95,52.03,51.84,51.96,34.8836429146,34.9373617102,34.8097795706,34.890357764,48000,48000,0.0,1.0,tiingo_historical_seed,
2013-01-15,IEFA,51.74,51.9028,51.666,51.8974,34.742631076,34.8519488251,34.6929411901,34.8483228064,6200,6200,0.0,1.0,tiingo_historical_seed,
2013-01-16,IEFA,51.61,51.723,51.5,51.61,34.6553380331,34.731215832,34.5814746891,34.6553380331,324300,324300,0.0,1.0,tiingo_historical_seed,
2013-01-17,IEFA,52.16,52.16,51.91,52.06,35.0246547531,35.0246547531,34.8567835167,34.9575062586,31100,31100,0.0,1.0,tiingo_historical_seed,
2013-01-18,IEFA,51.9499,52.07,51.8,52.05,34.8835757661,34.964221108,34.7829201728,34.9507914091,28100,28100,0.0,1.0,tiingo_historical_seed,
2013-01-22,IEFA,52.02,52.02,51.8764,52.0,34.9306468607,34.9306468607,34.8342216226,34.9172171618,14600,14600,0.0,1.0,tiingo_historical_seed,
2013-01-23,IEFA,51.99,51.99,51.8231,51.985,34.9105023124,34.9105023124,34.798431475,34.9071448877,32300,32300,0.0,1.0,tiingo_historical_seed,
2013-01-24,IEFA,52.15,52.33,52.15,52.25,35.0179399037,35.1388071938,35.0179399037,35.0850883982,16300,16300,0.0,1.0,tiingo_historical_seed,
2013-01-25,IEFA,52.73,52.7699,52.5435,52.721,35.407401172,35.4341934213,35.2821692297,35.4013578075,26600,26600,0.0,1.0,tiingo_historical_seed,
2013-01-28,IEFA,52.75,52.75,52.36,52.4996,35.4208308709,35.4208308709,35.1589517422,35.2526910406,28400,28400,0.0,1.0,tiingo_historical_seed,
2013-01-29,IEFA,52.6568,52.87,52.6568,52.85,35.358248474,35.5014090644,35.358248474,35.4879793654,30800,30800,0.0,1.0,tiingo_historical_seed,
2013-01-30,IEFA,52.84,52.99,52.84,52.8836,35.481264516,35.5819872578,35.481264516,35.5105412596,2900,2900,0.0,1.0,tiingo_historical_seed,
2013-01-31,IEFA,52.9,52.9,52.68,52.68,35.5215536127,35.5215536127,35.3738269247,35.3738269247,20600,20600,0.0,1.0,tiingo_historical_seed,
2013-02-01,IEFA,53.14,53.26,53.115,53.19,35.6827099996,35.7632881931,35.665922876,35.7162842469,19900,19900,0.0,1.0,tiingo_historical_seed,
2013-02-04,IEFA,52.58,52.58,52.1,52.21,35.3066784302,35.3066784302,34.9843656564,35.0582290004,13400,13400,0.0,1.0,tiingo_historical_seed,
2013-02-05,IEFA,52.51,52.57,52.35,52.44,35.259674484,35.2999635807,35.1522368927,35.2126705378,19000,19000,0.0,1.0,tiingo_historical_seed,
2013-02-06,IEFA,52.17,52.51,52.01,52.51,35.0313696026,35.259674484,34.9239320113,35.259674484,9500,9500,0.0,1.0,tiingo_historical_seed,
2013-02-07,IEFA,52.4,52.4,51.83,52.03,35.18581114,35.18581114,34.8030647211,34.9373617102,12100,12100,0.0,1.0,tiingo_historical_seed,
2013-02-08,IEFA,52.36,52.426,52.35,52.36,35.1589517422,35.2032697486,35.1522368927,35.1589517422,30000,30000,0.0,1.0,tiingo_historical_seed,
2013-02-11,IEFA,52.2901,52.4,52.2,52.34,35.1120149445,35.18581114,35.0515141509,35.1455220433,19400,19400,0.0,1.0,tiingo_historical_seed,
2013-02-12,IEFA,52.599,52.7147,52.57,52.5835,35.3194366441,35.3971274523,35.2999635807,35.3090286275,11300,11300,0.0,1.0,tiingo_historical_seed,
2013-02-13,IEFA,52.95,52.95,52.71,52.7487,35.55512786,35.55512786,35.3939714731,35.4199579405,7800,7800,0.0,1.0,tiingo_historical_seed,
2013-02-14,IEFA,52.41,52.46,52.29,52.4501,35.1925259895,35.2261002367,35.111947796,35.2194525358,7900,7900,0.0,1.0,tiingo_historical_seed,
2013-02-15,IEFA,52.4701,52.55,52.21,52.31,35.2328822347,35.2865338818,35.0582290004,35.1253774949,549300,549300,0.0,1.0,tiingo_historical_seed,
2013-02-19,IEFA,52.81,52.92,52.76,52.89,35.4611199676,35.5349833116,35.4275457204,35.5148387633,510900,510900,0.0,1.0,tiingo_historical_seed,
2013-02-20,IEFA,53.14,53.14,52.43,52.43,35.6827099996,35.6827099996,35.2059556884,35.2059556884,21200,21200,0.0,1.0,tiingo_historical_seed,
2013-02-21,IEFA,51.88,51.88,51.4401,51.6902,34.8366389684,34.8366389684,34.5412527409,34.7091911257,937800,937800,0.0,1.0,tiingo_historical_seed,
2013-02-22,IEFA,51.966,52.4,51.966,52.37,34.8943866737,35.18581114,34.8943866737,35.1656665916,1527300,1527300,0.0,1.0,tiingo_historical_seed,
2013-02-25,IEFA,52.72,52.7512,51.458,51.458,35.4006863225,35.4216366528,34.5532723214,34.5532723214,81000,81000,0.0,1.0,tiingo_historical_seed,
2013-02-26,IEFA,51.89,51.89,51.37,51.66,34.8433538178,34.8433538178,34.4941816462,34.6889122804,93000,93000,0.0,1.0,tiingo_historical_seed,
2013-02-27,IEFA,51.62,52.35,51.62,52.22,34.6620528826,35.1522368927,34.6620528826,35.0649438498,11800,11800,0.0,1.0,tiingo_historical_seed,
2013-02-28,IEFA,52.32,52.485,52.15,52.15,35.1320923444,35.2428873604,35.0179399037,35.0179399037,65600,65600,0.0,1.0,tiingo_historical_seed,
2013-03-01,IEFA,51.89,52.16,51.8,52.12,34.8433538178,35.0246547531,34.7829201728,34.9977953553,14700,14700,0.0,1.0,tiingo_historical_seed,
2013-03-04,IEFA,52.0,52.32,51.91,52.32,34.9172171618,35.1320923444,34.8567835167,35.1320923444,1667300,1667300,0.0,1.0,tiingo_historical_seed,
2013-03-05,IEFA,52.83,52.95,52.75,52.8216,35.4745496665,35.55512786,35.4208308709,35.468909193,130300,130300,0.0,1.0,tiingo_historical_seed,
2013-03-06,IEFA,53.09,53.1,52.73,52.86,35.6491357523,35.6558506018,35.407401172,35.4946942149,53100,53100,0.0,1.0,tiingo_historical_seed,
2013-03-07,IEFA,53.16,53.16,53.03,53.11,35.6961396985,35.6961396985,35.6088466556,35.6625654513,70100,70100,0.0,1.0,tiingo_historical_seed,
2013-03-08,IEFA,53.14,53.16,52.85,53.12,35.6827099996,35.6961396985,35.4879793654,35.6692803007,17200,17200,0.0,1.0,tiingo_historical_seed,
2013-03-11,IEFA,53.11,53.24,53.04,53.09,35.6625654513,35.7498584942,35.6155615051,35.6491357523,95300,95300,0.0,1.0,tiingo_historical_seed,
2013-03-12,IEFA,53.24,53.3,52.96,53.03,35.7498584942,35.7901475909,35.5618427094,35.6088466556,106200,106200,0.0,1.0,tiingo_historical_seed,
2013-03-13,IEFA,52.799,53.11,52.78,52.98,35.4537336332,35.6625654513,35.4409754193,35.5752724083,19700,19700,0.0,1.0,tiingo_historical_seed,
2013-03-14,IEFA,53.26,53.524,53.1555,53.52,35.7632881931,35.9405602187,35.6931180163,35.9378742789,55200,55200,0.0,1.0,tiingo_historical_seed,
2013-03-15,IEFA,53.72,53.72,53.44,53.48,36.072171268,36.072171268,35.8841554832,35.9110148811,252500,252500,0.0,1.0,tiingo_historical_seed,
2013-03-18,IEFA,53.01,53.3683,52.9789,53.04,35.5954169567,35.8360100127,35.5745337749,35.6155615051,27900,27900,0.0,1.0,tiingo_historical_seed,
2013-03-19,IEFA,53.22,53.22,52.5789,52.87,35.7364287952,35.7364287952,35.3059397967,35.5014090644,90500,90500,0.0,1.0,tiingo_historical_seed,
2013-03-20,IEFA,53.33,53.33,53.14,53.25,35.8102921392,35.8102921392,35.6827099996,35.7565733436,40700,40700,0.0,1.0,tiingo_historical_seed,
2013-03-21,IEFA,52.88,53.0727,52.7394,52.7723,35.5081239138,35.6375190628,35.4137131305,35.4358049852,90100,90100,0.0,1.0,tiingo_historical_seed,
2013-03-22,IEFA,53.17,53.31,53.0053,53.29,35.702854548,35.7968624403,35.5922609775,35.7834327414,37800,37800,0.0,1.0,tiingo_historical_seed,
2013-03-25,IEFA,53.31,53.37,52.49,52.65,35.7968624403,35.8371515371,35.2462447851,35.3536823764,54700,54700,0.0,1.0,tiingo_historical_seed,
2013-03-26,IEFA,52.85,52.99,52.74,52.9384,35.4879793654,35.5819872578,35.4141160214,35.5473386346,54600,54600,0.0,1.0,tiingo_historical_seed,
2013-03-27,IEFA,52.44,52.77,52.32,52.71,35.2126705378,35.4342605698,35.1320923444,35.3939714731,94000,94000,0.0,1.0,tiingo_historical_seed,
2013-03-28,IEFA,52.81,53.04,52.81,52.97,35.4611199676,35.6155615051,35.4611199676,35.5685575589,45000,45000,0.0,1.0,tiingo_historical_seed,
2013-04-01,IEFA,52.62,52.65,52.24,52.31,35.333537828,35.3536823764,35.0783735487,35.1253774949,88700,88700,0.0,1.0,tiingo_historical_seed,
2013-04-02,IEFA,52.8,53.0,52.7431,52.8,35.4544051182,35.5887021073,35.4161976248,35.4544051182,38600,38600,0.0,1.0,tiingo_historical_seed,
2013-04-03,IEFA,53.06,53.06,52.5,52.57,35.628991204,35.628991204,35.2529596345,35.2999635807,35300,35300,0.0,1.0,tiingo_historical_seed,
2013-04-04,IEFA,52.79,53.02,52.61,52.93,35.4476902687,35.6021318062,35.3268229785,35.5416981611,45800,45800,0.0,1.0,tiingo_historical_seed,
2013-04-05,IEFA,52.38,52.7,52.2227,52.7,35.1723814411,35.3872566236,35.0667568592,35.3872566236,92500,92500,0.0,1.0,tiingo_historical_seed,
2013-04-08,IEFA,52.79,52.93,52.628,52.93,35.4476902687,35.5416981611,35.3389097076,35.5416981611,112800,112800,0.0,1.0,tiingo_historical_seed,
2013-04-09,IEFA,52.82,53.3156,52.7254,53.16,35.4678348171,35.800622756,35.4043123412,35.6961396985,48700,48700,0.0,1.0,tiingo_historical_seed,
2013-04-10,IEFA,53.65,53.9693,53.65,53.89,36.0251673218,36.2395724649,36.0251673218,36.1863237087,45900,45900,0.0,1.0,tiingo_historical_seed,
2013-04-11,IEFA,54.22,54.47,54.16,54.3,36.4079137407,36.575784977,36.3676246439,36.4616325363,54400,54400,0.0,1.0,tiingo_historical_seed,
2013-04-12,IEFA,54.09,54.2799,53.84,54.21,36.3206206978,36.4481356889,36.1527494614,36.4011988912,177200,177200,0.0,1.0,tiingo_historical_seed,
2013-04-15,IEFA,53.68,53.68,53.05,53.05,36.0453118701,36.0453118701,35.6222763545,35.6222763545,152200,152200,0.0,1.0,tiingo_historical_seed,
2013-04-16,IEFA,53.73,53.84,53.43,53.84,36.0788861174,36.1527494614,35.8774406338,36.1527494614,55800,55800,0.0,1.0,tiingo_historical_seed,
2013-04-17,IEFA,53.29,53.29,52.44,52.731,35.7834327414,35.7834327414,35.2126705378,35.4080726569,202900,202900,0.0,1.0,tiingo_historical_seed,
2013-04-18,IEFA,52.87,52.87,52.45,52.5907,35.5014090644,35.5014090644,35.2193853873,35.3138633191,113700,113700,0.0,1.0,tiingo_historical_seed,
2013-04-19,IEFA,52.93,53.01,52.825,53.01,35.5416981611,35.5954169567,35.4711922418,35.5954169567,79800,79800,0.0,1.0,tiingo_historical_seed,
2013-04-22,IEFA,53.11,53.25,52.77,53.21,35.6625654513,35.7565733436,35.4342605698,35.7297139458,31100,31100,0.0,1.0,tiingo_historical_seed,
2013-04-23,IEFA,53.67,53.99,53.67,53.93,36.0385970207,36.2534722032,36.0385970207,36.2131831065,109900,109900,0.0,1.0,tiingo_historical_seed,
2013-04-24,IEFA,54.2567,54.51,54.2034,54.35,36.4325572382,36.6026443748,36.3967670906,36.4952067836,202000,202000,0.0,1.0,tiingo_historical_seed,
2013-04-25,IEFA,54.72,54.9201,54.63,54.63,36.7436562134,36.878020351,36.6832225683,36.6832225683,179100,179100,0.0,1.0,tiingo_historical_seed,
2013-04-26,IEFA,54.8,54.8,54.55,54.71,36.797375009,36.797375009,36.6295037727,36.7369413639,1124700,1124700,0.0,1.0,tiingo_historical_seed,
2013-04-29,IEFA,55.0,55.42,54.9833,55.37,36.9316719981,37.2136956752,36.9204581995,37.1801214279,812900,812900,0.0,1.0,tiingo_historical_seed,
2013-04-30,IEFA,55.36,55.51,55.34,55.5,37.1734065784,37.2741293203,37.1599768795,37.2674144708,304300,304300,0.0,1.0,tiingo_historical_seed,
2013-05-01,IEFA,55.58,55.58,55.05,55.05,37.3211332664,37.3211332664,36.9652462454,36.9652462454,46600,46600,0.0,1.0,tiingo_historical_seed,
2013-05-02,IEFA,55.04,55.3699,55.04,55.33,36.9585313959,37.1800542794,36.9585313959,37.1532620301,193100,193100,0.0,1.0,tiingo_historical_seed,
2013-05-03,IEFA,55.8,56.07,55.75,55.92,37.4688599544,37.6501608897,37.4352857072,37.5494381479,121900,121900,0.0,1.0,tiingo_historical_seed,
2013-05-06,IEFA,55.9,55.92,55.72,55.87,37.536008449,37.5494381479,37.4151411588,37.5158639006,97000,97000,0.0,1.0,tiingo_historical_seed,
2013-05-07,IEFA,56.07,56.13,55.8001,55.99,37.6501608897,37.6904499864,37.4689271029,37.5964420941,586800,586800,0.0,1.0,tiingo_historical_seed,
2013-05-08,IEFA,56.33,56.61,56.31,56.57,37.8247469755,38.0127627602,37.8113172766,37.9859033624,365300,365300,0.0,1.0,tiingo_historical_seed,
2013-05-09,IEFA,56.3,56.39,55.86,56.03,37.8046024271,37.8650360722,37.5091490512,37.6233014919,118600,118600,0.0,1.0,tiingo_historical_seed,
2013-05-10,IEFA,56.01,56.14,55.83,56.139,37.609871793,37.6971648359,37.4890045028,37.6964933509,34800,34800,0.0,1.0,tiingo_historical_seed,
2013-05-13,IEFA,56.07,56.17,55.96,56.1,37.6501608897,37.7173093842,37.5762975457,37.6703054381,770900,770900,0.0,1.0,tiingo_historical_seed,
2013-05-14,IEFA,55.98,56.31,55.98,56.229,37.5897272446,37.8113172766,37.5897272446,37.756926996,105800,105800,0.0,1.0,tiingo_historical_seed,
2013-05-15,IEFA,56.08,56.43,56.05,56.4,37.6568757392,37.89189547,37.6367311908,37.8717509217,248300,248300,0.0,1.0,tiingo_historical_seed,
2013-05-16,IEFA,56.07,56.27,55.854,55.96,37.6501608897,37.7844578788,37.5051201415,37.5762975457,60500,60500,0.0,1.0,tiingo_historical_seed,
2013-05-17,IEFA,55.99,56.43,55.95,56.37,37.5964420941,37.89189547,37.5695826962,37.8516063733,48800,48800,0.0,1.0,tiingo_historical_seed,
2013-05-20,IEFA,56.44,56.6952,56.3748,56.61,37.8986103195,38.0699732776,37.8548295011,38.0127627602,59000,59000,0.0,1.0,tiingo_historical_seed,
2013-05-21,IEFA,56.54,56.882,56.35,56.76,37.965758814,38.1954066654,37.8381766744,38.113485502,82800,82800,0.0,1.0,tiingo_historical_seed,
2013-05-22,IEFA,56.8,57.27,56.03,56.12,38.1403448999,38.4559428242,37.6233014919,37.683735137,186900,186900,0.0,1.0,tiingo_historical_seed,
2013-05-23,IEFA,54.81,55.4299,54.5927,55.4,36.8040898585,37.2203433761,36.6581761798,37.2002659763,31900,31900,0.0,1.0,tiingo_historical_seed,
2013-05-24,IEFA,54.7,54.93,54.53,54.87,36.7302265145,36.8846680519,36.6160740737,36.8443789552,52300,52300,0.0,1.0,tiingo_historical_seed,
2013-05-28,IEFA,55.47,55.55,54.85,54.9531,37.2472699224,37.3009887181,36.8309492563,36.9001793542,432800,432800,0.0,1.0,tiingo_historical_seed,
2013-05-29,IEFA,54.62,54.62,54.32,54.5836,36.6765077188,36.6765077188,36.4750622352,36.6520656668,153200,153200,0.0,1.0,tiingo_historical_seed,
2013-05-30,IEFA,54.56,54.9265,54.52,54.8,36.6362186221,36.8823178546,36.6093592243,36.797375009,51900,51900,0.0,1.0,tiingo_historical_seed,
2013-05-31,IEFA,54.27,54.82,53.71,53.71,36.4414879879,36.8108047079,36.0654564185,36.0654564185,85700,85700,0.0,1.0,tiingo_historical_seed,
2013-06-03,IEFA,53.7,54.0666,53.55,54.05,36.0587415691,36.30490795,35.9580188272,36.2937612999,69400,69400,0.0,1.0,tiingo_historical_seed,
2013-06-04,IEFA,54.38,54.5048,53.9228,54.1914,36.5153513319,36.5991526531,36.2083484149,36.3887092712,51900,51900,0.0,1.0,tiingo_historical_seed,
2013-06-05,IEFA,53.57,53.57,53.0,53.0,35.9714485261,35.9714485261,35.5887021073,35.5887021073,123100,123100,0.0,1.0,tiingo_historical_seed,
2013-06-06,IEFA,53.0,53.3,52.79,53.3,35.5887021073,35.7901475909,35.4476902687,35.7901475909,120000,120000,0.0,1.0,tiingo_historical_seed,
2013-06-07,IEFA,53.35,53.97,53.2325,53.96,35.8237218382,36.2400425043,35.7448223571,36.2333276549,70100,70100,0.0,1.0,tiingo_historical_seed,
2013-06-10,IEFA,54.15,54.15,53.86,54.05,36.3609097945,36.3609097945,36.1661791603,36.2937612999,40000,40000,0.0,1.0,tiingo_historical_seed,
2013-06-11,IEFA,53.18,53.6045,53.06,53.33,35.7095693974,35.9946147568,35.628991204,35.8102921392,85900,85900,0.0,1.0,tiingo_historical_seed,
2013-06-12,IEFA,53.83,53.83,53.2607,53.3,36.146034612,36.146034612,35.7637582325,35.7901475909,69000,69000,0.0,1.0,tiingo_historical_seed,
2013-06-13,IEFA,53.58,54.1637,53.3533,54.16,35.9781633756,36.3701091382,35.8259377385,36.3676246439,97500,97500,0.0,1.0,tiingo_historical_seed,
2013-06-14,IEFA,53.77,53.99,53.4155,53.53,36.1057455152,36.2534722032,35.8677041021,35.9445891283,51700,51700,0.0,1.0,tiingo_historical_seed,
2013-06-17,IEFA,54.35,54.62,54.0138,54.24,36.4952067836,36.6765077188,36.2694535449,36.4213434396,94300,94300,0.0,1.0,tiingo_historical_seed,
2013-06-18,IEFA,54.54,54.75,54.43,54.6,36.6227889232,36.7638007617,36.5489255792,36.6630780199,32300,32300,0.0,1.0,tiingo_historical_seed,
2013-06-19,IEFA,54.65,54.74,53.54,53.54,36.6966522672,36.7570859123,35.9513039778,35.9513039778,89100,89100,0.0,1.0,tiingo_historical_seed,
2013-06-20,IEFA,52.6,52.66,51.62,51.78,35.3201081291,35.3603972258,34.6620528826,34.7694904738,817900,817900,0.0,1.0,tiingo_historical_seed,
2013-06-21,IEFA,52.4,52.4,51.5,51.97,35.18581114,35.18581114,34.5814746891,34.8970726135,59300,59300,0.0,1.0,tiingo_historical_seed,
2013-06-24,IEFA,50.8,51.32,50.52,51.05,34.1114352273,34.460607399,33.9234194426,34.2793064637,459800,459800,0.0,1.0,tiingo_historical_seed,
2013-06-25,IEFA,51.51,51.7024,51.23,51.67,34.5881895386,34.7173832421,34.4001737539,34.6956271298,375900,375900,0.0,1.0,tiingo_historical_seed,
2013-06-26,IEFA,51.9,52.0,51.62,51.92,34.8500686673,34.9172171618,34.6620528826,34.8634983662,117700,117700,0.0,1.0,tiingo_historical_seed,
2013-06-27,IEFA,51.61,51.86,51.52,51.66,35.1760113433,35.3464047328,35.114669723,35.2100900212,243200,243200,0.776157,1.0,tiingo_historical_seed,
2013-06-28,IEFA,51.56,51.74,51.3949,51.46,35.1419326653,35.2646159058,35.0294048709,35.0737753095,66200,66200,0.0,1.0,tiingo_historical_seed,
2013-07-01,IEFA,52.01,52.2099,51.9401,51.9401,35.4486407666,35.5848873209,35.4009987749,35.4009987749,42800,42800,0.0,1.0,tiingo_historical_seed,
2013-07-02,IEFA,52.0,52.24,51.59,51.78,35.441825031,35.605402685,35.1623798721,35.2918788482,77000,77000,0.0,1.0,tiingo_historical_seed,
2013-07-03,IEFA,51.46,51.88,51.36,51.78,35.0737753095,35.360036204,35.0056179537,35.2918788482,157100,157100,0.0,1.0,tiingo_historical_seed,
2013-07-05,IEFA,52.32,52.32,51.7242,52.12,35.6599285696,35.6599285696,35.2538470436,35.523613858,45100,45100,0.0,1.0,tiingo_historical_seed,
2013-07-08,IEFA,52.32,52.46,52.18,52.36,35.6599285696,35.7553488678,35.5645082715,35.687191512,256100,256100,0.0,1.0,tiingo_historical_seed,
2013-07-09,IEFA,52.84,52.84,52.34,52.59,36.01434682,36.01434682,35.6735600408,35.8439534304,216100,216100,0.0,1.0,tiingo_historical_seed,
2013-07-10,IEFA,52.65,53.12,52.5,52.76,35.8848478439,36.2051874163,35.7826118101,35.9598209353,118600,118600,0.0,1.0,tiingo_historical_seed,
2013-07-11,IEFA,54.0,54.23,53.6,54.15,36.8049721476,36.961734066,36.5323427243,36.9072081813,159400,159400,0.0,1.0,tiingo_historical_seed,
2013-07-12,IEFA,53.91,53.91,53.66,53.82,36.7436305273,36.7436305273,36.5732371378,36.6822889071,84800,84800,0.0,1.0,tiingo_historical_seed,
2013-07-15,IEFA,54.08,54.18,53.93,54.16,36.8594980322,36.9276553881,36.7572619985,36.9140239169,44000,44000,0.0,1.0,tiingo_historical_seed,
2013-07-16,IEFA,54.15,54.18,53.98,54.13,36.9072081813,36.9276553881,36.7913406764,36.8935767101,64100,64100,0.0,1.0,tiingo_historical_seed,
2013-07-17,IEFA,54.54,54.56,54.17,54.34,37.173021869,37.1866533402,36.9208396525,37.0367071574,46900,46900,0.0,1.0,tiingo_historical_seed,
2013-07-18,IEFA,54.44,54.7,54.44,54.68,37.1048645132,37.2820736384,37.1048645132,37.2684421672,168200,168200,0.0,1.0,tiingo_historical_seed,
2013-07-19,IEFA,54.5,54.699,54.38,54.63,37.1457589267,37.2813920648,37.0639700997,37.2343634893,31900,31900,0.0,1.0,tiingo_historical_seed,
2013-07-22,IEFA,54.82,54.9336,54.72,54.92,37.3638624654,37.4412892216,37.2957051095,37.4320198212,38200,38200,0.0,1.0,tiingo_historical_seed,
2013-07-23,IEFA,55.11,55.15,54.88,55.02,37.5615187973,37.5887817396,37.4047568789,37.500177177,103700,103700,0.0,1.0,tiingo_historical_seed,
2013-07-24,IEFA,55.26,55.26,54.71,54.93,37.663754831,37.663754831,37.288889374,37.4388355568,41100,41100,0.0,1.0,tiingo_historical_seed,
2013-07-25,IEFA,54.51,55.01,54.47,54.96,37.1525746623,37.4933614414,37.12531172,37.4592827635,25900,25900,0.0,1.0,tiingo_historical_seed,
2013-07-26,IEFA,54.53,54.68,54.29,54.65,37.1662061335,37.2684421672,37.0026284795,37.2479949605,260300,260300,0.0,1.0,tiingo_historical_seed,
2013-07-29,IEFA,54.23,54.28,54.109,54.16,36.961734066,36.9958127439,36.8792636654,36.9140239169,44200,44200,0.0,1.0,tiingo_historical_seed,
2013-07-30,IEFA,54.38,54.4224,54.03,54.15,37.0639700997,37.0928688186,36.8254193543,36.9072081813,94200,94200,0.0,1.0,tiingo_historical_seed,
2013-07-31,IEFA,54.05,54.643,54.05,54.33,36.8390508255,37.2432239456,36.8390508255,37.0298914218,305800,305800,0.0,1.0,tiingo_historical_seed,
2013-08-01,IEFA,55.01,55.1,54.87,55.02,37.4933614414,37.5547030617,37.3979411433,37.500177177,118800,118800,0.0,1.0,tiingo_historical_seed,
2013-08-02,IEFA,55.1,55.45,55.09,55.43,37.5547030617,37.7932538071,37.5478873261,37.7796223359,99000,99000,0.0,1.0,tiingo_historical_seed,
2013-08-05,IEFA,55.28,55.44,55.16,55.41,37.6773863022,37.7864380715,37.5955974752,37.7659908648,104100,104100,0.0,1.0,tiingo_historical_seed,
2013-08-06,IEFA,55.54,55.56,55.2199,55.32,37.8545954273,37.8682268985,37.6364237313,37.7046492445,83300,83300,0.0,1.0,tiingo_historical_seed,
2013-08-07,IEFA,55.1,55.19,55.0,55.08,37.5547030617,37.6160446819,37.4865457059,37.5410715905,47600,47600,0.0,1.0,tiingo_historical_seed,
2013-08-08,IEFA,55.41,55.65,55.2559,55.55,37.7659908648,37.9295685187,37.6609603794,37.8614111629,128200,128200,0.0,1.0,tiingo_historical_seed,
2013-08-09,IEFA,55.57,55.74,55.4722,55.64,37.8750426341,37.990910139,37.8083847401,37.9227527832,139400,139400,0.0,1.0,tiingo_historical_seed,
2013-08-12,IEFA,55.4,55.57,55.3101,55.53,37.7591751292,37.8750426341,37.6979016663,37.8477796918,311800,311800,0.0,1.0,tiingo_historical_seed,
2013-08-13,IEFA,55.68,55.92,55.3959,55.84,37.9500157255,38.1135933795,37.7563806776,38.0590674948,108600,108600,0.0,1.0,tiingo_historical_seed,
2013-08-14,IEFA,55.91,55.93,55.78,55.86,38.1067776439,38.1204091151,38.0181730813,38.072698966,87300,87300,0.0,1.0,tiingo_historical_seed,
2013-08-15,IEFA,55.22,55.44,54.87,55.41,37.6364918887,37.7864380715,37.3979411433,37.7659908648,52400,52400,0.0,1.0,tiingo_historical_seed,
2013-08-16,IEFA,55.56,55.65,55.46,55.55,37.8682268985,37.9295685187,37.8000695427,37.8614111629,128300,128300,0.0,1.0,tiingo_historical_seed,
2013-08-19,IEFA,55.5,55.52,55.1409,55.18,37.827332485,37.8409639562,37.5825794202,37.6092289464,42800,42800,0.0,1.0,tiingo_historical_seed,
2013-08-20,IEFA,54.98,55.2063,54.9051,55.08,37.4729142347,37.6271543309,37.4218643752,37.5410715905,65200,65200,0.0,1.0,tiingo_historical_seed,
2013-08-21,IEFA,54.78,54.96,54.33,54.5,37.336599523,37.4592827635,37.0298914218,37.1457589267,88100,88100,0.0,1.0,tiingo_historical_seed,
2013-08-22,IEFA,54.92,55.09,54.92,55.05,37.4320198212,37.5478873261,37.4320198212,37.5206243838,55300,55300,0.0,1.0,tiingo_historical_seed,
2013-08-23,IEFA,55.22,55.51,55.19,55.47,37.6364918887,37.8341482206,37.6160446819,37.8068852783,63200,63200,0.0,1.0,tiingo_historical_seed,
2013-08-26,IEFA,55.2,55.31,55.05,55.09,37.6228604175,37.6978335089,37.5206243838,37.5478873261,64800,64800,0.0,1.0,tiingo_historical_seed,
2013-08-27,IEFA,54.48,54.63,54.1,54.1,37.1321274556,37.2343634893,36.8731295034,36.8731295034,61400,61400,0.0,1.0,tiingo_historical_seed,
2013-08-28,IEFA,53.86,54.23,53.8,54.07,36.7095518494,36.961734066,36.6686574359,36.8526822967,71000,71000,0.0,1.0,tiingo_historical_seed,
2013-08-29,IEFA,53.97,54.21,53.9,54.04,36.7845249408,36.9481025948,36.7368147917,36.8322350899,223600,223600,0.0,1.0,tiingo_historical_seed,
2013-08-30,IEFA,53.78,53.785,53.36,53.42,36.6550259647,36.6584338325,36.3687650703,36.4096594838,59200,59200,0.0,1.0,tiingo_historical_seed,
2013-09-03,IEFA,54.53,54.58,54.1521,54.37,37.1662061335,37.2002848114,36.9086394858,37.0571543641,44700,44700,0.0,1.0,tiingo_historical_seed,
2013-09-04,IEFA,54.22,54.9,54.22,54.84,36.9549183304,37.41838835,36.9549183304,37.3774939365,70600,70600,0.0,1.0,tiingo_historical_seed,
2013-09-05,IEFA,54.68,54.84,54.6114,54.8,37.2684421672,37.3774939365,37.2216862211,37.3502309942,36800,36800,0.0,1.0,tiingo_historical_seed,
2013-09-06,IEFA,54.96,55.24,54.68,55.08,37.4592827635,37.6501233598,37.2684421672,37.5410715905,114000,114000,0.0,1.0,tiingo_historical_seed,
2013-09-09,IEFA,55.46,55.9,55.46,55.9,37.8000695427,38.0999619083,37.8000695427,38.0999619083,32000,32000,0.0,1.0,tiingo_historical_seed,
2013-09-10,IEFA,56.25,56.54,56.25,56.53,38.3385126537,38.5361689856,38.3385126537,38.52935325,113300,113300,0.0,1.0,tiingo_historical_seed,
2013-09-11,IEFA,56.37,56.68,56.26,56.67,38.4203014807,38.6315892838,38.3453283893,38.6247735482,140100,140100,0.0,1.0,tiingo_historical_seed,
2013-09-12,IEFA,56.47,56.61,56.37,56.39,38.4884588365,38.5838791347,38.4203014807,38.4339329519,268900,268900,0.0,1.0,tiingo_historical_seed,
2013-09-13,IEFA,56.49,56.65,56.3,56.649,38.5020903077,38.611142077,38.3725913316,38.6104605035,101900,101900,0.0,1.0,tiingo_historical_seed,
2013-09-16,IEFA,57.41,57.41,57.01,57.06,39.1291379813,39.1291379813,38.856508558,38.8905872359,205100,205100,0.0,1.0,tiingo_historical_seed,
2013-09-17,IEFA,56.99,57.14,56.99,57.14,38.8428770869,38.9451131206,38.8428770869,38.9451131206,58200,58200,0.0,1.0,tiingo_historical_seed,
2013-09-18,IEFA,57.12,58.7025,57.0201,58.67,38.9314816494,40.0100718054,38.863392451,39.9879206648,59700,59700,0.0,1.0,tiingo_historical_seed,
2013-09-19,IEFA,58.71,58.71,58.25,58.34,40.0151836071,40.0151836071,39.7016597703,39.7630013905,134700,134700,0.0,1.0,tiingo_historical_seed,
2013-09-20,IEFA,58.15,58.1929,57.91,57.94,39.6335024145,39.6627419201,39.4699247605,39.4903719672,80700,80700,0.0,1.0,tiingo_historical_seed,
2013-09-23,IEFA,57.99,57.99,57.6694,57.89,39.5244506451,39.5244506451,39.3059381624,39.4562932893,72500,72500,0.0,1.0,tiingo_historical_seed,
2013-09-24,IEFA,57.94,58.08,57.72,57.86,39.4903719672,39.5857922654,39.3404257844,39.4358460826,1667700,1667700,0.0,1.0,tiingo_historical_seed,
2013-09-25,IEFA,57.76,58.03,57.76,57.93,39.3676887267,39.5517135875,39.3676887267,39.4835562316,115900,115900,0.0,1.0,tiingo_historical_seed,
2013-09-26,IEFA,58.13,58.3,57.98,58.21,39.6198709433,39.7357384482,39.5176349096,39.674396828,111400,111400,0.0,1.0,tiingo_historical_seed,
2013-09-27,IEFA,57.99,58.1208,57.9152,58.05,39.5244506451,39.6136004666,39.473468943,39.5653450586,88300,88300,0.0,1.0,tiingo_historical_seed,
2013-09-30,IEFA,57.5,57.79,57.33,57.64,39.1904796016,39.3881359335,39.0746120967,39.2858998997,102000,102000,0.0,1.0,tiingo_historical_seed,
2013-10-01,IEFA,57.75,58.08,57.65,58.01,39.3608729912,39.5857922654,39.2927156353,39.5380821163,199100,199100,0.0,1.0,tiingo_historical_seed,
2013-10-02,IEFA,57.78,57.96,57.52,57.96,39.3813201979,39.5040034384,39.2041110727,39.5040034384,172600,172600,0.0,1.0,tiingo_historical_seed,
2013-10-03,IEFA,57.82,57.86,57.47,57.61,39.4085831402,39.4358460826,39.1700323948,39.265452693,78300,78300,0.0,1.0,tiingo_historical_seed,
2013-10-04,IEFA,57.38,57.73,57.38,57.66,39.1086907746,39.34724152,39.1086907746,39.2995313709,55700,55700,0.0,1.0,tiingo_historical_seed,
2013-10-07,IEFA,56.97,57.34,56.9599,57.12,38.8292456157,39.0814278323,38.8223617227,38.9314816494,77600,77600,0.0,1.0,tiingo_historical_seed,
2013-10-08,IEFA,57.06,57.1799,56.65,56.6574,38.8905872359,38.9723079056,38.611142077,38.6161857214,52300,52300,0.0,1.0,tiingo_historical_seed,
2013-10-09,IEFA,56.77,57.02,56.56,56.9,38.692930904,38.8633242936,38.5498004568,38.7815354666,70500,70500,0.0,1.0,tiingo_historical_seed,
2013-10-10,IEFA,57.56,58.0,57.47,57.92,39.2313740151,39.5312663807,39.1700323948,39.4767404961,213700,213700,0.0,1.0,tiingo_historical_seed,
2013-10-11,IEFA,57.95,58.26,57.93,58.26,39.4971877028,39.7084755059,39.4835562316,39.7084755059,222600,222600,0.0,1.0,tiingo_historical_seed,
2013-10-14,IEFA,58.01,58.48,57.98,58.44,39.5380821163,39.8584216887,39.5176349096,39.8311587464,151200,151200,0.0,1.0,tiingo_historical_seed,
2013-10-15,IEFA,58.23,58.29,58.1132,58.13,39.6880282991,39.7289227126,39.6084205075,39.6198709433,91200,91200,0.0,1.0,tiingo_historical_seed,
2013-10-16,IEFA,58.33,58.62,58.2701,58.61,39.756185655,39.9538419869,39.7153593988,39.9470262513,126500,126500,0.0,1.0,tiingo_historical_seed,
2013-10-17,IEFA,58.94,59.37,58.93,59.35,40.1719455255,40.4650221556,40.1651297899,40.4513906844,173900,173900,0.0,1.0,tiingo_historical_seed,
2013-10-18,IEFA,59.58,59.74,59.44,59.71,40.6081526028,40.7172043721,40.5127323047,40.6967571654,117300,117300,0.0,1.0,tiingo_historical_seed,
2013-10-21,IEFA,59.7,59.81,59.6447,59.81,40.6899414298,40.7649145212,40.652250412,40.7649145212,196300,196300,0.0,1.0,tiingo_historical_seed,
2013-10-22,IEFA,60.15,60.499,60.1481,60.41,40.996649531,41.2345187029,40.9953545413,41.1738586562,111300,111300,0.0,1.0,tiingo_historical_seed,
2013-10-23,IEFA,59.83,59.86,59.65,59.81,40.7785459924,40.7989931991,40.6558627519,40.7649145212,116100,116100,0.0,1.0,tiingo_historical_seed,
2013-10-24,IEFA,60.14,60.24,60.0237,60.21,40.9898337955,41.0579911513,40.9105667906,41.0375439445,116700,116700,0.0,1.0,tiingo_historical_seed,
2013-10-25,IEFA,60.03,60.06,59.9,60.06,40.9148607041,40.9353079108,40.8262561415,40.9353079108,89400,89400,0.0,1.0,tiingo_historical_seed,
2013-10-28,IEFA,59.87,60.04,59.7971,59.91,40.8058089347,40.9216764396,40.7561222223,40.8330718771,80900,80900,0.0,1.0,tiingo_historical_seed,
2013-10-29,IEFA,59.92,60.07,59.86,60.0,40.8398876126,40.9421236464,40.7989931991,40.8944134973,162300,162300,0.0,1.0,tiingo_historical_seed,
2013-10-30,IEFA,60.12,60.15,59.54,59.84,40.9762023243,40.996649531,40.5808896605,40.785361728,111500,111500,0.0,1.0,tiingo_historical_seed,
2013-10-31,IEFA,59.71,59.87,59.45,59.59,40.6967571654,40.8058089347,40.5195480402,40.6149683384,868500,868500,0.0,1.0,tiingo_historical_seed,
2013-11-01,IEFA,59.13,59.27,58.921,59.22,40.3014445016,40.3968647998,40.1589956279,40.3627861218,651500,651500,0.0,1.0,tiingo_historical_seed,
2013-11-04,IEFA,59.37,59.48,59.22,59.48,40.4650221556,40.539995247,40.3627861218,40.539995247,347000,347000,0.0,1.0,tiingo_historical_seed,
2013-11-05,IEFA,58.98,59.11,58.77,59.01,40.1992084678,40.2878130304,40.0560780206,40.2196556746,190500,190500,0.0,1.0,tiingo_historical_seed,
2013-11-06,IEFA,59.57,59.7,59.45,59.58,40.6013368672,40.6899414298,40.5195480402,40.6081526028,188700,188700,0.0,1.0,tiingo_historical_seed,
2013-11-07,IEFA,59.32,59.35,58.55,58.64,40.4309434777,40.4513906844,39.9061318378,39.967473458,220400,220400,0.0,1.0,tiingo_historical_seed,
2013-11-08,IEFA,58.58,58.96,58.47,58.94,39.9265790445,40.1855769967,39.8516059531,40.1719455255,572900,572900,0.0,1.0,tiingo_historical_seed,
2013-11-11,IEFA,58.97,59.08,58.94,59.04,40.1923927323,40.2673658237,40.1719455255,40.2401028813,91800,91800,0.0,1.0,tiingo_historical_seed,
2013-11-12,IEFA,58.94,58.9999,58.7326,58.89,40.1719455255,40.2127717817,40.0305871695,40.1378668476,84400,84400,0.0,1.0,tiingo_historical_seed,
2013-11-13,IEFA,58.43,59.1,58.4,59.03,39.8243430108,40.2809972948,39.803895804,40.2332871458,188800,188800,0.0,1.0,tiingo_historical_seed,
2013-11-14,IEFA,59.02,59.42,59.02,59.35,40.2264714102,40.4991008335,40.2264714102,40.4513906844,68300,68300,0.0,1.0,tiingo_historical_seed,
2013-11-15,IEFA,59.73,59.79,59.5801,59.79,40.7103886366,40.7512830501,40.6082207602,40.7512830501,748600,748600,0.0,1.0,tiingo_historical_seed,
2013-11-18,IEFA,60.12,60.16,59.71,59.81,40.9762023243,41.0034652666,40.6967571654,40.7649145212,110400,110400,0.0,1.0,tiingo_historical_seed,
2013-11-19,IEFA,59.66,59.7935,59.51,59.66,40.6626784875,40.7536685575,40.5604424537,40.6626784875,180900,180900,0.0,1.0,tiingo_historical_seed,
2013-11-20,IEFA,59.66,59.75,59.06,59.2,40.6626784875,40.7240201077,40.2537343525,40.3491546507,122700,122700,0.0,1.0,tiingo_historical_seed,
2013-11-21,IEFA,59.39,59.56,59.3517,59.56,40.4786536267,40.5945211317,40.4525493595,40.5945211317,68600,68600,0.0,1.0,tiingo_historical_seed,
2013-11-22,IEFA,59.57,59.79,59.49,59.79,40.6013368672,40.7512830501,40.5468109826,40.7512830501,97600,97600,0.0,1.0,tiingo_historical_seed,
2013-11-25,IEFA,59.73,59.73,59.51,59.55,40.7103886366,40.7103886366,40.5604424537,40.5877053961,101500,101500,0.0,1.0,tiingo_historical_seed,
2013-11-26,IEFA,59.52,59.67,59.449,59.6,40.5672581893,40.6694942231,40.5188664667,40.621784074,262900,262900,0.0,1.0,tiingo_historical_seed,
2013-11-27,IEFA,59.82,59.9,59.68,59.77,40.7717302568,40.8262561415,40.6763099586,40.7376515789,93600,93600,0.0,1.0,tiingo_historical_seed,
2013-11-29,IEFA,60.12,60.16,59.9,59.92,40.9762023243,41.0034652666,40.8262561415,40.8398876126,66000,66000,0.0,1.0,tiingo_historical_seed,
2013-12-02,IEFA,59.7,59.75,59.45,59.45,40.6899414298,40.7240201077,40.5195480402,40.5195480402,102400,102400,0.0,1.0,tiingo_historical_seed,
2013-12-03,IEFA,59.1,59.2399,58.861,59.07,40.2809972948,40.3763494356,40.1181012144,40.2605500881,107400,107400,0.0,1.0,tiingo_historical_seed,
2013-12-04,IEFA,58.39,58.78,58.33,58.75,39.7970800685,40.0628937562,39.756185655,40.0424465494,154200,154200,0.0,1.0,tiingo_historical_seed,
2013-12-05,IEFA,58.57,58.685,58.34,58.45,39.9197633089,39.9981442682,39.7630013905,39.837974482,133700,133700,0.0,1.0,tiingo_historical_seed,
2013-12-06,IEFA,58.89,59.16,58.8101,59.15,40.1378668476,40.3218917083,40.0834091203,40.3150759728,62800,62800,0.0,1.0,tiingo_historical_seed,
2013-12-09,IEFA,59.04,59.1562,58.99,59.11,40.2401028813,40.3193017288,40.2060242034,40.2878130304,143700,143700,0.0,1.0,tiingo_historical_seed,
2013-12-10,IEFA,58.97,59.03,58.8648,58.98,40.1923927323,40.2332871458,40.1206911939,40.1992084678,70200,70200,0.0,1.0,tiingo_historical_seed,
2013-12-11,IEFA,59.01,59.01,58.42,58.47,40.2196556746,40.2196556746,39.8175272752,39.8516059531,152600,152600,0.0,1.0,tiingo_historical_seed,
2013-12-12,IEFA,58.15,58.22,57.89,58.03,39.6335024145,39.6812125635,39.4562932893,39.5517135875,124000,124000,0.0,1.0,tiingo_historical_seed,
2013-12-13,IEFA,58.04,58.06,57.84,57.98,39.5585293231,39.5721607942,39.4222146114,39.5176349096,96600,96600,0.0,1.0,tiingo_historical_seed,
2013-12-16,IEFA,58.46,58.6,58.3832,58.48,39.8447902175,39.9402105157,39.7924453683,39.8584216887,108200,108200,0.0,1.0,tiingo_historical_seed,
2013-12-17,IEFA,58.27,58.27,57.99,58.17,39.7152912415,39.7152912415,39.5244506451,39.6471338856,156700,156700,0.0,1.0,tiingo_historical_seed,
2013-12-18,IEFA,58.07,58.58,57.54,58.5,39.9439603201,40.2947683064,39.5793951579,40.2397396026,164600,164600,0.539467,1.0,tiingo_historical_seed,
2013-12-19,IEFA,58.33,58.55,58.2,58.52,40.1228036072,40.2741325425,40.0333819637,40.2534967786,92800,92800,0.0,1.0,tiingo_historical_seed,
2013-12-20,IEFA,58.65,58.88,58.6,58.83,40.3429184221,40.5011259454,40.3085254823,40.4667330055,141700,141700,0.0,1.0,tiingo_historical_seed,
2013-12-23,IEFA,59.2,59.4,59.13,59.36,40.7212407603,40.8588125196,40.6730906445,40.8312981677,168900,168900,0.0,1.0,tiingo_historical_seed,
2013-12-24,IEFA,59.36,59.5,59.23,59.45,40.8312981677,40.9275983993,40.7418765242,40.8932054594,202500,202500,0.0,1.0,tiingo_historical_seed,
2013-12-26,IEFA,59.95,59.95,59.73,59.83,41.2371348577,41.2371348577,41.0858059225,41.1545918022,142100,142100,0.0,1.0,tiingo_historical_seed,
2013-12-27,IEFA,60.39,60.39,60.1,60.18,41.5397927283,41.5397927283,41.3403136772,41.395342381,134800,134800,0.0,1.0,tiingo_historical_seed,
2013-12-30,IEFA,60.42,60.52,60.3,60.5,41.5604284922,41.6292143718,41.4778854366,41.6154571959,136600,136600,0.0,1.0,tiingo_historical_seed,
2013-12-31,IEFA,60.5,60.92,60.5,60.77,41.6154571959,41.9043578905,41.6154571959,41.801179071,150000,150000,0.0,1.0,tiingo_historical_seed,
2014-01-02,IEFA,60.06,60.07,59.47,59.65,41.3127993254,41.3196779133,40.9069626354,41.0307772188,348200,348200,0.0,1.0,tiingo_historical_seed,
2014-01-03,IEFA,59.87,59.92,59.64,59.72,41.182106154,41.2164990938,41.0238986308,41.0789273345,429000,429000,0.0,1.0,tiingo_historical_seed,
2014-01-06,IEFA,59.88,59.89,59.65,59.71,41.188984742,41.1958633299,41.0307772188,41.0720487466,185100,185100,0.0,1.0,tiingo_historical_seed,
2014-01-07,IEFA,59.99,60.08,59.89,60.02,41.2646492096,41.3265565013,41.1958633299,41.2852849735,143600,143600,0.0,1.0,tiingo_historical_seed,
2014-01-08,IEFA,60.09,60.11,59.85,59.93,41.3334350893,41.3471922652,41.1683489781,41.2233776818,137300,137300,0.0,1.0,tiingo_historical_seed,
2014-01-09,IEFA,60.03,60.0493,59.6266,59.92,41.2921635615,41.3054392363,41.0146813229,41.2164990938,141200,141200,0.0,1.0,tiingo_historical_seed,
2014-01-10,IEFA,60.26,60.57,60.2,60.5,41.4503710847,41.6636073117,41.4090995569,41.6154571959,114000,114000,0.0,1.0,tiingo_historical_seed,
2014-01-13,IEFA,60.33,60.43,59.9301,60.05,41.4985212005,41.5673070801,41.2234464677,41.3059207374,155900,155900,0.0,1.0,tiingo_historical_seed,
2014-01-14,IEFA,60.21,60.559,60.0362,60.54,41.4159781449,41.6560408649,41.296428286,41.6429715478,145400,145400,0.0,1.0,tiingo_historical_seed,
2014-01-15,IEFA,60.49,60.78,60.4442,60.76,41.6085786079,41.8080576589,41.577074675,41.794300483,141700,141700,0.0,1.0,tiingo_historical_seed,
2014-01-16,IEFA,60.61,60.71,60.4,60.71,41.6911216635,41.7599075432,41.5466713162,41.7599075432,132800,132800,0.0,1.0,tiingo_historical_seed,
2014-01-17,IEFA,60.68,60.748,60.44,60.49,41.7392717793,41.7860461775,41.5741856681,41.6085786079,170300,170300,0.0,1.0,tiingo_historical_seed,
2014-01-21,IEFA,60.88,60.9,60.56,60.83,41.8768435386,41.8906007145,41.6567287237,41.8424505988,211700,211700,0.0,1.0,tiingo_historical_seed,
2014-01-22,IEFA,60.76,60.86,60.62,60.79,41.794300483,41.8630863627,41.6980002515,41.8149362469,120200,120200,0.0,1.0,tiingo_historical_seed,
2014-01-23,IEFA,60.65,60.65,60.16,60.396,41.7186360154,41.7186360154,41.381585205,41.543919881,179500,179500,0.0,1.0,tiingo_historical_seed,
2014-01-24,IEFA,59.49,59.51,58.77,58.77,40.9207198113,40.9344769872,40.4254614777,40.4254614777,195800,195800,0.0,1.0,tiingo_historical_seed,
2014-01-27,IEFA,58.76,58.82,58.15,58.47,40.4185828898,40.4598544176,39.9989890238,40.2191038387,116000,116000,0.0,1.0,tiingo_historical_seed,
2014-01-28,IEFA,58.8,59.096,58.78,59.05,40.4460972416,40.6497034454,40.4323400657,40.6180619408,197800,197800,0.0,1.0,tiingo_historical_seed,
2014-01-29,IEFA,58.38,58.66,58.25,58.43,40.157196547,40.3497970101,40.0677749035,40.1915894869,265100,265100,0.0,1.0,tiingo_historical_seed,
2014-01-30,IEFA,58.66,58.8,58.39,58.71,40.3497970101,40.4460972416,40.164075135,40.3841899499,350700,350700,0.0,1.0,tiingo_historical_seed,
2014-01-31,IEFA,57.51,58.11,57.39,57.81,39.558759394,39.971474672,39.4762163384,39.765117033,372600,372600,0.0,1.0,tiingo_historical_seed,
2014-02-03,IEFA,57.66,57.75,56.57,56.73,39.6619382135,39.7238455052,38.9121721251,39.0222295326,600400,600400,0.0,1.0,tiingo_historical_seed,
2014-02-04,IEFA,56.91,57.22,56.7601,57.15,39.146044116,39.359280343,39.0429340824,39.3111302272,156700,156700,0.0,1.0,tiingo_historical_seed,
2014-02-05,IEFA,57.14,57.34,56.99,57.3,39.3042516392,39.4418233986,39.2010728197,39.4143090467,118500,118500,0.0,1.0,tiingo_historical_seed,
2014-02-06,IEFA,57.82,58.35,57.82,58.35,39.7719956209,40.1365607831,39.7719956209,40.1365607831,133500,133500,0.0,1.0,tiingo_historical_seed,
2014-02-07,IEFA,58.57,59.06,58.4839,58.96,40.2878897184,40.6249405287,40.228665076,40.5561546491,112700,112700,0.0,1.0,tiingo_historical_seed,
2014-02-10,IEFA,58.89,58.89,58.732,58.89,40.5080045333,40.5080045333,40.3993228435,40.5080045333,150900,150900,0.0,1.0,tiingo_historical_seed,
2014-02-11,IEFA,59.18,59.87,59.18,59.76,40.7074835843,41.182106154,40.7074835843,41.1064416864,449900,449900,0.0,1.0,tiingo_historical_seed,
2014-02-12,IEFA,59.81,59.939,59.7013,59.82,41.1408346262,41.229568411,41.066064375,41.1477132142,141800,141800,0.0,1.0,tiingo_historical_seed,
2014-02-13,IEFA,59.39,60.09,59.35,60.03,40.8519339316,41.3334350893,40.8244195798,41.2921635615,287600,287600,0.0,1.0,tiingo_historical_seed,
2014-02-14,IEFA,60.02,60.34,59.95,60.28,41.2852849735,41.5053997884,41.2371348577,41.4641282606,450700,450700,0.0,1.0,tiingo_historical_seed,
2014-02-18,IEFA,60.73,60.845,60.5648,60.75,41.7736647191,41.8527684807,41.6600304459,41.787421895,176100,176100,0.0,1.0,tiingo_historical_seed,
2014-02-19,IEFA,60.71,60.95,60.33,60.34,41.7599075432,41.9249936544,41.4985212005,41.5053997884,364100,364100,0.0,1.0,tiingo_historical_seed,
2014-02-20,IEFA,60.37,60.68,60.22,60.59,41.5260355523,41.7392717793,41.4228567328,41.6773644876,265000,265000,0.0,1.0,tiingo_historical_seed,
2014-02-21,IEFA,60.85,61.008,60.71,60.76,41.8562077747,41.9648894646,41.7599075432,41.794300483,165100,165100,0.0,1.0,tiingo_historical_seed,
2014-02-24,IEFA,60.99,61.57,60.97,61.3,41.9525080062,42.3514661083,41.9387508303,42.1657442332,109100,109100,0.0,1.0,tiingo_historical_seed,
2014-02-25,IEFA,61.35,61.458,61.0,61.14,42.200137173,42.2744259231,41.9593865942,42.0556868257,236500,236500,0.0,1.0,tiingo_historical_seed,
2014-02-26,IEFA,60.99,61.04,60.71,60.89,41.9525080062,41.9869009461,41.7599075432,41.8837221266,616100,616100,0.0,1.0,tiingo_historical_seed,
2014-02-27,IEFA,60.75,61.1296,60.6286,61.1,41.787421895,42.0485330942,41.7039158371,42.0281724739,138100,138100,0.0,1.0,tiingo_historical_seed,
2014-02-28,IEFA,61.31,61.6094,61.0996,61.33,42.1726228212,42.3785677449,42.0278973303,42.1863799971,2350200,2350200,0.0,1.0,tiingo_historical_seed,
2014-03-03,IEFA,60.25,60.38,59.82,59.99,41.4434924967,41.5329141403,41.1477132142,41.2646492096,372200,372200,0.0,1.0,tiingo_historical_seed,
2014-03-04,IEFA,61.15,61.25,61.076,61.15,42.0625654137,42.1313512934,42.0116638627,42.0625654137,176900,176900,0.0,1.0,tiingo_historical_seed,
2014-03-05,IEFA,61.06,61.24,61.003,61.11,42.000658122,42.1244727054,41.9614501706,42.0350510618,155200,155200,0.0,1.0,tiingo_historical_seed,
2014-03-06,IEFA,61.75,61.934,61.701,61.76,42.4752806917,42.6018467103,42.4415756106,42.4821592796,260400,260400,0.0,1.0,tiingo_historical_seed,
2014-03-07,IEFA,61.76,61.76,61.15,61.42,42.4821592796,42.4821592796,42.0625654137,42.2482872888,319400,319400,0.0,1.0,tiingo_historical_seed,
2014-03-10,IEFA,61.1,61.1228,60.71,61.1,42.0281724739,42.0438556544,41.7599075432,42.0281724739,464000,464000,0.0,1.0,tiingo_historical_seed,
2014-03-11,IEFA,60.98,61.11,60.57,60.63,41.9456294183,42.0350510618,41.6636073117,41.7048788395,184900,184900,0.0,1.0,tiingo_historical_seed,
2014-03-12,IEFA,60.13,60.4424,59.95,60.37,41.3609494411,41.5758365292,41.2371348577,41.5260355523,119000,119000,0.0,1.0,tiingo_historical_seed,
2014-03-13,IEFA,60.55,60.55,59.17,59.29,41.6498501357,41.6498501357,40.7006049964,40.783148052,193200,193200,0.0,1.0,tiingo_historical_seed,
2014-03-14,IEFA,58.99,59.39,58.9376,59.12,40.576790413,40.8519339316,40.540746612,40.6662120565,272300,272300,0.0,1.0,tiingo_historical_seed,
2014-03-17,IEFA,59.66,59.97,59.54,59.88,41.0376558067,41.2508920337,40.9551127511,41.188984742,279000,279000,0.0,1.0,tiingo_historical_seed,
2014-03-18,IEFA,59.98,60.38,59.95,60.28,41.2577706216,41.5329141403,41.2371348577,41.4641282606,232200,232200,0.0,1.0,tiingo_historical_seed,
2014-03-19,IEFA,60.23,60.25,59.2,59.54,41.4297353208,41.4434924967,40.7212407603,40.9551127511,132300,132300,0.0,1.0,tiingo_historical_seed,
2014-03-20,IEFA,58.96,59.42,58.8865,59.3,40.5561546491,40.8725696955,40.5055970275,40.7900266399,159300,159300,0.0,1.0,tiingo_historical_seed,
2014-03-21,IEFA,59.59,59.74,59.1055,59.19,40.989505691,41.0926845105,40.656238104,40.7143621723,921900,921900,0.0,1.0,tiingo_historical_seed,
2014-03-24,IEFA,59.56,59.57,58.9424,59.3,40.9688699271,40.975748515,40.5440483343,40.7900266399,112300,112300,0.0,1.0,tiingo_historical_seed,
2014-03-25,IEFA,59.73,60.05,59.58,59.96,41.0858059225,41.3059207374,40.982627103,41.2440134457,1120600,1120600,0.0,1.0,tiingo_historical_seed,
2014-03-26,IEFA,60.33,60.43,59.934,59.95,41.4985212005,41.5673070801,41.226129117,41.2371348577,226800,226800,0.0,1.0,tiingo_historical_seed,
2014-03-27,IEFA,60.18,60.33,60.02,60.24,41.395342381,41.4985212005,41.2852849735,41.4366139088,140700,140700,0.0,1.0,tiingo_historical_seed,
2014-03-28,IEFA,60.63,60.85,60.62,60.69,41.7048788395,41.8562077747,41.6980002515,41.7461503673,118300,118300,0.0,1.0,tiingo_historical_seed,
2014-03-31,IEFA,61.14,61.2,60.94,61.07,42.0556868257,42.0969583535,41.9181150664,42.00753671,683300,683300,0.0,1.0,tiingo_historical_seed,
2014-04-01,IEFA,61.37,61.41,61.23,61.41,42.213894349,42.2414087008,42.1175941174,42.2414087008,252700,252700,0.0,1.0,tiingo_historical_seed,
2014-04-02,IEFA,61.42,61.54,61.31,61.54,42.2482872888,42.3308303444,42.1726228212,42.3308303444,155000,155000,0.0,1.0,tiingo_historical_seed,
2014-04-03,IEFA,61.48,61.48,61.15,61.36,42.2895588166,42.2895588166,42.0625654137,42.207015761,191600,191600,0.0,1.0,tiingo_historical_seed,
2014-04-04,IEFA,61.52,61.6329,61.0185,61.1,42.3170731684,42.3947324266,41.9721119819,42.0281724739,559300,559300,0.0,1.0,tiingo_historical_seed,
2014-04-07,IEFA,61.01,61.1037,60.69,60.85,41.9662651822,42.0307175514,41.7461503673,41.8562077747,425900,425900,0.0,1.0,tiingo_historical_seed,
2014-04-08,IEFA,60.55,60.83,60.524,60.69,41.6498501357,41.8424505988,41.631965807,41.7461503673,150600,150600,0.0,1.0,tiingo_historical_seed,
2014-04-09,IEFA,61.23,61.582,61.03,61.54,42.1175941174,42.3597204138,41.9800223581,42.3308303444,198500,198500,0.0,1.0,tiingo_historical_seed,
2014-04-10,IEFA,61.31,61.35,60.41,60.43,42.1726228212,42.200137173,41.5535499042,41.5673070801,163400,163400,0.0,1.0,tiingo_historical_seed,
2014-04-11,IEFA,60.12,60.4899,60.04,60.04,41.3540708532,41.608509822,41.2990421494,41.2990421494,154400,154400,0.0,1.0,tiingo_historical_seed,
2014-04-14,IEFA,60.33,60.44,60.0601,60.3,41.4985212005,41.5741856681,41.3128681113,41.4778854366,126800,126800,0.0,1.0,tiingo_historical_seed,
2014-04-15,IEFA,60.18,60.31,59.49,60.14,41.395342381,41.4847640245,40.9207198113,41.3678280291,545200,545200,0.0,1.0,tiingo_historical_seed,
2014-04-16,IEFA,60.6,60.89,60.47,60.86,41.6842430756,41.8837221266,41.594821432,41.8630863627,335300,335300,0.0,1.0,tiingo_historical_seed,
2014-04-17,IEFA,60.95,61.25,60.84,61.08,41.9249936544,42.1313512934,41.8493291867,42.0144152979,490400,490400,0.0,1.0,tiingo_historical_seed,
2014-04-21,IEFA,61.23,61.27,61.05,61.25,42.1175941174,42.1451084693,41.993779534,42.1313512934,491800,491800,0.0,1.0,tiingo_historical_seed,
2014-04-22,IEFA,61.38,61.5299,61.37,61.45,42.2207729369,42.3238829705,42.213894349,42.2689230527,132500,132500,0.0,1.0,tiingo_historical_seed,
2014-04-23,IEFA,61.47,61.47,61.2701,61.33,42.2826802286,42.2826802286,42.1451772552,42.1863799971,160000,160000,0.0,1.0,tiingo_historical_seed,
2014-04-24,IEFA,61.33,61.41,61.0,61.34,42.1863799971,42.2414087008,41.9593865942,42.1932585851,186800,186800,0.0,1.0,tiingo_historical_seed,
2014-04-25,IEFA,61.28,61.28,60.8807,61.09,42.1519870573,42.1519870573,41.8773250398,42.0212938859,187100,187100,0.0,1.0,tiingo_historical_seed,
2014-04-28,IEFA,61.28,61.37,60.78,61.23,42.1519870573,42.213894349,41.8080576589,42.1175941174,92800,92800,0.0,1.0,tiingo_historical_seed,
2014-04-29,IEFA,61.45,61.75,61.3555,61.51,42.2689230527,42.4752806917,42.2039203964,42.3101945805,517900,517900,0.0,1.0,tiingo_historical_seed,
2014-04-30,IEFA,61.56,61.87,61.5,61.7901,42.3445875203,42.5578237473,42.3033159925,42.5028638294,120400,120400,0.0,1.0,tiingo_historical_seed,
2014-05-01,IEFA,61.93,62.11,61.8,62.01,42.5990952751,42.7229098585,42.5096736315,42.6541239788,147900,147900,0.0,1.0,tiingo_historical_seed,
2014-05-02,IEFA,61.9,62.09,61.78,61.94,42.5784595112,42.7091526825,42.4959164556,42.605973863,379400,379400,0.0,1.0,tiingo_historical_seed,
2014-05-05,IEFA,61.59,61.94,61.388,61.9,42.3652232842,42.605973863,42.2262758073,42.5784595112,1540200,1540200,0.0,1.0,tiingo_historical_seed,
2014-05-06,IEFA,61.92,61.95,61.75,61.8,42.5922166871,42.612852451,42.4752806917,42.5096736315,284100,284100,0.0,1.0,tiingo_historical_seed,
2014-05-07,IEFA,61.81,61.89,61.55,61.85,42.5165522195,42.5715809232,42.3377089323,42.5440665713,242900,242900,0.0,1.0,tiingo_historical_seed,
2014-05-08,IEFA,61.93,62.14,61.77,61.82,42.5990952751,42.7435456224,42.4890378676,42.5234308074,203900,203900,0.0,1.0,tiingo_historical_seed,
2014-05-09,IEFA,61.83,61.8599,61.55,61.76,42.5303093954,42.5508763734,42.3377089323,42.4821592796,390300,390300,0.0,1.0,tiingo_historical_seed,
2014-05-12,IEFA,62.03,62.19,61.96,62.18,42.6678811547,42.7779385622,42.619731039,42.7710599742,414200,414200,0.0,1.0,tiingo_historical_seed,
2014-05-13,IEFA,62.24,62.25,62.09,62.21,42.812331502,42.81921009,42.7091526825,42.7916957381,143100,143100,0.0,1.0,tiingo_historical_seed,
2014-05-14,IEFA,62.14,62.25,62.01,62.06,42.7435456224,42.81921009,42.6541239788,42.6885169186,247800,247800,0.0,1.0,tiingo_historical_seed,
2014-05-15,IEFA,61.92,61.92,61.54,61.77,42.5922166871,42.5922166871,42.3308303444,42.4890378676,175500,175500,0.0,1.0,tiingo_historical_seed,
2014-05-16,IEFA,61.68,61.84,61.6,61.83,42.4271305759,42.5371879834,42.3721018722,42.5303093954,249900,249900,0.0,1.0,tiingo_historical_seed,
2014-05-19,IEFA,61.54,61.75,61.5,61.71,42.3308303444,42.4752806917,42.3033159925,42.4477663398,262400,262400,0.0,1.0,tiingo_historical_seed,
2014-05-20,IEFA,61.54,61.5599,61.17,61.34,42.3308303444,42.3445187344,42.0763225896,42.1932585851,219700,219700,0.0,1.0,tiingo_historical_seed,
2014-05-21,IEFA,61.62,61.86,61.58,61.83,42.3858590481,42.5509451593,42.3583446962,42.5303093954,137600,137600,0.0,1.0,tiingo_historical_seed,
2014-05-22,IEFA,61.86,62.01,61.82,61.955,42.5509451593,42.6541239788,42.5234308074,42.616291745,122300,122300,0.0,1.0,tiingo_historical_seed,
2014-05-23,IEFA,61.93,62.17,61.9105,62.1,42.5990952751,42.7641813863,42.5856820285,42.7160312705,536600,536600,0.0,1.0,tiingo_historical_seed,
2014-05-27,IEFA,62.59,62.64,62.39,62.61,43.0530820808,43.0874750207,42.9155103215,43.0668392568,306400,306400,0.0,1.0,tiingo_historical_seed,
2014-05-28,IEFA,62.41,62.47,62.3,62.4,42.9292674974,42.9705390252,42.8536030298,42.9223889095,253500,253500,0.0,1.0,tiingo_historical_seed,
2014-05-29,IEFA,62.66,62.73,62.53,62.68,43.1012321966,43.1493823124,43.011810553,43.1149893725,878800,878800,0.0,1.0,tiingo_historical_seed,
2014-05-30,IEFA,62.73,62.85,62.68,62.78,43.1493823124,43.231925368,43.1149893725,43.1837752522,345200,345200,0.0,1.0,tiingo_historical_seed,
2014-06-02,IEFA,62.98,63.0,62.81,62.97,43.3213470115,43.3351041875,43.2044110161,43.3144684236,171200,171200,0.0,1.0,tiingo_historical_seed,
2014-06-03,IEFA,62.68,62.8,62.67,62.78,43.1149893725,43.1975324281,43.1081107846,43.1837752522,121500,121500,0.0,1.0,tiingo_historical_seed,
2014-06-04,IEFA,62.56,62.84,62.56,62.8,43.0324463169,43.22504678,43.0324463169,43.1975324281,818900,818900,0.0,1.0,tiingo_historical_seed,
2014-06-05,IEFA,62.98,63.26,62.75,63.17,43.3213470115,43.5139474746,43.1631394883,43.4520401829,307600,307600,0.0,1.0,tiingo_historical_seed,
2014-06-06,IEFA,63.35,63.57,63.29,63.54,43.5758547663,43.7271837015,43.5345832385,43.7065479376,101100,101100,0.0,1.0,tiingo_historical_seed,
2014-06-09,IEFA,63.34,63.526,63.3,63.5,43.5689761783,43.6969179145,43.5414618264,43.6790335858,291400,291400,0.0,1.0,tiingo_historical_seed,
2014-06-10,IEFA,63.26,63.35,63.14,63.32,43.5139474746,43.5758547663,43.431404419,43.5552190024,251500,251500,0.0,1.0,tiingo_historical_seed,
2014-06-11,IEFA,63.14,63.1499,62.9492,63.03,43.431404419,43.4382142211,43.3001609606,43.3557399514,178500,178500,0.0,1.0,tiingo_historical_seed,
2014-06-12,IEFA,63.11,63.29,62.94,63.05,43.4107686551,43.5345832385,43.2938326597,43.3694971273,204700,204700,0.0,1.0,tiingo_historical_seed,
2014-06-13,IEFA,63.08,63.16,62.9128,63.05,43.3901328912,43.4451615949,43.2751229004,43.3694971273,116600,116600,0.0,1.0,tiingo_historical_seed,
2014-06-16,IEFA,62.99,63.128,62.9101,63.07,43.3282255995,43.4231501134,43.2732656816,43.3832543032,116500,116500,0.0,1.0,tiingo_historical_seed,
2014-06-17,IEFA,62.8299,63.02,62.732,62.97,43.2180994062,43.3488613634,43.15075803,43.3144684236,211900,211900,0.0,1.0,tiingo_historical_seed,
2014-06-18,IEFA,63.02,63.57,62.9,63.51,43.3488613634,43.7271837015,43.2663183078,43.6859121737,254000,254000,0.0,1.0,tiingo_historical_seed,
2014-06-19,IEFA,63.9,63.98,63.77,63.87,43.9541771044,44.0092058082,43.8647554609,43.9335413405,181800,181800,0.0,1.0,tiingo_historical_seed,
2014-06-20,IEFA,63.84,63.87,63.6782,63.77,43.9129055766,43.9335413405,43.8016100233,43.8647554609,138900,138900,0.0,1.0,tiingo_historical_seed,
2014-06-23,IEFA,63.57,63.64,63.38,63.63,43.7271837015,43.7753338173,43.5964905302,43.7684552293,152100,152100,0.0,1.0,tiingo_historical_seed,
2014-06-24,IEFA,63.49,63.54,63.14,63.19,43.6721549978,43.7065479376,43.431404419,43.4657973588,178800,178800,0.0,1.0,tiingo_historical_seed,
2014-06-25,IEFA,61.78,62.05,61.72,61.98,43.2973271839,43.4865515015,43.2552773355,43.4374933451,218300,218300,1.168852,1.0,tiingo_historical_seed,
2014-06-26,IEFA,62.03,62.03,61.56,61.93,43.4725348853,43.4725348853,43.1431444066,43.4024518048,1079100,1079100,0.0,1.0,tiingo_historical_seed,
2014-06-27,IEFA,61.92,62.14,61.8,62.12,43.3954434967,43.549626274,43.3113438,43.5356096579,195000,195000,0.0,1.0,tiingo_historical_seed,
2014-06-30,IEFA,62.11,62.26,62.0401,62.21,43.5286013498,43.6337259707,43.4796132765,43.5986844304,670000,670000,0.0,1.0,tiingo_historical_seed,
2014-07-01,IEFA,62.52,62.851,62.52,62.77,43.8159419802,44.0479169769,43.8159419802,43.9911496817,231100,231100,0.0,1.0,tiingo_historical_seed,
2014-07-02,IEFA,62.77,62.86,62.67,62.86,43.9911496817,44.0542244542,43.9210666011,44.0542244542,229300,229300,0.0,1.0,tiingo_historical_seed,
2014-07-03,IEFA,62.86,63.0599,62.86,63.03,44.0542244542,44.1943205323,44.0542244542,44.1733656912,107000,107000,0.0,1.0,tiingo_historical_seed,
2014-07-07,IEFA,62.55,62.5899,62.41,62.5,43.8369669044,43.8649300535,43.7388505916,43.8019253641,146000,146000,0.0,1.0,tiingo_historical_seed,
2014-07-08,IEFA,62.14,62.15,61.7208,61.89,43.549626274,43.556634582,43.2558380002,43.3744185725,521400,521400,0.0,1.0,tiingo_historical_seed,
2014-07-09,IEFA,61.85,62.1292,61.77,62.07,43.3463853403,43.5420573013,43.2903188758,43.5005681176,427700,427700,0.0,1.0,tiingo_historical_seed,
2014-07-10,IEFA,60.9,61.37,60.9,61.3,42.6805960748,43.0099865535,42.6805960748,42.9609283971,424900,424900,0.0,1.0,tiingo_historical_seed,
2014-07-11,IEFA,61.29,61.44,61.158,61.4,42.953920089,43.0590447099,42.8614104227,43.0310114777,137500,137500,0.0,1.0,tiingo_historical_seed,
2014-07-14,IEFA,61.93,61.97,61.8,61.84,43.4024518048,43.430485037,43.3113438,43.3393770322,210900,210900,0.0,1.0,tiingo_historical_seed,
2014-07-15,IEFA,61.84,61.92,61.43,61.68,43.3393770322,43.3954434967,43.0520364018,43.2272441033,286200,286200,0.0,1.0,tiingo_historical_seed,
2014-07-16,IEFA,62.11,62.15,61.96,62.05,43.5286013498,43.556634582,43.4234767289,43.4865515015,141900,141900,0.0,1.0,tiingo_historical_seed,
2014-07-17,IEFA,61.77,61.9315,61.2704,61.31,43.2903188758,43.403503051,42.9401838052,42.9679367051,186700,186700,0.0,1.0,tiingo_historical_seed,
2014-07-18,IEFA,61.45,61.84,61.34,61.75,43.066053018,43.3393770322,42.9889616293,43.2763022597,174100,174100,0.0,1.0,tiingo_historical_seed,
2014-07-21,IEFA,61.45,61.5797,61.27,61.54,43.066053018,43.1569507735,42.9399034729,43.1291277905,262400,262400,0.0,1.0,tiingo_historical_seed,
2014-07-22,IEFA,61.91,61.94,61.8012,61.84,43.3884351886,43.4094601128,43.312184797,43.3393770322,247500,247500,0.0,1.0,tiingo_historical_seed,
2014-07-23,IEFA,62.09,62.13,61.935,62.01,43.5145847337,43.5426179659,43.4059559588,43.4585182692,526800,526800,0.0,1.0,tiingo_historical_seed,
2014-07-24,IEFA,62.19,62.19,62.03,62.1,43.5846678143,43.5846678143,43.4725348853,43.5215930418,123500,123500,0.0,1.0,tiingo_historical_seed,
2014-07-25,IEFA,62.06,62.06,61.627,61.84,43.4935598095,43.4935598095,43.1901000706,43.3393770322,101100,101100,0.0,1.0,tiingo_historical_seed,
2014-07-28,IEFA,61.89,61.94,61.54,61.89,43.3744185725,43.4094601128,43.1291277905,43.3744185725,225800,225800,0.0,1.0,tiingo_historical_seed,
2014-07-29,IEFA,62.01,62.05,61.67,61.71,43.4585182692,43.4865515015,43.2202357952,43.2482690275,166000,166000,0.0,1.0,tiingo_historical_seed,
2014-07-30,IEFA,61.72,61.87,61.42,61.68,43.2552773355,43.3604019564,43.0450280938,43.2272441033,254600,254600,0.0,1.0,tiingo_historical_seed,
2014-07-31,IEFA,60.99,61.08,60.54,60.61,42.7436708473,42.8067456198,42.4282969847,42.4773551411,632900,632900,0.0,1.0,tiingo_historical_seed,
2014-08-01,IEFA,60.36,60.5799,60.1201,60.24,42.3021474396,42.4562601338,42.1340181293,42.2180477429,349600,349600,0.0,1.0,tiingo_historical_seed,
2014-08-04,IEFA,60.43,60.58,60.09,60.43,42.351205596,42.4563302169,42.112923122,42.351205596,469100,469100,0.0,1.0,tiingo_historical_seed,
2014-08-05,IEFA,60.15,60.172,59.57,59.71,42.1549729704,42.1703912481,41.748491103,41.8466074158,189900,189900,0.0,1.0,tiingo_historical_seed,
2014-08-06,IEFA,59.23,59.7,59.13,59.6,41.510208629,41.8395991078,41.4401255485,41.7695160272,1273200,1273200,0.0,1.0,tiingo_historical_seed,
2014-08-07,IEFA,59.7,59.75,58.91,59.06,41.8395991078,41.8746406481,41.2859427712,41.391067392,234200,234200,0.0,1.0,tiingo_historical_seed,
2014-08-08,IEFA,59.07,59.46,58.9,59.45,41.3980757001,41.6713997144,41.2789344631,41.6643914063,267300,267300,0.0,1.0,tiingo_historical_seed,
2014-08-11,IEFA,59.71,59.83,59.63,59.67,41.8466074158,41.9307071125,41.7905409514,41.8185741836,238700,238700,0.0,1.0,tiingo_historical_seed,
2014-08-12,IEFA,59.67,59.7099,59.52,59.65,41.8185741836,41.8465373327,41.7134495627,41.8045575675,199500,199500,0.0,1.0,tiingo_historical_seed,
2014-08-13,IEFA,59.98,60.06,59.8269,59.9,42.0358317334,42.0918981979,41.928534537,41.9797652689,331800,331800,0.0,1.0,tiingo_historical_seed,
2014-08-14,IEFA,60.22,60.2499,60.11,60.24,42.2040311268,42.2249859679,42.1269397382,42.2180477429,169400,169400,0.0,1.0,tiingo_historical_seed,
2014-08-15,IEFA,60.57,60.6143,59.7478,60.18,42.4493219088,42.4803687135,41.8730988203,42.1759978946,912200,912200,0.0,1.0,tiingo_historical_seed,
2014-08-18,IEFA,60.54,60.62,60.44,60.61,42.4282969847,42.4843634491,42.3582139041,42.4773551411,530900,530900,0.0,1.0,tiingo_historical_seed,
2014-08-19,IEFA,60.66,60.75,60.61,60.75,42.5123966814,42.5754714539,42.4773551411,42.5754714539,311700,311700,0.0,1.0,tiingo_historical_seed,
2014-08-20,IEFA,60.44,60.605,60.38,60.52,42.3582139041,42.473850987,42.3161640557,42.4142803685,137600,137600,0.0,1.0,tiingo_historical_seed,
2014-08-21,IEFA,60.68,60.866,60.64,60.82,42.5264132975,42.6567678274,42.4983800652,42.6245296103,97600,97600,0.0,1.0,tiingo_historical_seed,
2014-08-22,IEFA,60.65,60.66,60.33,60.51,42.5053883733,42.5123966814,42.2811225154,42.4072720605,169000,169000,0.0,1.0,tiingo_historical_seed,
2014-08-25,IEFA,60.76,61.04,60.75,60.91,42.5824797619,42.7787123876,42.5754714539,42.6876043828,399300,399300,0.0,1.0,tiingo_historical_seed,
2014-08-26,IEFA,60.94,61.13,60.91,60.91,42.708629307,42.8417871601,42.6876043828,42.6876043828,252300,252300,0.0,1.0,tiingo_historical_seed,
2014-08-27,IEFA,61.11,61.12,60.9801,61.05,42.827770544,42.834778852,42.7367326223,42.7857206956,151800,151800,0.0,1.0,tiingo_historical_seed,
2014-08-28,IEFA,60.63,60.81,60.62,60.79,42.4913717572,42.6175213022,42.4843634491,42.6035046861,163400,163400,0.0,1.0,tiingo_historical_seed,
2014-08-29,IEFA,60.69,60.79,60.508,60.73,42.5334216055,42.6035046861,42.4058703989,42.5614548378,270600,270600,0.0,1.0,tiingo_historical_seed,
2014-09-02,IEFA,60.8,60.8799,60.62,60.82,42.6105129942,42.6665093756,42.4843634491,42.6245296103,289500,289500,0.0,1.0,tiingo_historical_seed,
2014-09-03,IEFA,61.29,61.34,61.13,61.18,42.953920089,42.9889616293,42.8417871601,42.8768287004,781900,781900,0.0,1.0,tiingo_historical_seed,
2014-09-04,IEFA,61.1,61.2,60.75,60.81,42.8207622359,42.8908453165,42.5754714539,42.6175213022,3672300,3672300,0.0,1.0,tiingo_historical_seed,
2014-09-05,IEFA,60.76,60.93,60.58,60.93,42.5824797619,42.7016209989,42.4563302169,42.7016209989,707600,707600,0.0,1.0,tiingo_historical_seed,
2014-09-08,IEFA,60.48,60.53,60.14,60.27,42.3862471363,42.4212886766,42.1479646623,42.2390726671,147400,147400,0.0,1.0,tiingo_historical_seed,
2014-09-09,IEFA,60.18,60.18,59.9,60.06,42.1759978946,42.1759978946,41.9797652689,42.0918981979,206300,206300,0.0,1.0,tiingo_historical_seed,
2014-09-10,IEFA,60.12,60.3768,59.9768,60.3768,42.1339480462,42.3139213972,42.0335890748,42.3139213972,268700,268700,0.0,1.0,tiingo_historical_seed,
2014-09-11,IEFA,59.97,60.07,59.85,60.05,42.0288234253,42.0989065059,41.9447237286,42.0848898898,212500,212500,0.0,1.0,tiingo_historical_seed,
2014-09-12,IEFA,59.98,60.04,59.82,59.96,42.0358317334,42.0778815818,41.9236988045,42.0218151173,250600,250600,0.0,1.0,tiingo_historical_seed,
2014-09-15,IEFA,59.87,59.9,59.73,59.86,41.9587403448,41.9797652689,41.8606240319,41.9517320367,200800,200800,0.0,1.0,tiingo_historical_seed,
2014-09-16,IEFA,59.52,60.14,59.52,60.07,41.7134495627,42.1479646623,41.7134495627,42.0989065059,207100,207100,0.0,1.0,tiingo_historical_seed,
2014-09-17,IEFA,59.9,60.03,59.5156,59.66,41.9797652689,42.0708732737,41.7103659072,41.8115658755,218600,218600,0.0,1.0,tiingo_historical_seed,
2014-09-18,IEFA,59.94,60.14,59.94,60.1,42.0077985012,42.1479646623,42.0077985012,42.1199314301,470300,470300,0.0,1.0,tiingo_historical_seed,
2014-09-19,IEFA,60.2,60.2,59.84,59.84,42.1900145107,42.1900145107,41.9377154206,41.9377154206,193500,193500,0.0,1.0,tiingo_historical_seed,
2014-09-22,IEFA,59.85,59.85,59.49,59.63,41.9447237286,41.9447237286,41.6924246385,41.7905409514,174487,174487,0.0,1.0,tiingo_historical_seed,
2014-09-23,IEFA,59.21,59.3999,59.09,59.11,41.4961920129,41.6292797829,41.4120923162,41.4261089323,502418,502418,0.0,1.0,tiingo_historical_seed,
2014-09-24,IEFA,59.17,59.4837,58.98,59.45,41.4681587807,41.6880094045,41.3350009276,41.6643914063,169946,169946,0.0,1.0,tiingo_historical_seed,
2014-09-25,IEFA,59.08,59.1499,58.53,58.55,41.4050840082,41.4540720815,41.019627065,41.0336436811,258253,258253,0.0,1.0,tiingo_historical_seed,
2014-09-26,IEFA,58.73,58.97,58.61,58.81,41.1597932261,41.3279926195,41.0756935294,41.2158596906,285767,285767,0.0,1.0,tiingo_historical_seed,
2014-09-29,IEFA,58.18,58.45,58.11,58.33,40.7743362829,40.9635606005,40.7252781265,40.8794609038,265553,265553,0.0,1.0,tiingo_historical_seed,
2014-09-30,IEFA,58.18,58.4199,58.049,58.24,40.7743362829,40.9424655932,40.6825274474,40.8163861313,196289,196289,0.0,1.0,tiingo_historical_seed,
2014-10-01,IEFA,57.91,57.9337,57.4573,57.53,40.5851119653,40.6017216554,40.2678458595,40.3187962591,826927,826927,0.0,1.0,tiingo_historical_seed,
2014-10-02,IEFA,57.23,57.29,56.46,56.96,40.1085470174,40.1505968657,39.5689072969,39.9193226998,443086,443086,0.0,1.0,tiingo_historical_seed,
2014-10-03,IEFA,56.91,57.0386,56.741,56.97,39.8842811595,39.9744080011,39.7658407533,39.9263310079,425066,425066,0.0,1.0,tiingo_historical_seed,
2014-10-06,IEFA,57.27,57.4,56.98,57.35,40.1365802496,40.2276882544,39.9333393159,40.1926467141,1882788,1882788,0.0,1.0,tiingo_historical_seed,
2014-10-07,IEFA,56.89,56.9599,56.36,56.36,39.8702645434,39.9192526167,39.4988242163,39.4988242163,787609,787609,0.0,1.0,tiingo_historical_seed,
2014-10-08,IEFA,56.43,57.316,56.2,57.25,39.5478823727,40.1688184667,39.3866912874,40.1225636335,535692,535692,0.0,1.0,tiingo_historical_seed,
2014-10-09,IEFA,56.63,56.68,55.61,55.71,39.6880485339,39.7230900742,38.9732011119,39.0432841925,909305,909305,0.0,1.0,tiingo_historical_seed,
2014-10-10,IEFA,55.34,55.55,54.83,54.88,38.7839767944,38.9311512636,38.4265530834,38.4615946237,376554,376554,0.0,1.0,tiingo_historical_seed,
2014-10-13,IEFA,55.39,55.542,54.72,54.72,38.8190183347,38.9255446171,38.3494616948,38.3494616948,388115,388115,0.0,1.0,tiingo_historical_seed,
2014-10-14,IEFA,55.07,55.3399,54.78,54.91,38.5947524768,38.7839067113,38.3915115431,38.4826195479,754648,754648,0.0,1.0,tiingo_historical_seed,
2014-10-15,IEFA,54.52,54.65,53.6001,54.61,38.2092955336,38.3004035384,37.5646012753,38.2723703061,474058,474058,0.0,1.0,tiingo_historical_seed,
2014-10-16,IEFA,53.35,54.59,53.33,54.17,37.3893234908,38.25835369,37.3753068747,37.9640047516,637543,637543,0.0,1.0,tiingo_historical_seed,
2014-10-17,IEFA,54.99,55.26,54.8,55.06,38.5386860123,38.7279103299,38.4055281592,38.5877441687,686903,686903,0.0,1.0,tiingo_historical_seed,
2014-10-20,IEFA,55.08,55.59,55.08,55.53,38.6017607849,38.9591844958,38.6017607849,38.9171346475,291442,291442,0.0,1.0,tiingo_historical_seed,
2014-10-21,IEFA,55.8,56.168,55.75,56.14,39.1063589651,39.3642647016,39.0713174248,39.344641439,368079,368079,0.0,1.0,tiingo_historical_seed,
2014-10-22,IEFA,56.17,56.28,55.72,55.74,39.3656663632,39.4427577518,39.0502925006,39.0643091167,398225,398225,0.0,1.0,tiingo_historical_seed,
2014-10-23,IEFA,56.25,56.5599,56.17,56.31,39.4217328277,39.6389202944,39.3656663632,39.463782676,1677381,1677381,0.0,1.0,tiingo_historical_seed,
2014-10-24,IEFA,56.39,56.58,56.26,56.55,39.5198491405,39.6530069936,39.4287411357,39.6319820694,828097,828097,0.0,1.0,tiingo_historical_seed,
2014-10-27,IEFA,56.11,56.4699,55.99,56.37,39.3236165149,39.5758455219,39.2395168182,39.5058325244,256315,256315,0.0,1.0,tiingo_historical_seed,
2014-10-28,IEFA,56.84,57.07,56.749,57.07,39.8352230031,39.9964140885,39.7714473998,39.9964140885,438392,438392,0.0,1.0,tiingo_historical_seed,
2014-10-29,IEFA,57.24,57.34,56.51,56.63,40.1155553254,40.185638406,39.6039488372,39.6880485339,383750,383750,0.0,1.0,tiingo_historical_seed,
2014-10-30,IEFA,56.43,57.224,56.43,57.05,39.5478823727,40.1043420325,39.5478823727,39.9823974723,693584,693584,0.0,1.0,tiingo_historical_seed,
2014-10-31,IEFA,57.88,58.1,57.71,58.07,40.5640870412,40.7182698185,40.4449458042,40.6972448943,963302,963302,0.0,1.0,tiingo_historical_seed,
2014-11-03,IEFA,57.74,57.81,57.45,57.7,40.4659707284,40.5150288848,40.2627297947,40.4379374961,766081,766081,0.0,1.0,tiingo_historical_seed,
2014-11-04,IEFA,57.23,57.3099,56.97,57.28,40.1085470174,40.1645433988,39.9263310079,40.1435885577,453136,453136,0.0,1.0,tiingo_historical_seed,
2014-11-05,IEFA,57.38,57.437,57.12,57.35,40.2136716383,40.2536189942,40.0314556287,40.1926467141,358987,358987,0.0,1.0,tiingo_historical_seed,
2014-11-06,IEFA,57.22,57.33,56.92,57.02,40.1015387093,40.178630098,39.8912894676,39.9613725482,465570,465570,0.0,1.0,tiingo_historical_seed,
2014-11-07,IEFA,56.83,57.0599,56.68,57.04,39.8282146951,39.9893356973,39.7230900742,39.9753891643,515232,515232,0.0,1.0,tiingo_historical_seed,
2014-11-10,IEFA,57.29,57.3899,57.1274,57.31,40.1505968657,40.2206098632,40.0366417767,40.1646134818,292385,292385,0.0,1.0,tiingo_historical_seed,
2014-11-11,IEFA,57.46,57.72,57.35,57.64,40.2697381027,40.4519541122,40.1926467141,40.3958876478,785014,785014,0.0,1.0,tiingo_historical_seed,
2014-11-12,IEFA,57.02,57.27,57.02,57.17,39.9613725482,40.1365802496,39.9613725482,40.066497169,274126,274126,0.0,1.0,tiingo_historical_seed,
2014-11-13,IEFA,57.27,57.5399,57.1901,57.43,40.1365802496,40.3257344841,40.0805838682,40.2487131785,331490,331490,0.0,1.0,tiingo_historical_seed,
2014-11-14,IEFA,57.05,57.5,57.03,57.5,39.9823974723,40.297771335,39.9683808562,40.297771335,708699,708699,0.0,1.0,tiingo_historical_seed,
2014-11-17,IEFA,57.06,57.31,57.0,57.24,39.9894057804,40.1646134818,39.947355932,40.1155553254,347675,347675,0.0,1.0,tiingo_historical_seed,
2014-11-18,IEFA,57.68,57.97,57.64,57.89,40.42392088,40.6271618137,40.3958876478,40.5710953492,304717,304717,0.0,1.0,tiingo_historical_seed,
2014-11-19,IEFA,57.76,57.852,57.4401,57.68,40.4799873445,40.5444637786,40.2557915697,40.42392088,248193,248193,0.0,1.0,tiingo_historical_seed,
2014-11-20,IEFA,57.16,57.5,57.1401,57.36,40.059488861,40.297771335,40.0455423279,40.1996550221,346682,346682,0.0,1.0,tiingo_historical_seed,
2014-11-21,IEFA,58.01,58.1195,57.68,57.84,40.6551950459,40.7319360192,40.42392088,40.5360538089,383875,383875,0.0,1.0,tiingo_historical_seed,
2014-11-24,IEFA,58.13,58.17,57.9901,58.16,40.7392947426,40.7673279749,40.6412485129,40.7603196668,481615,481615,0.0,1.0,tiingo_historical_seed,
2014-11-25,IEFA,58.14,58.35,58.08,58.27,40.7463030507,40.8934775199,40.7042532023,40.8374110554,267161,267161,0.0,1.0,tiingo_historical_seed,
2014-11-26,IEFA,58.35,58.525,58.29,58.48,40.8934775199,41.0161229109,40.8514276716,40.9845855247,344882,344882,0.0,1.0,tiingo_historical_seed,
2014-11-28,IEFA,58.17,58.2,58.0,58.06,40.7673279749,40.788352899,40.6481867379,40.6902365862,246622,246622,0.0,1.0,tiingo_historical_seed,
2014-12-01,IEFA,58.11,58.12,57.8202,58.01,40.7252781265,40.7322864346,40.522177359,40.6551950459,395330,395330,0.0,1.0,tiingo_historical_seed,
2014-12-02,IEFA,58.07,58.16,57.99,58.14,40.6972448943,40.7603196668,40.6411784298,40.7463030507,218120,218120,0.0,1.0,tiingo_historical_seed,
2014-12-03,IEFA,58.0,58.14,57.94,58.11,40.6481867379,40.7463030507,40.6061368895,40.7252781265,487873,487873,0.0,1.0,tiingo_historical_seed,
2014-12-04,IEFA,57.92,58.17,57.7501,57.96,40.5921202734,40.7673279749,40.4730491195,40.6201535056,377318,377318,0.0,1.0,tiingo_historical_seed,
2014-12-05,IEFA,58.06,58.22,57.9399,58.04,40.6902365862,40.8023695151,40.6060668064,40.6762199701,293814,293814,0.0,1.0,tiingo_historical_seed,
2014-12-08,IEFA,57.75,57.808,57.5,57.59,40.4729790364,40.5136272231,40.297771335,40.3608461075,1269417,1269417,0.0,1.0,tiingo_historical_seed,
2014-12-09,IEFA,57.03,57.27,56.87,57.25,39.9683808562,40.1365802496,39.8562479273,40.1225636335,423222,423222,0.0,1.0,tiingo_historical_seed,
2014-12-10,IEFA,57.12,57.16,56.521,56.61,40.0314556287,40.059488861,39.6116579761,39.6740319178,727724,727724,0.0,1.0,tiingo_historical_seed,
2014-12-11,IEFA,56.69,56.97,56.45,56.54,39.7300983822,39.9263310079,39.5618989888,39.6249737614,517829,517829,0.0,1.0,tiingo_historical_seed,
2014-12-12,IEFA,56.35,56.44,55.46,55.5,39.4918159083,39.5548906808,38.8680764911,38.8961097233,513395,513395,0.0,1.0,tiingo_historical_seed,
2014-12-15,IEFA,55.68,55.7693,54.46,54.64,39.0222592684,39.0848434593,38.1672456852,38.2933952303,1168606,1168606,0.0,1.0,tiingo_historical_seed,
2014-12-16,IEFA,54.65,55.67,54.56,55.03,38.3004035384,39.0152509603,38.2373287658,38.5667192446,1253766,1253766,0.0,1.0,tiingo_historical_seed,
2014-12-17,IEFA,54.64,55.47,54.56,55.0,38.6738463781,39.261315128,38.6172228841,38.9286521009,1782715,1782715,0.546434,1.0,tiingo_historical_seed,
2014-12-18,IEFA,55.71,56.1,55.6,56.05,39.4311856099,39.707225143,39.3533283057,39.6718354592,1558112,1558112,0.0,1.0,tiingo_historical_seed,
2014-12-19,IEFA,55.92,56.28,55.81,56.09,39.5798222815,39.8346280044,39.5019649773,39.7001472062,1850102,1850102,0.0,1.0,tiingo_historical_seed,
2014-12-22,IEFA,56.32,56.4,56.16,56.34,39.8629397514,39.9195632453,39.7496927634,39.8770956249,1056769,1056769,0.0,1.0,tiingo_historical_seed,
2014-12-23,IEFA,56.24,56.32,56.1,56.16,39.8063162574,39.8629397514,39.707225143,39.7496927634,1121006,1121006,0.0,1.0,tiingo_historical_seed,
2014-12-24,IEFA,56.29,56.4795,56.17,56.43,39.8417059411,39.9758328425,39.7567707002,39.9407970556,426879,426879,0.0,1.0,tiingo_historical_seed,
2014-12-26,IEFA,56.52,56.7099,56.5,56.58,40.0044984863,40.1389085051,39.9903426128,40.0469661068,617774,617774,0.0,1.0,tiingo_historical_seed,
2014-12-29,IEFA,56.16,56.39,56.15,56.2,39.7496927634,39.9124853086,39.7426148267,39.7780045104,1374471,1374471,0.0,1.0,tiingo_historical_seed,
2014-12-30,IEFA,55.9,55.96,55.71,55.73,39.565666408,39.6081340285,39.4311856099,39.4453414834,748137,748137,0.0,1.0,tiingo_historical_seed,
2014-12-31,IEFA,55.91,56.0,55.28,55.32,39.5727443448,39.6364457755,39.1268343298,39.1551460768,1976750,1976750,0.0,1.0,tiingo_historical_seed,
2015-01-02,IEFA,55.58,55.62,55.09,55.21,39.3391724322,39.3674841792,38.9923535317,39.0772887726,834497,834497,0.0,1.0,tiingo_historical_seed,
2015-01-05,IEFA,54.49,54.52,53.8635,53.97,38.5676773269,38.5889111372,38.1242445898,38.1996246161,1031348,1031348,0.0,1.0,tiingo_historical_seed,
2015-01-06,IEFA,53.92,54.14,53.23,53.41,38.1642349324,38.3199495408,37.675857297,37.8032601584,703539,703539,0.0,1.0,tiingo_historical_seed,
2015-01-07,IEFA,53.83,54.077,53.46,53.96,38.1005335017,38.2753585393,37.8386498421,38.1925466794,443605,443605,0.0,1.0,tiingo_historical_seed,
2015-01-08,IEFA,54.25,54.82,54.22,54.65,38.397806845,38.8012492395,38.3765730348,38.6809243148,1359238,1359238,0.0,1.0,tiingo_historical_seed,
2015-01-09,IEFA,54.7,54.7,54.12,54.4,38.7163139986,38.7163139986,38.3057936673,38.5039758962,592212,592212,0.0,1.0,tiingo_historical_seed,
2015-01-12,IEFA,54.44,54.51,54.02,54.31,38.5322876432,38.5818332004,38.2350142999,38.4402744655,408624,408624,0.0,1.0,tiingo_historical_seed,
2015-01-13,IEFA,54.89,55.05,54.17,54.53,38.8507947967,38.9640417847,38.3411833511,38.5959890739,742831,742831,0.0,1.0,tiingo_historical_seed,
2015-01-14,IEFA,54.31,54.5232,54.05,54.44,38.4402744655,38.5911760769,38.2562481101,38.5322876432,513031,513031,0.0,1.0,tiingo_historical_seed,
2015-01-15,IEFA,55.03,55.13,54.62,54.74,38.9498859112,39.0206652786,38.6596905046,38.7446257456,655182,655182,0.0,1.0,tiingo_historical_seed,
2015-01-16,IEFA,54.76,55.45,54.69,55.39,38.758781619,39.2471592545,38.7092360618,39.204691634,660308,660308,0.0,1.0,tiingo_historical_seed,
2015-01-20,IEFA,55.83,55.87,55.37,55.59,39.5161208508,39.5444325978,39.1905357605,39.3462503689,633753,633753,0.0,1.0,tiingo_historical_seed,
2015-01-21,IEFA,55.61,55.97,55.49,55.97,39.3604062424,39.6152119653,39.2754710015,39.6152119653,1081052,1081052,0.0,1.0,tiingo_historical_seed,
2015-01-22,IEFA,55.84,56.2999,55.6801,56.13,39.5231987876,39.8487130985,39.410022579,39.7284589532,1045929,1045929,0.0,1.0,tiingo_historical_seed,
2015-01-23,IEFA,56.02,56.16,55.82,55.82,39.650601649,39.7496927634,39.5090429141,39.5090429141,907215,907215,0.0,1.0,tiingo_historical_seed,
2015-01-26,IEFA,56.31,56.7,56.15,56.59,39.8558618146,40.1319013477,39.7426148267,40.0540440435,617660,617660,0.0,1.0,tiingo_historical_seed,
2015-01-27,IEFA,56.47,56.75,56.34,56.6,39.9691088025,40.1672910314,39.8770956249,40.0611219802,913669,913669,0.0,1.0,tiingo_historical_seed,
2015-01-28,IEFA,56.7,56.76,55.8001,55.87,40.1319013477,40.1743689682,39.49495782,39.5444325978,651093,651093,0.0,1.0,tiingo_historical_seed,
2015-01-29,IEFA,56.36,56.67,56.1601,56.635,39.8912514983,40.1106675375,39.7497635428,40.0858947589,607172,607172,0.0,1.0,tiingo_historical_seed,
2015-01-30,IEFA,56.14,56.31,55.79,55.79,39.7355368899,39.8558618146,39.4878091038,39.4878091038,953520,953520,0.0,1.0,tiingo_historical_seed,
2015-02-02,IEFA,56.18,56.56,56.0,56.48,39.7638486369,40.0328102333,39.6364457755,39.9761867393,2314650,2314650,0.0,1.0,tiingo_historical_seed,
2015-02-03,IEFA,56.81,57.4,56.81,57.34,40.2097586519,40.6273569199,40.2097586519,40.5848892994,754484,754484,0.0,1.0,tiingo_historical_seed,
2015-02-04,IEFA,57.04,57.3,56.81,56.87,40.372551197,40.5565775524,40.2097586519,40.2522262724,841818,841818,0.0,1.0,tiingo_historical_seed,
2015-02-05,IEFA,57.25,57.63,57.17,57.61,40.5211878687,40.790149465,40.4645643747,40.7759935916,787649,787649,0.0,1.0,tiingo_historical_seed,
2015-02-06,IEFA,57.14,57.28,56.74,56.88,40.4433305645,40.5424216789,40.1602130947,40.2593042091,650417,650417,0.0,1.0,tiingo_historical_seed,
2015-02-09,IEFA,56.47,56.785,56.47,56.62,39.9691088025,40.19206381,39.9691088025,40.0752778537,1037553,1037553,0.0,1.0,tiingo_historical_seed,
2015-02-10,IEFA,56.97,57.2099,56.77,57.15,40.3230056398,40.4928053424,40.1814469049,40.4504085013,1073122,1073122,0.0,1.0,tiingo_historical_seed,
2015-02-11,IEFA,56.82,56.95,56.61,56.83,40.2168365886,40.3088497663,40.068199917,40.2239145254,532469,532469,0.0,1.0,tiingo_historical_seed,
2015-02-12,IEFA,57.29,57.74,57.28,57.72,40.5494996157,40.8680067692,40.5424216789,40.8538508958,575182,575182,0.0,1.0,tiingo_historical_seed,
2015-02-13,IEFA,58.0,58.1199,57.86,58.11,41.0520331246,41.1368975862,40.9529420102,41.1298904288,580205,580205,0.0,1.0,tiingo_historical_seed,
2015-02-17,IEFA,58.05,58.37,57.87,58.24,41.0874228084,41.3139167842,40.9600199469,41.2219036065,936711,936711,0.0,1.0,tiingo_historical_seed,
2015-02-18,IEFA,58.41,58.8,58.345,58.64,41.3422285312,41.6182680643,41.2962219424,41.5050210763,713513,713513,0.0,1.0,tiingo_historical_seed,
2015-02-19,IEFA,58.67,58.85,58.59,58.6744,41.5262548866,41.653657748,41.4696313926,41.5293691788,455222,455222,0.0,1.0,tiingo_historical_seed,
2015-02-20,IEFA,58.5,59.44,58.4228,59.29,41.4059299619,42.071256016,41.3512882902,41.9650869648,707079,707079,0.0,1.0,tiingo_historical_seed,
2015-02-23,IEFA,58.93,59.07,58.86,59.04,41.710281242,41.8093723564,41.6607356848,41.7881385462,1187370,1187370,0.0,1.0,tiingo_historical_seed,
2015-02-24,IEFA,59.06,59.4499,58.9,59.38,41.8022944197,42.0782631734,41.6890474317,42.0287883955,595223,595223,0.0,1.0,tiingo_historical_seed,
2015-02-25,IEFA,59.28,59.5,59.24,59.37,41.9580090281,42.1137236365,41.9296972811,42.0217104588,22127568,22127568,0.0,1.0,tiingo_historical_seed,
2015-02-26,IEFA,59.34,59.41,59.175,59.26,42.0004766485,42.0500222058,41.8836906922,41.9438531546,1183180,1183180,0.0,1.0,tiingo_historical_seed,
2015-02-27,IEFA,59.35,59.54,59.25,59.3,42.0075545853,42.1420353835,41.9367752178,41.9721649016,934665,934665,0.0,1.0,tiingo_historical_seed,
2015-03-02,IEFA,59.33,59.4,59.189,59.4,41.9933987118,42.042944269,41.8935998037,42.042944269,1119417,1119417,0.0,1.0,tiingo_historical_seed,
2015-03-03,IEFA,59.21,59.2499,58.865,59.04,41.9084634709,41.9367044385,41.6642746531,41.7881385462,863381,863381,0.0,1.0,tiingo_historical_seed,
2015-03-04,IEFA,58.7,58.81,58.37,58.76,41.5474886968,41.625346001,41.3139167842,41.5899563173,642129,642129,0.0,1.0,tiingo_historical_seed,
2015-03-05,IEFA,59.01,59.1,58.81,58.92,41.7669047359,41.8306061666,41.625346001,41.7032033052,632344,632344,0.0,1.0,tiingo_historical_seed,
2015-03-06,IEFA,58.52,58.5848,58.08,58.14,41.4200858354,41.4659508655,41.1086566186,41.1511242391,881697,881697,0.0,1.0,tiingo_historical_seed,
2015-03-09,IEFA,58.14,58.28,58.04,58.18,41.1511242391,41.2502153535,41.0803448716,41.1794359861,588587,588587,0.0,1.0,tiingo_historical_seed,
2015-03-10,IEFA,57.28,57.37,56.93,56.98,40.5424216789,40.6061231097,40.2946938928,40.3300835766,708668,708668,0.0,1.0,tiingo_historical_seed,
2015-03-11,IEFA,57.09,57.2593,56.87,57.12,40.4079408808,40.5277703499,40.2522262724,40.429174691,701818,701818,0.0,1.0,tiingo_historical_seed,
2015-03-12,IEFA,57.81,57.86,57.54,57.84,40.9175523265,40.9529420102,40.7264480343,40.9387861367,721180,721180,0.0,1.0,tiingo_historical_seed,
2015-03-13,IEFA,57.42,57.56,57.1699,57.54,40.6415127934,40.7406039078,40.4644935954,40.7264480343,967045,967045,0.0,1.0,tiingo_historical_seed,
2015-03-16,IEFA,57.93,58.215,57.86,58.15,41.0024875674,41.2042087647,40.9529420102,41.1582021758,689476,689476,0.0,1.0,tiingo_historical_seed,
2015-03-17,IEFA,57.85,58.03,57.66,57.98,40.9458640734,41.0732669349,40.8113832753,41.0378772511,630702,630702,0.0,1.0,tiingo_historical_seed,
2015-03-18,IEFA,58.02,59.29,57.92,59.17,41.0661889981,41.9650869648,40.9954096307,41.8801517239,806583,806583,0.0,1.0,tiingo_historical_seed,
2015-03-19,IEFA,58.58,58.64,58.36,58.46,41.4625534559,41.5050210763,41.3068388475,41.3776182149,1019751,1019751,0.0,1.0,tiingo_historical_seed,
2015-03-20,IEFA,59.52,59.97,59.32,59.77,42.12787951,42.4463866635,41.9863207751,42.3048279286,951624,951624,0.0,1.0,tiingo_historical_seed,
2015-03-23,IEFA,60.0,60.21,59.8496,60.08,42.4676204738,42.6162571454,42.3611683051,42.5242439677,898522,898522,0.0,1.0,tiingo_historical_seed,
2015-03-24,IEFA,60.24,60.31,59.99,60.01,42.6374909556,42.6870365129,42.460542537,42.4746984105,1236795,1236795,0.0,1.0,tiingo_historical_seed,
2015-03-25,IEFA,60.2,60.3199,59.68,59.71,42.6091792087,42.6940436702,42.2411264979,42.2623603081,590349,590349,0.0,1.0,tiingo_historical_seed,
2015-03-26,IEFA,59.3,59.33,58.8,59.19,41.9721649016,41.9933987118,41.6182680643,41.8943075974,782690,782690,0.0,1.0,tiingo_historical_seed,
2015-03-27,IEFA,59.2,59.4,59.07,59.295,41.9013855341,42.042944269,41.8093723564,41.9686259332,966922,966922,0.0,1.0,tiingo_historical_seed,
2015-03-30,IEFA,59.31,59.51,59.31,59.38,41.9792428383,42.1208015732,41.9792428383,42.0287883955,728556,728556,0.0,1.0,tiingo_historical_seed,
2015-03-31,IEFA,58.48,58.82,58.39,58.49,41.3917740884,41.6324239378,41.3280726577,41.3988520252,684743,684743,0.0,1.0,tiingo_historical_seed,
2015-04-01,IEFA,58.92,58.92,58.5055,58.88,41.7032033052,41.7032033052,41.4098228271,41.6748915582,1392678,1392678,0.0,1.0,tiingo_historical_seed,
2015-04-02,IEFA,59.28,59.47,59.18,59.34,41.9580090281,42.0924898262,41.8872296606,42.0004766485,1101075,1101075,0.0,1.0,tiingo_historical_seed,
2015-04-06,IEFA,59.65,60.295,59.46,60.0,42.2198926877,42.6764196078,42.0854118895,42.4676204738,686589,686589,0.0,1.0,tiingo_historical_seed,
2015-04-07,IEFA,60.12,60.36,59.9,59.93,42.5525557147,42.7224261966,42.3968411063,42.4180749165,952234,952234,0.0,1.0,tiingo_historical_seed,
2015-04-08,IEFA,60.51,60.615,60.0,60.22,42.8285952478,42.9029135836,42.4676204738,42.6233350822,793923,793923,0.0,1.0,tiingo_historical_seed,
2015-04-09,IEFA,60.31,60.31,60.04,60.29,42.6870365129,42.6870365129,42.4959322207,42.6728806394,859499,859499,0.0,1.0,tiingo_historical_seed,
2015-04-10,IEFA,60.2,60.42,60.12,60.42,42.6091792087,42.7648938171,42.5525557147,42.7648938171,919831,919831,0.0,1.0,tiingo_historical_seed,
2015-04-13,IEFA,60.15,60.28,59.92,60.03,42.5737895249,42.6658027026,42.4109969798,42.488854284,648109,648109,0.0,1.0,tiingo_historical_seed,
2015-04-14,IEFA,60.4,60.525,60.3264,60.49,42.7507379436,42.8392121529,42.6986443291,42.8144393743,687306,687306,0.0,1.0,tiingo_historical_seed,
2015-04-15,IEFA,60.66,60.87,60.38,60.77,42.934764299,43.0834009706,42.7365820701,43.0126216032,608487,608487,0.0,1.0,tiingo_historical_seed,
2015-04-16,IEFA,60.84,61.08,60.5851,60.93,43.0621671604,43.2320376423,42.8817505527,43.1258685911,788114,788114,0.0,1.0,tiingo_historical_seed,
2015-04-17,IEFA,60.33,60.33,59.87,60.1,42.7011923864,42.7011923864,42.3756072961,42.5383998412,13670880,13670880,0.0,1.0,tiingo_historical_seed,
2015-04-20,IEFA,60.25,60.37,60.1,60.23,42.6445688924,42.7295041333,42.5383998412,42.6304130189,869586,869586,0.0,1.0,tiingo_historical_seed,
2015-04-21,IEFA,60.58,60.86,60.55,60.72,42.878140805,43.0763230339,42.8569069948,42.9772319194,1664735,1664735,0.0,1.0,tiingo_historical_seed,
2015-04-22,IEFA,60.72,60.86,60.459,60.85,42.9772319194,43.0763230339,42.7924977704,43.0692450971,513305,513305,0.0,1.0,tiingo_historical_seed,
2015-04-23,IEFA,60.54,61.15,60.44,61.06,42.849829058,43.2815831995,42.7790496906,43.2178817688,607967,607967,0.0,1.0,tiingo_historical_seed,
2015-04-24,IEFA,61.33,61.5299,61.075,61.38,43.4089860609,43.5504740165,43.2284986739,43.4443757447,557400,557400,0.0,1.0,tiingo_historical_seed,
2015-04-27,IEFA,61.81,62.03,61.68,61.75,43.7487270247,43.9044416331,43.656713847,43.7062594042,1871166,1871166,0.0,1.0,tiingo_historical_seed,
2015-04-28,IEFA,61.55,61.8268,61.42,61.81,43.5647006693,43.7606179584,43.4726874916,43.7487270247,3690606,3690606,0.0,1.0,tiingo_historical_seed,
2015-04-29,IEFA,61.42,61.58,61.07,61.3,43.4726874916,43.5859344796,43.2249597055,43.3877522507,1450976,1450976,0.0,1.0,tiingo_historical_seed,
2015-04-30,IEFA,60.93,61.07,60.59,60.665,43.1258685911,43.2249597055,42.8852187417,42.9383032673,2333106,2333106,0.0,1.0,tiingo_historical_seed,
2015-05-01,IEFA,61.0,61.22,60.75,61.22,43.1754141483,43.3311287567,42.9984657297,43.3311287567,1091415,1091415,0.0,1.0,tiingo_historical_seed,
2015-05-04,IEFA,61.28,61.35,61.14,61.26,43.3735963772,43.4231419344,43.2745052628,43.3594405037,620828,620828,0.0,1.0,tiingo_historical_seed,
2015-05-05,IEFA,61.03,61.03,60.305,60.38,43.1966479586,43.1966479586,42.6834975445,42.7365820701,753619,753619,0.0,1.0,tiingo_historical_seed,
2015-05-06,IEFA,60.76,60.82,60.2966,60.51,43.0055436664,43.0480112869,42.6775520776,42.8285952478,961220,961220,0.0,1.0,tiingo_historical_seed,
2015-05-07,IEFA,60.31,60.458,60.1,60.32,42.6870365129,42.7917899767,42.5383998412,42.6941144496,1442220,1442220,0.0,1.0,tiingo_historical_seed,
2015-05-08,IEFA,61.54,61.83,61.3938,61.73,43.5576227326,43.7628828982,43.4541432974,43.6921035307,462254,462254,0.0,1.0,tiingo_historical_seed,
2015-05-11,IEFA,61.29,61.53,61.23,61.27,43.3806743139,43.5505447958,43.3382066935,43.3665184404,592021,592021,0.0,1.0,tiingo_historical_seed,
2015-05-12,IEFA,61.17,61.35,61.0457,61.23,43.295739073,43.4231419344,43.2077603192,43.3382066935,610911,610911,0.0,1.0,tiingo_historical_seed,
2015-05-13,IEFA,61.84,62.04,61.62,61.7,43.769960835,43.9115195699,43.6142462265,43.6708697205,696464,696464,0.0,1.0,tiingo_historical_seed,
2015-05-14,IEFA,62.25,62.45,62.15,62.45,44.0601562415,44.2017149764,43.9893768741,44.2017149764,554209,554209,0.0,1.0,tiingo_historical_seed,
2015-05-15,IEFA,62.24,62.5899,62.16,62.5498,44.0530783048,44.3007353115,43.9964548108,44.2723527852,727769,727769,0.0,1.0,tiingo_historical_seed,
2015-05-18,IEFA,62.28,62.3899,62.15,62.36,44.0813900518,44.1591765766,43.9893768741,44.1380135457,577841,577841,0.0,1.0,tiingo_historical_seed,
2015-05-19,IEFA,62.1,62.24,62.0301,62.09,43.9539871903,44.0530783048,43.9045124125,43.9469092536,625850,625850,0.0,1.0,tiingo_historical_seed,
2015-05-20,IEFA,62.04,62.37,61.98,62.19,43.9115195699,44.1450914825,43.8690519494,44.017688621,612838,612838,0.0,1.0,tiingo_historical_seed,
2015-05-21,IEFA,62.27,62.58,62.2301,62.46,44.074312115,44.2937281541,44.0460711474,44.2087929132,448794,448794,0.0,1.0,tiingo_historical_seed,
2015-05-22,IEFA,62.23,62.23,62.0181,62.11,44.046000368,44.046000368,43.8960188884,43.9610651271,444290,444290,0.0,1.0,tiingo_historical_seed,
2015-05-26,IEFA,61.65,61.65,60.9,60.98,43.6354800368,43.6354800368,43.1046347809,43.1612582748,684046,684046,0.0,1.0,tiingo_historical_seed,
2015-05-27,IEFA,61.13,61.66,61.0,61.62,43.267427326,43.6425579735,43.1754141483,43.6142462265,778671,778671,0.0,1.0,tiingo_historical_seed,
2015-05-28,IEFA,61.26,61.55,61.0,61.42,43.3594405037,43.5647006693,43.1754141483,43.4726874916,1309245,1309245,0.0,1.0,tiingo_historical_seed,
2015-05-29,IEFA,61.22,61.297,60.6,60.86,43.3311287567,43.3856288697,42.8922966785,43.0763230339,1086023,1086023,0.0,1.0,tiingo_historical_seed,
2015-06-01,IEFA,61.07,61.1,60.56,60.81,43.2249597055,43.2461935158,42.8639849315,43.0409333502,1584578,1584578,0.0,1.0,tiingo_historical_seed,
2015-06-02,IEFA,60.98,61.37,60.85,61.12,43.1612582748,43.4372978079,43.0692450971,43.2603493893,850603,850603,0.0,1.0,tiingo_historical_seed,
2015-06-03,IEFA,61.37,61.7295,61.31,61.51,43.4372978079,43.6917496339,43.3948301874,43.5363889223,942761,942761,0.0,1.0,tiingo_historical_seed,
2015-06-04,IEFA,61.08,61.465,60.58,60.79,43.2320376423,43.504538207,42.878140805,43.0267774767,568108,568108,0.0,1.0,tiingo_historical_seed,
2015-06-05,IEFA,60.19,60.269,59.71,60.1,42.6021012719,42.6580169722,42.2623603081,42.5383998412,662683,662683,0.0,1.0,tiingo_historical_seed,
2015-06-08,IEFA,59.99,60.03,59.76,59.94,42.460542537,42.488854284,42.2977499919,42.4251528533,601723,601723,0.0,1.0,tiingo_historical_seed,
2015-06-09,IEFA,59.74,59.83,59.3847,59.65,42.2835941184,42.3472955491,42.0321150258,42.2198926877,575433,575433,0.0,1.0,tiingo_historical_seed,
2015-06-10,IEFA,60.57,61.06,60.46,60.88,42.8710628683,43.2178817688,42.7932055641,43.0904789074,921081,921081,0.0,1.0,tiingo_historical_seed,
2015-06-11,IEFA,61.15,61.24,60.7765,61.07,43.2815831995,43.3452846302,43.0172222621,43.2249597055,466189,466189,0.0,1.0,tiingo_historical_seed,
2015-06-12,IEFA,60.45,60.79,60.23,60.64,42.7861276273,43.0267774767,42.6304130189,42.9206084255,773416,773416,0.0,1.0,tiingo_historical_seed,
2015-06-15,IEFA,59.83,60.235,59.82,60.2,42.3472955491,42.6339519873,42.3402176123,42.6091792087,770761,770761,0.0,1.0,tiingo_historical_seed,
2015-06-16,IEFA,59.94,60.24,59.86,60.21,42.4251528533,42.6374909556,42.3685293593,42.6162571454,640437,640437,0.0,1.0,tiingo_historical_seed,
2015-06-17,IEFA,60.02,60.21,59.52,60.11,42.4817763472,42.6162571454,42.12787951,42.545477778,756021,756021,0.0,1.0,tiingo_historical_seed,
2015-06-18,IEFA,60.17,61.1,60.17,60.62,42.5879453984,43.2461935158,42.5879453984,42.906452552,937415,937415,0.0,1.0,tiingo_historical_seed,
2015-06-19,IEFA,60.61,60.64,60.43,60.43,42.8993746152,42.9206084255,42.7719717538,42.7719717538,647316,647316,0.0,1.0,tiingo_historical_seed,
2015-06-22,IEFA,61.66,61.939,61.48,61.57,43.6425579735,43.8400324087,43.5151551121,43.5788565428,554521,554521,0.0,1.0,tiingo_historical_seed,
2015-06-23,IEFA,61.73,61.81,61.65,61.69,43.6921035307,43.7487270247,43.6354800368,43.6637917838,948870,948870,0.0,1.0,tiingo_historical_seed,
2015-06-24,IEFA,61.42,61.51,61.14,61.2,43.4726874916,43.5363889223,43.2745052628,43.3169728832,827616,827616,0.0,1.0,tiingo_historical_seed,
2015-06-25,IEFA,60.45,60.47,60.15,60.19,43.4964683349,43.510859226,43.2806049684,43.3093867506,964800,964800,0.999282,1.0,tiingo_historical_seed,
2015-06-26,IEFA,60.28,60.4,60.0,60.22,43.3741457606,43.4604911071,43.1726732852,43.3309730873,781332,781332,0.0,1.0,tiingo_historical_seed,
2015-06-29,IEFA,58.89,59.23,58.32,58.43,42.3739788294,42.6186239781,41.9638384332,42.0429883343,1052205,1052205,0.0,1.0,tiingo_historical_seed,
2015-06-30,IEFA,59.0,59.11,58.0642,58.3,42.4531287305,42.5322786315,41.7797789361,41.9494475421,1794728,1794728,0.0,1.0,tiingo_historical_seed,
2015-07-01,IEFA,58.88,59.06,58.4549,58.7,42.3667833839,42.4963014038,42.0609049937,42.237265364,2914024,2914024,0.0,1.0,tiingo_historical_seed,
2015-07-02,IEFA,58.84,58.84,58.555,58.73,42.3380016017,42.3380016017,42.1329314036,42.2588517007,1237880,1237880,0.0,1.0,tiingo_historical_seed,
2015-07-06,IEFA,57.39,58.02,57.36,57.52,41.2946619973,41.7479750668,41.2730756607,41.3882027894,1479875,1479875,0.0,1.0,tiingo_historical_seed,
2015-07-07,IEFA,57.14,57.68,56.4,57.55,41.1147758586,41.5033299182,40.5823128881,41.4097891261,1220172,1220172,0.0,1.0,tiingo_historical_seed,
2015-07-08,IEFA,56.56,56.64,56.07,56.18,40.6974400169,40.7550035813,40.344863185,40.4240130861,1222700,1222700,0.0,1.0,tiingo_historical_seed,
2015-07-09,IEFA,57.46,57.5,56.95,57.07,41.3450301161,41.3738118983,40.9780623932,41.0644077398,783385,783385,0.0,1.0,tiingo_historical_seed,
2015-07-10,IEFA,57.64,58.91,57.64,58.84,41.474548136,42.3883697205,41.474548136,42.3380016017,903286,903286,0.0,1.0,tiingo_historical_seed,
2015-07-13,IEFA,59.13,59.18,58.97,59.06,42.5466695226,42.5826467503,42.4315423938,42.4963014038,1018128,1018128,0.0,1.0,tiingo_historical_seed,
2015-07-14,IEFA,59.25,59.575,59.22,59.55,42.6330148692,42.8668668495,42.6114285325,42.8488782356,1155426,1155426,0.0,1.0,tiingo_historical_seed,
2015-07-15,IEFA,59.46,59.5,59.14,59.33,42.7841192257,42.8129010078,42.5538649681,42.6905784335,972946,972946,0.0,1.0,tiingo_historical_seed,
2015-07-16,IEFA,59.9,59.95,59.76,59.82,43.1007188297,43.1366960575,42.9999825921,43.0431552654,1514513,1514513,0.0,1.0,tiingo_historical_seed,
2015-07-17,IEFA,59.79,59.82,59.63,59.72,43.0215689287,43.0431552654,42.9064418,42.9712008099,663892,663892,0.0,1.0,tiingo_historical_seed,
2015-07-20,IEFA,59.92,59.9999,59.73,59.89,43.1151097208,43.1726013308,42.9783962554,43.0935233842,1874129,1874129,0.0,1.0,tiingo_historical_seed,
2015-07-21,IEFA,59.75,59.81,59.61,59.705,42.9927871465,43.0359598198,42.8920509089,42.9604076416,784616,784616,0.0,1.0,tiingo_historical_seed,
2015-07-22,IEFA,59.2,59.32,59.13,59.29,42.5970376414,42.683382988,42.5466695226,42.6617966513,717479,717479,0.0,1.0,tiingo_historical_seed,
2015-07-23,IEFA,59.42,59.44,59.0517,59.11,42.7553374435,42.7697283346,42.4903291839,42.5322786315,1032115,1032115,0.0,1.0,tiingo_historical_seed,
2015-07-24,IEFA,59.03,59.05,58.4501,58.53,42.4747150671,42.4891059582,42.0574511798,42.1149427897,655593,655593,0.0,1.0,tiingo_historical_seed,
2015-07-27,IEFA,58.37,58.4,57.99,58.1,41.999815661,42.0214019976,41.7263887302,41.8055386312,1108648,1108648,0.0,1.0,tiingo_historical_seed,
2015-07-28,IEFA,58.52,58.849,58.24,58.82,42.1077473442,42.3444775027,41.9062748689,42.3236107106,731434,731434,0.0,1.0,tiingo_historical_seed,
2015-07-29,IEFA,58.78,59.19,58.76,59.0,42.2948289284,42.5898421959,42.2804380373,42.4531287305,810086,810086,0.0,1.0,tiingo_historical_seed,
2015-07-30,IEFA,58.82,58.97,58.51,58.93,42.3236107106,42.4315423938,42.1005518986,42.4027606116,578081,578081,0.0,1.0,tiingo_historical_seed,
2015-07-31,IEFA,59.53,59.57,59.15,59.25,42.8344873445,42.8632691267,42.5610604137,42.6330148692,1400320,1400320,0.0,1.0,tiingo_historical_seed,
2015-08-03,IEFA,59.27,59.38,58.97,59.22,42.6474057603,42.7265556613,42.4315423938,42.6114285325,772619,772619,0.0,1.0,tiingo_historical_seed,
2015-08-04,IEFA,59.34,59.39,59.08,59.15,42.6977738791,42.7337511068,42.5106922948,42.5610604137,720009,720009,0.0,1.0,tiingo_historical_seed,
2015-08-05,IEFA,59.5,59.69,59.43,59.51,42.8129010078,42.9496144732,42.762532889,42.8200964534,720750,720750,0.0,1.0,tiingo_historical_seed,
2015-08-06,IEFA,59.39,59.48,59.07,59.25,42.7337511068,42.7985101168,42.5034968493,42.6330148692,549721,549721,0.0,1.0,tiingo_historical_seed,
2015-08-07,IEFA,58.97,59.189,58.85,59.14,42.4315423938,42.5891226513,42.3451970473,42.5538649681,610235,610235,0.0,1.0,tiingo_historical_seed,
2015-08-10,IEFA,59.31,59.9,59.31,59.88,42.6761875424,43.1007188297,42.6761875424,43.0863279387,586141,586141,0.0,1.0,tiingo_historical_seed,
2015-08-11,IEFA,59.29,59.29,58.76,58.975,42.6617966513,42.6617966513,42.2804380373,42.4351401166,830002,830002,0.0,1.0,tiingo_historical_seed,
2015-08-12,IEFA,58.41,58.62,57.89,58.62,42.0285974432,42.1797017997,41.6544342747,42.1797017997,2013496,2013496,0.0,1.0,tiingo_historical_seed,
2015-08-13,IEFA,58.54,58.73,58.37,58.63,42.1221382353,42.2588517007,41.999815661,42.1868972452,611088,611088,0.0,1.0,tiingo_historical_seed,
2015-08-14,IEFA,58.51,58.77,58.3492,58.73,42.1005518986,42.2876334829,41.9848491342,42.2588517007,2166176,2166176,0.0,1.0,tiingo_historical_seed,
2015-08-17,IEFA,58.28,58.64,58.16,58.64,41.935056651,42.1940926908,41.8487113045,42.1940926908,587107,587107,0.0,1.0,tiingo_historical_seed,
2015-08-18,IEFA,58.32,58.38,58.1,58.2,41.9638384332,42.0070111065,41.8055386312,41.8774930867,984684,984684,0.0,1.0,tiingo_historical_seed,
2015-08-19,IEFA,57.75,57.998,57.37,57.74,41.553698037,41.7321450866,41.2802711062,41.5465025915,1481654,1481654,0.0,1.0,tiingo_historical_seed,
2015-08-20,IEFA,57.17,57.17,56.34,56.35,41.1363621953,41.1363621953,40.5391402148,40.5463356604,1650098,1650098,0.0,1.0,tiingo_historical_seed,
2015-08-21,IEFA,56.15,56.34,54.97,55.06,40.4024267494,40.5391402148,39.5533641748,39.6181231847,2151279,2151279,0.0,1.0,tiingo_historical_seed,
2015-08-24,IEFA,54.51,54.51,51.93,53.19,39.2223736796,39.2223736796,37.3659487284,38.2725748674,4397213,4397213,0.0,1.0,tiingo_historical_seed,
2015-08-25,IEFA,53.72,55.72,53.64,53.72,38.6539334814,40.0930225909,38.596369917,38.6539334814,3196108,3196108,0.0,1.0,tiingo_historical_seed,
2015-08-26,IEFA,54.25,55.02,53.74,55.01,39.0352920954,39.5893414025,38.6683243725,39.582145957,2412978,2412978,0.0,1.0,tiingo_historical_seed,
2015-08-27,IEFA,55.3,55.8,55.095,55.66,39.7908138779,40.1505861553,39.6433072442,40.0498499176,2610719,2610719,0.0,1.0,tiingo_historical_seed,
2015-08-28,IEFA,55.34,55.69,55.26,55.61,39.8195956601,40.0714362542,39.7620320957,40.0138726899,2041472,2041472,0.0,1.0,tiingo_historical_seed,
2015-08-31,IEFA,55.27,55.47,55.0199,55.16,39.7692275412,39.9131364522,39.5892694481,39.6900776402,1986419,1986419,0.0,1.0,tiingo_historical_seed,
2015-09-01,IEFA,54.61,54.61,53.22,53.37,39.2943281351,39.2943281351,38.294161204,38.4020928872,1966182,1966182,0.0,1.0,tiingo_historical_seed,
2015-09-02,IEFA,54.31,54.31,53.59,54.14,39.0784647687,39.0784647687,38.5603926893,38.9561421944,2018564,2018564,0.0,1.0,tiingo_historical_seed,
2015-09-03,IEFA,54.35,54.65,54.1099,54.2,39.1072465509,39.3231099173,38.9344839033,38.9993148677,2122123,2122123,0.0,1.0,tiingo_historical_seed,
2015-09-04,IEFA,53.14,53.32,52.78,53.01,38.2365976396,38.3661156595,37.9775615999,38.1430568475,2252765,2252765,0.0,1.0,tiingo_historical_seed,
2015-09-08,IEFA,54.32,54.57,54.131,54.53,39.0856602142,39.2655463529,38.9496662934,39.2367645707,1544413,1544413,0.0,1.0,tiingo_historical_seed,
2015-09-09,IEFA,55.3,55.31,54.22,54.29,39.7908138779,39.7980093234,39.0137057587,39.0640738776,1191909,1191909,0.0,1.0,tiingo_historical_seed,
2015-09-10,IEFA,54.37,54.87,54.247,54.66,39.121637442,39.4814097193,39.0331334617,39.3303053628,1153893,1153893,0.0,1.0,tiingo_historical_seed,
2015-09-11,IEFA,54.29,54.71,54.2,54.71,39.0640738776,39.3662825906,38.9993148677,39.3662825906,735385,735385,0.0,1.0,tiingo_historical_seed,
2015-09-14,IEFA,54.24,54.31,54.05,54.27,39.0280966498,39.0784647687,38.8913831844,39.0496829865,1071114,1071114,0.0,1.0,tiingo_historical_seed,
2015-09-15,IEFA,54.22,54.68,54.13,54.64,39.0137057587,39.3446962539,38.9489467488,39.3159144717,1307014,1307014,0.0,1.0,tiingo_historical_seed,
2015-09-16,IEFA,55.05,55.39,55.0,55.37,39.6109277392,39.8555728878,39.5749505115,39.8411819967,1040535,1040535,0.0,1.0,tiingo_historical_seed,
2015-09-17,IEFA,55.1,56.03,55.07,55.42,39.6469049669,40.3160814029,39.6253186303,39.8771592245,1545793,1545793,0.0,1.0,tiingo_historical_seed,
2015-09-18,IEFA,54.43,54.697,54.12,54.18,39.1648101152,39.3569285114,38.9417513033,38.9849239766,1576261,1576261,0.0,1.0,tiingo_historical_seed,
2015-09-21,IEFA,54.28,54.37,53.88,54.1,39.056878432,39.121637442,38.7690606101,38.9273604122,2929097,2929097,0.0,1.0,tiingo_historical_seed,
2015-09-22,IEFA,52.9,53.0199,52.48,52.79,38.0639069465,38.1501803386,37.7616982335,37.9847570454,1780164,1780164,0.0,1.0,tiingo_historical_seed,
2015-09-23,IEFA,52.93,52.9476,52.37,52.61,38.0854932831,38.0981572673,37.6825483325,37.8552390256,1933987,1933987,0.0,1.0,tiingo_historical_seed,
2015-09-24,IEFA,52.17,52.59,51.88,52.46,37.5386394215,37.8408481345,37.3299715006,37.7473073424,1676803,1676803,0.0,1.0,tiingo_historical_seed,
2015-09-25,IEFA,53.3,53.34,52.7,52.91,38.3517247684,38.3805065506,37.9199980355,38.071102392,1458808,1458808,0.0,1.0,tiingo_historical_seed,
2015-09-28,IEFA,52.55,52.58,51.84,51.91,37.8120663523,37.833652689,37.3011897184,37.3515578373,1444061,1444061,0.0,1.0,tiingo_historical_seed,
2015-09-29,IEFA,51.76,51.96,51.545,51.82,37.2436261541,37.387535065,37.0889240748,37.2867988273,2120060,2120060,0.0,1.0,tiingo_historical_seed,
2015-09-30,IEFA,52.59,52.84,52.3036,52.81,37.8408481345,38.0207342732,37.634770574,37.9991479365,2950285,2950285,0.0,1.0,tiingo_historical_seed,
2015-10-01,IEFA,53.09,53.19,52.48,52.97,38.2006204119,38.2725748674,37.7616982335,38.1142750653,1203004,1203004,0.0,1.0,tiingo_historical_seed,
2015-10-02,IEFA,52.78,53.85,52.63,53.85,37.9775615999,38.7474742735,37.8696299167,38.7474742735,1511150,1511150,0.0,1.0,tiingo_historical_seed,
2015-10-05,IEFA,54.53,54.92,54.48,54.89,39.2367645707,39.5173869471,39.200787343,39.4958006104,1388801,1388801,0.0,1.0,tiingo_historical_seed,
2015-10-06,IEFA,54.89,55.158,54.82,54.99,39.4958006104,39.6886385511,39.4454324916,39.5677550659,1514605,1514605,0.0,1.0,tiingo_historical_seed,
2015-10-07,IEFA,55.42,55.73,55.14,55.59,39.8771592245,40.1002180364,39.6756867491,39.9994817988,1325312,1325312,0.0,1.0,tiingo_historical_seed,
2015-10-08,IEFA,55.29,56.03,55.21,56.0,39.7836184323,40.3160814029,39.726054868,40.2944950662,1294287,1294287,0.0,1.0,tiingo_historical_seed,
2015-10-09,IEFA,56.15,56.22,55.92,56.09,40.4024267494,40.4527948683,40.2369315018,40.3592540761,952955,952955,0.0,1.0,tiingo_historical_seed,
2015-10-12,IEFA,56.01,56.06,55.89,55.95,40.3016905118,40.3376677395,40.2153451652,40.2585178385,1270358,1270358,0.0,1.0,tiingo_historical_seed,
2015-10-13,IEFA,55.29,55.7202,55.26,55.33,39.7836184323,40.0931664998,39.7620320957,39.8124002145,1000553,1000553,0.0,1.0,tiingo_historical_seed,
2015-10-14,IEFA,55.44,55.62,55.285,55.42,39.8915501155,40.0210681354,39.7800207096,39.8771592245,837535,837535,0.0,1.0,tiingo_historical_seed,
2015-10-15,IEFA,55.87,56.43,55.8401,56.4,40.2009542741,40.6038992248,40.1794398919,40.5823128881,927426,927426,0.0,1.0,tiingo_historical_seed,
2015-10-16,IEFA,56.3,56.3899,56.1028,56.36,40.5103584326,40.5750454881,40.3684642464,40.5535311059,802821,802821,0.0,1.0,tiingo_historical_seed,
2015-10-19,IEFA,56.13,56.19,55.9535,56.17,40.3880358583,40.4312085316,40.2610362444,40.4168176405,1367674,1367674,0.0,1.0,tiingo_historical_seed,
2015-10-20,IEFA,55.97,56.1,55.8728,55.96,40.2729087296,40.3664495217,40.2029689988,40.265713284,1375456,1375456,0.0,1.0,tiingo_historical_seed,
2015-10-21,IEFA,56.29,56.32,55.8699,55.88,40.5031629871,40.5247493237,40.2008823196,40.2081497196,955063,955063,0.0,1.0,tiingo_historical_seed,
2015-10-22,IEFA,56.19,56.73,56.19,56.55,40.4312085316,40.8197625912,40.4312085316,40.6902445713,1393842,1393842,0.0,1.0,tiingo_historical_seed,
2015-10-23,IEFA,56.9,57.15,56.7898,57.02,40.9420851655,41.1219713042,40.8627913556,41.0284305121,1156306,1156306,0.0,1.0,tiingo_historical_seed,
2015-10-26,IEFA,56.93,56.94,56.77,56.82,40.9636715021,40.9708669477,40.8485443734,40.8845216011,874450,874450,0.0,1.0,tiingo_historical_seed,
2015-10-27,IEFA,56.45,56.4867,56.2401,56.36,40.6182901158,40.644697401,40.4672577138,40.5535311059,762586,762586,0.0,1.0,tiingo_historical_seed,
2015-10-28,IEFA,56.56,56.986,56.1525,56.65,40.6974400169,41.0039659972,40.4042256108,40.7621990268,1134878,1134878,0.0,1.0,tiingo_historical_seed,
2015-10-29,IEFA,56.06,56.33,56.04,56.27,40.3376677395,40.5319447693,40.3232768484,40.488772096,958021,958021,0.0,1.0,tiingo_historical_seed,
2015-10-30,IEFA,56.28,56.57,56.17,56.18,40.4959675415,40.7046354624,40.4168176405,40.4240130861,1004112,1004112,0.0,1.0,tiingo_historical_seed,
2015-11-02,IEFA,56.43,56.75,56.41,56.75,40.6038992248,40.8341534823,40.5895083337,40.8341534823,2453917,2453917,0.0,1.0,tiingo_historical_seed,
2015-11-03,IEFA,56.36,56.85,56.31,56.74,40.5535311059,40.9061079377,40.5175538782,40.8269580367,5623973,5623973,0.0,1.0,tiingo_historical_seed,
2015-11-04,IEFA,56.72,56.74,56.2076,56.37,40.8125671456,40.8269580367,40.4438725158,40.5607265515,1129537,1129537,0.0,1.0,tiingo_historical_seed,
2015-11-05,IEFA,56.49,56.53,56.15,56.27,40.647071898,40.6758536802,40.4024267494,40.488772096,1194605,1194605,0.0,1.0,tiingo_historical_seed,
2015-11-06,IEFA,55.95,56.1,55.7,56.03,40.2585178385,40.3664495217,40.0786316998,40.3160814029,1056843,1056843,0.0,1.0,tiingo_historical_seed,
2015-11-09,IEFA,55.74,55.74,55.26,55.44,40.107413482,40.107413482,39.7620320957,39.8915501155,14379234,14379234,0.0,1.0,tiingo_historical_seed,
2015-11-10,IEFA,55.27,55.46,55.12,55.43,39.7692275412,39.9059410066,39.661295858,39.88435467,5302424,5302424,0.0,1.0,tiingo_historical_seed,
2015-11-11,IEFA,55.9,55.959,55.64,55.73,40.2225406107,40.2649937395,40.0354590265,40.1002180364,896278,896278,0.0,1.0,tiingo_historical_seed,
2015-11-12,IEFA,55.19,55.45,55.02,55.03,39.7116639769,39.8987455611,39.5893414025,39.5965368481,1629976,1629976,0.0,1.0,tiingo_historical_seed,
2015-11-13,IEFA,54.8,54.87,54.52,54.64,39.4310416005,39.4814097193,39.2295691252,39.3159144717,1552692,1552692,0.0,1.0,tiingo_historical_seed,
2015-11-16,IEFA,54.72,55.315,54.67,55.31,39.3734780361,39.8016070462,39.3375008084,39.7980093234,1758192,1758192,0.0,1.0,tiingo_historical_seed,
2015-11-17,IEFA,55.53,55.7,55.32,55.42,39.9563091255,40.0786316998,39.805204769,39.8771592245,1467507,1467507,0.0,1.0,tiingo_historical_seed,
2015-11-18,IEFA,55.63,55.99,55.49,55.91,40.0282635809,40.2872996207,39.9275273433,40.2297360563,2357587,2357587,0.0,1.0,tiingo_historical_seed,
2015-11-19,IEFA,56.22,56.39,56.15,56.21,40.4527948683,40.5751174426,40.4024267494,40.4455994227,1204997,1204997,0.0,1.0,tiingo_historical_seed,
2015-11-20,IEFA,56.4,56.4499,56.05,56.07,40.5823128881,40.6182181614,40.3304722939,40.344863185,2690060,2690060,0.0,1.0,tiingo_historical_seed,
2015-11-23,IEFA,55.95,56.04,55.6001,55.73,40.2585178385,40.3232768484,40.0067491988,40.1002180364,2211435,2211435,0.0,1.0,tiingo_historical_seed,
2015-11-24,IEFA,55.37,55.81,55.3,55.72,39.8411819967,40.1577816008,39.7908138779,40.0930225909,1308034,1308034,0.0,1.0,tiingo_historical_seed,
2015-11-25,IEFA,55.82,55.95,55.66,55.84,40.1649770464,40.2585178385,40.0498499176,40.1793679374,1319044,1319044,0.0,1.0,tiingo_historical_seed,
2015-11-27,IEFA,55.92,55.9399,55.819,55.88,40.2369315018,40.2512504385,40.1642575018,40.2081497196,299565,299565,0.0,1.0,tiingo_historical_seed,
2015-11-30,IEFA,55.97,55.98,55.8,55.84,40.2729087296,40.2801041751,40.1505861553,40.1793679374,1877961,1877961,0.0,1.0,tiingo_historical_seed,
2015-12-01,IEFA,56.29,56.47,56.18,56.47,40.5031629871,40.6326810069,40.4240130861,40.6326810069,2684703,2684703,0.0,1.0,tiingo_historical_seed,
2015-12-02,IEFA,56.23,56.345,55.79,55.89,40.4599903138,40.5427379376,40.1433907097,40.2153451652,1696366,1696366,0.0,1.0,tiingo_historical_seed,
2015-12-03,IEFA,56.21,56.21,55.42,55.6,40.4455994227,40.4455994227,39.8771592245,40.0066772443,2148940,2148940,0.0,1.0,tiingo_historical_seed,
2015-12-04,IEFA,55.46,56.1775,55.43,56.11,39.9059410066,40.4222142247,39.88435467,40.3736449672,1855890,1855890,0.0,1.0,tiingo_historical_seed,
2015-12-07,IEFA,55.87,55.88,55.55,55.79,40.2009542741,40.2081497196,39.9707000166,40.1433907097,2988498,2988498,0.0,1.0,tiingo_historical_seed,
2015-12-08,IEFA,54.82,55.06,54.67,54.97,39.4454324916,39.6181231847,39.3375008084,39.5533641748,2287602,2287602,0.0,1.0,tiingo_historical_seed,
2015-12-09,IEFA,54.95,55.35,54.45,54.74,39.5389732837,39.8267911056,39.1792010063,39.3878689272,2450176,2450176,0.0,1.0,tiingo_historical_seed,
2015-12-10,IEFA,54.88,55.016,54.68,54.68,39.4886051649,39.5864632243,39.3446962539,39.3446962539,2938306,2938306,0.0,1.0,tiingo_historical_seed,
2015-12-11,IEFA,54.03,54.14,53.66,53.76,38.8769922933,38.9561421944,38.6107608081,38.6827152636,4544917,4544917,0.0,1.0,tiingo_historical_seed,
2015-12-14,IEFA,53.97,54.02,53.29,53.88,38.8338196201,38.8697968478,38.3445293228,38.7690606101,3451872,3451872,0.0,1.0,tiingo_historical_seed,
2015-12-15,IEFA,54.15,54.34,53.96,54.07,38.9633376399,39.1000511053,38.8266241745,38.9057740755,3703599,3703599,0.0,1.0,tiingo_historical_seed,
2015-12-16,IEFA,54.67,55.235,54.4336,55.11,39.3375008084,39.7440434818,39.1674004756,39.6541004125,4308076,4308076,0.0,1.0,tiingo_historical_seed,
2015-12-17,IEFA,55.07,55.13,54.43,54.45,39.6253186303,39.6684913036,39.1648101152,39.1792010063,3820144,3820144,0.0,1.0,tiingo_historical_seed,
2015-12-18,IEFA,54.21,54.2825,53.89,53.91,39.0065103132,39.0586772934,38.7762560557,38.7906469468,4730788,4730788,0.0,1.0,tiingo_historical_seed,
2015-12-21,IEFA,54.03,54.15,53.495,53.78,39.1882164238,39.2752529956,38.8001783749,39.0068902327,3723054,3723054,0.430528,1.0,tiingo_historical_seed,
2015-12-22,IEFA,53.93,54.2,53.74,54.14,39.1156859474,39.3115182338,38.9778780421,39.2679999479,3257422,3257422,0.0,1.0,tiingo_historical_seed,
2015-12-23,IEFA,54.67,55.02,54.5531,55.02,39.6524114731,39.9062681407,39.5676233461,39.9062681407,4716002,4716002,0.0,1.0,tiingo_historical_seed,
2015-12-24,IEFA,54.86,55.02,54.82,54.89,39.7902193783,39.9062681407,39.7612071878,39.8119785213,1764876,1764876,0.0,1.0,tiingo_historical_seed,
2015-12-28,IEFA,54.83,54.83,54.6,54.79,39.7684602354,39.7684602354,39.6016401396,39.7394480448,2856521,2856521,0.0,1.0,tiingo_historical_seed,
2015-12-29,IEFA,55.28,55.52,55.21,55.42,40.0948473794,40.2689205229,40.0440760459,40.1963900464,4063055,4063055,0.0,1.0,tiingo_historical_seed,
2015-12-30,IEFA,55.23,55.26,55.0065,55.05,40.0585821412,40.0803412841,39.8964765263,39.9280272836,4583085,4583085,0.0,1.0,tiingo_historical_seed,
2015-12-31,IEFA,54.71,54.73,54.37,54.38,39.6814236637,39.695929759,39.4348200438,39.4420730914,3909811,3909811,0.0,1.0,tiingo_historical_seed,
2016-01-04,IEFA,53.47,53.63,52.91,53.58,38.7820457557,38.8980945181,38.3758750876,38.8618292798,2463461,2463461,0.0,1.0,tiingo_historical_seed,
2016-01-05,IEFA,53.42,53.5051,53.08,53.49,38.7457805175,38.807503953,38.4991768976,38.796551851,3051632,3051632,0.0,1.0,tiingo_historical_seed,
2016-01-06,IEFA,52.36,52.69,52.26,52.55,37.9769574672,38.2163080395,37.9044269907,38.1147653724,2784624,2784624,0.0,1.0,tiingo_historical_seed,
2016-01-07,IEFA,51.55,52.0406,51.44,51.55,37.389460608,37.7452951254,37.3096770839,37.389460608,2659920,2659920,0.0,1.0,tiingo_historical_seed,
2016-01-08,IEFA,51.75,51.82,50.8,50.89,37.5345215609,37.5852928944,36.8454820346,36.9107594634,2651498,2651498,0.0,1.0,tiingo_historical_seed,
2016-01-11,IEFA,51.43,51.47,50.63,51.07,37.3024240362,37.3314362268,36.7221802247,37.041314321,3951774,3951774,0.0,1.0,tiingo_historical_seed,
2016-01-12,IEFA,51.44,51.52,50.86,51.31,37.3096770839,37.367701465,36.8890003205,37.2153874645,2870960,2870960,0.0,1.0,tiingo_historical_seed,
2016-01-13,IEFA,51.57,51.69,50.37,50.47,37.4039667033,37.491003275,36.5336009859,36.6061314624,5707679,5707679,0.0,1.0,tiingo_historical_seed,
2016-01-14,IEFA,50.69,51.32,50.3,51.1,36.7656985105,37.2226405121,36.4828296524,37.063073464,3963716,3963716,0.0,1.0,tiingo_historical_seed,
2016-01-15,IEFA,49.58,49.79,49.03,49.29,35.960610222,36.1129242225,35.5616926015,35.7502718403,4386089,4386089,0.0,1.0,tiingo_historical_seed,
2016-01-19,IEFA,50.1,50.11,49.345,49.72,36.3377686995,36.3450217472,35.7901636023,36.062152889,3446032,3446032,0.0,1.0,tiingo_historical_seed,
2016-01-20,IEFA,48.71,48.82,47.62,48.52,35.3295950769,35.409378601,34.5390128836,35.1917871717,3857827,3857827,0.0,1.0,tiingo_historical_seed,
2016-01-21,IEFA,48.26,49.17,47.95,48.86,35.0032079329,35.6632352686,34.7783634559,35.4383907916,4544551,4544551,0.0,1.0,tiingo_historical_seed,
2016-01-22,IEFA,49.98,50.38,49.96,50.32,36.2507321278,36.5408540336,36.2362260325,36.4973357477,8894930,8894930,0.0,1.0,tiingo_historical_seed,
2016-01-25,IEFA,49.99,50.16,49.63,49.65,36.2579851754,36.3812869854,35.9968754602,36.0113815555,5759406,5759406,0.0,1.0,tiingo_historical_seed,
2016-01-26,IEFA,49.95,50.55,49.84,50.53,36.2289729848,36.6641558435,36.1491894607,36.6496497482,2781089,2781089,0.0,1.0,tiingo_historical_seed,
2016-01-27,IEFA,50.41,50.94,50.02,50.2,36.5626131765,36.9470247017,36.2797443183,36.410299176,2752613,2752613,0.0,1.0,tiingo_historical_seed,
2016-01-28,IEFA,50.7,50.75,49.97,50.37,36.7729515582,36.8092167964,36.2434790801,36.5336009859,2101901,2101901,0.0,1.0,tiingo_historical_seed,
2016-01-29,IEFA,50.58,51.32,50.53,51.28,36.6859149864,37.2226405121,36.6496497482,37.1936283216,3539136,3539136,0.0,1.0,tiingo_historical_seed,
2016-02-01,IEFA,50.87,51.415,50.74,51.25,36.8962533681,37.2915444648,36.8019637488,37.1718691786,2913846,2913846,0.0,1.0,tiingo_historical_seed,
2016-02-02,IEFA,50.54,50.54,49.919,50.04,36.6569027959,36.6569027959,36.2064885371,36.2942504136,2805153,2805153,0.0,1.0,tiingo_historical_seed,
2016-02-03,IEFA,50.33,50.49,49.45,50.47,36.5045887953,36.6206375576,35.8663206026,36.6061314624,4211428,4211428,0.0,1.0,tiingo_historical_seed,
2016-02-04,IEFA,50.19,50.7,50.06,50.48,36.4030461283,36.7729515582,36.3087565089,36.61338451,2927469,2927469,0.0,1.0,tiingo_historical_seed,
2016-02-05,IEFA,50.34,50.39,49.56,49.71,36.511841843,36.5481070812,35.9461041267,36.0548998414,2993324,2993324,0.0,1.0,tiingo_historical_seed,
2016-02-08,IEFA,48.95,48.95,48.34,48.82,35.5036682204,35.5036682204,35.0612323141,35.409378601,2558823,2558823,0.0,1.0,tiingo_historical_seed,
2016-02-09,IEFA,47.78,48.47,47.73,48.24,34.655061646,35.1555219334,34.6187964077,34.9887018376,3493963,3493963,0.0,1.0,tiingo_historical_seed,
2016-02-10,IEFA,48.42,48.785,48.14,48.2,35.1192566952,35.3839929342,34.9161713612,34.959689647,4948937,4948937,0.0,1.0,tiingo_historical_seed,
2016-02-11,IEFA,47.56,47.78,47.13,47.57,34.4954945978,34.655061646,34.1836135491,34.5027476454,4084084,4084084,0.0,1.0,tiingo_historical_seed,
2016-02-12,IEFA,47.63,48.2925,47.455,48.27,34.5462659313,35.0267803377,34.4193375975,35.0104609805,2179184,2179184,0.0,1.0,tiingo_historical_seed,
2016-02-16,IEFA,49.15,49.26,48.76,49.21,35.6487291733,35.7285126974,35.3658603151,35.6922474591,4964100,4964100,0.0,1.0,tiingo_historical_seed,
2016-02-17,IEFA,49.69,50.18,49.66,50.11,36.0403937461,36.3957930807,36.0186346031,36.3450217472,2174053,2174053,0.0,1.0,tiingo_historical_seed,
2016-02-18,IEFA,50.31,50.35,49.885,49.95,36.4900827,36.5190948906,36.1818281751,36.2289729848,3096499,3096499,0.0,1.0,tiingo_historical_seed,
2016-02-19,IEFA,49.55,49.9,49.41,49.87,35.9388510791,36.1927077466,35.837308412,36.1709486037,1847581,1847581,0.0,1.0,tiingo_historical_seed,
2016-02-22,IEFA,50.18,50.47,50.18,50.43,36.3957930807,36.6061314624,36.3957930807,36.5771192718,3968733,3968733,0.0,1.0,tiingo_historical_seed,
2016-02-23,IEFA,50.12,50.15,49.55,49.6,36.3522747948,36.3740339377,35.9388510791,35.9751163173,2136528,2136528,0.0,1.0,tiingo_historical_seed,
2016-02-24,IEFA,48.81,49.59,48.63,49.52,35.4021255534,35.9678632696,35.2715706957,35.9170919361,3167137,3167137,0.0,1.0,tiingo_historical_seed,
2016-02-25,IEFA,49.76,50.14,49.555,50.14,36.0911650796,36.3667808901,35.9424776029,36.3667808901,2711649,2711649,0.0,1.0,tiingo_historical_seed,
2016-02-26,IEFA,50.35,50.38,49.87,49.95,36.5190948906,36.5408540336,36.1709486037,36.2289729848,1941188,1941188,0.0,1.0,tiingo_historical_seed,
2016-02-29,IEFA,49.9,50.13,49.65,49.66,36.1927077466,36.3595278424,36.0113815555,36.0186346031,4126737,4126737,0.0,1.0,tiingo_historical_seed,
2016-03-01,IEFA,50.44,51.02,50.2831,51.0,36.5843723194,37.0050490828,36.4705720019,36.9905429875,2617502,2617502,0.0,1.0,tiingo_historical_seed,
2016-03-02,IEFA,50.92,51.335,50.82,51.32,36.9325186064,37.2335200836,36.8599881299,37.2226405121,3626646,3626646,0.0,1.0,tiingo_historical_seed,
2016-03-03,IEFA,51.42,51.8185,51.3715,51.8,37.2951709886,37.5842049372,37.2599937075,37.5707867991,1706531,1706531,0.0,1.0,tiingo_historical_seed,
2016-03-04,IEFA,52.15,52.475,52.07,52.22,37.8246434667,38.0603675151,37.7666190855,37.8754148002,2239999,2239999,0.0,1.0,tiingo_historical_seed,
2016-03-07,IEFA,51.67,52.3,51.63,52.16,37.4764971797,37.9334391813,37.4474849891,37.8318965143,2877173,2877173,0.0,1.0,tiingo_historical_seed,
2016-03-08,IEFA,51.89,51.9286,51.54,51.56,37.6360642279,37.6640609918,37.3822075603,37.3967136556,2741195,2741195,0.0,1.0,tiingo_historical_seed,
2016-03-09,IEFA,51.82,51.91,51.63,51.79,37.5852928944,37.6505703232,37.4474849891,37.5635337514,2125869,2125869,0.0,1.0,tiingo_historical_seed,
2016-03-10,IEFA,52.21,52.51,51.3,51.72,37.8681617525,38.0857531819,37.2081344169,37.5127624179,3506664,3506664,0.0,1.0,tiingo_historical_seed,
2016-03-11,IEFA,52.6,53.08,52.6,53.06,38.1510306107,38.4991768976,38.1510306107,38.4846708023,1840066,1840066,0.0,1.0,tiingo_historical_seed,
2016-03-14,IEFA,52.94,53.12,52.85,52.97,38.3976342306,38.5281890882,38.3323568018,38.4193933735,3282185,3282185,0.0,1.0,tiingo_historical_seed,
2016-03-15,IEFA,52.43,52.53,52.28,52.46,38.0277288007,38.1002592771,37.918933086,38.0494879436,1897585,1897585,0.0,1.0,tiingo_historical_seed,
2016-03-16,IEFA,52.15,53.02,52.0001,52.99,37.8246434667,38.4556586117,37.7159202825,38.4338994688,1781334,1781334,0.0,1.0,tiingo_historical_seed,
2016-03-17,IEFA,53.01,53.51,52.85,53.42,38.4484055641,38.8110579463,38.3323568018,38.7457805175,2800863,2800863,0.0,1.0,tiingo_historical_seed,
2016-03-18,IEFA,53.37,53.48,53.22,53.31,38.7095152793,38.7892988034,38.6007195646,38.6659969934,1801322,1801322,0.0,1.0,tiingo_historical_seed,
2016-03-21,IEFA,53.12,53.32,53.05,53.21,38.5281890882,38.6732500411,38.4774177547,38.593466517,1245373,1245373,0.0,1.0,tiingo_historical_seed,
2016-03-22,IEFA,52.86,53.23,52.75,53.12,38.3396098494,38.6079726123,38.2598263253,38.5281890882,1371794,1371794,0.0,1.0,tiingo_historical_seed,
2016-03-23,IEFA,53.02,53.02,52.53,52.58,38.4556586117,38.4556586117,38.1002592771,38.1365245154,1345670,1345670,0.0,1.0,tiingo_historical_seed,
2016-03-24,IEFA,51.98,52.27,51.9,52.27,37.7013416567,37.9116800384,37.6433172755,37.9116800384,1686284,1686284,0.0,1.0,tiingo_historical_seed,
2016-03-28,IEFA,52.6,52.8199,52.45,52.58,38.1510306107,38.3105251284,38.042234896,38.1365245154,1789740,1789740,0.0,1.0,tiingo_historical_seed,
2016-03-29,IEFA,52.35,53.16,52.22,53.14,37.9697044195,38.5572012788,37.8754148002,38.5426951835,1842442,1842442,0.0,1.0,tiingo_historical_seed,
2016-03-30,IEFA,53.58,53.855,53.48,53.55,38.8618292798,39.0612880901,38.7892988034,38.8400701369,1674140,1674140,0.0,1.0,tiingo_historical_seed,
2016-03-31,IEFA,53.36,53.4567,53.1,53.14,38.7022622317,38.7723992024,38.5136829929,38.5426951835,6261674,6261674,0.0,1.0,tiingo_historical_seed,
2016-04-01,IEFA,52.03,52.59,51.97,52.51,37.7376068949,38.143777563,37.694088609,38.0857531819,2695133,2695133,0.0,1.0,tiingo_historical_seed,
2016-04-04,IEFA,52.69,52.77,52.3795,52.47,38.2163080395,38.2743324206,37.9911009101,38.0567409913,1557298,1557298,0.0,1.0,tiingo_historical_seed,
2016-04-05,IEFA,51.46,51.58,51.34,51.41,37.3241831792,37.4112197509,37.2371466074,37.287917941,1926862,1926862,0.0,1.0,tiingo_historical_seed,
2016-04-06,IEFA,51.57,52.23,51.515,52.21,37.4039667033,37.8826678478,37.3640749412,37.8681617525,2738768,2738768,0.0,1.0,tiingo_historical_seed,
2016-04-07,IEFA,51.85,51.96,51.3567,51.48,37.6070520373,37.6868355614,37.249259197,37.3386892745,1739008,1739008,0.0,1.0,tiingo_historical_seed,
2016-04-08,IEFA,52.54,52.641,52.34,52.5,38.1075123248,38.180768106,37.9624513719,38.0785001342,1713162,1713162,0.0,1.0,tiingo_historical_seed,
2016-04-11,IEFA,52.86,53.04,52.515,52.53,38.3396098494,38.470164707,38.0893797057,38.1002592771,1833961,1833961,0.0,1.0,tiingo_historical_seed,
2016-04-12,IEFA,52.92,53.39,52.62,53.29,38.3831281353,38.7240213746,38.1655367059,38.6514908981,1973077,1973077,0.0,1.0,tiingo_historical_seed,
2016-04-13,IEFA,54.0,54.19,53.87,54.1,39.1664572809,39.3042651862,39.0721676615,39.2389877574,1402686,1402686,0.0,1.0,tiingo_historical_seed,
2016-04-14,IEFA,54.33,54.39,54.13,54.18,39.4058078532,39.449326139,39.2607469003,39.2970121385,1199904,1199904,0.0,1.0,tiingo_historical_seed,
2016-04-15,IEFA,54.17,54.24,54.03,54.04,39.2897590909,39.3405304244,39.1882164238,39.1954694715,2504960,2504960,0.0,1.0,tiingo_historical_seed,
2016-04-18,IEFA,54.03,54.58,53.98,54.51,39.1882164238,39.5871340443,39.1519511856,39.5363627108,1574380,1574380,0.0,1.0,tiingo_historical_seed,
2016-04-19,IEFA,55.29,55.5499,55.24,55.47,40.1021004271,40.2906071353,40.0658351888,40.2326552847,2101535,2101535,0.0,1.0,tiingo_historical_seed,
2016-04-20,IEFA,55.44,55.715,55.31,55.45,40.2108961417,40.410354952,40.1166065223,40.2181491894,1605541,1605541,0.0,1.0,tiingo_historical_seed,
2016-04-21,IEFA,55.35,55.39,54.98,55.11,40.1456187129,40.1746309035,39.8772559501,39.9715455695,1908999,1908999,0.0,1.0,tiingo_historical_seed,
2016-04-22,IEFA,55.06,55.2167,54.886,55.13,39.9352803312,40.0489355878,39.8090773022,39.9860516647,3368121,3368121,0.0,1.0,tiingo_historical_seed,
2016-04-25,IEFA,54.88,54.916,54.68,54.89,39.8047254736,39.8308364452,39.6596645207,39.8119785213,1789955,1789955,0.0,1.0,tiingo_historical_seed,
2016-04-26,IEFA,55.12,55.16,54.89,55.06,39.9787986171,40.0078108077,39.8119785213,39.9352803312,1593528,1593528,0.0,1.0,tiingo_historical_seed,
2016-04-27,IEFA,54.88,55.235,54.83,55.14,39.8047254736,40.062208665,39.7684602354,39.9933047124,1602498,1602498,0.0,1.0,tiingo_historical_seed,
2016-04-28,IEFA,54.46,54.915,54.29,54.42,39.5000974726,39.8301111404,39.3767956626,39.471085282,2921646,2921646,0.0,1.0,tiingo_historical_seed,
2016-04-29,IEFA,54.49,54.5401,54.01,54.2,39.5218566155,39.5581943842,39.1737103285,39.3115182338,2795426,2795426,0.0,1.0,tiingo_historical_seed,
2016-05-02,IEFA,54.67,54.82,54.49,54.74,39.6524114731,39.7612071878,39.5218566155,39.7031828066,2018821,2018821,0.0,1.0,tiingo_historical_seed,
2016-05-03,IEFA,54.25,54.25,53.805,53.86,39.347783472,39.347783472,39.0250228518,39.0649146139,2049999,2049999,0.0,1.0,tiingo_historical_seed,
2016-05-04,IEFA,53.37,53.5,53.1232,53.24,38.7095152793,38.8038048987,38.5305100634,38.6152256599,1748649,1748649,0.0,1.0,tiingo_historical_seed,
2016-05-05,IEFA,53.28,53.36,53.01,53.2,38.6442378505,38.7022622317,38.4484055641,38.5862134693,2123900,2123900,0.0,1.0,tiingo_historical_seed,
2016-05-06,IEFA,52.98,53.355,52.92,53.34,38.4266464212,38.6986357078,38.3831281353,38.6877561364,5361723,5361723,0.0,1.0,tiingo_historical_seed,
2016-05-09,IEFA,53.5,53.55,53.1961,53.22,38.8038048987,38.8400701369,38.5833847808,38.6007195646,1211461,1211461,0.0,1.0,tiingo_historical_seed,
2016-05-10,IEFA,53.57,53.97,53.57,53.97,38.8545762322,39.144698138,38.8545762322,39.144698138,1358225,1358225,0.0,1.0,tiingo_historical_seed,
2016-05-11,IEFA,53.58,53.82,53.5,53.51,38.8618292798,39.0359024233,38.8038048987,38.8110579463,2021896,2021896,0.0,1.0,tiingo_historical_seed,
2016-05-12,IEFA,54.0,54.0,53.2564,53.49,39.1664572809,39.1664572809,38.6271206581,38.796551851,1541053,1541053,0.0,1.0,tiingo_historical_seed,
2016-05-13,IEFA,53.08,53.28,52.8,52.91,38.4991768976,38.6442378505,38.2960915636,38.3758750876,1785814,1785814,0.0,1.0,tiingo_historical_seed,
2016-05-16,IEFA,53.06,53.57,53.06,53.54,38.4846708023,38.8545762322,38.4846708023,38.8328170893,5414268,5414268,0.0,1.0,tiingo_historical_seed,
2016-05-17,IEFA,53.5,53.63,53.125,53.2,38.8038048987,38.8980945181,38.531815612,38.5862134693,2477038,2477038,0.0,1.0,tiingo_historical_seed,
2016-05-18,IEFA,53.21,53.7499,53.0126,53.21,38.593466517,38.9850585593,38.4502913565,38.593466517,2526074,2526074,0.0,1.0,tiingo_historical_seed,
2016-05-19,IEFA,52.92,52.985,52.69,52.91,38.3831281353,38.430272945,38.2163080395,38.3758750876,2257891,2257891,0.0,1.0,tiingo_historical_seed,
2016-05-20,IEFA,53.33,53.43,53.1965,53.3,38.6805030887,38.7530335652,38.5836749027,38.6587439458,2179423,2179423,0.0,1.0,tiingo_historical_seed,
2016-05-23,IEFA,53.19,53.31,53.0765,53.19,38.5789604217,38.6659969934,38.4966383309,38.5789604217,1817431,1817431,0.0,1.0,tiingo_historical_seed,
2016-05-24,IEFA,53.55,54.02,53.52,53.94,38.8400701369,39.1809633762,38.818310994,39.122938995,1912581,1912581,0.0,1.0,tiingo_historical_seed,
2016-05-25,IEFA,54.3,54.569,54.27,54.44,39.3840487102,39.5791556919,39.3622895673,39.4855913773,1477066,1477066,0.0,1.0,tiingo_historical_seed,
2016-05-26,IEFA,54.64,54.7,54.43,54.55,39.6306523302,39.674170616,39.4783383296,39.5653749014,2508549,2508549,0.0,1.0,tiingo_historical_seed,
2016-05-27,IEFA,54.45,54.565,54.3538,54.46,39.4928444249,39.5762544728,39.4230701066,39.5000974726,1750496,1750496,0.0,1.0,tiingo_historical_seed,
2016-05-31,IEFA,54.72,54.81,54.13,54.27,39.6886767113,39.7539541401,39.2607469003,39.3622895673,2694087,2694087,0.0,1.0,tiingo_historical_seed,
2016-06-01,IEFA,54.11,54.29,53.96,54.2,39.246240805,39.3767956626,39.1374450903,39.3115182338,2143627,2143627,0.0,1.0,tiingo_historical_seed,
2016-06-02,IEFA,53.99,54.25,53.87,54.25,39.1592042333,39.347783472,39.0721676615,39.347783472,2069452,2069452,0.0,1.0,tiingo_historical_seed,
2016-06-03,IEFA,54.4,54.62,54.18,54.62,39.4565791867,39.6161462349,39.2970121385,39.6161462349,2309197,2309197,0.0,1.0,tiingo_historical_seed,
2016-06-06,IEFA,54.8,55.0365,54.74,54.91,39.7467010925,39.9182356693,39.7031828066,39.8264846166,1697260,1697260,0.0,1.0,tiingo_historical_seed,
2016-06-07,IEFA,55.35,55.45,55.27,55.29,40.1456187129,40.2181491894,40.0875943318,40.1021004271,1275120,1275120,0.0,1.0,tiingo_historical_seed,
2016-06-08,IEFA,55.5,55.57,55.38,55.44,40.2544144276,40.3051857611,40.1673778559,40.2108961417,1318291,1318291,0.0,1.0,tiingo_historical_seed,
2016-06-09,IEFA,54.79,54.915,54.6124,54.75,39.7394480448,39.8301111404,39.6106339187,39.7104358543,2643656,2643656,0.0,1.0,tiingo_historical_seed,
2016-06-10,IEFA,53.67,53.71,53.05,53.22,38.9271067086,38.9561188992,38.4774177547,38.6007195646,2006516,2006516,0.0,1.0,tiingo_historical_seed,
2016-06-13,IEFA,52.51,52.91,52.29,52.42,38.0857531819,38.3758750876,37.9261861337,38.0204757531,2192788,2192788,0.0,1.0,tiingo_historical_seed,
2016-06-14,IEFA,51.85,51.975,51.35,51.63,37.6070520373,37.6977151329,37.2443996551,37.4474849891,3017003,3017003,0.0,1.0,tiingo_historical_seed,
2016-06-15,IEFA,52.06,52.2398,51.85,51.98,37.7593660379,37.8897758345,37.6070520373,37.7013416567,2670914,2670914,0.0,1.0,tiingo_historical_seed,
2016-06-16,IEFA,51.21,52.04,50.8257,52.03,37.1428569881,37.7448599426,36.8641223671,37.7376068949,2353366,2353366,0.0,1.0,tiingo_historical_seed,
2016-06-17,IEFA,52.25,52.64,51.95,52.55,37.8971739431,38.1800428012,37.6795825138,38.1147653724,2070466,2070466,0.0,1.0,tiingo_historical_seed,
2016-06-20,IEFA,54.11,54.23,53.81,53.81,39.246240805,39.3332773767,39.0286493757,39.0286493757,2231211,2231211,0.0,1.0,tiingo_historical_seed,
2016-06-21,IEFA,54.27,54.63,54.03,54.24,39.3622895673,39.6233992825,39.1882164238,39.3405304244,2171866,2171866,0.0,1.0,tiingo_historical_seed,
2016-06-22,IEFA,53.45,53.65,53.17,53.18,39.493182274,39.6409584471,39.2862956316,39.2936844402,3831972,3831972,0.995412,1.0,tiingo_historical_seed,
2016-06-23,IEFA,54.31,54.7,53.92,54.64,40.1286198185,40.4167833562,39.8404562809,40.3724505042,2780758,2780758,0.0,1.0,tiingo_historical_seed,
2016-06-24,IEFA,50.14,51.22,49.93,49.93,37.0474866084,37.8454779434,36.8923216266,36.8923216266,5356315,5356315,0.0,1.0,tiingo_historical_seed,
2016-06-27,IEFA,49.24,49.24,48.33,48.91,36.3824938292,36.3824938292,35.7101122414,36.1386631435,4943004,4943004,0.0,1.0,tiingo_historical_seed,
2016-06-28,IEFA,50.1,50.25,49.65,50.25,37.0179313738,37.1287635036,36.6854349842,37.1287635036,3557336,3557336,0.0,1.0,tiingo_historical_seed,
2016-06-29,IEFA,50.98,51.3,50.87,51.13,37.6681465356,37.9045884127,37.5868696404,37.7789786655,2630993,2630993,0.0,1.0,tiingo_historical_seed,
2016-06-30,IEFA,51.2,51.9,51.1,51.89,37.8307003261,38.3479169321,37.7568122395,38.3405281234,7080622,7080622,0.0,1.0,tiingo_historical_seed,
2016-07-01,IEFA,51.96,52.08,51.8313,51.95,38.392249784,38.4809154879,38.2971558166,38.3848609754,2589601,2589601,0.0,1.0,tiingo_historical_seed,
2016-07-05,IEFA,51.27,51.3,50.69,50.8,37.8824219867,37.9045884127,37.4538710845,37.5351479798,2912200,2912200,0.0,1.0,tiingo_historical_seed,
2016-07-06,IEFA,50.29,50.77,49.96,50.75,37.1583187382,37.5129815538,36.9144880526,37.4982039365,2620981,2620981,0.0,1.0,tiingo_historical_seed,
2016-07-07,IEFA,50.9,51.035,50.425,50.61,37.6090360664,37.7087849832,37.2580676551,37.3947606153,2136607,2136607,0.0,1.0,tiingo_historical_seed,
2016-07-08,IEFA,51.19,51.43,51.05,51.37,37.8233115174,38.0006429252,37.7198681962,37.9563100733,1916925,1916925,0.0,1.0,tiingo_historical_seed,
2016-07-11,IEFA,52.03,52.34,52.03,52.13,38.4439714446,38.673024513,38.4439714446,38.5178595312,2515598,2515598,0.0,1.0,tiingo_historical_seed,
2016-07-12,IEFA,52.89,53.0567,52.77,52.81,39.0794089892,39.2025804295,38.9907432853,39.0202985199,2775543,2775543,0.0,1.0,tiingo_historical_seed,
2016-07-13,IEFA,52.99,53.06,52.7,52.77,39.1532970758,39.2050187364,38.9390216247,38.9907432853,1821168,1821168,0.0,1.0,tiingo_historical_seed,
2016-07-14,IEFA,53.26,53.35,53.13,53.21,39.3527949095,39.4192941874,39.256740397,39.3158508662,1088911,1088911,0.0,1.0,tiingo_historical_seed,
2016-07-15,IEFA,53.04,53.05,52.79,52.9,39.190241119,39.1976299277,39.0055209026,39.0867977978,2852568,2852568,0.0,1.0,tiingo_historical_seed,
2016-07-18,IEFA,52.95,53.19,52.84,53.03,39.1237418411,39.3010732489,39.0424649459,39.1828523104,1157028,1157028,0.0,1.0,tiingo_historical_seed,
2016-07-19,IEFA,52.69,52.75,52.5,52.63,38.931632816,38.975965668,38.7912454515,38.8872999641,1828769,1828769,0.0,1.0,tiingo_historical_seed,
2016-07-20,IEFA,53.03,53.169,52.89,53.08,39.1828523104,39.2855567507,39.0794089892,39.2197963537,1337663,1337663,0.0,1.0,tiingo_historical_seed,
2016-07-21,IEFA,52.9,53.12,52.8,52.91,39.0867977978,39.2493515883,39.0129097113,39.0941866065,1492129,1492129,0.0,1.0,tiingo_historical_seed,
2016-07-22,IEFA,53.04,53.04,52.84,52.96,39.190241119,39.190241119,39.0424649459,39.1311306498,1278293,1278293,0.0,1.0,tiingo_historical_seed,
2016-07-25,IEFA,53.06,53.0699,52.81,52.94,39.2050187364,39.2123336569,39.0202985199,39.1163530325,987233,987233,0.0,1.0,tiingo_historical_seed,
2016-07-26,IEFA,53.18,53.33,52.97,53.16,39.2936844402,39.4045165701,39.1385194584,39.2789068229,1480614,1480614,0.0,1.0,tiingo_historical_seed,
2016-07-27,IEFA,53.48,53.55,53.0,53.42,39.5153487,39.5670703606,39.1606858844,39.471015848,1258966,1258966,0.0,1.0,tiingo_historical_seed,
2016-07-28,IEFA,53.38,53.48,53.14,53.4,39.4414606134,39.5153487,39.2641292056,39.4562382307,1026900,1026900,0.0,1.0,tiingo_historical_seed,
2016-07-29,IEFA,53.85,54.1361,53.74,54.06,39.7887346203,40.000128436,39.7074577251,39.9438996021,2265667,2265667,0.0,1.0,tiingo_historical_seed,
2016-08-01,IEFA,53.89,53.99,53.635,53.67,39.8182898549,39.8921779415,39.6298752342,39.6557360645,4723587,4723587,0.0,1.0,tiingo_historical_seed,
2016-08-02,IEFA,53.64,53.64,53.265,53.45,39.6335696385,39.6335696385,39.3564893138,39.493182274,1464637,1464637,0.0,1.0,tiingo_historical_seed,
2016-08-03,IEFA,53.05,53.25,52.99,53.24,39.1976299277,39.3454061009,39.1532970758,39.3380172922,1544985,1544985,0.0,1.0,tiingo_historical_seed,
2016-08-04,IEFA,53.43,53.56,53.31,53.55,39.4784046567,39.5744591692,39.3897389528,39.5670703606,1278040,1278040,0.0,1.0,tiingo_historical_seed,
2016-08-05,IEFA,53.57,53.79,53.5242,53.75,39.5818479779,39.7444017684,39.5480072342,39.7148465337,1244252,1244252,0.0,1.0,tiingo_historical_seed,
2016-08-08,IEFA,53.84,53.89,53.78,53.86,39.7813458116,39.8182898549,39.7370129597,39.796123429,1412458,1412458,0.0,1.0,tiingo_historical_seed,
2016-08-09,IEFA,54.07,54.44,54.07,54.29,39.9512884108,40.2246743311,39.9512884108,40.1138422012,1065159,1065159,0.0,1.0,tiingo_historical_seed,
2016-08-10,IEFA,54.66,54.69,54.46,54.48,40.3872281215,40.4093945475,40.2394519484,40.2542295657,1775076,1775076,0.0,1.0,tiingo_historical_seed,
2016-08-11,IEFA,54.76,55.01,54.705,54.89,40.4611162081,40.6458364246,40.4204777605,40.5571707207,1156014,1156014,0.0,1.0,tiingo_historical_seed,
2016-08-12,IEFA,54.91,54.99,54.71,54.76,40.571948338,40.6310588072,40.4241721648,40.4611162081,3200009,3200009,0.0,1.0,tiingo_historical_seed,
2016-08-15,IEFA,54.96,55.0872,54.9362,54.96,40.6088923813,40.7028780274,40.5913070167,40.6088923813,952851,952851,0.0,1.0,tiingo_historical_seed,
2016-08-16,IEFA,54.92,55.03,54.81,54.84,40.5793371466,40.6606140419,40.4980602514,40.5202266774,1732825,1732825,0.0,1.0,tiingo_historical_seed,
2016-08-17,IEFA,54.72,54.9758,54.475,54.84,40.4315609735,40.620566699,40.2505351614,40.5202266774,913262,913262,0.0,1.0,tiingo_historical_seed,
2016-08-18,IEFA,54.85,55.12,54.81,55.11,40.527615486,40.7271133198,40.4980602514,40.7197245111,1275213,1275213,0.0,1.0,tiingo_historical_seed,
2016-08-19,IEFA,54.51,54.73,54.41,54.69,40.2763959917,40.4389497822,40.2025079051,40.4093945475,1141049,1141049,0.0,1.0,tiingo_historical_seed,
2016-08-22,IEFA,54.53,54.82,54.48,54.77,40.291173609,40.5054490601,40.2542295657,40.4685050168,1386216,1386216,0.0,1.0,tiingo_historical_seed,
2016-08-23,IEFA,55.16,55.25,55.0,55.02,40.7566685544,40.8231678323,40.6384476159,40.6532252332,1744846,1744846,0.0,1.0,tiingo_historical_seed,
2016-08-24,IEFA,55.12,55.12,54.839,54.9,40.7271133198,40.7271133198,40.5194877965,40.5645595293,1369670,1369670,0.0,1.0,tiingo_historical_seed,
2016-08-25,IEFA,54.7,54.81,54.62,54.66,40.4167833562,40.4980602514,40.3576728869,40.3872281215,785228,785228,0.0,1.0,tiingo_historical_seed,
2016-08-26,IEFA,54.8,55.23,54.1,54.31,40.4906714428,40.808390215,39.9734548367,40.1286198185,1641596,1641596,0.0,1.0,tiingo_historical_seed,
2016-08-29,IEFA,54.18,54.51,54.18,54.5,40.032565306,40.2763959917,40.032565306,40.269007183,566481,566481,0.0,1.0,tiingo_historical_seed,
2016-08-30,IEFA,54.53,54.6,54.292,54.39,40.291173609,40.3428952696,40.115319963,40.1877302878,1267382,1267382,0.0,1.0,tiingo_historical_seed,
2016-08-31,IEFA,54.36,54.4425,54.085,54.27,40.1655638618,40.2265215333,39.9623716237,40.0990645839,1842160,1842160,0.0,1.0,tiingo_historical_seed,
2016-09-01,IEFA,54.56,54.7,54.3664,54.68,40.313340035,40.4167833562,40.1702926994,40.4020057389,1065605,1065605,0.0,1.0,tiingo_historical_seed,
2016-09-02,IEFA,55.18,55.34,54.99,55.25,40.7714461717,40.8896671103,40.6310588072,40.8231678323,3333841,3333841,0.0,1.0,tiingo_historical_seed,
2016-09-06,IEFA,55.48,55.74,55.41,55.71,40.9931104315,41.1852194566,40.9413887709,41.1630530306,1233760,1233760,0.0,1.0,tiingo_historical_seed,
2016-09-07,IEFA,55.91,55.975,55.66,55.78,41.3108292037,41.35885646,41.1261089873,41.2147746912,1652178,1652178,0.0,1.0,tiingo_historical_seed,
2016-09-08,IEFA,55.76,55.885,55.57,55.63,41.1999970739,41.2923571821,41.0596097094,41.1039425613,1490589,1490589,0.0,1.0,tiingo_historical_seed,
2016-09-09,IEFA,55.21,55.21,54.52,54.53,40.7936125977,40.7936125977,40.2837848003,40.291173609,2573891,2573891,0.0,1.0,tiingo_historical_seed,
2016-09-12,IEFA,54.17,55.01,54.1,55.0,40.0251764973,40.6458364246,39.9734548367,40.6384476159,5971988,5971988,0.0,1.0,tiingo_historical_seed,
2016-09-13,IEFA,54.3,54.39,53.7,53.9,40.1212310099,40.1877302878,39.6779024904,39.8256786636,6401219,6401219,0.0,1.0,tiingo_historical_seed,
2016-09-14,IEFA,53.87,54.12,53.7465,53.84,39.8035122376,39.988232454,39.7122604507,39.7813458116,1944449,1944449,0.0,1.0,tiingo_historical_seed,
2016-09-15,IEFA,53.89,54.4,53.75,54.33,39.8182898549,40.1951190965,39.7148465337,40.1433974359,1629215,1629215,0.0,1.0,tiingo_historical_seed,
2016-09-16,IEFA,53.74,53.755,53.51,53.64,39.7074577251,39.7185409381,39.5375151259,39.6335696385,1403110,1403110,0.0,1.0,tiingo_historical_seed,
2016-09-19,IEFA,54.16,54.229,53.85,53.94,40.0177876887,40.0687704684,39.7887346203,39.8552338982,1128254,1128254,0.0,1.0,tiingo_historical_seed,
2016-09-20,IEFA,54.41,54.44,54.1599,54.2,40.2025079051,40.2246743311,40.0177138006,40.0473429233,923866,923866,0.0,1.0,tiingo_historical_seed,
2016-09-21,IEFA,54.78,55.225,54.56,55.15,40.4758938254,40.8046958107,40.313340035,40.7492797458,1614743,1614743,0.0,1.0,tiingo_historical_seed,
2016-09-22,IEFA,55.97,56.06,55.675,55.74,41.3551620557,41.4216613336,41.1371922003,41.1852194566,5805381,5805381,0.0,1.0,tiingo_historical_seed,
2016-09-23,IEFA,55.31,55.448,55.25,55.26,40.8675006843,40.9694662438,40.8231678323,40.830556641,1661955,1661955,0.0,1.0,tiingo_historical_seed,
2016-09-26,IEFA,54.83,54.8868,54.7,54.77,40.5128378687,40.5548063019,40.4167833562,40.4685050168,932196,932196,0.0,1.0,tiingo_historical_seed,
2016-09-27,IEFA,54.58,55.055,54.52,55.0,40.3281176523,40.6790860635,40.2837848003,40.6384476159,1504547,1504547,0.0,1.0,tiingo_historical_seed,
2016-09-28,IEFA,55.24,55.48,54.8897,55.47,40.8157790237,40.9931104315,40.5569490564,40.9857216228,1681955,1681955,0.0,1.0,tiingo_historical_seed,
2016-09-29,IEFA,55.28,55.41,54.59,54.77,40.8453342583,40.9413887709,40.3355064609,40.4685050168,2001420,2001420,0.0,1.0,tiingo_historical_seed,
2016-09-30,IEFA,54.86,55.315,54.83,55.14,40.5350042947,40.8711950886,40.5128378687,40.7418909371,2545974,2545974,0.0,1.0,tiingo_historical_seed,
2016-10-03,IEFA,55.0,55.145,54.925,55.07,40.6384476159,40.7455853414,40.583031551,40.6901692765,2289209,2289209,0.0,1.0,tiingo_historical_seed,
2016-10-04,IEFA,55.28,55.405,54.8234,55.01,40.8453342583,40.9376943665,40.507961255,40.6458364246,5247862,5247862,0.0,1.0,tiingo_historical_seed,
2016-10-05,IEFA,55.17,55.3,55.09,55.24,40.7640573631,40.8601118756,40.7049468938,40.8157790237,2736746,2736746,0.0,1.0,tiingo_historical_seed,
2016-10-06,IEFA,54.94,54.97,54.77,54.94,40.594114764,40.6162811899,40.4685050168,40.594114764,3625353,3625353,0.0,1.0,tiingo_historical_seed,
2016-10-07,IEFA,54.69,54.7,54.19,54.61,40.4093945475,40.4167833562,40.0399541146,40.3502840783,6464409,6464409,0.0,1.0,tiingo_historical_seed,
2016-10-10,IEFA,54.69,54.88,54.68,54.73,40.4093945475,40.549781912,40.4020057389,40.4389497822,1525293,1525293,0.0,1.0,tiingo_historical_seed,
2016-10-11,IEFA,54.54,54.54,53.85,53.96,40.2985624177,40.2985624177,39.7887346203,39.8700115155,3378330,3378330,0.0,1.0,tiingo_historical_seed,
2016-10-12,IEFA,53.92,54.0,53.73,53.89,39.8404562809,39.8995667502,39.7000689164,39.8182898549,2676297,2676297,0.0,1.0,tiingo_historical_seed,
2016-10-13,IEFA,53.32,53.82,53.17,53.7,39.3971277615,39.7665681943,39.2862956316,39.6779024904,9466874,9466874,0.0,1.0,tiingo_historical_seed,
2016-10-14,IEFA,54.03,54.125,53.74,53.74,39.9217331761,39.9919268584,39.7074577251,39.7074577251,1947200,1947200,0.0,1.0,tiingo_historical_seed,
2016-10-17,IEFA,53.65,53.749,53.52,53.61,39.6409584471,39.7141076529,39.5449039346,39.6114032125,2203876,2203876,0.0,1.0,tiingo_historical_seed,
2016-10-18,IEFA,54.27,54.3,54.0752,54.16,40.0990645839,40.1212310099,39.9551305913,40.0177876887,2368792,2368792,0.0,1.0,tiingo_historical_seed,
2016-10-19,IEFA,54.23,54.44,54.23,54.33,40.0695093493,40.2246743311,40.0695093493,40.1433974359,1395691,1395691,0.0,1.0,tiingo_historical_seed,
2016-10-20,IEFA,54.23,54.48,54.17,54.4,40.0695093493,40.2542295657,40.0251764973,40.1951190965,2167264,2167264,0.0,1.0,tiingo_historical_seed,
2016-10-21,IEFA,53.99,54.275,53.96,54.27,39.8921779415,40.1027589882,39.8700115155,40.0990645839,2415846,2415846,0.0,1.0,tiingo_historical_seed,
2016-10-24,IEFA,54.36,54.42,54.125,54.24,40.1655638618,40.2098967138,39.9919268584,40.0768981579,1364682,1364682,0.0,1.0,tiingo_historical_seed,
2016-10-25,IEFA,54.09,54.24,53.98,54.19,39.9660660281,40.0768981579,39.8847891328,40.0399541146,2133678,2133678,0.0,1.0,tiingo_historical_seed,
2016-10-26,IEFA,53.94,54.115,53.84,53.91,39.8552338982,39.9845380497,39.7813458116,39.8330674722,3343330,3343330,0.0,1.0,tiingo_historical_seed,
2016-10-27,IEFA,54.08,54.08,53.79,53.86,39.9586772194,39.9586772194,39.7444017684,39.796123429,2036749,2036749,0.0,1.0,tiingo_historical_seed,
2016-10-28,IEFA,53.77,53.95,53.715,53.85,39.729624151,39.8626227069,39.6889857034,39.7887346203,2122351,2122351,0.0,1.0,tiingo_historical_seed,
2016-10-31,IEFA,53.82,53.935,53.675,53.84,39.7665681943,39.8515394939,39.6594304688,39.7813458116,3323840,3323840,0.0,1.0,tiingo_historical_seed,
2016-11-01,IEFA,54.02,54.04,53.5,53.7,39.9143443675,39.9291219848,39.5301263173,39.6779024904,3706349,3706349,0.0,1.0,tiingo_historical_seed,
2016-11-02,IEFA,53.6,53.7,53.258,53.32,39.6040144039,39.6779024904,39.3513171478,39.3971277615,2080931,2080931,0.0,1.0,tiingo_historical_seed,
2016-11-03,IEFA,53.52,53.58,53.235,53.31,39.5449039346,39.5892367865,39.3343228879,39.3897389528,1977019,1977019,0.0,1.0,tiingo_historical_seed,
2016-11-04,IEFA,52.98,53.1,52.7899,52.81,39.1459082671,39.234573971,39.0054470145,39.0202985199,1916606,1916606,0.0,1.0,tiingo_historical_seed,
2016-11-07,IEFA,53.43,53.53,53.31,53.53,39.4784046567,39.5522927433,39.3897389528,39.5522927433,1474633,1474633,0.0,1.0,tiingo_historical_seed,
2016-11-08,IEFA,53.38,53.76,53.27,53.64,39.4414606134,39.7222353424,39.3601837182,39.6335696385,1614492,1614492,0.0,1.0,tiingo_historical_seed,
2016-11-09,IEFA,53.27,53.839,53.1,53.59,39.3601837182,39.7806069308,39.234573971,39.5966255952,2916854,2916854,0.0,1.0,tiingo_historical_seed,
2016-11-10,IEFA,53.52,53.6966,53.03,53.45,39.5449039346,39.6753902955,39.1828523104,39.493182274,2726821,2726821,0.0,1.0,tiingo_historical_seed,
2016-11-11,IEFA,53.19,53.21,52.82,53.08,39.3010732489,39.3158508662,39.0276873286,39.2197963537,2127159,2127159,0.0,1.0,tiingo_historical_seed,
2016-11-14,IEFA,52.74,52.82,52.5564,52.79,38.9685768593,39.0276873286,38.8329183324,39.0055209026,1659216,1659216,0.0,1.0,tiingo_historical_seed,
2016-11-15,IEFA,52.74,53.05,52.61,53.04,38.9685768593,39.1976299277,38.8725223468,39.190241119,2579096,2579096,0.0,1.0,tiingo_historical_seed,
2016-11-16,IEFA,52.54,52.69,52.45,52.49,38.8208006862,38.931632816,38.7543014083,38.7838566429,2673198,2673198,0.0,1.0,tiingo_historical_seed,
2016-11-17,IEFA,52.75,52.94,52.69,52.85,38.975965668,39.1163530325,38.931632816,39.0498537546,2266792,2266792,0.0,1.0,tiingo_historical_seed,
2016-11-18,IEFA,52.53,52.53,52.26,52.32,38.8134118775,38.8134118775,38.6139140438,38.6582468957,2474798,2474798,0.0,1.0,tiingo_historical_seed,
2016-11-21,IEFA,52.48,52.769,52.48,52.75,38.7764678342,38.9900044044,38.7764678342,38.975965668,2256328,2256328,0.0,1.0,tiingo_historical_seed,
2016-11-22,IEFA,52.89,52.92,52.67,52.9,39.0794089892,39.1015754152,38.9168551987,39.0867977978,3061171,3061171,0.0,1.0,tiingo_historical_seed,
2016-11-23,IEFA,52.39,52.72,52.32,52.7,38.7099685563,38.953799242,38.6582468957,38.9390216247,1788527,1788527,0.0,1.0,tiingo_historical_seed,
2016-11-25,IEFA,52.88,52.88,52.76,52.87,39.0720201805,39.0720201805,38.9833544766,39.0646313719,972288,972288,0.0,1.0,tiingo_historical_seed,
2016-11-28,IEFA,52.71,52.74,52.56,52.6,38.9464104333,38.9685768593,38.8355783035,38.8651335381,2240724,2240724,0.0,1.0,tiingo_historical_seed,
2016-11-29,IEFA,52.65,53.0199,52.56,52.93,38.9020775814,39.1753896136,38.8355783035,39.1089642238,1886769,1886769,0.0,1.0,tiingo_historical_seed,
2016-11-30,IEFA,53.06,53.06,52.764,52.86,39.2050187364,39.2050187364,38.9863100001,39.0572425632,3360939,3360939,0.0,1.0,tiingo_historical_seed,
2016-12-01,IEFA,52.67,52.82,52.59,52.69,38.9168551987,39.0276873286,38.8577447295,38.931632816,4914050,4914050,0.0,1.0,tiingo_historical_seed,
2016-12-02,IEFA,52.56,52.88,52.51,52.77,38.8355783035,39.0720201805,38.7986342602,38.9907432853,2462306,2462306,0.0,1.0,tiingo_historical_seed,
2016-12-05,IEFA,53.02,53.35,53.02,53.27,39.1754635017,39.4192941874,39.1754635017,39.3601837182,2073985,2073985,0.0,1.0,tiingo_historical_seed,
2016-12-06,IEFA,53.32,53.66,53.275,53.62,39.3971277615,39.6483472558,39.3638781225,39.6187920212,1976809,1976809,0.0,1.0,tiingo_historical_seed,
2016-12-07,IEFA,53.76,54.445,53.76,54.36,39.7222353424,40.2283687354,39.7222353424,40.1655638618,2760672,2760672,0.0,1.0,tiingo_historical_seed,
2016-12-08,IEFA,54.24,54.39,54.125,54.3,40.0768981579,40.1877302878,39.9919268584,40.1212310099,3249969,3249969,0.0,1.0,tiingo_historical_seed,
2016-12-09,IEFA,54.34,54.51,54.26,54.5,40.1507862445,40.2763959917,40.0916757753,40.269007183,2821257,2821257,0.0,1.0,tiingo_historical_seed,
2016-12-12,IEFA,54.31,54.4867,54.2159,54.28,40.1286198185,40.2591800675,40.0590911291,40.1064533926,2031231,2031231,0.0,1.0,tiingo_historical_seed,
2016-12-13,IEFA,54.75,54.98,54.7301,54.88,40.4537273995,40.6236699986,40.4390236702,40.549781912,8852629,8852629,0.0,1.0,tiingo_historical_seed,
2016-12-14,IEFA,54.74,54.835,53.96,54.06,40.4463385908,40.5165322731,39.8700115155,39.9438996021,4847636,4847636,0.0,1.0,tiingo_historical_seed,
2016-12-15,IEFA,53.87,53.98,53.79,53.89,39.8035122376,39.8847891328,39.7444017684,39.8182898549,3510616,3510616,0.0,1.0,tiingo_historical_seed,
2016-12-16,IEFA,53.89,54.08,53.85,53.94,39.8182898549,39.9586772194,39.7887346203,39.8552338982,3109496,3109496,0.0,1.0,tiingo_historical_seed,
2016-12-19,IEFA,53.99,54.12,53.9,53.9,39.8921779415,39.988232454,39.8256786636,39.8256786636,2972667,2972667,0.0,1.0,tiingo_historical_seed,
2016-12-20,IEFA,53.95,54.1,53.92,54.06,39.8626227069,39.9734548367,39.8404562809,39.9438996021,3294839,3294839,0.0,1.0,tiingo_historical_seed,
2016-12-21,IEFA,53.5,53.52,53.416,53.49,39.9691449884,39.9840867249,39.9063896954,39.9616741202,7397539,7397539,0.594056,1.0,tiingo_historical_seed,
2016-12-22,IEFA,53.5,53.53,53.37,53.38,39.9691449884,39.9915575931,39.8720237015,39.8794945698,4118669,4118669,0.0,1.0,tiingo_historical_seed,
2016-12-23,IEFA,53.47,53.5225,53.42,53.51,39.9467323838,39.9859544419,39.9093780427,39.9766158567,3390910,3390910,0.0,1.0,tiingo_historical_seed,
2016-12-27,IEFA,53.56,53.585,53.49,53.49,40.0139701978,40.0326473683,39.9616741202,39.9616741202,3101892,3101892,0.0,1.0,tiingo_historical_seed,
2016-12-28,IEFA,53.48,53.49,53.259,53.33,39.954203252,39.9616741202,39.7890970643,39.8421402287,3876477,3876477,0.0,1.0,tiingo_historical_seed,
2016-12-29,IEFA,53.47,53.555,53.41,53.48,39.9467323838,40.0102347637,39.9019071744,39.954203252,3039497,3039497,0.0,1.0,tiingo_historical_seed,
2016-12-30,IEFA,53.88,53.89,53.5,53.63,40.2530379809,40.2605088491,39.9691449884,40.0662662753,5859105,5859105,0.0,1.0,tiingo_historical_seed,
2017-01-03,IEFA,53.86,53.97,53.74,53.95,40.2380962444,40.3202757949,40.1484458258,40.3053340584,3648084,3648084,0.0,1.0,tiingo_historical_seed,
2017-01-04,IEFA,54.24,54.56,54.1923,54.53,40.5219892369,40.76105702,40.4863531955,40.7386444153,3289769,3289769,0.0,1.0,tiingo_historical_seed,
2017-01-05,IEFA,54.73,55.09,54.72,55.05,40.8880617798,41.1570130358,40.8805909115,41.1271295629,4580714,4580714,0.0,1.0,tiingo_historical_seed,
2017-01-06,IEFA,54.79,54.91,54.74,54.84,40.9328869891,41.0225374078,40.895532648,40.9702413302,3394652,3394652,0.0,1.0,tiingo_historical_seed,
2017-01-09,IEFA,54.66,54.79,54.57,54.76,40.8357657022,40.9328869891,40.7685278882,40.9104743844,3141859,3141859,0.0,1.0,tiingo_historical_seed,
2017-01-10,IEFA,54.76,54.925,54.73,54.75,40.9104743844,41.0337437101,40.8880617798,40.9030035162,5663874,5663874,0.0,1.0,tiingo_historical_seed,
2017-01-11,IEFA,54.68,55.1,54.61,55.1,40.8507074386,41.164483904,40.7984113611,41.164483904,20293997,20293997,0.0,1.0,tiingo_historical_seed,
2017-01-12,IEFA,55.18,55.18,54.92,55.12,41.2242508498,41.2242508498,41.030008276,41.1794256404,6090657,6090657,0.0,1.0,tiingo_historical_seed,
2017-01-13,IEFA,55.22,55.35,55.12,55.35,41.2541343226,41.3512556095,41.1794256404,41.3512556095,6100075,6100075,0.0,1.0,tiingo_historical_seed,
2017-01-17,IEFA,55.22,55.23,55.08,55.16,41.2541343226,41.2616051909,41.1495421675,41.2093091133,5755846,5755846,0.0,1.0,tiingo_historical_seed,
2017-01-18,IEFA,55.02,55.14,54.8631,55.01,41.1047169582,41.1943673769,40.9874990358,41.09724609,4237097,4237097,0.0,1.0,tiingo_historical_seed,
2017-01-19,IEFA,54.95,55.0,54.7327,54.89,41.0524208806,41.0897752218,40.8900789142,41.0075956713,4223684,4223684,0.0,1.0,tiingo_historical_seed,
2017-01-20,IEFA,55.1,55.23,55.02,55.23,41.164483904,41.2616051909,41.1047169582,41.2616051909,7135869,7135869,0.0,1.0,tiingo_historical_seed,
2017-01-23,IEFA,55.19,55.34,55.03,55.3,41.231721718,41.3437847413,41.1121878264,41.3139012684,4967340,4967340,0.0,1.0,tiingo_historical_seed,
2017-01-24,IEFA,55.27,55.5,55.2435,55.45,41.2914886637,41.4633186329,41.271690863,41.4259642917,2840920,2840920,0.0,1.0,tiingo_historical_seed,
2017-01-25,IEFA,55.79,56.06,55.736,56.05,41.6799738113,41.8816872533,41.6396311229,41.8742163851,2832851,2832851,0.0,1.0,tiingo_historical_seed,
2017-01-26,IEFA,55.96,55.98,55.76,55.8,41.8069785711,41.8219203075,41.6575612066,41.6874446795,3219240,3219240,0.0,1.0,tiingo_historical_seed,
2017-01-27,IEFA,55.78,55.79,55.6233,55.69,41.6725029431,41.6799738113,41.555434438,41.6052651291,2752575,2752575,0.0,1.0,tiingo_historical_seed,
2017-01-30,IEFA,55.27,55.38,55.0801,55.38,41.2914886637,41.3736682142,41.1496168762,41.3736682142,4509660,4509660,0.0,1.0,tiingo_historical_seed,
2017-01-31,IEFA,55.46,55.52,55.23,55.44,41.43343516,41.4782603693,41.2616051909,41.4184934235,5097229,5097229,0.0,1.0,tiingo_historical_seed,
2017-02-01,IEFA,55.81,55.83,55.54,55.68,41.6949155477,41.7098572842,41.4932021057,41.5977942609,4971118,4971118,0.0,1.0,tiingo_historical_seed,
2017-02-02,IEFA,55.76,55.79,55.56,55.69,41.6575612066,41.6799738113,41.5081438422,41.6052651291,2658933,2658933,0.0,1.0,tiingo_historical_seed,
2017-02-03,IEFA,55.82,55.98,55.75,55.91,41.702386416,41.8219203075,41.6500903384,41.76962423,2327203,2327203,0.0,1.0,tiingo_historical_seed,
2017-02-06,IEFA,55.4,55.52,55.3327,55.51,41.3886099506,41.4782603693,41.3383310075,41.4707895011,3833811,3833811,0.0,1.0,tiingo_historical_seed,
2017-02-07,IEFA,55.43,55.52,55.39,55.51,41.4110225553,41.4782603693,41.3811390824,41.4707895011,2980350,2980350,0.0,1.0,tiingo_historical_seed,
2017-02-08,IEFA,55.48,55.66,55.4,55.64,41.4483768964,41.5828525244,41.3886099506,41.567910788,3213227,3213227,0.0,1.0,tiingo_historical_seed,
2017-02-09,IEFA,55.7,55.8463,55.61,55.8,41.6127359973,41.7220347994,41.5454981833,41.6874446795,1596809,1596809,0.0,1.0,tiingo_historical_seed,
2017-02-10,IEFA,55.77,55.99,55.74,55.96,41.6650320749,41.8293911757,41.6426194702,41.8069785711,3276891,3276891,0.0,1.0,tiingo_historical_seed,
2017-02-13,IEFA,56.21,56.2799,56.09,56.17,41.9937502766,42.0459716455,41.904099858,41.9638668037,2266921,2266921,0.0,1.0,tiingo_historical_seed,
2017-02-14,IEFA,56.04,56.13,55.79,56.09,41.8667455169,41.9339833309,41.6799738113,41.904099858,4544643,4544643,0.0,1.0,tiingo_historical_seed,
2017-02-15,IEFA,55.91,56.32,55.87,56.32,41.76962423,42.0759298271,41.7397407571,42.0759298271,2186500,2186500,0.0,1.0,tiingo_historical_seed,
2017-02-16,IEFA,56.35,56.47,56.28,56.47,42.0983424317,42.1879928504,42.0460463542,42.1879928504,2144956,2144956,0.0,1.0,tiingo_historical_seed,
2017-02-17,IEFA,56.16,56.33,56.1034,56.3,41.9563959355,42.0834006953,41.9141108214,42.0609880906,3188506,3188506,0.0,1.0,tiingo_historical_seed,
2017-02-21,IEFA,56.3,56.4966,56.24,56.49,42.0609880906,42.2078653599,42.0161628813,42.2029345869,2949845,2949845,0.0,1.0,tiingo_historical_seed,
2017-02-22,IEFA,56.27,56.52,56.2,56.5,42.038575486,42.2253471915,41.9862794084,42.2104054551,3337220,3337220,0.0,1.0,tiingo_historical_seed,
2017-02-23,IEFA,56.68,56.705,56.465,56.58,42.3448810831,42.3635582536,42.1842574163,42.2701724008,2725712,2725712,0.0,1.0,tiingo_historical_seed,
2017-02-24,IEFA,56.0,56.2253,55.96,56.18,41.836862044,42.005180705,41.8069785711,41.971337672,2505345,2505345,0.0,1.0,tiingo_historical_seed,
2017-02-27,IEFA,56.04,56.25,56.01,56.21,41.8667455169,42.0236337495,41.8443329122,41.9937502766,7982429,7982429,0.0,1.0,tiingo_historical_seed,
2017-02-28,IEFA,56.17,56.3396,56.0901,56.16,41.9638668037,42.0905727288,41.9041745666,41.9563959355,3808784,3808784,0.0,1.0,tiingo_historical_seed,
2017-03-01,IEFA,56.53,56.87,56.51,56.75,42.2328180597,42.4868275793,42.2178763233,42.3971771606,3254953,3254953,0.0,1.0,tiingo_historical_seed,
2017-03-02,IEFA,56.51,56.5464,56.3438,56.38,42.2178763233,42.2450702836,42.0937104934,42.1207550364,3713953,3713953,0.0,1.0,tiingo_historical_seed,
2017-03-03,IEFA,56.48,56.7295,56.3744,56.69,42.1954637186,42.3818618808,42.1165713502,42.3523519513,3238714,3238714,0.0,1.0,tiingo_historical_seed,
2017-03-06,IEFA,56.49,56.51,56.345,56.47,42.2029345869,42.2178763233,42.0946069976,42.1879928504,2244684,2244684,0.0,1.0,tiingo_historical_seed,
2017-03-07,IEFA,56.3,56.4,56.195,56.29,42.0609880906,42.1356967729,41.9825439743,42.0535172224,4748129,4748129,0.0,1.0,tiingo_historical_seed,
2017-03-08,IEFA,56.29,56.315,56.05,56.06,42.0535172224,42.072194393,41.8742163851,41.8816872533,3487874,3487874,0.0,1.0,tiingo_historical_seed,
2017-03-09,IEFA,56.25,56.33,56.159,56.31,42.0236337495,42.0834006953,41.9556488487,42.0684589589,3144222,3144222,0.0,1.0,tiingo_historical_seed,
2017-03-10,IEFA,56.72,56.84,56.6,56.81,42.374764556,42.4644149746,42.2851141373,42.44200237,2811283,2811283,0.0,1.0,tiingo_historical_seed,
2017-03-13,IEFA,56.93,57.07,56.93,57.06,42.5316527886,42.6362449437,42.5316527886,42.6287740755,2505655,2505655,0.0,1.0,tiingo_historical_seed,
2017-03-14,IEFA,56.68,56.71,56.55,56.64,42.3448810831,42.3672936877,42.2477597962,42.3149976102,2529783,2529783,0.0,1.0,tiingo_historical_seed,
2017-03-15,IEFA,56.77,57.445,56.7316,57.41,42.4121188971,42.9164025021,42.3834307631,42.8902544633,2348880,2348880,0.0,1.0,tiingo_historical_seed,
2017-03-16,IEFA,57.76,57.77,57.59,57.72,43.1517348511,43.1592057193,43.0247300913,43.1218513782,3262116,3262116,0.0,1.0,tiingo_historical_seed,
2017-03-17,IEFA,57.84,57.9852,57.7318,57.86,43.2115017968,43.3199788034,43.1306670027,43.2264435333,2353312,2353312,0.0,1.0,tiingo_historical_seed,
2017-03-20,IEFA,57.92,57.98,57.71,57.7928,43.2712687426,43.3160939519,43.11438051,43.1762392988,1864194,1864194,0.0,1.0,tiingo_historical_seed,
2017-03-21,IEFA,58.25,58.26,57.5,57.53,43.5178073939,43.5252782622,42.9574922773,42.979904882,5409661,5409661,0.0,1.0,tiingo_historical_seed,
2017-03-22,IEFA,57.34,57.58,57.29,57.56,42.8379583857,43.0172592231,42.8006040446,43.0023174866,7837077,7837077,0.0,1.0,tiingo_historical_seed,
2017-03-23,IEFA,57.5,57.81,57.47,57.67,42.9574922773,43.1890891922,42.9350796726,43.0844970371,15775577,15775577,0.0,1.0,tiingo_historical_seed,
2017-03-24,IEFA,57.82,57.96,57.76,57.85,43.1965600604,43.3011522155,43.1517348511,43.2189726651,3593519,3593519,0.0,1.0,tiingo_historical_seed,
2017-03-27,IEFA,57.79,58.05,57.73,58.01,43.1741474557,43.3683900295,43.1293222464,43.3385065566,3483647,3483647,0.0,1.0,tiingo_historical_seed,
2017-03-28,IEFA,58.1,58.31,58.0567,58.26,43.4057443706,43.5626326033,43.3733955112,43.5252782622,5079061,5079061,0.0,1.0,tiingo_historical_seed,
2017-03-29,IEFA,57.99,58.25,57.95,58.24,43.3235648202,43.5178073939,43.2936813473,43.5103365257,3613491,3613491,0.0,1.0,tiingo_historical_seed,
2017-03-30,IEFA,58.09,58.2,58.0,58.02,43.3982735024,43.4804530528,43.3310356884,43.3459774248,2492799,2492799,0.0,1.0,tiingo_historical_seed,
2017-03-31,IEFA,57.81,58.04,57.7538,57.95,43.1890891922,43.3609191613,43.1471029128,43.2936813473,4191436,4191436,0.0,1.0,tiingo_historical_seed,
2017-04-03,IEFA,57.9,57.93,57.5,57.89,43.2563270062,43.2787396108,42.9574922773,43.2488561379,4101645,4101645,0.0,1.0,tiingo_historical_seed,
2017-04-04,IEFA,57.68,57.87,57.57,57.87,43.0919679053,43.2339144015,43.0097883548,43.2339144015,4566004,4566004,0.0,1.0,tiingo_historical_seed,
2017-04-05,IEFA,57.85,57.98,57.58,57.6,43.2189726651,43.3160939519,43.0172592231,43.0322009595,6389242,6389242,0.0,1.0,tiingo_historical_seed,
2017-04-06,IEFA,57.6,57.6999,57.5,57.62,43.0322009595,43.106834933,42.9574922773,43.047142696,9697812,9697812,0.0,1.0,tiingo_historical_seed,
2017-04-07,IEFA,57.5,57.66,57.5,57.57,42.9574922773,43.0770261688,42.9574922773,43.0097883548,2925718,2925718,0.0,1.0,tiingo_historical_seed,
2017-04-10,IEFA,57.5,57.6,57.45,57.51,42.9574922773,43.0322009595,42.9201379362,42.9649631455,3506182,3506182,0.0,1.0,tiingo_historical_seed,
2017-04-11,IEFA,57.75,57.83,57.41,57.83,43.1442639828,43.2040309286,42.8902544633,43.2040309286,7902453,7902453,0.0,1.0,tiingo_historical_seed,
2017-04-12,IEFA,57.7,57.7989,57.52,57.74,43.1069096417,43.1807965284,42.9724340137,43.1367931146,8226808,8226808,0.0,1.0,tiingo_historical_seed,
2017-04-13,IEFA,57.51,57.5799,57.35,57.4,42.9649631455,43.0171845144,42.845429254,42.8827835951,3805817,3805817,0.0,1.0,tiingo_historical_seed,
2017-04-17,IEFA,57.68,57.785,57.605,57.77,43.0919679053,43.1704120216,43.0359363936,43.1592057193,3528480,3528480,0.0,1.0,tiingo_historical_seed,
2017-04-18,IEFA,57.41,57.52,57.23,57.5,42.8902544633,42.9724340137,42.7557788353,42.9574922773,7402446,7402446,0.0,1.0,tiingo_historical_seed,
2017-04-19,IEFA,57.62,57.65,57.28,57.34,43.047142696,43.0695553006,42.7931331764,42.8379583857,2682174,2682174,0.0,1.0,tiingo_historical_seed,
2017-04-20,IEFA,57.81,57.93,57.78,57.8,43.1890891922,43.2787396108,43.1666765875,43.181618324,3380245,3380245,0.0,1.0,tiingo_historical_seed,
2017-04-21,IEFA,57.78,57.8399,57.685,57.82,43.1666765875,43.2114270882,43.0957033394,43.1965600604,3001530,3001530,0.0,1.0,tiingo_historical_seed,
2017-04-24,IEFA,59.12,59.27,59.05,59.24,44.1677729293,44.2798359526,44.1154768517,44.2574233479,2279900,2279900,0.0,1.0,tiingo_historical_seed,
2017-04-25,IEFA,59.52,59.7,59.46,59.63,44.4666076582,44.6010832862,44.4217824488,44.5487872086,4606228,4606228,0.0,1.0,tiingo_historical_seed,
2017-04-26,IEFA,59.48,59.679,59.48,59.49,44.4367241853,44.5853944629,44.4367241853,44.4441950535,6632536,6632536,0.0,1.0,tiingo_historical_seed,
2017-04-27,IEFA,59.61,59.64,59.4662,59.62,44.5338454722,44.5562580768,44.4264143871,44.5413163404,2844803,2844803,0.0,1.0,tiingo_historical_seed,
2017-04-28,IEFA,59.64,59.64,59.52,59.52,44.5562580768,44.5562580768,44.4666076582,44.4666076582,3380398,3380398,0.0,1.0,tiingo_historical_seed,
2017-05-01,IEFA,59.88,59.89,59.6701,59.79,44.7355589142,44.7430297824,44.5787453902,44.6683211002,3947315,3947315,0.0,1.0,tiingo_historical_seed,
2017-05-02,IEFA,59.99,60.1464,59.93,60.13,44.8177384646,44.9345828436,44.7729132553,44.9223306197,3835850,3835850,0.0,1.0,tiingo_historical_seed,
2017-05-03,IEFA,59.93,60.036,59.82,59.93,44.7729132553,44.8521044584,44.6907337048,44.7729132553,4182654,4182654,0.0,1.0,tiingo_historical_seed,
2017-05-04,IEFA,60.16,60.51,60.1071,60.5,44.9447432244,45.2062236121,44.9052223315,45.1987527439,2585162,2585162,0.0,1.0,tiingo_historical_seed,
2017-05-05,IEFA,60.56,61.14,60.53,61.13,45.2435779533,45.6768883101,45.2211653486,45.6694174419,2665655,2665655,0.0,1.0,tiingo_historical_seed,
2017-05-08,IEFA,60.72,60.72,60.59,60.69,45.3631118448,45.3631118448,45.2659905579,45.3406992401,8817520,8817520,0.0,1.0,tiingo_historical_seed,
2017-05-09,IEFA,60.64,60.6799,60.46,60.57,45.303344899,45.3331536632,45.168869271,45.2510488215,4292081,4292081,0.0,1.0,tiingo_historical_seed,
2017-05-10,IEFA,60.6,60.65,60.5332,60.65,45.2734614261,45.3108157673,45.2235560264,45.3108157673,2471141,2471141,0.0,1.0,tiingo_historical_seed,
2017-05-11,IEFA,60.42,60.52,60.272,60.52,45.1389857982,45.2136944804,45.0284169485,45.2136944804,3428167,3428167,0.0,1.0,tiingo_historical_seed,
2017-05-12,IEFA,60.56,60.79,60.54,60.79,45.2435779533,45.4154079224,45.2286362168,45.4154079224,3066247,3066247,0.0,1.0,tiingo_historical_seed,
2017-05-15,IEFA,60.97,61.09,60.925,61.07,45.5498835504,45.639533969,45.5162646434,45.6245922326,3461910,3461910,0.0,1.0,tiingo_historical_seed,
2017-05-16,IEFA,61.46,61.48,61.3634,61.46,45.9159560933,45.9308978297,45.8437875062,45.9159560933,3046780,3046780,0.0,1.0,tiingo_historical_seed,
2017-05-17,IEFA,61.2,61.24,60.78,60.79,45.7217135195,45.7515969924,45.4079370541,45.4154079224,4661493,4661493,0.0,1.0,tiingo_historical_seed,
2017-05-18,IEFA,60.64,60.94,60.58,60.88,45.303344899,45.5274709457,45.2585196897,45.4826457364,4346472,4346472,0.0,1.0,tiingo_historical_seed,
2017-05-19,IEFA,61.35,61.62,61.32,61.58,45.8337765428,46.0354899848,45.8113639381,46.0056065119,2423988,2423988,0.0,1.0,tiingo_historical_seed,
2017-05-22,IEFA,61.73,61.809,61.63,61.71,46.1176695353,46.1766893942,46.042960853,46.1027277988,3646844,3646844,0.0,1.0,tiingo_historical_seed,
2017-05-23,IEFA,61.87,61.9,61.665,61.73,46.2222616904,46.244674295,46.0691088918,46.1176695353,3010906,3010906,0.0,1.0,tiingo_historical_seed,
2017-05-24,IEFA,61.62,61.7859,61.54,61.77,46.0354899848,46.1594316886,45.975723039,46.1475530081,3108831,3108831,0.0,1.0,tiingo_historical_seed,
2017-05-25,IEFA,61.8,61.8756,61.7066,61.78,46.1699656128,46.2264453766,46.1001877036,46.1550238764,2666951,2666951,0.0,1.0,tiingo_historical_seed,
2017-05-26,IEFA,61.48,61.59,61.42,61.59,45.9308978297,46.0130773801,45.8860726204,46.0130773801,2480563,2480563,0.0,1.0,tiingo_historical_seed,
2017-05-30,IEFA,61.46,61.6,61.44,61.54,45.9159560933,46.0205482484,45.9010143568,45.975723039,2221062,2221062,0.0,1.0,tiingo_historical_seed,
2017-05-31,IEFA,61.89,61.91,61.62,61.62,46.2372034268,46.2521451632,46.0354899848,46.0354899848,4611936,4611936,0.0,1.0,tiingo_historical_seed,
2017-06-01,IEFA,61.84,62.1,61.84,62.1,46.1998490857,46.3940916595,46.1998490857,46.3940916595,4961168,4961168,0.0,1.0,tiingo_historical_seed,
2017-06-02,IEFA,62.52,62.76,62.42,62.76,46.7078681248,46.8871689621,46.6331594426,46.8871689621,3812492,3812492,0.0,1.0,tiingo_historical_seed,
2017-06-05,IEFA,62.45,62.469,62.342,62.46,46.6555720472,46.6697666969,46.5748866704,46.6630429155,2450825,2450825,0.0,1.0,tiingo_historical_seed,
2017-06-06,IEFA,62.17,62.27,62.11,62.23,46.446387737,46.5210964192,46.4015625277,46.4912129464,2934190,2934190,0.0,1.0,tiingo_historical_seed,
2017-06-07,IEFA,62.36,62.43,62.0601,62.29,46.5883342332,46.6406303108,46.3642828953,46.5360381557,3561952,3561952,0.0,1.0,tiingo_historical_seed,
2017-06-08,IEFA,62.04,62.16,61.9333,62.16,46.3492664501,46.4389168688,46.2695522862,46.4389168688,3019866,3019866,0.0,1.0,tiingo_historical_seed,
2017-06-09,IEFA,61.82,62.03,61.66,61.86,46.1849073492,46.3417955819,46.0653734577,46.2147908221,3451176,3451176,0.0,1.0,tiingo_historical_seed,
2017-06-12,IEFA,61.7,61.72,61.4971,61.65,46.0952569306,46.110198667,45.9436730144,46.0579025895,3234376,3234376,0.0,1.0,tiingo_historical_seed,
2017-06-13,IEFA,62.05,62.18,61.97,62.16,46.3567373184,46.4538586052,46.2969703726,46.4389168688,6651901,6651901,0.0,1.0,tiingo_historical_seed,
2017-06-14,IEFA,62.52,62.52,61.935,62.14,46.7078681248,46.7078681248,46.2708223338,46.4239751324,4528718,4528718,0.0,1.0,tiingo_historical_seed,
2017-06-15,IEFA,61.18,61.48,61.126,61.47,45.706771783,45.9308978297,45.6664290946,45.9234269615,4551124,4551124,0.0,1.0,tiingo_historical_seed,
2017-06-16,IEFA,61.73,62.01,61.67,62.01,46.1176695353,46.3268538455,46.0728443259,46.3268538455,3658640,3658640,0.0,1.0,tiingo_historical_seed,
2017-06-19,IEFA,62.21,62.32,62.16,62.21,46.4762712099,46.5584507604,46.4389168688,46.4762712099,3666012,3666012,0.0,1.0,tiingo_historical_seed,
2017-06-20,IEFA,61.03,61.18,60.63,60.74,46.3188869517,46.4327298657,46.0153058476,46.0987906513,5149403,5149403,0.96473,1.0,tiingo_historical_seed,
2017-06-21,IEFA,60.64,60.73,60.545,60.65,46.0228953752,46.0912011237,45.950794863,46.0304849028,2760888,2760888,0.0,1.0,tiingo_historical_seed,
2017-06-22,IEFA,60.67,60.79,60.59,60.69,46.045663958,46.1367382893,45.9849477372,46.0608430132,2586726,2586726,0.0,1.0,tiingo_historical_seed,
2017-06-23,IEFA,60.69,60.91,60.615,60.81,46.0608430132,46.2278126205,46.0039215562,46.1519173445,2845140,2845140,0.0,1.0,tiingo_historical_seed,
2017-06-26,IEFA,61.21,61.2599,60.9,60.92,46.4554984485,46.4933701913,46.2202230929,46.2354021481,4738137,4738137,0.0,1.0,tiingo_historical_seed,
2017-06-27,IEFA,60.96,61.07,60.83,60.95,46.2657602585,46.3492450621,46.1670963997,46.2581707309,13977423,13977423,0.0,1.0,tiingo_historical_seed,
2017-06-28,IEFA,61.13,61.46,61.08,61.42,46.3947822277,46.6452366386,46.3568345897,46.6148785282,12761330,12761330,0.0,1.0,tiingo_historical_seed,
2017-06-29,IEFA,61.24,61.24,60.58,60.86,46.4782670313,46.4782670313,45.9773582096,46.1898649825,21639026,21639026,0.0,1.0,tiingo_historical_seed,
2017-06-30,IEFA,60.98,61.02,60.56,60.89,46.2809393137,46.3112974241,45.9621791544,46.2126335653,8312046,8312046,0.0,1.0,tiingo_historical_seed,
2017-07-03,IEFA,60.84,60.939,60.77,60.83,46.1746859273,46.2498222505,46.1215592341,46.1670963997,5447800,5447800,0.0,1.0,tiingo_historical_seed,
2017-07-05,IEFA,60.64,60.82,60.51,60.8,46.0228953752,46.1595068721,45.9242315164,46.1443278169,8864855,8864855,0.0,1.0,tiingo_historical_seed,
2017-07-06,IEFA,60.44,60.65,60.32,60.49,45.8711048232,46.0304849028,45.780030492,45.9090524612,10235978,10235978,0.0,1.0,tiingo_historical_seed,
2017-07-07,IEFA,60.37,60.61,60.279,60.56,45.81797813,46.0001267924,45.7489134288,45.9621791544,18275713,18275713,0.0,1.0,tiingo_historical_seed,
2017-07-10,IEFA,60.49,60.69,60.47,60.66,45.9090524612,46.0608430132,45.893873406,46.0380744304,2985702,2985702,0.0,1.0,tiingo_historical_seed,
2017-07-11,IEFA,60.54,60.83,60.44,60.82,45.9470000992,46.1670963997,45.8711048232,46.1595068721,2781980,2781980,0.0,1.0,tiingo_historical_seed,
2017-07-12,IEFA,61.19,61.355,61.13,61.28,46.4403193933,46.5655465987,46.3947822277,46.5086251417,5673275,5673275,0.0,1.0,tiingo_historical_seed,
2017-07-13,IEFA,61.4,61.53,61.29,61.49,46.5996994729,46.6983633318,46.5162146693,46.6680052214,2496831,2496831,0.0,1.0,tiingo_historical_seed,
2017-07-14,IEFA,61.66,61.935,61.62,61.92,46.7970271906,47.0057391996,46.7666690802,46.9943549082,3266236,3266236,0.0,1.0,tiingo_historical_seed,
2017-07-17,IEFA,61.84,61.9,61.75,61.81,46.9336386874,46.979175853,46.865332939,46.9108701046,2133914,2133914,0.0,1.0,tiingo_historical_seed,
2017-07-18,IEFA,61.81,61.9,61.755,61.89,46.9108701046,46.979175853,46.8691277028,46.9715863254,2338325,2338325,0.0,1.0,tiingo_historical_seed,
2017-07-19,IEFA,62.03,62.18,62.01,62.15,47.0778397118,47.1916826259,47.0626606566,47.1689140431,2991261,2991261,0.0,1.0,tiingo_historical_seed,
2017-07-20,IEFA,62.33,62.46,62.2466,62.4,47.3055255399,47.4041893987,47.2422288797,47.3586522331,4368142,4368142,0.0,1.0,tiingo_historical_seed,
2017-07-21,IEFA,62.13,62.2,61.925,62.19,47.1537349879,47.2068616811,46.998149672,47.1992721535,2390219,2390219,0.0,1.0,tiingo_historical_seed,
2017-07-24,IEFA,61.97,62.08,61.805,62.05,47.0323025462,47.1157873498,46.9070753408,47.093018767,2921761,2921761,0.0,1.0,tiingo_historical_seed,
2017-07-25,IEFA,62.38,62.38,62.1,62.13,47.3434731779,47.3434731779,47.1309664051,47.1537349879,3895381,3895381,0.0,1.0,tiingo_historical_seed,
2017-07-26,IEFA,62.31,62.61,62.205,62.51,47.2903464847,47.5180323127,47.2106564449,47.4421370367,2846658,2846658,0.0,1.0,tiingo_historical_seed,
2017-07-27,IEFA,62.68,62.68,62.19,62.38,47.5711590059,47.5711590059,47.1992721535,47.3434731779,3506092,3506092,0.0,1.0,tiingo_historical_seed,
2017-07-28,IEFA,62.24,62.45,62.16,62.45,47.2372197915,47.3965998711,47.1765035707,47.3965998711,2722893,2722893,0.0,1.0,tiingo_historical_seed,
2017-07-31,IEFA,62.54,62.67,62.391,62.6,47.4649056195,47.5635694783,47.3518216583,47.5104427851,5949154,5949154,0.0,1.0,tiingo_historical_seed,
2017-08-01,IEFA,63.07,63.1467,62.93,62.96,47.8671505824,47.9253622591,47.760897196,47.7836657788,4163001,4163001,0.0,1.0,tiingo_historical_seed,
2017-08-02,IEFA,63.03,63.05,62.82,62.95,47.836792472,47.8519715272,47.6774123924,47.7760762512,3095424,3095424,0.0,1.0,tiingo_historical_seed,
2017-08-03,IEFA,63.0,63.11,62.89,63.0,47.8140238892,47.8975086928,47.7305390856,47.8140238892,2838610,2838610,0.0,1.0,tiingo_historical_seed,
2017-08-04,IEFA,63.11,63.13,62.845,63.08,47.8975086928,47.912687748,47.6963862114,47.87474011,2552568,2552568,0.0,1.0,tiingo_historical_seed,
2017-08-07,IEFA,62.99,63.12,62.96,63.09,47.8064343616,47.9050982204,47.7836657788,47.8823296376,2036790,2036790,0.0,1.0,tiingo_historical_seed,
2017-08-08,IEFA,63.04,63.0714,62.75,62.82,47.8443819996,47.8682131163,47.6242856991,47.6774123924,2231799,2231799,0.0,1.0,tiingo_historical_seed,
2017-08-09,IEFA,62.47,62.71,62.3766,62.7,47.4117789263,47.5939275887,47.3408927385,47.5863380611,2797329,2797329,0.0,1.0,tiingo_historical_seed,
2017-08-10,IEFA,62.36,62.36,61.78,61.85,47.3282941227,47.3282941227,46.8881015218,46.941228215,3203796,3203796,0.0,1.0,tiingo_historical_seed,
2017-08-11,IEFA,61.76,61.8885,61.63,61.74,46.8729224666,46.9704478963,46.7742586078,46.8577434114,3326028,3326028,0.0,1.0,tiingo_historical_seed,
2017-08-14,IEFA,62.2,62.31,62.14,62.205,47.2068616811,47.2903464847,47.1613245155,47.2106564449,3384919,3384919,0.0,1.0,tiingo_historical_seed,
2017-08-15,IEFA,62.09,62.1299,61.884,62.085,47.1233768774,47.1536590926,46.9670326089,47.1195821136,2326732,2326732,0.0,1.0,tiingo_historical_seed,
2017-08-16,IEFA,62.3,62.53,62.28,62.49,47.2827569571,47.4573160919,47.2675779019,47.4269579815,2688034,2688034,0.0,1.0,tiingo_historical_seed,
2017-08-17,IEFA,62.3,62.36,61.8,61.81,47.2827569571,47.3282941227,46.903280577,46.9108701046,2958818,2958818,0.0,1.0,tiingo_historical_seed,
2017-08-18,IEFA,61.905,62.09,61.795,61.97,46.9829706168,47.1233768774,46.8994858132,47.0323025462,2721069,2721069,0.0,1.0,tiingo_historical_seed,
2017-08-21,IEFA,62.0,62.0464,61.81,61.98,47.055071129,47.0902865371,46.9108701046,47.0398920738,3240418,3240418,0.0,1.0,tiingo_historical_seed,
2017-08-22,IEFA,62.12,62.28,62.06,62.24,47.1461454603,47.2675779019,47.1006082946,47.2372197915,2518028,2518028,0.0,1.0,tiingo_historical_seed,
2017-08-23,IEFA,62.12,62.27,62.07,62.25,47.1461454603,47.2599883743,47.1081978222,47.2448093191,2127848,2127848,0.0,1.0,tiingo_historical_seed,
2017-08-24,IEFA,62.3,62.34,62.1,62.1,47.2827569571,47.3131150675,47.1309664051,47.1309664051,1939207,1939207,0.0,1.0,tiingo_historical_seed,
2017-08-25,IEFA,62.36,62.63,62.31,62.51,47.3282941227,47.5332113679,47.2903464847,47.4421370367,4761181,4761181,0.0,1.0,tiingo_historical_seed,
2017-08-28,IEFA,62.58,62.59,62.46,62.52,47.4952637299,47.5028532575,47.4041893987,47.4497265643,2119188,2119188,0.0,1.0,tiingo_historical_seed,
2017-08-29,IEFA,62.19,62.4,62.13,62.29,47.1992721535,47.3586522331,47.1537349879,47.2751674295,3215937,3215937,0.0,1.0,tiingo_historical_seed,
2017-08-30,IEFA,62.19,62.23,62.08,62.19,47.1992721535,47.2296302639,47.1157873498,47.1992721535,2818534,2818534,0.0,1.0,tiingo_historical_seed,
2017-08-31,IEFA,62.45,62.72,62.39,62.67,47.3965998711,47.6015171163,47.3510627055,47.5635694783,3751964,3751964,0.0,1.0,tiingo_historical_seed,
2017-09-01,IEFA,62.94,62.94,62.73,62.79,47.7684867236,47.7684867236,47.6091066439,47.6546438096,6029449,6029449,0.0,1.0,tiingo_historical_seed,
2017-09-05,IEFA,62.54,62.69,62.15,62.4,47.4649056195,47.5787485335,47.1689140431,47.3586522331,4578609,4578609,0.0,1.0,tiingo_historical_seed,
2017-09-06,IEFA,62.69,62.85,62.62,62.75,47.5787485335,47.7001809752,47.5256218403,47.6242856991,3212250,3212250,0.0,1.0,tiingo_historical_seed,
2017-09-07,IEFA,63.27,63.29,63.11,63.27,48.0189411344,48.0341201896,47.8975086928,48.0189411344,3393498,3393498,0.0,1.0,tiingo_historical_seed,
2017-09-08,IEFA,63.36,63.43,63.28,63.3,48.0872468828,48.140373576,48.026530662,48.0417097172,5163229,5163229,0.0,1.0,tiingo_historical_seed,
2017-09-11,IEFA,63.68,63.85,63.67,63.75,48.3301117661,48.4591337353,48.3225222385,48.3832384593,1759987,1759987,0.0,1.0,tiingo_historical_seed,
2017-09-12,IEFA,63.86,63.95,63.81,63.93,48.4667232629,48.5350290113,48.4287756249,48.5198499561,2801273,2801273,0.0,1.0,tiingo_historical_seed,
2017-09-13,IEFA,63.81,63.82,63.52,63.6,48.4287756249,48.4363651525,48.2086793245,48.2693955453,4853905,4853905,0.0,1.0,tiingo_historical_seed,
2017-09-14,IEFA,63.49,63.73,63.45,63.73,48.1859107417,48.3680594041,48.1555526312,48.3680594041,2305308,2305308,0.0,1.0,tiingo_historical_seed,
2017-09-15,IEFA,63.8,63.81,63.65,63.73,48.4211860973,48.4287756249,48.3073431833,48.3680594041,2827160,2827160,0.0,1.0,tiingo_historical_seed,
2017-09-18,IEFA,63.94,64.02,63.73,63.86,48.5274394837,48.5881557045,48.3680594041,48.4667232629,2296341,2296341,0.0,1.0,tiingo_historical_seed,
2017-09-19,IEFA,64.12,64.17,63.98,64.15,48.6640509805,48.7019986186,48.5577975941,48.6868195634,2114485,2114485,0.0,1.0,tiingo_historical_seed,
2017-09-20,IEFA,64.14,64.34,63.71,64.02,48.6792300357,48.8310205878,48.3528803489,48.5881557045,2773590,2773590,0.0,1.0,tiingo_historical_seed,
2017-09-21,IEFA,63.84,63.94,63.76,63.87,48.4515442077,48.5274394837,48.3908279869,48.4743127905,5741640,5741640,0.0,1.0,tiingo_historical_seed,
2017-09-22,IEFA,64.05,64.15,63.98,64.04,48.6109242873,48.6868195634,48.5577975941,48.6033347597,5821365,5821365,0.0,1.0,tiingo_historical_seed,
2017-09-25,IEFA,63.87,63.95,63.59,63.73,48.4743127905,48.5350290113,48.2618060177,48.3680594041,5892928,5892928,0.0,1.0,tiingo_historical_seed,
2017-09-26,IEFA,63.6,63.64,63.36,63.56,48.2693955453,48.2997536557,48.0872468828,48.2390374349,4712487,4712487,0.0,1.0,tiingo_historical_seed,
2017-09-27,IEFA,63.46,63.68,63.42,63.64,48.1631421588,48.3301117661,48.1327840484,48.2997536557,11889087,11889087,0.0,1.0,tiingo_historical_seed,
2017-09-28,IEFA,63.66,63.9,63.65,63.82,48.3149327109,48.4970813733,48.3073431833,48.4363651525,8518383,8518383,0.0,1.0,tiingo_historical_seed,
2017-09-29,IEFA,63.99,64.26,63.86,64.17,48.5653871217,48.770304367,48.4667232629,48.7019986186,8553740,8553740,0.0,1.0,tiingo_historical_seed,
2017-10-02,IEFA,64.01,64.2,63.98,64.09,48.5805661769,48.7247672014,48.5577975941,48.6412823977,6582033,6582033,0.0,1.0,tiingo_historical_seed,
2017-10-03,IEFA,64.16,64.34,64.11,64.33,48.694409091,48.8310205878,48.6564614529,48.8234310602,2444270,2444270,0.0,1.0,tiingo_historical_seed,
2017-10-04,IEFA,64.19,64.29,64.17,64.24,48.7171776738,48.7930729498,48.7019986186,48.7551253118,5778504,5778504,0.0,1.0,tiingo_historical_seed,
2017-10-05,IEFA,64.11,64.2,64.05,64.17,48.6564614529,48.7247672014,48.6109242873,48.7019986186,3820072,3820072,0.0,1.0,tiingo_historical_seed,
2017-10-06,IEFA,63.86,64.13,63.85,64.13,48.4667232629,48.6716405081,48.4591337353,48.6716405081,3200871,3200871,0.0,1.0,tiingo_historical_seed,
2017-10-09,IEFA,64.23,64.23,64.08,64.12,48.7475357842,48.7475357842,48.6336928701,48.6640509805,1952980,1952980,0.0,1.0,tiingo_historical_seed,
2017-10-10,IEFA,64.52,64.76,64.47,64.74,48.9676320846,49.149780747,48.9296844466,49.1346016918,7648239,7648239,0.0,1.0,tiingo_historical_seed,
2017-10-11,IEFA,64.76,64.92,64.73,64.88,49.149780747,49.2712131887,49.1270121642,49.2408550783,5078176,5078176,0.0,1.0,tiingo_historical_seed,
2017-10-12,IEFA,64.85,64.98,64.76,64.89,49.2180864955,49.3167503543,49.149780747,49.2484446059,6145844,6145844,0.0,1.0,tiingo_historical_seed,
2017-10-13,IEFA,65.3,65.33,65.17,65.23,49.5596152375,49.5823838203,49.4609513787,49.5064885443,2121770,2121770,0.0,1.0,tiingo_historical_seed,
2017-10-16,IEFA,65.23,65.27,65.12,65.19,49.5064885443,49.5368466547,49.4230037407,49.4761304339,3480076,3480076,0.0,1.0,tiingo_historical_seed,
2017-10-17,IEFA,64.99,65.03,64.86,64.98,49.3243398819,49.3546979923,49.2256760231,49.3167503543,3497014,3497014,0.0,1.0,tiingo_historical_seed,
2017-10-18,IEFA,65.08,65.18,65.0,65.16,49.3926456303,49.4685409063,49.3319294095,49.4533618511,2971333,2971333,0.0,1.0,tiingo_historical_seed,
2017-10-19,IEFA,64.83,65.01,64.79,65.01,49.2029074402,49.3395189371,49.1725493298,49.3395189371,3058290,3058290,0.0,1.0,tiingo_historical_seed,
2017-10-20,IEFA,64.99,65.0,64.83,64.92,49.3243398819,49.3319294095,49.2029074402,49.2712131887,3246554,3246554,0.0,1.0,tiingo_historical_seed,
2017-10-23,IEFA,64.98,64.98,64.75,64.78,49.3167503543,49.3167503543,49.1421912194,49.1649598022,2450860,2450860,0.0,1.0,tiingo_historical_seed,
2017-10-24,IEFA,64.89,65.04,64.82,64.94,49.2484446059,49.3622875199,49.1953179126,49.2863922439,4759593,4759593,0.0,1.0,tiingo_historical_seed,
2017-10-25,IEFA,64.91,64.93,64.46,64.7,49.2636236611,49.2788027163,48.922094919,49.1042435814,3725931,3725931,0.0,1.0,tiingo_historical_seed,
2017-10-26,IEFA,64.83,64.9,64.66,64.68,49.2029074402,49.2560341335,49.073885471,49.0890645262,2936437,2936437,0.0,1.0,tiingo_historical_seed,
2017-10-27,IEFA,64.67,64.83,64.54,64.81,49.0814749986,49.2029074402,48.9828111398,49.187728385,2652022,2652022,0.0,1.0,tiingo_historical_seed,
2017-10-30,IEFA,64.67,65.0,64.67,64.99,49.0814749986,49.3319294095,49.0814749986,49.3243398819,2658904,2658904,0.0,1.0,tiingo_historical_seed,
2017-10-31,IEFA,65.17,65.32,65.06,65.25,49.4609513787,49.5747942927,49.3774665751,49.5216675995,5812853,5812853,0.0,1.0,tiingo_historical_seed,
2017-11-01,IEFA,65.58,65.63,65.35,65.35,49.7721220104,49.8100696484,49.5975628755,49.5975628755,4615717,4615717,0.0,1.0,tiingo_historical_seed,
2017-11-02,IEFA,65.33,65.52,65.29,65.48,49.5823838203,49.7265848447,49.5520257099,49.6962267343,3136983,3136983,0.0,1.0,tiingo_historical_seed,
2017-11-03,IEFA,65.45,65.48,65.22,65.42,49.6734581515,49.6962267343,49.4988990167,49.6506895687,3099721,3099721,0.0,1.0,tiingo_historical_seed,
2017-11-06,IEFA,65.27,65.55,65.25,65.53,49.5368466547,49.7493534276,49.5216675995,49.7341743724,2574854,2574854,0.0,1.0,tiingo_historical_seed,
2017-11-07,IEFA,65.43,65.47,65.13,65.29,49.6582790963,49.6886372067,49.4305932683,49.5520257099,2829034,2829034,0.0,1.0,tiingo_historical_seed,
2017-11-08,IEFA,65.42,65.58,65.33,65.51,49.6506895687,49.7721220104,49.5823838203,49.7189953171,2429446,2429446,0.0,1.0,tiingo_historical_seed,
2017-11-09,IEFA,64.94,65.1,64.69,65.07,49.2863922439,49.4078246855,49.0966540538,49.3850561027,4014144,4014144,0.0,1.0,tiingo_historical_seed,
2017-11-10,IEFA,64.94,64.98,64.79,64.91,49.2863922439,49.3167503543,49.1725493298,49.2636236611,2486089,2486089,0.0,1.0,tiingo_historical_seed,
2017-11-13,IEFA,64.28,64.64,64.19,64.63,48.7854834222,49.0587064158,48.7171776738,49.0511168882,3257553,3257553,0.0,1.0,tiingo_historical_seed,
2017-11-14,IEFA,64.53,64.64,64.38,64.6,48.9752216122,49.0587064158,48.8613786982,49.0283483054,7390488,7390488,0.0,1.0,tiingo_historical_seed,
2017-11-15,IEFA,64.05,64.32,63.96,64.25,48.6109242873,48.8158415326,48.5426185389,48.7627148394,3922653,3922653,0.0,1.0,tiingo_historical_seed,
2017-11-16,IEFA,64.72,64.885,64.61,64.85,49.1194226366,49.2446498421,49.035937833,49.2180864955,3502457,3502457,0.0,1.0,tiingo_historical_seed,
2017-11-17,IEFA,64.66,64.7,64.53,64.61,49.073885471,49.1042435814,48.9752216122,49.035937833,3707570,3707570,0.0,1.0,tiingo_historical_seed,
2017-11-20,IEFA,64.87,64.96,64.77,64.79,49.2332655507,49.3015712991,49.1573702746,49.1725493298,3630204,3630204,0.0,1.0,tiingo_historical_seed,
2017-11-21,IEFA,65.24,65.35,65.18,65.27,49.5140780719,49.5975628755,49.4685409063,49.5368466547,3221598,3221598,0.0,1.0,tiingo_historical_seed,
2017-11-22,IEFA,65.46,65.61,65.27,65.48,49.6810476791,49.7948905932,49.5368466547,49.6962267343,2430472,2430472,0.0,1.0,tiingo_historical_seed,
2017-11-24,IEFA,66.01,66.04,65.92,65.94,50.0984716972,50.12124028,50.0301659488,50.045345004,1596706,1596706,0.0,1.0,tiingo_historical_seed,
2017-11-27,IEFA,65.91,65.91,65.59,65.59,50.0225764212,50.0225764212,49.779711538,49.779711538,2758212,2758212,0.0,1.0,tiingo_historical_seed,
2017-11-28,IEFA,65.93,65.98,65.68,65.96,50.0377554764,50.0757031144,49.8480172864,50.0605240592,4534081,4534081,0.0,1.0,tiingo_historical_seed,
2017-11-29,IEFA,66.04,66.06,65.61,65.71,50.12124028,50.1364193352,49.7948905932,49.8707858692,3540268,3540268,0.0,1.0,tiingo_historical_seed,
2017-11-30,IEFA,66.02,66.06,65.75,65.83,50.1060612248,50.1364193352,49.9011439796,49.9618602004,7044273,7044273,0.0,1.0,tiingo_historical_seed,
2017-12-01,IEFA,65.49,65.69,65.23,65.61,49.7038162619,49.855606814,49.5064885443,49.7948905932,8371304,8371304,0.0,1.0,tiingo_historical_seed,
2017-12-04,IEFA,65.75,65.77,65.28,65.29,49.9011439796,49.9163230348,49.5444361823,49.5520257099,3590097,3590097,0.0,1.0,tiingo_historical_seed,
2017-12-05,IEFA,65.29,65.44,65.15,65.18,49.5520257099,49.6658686239,49.4457723235,49.4685409063,5009382,5009382,0.0,1.0,tiingo_historical_seed,
2017-12-06,IEFA,64.97,65.12,64.9,65.01,49.3091608267,49.4230037407,49.2560341335,49.3395189371,4187350,4187350,0.0,1.0,tiingo_historical_seed,
2017-12-07,IEFA,65.28,65.35,64.99,65.16,49.5444361823,49.5975628755,49.3243398819,49.4533618511,3666798,3666798,0.0,1.0,tiingo_historical_seed,
2017-12-08,IEFA,65.51,65.57,65.34,65.56,49.7189953171,49.7645324828,49.5899733479,49.7569429552,3233226,3233226,0.0,1.0,tiingo_historical_seed,
2017-12-11,IEFA,65.55,65.69,65.55,65.67,49.7493534276,49.855606814,49.7493534276,49.8404277588,2940995,2940995,0.0,1.0,tiingo_historical_seed,
2017-12-12,IEFA,65.63,65.8,65.55,65.75,49.8100696484,49.9390916176,49.7493534276,49.9011439796,3074047,3074047,0.0,1.0,tiingo_historical_seed,
2017-12-13,IEFA,65.87,66.11,65.8,65.99,49.9922183108,50.1743669732,49.9390916176,50.083292642,5681070,5681070,0.0,1.0,tiingo_historical_seed,
2017-12-14,IEFA,65.97,66.0,65.63,65.67,50.0681135868,50.0908821696,49.8100696484,49.8404277588,4357472,4357472,0.0,1.0,tiingo_historical_seed,
2017-12-15,IEFA,65.53,65.75,65.48,65.67,49.7341743724,49.9011439796,49.6962267343,49.8404277588,5362194,5362194,0.0,1.0,tiingo_historical_seed,
2017-12-18,IEFA,66.39,66.57,66.34,66.44,50.3868737461,50.5234852429,50.3489261081,50.4248213841,4273882,4273882,0.0,1.0,tiingo_historical_seed,
2017-12-19,IEFA,65.63,65.74,65.38,65.48,50.3660330931,50.4504497264,50.1741771085,50.2509195023,3679499,3679499,0.730866,1.0,tiingo_historical_seed,
2017-12-20,IEFA,65.6,65.6,65.35,65.36,50.343010375,50.343010375,50.1511543903,50.1588286297,3645571,3645571,0.0,1.0,tiingo_historical_seed,
2017-12-21,IEFA,65.5,65.78,65.48,65.63,50.2662679811,50.4811466839,50.2509195023,50.3660330931,3950873,3950873,0.0,1.0,tiingo_historical_seed,
2017-12-22,IEFA,65.62,65.8,65.57,65.8,50.3583588538,50.4964951627,50.3199876568,50.4964951627,5391124,5391124,0.0,1.0,tiingo_historical_seed,
2017-12-26,IEFA,65.77,65.85,65.49,65.77,50.4734724445,50.5348663596,50.2585937417,50.4734724445,2541896,2541896,0.0,1.0,tiingo_historical_seed,
2017-12-27,IEFA,65.9,66.03,65.85,65.93,50.5732375566,50.6730026686,50.5348663596,50.5962602747,2665386,2665386,0.0,1.0,tiingo_historical_seed,
2017-12-28,IEFA,66.2,66.2,65.98,66.0,50.8034647382,50.8034647382,50.6346314717,50.6499799504,3295411,3295411,0.0,1.0,tiingo_historical_seed,
2017-12-29,IEFA,66.32,66.32,66.03,66.09,50.8955556108,50.8955556108,50.6730026686,50.7190481049,3397087,3397087,0.0,1.0,tiingo_historical_seed,
2018-01-02,IEFA,66.32,66.57,66.19,66.57,50.8955556108,51.0874115955,50.7957904988,51.0874115955,5393100,5393100,0.0,1.0,tiingo_historical_seed,
2018-01-03,IEFA,66.65,67.01,66.64,67.01,51.1488055106,51.4250781285,51.1411312712,51.4250781285,5143696,5143696,0.0,1.0,tiingo_historical_seed,
2018-01-04,IEFA,67.44,67.74,67.44,67.67,51.7550704221,51.9852976037,51.7550704221,51.931577928,5110741,5110741,0.0,1.0,tiingo_historical_seed,
2018-01-05,IEFA,67.82,68.03,67.73,68.02,52.0466915188,52.2078505459,51.9776233643,52.2001763065,5456424,5456424,0.0,1.0,tiingo_historical_seed,
2018-01-08,IEFA,67.91,68.0,67.84,67.97,52.1157596732,52.1848278277,52.0620399975,52.1618051096,5360650,5360650,0.0,1.0,tiingo_historical_seed,
2018-01-09,IEFA,67.98,68.1,67.8,68.1,52.1694793489,52.2615702216,52.03134304,52.2615702216,7321564,7321564,0.0,1.0,tiingo_historical_seed,
2018-01-10,IEFA,68.08,68.1,67.9,67.98,52.2462217428,52.2615702216,52.1080854339,52.1694793489,7353021,7353021,0.0,1.0,tiingo_historical_seed,
2018-01-11,IEFA,68.13,68.43,68.02,68.43,52.2845929397,52.5148201213,52.2001763065,52.5148201213,5968628,5968628,0.0,1.0,tiingo_historical_seed,
2018-01-12,IEFA,68.67,69.11,68.61,69.11,52.6990018666,53.0366683996,52.6529564303,53.0366683996,15958704,15958704,0.0,1.0,tiingo_historical_seed,
2018-01-16,IEFA,69.3,69.37,68.94,69.0,53.182478948,53.2361986237,52.90620633,52.9522517664,7004492,7004492,0.0,1.0,tiingo_historical_seed,
2018-01-17,IEFA,69.24,69.64,69.06,69.43,53.1364335116,53.4434030871,52.9982972027,53.28224406,5892602,5892602,0.0,1.0,tiingo_historical_seed,
2018-01-18,IEFA,69.19,69.35,69.07,69.3,53.0980623147,53.2208501449,53.0059714421,53.182478948,4907992,4907992,0.0,1.0,tiingo_historical_seed,
2018-01-19,IEFA,69.67,69.69,69.44,69.67,53.4664258053,53.481774284,53.2899182994,53.4664258053,3719728,3719728,0.0,1.0,tiingo_historical_seed,
2018-01-22,IEFA,69.74,70.08,69.68,70.08,53.520145481,53.7810696201,53.4741000446,53.7810696201,5716772,5716772,0.0,1.0,tiingo_historical_seed,
2018-01-23,IEFA,70.15,70.32,70.05,70.28,53.8347892958,53.9652513654,53.7580469019,53.9345544078,11594527,11594527,0.0,1.0,tiingo_historical_seed,
2018-01-24,IEFA,70.6,70.73,70.2,70.48,54.1801300682,54.2798951802,53.8731604927,54.0880391956,5710936,5710936,0.0,1.0,tiingo_historical_seed,
2018-01-25,IEFA,70.76,70.76,70.03,70.2,54.3029178984,54.3029178984,53.7426984232,53.8731604927,5980379,5980379,0.0,1.0,tiingo_historical_seed,
2018-01-26,IEFA,70.59,70.84,70.49,70.84,54.1724558288,54.3643118135,54.0957134349,54.3643118135,6159641,6159641,0.0,1.0,tiingo_historical_seed,
2018-01-29,IEFA,70.25,70.3,70.02,70.18,53.9115316897,53.9499028866,53.7350241838,53.857812014,4891581,4891581,0.0,1.0,tiingo_historical_seed,
2018-01-30,IEFA,69.89,69.94,69.56,69.72,53.6352590718,53.6736302687,53.382009172,53.5047970022,95742232,95742232,0.0,1.0,tiingo_historical_seed,
2018-01-31,IEFA,69.84,69.9,69.41,69.53,53.5968878748,53.6429333111,53.2668955812,53.3589864538,10688807,10688807,0.0,1.0,tiingo_historical_seed,
2018-02-01,IEFA,69.4,69.85,69.4,69.79,53.2592213418,53.6045621142,53.2592213418,53.5585166779,7161945,7161945,0.0,1.0,tiingo_historical_seed,
2018-02-02,IEFA,69.06,69.09,68.23,68.31,52.9982972027,53.0213199208,52.3613353336,52.4227292487,7048922,7048922,0.0,1.0,tiingo_historical_seed,
2018-02-05,IEFA,67.36,67.69,65.23,65.49,51.693676507,51.9469264067,50.0590635177,50.2585937417,13071117,13071117,0.0,1.0,tiingo_historical_seed,
2018-02-06,IEFA,65.21,66.89,65.17,66.83,50.0437150389,51.3329872558,50.0130180814,51.2869418195,23770408,23770408,0.0,1.0,tiingo_historical_seed,
2018-02-07,IEFA,66.2,66.66,65.84,65.94,50.8034647382,51.1564797499,50.5271921203,50.6039345141,8144773,8144773,0.0,1.0,tiingo_historical_seed,
2018-02-08,IEFA,66.04,66.09,64.26,64.33,50.680676908,50.7190481049,49.3146622972,49.3683819729,10019455,10019455,0.0,1.0,tiingo_historical_seed,
2018-02-09,IEFA,64.7,64.9,62.98,64.59,49.6523288302,49.8058136179,48.3323596557,49.5679121969,14905695,14905695,0.0,1.0,tiingo_historical_seed,
2018-02-12,IEFA,65.05,65.67,64.83,65.58,49.9209272087,50.3967300507,49.7520939422,50.3276618962,7682351,7682351,0.0,1.0,tiingo_historical_seed,
2018-02-13,IEFA,65.08,65.41,65.0,65.36,49.9439499269,50.1971998266,49.8825560118,50.1588286297,6618265,6618265,0.0,1.0,tiingo_historical_seed,
2018-02-14,IEFA,64.96,66.56,64.89,66.56,49.8518590542,51.0797373561,49.7981393785,51.0797373561,7100426,7100426,0.0,1.0,tiingo_historical_seed,
2018-02-15,IEFA,66.91,67.04,66.37,66.98,51.3483357346,51.4481008466,50.9339268077,51.4020554103,5763944,5763944,0.0,1.0,tiingo_historical_seed,
2018-02-16,IEFA,67.02,67.54,67.02,67.21,51.4327523679,51.8318128159,51.4327523679,51.5785629162,9191152,9191152,0.0,1.0,tiingo_historical_seed,
2018-02-20,IEFA,66.84,67.11,66.52,66.68,51.2946160589,51.5018205223,51.0490403985,51.1718282287,5521327,5521327,0.0,1.0,tiingo_historical_seed,
2018-02-21,IEFA,66.87,67.28,66.34,66.34,51.3176387771,51.6322825919,50.9109040896,50.9109040896,5573446,5573446,0.0,1.0,tiingo_historical_seed,
2018-02-22,IEFA,66.66,67.0,66.495,66.7,51.1564797499,51.4174038891,51.0298548001,51.1871767075,9712713,9712713,0.0,1.0,tiingo_historical_seed,
2018-02-23,IEFA,66.96,67.31,66.83,67.26,51.3867069315,51.6553053101,51.2869418195,51.6169341131,6409230,6409230,0.0,1.0,tiingo_historical_seed,
2018-02-26,IEFA,67.55,67.85,67.27,67.81,51.8394870553,52.0697142369,51.6246083525,52.0390172794,5074504,5074504,0.0,1.0,tiingo_historical_seed,
2018-02-27,IEFA,67.38,67.49,66.8,66.85,51.7090249858,51.793441619,51.2639191013,51.3022902983,5439230,5439230,0.0,1.0,tiingo_historical_seed,
2018-02-28,IEFA,66.95,66.98,66.14,66.14,51.3790326921,51.4020554103,50.7574193018,50.7574193018,9320388,9320388,0.0,1.0,tiingo_historical_seed,
2018-03-01,IEFA,65.73,65.97,64.79,65.17,50.442775487,50.6269572323,49.7213969847,50.0130180814,10491911,10491911,0.0,1.0,tiingo_historical_seed,
2018-03-02,IEFA,64.93,65.48,64.64,65.42,49.8288363361,50.2509195023,49.6062833939,50.204874066,9098994,9098994,0.0,1.0,tiingo_historical_seed,
2018-03-05,IEFA,65.04,65.83,64.9,65.82,49.9132529693,50.5195178809,49.8058136179,50.5118436415,6536321,6536321,0.0,1.0,tiingo_historical_seed,
2018-03-06,IEFA,66.36,66.47,66.07,66.28,50.9262525683,51.0106692016,50.7036996261,50.8648586533,58271478,58271478,0.0,1.0,tiingo_historical_seed,
2018-03-07,IEFA,65.94,66.28,65.75,66.18,50.6039345141,50.8648586533,50.4581239658,50.7881162594,6032207,6032207,0.0,1.0,tiingo_historical_seed,
2018-03-08,IEFA,66.46,66.53,66.16,66.42,51.0029949622,51.0567146379,50.7727677806,50.9722980047,5269940,5269940,0.0,1.0,tiingo_historical_seed,
2018-03-09,IEFA,66.48,66.82,66.37,66.8,51.018343441,51.2792675801,50.9339268077,51.2639191013,8730510,8730510,0.0,1.0,tiingo_historical_seed,
2018-03-12,IEFA,66.89,67.02,66.74,66.96,51.3329872558,51.4327523679,51.217873665,51.3867069315,10381973,10381973,0.0,1.0,tiingo_historical_seed,
2018-03-13,IEFA,67.13,67.19,66.35,66.47,51.5171690011,51.5632144374,50.918578329,51.0106692016,5692111,5692111,0.0,1.0,tiingo_historical_seed,
2018-03-14,IEFA,67.01,67.04,66.42,66.66,51.4250781285,51.4481008466,50.9722980047,51.1564797499,6268726,6268726,0.0,1.0,tiingo_historical_seed,
2018-03-15,IEFA,66.67,66.91,66.51,66.62,51.1641539893,51.3483357346,51.0413661591,51.1257827924,11213491,11213491,0.0,1.0,tiingo_historical_seed,
2018-03-16,IEFA,66.47,66.69,66.4,66.48,51.0106692016,51.1795024681,50.9569495259,51.018343441,5189715,5189715,0.0,1.0,tiingo_historical_seed,
2018-03-19,IEFA,66.27,66.28,65.66,65.99,50.8571844139,50.8648586533,50.3890558113,50.642305711,5106927,5106927,0.0,1.0,tiingo_historical_seed,
2018-03-20,IEFA,65.93,66.13,65.85,65.98,50.5962602747,50.7497450625,50.5348663596,50.6346314717,4528452,4528452,0.0,1.0,tiingo_historical_seed,
2018-03-21,IEFA,65.93,66.36,65.84,66.11,50.5962602747,50.9262525683,50.5271921203,50.7343965837,5076484,5076484,0.0,1.0,tiingo_historical_seed,
2018-03-22,IEFA,65.46,65.59,64.88,64.91,50.2355710236,50.3353361356,49.7904651392,49.8134878573,10956986,10956986,0.0,1.0,tiingo_historical_seed,
2018-03-23,IEFA,65.04,65.1,64.17,64.18,49.9132529693,49.9592984057,49.2455941427,49.2532683821,7739332,7739332,0.0,1.0,tiingo_historical_seed,
2018-03-26,IEFA,65.14,65.37,64.52,65.35,49.9899953632,50.1665028691,49.5141925212,50.1511543903,6964357,6964357,0.0,1.0,tiingo_historical_seed,
2018-03-27,IEFA,65.69,65.72,64.62,64.85,50.4120785295,50.4351012476,49.5909349151,49.767442421,9916009,9916009,0.0,1.0,tiingo_historical_seed,
2018-03-28,IEFA,65.26,65.66,64.96,65.16,50.0820862358,50.3890558113,49.8518590542,50.005343842,10435508,10435508,0.0,1.0,tiingo_historical_seed,
2018-03-29,IEFA,65.65,66.07,65.48,65.88,50.3813815719,50.7036996261,50.2509195023,50.5578890778,21315933,21315933,0.0,1.0,tiingo_historical_seed,
2018-04-02,IEFA,65.65,65.73,64.46,64.87,50.3813815719,50.442775487,49.4681470849,49.7827908998,9017817,9017817,0.0,1.0,tiingo_historical_seed,
2018-04-03,IEFA,65.24,65.41,64.91,65.33,50.0667377571,50.1971998266,49.8134878573,50.1358059115,14387174,14387174,0.0,1.0,tiingo_historical_seed,
2018-04-04,IEFA,64.57,65.54,64.5,65.5,49.5525637182,50.2969649387,49.4988440425,50.2662679811,14029045,14029045,0.0,1.0,tiingo_historical_seed,
2018-04-05,IEFA,65.73,66.08,65.73,65.95,50.442775487,50.7113738655,50.442775487,50.6116087535,5757225,5757225,0.0,1.0,tiingo_historical_seed,
2018-04-06,IEFA,65.9,66.1,65.28,65.44,50.5732375566,50.7267223443,50.0974347146,50.2202225448,8505614,8505614,0.0,1.0,tiingo_historical_seed,
2018-04-09,IEFA,66.13,66.47,65.92,66.05,50.7497450625,51.0106692016,50.5885860353,50.6883511474,4739656,4739656,0.0,1.0,tiingo_historical_seed,
2018-04-10,IEFA,66.68,66.86,66.52,66.79,51.1718282287,51.3099645377,51.0490403985,51.256244862,7681097,7681097,0.0,1.0,tiingo_historical_seed,
2018-04-11,IEFA,66.57,66.85,66.43,66.47,51.0874115955,51.3022902983,50.9799722441,51.0106692016,3724331,3724331,0.0,1.0,tiingo_historical_seed,
2018-04-12,IEFA,66.57,66.83,66.52,66.76,51.0874115955,51.2869418195,51.0490403985,51.2332221438,4552806,4552806,0.0,1.0,tiingo_historical_seed,
2018-04-13,IEFA,66.98,66.99,66.61,66.78,51.4020554103,51.4097296497,51.118108553,51.2485706226,5566274,5566274,0.0,1.0,tiingo_historical_seed,
2018-04-16,IEFA,67.05,67.06,66.81,66.88,51.455775086,51.4634493254,51.2715933407,51.3253130164,5887160,5887160,0.0,1.0,tiingo_historical_seed,
2018-04-17,IEFA,67.1,67.37,67.02,67.28,51.4941462829,51.7013507464,51.4327523679,51.6322825919,5701319,5701319,0.0,1.0,tiingo_historical_seed,
2018-04-18,IEFA,67.56,67.68,67.47,67.61,51.8471612947,51.9392521674,51.7780931402,51.8855324917,5122675,5122675,0.0,1.0,tiingo_historical_seed,
2018-04-19,IEFA,67.56,67.63,67.16,67.37,51.8471612947,51.9008809704,51.5401917193,51.7013507464,5355106,5355106,0.0,1.0,tiingo_historical_seed,
2018-04-20,IEFA,67.1,67.15,66.93,67.03,51.4941462829,51.5325174799,51.3636842134,51.4404266072,5793049,5793049,0.0,1.0,tiingo_historical_seed,
2018-04-23,IEFA,66.98,67.05,66.76,66.93,51.4020554103,51.455775086,51.2332221438,51.3636842134,4856466,4856466,0.0,1.0,tiingo_historical_seed,
2018-04-24,IEFA,67.11,67.11,66.44,66.65,51.5018205223,51.5018205223,50.9876464834,51.1488055106,7825141,7825141,0.0,1.0,tiingo_historical_seed,
2018-04-25,IEFA,66.38,66.58,66.19,66.5,50.9416010471,51.0950858348,50.7957904988,51.0336919198,5358426,5358426,0.0,1.0,tiingo_historical_seed,
2018-04-26,IEFA,66.87,66.94,66.66,66.85,51.3176387771,51.3713584528,51.1564797499,51.3022902983,4302119,4302119,0.0,1.0,tiingo_historical_seed,
2018-04-27,IEFA,66.88,66.99,66.67,66.93,51.3253130164,51.4097296497,51.1641539893,51.3636842134,3827078,3827078,0.0,1.0,tiingo_historical_seed,
2018-04-30,IEFA,66.85,67.06,66.64,66.64,51.3022902983,51.4634493254,51.1411312712,51.1411312712,5585368,5585368,0.0,1.0,tiingo_historical_seed,
2018-05-01,IEFA,66.58,66.66,66.16,66.53,51.0950858348,51.1564797499,50.7727677806,51.0567146379,4032871,4032871,0.0,1.0,tiingo_historical_seed,
2018-05-02,IEFA,66.83,66.92,66.42,66.49,51.2869418195,51.356009974,50.9722980047,51.0260176804,4651217,4651217,0.0,1.0,tiingo_historical_seed,
2018-05-03,IEFA,66.62,66.77,66.1,66.69,51.1257827924,51.2408963832,50.7267223443,51.1795024681,6787693,6787693,0.0,1.0,tiingo_historical_seed,
2018-05-04,IEFA,66.24,66.96,66.16,66.9,50.8341616957,51.3867069315,50.7727677806,51.3406614952,4988512,4988512,0.0,1.0,tiingo_historical_seed,
2018-05-07,IEFA,66.89,67.08,66.8,66.94,51.3329872558,51.4787978042,51.2639191013,51.3713584528,3796348,3796348,0.0,1.0,tiingo_historical_seed,
2018-05-08,IEFA,66.7,66.96,66.57,66.96,51.1871767075,51.3867069315,51.0874115955,51.3867069315,4599259,4599259,0.0,1.0,tiingo_historical_seed,
2018-05-09,IEFA,66.87,67.18,66.8,67.1,51.3176387771,51.555540198,51.2639191013,51.4941462829,3579298,3579298,0.0,1.0,tiingo_historical_seed,
2018-05-10,IEFA,67.3,67.51,67.17,67.5,51.6476310707,51.8087900978,51.5478659586,51.8011158584,5581576,5581576,0.0,1.0,tiingo_historical_seed,
2018-05-11,IEFA,67.71,67.82,67.63,67.71,51.9622748855,52.0466915188,51.9008809704,51.9622748855,3570096,3570096,0.0,1.0,tiingo_historical_seed,
2018-05-14,IEFA,67.96,68.0,67.73,67.79,52.1541308702,52.1848278277,51.9776233643,52.0236688006,4274631,4274631,0.0,1.0,tiingo_historical_seed,
2018-05-15,IEFA,67.28,67.45,67.05,67.25,51.6322825919,51.7627446615,51.455775086,51.6092598737,7091066,7091066,0.0,1.0,tiingo_historical_seed,
2018-05-16,IEFA,67.27,67.46,67.17,67.4,51.6246083525,51.7704189009,51.5478659586,51.7243734645,3382158,3382158,0.0,1.0,tiingo_historical_seed,
2018-05-17,IEFA,67.45,67.61,67.32,67.5,51.7627446615,51.8855324917,51.6629795494,51.8011158584,3731021,3731021,0.0,1.0,tiingo_historical_seed,
2018-05-18,IEFA,67.32,67.36,67.18,67.25,51.6629795494,51.693676507,51.555540198,51.6092598737,3916105,3916105,0.0,1.0,tiingo_historical_seed,
2018-05-21,IEFA,67.61,67.67,67.51,67.67,51.8855324917,51.931577928,51.8087900978,51.931577928,3614831,3614831,0.0,1.0,tiingo_historical_seed,
2018-05-22,IEFA,67.73,67.82,67.53,67.6,51.9776233643,52.0466915188,51.8241385766,51.8778582523,3269173,3269173,0.0,1.0,tiingo_historical_seed,
2018-05-23,IEFA,66.8,66.91,66.58,66.89,51.2639191013,51.3483357346,51.0950858348,51.3329872558,3398790,3398790,0.0,1.0,tiingo_historical_seed,
2018-05-24,IEFA,66.75,66.82,66.28,66.69,51.2255479044,51.2792675801,50.8648586533,51.1795024681,4900152,4900152,0.0,1.0,tiingo_historical_seed,
2018-05-25,IEFA,66.27,66.38,66.13,66.28,50.8571844139,50.9416010471,50.7497450625,50.8648586533,5425485,5425485,0.0,1.0,tiingo_historical_seed,
2018-05-29,IEFA,65.28,65.45,64.68,64.88,50.0974347146,50.2278967842,49.6369803514,49.7904651392,10116418,10116418,0.0,1.0,tiingo_historical_seed,
2018-05-30,IEFA,65.51,65.9665,65.31,65.92,50.2739422205,50.6242712485,50.1204574328,50.5885860353,6176547,6176547,0.0,1.0,tiingo_historical_seed,
2018-05-31,IEFA,65.77,65.8,65.27,65.63,50.4734724445,50.4964951627,50.0897604752,50.3660330931,10113184,10113184,0.0,1.0,tiingo_historical_seed,
2018-06-01,IEFA,66.04,66.14,65.79,66.06,50.680676908,50.7574193018,50.4888209233,50.6960253868,9835980,9835980,0.0,1.0,tiingo_historical_seed,
2018-06-04,IEFA,66.56,66.62,66.28,66.32,51.0797373561,51.1257827924,50.8648586533,50.8955556108,9874755,9874755,0.0,1.0,tiingo_historical_seed,
2018-06-05,IEFA,66.32,66.38,66.07,66.24,50.8955556108,50.9416010471,50.7036996261,50.8341616957,3496908,3496908,0.0,1.0,tiingo_historical_seed,
2018-06-06,IEFA,66.48,66.84,66.34,66.84,51.018343441,51.2946160589,50.9109040896,51.2946160589,3984927,3984927,0.0,1.0,tiingo_historical_seed,
2018-06-07,IEFA,66.94,66.94,66.34,66.42,51.3713584528,51.3713584528,50.9109040896,50.9722980047,5168854,5168854,0.0,1.0,tiingo_historical_seed,
2018-06-08,IEFA,66.48,66.64,66.27,66.56,51.018343441,51.1411312712,50.8571844139,51.0797373561,5923195,5923195,0.0,1.0,tiingo_historical_seed,
2018-06-11,IEFA,66.78,67.13,66.76,67.02,51.2485706226,51.5171690011,51.2332221438,51.4327523679,3472945,3472945,0.0,1.0,tiingo_historical_seed,
2018-06-12,IEFA,66.89,66.9,66.51,66.56,51.3329872558,51.3406614952,51.0413661591,51.0797373561,7978694,7978694,0.0,1.0,tiingo_historical_seed,
2018-06-13,IEFA,66.78,66.83,66.38,66.63,51.2485706226,51.2869418195,50.9416010471,51.1334570318,4322986,4322986,0.0,1.0,tiingo_historical_seed,
2018-06-14,IEFA,66.6,66.83,66.47,66.48,51.1104343136,51.2869418195,51.0106692016,51.018343441,6064405,6064405,0.0,1.0,tiingo_historical_seed,
2018-06-15,IEFA,66.15,66.15,65.84,66.1,50.7650935412,50.7650935412,50.5271921203,50.7267223443,4687230,4687230,0.0,1.0,tiingo_historical_seed,
2018-06-18,IEFA,65.41,65.6,65.29,65.59,50.1971998266,50.343010375,50.105108954,50.3353361356,6454439,6454439,0.0,1.0,tiingo_historical_seed,
2018-06-19,IEFA,63.56,63.88,63.42,63.88,49.6567228805,49.9067252613,49.547346839,49.9067252613,6298039,6298039,1.151494,1.0,tiingo_historical_seed,
2018-06-20,IEFA,64.05,64.12,63.7,63.84,50.0395390261,50.0942270469,49.7660989221,49.8754749637,23905731,23905731,0.0,1.0,tiingo_historical_seed,
2018-06-21,IEFA,63.7,63.7,63.37,63.43,49.7660989221,49.7660989221,49.508283967,49.5551594134,12603205,12603205,0.0,1.0,tiingo_historical_seed,
2018-06-22,IEFA,64.24,64.43,63.99,64.15,50.1879779397,50.3364168533,49.9926635797,50.1176647701,10317278,10317278,0.0,1.0,tiingo_historical_seed,
2018-06-25,IEFA,63.71,63.74,63.08,63.23,49.7739114965,49.7973492197,49.2817193094,49.3989079254,10910789,10910789,0.0,1.0,tiingo_historical_seed,
2018-06-26,IEFA,63.45,63.5,63.1,63.31,49.5707845622,49.6098474342,49.2973444582,49.4614085206,9407015,9407015,0.0,1.0,tiingo_historical_seed,
2018-06-27,IEFA,63.41,63.61,62.72,62.74,49.5395342646,49.6957857525,49.000466631,49.0160917798,11860512,11860512,0.0,1.0,tiingo_historical_seed,
2018-06-28,IEFA,62.62,63.02,62.56,62.91,48.922340887,49.234843863,48.8754654406,49.1489055446,7353020,7353020,0.0,1.0,tiingo_historical_seed,
2018-06-29,IEFA,63.43,63.64,63.25,63.37,49.5551594134,49.7192234757,49.4145330742,49.508283967,6507301,6507301,0.0,1.0,tiingo_historical_seed,
2018-07-02,IEFA,62.38,62.76,62.36,62.73,48.7348391015,49.0317169286,48.7192139527,49.0082792054,7685378,7685378,0.0,1.0,tiingo_historical_seed,
2018-07-03,IEFA,63.15,63.24,62.85,62.89,49.3364073302,49.4067204998,49.1020300982,49.1332803958,3974527,3974527,0.0,1.0,tiingo_historical_seed,
2018-07-05,IEFA,63.39,63.47,63.2,63.42,49.5239091158,49.586409711,49.3754702022,49.547346839,5461086,5461086,0.0,1.0,tiingo_historical_seed,
2018-07-06,IEFA,63.56,63.91,63.47,63.81,49.6567228805,49.9301629845,49.586409711,49.8520372405,5335888,5335888,0.0,1.0,tiingo_historical_seed,
2018-07-09,IEFA,64.28,64.41,64.15,64.37,50.2192282373,50.3207917045,50.1176647701,50.2895414069,3882283,3882283,0.0,1.0,tiingo_historical_seed,
2018-07-10,IEFA,64.25,64.43,64.25,64.36,50.1957905141,50.3364168533,50.1957905141,50.2817288325,5899573,5899573,0.0,1.0,tiingo_historical_seed,
2018-07-11,IEFA,63.65,63.81,63.11,63.27,49.7270360501,49.8520372405,49.3051570326,49.430158223,6241513,6241513,0.0,1.0,tiingo_historical_seed,
2018-07-12,IEFA,63.6,63.84,63.52,63.76,49.6879731781,49.8754749637,49.6254725829,49.8129743685,3154312,3154312,0.0,1.0,tiingo_historical_seed,
2018-07-13,IEFA,63.81,64.0,63.69,64.0,49.8520372405,50.0004761541,49.7582863477,50.0004761541,5700264,5700264,0.0,1.0,tiingo_historical_seed,
2018-07-16,IEFA,64.0,64.08,63.87,64.01,50.0004761541,50.0629767493,49.8989126869,50.0082887285,3790118,3790118,0.0,1.0,tiingo_historical_seed,
2018-07-17,IEFA,63.81,64.18,63.81,64.08,49.8520372405,50.1411024933,49.8520372405,50.0629767493,4319435,4319435,0.0,1.0,tiingo_historical_seed,
2018-07-18,IEFA,64.07,64.24,63.95,64.1,50.0551641749,50.1879779397,49.9614132821,50.0786018981,3133469,3133469,0.0,1.0,tiingo_historical_seed,
2018-07-19,IEFA,63.78,64.07,63.69,63.94,49.8285995173,50.0551641749,49.7582863477,49.9536007077,4021499,4021499,0.0,1.0,tiingo_historical_seed,
2018-07-20,IEFA,63.93,64.34,63.93,64.27,49.9457881333,50.2661036837,49.9457881333,50.2114156629,3102229,3102229,0.0,1.0,tiingo_historical_seed,
2018-07-23,IEFA,64.25,64.31,64.12,64.26,50.1957905141,50.2426659605,50.0942270469,50.2036030885,3972341,3972341,0.0,1.0,tiingo_historical_seed,
2018-07-24,IEFA,64.78,64.93,64.52,64.61,50.6098569572,50.7270455732,50.4067300229,50.4770431924,4288793,4288793,0.0,1.0,tiingo_historical_seed,
2018-07-25,IEFA,64.68,65.24,64.43,65.16,50.5317312132,50.9692353796,50.3364168533,50.9067347844,6394161,6394161,0.0,1.0,tiingo_historical_seed,
2018-07-26,IEFA,64.91,65.01,64.77,64.82,50.7114204244,50.7895461684,50.6020443828,50.6411072548,4095461,4095461,0.0,1.0,tiingo_historical_seed,
2018-07-27,IEFA,65.16,65.25,64.89,64.98,50.9067347844,50.977047954,50.6957952756,50.7661084452,7484556,7484556,0.0,1.0,tiingo_historical_seed,
2018-07-30,IEFA,65.21,65.23,64.92,64.97,50.9457976564,50.9614228052,50.7192329988,50.7582958708,3974849,3974849,0.0,1.0,tiingo_historical_seed,
2018-07-31,IEFA,65.18,65.21,64.88,64.92,50.9223599332,50.9457976564,50.6879827012,50.7192329988,5923063,5923063,0.0,1.0,tiingo_historical_seed,
2018-08-01,IEFA,64.84,64.93,64.64,64.72,50.6567324036,50.7270455732,50.5004809156,50.5629815108,5151921,5151921,0.0,1.0,tiingo_historical_seed,
2018-08-02,IEFA,64.01,64.26,63.94,64.21,50.0082887285,50.2036030885,49.9536007077,50.1645402165,5462719,5462719,0.0,1.0,tiingo_historical_seed,
2018-08-03,IEFA,64.03,64.32,63.97,64.29,50.0239138773,50.2504785349,49.9770384309,50.2270408117,4025163,4025163,0.0,1.0,tiingo_historical_seed,
2018-08-06,IEFA,63.89,64.09,63.77,63.99,49.9145378357,50.0707893237,49.8207869429,49.9926635797,4201791,4201791,0.0,1.0,tiingo_historical_seed,
2018-08-07,IEFA,64.62,64.62,64.39,64.45,50.4848557668,50.4848557668,50.3051665557,50.3520420021,5458023,5458023,0.0,1.0,tiingo_historical_seed,
2018-08-08,IEFA,64.42,64.54,64.25,64.41,50.3286042789,50.4223551717,50.1957905141,50.3207917045,5689950,5689950,0.0,1.0,tiingo_historical_seed,
2018-08-09,IEFA,64.48,64.52,64.21,64.22,50.3754797253,50.4067300229,50.1645402165,50.1723527909,5833689,5833689,0.0,1.0,tiingo_historical_seed,
2018-08-10,IEFA,63.13,63.2,62.87,62.99,49.3207821814,49.3754702022,49.117655247,49.2114061398,7289692,7289692,0.0,1.0,tiingo_historical_seed,
2018-08-13,IEFA,62.93,63.01,62.59,62.69,49.1645306934,49.2270312886,48.8989031638,48.9770289078,8855121,8855121,0.0,1.0,tiingo_historical_seed,
2018-08-14,IEFA,62.85,62.86,62.605,62.73,49.1020300982,49.1098426726,48.9106220254,49.0082792054,8418682,8418682,0.0,1.0,tiingo_historical_seed,
2018-08-15,IEFA,61.92,61.95,61.46,61.82,48.3754606791,48.3988984023,48.0160822567,48.2973349351,9623363,9623363,0.0,1.0,tiingo_historical_seed,
2018-08-16,IEFA,62.17,62.46,62.17,62.22,48.5707750391,48.7973396966,48.5707750391,48.6098379111,9136496,9136496,0.0,1.0,tiingo_historical_seed,
2018-08-17,IEFA,62.24,62.76,62.15,62.59,48.6254630599,49.0317169286,48.5551498903,48.8989031638,4847731,4847731,0.0,1.0,tiingo_historical_seed,
2018-08-20,IEFA,62.86,63.0,62.8,62.93,49.1098426726,49.2192187142,49.0629672262,49.1645306934,4956267,4956267,0.0,1.0,tiingo_historical_seed,
2018-08-21,IEFA,63.36,63.54,63.2,63.36,49.5004713926,49.6410977317,49.3754702022,49.5004713926,4502977,4502977,0.0,1.0,tiingo_historical_seed,
2018-08-22,IEFA,63.61,63.72,63.53,63.59,49.6957857525,49.7817240709,49.6332851573,49.6801606037,3566846,3566846,0.0,1.0,tiingo_historical_seed,
2018-08-23,IEFA,63.3,63.45,63.13,63.16,49.4535959462,49.5707845622,49.3207821814,49.3442199046,5350612,5350612,0.0,1.0,tiingo_historical_seed,
2018-08-24,IEFA,63.5,63.69,63.38,63.56,49.6098474342,49.7582863477,49.5160965414,49.6567228805,4196553,4196553,0.0,1.0,tiingo_historical_seed,
2018-08-27,IEFA,64.09,64.47,64.07,64.41,50.0707893237,50.3676671509,50.0551641749,50.3207917045,5112800,5112800,0.0,1.0,tiingo_historical_seed,
2018-08-28,IEFA,64.61,64.61,64.31,64.31,50.4770431924,50.4770431924,50.2426659605,50.2426659605,4378150,4378150,0.0,1.0,tiingo_historical_seed,
2018-08-29,IEFA,64.34,64.72,64.27,64.68,50.2661036837,50.5629815108,50.2114156629,50.5317312132,9746388,9746388,0.0,1.0,tiingo_historical_seed,
2018-08-30,IEFA,64.19,64.3,63.99,64.12,50.1489150677,50.2348533861,49.9926635797,50.0942270469,8944219,8944219,0.0,1.0,tiingo_historical_seed,
2018-08-31,IEFA,63.82,63.99,63.44,63.71,49.8598498149,49.9926635797,49.5629719878,49.7739114965,7584210,7584210,0.0,1.0,tiingo_historical_seed,
2018-09-04,IEFA,62.91,63.15,62.8,63.15,49.1489055446,49.3364073302,49.0629672262,49.3364073302,7389026,7389026,0.0,1.0,tiingo_historical_seed,
2018-09-05,IEFA,62.79,62.8,62.36,62.57,49.0551546518,49.0629672262,48.7192139527,48.883278015,9820144,9820144,0.0,1.0,tiingo_historical_seed,
2018-09-06,IEFA,62.43,62.61,62.09,62.37,48.7739019734,48.9145283126,48.5082744439,48.7270265271,6004277,6004277,0.0,1.0,tiingo_historical_seed,
2018-09-07,IEFA,61.81,62.04,61.68,61.83,48.2895223607,48.4692115719,48.1879588935,48.3051475095,8975986,8975986,0.0,1.0,tiingo_historical_seed,
2018-09-10,IEFA,62.37,62.4,62.17,62.23,48.7270265271,48.7504642503,48.5707750391,48.6176504855,5105097,5105097,0.0,1.0,tiingo_historical_seed,
2018-09-11,IEFA,61.96,62.31,61.84,62.31,48.4067109767,48.6801510807,48.3129600839,48.6801510807,11933999,11933999,0.0,1.0,tiingo_historical_seed,
2018-09-12,IEFA,62.33,62.69,62.3,62.54,48.6957762295,48.9770289078,48.6723385063,48.8598402918,5378447,5378447,0.0,1.0,tiingo_historical_seed,
2018-09-13,IEFA,63.12,63.19,62.83,63.01,49.312969607,49.3676576278,49.0864049494,49.2270312886,6001354,6001354,0.0,1.0,tiingo_historical_seed,
2018-09-14,IEFA,63.14,63.26,62.93,63.05,49.3285947558,49.4223456486,49.1645306934,49.2582815862,5465436,5465436,0.0,1.0,tiingo_historical_seed,
2018-09-17,IEFA,63.44,63.52,63.15,63.17,49.5629719878,49.6254725829,49.3364073302,49.352032479,4538241,4538241,0.0,1.0,tiingo_historical_seed,
2018-09-18,IEFA,63.64,63.92,63.52,63.83,49.7192234757,49.9379755589,49.6254725829,49.8676623893,6185192,6185192,0.0,1.0,tiingo_historical_seed,
2018-09-19,IEFA,63.89,64.11,63.84,64.02,49.9145378357,50.0864144725,49.8754749637,50.0161013029,4726721,4726721,0.0,1.0,tiingo_historical_seed,
2018-09-20,IEFA,64.67,64.84,64.49,64.77,50.5239186388,50.6567324036,50.3832922997,50.6020443828,5219276,5219276,0.0,1.0,tiingo_historical_seed,
2018-09-21,IEFA,64.74,64.86,64.67,64.75,50.5786066596,50.6723575524,50.5239186388,50.586419234,9053899,9053899,0.0,1.0,tiingo_historical_seed,
2018-09-24,IEFA,64.78,64.8,64.46,64.46,50.6098569572,50.625482106,50.3598545765,50.3598545765,6354202,6354202,0.0,1.0,tiingo_historical_seed,
2018-09-25,IEFA,64.98,65.0,64.77,64.82,50.7661084452,50.781733594,50.6020443828,50.6411072548,4660252,4660252,0.0,1.0,tiingo_historical_seed,
2018-09-26,IEFA,64.8,65.24,64.76,64.86,50.625482106,50.9692353796,50.5942318084,50.6723575524,7256612,7256612,0.0,1.0,tiingo_historical_seed,
2018-09-27,IEFA,64.68,64.94,64.58,64.61,50.5317312132,50.7348581476,50.4536054693,50.4770431924,8471879,8471879,0.0,1.0,tiingo_historical_seed,
2018-09-28,IEFA,64.06,64.37,63.98,64.08,50.0473516005,50.2895414069,49.9848510053,50.0629767493,9619834,9619834,0.0,1.0,tiingo_historical_seed,
2018-10-01,IEFA,64.4,64.44,64.18,64.19,50.3129791301,50.3442294277,50.1411024933,50.1489150677,7472774,7472774,0.0,1.0,tiingo_historical_seed,
2018-10-02,IEFA,63.72,63.93,63.64,63.85,49.7817240709,49.9457881333,49.7192234757,49.8832875381,10097045,10097045,0.0,1.0,tiingo_historical_seed,
2018-10-03,IEFA,64.01,64.03,63.7,63.78,50.0082887285,50.0239138773,49.7660989221,49.8285995173,5560580,5560580,0.0,1.0,tiingo_historical_seed,
2018-10-04,IEFA,63.37,63.37,62.72,63.01,49.508283967,49.508283967,49.000466631,49.2270312886,6623405,6623405,0.0,1.0,tiingo_historical_seed,
2018-10-05,IEFA,62.82,62.88,62.37,62.61,49.078592375,49.1254678214,48.7270265271,48.9145283126,4995181,4995181,0.0,1.0,tiingo_historical_seed,
2018-10-08,IEFA,61.94,62.28,61.74,62.27,48.3910858279,48.6567133575,48.2348343399,48.6489007831,6242104,6242104,0.0,1.0,tiingo_historical_seed,
2018-10-09,IEFA,61.62,62.15,61.5,62.03,48.1410834471,48.5551498903,48.0473325543,48.4613989975,5540280,5540280,0.0,1.0,tiingo_historical_seed,
2018-10-10,IEFA,61.8,61.83,60.6,60.65,48.2817097863,48.3051475095,47.3442008584,47.3832637304,11749218,11749218,0.0,1.0,tiingo_historical_seed,
2018-10-11,IEFA,60.55,60.75,59.49,59.94,47.3051379864,47.4613894744,46.4770051001,46.8285709481,32915227,32915227,0.0,1.0,tiingo_historical_seed,
2018-10-12,IEFA,60.41,60.44,59.51,60.09,47.1957619448,47.219199668,46.4926302489,46.9457595641,12833812,12833812,0.0,1.0,tiingo_historical_seed,
2018-10-15,IEFA,59.96,60.27,59.78,60.02,46.8441960969,47.0863859032,46.7035697577,46.8910715433,6961704,6961704,0.0,1.0,tiingo_historical_seed,
2018-10-16,IEFA,60.78,61.11,60.67,61.01,47.4848271976,47.7426421528,47.3988888792,47.6645164088,14780294,14780294,0.0,1.0,tiingo_historical_seed,
2018-10-17,IEFA,60.82,60.92,60.41,60.63,47.5160774952,47.5942032392,47.1957619448,47.3676385816,9710355,9710355,0.0,1.0,tiingo_historical_seed,
2018-10-18,IEFA,60.46,60.5,59.52,59.75,47.2348248168,47.2660751144,46.5004428233,46.6801320345,8298530,8298530,0.0,1.0,tiingo_historical_seed,
2018-10-19,IEFA,60.0,60.32,59.92,60.06,46.8754463945,47.1254487752,46.8129457993,46.9223218409,6622565,6622565,0.0,1.0,tiingo_historical_seed,
2018-10-22,IEFA,60.08,60.12,59.54,59.69,46.9379469897,46.9691972873,46.5160679721,46.6332565881,7316134,7316134,0.0,1.0,tiingo_historical_seed,
2018-10-23,IEFA,58.7,59.35,58.35,59.12,45.8598117226,46.3676290585,45.5863716186,46.1879398474,9867370,9867370,0.0,1.0,tiingo_historical_seed,
2018-10-24,IEFA,58.75,58.81,57.41,57.46,45.8988745946,45.945750041,44.8519896251,44.8910524971,12229892,12229892,0.0,1.0,tiingo_historical_seed,
2018-10-25,IEFA,57.91,58.44,57.69,58.13,45.2426183451,45.6566847882,45.0707417083,45.4144949818,11709547,11709547,0.0,1.0,tiingo_historical_seed,
2018-10-26,IEFA,57.4,58.1,56.94,57.7,44.8441770507,45.3910572586,44.4847986284,45.0785542827,16735734,16735734,0.0,1.0,tiingo_historical_seed,
2018-10-29,IEFA,58.33,58.47,57.1,57.56,45.5707464698,45.6801225114,44.6097998187,44.9691782411,19762040,19762040,0.0,1.0,tiingo_historical_seed,
2018-10-30,IEFA,57.76,58.24,57.62,58.24,45.1254297291,45.5004333002,45.0160536875,45.5004333002,12230090,12230090,0.0,1.0,tiingo_historical_seed,
2018-10-31,IEFA,58.77,59.02,58.64,58.78,45.9144997434,46.1098141034,45.8129362762,45.9223123178,20699278,20699278,0.0,1.0,tiingo_historical_seed,
2018-11-01,IEFA,59.3,59.54,59.05,59.49,46.3285661865,46.5160679721,46.1332518266,46.4770051001,11291511,11291511,0.0,1.0,tiingo_historical_seed,
2018-11-02,IEFA,60.1,60.17,59.3,59.64,46.9535721385,47.0082601593,46.3285661865,46.5941937161,9651140,9651140,0.0,1.0,tiingo_historical_seed,
2018-11-05,IEFA,59.59,59.75,59.41,59.62,46.5551308441,46.6801320345,46.4145045049,46.5785685673,9356845,9356845,0.0,1.0,tiingo_historical_seed,
2018-11-06,IEFA,59.63,59.87,59.56,59.83,46.5863811417,46.7738829273,46.5316931209,46.7426326297,7416216,7416216,0.0,1.0,tiingo_historical_seed,
2018-11-07,IEFA,60.42,60.67,60.19,60.62,47.2035745192,47.3988888792,47.0238853081,47.3598260072,7384539,7384539,0.0,1.0,tiingo_historical_seed,
2018-11-08,IEFA,60.37,60.53,59.9,60.06,47.1645116472,47.2895128376,46.7973206505,46.9223218409,6278870,6278870,0.0,1.0,tiingo_historical_seed,
2018-11-09,IEFA,59.67,59.74,59.36,59.67,46.6176314393,46.6723194601,46.3754416329,46.6176314393,8394958,8394958,0.0,1.0,tiingo_historical_seed,
2018-11-12,IEFA,59.17,59.21,58.53,58.59,46.2270027193,46.2582530169,45.7269979578,45.7738734042,6496354,6496354,0.0,1.0,tiingo_historical_seed,
2018-11-13,IEFA,58.76,59.24,58.58,58.84,45.906687169,46.2816907401,45.7660608298,45.9691877642,13017137,13017137,0.0,1.0,tiingo_historical_seed,
2018-11-14,IEFA,59.2,59.29,58.55,58.87,46.2504404425,46.3207536121,45.7426231066,45.9926254874,11787534,11787534,0.0,1.0,tiingo_historical_seed,
2018-11-15,IEFA,58.43,59.14,58.18,59.04,45.6488722138,46.2035649962,45.4535578538,46.1254392522,19057208,19057208,0.0,1.0,tiingo_historical_seed,
2018-11-16,IEFA,58.68,59.16,58.56,59.08,45.8441865738,46.219190145,45.750435681,46.1566895498,12563873,12563873,0.0,1.0,tiingo_historical_seed,
2018-11-19,IEFA,59.06,59.09,58.41,58.58,46.141064401,46.1645021242,45.633247065,45.7660608298,11021149,11021149,0.0,1.0,tiingo_historical_seed,
2018-11-20,IEFA,57.77,58.0,57.39,57.48,45.1332423035,45.3129315147,44.8363644763,44.9066776459,12515122,12515122,0.0,1.0,tiingo_historical_seed,
2018-11-21,IEFA,58.22,58.54,58.13,58.29,45.4848081514,45.7348105322,45.4144949818,45.5394961722,12708144,12708144,0.0,1.0,tiingo_historical_seed,
2018-11-23,IEFA,57.89,58.1399,57.83,57.94,45.2269931963,45.4222294305,45.1801177499,45.2660560683,3949700,3949700,0.0,1.0,tiingo_historical_seed,
2018-11-26,IEFA,58.65,58.89,58.63,58.83,45.8207488506,46.0082506362,45.8051237018,45.9613751898,9515563,9515563,0.0,1.0,tiingo_historical_seed,
2018-11-27,IEFA,58.54,58.66,58.33,58.63,45.7348105322,45.828561425,45.5707464698,45.8051237018,8888482,8888482,0.0,1.0,tiingo_historical_seed,
2018-11-28,IEFA,58.7,59.53,58.47,59.49,45.8598117226,46.5082553977,45.6801225114,46.4770051001,12111034,12111034,0.0,1.0,tiingo_historical_seed,
2018-11-29,IEFA,59.15,59.38,58.98,59.17,46.2113775706,46.3910667817,46.0785638058,46.2270027193,9469247,9469247,0.0,1.0,tiingo_historical_seed,
2018-11-30,IEFA,58.91,59.02,58.68,58.98,46.023875785,46.1098141034,45.8441865738,46.0785638058,10099258,10099258,0.0,1.0,tiingo_historical_seed,
2018-12-03,IEFA,59.86,59.87,59.5,59.72,46.7660703529,46.7738829273,46.4848176745,46.6566943113,10620217,10620217,0.0,1.0,tiingo_historical_seed,
2018-12-04,IEFA,59.43,59.46,58.09,58.14,46.4301296537,46.4535673769,45.3832446842,45.4223075562,13329675,13329675,0.0,1.0,tiingo_historical_seed,
2018-12-06,IEFA,57.13,57.66,56.565,57.61,44.6332375419,45.0473039851,44.1918270884,45.0082411131,17953223,17953223,0.0,1.0,tiingo_historical_seed,
2018-12-07,IEFA,57.72,57.91,56.88,57.04,45.0941794315,45.2426183451,44.437923182,44.5629243723,21335961,21335961,0.0,1.0,tiingo_historical_seed,
2018-12-10,IEFA,56.69,56.83,55.96,56.48,44.2894842684,44.39886031,43.7191663372,44.125420206,20445936,20445936,0.0,1.0,tiingo_historical_seed,
2018-12-11,IEFA,57.07,57.13,56.38,56.71,44.5863620955,44.6332375419,44.047294462,44.3051094172,24148774,24148774,0.0,1.0,tiingo_historical_seed,
2018-12-12,IEFA,57.55,57.92,57.52,57.53,44.9613656667,45.2504309195,44.9379279435,44.9457405179,16290707,16290707,0.0,1.0,tiingo_historical_seed,
2018-12-13,IEFA,57.65,57.76,57.35,57.4,45.0394914107,45.1254297291,44.8051141787,44.8441770507,18683324,18683324,0.0,1.0,tiingo_historical_seed,
2018-12-14,IEFA,56.81,57.02,56.64,56.65,44.3832351612,44.5472992235,44.2504213964,44.2582339708,20643237,20643237,0.0,1.0,tiingo_historical_seed,
2018-12-17,IEFA,56.67,56.68,55.96,56.19,44.2738591196,44.281671694,43.7191663372,43.8988555484,29936339,29936339,0.0,1.0,tiingo_historical_seed,
2018-12-18,IEFA,55.75,55.9,55.34,55.5,44.1452519369,44.2640283996,43.8205962725,43.9472911659,32398635,32398635,0.751997,1.0,tiingo_historical_seed,
2018-12-19,IEFA,55.73,56.13,54.72,54.96,44.1294150753,44.4461523089,43.3296535604,43.5196959005,31902506,31902506,0.0,1.0,tiingo_historical_seed,
2018-12-20,IEFA,55.02,55.15,54.47,54.67,43.5672064856,43.6701460865,43.1316927893,43.2900614061,46750996,46750996,0.0,1.0,tiingo_historical_seed,
2018-12-21,IEFA,54.31,54.58,53.6,53.68,43.0049978959,43.2187955286,42.4427893062,42.5061367529,38270256,38270256,0.0,1.0,tiingo_historical_seed,
2018-12-24,IEFA,53.68,53.9,53.02,53.06,42.5061367529,42.6803422314,41.9835203174,42.0151940408,16781589,16781589,0.0,1.0,tiingo_historical_seed,
2018-12-26,IEFA,53.45,54.41,52.97,54.36,42.3240128436,43.0841822043,41.9439281632,43.0445900501,32170524,32170524,0.0,1.0,tiingo_historical_seed,
2018-12-27,IEFA,53.74,54.49,53.33,54.47,42.553647338,43.147529651,42.2289916735,43.1316927893,32035144,32035144,0.0,1.0,tiingo_historical_seed,
2018-12-28,IEFA,55.0,55.07,54.6506,54.81,43.5513696239,43.6067986398,43.2746996503,43.4009194379,29851622,29851622,0.0,1.0,tiingo_historical_seed,
2018-12-31,IEFA,55.2,55.25,54.76,55.0,43.7097382407,43.7493303949,43.3613272837,43.5513696239,33322955,33322955,0.0,1.0,tiingo_historical_seed,
2019-01-02,IEFA,54.26,54.85,54.2,54.8,42.9654057417,43.4325931613,42.9178951566,43.3930010071,13022121,13022121,0.0,1.0,tiingo_historical_seed,
2019-01-03,IEFA,54.66,54.73,54.25,54.44,43.2821429753,43.3375719912,42.9574873108,43.1079374968,12521297,12521297,0.0,1.0,tiingo_historical_seed,
2019-01-04,IEFA,55.28,56.23,55.16,56.09,43.7730856874,44.5253366173,43.6780645173,44.4144785855,9537780,9537780,0.0,1.0,tiingo_historical_seed,
2019-01-07,IEFA,56.12,56.59,56.03,56.36,44.438233878,44.8104001276,44.3669680005,44.6282762182,11312952,11312952,0.0,1.0,tiingo_historical_seed,
2019-01-08,IEFA,56.89,56.92,56.55,56.76,45.0479530528,45.0717083453,44.7787264042,44.9450134519,13194498,13194498,0.0,1.0,tiingo_historical_seed,
2019-01-09,IEFA,57.29,57.49,57.08,57.37,45.3646902864,45.5230589032,45.1984032388,45.4280377331,13304952,13304952,0.0,1.0,tiingo_historical_seed,
2019-01-10,IEFA,57.13,57.6,57.12,57.55,45.237995393,45.6101616425,45.2300769621,45.5705694883,9585104,9585104,0.0,1.0,tiingo_historical_seed,
2019-01-11,IEFA,57.15,57.32,57.02,57.17,45.2538322546,45.3884455789,45.1508926537,45.2696691163,10562214,10562214,0.0,1.0,tiingo_historical_seed,
2019-01-14,IEFA,56.77,57.09,56.72,56.91,44.9529318827,45.2063216696,44.9133397285,45.0637899145,13343821,13343821,0.0,1.0,tiingo_historical_seed,
2019-01-15,IEFA,57.04,57.28,56.85,57.18,45.1667295154,45.3567718556,45.0162793294,45.2775875472,8750746,8750746,0.0,1.0,tiingo_historical_seed,
2019-01-16,IEFA,57.28,57.39,57.17,57.3,45.3567718556,45.4438745948,45.2696691163,45.3726087173,37197220,37197220,0.0,1.0,tiingo_historical_seed,
2019-01-17,IEFA,56.96,57.65,56.96,57.53,45.1033820687,45.6497537967,45.1033820687,45.5547326266,11600246,11600246,0.0,1.0,tiingo_historical_seed,
2019-01-18,IEFA,58.07,58.18,57.89,58.11,45.982327892,46.0694306312,45.8397961369,46.0140016154,14136652,14136652,0.0,1.0,tiingo_historical_seed,
2019-01-22,IEFA,57.55,57.6,57.15,57.27,45.5705694883,45.6101616425,45.2538322546,45.3488534247,17526685,17526685,0.0,1.0,tiingo_historical_seed,
2019-01-23,IEFA,57.68,57.77,57.28,57.53,45.6735090892,45.7447749668,45.3567718556,45.5547326266,9915887,9915887,0.0,1.0,tiingo_historical_seed,
2019-01-24,IEFA,57.59,57.75,57.4,57.62,45.6022432116,45.7289381051,45.4517930257,45.6259985042,9335856,9335856,0.0,1.0,tiingo_historical_seed,
2019-01-25,IEFA,58.12,58.35,58.12,58.27,46.0219200462,46.2040439555,46.0219200462,46.1406965088,7423629,7423629,0.0,1.0,tiingo_historical_seed,
2019-01-28,IEFA,57.84,58.0,57.71,58.0,45.8002039827,45.9268988761,45.6972643817,45.9268988761,13421079,13421079,0.0,1.0,tiingo_historical_seed,
2019-01-29,IEFA,58.25,58.41,58.1,58.11,46.1248596471,46.2515545406,46.0060831845,46.0140016154,6186782,6186782,0.0,1.0,tiingo_historical_seed,
2019-01-30,IEFA,58.35,58.92,58.18,58.69,46.2040439555,46.6553945134,46.0694306312,46.4732706041,9926451,9926451,0.0,1.0,tiingo_historical_seed,
2019-01-31,IEFA,58.63,58.86,58.48,58.68,46.4257600191,46.6078839284,46.3069835565,46.4653521733,14452527,14452527,0.0,1.0,tiingo_historical_seed,
2019-02-01,IEFA,58.73,58.84,58.54,58.71,46.5049443275,46.5920470667,46.3544941415,46.4891074658,10219862,10219862,0.0,1.0,tiingo_historical_seed,
2019-02-04,IEFA,58.62,58.95,58.52,58.93,46.4178415882,46.679149806,46.3386572798,46.6633129443,10609147,10609147,0.0,1.0,tiingo_historical_seed,
2019-02-05,IEFA,59.24,59.41,59.19,59.41,46.9087843004,47.0433976246,46.8691921461,47.0433976246,8113191,8113191,0.0,1.0,tiingo_historical_seed,
2019-02-06,IEFA,59.22,59.28,58.98,59.05,46.8929474387,46.9404580237,46.7029050985,46.7583341144,10070007,10070007,0.0,1.0,tiingo_historical_seed,
2019-02-07,IEFA,58.63,58.67,58.14,58.26,46.4257600191,46.4574337424,46.0377569079,46.132778078,9900932,9900932,0.0,1.0,tiingo_historical_seed,
2019-02-08,IEFA,57.83,58.08,57.66,58.08,45.7922855518,45.9902463228,45.6576722275,45.9902463228,7333548,7333548,0.0,1.0,tiingo_historical_seed,
2019-02-11,IEFA,58.05,58.13,57.88,57.97,45.9664910303,46.029838477,45.831877706,45.9031435836,6589703,6589703,0.0,1.0,tiingo_historical_seed,
2019-02-12,IEFA,58.59,58.75,58.5,58.73,46.3940862957,46.5207811892,46.3228204181,46.5049443275,12387639,12387639,0.0,1.0,tiingo_historical_seed,
2019-02-13,IEFA,58.94,59.05,58.74,58.74,46.6712313751,46.7583341144,46.5128627583,46.5128627583,7270830,7270830,0.0,1.0,tiingo_historical_seed,
2019-02-14,IEFA,58.76,58.95,58.58,58.72,46.52869962,46.679149806,46.3861678649,46.4970258966,8339723,8339723,0.0,1.0,tiingo_historical_seed,
2019-02-15,IEFA,59.32,59.59,59.22,59.57,46.9721317471,47.1859293798,46.8929474387,47.1700925181,6357090,6357090,0.0,1.0,tiingo_historical_seed,
2019-02-19,IEFA,59.43,59.95,59.39,59.82,47.0592344863,47.47099289,47.027560763,47.3680532891,5734444,5734444,0.0,1.0,tiingo_historical_seed,
2019-02-20,IEFA,59.94,60.27,59.87,60.03,47.4630744592,47.7243826769,47.4076454433,47.5343403368,11561677,11561677,0.0,1.0,tiingo_historical_seed,
2019-02-21,IEFA,60.01,60.01,59.74,59.87,47.5185034751,47.5185034751,47.3047058424,47.4076454433,6239966,6239966,0.0,1.0,tiingo_historical_seed,
2019-02-22,IEFA,60.12,60.23,60.0001,60.1,47.6056062143,47.6927089536,47.5106642286,47.5897693527,9844929,9844929,0.0,1.0,tiingo_historical_seed,
2019-02-25,IEFA,60.45,60.53,60.25,60.27,47.8669144321,47.9302618788,47.7085458153,47.7243826769,6945353,6945353,0.0,1.0,tiingo_historical_seed,
2019-02-26,IEFA,60.43,60.73,60.39,60.59,47.8510775704,48.0886304956,47.819403847,47.9777724638,4471827,4471827,0.0,1.0,tiingo_historical_seed,
2019-02-27,IEFA,60.47,60.55,60.28,60.36,47.8827512938,47.9460987405,47.7323011078,47.7956485545,6326268,6326268,0.0,1.0,tiingo_historical_seed,
2019-02-28,IEFA,60.32,60.43,60.19,60.29,47.7639748311,47.8510775704,47.6610352302,47.7402195386,9127010,9127010,0.0,1.0,tiingo_historical_seed,
2019-03-01,IEFA,60.6,60.72,60.39,60.62,47.9856908947,48.0807120648,47.819403847,48.0015277564,8550859,8550859,0.0,1.0,tiingo_historical_seed,
2019-03-04,IEFA,60.67,60.7,60.17,60.38,48.0411199106,48.0648752031,47.6451983685,47.8114854162,6557619,6557619,0.0,1.0,tiingo_historical_seed,
2019-03-05,IEFA,60.34,60.59,60.29,60.44,47.7798116928,47.9777724638,47.7402195386,47.8589960012,9510618,9510618,0.0,1.0,tiingo_historical_seed,
2019-03-06,IEFA,60.56,60.57,60.26,60.29,47.9540171713,47.9619356022,47.7164642461,47.7402195386,6208555,6208555,0.0,1.0,tiingo_historical_seed,
2019-03-07,IEFA,60.02,60.05,59.44,59.45,47.5264219059,47.5501771984,47.0671529172,47.075071348,12733220,12733220,0.0,1.0,tiingo_historical_seed,
2019-03-08,IEFA,59.07,59.45,59.07,59.43,46.7741709761,47.075071348,46.7741709761,47.0592344863,7379865,7379865,0.0,1.0,tiingo_historical_seed,
2019-03-11,IEFA,59.47,59.99,59.47,59.98,47.0909082097,47.5026666134,47.0909082097,47.4947481826,4221040,4221040,0.0,1.0,tiingo_historical_seed,
2019-03-12,IEFA,59.97,60.08,59.9,59.94,47.4868297517,47.573932491,47.4314007358,47.4630744592,12305932,12305932,0.0,1.0,tiingo_historical_seed,
2019-03-13,IEFA,60.18,60.53,60.13,60.47,47.6531167994,47.9302618788,47.6135246452,47.8827512938,7726809,7726809,0.0,1.0,tiingo_historical_seed,
2019-03-14,IEFA,60.43,60.56,60.34,60.46,47.8510775704,47.9540171713,47.7798116928,47.8748328629,10030495,10030495,0.0,1.0,tiingo_historical_seed,
2019-03-15,IEFA,60.85,61.1,60.825,61.06,48.1836516657,48.3816124367,48.1638555886,48.3499387134,6514072,6514072,0.0,1.0,tiingo_historical_seed,
2019-03-18,IEFA,61.19,61.33,61.09,61.32,48.4528783143,48.5637363461,48.3736940059,48.5558179152,11344707,11344707,0.0,1.0,tiingo_historical_seed,
2019-03-19,IEFA,61.7,61.7,61.31,61.43,48.8567182872,48.8567182872,48.5478994844,48.6429206545,11747317,11747317,0.0,1.0,tiingo_historical_seed,
2019-03-20,IEFA,61.25,61.74,61.0,61.43,48.5003888993,48.8883920105,48.3024281283,48.6429206545,9338150,9338150,0.0,1.0,tiingo_historical_seed,
2019-03-21,IEFA,61.03,61.47,61.03,61.46,48.3261834208,48.6745943778,48.3261834208,48.666675947,15035919,15035919,0.0,1.0,tiingo_historical_seed,
2019-03-22,IEFA,60.75,60.85,60.23,60.26,48.1044673573,48.1836516657,47.6927089536,47.7164642461,8833369,8833369,0.0,1.0,tiingo_historical_seed,
2019-03-25,IEFA,60.15,60.35,60.03,60.28,47.6293615069,47.7877301237,47.5343403368,47.7323011078,7685552,7685552,0.0,1.0,tiingo_historical_seed,
2019-03-26,IEFA,60.74,60.83,60.51,60.67,48.0965489265,48.167814804,47.9144250171,48.0411199106,5593143,5593143,0.0,1.0,tiingo_historical_seed,
2019-03-27,IEFA,60.75,60.85,60.24,60.62,48.1044673573,48.1836516657,47.7006273844,48.0015277564,7788162,7788162,0.0,1.0,tiingo_historical_seed,
2019-03-28,IEFA,60.5,60.59,60.27,60.53,47.9065065863,47.9777724638,47.7243826769,47.9302618788,4351614,4351614,0.0,1.0,tiingo_historical_seed,
2019-03-29,IEFA,60.73,60.8,60.48,60.77,48.0886304956,48.1440595115,47.8906697246,48.120304219,18869739,18869739,0.0,1.0,tiingo_historical_seed,
2019-04-01,IEFA,61.3,61.56,61.26,61.53,48.5399810535,48.7458602554,48.5083073302,48.7221049629,10362851,10362851,0.0,1.0,tiingo_historical_seed,
2019-04-02,IEFA,61.38,61.61,61.3,61.61,48.6033285003,48.7854524096,48.5399810535,48.7854524096,7282831,7282831,0.0,1.0,tiingo_historical_seed,
2019-04-03,IEFA,61.98,62.21,61.93,62.06,49.0784343507,49.26055826,49.0388421965,49.1417817974,5115852,5115852,0.0,1.0,tiingo_historical_seed,
2019-04-04,IEFA,61.87,61.97,61.8,61.93,48.9913316115,49.0705159199,48.9359025956,49.0388421965,5985202,5985202,0.0,1.0,tiingo_historical_seed,
2019-04-05,IEFA,61.85,62.06,61.85,62.05,48.9754947498,49.1417817974,48.9754947498,49.1338633666,8926171,8926171,0.0,1.0,tiingo_historical_seed,
2019-04-08,IEFA,62.04,62.08,61.91,62.07,49.1259449357,49.1576186591,49.0230053348,49.1497002283,7003071,7003071,0.0,1.0,tiingo_historical_seed,
2019-04-09,IEFA,61.9,61.9,61.66,61.71,49.015086904,49.015086904,48.8250445638,48.864636718,4968786,4968786,0.0,1.0,tiingo_historical_seed,
2019-04-10,IEFA,61.83,61.96,61.72,61.92,48.9596578881,49.062597489,48.8725551488,49.0309237657,15100916,15100916,0.0,1.0,tiingo_historical_seed,
2019-04-11,IEFA,61.92,61.97,61.71,61.86,49.0309237657,49.0705159199,48.864636718,48.9834131806,6742086,6742086,0.0,1.0,tiingo_historical_seed,
2019-04-12,IEFA,62.26,62.29,62.14,62.26,49.3001504142,49.3239057068,49.2051292442,49.3001504142,10302780,10302780,0.0,1.0,tiingo_historical_seed,
2019-04-15,IEFA,62.37,62.39,62.21,62.33,49.3872531535,49.4030900152,49.26055826,49.3555794301,3584687,3584687,0.0,1.0,tiingo_historical_seed,
2019-04-16,IEFA,62.55,62.6,62.33,62.42,49.5297849086,49.5693770628,49.3555794301,49.4268453077,6409732,6409732,0.0,1.0,tiingo_historical_seed,
2019-04-17,IEFA,62.66,62.71,62.43,62.55,49.6168876479,49.6564798021,49.4347637385,49.5297849086,6208924,6208924,0.0,1.0,tiingo_historical_seed,
2019-04-18,IEFA,62.49,62.56,62.34,62.46,49.4822743236,49.5377033395,49.363497861,49.4585190311,10188843,10188843,0.0,1.0,tiingo_historical_seed,
2019-04-22,IEFA,62.42,62.48,62.16,62.41,49.4268453077,49.4743558927,49.2209661058,49.4189268769,7319769,7319769,0.0,1.0,tiingo_historical_seed,
2019-04-23,IEFA,62.24,62.54,62.23,62.54,49.2843135526,49.5218664778,49.2763951217,49.5218664778,12874684,12874684,0.0,1.0,tiingo_historical_seed,
2019-04-24,IEFA,62.2,62.25,61.96,62.05,49.2526398292,49.2922319834,49.062597489,49.1338633666,6921398,6921398,0.0,1.0,tiingo_historical_seed,
2019-04-25,IEFA,61.89,62.06,61.84,62.01,49.0071684731,49.1417817974,48.9675763189,49.1021896432,7524027,7524027,0.0,1.0,tiingo_historical_seed,
2019-04-26,IEFA,62.13,62.27,62.03,62.24,49.1972108133,49.3080688451,49.1180265049,49.2843135526,4397362,4397362,0.0,1.0,tiingo_historical_seed,
2019-04-29,IEFA,62.31,62.54,62.25,62.51,49.3397425684,49.5218664778,49.2922319834,49.4981111853,4120257,4120257,0.0,1.0,tiingo_historical_seed,
2019-04-30,IEFA,62.52,62.66,62.31,62.56,49.5060296161,49.6168876479,49.3397425684,49.5377033395,8909753,8909753,0.0,1.0,tiingo_historical_seed,
2019-05-01,IEFA,62.64,62.78,62.17,62.18,49.6010507862,49.711908818,49.2288845367,49.2368029675,7054646,7054646,0.0,1.0,tiingo_historical_seed,
2019-05-02,IEFA,62.25,62.29,61.95,62.07,49.2922319834,49.3239057068,49.0546790582,49.1497002283,5092434,5092434,0.0,1.0,tiingo_historical_seed,
2019-05-03,IEFA,62.4,62.76,62.35,62.73,49.411008446,49.6960719563,49.3714162918,49.6723166638,4905294,4905294,0.0,1.0,tiingo_historical_seed,
2019-05-06,IEFA,61.43,62.13,61.3,62.08,48.6429206545,49.1972108133,48.5399810535,49.1576186591,6911619,6911619,0.0,1.0,tiingo_historical_seed,
2019-05-07,IEFA,61.5,61.55,60.8,61.02,48.6983496704,48.7379418246,48.1440595115,48.31826499,8090940,8090940,0.0,1.0,tiingo_historical_seed,
2019-05-08,IEFA,60.98,61.27,60.89,61.1,48.2865912666,48.516225761,48.2153253891,48.3816124367,12418570,12418570,0.0,1.0,tiingo_historical_seed,
2019-05-09,IEFA,60.37,60.82,60.18,60.72,47.8035669854,48.1598963732,47.6531167994,48.0807120648,5091530,5091530,0.0,1.0,tiingo_historical_seed,
2019-05-10,IEFA,60.78,61.24,60.42,61.18,48.1282226498,48.4924704685,47.8431591396,48.4449598834,9072906,9072906,0.0,1.0,tiingo_historical_seed,
2019-05-13,IEFA,60.06,60.14,59.66,59.74,47.5580956293,47.621443076,47.2413583957,47.3047058424,9225544,9225544,0.0,1.0,tiingo_historical_seed,
2019-05-14,IEFA,60.2,60.53,60.15,60.36,47.6689536611,47.9302618788,47.6293615069,47.7956485545,9412984,9412984,0.0,1.0,tiingo_historical_seed,
2019-05-15,IEFA,59.9,60.67,59.9,60.62,47.4314007358,48.0411199106,47.4314007358,48.0015277564,7767919,7767919,0.0,1.0,tiingo_historical_seed,
2019-05-16,IEFA,60.82,61.25,60.77,61.01,48.1598963732,48.5003888993,48.120304219,48.3103465592,5688286,5688286,0.0,1.0,tiingo_historical_seed,
2019-05-17,IEFA,60.66,60.95,60.59,60.66,48.0332014797,48.2628359741,47.9777724638,48.0332014797,4958414,4958414,0.0,1.0,tiingo_historical_seed,
2019-05-20,IEFA,60.35,60.56,60.22,60.35,47.7877301237,47.9540171713,47.6847905227,47.7877301237,4398259,4398259,0.0,1.0,tiingo_historical_seed,
2019-05-21,IEFA,60.71,60.84,60.54,60.8,48.0727936339,48.1757332349,47.9381803096,48.1440595115,5393278,5393278,0.0,1.0,tiingo_historical_seed,
2019-05-22,IEFA,60.52,60.68,60.41,60.55,47.922343448,48.0490383414,47.8352407087,47.9460987405,8072867,8072867,0.0,1.0,tiingo_historical_seed,
2019-05-23,IEFA,59.89,60.04,59.74,59.98,47.423482305,47.5422587676,47.3047058424,47.4947481826,8453739,8453739,0.0,1.0,tiingo_historical_seed,
2019-05-24,IEFA,60.56,60.64,60.41,60.61,47.9540171713,48.017364618,47.8352407087,47.9936093255,3735778,3735778,0.0,1.0,tiingo_historical_seed,
2019-05-28,IEFA,60.57,60.68,60.03,60.03,47.9619356022,48.0490383414,47.5343403368,47.5343403368,11580749,11580749,0.0,1.0,tiingo_historical_seed,
2019-05-29,IEFA,59.66,59.69,59.38,59.65,47.2413583957,47.2651136882,47.0196423321,47.2334399648,4911366,4911366,0.0,1.0,tiingo_historical_seed,
2019-05-30,IEFA,59.71,59.92,59.68,59.89,47.2809505499,47.4472375975,47.2571952573,47.423482305,7204015,7204015,0.0,1.0,tiingo_historical_seed,
2019-05-31,IEFA,59.1,59.44,59.06,59.39,46.7979262686,47.0671529172,46.7662525452,47.027560763,10247644,10247644,0.0,1.0,tiingo_historical_seed,
2019-06-03,IEFA,59.55,59.74,59.32,59.61,47.1542556564,47.3047058424,46.9721317471,47.2017662415,9094348,9094348,0.0,1.0,tiingo_historical_seed,
2019-06-04,IEFA,60.06,60.405,59.92,60.35,47.5580956293,47.8312814933,47.4472375975,47.7877301237,5224024,5224024,0.0,1.0,tiingo_historical_seed,
2019-06-05,IEFA,60.67,60.7,60.25,60.36,48.0411199106,48.0648752031,47.7085458153,47.7956485545,7104157,7104157,0.0,1.0,tiingo_historical_seed,
2019-06-06,IEFA,60.51,60.69,60.39,60.55,47.9144250171,48.0569567723,47.819403847,47.9460987405,7266958,7266958,0.0,1.0,tiingo_historical_seed,
2019-06-07,IEFA,61.08,61.46,61.08,61.31,48.365775575,48.666675947,48.365775575,48.5478994844,4679770,4679770,0.0,1.0,tiingo_historical_seed,
2019-06-10,IEFA,61.42,61.647,61.4109,61.5,48.6350022236,48.8147506037,48.6277964516,48.6983496704,3723948,3723948,0.0,1.0,tiingo_historical_seed,
2019-06-11,IEFA,62.02,62.12,61.69,61.77,49.1101080741,49.1892923825,48.8487998563,48.912147303,4143516,4143516,0.0,1.0,tiingo_historical_seed,
2019-06-12,IEFA,61.51,61.63,61.29,61.32,48.7062681012,48.8012892713,48.5320626227,48.5558179152,3078749,3078749,0.0,1.0,tiingo_historical_seed,
2019-06-13,IEFA,61.42,61.49,61.16,61.35,48.6350022236,48.6904312395,48.4291230218,48.5795732077,31157336,31157336,0.0,1.0,tiingo_historical_seed,
2019-06-14,IEFA,60.95,61.07,60.82,60.89,48.2628359741,48.3578571442,48.1598963732,48.2153253891,6929736,6929736,0.0,1.0,tiingo_historical_seed,
2019-06-17,IEFA,59.68,59.83,59.64,59.69,48.204585245,48.3257428821,48.1722765417,48.2126624208,6922945,6922945,1.196637,1.0,tiingo_historical_seed,
2019-06-18,IEFA,60.12,60.49,60.07,60.44,48.5599809807,48.8588364857,48.5195951016,48.8184506067,6439195,6439195,0.0,1.0,tiingo_historical_seed,
2019-06-19,IEFA,60.57,60.96,60.56,60.835,48.9234538922,49.2384637489,48.9153767164,49.1374990512,6063317,6063317,0.0,1.0,tiingo_historical_seed,
2019-06-20,IEFA,61.54,61.62,61.2,61.38,49.706939946,49.7715573525,49.4323159684,49.577705133,6538931,6538931,0.0,1.0,tiingo_historical_seed,
2019-06-21,IEFA,61.16,61.3,61.03,61.18,49.4000072651,49.5130877265,49.2950039796,49.4161616167,7202220,7202220,0.0,1.0,tiingo_historical_seed,
2019-06-24,IEFA,61.32,61.35,61.21,61.23,49.5292420781,49.5534736055,49.4403931442,49.4565474958,4990262,4990262,0.0,1.0,tiingo_historical_seed,
2019-06-25,IEFA,61.33,61.38,60.88,60.95,49.5373192539,49.577705133,49.1738463424,49.2303865731,10674044,10674044,0.0,1.0,tiingo_historical_seed,
2019-06-26,IEFA,61.08,61.14,60.93,60.93,49.3353898586,49.3838529135,49.2142322214,49.2142322214,6113162,6113162,0.0,1.0,tiingo_historical_seed,
2019-06-27,IEFA,61.15,61.21,61.08,61.11,49.3919300893,49.4403931442,49.3353898586,49.3596213861,5543775,5543775,0.0,1.0,tiingo_historical_seed,
2019-06-28,IEFA,61.36,61.53,61.33,61.4,49.5615507814,49.6988627702,49.5373192539,49.5938594846,7687115,7687115,0.0,1.0,tiingo_historical_seed,
2019-07-01,IEFA,62.09,62.15,61.64,61.79,50.1511846156,50.1996476705,49.7877117041,49.9088693413,7991628,7991628,0.0,1.0,tiingo_historical_seed,
2019-07-02,IEFA,61.95,62.04,61.87,61.98,50.0381041542,50.1107987366,49.9734867478,50.0623356817,4484763,4484763,0.0,1.0,tiingo_historical_seed,
2019-07-03,IEFA,62.3,62.44,62.27,62.42,50.3208053077,50.433885769,50.2965737802,50.4177314174,3453628,3453628,0.0,1.0,tiingo_historical_seed,
2019-07-05,IEFA,61.9,61.98,61.55,61.92,49.9977182752,50.0623356817,49.7150171218,50.0138726268,3734068,3734068,0.0,1.0,tiingo_historical_seed,
2019-07-08,IEFA,61.58,61.69,61.53,61.62,49.7392486492,49.8280975831,49.6988627702,49.7715573525,6293619,6293619,0.0,1.0,tiingo_historical_seed,
2019-07-09,IEFA,61.08,61.31,61.08,61.26,49.3353898586,49.5211649023,49.3353898586,49.4807790232,3720092,3720092,0.0,1.0,tiingo_historical_seed,
2019-07-10,IEFA,61.58,61.68,61.4,61.48,49.7392486492,49.8200204073,49.5938594846,49.6584768911,4707766,4707766,0.0,1.0,tiingo_historical_seed,
2019-07-11,IEFA,61.67,61.71,61.37,61.52,49.8119432315,49.8442519348,49.5696279572,49.6907855943,4525663,4525663,0.0,1.0,tiingo_historical_seed,
2019-07-12,IEFA,61.48,61.59,61.41,61.57,49.6584768911,49.747325825,49.6019366604,49.7311714734,4603535,4603535,0.0,1.0,tiingo_historical_seed,
2019-07-15,IEFA,61.66,61.76,61.58,61.65,49.8038660557,49.8846378138,49.7392486492,49.7957888799,3358596,3358596,0.0,1.0,tiingo_historical_seed,
2019-07-16,IEFA,61.52,61.6,61.36,61.39,49.6907855943,49.7554030008,49.5615507814,49.5857823088,7236230,7236230,0.0,1.0,tiingo_historical_seed,
2019-07-17,IEFA,61.58,61.58,61.3,61.31,49.7392486492,49.7392486492,49.5130877265,49.5211649023,6965626,6965626,0.0,1.0,tiingo_historical_seed,
2019-07-18,IEFA,61.1,61.49,61.01,61.48,49.3515442102,49.6665540669,49.2788496279,49.6584768911,6350565,6350565,0.0,1.0,tiingo_historical_seed,
2019-07-19,IEFA,61.48,61.56,61.32,61.35,49.6584768911,49.7230942976,49.5292420781,49.5534736055,5078313,5078313,0.0,1.0,tiingo_historical_seed,
2019-07-22,IEFA,61.47,61.49,61.31,61.4,49.6503997153,49.6665540669,49.5211649023,49.5938594846,4980962,4980962,0.0,1.0,tiingo_historical_seed,
2019-07-23,IEFA,61.76,61.83,61.65,61.79,49.8846378138,49.9411780445,49.7957888799,49.9088693413,4077828,4077828,0.0,1.0,tiingo_historical_seed,
2019-07-24,IEFA,61.63,61.84,61.57,61.84,49.7796345283,49.9492552203,49.7311714734,49.9492552203,6729657,6729657,0.0,1.0,tiingo_historical_seed,
2019-07-25,IEFA,61.69,61.69,61.17,61.21,49.8280975831,49.8280975831,49.4080844409,49.4403931442,6743206,6743206,0.0,1.0,tiingo_historical_seed,
2019-07-26,IEFA,61.4,61.51,61.32,61.34,49.5938594846,49.6827084185,49.5292420781,49.5453964297,10999604,10999604,0.0,1.0,tiingo_historical_seed,
2019-07-29,IEFA,61.46,61.54,61.34,61.41,49.6423225395,49.706939946,49.5453964297,49.6019366604,4185819,4185819,0.0,1.0,tiingo_historical_seed,
2019-07-30,IEFA,60.76,60.8,60.59,60.7,49.0769202326,49.1092289359,48.9396082438,49.0284571778,5994234,5994234,0.0,1.0,tiingo_historical_seed,
2019-07-31,IEFA,60.73,60.89,59.91,60.37,49.0526887052,49.1819235182,48.3903602886,48.761910376,11417141,11417141,0.0,1.0,tiingo_historical_seed,
2019-08-01,IEFA,60.37,60.9,59.9,60.13,48.761910376,49.190000694,48.3822831128,48.5680581565,8623293,8623293,0.0,1.0,tiingo_historical_seed,
2019-08-02,IEFA,59.95,59.95,59.41,59.67,48.4226689919,48.4226689919,47.986501498,48.1965080692,8857909,8857909,0.0,1.0,tiingo_historical_seed,
2019-08-05,IEFA,58.76,58.89,57.9,58.2,47.4614850703,47.5664883558,46.7668479505,47.0091632248,10987093,10987093,0.0,1.0,tiingo_historical_seed,
2019-08-06,IEFA,58.62,58.74,58.14,58.58,47.3484046089,47.4453307187,46.9607001699,47.3160959057,10575650,10575650,0.0,1.0,tiingo_historical_seed,
2019-08-07,IEFA,58.33,58.9,58.15,58.83,47.1141665104,47.5745655316,46.9687773458,47.518025301,8802227,8802227,0.0,1.0,tiingo_historical_seed,
2019-08-08,IEFA,59.0,59.51,58.94,59.41,47.6553372898,48.0672732562,47.6068742349,47.986501498,6799564,6799564,0.0,1.0,tiingo_historical_seed,
2019-08-09,IEFA,59.16,59.32,58.81,58.97,47.7845721027,47.9138069157,47.5018709493,47.6311057623,8259655,8259655,0.0,1.0,tiingo_historical_seed,
2019-08-12,IEFA,58.73,58.85,58.35,58.47,47.4372535428,47.5341796526,47.130320862,47.2272469717,6984563,6984563,0.0,1.0,tiingo_historical_seed,
2019-08-13,IEFA,58.32,59.16,58.28,59.0,47.1060893346,47.7845721027,47.0737806313,47.6553372898,18766045,18766045,0.0,1.0,tiingo_historical_seed,
2019-08-14,IEFA,57.9,57.98,57.41,57.44,46.7668479505,46.831465357,46.3710663357,46.3952978631,10899826,10899826,0.0,1.0,tiingo_historical_seed,
2019-08-15,IEFA,57.59,57.75,57.34,57.61,46.5164555003,46.6456903133,46.314526105,46.5326098519,11390699,11390699,0.0,1.0,tiingo_historical_seed,
2019-08-16,IEFA,57.915,58.33,57.83,58.32,46.7789637142,47.1141665104,46.7103077198,47.1060893346,7670968,7670968,0.0,1.0,tiingo_historical_seed,
2019-08-19,IEFA,58.79,58.9,58.62,58.63,47.4857165977,47.5745655316,47.3484046089,47.3564817847,7918238,7918238,0.0,1.0,tiingo_historical_seed,
2019-08-20,IEFA,58.62,58.69,58.38,58.44,47.3484046089,47.4049448396,47.1545523894,47.2030154443,4887439,4887439,0.0,1.0,tiingo_historical_seed,
2019-08-21,IEFA,59.04,59.13,58.88,58.89,47.687645993,47.7603405753,47.55841118,47.5664883558,3945427,3945427,0.0,1.0,tiingo_historical_seed,
2019-08-22,IEFA,58.89,58.99,58.55,58.8,47.5664883558,47.6472601139,47.2918643782,47.4937937735,4968428,4968428,0.0,1.0,tiingo_historical_seed,
2019-08-23,IEFA,58.63,59.04,58.06,58.09,47.3564817847,47.687645993,46.8960827634,46.9203142909,7926109,7926109,0.0,1.0,tiingo_historical_seed,
2019-08-26,IEFA,58.61,58.69,58.35,58.54,47.3403274331,47.4049448396,47.130320862,47.2837872024,5599709,5599709,0.0,1.0,tiingo_historical_seed,
2019-08-27,IEFA,58.77,58.86,58.51,58.51,47.4695622461,47.5422568284,47.259555675,47.259555675,13481449,13481449,0.0,1.0,tiingo_historical_seed,
2019-08-28,IEFA,58.32,58.66,58.19,58.48,47.1060893346,47.3807133122,47.001086049,47.2353241475,6521778,6521778,0.0,1.0,tiingo_historical_seed,
2019-08-29,IEFA,59.0,59.11,58.83,59.0,47.6553372898,47.7441862237,47.518025301,47.6553372898,5998359,5998359,0.0,1.0,tiingo_historical_seed,
2019-08-30,IEFA,59.39,59.43,58.98,59.33,47.9703471464,48.0026558497,47.6391829381,47.9218840915,12757313,12757313,0.0,1.0,tiingo_historical_seed,
2019-09-03,IEFA,58.92,59.1,58.82,59.06,47.5907198833,47.7361090479,47.5099481251,47.7038003446,7774133,7774133,0.0,1.0,tiingo_historical_seed,
2019-09-04,IEFA,59.74,59.91,59.63,59.89,48.2530482998,48.3903602886,48.1641993659,48.374205937,5279593,5279593,0.0,1.0,tiingo_historical_seed,
2019-09-05,IEFA,60.32,60.48,60.24,60.29,48.7215244969,48.8507593099,48.6569070904,48.6972929695,4409959,4409959,0.0,1.0,tiingo_historical_seed,
2019-09-06,IEFA,60.4,60.58,60.35,60.43,48.7861419034,48.931531068,48.7457560244,48.8103734309,4050720,4050720,0.0,1.0,tiingo_historical_seed,
2019-09-09,IEFA,60.65,60.65,60.5,60.61,48.9880712987,48.9880712987,48.8669136615,48.9557625955,6694393,6694393,0.0,1.0,tiingo_historical_seed,
2019-09-10,IEFA,60.53,60.77,60.38,60.7,48.891145189,49.0849974085,48.7699875518,49.0284571778,5675899,5675899,0.0,1.0,tiingo_historical_seed,
2019-09-11,IEFA,60.87,61.1,60.85,61.09,49.1657691666,49.3515442102,49.1496148149,49.3434670344,6060422,6060422,0.0,1.0,tiingo_historical_seed,
2019-09-12,IEFA,61.12,61.49,61.04,61.4,49.3676985619,49.6665540669,49.3030811554,49.5938594846,5654320,5654320,0.0,1.0,tiingo_historical_seed,
2019-09-13,IEFA,61.76,61.92,61.66,61.76,49.8846378138,50.0138726268,49.8038660557,49.8846378138,5883773,5883773,0.0,1.0,tiingo_historical_seed,
2019-09-16,IEFA,61.45,61.45,61.24,61.25,49.6342453637,49.6342453637,49.4646246716,49.4727018474,6113005,6113005,0.0,1.0,tiingo_historical_seed,
2019-09-17,IEFA,61.14,61.51,61.12,61.46,49.3838529135,49.6827084185,49.3676985619,49.6423225395,4887932,4887932,0.0,1.0,tiingo_historical_seed,
2019-09-18,IEFA,61.31,61.48,61.04,61.38,49.5211649023,49.6584768911,49.3030811554,49.577705133,4016697,4016697,0.0,1.0,tiingo_historical_seed,
2019-09-19,IEFA,61.69,61.83,61.59,61.63,49.8280975831,49.9411780445,49.747325825,49.7796345283,3282846,3282846,0.0,1.0,tiingo_historical_seed,
2019-09-20,IEFA,61.67,61.77,61.39,61.42,49.8119432315,49.8927149896,49.5857823088,49.6100138362,8227934,8227934,0.0,1.0,tiingo_historical_seed,
2019-09-23,IEFA,61.07,61.35,61.01,61.29,49.3273126828,49.5534736055,49.2788496279,49.5050105507,5053019,5053019,0.0,1.0,tiingo_historical_seed,
2019-09-24,IEFA,61.45,61.53,61.06,61.1,49.6342453637,49.6988627702,49.319235507,49.3515442102,7433502,7433502,0.0,1.0,tiingo_historical_seed,
2019-09-25,IEFA,60.75,61.01,60.55,60.94,49.0688430568,49.2788496279,48.9072995406,49.2223093973,7731746,7731746,0.0,1.0,tiingo_historical_seed,
2019-09-26,IEFA,61.25,61.29,61.04,61.15,49.4727018474,49.5050105507,49.3030811554,49.3919300893,5050038,5050038,0.0,1.0,tiingo_historical_seed,
2019-09-27,IEFA,61.1,61.21,60.77,60.91,49.3515442102,49.4403931442,49.0849974085,49.1980778698,8109006,8109006,0.0,1.0,tiingo_historical_seed,
2019-09-30,IEFA,61.01,61.16,60.91,61.07,49.2788496279,49.4000072651,49.1980778698,49.3273126828,9716347,9716347,0.0,1.0,tiingo_historical_seed,
2019-10-01,IEFA,61.0,61.01,60.45,60.58,49.2707724521,49.2788496279,48.8265277825,48.931531068,9611971,9611971,0.0,1.0,tiingo_historical_seed,
2019-10-02,IEFA,59.82,59.85,59.22,59.36,48.3176657063,48.3418972338,47.8330351576,47.946115619,8698599,8698599,0.0,1.0,tiingo_historical_seed,
2019-10-03,IEFA,59.36,59.77,59.14,59.76,47.946115619,48.2772798273,47.7684177511,48.2692026515,8771865,8771865,0.0,1.0,tiingo_historical_seed,
2019-10-04,IEFA,59.79,60.3,59.79,60.29,48.2934341789,48.7053701453,48.2934341789,48.6972929695,5430197,5430197,0.0,1.0,tiingo_historical_seed,
2019-10-07,IEFA,60.22,60.47,60.17,60.17,48.6407527388,48.8426821341,48.6003668597,48.6003668597,7056286,7056286,0.0,1.0,tiingo_historical_seed,
2019-10-08,IEFA,59.88,59.92,59.57,59.59,48.3661287612,48.3984374644,48.115736311,48.1318906627,8128721,8128721,0.0,1.0,tiingo_historical_seed,
2019-10-09,IEFA,60.05,60.17,59.89,60.08,48.50344075,48.6003668597,48.374205937,48.5276722774,6446382,6446382,0.0,1.0,tiingo_historical_seed,
2019-10-10,IEFA,60.03,60.48,59.96,60.43,48.4872863984,48.8507593099,48.4307461677,48.8103734309,6105411,6105411,0.0,1.0,tiingo_historical_seed,
2019-10-11,IEFA,61.39,61.8,61.29,61.54,49.5857823088,49.9169465171,49.5050105507,49.706939946,11237629,11237629,0.0,1.0,tiingo_historical_seed,
2019-10-14,IEFA,61.27,61.4,61.19,61.27,49.488856199,49.5938594846,49.4242387925,49.488856199,2811534,2811534,0.0,1.0,tiingo_historical_seed,
2019-10-15,IEFA,61.56,62.21,61.52,62.03,49.7230942976,50.2481107254,49.6907855943,50.1027215607,6799907,6799907,0.0,1.0,tiingo_historical_seed,
2019-10-16,IEFA,62.0,62.23,61.86,62.11,50.0784900333,50.264265077,49.9654095719,50.1673389672,6809259,6809259,0.0,1.0,tiingo_historical_seed,
2019-10-17,IEFA,62.36,62.44,62.08,62.25,50.3692683625,50.433885769,50.1431074398,50.2804194286,7114831,7114831,0.0,1.0,tiingo_historical_seed,
2019-10-18,IEFA,62.14,62.33,61.97,62.22,50.1915704947,50.3450368351,50.0542585059,50.2561879012,7718514,7718514,0.0,1.0,tiingo_historical_seed,
2019-10-21,IEFA,62.65,62.68,62.53,62.61,50.6035064611,50.6277379885,50.5065803513,50.5711977578,4629048,4629048,0.0,1.0,tiingo_historical_seed,
2019-10-22,IEFA,62.63,62.8,62.39,62.41,50.5873521095,50.7246640983,50.39349989,50.4096542416,7914509,7914509,0.0,1.0,tiingo_historical_seed,
2019-10-23,IEFA,62.48,62.74,62.45,62.74,50.4661944723,50.6762010434,50.4419629448,50.6762010434,5608379,5608379,0.0,1.0,tiingo_historical_seed,
2019-10-24,IEFA,62.95,62.95,62.71,62.84,50.8458217354,50.8458217354,50.6519695159,50.7569728015,5787808,5787808,0.0,1.0,tiingo_historical_seed,
2019-10-25,IEFA,62.63,62.94,62.62,62.87,50.5873521095,50.8377445596,50.5792749336,50.7812043289,4103630,4103630,0.0,1.0,tiingo_historical_seed,
2019-10-28,IEFA,63.02,63.2,62.95,63.14,50.9023619661,51.0477511307,50.8458217354,50.9992880759,15827651,15827651,0.0,1.0,tiingo_historical_seed,
2019-10-29,IEFA,62.96,63.19,62.9,63.15,50.8538989112,51.0396739549,50.8054358564,51.0073652517,6991540,6991540,0.0,1.0,tiingo_historical_seed,
2019-10-30,IEFA,63.12,63.44,62.83,63.42,50.9831337242,51.2416033502,50.7488956257,51.2254489986,10435926,10435926,0.0,1.0,tiingo_historical_seed,
2019-10-31,IEFA,63.24,63.29,63.01,63.23,51.080059834,51.120445713,50.8942847903,51.0719826582,13569106,13569106,0.0,1.0,tiingo_historical_seed,
2019-11-01,IEFA,63.68,63.85,63.65,63.85,51.4354555697,51.5727675585,51.4112240423,51.5727675585,9346883,9346883,0.0,1.0,tiingo_historical_seed,
2019-11-04,IEFA,64.27,64.31,64.06,64.19,51.9120089426,51.9443176458,51.7423882505,51.8473915361,8969972,8969972,0.0,1.0,tiingo_historical_seed,
2019-11-05,IEFA,64.12,64.15,63.93,64.09,51.7908513054,51.8150828328,51.637384965,51.766619778,13242497,13242497,0.0,1.0,tiingo_historical_seed,
2019-11-06,IEFA,64.09,64.17,63.92,64.03,51.766619778,51.8312371845,51.6293077892,51.7181567231,10161695,10161695,0.0,1.0,tiingo_historical_seed,
2019-11-07,IEFA,64.37,64.43,64.19,64.25,51.9927807007,52.0412437556,51.8473915361,51.895854591,6979719,6979719,0.0,1.0,tiingo_historical_seed,
2019-11-08,IEFA,63.99,64.16,63.85,64.15,51.6858480199,51.8231600087,51.5727675585,51.8150828328,5928948,5928948,0.0,1.0,tiingo_historical_seed,
2019-11-11,IEFA,63.85,64.13,63.77,64.09,51.5727675585,51.7989284812,51.508150152,51.766619778,3803268,3803268,0.0,1.0,tiingo_historical_seed,
2019-11-12,IEFA,64.05,64.23,63.99,64.11,51.7343110747,51.8797002393,51.6858480199,51.7827741296,10391319,10391319,0.0,1.0,tiingo_historical_seed,
2019-11-13,IEFA,63.64,63.93,63.64,63.87,51.4031468664,51.637384965,51.4031468664,51.5889219101,6500791,6500791,0.0,1.0,tiingo_historical_seed,
2019-11-14,IEFA,63.61,63.76,63.51,63.74,51.378915339,51.5000729762,51.2981435809,51.4839186246,7893928,7893928,0.0,1.0,tiingo_historical_seed,
2019-11-15,IEFA,63.9,64.14,63.89,64.13,51.6131534376,51.807005657,51.6050762617,51.7989284812,7402018,7402018,0.0,1.0,tiingo_historical_seed,
2019-11-18,IEFA,64.07,64.29,63.96,64.22,51.7504654264,51.9281632942,51.6616164924,51.8716230635,14210609,14210609,0.0,1.0,tiingo_historical_seed,
2019-11-19,IEFA,64.45,64.45,64.06,64.18,52.0573981072,52.0573981072,51.7423882505,51.8393143603,7741521,7741521,0.0,1.0,tiingo_historical_seed,
2019-11-20,IEFA,63.84,63.96,63.57,63.76,51.5646903827,51.6616164924,51.3466066358,51.5000729762,5897817,5897817,0.0,1.0,tiingo_historical_seed,
2019-11-21,IEFA,63.77,63.77,63.51,63.7,51.508150152,51.508150152,51.2981435809,51.4516099213,7429433,7429433,0.0,1.0,tiingo_historical_seed,
2019-11-22,IEFA,63.95,63.96,63.7,63.83,51.6535393166,51.6616164924,51.4516099213,51.5566132069,5610828,5610828,0.0,1.0,tiingo_historical_seed,
2019-11-25,IEFA,64.1,64.35,64.1,64.35,51.7746969538,51.9766263491,51.7746969538,51.9766263491,8660669,8660669,0.0,1.0,tiingo_historical_seed,
2019-11-26,IEFA,64.26,64.39,64.22,64.36,51.9039317668,52.0089350523,51.8716230635,51.9847035249,9278944,9278944,0.0,1.0,tiingo_historical_seed,
2019-11-27,IEFA,64.46,64.56,64.41,64.56,52.065475283,52.1462470411,52.025089404,52.1462470411,5615925,5615925,0.0,1.0,tiingo_historical_seed,
2019-11-29,IEFA,64.17,64.24,63.82,63.82,51.8312371845,51.8877774152,51.5485360311,51.5485360311,4683935,4683935,0.0,1.0,tiingo_historical_seed,
2019-12-02,IEFA,63.99,64.03,63.49,63.78,51.6858480199,51.7181567231,51.2819892293,51.5162273278,9928329,9928329,0.0,1.0,tiingo_historical_seed,
2019-12-03,IEFA,63.19,63.59,63.01,63.56,51.0396739549,51.3627609874,50.8942847903,51.33852946,11596897,11596897,0.0,1.0,tiingo_historical_seed,
2019-12-04,IEFA,63.96,64.17,63.92,64.16,51.6616164924,51.8312371845,51.6293077892,51.8231600087,7587502,7587502,0.0,1.0,tiingo_historical_seed,
2019-12-05,IEFA,64.22,64.22,63.96,64.06,51.8716230635,51.8716230635,51.6616164924,51.7423882505,7828143,7828143,0.0,1.0,tiingo_historical_seed,
2019-12-06,IEFA,64.57,64.67,64.51,64.64,52.1543242169,52.2350959751,52.1058611621,52.2108644476,4877002,4877002,0.0,1.0,tiingo_historical_seed,
2019-12-09,IEFA,64.54,64.63,64.32,64.32,52.1300926895,52.2027872718,51.9523948216,51.9523948216,5910309,5910309,0.0,1.0,tiingo_historical_seed,
2019-12-10,IEFA,64.29,64.47,64.15,64.38,51.9281632942,52.0735524588,51.8150828328,52.0008578765,6336927,6336927,0.0,1.0,tiingo_historical_seed,
2019-12-11,IEFA,64.34,64.73,64.33,64.65,51.9685491733,52.2835590299,51.9604719975,52.2189416234,6931317,6931317,0.0,1.0,tiingo_historical_seed,
2019-12-12,IEFA,64.63,65.12,64.54,65.07,52.2027872718,52.5985688866,52.1300926895,52.5581830075,8157301,8157301,0.0,1.0,tiingo_historical_seed,
2019-12-13,IEFA,65.45,65.83,65.3,65.51,52.8651156884,53.1720483692,52.7439580512,52.9135787433,9601769,9601769,0.0,1.0,tiingo_historical_seed,
2019-12-16,IEFA,65.2,65.42,65.18,65.31,53.3730241161,53.5531171422,53.3566520228,53.4630706292,7788652,7788652,0.880302,1.0,tiingo_historical_seed,
2019-12-17,IEFA,65.04,65.12,64.94,64.96,53.2420473698,53.3075357429,53.1601869034,53.1765589966,11029999,11029999,0.0,1.0,tiingo_historical_seed,
2019-12-18,IEFA,64.88,64.92,64.76,64.85,53.1110706235,53.1438148101,53.0128380638,53.0865124836,5109616,5109616,0.0,1.0,tiingo_historical_seed,
2019-12-19,IEFA,64.77,64.89,64.7,64.85,53.0210241104,53.1192566701,52.9637217839,53.0865124836,9505865,9505865,0.0,1.0,tiingo_historical_seed,
2019-12-20,IEFA,65.04,65.08,64.9,64.92,53.2420473698,53.2747915564,53.1274427168,53.1438148101,7271914,7271914,0.0,1.0,tiingo_historical_seed,
2019-12-23,IEFA,64.98,65.07,64.93,65.07,53.1929310899,53.2666055097,53.1520008567,53.2666055097,11389770,11389770,0.0,1.0,tiingo_historical_seed,
2019-12-24,IEFA,65.07,65.07,64.92,65.01,53.2666055097,53.2666055097,53.1438148101,53.2174892299,3047856,3047856,0.0,1.0,tiingo_historical_seed,
2019-12-26,IEFA,65.0,65.3,65.0,65.27,53.2093031832,53.4548845825,53.2093031832,53.4303264426,4006025,4006025,0.0,1.0,tiingo_historical_seed,
2019-12-27,IEFA,65.6,65.68,65.36,65.43,53.7004659818,53.765954355,53.5040008624,53.5613031889,6779183,6779183,0.0,1.0,tiingo_historical_seed,
2019-12-30,IEFA,65.53,65.53,64.92,64.95,53.6431636553,53.6431636553,53.1438148101,53.16837295,10417044,10417044,0.0,1.0,tiingo_historical_seed,
2019-12-31,IEFA,65.02,65.28,64.82,65.24,53.2256752765,53.4385124892,53.0619543436,53.4057683027,7525162,7525162,0.0,1.0,tiingo_historical_seed,
2020-01-02,IEFA,65.78,65.93,65.64,65.93,53.8478148214,53.9706055211,53.7332101684,53.9706055211,10523144,10523144,0.0,1.0,tiingo_historical_seed,
2020-01-03,IEFA,65.05,65.5,65.0,65.11,53.2502334164,53.6186055154,53.2093031832,53.2993496963,9663734,9663734,0.0,1.0,tiingo_historical_seed,
2020-01-06,IEFA,64.97,65.36,64.95,65.34,53.1847450433,53.5040008624,53.16837295,53.4876287691,7468335,7468335,0.0,1.0,tiingo_historical_seed,
2020-01-07,IEFA,65.35,65.35,65.12,65.19,53.4958148157,53.4958148157,53.3075357429,53.3648380694,5815061,5815061,0.0,1.0,tiingo_historical_seed,
2020-01-08,IEFA,65.06,65.51,65.03,65.34,53.2584194631,53.626791562,53.2338613232,53.4876287691,8249671,8249671,0.0,1.0,tiingo_historical_seed,
2020-01-09,IEFA,65.46,65.52,65.32,65.52,53.5858613288,53.6349776087,53.4712566758,53.6349776087,6944856,6944856,0.0,1.0,tiingo_historical_seed,
2020-01-10,IEFA,65.44,65.53,65.14,65.21,53.5694892355,53.6431636553,53.3239078362,53.3812101627,5648255,5648255,0.0,1.0,tiingo_historical_seed,
2020-01-13,IEFA,65.31,65.61,65.16,65.61,53.4630706292,53.7086520285,53.3402799295,53.7086520285,7749614,7749614,0.0,1.0,tiingo_historical_seed,
2020-01-14,IEFA,65.44,65.73,65.42,65.68,53.5694892355,53.8068845882,53.5531171422,53.765954355,29930947,29930947,0.0,1.0,tiingo_historical_seed,
2020-01-15,IEFA,65.6,65.74,65.55,65.62,53.7004659818,53.8150706348,53.6595357486,53.7168380751,6759697,6759697,0.0,1.0,tiingo_historical_seed,
2020-01-16,IEFA,65.75,65.92,65.66,65.9,53.8232566815,53.9624194744,53.7495822617,53.9460473811,9471994,9471994,0.0,1.0,tiingo_historical_seed,
2020-01-17,IEFA,66.08,66.12,65.93,66.12,54.0933962207,54.1261404073,53.9706055211,54.1261404073,8036756,8036756,0.0,1.0,tiingo_historical_seed,
2020-01-21,IEFA,65.82,65.85,65.58,65.6,53.880559008,53.9051171479,53.6840938885,53.7004659818,7998663,7998663,0.0,1.0,tiingo_historical_seed,
2020-01-22,IEFA,65.86,65.94,65.67,65.73,53.9133031946,53.9787915677,53.7577683083,53.8068845882,6911062,6911062,0.0,1.0,tiingo_historical_seed,
2020-01-23,IEFA,65.5,65.61,65.15,65.56,53.6186055154,53.7086520285,53.3320938829,53.6677217953,6435567,6435567,0.0,1.0,tiingo_historical_seed,
2020-01-24,IEFA,65.83,65.83,65.14,65.27,53.8887450546,53.8887450546,53.3239078362,53.4303264426,10825940,10825940,0.0,1.0,tiingo_historical_seed,
2020-01-27,IEFA,64.06,64.25,63.91,63.91,52.4398147987,52.595349685,52.3170240991,52.3170240991,8419615,8419615,0.0,1.0,tiingo_historical_seed,
2020-01-28,IEFA,64.16,64.53,64.1,64.49,52.5216752652,52.824558991,52.4725589853,52.7918148044,7653054,7653054,0.0,1.0,tiingo_historical_seed,
2020-01-29,IEFA,64.61,64.71,64.41,64.51,52.8900473641,52.9719078306,52.7263264312,52.8081868977,8653633,8653633,0.0,1.0,tiingo_historical_seed,
2020-01-30,IEFA,63.97,64.47,63.825,64.44,52.3661403789,52.7754427111,52.2474427026,52.7508845712,8285892,8285892,0.0,1.0,tiingo_historical_seed,
2020-01-31,IEFA,63.87,63.89,63.19,63.45,52.2842799125,52.3006520058,51.7276287407,51.9404659535,18873669,18873669,0.0,1.0,tiingo_historical_seed,
2020-02-03,IEFA,63.59,63.83,63.49,63.54,52.0550706065,52.2515357259,51.97321014,52.0141403733,8319937,8319937,0.0,1.0,tiingo_historical_seed,
2020-02-04,IEFA,64.5,64.69,64.44,64.62,52.800000851,52.9555357373,52.7508845712,52.8982334108,11556825,11556825,0.0,1.0,tiingo_historical_seed,
2020-02-05,IEFA,65.21,65.26,65.0,65.21,53.3812101627,53.422140396,53.2093031832,53.3812101627,7400747,7400747,0.0,1.0,tiingo_historical_seed,
2020-02-06,IEFA,65.4,65.4,65.24,65.35,53.536745049,53.536745049,53.4057683027,53.4958148157,6201212,6201212,0.0,1.0,tiingo_historical_seed,
2020-02-07,IEFA,64.97,64.99,64.7,64.74,53.1847450433,53.2011171366,52.9637217839,52.9964659705,6182559,6182559,0.0,1.0,tiingo_historical_seed,
2020-02-10,IEFA,64.61,64.89,64.61,64.88,52.8900473641,53.1192566701,52.8900473641,53.1110706235,5092815,5092815,0.0,1.0,tiingo_historical_seed,
2020-02-11,IEFA,65.32,65.44,65.19,65.32,53.4712566758,53.5694892355,53.3648380694,53.4712566758,6659833,6659833,0.0,1.0,tiingo_historical_seed,
2020-02-12,IEFA,65.54,65.59,65.41,65.57,53.651349702,53.6922799352,53.5449310956,53.6759078419,4905950,4905950,0.0,1.0,tiingo_historical_seed,
2020-02-13,IEFA,65.0,65.28,64.91,65.08,53.2093031832,53.4385124892,53.1356287634,53.2747915564,5662316,5662316,0.0,1.0,tiingo_historical_seed,
2020-02-14,IEFA,65.13,65.13,64.85,64.98,53.3157217896,53.3157217896,53.0865124836,53.1929310899,6044720,6044720,0.0,1.0,tiingo_historical_seed,
2020-02-18,IEFA,64.5,64.7,64.46,64.54,52.800000851,52.9637217839,52.7672566645,52.8327450376,7102509,7102509,0.0,1.0,tiingo_historical_seed,
2020-02-19,IEFA,64.77,64.89,64.75,64.82,53.0210241104,53.1192566701,53.0046520171,53.0619543436,5191619,5191619,0.0,1.0,tiingo_historical_seed,
2020-02-20,IEFA,64.55,64.68,64.06,64.41,52.8409310843,52.9473496906,52.4398147987,52.7263264312,7432213,7432213,0.0,1.0,tiingo_historical_seed,
2020-02-21,IEFA,64.17,64.26,63.94,64.1,52.5298613118,52.6035357316,52.341582239,52.4725589853,6943803,6943803,0.0,1.0,tiingo_historical_seed,
2020-02-24,IEFA,61.51,62.0,61.5,61.53,50.3523729046,50.7534891901,50.344186858,50.3687449979,12081164,12081164,0.0,1.0,tiingo_historical_seed,
2020-02-25,IEFA,61.81,61.85,60.42,60.54,50.5979543039,50.6306984905,49.4600938205,49.5583263802,18848458,18848458,0.0,1.0,tiingo_historical_seed,
2020-02-26,IEFA,60.99,61.41,60.52,60.62,49.9266984791,50.2705124382,49.5419542869,49.6238147533,17473428,17473428,0.0,1.0,tiingo_historical_seed,
2020-02-27,IEFA,59.65,60.23,58.71,58.72,48.8297682289,49.3045589342,48.0602798444,48.0684658911,23710751,23710751,0.0,1.0,tiingo_historical_seed,
2020-02-28,IEFA,57.42,58.48,56.96,58.44,47.0042798274,47.8720007716,46.6277216818,47.839256585,38696472,38696472,0.0,1.0,tiingo_historical_seed,
2020-03-02,IEFA,58.36,59.29,57.91,59.19,47.7737682119,48.5350705497,47.4053961129,48.4532100833,20199373,20199373,0.0,1.0,tiingo_historical_seed,
2020-03-03,IEFA,59.73,60.32,58.28,58.74,48.8952566021,49.378233354,47.7082798387,48.0848379843,26453451,26453451,0.0,1.0,tiingo_historical_seed,
2020-03-04,IEFA,59.76,60.49,59.23,60.41,48.919814742,49.517396147,48.4859542699,49.4519077738,11887947,11887947,0.0,1.0,tiingo_historical_seed,
2020-03-05,IEFA,58.96,59.43,58.53,58.74,48.2649310105,48.6496752027,47.9129310048,48.0848379843,11663664,11663664,0.0,1.0,tiingo_historical_seed,
2020-03-06,IEFA,57.7,58.25,57.37,57.91,47.2334891334,47.6837216988,46.9633495942,47.4053961129,21455702,21455702,0.0,1.0,tiingo_historical_seed,
2020-03-09,IEFA,53.79,55.1,53.21,53.29,44.0327448958,45.1051170061,43.5579541904,43.6234425636,35736448,35736448,0.0,1.0,tiingo_historical_seed,
2020-03-10,IEFA,55.62,55.65,53.59,55.33,45.5307914315,45.5553495715,43.8690239629,45.2933960789,43662880,43662880,0.0,1.0,tiingo_historical_seed,
2020-03-11,IEFA,53.81,54.02,52.14,52.43,44.0491169891,44.2210239686,42.6820471996,42.9194425522,27232249,27232249,0.0,1.0,tiingo_historical_seed,
2020-03-12,IEFA,48.27,48.61,46.01,46.74,39.5140471485,39.7923727344,37.6640006071,38.2615820121,35591350,35591350,0.0,1.0,tiingo_historical_seed,
2020-03-13,IEFA,49.5,49.74,46.56,49.4,40.5209308857,40.7173960051,38.1142331725,40.4390704192,36472449,36472449,0.0,1.0,tiingo_historical_seed,
2020-03-16,IEFA,42.4,45.78,42.29,44.26,34.7088377687,37.4757215343,34.6187912557,36.2314424445,40519395,40519395,0.0,1.0,tiingo_historical_seed,
2020-03-17,IEFA,44.73,46.41,44.09,46.3,36.6161866367,37.9914424728,36.0922796515,37.9013959597,37040934,37040934,0.0,1.0,tiingo_historical_seed,
2020-03-18,IEFA,43.51,44.71,42.45,43.53,35.6174889462,36.5998145434,34.749768002,35.6338610395,42503140,42503140,0.0,1.0,tiingo_historical_seed,
2020-03-19,IEFA,43.44,45.26,43.16,44.16,35.5601866197,37.0500471088,35.3309773137,36.149581978,43621921,43621921,0.0,1.0,tiingo_historical_seed,
2020-03-20,IEFA,45.5,45.94,43.7,43.74,37.2465122283,37.6066982806,35.7730238324,35.805768019,40686231,40686231,0.0,1.0,tiingo_historical_seed,
2020-03-23,IEFA,43.94,44.31,43.0,43.31,35.9694889519,36.2723726777,35.2000005674,35.4537680133,31309444,31309444,0.0,1.0,tiingo_historical_seed,
2020-03-24,IEFA,46.55,47.33,46.07,46.96,38.1060471258,38.744558764,37.7131168869,38.4416750382,26565087,26565087,0.0,1.0,tiingo_historical_seed,
2020-03-25,IEFA,47.6,49.22,46.79,48.67,38.9655820234,40.2917215797,38.3025122453,39.8414890143,28896025,28896025,0.0,1.0,tiingo_historical_seed,
2020-03-26,IEFA,48.8,50.74,48.73,50.72,39.9479076206,41.5360006695,39.8906052941,41.5196285762,28234490,28234490,0.0,1.0,tiingo_historical_seed,
2020-03-27,IEFA,48.82,50.09,48.51,49.22,39.9642797139,41.0039076377,39.710512268,40.2917215797,23533781,23533781,0.0,1.0,tiingo_historical_seed,
2020-03-30,IEFA,49.41,50.28,49.11,50.25,40.4472564659,41.1594425239,40.2016750666,41.134884384,21051017,21051017,0.0,1.0,tiingo_historical_seed,
2020-03-31,IEFA,49.45,50.3,49.21,49.89,40.4800006525,41.1758146172,40.283535533,40.8401867048,25612233,25612233,0.0,1.0,tiingo_historical_seed,
2020-04-01,IEFA,48.13,48.72,47.59,47.59,39.3994424955,39.8824192475,38.9573959768,38.9573959768,20830133,20830133,0.0,1.0,tiingo_historical_seed,
2020-04-02,IEFA,47.69,48.68,47.55,48.5,39.0392564432,39.8496750609,38.9246517902,39.7023262213,17846393,17846393,0.0,1.0,tiingo_historical_seed,
2020-04-03,IEFA,47.72,47.89,47.06,47.43,39.0638145831,39.2029773761,38.5235355047,38.8264192305,20864828,20864828,0.0,1.0,tiingo_historical_seed,
2020-04-06,IEFA,49.07,50.09,48.96,49.96,40.16893088,41.0039076377,40.0788843669,40.8974890313,18766412,18766412,0.0,1.0,tiingo_historical_seed,
2020-04-07,IEFA,51.64,51.82,50.16,50.2,42.2727448674,42.420093707,41.0612099642,41.0939541507,16255375,16255375,0.0,1.0,tiingo_historical_seed,
2020-04-08,IEFA,50.48,50.92,50.03,50.72,41.3231634568,41.6833495091,40.9547913578,41.5196285762,15406536,15406536,0.0,1.0,tiingo_historical_seed,
2020-04-09,IEFA,51.51,52.04,51.31,51.83,42.166326261,42.6001867331,42.0026053282,42.4282797536,54618641,54618641,0.0,1.0,tiingo_historical_seed,
2020-04-13,IEFA,51.64,51.79,49.6,51.38,42.2727448674,42.3955355671,40.6027913521,42.0599076547,22605830,22605830,0.0,1.0,tiingo_historical_seed,
2020-04-14,IEFA,52.15,52.63,52.09,52.31,42.6902332462,43.0831634851,42.6411169664,42.8212099925,19156055,19156055,0.0,1.0,tiingo_historical_seed,
2020-04-15,IEFA,50.72,51.0,50.46,50.65,41.5196285762,41.7488378822,41.3067913635,41.4623262497,11880251,11880251,0.0,1.0,tiingo_historical_seed,
2020-04-16,IEFA,50.79,50.93,50.19,50.65,41.5769309027,41.6915355557,41.0857681041,41.4623262497,19082421,19082421,0.0,1.0,tiingo_historical_seed,
2020-04-17,IEFA,51.82,52.06,51.42,51.99,42.420093707,42.6165588264,42.0926518412,42.5592564999,11692570,11692570,0.0,1.0,tiingo_historical_seed,
2020-04-20,IEFA,51.45,52.06,51.24,51.24,42.1172099812,42.6165588264,41.9453030017,41.9453030017,17039017,17039017,0.0,1.0,tiingo_historical_seed,
2020-04-21,IEFA,50.56,50.91,50.11,50.22,41.3886518299,41.6751634624,41.0202797309,41.110326244,17809109,17809109,0.0,1.0,tiingo_historical_seed,
2020-04-22,IEFA,51.18,51.23,50.9,51.1,41.8961867218,41.937116955,41.6669774158,41.8306983487,11835881,11835881,0.0,1.0,tiingo_historical_seed,
2020-04-23,IEFA,51.32,51.99,50.89,50.98,42.0107913748,42.5592564999,41.6587913691,41.7324657889,13652924,13652924,0.0,1.0,tiingo_historical_seed,
2020-04-24,IEFA,51.4,51.66,51.0,51.62,42.076279748,42.2891169607,41.7488378822,42.2563727741,11072248,11072248,0.0,1.0,tiingo_historical_seed,
2020-04-27,IEFA,51.97,52.4,51.88,52.26,42.5428844066,42.8948844123,42.4692099869,42.7802797593,11891168,11891168,0.0,1.0,tiingo_historical_seed,
2020-04-28,IEFA,53.33,53.4,52.68,52.71,43.6561867502,43.7134890767,43.1240937183,43.1486518583,15360879,15360879,0.0,1.0,tiingo_historical_seed,
2020-04-29,IEFA,53.8,54.24,53.71,54.02,44.0409309424,44.4011169947,43.9672565226,44.2210239686,11024776,11024776,0.0,1.0,tiingo_historical_seed,
2020-04-30,IEFA,53.29,53.44,52.69,53.03,43.6234425636,43.7462332633,43.132279765,43.4106053509,20692045,20692045,0.0,1.0,tiingo_historical_seed,
2020-05-01,IEFA,52.16,52.3,51.64,51.85,42.6984192929,42.8130239459,42.2727448674,42.4446518469,14884863,14884863,0.0,1.0,tiingo_historical_seed,
2020-05-04,IEFA,51.47,51.85,51.26,51.84,42.1335820745,42.4446518469,41.961675095,42.4364658003,15158586,15158586,0.0,1.0,tiingo_historical_seed,
2020-05-05,IEFA,52.18,52.41,51.85,51.93,42.7147913862,42.903070459,42.4446518469,42.5101402201,12190985,12190985,0.0,1.0,tiingo_historical_seed,
2020-05-06,IEFA,52.3,52.37,51.57,51.57,42.8130239459,42.8703262724,42.2154425409,42.2154425409,9517875,9517875,0.0,1.0,tiingo_historical_seed,
2020-05-07,IEFA,52.34,52.64,52.15,52.45,42.8457681325,43.0913495318,42.6902332462,42.9358146455,8346818,8346818,0.0,1.0,tiingo_historical_seed,
2020-05-08,IEFA,53.1,53.33,52.98,53.27,43.4679076774,43.6561867502,43.3696751176,43.6070704703,6580701,6580701,0.0,1.0,tiingo_historical_seed,
2020-05-11,IEFA,53.03,53.46,52.93,53.28,43.4106053509,43.7626053565,43.3287448844,43.615256517,16942555,16942555,0.0,1.0,tiingo_historical_seed,
2020-05-12,IEFA,53.39,53.48,52.57,52.57,43.70530303,43.7789774498,43.0340472053,43.0340472053,18373506,18373506,0.0,1.0,tiingo_historical_seed,
2020-05-13,IEFA,52.89,52.91,51.93,52.17,43.2960006979,43.3123727911,42.5101402201,42.7066053395,19661426,19661426,0.0,1.0,tiingo_historical_seed,
2020-05-14,IEFA,50.98,51.71,50.64,51.64,41.7324657889,42.3300471939,41.454140203,42.2727448674,18726806,18726806,0.0,1.0,tiingo_historical_seed,
2020-05-15,IEFA,51.58,51.91,51.37,51.72,42.2236285875,42.4937681268,42.051721608,42.3382332406,12473665,12473665,0.0,1.0,tiingo_historical_seed,
2020-05-18,IEFA,53.02,53.93,53.01,53.81,43.4024193042,44.1473495488,43.3942332576,44.0491169891,12390148,12390148,0.0,1.0,tiingo_historical_seed,
2020-05-19,IEFA,53.46,53.7,53.11,53.14,43.7626053565,43.959070476,43.476093724,43.5006518639,13887757,13887757,0.0,1.0,tiingo_historical_seed,
2020-05-20,IEFA,54.12,54.47,54.02,54.21,44.302884435,44.5893960675,44.2210239686,44.3765588548,13304735,13304735,0.0,1.0,tiingo_historical_seed,
2020-05-21,IEFA,54.04,54.18,53.45,53.63,44.2373960619,44.3520007149,43.7544193099,43.9017681495,10206658,10206658,0.0,1.0,tiingo_historical_seed,
2020-05-22,IEFA,53.38,53.53,53.14,53.53,43.6971169834,43.819907683,43.5006518639,43.819907683,8767923,8767923,0.0,1.0,tiingo_historical_seed,
2020-05-26,IEFA,55.15,55.36,55.02,55.04,45.1460472393,45.3179542188,45.0396286329,45.0560007262,10846857,10846857,0.0,1.0,tiingo_historical_seed,
2020-05-27,IEFA,55.75,55.75,55.13,55.7,45.6372100379,45.6372100379,45.129675146,45.5962798047,12110120,12110120,0.0,1.0,tiingo_historical_seed,
2020-05-28,IEFA,56.38,56.81,56.19,56.22,46.1529309765,46.5049309821,45.9973960902,46.0219542302,15359148,15359148,0.0,1.0,tiingo_historical_seed,
2020-05-29,IEFA,56.11,56.16,55.45,56.03,45.9319077171,45.9728379503,45.3916286386,45.8664193439,20448062,20448062,0.0,1.0,tiingo_historical_seed,
2020-06-01,IEFA,56.53,57.33,56.44,57.33,46.2757216761,46.9306054076,46.2020472563,46.9306054076,9767260,9767260,0.0,1.0,tiingo_historical_seed,
2020-06-02,IEFA,57.67,57.96,57.58,57.91,47.2089309935,47.4463263461,47.1352565737,47.4053961129,10832877,10832877,0.0,1.0,tiingo_historical_seed,
2020-06-03,IEFA,58.6,59.36,58.54,59.23,47.9702333313,48.5923728762,47.9211170515,48.4859542699,12121269,12121269,0.0,1.0,tiingo_historical_seed,
2020-06-04,IEFA,58.86,59.32,58.8,58.95,48.1830705441,48.5596286897,48.1339542642,48.2567449639,37681654,37681654,0.0,1.0,tiingo_historical_seed,
2020-06-05,IEFA,60.14,60.45,59.87,59.96,49.2308845144,49.4846519604,49.0098612551,49.0835356749,24426623,24426623,0.0,1.0,tiingo_historical_seed,
2020-06-08,IEFA,60.3,60.75,59.93,60.75,49.3618612607,49.7302333597,49.0589775349,49.7302333597,25405071,25405071,0.0,1.0,tiingo_historical_seed,
2020-06-09,IEFA,59.64,60.1,59.54,59.9,48.8215821823,49.1981403279,48.7397217158,49.034419395,8796639,8796639,0.0,1.0,tiingo_historical_seed,
2020-06-10,IEFA,60.12,60.26,59.52,59.72,49.2145124212,49.3291170742,48.7233496225,48.8870705554,11347936,11347936,0.0,1.0,tiingo_historical_seed,
2020-06-11,IEFA,58.13,58.3,56.38,56.45,47.5854891391,47.724651932,46.1529309765,46.210233303,39550413,39550413,0.0,1.0,tiingo_historical_seed,
2020-06-12,IEFA,57.99,58.14,56.67,57.51,47.4708844861,47.5936751857,46.3903263291,47.0779542472,12247797,12247797,0.0,1.0,tiingo_historical_seed,
2020-06-15,IEFA,55.74,57.17,55.56,57.05,46.1888213327,47.3737875061,46.0396647514,47.2743497852,11342650,11342650,0.699915,1.0,tiingo_historical_seed,
2020-06-16,IEFA,58.17,58.32,57.13,57.77,48.2024351798,48.3267323308,47.3406415991,47.8709761103,12165958,12165958,0.0,1.0,tiingo_historical_seed,
2020-06-17,IEFA,58.21,58.32,57.82,57.97,48.2355810867,48.3267323308,47.912408494,48.036705645,8295545,8295545,0.0,1.0,tiingo_historical_seed,
2020-06-18,IEFA,57.59,57.89,57.44,57.66,47.721819529,47.9704138312,47.597522378,47.7798248662,7507594,7507594,0.0,1.0,tiingo_historical_seed,
2020-06-19,IEFA,58.22,58.36,57.32,57.37,48.2438675635,48.3598782378,47.4980846571,47.5395170408,9518251,9518251,0.0,1.0,tiingo_historical_seed,
2020-06-22,IEFA,57.76,58.17,57.57,58.12,47.8626896336,48.2024351798,47.7052465756,48.1610027961,6545486,6545486,0.0,1.0,tiingo_historical_seed,
2020-06-23,IEFA,58.72,58.87,58.34,58.41,48.6581914003,48.7824885514,48.3433052843,48.4013106215,7128331,7128331,0.0,1.0,tiingo_historical_seed,
2020-06-24,IEFA,57.72,57.84,56.76,56.95,47.8295437266,47.9289814475,47.0340419599,47.1914850179,10725266,10725266,0.0,1.0,tiingo_historical_seed,
2020-06-25,IEFA,56.93,57.76,56.69,57.72,47.1749120644,47.8626896336,46.9760366227,47.8295437266,10873957,10873957,0.0,1.0,tiingo_historical_seed,
2020-06-26,IEFA,57.55,57.61,56.79,56.85,47.6886736221,47.7383924825,47.0589013901,47.1086202505,13034754,13034754,0.0,1.0,tiingo_historical_seed,
2020-06-29,IEFA,57.13,57.425,56.83,57.37,47.3406415991,47.5850926629,47.092047297,47.5395170408,11485137,11485137,0.0,1.0,tiingo_historical_seed,
2020-06-30,IEFA,56.89,57.44,56.82,57.16,47.1417661574,47.597522378,47.0837608203,47.3655010293,19499753,19499753,0.0,1.0,tiingo_historical_seed,
2020-07-01,IEFA,57.12,57.62,57.1,57.43,47.3323551224,47.7466789592,47.3157821689,47.5892359012,11378654,11378654,0.0,1.0,tiingo_historical_seed,
2020-07-02,IEFA,58.21,58.5,57.96,58.07,48.2355810867,48.4758889121,48.0284191683,48.1195704124,7501961,7501961,0.0,1.0,tiingo_historical_seed,
2020-07-06,IEFA,58.92,59.07,58.68,59.02,48.8239209351,48.9482180861,48.6250454934,48.9067857024,9670576,9670576,0.0,1.0,tiingo_historical_seed,
2020-07-07,IEFA,58.44,58.72,58.13,58.17,48.4261700517,48.6581914003,48.1692892728,48.2024351798,5041770,5041770,0.0,1.0,tiingo_historical_seed,
2020-07-08,IEFA,58.14,58.65,58.04,58.65,48.1775757496,48.6001860632,48.0947109822,48.6001860632,7487218,7487218,0.0,1.0,tiingo_historical_seed,
2020-07-09,IEFA,58.53,58.54,57.55,57.92,48.5007483423,48.5090348191,47.6886736221,47.9952732614,6327160,6327160,0.0,1.0,tiingo_historical_seed,
2020-07-10,IEFA,58.22,58.56,58.0,58.52,48.2438675635,48.5256077725,48.0615650753,48.4924618656,6644585,6644585,0.0,1.0,tiingo_historical_seed,
2020-07-13,IEFA,58.83,59.19,58.08,58.16,48.7493426444,49.047655807,48.1278568892,48.1941487031,10350815,10350815,0.0,1.0,tiingo_historical_seed,
2020-07-14,IEFA,58.24,59.06,58.19,58.94,48.2604405169,48.9399316094,48.2190081333,48.8404938885,7810391,7810391,0.0,1.0,tiingo_historical_seed,
2020-07-15,IEFA,59.86,60.06,59.49,59.63,49.6028497484,49.7685792831,49.2962501091,49.4122607834,6403197,6403197,0.0,1.0,tiingo_historical_seed,
2020-07-16,IEFA,59.33,59.52,59.18,59.3,49.1636664813,49.3211095393,49.0393693302,49.1388070511,5960762,5960762,0.0,1.0,tiingo_historical_seed,
2020-07-17,IEFA,59.42,59.63,59.26,59.6,49.2382447719,49.4122607834,49.1056611441,49.3874013532,4246665,4246665,0.0,1.0,tiingo_historical_seed,
2020-07-20,IEFA,59.66,59.96,59.47,59.9,49.4371202136,49.6857145157,49.2796771556,49.6359956553,3684936,3684936,0.0,1.0,tiingo_historical_seed,
2020-07-21,IEFA,60.26,60.44,60.05,60.12,49.9343088178,50.0834653991,49.7602928064,49.8182981435,4850964,4850964,0.0,1.0,tiingo_historical_seed,
2020-07-22,IEFA,60.12,60.34,60.02,60.24,49.8182981435,50.0006006317,49.7354333762,49.9177358644,5354602,5354602,0.0,1.0,tiingo_historical_seed,
2020-07-23,IEFA,60.14,60.35,59.635,59.76,49.834871097,50.0088871085,49.4164040218,49.519984981,6433311,6433311,0.0,1.0,tiingo_historical_seed,
2020-07-24,IEFA,59.43,59.65,59.3101,59.46,49.2465312487,49.4288337369,49.1471763926,49.2713906789,6294580,6294580,0.0,1.0,tiingo_historical_seed,
2020-07-27,IEFA,60.04,60.3681,59.99,60.22,49.7520063296,50.0238856314,49.7105739459,49.9011629109,4236336,4236336,0.0,1.0,tiingo_historical_seed,
2020-07-28,IEFA,59.95,60.215,59.86,59.92,49.677428039,49.8970196725,49.6028497484,49.6525686088,5671259,5671259,0.0,1.0,tiingo_historical_seed,
2020-07-29,IEFA,60.12,60.595,60.0283,60.46,49.8182981435,50.2119057885,49.7423111518,50.1000383526,6990631,6990631,0.0,1.0,tiingo_historical_seed,
2020-07-30,IEFA,59.06,59.74,58.62,59.67,48.9399316094,49.5034120275,48.575326633,49.4454066904,6902328,6902328,0.0,1.0,tiingo_historical_seed,
2020-07-31,IEFA,59.28,59.31,58.03,58.36,49.1222340976,49.1470935278,48.0864245055,48.3598782378,16530986,16530986,0.0,1.0,tiingo_historical_seed,
2020-08-03,IEFA,58.94,59.53,58.85,59.53,48.8404938885,49.329396016,48.7659155979,49.329396016,6887172,6887172,0.0,1.0,tiingo_historical_seed,
2020-08-04,IEFA,59.24,59.87,59.24,59.855,49.0890881907,49.6111362251,49.0890881907,49.59870651,6012861,6012861,0.0,1.0,tiingo_historical_seed,
2020-08-05,IEFA,60.32,60.525,60.05,60.13,49.9840276783,50.1539004514,49.7602928064,49.8265846203,5866571,5866571,0.0,1.0,tiingo_historical_seed,
2020-08-06,IEFA,59.94,60.29,59.75,60.22,49.6691415623,49.9591682481,49.5116985043,49.9011629109,6883052,6883052,0.0,1.0,tiingo_historical_seed,
2020-08-07,IEFA,59.67,59.98,59.56,59.98,49.4454066904,49.7022874692,49.3542554462,49.7022874692,6552858,6552858,0.0,1.0,tiingo_historical_seed,
2020-08-10,IEFA,60.04,60.18,59.83,60.18,49.7520063296,49.8680170039,49.5779903182,49.8680170039,5782509,5782509,0.0,1.0,tiingo_historical_seed,
2020-08-11,IEFA,61.195,61.2,60.34,60.44,50.7090943928,50.7132376311,50.0006006317,50.0834653991,7887944,7887944,0.0,1.0,tiingo_historical_seed,
2020-08-12,IEFA,61.54,61.9292,61.46,61.72,50.9949778402,51.3174875148,50.9286860263,51.1441344215,35837817,35837817,0.0,1.0,tiingo_historical_seed,
2020-08-13,IEFA,61.6299,61.78,61.23,61.405,51.0694732661,51.1938532819,50.7380970613,50.8831104042,7774581,7774581,0.0,1.0,tiingo_historical_seed,
2020-08-14,IEFA,60.97,61.18,60.875,61.02,50.5226486662,50.6966646777,50.4439271372,50.5640810499,7309208,7309208,0.0,1.0,tiingo_historical_seed,
2020-08-17,IEFA,61.33,61.54,61.33,61.5,50.8209618287,50.9949778402,50.8209618287,50.9618319332,6194745,6194745,0.0,1.0,tiingo_historical_seed,
2020-08-18,IEFA,61.77,61.83,61.33,61.55,51.1855668052,51.2352856656,50.8209618287,51.0032643169,6147305,6147305,0.0,1.0,tiingo_historical_seed,
2020-08-19,IEFA,61.8,61.835,61.17,61.24,51.2104262354,51.2394289039,50.6883782009,50.7463835381,6441457,6441457,0.0,1.0,tiingo_historical_seed,
2020-08-20,IEFA,60.65,61.1699,60.605,61.1,50.2574814106,50.6882953362,50.2201922653,50.6303728638,5665957,5665957,0.0,1.0,tiingo_historical_seed,
2020-08-21,IEFA,60.41,60.78,60.291,60.77,50.0586059689,50.3652056082,49.9599968957,50.3569191314,4572250,4572250,0.0,1.0,tiingo_historical_seed,
2020-08-24,IEFA,61.64,61.665,61.301,61.59,51.0778426076,51.0985587994,50.7969310462,51.0364102239,4294017,4294017,0.0,1.0,tiingo_historical_seed,
2020-08-25,IEFA,61.88,61.9137,61.27,61.58,51.2767180493,51.3046434759,50.7712429683,51.0281237471,7409690,7409690,0.0,1.0,tiingo_historical_seed,
2020-08-26,IEFA,61.61,62.0663,61.56,62.02,51.0529831774,51.4310951109,51.0115507937,51.3927287236,5563116,5563116,0.0,1.0,tiingo_historical_seed,
2020-08-27,IEFA,62.045,62.065,61.135,61.36,51.4134449154,51.4300178689,50.6593755323,50.8458212589,5439209,5439209,0.0,1.0,tiingo_historical_seed,
2020-08-28,IEFA,61.7,61.84,61.4201,61.84,51.127561468,51.2435721423,50.8956229841,51.2435721423,5802694,5802694,0.0,1.0,tiingo_historical_seed,
2020-08-31,IEFA,61.71,61.8881,61.37,61.43,51.1358479447,51.2834300954,50.8541077357,50.9038265961,7495680,7495680,0.0,1.0,tiingo_historical_seed,
2020-09-01,IEFA,61.43,61.58,61.19,61.47,50.9038265961,51.0281237471,50.7049511544,50.936972503,4998332,4998332,0.0,1.0,tiingo_historical_seed,
2020-09-02,IEFA,61.91,62.295,61.645,62.28,51.3015774795,51.6206068338,51.0819858459,51.6081771187,8149347,8149347,0.0,1.0,tiingo_historical_seed,
2020-09-03,IEFA,62.05,62.1,60.57,60.82,51.4175881538,51.4590205375,50.1911895967,50.3983515151,12467248,12467248,0.0,1.0,tiingo_historical_seed,
2020-09-04,IEFA,61.1,61.21,59.82,60.96,50.6303728638,50.7215241079,49.5697038414,50.5143621894,11807847,11807847,0.0,1.0,tiingo_historical_seed,
2020-09-08,IEFA,60.16,60.715,59.98,60.19,49.8514440505,50.3113435094,49.7022874692,49.8763034807,9527130,9527130,0.0,1.0,tiingo_historical_seed,
2020-09-09,IEFA,61.16,61.51,61.02,61.26,50.6800917242,50.97011841,50.5640810499,50.7629564916,6465816,6465816,0.0,1.0,tiingo_historical_seed,
2020-09-10,IEFA,61.6,61.7,60.56,60.56,51.0446967006,51.127561468,50.18290312,50.18290312,10985998,10985998,0.0,1.0,tiingo_historical_seed,
2020-09-11,IEFA,61.32,61.48,60.93,61.2,50.812675352,50.9452589798,50.4895027592,50.7132376311,7950996,7950996,0.0,1.0,tiingo_historical_seed,
2020-09-14,IEFA,61.77,61.82,61.5,61.52,51.1855668052,51.2269991888,50.9618319332,50.9784048867,3928759,3928759,0.0,1.0,tiingo_historical_seed,
2020-09-15,IEFA,62.2,62.2,61.82,61.93,51.5418853048,51.5418853048,51.2269991888,51.3181504329,5664301,5664301,0.0,1.0,tiingo_historical_seed,
2020-09-16,IEFA,62.15,62.42,61.89,61.99,51.5004529212,51.7241877931,51.285004526,51.3678692934,5403182,5403182,0.0,1.0,tiingo_historical_seed,
2020-09-17,IEFA,61.61,62.13,61.6,62.11,51.0529831774,51.4838799677,51.0446967006,51.4673070142,7393839,7393839,0.0,1.0,tiingo_historical_seed,
2020-09-18,IEFA,61.96,61.98,61.42,61.64,51.3430098632,51.3595828166,50.8955401194,51.0778426076,5530930,5530930,0.0,1.0,tiingo_historical_seed,
2020-09-21,IEFA,60.02,60.15,59.425,60.09,49.7354333762,49.8431575737,49.2423880103,49.7934387133,10175269,10175269,0.0,1.0,tiingo_historical_seed,
2020-09-22,IEFA,60.1,60.14,59.51,60.06,49.8017251901,49.834871097,49.3128230626,49.7685792831,7569206,7569206,0.0,1.0,tiingo_historical_seed,
2020-09-23,IEFA,60.37,60.425,59.465,59.52,50.025460062,50.071035684,49.2755339172,49.3211095393,8202401,8202401,0.0,1.0,tiingo_historical_seed,
2020-09-24,IEFA,59.39,59.835,59.07,59.46,49.2133853417,49.5821335565,48.9482180861,49.2713906789,8324339,8324339,0.0,1.0,tiingo_historical_seed,
2020-09-25,IEFA,59.03,59.715,58.82,59.69,48.9150721792,49.4826958357,48.7410561677,49.4619796438,11790100,11790100,0.0,1.0,tiingo_historical_seed,
2020-09-28,IEFA,60.48,60.64,60.39,60.63,50.1166113061,50.2491949339,50.0420330154,50.2409084571,8784560,8784560,0.0,1.0,tiingo_historical_seed,
2020-09-29,IEFA,60.62,60.8,60.33,60.53,50.2326219804,50.3817785617,49.992314155,50.1580436897,7727980,7727980,0.0,1.0,tiingo_historical_seed,
2020-09-30,IEFA,60.34,60.739,60.105,60.28,50.0006006317,50.3312310536,49.8058684284,49.9508817713,12753984,12753984,0.0,1.0,tiingo_historical_seed,
2020-10-01,IEFA,60.58,60.71,60.32,60.66,50.1994760734,50.307200271,49.9840276783,50.2657678873,10322366,10322366,0.0,1.0,tiingo_historical_seed,
2020-10-02,IEFA,59.91,60.7,59.89,60.58,49.644282132,50.2989137943,49.6277091786,50.1994760734,7649383,7649383,0.0,1.0,tiingo_historical_seed,
2020-10-05,IEFA,61.04,61.5,61.02,61.5,50.5806540033,50.9618319332,50.5640810499,50.9618319332,4264321,4264321,0.0,1.0,tiingo_historical_seed,
2020-10-06,IEFA,61.52,61.61,60.7376,60.87,50.9784048867,51.0529831774,50.3300709468,50.4397838988,7093538,7093538,0.0,1.0,tiingo_historical_seed,
2020-10-07,IEFA,61.31,61.43,61.12,61.32,50.8043888752,50.9038265961,50.6469458172,50.812675352,15321382,15321382,0.0,1.0,tiingo_historical_seed,
2020-10-08,IEFA,61.66,61.78,61.56,61.76,51.094415561,51.1938532819,51.0115507937,51.1772803284,5756826,5756826,0.0,1.0,tiingo_historical_seed,
2020-10-09,IEFA,62.06,62.245,61.965,62.18,51.4258746305,51.5791744502,51.3471531015,51.5253123514,8680303,8680303,0.0,1.0,tiingo_historical_seed,
2020-10-12,IEFA,62.31,62.61,62.26,62.51,51.633036549,51.8816308511,51.5916041653,51.7987660837,4389047,4389047,0.0,1.0,tiingo_historical_seed,
2020-10-13,IEFA,62.01,62.03,61.702,61.84,51.3844422468,51.4010152003,51.1292187633,51.2435721423,5312527,5312527,0.0,1.0,tiingo_historical_seed,
2020-10-14,IEFA,62.03,62.145,61.6803,61.74,51.4010152003,51.4963096828,51.1112371088,51.1607073749,5536329,5536329,0.0,1.0,tiingo_historical_seed,
2020-10-15,IEFA,60.56,61.05,60.51,60.98,50.18290312,50.5889404801,50.1414707363,50.5309351429,7804277,7804277,0.0,1.0,tiingo_historical_seed,
2020-10-16,IEFA,61.2,61.5,61.13,61.28,50.7132376311,50.9618319332,50.655232294,50.779529445,6973908,6973908,0.0,1.0,tiingo_historical_seed,
2020-10-19,IEFA,61.59,61.66,60.951,61.06,51.0364102239,51.094415561,50.5069043604,50.5972269568,7200029,7200029,0.0,1.0,tiingo_historical_seed,
2020-10-20,IEFA,61.43,61.655,61.305,61.33,50.9038265961,51.0902723227,50.8002456369,50.8209618287,8433759,8433759,0.0,1.0,tiingo_historical_seed,
2020-10-21,IEFA,61.29,61.56,61.06,61.06,50.7878159218,51.0115507937,50.5972269568,50.5972269568,5403392,5403392,0.0,1.0,tiingo_historical_seed,
2020-10-22,IEFA,61.04,61.225,60.7,61.11,50.5806540033,50.733953823,50.2989137943,50.6386593405,6694689,6694689,0.0,1.0,tiingo_historical_seed,
2020-10-23,IEFA,61.46,61.49,61.115,61.47,50.9286860263,50.9535454565,50.6428025789,50.936972503,4617464,4617464,0.0,1.0,tiingo_historical_seed,
2020-10-26,IEFA,60.7,60.765,59.99,60.33,50.2989137943,50.3527758931,49.7105739459,49.992314155,7801548,7801548,0.0,1.0,tiingo_historical_seed,
2020-10-27,IEFA,60.225,60.27,59.82,59.88,49.9053061493,49.9425952946,49.5697038414,49.6194227018,10003814,10003814,0.0,1.0,tiingo_historical_seed,
2020-10-28,IEFA,58.56,58.705,58.075,58.13,48.5256077725,48.6457616852,48.1237136508,48.1692892728,19367065,19367065,0.0,1.0,tiingo_historical_seed,
2020-10-29,IEFA,58.19,58.58,57.865,58.36,48.2190081333,48.542180726,47.9496976393,48.3598782378,8893385,8893385,0.0,1.0,tiingo_historical_seed,
2020-10-30,IEFA,58.16,58.24,57.71,58.16,48.1941487031,48.2604405169,47.8212572499,48.1941487031,19916356,19916356,0.0,1.0,tiingo_historical_seed,
2020-11-02,IEFA,58.76,58.85,58.42,58.81,48.6913373073,48.7659155979,48.4095970982,48.732769691,9159174,9159174,0.0,1.0,tiingo_historical_seed,
2020-11-03,IEFA,59.95,60.55,59.905,60.33,49.677428039,50.1746166432,49.6401388937,49.992314155,8429584,8429584,0.0,1.0,tiingo_historical_seed,
2020-11-04,IEFA,60.55,61.48,60.35,60.93,50.1746166432,50.9452589798,50.0088871085,50.4895027592,13430031,13430031,0.0,1.0,tiingo_historical_seed,
2020-11-05,IEFA,62.32,62.53,62.05,62.41,51.6413230257,51.8153390372,51.4175881538,51.7159013163,8539391,8539391,0.0,1.0,tiingo_historical_seed,
2020-11-06,IEFA,62.66,62.825,62.445,62.59,51.9230632348,52.0597901009,51.7449039849,51.8650578976,6625119,6625119,0.0,1.0,tiingo_historical_seed,
2020-11-09,IEFA,65.59,65.59,64.34,64.38,54.3510009187,54.3510009187,53.3151913266,53.3483372335,11152989,11152989,0.0,1.0,tiingo_historical_seed,
2020-11-10,IEFA,64.83,65.2,64.675,64.88,53.7212286867,54.027828326,53.5927882973,53.7626610704,8644642,8644642,0.0,1.0,tiingo_historical_seed,
2020-11-11,IEFA,65.29,65.43,65.11,65.36,54.1024066166,54.2184172909,53.9532500353,54.1604119538,6174442,6174442,0.0,1.0,tiingo_historical_seed,
2020-11-12,IEFA,64.8,65.04,64.2933,64.45,53.6963692565,53.8952446982,53.2764934802,53.4063425707,5643264,5643264,0.0,1.0,tiingo_historical_seed,
2020-11-13,IEFA,64.82,65.47,64.82,65.39,53.71294221,54.2515631979,53.71294221,54.185271384,7902820,7902820,0.0,1.0,tiingo_historical_seed,
2020-11-16,IEFA,66.19,66.19,65.8,66.14,54.848189523,54.848189523,54.5250169302,54.8067571393,8581163,8581163,0.0,1.0,tiingo_historical_seed,
2020-11-17,IEFA,65.91,66.25,65.745,66.08,54.6161681743,54.8979083834,54.4794413082,54.7570382788,5611356,5611356,0.0,1.0,tiingo_historical_seed,
2020-11-18,IEFA,66.18,66.405,65.7,65.7,54.8399030462,55.0263487728,54.4421521628,54.4421521628,7361139,7361139,0.0,1.0,tiingo_historical_seed,
2020-11-19,IEFA,65.74,66.215,65.59,66.18,54.4752980698,54.8689057148,54.3510009187,54.8399030462,14716518,14716518,0.0,1.0,tiingo_historical_seed,
2020-11-20,IEFA,66.2,66.5,66.1299,66.39,54.8564759997,55.1050703018,54.7983877978,55.0139190577,6228974,6228974,0.0,1.0,tiingo_historical_seed,
2020-11-23,IEFA,66.65,66.76,66.14,66.38,55.2293674529,55.320518697,54.8067571393,55.005632581,7995583,7995583,0.0,1.0,tiingo_historical_seed,
2020-11-24,IEFA,66.98,67.405,66.87,67.35,55.5028211852,55.8549964465,55.4116699411,55.8094208245,7019362,7019362,0.0,1.0,tiingo_historical_seed,
2020-11-25,IEFA,66.94,67.375,66.78,67.25,55.4696752782,55.8301370163,55.3370916504,55.7265560571,7122483,7122483,0.0,1.0,tiingo_historical_seed,
2020-11-27,IEFA,67.44,67.74,67.39,67.69,55.8839991151,56.1325934172,55.8425667314,56.0911610335,2801512,2801512,0.0,1.0,tiingo_historical_seed,
2020-11-30,IEFA,67.47,67.51,66.235,66.24,55.9088585453,55.9420044523,54.8854786683,54.8896219066,13851144,13851144,0.0,1.0,tiingo_historical_seed,
2020-12-01,IEFA,67.41,67.9,67.35,67.85,55.8591396849,56.265177045,55.8094208245,56.2237446613,9692895,9692895,0.0,1.0,tiingo_historical_seed,
2020-12-02,IEFA,67.5,67.895,67.43,67.77,55.9337179755,56.2610338066,55.8757126384,56.1574528474,6434787,6434787,0.0,1.0,tiingo_historical_seed,
2020-12-03,IEFA,68.05,68.29,67.84,67.98,56.3894741961,56.5883496377,56.2154581846,56.3314688589,6654059,6654059,0.0,1.0,tiingo_historical_seed,
2020-12-04,IEFA,68.37,68.55,68.315,68.5,56.6546414516,56.8037980329,56.6090658296,56.7623656492,6971683,6971683,0.0,1.0,tiingo_historical_seed,
2020-12-07,IEFA,67.98,68.19,67.79,67.92,56.3314688589,56.5054848704,56.1740258009,56.2817499985,6679639,6679639,0.0,1.0,tiingo_historical_seed,
2020-12-08,IEFA,67.81,68.1999,67.8,68.13,56.1905987544,56.5136884823,56.1823122776,56.45576601,6545403,6545403,0.0,1.0,tiingo_historical_seed,
2020-12-09,IEFA,68.58,68.58,67.8,68.2,56.8286574631,56.8286574631,56.1823122776,56.5137713471,11811501,11811501,0.0,1.0,tiingo_historical_seed,
2020-12-10,IEFA,67.835,68.419,67.82,68.25,56.2113149462,56.6952451877,56.1988852311,56.5552037308,11359590,11359590,0.0,1.0,tiingo_historical_seed,
2020-12-11,IEFA,67.92,68.1,67.685,68.08,56.2817499985,56.4309065797,56.0870177952,56.4143336263,5712734,5712734,0.0,1.0,tiingo_historical_seed,
2020-12-14,IEFA,68.05,68.1,67.56,67.58,56.9003538206,56.9421615751,56.4906378269,56.5073609287,7254373,7254373,0.612264,1.0,tiingo_historical_seed,
2020-12-15,IEFA,67.92,68.37,67.7676,68.37,56.791653659,57.1679234492,56.6642236234,57.1679234492,4862391,4862391,0.0,1.0,tiingo_historical_seed,
2020-12-16,IEFA,68.42,68.68,68.2215,68.6,57.2097312036,57.4271315268,57.0437544184,57.3602391197,5773405,5773405,0.0,1.0,tiingo_historical_seed,
2020-12-17,IEFA,69.21,69.31,69.045,69.1,57.8702937241,57.953909233,57.7323281344,57.7783166643,6413229,6413229,0.0,1.0,tiingo_historical_seed,
2020-12-18,IEFA,69.08,69.08,68.665,68.765,57.7615935625,57.7615935625,57.4145892005,57.4982047094,6165170,6165170,0.0,1.0,tiingo_historical_seed,
2020-12-21,IEFA,67.1,68.06,66.88,67.94,56.1060064859,56.9087153715,55.9220523663,56.8083767608,8170273,8170273,0.0,1.0,tiingo_historical_seed,
2020-12-22,IEFA,67.77,67.84,67.55,67.78,56.6662303957,56.7247612519,56.482276276,56.6745919466,5876402,5876402,0.0,1.0,tiingo_historical_seed,
2020-12-23,IEFA,68.37,68.62,68.295,68.54,57.1679234492,57.3769622215,57.1052118175,57.3100698144,5761539,5761539,0.0,1.0,tiingo_historical_seed,
2020-12-24,IEFA,68.61,68.66,68.395,68.59,57.3686006706,57.4104084251,57.1888273264,57.3518775688,10223189,10223189,0.0,1.0,tiingo_historical_seed,
2020-12-28,IEFA,69.18,69.3,69.0101,69.12,57.8452090714,57.9455476821,57.7031463218,57.7950397661,4675260,4675260,0.0,1.0,tiingo_historical_seed,
2020-12-29,IEFA,69.94,69.99,69.48,69.6,58.4806869392,58.5224946937,58.0960555982,58.1963942089,7561938,7561938,0.0,1.0,tiingo_historical_seed,
2020-12-30,IEFA,69.93,70.15,69.67,69.71,58.4723253884,58.656279508,58.2549250652,58.2883712687,6934598,6934598,0.0,1.0,tiingo_historical_seed,
2020-12-31,IEFA,69.68,69.68,68.985,69.09,58.263286616,58.263286616,57.682158829,57.7699551134,15952753,15952753,0.0,1.0,tiingo_historical_seed,
2021-01-04,IEFA,70.44,70.48,69.21,69.49,58.8987644838,58.9322106874,57.8702937241,58.1044171491,16828069,16828069,0.0,1.0,tiingo_historical_seed,
2021-01-05,IEFA,69.7,70.42,69.69,70.27,58.2800097178,58.8820413821,58.2716481669,58.7566181187,9754546,9754546,0.0,1.0,tiingo_historical_seed,
2021-01-06,IEFA,70.37,71.43,70.34,71.13,58.8402336276,59.7265580222,58.8151489749,59.4757114954,14787265,14787265,0.0,1.0,tiingo_historical_seed,
2021-01-07,IEFA,70.94,71.22,70.91,71.13,59.3168420285,59.5509654534,59.2917573758,59.4757114954,6964111,6964111,0.0,1.0,tiingo_historical_seed,
2021-01-08,IEFA,71.64,71.77,71.0124,71.75,59.9021505909,60.0108507525,59.3773796569,59.9941276507,6949992,6949992,0.0,1.0,tiingo_historical_seed,
2021-01-11,IEFA,70.43,71.0,70.41,70.75,58.890402933,59.3670113338,58.8736798312,59.1579725615,5801804,5801804,0.0,1.0,tiingo_historical_seed,
2021-01-12,IEFA,70.8,71.16,70.56,71.09,59.199780316,59.5007961481,58.9991030946,59.4422652918,11783398,11783398,0.0,1.0,tiingo_historical_seed,
2021-01-13,IEFA,71.05,71.195,70.88,70.98,59.4088190883,59.5300615762,59.2666727231,59.350288232,8439446,8439446,0.0,1.0,tiingo_historical_seed,
2021-01-14,IEFA,71.18,71.695,71.18,71.52,59.5175192499,59.9481391208,59.5175192499,59.8018119802,20416893,20416893,0.0,1.0,tiingo_historical_seed,
2021-01-15,IEFA,70.63,70.7427,70.01,70.38,59.0576339508,59.1518686294,58.5392177955,58.8485951785,8485020,8485020,0.0,1.0,tiingo_historical_seed,
2021-01-19,IEFA,71.0,71.0,70.65,70.92,59.3670113338,59.3670113338,59.0743570526,59.3001189267,8651042,8651042,0.0,1.0,tiingo_historical_seed,
2021-01-20,IEFA,71.05,71.46,70.95,71.42,59.4088190883,59.7516426748,59.3252035793,59.7181964713,9014586,9014586,0.0,1.0,tiingo_historical_seed,
2021-01-21,IEFA,71.52,71.6,71.0796,71.57,59.8018119802,59.8687043873,59.4335692789,59.8436197347,10215634,10215634,0.0,1.0,tiingo_historical_seed,
2021-01-22,IEFA,70.91,71.28,70.88,71.19,59.2917573758,59.6011347588,59.2666727231,59.5258808008,6414636,6414636,0.0,1.0,tiingo_historical_seed,
2021-01-25,IEFA,70.5899,71.03,70.17,70.99,59.0241041317,59.3920959865,58.6730026098,59.3586497829,14441914,14441914,0.0,1.0,tiingo_historical_seed,
2021-01-26,IEFA,71.15,71.24,70.9,71.19,59.4924345972,59.5676885552,59.2833958249,59.5258808008,5448745,5448745,0.0,1.0,tiingo_historical_seed,
2021-01-27,IEFA,69.88,70.27,69.29,69.48,58.4305176339,58.7566181187,57.9371861313,58.0960555982,12444302,12444302,0.0,1.0,tiingo_historical_seed,
2021-01-28,IEFA,69.79,70.43,69.705,70.09,58.3552636759,58.890402933,58.2841904933,58.6061102026,10386709,10386709,0.0,1.0,tiingo_historical_seed,
2021-01-29,IEFA,69.27,69.45,68.29,68.58,57.9204630295,58.0709709455,57.101031042,57.3435160179,13328215,13328215,0.0,1.0,tiingo_historical_seed,
2021-02-01,IEFA,69.47,69.55,69.14,69.5,58.0876940473,58.1545864545,57.8117628679,58.1127787,10522996,10522996,0.0,1.0,tiingo_historical_seed,
2021-02-02,IEFA,69.9,70.27,69.72,70.215,58.4472407357,58.7566181187,58.2967328196,58.7106295888,5996340,5996340,0.0,1.0,tiingo_historical_seed,
2021-02-03,IEFA,70.28,70.44,70.06,70.38,58.7649796696,58.8987644838,58.5810255499,58.8485951785,5907775,5907775,0.0,1.0,tiingo_historical_seed,
2021-02-04,IEFA,70.17,70.49,70.0728,70.49,58.6730026098,58.9405722383,58.5917283351,58.9405722383,9305003,9305003,0.0,1.0,tiingo_historical_seed,
2021-02-05,IEFA,70.82,71.005,70.5824,70.98,59.2165034177,59.3711921093,59.0178329686,59.350288232,7665655,7665655,0.0,1.0,tiingo_historical_seed,
2021-02-08,IEFA,71.49,71.65,71.285,71.43,59.7767273275,59.9105121418,59.6053155342,59.7265580222,7387440,7387440,0.0,1.0,tiingo_historical_seed,
2021-02-09,IEFA,71.54,71.91,71.48,71.81,59.818535082,60.127912465,59.7683657766,60.0442969561,6421890,6421890,0.0,1.0,tiingo_historical_seed,
2021-02-10,IEFA,72.03,72.13,71.31,71.62,60.2282510757,60.3118665846,59.6262194115,59.8854274891,5957078,5957078,0.0,1.0,tiingo_historical_seed,
2021-02-11,IEFA,72.03,72.09,71.72,72.04,60.2282510757,60.278420381,59.969042998,60.2366126266,4836336,4836336,0.0,1.0,tiingo_historical_seed,
2021-02-12,IEFA,71.88,72.49,71.87,72.45,60.1028278123,60.6128824167,60.0944662614,60.5794362132,5383306,5383306,0.0,1.0,tiingo_historical_seed,
2021-02-16,IEFA,73.06,73.27,72.86,72.98,61.0894908176,61.2650833863,60.9222597997,61.0225984104,5367073,5367073,0.0,1.0,tiingo_historical_seed,
2021-02-17,IEFA,72.45,72.64,72.16,72.53,60.5794362132,60.7383056801,60.3369512373,60.6463286203,5812894,5812894,0.0,1.0,tiingo_historical_seed,
2021-02-18,IEFA,72.01,72.1619,71.6,72.16,60.2115279739,60.338539932,59.8687043873,60.3369512373,4881580,4881580,0.0,1.0,tiingo_historical_seed,
2021-02-19,IEFA,72.4,72.665,72.25,72.4,60.5376284587,60.7592095573,60.4122051953,60.5376284587,8598412,8598412,0.0,1.0,tiingo_historical_seed,
2021-02-22,IEFA,72.19,72.6396,72.12,72.19,60.36203589,60.7379712181,60.3035050337,60.36203589,7723160,7723160,0.0,1.0,tiingo_historical_seed,
2021-02-23,IEFA,72.07,72.48,71.46,72.29,60.2616972793,60.6045208658,59.7516426748,60.4456513989,8983320,8983320,0.0,1.0,tiingo_historical_seed,
2021-02-24,IEFA,71.85,72.6164,71.68,72.55,60.0777431596,60.71857242,59.9355967945,60.6630517221,7374553,7374553,0.0,1.0,tiingo_historical_seed,
2021-02-25,IEFA,72.68,72.82,71.155,71.28,60.7717518837,60.8888135962,59.4966153726,59.6011347588,12053334,12053334,0.0,1.0,tiingo_historical_seed,
2021-02-26,IEFA,71.1201,71.1265,70.28,70.33,59.46743356,59.4727849526,58.7649796696,58.806787424,16710045,16710045,0.0,1.0,tiingo_historical_seed,
2021-03-01,IEFA,71.18,71.72,71.14,71.65,59.5175192499,59.969042998,59.4840730463,59.9105121418,11270965,11270965,0.0,1.0,tiingo_historical_seed,
2021-03-02,IEFA,71.54,71.79,71.34,71.58,59.818535082,60.0275738543,59.6513040641,59.8519812855,7785568,7785568,0.0,1.0,tiingo_historical_seed,
2021-03-03,IEFA,71.38,71.6601,71.04,71.12,59.6847502677,59.9189573082,59.4004575374,59.4673499445,9671909,9671909,0.0,1.0,tiingo_historical_seed,
2021-03-04,IEFA,71.2,71.47,70.02,70.44,59.5342423516,59.7600042257,58.5475793464,58.8987644838,15694324,15694324,0.0,1.0,tiingo_historical_seed,
2021-03-05,IEFA,70.88,70.97,69.84,70.91,59.2666727231,59.3419266811,58.3970714303,59.2917573758,10270807,10270807,0.0,1.0,tiingo_historical_seed,
2021-03-08,IEFA,70.53,71.095,70.405,70.59,58.9740184419,59.4464460673,58.8694990557,59.0241877472,11469237,11469237,0.0,1.0,tiingo_historical_seed,
2021-03-09,IEFA,71.36,71.74,71.3,71.57,59.6680271659,59.9857660998,59.6178578606,59.8436197347,9420308,9420308,0.0,1.0,tiingo_historical_seed,
2021-03-10,IEFA,71.88,71.995,71.55,71.93,60.1028278123,60.1989856476,59.8268966329,60.1446355668,7006600,7006600,0.0,1.0,tiingo_historical_seed,
2021-03-11,IEFA,72.13,72.44,71.97,72.32,60.3118665846,60.5710746623,60.1780817703,60.4707360516,8830122,8830122,0.0,1.0,tiingo_historical_seed,
2021-03-12,IEFA,71.92,72.54,71.87,72.54,60.1362740159,60.6546901712,60.0944662614,60.6546901712,6341613,6341613,0.0,1.0,tiingo_historical_seed,
2021-03-15,IEFA,72.44,72.64,72.0,72.62,60.5710746623,60.7383056801,60.203166423,60.7215825783,8270370,8270370,0.0,1.0,tiingo_historical_seed,
2021-03-16,IEFA,72.83,72.88,72.65,72.73,60.8971751471,60.9389829015,60.746667231,60.8135596381,8061124,8061124,0.0,1.0,tiingo_historical_seed,
2021-03-17,IEFA,72.52,73.255,72.405,73.12,60.6379670694,61.25254106,60.5418092341,61.1396601229,7614942,7614942,0.0,1.0,tiingo_historical_seed,
2021-03-18,IEFA,72.77,73.29,72.52,72.52,60.8470058417,61.2818064881,60.6379670694,60.6379670694,7916366,7916366,0.0,1.0,tiingo_historical_seed,
2021-03-19,IEFA,72.55,72.82,72.11,72.7,60.6630517221,60.8888135962,60.2951434828,60.7884749855,9534860,9534860,0.0,1.0,tiingo_historical_seed,
2021-03-22,IEFA,72.68,72.98,72.56,72.74,60.7717518837,61.0225984104,60.671413273,60.821921189,10014676,10014676,0.0,1.0,tiingo_historical_seed,
2021-03-23,IEFA,72.24,72.34,71.64,71.69,60.4038436444,60.4874591533,59.9021505909,59.9439583454,8190081,8190081,0.0,1.0,tiingo_historical_seed,
2021-03-24,IEFA,71.51,71.855,71.335,71.35,59.7934504293,60.0819239351,59.6471232887,59.659665615,8147642,8147642,0.0,1.0,tiingo_historical_seed,
2021-03-25,IEFA,71.27,71.91,71.12,71.86,59.5927732079,60.127912465,59.4673499445,60.0861047105,6932479,6932479,0.0,1.0,tiingo_historical_seed,
2021-03-26,IEFA,72.09,72.83,72.09,72.8,60.278420381,60.8971751471,60.278420381,60.8720904944,8502000,8502000,0.0,1.0,tiingo_historical_seed,
2021-03-29,IEFA,72.38,72.61,72.13,72.47,60.5209053569,60.7132210274,60.3118665846,60.5961593149,7894653,7894653,0.0,1.0,tiingo_historical_seed,
2021-03-30,IEFA,72.13,72.4399,72.01,72.4,60.3118665846,60.5709910468,60.2115279739,60.5376284587,7864440,7864440,0.0,1.0,tiingo_historical_seed,
2021-03-31,IEFA,72.11,72.43,72.04,72.05,60.2951434828,60.5627131114,60.2366126266,60.2449741775,14808269,14808269,0.0,1.0,tiingo_historical_seed,
2021-04-01,IEFA,72.5,73.15,72.44,73.11,60.6212439676,61.1647447756,60.5710746623,61.131298572,7296850,7296850,0.0,1.0,tiingo_historical_seed,
2021-04-05,IEFA,73.62,74.205,73.48,74.14,61.5577376675,62.0468883947,61.440675955,61.9925383139,7315169,7315169,0.0,1.0,tiingo_historical_seed,
2021-04-06,IEFA,73.34,73.495,73.21,73.35,61.3236142426,61.4532182814,61.214914081,61.3319757934,10112073,10112073,0.0,1.0,tiingo_historical_seed,
2021-04-07,IEFA,73.46,73.69,73.3899,73.58,61.4239528533,61.6162685238,61.3653383815,61.524291464,5187249,5187249,0.0,1.0,tiingo_historical_seed,
2021-04-08,IEFA,73.93,74.09,73.76,74.02,61.8169457452,61.9507305595,61.67479938,61.8921997032,6687442,6687442,0.0,1.0,tiingo_historical_seed,
2021-04-09,IEFA,73.96,74.23,73.87,74.2,61.8420303979,62.0677922719,61.7667764398,62.0427076193,8041135,8041135,0.0,1.0,tiingo_historical_seed,
2021-04-12,IEFA,73.87,73.9462,73.67,73.82,61.7667764398,61.8304914576,61.599545422,61.7249686854,6094406,6094406,0.0,1.0,tiingo_historical_seed,
2021-04-13,IEFA,73.94,74.28,73.87,74.25,61.8253072961,62.1096000264,61.7667764398,62.0845153737,5566586,5566586,0.0,1.0,tiingo_historical_seed,
2021-04-14,IEFA,74.3,74.56,74.23,74.31,62.1263231282,62.3437234514,62.0677922719,62.1346846791,6644334,6644334,0.0,1.0,tiingo_historical_seed,
2021-04-15,IEFA,74.77,74.93,74.7,74.91,62.5193160201,62.6531008344,62.4607851639,62.6363777326,4950440,4950440,0.0,1.0,tiingo_historical_seed,
2021-04-16,IEFA,75.19,75.47,75.06,75.45,62.8705011576,63.1046245826,62.761800996,63.0879014808,7081510,7081510,0.0,1.0,tiingo_historical_seed,
2021-04-19,IEFA,75.55,75.5733,75.125,75.36,63.1715169897,63.1909994033,62.8161510768,63.0126475228,9325542,9325542,0.0,1.0,tiingo_historical_seed,
2021-04-20,IEFA,74.49,74.54,73.81,74.01,62.2851925951,62.3270003496,61.7166071345,61.8838381523,8293677,8293677,0.0,1.0,tiingo_historical_seed,
2021-04-21,IEFA,73.81,74.73,73.78,74.73,61.7166071345,62.4858698166,61.6915224818,62.4858698166,6838065,6838065,0.0,1.0,tiingo_historical_seed,
2021-04-22,IEFA,74.92,74.93,74.33,74.49,62.6447392835,62.6531008344,62.1514077809,62.2851925951,10591304,10591304,0.0,1.0,tiingo_historical_seed,
2021-04-23,IEFA,74.78,75.4,74.73,75.26,62.527677571,63.0460937263,62.4858698166,62.9290320138,7098221,7098221,0.0,1.0,tiingo_historical_seed,
2021-04-26,IEFA,75.26,75.43,75.235,75.33,62.9290320138,63.071178379,62.9081281366,62.9875628701,10228134,10228134,0.0,1.0,tiingo_historical_seed,
2021-04-27,IEFA,74.96,75.15,74.87,75.115,62.6781854871,62.837054954,62.602931529,62.8077895259,8383390,8383390,0.0,1.0,tiingo_historical_seed,
2021-04-28,IEFA,75.02,75.42,74.93,75.28,62.7283547924,63.0628168281,62.6531008344,62.9457551156,7637346,7637346,0.0,1.0,tiingo_historical_seed,
2021-04-29,IEFA,75.5,75.545,74.815,75.3,63.1297092352,63.1673362143,62.5569429991,62.9624782174,7477909,7477909,0.0,1.0,tiingo_historical_seed,
2021-04-30,IEFA,74.85,74.96,74.0801,74.31,62.5862084273,62.6781854871,61.9424526241,62.1346846791,9208802,9208802,0.0,1.0,tiingo_historical_seed,
2021-05-03,IEFA,74.86,75.24,74.78,75.22,62.5945699781,62.912308912,62.527677571,62.8955858103,10172333,10172333,0.0,1.0,tiingo_historical_seed,
2021-05-04,IEFA,74.37,74.53,73.6612,74.08,62.1848539844,62.3186387987,61.5921872572,61.9423690086,9683605,9683605,0.0,1.0,tiingo_historical_seed,
2021-05-05,IEFA,74.85,75.17,74.64,75.05,62.5862084273,62.8537780558,62.4106158585,62.7534394451,8163500,8163500,0.0,1.0,tiingo_historical_seed,
2021-05-06,IEFA,75.06,75.61,74.81,75.58,62.761800996,63.2216862951,62.5527622237,63.1966016424,6617580,6617580,0.0,1.0,tiingo_historical_seed,
2021-05-07,IEFA,75.74,76.49,75.655,76.485,63.3303864567,63.9575027736,63.2593132741,63.9533219981,11091514,11091514,0.0,1.0,tiingo_historical_seed,
2021-05-10,IEFA,76.71,76.715,76.0,76.02,64.1414568932,64.1456376686,63.5477867798,63.5645098816,7958004,7958004,0.0,1.0,tiingo_historical_seed,
2021-05-11,IEFA,74.63,75.225,74.5641,75.08,62.4022543076,62.8997665857,62.3471516873,62.7785240978,10328031,10328031,0.0,1.0,tiingo_historical_seed,
2021-05-12,IEFA,74.49,74.81,73.6,73.78,62.2851925951,62.5527622237,61.5410145657,61.6915224818,12336558,12336558,0.0,1.0,tiingo_historical_seed,
2021-05-13,IEFA,73.83,74.475,73.78,74.27,61.7333302363,62.2726502688,61.6915224818,62.1012384755,10515392,10515392,0.0,1.0,tiingo_historical_seed,
2021-05-14,IEFA,75.0,75.6199,74.97,75.54,62.7116316906,63.2299642304,62.686547038,63.1631554388,8882534,8882534,0.0,1.0,tiingo_historical_seed,
2021-05-17,IEFA,75.15,75.39,75.03,75.39,62.837054954,63.0377321754,62.7367163433,63.0377321754,7165882,7165882,0.0,1.0,tiingo_historical_seed,
2021-05-18,IEFA,75.99,76.03,75.6,75.62,63.539425229,63.5728714325,63.2133247442,63.2300478459,6345069,6345069,0.0,1.0,tiingo_historical_seed,
2021-05-19,IEFA,74.67,75.22,74.31,74.91,62.4357005112,62.8955858103,62.1346846791,62.6363777326,8063130,8063130,0.0,1.0,tiingo_historical_seed,
2021-05-20,IEFA,75.48,76.05,75.405,75.97,63.1129861335,63.5895945343,63.0502745018,63.5227021272,6575391,6575391,0.0,1.0,tiingo_historical_seed,
2021-05-21,IEFA,76.15,76.188,75.77,76.045,63.6732100432,63.7049839366,63.3554711093,63.5854137589,6339853,6339853,0.0,1.0,tiingo_historical_seed,
2021-05-24,IEFA,76.25,76.58,76.185,76.48,63.7568255521,64.0327567316,63.7024754714,63.9491412227,4768841,4768841,0.0,1.0,tiingo_historical_seed,
2021-05-25,IEFA,76.72,76.78,76.38,76.48,64.1498184441,64.1999877494,63.8655257137,63.9491412227,9756412,9756412,0.0,1.0,tiingo_historical_seed,
2021-05-26,IEFA,76.44,76.595,76.32,76.46,63.9156950191,64.0452990579,63.8153564084,63.9324181209,4747897,4747897,0.0,1.0,tiingo_historical_seed,
2021-05-27,IEFA,76.6,76.73,76.4,76.61,64.0494798334,64.158179995,63.8822488155,64.0578413843,7020900,7020900,0.0,1.0,tiingo_historical_seed,
2021-05-28,IEFA,76.81,77.075,76.75,76.8,64.2250724021,64.4466535007,64.1749030968,64.2167108512,9286235,9286235,0.0,1.0,tiingo_historical_seed,
2021-06-01,IEFA,77.41,77.44,76.99,77.06,64.7267654556,64.7518501083,64.3755803182,64.4341111744,7192795,7192795,0.0,1.0,tiingo_historical_seed,
2021-06-02,IEFA,77.23,77.44,77.1,77.36,64.5762575396,64.7518501083,64.467557378,64.6849577012,8008060,8008060,0.0,1.0,tiingo_historical_seed,
2021-06-03,IEFA,76.93,77.02,76.69,76.93,64.3254110128,64.4006649708,64.1247337914,64.3254110128,6559534,6559534,0.0,1.0,tiingo_historical_seed,
2021-06-04,IEFA,77.45,77.67,77.365,77.65,64.7602116592,64.9441657788,64.6891384766,64.927442677,5571409,5571409,0.0,1.0,tiingo_historical_seed,
2021-06-07,IEFA,77.8,77.9,77.675,77.88,65.0528659404,65.1364814493,64.9483465543,65.1197583476,6829366,6829366,0.0,1.0,tiingo_historical_seed,
2021-06-08,IEFA,78.0,78.02,77.7,77.82,65.2200969583,65.23682006,64.9692504315,65.0695890422,5792433,5792433,0.0,1.0,tiingo_historical_seed,
2021-06-09,IEFA,77.8,77.845,77.55,77.59,65.0528659404,65.0904929194,64.8438271681,64.8772733717,7890129,7890129,0.0,1.0,tiingo_historical_seed,
2021-06-10,IEFA,76.62,76.85,76.51,76.73,64.9749352245,65.1699787523,64.8816535373,65.0682169117,8149049,8149049,1.088359,1.0,tiingo_historical_seed,
2021-06-11,IEFA,76.82,76.95,76.61,76.93,65.1445382922,65.2547802861,64.9664550711,65.2378199794,5308592,5308592,0.0,1.0,tiingo_historical_seed,
2021-06-14,IEFA,76.9,77.04,76.79,77.04,65.2123795192,65.3311016666,65.119097832,65.3311016666,4387036,4387036,0.0,1.0,tiingo_historical_seed,
2021-06-15,IEFA,77.07,77.0924,76.8833,77.075,65.3565421267,65.3755376703,65.1982176631,65.3607822034,5914022,5914022,0.0,1.0,tiingo_historical_seed,
2021-06-16,IEFA,77.12,77.18,76.29,76.53,65.3989428937,65.449823814,64.6950901628,64.898613844,7076606,7076606,0.0,1.0,tiingo_historical_seed,
2021-06-17,IEFA,76.03,76.17,75.5929,75.95,64.4746061749,64.5933283222,64.1039386705,64.4067649478,7122846,7122846,0.0,1.0,tiingo_historical_seed,
2021-06-18,IEFA,74.66,74.82,74.33,74.43,63.3128251613,63.4485076155,63.0329800997,63.1177816335,9299536,9299536,0.0,1.0,tiingo_historical_seed,
2021-06-21,IEFA,74.76,75.45,74.63,75.4,63.3976266952,63.9827572786,63.2873847012,63.9403565117,8243557,8243557,0.0,1.0,tiingo_historical_seed,
2021-06-22,IEFA,75.19,75.6186,75.03,75.48,63.7622732906,64.1257326647,63.6265908365,64.0081977388,7917834,7917834,0.0,1.0,tiingo_historical_seed,
2021-06-23,IEFA,75.36,75.42,74.875,75.0,63.9064358982,63.9573168185,63.4951484591,63.6011503764,5890567,5890567,0.0,1.0,tiingo_historical_seed,
2021-06-24,IEFA,75.53,75.695,75.463,75.69,64.0505985057,64.1905210365,63.993781478,64.1862809598,4534934,4534934,0.0,1.0,tiingo_historical_seed,
2021-06-25,IEFA,75.88,75.9174,75.71,75.87,64.3474038741,64.3791196478,64.2032412666,64.3389237207,3773325,3773325,0.0,1.0,tiingo_historical_seed,
2021-06-28,IEFA,75.61,75.67,75.29,75.42,64.1184397328,64.1693206531,63.8470748245,63.9573168185,9900955,9900955,0.0,1.0,tiingo_historical_seed,
2021-06-29,IEFA,75.59,75.59,75.34,75.43,64.101479426,64.101479426,63.8894755914,63.9657969718,3512845,3512845,0.0,1.0,tiingo_historical_seed,
2021-06-30,IEFA,74.79,75.035,74.575,74.86,63.4230671553,63.6308309132,63.2407438576,63.482428229,8743102,8743102,0.0,1.0,tiingo_historical_seed,
2021-07-01,IEFA,74.9,75.08,74.701,75.02,63.5163488425,63.6689916034,63.3475937902,63.6181106831,8095353,8095353,0.0,1.0,tiingo_historical_seed,
2021-07-02,IEFA,75.1,75.39,74.92,75.38,63.6859519102,63.9318763583,63.5333091493,63.9233962049,5719280,5719280,0.0,1.0,tiingo_historical_seed,
2021-07-06,IEFA,75.4,75.43,74.63,74.89,63.9403565117,63.9657969718,63.2873847012,63.5078686891,5972998,5972998,0.0,1.0,tiingo_historical_seed,
2021-07-07,IEFA,75.22,75.38,74.87,75.27,63.7877137508,63.9233962049,63.4909083824,63.8301145177,7414440,7414440,0.0,1.0,tiingo_historical_seed,
2021-07-08,IEFA,74.07,74.41,73.84,74.26,62.8124961117,63.1008213267,62.6174525839,62.973619026,9736910,9736910,0.0,1.0,tiingo_historical_seed,
2021-07-09,IEFA,75.03,75.61,74.99,75.6,63.6265908365,64.1184397328,63.592670223,64.1099595794,7888041,7888041,0.0,1.0,tiingo_historical_seed,
2021-07-12,IEFA,75.61,75.93,75.51,75.93,64.1184397328,64.389804641,64.0336381989,64.389804641,7054332,7054332,0.0,1.0,tiingo_historical_seed,
2021-07-13,IEFA,75.63,75.77,75.3701,75.5,64.1354000395,64.2541221869,63.9150008531,64.0251580455,6006145,6006145,0.0,1.0,tiingo_historical_seed,
2021-07-14,IEFA,75.79,75.81,75.54,75.68,64.2710824937,64.2880428004,64.0590786591,64.1778008064,5623674,5623674,0.0,1.0,tiingo_historical_seed,
2021-07-15,IEFA,74.94,75.09,74.63,74.91,63.5502694561,63.6774717568,63.2873847012,63.5248289959,7912044,7912044,0.0,1.0,tiingo_historical_seed,
2021-07-16,IEFA,74.91,74.93,74.23,74.35,63.5248289959,63.5417893027,62.9481785658,63.0499404064,15459235,15459235,0.0,1.0,tiingo_historical_seed,
2021-07-19,IEFA,73.21,73.29,72.605,72.98,62.0832029207,62.1510441478,61.570153641,61.8881593929,16112994,16112994,0.0,1.0,tiingo_historical_seed,
2021-07-20,IEFA,72.84,73.65,72.715,73.53,61.7694372455,62.4563296696,61.6634353282,62.354567829,13189701,13189701,0.0,1.0,tiingo_historical_seed,
2021-07-21,IEFA,74.04,74.715,74.01,74.69,62.7870556515,63.3594660049,62.7616151914,63.3382656215,8313046,8313046,0.0,1.0,tiingo_historical_seed,
2021-07-22,IEFA,75.0,75.02,74.56,74.76,63.6011503764,63.6181106831,63.2280236275,63.3976266952,5872923,5872923,0.0,1.0,tiingo_historical_seed,
2021-07-23,IEFA,75.26,75.41,75.09,75.31,63.8216343643,63.9488366651,63.6774717568,63.8640351312,4492018,4492018,0.0,1.0,tiingo_historical_seed,
2021-07-26,IEFA,75.17,75.43,75.15,75.41,63.7453129839,63.9657969718,63.7283526771,63.9488366651,8100877,8100877,0.0,1.0,tiingo_historical_seed,
2021-07-27,IEFA,75.05,75.16,74.77,75.14,63.6435511433,63.7368328305,63.4061068485,63.7198725237,8409234,8409234,0.0,1.0,tiingo_historical_seed,
2021-07-28,IEFA,75.18,75.6,75.03,75.47,63.7537931373,64.1099595794,63.6265908365,63.9997175854,7196137,7196137,0.0,1.0,tiingo_historical_seed,
2021-07-29,IEFA,76.07,76.17,75.96,75.99,64.5085267884,64.5933283222,64.4152451012,64.4406855613,4369373,4369373,0.0,1.0,tiingo_historical_seed,
2021-07-30,IEFA,75.73,75.88,75.4,75.55,64.2202015734,64.3474038741,63.9403565117,64.0675588125,6771030,6771030,0.0,1.0,tiingo_historical_seed,
2021-08-02,IEFA,76.18,76.32,75.82,75.91,64.6018084756,64.720530623,64.2965229538,64.3728443343,8664030,8664030,0.0,1.0,tiingo_historical_seed,
2021-08-03,IEFA,76.3,76.49,75.96,76.47,64.7035703162,64.8646932305,64.4152451012,64.8477329237,5838635,5838635,0.0,1.0,tiingo_historical_seed,
2021-08-04,IEFA,76.53,76.65,76.2,76.2,64.898613844,65.0003756846,64.6187687824,64.6187687824,4157264,4157264,0.0,1.0,tiingo_historical_seed,
2021-08-05,IEFA,76.56,76.6765,76.495,76.58,64.9240543042,65.0228480911,64.8689333072,64.941014611,5838653,5838653,0.0,1.0,tiingo_historical_seed,
2021-08-06,IEFA,76.44,76.48,76.1701,76.29,64.8222924636,64.8562130771,64.5934131238,64.6950901628,4556553,4556553,0.0,1.0,tiingo_historical_seed,
2021-08-09,IEFA,76.28,76.33,76.14,76.2,64.6866100094,64.7290107764,64.5678878621,64.6187687824,3371684,3371684,0.0,1.0,tiingo_historical_seed,
2021-08-10,IEFA,76.25,76.41,76.21,76.39,64.6611695493,64.7968520034,64.6272489358,64.7798916967,4634664,4634664,0.0,1.0,tiingo_historical_seed,
2021-08-11,IEFA,76.85,76.99,76.725,76.93,65.1699787523,65.2887008997,65.063976835,65.2378199794,4684220,4684220,0.0,1.0,tiingo_historical_seed,
2021-08-12,IEFA,76.81,76.9,76.63,76.86,65.1360581388,65.2123795192,64.9834153779,65.1784589057,5376544,5376544,0.0,1.0,tiingo_historical_seed,
2021-08-13,IEFA,77.1,77.36,77.055,77.36,65.3819825869,65.6024665749,65.3438218967,65.6024665749,3662041,3662041,0.0,1.0,tiingo_historical_seed,
2021-08-16,IEFA,76.75,76.93,76.475,76.91,65.0851772185,65.2378199794,64.8519730004,65.2208596726,5546278,5546278,0.0,1.0,tiingo_historical_seed,
2021-08-17,IEFA,76.19,76.325,75.8,76.16,64.610288629,64.7247706997,64.279562647,64.5848481688,6742228,6742228,0.0,1.0,tiingo_historical_seed,
2021-08-18,IEFA,76.21,76.48,75.91,75.95,64.6272489358,64.8562130771,64.3728443343,64.4067649478,5274365,5274365,0.0,1.0,tiingo_historical_seed,
2021-08-19,IEFA,74.99,75.38,74.92,75.19,63.592670223,63.9233962049,63.5333091493,63.7622732906,6010054,6010054,0.0,1.0,tiingo_historical_seed,
2021-08-20,IEFA,74.96,75.485,74.87,75.45,63.5672297628,64.0124378155,63.4909083824,63.9827572786,5339605,5339605,0.0,1.0,tiingo_historical_seed,
2021-08-23,IEFA,75.89,76.26,75.86,76.15,64.3558840275,64.6696497027,64.3304435673,64.5763680155,5634792,5634792,0.0,1.0,tiingo_historical_seed,
2021-08-24,IEFA,76.21,76.51,76.1199,76.41,64.6272489358,64.8816535373,64.5508427538,64.7968520034,7716145,7716145,0.0,1.0,tiingo_historical_seed,
2021-08-25,IEFA,76.35,76.53,76.22,76.46,64.7459710831,64.898613844,64.6357290891,64.8392527704,7070066,7070066,0.0,1.0,tiingo_historical_seed,
2021-08-26,IEFA,76.22,76.32,75.96,76.07,64.6357290891,64.720530623,64.4152451012,64.5085267884,6311984,6311984,0.0,1.0,tiingo_historical_seed,
2021-08-27,IEFA,76.11,76.865,76.0799,76.79,64.5424474019,65.1826989824,64.5169221402,65.119097832,6007747,6007747,0.0,1.0,tiingo_historical_seed,
2021-08-30,IEFA,76.78,76.92,76.7,76.84,65.1106176786,65.229339826,65.0427764516,65.1614985989,6085146,6085146,0.0,1.0,tiingo_historical_seed,
2021-08-31,IEFA,76.96,76.985,76.65,76.75,65.2632604395,65.284460823,65.0003756846,65.0851772185,6584468,6584468,0.0,1.0,tiingo_historical_seed,
2021-09-01,IEFA,77.4,77.676,77.3243,77.46,65.6363871884,65.8704394218,65.5721924273,65.6872681087,5502535,5502535,0.0,1.0,tiingo_historical_seed,
2021-09-02,IEFA,77.82,77.995,77.73,77.83,65.9925536305,66.1409563147,65.9162322501,66.0010337839,7273342,7273342,0.0,1.0,tiingo_historical_seed,
2021-09-03,IEFA,77.94,78.3,77.83,78.2,66.0943154711,66.3996009929,66.0010337839,66.3147994591,5386653,5386653,0.0,1.0,tiingo_historical_seed,
2021-09-07,IEFA,78.25,78.34,78.15,78.19,66.357200226,66.4335216065,66.2723986922,66.3063193057,5072322,5072322,0.0,1.0,tiingo_historical_seed,
2021-09-08,IEFA,77.86,77.978,77.4205,77.55,66.026474244,66.126540054,65.6537715028,65.7635894892,5451691,5451691,0.0,1.0,tiingo_historical_seed,
2021-09-09,IEFA,77.57,77.845,77.4,77.51,65.7805497959,66.013754014,65.6363871884,65.7296688756,6236633,6236633,0.0,1.0,tiingo_historical_seed,
2021-09-10,IEFA,78.06,78.095,77.295,77.34,66.1960773117,66.2257578486,65.5473455779,65.5855062681,8089610,8089610,0.0,1.0,tiingo_historical_seed,
2021-09-13,IEFA,78.04,78.06,77.66,77.92,66.1791170049,66.1960773117,65.8568711764,66.0773551643,8015845,8015845,0.0,1.0,tiingo_historical_seed,
2021-09-14,IEFA,78.15,78.16,77.525,77.58,66.2723986922,66.2808788455,65.7423891057,65.7890299493,5666748,5666748,0.0,1.0,tiingo_historical_seed,
2021-09-15,IEFA,77.53,77.79,77.33,77.76,65.7466291824,65.9671131704,65.5770261147,65.9416727102,8892800,8892800,0.0,1.0,tiingo_historical_seed,
2021-09-16,IEFA,77.46,77.693,77.25,77.64,65.6872681087,65.8848556825,65.5091848876,65.8399108696,7927186,7927186,0.0,1.0,tiingo_historical_seed,
2021-09-17,IEFA,77.25,77.35,76.43,76.72,65.5091848876,65.5939864215,64.8138123102,65.0597367583,10328163,10328163,0.0,1.0,tiingo_historical_seed,
2021-09-20,IEFA,75.03,75.4218,74.62,75.26,63.6265908365,63.9588432461,63.2789045478,63.8216343643,11247986,11247986,0.0,1.0,tiingo_historical_seed,
2021-09-21,IEFA,76.23,76.36,75.87,75.98,64.6442092425,64.7544512365,64.3389237207,64.4322054079,8986568,8986568,0.0,1.0,tiingo_historical_seed,
2021-09-22,IEFA,76.33,76.94,76.2824,76.35,64.7290107764,65.2463001328,64.6886452463,64.7459710831,9986293,9986293,0.0,1.0,tiingo_historical_seed,
2021-09-23,IEFA,76.985,77.3564,76.93,77.22,65.284460823,65.5994137196,65.2378199794,65.4837444275,6016744,6016744,0.0,1.0,tiingo_historical_seed,
2021-09-24,IEFA,76.41,76.65,76.365,76.47,64.7968520034,65.0003756846,64.7586913132,64.8477329237,5128095,5128095,0.0,1.0,tiingo_historical_seed,
2021-09-27,IEFA,76.26,76.49,76.14,76.39,64.6696497027,64.8646932305,64.5678878621,64.7798916967,6395815,6395815,0.0,1.0,tiingo_historical_seed,
2021-09-28,IEFA,75.22,75.24,74.45,74.69,63.7877137508,63.8046740576,63.1347419403,63.3382656215,11529863,11529863,0.0,1.0,tiingo_historical_seed,
2021-09-29,IEFA,74.86,74.905,74.39,74.48,63.482428229,63.5205889192,63.08386102,63.1601824004,8579940,8579940,0.0,1.0,tiingo_historical_seed,
2021-09-30,IEFA,74.56,74.68,74.01,74.25,63.2280236275,63.3297854681,62.7616151914,62.9651388726,11121575,11121575,0.0,1.0,tiingo_historical_seed,
2021-10-01,IEFA,74.25,74.58,73.74,74.37,62.9651388726,63.2449839342,62.53265105,63.0669007132,12532677,12532677,0.0,1.0,tiingo_historical_seed,
2021-10-04,IEFA,74.19,74.235,73.32,73.66,62.9142579523,62.9524186425,62.1764846079,62.464809823,17426960,17426960,0.0,1.0,tiingo_historical_seed,
2021-10-05,IEFA,73.73,74.32,73.63,74.08,62.5241708967,63.0244999463,62.4393693628,62.8209762651,7227315,7227315,0.0,1.0,tiingo_historical_seed,
2021-10-06,IEFA,72.83,73.575,72.63,73.56,61.7609570921,62.3927285192,61.5913540245,62.3800082891,19661913,19661913,0.0,1.0,tiingo_historical_seed,
2021-10-07,IEFA,73.93,74.3984,73.89,74.09,62.6937739643,63.0909843488,62.6598533508,62.8294564185,9288749,9288749,0.0,1.0,tiingo_historical_seed,
2021-10-08,IEFA,74.29,74.33,73.935,74.07,62.9990594861,63.0329800997,62.698014041,62.8124961117,7472666,7472666,0.0,1.0,tiingo_historical_seed,
2021-10-11,IEFA,74.23,74.455,73.82,73.83,62.9481785658,63.138982017,62.6004922771,62.6089724305,7577660,7577660,0.0,1.0,tiingo_historical_seed,
2021-10-12,IEFA,73.99,74.14,73.75,73.88,62.7446548846,62.8718571854,62.5411312034,62.6513731974,5871152,5871152,0.0,1.0,tiingo_historical_seed,
2021-10-13,IEFA,74.29,74.74,74.14,74.66,62.9990594861,63.3806663884,62.8718571854,63.3128251613,9136273,9136273,0.0,1.0,tiingo_historical_seed,
2021-10-14,IEFA,75.38,75.485,75.205,75.44,63.9233962049,64.0124378155,63.7749935207,63.9742771252,7245786,7245786,0.0,1.0,tiingo_historical_seed,
2021-10-15,IEFA,75.86,76.0599,75.76,76.02,64.3304435673,64.4999618335,64.2456420335,64.4661260215,6075727,6075727,0.0,1.0,tiingo_historical_seed,
2021-10-18,IEFA,75.48,75.76,75.36,75.72,64.0081977388,64.2456420335,63.9064358982,64.21172142,6057292,6057292,0.0,1.0,tiingo_historical_seed,
2021-10-19,IEFA,76.08,76.295,75.96,76.21,64.5170069418,64.6993302395,64.4152451012,64.6272489358,4989642,4989642,0.0,1.0,tiingo_historical_seed,
2021-10-20,IEFA,76.24,76.53,76.16,76.43,64.6526893959,64.898613844,64.5848481688,64.8138123102,6396778,6396778,0.0,1.0,tiingo_historical_seed,
2021-10-21,IEFA,75.99,76.205,75.92,76.08,64.4406855613,64.6230088591,64.3813244876,64.5170069418,8414602,8414602,0.0,1.0,tiingo_historical_seed,
2021-10-22,IEFA,76.39,76.655,76.18,76.48,64.7798916967,65.0046157613,64.6018084756,64.8562130771,5957277,5957277,0.0,1.0,tiingo_historical_seed,
2021-10-25,IEFA,76.32,76.48,76.1,76.34,64.720530623,64.8562130771,64.5339672485,64.7374909297,5830984,5830984,0.0,1.0,tiingo_historical_seed,
2021-10-26,IEFA,76.82,76.82,76.3894,76.51,65.1445382922,65.1445382922,64.7793828875,64.8816535373,7463026,7463026,0.0,1.0,tiingo_historical_seed,
2021-10-27,IEFA,76.51,76.62,76.16,76.16,64.8816535373,64.9749352245,64.5848481688,64.5848481688,6775025,6775025,0.0,1.0,tiingo_historical_seed,
2021-10-28,IEFA,76.63,77.01,76.55,76.96,64.9834153779,65.3056612064,64.9155741508,65.2632604395,5510889,5510889,0.0,1.0,tiingo_historical_seed,
2021-10-29,IEFA,76.34,76.55,76.2,76.51,64.7374909297,64.9155741508,64.6187687824,64.8816535373,10923130,10923130,0.0,1.0,tiingo_historical_seed,
2021-11-01,IEFA,76.94,77.26,76.81,77.24,65.2463001328,65.517665041,65.1360581388,65.5007047343,6736868,6736868,0.0,1.0,tiingo_historical_seed,
2021-11-02,IEFA,76.98,77.135,76.95,77.01,65.2802207463,65.4116631237,65.2547802861,65.3056612064,5249392,5249392,0.0,1.0,tiingo_historical_seed,
2021-11-03,IEFA,77.02,77.695,76.86,77.64,65.3141413598,65.8865517132,65.1784589057,65.8399108696,11742368,11742368,0.0,1.0,tiingo_historical_seed,
2021-11-04,IEFA,77.55,77.6,77.309,77.58,65.7635894892,65.8059902561,65.5592177926,65.7890299493,7539048,7539048,0.0,1.0,tiingo_historical_seed,
2021-11-05,IEFA,77.62,77.73,77.41,77.71,65.8229505628,65.9162322501,65.6448673418,65.8992719433,9194825,9194825,0.0,1.0,tiingo_historical_seed,
2021-11-08,IEFA,77.78,77.9065,77.6501,77.76,65.958633017,66.0659069573,65.8484758245,65.9416727102,6509260,6509260,0.0,1.0,tiingo_historical_seed,
2021-11-09,IEFA,77.75,77.825,77.32,77.54,65.9331925568,65.9967937072,65.5685459613,65.7551093358,7396477,7396477,0.0,1.0,tiingo_historical_seed,
2021-11-10,IEFA,77.23,77.335,76.47,76.57,65.4922245809,65.5812661914,64.8477329237,64.9325344576,7218713,7218713,0.0,1.0,tiingo_historical_seed,
2021-11-11,IEFA,76.96,77.04,76.79,76.83,65.2632604395,65.3311016666,65.119097832,65.1530184455,4529915,4529915,0.0,1.0,tiingo_historical_seed,
2021-11-12,IEFA,77.13,77.3075,77.0,77.3,65.407423047,65.5579457696,65.2971810531,65.5515856546,4598381,4598381,0.0,1.0,tiingo_historical_seed,
2021-11-15,IEFA,77.49,77.49,77.07,77.12,65.7127085689,65.7127085689,65.3565421267,65.3989428937,5398291,5398291,0.0,1.0,tiingo_historical_seed,
2021-11-16,IEFA,77.09,77.165,76.91,76.91,65.3735024335,65.4371035839,65.2208596726,65.2208596726,5794259,5794259,0.0,1.0,tiingo_historical_seed,
2021-11-17,IEFA,76.77,76.89,76.6601,76.84,65.1021375252,65.2038993658,65.0089406396,65.1614985989,8785285,8785285,0.0,1.0,tiingo_historical_seed,
2021-11-18,IEFA,76.82,76.94,76.53,76.94,65.1445382922,65.2463001328,64.898613844,65.2463001328,7832220,7832220,0.0,1.0,tiingo_historical_seed,
2021-11-19,IEFA,76.5,76.555,76.205,76.25,64.8731733839,64.9198142275,64.6230088591,64.6611695493,9545769,9545769,0.0,1.0,tiingo_historical_seed,
2021-11-22,IEFA,76.16,76.3688,75.76,75.77,64.5848481688,64.7619137715,64.2456420335,64.2541221869,7235408,7235408,0.0,1.0,tiingo_historical_seed,
2021-11-23,IEFA,75.62,75.86,75.25,75.66,64.1269198861,64.3304435673,63.8131542109,64.1608404997,6646860,6646860,0.0,1.0,tiingo_historical_seed,
2021-11-24,IEFA,74.59,75.11,74.53,75.1,63.2534640876,63.6944320636,63.2025831673,63.6859519102,7692346,7692346,0.0,1.0,tiingo_historical_seed,
2021-11-26,IEFA,73.7,73.8,72.89,73.15,62.4987304365,62.5835319703,61.8118380124,62.0323220004,10770673,10770673,0.0,1.0,tiingo_historical_seed,
2021-11-29,IEFA,73.74,73.8,73.195,73.53,62.53265105,62.5835319703,62.0704826906,62.354567829,11496985,11496985,0.0,1.0,tiingo_historical_seed,
2021-11-30,IEFA,73.39,73.605,72.24,72.98,62.2358456816,62.4181689794,61.2606280425,61.8881593929,23772733,23772733,0.0,1.0,tiingo_historical_seed,
2021-12-01,IEFA,73.87,74.2,72.44,72.47,62.642893044,62.9227381057,61.4302311102,61.4556715703,23571054,23571054,0.0,1.0,tiingo_historical_seed,
2021-12-02,IEFA,72.93,73.56,72.81,73.36,61.845758626,62.3800082891,61.7439967854,62.2104052215,18105645,18105645,0.0,1.0,tiingo_historical_seed,
2021-12-03,IEFA,73.58,73.66,72.6002,73.03,62.3969685959,62.464809823,61.5660831674,61.9305601598,25881369,25881369,0.0,1.0,tiingo_historical_seed,
2021-12-06,IEFA,73.48,73.78,73.205,73.67,62.3121670621,62.5665716636,62.078962844,62.4732899763,9868835,9868835,0.0,1.0,tiingo_historical_seed,
2021-12-07,IEFA,74.62,75.24,74.62,75.23,63.2789045478,63.8046740576,63.2789045478,63.7961939042,10549769,10549769,0.0,1.0,tiingo_historical_seed,
2021-12-08,IEFA,75.29,75.44,75.1,75.37,63.8470748245,63.9742771252,63.6859519102,63.9149160515,7991098,7991098,0.0,1.0,tiingo_historical_seed,
2021-12-09,IEFA,74.92,74.94,74.6894,74.76,63.5333091493,63.5502694561,63.3377568123,63.3976266952,9101873,9101873,0.0,1.0,tiingo_historical_seed,
2021-12-10,IEFA,74.86,74.95,74.6009,74.89,63.482428229,63.5587496094,63.2627074548,63.5078686891,6369740,6369740,0.0,1.0,tiingo_historical_seed,
2021-12-13,IEFA,73.3,73.35,72.79,72.85,63.2493185626,63.292462709,62.8092482698,62.8610212454,13231800,13231800,1.277222,1.0,tiingo_historical_seed,
2021-12-14,IEFA,72.58,72.83,72.168,72.46,62.628042855,62.8437635868,62.272535089,62.5244969038,11450491,11450491,0.0,1.0,tiingo_historical_seed,
2021-12-15,IEFA,72.7,73.445,72.33,73.42,62.7315888063,63.3744365871,62.4123221232,63.3528645139,17609634,17609634,0.0,1.0,tiingo_historical_seed,
2021-12-16,IEFA,73.85,73.88,73.25,73.45,63.7239041726,63.7497906604,63.2061744163,63.3787510017,19498292,19498292,0.0,1.0,tiingo_historical_seed,
2021-12-17,IEFA,72.98,73.1,72.49,72.52,62.9731960259,63.0767419772,62.5503833916,62.5762698794,17254081,17254081,0.0,1.0,tiingo_historical_seed,
2021-12-20,IEFA,72.11,72.379,71.9,72.36,62.2224878793,62.4546033867,62.0412824646,62.4382086111,18748052,18748052,0.0,1.0,tiingo_historical_seed,
2021-12-21,IEFA,72.74,73.18,72.635,73.15,62.7661041234,63.1457726114,62.675501416,63.1198861235,10780426,10780426,0.0,1.0,tiingo_historical_seed,
2021-12-22,IEFA,73.14,73.92,73.0708,73.88,63.1112572943,63.7843059775,63.0515457957,63.7497906604,8775271,8775271,0.0,1.0,tiingo_historical_seed,
2021-12-23,IEFA,73.99,74.48,73.94,74.31,63.8447077824,64.2675204167,63.801563636,64.1208303191,8838508,8838508,0.0,1.0,tiingo_historical_seed,
2021-12-27,IEFA,74.39,74.89,74.34,74.86,64.1898609532,64.6213024168,64.1467168069,64.595415929,6935256,6935256,0.0,1.0,tiingo_historical_seed,
2021-12-28,IEFA,74.92,75.175,74.9125,74.96,64.6471889047,64.8672240511,64.6407172827,64.6817042217,6578940,6578940,0.0,1.0,tiingo_historical_seed,
2021-12-29,IEFA,74.92,75.06,74.78,74.965,64.6471889047,64.7679925145,64.5263852948,64.6860186364,7459533,7459533,0.0,1.0,tiingo_historical_seed,
2021-12-30,IEFA,74.84,75.005,74.605,74.67,64.6730251158,64.815609952,64.4699497429,64.5261195269,8118475,8118475,0.109692,1.0,tiingo_historical_seed,
2021-12-31,IEFA,74.74,74.96,74.555,74.64,64.5866100635,64.7767231785,64.4267422168,64.5001950112,11243336,11243336,0.0,1.0,tiingo_historical_seed,
2022-01-03,IEFA,75.08,75.105,74.71,75.06,64.8804212412,64.9020250043,64.5606855478,64.8631382307,12331627,12331627,0.0,1.0,tiingo_historical_seed,
2022-01-04,IEFA,75.57,75.725,75.295,75.48,65.3038549973,65.4377983283,65.0662136036,65.2260814503,8945464,8945464,0.0,1.0,tiingo_historical_seed,
2022-01-05,IEFA,75.79,75.85,74.85,74.87,65.4939681123,65.5458171436,64.681666621,64.6989496314,12741080,12741080,0.0,1.0,tiingo_historical_seed,
2022-01-06,IEFA,74.55,74.779,74.215,74.39,64.4224214642,64.6203119339,64.1329310391,64.2841573806,12028355,12028355,0.0,1.0,tiingo_historical_seed,
2022-01-07,IEFA,74.35,74.72,74.06,74.61,64.2495913597,64.569327053,63.9989877081,64.4742704955,8954082,8954082,0.0,1.0,tiingo_historical_seed,
2022-01-10,IEFA,73.75,73.91,73.215,73.85,63.7311010461,63.8693651297,63.2687805164,63.8175160983,14781670,14781670,0.0,1.0,tiingo_historical_seed,
2022-01-11,IEFA,73.97,74.715,73.74,74.66,63.921214161,64.5650063004,63.7224595408,64.5174780217,9859589,9859589,0.0,1.0,tiingo_historical_seed,
2022-01-12,IEFA,75.18,75.51,75.11,75.46,64.9668362935,65.2520059659,64.9063457569,65.2087984398,13050863,13050863,0.0,1.0,tiingo_historical_seed,
2022-01-13,IEFA,75.72,75.72,74.8,74.88,65.4334775757,65.4334775757,64.6384590949,64.7075911367,11323878,11323878,0.0,1.0,tiingo_historical_seed,
2022-01-14,IEFA,74.63,74.945,74.32,74.79,64.491553506,64.7637609206,64.223666844,64.6298175896,12230051,12230051,0.0,1.0,tiingo_historical_seed,
2022-01-18,IEFA,73.87,74.0399,73.46,73.65,63.8347991088,63.9816182826,63.4804973945,63.6446859938,13419767,13419767,0.0,1.0,tiingo_historical_seed,
2022-01-19,IEFA,74.01,74.13,73.475,73.53,63.955780182,64.0594782447,63.4934596523,63.5409879311,15352526,15352526,0.0,1.0,tiingo_historical_seed,
2022-01-20,IEFA,73.82,74.17,73.06,73.13,63.7915915826,64.0940442656,63.1348371854,63.195327722,13663541,13663541,0.0,1.0,tiingo_historical_seed,
2022-01-21,IEFA,72.92,73.0015,72.14,72.17,63.0138561123,63.0842843798,62.3398187046,62.3657432203,14713845,14713845,0.0,1.0,tiingo_historical_seed,
2022-01-24,IEFA,70.83,71.416,69.49,71.39,61.2077815199,61.7141737262,60.0498198195,61.6917058126,31595008,31595008,0.0,1.0,tiingo_historical_seed,
2022-01-25,IEFA,70.52,71.43,69.99,70.97,60.9398948579,61.7262718335,60.4818950809,61.3287625931,19401400,19401400,0.0,1.0,tiingo_historical_seed,
2022-01-26,IEFA,71.86,71.9484,70.35,70.78,62.0978565582,62.1742474644,60.792989269,61.1645739938,22284169,22284169,0.0,1.0,tiingo_historical_seed,
2022-01-27,IEFA,70.76,71.095,70.05,70.27,61.1472909833,61.4367814084,60.5337441122,60.7238572272,17430238,17430238,0.0,1.0,tiingo_historical_seed,
2022-01-28,IEFA,69.85,70.55,69.45,70.55,60.3609140077,60.9658193736,60.0152537986,60.9658193736,31487572,31487572,0.0,1.0,tiingo_historical_seed,
2022-01-31,IEFA,70.61,71.685,70.57,71.61,61.0176684049,61.9466302168,60.983102384,61.8818189276,18326600,18326600,0.0,1.0,tiingo_historical_seed,
2022-02-01,IEFA,72.1,72.32,71.58,72.32,62.3052526837,62.4953657987,61.8558944119,62.4953657987,13850918,13850918,0.0,1.0,tiingo_historical_seed,
2022-02-02,IEFA,72.99,73.02,72.55,72.93,63.0743466488,63.1002711645,62.6941204189,63.0224976175,10415530,10415530,0.0,1.0,tiingo_historical_seed,
2022-02-03,IEFA,72.23,72.43,71.72,71.73,62.4175922516,62.5904223562,61.9768754851,61.9855169903,11616765,11616765,0.0,1.0,tiingo_historical_seed,
2022-02-04,IEFA,71.61,72.195,71.375,71.86,61.8818189276,62.3873469833,61.6787435547,62.0978565582,16447971,16447971,0.0,1.0,tiingo_historical_seed,
2022-02-07,IEFA,71.93,72.33,71.83,71.96,62.1583470948,62.5040073039,62.0719320426,62.1842716105,10099937,10099937,0.0,1.0,tiingo_historical_seed,
2022-02-08,IEFA,71.96,72.42,71.76,72.34,62.1842716105,62.5817808509,62.011441506,62.5126488091,8829485,8829485,0.0,1.0,tiingo_historical_seed,
2022-02-09,IEFA,73.32,73.53,73.23,73.51,63.3595163213,63.5409879311,63.2817427743,63.5237049206,10409180,10409180,0.0,1.0,tiingo_historical_seed,
2022-02-10,IEFA,72.47,73.595,72.435,72.59,62.6249883771,63.597157715,62.5947431088,62.7286864398,12167913,12167913,0.0,1.0,tiingo_historical_seed,
2022-02-11,IEFA,72.57,72.84,71.3,71.51,62.7114034293,62.9447240704,61.6139322655,61.7954038753,15825818,15825818,0.0,1.0,tiingo_historical_seed,
2022-02-14,IEFA,71.19,71.27,70.53,71.05,61.5188757081,61.5880077499,60.9485363631,61.3978946349,15252407,15252407,0.0,1.0,tiingo_historical_seed,
2022-02-15,IEFA,71.93,72.42,71.84,72.39,62.1583470948,62.5817808509,62.0805735478,62.5558563352,9656696,9656696,0.0,1.0,tiingo_historical_seed,
2022-02-16,IEFA,72.12,72.8,72.05,72.64,62.3225356941,62.9101580495,62.2620451575,62.7718939659,9593811,9593811,0.0,1.0,tiingo_historical_seed,
2022-02-17,IEFA,72.14,72.155,71.43,71.51,62.3398187046,62.3527809624,61.7262718335,61.7954038753,11571514,11571514,0.0,1.0,tiingo_historical_seed,
2022-02-18,IEFA,71.48,71.66,70.945,71.13,61.7694793596,61.9250264537,61.30715883,61.4670266767,11729480,11729480,0.0,1.0,tiingo_historical_seed,
2022-02-22,IEFA,70.49,70.87,69.825,70.27,60.9139703422,61.2423475408,60.3393102446,60.7238572272,13918951,13918951,0.0,1.0,tiingo_historical_seed,
2022-02-23,IEFA,71.01,71.01,69.5726,69.72,61.363328614,61.363328614,60.1211986527,60.2485744397,12956176,12956176,0.0,1.0,tiingo_historical_seed,
2022-02-24,IEFA,67.21,68.91,67.01,68.77,58.0795566279,59.5486125164,57.9067265233,59.4276314432,22603606,22603606,0.0,1.0,tiingo_historical_seed,
2022-02-25,IEFA,69.45,70.535,69.34,70.5,60.0152537986,60.9528571157,59.9201972411,60.9226118474,13282660,13282660,0.0,1.0,tiingo_historical_seed,
2022-02-28,IEFA,69.14,70.14,68.96,69.29,59.7473671366,60.6115176593,59.5918200425,59.876989715,16700800,16700800,0.0,1.0,tiingo_historical_seed,
2022-03-01,IEFA,68.975,69.195,67.41,67.81,59.6047823004,59.7948954154,58.2523867324,58.5980469415,18205516,18205516,0.0,1.0,tiingo_historical_seed,
2022-03-02,IEFA,68.28,68.83,68.0284,68.63,59.0041976871,59.4794804746,58.7867774156,59.30665037,15931730,15931730,0.0,1.0,tiingo_historical_seed,
2022-03-03,IEFA,68.33,68.39,67.085,67.35,59.0474052133,59.0992542446,57.9715378125,58.200537701,13967708,13967708,0.0,1.0,tiingo_historical_seed,
2022-03-04,IEFA,65.47,65.5769,64.81,65.39,56.5759347184,56.6683124093,56.0055953735,56.5068026766,18874551,18874551,0.0,1.0,tiingo_historical_seed,
2022-03-07,IEFA,64.88,65.03,63.01,63.26,56.0660859101,56.1957084885,54.4501244327,54.6661620634,32943387,32943387,0.0,1.0,tiingo_historical_seed,
2022-03-08,IEFA,63.94,65.085,63.03,63.88,55.2537844188,56.2432367672,54.4674074432,55.2019353874,28263713,28263713,0.0,1.0,tiingo_historical_seed,
2022-03-09,IEFA,65.79,66.93,65.485,66.52,56.8524628857,57.8375944815,56.5888969763,57.4832927672,18245678,18245678,0.0,1.0,tiingo_historical_seed,
2022-03-10,IEFA,65.6,66.13,65.33,65.66,56.6882742864,57.1462740634,56.4549536453,56.7401233178,16857308,16857308,0.0,1.0,tiingo_historical_seed,
2022-03-11,IEFA,66.32,66.38,64.96,65.03,57.3104626627,57.3623116941,56.1352179519,56.1957084885,18277218,18277218,0.0,1.0,tiingo_historical_seed,
2022-03-14,IEFA,66.14,66.49,65.51,65.65,57.1549155686,57.4573682516,56.6105007394,56.7314818125,14882940,14882940,0.0,1.0,tiingo_historical_seed,
2022-03-15,IEFA,65.93,66.37,65.65,66.27,56.9734439589,57.3536701888,56.7314818125,57.2672551366,14688038,14688038,0.0,1.0,tiingo_historical_seed,
2022-03-16,IEFA,67.6,68.62,66.98,68.57,58.4165753317,59.2980088648,57.8808020077,59.2548013387,14948584,14948584,0.0,1.0,tiingo_historical_seed,
2022-03-17,IEFA,68.29,69.27,68.21,69.09,59.0128391923,59.8597067045,58.9437071505,59.7041596105,12728797,12728797,0.0,1.0,tiingo_historical_seed,
2022-03-18,IEFA,68.59,69.885,68.445,69.81,59.2720843491,60.391159276,59.1467825234,60.3263479868,14756866,14756866,0.0,1.0,tiingo_historical_seed,
2022-03-21,IEFA,69.64,69.7675,69.03,69.35,60.1794423979,60.2896215896,59.6523105791,59.9288387464,9438961,9438961,0.0,1.0,tiingo_historical_seed,
2022-03-22,IEFA,69.78,70.14,69.73,70.06,60.3004234711,60.6115176593,60.257215945,60.5423856175,7446300,7446300,0.0,1.0,tiingo_historical_seed,
2022-03-23,IEFA,69.25,69.525,69.06,69.07,59.8424236941,60.0800650878,59.6782350948,59.6868766,12754219,12754219,0.0,1.0,tiingo_historical_seed,
2022-03-24,IEFA,69.35,69.67,69.15,69.64,59.9288387464,60.2053669136,59.7560086418,60.1794423979,8715806,8715806,0.0,1.0,tiingo_historical_seed,
2022-03-25,IEFA,69.63,69.83,69.241,69.7,60.1708008927,60.3436309972,59.8346463394,60.2312914293,14539300,14539300,0.0,1.0,tiingo_historical_seed,
2022-03-28,IEFA,69.28,69.53,68.95,69.51,59.8683482098,60.0843858404,59.5831785373,60.06710283,16652782,16652782,0.0,1.0,tiingo_historical_seed,
2022-03-29,IEFA,71.07,71.23,70.42,71.015,61.4151776453,61.553441729,60.8534798056,61.3676493666,15886613,15886613,0.0,1.0,tiingo_historical_seed,
2022-03-30,IEFA,70.77,70.99,70.44,70.69,61.1559324885,61.3460456035,60.8707628161,61.0868004467,13387472,13387472,0.0,1.0,tiingo_historical_seed,
2022-03-31,IEFA,70.27,70.46,69.46,69.51,60.7238572272,60.8880458265,60.0238953039,60.06710283,14460181,14460181,0.0,1.0,tiingo_historical_seed,
2022-04-01,IEFA,70.01,70.2,69.68,70.2,60.4991780913,60.6633666906,60.2140084188,60.6633666906,9757097,9757097,0.0,1.0,tiingo_historical_seed,
2022-04-04,IEFA,70.11,70.52,70.01,70.46,60.5855931436,60.9398948579,60.4991780913,60.8880458265,13884966,13884966,0.0,1.0,tiingo_historical_seed,
2022-04-05,IEFA,70.12,70.32,69.37,69.58,60.5942346488,60.7670647533,59.9461217568,60.1275933666,9540174,9540174,0.0,1.0,tiingo_historical_seed,
2022-04-06,IEFA,68.7,69.01,68.28,68.65,59.3671409066,59.6350275687,59.0041976871,59.3239333805,13539839,13539839,0.0,1.0,tiingo_historical_seed,
2022-04-07,IEFA,68.72,68.99,68.205,68.79,59.3844239171,59.6177445582,58.9393863979,59.4449144537,16378670,16378670,0.0,1.0,tiingo_historical_seed,
2022-04-08,IEFA,68.52,69.025,68.41,68.75,59.2115938126,59.6479898265,59.1165372551,59.4103484328,9301602,9301602,0.0,1.0,tiingo_historical_seed,
2022-04-11,IEFA,68.48,68.61,67.97,68.02,59.1770277916,59.2893673596,58.7363110251,58.7795185512,9713602,9713602,0.0,1.0,tiingo_historical_seed,
2022-04-12,IEFA,68.17,68.3,67.385,67.52,58.9091411296,59.0214806976,58.2307829693,58.3474432899,11539071,11539071,0.0,1.0,tiingo_historical_seed,
2022-04-13,IEFA,67.55,68.34,67.55,68.315,58.3733678056,59.0560467185,58.3733678056,59.0344429554,9738427,9738427,0.0,1.0,tiingo_historical_seed,
2022-04-14,IEFA,68.46,68.56,67.97,68.05,59.1597447812,59.2461598335,58.7363110251,58.8054430669,10784639,10784639,0.0,1.0,tiingo_historical_seed,
2022-04-18,IEFA,67.67,68.1,67.5,67.64,58.4770658683,58.848650593,58.3301602794,58.4511413526,10731461,10731461,0.0,1.0,tiingo_historical_seed,
2022-04-19,IEFA,67.26,67.965,67.25,67.94,58.122764154,58.7319902725,58.1141226488,58.7103865094,22505041,22505041,0.0,1.0,tiingo_historical_seed,
2022-04-20,IEFA,68.44,68.59,68.17,68.36,59.1424617707,59.2720843491,58.9091411296,59.0733297289,14373232,14373232,0.0,1.0,tiingo_historical_seed,
2022-04-21,IEFA,69.06,69.16,67.55,67.69,59.6782350948,59.7646501471,58.3733678056,58.4943488787,20042726,20042726,0.0,1.0,tiingo_historical_seed,
2022-04-22,IEFA,67.6,67.6,66.495,66.54,58.4165753317,58.4165753317,57.4616890042,57.5005757777,15346591,15346591,0.0,1.0,tiingo_historical_seed,
2022-04-25,IEFA,65.87,66.3,65.34,66.22,56.9215949275,57.2931796523,56.4635951505,57.2240476104,22690260,22690260,0.0,1.0,tiingo_historical_seed,
2022-04-26,IEFA,65.72,65.76,64.365,64.39,56.7919723491,56.82653837,55.6210483909,55.642652154,17073957,17073957,0.0,1.0,tiingo_historical_seed,
2022-04-27,IEFA,64.63,65.1,64.29,64.66,55.8500482794,56.2561990251,55.5562371017,55.8759727951,21860486,21860486,0.0,1.0,tiingo_historical_seed,
2022-04-28,IEFA,65.11,65.72,64.52,65.64,56.2648405303,56.7919723491,55.7549917219,56.7228403073,14591797,14591797,0.0,1.0,tiingo_historical_seed,
2022-04-29,IEFA,65.81,66.2,64.76,64.81,56.8697458962,57.2067646,55.9623878474,56.0055953735,21123877,21123877,0.0,1.0,tiingo_historical_seed,
2022-05-02,IEFA,64.48,64.905,63.875,64.59,55.720425701,56.0876896731,55.1976146348,55.8154822585,28281888,28281888,0.0,1.0,tiingo_historical_seed,
2022-05-03,IEFA,65.0,65.314,64.835,65.09,56.1697839728,56.4411272369,56.0271991366,56.2475575198,19407883,19407883,0.0,1.0,tiingo_historical_seed,
2022-05-04,IEFA,65.12,66.29,64.31,66.15,56.2734820355,57.284538147,55.5735201122,57.1635570739,23387600,23387600,0.0,1.0,tiingo_historical_seed,
2022-05-05,IEFA,65.21,65.27,63.54,64.04,56.3512555826,56.4031046139,54.9081242097,55.340199471,21262255,21262255,0.0,1.0,tiingo_historical_seed,
2022-05-06,IEFA,63.58,63.78,62.985,63.37,54.9426902306,55.1155203352,54.4285206696,54.7612186209,21722901,21722901,0.0,1.0,tiingo_historical_seed,
2022-05-09,IEFA,62.23,62.275,61.29,61.43,53.776087025,53.8149737986,52.9637855337,53.0847666069,27632554,27632554,0.0,1.0,tiingo_historical_seed,
2022-05-10,IEFA,62.51,62.55,61.4,61.86,54.0180491714,54.0526151923,53.0588420912,53.4563513317,34746104,34746104,0.0,1.0,tiingo_historical_seed,
2022-05-11,IEFA,62.1,62.825,61.4305,61.5,53.6637474571,54.290256586,53.0851986822,53.1452571435,47398830,47398830,0.0,1.0,tiingo_historical_seed,
2022-05-12,IEFA,61.17,61.93,60.845,61.35,52.860087471,53.5168418682,52.5792385512,53.0156345651,29531320,29531320,0.0,1.0,tiingo_historical_seed,
2022-05-13,IEFA,62.29,63.1,62.25,63.08,53.8279360564,54.5278979797,53.7933700355,54.5106149693,19193200,19193200,0.0,1.0,tiingo_historical_seed,
2022-05-16,IEFA,62.82,63.4177,62.59,63.12,54.2859358334,54.8024386008,54.0871812132,54.5451809902,12963810,12963810,0.0,1.0,tiingo_historical_seed,
2022-05-17,IEFA,64.14,64.37,63.82,64.32,55.4266145233,55.6253691435,55.1500863561,55.5821616174,14882755,14882755,0.0,1.0,tiingo_historical_seed,
2022-05-18,IEFA,63.77,63.8683,62.705,62.83,55.1068788299,55.1918248263,54.1865585233,54.2945773386,14561509,14561509,0.0,1.0,tiingo_historical_seed,
2022-05-19,IEFA,62.75,63.8086,62.75,63.45,54.2254452968,55.1402350401,54.2254452968,54.8303506627,15267182,15267182,0.0,1.0,tiingo_historical_seed,
2022-05-20,IEFA,64.24,64.24,63.075,63.86,55.5130295756,55.5130295756,54.5062942167,55.184652377,11384546,11384546,0.0,1.0,tiingo_historical_seed,
2022-05-23,IEFA,64.56,65.0876,64.46,64.93,55.7895577428,56.2454835586,55.7031426906,56.1092934362,16992159,16992159,0.0,1.0,tiingo_historical_seed,
2022-05-24,IEFA,64.73,64.975,64.34,64.77,55.9364633317,56.1481802097,55.5994446278,55.9710293526,21050473,21050473,0.0,1.0,tiingo_historical_seed,
2022-05-25,IEFA,64.33,65.075,64.3,64.77,55.5908031226,56.234595262,55.5648786069,55.9710293526,11471706,11471706,0.0,1.0,tiingo_historical_seed,
2022-05-26,IEFA,64.92,65.665,64.8901,65.53,56.100651931,56.7444440704,56.0748138304,56.6277837498,8614855,8614855,0.0,1.0,tiingo_historical_seed,
2022-05-27,IEFA,65.97,66.3,65.91,66.28,57.0080099798,57.2931796523,56.9561609484,57.2758966418,10578818,10578818,0.0,1.0,tiingo_historical_seed,
2022-05-31,IEFA,66.13,66.345,65.76,65.9,57.1462740634,57.3320664258,56.82653837,56.9475194432,15043474,15043474,0.0,1.0,tiingo_historical_seed,
2022-06-01,IEFA,66.32,66.34,65.015,65.24,57.3104626627,57.3277456732,56.1827462306,56.3771800982,11049112,11049112,0.0,1.0,tiingo_historical_seed,
2022-06-02,IEFA,65.77,66.59,65.495,66.59,56.8351798752,57.5437833038,56.5975384815,57.5437833038,9580532,9580532,0.0,1.0,tiingo_historical_seed,
2022-06-03,IEFA,65.77,65.895,65.42,65.585,56.8351798752,56.9431986906,56.5327271923,56.6753120286,7959426,7959426,0.0,1.0,tiingo_historical_seed,
2022-06-06,IEFA,66.305,66.4699,65.72,65.89,57.2975004049,57.4399988261,56.7919723491,56.938877938,7332792,7332792,0.0,1.0,tiingo_historical_seed,
2022-06-07,IEFA,65.21,66.08,65.11,66.04,56.3512555826,57.1030665373,56.2648405303,57.0685005164,10502433,10502433,0.0,1.0,tiingo_historical_seed,
2022-06-08,IEFA,65.34,65.63,65.09,65.13,56.4635951505,56.7141988021,56.2475575198,56.2821235407,6805950,6805950,0.0,1.0,tiingo_historical_seed,
2022-06-09,IEFA,63.52,63.615,62.45,62.47,56.0611803615,56.1450250109,55.1168248359,55.134476341,9063212,9063212,1.331936,1.0,tiingo_historical_seed,
2022-06-10,IEFA,61.3,61.4,60.78,60.95,54.1018632897,54.1901208154,53.6429241557,53.7929619495,12612837,12612837,0.0,1.0,tiingo_historical_seed,
2022-06-13,IEFA,59.43,59.67,58.78,58.91,52.451447558,52.6632656198,51.8777736406,51.992508424,20348894,20348894,0.0,1.0,tiingo_historical_seed,
2022-06-14,IEFA,58.9,59.05,57.83,58.32,51.9836826715,52.1160689601,51.0393271458,51.4717890221,22626186,22626186,0.0,1.0,tiingo_historical_seed,
2022-06-15,IEFA,58.97,59.76,58.23,59.42,52.0454629395,52.742697393,51.3923572489,52.4426218054,18511098,18511098,0.0,1.0,tiingo_historical_seed,
2022-06-16,IEFA,58.01,58.54,57.74,58.14,51.1981906922,51.6659555787,50.9598953727,51.3129254757,18614974,18614974,0.0,1.0,tiingo_historical_seed,
2022-06-17,IEFA,58.16,58.41,57.6,57.91,51.3305769809,51.5512207952,50.8363348366,51.1099331665,16758776,16758776,0.0,1.0,tiingo_historical_seed,
2022-06-21,IEFA,58.94,59.13,58.745,58.78,52.0189856818,52.1866749807,51.8468835065,51.8777736406,14666004,14666004,0.0,1.0,tiingo_historical_seed,
2022-06-22,IEFA,58.14,58.93,58.04,58.43,51.3129254757,52.0101599292,51.2246679499,51.5688723004,18122266,18122266,0.0,1.0,tiingo_historical_seed,
2022-06-23,IEFA,58.3,58.4,57.72,58.34,51.4541375169,51.5423950427,50.9422438675,51.4894405272,12018030,12018030,0.0,1.0,tiingo_historical_seed,
2022-06-24,IEFA,59.11,60.07,59.06,60.03,52.1690234756,53.0162957228,52.1248947127,52.9809927125,13169189,13169189,0.0,1.0,tiingo_historical_seed,
2022-06-27,IEFA,59.97,60.2069,59.72,59.79,52.9280381971,53.1371202756,52.7073943827,52.7691746507,10922989,10922989,0.0,1.0,tiingo_historical_seed,
2022-06-28,IEFA,60.26,60.47,59.34,59.37,53.1839850218,53.3693258259,52.3720157848,52.3984930425,22898661,22898661,0.0,1.0,tiingo_historical_seed,
2022-06-29,IEFA,59.42,59.51,59.04,59.1,52.4426218054,52.5220535786,52.1072432075,52.160197723,11921576,11921576,0.0,1.0,tiingo_historical_seed,
2022-06-30,IEFA,58.03,58.885,57.815,58.85,51.2158421974,51.9704440426,51.026088517,51.9395539086,19608289,19608289,0.0,1.0,tiingo_historical_seed,
2022-07-01,IEFA,58.1,58.94,57.87,58.93,51.2776224654,52.0189856818,51.0746301562,52.0101599292,10944848,10944848,0.0,1.0,tiingo_historical_seed,
2022-07-05,IEFA,57.06,57.71,56.86,57.7,50.3597441975,50.9334181149,50.183229146,50.9245923624,15912719,15912719,0.0,1.0,tiingo_historical_seed,
2022-07-06,IEFA,57.65,57.8757,57.28,57.76,50.8804635995,51.0796608351,50.5539107542,50.9775468778,11555666,11555666,0.0,1.0,tiingo_historical_seed,
2022-07-07,IEFA,58.25,58.63,58.18,58.63,51.410008754,51.7453873519,51.348228486,51.7453873519,8515417,8515417,0.0,1.0,tiingo_historical_seed,
2022-07-08,IEFA,58.54,58.9375,58.28,58.77,51.6659555787,52.0167792436,51.4364860118,51.868947888,7557639,7557639,0.0,1.0,tiingo_historical_seed,
2022-07-11,IEFA,57.98,58.15,57.725,57.77,51.1717134345,51.3217512283,50.9466567438,50.9863726304,9010804,9010804,0.0,1.0,tiingo_historical_seed,
2022-07-12,IEFA,57.64,58.23,57.64,57.77,50.8716378469,51.3923572489,50.8716378469,50.9863726304,14783277,14783277,0.0,1.0,tiingo_historical_seed,
2022-07-13,IEFA,57.1,57.975,56.99,57.74,50.3950472078,51.1673005582,50.2979639295,50.9598953727,10087911,10087911,0.0,1.0,tiingo_historical_seed,
2022-07-14,IEFA,56.55,57.01,56.11,56.93,49.9096308161,50.3156154346,49.5212977028,50.245009414,13001731,13001731,0.0,1.0,tiingo_historical_seed,
2022-07-15,IEFA,57.4,57.85,57.085,57.82,50.6598197851,51.056978651,50.381808579,51.0305013933,10421633,10421633,0.0,1.0,tiingo_historical_seed,
2022-07-18,IEFA,58.67,58.82,58.02,58.14,51.7806903622,51.9130766509,51.2070164448,51.3129254757,14805134,14805134,0.0,1.0,tiingo_historical_seed,
2022-07-19,IEFA,59.17,59.69,59.11,59.64,52.221977991,52.6809171249,52.1690234756,52.6367883621,11973293,11973293,0.0,1.0,tiingo_historical_seed,
2022-07-20,IEFA,59.54,59.69,59.025,59.28,52.5485308363,52.6809171249,52.0940045787,52.3190612693,8864009,8864009,0.0,1.0,tiingo_historical_seed,
2022-07-21,IEFA,59.23,60.05,59.1618,60.01,52.2749325065,52.9986442177,52.2147408739,52.9633412074,9713533,9713533,0.0,1.0,tiingo_historical_seed,
2022-07-22,IEFA,60.25,60.62,59.63,59.87,53.1751592692,53.5017121145,52.6279626095,52.8397806713,7520380,7520380,0.0,1.0,tiingo_historical_seed,
2022-07-25,IEFA,60.34,60.4,60.0,60.29,53.2545910424,53.3075455578,52.9545154548,53.2104622795,11551230,11551230,0.0,1.0,tiingo_historical_seed,
2022-07-26,IEFA,59.81,59.9,59.46,59.47,52.7868261559,52.866257929,52.4779248157,52.4867505683,9921539,9921539,0.0,1.0,tiingo_historical_seed,
2022-07-27,IEFA,60.06,60.92,59.84,60.83,53.0074699703,53.7664846918,52.8133034136,53.6870529186,8541510,8541510,0.0,1.0,tiingo_historical_seed,
2022-07-28,IEFA,60.82,61.31,60.44,61.23,53.678227166,54.1106890422,53.3428485681,54.0400830216,10573396,10573396,0.0,1.0,tiingo_historical_seed,
2022-07-29,IEFA,61.37,62.09,61.1718,62.05,54.1636435577,54.7990977431,53.9887171416,54.7637947328,13118622,13118622,0.0,1.0,tiingo_historical_seed,
2022-08-01,IEFA,62.08,62.42,61.86,62.12,54.7902719906,55.0903475781,54.5961054339,54.8255750009,9606635,9606635,0.0,1.0,tiingo_historical_seed,
2022-08-02,IEFA,61.58,61.79,61.11,61.12,54.3489843618,54.5343251659,53.9341739907,53.9429997433,7689139,7689139,0.0,1.0,tiingo_historical_seed,
2022-08-03,IEFA,61.42,61.64,61.05,61.54,54.2077723206,54.4019388772,53.8812194753,54.3136813515,7223772,7223772,0.0,1.0,tiingo_historical_seed,
2022-08-04,IEFA,61.65,61.97,61.58,61.88,54.4107646298,54.6931887122,54.3489843618,54.613756939,6115979,6115979,0.0,1.0,tiingo_historical_seed,
2022-08-05,IEFA,61.08,61.49,60.99,61.39,53.907696733,54.2695525886,53.8282649598,54.1812950628,6702637,6702637,0.0,1.0,tiingo_historical_seed,
2022-08-08,IEFA,61.92,62.11,61.445,61.55,54.6490599494,54.8167492483,54.229836702,54.322507104,8404758,8404758,0.0,1.0,tiingo_historical_seed,
2022-08-09,IEFA,61.48,61.62,61.1133,61.21,54.260726836,54.3842873721,53.9370864891,54.0224315165,7009008,7009008,0.0,1.0,tiingo_historical_seed,
2022-08-10,IEFA,62.57,62.88,62.325,62.64,55.2227338668,55.4963321966,55.0065029287,55.2845141348,7253879,7253879,0.0,1.0,tiingo_historical_seed,
2022-08-11,IEFA,62.93,63.115,62.5499,62.64,55.5404609595,55.7037373822,55.2049941041,55.2845141348,9910758,9910758,0.0,1.0,tiingo_historical_seed,
2022-08-12,IEFA,62.71,63.13,62.54,63.1,55.3462944028,55.716976011,55.1962566091,55.6904987533,5736056,5736056,0.0,1.0,tiingo_historical_seed,
2022-08-15,IEFA,62.61,62.77,62.45,62.69,55.2580368771,55.3992489183,55.1168248359,55.3286428977,10068765,10068765,0.0,1.0,tiingo_historical_seed,
2022-08-16,IEFA,62.36,62.79,62.32,62.69,55.0373930627,55.4169004234,55.0020900524,55.3286428977,7606546,7606546,0.0,1.0,tiingo_historical_seed,
2022-08-17,IEFA,62.09,62.4705,61.803,62.14,54.7990977431,55.1349176286,54.5457986442,54.843226506,7636751,7636751,0.0,1.0,tiingo_historical_seed,
2022-08-18,IEFA,62.11,62.125,61.735,61.93,54.8167492483,54.8299878772,54.4857835267,54.6578857019,6027086,6027086,0.0,1.0,tiingo_historical_seed,
2022-08-19,IEFA,61.31,61.395,60.91,61.05,54.1106890422,54.1857079391,53.7576589392,53.8812194753,7231054,7231054,0.0,1.0,tiingo_historical_seed,
2022-08-22,IEFA,60.35,60.38,59.8279,59.97,53.263416795,53.2898940527,52.802624253,52.9280381971,8829819,8829819,0.0,1.0,tiingo_historical_seed,
2022-08-23,IEFA,59.81,60.485,59.785,60.03,52.7868261559,53.3825644547,52.7647617744,52.9809927125,6092967,6092967,0.0,1.0,tiingo_historical_seed,
2022-08-24,IEFA,59.79,60.325,59.74,60.13,52.7691746507,53.2413524135,52.7250458878,53.0692502383,6742862,6742862,0.0,1.0,tiingo_historical_seed,
2022-08-25,IEFA,60.26,60.795,60.16,60.78,53.1839850218,53.6561627846,53.095727496,53.6429241557,6502415,6502415,0.0,1.0,tiingo_historical_seed,
2022-08-26,IEFA,60.78,60.87,59.14,59.16,53.6429241557,53.7223559289,52.1955007333,52.2131522384,6657360,6657360,0.0,1.0,tiingo_historical_seed,
2022-08-29,IEFA,58.93,59.3,58.8594,59.06,52.0101599292,52.3367127745,51.947850116,52.1248947127,11446600,11446600,0.0,1.0,tiingo_historical_seed,
2022-08-30,IEFA,59.5,59.54,58.53,58.69,52.513227826,52.5485308363,51.6571298262,51.7983418674,10855314,10855314,0.0,1.0,tiingo_historical_seed,
2022-08-31,IEFA,58.7,58.9,58.28,58.29,51.8071676199,51.9836826715,51.4364860118,51.4453117643,11244664,11244664,0.0,1.0,tiingo_historical_seed,
2022-09-01,IEFA,57.41,57.55,56.88,57.47,50.6686455377,50.7922060737,50.2008806511,50.7216000531,17168221,17168221,0.0,1.0,tiingo_historical_seed,
2022-09-02,IEFA,57.91,58.345,56.9,57.08,51.1099331665,51.4938534035,50.2185321563,50.3773957027,8960272,8960272,0.0,1.0,tiingo_historical_seed,
2022-09-06,IEFA,57.34,57.44,56.73,56.91,50.6068652696,50.6951227954,50.0684943625,50.2273579089,12000355,12000355,0.0,1.0,tiingo_historical_seed,
2022-09-07,IEFA,56.49,57.43,56.44,57.4,49.8566763007,50.6862970428,49.8125475378,50.6598197851,15937220,15937220,0.0,1.0,tiingo_historical_seed,
2022-09-08,IEFA,56.84,57.565,56.72,57.49,50.1655776408,50.8054447026,50.0596686099,50.7392515583,12348356,12348356,0.0,1.0,tiingo_historical_seed,
2022-09-09,IEFA,58.6,59.01,58.5446,58.98,51.7189100942,52.0807659498,51.6700154249,52.0542886921,7796553,7796553,0.0,1.0,tiingo_historical_seed,
2022-09-12,IEFA,59.7,60.025,59.62,59.75,52.6897428775,52.9765798362,52.6191368569,52.7338716404,9604994,9604994,0.0,1.0,tiingo_historical_seed,
2022-09-13,IEFA,58.63,58.96,57.6248,57.68,51.7453873519,52.0366371869,50.858222703,50.9069408572,8767206,8767206,0.0,1.0,tiingo_historical_seed,
2022-09-14,IEFA,57.83,58.12,57.5508,57.88,51.0393271458,51.2952739705,50.7929121339,51.0834559087,9061820,9061820,0.0,1.0,tiingo_historical_seed,
2022-09-15,IEFA,57.46,57.95,57.26,57.36,50.7127743005,51.1452361768,50.536259249,50.6245167748,9195665,9195665,0.0,1.0,tiingo_historical_seed,
2022-09-16,IEFA,56.88,57.22,56.705,57.04,50.2008806511,50.5009562387,50.0464299811,50.3420926924,11016124,11016124,0.0,1.0,tiingo_historical_seed,
2022-09-19,IEFA,56.41,57.2481,56.38,57.19,49.7860702801,50.5257566035,49.7595930224,50.474478981,11910157,11910157,0.0,1.0,tiingo_historical_seed,
2022-09-20,IEFA,56.39,56.535,55.885,56.2,49.7684187749,49.8963921873,49.3227182699,49.600729476,17045426,17045426,0.0,1.0,tiingo_historical_seed,
2022-09-21,IEFA,56.19,56.65,55.45,55.49,49.5919037234,49.9978883419,48.9387980328,48.9741010431,14811298,14811298,0.0,1.0,tiingo_historical_seed,
2022-09-22,IEFA,55.72,55.8,55.07,55.32,49.1770933524,49.247699373,48.6034194349,48.8240632493,15877910,15877910,0.0,1.0,tiingo_historical_seed,
2022-09-23,IEFA,54.0,54.09,53.1315,53.51,47.6590639093,47.7384956825,46.8925472981,47.2266020331,16120013,16120013,0.0,1.0,tiingo_historical_seed,
2022-09-26,IEFA,52.95,53.44,52.425,52.68,46.7323598889,47.1648217651,46.2690078786,46.4940645693,22033779,22033779,0.0,1.0,tiingo_historical_seed,
2022-09-27,IEFA,52.94,53.2,51.975,52.32,46.7235341363,46.9530037033,45.8718490127,46.1763374766,52109673,52109673,0.0,1.0,tiingo_historical_seed,
2022-09-28,IEFA,52.22,53.67,52.065,53.55,46.0880799508,47.3678140743,45.9512807859,47.2619050434,23602594,23602594,0.0,1.0,tiingo_historical_seed,
2022-09-29,IEFA,52.72,52.895,52.13,52.84,46.5293675796,46.6838182497,46.0086481776,46.6352766105,18304587,18304587,0.0,1.0,tiingo_historical_seed,
2022-09-30,IEFA,52.72,53.35,52.6085,52.67,46.5293675796,47.0853899919,46.4309604384,46.4852388167,48895724,48895724,0.0,1.0,tiingo_historical_seed,
2022-10-03,IEFA,53.25,53.965,52.995,53.74,46.9971324661,47.6281737753,46.7720757755,47.4295943423,16454408,16454408,0.0,1.0,tiingo_historical_seed,
2022-10-04,IEFA,55.14,55.97,55.13,55.95,48.665199703,49.3977371668,48.6563739504,49.3800856616,18259303,18259303,0.0,1.0,tiingo_historical_seed,
2022-10-05,IEFA,54.98,55.5673,54.61,55.24,48.5239876617,49.0423241105,48.1974348164,48.7534572287,14000172,14000172,0.0,1.0,tiingo_historical_seed,
2022-10-06,IEFA,54.66,54.93,54.28,54.32,48.2415635793,48.4798588989,47.9061849814,47.9414879917,12001455,12001455,0.0,1.0,tiingo_historical_seed,
2022-10-07,IEFA,54.03,54.12,53.26,53.48,47.685541167,47.7649729402,47.0059582187,47.2001247754,12048407,12048407,0.0,1.0,tiingo_historical_seed,
2022-10-10,IEFA,53.41,53.45,52.82,53.13,47.1383445073,47.1736475176,46.6176251054,46.8912234352,13093499,13093499,0.0,1.0,tiingo_historical_seed,
2022-10-11,IEFA,52.82,53.41,52.4,52.55,46.6176251054,47.1383445073,46.2469434972,46.3793297858,15850275,15850275,0.0,1.0,tiingo_historical_seed,
2022-10-12,IEFA,52.37,52.675,52.23,52.35,46.2204662395,46.489651693,46.0969057034,46.2028147343,12149941,12149941,0.0,1.0,tiingo_historical_seed,
2022-10-13,IEFA,51.46,53.7087,51.34,53.46,45.4173227551,47.4019697368,45.3114137242,47.1824732702,19070949,19070949,0.0,1.0,tiingo_historical_seed,
2022-10-14,IEFA,53.81,53.93,52.58,52.64,47.4913746104,47.5972836413,46.4058070436,46.458761559,15213670,15213670,0.0,1.0,tiingo_historical_seed,
2022-10-17,IEFA,53.81,54.19,53.7922,53.94,47.4913746104,47.8267532083,47.4756647708,47.6061093939,16540234,16540234,0.0,1.0,tiingo_historical_seed,
2022-10-18,IEFA,54.77,54.79,53.935,54.33,48.3386468577,48.3562983628,47.6016965176,47.9503137443,14503134,14503134,0.0,1.0,tiingo_historical_seed,
2022-10-19,IEFA,53.82,54.03,53.285,53.61,47.500200363,47.685541167,47.0280226001,47.3148595589,11394095,11394095,0.0,1.0,tiingo_historical_seed,
2022-10-20,IEFA,53.75,54.32,53.4,53.53,47.4384200949,47.9414879917,47.1295187548,47.2442535383,14556112,14556112,0.0,1.0,tiingo_historical_seed,
2022-10-21,IEFA,53.05,54.52,52.83,54.48,46.8206174146,48.1180030433,46.6264508579,48.082700033,20163094,20163094,0.0,1.0,tiingo_historical_seed,
2022-10-24,IEFA,54.31,54.7,53.99,54.44,47.9326622392,48.2768665896,47.6502381567,48.0473970227,14755755,14755755,0.0,1.0,tiingo_historical_seed,
2022-10-25,IEFA,54.88,55.75,54.86,55.68,48.435730136,49.2035706101,48.4180786308,49.1417903421,10956176,10956176,0.0,1.0,tiingo_historical_seed,
2022-10-26,IEFA,55.77,56.655,55.71,56.21,49.2212221152,50.0023012182,49.1682675998,49.6095552286,12742819,12742819,0.0,1.0,tiingo_historical_seed,
2022-10-27,IEFA,56.06,56.505,55.7101,55.73,49.4771689399,49.8699149296,49.1683558573,49.1859191049,15407147,15407147,0.0,1.0,tiingo_historical_seed,
2022-10-28,IEFA,55.69,56.25,55.515,56.25,49.1506160946,49.6448582389,48.9961654246,49.6448582389,11899661,11899661,0.0,1.0,tiingo_historical_seed,
2022-10-31,IEFA,55.64,55.84,55.55,55.72,49.1064873317,49.2830023833,49.0270555586,49.1770933524,15970412,15970412,0.0,1.0,tiingo_historical_seed,
2022-11-01,IEFA,56.83,56.885,55.9501,56.21,50.1567518883,50.2052935274,49.3801739191,49.6095552286,14860610,14860610,0.0,1.0,tiingo_historical_seed,
2022-11-02,IEFA,56.28,57.05,55.41,55.41,49.6713354966,50.3509184449,48.9034950225,48.9034950225,24502150,24502150,0.0,1.0,tiingo_historical_seed,
2022-11-03,IEFA,54.67,55.185,54.6,54.92,48.2503893319,48.7049155896,48.1886090639,48.4710331463,20218288,20218288,0.0,1.0,tiingo_historical_seed,
2022-11-04,IEFA,56.5,57.12,56.175,57.04,49.8655020533,50.412698713,49.5786650946,50.3420926924,18889381,18889381,0.0,1.0,tiingo_historical_seed,
2022-11-07,IEFA,57.3,57.53,57.06,57.28,50.5715622593,50.7745545686,50.3597441975,50.5539107542,14075325,14075325,0.0,1.0,tiingo_historical_seed,
2022-11-08,IEFA,57.66,58.285,57.52,57.97,50.8892893521,51.440898888,50.765728816,51.1628876819,14115372,14115372,0.0,1.0,tiingo_historical_seed,
2022-11-09,IEFA,57.54,57.93,57.12,57.13,50.7833803212,51.1275846716,50.412698713,50.4215244655,13990548,13990548,0.0,1.0,tiingo_historical_seed,
2022-11-10,IEFA,59.44,60.37,59.155,60.35,52.4602733106,53.2810683001,52.2087393621,53.263416795,21692696,21692696,0.0,1.0,tiingo_historical_seed,
2022-11-11,IEFA,60.95,61.68,60.7,61.57,53.7929619495,54.4372418875,53.5723181351,54.3401586092,10644631,10644631,0.0,1.0,tiingo_historical_seed,
2022-11-14,IEFA,61.06,61.43,60.88,60.88,53.8900452278,54.2165980731,53.7311816815,53.7311816815,12809924,12809924,0.0,1.0,tiingo_historical_seed,
2022-11-15,IEFA,61.83,61.955,60.74,61.29,54.5696281762,54.6799500834,53.6076211454,54.0930375371,23033877,23033877,0.0,1.0,tiingo_historical_seed,
2022-11-16,IEFA,61.36,61.437,60.95,61.12,54.1548178051,54.2227760999,53.7929619495,53.9429997433,19823820,19823820,0.0,1.0,tiingo_historical_seed,
2022-11-17,IEFA,60.37,61.13,60.35,61.09,53.2810683001,53.9518254959,53.263416795,53.9165224856,15791265,15791265,0.0,1.0,tiingo_historical_seed,
2022-11-18,IEFA,61.365,61.375,61.015,61.2,54.1592306814,54.168056434,53.8503293412,54.0136057639,9932345,9932345,0.0,1.0,tiingo_historical_seed,
2022-11-21,IEFA,60.68,60.89,60.5,60.76,53.55466663,53.740007434,53.3958030836,53.6252726506,12089480,12089480,0.0,1.0,tiingo_historical_seed,
2022-11-22,IEFA,61.15,61.63,61.06,61.6,53.969477001,54.3931131247,53.8900452278,54.3666358669,8618471,8618471,0.0,1.0,tiingo_historical_seed,
2022-11-23,IEFA,61.76,62.42,61.7,62.31,54.5078479081,55.0903475781,54.4548933927,54.9932642998,6824833,6824833,0.0,1.0,tiingo_historical_seed,
2022-11-25,IEFA,62.44,62.76,62.38,62.65,55.1079990833,55.3904231657,55.0550445678,55.2933398874,5800165,5800165,0.0,1.0,tiingo_historical_seed,
2022-11-28,IEFA,62.27,62.56,61.75,61.8,54.9579612895,55.2139081142,54.4990221556,54.5431509184,10439893,10439893,0.0,1.0,tiingo_historical_seed,
2022-11-29,IEFA,61.94,62.3,61.81,61.97,54.6667114545,54.9844385472,54.551976671,54.6931887122,7629269,7629269,0.0,1.0,tiingo_historical_seed,
2022-11-30,IEFA,62.41,63.2399,61.8,63.05,55.0815218256,55.8139710318,54.5431509184,55.6463699904,15265897,15265897,0.0,1.0,tiingo_historical_seed,
2022-12-01,IEFA,63.74,63.91,63.3,63.635,56.2553469181,56.4053847119,55.8670138048,56.1626765161,12935161,12935161,0.0,1.0,tiingo_historical_seed,
2022-12-02,IEFA,63.05,63.825,63.05,63.65,55.6463699904,56.330365815,55.6463699904,56.175915145,12893916,12893916,0.0,1.0,tiingo_historical_seed,
2022-12-05,IEFA,63.4,63.5683,62.5833,62.78,55.9552713306,56.1038087464,55.2344721177,55.4080746709,10092960,10092960,0.0,1.0,tiingo_historical_seed,
2022-12-06,IEFA,62.9,62.99,62.195,62.46,55.5139837018,55.593415475,54.8917681452,55.1256505884,9776825,9776825,0.0,1.0,tiingo_historical_seed,
2022-12-07,IEFA,62.5,62.69,62.2,62.45,55.1609535987,55.3286428977,54.8961810215,55.1168248359,11115239,11115239,0.0,1.0,tiingo_historical_seed,
2022-12-08,IEFA,62.41,62.825,62.25,62.78,55.0815218256,55.4477905575,54.9403097844,55.4080746709,15342987,15342987,0.0,1.0,tiingo_historical_seed,
2022-12-09,IEFA,62.94,63.3,62.79,62.85,55.5492867121,55.8670138048,55.4169004234,55.4698549389,16429735,16429735,0.0,1.0,tiingo_historical_seed,
2022-12-12,IEFA,62.82,63.0,62.605,62.96,55.4433776812,55.6022412275,55.2536240008,55.5669382172,10857810,10857810,0.0,1.0,tiingo_historical_seed,
2022-12-13,IEFA,64.41,64.5,63.33,63.58,57.1458129778,57.2256627398,56.1876158342,56.4094207286,15281381,15281381,0.334573,1.0,tiingo_historical_seed,
2022-12-14,IEFA,63.645,64.075,63.075,63.51,56.4670900011,56.8485944194,55.961374842,56.3473153582,12354961,12354961,0.0,1.0,tiingo_historical_seed,
2022-12-15,IEFA,62.78,62.83,61.69,61.91,55.6996450667,55.7440060456,54.7325757274,54.9277640344,10467933,10467933,0.0,1.0,tiingo_historical_seed,
2022-12-16,IEFA,61.39,61.71,61.115,61.42,54.4664098542,54.7503201189,54.2224244704,54.4930264415,9242872,9242872,0.0,1.0,tiingo_historical_seed,
2022-12-19,IEFA,61.62,61.69,61.1,61.26,54.670470357,54.7325757274,54.2091161767,54.3510713091,12262458,12262458,0.0,1.0,tiingo_historical_seed,
2022-12-20,IEFA,61.39,61.765,61.26,61.48,54.4664098542,54.7991171957,54.3510713091,54.5462596161,11067947,11067947,0.0,1.0,tiingo_historical_seed,
2022-12-21,IEFA,61.85,62.28,61.765,62.08,54.8745308598,55.256035278,54.7991171957,55.0785913625,10109849,10109849,0.0,1.0,tiingo_historical_seed,
2022-12-22,IEFA,61.87,61.87,61.08,61.63,54.8922752513,54.8922752513,54.1913717852,54.6793425527,10433015,10433015,0.0,1.0,tiingo_historical_seed,
2022-12-23,IEFA,61.55,61.915,61.38,61.86,54.6083649865,54.9322001323,54.4575376584,54.8834030555,7459207,7459207,0.0,1.0,tiingo_historical_seed,
2022-12-27,IEFA,61.97,62.165,61.77,61.95,54.980997209,55.1540050266,54.8035532936,54.9632528175,8445970,8445970,0.0,1.0,tiingo_historical_seed,
2022-12-28,IEFA,62.1,62.26,61.26,61.28,55.0963357541,55.2382908865,54.3510713091,54.3688157007,9302035,9302035,0.0,1.0,tiingo_historical_seed,
2022-12-29,IEFA,62.01,62.4408,61.95,62.28,55.0164859921,55.3987001861,54.9632528175,55.256035278,8186063,8186063,0.0,1.0,tiingo_historical_seed,
2022-12-30,IEFA,61.96,62.145,61.58,61.64,54.9721250133,55.1362606351,54.6349815739,54.6882147485,20477879,20477879,0.0,1.0,tiingo_historical_seed,
2023-01-03,IEFA,62.44,62.75,61.89,62.17,55.3979904104,55.6730284794,54.9100196428,55.1584411245,12716120,12716120,0.0,1.0,tiingo_historical_seed,
2023-01-04,IEFA,63.01,63.16,62.6,62.97,55.9037055695,56.0367885061,55.5399455428,55.8682167864,11743702,11743702,0.0,1.0,tiingo_historical_seed,
2023-01-05,IEFA,62.33,62.558,62.18,62.31,55.3003962569,55.5026823205,55.1673133203,55.2826518653,8251217,8251217,0.0,1.0,tiingo_historical_seed,
2023-01-06,IEFA,62.71,63.95,62.32,63.91,55.6375396963,56.7376919722,55.2915240611,56.7022031891,8420098,8420098,0.0,1.0,tiingo_historical_seed,
2023-01-09,IEFA,64.43,64.7794,64.16,64.19,57.1635573693,57.4735518897,56.9240080835,56.9506246708,11605301,11605301,0.0,1.0,tiingo_historical_seed,
2023-01-10,IEFA,64.14,64.365,63.94,64.33,56.9062636919,57.1058880968,56.7288197764,57.0748354116,11576425,11576425,0.0,1.0,tiingo_historical_seed,
2023-01-11,IEFA,64.63,64.85,64.46,64.85,57.3410012848,57.5361895918,57.1901739567,57.5361895918,10079473,10079473,0.0,1.0,tiingo_historical_seed,
2023-01-12,IEFA,65.41,65.895,64.7194,65.82,58.0330325552,58.4633340502,57.420318715,58.3967925819,14760423,14760423,0.0,1.0,tiingo_historical_seed,
2023-01-13,IEFA,65.51,66.15,65.47,66.12,58.1217545129,58.6895750424,58.0862657298,58.6629584551,11048048,11048048,0.0,1.0,tiingo_historical_seed,
2023-01-17,IEFA,66.4,66.64,66.18,66.36,58.9113799367,59.1243126353,58.7161916297,58.8758911537,10991425,10991425,0.0,1.0,tiingo_historical_seed,
2023-01-18,IEFA,67.21,67.26,66.11,66.13,59.6300277944,59.6743887733,58.6540862593,58.6718306509,36813493,36813493,0.0,1.0,tiingo_historical_seed,
2023-01-19,IEFA,65.89,66.1366,65.6338,65.99,58.4588979523,58.6776863001,58.2315922966,58.54761991,37402974,37402974,0.0,1.0,tiingo_historical_seed,
2023-01-20,IEFA,65.93,66.61,65.81,66.61,58.4943867354,59.097696048,58.3879203861,59.097696048,21762676,21762676,0.0,1.0,tiingo_historical_seed,
2023-01-23,IEFA,66.33,66.905,66.2719,66.86,58.8492745663,59.3594258233,58.7977271089,59.3195009423,10212193,10212193,0.0,1.0,tiingo_historical_seed,
2023-01-24,IEFA,66.52,66.9399,66.29,66.84,59.017846286,59.3903897866,58.8137857832,59.3017565508,6064138,6064138,0.0,1.0,tiingo_historical_seed,
2023-01-25,IEFA,66.61,67.27,66.52,67.25,59.097696048,59.683260969,59.017846286,59.6655165775,7181386,7181386,0.0,1.0,tiingo_historical_seed,
2023-01-26,IEFA,67.33,67.38,66.7565,67.29,59.7364941437,59.7808551226,59.2276737161,59.7010053606,8742800,8742800,0.0,1.0,tiingo_historical_seed,
2023-01-27,IEFA,66.91,67.3376,66.825,67.17,59.3638619212,59.7432370125,59.2884482571,59.5945390113,7944037,7944037,0.0,1.0,tiingo_historical_seed,
2023-01-30,IEFA,66.94,67.22,66.72,66.72,59.3904785085,59.6388999902,59.1952902015,59.1952902015,7818811,7818811,0.0,1.0,tiingo_historical_seed,
2023-01-31,IEFA,66.58,67.11,66.41,67.07,59.0710794607,59.5413058367,58.9202521325,59.5058170536,13265152,13265152,0.0,1.0,tiingo_historical_seed,
2023-02-01,IEFA,67.08,67.97,66.55,67.7,59.5146892494,60.3043146732,59.0444628733,60.0647653873,11108143,11108143,0.0,1.0,tiingo_historical_seed,
2023-02-02,IEFA,67.98,68.0,67.26,67.7,60.313186869,60.3309312605,59.6743887733,60.0647653873,11042929,11042929,0.0,1.0,tiingo_historical_seed,
2023-02-03,IEFA,67.0,67.535,66.84,66.97,59.4437116832,59.918374157,59.3017565508,59.4170950958,9761110,9761110,0.0,1.0,tiingo_historical_seed,
2023-02-06,IEFA,66.35,66.457,65.95,66.28,58.8670189579,58.9619514527,58.5121311269,58.8049135875,9405516,9405516,0.0,1.0,tiingo_historical_seed,
2023-02-07,IEFA,66.0,66.925,65.8299,66.83,58.5564921058,59.3771702149,58.4055760557,59.292884355,11108094,11108094,0.0,1.0,tiingo_historical_seed,
2023-02-08,IEFA,66.79,66.85,66.32,66.43,59.2573955719,59.3106287466,58.8404023706,58.9379965241,6833739,6833739,0.0,1.0,tiingo_historical_seed,
2023-02-09,IEFA,67.42,67.44,66.42,66.57,59.8163439057,59.8340882972,58.9291243283,59.0622072649,7758928,7758928,0.0,1.0,tiingo_historical_seed,
2023-02-10,IEFA,66.31,66.34,65.94,66.21,58.8315301748,58.8581467621,58.5032589312,58.742808217,6989284,6989284,0.0,1.0,tiingo_historical_seed,
2023-02-13,IEFA,66.31,66.89,66.235,66.87,58.8315301748,59.3461175297,58.7649887065,59.3283731381,6709626,6709626,0.0,1.0,tiingo_historical_seed,
2023-02-14,IEFA,66.57,67.29,66.38,66.99,59.0622072649,59.7010053606,58.8936355452,59.4348394874,10604197,10604197,0.0,1.0,tiingo_historical_seed,
2023-02-15,IEFA,66.19,66.685,66.125,66.67,58.7250638255,59.1642375163,58.667394553,59.1509292226,7048561,7048561,0.0,1.0,tiingo_historical_seed,
2023-02-16,IEFA,66.13,66.77,66.05,66.38,58.6718306509,59.2396511804,58.6008530847,58.8936355452,7312677,7312677,0.0,1.0,tiingo_historical_seed,
2023-02-17,IEFA,66.09,66.605,65.95,66.55,58.6363418678,59.0932599501,58.5121311269,59.0444628733,5899172,5899172,0.0,1.0,tiingo_historical_seed,
2023-02-21,IEFA,66.11,66.29,65.74,65.8,58.6540862593,58.8137857832,58.3258150157,58.3790481903,5371180,5371180,0.0,1.0,tiingo_historical_seed,
2023-02-22,IEFA,65.63,65.769,65.265,65.42,58.2282208622,58.3515443834,57.9043857164,58.0419047509,12670763,12670763,0.0,1.0,tiingo_historical_seed,
2023-02-23,IEFA,65.73,65.845,65.18,65.79,58.3169428199,58.4189730713,57.8289720524,58.3701759946,9133741,9133741,0.0,1.0,tiingo_historical_seed,
2023-02-24,IEFA,64.71,64.9221,64.4435,64.72,57.411978851,57.6001581234,57.1755348336,57.4208510468,9236601,9236601,0.0,1.0,tiingo_historical_seed,
2023-02-27,IEFA,65.43,65.63,65.275,65.51,58.0507769467,58.2282208622,57.9132579122,58.1217545129,8182458,8182458,0.0,1.0,tiingo_historical_seed,
2023-02-28,IEFA,65.35,65.47,65.025,65.03,57.9797993805,58.0862657298,57.6914530179,57.6958891158,8722063,8722063,0.0,1.0,tiingo_historical_seed,
2023-03-01,IEFA,65.54,65.68,65.15,65.41,58.1483711002,58.272581841,57.802355465,58.0330325552,9151709,9151709,0.0,1.0,tiingo_historical_seed,
2023-03-02,IEFA,64.96,65.545,64.92,65.49,57.6337837453,58.1528071981,57.5982949623,58.1040101213,6771237,6771237,0.0,1.0,tiingo_historical_seed,
2023-03-03,IEFA,65.88,66.475,65.675,66.45,58.4500257565,58.977921405,58.2681457432,58.9557409156,8165807,8165807,0.0,1.0,tiingo_historical_seed,
2023-03-06,IEFA,66.31,66.555,66.2106,66.32,58.8315301748,59.0488989712,58.7433405488,58.8404023706,11111902,11111902,0.0,1.0,tiingo_historical_seed,
2023-03-07,IEFA,66.22,66.24,65.085,65.19,58.7516804128,58.7694248044,57.7446861925,57.8378442481,10628104,10628104,0.0,1.0,tiingo_historical_seed,
2023-03-08,IEFA,65.38,65.72,65.215,65.53,58.0064159678,58.3080706241,57.8600247376,58.1394989044,10493847,10493847,0.0,1.0,tiingo_historical_seed,
2023-03-09,IEFA,65.67,65.86,64.94,65.04,58.2637096453,58.432281365,57.6160393538,57.7047613115,10483738,10483738,0.0,1.0,tiingo_historical_seed,
2023-03-10,IEFA,65.04,65.22,64.315,64.36,57.7047613115,57.8644608355,57.0615271179,57.1014519989,16367156,16367156,0.0,1.0,tiingo_historical_seed,
2023-03-13,IEFA,63.64,64.43,63.53,63.89,56.4626539032,57.1635573693,56.3650597497,56.6844587976,20656896,20656896,0.0,1.0,tiingo_historical_seed,
2023-03-14,IEFA,64.515,64.75,64.232,64.74,57.2389710334,57.4474676341,56.987887893,57.4385954383,9863592,9863592,0.0,1.0,tiingo_historical_seed,
2023-03-15,IEFA,62.39,62.85,61.94,62.77,55.3536294315,55.7617504371,54.9543806217,55.6907728709,18201925,18201925,0.0,1.0,tiingo_historical_seed,
2023-03-16,IEFA,62.45,63.6983,62.385,63.66,55.4068626062,56.5143788046,55.3491933336,56.4803982948,14121205,14121205,0.0,1.0,tiingo_historical_seed,
2023-03-17,IEFA,63.16,63.27,62.69,62.92,56.0367885061,56.1343826596,55.6197953047,55.8238558075,10067526,10067526,0.0,1.0,tiingo_historical_seed,
2023-03-20,IEFA,63.59,64.085,63.48,63.92,56.4182929244,56.8574666152,56.3206987709,56.7110753849,9589201,9589201,0.0,1.0,tiingo_historical_seed,
2023-03-21,IEFA,64.76,64.9099,64.465,64.82,57.4563398299,57.5893340445,57.1946100546,57.5095730045,5690494,5690494,0.0,1.0,tiingo_historical_seed,
2023-03-22,IEFA,64.9,65.68,64.53,64.56,57.5805505707,58.272581841,57.2522793271,57.2788959144,8420213,8420213,0.0,1.0,tiingo_historical_seed,
2023-03-23,IEFA,65.15,65.53,64.3099,64.63,57.802355465,58.1394989044,57.0570022981,57.3410012848,12711308,12711308,0.0,1.0,tiingo_historical_seed,
2023-03-24,IEFA,64.12,64.425,63.77,64.36,56.8885193004,57.1591212715,56.5779924483,57.1014519989,8830090,8830090,0.0,1.0,tiingo_historical_seed,
2023-03-27,IEFA,64.81,65.02,64.62,64.95,57.5007008087,57.68701692,57.332129089,57.6249115496,7594943,7594943,0.0,1.0,tiingo_historical_seed,
2023-03-28,IEFA,64.92,65.12,64.81,65.0,57.5982949623,57.7757388777,57.5007008087,57.6692725284,8743796,8743796,0.0,1.0,tiingo_historical_seed,
2023-03-29,IEFA,65.61,65.83,65.49,65.78,58.2104764706,58.4056647776,58.1040101213,58.3613037988,11437941,11437941,0.0,1.0,tiingo_historical_seed,
2023-03-30,IEFA,66.56,66.6367,66.39,66.54,59.0533350691,59.1213848107,58.902507741,59.0355906776,6069164,6069164,0.0,1.0,tiingo_historical_seed,
2023-03-31,IEFA,66.75,67.02,66.69,66.85,59.2219067888,59.4614560747,59.1686736142,59.3106287466,27716538,27716538,0.0,1.0,tiingo_historical_seed,
2023-04-03,IEFA,67.03,67.41,66.93,67.4,59.4703282705,59.8074717099,59.3816063127,59.7985995141,11239108,11239108,0.0,1.0,tiingo_historical_seed,
2023-04-04,IEFA,67.42,67.63,67.21,67.39,59.8163439057,60.0026600169,59.6300277944,59.7897273183,12402631,12402631,0.0,1.0,tiingo_historical_seed,
2023-04-05,IEFA,67.0,67.15,66.635,66.9,59.4437116832,59.5767946198,59.1198765374,59.3549897254,6329360,6329360,0.0,1.0,tiingo_historical_seed,
2023-04-06,IEFA,66.88,67.34,66.7706,67.17,59.3372453339,59.7453663395,59.2401835121,59.5945390113,8182674,8182674,0.0,1.0,tiingo_historical_seed,
2023-04-10,IEFA,66.71,67.15,66.6071,67.12,59.1864180057,59.5767946198,59.0951231112,59.5501780324,5393625,5393625,0.0,1.0,tiingo_historical_seed,
2023-04-11,IEFA,67.3,67.49,67.235,67.35,59.7098775564,59.8784492761,59.6522082838,59.7542385352,6360734,6360734,0.0,1.0,tiingo_historical_seed,
2023-04-12,IEFA,68.0,68.13,67.59,67.8,60.3309312605,60.4462698056,59.9671712338,60.1534873451,12534767,12534767,0.0,1.0,tiingo_historical_seed,
2023-04-13,IEFA,68.38,68.74,68.3,68.71,60.6680746999,60.9874737478,60.5970971337,60.9608571604,6546845,6546845,0.0,1.0,tiingo_historical_seed,
2023-04-14,IEFA,68.67,68.85,68.14,68.4,60.9253683774,61.0850679013,60.4551420014,60.6858190915,7248960,7248960,0.0,1.0,tiingo_historical_seed,
2023-04-17,IEFA,68.25,68.33,67.965,68.33,60.5527361549,60.6237137211,60.2998785753,60.6237137211,7204568,7204568,0.0,1.0,tiingo_historical_seed,
2023-04-18,IEFA,68.64,68.72,68.4741,68.65,60.89875179,60.9697293562,60.7515620621,60.9076239858,5749336,5749336,0.0,1.0,tiingo_historical_seed,
2023-04-19,IEFA,68.275,68.49,68.27,68.4,60.5749166443,60.7656688534,60.5704805464,60.6858190915,6058805,6058805,0.0,1.0,tiingo_historical_seed,
2023-04-20,IEFA,68.29,68.59,68.2401,68.46,60.588224938,60.8543908112,60.543952681,60.7390522661,10771348,10771348,0.0,1.0,tiingo_historical_seed,
2023-04-21,IEFA,68.52,68.8,68.2,68.75,60.7922854407,61.0407069224,60.508375176,60.9963459435,6684393,6684393,0.0,1.0,tiingo_historical_seed,
2023-04-24,IEFA,68.77,68.9576,68.74,68.95,61.0140903351,61.1805327278,60.9874737478,61.173789859,5846090,5846090,0.0,1.0,tiingo_historical_seed,
2023-04-25,IEFA,68.61,68.635,67.95,67.95,60.8721352027,60.8943156921,60.2865702817,60.2865702817,6755136,6755136,0.0,1.0,tiingo_historical_seed,
2023-04-26,IEFA,68.34,68.39,67.8401,67.95,60.6325859168,60.6769468957,60.1890648501,60.2865702817,7038430,7038430,0.0,1.0,tiingo_historical_seed,
2023-04-27,IEFA,68.32,68.81,68.16,68.8,60.6148415253,61.0495791182,60.4728863929,61.0407069224,5619513,5619513,0.0,1.0,tiingo_historical_seed,
2023-04-28,IEFA,68.3,68.8,68.23,68.77,60.5970971337,61.0407069224,60.5349917633,61.0140903351,8629980,8629980,0.0,1.0,tiingo_historical_seed,
2023-05-01,IEFA,68.85,69.02,68.655,68.7,61.0850679013,61.2358952294,60.9120600837,60.9519849647,14845199,14845199,0.0,1.0,tiingo_historical_seed,
2023-05-02,IEFA,68.04,68.08,67.59,68.0,60.3664200436,60.4019088267,59.9671712338,60.3309312605,7458372,7458372,0.0,1.0,tiingo_historical_seed,
2023-05-03,IEFA,68.27,68.72,68.18,68.19,60.5704805464,60.9697293562,60.4906307844,60.4995029802,7915468,7915468,0.0,1.0,tiingo_historical_seed,
2023-05-04,IEFA,68.0,68.31,67.84,68.07,60.3309312605,60.6059693295,60.1889761281,60.3930366309,8928405,8928405,0.0,1.0,tiingo_historical_seed,
2023-05-05,IEFA,68.42,69.17,68.36,69.05,60.703563483,61.368978166,60.6503303084,61.2625118168,5099768,5099768,0.0,1.0,tiingo_historical_seed,
2023-05-08,IEFA,69.2,69.225,68.98,69.1,61.3955947534,61.4177752428,61.2004064463,61.3068727956,5240264,5240264,0.0,1.0,tiingo_historical_seed,
2023-05-09,IEFA,68.54,68.92,68.495,68.8,60.8100298323,61.1471732717,60.7701049513,61.0407069224,10600495,10600495,0.0,1.0,tiingo_historical_seed,
2023-05-10,IEFA,68.93,68.93,68.275,68.69,61.1560454675,61.1560454675,60.5749166443,60.9431127689,6006576,6006576,0.0,1.0,tiingo_historical_seed,
2023-05-11,IEFA,68.33,68.51,68.0312,68.49,60.6237137211,60.783413245,60.3586125113,60.7656688534,9221868,9221868,0.0,1.0,tiingo_historical_seed,
2023-05-12,IEFA,68.65,68.665,68.1501,68.37,60.9076239858,60.9209322795,60.4641029191,60.6592025041,7276015,7276015,0.0,1.0,tiingo_historical_seed,
2023-05-15,IEFA,68.64,68.95,68.54,68.91,60.89875179,61.173789859,60.8100298323,61.1383010759,7621457,7621457,0.0,1.0,tiingo_historical_seed,
2023-05-16,IEFA,68.59,68.7,68.24,68.27,60.8543908112,60.9519849647,60.5438639591,60.5704805464,6448844,6448844,0.0,1.0,tiingo_historical_seed,
2023-05-17,IEFA,68.36,68.62,68.085,68.54,60.6503303084,60.8810073985,60.4063449246,60.8100298323,12400576,12400576,0.0,1.0,tiingo_historical_seed,
2023-05-18,IEFA,68.39,68.44,68.05,68.41,60.6769468957,60.7213078746,60.3752922394,60.6946912872,5171458,5171458,0.0,1.0,tiingo_historical_seed,
2023-05-19,IEFA,68.69,68.965,68.63,68.81,60.9431127689,61.1870981527,60.8898795943,61.0495791182,6393837,6393837,0.0,1.0,tiingo_historical_seed,
2023-05-22,IEFA,68.73,68.9479,68.685,68.82,60.978601552,61.1719266979,60.938676671,61.058451314,5902690,5902690,0.0,1.0,tiingo_historical_seed,
2023-05-23,IEFA,68.25,68.33,67.8139,67.83,60.5527361549,60.6237137211,60.1658196972,60.1801039324,6409665,6409665,0.0,1.0,tiingo_historical_seed,
2023-05-24,IEFA,67.19,67.19,66.79,66.83,59.6122834029,59.6122834029,59.2573955719,59.292884355,8275625,8275625,0.0,1.0,tiingo_historical_seed,
2023-05-25,IEFA,66.8,66.845,66.455,66.73,59.2662677677,59.3061926487,58.9601770135,59.2041623973,9634380,9634380,0.0,1.0,tiingo_historical_seed,
2023-05-26,IEFA,67.01,67.41,66.98,67.34,59.4525838789,59.8074717099,59.4259672916,59.7453663395,5989651,5989651,0.0,1.0,tiingo_historical_seed,
2023-05-30,IEFA,67.16,67.18,66.5101,66.69,59.5856668155,59.6034112071,59.0090628122,59.1686736142,8319382,8319382,0.0,1.0,tiingo_historical_seed,
2023-05-31,IEFA,66.07,66.1599,65.54,66.03,58.6185974762,58.6983585162,58.1483711002,58.5831086931,11965887,11965887,0.0,1.0,tiingo_historical_seed,
2023-06-01,IEFA,66.43,67.08,66.3497,67.0,58.9379965241,59.5146892494,58.866752792,59.4437116832,10515841,10515841,0.0,1.0,tiingo_historical_seed,
2023-06-02,IEFA,67.89,68.02,67.73,67.88,60.233337107,60.3486756521,60.0913819746,60.2244649112,15319618,15319618,0.0,1.0,tiingo_historical_seed,
2023-06-05,IEFA,67.81,67.85,67.45,67.48,60.1623595408,60.1978483239,59.842960493,59.8695770803,14396862,14396862,0.0,1.0,tiingo_historical_seed,
2023-06-06,IEFA,67.62,68.08,67.5801,68.06,59.9937878211,60.4019088267,59.95838776,60.3841644352,9380188,9380188,0.0,1.0,tiingo_historical_seed,
2023-06-07,IEFA,66.56,66.7499,66.1,66.12,60.2000727772,60.371827492,59.7840266011,59.8021155653,12369275,12369275,1.283963,1.0,tiingo_historical_seed,
2023-06-08,IEFA,66.45,66.85,66.345,66.81,60.1005834742,60.4623627577,60.0056164123,60.4261848294,8773068,8773068,0.0,1.0,tiingo_historical_seed,
2023-06-09,IEFA,66.83,66.91,66.665,66.77,60.4442737935,60.5166296502,60.2950398391,60.390006901,9231502,9231502,0.0,1.0,tiingo_historical_seed,
2023-06-12,IEFA,67.01,67.13,66.86,67.11,60.6070744711,60.7156082562,60.4714072398,60.697519292,5749521,5749521,0.0,1.0,tiingo_historical_seed,
2023-06-13,IEFA,67.72,67.88,67.595,67.72,61.2492326994,61.3939444128,61.1361766733,61.2492326994,6675120,6675120,0.0,1.0,tiingo_historical_seed,
2023-06-14,IEFA,68.17,68.335,67.58,67.95,61.6562343933,61.8054683478,61.1226099501,61.4572557874,7766361,7766361,0.0,1.0,tiingo_historical_seed,
2023-06-15,IEFA,67.94,68.6866,67.88,68.61,61.4482113053,62.123472338,61.3939444128,62.0541916052,6048853,6048853,0.0,1.0,tiingo_historical_seed,
2023-06-16,IEFA,68.96,68.96,68.47,68.48,62.3707484783,62.3707484783,61.927568856,61.936613338,7516514,7516514,0.0,1.0,tiingo_historical_seed,
2023-06-20,IEFA,67.71,67.83,67.425,67.57,61.2401882173,61.3487220023,60.9824204778,61.113565468,5909385,5909385,0.0,1.0,tiingo_historical_seed,
2023-06-21,IEFA,67.48,67.91,67.37,67.67,61.0321651292,61.421077859,60.9326758263,61.2040102889,8146549,8146549,0.0,1.0,tiingo_historical_seed,
2023-06-22,IEFA,67.18,67.34,67.1066,67.26,60.7608306666,60.90554238,60.6944441681,60.8331865233,4643446,4643446,0.0,1.0,tiingo_historical_seed,
2023-06-23,IEFA,66.09,66.33,66.03,66.16,59.774982119,59.9920496891,59.7207152265,59.8382934936,6376230,6376230,0.0,1.0,tiingo_historical_seed,
2023-06-26,IEFA,66.18,66.345,66.13,66.2,59.8563824578,60.0056164123,59.8111600474,59.874471422,6859109,6859109,0.0,1.0,tiingo_historical_seed,
2023-06-27,IEFA,66.38,66.81,66.195,66.75,60.0372720996,60.4261848294,59.869949181,60.3719179368,6143541,6143541,0.0,1.0,tiingo_historical_seed,
2023-06-28,IEFA,66.79,66.9781,66.65,66.84,60.4080958652,60.5782225733,60.281473116,60.4533182756,7018675,7018675,0.0,1.0,tiingo_historical_seed,
2023-06-29,IEFA,66.53,66.75,66.48,66.73,60.1729393309,60.3719179368,60.1277169205,60.3538289727,5280025,5280025,0.0,1.0,tiingo_historical_seed,
2023-06-30,IEFA,67.39,67.6,67.2899,67.5,60.9507647905,61.1406989143,60.8602295248,61.0502540934,10413392,10413392,0.0,1.0,tiingo_historical_seed,
2023-07-03,IEFA,67.51,67.645,67.41,67.54,61.0592985755,61.1813990837,60.9688537546,61.0864320218,5012095,5012095,0.0,1.0,tiingo_historical_seed,
2023-07-05,IEFA,67.07,67.085,66.71,66.78,60.6613413636,60.6749080868,60.3357400085,60.3990513831,7849666,7849666,0.0,1.0,tiingo_historical_seed,
2023-07-06,IEFA,65.78,65.81,65.2544,65.64,59.4946031743,59.5217366206,59.0192251958,59.3679804251,7018012,7018012,0.0,1.0,tiingo_historical_seed,
2023-07-07,IEFA,65.79,66.51,65.7311,66.23,59.5036476564,60.1548503667,59.4503756569,59.9016048683,6318854,6318854,0.0,1.0,tiingo_historical_seed,
2023-07-10,IEFA,66.1,66.45,66.075,66.42,59.7840266011,60.1005834742,59.7614153959,60.0734500279,5733284,5733284,0.0,1.0,tiingo_historical_seed,
2023-07-11,IEFA,66.72,67.06,66.56,67.05,60.3447844906,60.6522968816,60.2000727772,60.6432523995,5290110,5290110,0.0,1.0,tiingo_historical_seed,
2023-07-12,IEFA,67.94,68.415,67.85,68.33,61.4482113053,61.8778242045,61.3668109665,61.8009461067,6972191,6972191,0.0,1.0,tiingo_historical_seed,
2023-07-13,IEFA,69.22,69.5,69.16,69.4,62.6059050125,62.859150511,62.55163812,62.7687056901,5639497,5639497,0.0,1.0,tiingo_historical_seed,
2023-07-14,IEFA,69.35,69.38,68.97,68.99,62.7234832797,62.750616726,62.3797929603,62.3978819245,4494878,4494878,0.0,1.0,tiingo_historical_seed,
2023-07-17,IEFA,68.69,69.0099,68.564,68.93,62.1265474619,62.4158804439,62.0125869876,62.343615032,5707822,5707822,0.0,1.0,tiingo_historical_seed,
2023-07-18,IEFA,69.08,69.47,69.005,69.37,62.4792822633,62.8320170647,62.4114486477,62.7415722439,8135634,8135634,0.0,1.0,tiingo_historical_seed,
2023-07-19,IEFA,69.48,69.5999,69.215,69.41,62.8410615468,62.9495048871,62.6013827715,62.7777501722,11705726,11705726,0.0,1.0,tiingo_historical_seed,
2023-07-20,IEFA,69.23,69.395,68.9,69.02,62.6149494946,62.7641834491,62.3164815857,62.4250153708,10000281,10000281,0.0,1.0,tiingo_historical_seed,
2023-07-21,IEFA,69.13,69.19,68.925,69.11,62.5245046738,62.5787715663,62.339092791,62.5064157096,6923149,6923149,0.0,1.0,tiingo_historical_seed,
2023-07-24,IEFA,68.83,69.08,68.778,68.93,62.2531702111,62.4792822633,62.2061389043,62.343615032,5316121,5316121,0.0,1.0,tiingo_historical_seed,
2023-07-25,IEFA,68.825,69.2,68.82,69.08,62.2486479701,62.5878160484,62.244125729,62.4792822633,5358216,5358216,0.0,1.0,tiingo_historical_seed,
2023-07-26,IEFA,68.76,69.4899,68.74,69.28,62.1898588365,62.8500155841,62.1717698723,62.6601719051,8272814,8272814,0.0,1.0,tiingo_historical_seed,
2023-07-27,IEFA,69.83,69.83,69.0327,69.12,63.1576184199,63.1576184199,62.436501863,62.5154601917,6053199,6053199,0.0,1.0,tiingo_historical_seed,
2023-07-28,IEFA,69.61,69.85,69.445,69.58,62.958639814,63.1757073841,62.8094058595,62.9315063677,4736315,4736315,0.0,1.0,tiingo_historical_seed,
2023-07-31,IEFA,69.63,69.82,69.52,69.55,62.9767287781,63.1485739378,62.8772394752,62.9043729214,8336156,8336156,0.0,1.0,tiingo_historical_seed,
2023-08-01,IEFA,68.93,69.105,68.585,68.76,62.343615032,62.5018934685,62.0315804,62.1898588365,6499913,6499913,0.0,1.0,tiingo_historical_seed,
2023-08-02,IEFA,67.92,68.0,67.4,67.5,61.4301223411,61.5024781978,60.9598092725,61.0502540934,6202332,6202332,0.0,1.0,tiingo_historical_seed,
2023-08-03,IEFA,66.95,67.475,66.91,67.3,60.5528075786,61.0276428882,60.5166296502,60.8693644517,7486736,7486736,0.0,1.0,tiingo_historical_seed,
2023-08-04,IEFA,67.68,68.21,67.45,67.52,61.213054771,61.6924123217,61.005031683,61.0683430576,6201681,6201681,0.0,1.0,tiingo_historical_seed,
2023-08-07,IEFA,67.96,68.1,67.65,68.08,61.4663002695,61.5929230187,61.1859213247,61.5748340545,4923858,4923858,0.0,1.0,tiingo_historical_seed,
2023-08-08,IEFA,67.33,67.675,67.135,67.64,60.8964978979,61.20853253,60.7201304972,61.1768768427,5898766,5898766,0.0,1.0,tiingo_historical_seed,
2023-08-09,IEFA,67.76,67.9,67.515,67.65,61.2854106277,61.4120333769,61.0638208166,61.1859213247,6147809,6147809,0.0,1.0,tiingo_historical_seed,
2023-08-10,IEFA,68.35,68.725,67.8205,67.88,61.8190350709,62.1582031492,61.3401297443,61.3939444128,7710526,7710526,0.0,1.0,tiingo_historical_seed,
2023-08-11,IEFA,67.45,67.68,67.3,67.42,61.005031683,61.213054771,60.8693644517,60.9778982367,6621458,6621458,0.0,1.0,tiingo_historical_seed,
2023-08-14,IEFA,66.79,67.218,66.5975,67.16,60.4080958652,60.7951996985,60.233989585,60.7427417024,6810327,6810327,0.0,1.0,tiingo_historical_seed,
2023-08-15,IEFA,66.78,66.8,66.21,66.31,60.3990513831,60.4171403473,59.8835159041,59.973960725,6382277,6382277,0.0,1.0,tiingo_historical_seed,
2023-08-16,IEFA,66.13,66.385,65.785,65.81,59.8111600474,60.0417943406,59.4991254153,59.5217366206,6621256,6621256,0.0,1.0,tiingo_historical_seed,
2023-08-17,IEFA,66.01,66.07,65.2418,65.35,59.7026262623,59.7568931549,59.0078291483,59.1056904445,8119617,8119617,0.0,1.0,tiingo_historical_seed,
2023-08-18,IEFA,64.85,65.415,64.82,65.3,58.6534663401,59.1644795781,58.6263328939,59.0604680341,6452362,6452362,0.0,1.0,tiingo_historical_seed,
2023-08-21,IEFA,65.47,65.6,65.155,65.53,59.2142242296,59.3318024967,58.9293230438,59.2684911221,7550442,7550442,0.0,1.0,tiingo_historical_seed,
2023-08-22,IEFA,65.84,65.855,65.3701,65.43,59.5488700668,59.56243679,59.1238698535,59.1780463012,7249121,7249121,0.0,1.0,tiingo_historical_seed,
2023-08-23,IEFA,65.71,66.25,65.675,66.12,59.4312917997,59.9196938324,59.3996361124,59.8021155653,6579443,6579443,0.0,1.0,tiingo_historical_seed,
2023-08-24,IEFA,65.8,66.0,65.19,65.22,59.5126921385,59.6935817802,58.9609787311,58.9881121774,6603234,6603234,0.0,1.0,tiingo_historical_seed,
2023-08-25,IEFA,65.64,65.9,65.08,65.66,59.3679804251,59.6031369594,58.8614894281,59.3860693892,7006981,7006981,0.0,1.0,tiingo_historical_seed,
2023-08-28,IEFA,66.125,66.375,66.05,66.34,59.8066378063,60.0327498585,59.7388041907,60.0010941712,6093918,6093918,0.0,1.0,tiingo_historical_seed,
2023-08-29,IEFA,66.21,67.206,66.1319,67.17,59.8835159041,60.78434632,59.812878499,60.7517861845,7040864,7040864,0.0,1.0,tiingo_historical_seed,
2023-08-30,IEFA,67.23,67.44,67.0201,67.15,60.806053077,60.9959872009,60.616209398,60.7336972203,8687779,8687779,0.0,1.0,tiingo_historical_seed,
2023-08-31,IEFA,67.18,67.2199,66.705,66.91,60.7608306666,60.7969181501,60.3312177674,60.5166296502,8170100,8170100,0.0,1.0,tiingo_historical_seed,
2023-09-01,IEFA,67.49,67.535,66.68,66.9,61.0412096113,61.0819097807,60.3086065622,60.5075851681,6163279,6163279,0.0,1.0,tiingo_historical_seed,
2023-09-05,IEFA,66.73,66.75,66.3,66.31,60.3538289727,60.3719179368,59.9649162429,59.973960725,5345129,5345129,0.0,1.0,tiingo_historical_seed,
2023-09-06,IEFA,66.29,66.4205,65.91,66.15,59.9558717608,60.073902252,59.6121814414,59.8292490116,5951919,5951919,0.0,1.0,tiingo_historical_seed,
2023-09-07,IEFA,65.93,66.0708,65.71,65.92,59.6302704056,59.7576167134,59.4312917997,59.6212259235,6286214,6286214,0.0,1.0,tiingo_historical_seed,
2023-09-08,IEFA,65.84,66.03,65.725,65.81,59.5488700668,59.7207152265,59.4448585228,59.5217366206,5892186,5892186,0.0,1.0,tiingo_historical_seed,
2023-09-11,IEFA,66.37,66.555,66.19,66.51,60.0282276175,60.1955505361,59.8654269399,60.1548503667,5220882,5220882,0.0,1.0,tiingo_historical_seed,
2023-09-12,IEFA,66.15,66.445,66.115,66.22,59.8292490116,60.0960612331,59.7975933242,59.8925603862,4327807,4327807,0.0,1.0,tiingo_historical_seed,
2023-09-13,IEFA,66.09,66.24,65.8601,65.99,59.774982119,59.9106493503,59.5670494758,59.6845372981,5156698,5156698,0.0,1.0,tiingo_historical_seed,
2023-09-14,IEFA,66.52,66.8999,66.47,66.86,60.1638948488,60.5074947233,60.1186724384,60.4714072398,8203348,8203348,0.0,1.0,tiingo_historical_seed,
2023-09-15,IEFA,66.96,67.16,66.6201,66.67,60.5618520607,60.7427417024,60.2544301145,60.2995620801,8100472,8100472,0.0,1.0,tiingo_historical_seed,
2023-09-18,IEFA,66.38,66.48,66.135,66.39,60.0372720996,60.1277169205,59.8156822884,60.0463165817,6216057,6216057,0.0,1.0,tiingo_historical_seed,
2023-09-19,IEFA,66.525,66.64,66.3001,66.48,60.1684170899,60.2724286339,59.9650066877,60.1277169205,5963314,5963314,0.0,1.0,tiingo_historical_seed,
2023-09-20,IEFA,66.77,67.1076,66.285,66.3,60.390006901,60.6953486163,59.9513495197,59.9649162429,8737926,8737926,0.0,1.0,tiingo_historical_seed,
2023-09-21,IEFA,65.71,65.8382,65.23,65.27,59.4312917997,59.5472420601,58.9971566595,59.0333345878,7623737,7623737,0.0,1.0,tiingo_historical_seed,
2023-09-22,IEFA,65.6,65.825,65.24,65.3,59.3318024967,59.5353033437,59.0062011416,59.0604680341,8349840,8349840,0.0,1.0,tiingo_historical_seed,
2023-09-25,IEFA,64.78,65.065,64.62,65.01,58.5901549655,58.847922705,58.4454432521,58.7981780535,8048353,8048353,0.0,1.0,tiingo_historical_seed,
2023-09-26,IEFA,64.52,64.695,64.11,64.15,58.3549984312,58.5132768678,57.9841746656,58.020352594,12393378,12393378,0.0,1.0,tiingo_historical_seed,
2023-09-27,IEFA,64.41,64.435,63.62,64.04,58.2555091283,58.2781203335,57.5409950433,57.920863291,9908862,9908862,0.0,1.0,tiingo_historical_seed,
2023-09-28,IEFA,64.11,64.73,64.01,64.56,57.9841746656,58.5449325551,57.8937298447,58.3911763596,10981152,10981152,0.0,1.0,tiingo_historical_seed,
2023-09-29,IEFA,65.14,65.14,64.2205,64.35,58.9157563207,58.9157563207,58.0841161927,58.2012422357,13543802,13543802,0.0,1.0,tiingo_historical_seed,
2023-10-02,IEFA,63.97,64.0,63.225,63.4,57.8575519164,57.8846853627,57.1837380008,57.3420164374,13100559,13100559,0.0,1.0,tiingo_historical_seed,
2023-10-03,IEFA,62.81,62.99,62.38,62.59,56.8083919942,56.9711926718,56.4194792644,56.6094133883,17348972,17348972,0.0,1.0,tiingo_historical_seed,
2023-10-04,IEFA,62.72,62.74,62.1401,62.66,56.7269916554,56.7450806196,56.2025021391,56.6727247629,10097253,10097253,0.0,1.0,tiingo_historical_seed,
2023-10-05,IEFA,63.07,63.335,62.8499,63.27,57.0435485285,57.2832273038,56.8444794777,57.2244381702,8555178,8555178,0.0,1.0,tiingo_historical_seed,
2023-10-06,IEFA,63.12,64.0794,62.7485,63.95,57.0887709389,57.9564985504,56.7527684294,57.8394629522,9736075,9736075,0.0,1.0,tiingo_historical_seed,
2023-10-09,IEFA,63.33,63.875,63.25,63.78,57.2787050628,57.7716293366,57.2063492061,57.6857067567,6813794,6813794,0.0,1.0,tiingo_historical_seed,
2023-10-10,IEFA,64.51,64.95,64.45,64.71,58.3459539491,58.743911161,58.2916870566,58.5268435909,8306166,8306166,0.0,1.0,tiingo_historical_seed,
2023-10-11,IEFA,65.04,65.13,64.5642,64.92,58.8253114998,58.9067118386,58.3949750421,58.7167777147,7905332,7905332,0.0,1.0,tiingo_historical_seed,
2023-10-12,IEFA,64.98,65.01,64.1299,64.36,58.7710446073,58.7981780535,58.002173185,58.2102867178,6893023,6893023,0.0,1.0,tiingo_historical_seed,
2023-10-13,IEFA,64.13,64.29,63.575,63.73,58.0022636298,58.1469753432,57.5002948739,57.6404843463,6724608,6724608,0.0,1.0,tiingo_historical_seed,
2023-10-16,IEFA,63.84,64.24,63.74,64.2,57.7399736492,58.1017529328,57.6495288284,58.0655750044,7028551,7028551,0.0,1.0,tiingo_historical_seed,
2023-10-17,IEFA,63.64,64.4909,63.62,64.23,57.5590840075,58.3286789883,57.5409950433,58.0927084507,8876541,8876541,0.0,1.0,tiingo_historical_seed,
2023-10-18,IEFA,63.65,63.7169,63.01,63.1,57.5681284896,57.6286360747,56.9892816359,57.0706819747,9786249,9786249,0.0,1.0,tiingo_historical_seed,
2023-10-19,IEFA,62.92,63.235,62.445,62.58,56.9078812972,57.1927824829,56.478268398,56.6003689062,11134526,11134526,0.0,1.0,tiingo_historical_seed,
2023-10-20,IEFA,62.34,62.4697,61.975,61.99,56.3833013361,56.5006082687,56.0531777399,56.066744463,13703557,13703557,0.0,1.0,tiingo_historical_seed,
2023-10-23,IEFA,61.75,62.4197,61.51,62.02,55.8496768929,56.4553858583,55.6326093228,56.0938779092,9942662,9942662,0.0,1.0,tiingo_historical_seed,
2023-10-24,IEFA,62.16,62.43,62.0602,62.4,56.2205006585,56.4647016749,56.1302367272,56.4375682286,8420368,8420368,0.0,1.0,tiingo_historical_seed,
2023-10-25,IEFA,62.16,62.375,61.8001,61.85,56.2205006585,56.4149570234,55.8949897481,55.9401217138,13211392,13211392,0.0,1.0,tiingo_historical_seed,
2023-10-26,IEFA,61.72,61.86,61.24,61.47,55.8225434466,55.9491661958,55.3884083064,55.5964313944,14513779,14513779,0.0,1.0,tiingo_historical_seed,
2023-10-27,IEFA,61.9,61.95,61.15,61.3,55.9853441242,56.0305665346,55.3070079676,55.4426751989,11698377,11698377,0.0,1.0,tiingo_historical_seed,
2023-10-30,IEFA,61.97,62.14,61.715,62.11,56.0486554988,56.2024116943,55.8180212056,56.175278248,12261856,12261856,0.0,1.0,tiingo_historical_seed,
2023-10-31,IEFA,62.215,62.42,62.02,62.36,56.27024531,56.4556571928,56.0938779092,56.4013903002,10009062,10009062,0.0,1.0,tiingo_historical_seed,
2023-11-01,IEFA,62.5,62.97,62.325,62.94,56.5280130495,56.9531037076,56.3697346129,56.9259702613,12395676,12395676,0.0,1.0,tiingo_historical_seed,
2023-11-02,IEFA,64.05,64.255,63.85,64.24,57.9299077731,58.1153196559,57.7490181313,58.1017529328,11479698,11479698,0.0,1.0,tiingo_historical_seed,
2023-11-03,IEFA,64.9,65.2,64.78,65.0,58.6986887506,58.9700232132,58.5901549655,58.7891335714,10378239,10378239,0.0,1.0,tiingo_historical_seed,
2023-11-06,IEFA,64.91,64.965,64.5015,64.66,58.7077332327,58.7574778841,58.3382661394,58.4816211805,6465371,6465371,0.0,1.0,tiingo_historical_seed,
2023-11-07,IEFA,64.15,64.36,64.0121,64.23,58.020352594,58.2102867178,57.895629186,58.0927084507,7374695,7374695,0.0,1.0,tiingo_historical_seed,
2023-11-08,IEFA,64.22,64.41,63.9479,64.12,58.0836639686,58.2555091283,57.837563611,57.9932191477,7609054,7609054,0.0,1.0,tiingo_historical_seed,
2023-11-09,IEFA,64.74,64.88,64.11,64.12,58.5539770372,58.6805997864,57.9841746656,57.9932191477,9373595,9373595,0.0,1.0,tiingo_historical_seed,
2023-11-10,IEFA,64.13,64.475,63.655,64.44,58.0022636298,58.3142982618,57.5726507306,58.2826425745,6479506,6479506,0.0,1.0,tiingo_historical_seed,
2023-11-13,IEFA,64.18,64.675,64.07,64.6,58.0474860402,58.4951879036,57.9479967373,58.4273542879,6254809,6254809,0.0,1.0,tiingo_historical_seed,
2023-11-14,IEFA,65.73,66.39,65.725,66.3,59.4493807639,60.0463165817,59.4448585228,59.9649162429,12201982,12201982,0.0,1.0,tiingo_historical_seed,
2023-11-15,IEFA,66.34,66.5372,66.17,66.24,60.0010941712,60.179451358,59.8473379757,59.9106493503,8244073,8244073,0.0,1.0,tiingo_historical_seed,
2023-11-16,IEFA,66.06,66.33,65.875,66.07,59.7478486728,59.9920496891,59.5805257541,59.7568931549,6095244,6095244,0.0,1.0,tiingo_historical_seed,
2023-11-17,IEFA,66.72,67.01,66.605,66.99,60.3447844906,60.6070744711,60.2407729466,60.5889855069,5444172,5444172,0.0,1.0,tiingo_historical_seed,
2023-11-20,IEFA,66.915,67.33,66.91,67.25,60.5211518913,60.8964978979,60.5166296502,60.8241420412,5844826,5844826,0.0,1.0,tiingo_historical_seed,
2023-11-21,IEFA,67.22,67.275,66.8814,66.99,60.797008595,60.8467532464,60.4907624315,60.5889855069,5995870,5995870,0.0,1.0,tiingo_historical_seed,
2023-11-22,IEFA,67.08,67.16,66.7743,67.14,60.6703858457,60.7427417024,60.3938960283,60.7246527383,6628955,6628955,0.0,1.0,tiingo_historical_seed,
2023-11-24,IEFA,67.35,67.68,67.34,67.67,60.9145868621,61.213054771,60.90554238,61.2040102889,4195015,4195015,0.0,1.0,tiingo_historical_seed,
2023-11-27,IEFA,67.48,67.54,67.295,67.44,61.0321651292,61.0864320218,60.8648422106,60.9959872009,7275068,7275068,0.0,1.0,tiingo_historical_seed,
2023-11-28,IEFA,67.31,67.6999,67.19,67.48,60.8784089338,61.2310532904,60.7698751487,61.0321651292,5623545,5623545,0.0,1.0,tiingo_historical_seed,
2023-11-29,IEFA,67.68,67.9099,67.475,67.64,61.213054771,61.4209874142,61.0276428882,61.1768768427,7057647,7057647,0.0,1.0,tiingo_historical_seed,
2023-11-30,IEFA,67.59,67.72,67.31,67.55,61.1316544322,61.2492326994,60.8784089338,61.0954765039,10333144,10333144,0.0,1.0,tiingo_historical_seed,
2023-12-01,IEFA,67.5,68.32,67.46,68.26,61.0502540934,61.7919016246,61.0140761651,61.7376347321,11389384,11389384,0.0,1.0,tiingo_historical_seed,
2023-12-04,IEFA,67.59,67.88,67.47,67.71,61.1316544322,61.3939444128,61.0231206472,61.2401882173,9911475,9911475,0.0,1.0,tiingo_historical_seed,
2023-12-05,IEFA,67.53,67.73,67.37,67.51,61.0773875397,61.2582771814,60.9326758263,61.0592985755,7593801,7593801,0.0,1.0,tiingo_historical_seed,
2023-12-06,IEFA,68.17,68.31,67.7,67.72,61.6562343933,61.7828571425,61.2311437352,61.2492326994,8276107,8276107,0.0,1.0,tiingo_historical_seed,
2023-12-07,IEFA,67.85,68.26,67.585,68.05,61.3668109665,61.7376347321,61.1271321912,61.5477006083,9721542,9721542,0.0,1.0,tiingo_historical_seed,
2023-12-08,IEFA,67.86,68.3275,67.845,68.25,61.3758554486,61.7986849862,61.3622887255,61.72859025,8136780,8136780,0.0,1.0,tiingo_historical_seed,
2023-12-11,IEFA,68.15,68.42,68.085,68.35,61.6381454291,61.8823464455,61.5793562956,61.8190350709,7026268,7026268,0.0,1.0,tiingo_historical_seed,
2023-12-12,IEFA,68.26,68.455,68.02,68.44,61.7376347321,61.9140021328,61.520567162,61.9004354097,6907587,6907587,0.0,1.0,tiingo_historical_seed,
2023-12-13,IEFA,68.52,69.54,68.19,69.48,61.9727912664,62.8953284394,61.6743233575,62.8410615468,7296318,7296318,0.0,1.0,tiingo_historical_seed,
2023-12-14,IEFA,69.93,70.35,69.78,70.08,63.2480632408,63.6279314885,63.1123960095,63.3837304721,11589693,11589693,0.0,1.0,tiingo_historical_seed,
2023-12-15,IEFA,69.76,69.89,69.38,69.39,63.0943070453,63.2118853124,62.750616726,62.759661208,8283318,8283318,0.0,1.0,tiingo_historical_seed,
2023-12-18,IEFA,69.69,69.745,69.39,69.57,63.0309956707,63.0807403222,62.759661208,62.9224618856,7719529,7719529,0.0,1.0,tiingo_historical_seed,
2023-12-19,IEFA,69.98,70.24,69.98,70.19,63.2932856512,63.5284421855,63.2932856512,63.4832197751,7043933,7043933,0.0,1.0,tiingo_historical_seed,
2023-12-20,IEFA,69.26,69.435,68.5,68.54,63.5266130975,63.6871264861,62.8295263814,62.866215156,10995148,10995148,0.967811,1.0,tiingo_historical_seed,
2023-12-21,IEFA,69.29,69.73,69.145,69.73,63.5541296784,63.9577061982,63.4211328707,63.9577061982,9082166,9082166,0.0,1.0,tiingo_historical_seed,
2023-12-22,IEFA,69.87,69.975,69.575,69.8,64.0861169091,64.1824249422,63.8155371969,64.0219115536,7607188,7607188,0.0,1.0,tiingo_historical_seed,
2023-12-26,IEFA,69.91,70.17,69.76,70.08,64.1228056836,64.361282718,63.9852227791,64.2787329753,5142640,5142640,0.0,1.0,tiingo_historical_seed,
2023-12-27,IEFA,70.14,70.51,70.1058,70.47,64.3337661371,64.6731373015,64.3023972349,64.636448527,7137519,7137519,0.0,1.0,tiingo_historical_seed,
2023-12-28,IEFA,70.48,70.6554,70.265,70.33,64.6456207206,64.8065009969,64.4484185575,64.5080378162,8587189,8587189,0.0,1.0,tiingo_historical_seed,
2023-12-29,IEFA,70.39,70.58,70.175,70.35,64.5630709779,64.737342657,64.3658688149,64.5263822034,7727481,7727481,0.0,1.0,tiingo_historical_seed,
2024-01-02,IEFA,69.64,69.91,69.48,69.58,63.8751564555,64.1228056836,63.7284013574,63.8201232937,9527327,9527327,0.0,1.0,tiingo_historical_seed,
2024-01-03,IEFA,68.88,69.2,68.67,69.01,63.1780697395,63.4715799357,62.9854536732,63.2973082567,7783657,7783657,0.0,1.0,tiingo_historical_seed,
2024-01-04,IEFA,69.01,69.51,69.01,69.19,63.2973082567,63.7559179383,63.2973082567,63.4624077421,7027898,7027898,0.0,1.0,tiingo_historical_seed,
2024-01-05,IEFA,69.06,69.795,68.99,69.2,63.3431692248,64.0173254568,63.2789638694,63.4715799357,7229187,7229187,0.0,1.0,tiingo_historical_seed,
2024-01-08,IEFA,69.32,69.96,69.285,69.96,63.5816462593,64.1686666518,63.5495435816,64.1686666518,7822319,7822319,0.0,1.0,tiingo_historical_seed,
2024-01-09,IEFA,69.37,69.51,69.25,69.38,63.6275072274,63.7559179383,63.5174409039,63.6366794211,6206354,6206354,0.0,1.0,tiingo_historical_seed,
2024-01-10,IEFA,69.59,69.8754,69.5566,69.77,63.8292954874,64.0910698936,63.7986603606,63.9943949727,7674172,7674172,0.0,1.0,tiingo_historical_seed,
2024-01-11,IEFA,69.94,70.02,69.115,69.74,64.1503222645,64.2236998135,63.3936162898,63.9668783918,7955631,7955631,0.0,1.0,tiingo_historical_seed,
2024-01-12,IEFA,70.185,70.425,69.9,70.025,64.3750410085,64.5951736557,64.11363349,64.2282859104,7062527,7062527,0.0,1.0,tiingo_historical_seed,
2024-01-16,IEFA,69.16,69.225,68.6597,68.8,63.4348911612,63.4945104198,62.9760063137,63.1046921904,10475733,10475733,0.0,1.0,tiingo_historical_seed,
2024-01-17,IEFA,67.88,68.16,67.635,68.14,62.2608503762,62.5176717979,62.0361316322,62.4993274107,9759414,9759414,0.0,1.0,tiingo_historical_seed,
2024-01-18,IEFA,68.43,68.75,68.28,68.75,62.765321026,63.0588312222,62.6277381215,63.0588312222,8461923,8461923,0.0,1.0,tiingo_historical_seed,
2024-01-19,IEFA,68.53,68.89,68.28,68.89,62.8570429623,63.1872419331,62.6277381215,63.1872419331,7225850,7225850,0.0,1.0,tiingo_historical_seed,
2024-01-22,IEFA,69.09,69.32,68.995,69.13,63.3706858057,63.5816462593,63.2835499662,63.4073745803,8533678,8533678,0.0,1.0,tiingo_historical_seed,
2024-01-23,IEFA,68.79,68.97,68.61,68.95,63.0955199968,63.2606194822,62.9304205114,63.2422750949,8279494,8279494,0.0,1.0,tiingo_historical_seed,
2024-01-24,IEFA,69.84,69.885,69.425,69.45,64.0586003282,64.0998751995,63.6779542924,63.7008847765,7621018,7621018,0.0,1.0,tiingo_historical_seed,
2024-01-25,IEFA,69.64,69.65,69.285,69.63,63.8751564555,63.8843286492,63.5495435816,63.8659842619,9069800,9069800,0.0,1.0,tiingo_historical_seed,
2024-01-26,IEFA,69.97,70.095,69.86,69.94,64.1778388454,64.2924912658,64.0769447154,64.1503222645,7086951,7086951,0.0,1.0,tiingo_historical_seed,
2024-01-29,IEFA,69.89,70.3999,69.79,70.32,64.1044612963,64.5721514496,64.01273936,64.4988656225,7975508,7975508,0.0,1.0,tiingo_historical_seed,
2024-01-30,IEFA,70.22,70.3,69.945,70.21,64.4071436862,64.4805212353,64.1549083613,64.3979714926,6674445,6674445,0.0,1.0,tiingo_historical_seed,
2024-01-31,IEFA,70.5,70.74,69.76,69.87,64.6639651079,64.8840977551,63.9852227791,64.0861169091,11637402,11637402,0.0,1.0,tiingo_historical_seed,
2024-02-01,IEFA,70.04,70.58,69.88,70.55,64.2420442008,64.737342657,64.0952891027,64.7098260761,14525731,14525731,0.0,1.0,tiingo_historical_seed,
2024-02-02,IEFA,70.0,70.03,69.66,69.98,64.2053554263,64.2328720072,63.8935008428,64.187011039,7944437,7944437,0.0,1.0,tiingo_historical_seed,
2024-02-05,IEFA,69.54,69.7221,69.2,69.57,63.7834345192,63.9504601652,63.4715799357,63.8109511001,7418815,7418815,0.0,1.0,tiingo_historical_seed,
2024-02-06,IEFA,69.56,70.02,69.525,70.0,63.8017789065,64.2236998135,63.7696762287,64.2053554263,8012343,8012343,0.0,1.0,tiingo_historical_seed,
2024-02-07,IEFA,70.01,70.08,69.8145,69.96,64.2145276199,64.2787329753,64.0352112344,64.1686666518,6645660,6645660,0.0,1.0,tiingo_historical_seed,
2024-02-08,IEFA,69.85,69.9,69.63,69.85,64.0677725218,64.11363349,63.8659842619,64.0677725218,13847086,13847086,0.0,1.0,tiingo_historical_seed,
2024-02-09,IEFA,69.85,70.12,69.695,70.11,64.0677725218,64.3154217499,63.9256035205,64.3062495562,6378554,6378554,0.0,1.0,tiingo_historical_seed,
2024-02-12,IEFA,70.05,70.4387,70.05,70.22,64.2512163944,64.6077395609,64.2512163944,64.4071436862,6279225,6279225,0.0,1.0,tiingo_historical_seed,
2024-02-13,IEFA,69.45,69.535,68.88,69.12,63.7008847765,63.7788484224,63.1780697395,63.3982023866,10031121,10031121,0.0,1.0,tiingo_historical_seed,
2024-02-14,IEFA,69.57,69.93,69.53,69.91,63.8109511001,64.1411500709,63.7742623256,64.1228056836,9028032,9028032,0.0,1.0,tiingo_historical_seed,
2024-02-15,IEFA,70.22,70.69,70.21,70.68,64.4071436862,64.8382367869,64.3979714926,64.8290645933,9119438,9119438,0.0,1.0,tiingo_historical_seed,
2024-02-16,IEFA,70.68,71.07,70.525,70.77,64.8290645933,65.1867801449,64.686895592,64.911614336,7993978,7993978,0.0,1.0,tiingo_historical_seed,
2024-02-20,IEFA,71.2,71.27,70.85,71.05,65.3060186622,65.3702240176,64.984991885,65.1684357577,7521405,7521405,0.0,1.0,tiingo_historical_seed,
2024-02-21,IEFA,70.9,71.115,70.76,71.08,65.0308528532,65.2280550163,64.9024421423,65.1959523386,9239701,9239701,0.0,1.0,tiingo_historical_seed,
2024-02-22,IEFA,71.67,71.885,71.545,71.85,65.7371117629,65.934313926,65.6224593425,65.9022112483,7965928,7965928,0.0,1.0,tiingo_historical_seed,
2024-02-23,IEFA,71.93,72.05,71.82,71.93,65.9755887973,66.0856551209,65.8746946674,65.9755887973,6505904,6505904,0.0,1.0,tiingo_historical_seed,
2024-02-26,IEFA,71.96,71.99,71.69,71.84,66.0031053782,66.0306219591,65.7554561501,65.8930390546,6250435,6250435,0.0,1.0,tiingo_historical_seed,
2024-02-27,IEFA,71.87,72.0899,71.84,72.03,65.9205556355,66.1222521735,65.8930390546,66.0673107336,5301635,5301635,0.0,1.0,tiingo_historical_seed,
2024-02-28,IEFA,71.57,71.725,71.51,71.6,65.6453898266,65.7875588279,65.5903566648,65.6729064075,8482453,8482453,0.0,1.0,tiingo_historical_seed,
2024-02-29,IEFA,71.99,72.095,71.46,71.8,66.0306219591,66.1269299923,65.5444956966,65.8563502801,7887817,7887817,0.0,1.0,tiingo_historical_seed,
2024-03-01,IEFA,72.12,72.55,71.815,72.5,66.1498604763,66.5442648025,65.8701085706,66.4984038344,8342804,8342804,0.0,1.0,tiingo_historical_seed,
2024-03-04,IEFA,72.23,72.45,72.18,72.31,66.2507546063,66.4525428662,66.2048936381,66.3241321554,11302625,11302625,0.0,1.0,tiingo_historical_seed,
2024-03-05,IEFA,72.37,72.61,71.97,72.16,66.3791653171,66.5992979643,66.0122775719,66.1865492509,8813964,8813964,0.0,1.0,tiingo_historical_seed,
2024-03-06,IEFA,72.98,73.2899,72.88,73.07,66.9386691287,67.2229154094,66.8469471924,67.0212188714,11538292,11538292,0.0,1.0,tiingo_historical_seed,
2024-03-07,IEFA,73.59,74.0099,73.55,73.9,67.4981729403,67.8833133509,67.4614841658,67.7825109429,6822618,6822618,0.0,1.0,tiingo_historical_seed,
2024-03-08,IEFA,74.16,74.235,73.575,73.68,68.0209879773,68.0897794296,67.4844146498,67.580722683,9262966,9262966,0.0,1.0,tiingo_historical_seed,
2024-03-11,IEFA,73.17,73.26,72.89,73.23,67.1129408077,67.1954905504,66.856119386,67.1679739695,7949208,7949208,0.0,1.0,tiingo_historical_seed,
2024-03-12,IEFA,73.35,73.81,73.07,73.81,67.2780402931,67.6999612002,67.0212188714,67.6999612002,6455898,6455898,0.0,1.0,tiingo_historical_seed,
2024-03-13,IEFA,73.72,73.9579,73.67,73.78,67.6174114575,67.835617944,67.5715504893,67.6724446193,6692646,6692646,0.0,1.0,tiingo_historical_seed,
2024-03-14,IEFA,73.82,73.835,72.97,73.26,67.7091333938,67.7228916843,66.9294969351,67.1954905504,12486060,12486060,0.0,1.0,tiingo_historical_seed,
2024-03-15,IEFA,73.41,73.4785,73.055,73.3,67.3330734549,67.3959029813,67.007460581,67.232179325,13007649,13007649,0.0,1.0,tiingo_historical_seed,
2024-03-18,IEFA,73.53,73.53,73.22,73.29,67.4431397785,67.4431397785,67.1588017759,67.2230071313,8638024,8638024,0.0,1.0,tiingo_historical_seed,
2024-03-19,IEFA,73.25,73.61,73.13,73.4,67.1863183568,67.5165173276,67.0762520332,67.3239012613,8155682,8155682,0.0,1.0,tiingo_historical_seed,
2024-03-20,IEFA,73.36,74.2475,73.315,74.18,67.2872124867,68.1012446716,67.2459376154,68.0393323646,9611435,9611435,0.0,1.0,tiingo_historical_seed,
2024-03-21,IEFA,74.25,74.36,74.125,74.17,68.10353772,68.20443185,67.9888852996,68.030160171,7712064,7712064,0.0,1.0,tiingo_historical_seed,
2024-03-22,IEFA,74.11,74.18,73.915,73.98,67.9751270092,68.0393323646,67.7962692333,67.855888492,8579530,8579530,0.0,1.0,tiingo_historical_seed,
2024-03-25,IEFA,73.76,74.095,73.7599,73.84,67.654100232,67.9613687187,67.6540085101,67.7274777811,8627481,8627481,0.0,1.0,tiingo_historical_seed,
2024-03-26,IEFA,74.16,74.225,73.94,73.96,68.0209879773,68.0806072359,67.8191997174,67.8375441047,9437443,9437443,0.0,1.0,tiingo_historical_seed,
2024-03-27,IEFA,74.1,74.43,74.05,74.43,67.9659548155,68.2686372054,67.9200938474,68.2686372054,7348461,7348461,0.0,1.0,tiingo_historical_seed,
2024-03-28,IEFA,74.13,74.325,74.0999,74.22,67.9934713964,68.1723291723,67.9658630936,68.0760211391,9090972,9090972,0.0,1.0,tiingo_historical_seed,
2024-04-01,IEFA,74.11,74.2299,73.7346,73.89,67.9751270092,68.0851016108,67.6308028602,67.7733387493,7186747,7186747,0.0,1.0,tiingo_historical_seed,
2024-04-02,IEFA,73.29,73.38,73.13,73.37,67.2230071313,67.305556874,67.0762520332,67.2963846804,8100083,8100083,0.0,1.0,tiingo_historical_seed,
2024-04-03,IEFA,73.25,73.91,73.25,73.8,67.1863183568,67.7916831365,67.1863183568,67.6907890066,7478421,7478421,0.0,1.0,tiingo_historical_seed,
2024-04-04,IEFA,74.34,74.34,73.125,73.18,68.1860874627,68.1860874627,67.0716659364,67.1221130014,7985474,7985474,0.0,1.0,tiingo_historical_seed,
2024-04-05,IEFA,73.15,73.5783,72.97,73.44,67.0945964205,67.4874414737,66.9294969351,67.3605900358,9047264,9047264,0.0,1.0,tiingo_historical_seed,
2024-04-08,IEFA,73.86,73.975,73.7,73.83,67.7458221684,67.8513023951,67.5990670702,67.7183055875,6494876,6494876,0.0,1.0,tiingo_historical_seed,
2024-04-09,IEFA,74.18,74.2498,73.51,73.82,68.0393323646,68.1033542762,67.4247953912,67.7091333938,8879013,8879013,0.0,1.0,tiingo_historical_seed,
2024-04-10,IEFA,72.75,73.155,72.5599,72.84,66.7277086752,67.0991825173,66.5533452742,66.8102584179,10977274,10977274,0.0,1.0,tiingo_historical_seed,
2024-04-11,IEFA,73.1,73.14,72.255,73.06,67.0487354523,67.0854242268,66.2736850904,67.0120466778,13244349,13244349,0.0,1.0,tiingo_historical_seed,
2024-04-12,IEFA,72.415,72.6475,71.77,71.86,66.4204401885,66.6336936904,65.8288336992,65.9113834419,9033597,9033597,0.0,1.0,tiingo_historical_seed,
2024-04-15,IEFA,72.67,72.76,71.515,71.64,66.6543311261,66.7368808688,65.5949427616,65.709595182,8067706,8067706,0.0,1.0,tiingo_historical_seed,
2024-04-16,IEFA,71.04,71.23,70.66,70.91,65.159263564,65.3335352431,64.810720206,65.0400250468,13053252,13053252,0.0,1.0,tiingo_historical_seed,
2024-04-17,IEFA,71.31,71.32,70.62,70.95,65.4069127921,65.4160849858,64.7740314315,65.0767138214,8647330,8647330,0.0,1.0,tiingo_historical_seed,
2024-04-18,IEFA,70.95,71.245,70.6603,70.77,65.0767138214,65.3472935335,64.8109953718,64.911614336,9813760,9813760,0.0,1.0,tiingo_historical_seed,
2024-04-19,IEFA,70.81,71.03,70.55,70.78,64.9483031105,65.1500913704,64.7098260761,64.9207865296,8422539,8422539,0.0,1.0,tiingo_historical_seed,
2024-04-22,IEFA,71.2,71.8099,71.1,71.57,65.3060186622,65.8654307518,65.2142967258,65.6453898266,12460849,12460849,0.0,1.0,tiingo_historical_seed,
2024-04-23,IEFA,71.78,72.42,71.74,72.32,65.8380058928,66.4250262853,65.8013171183,66.333304349,10806414,10806414,0.0,1.0,tiingo_historical_seed,
2024-04-24,IEFA,72.41,72.41,71.87,72.16,66.4158540917,66.4158540917,65.9205556355,66.1865492509,5516022,5516022,0.0,1.0,tiingo_historical_seed,
2024-04-25,IEFA,71.14,71.89,70.965,71.8,65.2509855004,65.9389000228,65.0904721118,65.8563502801,6983137,6983137,0.0,1.0,tiingo_historical_seed,
2024-04-26,IEFA,72.1,72.455,72.1,72.36,66.1315160891,66.457128963,66.1315160891,66.3699931235,6963533,6963533,0.0,1.0,tiingo_historical_seed,
2024-04-29,IEFA,72.65,72.885,72.505,72.74,66.6359867389,66.8515332892,66.5029899312,66.7185364815,7253118,7253118,0.0,1.0,tiingo_historical_seed,
2024-04-30,IEFA,72.48,72.73,71.75,71.8,66.4800594471,66.7093642879,65.8104893119,65.8563502801,7980870,7980870,0.0,1.0,tiingo_historical_seed,
2024-05-01,IEFA,71.8,72.505,71.48,71.64,65.8563502801,66.5029899312,65.5628400839,65.709595182,9224732,9224732,0.0,1.0,tiingo_historical_seed,
2024-05-02,IEFA,72.49,72.7899,72.05,72.65,66.4892316407,66.7643057278,66.0856551209,66.6359867389,7478138,7478138,0.0,1.0,tiingo_historical_seed,
2024-05-03,IEFA,73.44,73.69,72.95,73.37,67.3605900358,67.5898948766,66.9111525478,67.2963846804,6621756,6621756,0.0,1.0,tiingo_historical_seed,
2024-05-06,IEFA,73.76,73.93,73.68,73.89,67.654100232,67.8100275238,67.580722683,67.7733387493,6135417,6135417,0.0,1.0,tiingo_historical_seed,
2024-05-07,IEFA,74.09,74.2289,73.94,74.05,67.9567826219,68.0841843915,67.8191997174,67.9200938474,4710737,4710737,0.0,1.0,tiingo_historical_seed,
2024-05-08,IEFA,73.72,74.0,73.7,73.98,67.6174114575,67.8742328792,67.5990670702,67.855888492,4122062,4122062,0.0,1.0,tiingo_historical_seed,
2024-05-09,IEFA,73.99,74.555,73.99,74.55,67.8650606856,68.3832896258,67.8650606856,68.378703529,5965533,5965533,0.0,1.0,tiingo_historical_seed,
2024-05-10,IEFA,74.81,74.84,74.56,74.67,68.6171805634,68.6446971443,68.3878757226,68.4887698526,4750616,4750616,0.0,1.0,tiingo_historical_seed,
2024-05-13,IEFA,74.75,74.86,74.565,74.67,68.5621474016,68.6630415316,68.3924618194,68.4887698526,4081382,4081382,0.0,1.0,tiingo_historical_seed,
2024-05-14,IEFA,74.98,75.2251,74.875,75.2,68.7731078552,68.9979183211,68.676799822,68.9748961151,4893890,4893890,0.0,1.0,tiingo_historical_seed,
2024-05-15,IEFA,75.59,76.0,75.405,75.99,69.3326116668,69.7086716057,69.1629260846,69.699499412,6753689,6753689,0.0,1.0,tiingo_historical_seed,
2024-05-16,IEFA,75.88,75.92,75.5425,75.6,69.5986052821,69.6352940566,69.289043747,69.3417838604,6613942,6613942,0.0,1.0,tiingo_historical_seed,
2024-05-17,IEFA,75.63,75.88,75.495,75.85,69.3693004413,69.5986052821,69.2454758272,69.5710887012,4767720,4767720,0.0,1.0,tiingo_historical_seed,
2024-05-20,IEFA,75.95,76.115,75.86,75.89,69.6628106375,69.8141518325,69.5802608948,69.6077774757,3407313,3407313,0.0,1.0,tiingo_historical_seed,
2024-05-21,IEFA,75.66,75.835,75.59,75.78,69.3968170222,69.5573304107,69.3326116668,69.5068833458,4944007,4944007,0.0,1.0,tiingo_historical_seed,
2024-05-22,IEFA,75.27,75.35,74.85,75.05,69.0391014705,69.1124790196,68.653869338,68.8373132106,4506285,4506285,0.0,1.0,tiingo_historical_seed,
2024-05-23,IEFA,75.69,75.69,74.5134,74.68,69.4243336031,69.4243336031,68.3451333003,68.4979420462,4833656,4833656,0.0,1.0,tiingo_historical_seed,
2024-05-24,IEFA,75.06,75.3989,74.95,75.29,68.8464854042,69.1573310464,68.7455912743,69.0574458578,4425045,4425045,0.0,1.0,tiingo_historical_seed,
2024-05-28,IEFA,75.65,75.65,75.055,75.31,69.3876448285,69.3876448285,68.8418993074,69.075790245,5629180,5629180,0.0,1.0,tiingo_historical_seed,
2024-05-29,IEFA,74.33,74.43,74.03,74.05,68.1769152691,68.2686372054,67.9017494601,67.9200938474,6465852,6465852,0.0,1.0,tiingo_historical_seed,
2024-05-30,IEFA,74.6,74.93,74.56,74.76,68.4245644972,68.727246887,68.3878757226,68.5713195953,5728179,5728179,0.0,1.0,tiingo_historical_seed,
2024-05-31,IEFA,75.31,75.48,74.9,75.45,69.075790245,69.2317175368,68.6997303061,69.2042009559,8152557,8152557,0.0,1.0,tiingo_historical_seed,
2024-06-03,IEFA,75.74,75.9038,75.3665,75.69,69.4701945712,69.6204351029,69.1276131391,69.4243336031,8261372,8261372,0.0,1.0,tiingo_historical_seed,
2024-06-04,IEFA,75.49,75.685,75.24,75.54,69.2408897304,69.4197475063,69.0115848896,69.2867506986,7483305,7483305,0.0,1.0,tiingo_historical_seed,
2024-06-05,IEFA,75.88,76.01,75.43,75.98,69.5986052821,69.7178437993,69.1858565686,69.6903272184,5507399,5507399,0.0,1.0,tiingo_historical_seed,
2024-06-06,IEFA,76.01,76.2,75.92,76.19,69.7178437993,69.8921154783,69.6352940566,69.8829432847,6974529,6974529,0.0,1.0,tiingo_historical_seed,
2024-06-07,IEFA,75.54,75.745,75.25,75.33,69.2867506986,69.4747806681,69.0207570833,69.0941346323,7690260,7690260,0.0,1.0,tiingo_historical_seed,
2024-06-10,IEFA,74.89,75.41,74.77,75.33,68.6905581125,69.1675121814,68.5804917889,69.0941346323,4946876,4946876,0.0,1.0,tiingo_historical_seed,
2024-06-11,IEFA,73.18,73.34,72.8,73.15,68.3238291406,68.4732116585,67.9690456605,68.2958199185,6759311,6759311,1.309636,1.0,tiingo_historical_seed,
2024-06-12,IEFA,74.41,74.555,73.94,74.08,69.4722072472,69.6075851541,69.0333961008,69.164105804,11321782,11321782,0.0,1.0,tiingo_historical_seed,
2024-06-13,IEFA,73.48,73.48,72.6848,72.99,68.6039213617,68.6039213617,67.8614902476,68.1464374005,7164077,7164077,0.0,1.0,tiingo_historical_seed,
2024-06-14,IEFA,72.11,72.28,71.775,72.25,67.3248335519,67.4835524772,67.0120639049,67.4555432551,8675821,8675821,0.0,1.0,tiingo_historical_seed,
2024-06-17,IEFA,72.08,72.56,71.815,72.54,67.2968243298,67.7449718836,67.0494095344,67.7262990688,14162574,14162574,0.0,1.0,tiingo_historical_seed,
2024-06-18,IEFA,72.56,72.85,72.5135,72.8,67.7449718836,68.0157276973,67.7015575893,67.9690456605,12355117,12355117,0.0,1.0,tiingo_historical_seed,
2024-06-20,IEFA,72.73,72.95,72.6015,72.83,67.9036908089,68.109091771,67.7837179742,67.9970548826,6733161,6733161,0.0,1.0,tiingo_historical_seed,
2024-06-21,IEFA,72.3,72.4158,72.06,72.29,67.5022252919,67.6103408893,67.278151515,67.4928888846,5952034,5952034,0.0,1.0,tiingo_historical_seed,
2024-06-24,IEFA,72.95,73.2566,72.86,72.91,68.109091771,68.395346021,68.0250641047,68.0717461416,7462777,7462777,0.0,1.0,tiingo_historical_seed,
2024-06-25,IEFA,72.88,73.13,72.755,73.04,68.0437369194,68.2771471037,67.9270318273,68.1931194374,6043520,6043520,0.0,1.0,tiingo_historical_seed,
2024-06-26,IEFA,72.38,72.62,72.27,72.47,67.5769165509,67.8009903278,67.4742160698,67.6609442172,7430905,7430905,0.0,1.0,tiingo_historical_seed,
2024-06-27,IEFA,72.65,72.8,72.4118,72.57,67.8289995499,67.9690456605,67.6066063263,67.7543082909,12483117,12483117,0.0,1.0,tiingo_historical_seed,
2024-06-28,IEFA,72.56,72.855,72.33,72.64,67.7449718836,68.020395901,67.530234514,67.8196631425,7533346,7533346,0.0,1.0,tiingo_historical_seed,
2024-07-01,IEFA,73.04,73.25,72.5314,72.74,68.1931194374,68.3891839922,67.7182697585,67.9130272162,7143054,7143054,0.0,1.0,tiingo_historical_seed,
2024-07-02,IEFA,72.53,72.95,72.45,72.92,67.7169626615,68.109091771,67.6422714025,68.0810825489,6835612,6835612,0.0,1.0,tiingo_historical_seed,
2024-07-03,IEFA,73.49,73.82,73.4459,73.78,68.6132577691,68.9213592123,68.5720842126,68.8840135828,5928044,5928044,0.0,1.0,tiingo_historical_seed,
2024-07-05,IEFA,74.37,74.38,73.73,74.26,69.4348616177,69.4441980251,68.837331546,69.3321611366,4634173,4634173,0.0,1.0,tiingo_historical_seed,
2024-07-08,IEFA,74.32,74.375,73.865,73.9,69.3881795809,69.4395298214,68.9633730455,68.9960504713,5838879,5838879,0.0,1.0,tiingo_historical_seed,
2024-07-09,IEFA,73.78,73.81,73.415,73.63,68.8840135828,68.9120228049,68.5432347138,68.7439674723,6463085,6463085,0.0,1.0,tiingo_historical_seed,
2024-07-10,IEFA,74.25,74.6751,74.17,74.62,69.3228247293,69.7197154066,69.2481334703,69.668271802,5808055,5808055,0.0,1.0,tiingo_historical_seed,
2024-07-11,IEFA,75.13,75.3,74.86,74.89,70.1444285779,70.3031475032,69.8923455789,69.920354801,5563705,5563705,0.0,1.0,tiingo_historical_seed,
2024-07-12,IEFA,75.53,75.9801,75.485,75.72,70.5178848727,70.9381165685,70.4758710396,70.6952766128,7009381,7009381,0.0,1.0,tiingo_historical_seed,
2024-07-15,IEFA,75.59,75.61,75.005,75.11,70.573903317,70.5925761317,70.0277234858,70.1257557632,4399880,4399880,0.0,1.0,tiingo_historical_seed,
2024-07-16,IEFA,74.92,75.51,74.81,75.49,69.9483640231,70.499212058,69.845663542,70.4805392433,6507615,6507615,0.0,1.0,tiingo_historical_seed,
2024-07-17,IEFA,75.13,75.42,75.02,75.11,70.1444285779,70.4151843917,70.0417280968,70.1257557632,6112529,6112529,0.0,1.0,tiingo_historical_seed,
2024-07-18,IEFA,75.32,75.345,74.25,74.4,70.3218203179,70.3451613364,69.3228247293,69.4628708398,5408714,5408714,0.0,1.0,tiingo_historical_seed,
2024-07-19,IEFA,74.18,74.2,73.8701,73.98,69.2574698777,69.2761426924,68.9681346132,69.0707417302,4461098,4461098,0.0,1.0,tiingo_historical_seed,
2024-07-22,IEFA,74.61,74.73,74.385,74.72,69.6589353946,69.7709722831,69.4488662288,69.7616358757,6807857,6807857,0.0,1.0,tiingo_historical_seed,
2024-07-23,IEFA,74.34,74.44,74.245,74.29,69.4068523956,69.5002164693,69.3181565256,69.3601703587,5430757,5430757,0.0,1.0,tiingo_historical_seed,
2024-07-24,IEFA,74.08,74.18,73.345,73.38,69.164105804,69.2574698777,68.4778798622,68.510557288,5369277,5369277,0.0,1.0,tiingo_historical_seed,
2024-07-25,IEFA,72.79,73.5499,72.525,72.92,67.9597092531,68.6691828492,67.7122944578,68.0810825489,6578655,6578655,0.0,1.0,tiingo_historical_seed,
2024-07-26,IEFA,73.52,73.9978,73.45,73.88,68.6412669912,69.0873605354,68.5759121396,68.9773776565,3686275,3686275,0.0,1.0,tiingo_historical_seed,
2024-07-29,IEFA,73.68,73.72,73.32,73.54,68.7906495091,68.8279951386,68.4545388438,68.6599398059,4986963,4986963,0.0,1.0,tiingo_historical_seed,
2024-07-30,IEFA,73.81,73.915,73.44,73.74,68.9120228049,69.0100550823,68.5665757322,68.8466679533,5134375,5134375,0.0,1.0,tiingo_historical_seed,
2024-07-31,IEFA,74.87,75.13,74.57,74.78,69.9016819863,70.1444285779,69.6215897651,69.8176543199,9581028,9581028,0.0,1.0,tiingo_historical_seed,
2024-08-01,IEFA,73.84,74.02,72.445,72.82,68.940032027,69.1080873597,67.6376031988,67.9877184752,9986218,9986218,0.0,1.0,tiingo_historical_seed,
2024-08-02,IEFA,71.8,71.98,71.065,71.66,67.0354049234,67.2034602561,66.3491789816,66.9046952202,11080069,11080069,0.0,1.0,tiingo_historical_seed,
2024-08-05,IEFA,69.01,70.51,68.74,70.09,64.4305472669,65.8310083725,64.1784642679,65.4388792629,16826882,16826882,0.0,1.0,tiingo_historical_seed,
2024-08-06,IEFA,69.51,70.577,69.39,70.21,64.8973676354,65.8935623019,64.785330747,65.5509161514,13963530,13963530,0.0,1.0,tiingo_historical_seed,
2024-08-07,IEFA,71.51,71.7,70.465,70.51,66.7646491096,66.9420408497,65.7889945394,65.8310083725,10955643,10955643,0.0,1.0,tiingo_historical_seed,
2024-08-08,IEFA,71.24,71.7683,70.881,71.73,66.5125661106,67.005808512,66.177389086,66.9700500718,7447635,7447635,0.0,1.0,tiingo_historical_seed,
2024-08-09,IEFA,71.51,72.005,71.365,72.0,66.7646491096,67.2268012745,66.6292712027,67.2221330708,6017607,6017607,0.0,1.0,tiingo_historical_seed,
2024-08-12,IEFA,71.94,72.14,71.71,71.95,67.1661146266,67.352842774,66.951377257,67.1754510339,6707225,6707225,0.0,1.0,tiingo_historical_seed,
2024-08-13,IEFA,72.45,73.23,72.4,73.16,67.6422714025,68.3705111774,67.5955893656,68.3051563258,6375944,6375944,0.0,1.0,tiingo_historical_seed,
2024-08-14,IEFA,73.32,73.4852,73.17,73.44,68.4545388438,68.6087762935,68.3144927332,68.5665757322,4087685,4087685,0.0,1.0,tiingo_historical_seed,
2024-08-15,IEFA,74.03,74.46,74.02,74.32,69.1174237671,69.518889284,69.1080873597,69.3881795809,5632678,5632678,0.0,1.0,tiingo_historical_seed,
2024-08-16,IEFA,74.41,74.7858,74.355,74.72,69.4722072472,69.8230694362,69.4208570067,69.7616358757,5818795,5818795,0.0,1.0,tiingo_historical_seed,
2024-08-19,IEFA,75.19,75.7152,75.16,75.64,70.2004470221,70.6907951372,70.1724378,70.6205853538,3871973,3871973,0.0,1.0,tiingo_historical_seed,
2024-08-20,IEFA,75.51,75.71,75.295,75.44,70.499212058,70.6859402054,70.2984792995,70.4338572064,4495406,4495406,0.0,1.0,tiingo_historical_seed,
2024-08-21,IEFA,75.935,76.255,75.745,76.13,70.8960093713,71.1947744071,70.7186176312,71.078069315,4832699,4832699,0.0,1.0,tiingo_historical_seed,
2024-08-22,IEFA,76.42,76.44,75.595,75.65,71.3488251288,71.3674979435,70.5785715206,70.6299217612,4109309,4109309,0.0,1.0,tiingo_historical_seed,
2024-08-23,IEFA,76.29,77.105,76.18,77.06,71.2274518329,71.9883690337,71.1247513518,71.9463552005,6394922,6394922,0.0,1.0,tiingo_historical_seed,
2024-08-26,IEFA,76.79,76.99,76.64,76.73,71.6942722015,71.8810003489,71.5542260909,71.6382537573,4365399,4365399,0.0,1.0,tiingo_historical_seed,
2024-08-27,IEFA,76.915,77.21,76.81,77.08,71.8109772936,72.0864013111,71.7129450162,71.9650280152,3582774,3582774,0.0,1.0,tiingo_historical_seed,
2024-08-28,IEFA,76.96,77.125,76.47,76.73,71.8529911268,72.0070418484,71.3955071656,71.6382537573,7686315,7686315,0.0,1.0,tiingo_historical_seed,
2024-08-29,IEFA,77.14,77.435,76.8801,77.0,72.0210464595,72.2964704769,71.7783932319,71.8903367563,5393746,5393746,0.0,1.0,tiingo_historical_seed,
2024-08-30,IEFA,77.33,77.42,76.775,77.19,72.1984381995,72.2824658658,71.6802675904,72.0677284963,9815775,9815775,0.0,1.0,tiingo_historical_seed,
2024-09-03,IEFA,76.79,76.83,75.72,75.88,71.6942722015,71.731617831,70.6952766128,70.8446591307,7375042,7375042,0.0,1.0,tiingo_historical_seed,
2024-09-04,IEFA,75.42,75.995,75.41,75.65,70.4151843917,70.9520278155,70.4058479843,70.6299217612,5155828,5155828,0.0,1.0,tiingo_historical_seed,
2024-09-05,IEFA,75.79,75.945,75.42,75.75,70.7606314644,70.9053457786,70.4151843917,70.7232858349,5614067,5614067,0.0,1.0,tiingo_historical_seed,
2024-09-06,IEFA,75.58,75.73,74.16,74.28,70.5645669096,70.7046130202,69.2387970629,69.3508339514,8036629,8036629,0.0,1.0,tiingo_historical_seed,
2024-09-09,IEFA,74.91,75.33,74.86,75.06,69.9390276157,70.3311567253,69.8923455789,70.0790737263,6082122,6082122,0.0,1.0,tiingo_historical_seed,
2024-09-10,IEFA,74.8,74.87,74.18357,74.79,69.8363271347,69.9016819863,69.2608029751,69.8269907273,10565416,10565416,0.0,1.0,tiingo_historical_seed,
2024-09-11,IEFA,74.79,75.22,73.975,75.18,69.8269907273,70.2284562442,69.0660735266,70.1911106148,6155662,6155662,0.0,1.0,tiingo_historical_seed,
2024-09-12,IEFA,75.17,75.83,74.91,75.82,70.1817742074,70.7979770939,69.9390276157,70.7886406865,5839704,5839704,0.0,1.0,tiingo_historical_seed,
2024-09-13,IEFA,75.95,76.285,75.865,76.01,70.9100139823,71.2227836292,70.8306545197,70.9660324265,4973744,4973744,0.0,1.0,tiingo_historical_seed,
2024-09-16,IEFA,76.3,76.65,76.15,76.63,71.2367882403,71.5635624983,71.0967421297,71.5448896835,8748813,8748813,0.0,1.0,tiingo_historical_seed,
2024-09-17,IEFA,76.54,76.6,75.945,76.17,71.4608620172,71.5168804614,70.9053457786,71.1154149445,5877444,5877444,0.0,1.0,tiingo_historical_seed,
2024-09-18,IEFA,76.28,76.86,75.8001,75.96,71.2181154256,71.7596270531,70.7700612358,70.9193503897,6639207,6639207,0.0,1.0,tiingo_historical_seed,
2024-09-19,IEFA,77.29,77.62,76.88,77.46,72.16109257,72.4691940133,71.7782998678,72.3198114953,4676936,4676936,0.0,1.0,tiingo_historical_seed,
2024-09-20,IEFA,77.02,77.02,76.439,76.7,71.909009571,71.909009571,71.3665643028,71.6102445351,4115727,4115727,0.0,1.0,tiingo_historical_seed,
2024-09-23,IEFA,76.86,77.09,76.795,77.01,71.7596270531,71.9743644226,71.6989404052,71.8996731636,5023272,5023272,0.0,1.0,tiingo_historical_seed,
2024-09-24,IEFA,77.2,77.455,77.01,77.42,72.0770649037,72.3151432916,71.8996731636,72.2824658658,4632556,4632556,0.0,1.0,tiingo_historical_seed,
2024-09-25,IEFA,77.58,77.58,76.985,76.99,72.4318483838,72.4318483838,71.8763321452,71.8810003489,6353416,6353416,0.0,1.0,tiingo_historical_seed,
2024-09-26,IEFA,78.52,78.825,78.205,78.74,73.3094706767,73.5942311015,73.0153738445,73.5148716388,11037883,11037883,0.0,1.0,tiingo_historical_seed,
2024-09-27,IEFA,78.7,78.8199,78.09,78.25,73.4775260093,73.5894695337,72.9080051597,73.0573876776,8260012,8260012,0.0,1.0,tiingo_historical_seed,
2024-09-30,IEFA,78.32,78.33,77.6,78.05,73.1227425292,73.1320789366,72.4505211985,72.8706595302,7854903,7854903,0.0,1.0,tiingo_historical_seed,
2024-10-01,IEFA,78.07,78.1,77.0301,77.42,72.889332345,72.9173415671,71.9184393425,72.2824658658,10439224,10439224,0.0,1.0,tiingo_historical_seed,
2024-10-02,IEFA,77.2,77.43,76.89,77.25,72.0770649037,72.2918022732,71.7876362752,72.1237469405,5755758,5755758,0.0,1.0,tiingo_historical_seed,
2024-10-03,IEFA,76.58,76.72,76.255,76.5,71.4982076467,71.6289173499,71.1947744071,71.4235163877,5313570,5313570,0.0,1.0,tiingo_historical_seed,
2024-10-04,IEFA,76.64,77.045,76.555,77.04,71.5542260909,71.9323505894,71.4748666283,71.9276823858,5168567,5168567,0.0,1.0,tiingo_historical_seed,
2024-10-07,IEFA,76.75,76.855,76.2635,76.58,71.656926572,71.7549588494,71.2027103534,71.4982076467,5395169,5395169,0.0,1.0,tiingo_historical_seed,
2024-10-08,IEFA,76.39,76.45,76.19,76.39,71.3208159066,71.3768343509,71.1340877592,71.3208159066,4197160,4197160,0.0,1.0,tiingo_historical_seed,
2024-10-09,IEFA,76.03,76.49,75.97,76.42,70.9847052413,71.4141799803,70.9286867971,71.3488251288,5226737,5226737,0.0,1.0,tiingo_historical_seed,
2024-10-10,IEFA,76.19,76.34,75.88,76.28,71.1340877592,71.2741338698,70.8446591307,71.2181154256,8595612,8595612,0.0,1.0,tiingo_historical_seed,
2024-10-11,IEFA,76.25,76.7472,76.245,76.73,71.1901062034,71.6543123779,71.1854379998,71.6382537573,6188044,6188044,0.0,1.0,tiingo_historical_seed,
2024-10-14,IEFA,76.42,76.9198,76.385,76.85,71.3488251288,71.8154587692,71.316147703,71.7502906457,3649198,3649198,0.0,1.0,tiingo_historical_seed,
2024-10-15,IEFA,76.6,76.6399,75.63,75.73,71.5168804614,71.5541327268,70.6112489464,70.7046130202,7463037,7463037,0.0,1.0,tiingo_historical_seed,
2024-10-16,IEFA,75.9,75.98,75.7637,75.92,70.8633319455,70.9380232044,70.736076713,70.8820047602,7312660,7312660,0.0,1.0,tiingo_historical_seed,
2024-10-17,IEFA,76.17,76.18,75.82,75.88,71.1154149445,71.1247513518,70.7886406865,70.8446591307,6159781,6159781,0.0,1.0,tiingo_historical_seed,
2024-10-18,IEFA,76.27,76.395,76.1,76.37,71.2087790182,71.3254841103,71.0500600929,71.3021430919,5087853,5087853,0.0,1.0,tiingo_historical_seed,
2024-10-21,IEFA,75.94,75.995,75.325,75.43,70.9006775749,70.9520278155,70.3264885216,70.424520799,5087446,5087446,0.0,1.0,tiingo_historical_seed,
2024-10-22,IEFA,74.94,75.1399,74.875,75.03,69.9670368379,70.1536716212,69.9063501899,70.0510645042,3579528,3579528,0.0,1.0,tiingo_historical_seed,
2024-10-23,IEFA,74.3,74.485,73.9,74.23,69.3695067661,69.5422303025,68.9960504713,69.3041519145,6231645,6231645,0.0,1.0,tiingo_historical_seed,
2024-10-24,IEFA,74.75,74.79,74.29,74.65,69.7896450978,69.8269907273,69.3601703587,69.6962810241,7199630,7199630,0.0,1.0,tiingo_historical_seed,
2024-10-25,IEFA,74.73,74.91,74.23,74.4,69.7709722831,69.9390276157,69.3041519145,69.4628708398,6612189,6612189,0.0,1.0,tiingo_historical_seed,
2024-10-28,IEFA,74.7,75.055,74.6299,74.96,69.742963061,70.0744055226,69.6775148453,69.9857096526,5167186,5167186,0.0,1.0,tiingo_historical_seed,
2024-10-29,IEFA,74.73,74.8766,74.53,74.64,69.7709722831,69.9078440151,69.5842441356,69.6869446167,9900040,9900040,0.0,1.0,tiingo_historical_seed,
2024-10-30,IEFA,74.12,74.595,74.085,74.25,69.2014514334,69.6449307836,69.1687740076,69.3228247293,8075230,8075230,0.0,1.0,tiingo_historical_seed,
2024-10-31,IEFA,73.92,73.92,73.14,73.78,69.014723286,69.014723286,68.2864835111,68.8840135828,11004394,11004394,0.0,1.0,tiingo_historical_seed,
2024-11-01,IEFA,74.2,74.36,73.87,73.96,69.2761426924,69.4255252103,68.9680412492,69.0520689155,9076867,9076867,0.0,1.0,tiingo_historical_seed,
2024-11-04,IEFA,74.33,74.535,73.94,73.99,69.3975159882,69.5889123393,69.0333961008,69.0800781376,6961941,6961941,0.0,1.0,tiingo_historical_seed,
2024-11-05,IEFA,74.2,74.79,74.145,74.71,69.2761426924,69.8269907273,69.2247924519,69.7522994683,5628851,5628851,0.0,1.0,tiingo_historical_seed,
2024-11-06,IEFA,73.62,73.745,73.065,73.66,68.7346310649,68.851336157,68.2164604558,68.7719766944,7545316,7545316,0.0,1.0,tiingo_historical_seed,
2024-11-07,IEFA,74.54,74.89,74.3901,74.82,69.593580543,69.920354801,69.4536277965,69.8549999494,6903321,6903321,0.0,1.0,tiingo_historical_seed,
2024-11-08,IEFA,74.0,74.03,73.4401,73.81,69.089414545,69.1174237671,68.5666690963,68.9120228049,7529364,7529364,0.0,1.0,tiingo_historical_seed,
2024-11-11,IEFA,74.0,74.08,73.745,73.82,69.089414545,69.164105804,68.851336157,68.9213592123,4659693,4659693,0.0,1.0,tiingo_historical_seed,
2024-11-12,IEFA,73.13,73.14,72.09,72.48,68.2771471037,68.2864835111,67.3061607371,67.6702806246,11364391,11364391,0.0,1.0,tiingo_historical_seed,
2024-11-13,IEFA,72.24,72.2599,71.635,72.01,67.4462068477,67.4647862984,66.8813542018,67.2314694782,8592795,8592795,0.0,1.0,tiingo_historical_seed,
2024-11-14,IEFA,72.55,72.665,72.065,72.13,67.7356354762,67.843004161,67.2828197187,67.3435063666,11117343,11117343,0.0,1.0,tiingo_historical_seed,
2024-11-15,IEFA,72.08,72.08,71.72,71.87,67.2968243298,67.2968243298,66.9607136644,67.100759775,21502968,21502968,0.0,1.0,tiingo_historical_seed,
2024-11-18,IEFA,71.86,72.4199,71.8,72.27,67.0914233676,67.6141688163,67.0354049234,67.4742160698,8614999,8614999,0.0,1.0,tiingo_historical_seed,
2024-11-19,IEFA,71.69,72.335,71.605,72.2,66.9327044423,67.5349027177,66.8533449796,67.4088612182,8788538,8788538,0.0,1.0,tiingo_historical_seed,
2024-11-20,IEFA,71.87,71.95,71.49,71.93,67.100759775,67.1754510339,66.7459762949,67.1567782192,12487124,12487124,0.0,1.0,tiingo_historical_seed,
2024-11-21,IEFA,71.87,72.09,71.6124,71.97,67.100759775,67.3061607371,66.8602539211,67.1941238487,16897105,16897105,0.0,1.0,tiingo_historical_seed,
2024-11-22,IEFA,71.92,72.4,71.9,72.29,67.1474418118,67.5955893656,67.1287689971,67.4928888846,7093915,7093915,0.0,1.0,tiingo_historical_seed,
2024-11-25,IEFA,72.8,72.905,72.4013,72.59,67.9690456605,68.0670779379,67.5968030986,67.7729811057,9263677,9263677,0.0,1.0,tiingo_historical_seed,
2024-11-26,IEFA,72.525,72.5333,71.9811,72.2,67.7122944578,67.7200436759,67.2044872609,67.4088612182,8931373,8931373,0.0,1.0,tiingo_historical_seed,
2024-11-27,IEFA,72.52,72.73,72.375,72.58,67.7076262541,67.9036908089,67.5722483472,67.7636446983,12378973,12378973,0.0,1.0,tiingo_historical_seed,
2024-11-29,IEFA,72.95,73.66,72.9,73.65,68.109091771,68.7719766944,68.0624097342,68.762640287,5892029,5892029,0.0,1.0,tiingo_historical_seed,
2024-12-02,IEFA,73.67,73.8854,73.21,73.78,68.7813131017,68.9824193165,68.3518383627,68.8840135828,10649412,10649412,0.0,1.0,tiingo_historical_seed,
2024-12-03,IEFA,74.24,74.3799,73.96,74.18,69.3134883219,69.444104661,69.0520689155,69.2574698777,6989445,6989445,0.0,1.0,tiingo_historical_seed,
2024-12-04,IEFA,74.42,74.42,74.12,74.25,69.4815436546,69.4815436546,69.2014514334,69.3228247293,9473435,9473435,0.0,1.0,tiingo_historical_seed,
2024-12-05,IEFA,74.61,74.73,74.4529,74.61,69.6589353946,69.7709722831,69.5122604348,69.6589353946,6569308,6569308,0.0,1.0,tiingo_historical_seed,
2024-12-06,IEFA,74.86,74.875,74.425,74.61,69.8923455789,69.9063501899,69.4862118582,69.6589353946,5026265,5026265,0.0,1.0,tiingo_historical_seed,
2024-12-09,IEFA,75.01,75.11,74.51,74.52,70.0323916894,70.1257557632,69.5655713209,69.5749077283,6425124,6425124,0.0,1.0,tiingo_historical_seed,
2024-12-10,IEFA,74.35,74.39,73.87,73.92,69.416188803,69.4535344325,68.9680412492,69.014723286,5684812,5684812,0.0,1.0,tiingo_historical_seed,
2024-12-11,IEFA,74.31,74.4399,74.0624,74.37,69.3788431735,69.5001231052,69.147673727,69.4348616177,6864771,6864771,0.0,1.0,tiingo_historical_seed,
2024-12-12,IEFA,73.95,74.24,73.63,73.69,69.0427325081,69.3134883219,68.7439674723,68.7999859165,6103604,6103604,0.0,1.0,tiingo_historical_seed,
2024-12-13,IEFA,73.78,73.79,73.3,73.46,68.8840135828,68.8933499902,68.435866029,68.585248547,6180428,6180428,0.0,1.0,tiingo_historical_seed,
2024-12-16,IEFA,73.22,73.48,73.1,73.2,68.3611747701,68.6039213617,68.2491378816,68.3425019553,11565970,11565970,0.0,1.0,tiingo_historical_seed,
2024-12-17,IEFA,71.95,72.17,71.87,71.9,68.2316462594,68.4402767274,68.1557806346,68.1842302439,8661613,8661613,1.130479,1.0,tiingo_historical_seed,
2024-12-18,IEFA,71.93,72.04,70.07,70.17,68.2126798532,68.3169950872,66.4488040778,66.5436361087,12928778,12928778,0.0,1.0,tiingo_historical_seed,
2024-12-19,IEFA,70.49,70.51,69.95,70.06,66.8470986077,66.8660650139,66.3350056406,66.4393208747,11653953,11653953,0.0,1.0,tiingo_historical_seed,
2024-12-20,IEFA,69.32,70.425,69.22,69.87,65.7375638457,66.7854577876,65.6427318148,66.2591400159,12586845,12586845,0.0,1.0,tiingo_historical_seed,
2024-12-23,IEFA,69.96,70.35,69.68,70.28,66.3444888437,66.7143337644,66.0789591571,66.6479513427,14584659,14584659,0.0,1.0,tiingo_historical_seed,
2024-12-24,IEFA,70.42,70.59,70.12,70.58,66.780716186,66.9419306386,66.4962200932,66.9324474355,5819894,5819894,0.0,1.0,tiingo_historical_seed,
2024-12-26,IEFA,70.73,71.005,70.55,70.94,67.0746954819,67.335483567,66.9039978263,67.2738427469,7932870,7932870,0.0,1.0,tiingo_historical_seed,
2024-12-27,IEFA,70.78,70.95,70.52,70.79,67.1221114974,67.28332595,66.875548217,67.1315947005,9333539,9333539,0.0,1.0,tiingo_historical_seed,
2024-12-30,IEFA,70.4,70.59,70.02,70.32,66.7617497799,66.9419306386,66.4013880623,66.6858841551,11825251,11825251,0.0,1.0,tiingo_historical_seed,
2024-12-31,IEFA,70.57,70.71,70.16,70.28,66.9229642324,67.0557290758,66.5341529056,66.6479513427,9401771,9401771,0.0,1.0,tiingo_historical_seed,
2025-01-02,IEFA,70.33,70.61,69.915,70.13,66.6953673582,66.9608970448,66.3018144298,66.5057032963,10937913,10937913,0.0,1.0,tiingo_historical_seed,
2025-01-03,IEFA,70.28,70.5168,70.035,70.48,66.6479513427,66.872513592,66.4156128669,66.8376154046,13396621,13396621,0.0,1.0,tiingo_historical_seed,
2025-01-06,IEFA,71.02,71.575,70.98,71.11,67.3497083717,67.8760261434,67.3117755593,67.4350571995,10938234,10938234,0.0,1.0,tiingo_historical_seed,
2025-01-07,IEFA,71.64,71.66,70.895,70.99,67.9376669635,67.9566333697,67.231168333,67.3212587624,7303323,7303323,0.0,1.0,tiingo_historical_seed,
2025-01-08,IEFA,70.58,70.9148,70.33,70.83,66.9324474355,67.2499450751,66.6953673582,67.1695275129,6879856,6879856,0.0,1.0,tiingo_historical_seed,
2025-01-10,IEFA,70.21,70.28,69.5944,69.75,66.5815689211,66.6479513427,65.9977829386,66.1453415788,11696625,11696625,0.0,1.0,tiingo_historical_seed,
2025-01-13,IEFA,69.01,69.61,69.0,69.57,65.4435845498,66.0125767355,65.4341013467,65.9746439231,9232367,9232367,0.0,1.0,tiingo_historical_seed,
2025-01-14,IEFA,69.75,69.89,69.4501,69.78,66.1453415788,66.2781064221,65.860940318,66.173791188,15552080,15552080,0.0,1.0,tiingo_historical_seed,
2025-01-15,IEFA,70.835,70.8856,70.42,70.665,67.1742691144,67.2222541221,66.780716186,67.0130546618,14707929,14707929,0.0,1.0,tiingo_historical_seed,
2025-01-16,IEFA,70.87,71.25,70.6726,71.03,67.2074603253,67.5678220428,67.0202618962,67.3591915748,10956043,10956043,0.0,1.0,tiingo_historical_seed,
2025-01-17,IEFA,71.34,71.73,71.26,71.36,67.6531708707,68.0230157913,67.5773052459,67.6721372769,9000874,9000874,0.0,1.0,tiingo_historical_seed,
2025-01-21,IEFA,72.28,72.8,72.18,72.8,68.5445919615,69.0377185224,68.4497599305,69.0377185224,7479344,7479344,0.0,1.0,tiingo_historical_seed,
2025-01-22,IEFA,72.93,72.93,72.52,72.54,69.1610001626,69.1610001626,68.7721888357,68.7911552419,7589203,7589203,0.0,1.0,tiingo_historical_seed,
2025-01-23,IEFA,72.72,73.14,72.595,73.14,68.9618528976,69.3601474275,68.8433128589,69.3601474275,7610397,7610397,0.0,1.0,tiingo_historical_seed,
2025-01-24,IEFA,73.48,73.77,73.41,73.54,69.6825763327,69.9575892224,69.6161939111,69.7394755513,8073883,8073883,0.0,1.0,tiingo_historical_seed,
2025-01-27,IEFA,73.22,73.58,73.0,73.56,69.4360130523,69.7774083637,69.2273825842,69.7584419575,7675937,7675937,0.0,1.0,tiingo_historical_seed,
2025-01-28,IEFA,73.52,73.55,73.065,73.46,69.7205091451,69.7489587544,69.2890234043,69.6636099265,5987611,5987611,0.0,1.0,tiingo_historical_seed,
2025-01-29,IEFA,73.53,73.69,73.22,73.48,69.7299923482,69.8817235977,69.4360130523,69.6825763327,7187427,7187427,0.0,1.0,tiingo_historical_seed,
2025-01-30,IEFA,74.2,74.61,73.98,74.3,70.3653669555,70.7541782823,70.1567364874,70.4601989864,6284636,6284636,0.0,1.0,tiingo_historical_seed,
2025-01-31,IEFA,74.18,74.49,73.555,73.58,70.3464005493,70.6403798452,69.7537003559,69.7774083637,12903394,12903394,0.0,1.0,tiingo_historical_seed,
2025-02-03,IEFA,72.39,73.22,72.16,72.79,68.6489071955,69.4360130523,68.4307935244,69.0282353193,12682591,12682591,0.0,1.0,tiingo_historical_seed,
2025-02-04,IEFA,73.18,73.67,73.11,73.62,69.3980802399,69.8627571915,69.3316978183,69.815341176,7640302,7640302,0.0,1.0,tiingo_historical_seed,
2025-02-05,IEFA,74.03,74.41,73.9,74.33,70.2041525029,70.5645142204,70.0808708627,70.4886485957,5645204,5645204,0.0,1.0,tiingo_historical_seed,
2025-02-06,IEFA,74.59,74.84,74.5,74.7,70.7352118761,70.9722919535,70.6498630483,70.8395271102,9285003,9285003,0.0,1.0,tiingo_historical_seed,
2025-02-07,IEFA,74.67,74.785,73.86,73.98,70.8110775009,70.9201343365,70.0429380503,70.1567364874,9481719,9481719,0.0,1.0,tiingo_historical_seed,
2025-02-10,IEFA,74.32,74.49,74.285,74.465,70.4791653926,70.6403798452,70.4459741818,70.6166718375,10215696,10215696,0.0,1.0,tiingo_historical_seed,
2025-02-11,IEFA,74.37,74.875,74.344,74.82,70.5265814081,71.0054831643,70.50192508,70.9533255473,8168410,8168410,0.0,1.0,tiingo_historical_seed,
2025-02-12,IEFA,74.26,75.16,74.175,75.01,70.422266174,71.2757544525,70.3416589477,71.1335064061,6504136,6504136,0.0,1.0,tiingo_historical_seed,
2025-02-13,IEFA,75.34,75.935,75.26,75.92,71.4464521082,72.0107026922,71.3705864834,71.9964778876,6245231,6245231,0.0,1.0,tiingo_historical_seed,
2025-02-14,IEFA,76.32,76.39,75.98,76.0,72.3758060113,72.442188433,72.0533771062,72.0723435123,4427823,4427823,0.0,1.0,tiingo_historical_seed,
2025-02-18,IEFA,76.51,76.62738,76.354,76.51,72.5559868701,72.667300708,72.4080489019,72.5559868701,7199275,7199275,0.0,1.0,tiingo_historical_seed,
2025-02-19,IEFA,75.73,75.89,75.5,75.69,71.8162970288,71.9680282783,71.5981833577,71.7783642164,12082214,12082214,0.0,1.0,tiingo_historical_seed,
2025-02-20,IEFA,75.97,76.145,75.66,76.1,72.0438939031,72.2098499572,71.7499146072,72.1671755433,7984457,7984457,0.0,1.0,tiingo_historical_seed,
2025-02-21,IEFA,76.1914,76.1968,75.465,75.62,72.2538520196,72.2589729492,71.5649921468,71.7119817948,5673801,5673801,0.0,1.0,tiingo_historical_seed,
2025-02-24,IEFA,75.92,76.005,75.42,75.55,71.9964778876,72.0770851139,71.5223177329,71.6455993731,7348603,7348603,0.0,1.0,tiingo_historical_seed,
2025-02-25,IEFA,76.51,76.51,75.8801,76.23,72.5559868701,72.5559868701,71.9586399073,72.2904571835,7596273,7596273,0.0,1.0,tiingo_historical_seed,
2025-02-26,IEFA,76.39,76.895,76.1347,76.27,72.442188433,72.9210901892,72.200082258,72.3283899959,6376802,6376802,0.0,1.0,tiingo_historical_seed,
2025-02-27,IEFA,76.09,76.1,75.39,75.44,72.1576923402,72.1671755433,71.4938681236,71.5412841391,10445634,10445634,0.0,1.0,tiingo_historical_seed,
2025-02-28,IEFA,75.32,75.59,74.835,75.38,71.427485702,71.6835321855,70.9675503519,71.4843849205,15905774,15905774,0.0,1.0,tiingo_historical_seed,
2025-03-03,IEFA,76.91,77.18,75.94,76.36,72.9353149939,73.1913614774,72.0154442938,72.4137388237,16129354,16129354,0.0,1.0,tiingo_historical_seed,
2025-03-04,IEFA,75.78,77.07,75.15,76.24,71.8637130443,73.0870462434,71.2662712494,72.2999403866,17149202,17149202,0.0,1.0,tiingo_historical_seed,
2025-03-05,IEFA,77.345,78.24,77.3,78.1,73.3478343285,74.1965810053,73.3051599145,74.063816162,12653590,12653590,0.0,1.0,tiingo_historical_seed,
2025-03-06,IEFA,77.64,78.21,77.305,77.38,73.6275888197,74.1681313961,73.3099015161,73.3810255393,14218739,14218739,0.0,1.0,tiingo_historical_seed,
2025-03-07,IEFA,77.48,78.295,77.3687,78.16,73.4758575702,74.2487386224,73.3703095198,74.1207153806,14148268,14148268,0.0,1.0,tiingo_historical_seed,
2025-03-10,IEFA,77.0,77.18,75.85,76.41,73.0206638217,73.1913614774,71.9300954659,72.4611548392,24873819,24873819,0.0,1.0,tiingo_historical_seed,
2025-03-11,IEFA,76.475,76.57,75.605,76.16,72.5227956593,72.6128860887,71.6977569901,72.2240747618,13154185,13154185,0.0,1.0,tiingo_historical_seed,
2025-03-12,IEFA,76.73,76.88,76.185,76.7,72.7646173382,72.9068653846,72.2477827696,72.7361677289,22026171,22026171,0.0,1.0,tiingo_historical_seed,
2025-03-13,IEFA,76.28,76.46,75.95,76.2,72.337873199,72.5085708547,72.0249274969,72.2620075742,27566096,27566096,0.0,1.0,tiingo_historical_seed,
2025-03-14,IEFA,76.95,77.64,76.81,77.61,72.9732478062,73.6275888197,72.8404829629,73.5991392104,15630883,15630883,0.0,1.0,tiingo_historical_seed,
2025-03-17,IEFA,77.84,78.58,77.61,78.44,73.8172528816,74.5190099105,73.5991392104,74.3862450672,14881430,14881430,0.0,1.0,tiingo_historical_seed,
2025-03-18,IEFA,78.38,78.55,77.995,78.46,74.3293458487,74.4905603012,73.9642425295,74.4052114734,13409224,13409224,0.0,1.0,tiingo_historical_seed,
2025-03-19,IEFA,78.23,78.9464,78.115,78.65,74.1870978022,74.8664744719,74.0780409667,74.5853923322,13345711,13345711,0.0,1.0,tiingo_historical_seed,
2025-03-20,IEFA,77.58,78.09,77.55,78.03,73.5706896012,74.0543329589,73.5422399919,73.9974337404,8124170,8124170,0.0,1.0,tiingo_historical_seed,
2025-03-21,IEFA,77.39,77.69,77.29,77.56,73.3905087424,73.6750048352,73.2956767114,73.551723195,6990485,6990485,0.0,1.0,tiingo_historical_seed,
2025-03-24,IEFA,77.52,77.6773,77.25,77.51,73.5137903826,73.6629611673,73.2577438991,73.5043071795,5287487,5287487,0.0,1.0,tiingo_historical_seed,
2025-03-25,IEFA,78.07,78.15,77.7733,77.97,74.0353665527,74.1112321775,73.753999917,73.9405345218,9116332,9116332,0.0,1.0,tiingo_historical_seed,
2025-03-26,IEFA,77.4699,77.64,76.83,76.98,73.4662795351,73.6275888197,72.8594493691,73.0016974155,9810216,9810216,0.0,1.0,tiingo_historical_seed,
2025-03-27,IEFA,76.9,77.305,76.71,77.1,72.9258317908,73.3099015161,72.745650932,73.1154958527,6902214,6902214,0.0,1.0,tiingo_historical_seed,
2025-03-28,IEFA,76.75,76.81,76.27,76.4,72.7835837444,72.8404829629,72.3283899959,72.4516716361,8957858,8957858,0.0,1.0,tiingo_historical_seed,
2025-03-31,IEFA,75.34,75.86,75.01,75.65,71.4464521082,71.939578669,71.1335064061,71.7404314041,15661295,15661295,0.0,1.0,tiingo_historical_seed,
2025-04-01,IEFA,75.77,76.075,75.355,75.84,71.8542298412,72.1434675355,71.4606769128,71.9206122628,8886368,8886368,0.0,1.0,tiingo_historical_seed,
2025-04-02,IEFA,75.21,76.08,75.18,76.01,71.3231704679,72.1482091371,71.2947208587,72.0818267154,9206699,9206699,0.0,1.0,tiingo_historical_seed,
2025-04-03,IEFA,75.28,75.45,74.31,74.4,71.3895528896,71.5507673422,70.4696821895,70.5550310173,14778438,14778438,0.0,1.0,tiingo_historical_seed,
2025-04-04,IEFA,71.5,71.77,69.485,69.56,67.8049021202,68.0609486037,65.8940366968,65.96516072,22442678,22442678,0.0,1.0,tiingo_historical_seed,
2025-04-07,IEFA,67.47,75.275,66.95,67.98,63.9831712734,71.384811288,63.4900447125,64.4668146312,50810568,50810568,0.0,1.0,tiingo_historical_seed,
2025-04-08,IEFA,70.5,70.5,67.075,67.83,66.8565818108,66.8565818108,63.6085847512,64.3245665848,32177815,32177815,0.0,1.0,tiingo_historical_seed,
2025-04-09,IEFA,68.01,73.22,67.6,73.11,64.4952642405,69.4360130523,64.1064529136,69.3316978183,36445950,36445950,0.0,1.0,tiingo_historical_seed,
2025-04-10,IEFA,71.7,71.92,69.89,71.55,67.994566182,68.2031966501,66.2781064221,67.8523181356,24172402,24172402,0.0,1.0,tiingo_historical_seed,
2025-04-11,IEFA,71.95,73.53,71.79,73.37,68.2316462594,69.7299923482,68.0799150099,69.5782610987,14885348,14885348,0.0,1.0,tiingo_historical_seed,
2025-04-14,IEFA,73.91,74.575,73.6057,74.2,70.0903540658,70.7209870715,69.8017801956,70.3653669555,9513638,9513638,0.0,1.0,tiingo_historical_seed,
2025-04-15,IEFA,74.7,75.18,74.675,74.82,70.8395271102,71.2947208587,70.8158191024,70.9533255473,11544943,11544943,0.0,1.0,tiingo_historical_seed,
2025-04-16,IEFA,74.9,75.3185,74.3,74.52,71.029191172,71.4260632215,70.4601989864,70.6688294545,13116023,13116023,0.0,1.0,tiingo_historical_seed,
2025-04-17,IEFA,75.23,75.83,75.11,75.36,71.3421368741,71.9111290598,71.228338437,71.4654185143,9270947,9270947,0.0,1.0,tiingo_historical_seed,
2025-04-21,IEFA,75.86,75.86,74.5035,75.03,71.939578669,71.939578669,70.6531821694,71.1524728123,10458831,10458831,0.0,1.0,tiingo_historical_seed,
2025-04-22,IEFA,76.1,76.885,75.9653,76.6,72.1671755433,72.9116069861,72.0394367976,72.641335698,9162921,9162921,0.0,1.0,tiingo_historical_seed,
2025-04-23,IEFA,77.26,77.71,76.573513,76.8,73.2672271022,73.6939712414,72.6162175379,72.8309997598,12381571,12381571,0.0,1.0,tiingo_historical_seed,
2025-04-24,IEFA,77.13,77.79,76.99,77.77,73.1439454619,73.7698368661,73.0111806186,73.7508704599,9320239,9320239,0.0,1.0,tiingo_historical_seed,
2025-04-25,IEFA,77.65,78.11,77.495,78.08,73.6370720228,74.0732993651,73.4900823749,74.0448497558,7843348,7843348,0.0,1.0,tiingo_historical_seed,
2025-04-28,IEFA,78.15,78.6863,78.12,78.62,74.1112321775,74.6198163594,74.0827825682,74.5569427229,10395371,10395371,0.0,1.0,tiingo_historical_seed,
2025-04-29,IEFA,78.54,78.9475,78.52,78.82,74.4810770982,74.8675176242,74.462110692,74.7466067848,5857085,5857085,0.0,1.0,tiingo_historical_seed,
2025-04-30,IEFA,78.27,78.93,77.885,78.71,74.2250306146,74.8509220188,73.8599272955,74.6422915507,18403846,18403846,0.0,1.0,tiingo_historical_seed,
2025-05-01,IEFA,78.92,78.94,78.35,78.49,74.8414388157,74.8604052219,74.3008962394,74.4336610827,12605924,12605924,0.0,1.0,tiingo_historical_seed,
2025-05-02,IEFA,79.8,80.11,79.655,79.89,75.675960688,75.9699399839,75.5384542431,75.7613095158,8247722,8247722,0.0,1.0,tiingo_historical_seed,
2025-05-05,IEFA,80.16,80.28,80.05,80.08,76.0173559993,76.1311544365,75.9130407653,75.9414903746,7012163,7012163,0.0,1.0,tiingo_historical_seed,
2025-05-06,IEFA,80.01,80.27,79.9201,80.02,75.8751079529,76.1216712334,75.7898539571,75.884591156,9581333,9581333,0.0,1.0,tiingo_historical_seed,
2025-05-07,IEFA,79.81,80.03,79.47,79.72,75.6854438911,75.8940743591,75.3630149859,75.6000950632,9469722,9469722,0.0,1.0,tiingo_historical_seed,
2025-05-08,IEFA,79.97,79.99,79.44,79.48,75.8371751406,75.8561415467,75.3345653766,75.372498189,11071866,11071866,0.0,1.0,tiingo_historical_seed,
2025-05-09,IEFA,80.11,80.12,79.69,79.9,75.9699399839,75.979423187,75.5716454539,75.7707927189,8175240,8175240,0.0,1.0,tiingo_historical_seed,
2025-05-12,IEFA,80.08,80.305,79.64,80.3,75.9414903746,76.1548624442,75.5242294385,76.1501208426,11426317,11426317,0.0,1.0,tiingo_historical_seed,
2025-05-13,IEFA,80.2,80.58,80.1141,80.38,76.0552888117,76.4156505293,75.9738280971,76.2259864674,9911392,9911392,0.0,1.0,tiingo_historical_seed,
2025-05-14,IEFA,80.65,80.69,79.97,80.03,76.4820329509,76.5199657633,75.8371751406,75.8940743591,7174662,7174662,0.0,1.0,tiingo_historical_seed,
2025-05-15,IEFA,80.6,80.94,80.4046,80.9,76.4346169355,76.7570458406,76.249315147,76.7191130283,7008354,7008354,0.0,1.0,tiingo_historical_seed,
2025-05-16,IEFA,80.84,81.139335,80.67,81.08,76.6622138097,76.9460792695,76.5009993571,76.889810684,7166798,7166798,0.0,1.0,tiingo_historical_seed,
2025-05-19,IEFA,81.07,81.84,81.055,81.82,76.8803274809,77.6105341191,76.8661026762,77.5915677129,7788150,7788150,0.0,1.0,tiingo_historical_seed,
2025-05-20,IEFA,82.01,82.29,81.955,82.23,77.7717485717,78.0372782583,77.7195909547,77.9803790397,9717782,9717782,0.0,1.0,tiingo_historical_seed,
2025-05-21,IEFA,82.34,82.6151,81.72,81.75,78.0846942738,78.3455771909,77.496735682,77.5251852912,8819443,8819443,0.0,1.0,tiingo_historical_seed,
2025-05-22,IEFA,81.46,81.91,81.325,81.69,77.2501724015,77.6769165407,77.1221491598,77.4682860727,9088932,9088932,0.0,1.0,tiingo_historical_seed,
2025-05-23,IEFA,81.05,82.0265,81.02,81.88,76.8613610747,77.7873958568,76.8329114654,77.6484669315,10761603,10761603,0.0,1.0,tiingo_historical_seed,
2025-05-27,IEFA,83.08,83.19,82.895,83.06,78.7864513027,78.8907665367,78.6110120455,78.7674848965,7775758,7775758,0.0,1.0,tiingo_historical_seed,
2025-05-28,IEFA,82.3,82.3699,81.99,82.1,78.0467614614,78.113049051,77.7527821655,77.8570973995,12434927,12434927,0.0,1.0,tiingo_historical_seed,
2025-05-29,IEFA,82.57,82.57,82.0899,82.47,78.3028079449,78.3028079449,77.8475193644,78.207975914,8930127,8930127,0.0,1.0,tiingo_historical_seed,
2025-05-30,IEFA,82.56,82.69,82.01,82.56,78.2933247418,78.416606382,77.7717485717,78.2933247418,13355090,13355090,0.0,1.0,tiingo_historical_seed,
2025-06-02,IEFA,82.82,83.53,82.55,83.5,78.5398880223,79.2131954419,78.2838415387,79.1847458326,11428200,11428200,0.0,1.0,tiingo_historical_seed,
2025-06-03,IEFA,82.67,82.925,82.435,82.82,78.3976399759,78.6394616548,78.1747847032,78.5398880223,12540249,12540249,0.0,1.0,tiingo_historical_seed,
2025-06-04,IEFA,83.04,83.4798,82.995,83.24,78.7485184903,79.1655897624,78.7058440764,78.9381825522,7322742,7322742,0.0,1.0,tiingo_historical_seed,
2025-06-05,IEFA,83.5,83.59,83.0097,83.17,79.1847458326,79.2700946605,78.719784385,78.8718001305,10133704,10133704,0.0,1.0,tiingo_historical_seed,
2025-06-06,IEFA,83.33,83.54,83.22,83.42,79.02353138,79.222678645,78.919216146,79.1088802079,10964046,10964046,0.0,1.0,tiingo_historical_seed,
2025-06-09,IEFA,83.33,83.7,83.28,83.41,79.02353138,79.3744098945,78.9761153646,79.0993970048,8611179,8611179,0.0,1.0,tiingo_historical_seed,
2025-06-10,IEFA,83.77,83.79,83.37,83.56,79.4407923162,79.4597587224,79.0614641924,79.2416450512,7427718,7427718,0.0,1.0,tiingo_historical_seed,
2025-06-11,IEFA,83.77,83.895,83.425,83.48,79.4407923162,79.5593323548,79.1136218094,79.1657794265,10061736,10061736,0.0,1.0,tiingo_historical_seed,
2025-06-12,IEFA,83.98,84.215,83.9,84.09,79.6399395811,79.8627948538,79.5640739564,79.7442548152,7739403,7739403,0.0,1.0,tiingo_historical_seed,
2025-06-13,IEFA,83.0,83.4867,82.83,83.03,78.710585678,79.1721331725,78.5493712254,78.7390352872,11960831,11960831,0.0,1.0,tiingo_historical_seed,
2025-06-16,IEFA,82.25,82.655,81.89,81.92,79.3956660769,79.786611302,79.0481592102,79.0771181158,12857144,12857144,1.466507,1.0,tiingo_historical_seed,
2025-06-17,IEFA,81.64,81.66,80.84,80.91,78.8068349972,78.8261409343,78.0345975156,78.1021682953,11235826,11235826,0.0,1.0,tiingo_historical_seed,
2025-06-18,IEFA,81.19,81.555,80.9399,81.09,78.3724514138,78.7247847648,78.1310306711,78.2759217286,14053312,14053312,0.0,1.0,tiingo_historical_seed,
2025-06-20,IEFA,81.11,81.1341,80.08,80.38,78.2952276657,78.3184913198,77.3009719081,77.5905609637,10720347,10720347,0.0,1.0,tiingo_historical_seed,
2025-06-23,IEFA,79.88,81.04,79.82,81.01,77.1079125377,78.227656886,77.0499947266,78.1986979805,17630797,17630797,0.0,1.0,tiingo_historical_seed,
2025-06-24,IEFA,81.66,82.1,81.5346,81.95,78.8261409343,79.2508715491,78.705092709,79.1060770213,13715567,13715567,0.0,1.0,tiingo_historical_seed,
2025-06-25,IEFA,81.63,81.74,81.375,81.56,78.7971820287,78.9033646824,78.5510313314,78.7296112491,12028772,12028772,0.0,1.0,tiingo_historical_seed,
2025-06-26,IEFA,82.3,82.5999,82.145,82.53,79.4439309195,79.7334234454,79.2943099075,79.6659491955,9514452,9514452,0.0,1.0,tiingo_historical_seed,
2025-06-27,IEFA,83.18,83.535,82.9301,83.31,80.2933921493,80.6360725317,80.052164466,80.41888074,10070202,10070202,0.0,1.0,tiingo_historical_seed,
2025-06-30,IEFA,83.13,83.49,82.96,83.48,80.2451273067,80.5926341734,80.0810268418,80.5829812049,10454605,10454605,0.0,1.0,tiingo_historical_seed,
2025-07-01,IEFA,83.16,83.4238,83.1,83.31,80.2740862122,80.5287315218,80.2161684011,80.41888074,8792383,8792383,0.0,1.0,tiingo_historical_seed,
2025-07-02,IEFA,83.05,83.56,82.89,83.53,80.1679035585,80.660204953,80.0134560622,80.6312460475,9570252,9570252,0.0,1.0,tiingo_historical_seed,
2025-07-03,IEFA,83.48,83.71,83.425,83.57,80.5829812049,80.8049994808,80.529889878,80.6698579216,5269429,5269429,0.0,1.0,tiingo_historical_seed,
2025-07-07,IEFA,83.01,83.18,82.42,82.635,80.1292916844,80.2933921493,79.5597665418,79.7673053649,10663322,10663322,0.0,1.0,tiingo_historical_seed,
2025-07-08,IEFA,82.82,83.34,82.71,83.28,79.9458852826,80.4478396456,79.8397026288,80.3899218345,7487914,7487914,0.0,1.0,tiingo_historical_seed,
2025-07-09,IEFA,83.6,83.9,83.42,83.86,80.6988168271,80.9884058827,80.5250633938,80.9497940086,7372725,7372725,0.0,1.0,tiingo_historical_seed,
2025-07-10,IEFA,83.67,83.89,83.46,83.86,80.7663876068,80.9787529142,80.5636752678,80.9497940086,6625849,6625849,0.0,1.0,tiingo_historical_seed,
2025-07-11,IEFA,83.2,83.22,82.94,83.07,80.3126980863,80.3320040234,80.0617209048,80.1872094956,6423391,6423391,0.0,1.0,tiingo_historical_seed,
2025-07-14,IEFA,82.775,83.14,82.75,83.05,79.9024469242,80.2547802752,79.8783145029,80.1679035585,10918865,10918865,0.0,1.0,tiingo_historical_seed,
2025-07-15,IEFA,83.095,83.095,82.16,82.17,80.2113419169,80.2113419169,79.3087893603,79.3184423288,7421219,7421219,0.0,1.0,tiingo_historical_seed,
2025-07-16,IEFA,82.2,82.6,81.94,82.6,79.3474012343,79.7335199751,79.0964240528,79.7335199751,18079735,18079735,0.0,1.0,tiingo_historical_seed,
2025-07-17,IEFA,82.39,82.81,82.305,82.74,79.5308076362,79.936232314,79.4487574038,79.8686615344,7674489,7674489,0.0,1.0,tiingo_historical_seed,
2025-07-18,IEFA,83.15,83.15,82.4901,82.56,80.2644332437,80.2644332437,79.6274338511,79.694908101,10585760,10585760,0.0,1.0,tiingo_historical_seed,
2025-07-21,IEFA,82.98,83.45,82.84,83.04,80.1003327789,80.5540222993,79.9651912196,80.15825059,8432156,8432156,0.0,1.0,tiingo_historical_seed,
2025-07-22,IEFA,83.16,83.57,82.94,83.49,80.2740862122,80.6698579216,80.0617209048,80.5926341734,16736263,16736263,0.0,1.0,tiingo_historical_seed,
2025-07-23,IEFA,84.62,85.53,84.55,85.51,81.6834196162,82.5618397515,81.6158488365,82.5425338144,19050354,19050354,0.0,1.0,tiingo_historical_seed,
2025-07-24,IEFA,85.02,85.25,84.86,84.87,82.069538357,82.2915566329,81.9150908606,81.9247438292,13709856,13709856,0.0,1.0,tiingo_historical_seed,
2025-07-25,IEFA,84.25,84.775,84.155,84.76,81.3262597809,81.8330406282,81.23455658,81.8185611754,8281536,8281536,0.0,1.0,tiingo_historical_seed,
2025-07-28,IEFA,83.89,83.91,83.24,83.41,80.9787529142,80.9980588512,80.3513099604,80.5154104252,9077263,9077263,0.0,1.0,tiingo_historical_seed,
2025-07-29,IEFA,83.41,83.41,83.07,83.2,80.5154104252,80.5154104252,80.1872094956,80.3126980863,11595936,11595936,0.0,1.0,tiingo_historical_seed,
2025-07-30,IEFA,82.94,83.21,82.335,82.64,80.0617209048,80.3223510548,79.4777163093,79.7721318492,10422618,10422618,0.0,1.0,tiingo_historical_seed,
2025-07-31,IEFA,82.37,82.375,81.655,81.87,79.5115016992,79.5163281834,78.82131445,79.0288532732,15403088,15403088,0.0,1.0,tiingo_historical_seed,
2025-08-01,IEFA,81.68,81.82,81.17,81.7,78.8454468713,78.9805884306,78.3531454768,78.8647528083,14843446,14843446,0.0,1.0,tiingo_historical_seed,
2025-08-04,IEFA,82.58,82.82,82.46,82.82,79.7142140381,79.9458852826,79.5983784158,79.9458852826,8224612,8224612,0.0,1.0,tiingo_historical_seed,
2025-08-05,IEFA,82.92,82.97,82.53,82.82,80.0424149678,80.0906798104,79.6659491955,79.9458852826,10010558,10010558,0.0,1.0,tiingo_historical_seed,
2025-08-06,IEFA,83.17,83.487,83.095,83.38,80.2837391808,80.5897382829,80.2113419169,80.4864515197,7748692,7748692,0.0,1.0,tiingo_historical_seed,
2025-08-07,IEFA,84.29,84.3246,83.725,84.11,81.364871655,81.3982709261,80.8194789336,81.1911182216,9217535,9217535,0.0,1.0,tiingo_historical_seed,
2025-08-08,IEFA,84.4,84.7199,84.33,84.57,81.4710543087,81.7798527717,81.4034835291,81.6351547736,6781766,6781766,0.0,1.0,tiingo_historical_seed,
2025-08-11,IEFA,84.33,84.4183,84.11,84.22,81.4034835291,81.4887192411,81.1911182216,81.2973008754,8617665,8617665,0.0,1.0,tiingo_historical_seed,
2025-08-12,IEFA,84.54,85.24,84.435,85.21,81.606195868,82.2819036644,81.5048396985,82.2529447588,9576068,9576068,0.0,1.0,tiingo_historical_seed,
2025-08-13,IEFA,85.49,85.685,85.42,85.64,82.5232278774,82.7114607635,82.4556570978,82.6680224052,7214314,7214314,0.0,1.0,tiingo_historical_seed,
2025-08-14,IEFA,85.27,85.64,85.24,85.6,82.31086257,82.6680224052,82.2819036644,82.6294105311,6940094,6940094,0.0,1.0,tiingo_historical_seed,
2025-08-15,IEFA,86.16,86.1753,85.975,86.13,83.1699767682,83.1847458101,82.9913968506,83.1410178627,7881808,7881808,0.0,1.0,tiingo_historical_seed,
2025-08-18,IEFA,85.87,86.045,85.74,86.04,82.8900406812,83.0589676303,82.7645520904,83.054141146,7691153,7691153,0.0,1.0,tiingo_historical_seed,
2025-08-19,IEFA,86.26,86.4081,85.95,86.05,83.2665064534,83.4094669172,82.9672644293,83.0637941145,9165835,9165835,0.0,1.0,tiingo_historical_seed,
2025-08-20,IEFA,86.22,86.325,85.995,86.31,83.2278945794,83.3292507488,83.0107027877,83.314771296,18487396,18487396,0.0,1.0,tiingo_historical_seed,
2025-08-21,IEFA,85.84,85.97,85.63,85.76,82.8610817756,82.9865703664,82.6583694367,82.7838580274,7447517,7447517,0.0,1.0,tiingo_historical_seed,
2025-08-22,IEFA,86.11,87.25,86.0739,87.11,83.1217119256,84.2221503369,83.0868647093,84.0870087776,7197782,7197782,0.0,1.0,tiingo_historical_seed,
2025-08-25,IEFA,86.68,86.855,85.98,85.99,83.6719311313,83.8408580804,82.9962233349,83.0058763034,6595811,6595811,0.0,1.0,tiingo_historical_seed,
2025-08-26,IEFA,85.78,85.97,85.705,85.92,82.8031639645,82.9865703664,82.7307667006,82.9383055238,7276551,7276551,0.0,1.0,tiingo_historical_seed,
2025-08-27,IEFA,85.26,85.75,85.14,85.72,82.3012096014,82.7742050589,82.1853739792,82.7452461534,6382547,6382547,0.0,1.0,tiingo_historical_seed,
2025-08-28,IEFA,86.01,86.145,85.845,86.04,83.0251822404,83.1554973155,82.8659082599,83.054141146,10529669,10529669,0.0,1.0,tiingo_historical_seed,
2025-08-29,IEFA,85.58,85.695,85.4001,85.51,82.6101045941,82.7211137321,82.4364476904,82.5425338144,9723105,9723105,0.0,1.0,tiingo_historical_seed,
2025-09-02,IEFA,84.25,84.835,84.1746,84.72,81.3262597809,81.8909584393,81.2534763983,81.7799493014,8818021,8818021,0.0,1.0,tiingo_historical_seed,
2025-09-03,IEFA,84.56,84.91,84.51,84.86,81.625501805,81.9633557032,81.5772369624,81.9150908606,9404254,9404254,0.0,1.0,tiingo_historical_seed,
2025-09-04,IEFA,85.06,85.43,84.98,85.4,82.108150231,82.4653100663,82.0309264829,82.4363511607,7394763,7394763,0.0,1.0,tiingo_historical_seed,
2025-09-05,IEFA,86.19,86.385,85.58,85.85,83.1989356738,83.3871685599,82.6101045941,82.8707347441,8104252,8104252,0.0,1.0,tiingo_historical_seed,
2025-09-08,IEFA,86.54,86.7755,86.31,86.74,83.536789572,83.7641169807,83.314771296,83.7298489424,7721220,7721220,0.0,1.0,tiingo_historical_seed,
2025-09-09,IEFA,86.37,86.55,86.215,86.43,83.3726891072,83.5464425405,83.2230680951,83.4306069183,29848226,29848226,0.0,1.0,tiingo_historical_seed,
2025-09-10,IEFA,86.635,86.765,86.295,86.43,83.6284927729,83.7539813637,83.3002918433,83.4306069183,8151601,8151601,0.0,1.0,tiingo_historical_seed,
2025-09-11,IEFA,86.72,87.36,86.72,87.35,83.7105430054,84.3283329906,83.7105430054,84.3186800221,7648732,7648732,0.0,1.0,tiingo_historical_seed,
2025-09-12,IEFA,87.0,87.11,86.7742,86.96,83.9808261239,84.0870087776,83.7628620947,83.9422142498,8022060,8022060,0.0,1.0,tiingo_historical_seed,
2025-09-15,IEFA,87.34,87.575,87.28,87.53,84.3090270536,84.5358718138,84.2511092425,84.4924334555,29907116,29907116,0.0,1.0,tiingo_historical_seed,
2025-09-16,IEFA,87.51,87.51,87.06,87.35,84.4731275184,84.4731275184,84.038743935,84.3186800221,18447507,18447507,0.0,1.0,tiingo_historical_seed,
2025-09-17,IEFA,87.24,87.725,86.64,87.02,84.2124973684,84.6806663416,83.6333192572,84.000132061,16795178,16795178,0.0,1.0,tiingo_historical_seed,
2025-09-18,IEFA,87.07,87.4374,86.805,87.33,84.0483969036,84.403046967,83.7925932378,84.2993740851,9924457,9924457,0.0,1.0,tiingo_historical_seed,
2025-09-19,IEFA,87.02,87.075,86.73,86.87,84.000132061,84.0532233878,83.7201959739,83.8553375332,10223274,10223274,0.0,1.0,tiingo_historical_seed,
2025-09-22,IEFA,86.9,87.2455,86.7,87.2,83.8842964387,84.2178065011,83.6912370683,84.1738854943,9168074,9168074,0.0,1.0,tiingo_historical_seed,
2025-09-23,IEFA,87.42,87.56,86.96,87.05,84.3862508018,84.521392361,83.9422142498,84.0290909665,11134754,11134754,0.0,1.0,tiingo_historical_seed,
2025-09-24,IEFA,86.68,86.88,86.43,86.5,83.6719311313,83.8649905017,83.4306069183,83.4981776979,11586696,11586696,0.0,1.0,tiingo_historical_seed,
2025-09-25,IEFA,85.95,86.01,85.55,85.91,82.9672644293,83.0251822404,82.5811456885,82.9286525552,12214528,12214528,0.0,1.0,tiingo_historical_seed,
2025-09-26,IEFA,86.26,86.56,86.1839,86.53,83.2665064534,83.556095509,83.193047363,83.5271366035,11292461,11292461,0.0,1.0,tiingo_historical_seed,
2025-09-29,IEFA,86.85,86.955,86.69,86.9,83.8360315961,83.9373877656,83.6815840998,83.8842964387,10217396,10217396,0.0,1.0,tiingo_historical_seed,
2025-09-30,IEFA,86.84,87.3554,86.8,87.31,83.8263786276,84.3238926251,83.7877667535,84.280068148,14996885,14996885,0.0,1.0,tiingo_historical_seed,
2025-10-01,IEFA,87.67,88.05,87.67,87.9,84.6275750148,84.9943878185,84.6275750148,84.8495932907,12914484,12914484,0.0,1.0,tiingo_historical_seed,
2025-10-02,IEFA,88.29,88.3109,87.645,88.05,85.226059063,85.2462337672,84.6034425935,84.9943878185,8991463,8991463,0.0,1.0,tiingo_historical_seed,
2025-10-03,IEFA,88.67,88.995,88.5819,88.84,85.5928718668,85.9065933437,85.5078292141,85.7569723316,10101242,10101242,0.0,1.0,tiingo_historical_seed,
2025-10-06,IEFA,88.96,89.2,88.84,88.99,85.8728079538,86.1044791983,85.7569723316,85.9017668594,7972353,7972353,0.0,1.0,tiingo_historical_seed,
2025-10-07,IEFA,88.69,88.72,88.1701,88.19,85.6121778038,85.6411367094,85.1103199705,85.1295293778,8526380,8526380,0.0,1.0,tiingo_historical_seed,
2025-10-08,IEFA,88.46,88.5785,88.26,88.47,85.3901595278,85.5045472048,85.1971001574,85.3998124964,9488758,9488758,0.0,1.0,tiingo_historical_seed,
2025-10-09,IEFA,88.47,88.51,87.54,87.75,85.3998124964,85.4384243704,84.502086424,84.7047987629,8131935,8131935,0.0,1.0,tiingo_historical_seed,
2025-10-10,IEFA,87.37,87.5,85.985,86.09,84.3379859592,84.4634745499,83.0010498191,83.1024059886,16564436,16564436,0.0,1.0,tiingo_historical_seed,
2025-10-13,IEFA,86.51,86.92,86.38,86.805,83.5078306664,83.9036023758,83.3823420757,83.7925932378,6583206,6583206,0.0,1.0,tiingo_historical_seed,
2025-10-14,IEFA,86.32,87.44,86.202,87.22,83.3244242646,84.4055567388,83.210519236,84.1931914314,12389426,12389426,0.0,1.0,tiingo_historical_seed,
2025-10-15,IEFA,87.59,87.875,87.1017,87.61,84.5503512666,84.8254608694,84.0789968138,84.5696572036,7765665,7765665,0.0,1.0,tiingo_historical_seed,
2025-10-16,IEFA,88.11,88.39,87.715,88.02,85.0523056296,85.3225887482,84.6710133731,84.965428913,10198215,10198215,0.0,1.0,tiingo_historical_seed,
2025-10-17,IEFA,87.75,88.2051,87.61,88.11,84.7047987629,85.1441053603,84.5696572036,85.0523056296,11622169,11622169,0.0,1.0,tiingo_historical_seed,
2025-10-20,IEFA,88.54,88.9074,88.52,88.83,85.467383276,85.8220333394,85.448077339,85.7473193631,11990478,11990478,0.0,1.0,tiingo_historical_seed,
2025-10-21,IEFA,88.405,88.57,88.13,88.19,85.337068201,85.4963421816,85.0716115667,85.1295293778,8268873,8268873,0.0,1.0,tiingo_historical_seed,
2025-10-22,IEFA,88.18,88.395,87.735,88.11,85.1198764093,85.3274152325,84.6903193101,85.0523056296,10263849,10263849,0.0,1.0,tiingo_historical_seed,
2025-10-23,IEFA,88.34,88.67,88.325,88.56,85.2743239056,85.5928718668,85.2598444528,85.486689213,8013704,8013704,0.0,1.0,tiingo_historical_seed,
2025-10-24,IEFA,88.7,88.88,88.63,88.7,85.6218307723,85.7955842057,85.5542599927,85.6218307723,8171406,8171406,0.0,1.0,tiingo_historical_seed,
2025-10-27,IEFA,89.24,89.37,89.145,89.32,86.1430910724,86.2685796632,86.0513878715,86.2203148206,7492339,7492339,0.0,1.0,tiingo_historical_seed,
2025-10-28,IEFA,89.18,89.465,89.03,89.19,86.0851732613,86.3602828641,85.9403787335,86.0948262298,9091553,9091553,0.0,1.0,tiingo_historical_seed,
2025-10-29,IEFA,89.21,89.25,88.22,88.65,86.1141321668,86.1527440409,85.1584882834,85.5735659297,12231519,12231519,0.0,1.0,tiingo_historical_seed,
2025-10-30,IEFA,88.12,88.66,88.115,88.3,85.0619585982,85.5832188982,85.0571321139,85.2357120315,12345567,12345567,0.0,1.0,tiingo_historical_seed,
2025-10-31,IEFA,88.21,88.21,87.75,88.09,85.1488353148,85.1488353148,84.7047987629,85.0329996926,11333863,11333863,0.0,1.0,tiingo_historical_seed,
2025-11-03,IEFA,88.15,88.2215,87.87,88.1,85.0909175037,85.1599362286,84.8206343852,85.0426526611,10191410,10191410,0.0,1.0,tiingo_historical_seed,
2025-11-04,IEFA,87.19,87.655,87.14,87.22,84.1642325258,84.613095562,84.1159676832,84.1931914314,10759647,10759647,0.0,1.0,tiingo_historical_seed,
2025-11-05,IEFA,87.32,87.89,87.29,87.75,84.2897211166,84.8399403222,84.260762211,84.7047987629,9106554,9106554,0.0,1.0,tiingo_historical_seed,
2025-11-06,IEFA,87.79,87.88,87.26,87.52,84.743410637,84.8302873537,84.2318033054,84.482780487,14144400,14144400,0.0,1.0,tiingo_historical_seed,
2025-11-07,IEFA,87.18,87.845,86.96,87.82,84.1545795573,84.7965019639,83.9422142498,84.7723695426,13360717,13360717,0.0,1.0,tiingo_historical_seed,
2025-11-10,IEFA,88.39,88.81,88.14,88.78,85.3225887482,85.728013426,85.0812645352,85.6990545205,10766363,10766363,0.0,1.0,tiingo_historical_seed,
2025-11-11,IEFA,89.04,89.4902,89.04,89.36,85.950031702,86.3846083448,85.950031702,86.2589266946,10121739,10121739,0.0,1.0,tiingo_historical_seed,
2025-11-12,IEFA,89.62,89.98,89.61,89.88,86.5099038762,86.8574107429,86.5002509076,86.7608810577,8779116,8779116,0.0,1.0,tiingo_historical_seed,
2025-11-13,IEFA,89.7,89.8,88.84,88.91,86.5871276243,86.6836573095,85.7569723316,85.8245431112,14003833,14003833,0.0,1.0,tiingo_historical_seed,
2025-11-14,IEFA,88.38,88.9635,88.27,88.75,85.3129357797,85.8761864928,85.206753126,85.6700956149,14977004,14977004,0.0,1.0,tiingo_historical_seed,
2025-11-17,IEFA,88.12,88.4,87.275,87.56,85.0619585982,85.3322417167,84.2462827582,84.521392361,14105428,14105428,0.0,1.0,tiingo_historical_seed,
2025-11-18,IEFA,86.44,86.7799,85.995,86.49,83.4402598868,83.7683642868,83.0107027877,83.4885247294,16972072,16972072,0.0,1.0,tiingo_historical_seed,
2025-11-19,IEFA,86.37,86.735,85.8798,86.24,83.3726891072,83.7250224581,82.8995005903,83.2472005164,14355189,14355189,0.0,1.0,tiingo_historical_seed,
2025-11-20,IEFA,86.78,86.88,85.025,85.06,83.7684608165,83.8649905017,82.0743648412,82.108150231,19499627,19499627,0.0,1.0,tiingo_historical_seed,
2025-11-21,IEFA,85.85,86.58,85.53,86.36,82.8707347441,83.5754014461,82.5618397515,83.3630361386,15360029,15360029,0.0,1.0,tiingo_historical_seed,
2025-11-24,IEFA,86.21,86.6186,86.105,86.54,83.2182416108,83.6126619046,83.1168854414,83.536789572,11555933,11555933,0.0,1.0,tiingo_historical_seed,
2025-11-25,IEFA,86.81,87.57,86.63,87.54,83.797419722,84.5310453296,83.6236662887,84.502086424,11979188,11979188,0.0,1.0,tiingo_historical_seed,
2025-11-26,IEFA,87.92,88.61,87.88,88.46,84.8688992278,85.5349540556,84.8302873537,85.3901595278,7652076,7652076,0.0,1.0,tiingo_historical_seed,
2025-11-28,IEFA,88.49,88.87,88.42,88.84,85.4191184334,85.7859312372,85.3515476538,85.7569723316,4678540,4678540,0.0,1.0,tiingo_historical_seed,
2025-12-01,IEFA,88.57,88.8,88.345,88.38,85.4963421816,85.7183604575,85.2791503899,85.3129357797,17050937,17050937,0.0,1.0,tiingo_historical_seed,
2025-12-02,IEFA,88.635,88.6958,88.35,88.64,85.5590864769,85.6177765255,85.2839768741,85.5639129612,10534300,10534300,0.0,1.0,tiingo_historical_seed,
2025-12-03,IEFA,88.64,89.11,88.625,89.06,85.5639129612,86.0176024816,85.5494335084,85.969337639,13524104,13524104,0.0,1.0,tiingo_historical_seed,
2025-12-04,IEFA,89.545,89.635,89.135,89.29,86.4375066123,86.5243833289,86.0417349029,86.191355915,9512810,9512810,0.0,1.0,tiingo_historical_seed,
2025-12-05,IEFA,89.59,89.67,89.135,89.32,86.4809449706,86.5581687188,86.0417349029,86.2203148206,11785154,11785154,0.0,1.0,tiingo_historical_seed,
2025-12-08,IEFA,89.32,89.345,88.885,89.07,86.2203148206,86.2444472419,85.8004106899,85.9789906076,10293266,10293266,0.0,1.0,tiingo_historical_seed,
2025-12-09,IEFA,89.11,89.33,88.9,88.94,86.0176024816,86.2299677891,85.8148901427,85.8535020168,11021596,11021596,0.0,1.0,tiingo_historical_seed,
2025-12-10,IEFA,89.04,90.04,89.01,89.92,85.950031702,86.915328554,85.9210727964,86.7994929318,12096480,12096480,0.0,1.0,tiingo_historical_seed,
2025-12-11,IEFA,90.07,90.5351,90.04,90.38,86.9442874596,87.3932470254,86.915328554,87.2435294837,11486721,11486721,0.0,1.0,tiingo_historical_seed,
2025-12-12,IEFA,90.39,90.55,89.58,89.9,87.2531824522,87.4076299485,86.4712920021,86.7801869947,12695131,12695131,0.0,1.0,tiingo_historical_seed,
2025-12-15,IEFA,90.65,90.7499,90.2228,90.43,87.5041596337,87.6005927892,87.0917848185,87.2917943263,12177453,12177453,0.0,1.0,tiingo_historical_seed,
2025-12-16,IEFA,88.61,88.67,88.08,88.34,87.1912231227,87.2502624341,86.6697092049,86.9255462212,14453668,14453668,1.710585,1.0,tiingo_historical_seed,
2025-12-17,IEFA,88.22,88.3875,87.655,87.655,86.8074675983,86.9722856761,86.2515140822,86.2515140822,10941807,10941807,0.0,1.0,tiingo_historical_seed,
2025-12-18,IEFA,88.45,88.755,88.0826,88.3,87.0337849588,87.3339014587,86.6722675751,86.8861866802,14358196,14358196,0.0,1.0,tiingo_historical_seed,
2025-12-19,IEFA,88.73,89.1499,88.675,88.85,87.3093017456,87.7224785269,87.2551823768,87.4273803685,12837360,12837360,0.0,1.0,tiingo_historical_seed,
2025-12-22,IEFA,88.9,89.196,88.85,89.17,87.4765797947,87.7678403978,87.4273803685,87.7422566962,11215064,11215064,0.0,1.0,tiingo_historical_seed,
2025-12-23,IEFA,89.66,89.83,89.5936,89.75,88.224411073,88.3916891221,88.159074235,88.3129700402,8192214,8192214,0.0,1.0,tiingo_historical_seed,
2025-12-24,IEFA,89.81,89.905,89.655,89.8,88.3720093516,88.4654882614,88.2194911304,88.3621694664,5626517,5626517,0.0,1.0,tiingo_historical_seed,
2025-12-26,IEFA,89.92,89.975,89.735,89.94,88.4802480893,88.5343674581,88.2982102123,88.4999278598,6879940,6879940,0.0,1.0,tiingo_historical_seed,
2025-12-29,IEFA,89.64,89.885,89.53,89.73,88.2047313025,88.445808491,88.0964925649,88.2932902697,11225008,11225008,0.0,1.0,tiingo_historical_seed,
2025-12-30,IEFA,90.01,90.1852,89.84,89.87,88.5688070565,88.7412018459,88.4015290074,88.4310486631,8619726,8619726,0.0,1.0,tiingo_historical_seed,
2025-12-31,IEFA,89.76,89.76,89.37,89.46,88.3228099254,88.3228099254,87.939054401,88.0276133682,15815668,15815668,0.0,1.0,tiingo_historical_seed,
2026-01-02,IEFA,90.35,90.43,89.91,90.35,88.9033631547,88.9820822366,88.4704082041,88.9033631547,16223270,16223270,0.0,1.0,tiingo_historical_seed,
2026-01-05,IEFA,90.52,91.45,90.52,91.42,89.0706412038,89.9857505312,89.0706412038,89.9562308755,10998213,10998213,0.0,1.0,tiingo_historical_seed,
2026-01-06,IEFA,91.52,91.73,91.4,91.56,90.0546297279,90.261267318,89.936551105,90.0939892689,11428505,11428505,0.0,1.0,tiingo_historical_seed,
2026-01-07,IEFA,91.52,91.58,91.23,91.3,90.0546297279,90.1136690393,89.7692730559,89.8381522526,16593182,16593182,0.0,1.0,tiingo_historical_seed,
2026-01-08,IEFA,91.02,91.36,90.955,91.34,89.5626354658,89.897191564,89.4986762118,89.8775117936,9934613,9934613,0.0,1.0,tiingo_historical_seed,
2026-01-09,IEFA,91.78,92.225,91.715,92.14,90.3104667442,90.7483416374,90.2465074901,90.6647026129,11604505,11604505,0.0,1.0,tiingo_historical_seed,
2026-01-12,IEFA,92.46,92.705,92.405,92.67,90.9795789406,91.220656129,90.9254595717,91.1862165306,11151150,11151150,0.0,1.0,tiingo_historical_seed,
2026-01-13,IEFA,92.47,92.47,91.9,92.08,90.9894188258,90.9894188258,90.4285453671,90.6056633014,34342064,34342064,0.0,1.0,tiingo_historical_seed,
2026-01-14,IEFA,92.39,92.56,92.18,92.52,90.9106997439,91.077977793,90.7040621538,91.038618252,15874489,15874489,0.0,1.0,tiingo_historical_seed,
2026-01-15,IEFA,92.82,92.82,92.46,92.5,91.3338148093,91.3338148093,90.9795789406,91.0189384815,21724647,21724647,0.0,1.0,tiingo_historical_seed,
2026-01-16,IEFA,92.74,92.7998,92.37,92.75,91.2550957273,91.3139382411,90.8910199734,91.2649356126,11452910,11452910,0.0,1.0,tiingo_historical_seed,
2026-01-20,IEFA,91.45,92.0299,91.2501,91.42,89.9857505312,90.5563654763,89.7890512252,89.9562308755,16923171,16923171,0.0,1.0,tiingo_historical_seed,
2026-01-21,IEFA,91.74,92.61,91.33,92.43,90.2711072032,91.1271772192,89.8676719083,90.9500592849,19695597,19695597,0.0,1.0,tiingo_historical_seed,
2026-01-22,IEFA,92.84,93.03,92.58,92.81,91.3534945797,91.5404523993,91.0976575635,91.323974924,9829770,9829770,0.0,1.0,tiingo_historical_seed,
2026-01-23,IEFA,92.63,93.37,92.4401,93.33,91.1468569897,91.8750084975,90.9599975689,91.8356489566,14710893,14710893,0.0,1.0,tiingo_historical_seed,
2026-01-26,IEFA,93.85,94.14,93.805,93.85,92.3473229891,92.6326796611,92.3030435055,92.3473229891,12462655,12462655,0.0,1.0,tiingo_historical_seed,
2026-01-27,IEFA,94.73,95.5,94.7,95.33,93.2132328903,93.9709040539,93.1837132346,93.8036260048,14094601,14094601,0.0,1.0,tiingo_historical_seed,
2026-01-28,IEFA,94.5,94.62,93.91,94.36,92.9869155298,93.1049941527,92.4063623006,92.8491571364,17177147,17177147,0.0,1.0,tiingo_historical_seed,
2026-01-29,IEFA,95.28,95.315,93.88,94.9,93.7544265786,93.788866177,92.3768426448,93.3805109394,23659365,23659365,0.0,1.0,tiingo_historical_seed,
2026-01-30,IEFA,94.58,94.73,93.64,94.05,93.0656346117,93.2132328903,92.140685399,92.5441206939,23238547,23238547,0.0,1.0,tiingo_historical_seed,
2026-02-02,IEFA,94.03,94.66,94.01,94.54,92.5244409235,93.1443536937,92.504761153,93.0262750708,15864558,15864558,0.0,1.0,tiingo_historical_seed,
2026-02-03,IEFA,94.335,94.786,93.885,94.61,92.8245574233,93.2683362477,92.3817625875,93.0951542674,16293027,16293027,0.0,1.0,tiingo_historical_seed,
2026-02-04,IEFA,95.61,95.72,94.54,94.94,94.0791427916,94.1873815292,93.0262750708,93.4198704804,20843239,20843239,0.0,1.0,tiingo_historical_seed,
2026-02-05,IEFA,93.95,94.36,93.54,93.58,92.4457218415,92.8491571364,92.0422865466,92.0816460876,15348018,15348018,0.0,1.0,tiingo_historical_seed,
2026-02-06,IEFA,94.825,95.7,94.78,95.66,93.3067118001,94.1677017587,93.2624323165,94.1283422178,14045596,14045596,0.0,1.0,tiingo_historical_seed,
2026-02-09,IEFA,96.33,97.165,96.185,97.02,94.7876145289,95.6092449466,94.6449361929,95.4665666106,18028620,18028620,0.0,1.0,tiingo_historical_seed,
2026-02-10,IEFA,97.59,97.72,97.325,97.38,96.0274400693,96.1553585775,95.7666831104,95.8208024793,14168484,14168484,0.0,1.0,tiingo_historical_seed,
2026-02-11,IEFA,97.865,98.16,97.26,97.91,96.2980369135,96.5883135281,95.7027238564,96.3423163971,15296192,15296192,0.0,1.0,tiingo_historical_seed,
2026-02-12,IEFA,98.15,98.24,96.94,97.2,96.5784736428,96.66703261,95.3878475287,95.6436845449,18607620,18607620,0.0,1.0,tiingo_historical_seed,
2026-02-13,IEFA,96.97,97.475,96.55,97.275,95.4173671844,95.9142813891,95.0040920042,95.7174836842,15674956,15674956,0.0,1.0,tiingo_historical_seed,
2026-02-17,IEFA,96.56,97.405,96.19,97.28,95.0139318895,95.8454021924,94.6498561356,95.7224036269,12939458,12939458,0.0,1.0,tiingo_historical_seed,
2026-02-18,IEFA,97.44,97.9,97.1648,97.34,95.8798417907,96.3324765118,95.6090481489,95.7814429383,12202952,12202952,0.0,1.0,tiingo_historical_seed,
2026-02-19,IEFA,96.7,97.12,96.515,97.05,95.1516902829,95.564965463,94.9696524059,95.4960862663,13230996,13230996,0.0,1.0,tiingo_historical_seed,
2026-02-20,IEFA,97.01,98.0,96.91,97.93,95.4567267253,96.4308753642,95.3583278729,96.3619961675,22296901,22296901,0.0,1.0,tiingo_historical_seed,
2026-02-23,IEFA,97.82,98.07,97.215,97.45,96.2537574299,96.4997545609,95.6584443728,95.889681676,16102593,16102593,0.0,1.0,tiingo_historical_seed,
2026-02-24,IEFA,97.22,97.849,97.1,97.62,95.6633643154,96.2822930971,95.5452856925,96.0569597251,11749941,11749941,0.0,1.0,tiingo_historical_seed,
2026-02-25,IEFA,98.16,98.665,98.0569,98.56,96.5883135281,97.0852277328,96.4868643112,96.9819089377,13182156,13182156,0.0,1.0,tiingo_historical_seed,
2026-02-26,IEFA,98.51,98.585,97.815,98.43,96.9327095115,97.0065086508,96.2488374873,96.8539904296,15179565,15179565,0.0,1.0,tiingo_historical_seed,
2026-02-27,IEFA,98.53,98.83,98.225,98.32,96.952389282,97.2475858393,96.6522727822,96.7457516919,18056417,18056417,0.0,1.0,tiingo_historical_seed,
2026-03-02,IEFA,95.97,96.835,95.92,96.42,94.4333786603,95.2845287336,94.384179234,94.8761734961,23279813,23279813,0.0,1.0,tiingo_historical_seed,
2026-03-03,IEFA,92.22,93.895,91.35,93.48,90.7434216948,92.3916024727,89.8873516788,91.9832472352,37922071,37922071,0.0,1.0,tiingo_historical_seed,
2026-03-04,IEFA,94.13,94.755,93.7,94.62,92.6228397759,93.2378326034,92.1997247105,93.1049941527,40071913,40071913,0.0,1.0,tiingo_historical_seed,
2026-03-05,IEFA,93.18,93.665,91.759,92.64,91.6880506779,92.1652851121,90.2898029852,91.1566968749,24448542,24448542,0.0,1.0,tiingo_historical_seed,
2026-03-06,IEFA,90.9,92.215,90.725,91.87,89.4445568429,90.7385017522,89.2723588512,90.3990257113,21200243,21200243,0.0,1.0,tiingo_historical_seed,
2026-03-09,IEFA,90.34,92.7577,89.63,92.44,88.8935232694,91.2725123242,88.1948914173,90.9598991701,28960206,28960206,0.0,1.0,tiingo_historical_seed,
2026-03-10,IEFA,93.08,94.13,92.47,92.6,91.5896518255,92.6228397759,90.9894188258,91.117337334,34174883,34174883,0.0,1.0,tiingo_historical_seed,
2026-03-11,IEFA,92.01,92.74,91.715,92.37,90.5367841047,91.2550957273,90.2465074901,90.8910199734,12289838,12289838,0.0,1.0,tiingo_historical_seed,
2026-03-12,IEFA,91.45,91.55,90.4801,90.9,89.9857505312,90.0841493836,89.0313800617,89.4445568429,19948302,19948302,0.0,1.0,tiingo_historical_seed,
2026-03-13,IEFA,91.09,91.45,89.655,89.78,89.6315146625,89.9857505312,88.2194911304,88.3424896959,14352373,14352373,0.0,1.0,tiingo_historical_seed,
2026-03-16,IEFA,90.98,91.64,90.825,91.44,89.5232759249,90.1727083508,89.3707577036,89.975910646,12277493,12277493,0.0,1.0,tiingo_historical_seed,
2026-03-17,IEFA,92.05,92.225,91.56,91.69,90.5761436457,90.7483416374,90.0939892689,90.221907777,11902320,11902320,0.0,1.0,tiingo_historical_seed,
2026-03-18,IEFA,91.32,91.435,90.12,90.2,89.8578320231,89.9709907033,88.6770457941,88.7557648761,11951366,11951366,0.0,1.0,tiingo_historical_seed,
2026-03-19,IEFA,88.48,90.57,88.39,90.04,87.0633046146,89.11984063,86.9747456474,88.5983267122,22555814,22555814,0.0,1.0,tiingo_historical_seed,
2026-03-20,IEFA,89.63,89.7,86.785,87.23,88.1948914173,88.263770614,85.3954440662,85.8333189594,21736310,21736310,0.0,1.0,tiingo_historical_seed,
2026-03-23,IEFA,89.17,90.46,88.54,89.41,87.7422566962,89.0116018923,87.122343926,87.978413942,30511128,30511128,0.0,1.0,tiingo_historical_seed,
2026-03-24,IEFA,88.25,89.35,88.04,88.78,86.836987254,87.9193746305,86.6303496639,87.3585011718,16146044,16146044,0.0,1.0,tiingo_historical_seed,
2026-03-25,IEFA,90.41,90.62,89.67,90.14,88.9624024661,89.1690400562,88.2342509583,88.6967255646,15262780,15262780,0.0,1.0,tiingo_historical_seed,
2026-03-26,IEFA,89.01,89.75,88.285,88.33,87.5848185323,88.3129700402,86.8714268524,86.9157063359,11627141,11627141,0.0,1.0,tiingo_historical_seed,
2026-03-27,IEFA,88.01,88.45,87.215,87.47,86.6008300082,87.0337849588,85.8185591315,86.0694762052,14970011,14970011,0.0,1.0,tiingo_historical_seed,
2026-03-30,IEFA,88.21,88.525,87.33,87.69,86.797627713,87.1075840981,85.9317178118,86.2859536805,11638789,11638789,0.0,1.0,tiingo_historical_seed,
2026-03-31,IEFA,89.01,90.6,88.61,90.53,87.5848185323,89.1493602857,87.1912231227,89.080481089,23207287,23207287,0.0,1.0,tiingo_historical_seed,
2026-04-01,IEFA,91.9,92.605,91.59,91.91,90.4285453671,91.1222572766,90.1235089246,90.4383852523,15798741,15798741,0.0,1.0,tiingo_historical_seed,
2026-04-02,IEFA,89.95,91.755,89.61,91.41,88.509767745,90.2858670311,88.1752116468,89.9463909902,17592815,17592815,0.0,1.0,tiingo_historical_seed,
2026-04-06,IEFA,91.51,92.1,91.455,91.89,90.0447898427,90.6253430719,89.9906704738,90.4187054818,9226031,9226031,0.0,1.0,tiingo_historical_seed,
2026-04-07,IEFA,91.2,91.92,90.29,91.75,89.7397534002,90.4482251375,88.8443238432,90.2809470884,12515114,12515114,0.0,1.0,tiingo_historical_seed,
2026-04-08,IEFA,95.78,95.78,94.75,95.42,94.2464208407,94.2464208407,93.2329126608,93.892184972,10184228,10184228,0.0,1.0,tiingo_historical_seed,
2026-04-09,IEFA,94.34,95.6101,94.17,95.14,92.8294773659,94.0792411904,92.6621993168,93.6166681852,8963814,8963814,0.0,1.0,tiingo_historical_seed,
2026-04-10,IEFA,95.76,95.825,94.995,95.32,94.2267410702,94.2907003243,93.4739898492,93.7937861196,7486073,7486073,0.0,1.0,tiingo_historical_seed,
2026-04-13,IEFA,94.41,95.95,94.38,95.91,92.8983565626,94.4136988898,92.8688369069,94.3743393488,19209935,19209935,0.0,1.0,tiingo_historical_seed,
2026-04-14,IEFA,96.46,96.87,96.32,96.73,94.9155330371,95.318968332,94.7777746437,95.1812099386,9347088,9347088,0.0,1.0,tiingo_historical_seed,
2026-04-15,IEFA,96.47,96.54,96.08,96.43,94.9253729223,94.994252119,94.5416173979,94.8860133814,6632807,6632807,0.0,1.0,tiingo_historical_seed,
2026-04-16,IEFA,96.7,96.745,95.86,96.18,95.1516902829,95.1959697665,94.3251399226,94.6400162503,9524813,9524813,0.0,1.0,tiingo_historical_seed,
2026-04-17,IEFA,97.71,98.23,97.36,97.49,96.1455186922,96.6571927248,95.8011227088,95.9290412169,9402375,9402375,0.0,1.0,tiingo_historical_seed,
2026-04-20,IEFA,96.93,97.04,96.32,97.04,95.3780076434,95.4862463811,94.7777746437,95.4862463811,8132909,8132909,0.0,1.0,tiingo_historical_seed,
2026-04-21,IEFA,96.36,96.46,94.78,94.93,94.8171341847,94.9155330371,93.2624323165,93.4100305952,9801972,9801972,0.0,1.0,tiingo_historical_seed,
2026-04-22,IEFA,95.61,95.61,94.9357,95.24,94.0791427916,94.0791427916,93.4156393298,93.7150670376,8270667,8270667,0.0,1.0,tiingo_historical_seed,
2026-04-23,IEFA,94.9,95.346592,93.505,94.48,93.3805109394,93.8199523424,92.0078469483,92.9672357593,13538019,13538019,0.0,1.0,tiingo_historical_seed,
2026-04-24,IEFA,94.56,95.195,94.4,94.92,93.0459548412,93.6707875541,92.8885166774,93.4001907099,8808277,8808277,0.0,1.0,tiingo_historical_seed,
2026-04-27,IEFA,95.09,95.26,94.605,94.66,93.567468759,93.7347468081,93.0902343248,93.1443536937,7031222,7031222,0.0,1.0,tiingo_historical_seed,
2026-04-28,IEFA,94.28,94.51,93.97,94.28,92.7704380545,92.996755415,92.465401612,92.7704380545,10290914,10290914,0.0,1.0,tiingo_historical_seed,
2026-04-29,IEFA,93.83,93.92,92.96,93.39,92.3276432186,92.4162021858,91.4715732026,91.894688268,12406470,12406470,0.0,1.0,tiingo_historical_seed,
2026-04-30,IEFA,94.74,95.8579,94.5,95.54,93.2230727756,94.3230735467,92.9869155298,94.0102635949,10143259,10143259,0.0,1.0,tiingo_historical_seed,
2026-05-01,IEFA,95.54,96.075,95.36,95.39,94.0102635949,94.5366974553,93.8331456605,93.8626653163,8993511,8993511,0.0,1.0,tiingo_historical_seed,
2026-05-04,IEFA,94.82,95.085,93.77,94.15,93.3017918575,93.5625488164,92.2686039072,92.6425195463,10153610,10153610,0.0,1.0,tiingo_historical_seed,
2026-05-05,IEFA,95.07,95.4999,94.61,95.43,93.5477889885,93.9708056551,93.0951542674,93.9020248572,8702412,8702412,0.0,1.0,tiingo_historical_seed,
2026-05-06,IEFA,97.59,98.0183,97.19,97.92,96.0274400693,96.4488823542,95.6338446597,96.3521562823,7757057,7757057,0.0,1.0,tiingo_historical_seed,
2026-05-07,IEFA,97.91,98.06,96.22,96.28,96.3423163971,96.4899146757,94.6793757913,94.7384151027,10179382,10179382,0.0,1.0,tiingo_historical_seed,
2026-05-08,IEFA,97.24,97.4,96.78,97.3,95.6830440859,95.8404822498,95.2304093648,95.7420833973,9317522,9317522,0.0,1.0,tiingo_historical_seed,
2026-05-11,IEFA,97.08,97.3799,96.975,97.09,95.525605922,95.8207040804,95.422287127,95.5354458073,10329579,10329579,0.0,1.0,tiingo_historical_seed,
2026-05-12,IEFA,96.34,96.655,95.825,96.52,94.7974544142,95.1074107993,94.2907003243,94.9745723485,9136870,9136870,0.0,1.0,tiingo_historical_seed,
2026-05-13,IEFA,96.37,97.19,96.3109,97.14,94.8269740699,95.6338446597,94.7688203481,95.5846452335,7699460,7699460,0.0,1.0,tiingo_historical_seed,
2026-05-14,IEFA,97.21,97.295,96.825,96.91,95.6535244302,95.7371634547,95.2746888484,95.3583278729,7683249,7683249,0.0,1.0,tiingo_historical_seed,
2026-05-15,IEFA,95.41,95.63,95.08,95.21,93.8823450867,94.0988225621,93.5576288738,93.6855473819,9816261,9816261,0.0,1.0,tiingo_historical_seed,
2026-05-18,IEFA,95.79,96.2,95.245,96.1,94.2562607259,94.6596960208,93.7199869803,94.5612971684,9394988,9394988,0.0,1.0,tiingo_historical_seed,
2026-05-19,IEFA,95.52,95.81,95.105,95.37,93.9905838244,94.2759404964,93.5822285869,93.8429855458,10514280,10514280,0.0,1.0,tiingo_historical_seed,
2026-05-20,IEFA,95.55,97.145,95.355,96.91,94.0201034801,95.5895651761,93.8282257179,95.3583278729,12285799,12285799,0.0,1.0,tiingo_historical_seed,
2026-05-21,IEFA,96.09,97.68,95.92,97.3,94.5514572831,96.1159990365,94.384179234,95.7420833973,10060167,10060167,0.0,1.0,tiingo_historical_seed,
2026-05-22,IEFA,97.39,97.645,97.01,97.22,95.8306423645,96.0815594382,95.4567267253,95.6633643154,8074911,8074911,0.0,1.0,tiingo_historical_seed,
2026-05-26,IEFA,98.4,98.62,97.98,98.32,96.8244707739,97.0409482492,96.4111955937,96.7457516919,7130954,7130954,0.0,1.0,tiingo_historical_seed,
2026-05-27,IEFA,98.23,98.31,97.76,97.94,96.6571927248,96.7359118067,96.1947181184,96.3718360528,8181500,8181500,0.0,1.0,tiingo_historical_seed,
2026-05-28,IEFA,97.44,98.24,97.28,97.95,95.8798417907,96.66703261,95.7224036269,96.381675938,10068882,10068882,0.0,1.0,tiingo_historical_seed,
2026-05-29,IEFA,98.31,98.735,98.02,98.02,96.7359118067,97.1541069295,96.4505551347,96.4505551347,11217658,11217658,0.0,1.0,tiingo_historical_seed,
2026-06-01,IEFA,97.27,98.11,96.945,97.63,95.7125637416,96.5391141019,95.3927674713,96.0667996103,9022307,9022307,0.0,1.0,tiingo_historical_seed,
2026-06-02,IEFA,97.8,98.28,97.64,98.15,96.2340776594,96.706392151,96.0766394955,96.5784736428,6073660,6073660,0.0,1.0,tiingo_historical_seed,
2026-06-03,IEFA,97.84,97.84,97.31,97.38,96.2734372004,96.2734372004,95.7519232826,95.8208024793,7140835,7140835,0.0,1.0,tiingo_historical_seed,
2026-06-04,IEFA,97.82,98.185,97.66,98.11,96.2537574299,96.6129132412,96.096319266,96.5391141019,6257092,6257092,0.0,1.0,tiingo_historical_seed,
2026-06-05,IEFA,97.36,97.44,95.32,95.56,95.8011227088,95.8798417907,93.7937861196,94.0299433654,8534074,8534074,0.0,1.0,tiingo_historical_seed,
2026-06-08,IEFA,96.45,96.68,95.955,96.16,94.9056931518,95.1320105124,94.4186188324,94.6203364798,8469715,8469715,0.0,1.0,tiingo_historical_seed,
2026-06-09,IEFA,97.11,97.41,94.73,96.17,95.5551255778,95.850322135,93.2132328903,94.6301763651,12479490,12479490,0.0,1.0,tiingo_historical_seed,
2026-06-10,IEFA,95.53,96.13,94.81,94.87,94.0004237096,94.5908168241,93.2919519723,93.3509912837,11280034,11280034,0.0,1.0,tiingo_historical_seed,
2026-06-11,IEFA,95.88,97.84,95.41,97.79,94.3448196931,96.2734372004,93.8823450867,96.2242377742,11733596,11733596,0.0,1.0,tiingo_historical_seed,
2026-06-12,IEFA,97.64,98.26,97.23,97.97,96.0766394955,96.6867123805,95.6732042007,96.4013557085,9811204,9811204,0.0,1.0,tiingo_historical_seed,
2026-06-15,IEFA,97.64,97.74,96.95,96.98,97.64,97.74,96.95,96.98,12106103,12106103,1.57806,1.0,tiingo_historical_seed,
2026-06-16,IEFA,97.58,97.66,97.155,97.29,97.58,97.66,97.155,97.29,10630977,10630977,0.0,1.0,tiingo_historical_seed,
2026-06-17,IEFA,97.82,98.27,96.545,96.81,97.82,98.27,96.545,96.81,20821452,20821452,0.0,1.0,tiingo_historical_seed,
2026-06-18,IEFA,97.55,97.55,97.04,97.29,97.55,97.55,97.04,97.29,11189836,11189836,0.0,1.0,tiingo_historical_seed,
2026-06-22,IEFA,97.4,97.605,97.23,97.39,97.4,97.605,97.23,97.39,10316930,10316930,0.0,1.0,tiingo_historical_seed,
2026-06-24,IEFA,95.21,95.65,94.955,95.33,95.21,95.65,94.955,95.33,10113628,10113628,0.0,1.0,tiingo,2026-06-24T23:30:01.663646+00:00
