date,ticker,open,high,low,close,adjOpen,adjHigh,adjLow,adjClose,adjVolume,volume,divCash,splitFactor,source,fetch_timestamp
2013-04-18,VLUE,49.34,49.34,49.34,49.34,35.649771309,35.649771309,35.649771309,35.649771309,100,100,0.0,1.0,tiingo_historical_seed,
2013-04-19,VLUE,49.34,49.34,49.34,49.34,35.649771309,35.649771309,35.649771309,35.649771309,0,0,0.0,1.0,tiingo_historical_seed,
2013-04-22,VLUE,49.34,49.34,49.34,49.34,35.649771309,35.649771309,35.649771309,35.649771309,0,0,0.0,1.0,tiingo_historical_seed,
2013-04-23,VLUE,49.34,49.34,49.34,49.34,35.649771309,35.649771309,35.649771309,35.649771309,0,0,0.0,1.0,tiingo_historical_seed,
2013-04-24,VLUE,50.05,50.05,50.05,50.05,36.1627696395,36.1627696395,36.1627696395,36.1627696395,600,600,0.0,1.0,tiingo_historical_seed,
2013-04-25,VLUE,51.01,51.01,51.01,51.01,36.8564011851,36.8564011851,36.8564011851,36.8564011851,100,100,0.0,1.0,tiingo_historical_seed,
2013-04-26,VLUE,50.79,50.79,50.79,50.79,36.6974439559,36.6974439559,36.6974439559,36.6974439559,400,400,0.0,1.0,tiingo_historical_seed,
2013-04-29,VLUE,50.79,50.79,50.79,50.79,36.6974439559,36.6974439559,36.6974439559,36.6974439559,0,0,0.0,1.0,tiingo_historical_seed,
2013-04-30,VLUE,49.97,49.97,49.97,49.97,36.1049670107,36.1049670107,36.1049670107,36.1049670107,900,900,0.0,1.0,tiingo_historical_seed,
2013-05-01,VLUE,49.97,49.97,49.97,49.97,36.1049670107,36.1049670107,36.1049670107,36.1049670107,0,0,0.0,1.0,tiingo_historical_seed,
2013-05-02,VLUE,51.12,51.19,51.12,51.1899,36.9358797997,36.9864570998,36.9358797997,36.9863848466,400,400,0.0,1.0,tiingo_historical_seed,
2013-05-03,VLUE,51.19,51.19,51.19,51.19,36.9864570998,36.9864570998,36.9864570998,36.9864570998,0,0,0.0,1.0,tiingo_historical_seed,
2013-05-06,VLUE,51.19,51.19,51.19,51.19,36.9864570998,36.9864570998,36.9864570998,36.9864570998,0,0,0.0,1.0,tiingo_historical_seed,
2013-05-07,VLUE,51.19,51.19,51.19,51.19,36.9864570998,36.9864570998,36.9864570998,36.9864570998,0,0,0.0,1.0,tiingo_historical_seed,
2013-05-08,VLUE,52.12,52.3,52.12,52.28,37.6584126596,37.7884685744,37.6584126596,37.7740179172,1800,1800,0.0,1.0,tiingo_historical_seed,
2013-05-09,VLUE,52.11,52.11,52.11,52.11,37.651187331,37.651187331,37.651187331,37.651187331,500,500,0.0,1.0,tiingo_historical_seed,
2013-05-10,VLUE,52.87,52.87,52.15,52.2543,38.2003123045,38.2003123045,37.6800886454,37.7554488227,1900,1900,0.0,1.0,tiingo_historical_seed,
2013-05-13,VLUE,52.93,52.93,52.178,52.32,38.2436642761,38.2436642761,37.7003195655,37.8029192316,500,500,0.0,1.0,tiingo_historical_seed,
2013-05-14,VLUE,52.87,52.87,52.87,52.87,38.2003123045,38.2003123045,38.2003123045,38.2003123045,400,400,0.0,1.0,tiingo_historical_seed,
2013-05-15,VLUE,52.9755,52.9755,52.9755,52.9755,38.2765395213,38.2765395213,38.2765395213,38.2765395213,200,200,0.0,1.0,tiingo_historical_seed,
2013-05-16,VLUE,53.3,53.3,53.29,53.29,38.5110014343,38.5110014343,38.5037761057,38.5037761057,1200,1200,0.0,1.0,tiingo_historical_seed,
2013-05-17,VLUE,53.314,53.314,53.3,53.3,38.5211168943,38.5211168943,38.5110014343,38.5110014343,600,600,0.0,1.0,tiingo_historical_seed,
2013-05-20,VLUE,53.3,53.3,53.3,53.3,38.5110014343,38.5110014343,38.5110014343,38.5110014343,0,0,0.0,1.0,tiingo_historical_seed,
2013-05-21,VLUE,53.78,53.83,53.7799,53.7799,38.8578172071,38.8939438501,38.8577449538,38.8577449538,1100,1100,0.0,1.0,tiingo_historical_seed,
2013-05-22,VLUE,53.75,53.75,53.29,53.29,38.8361412213,38.8361412213,38.5037761057,38.5037761057,600,600,0.0,1.0,tiingo_historical_seed,
2013-05-23,VLUE,52.65,52.74,52.65,52.74,38.0413550753,38.1063830327,38.0413550753,38.1063830327,300,300,0.0,1.0,tiingo_historical_seed,
2013-05-24,VLUE,52.93,52.93,52.93,52.93,38.2436642761,38.2436642761,38.2436642761,38.2436642761,100,100,0.0,1.0,tiingo_historical_seed,
2013-05-28,VLUE,53.86,53.86,53.7,53.7,38.9156198359,38.9156198359,38.8000145783,38.8000145783,1000,1000,0.0,1.0,tiingo_historical_seed,
2013-05-29,VLUE,53.4131,53.4131,53.4131,53.4131,38.5927199008,38.5927199008,38.5927199008,38.5927199008,100,100,0.0,1.0,tiingo_historical_seed,
2013-05-30,VLUE,53.63,53.63,53.63,53.63,38.7494372781,38.7494372781,38.7494372781,38.7494372781,1500,1500,0.0,1.0,tiingo_historical_seed,
2013-05-31,VLUE,53.62,53.62,53.62,53.62,38.7422119495,38.7422119495,38.7422119495,38.7422119495,1000,1000,0.0,1.0,tiingo_historical_seed,
2013-06-03,VLUE,53.62,53.62,53.62,53.62,38.7422119495,38.7422119495,38.7422119495,38.7422119495,0,0,0.0,1.0,tiingo_historical_seed,
2013-06-04,VLUE,53.11,53.26,53.11,53.26,38.3737201909,38.4821001199,38.3737201909,38.4821001199,1000,1000,0.0,1.0,tiingo_historical_seed,
2013-06-05,VLUE,52.1,52.1,52.1,52.1,37.6439620024,37.6439620024,37.6439620024,37.6439620024,100,100,0.0,1.0,tiingo_historical_seed,
2013-06-06,VLUE,52.1,52.1,52.1,52.1,37.6439620024,37.6439620024,37.6439620024,37.6439620024,0,0,0.0,1.0,tiingo_historical_seed,
2013-06-07,VLUE,52.1,52.1,52.1,52.1,37.6439620024,37.6439620024,37.6439620024,37.6439620024,0,0,0.0,1.0,tiingo_historical_seed,
2013-06-10,VLUE,53.13,53.25,53.13,53.25,38.3881708481,38.4748747913,38.3881708481,38.4748747913,3800,3800,0.0,1.0,tiingo_historical_seed,
2013-06-11,VLUE,53.18,53.18,53.18,53.18,38.4242974911,38.4242974911,38.4242974911,38.4242974911,500,500,0.0,1.0,tiingo_historical_seed,
2013-06-12,VLUE,52.61,52.61,52.61,52.61,38.0124537609,38.0124537609,38.0124537609,38.0124537609,500,500,0.0,1.0,tiingo_historical_seed,
2013-06-13,VLUE,52.61,52.61,52.61,52.61,38.0124537609,38.0124537609,38.0124537609,38.0124537609,0,0,0.0,1.0,tiingo_historical_seed,
2013-06-14,VLUE,52.96,52.96,52.6,52.6,38.2653402619,38.2653402619,38.0052284323,38.0052284323,1300,1300,0.0,1.0,tiingo_historical_seed,
2013-06-17,VLUE,52.95,52.95,52.95,52.95,38.2581149333,38.2581149333,38.2581149333,38.2581149333,500,500,0.0,1.0,tiingo_historical_seed,
2013-06-18,VLUE,52.95,52.95,52.95,52.95,38.2581149333,38.2581149333,38.2581149333,38.2581149333,0,0,0.0,1.0,tiingo_historical_seed,
2013-06-19,VLUE,53.392,53.404,53.36,53.36,38.5774744574,38.5861448517,38.5543534059,38.5543534059,800,800,0.0,1.0,tiingo_historical_seed,
2013-06-20,VLUE,51.8399,51.8399,51.73,51.73,37.4560312055,37.4560312055,37.3766248442,37.3766248442,700,700,0.0,1.0,tiingo_historical_seed,
2013-06-21,VLUE,51.792,51.792,51.1601,51.62,37.4214218815,37.4214218815,36.9648533673,37.2971462296,1200,1200,0.0,1.0,tiingo_historical_seed,
2013-06-24,VLUE,50.701,50.75,50.701,50.75,36.6331385313,36.6685426415,36.6331385313,36.6685426415,600,600,0.0,1.0,tiingo_historical_seed,
2013-06-25,VLUE,51.3799,51.38,51.3799,51.38,37.1236660899,37.1237383432,37.1236660899,37.1237383432,200,200,0.0,1.0,tiingo_historical_seed,
2013-06-26,VLUE,51.38,51.38,51.38,51.38,37.1237383432,37.1237383432,37.1237383432,37.1237383432,0,0,0.0,1.0,tiingo_historical_seed,
2013-06-27,VLUE,51.38,51.38,51.38,51.38,37.2769218123,37.2769218123,37.2769218123,37.2769218123,0,0,0.212009,1.0,tiingo_historical_seed,
2013-06-28,VLUE,52.05,52.05,52.05,52.05,37.7630163552,37.7630163552,37.7630163552,37.7630163552,100,100,0.0,1.0,tiingo_historical_seed,
2013-07-01,VLUE,52.39,52.4,52.35,52.35,38.0096911979,38.0169463403,37.9806706282,37.9806706282,1600,1600,0.0,1.0,tiingo_historical_seed,
2013-07-02,VLUE,52.35,52.35,52.35,52.35,37.9806706282,37.9806706282,37.9806706282,37.9806706282,0,0,0.0,1.0,tiingo_historical_seed,
2013-07-03,VLUE,52.35,52.35,52.35,52.35,37.9806706282,37.9806706282,37.9806706282,37.9806706282,0,0,0.0,1.0,tiingo_historical_seed,
2013-07-05,VLUE,52.43,52.43,52.17,52.17,38.0387117676,38.0387117676,37.8500780644,37.8500780644,1500,1500,0.0,1.0,tiingo_historical_seed,
2013-07-08,VLUE,53.02,53.02,53.02,53.02,38.4667651711,38.4667651711,38.4667651711,38.4667651711,200,200,0.0,1.0,tiingo_historical_seed,
2013-07-09,VLUE,53.44,53.44,53.44,53.44,38.7714811532,38.7714811532,38.7714811532,38.7714811532,600,600,0.0,1.0,tiingo_historical_seed,
2013-07-10,VLUE,53.44,53.44,53.44,53.44,38.7714811532,38.7714811532,38.7714811532,38.7714811532,0,0,0.0,1.0,tiingo_historical_seed,
2013-07-11,VLUE,53.44,53.44,53.44,53.44,38.7714811532,38.7714811532,38.7714811532,38.7714811532,0,0,0.0,1.0,tiingo_historical_seed,
2013-07-12,VLUE,54.08,54.09,54.07,54.07,39.2358102688,39.2430654112,39.2285551264,39.2285551264,1600,1600,0.0,1.0,tiingo_historical_seed,
2013-07-15,VLUE,54.32,54.32,54.32,54.32,39.4099336872,39.4099336872,39.4099336872,39.4099336872,700,700,0.0,1.0,tiingo_historical_seed,
2013-07-16,VLUE,54.41,54.41,54.09,54.09,39.475229969,39.475229969,39.2430654112,39.2430654112,600,600,0.0,1.0,tiingo_historical_seed,
2013-07-17,VLUE,54.09,54.09,54.09,54.09,39.2430654112,39.2430654112,39.2430654112,39.2430654112,0,0,0.0,1.0,tiingo_historical_seed,
2013-07-18,VLUE,54.728,54.732,54.66,54.732,39.7059434984,39.7088455553,39.6566085298,39.7088455553,1500,1500,0.0,1.0,tiingo_historical_seed,
2013-07-19,VLUE,54.63,54.63,54.63,54.63,39.6348431025,39.6348431025,39.6348431025,39.6348431025,200,200,0.0,1.0,tiingo_historical_seed,
2013-07-22,VLUE,54.99,54.99,54.78,54.78,39.8960282301,39.8960282301,39.743670239,39.743670239,1400,1400,0.0,1.0,tiingo_historical_seed,
2013-07-23,VLUE,54.78,54.78,54.78,54.78,39.743670239,39.743670239,39.743670239,39.743670239,0,0,0.0,1.0,tiingo_historical_seed,
2013-07-24,VLUE,54.78,54.78,54.78,54.78,39.743670239,39.743670239,39.743670239,39.743670239,0,0,0.0,1.0,tiingo_historical_seed,
2013-07-25,VLUE,54.5,54.5087,54.5,54.5087,39.5405262509,39.5468382248,39.5405262509,39.5468382248,600,600,0.0,1.0,tiingo_historical_seed,
2013-07-26,VLUE,54.5,54.5,54.5,54.5,39.5405262509,39.5405262509,39.5405262509,39.5405262509,200,200,0.0,1.0,tiingo_historical_seed,
2013-07-29,VLUE,54.63,54.66,54.51,54.63,39.6348431025,39.6566085298,39.5477813933,39.6348431025,900,900,0.0,1.0,tiingo_historical_seed,
2013-07-30,VLUE,54.63,54.63,54.63,54.63,39.6348431025,39.6348431025,39.6348431025,39.6348431025,0,0,0.0,1.0,tiingo_historical_seed,
2013-07-31,VLUE,54.63,54.63,54.63,54.63,39.6348431025,39.6348431025,39.6348431025,39.6348431025,0,0,0.0,1.0,tiingo_historical_seed,
2013-08-01,VLUE,55.318,55.318,55.318,55.318,40.1339969018,40.1339969018,40.1339969018,40.1339969018,800,800,0.0,1.0,tiingo_historical_seed,
2013-08-02,VLUE,55.258,55.38,55.258,55.38,40.0904660472,40.1789787849,40.0904660472,40.1789787849,400,400,0.0,1.0,tiingo_historical_seed,
2013-08-05,VLUE,55.319,55.319,55.31,55.31,40.134722416,40.134722416,40.1281927879,40.1281927879,400,400,0.0,1.0,tiingo_historical_seed,
2013-08-06,VLUE,54.979,54.979,54.979,54.979,39.8880475734,39.8880475734,39.8880475734,39.8880475734,100,100,0.0,1.0,tiingo_historical_seed,
2013-08-07,VLUE,54.5701,54.6299,54.5701,54.6299,39.5913847994,39.6347705511,39.5913847994,39.6347705511,300,300,0.0,1.0,tiingo_historical_seed,
2013-08-08,VLUE,54.63,54.63,54.63,54.63,39.6348431025,39.6348431025,39.6348431025,39.6348431025,0,0,0.0,1.0,tiingo_historical_seed,
2013-08-09,VLUE,54.85,54.85,54.85,54.85,39.794456236,39.794456236,39.794456236,39.794456236,100,100,0.0,1.0,tiingo_historical_seed,
2013-08-12,VLUE,54.75,54.75,54.75,54.75,39.7219048117,39.7219048117,39.7219048117,39.7219048117,100,100,0.0,1.0,tiingo_historical_seed,
2013-08-13,VLUE,55.0,55.0,55.0,55.0,39.9032833725,39.9032833725,39.9032833725,39.9032833725,0,0,0.0,1.0,tiingo_historical_seed,
2013-08-14,VLUE,54.91,54.9199,54.91,54.9199,39.8379870906,39.8451696816,39.8379870906,39.8451696816,300,300,0.0,1.0,tiingo_historical_seed,
2013-08-15,VLUE,54.01,54.01,54.01,54.01,39.1850242718,39.1850242718,39.1850242718,39.1850242718,200,200,0.0,1.0,tiingo_historical_seed,
2013-08-16,VLUE,53.88,53.8944,53.759,53.759,39.0907074202,39.1011548253,39.0029201968,39.0029201968,600,600,0.0,1.0,tiingo_historical_seed,
2013-08-19,VLUE,53.58,53.58,53.58,53.58,38.8730531472,38.8730531472,38.8730531472,38.8730531472,1600,1600,0.0,1.0,tiingo_historical_seed,
2013-08-20,VLUE,53.58,53.58,53.58,53.58,38.8730531472,38.8730531472,38.8730531472,38.8730531472,0,0,0.0,1.0,tiingo_historical_seed,
2013-08-21,VLUE,53.99,53.99,53.45,53.45,39.1705139869,39.1705139869,38.7787362956,38.7787362956,1400,1400,0.0,1.0,tiingo_historical_seed,
2013-08-22,VLUE,53.45,53.45,53.45,53.45,38.7787362956,38.7787362956,38.7787362956,38.7787362956,0,0,0.0,1.0,tiingo_historical_seed,
2013-08-23,VLUE,53.45,53.45,53.45,53.45,38.7787362956,38.7787362956,38.7787362956,38.7787362956,0,0,0.0,1.0,tiingo_historical_seed,
2013-08-26,VLUE,54.54,54.54,54.0,54.11,39.5695468206,39.5695468206,39.1777691293,39.2575756961,500,500,0.0,1.0,tiingo_historical_seed,
2013-08-27,VLUE,52.9684,52.9684,52.9684,52.9684,38.4293286361,38.4293286361,38.4293286361,38.4293286361,200,200,0.0,1.0,tiingo_historical_seed,
2013-08-28,VLUE,52.97,52.97,52.97,52.97,38.4304894589,38.4304894589,38.4304894589,38.4304894589,0,0,0.0,1.0,tiingo_historical_seed,
2013-08-29,VLUE,52.97,52.97,52.97,52.97,38.4304894589,38.4304894589,38.4304894589,38.4304894589,0,0,0.0,1.0,tiingo_historical_seed,
2013-08-30,VLUE,52.97,52.97,52.97,52.97,38.4304894589,38.4304894589,38.4304894589,38.4304894589,0,0,0.0,1.0,tiingo_historical_seed,
2013-09-03,VLUE,52.97,52.97,52.97,52.97,38.4304894589,38.4304894589,38.4304894589,38.4304894589,0,0,0.0,1.0,tiingo_historical_seed,
2013-09-04,VLUE,52.97,52.97,52.97,52.97,38.4304894589,38.4304894589,38.4304894589,38.4304894589,0,0,0.0,1.0,tiingo_historical_seed,
2013-09-05,VLUE,52.97,52.97,52.97,52.97,38.4304894589,38.4304894589,38.4304894589,38.4304894589,0,0,0.0,1.0,tiingo_historical_seed,
2013-09-06,VLUE,53.95,53.95,53.9,53.9,39.1414934172,39.1414934172,39.105217705,39.105217705,1000,1000,0.0,1.0,tiingo_historical_seed,
2013-09-09,VLUE,53.9,53.9,53.9,53.9,39.105217705,39.105217705,39.105217705,39.105217705,2200,2200,0.0,1.0,tiingo_historical_seed,
2013-09-10,VLUE,54.5801,54.61,54.5801,54.61,39.5986399418,39.6203328177,39.5986399418,39.6203328177,900,900,0.0,1.0,tiingo_historical_seed,
2013-09-11,VLUE,54.61,54.61,54.61,54.61,39.6203328177,39.6203328177,39.6203328177,39.6203328177,0,0,0.0,1.0,tiingo_historical_seed,
2013-09-12,VLUE,54.61,54.61,54.61,54.61,39.6203328177,39.6203328177,39.6203328177,39.6203328177,0,0,0.0,1.0,tiingo_historical_seed,
2013-09-13,VLUE,54.61,54.61,54.61,54.61,39.6203328177,39.6203328177,39.6203328177,39.6203328177,0,0,0.0,1.0,tiingo_historical_seed,
2013-09-16,VLUE,54.61,54.61,54.61,54.61,39.6203328177,39.6203328177,39.6203328177,39.6203328177,0,0,0.0,1.0,tiingo_historical_seed,
2013-09-17,VLUE,55.2799,55.2799,55.27,55.27,40.1063548091,40.1063548091,40.0991722181,40.0991722181,1000,1000,0.0,1.0,tiingo_historical_seed,
2013-09-18,VLUE,56.04,56.04,56.04,56.04,40.6578181853,40.6578181853,40.6578181853,40.6578181853,0,0,0.0,1.0,tiingo_historical_seed,
2013-09-19,VLUE,55.83,55.83,55.83,55.83,40.5054601943,40.5054601943,40.5054601943,40.5054601943,600,600,0.0,1.0,tiingo_historical_seed,
2013-09-20,VLUE,55.83,55.83,55.83,55.83,40.5054601943,40.5054601943,40.5054601943,40.5054601943,0,0,0.0,1.0,tiingo_historical_seed,
2013-09-23,VLUE,54.6,55.17,54.6,54.98,39.6130776752,40.0266207938,39.6130776752,39.8887730876,400,400,0.0,1.0,tiingo_historical_seed,
2013-09-24,VLUE,54.98,54.98,54.98,54.98,40.0881320679,40.0881320679,40.0881320679,40.0881320679,0,0,0.274783,1.0,tiingo_historical_seed,
2013-09-25,VLUE,54.98,54.98,54.98,54.98,40.0881320679,40.0881320679,40.0881320679,40.0881320679,0,0,0.0,1.0,tiingo_historical_seed,
2013-09-26,VLUE,54.98,54.98,54.98,54.98,40.0881320679,40.0881320679,40.0881320679,40.0881320679,0,0,0.0,1.0,tiingo_historical_seed,
2013-09-27,VLUE,54.371,54.371,54.371,54.371,39.6440856432,39.6440856432,39.6440856432,39.6440856432,300,300,0.0,1.0,tiingo_historical_seed,
2013-09-30,VLUE,54.15,54.15,54.15,54.15,39.4829456434,39.4829456434,39.4829456434,39.4829456434,500,500,0.0,1.0,tiingo_historical_seed,
2013-10-01,VLUE,54.53,54.53,54.53,54.53,39.7600189462,39.7600189462,39.7600189462,39.7600189462,0,0,0.0,1.0,tiingo_historical_seed,
2013-10-02,VLUE,54.23,54.23,54.23,54.23,39.5412768651,39.5412768651,39.5412768651,39.5412768651,300,300,0.0,1.0,tiingo_historical_seed,
2013-10-03,VLUE,54.04,54.04,54.04,54.04,39.4027402137,39.4027402137,39.4027402137,39.4027402137,100,100,0.0,1.0,tiingo_historical_seed,
2013-10-04,VLUE,54.04,54.04,54.04,54.04,39.4027402137,39.4027402137,39.4027402137,39.4027402137,0,0,0.0,1.0,tiingo_historical_seed,
2013-10-07,VLUE,54.29,54.29,54.24,54.25,39.5850252813,39.5850252813,39.5485682678,39.5558596705,500,500,0.0,1.0,tiingo_historical_seed,
2013-10-08,VLUE,54.04,54.04,53.5,53.61,39.4027402137,39.4027402137,39.0090044677,39.0892098974,3100,3100,0.0,1.0,tiingo_historical_seed,
2013-10-09,VLUE,53.45,53.47,53.4,53.4,38.9725474541,38.9871302596,38.9360904406,38.9360904406,3100,3100,0.0,1.0,tiingo_historical_seed,
2013-10-10,VLUE,54.36,54.44,54.15,54.44,39.6360651002,39.6943963219,39.4829456434,39.6943963219,1200,1200,0.0,1.0,tiingo_historical_seed,
2013-10-11,VLUE,54.82,54.82,54.82,54.82,39.9714696246,39.9714696246,39.9714696246,39.9714696246,500,500,0.0,1.0,tiingo_historical_seed,
2013-10-14,VLUE,55.19,55.19,55.19,55.19,40.2412515247,40.2412515247,40.2412515247,40.2412515247,400,400,0.0,1.0,tiingo_historical_seed,
2013-10-15,VLUE,55.2,55.22,55.2,55.22,40.2485429274,40.2631257328,40.2485429274,40.2631257328,10000,10000,0.0,1.0,tiingo_historical_seed,
2013-10-16,VLUE,55.56,55.56,55.56,55.56,40.5110334247,40.5110334247,40.5110334247,40.5110334247,800,800,0.0,1.0,tiingo_historical_seed,
2013-10-17,VLUE,55.56,55.56,55.56,55.56,40.5110334247,40.5110334247,40.5110334247,40.5110334247,0,0,0.0,1.0,tiingo_historical_seed,
2013-10-18,VLUE,55.56,55.56,55.56,55.56,40.5110334247,40.5110334247,40.5110334247,40.5110334247,0,0,0.0,1.0,tiingo_historical_seed,
2013-10-21,VLUE,56.38,56.38,56.2979,56.2979,41.1089284465,41.1089284465,41.0490660303,41.0490660303,400,400,0.0,1.0,tiingo_historical_seed,
2013-10-22,VLUE,56.72,56.73,56.45,56.68,41.3568361384,41.3641275411,41.1599682654,41.3276705276,1800,1800,0.0,1.0,tiingo_historical_seed,
2013-10-23,VLUE,56.34,56.37,56.16,56.308,41.0797628357,41.1016370438,40.948517587,41.056430347,2600,2600,0.0,1.0,tiingo_historical_seed,
2013-10-24,VLUE,56.36,56.36,56.36,56.36,41.0943456411,41.0943456411,41.0943456411,41.0943456411,200,200,0.0,1.0,tiingo_historical_seed,
2013-10-25,VLUE,56.43,56.5726,56.43,56.5726,41.14538546,41.2493608626,41.14538546,41.2493608626,200,200,0.0,1.0,tiingo_historical_seed,
2013-10-28,VLUE,56.77,56.77,56.7,56.7,41.393293152,41.393293152,41.342253333,41.342253333,600,600,0.0,1.0,tiingo_historical_seed,
2013-10-29,VLUE,56.92,56.92,56.92,56.92,41.5026641925,41.5026641925,41.5026641925,41.5026641925,900,900,0.0,1.0,tiingo_historical_seed,
2013-10-30,VLUE,56.978,56.978,56.71,56.71,41.5449543282,41.5449543282,41.3495447357,41.3495447357,1100,1100,0.0,1.0,tiingo_historical_seed,
2013-10-31,VLUE,56.71,56.71,56.71,56.71,41.3495447357,41.3495447357,41.3495447357,41.3495447357,0,0,0.0,1.0,tiingo_historical_seed,
2013-11-01,VLUE,56.5,56.5,56.5,56.5,41.1964252789,41.1964252789,41.1964252789,41.1964252789,400,400,0.0,1.0,tiingo_historical_seed,
2013-11-04,VLUE,56.88,56.88,56.88,56.88,41.4734985817,41.4734985817,41.4734985817,41.4734985817,200,200,0.0,1.0,tiingo_historical_seed,
2013-11-05,VLUE,56.87,56.87,56.87,56.87,41.466207179,41.466207179,41.466207179,41.466207179,0,0,0.0,1.0,tiingo_historical_seed,
2013-11-06,VLUE,56.88,56.88,56.88,56.88,41.4734985817,41.4734985817,41.4734985817,41.4734985817,0,0,0.0,1.0,tiingo_historical_seed,
2013-11-07,VLUE,56.5,56.5,56.5,56.5,41.1964252789,41.1964252789,41.1964252789,41.1964252789,100,100,0.0,1.0,tiingo_historical_seed,
2013-11-08,VLUE,56.87,56.87,56.87,56.87,41.466207179,41.466207179,41.466207179,41.466207179,0,0,0.0,1.0,tiingo_historical_seed,
2013-11-11,VLUE,57.26,57.26,57.25,57.25,41.7505718845,41.7505718845,41.7432804818,41.7432804818,400,400,0.0,1.0,tiingo_historical_seed,
2013-11-12,VLUE,57.25,57.25,57.25,57.25,41.7432804818,41.7432804818,41.7432804818,41.7432804818,0,0,0.0,1.0,tiingo_historical_seed,
2013-11-13,VLUE,57.25,57.25,57.25,57.25,41.7432804818,41.7432804818,41.7432804818,41.7432804818,0,0,0.0,1.0,tiingo_historical_seed,
2013-11-14,VLUE,57.54,57.54,57.533,57.533,41.9547311602,41.9547311602,41.9496271783,41.9496271783,300,300,0.0,1.0,tiingo_historical_seed,
2013-11-15,VLUE,57.53,57.53,57.53,57.53,41.9474397575,41.9474397575,41.9474397575,41.9474397575,0,0,0.0,1.0,tiingo_historical_seed,
2013-11-18,VLUE,58.2,58.2,58.2,58.2,42.4359637387,42.4359637387,42.4359637387,42.4359637387,100,100,0.0,1.0,tiingo_historical_seed,
2013-11-19,VLUE,57.81,57.81,57.81,57.81,42.1515990332,42.1515990332,42.1515990332,42.1515990332,400,400,0.0,1.0,tiingo_historical_seed,
2013-11-20,VLUE,57.81,57.81,57.81,57.81,42.1515990332,42.1515990332,42.1515990332,42.1515990332,0,0,0.0,1.0,tiingo_historical_seed,
2013-11-21,VLUE,58.04,58.04,57.99,57.99,42.3193012954,42.3193012954,42.2828442819,42.2828442819,400,400,0.0,1.0,tiingo_historical_seed,
2013-11-22,VLUE,58.07,58.28,58.07,58.2799,42.3411755035,42.4942949603,42.3411755035,42.4942220463,500,500,0.0,1.0,tiingo_historical_seed,
2013-11-25,VLUE,58.34,58.34,58.3399,58.3399,42.5380433765,42.5380433765,42.5379704625,42.5379704625,200,200,0.0,1.0,tiingo_historical_seed,
2013-11-26,VLUE,58.39,58.5,58.39,58.5,42.57450039,42.6547058198,42.57450039,42.6547058198,200,200,0.0,1.0,tiingo_historical_seed,
2013-11-27,VLUE,58.54,58.54,58.37,58.37,42.6838714306,42.6838714306,42.5599175846,42.5599175846,1100,1100,0.0,1.0,tiingo_historical_seed,
2013-11-29,VLUE,58.7,58.7,58.58,58.58,42.8005338739,42.8005338739,42.7130370414,42.7130370414,900,900,0.0,1.0,tiingo_historical_seed,
2013-12-02,VLUE,58.58,58.58,58.58,58.58,42.7130370414,42.7130370414,42.7130370414,42.7130370414,0,0,0.0,1.0,tiingo_historical_seed,
2013-12-03,VLUE,58.06,58.08,57.87,57.87,42.3338841008,42.3484669062,42.1953474494,42.1953474494,4200,4200,0.0,1.0,tiingo_historical_seed,
2013-12-04,VLUE,57.96,58.3,57.8,58.11,42.2609700738,42.5088777657,42.1443076305,42.3703411143,5100,5100,0.0,1.0,tiingo_historical_seed,
2013-12-05,VLUE,58.3,58.3,57.81,57.83,42.5088777657,42.5088777657,42.1515990332,42.1661818386,95400,95400,0.0,1.0,tiingo_historical_seed,
2013-12-06,VLUE,58.2,58.46,58.1999,58.35,42.4359637387,42.625540209,42.4358908246,42.5453347792,800,800,0.0,1.0,tiingo_historical_seed,
2013-12-09,VLUE,58.639,58.639,58.639,58.639,42.7560563174,42.7560563174,42.7560563174,42.7560563174,200,200,0.0,1.0,tiingo_historical_seed,
2013-12-10,VLUE,58.47,58.48,58.47,58.48,42.6328316117,42.6401230144,42.6328316117,42.6401230144,300,300,0.0,1.0,tiingo_historical_seed,
2013-12-11,VLUE,58.06,58.06,57.83,57.83,42.3338841008,42.3338841008,42.1661818386,42.1661818386,800,800,0.0,1.0,tiingo_historical_seed,
2013-12-12,VLUE,57.6,57.65,57.49,57.65,41.9984795764,42.0349365899,41.9182741467,42.0349365899,5700,5700,0.0,1.0,tiingo_historical_seed,
2013-12-13,VLUE,57.61,57.62,57.58,57.58,42.0057709791,42.0130623818,41.983896771,41.983896771,1500,1500,0.0,1.0,tiingo_historical_seed,
2013-12-16,VLUE,57.91,58.0144,57.91,57.98,42.2245130602,42.3006353045,42.2245130602,42.2755528792,1000,1000,0.0,1.0,tiingo_historical_seed,
2013-12-17,VLUE,57.84,57.91,57.8,57.89,42.1734732413,42.2245130602,42.1443076305,42.2099302548,3300,3300,0.0,1.0,tiingo_historical_seed,
2013-12-18,VLUE,57.68,58.45,57.68,58.45,42.056810798,42.6182488063,42.056810798,42.6182488063,900,900,0.0,1.0,tiingo_historical_seed,
2013-12-19,VLUE,58.45,58.45,58.45,58.45,42.6182488063,42.6182488063,42.6182488063,42.6182488063,132,132,0.0,1.0,tiingo_historical_seed,
2013-12-20,VLUE,58.994,59.03,58.994,59.03,43.0149011134,43.0411501631,43.0149011134,43.0411501631,300,300,0.0,1.0,tiingo_historical_seed,
2013-12-23,VLUE,58.89,58.89,58.89,58.89,43.1610456143,43.1610456143,43.1610456143,43.1610456143,300,300,0.304434,1.0,tiingo_historical_seed,
2013-12-24,VLUE,58.89,58.89,58.89,58.89,43.1610456143,43.1610456143,43.1610456143,43.1610456143,144,144,0.0,1.0,tiingo_historical_seed,
2013-12-26,VLUE,59.31,59.342,59.31,59.342,43.4688676411,43.4923207479,43.4688676411,43.4923207479,400,400,0.0,1.0,tiingo_historical_seed,
2013-12-27,VLUE,59.38,59.38,59.38,59.38,43.5201713123,43.5201713123,43.5201713123,43.5201713123,100,100,0.0,1.0,tiingo_historical_seed,
2013-12-30,VLUE,59.44,59.44,59.36,59.36,43.5641458875,43.5641458875,43.5055131205,43.5055131205,600,600,0.0,1.0,tiingo_historical_seed,
2013-12-31,VLUE,59.51,59.57,59.51,59.544,43.6154495587,43.6594241339,43.6154495587,43.6403684846,1700,1700,0.0,1.0,tiingo_historical_seed,
2014-01-02,VLUE,59.55,59.55,59.16,59.21,43.6447659422,43.6447659422,43.358931203,43.3955766824,1000,1000,0.0,1.0,tiingo_historical_seed,
2014-01-03,VLUE,59.29,59.29,59.139,59.14,43.4542094494,43.4542094494,43.3435401017,43.3442730112,800,800,0.0,1.0,tiingo_historical_seed,
2014-01-06,VLUE,59.14,59.14,59.13,59.13,43.3442730112,43.3442730112,43.3369439154,43.3369439154,600,600,0.0,1.0,tiingo_historical_seed,
2014-01-07,VLUE,59.39,59.46,59.39,59.46,43.5275004081,43.5788040793,43.5275004081,43.5788040793,1300,1300,0.0,1.0,tiingo_historical_seed,
2014-01-08,VLUE,59.46,59.46,59.46,59.46,43.5788040793,43.5788040793,43.5788040793,43.5788040793,5,5,0.0,1.0,tiingo_historical_seed,
2014-01-09,VLUE,59.475,59.475,59.29,59.33,43.5897977231,43.5897977231,43.4542094494,43.4835258329,5600,5600,0.0,1.0,tiingo_historical_seed,
2014-01-10,VLUE,59.45,59.52,59.28,59.52,43.5714749834,43.6227786545,43.4468803535,43.6227786545,6700,6700,0.0,1.0,tiingo_historical_seed,
2014-01-13,VLUE,59.47,59.51,59.11,59.11,43.5861331752,43.6154495587,43.3222857236,43.3222857236,1200,1200,0.0,1.0,tiingo_historical_seed,
2014-01-14,VLUE,59.03,59.3,59.03,59.3,43.2636529566,43.4615385453,43.2636529566,43.4615385453,1300,1300,0.0,1.0,tiingo_historical_seed,
2014-01-15,VLUE,59.61,59.68,59.61,59.68,43.6887405174,43.7400441885,43.6887405174,43.7400441885,1400,1400,0.0,1.0,tiingo_historical_seed,
2014-01-16,VLUE,59.38,59.3899,59.38,59.3899,43.5201713123,43.5274271172,43.5201713123,43.5274271172,600,600,0.0,1.0,tiingo_historical_seed,
2014-01-17,VLUE,59.26,59.26,59.26,59.26,43.4322221618,43.4322221618,43.4322221618,43.4322221618,300,300,0.0,1.0,tiingo_historical_seed,
2014-01-21,VLUE,59.62,59.62,59.13,59.34,43.6960696133,43.6960696133,43.3369439154,43.4908549288,900,900,0.0,1.0,tiingo_historical_seed,
2014-01-22,VLUE,59.37,59.44,59.27,59.43,43.5128422164,43.5641458875,43.4395512576,43.5568167916,1500,1500,0.0,1.0,tiingo_historical_seed,
2014-01-23,VLUE,58.93,58.9488,58.66,58.76,43.1903619978,43.2041406981,42.9924764092,43.0657673679,2500,2500,0.0,1.0,tiingo_historical_seed,
2014-01-24,VLUE,58.09,58.09,57.63,57.63,42.5747179442,42.5747179442,42.2375795339,42.2375795339,19900,19900,0.0,1.0,tiingo_historical_seed,
2014-01-27,VLUE,57.52,57.606,57.34,57.34,42.1569594793,42.2199897038,42.0250357535,42.0250357535,2200,2200,0.0,1.0,tiingo_historical_seed,
2014-01-28,VLUE,57.34,57.34,57.34,57.34,42.0250357535,42.0250357535,42.0250357535,42.0250357535,150,150,0.0,1.0,tiingo_historical_seed,
2014-01-29,VLUE,57.26,57.3604,57.1696,57.34,41.9664029865,42.0399871091,41.9001479598,42.0250357535,800,800,0.0,1.0,tiingo_historical_seed,
2014-01-30,VLUE,57.55,57.55,57.55,57.55,42.1789467669,42.1789467669,42.1789467669,42.1789467669,1800,1800,0.0,1.0,tiingo_historical_seed,
2014-01-31,VLUE,57.08,57.53,57.08,57.42,41.8344792608,42.1642885752,41.8344792608,42.0836685206,7000,7000,0.0,1.0,tiingo_historical_seed,
2014-02-03,VLUE,57.1,57.1,56.74,56.78,41.8491374525,41.8491374525,41.585290001,41.6146063845,5800,5800,0.0,1.0,tiingo_historical_seed,
2014-02-04,VLUE,56.32,56.422,56.15,56.422,41.2774679742,41.3522247521,41.1528733443,41.3522247521,2000,2000,0.0,1.0,tiingo_historical_seed,
2014-02-05,VLUE,56.21,56.23,55.87,56.23,41.1968479195,41.2115061113,40.9476586598,41.2115061113,1300,1300,0.0,1.0,tiingo_historical_seed,
2014-02-06,VLUE,56.46,57.01,56.46,56.99,41.3800753164,41.7831755896,41.3800753164,41.7685173979,4700,4700,0.0,1.0,tiingo_historical_seed,
2014-02-07,VLUE,57.33,57.33,57.13,57.15,42.0177066577,42.0177066577,41.8711247401,41.8857829319,3200,3200,0.0,1.0,tiingo_historical_seed,
2014-02-10,VLUE,57.75,57.75,57.57,57.622,42.3255286845,42.3255286845,42.1936049587,42.2317162572,3800,3800,0.0,1.0,tiingo_historical_seed,
2014-02-11,VLUE,57.85,58.49,57.85,58.35,42.3988196432,42.8678817793,42.3988196432,42.765274437,3400,3400,0.0,1.0,tiingo_historical_seed,
2014-02-12,VLUE,58.58,58.58,58.32,58.32,42.9338436422,42.9338436422,42.7432871494,42.7432871494,1300,1300,0.0,1.0,tiingo_historical_seed,
2014-02-13,VLUE,58.3,58.72,58.3,58.716,42.7286289576,43.0364509844,42.7286289576,43.0335193461,3100,3100,0.0,1.0,tiingo_historical_seed,
2014-02-14,VLUE,58.68,58.95,58.68,58.95,43.0071346009,43.2050201896,43.0071346009,43.2050201896,1000,1000,0.0,1.0,tiingo_historical_seed,
2014-02-18,VLUE,59.14,59.17,59.13,59.15,43.3442730112,43.3662602989,43.3369439154,43.3516021071,900,900,0.0,1.0,tiingo_historical_seed,
2014-02-19,VLUE,59.05,59.35,59.02,59.02,43.2783111484,43.4981840246,43.2563238607,43.2563238607,1300,1300,0.0,1.0,tiingo_historical_seed,
2014-02-20,VLUE,58.98,59.2,58.98,59.2,43.2270074772,43.3882475865,43.2270074772,43.3882475865,1000,1000,0.0,1.0,tiingo_historical_seed,
2014-02-21,VLUE,59.2,59.2,59.092,59.092,43.3882475865,43.3882475865,43.309093351,43.309093351,1400,1400,0.0,1.0,tiingo_historical_seed,
2014-02-24,VLUE,59.092,59.092,59.092,59.092,43.309093351,43.309093351,43.309093351,43.309093351,17,17,0.0,1.0,tiingo_historical_seed,
2014-02-25,VLUE,59.282,59.282,59.282,59.282,43.4483461727,43.4483461727,43.4483461727,43.4483461727,200,200,0.0,1.0,tiingo_historical_seed,
2014-02-26,VLUE,59.28,59.28,59.28,59.28,43.4468803535,43.4468803535,43.4468803535,43.4468803535,0,0,0.0,1.0,tiingo_historical_seed,
2014-02-27,VLUE,59.282,59.282,59.282,59.282,43.4483461727,43.4483461727,43.4483461727,43.4483461727,42,42,0.0,1.0,tiingo_historical_seed,
2014-02-28,VLUE,59.58,59.9,59.58,59.7,43.6667532298,43.9012842978,43.6667532298,43.7547023803,1400,1400,0.0,1.0,tiingo_historical_seed,
2014-03-03,VLUE,59.28,59.42,59.0,59.27,43.4468803535,43.5494876958,43.241665669,43.4395512576,3100,3100,0.0,1.0,tiingo_historical_seed,
2014-03-04,VLUE,59.9501,60.21,59.9501,60.17,43.9380030682,44.12848627,43.9380030682,44.0991698865,900,900,0.0,1.0,tiingo_historical_seed,
2014-03-05,VLUE,60.14,60.14,60.14,60.14,44.0771825988,44.0771825988,44.0771825988,44.0771825988,300,300,0.0,1.0,tiingo_historical_seed,
2014-03-06,VLUE,60.38,60.38,60.38,60.38,44.2530808999,44.2530808999,44.2530808999,44.2530808999,300,300,0.0,1.0,tiingo_historical_seed,
2014-03-07,VLUE,60.4599,60.46,60.33,60.46,44.3116403759,44.3117136669,44.2164354205,44.3117136669,1100,1100,0.0,1.0,tiingo_historical_seed,
2014-03-10,VLUE,60.3042,60.41,60.248,60.41,44.1975263531,44.2750681875,44.1563368343,44.2750681875,700,700,0.0,1.0,tiingo_historical_seed,
2014-03-11,VLUE,60.44,60.45,60.0,60.0,44.2970554751,44.304384571,43.9745752566,43.9745752566,2200,2200,0.0,1.0,tiingo_historical_seed,
2014-03-12,VLUE,60.0,60.0,60.0,60.0,43.9745752566,43.9745752566,43.9745752566,43.9745752566,19,19,0.0,1.0,tiingo_historical_seed,
2014-03-13,VLUE,60.0,60.0,60.0,60.0,43.9745752566,43.9745752566,43.9745752566,43.9745752566,166,166,0.0,1.0,tiingo_historical_seed,
2014-03-14,VLUE,59.382,59.382,59.382,59.382,43.5216371314,43.5216371314,43.5216371314,43.5216371314,200,200,0.0,1.0,tiingo_historical_seed,
2014-03-17,VLUE,59.8999,59.94,59.79,59.79,43.9012110069,43.9306006813,43.8206642432,43.8206642432,2400,2400,0.0,1.0,tiingo_historical_seed,
2014-03-18,VLUE,60.09,60.36,60.09,60.36,44.0405371195,44.2384227081,44.0405371195,44.2384227081,1900,1900,0.0,1.0,tiingo_historical_seed,
2014-03-19,VLUE,60.3633,60.3633,60.3259,60.3259,44.2408413098,44.2408413098,44.2134304912,44.2134304912,700,700,0.0,1.0,tiingo_historical_seed,
2014-03-20,VLUE,60.3259,60.3259,60.3259,60.3259,44.2134304912,44.2134304912,44.2134304912,44.2134304912,54,54,0.0,1.0,tiingo_historical_seed,
2014-03-21,VLUE,60.52,60.57,60.37,60.5,44.3556882421,44.3923337215,44.245751804,44.3410300504,5100,5100,0.0,1.0,tiingo_historical_seed,
2014-03-24,VLUE,60.74,60.74,60.1462,60.1462,44.5169283514,44.5169283514,44.0817266383,44.0817266383,1300,1300,0.0,1.0,tiingo_historical_seed,
2014-03-25,VLUE,60.1872,60.26,60.1872,60.26,44.3192857484,44.3728925618,44.3192857484,44.3728925618,800,800,0.283474,1.0,tiingo_historical_seed,
2014-03-26,VLUE,60.6,60.6,59.92,59.92,44.6232540532,44.6232540532,44.1225310704,44.1225310704,1400,1400,0.0,1.0,tiingo_historical_seed,
2014-03-27,VLUE,59.76,59.76,59.66,59.72,44.004713898,44.004713898,43.9310781652,43.9752596049,7500,7500,0.0,1.0,tiingo_historical_seed,
2014-03-28,VLUE,60.14,60.3,60.12,60.12,44.2845296825,44.4023468549,44.2698025359,44.2698025359,2100,2100,0.0,1.0,tiingo_historical_seed,
2014-03-31,VLUE,60.59,60.59,60.54,60.55,44.6158904799,44.6158904799,44.5790726135,44.5864361868,1400,1400,0.0,1.0,tiingo_historical_seed,
2014-04-01,VLUE,60.85,60.89,60.812,60.89,44.8073433851,44.8367976782,44.7793618066,44.8367976782,600,600,0.0,1.0,tiingo_historical_seed,
2014-04-02,VLUE,60.89,60.89,60.89,60.89,44.8367976782,44.8367976782,44.8367976782,44.8367976782,23,23,0.0,1.0,tiingo_historical_seed,
2014-04-03,VLUE,60.89,60.89,60.89,60.89,44.8367976782,44.8367976782,44.8367976782,44.8367976782,138,138,0.0,1.0,tiingo_historical_seed,
2014-04-04,VLUE,61.34,61.39,61.3301,61.39,45.1681584756,45.204976342,45.1608685381,45.204976342,800,800,0.0,1.0,tiingo_historical_seed,
2014-04-07,VLUE,60.53,60.53,59.9496,59.9496,44.5717090403,44.5717090403,44.1443272473,44.1443272473,1600,1600,0.0,1.0,tiingo_historical_seed,
2014-04-08,VLUE,60.1,60.1,59.939,59.939,44.2550753894,44.2550753894,44.1365218596,44.1365218596,700,700,0.0,1.0,tiingo_historical_seed,
2014-04-09,VLUE,60.12,60.532,60.12,60.532,44.2698025359,44.5731817549,44.2698025359,44.5731817549,1000,1000,0.0,1.0,tiingo_historical_seed,
2014-04-10,VLUE,60.465,60.465,59.52,59.52,44.523845814,44.523845814,43.8279881394,43.8279881394,1000,1000,0.0,1.0,tiingo_historical_seed,
2014-04-11,VLUE,59.12,59.25,58.9946,58.9946,43.5334452083,43.6291716609,43.4411059994,43.4411059994,800,800,0.0,1.0,tiingo_historical_seed,
2014-04-14,VLUE,59.25,59.47,59.1,59.1,43.6291716609,43.791170273,43.5187180618,43.5187180618,600,600,0.0,1.0,tiingo_historical_seed,
2014-04-15,VLUE,59.71,59.74,59.04,59.74,43.9678960316,43.9899867514,43.4745366221,43.9899867514,2300,2300,0.0,1.0,tiingo_historical_seed,
2014-04-16,VLUE,59.98,60.25,59.9799,60.25,44.1667125101,44.3655289885,44.1666388743,44.3655289885,800,800,0.0,1.0,tiingo_historical_seed,
2014-04-17,VLUE,60.171,60.55,60.171,60.54,44.3073567596,44.5864361868,44.3073567596,44.5790726135,800,800,0.0,1.0,tiingo_historical_seed,
2014-04-21,VLUE,60.61,60.61,60.61,60.61,44.6306176265,44.6306176265,44.6306176265,44.6306176265,200,200,0.0,1.0,tiingo_historical_seed,
2014-04-22,VLUE,60.76,60.97,60.7599,60.95,44.7410712256,44.8957062644,44.7409975899,44.8809791179,700,700,0.0,1.0,tiingo_historical_seed,
2014-04-23,VLUE,60.8,60.86,60.8,60.86,44.7705255187,44.8147069584,44.7705255187,44.8147069584,1000,1000,0.0,1.0,tiingo_historical_seed,
2014-04-24,VLUE,60.74,60.86,60.74,60.86,44.7263440791,44.8147069584,44.7263440791,44.8147069584,900,900,0.0,1.0,tiingo_historical_seed,
2014-04-25,VLUE,60.91,60.91,60.4399,60.44,44.8515248247,44.8515248247,44.505363245,44.5054368808,1400,1400,0.0,1.0,tiingo_historical_seed,
2014-04-28,VLUE,60.7608,60.7608,60.6175,60.6175,44.7416603115,44.7416603115,44.6361403064,44.6361403064,800,800,0.0,1.0,tiingo_historical_seed,
2014-04-29,VLUE,60.96,60.96,60.9028,60.96,44.8883426911,44.8883426911,44.846223052,44.8883426911,200,200,0.0,1.0,tiingo_historical_seed,
2014-04-30,VLUE,60.82,61.04,60.82,61.0399,44.7852526653,44.9472512773,44.7852526653,44.9471776416,900,900,0.0,1.0,tiingo_historical_seed,
2014-05-01,VLUE,61.0856,61.0856,61.0,61.0,44.9808291715,44.9808291715,44.9177969842,44.9177969842,700,700,0.0,1.0,tiingo_historical_seed,
2014-05-02,VLUE,61.048,61.048,61.01,61.02,44.953142136,44.953142136,44.9251605575,44.9325241308,1200,1200,0.0,1.0,tiingo_historical_seed,
2014-05-05,VLUE,60.76,60.77,60.65,60.66,44.7410712256,44.7484347989,44.6600719196,44.6674354928,1200,1200,0.0,1.0,tiingo_historical_seed,
2014-05-06,VLUE,60.65,60.65,60.632,60.632,44.6600719196,44.6600719196,44.6468174877,44.6468174877,1000,1000,0.0,1.0,tiingo_historical_seed,
2014-05-07,VLUE,60.632,60.632,60.632,60.632,44.6468174877,44.6468174877,44.6468174877,44.6468174877,2,2,0.0,1.0,tiingo_historical_seed,
2014-05-08,VLUE,61.21,61.21,60.83,60.83,45.072432023,45.072432023,44.7926162385,44.7926162385,1400,1400,0.0,1.0,tiingo_historical_seed,
2014-05-09,VLUE,61.03,61.03,60.6,60.6,44.9398877041,44.9398877041,44.6232540532,44.6232540532,4700,4700,0.0,1.0,tiingo_historical_seed,
2014-05-12,VLUE,61.34,61.49,61.34,61.49,45.1681584756,45.2786120748,45.1681584756,45.2786120748,3200,3200,0.0,1.0,tiingo_historical_seed,
2014-05-13,VLUE,61.56,61.65,61.56,61.64,45.3301570877,45.3964292472,45.3301570877,45.3890656739,5300,5300,0.0,1.0,tiingo_historical_seed,
2014-05-14,VLUE,61.43,61.43,61.35,61.35,45.2344306351,45.2344306351,45.1755220489,45.1755220489,1600,1600,0.0,1.0,tiingo_historical_seed,
2014-05-15,VLUE,61.25,61.25,60.598,60.598,45.1018863161,45.1018863161,44.6217813385,44.6217813385,400,400,0.0,1.0,tiingo_historical_seed,
2014-05-16,VLUE,60.598,60.598,60.598,60.598,44.6217813385,44.6217813385,44.6217813385,44.6217813385,27,27,0.0,1.0,tiingo_historical_seed,
2014-05-19,VLUE,60.91,61.13,60.91,61.13,44.8515248247,45.0135234368,44.8515248247,45.0135234368,2100,2100,0.0,1.0,tiingo_historical_seed,
2014-05-20,VLUE,61.01,61.02,60.58,60.73,44.9251605575,44.9325241308,44.6085269066,44.7189805058,38300,38300,0.0,1.0,tiingo_historical_seed,
2014-05-21,VLUE,61.09,61.1,61.08,61.1,44.9840691437,44.991432717,44.9767055704,44.991432717,4200,4200,0.0,1.0,tiingo_historical_seed,
2014-05-22,VLUE,61.3599,61.41,61.3599,61.41,45.1828119864,45.2197034886,45.1828119864,45.2197034886,700,700,0.0,1.0,tiingo_historical_seed,
2014-05-23,VLUE,61.49,61.53,61.4899,61.5299,45.2786120748,45.3080663679,45.278538439,45.3079927321,1300,1300,0.0,1.0,tiingo_historical_seed,
2014-05-27,VLUE,61.86,61.86,61.7599,61.77,45.551064286,45.551064286,45.4773549175,45.4847921265,3000,3000,0.0,1.0,tiingo_historical_seed,
2014-05-28,VLUE,61.82,61.82,61.816,61.816,45.5216099929,45.5216099929,45.5186645636,45.5186645636,500,500,0.0,1.0,tiingo_historical_seed,
2014-05-29,VLUE,61.9571,61.98,61.93,61.979,45.6225645825,45.6394271653,45.6026092989,45.638690808,3500,3500,0.0,1.0,tiingo_historical_seed,
2014-05-30,VLUE,61.979,61.979,61.979,61.979,45.638690808,45.638690808,45.638690808,45.638690808,3,3,0.0,1.0,tiingo_historical_seed,
2014-06-02,VLUE,62.322,62.322,62.26,62.32,45.8912613713,45.8912613713,45.845607217,45.8897886567,1700,1700,0.0,1.0,tiingo_historical_seed,
2014-06-03,VLUE,62.32,62.32,62.32,62.32,45.8897886567,45.8897886567,45.8897886567,45.8897886567,307,307,0.0,1.0,tiingo_historical_seed,
2014-06-04,VLUE,62.27,62.5,62.25,62.497,45.8529707903,46.0223329756,45.8382436437,46.0201239037,4900,4900,0.0,1.0,tiingo_historical_seed,
2014-06-05,VLUE,62.59,62.59,62.582,62.59,46.0886051351,46.0886051351,46.0827142765,46.0886051351,500,500,0.0,1.0,tiingo_historical_seed,
2014-06-06,VLUE,63.15,63.21,63.14,63.184,46.5009652386,46.5451466783,46.4936016653,46.5260013877,2100,2100,0.0,1.0,tiingo_historical_seed,
2014-06-09,VLUE,63.33,63.33,63.2501,63.2501,46.6335095576,46.6335095576,46.5746746071,46.5746746071,500,500,0.0,1.0,tiingo_historical_seed,
2014-06-10,VLUE,63.28,63.3,63.264,63.28,46.5966916912,46.6114188377,46.5849099739,46.5966916912,2000,2000,0.0,1.0,tiingo_historical_seed,
2014-06-11,VLUE,63.0499,63.0499,63.0499,63.0499,46.4272558701,46.4272558701,46.4272558701,46.4272558701,200,200,0.0,1.0,tiingo_historical_seed,
2014-06-12,VLUE,62.947,62.99,62.8599,62.8599,46.3514847011,46.3831480662,46.2873479779,46.2873479779,2300,2300,0.0,1.0,tiingo_historical_seed,
2014-06-13,VLUE,62.89,62.92,62.7305,62.75,46.3095123334,46.3316030532,46.1920633397,46.2064223076,82000,82000,0.0,1.0,tiingo_historical_seed,
2014-06-16,VLUE,62.85,62.94,62.6839,62.89,46.2800580403,46.3463301998,46.1577490882,46.3095123334,2200,2200,0.0,1.0,tiingo_historical_seed,
2014-06-17,VLUE,63.0196,63.09,63.0,63.09,46.4049442431,46.4567837989,46.3905116395,46.4567837989,7000,7000,0.0,1.0,tiingo_historical_seed,
2014-06-18,VLUE,63.08,63.5799,63.012,63.5799,46.4494202257,46.8175252537,46.3993479274,46.8175252537,11400,11400,0.0,1.0,tiingo_historical_seed,
2014-06-19,VLUE,63.58,63.6092,63.44,63.6092,46.8175988895,46.8391005234,46.7145088636,46.8391005234,4200,4200,0.0,1.0,tiingo_historical_seed,
2014-06-20,VLUE,63.78,63.81,63.76,63.81,46.964870355,46.9869610748,46.9501432084,46.9869610748,8600,8600,0.0,1.0,tiingo_historical_seed,
2014-06-23,VLUE,63.83,63.84,63.76,63.84,47.0016882214,47.0090517946,46.9501432084,47.0090517946,9500,9500,0.0,1.0,tiingo_historical_seed,
2014-06-24,VLUE,63.81,63.96,63.37,63.38,46.9869610748,47.097414674,46.6629638507,46.6703274239,4300,4300,0.0,1.0,tiingo_historical_seed,
2014-06-25,VLUE,63.0301,63.25,63.0301,63.23,46.6343763486,46.7970747952,46.6343763486,46.7822773012,56200,56200,0.302032,1.0,tiingo_historical_seed,
2014-06-26,VLUE,63.4,63.4,62.878,62.878,46.9080560002,46.9080560002,46.5218414067,46.5218414067,3900,3900,0.0,1.0,tiingo_historical_seed,
2014-06-27,VLUE,62.97,63.21,62.89,63.08,46.5899098791,46.7674798072,46.5307199031,46.6712960961,85900,85900,0.0,1.0,tiingo_historical_seed,
2014-06-30,VLUE,63.29,63.3,63.29,63.3,46.8266697832,46.8340685302,46.8266697832,46.8340685302,600,600,0.0,1.0,tiingo_historical_seed,
2014-07-01,VLUE,63.33,63.75,63.33,63.65,46.8562647712,47.1670121453,46.8562647712,47.0930246753,700,700,0.0,1.0,tiingo_historical_seed,
2014-07-02,VLUE,63.7,63.71,63.65,63.65,47.1300184103,47.1374171573,47.0930246753,47.0930246753,37500,37500,0.0,1.0,tiingo_historical_seed,
2014-07-03,VLUE,64.04,64.119,63.91,64.0,47.3815758084,47.4400259098,47.2853920974,47.3519808204,13400,13400,0.0,1.0,tiingo_historical_seed,
2014-07-07,VLUE,64.03,64.03,63.68,63.77,47.3741770614,47.3741770614,47.1152209163,47.1818096393,5600,5600,0.0,1.0,tiingo_historical_seed,
2014-07-08,VLUE,63.58,63.58,63.42,63.452,47.0412334463,47.0412334463,46.9228534942,46.9465294846,7200,7200,0.0,1.0,tiingo_historical_seed,
2014-07-09,VLUE,63.64,63.8195,63.49,63.706,47.0856259283,47.218433437,46.9746447233,47.1344576585,13400,13400,0.0,1.0,tiingo_historical_seed,
2014-07-10,VLUE,63.251,63.435,63.251,63.435,46.7978146699,46.9339516147,46.7978146699,46.9339516147,700,700,0.0,1.0,tiingo_historical_seed,
2014-07-11,VLUE,63.46,63.46,63.46,63.46,46.9524484822,46.9524484822,46.9524484822,46.9524484822,1900,1900,0.0,1.0,tiingo_historical_seed,
2014-07-14,VLUE,63.46,63.46,63.46,63.46,46.9524484822,46.9524484822,46.9524484822,46.9524484822,8,8,0.0,1.0,tiingo_historical_seed,
2014-07-15,VLUE,63.863,63.863,63.863,63.863,47.2506179865,47.2506179865,47.2506179865,47.2506179865,500,500,0.0,1.0,tiingo_historical_seed,
2014-07-16,VLUE,63.97,64.0227,63.97,64.0227,47.3297845794,47.3687759761,47.3297845794,47.3687759761,22400,22400,0.0,1.0,tiingo_historical_seed,
2014-07-17,VLUE,63.65,63.65,63.65,63.65,47.0930246753,47.0930246753,47.0930246753,47.0930246753,1000,1000,0.0,1.0,tiingo_historical_seed,
2014-07-18,VLUE,63.64,63.95,63.59,63.95,47.0856259283,47.3149870854,47.0486321933,47.3149870854,2000,2000,0.0,1.0,tiingo_historical_seed,
2014-07-21,VLUE,63.81,63.85,63.55,63.85,47.2114046274,47.2409996154,47.0190372053,47.2409996154,1000,1000,0.0,1.0,tiingo_historical_seed,
2014-07-22,VLUE,64.2328,64.2328,64.1,64.1,47.5242236507,47.5242236507,47.4259682905,47.4259682905,14400,14400,0.0,1.0,tiingo_historical_seed,
2014-07-23,VLUE,64.22,64.28,64.07,64.28,47.5147532545,47.5591457365,47.4037720494,47.5591457365,1000,1000,0.0,1.0,tiingo_historical_seed,
2014-07-24,VLUE,64.28,64.33,64.28,64.33,47.5591457365,47.5961394715,47.5591457365,47.5961394715,2200,2200,0.0,1.0,tiingo_historical_seed,
2014-07-25,VLUE,63.98,64.0062,63.98,64.0,47.3371833264,47.3565680436,47.3371833264,47.3519808204,600,600,0.0,1.0,tiingo_historical_seed,
2014-07-28,VLUE,64.12,64.12,63.64,63.89,47.4407657845,47.4407657845,47.0856259283,47.2705946034,1700,1700,0.0,1.0,tiingo_historical_seed,
2014-07-29,VLUE,64.02,64.02,64.02,64.02,47.3667783144,47.3667783144,47.3667783144,47.3667783144,5200,5200,0.0,1.0,tiingo_historical_seed,
2014-07-30,VLUE,63.567,63.7228,63.567,63.7228,47.0316150752,47.1468875535,47.0316150752,47.1468875535,600,600,0.0,1.0,tiingo_historical_seed,
2014-07-31,VLUE,62.79,62.79,62.79,62.79,46.456732433,46.456732433,46.456732433,46.456732433,400,400,0.0,1.0,tiingo_historical_seed,
2014-08-01,VLUE,62.3,62.3401,61.88,62.3258,46.0941938299,46.1238628054,45.7834464557,46.1132825971,2000,2000,0.0,1.0,tiingo_historical_seed,
2014-08-04,VLUE,62.3258,62.3258,62.3258,62.3258,46.1132825971,46.1132825971,46.1132825971,46.1132825971,41,41,0.0,1.0,tiingo_historical_seed,
2014-08-05,VLUE,62.47,62.47,61.8501,61.8501,46.2199725289,46.2199725289,45.7613242022,45.7613242022,600,600,0.0,1.0,tiingo_historical_seed,
2014-08-06,VLUE,61.65,62.2,61.65,62.076,45.6132752747,46.0202063598,45.6132752747,45.928461897,1200,1200,0.0,1.0,tiingo_historical_seed,
2014-08-07,VLUE,61.927,61.927,61.682,61.682,45.8182205667,45.8182205667,45.6369512651,45.6369512651,700,700,0.0,1.0,tiingo_historical_seed,
2014-08-08,VLUE,62.28,62.42,62.22,62.34,46.0793963359,46.1829787939,46.0350038539,46.1237888179,161400,161400,0.0,1.0,tiingo_historical_seed,
2014-08-11,VLUE,62.53,62.6,62.53,62.6,46.264365011,46.31615624,46.264365011,46.31615624,400,400,0.0,1.0,tiingo_historical_seed,
2014-08-12,VLUE,62.4599,62.5,62.41,62.5,46.2124997945,46.2421687699,46.1755800469,46.2421687699,4900,4900,0.0,1.0,tiingo_historical_seed,
2014-08-13,VLUE,62.7501,62.7501,62.6243,62.6243,46.4272114325,46.4272114325,46.3341351952,46.3341351952,1200,1200,0.0,1.0,tiingo_historical_seed,
2014-08-14,VLUE,62.79,63.06,62.79,63.04,46.456732433,46.6564986021,46.456732433,46.6417011081,3800,3800,0.0,1.0,tiingo_historical_seed,
2014-08-15,VLUE,63.105,63.105,62.74,63.03,46.6897929636,46.6897929636,46.419738698,46.6343023611,7600,7600,0.0,1.0,tiingo_historical_seed,
2014-08-18,VLUE,63.385,63.54,63.38,63.54,46.8969578797,47.0116384583,46.8932585062,47.0116384583,10600,10600,0.0,1.0,tiingo_historical_seed,
2014-08-19,VLUE,63.79,63.95,63.7,63.95,47.1966071334,47.3149870854,47.1300184103,47.3149870854,9300,9300,0.0,1.0,tiingo_historical_seed,
2014-08-20,VLUE,63.68,64.15,63.68,64.15,47.1152209163,47.4629620255,47.1152209163,47.4629620255,700,700,0.0,1.0,tiingo_historical_seed,
2014-08-21,VLUE,64.12,64.42,64.12,64.42,47.4407657845,47.6627281946,47.4407657845,47.6627281946,500,500,0.0,1.0,tiingo_historical_seed,
2014-08-22,VLUE,64.26,64.26,64.18,64.18,47.5443482425,47.5443482425,47.4851582665,47.4851582665,1600,1600,0.0,1.0,tiingo_historical_seed,
2014-08-25,VLUE,64.55,64.59,64.52,64.55,47.7589119056,47.7885068936,47.7367156646,47.7589119056,14000,14000,0.0,1.0,tiingo_historical_seed,
2014-08-26,VLUE,64.7,64.79,64.6599,64.66,47.8698931106,47.9364818337,47.8402241352,47.8402981226,900,900,0.0,1.0,tiingo_historical_seed,
2014-08-27,VLUE,64.74,64.74,64.74,64.74,47.8994880987,47.8994880987,47.8994880987,47.8994880987,300,300,0.0,1.0,tiingo_historical_seed,
2014-08-28,VLUE,64.56,64.64,64.4601,64.6038,47.7663106526,47.8255006286,47.69239717,47.7987171645,3000,3000,0.0,1.0,tiingo_historical_seed,
2014-08-29,VLUE,64.609,64.609,64.609,64.609,47.8025645129,47.8025645129,47.8025645129,47.8025645129,400,400,0.0,1.0,tiingo_historical_seed,
2014-09-02,VLUE,64.99,64.99,64.53,64.62,48.0844567737,48.0844567737,47.7441144116,47.8107031346,1900,1900,0.0,1.0,tiingo_historical_seed,
2014-09-03,VLUE,65.09,65.09,64.725,64.75,48.1584442438,48.1584442438,47.8883899782,47.9068868457,226300,226300,0.0,1.0,tiingo_historical_seed,
2014-09-04,VLUE,64.59,65.07,64.5599,64.5599,47.7885068936,48.1436467498,47.7662366651,47.7662366651,2000,2000,0.0,1.0,tiingo_historical_seed,
2014-09-05,VLUE,64.45,64.8,64.45,64.8,47.6849244356,47.9438805807,47.6849244356,47.9438805807,3300,3300,0.0,1.0,tiingo_historical_seed,
2014-09-08,VLUE,64.7,64.91,64.69,64.69,47.8698931106,48.0252667977,47.8624943636,47.8624943636,600,600,0.0,1.0,tiingo_historical_seed,
2014-09-09,VLUE,64.46,64.59,64.3575,64.3575,47.6923231826,47.7885068936,47.6164860258,47.6164860258,700,700,0.0,1.0,tiingo_historical_seed,
2014-09-10,VLUE,64.19,64.44,64.04,64.44,47.4925570135,47.6775256886,47.3815758084,47.6775256886,1800,1800,0.0,1.0,tiingo_historical_seed,
2014-09-11,VLUE,64.44,64.44,64.44,64.44,47.6775256886,47.6775256886,47.6775256886,47.6775256886,10,10,0.0,1.0,tiingo_historical_seed,
2014-09-12,VLUE,64.445,64.465,63.9601,64.0201,47.6812250621,47.6960225561,47.3224598199,47.3668523019,1131200,1131200,0.0,1.0,tiingo_historical_seed,
2014-09-15,VLUE,63.92,64.12,63.92,64.12,47.2927908444,47.4407657845,47.2927908444,47.4407657845,3400,3400,0.0,1.0,tiingo_historical_seed,
2014-09-16,VLUE,64.1,64.1,64.1,64.1,47.4259682905,47.4259682905,47.4259682905,47.4259682905,400,400,0.0,1.0,tiingo_historical_seed,
2014-09-17,VLUE,64.77,64.82,64.64,64.78,47.9216843397,47.9586780747,47.8255006286,47.9290830867,2500,2500,0.0,1.0,tiingo_historical_seed,
2014-09-18,VLUE,64.86,65.0889,64.85,65.0889,47.9882730627,48.1576303816,47.9808743157,48.1576303816,1168700,1168700,0.0,1.0,tiingo_historical_seed,
2014-09-19,VLUE,65.19,65.24,64.84,64.85,48.2324317138,48.2694254488,47.9734755687,47.9808743157,50300,50300,0.0,1.0,tiingo_historical_seed,
2014-09-22,VLUE,64.82,64.82,64.4,64.4,47.9586780747,47.9586780747,47.6479307005,47.6479307005,819,819,0.0,1.0,tiingo_historical_seed,
2014-09-23,VLUE,64.14,64.26,64.04,64.04,47.4555632785,47.5443482425,47.3815758084,47.3815758084,1118,1118,0.0,1.0,tiingo_historical_seed,
2014-09-24,VLUE,64.091,64.2099,64.091,64.2099,47.5359082241,47.6240956371,47.5359082241,47.6240956371,420,420,0.157885,1.0,tiingo_historical_seed,
2014-09-25,VLUE,63.5,63.55,63.35,63.35,47.0975670879,47.1346517864,46.9863129924,46.9863129924,17634,17634,0.0,1.0,tiingo_historical_seed,
2014-09-26,VLUE,63.26,63.9212,63.26,63.638,46.9195605351,47.409968588,46.9195605351,47.1999208557,2507,2507,0.0,1.0,tiingo_historical_seed,
2014-09-29,VLUE,63.15,63.64,63.15,63.64,46.8379741984,47.2014042436,46.8379741984,47.2014042436,821,821,0.0,1.0,tiingo_historical_seed,
2014-09-30,VLUE,63.39,63.51,63.39,63.44,47.0159807512,47.1049840276,47.0159807512,47.0530654497,1055,1055,0.0,1.0,tiingo_historical_seed,
2014-10-01,VLUE,63.0,63.19,62.45,62.45,46.7267201029,46.8676419572,46.3187884195,46.3187884195,180819,180819,0.0,1.0,tiingo_historical_seed,
2014-10-02,VLUE,62.45,62.45,62.0,62.0,46.3187884195,46.3187884195,45.985026133,45.985026133,1015,1015,0.0,1.0,tiingo_historical_seed,
2014-10-03,VLUE,62.95,63.0305,62.95,63.0305,46.6896354044,46.749341769,46.6896354044,46.749341769,548,548,0.0,1.0,tiingo_historical_seed,
2014-10-06,VLUE,63.2799,63.2799,62.97,63.22,46.9343202451,46.9343202451,46.7044692838,46.8898927763,107280,107280,0.0,1.0,tiingo_historical_seed,
2014-10-07,VLUE,62.59,62.89,62.317,62.408,46.4226255753,46.6451337662,46.2201431215,46.2876372727,2176,2176,0.0,1.0,tiingo_historical_seed,
2014-10-08,VLUE,62.3,63.252,61.8449,63.252,46.207534324,46.9136269833,45.8699893983,46.9136269833,3639,3639,0.0,1.0,tiingo_historical_seed,
2014-10-09,VLUE,62.88,62.93,61.92,61.92,46.6377168265,46.674801525,45.9256906154,45.9256906154,43172,43172,0.0,1.0,tiingo_historical_seed,
2014-10-10,VLUE,61.88,61.88,61.09,61.09,45.8960228566,45.8960228566,45.3100846204,45.3100846204,1655084,1655084,0.0,1.0,tiingo_historical_seed,
2014-10-13,VLUE,61.34,61.34,60.11,60.11,45.4955081129,45.4955081129,44.5832245299,44.5832245299,72058,72058,0.0,1.0,tiingo_historical_seed,
2014-10-14,VLUE,60.56,60.82,60.26,60.26,44.9169868164,45.1098272486,44.6944786254,44.6944786254,3633,3633,0.0,1.0,tiingo_historical_seed,
2014-10-15,VLUE,59.58,59.87,58.32,59.6199,44.1901267259,44.4052179772,43.2555923238,44.2197203153,28966,28966,0.0,1.0,tiingo_historical_seed,
2014-10-16,VLUE,59.258,60.09,59.16,59.71,43.9513012676,44.5683906505,43.8786152585,44.286546942,12579,12579,0.0,1.0,tiingo_historical_seed,
2014-10-17,VLUE,60.75,60.84,60.44,60.4801,45.0579086707,45.124661128,44.82798354,44.8577254682,47893,47893,0.0,1.0,tiingo_historical_seed,
2014-10-20,VLUE,60.69,61.13,60.69,61.13,45.0134070325,45.3397523792,45.0134070325,45.3397523792,1607,1607,0.0,1.0,tiingo_historical_seed,
2014-10-21,VLUE,61.79,62.1896,61.7558,62.1896,45.8292703993,46.1256513097,45.8039044656,46.1256513097,4760,4760,0.0,1.0,tiingo_historical_seed,
2014-10-22,VLUE,62.34,62.42,61.98,61.98,46.2372020828,46.2965376004,45.9701922536,45.9701922536,169015,169015,0.0,1.0,tiingo_historical_seed,
2014-10-23,VLUE,62.69,62.69,62.46,62.54,46.4967949722,46.4967949722,46.3262053592,46.3855408768,816,816,0.0,1.0,tiingo_historical_seed,
2014-10-24,VLUE,62.71,62.8496,62.56,62.8,46.5116288516,46.6151693298,46.4003747562,46.5783813089,1849,1849,0.0,1.0,tiingo_historical_seed,
2014-10-27,VLUE,62.761,62.85,62.75,62.85,46.5494552441,46.6154660074,46.5412966104,46.6154660074,1450,1450,0.0,1.0,tiingo_historical_seed,
2014-10-28,VLUE,63.0201,63.0201,63.0201,63.0201,46.7416281517,46.7416281517,46.7416281517,46.7416281517,361,361,0.0,1.0,tiingo_historical_seed,
2014-10-29,VLUE,63.17,63.17,63.17,63.17,46.8528080778,46.8528080778,46.8528080778,46.8528080778,229,229,0.0,1.0,tiingo_historical_seed,
2014-10-30,VLUE,63.42,63.9,63.39,63.6818,47.0382315703,47.3942446758,47.0159807512,47.2324070516,83999,83999,0.0,1.0,tiingo_historical_seed,
2014-10-31,VLUE,64.71,64.71,64.37,64.37,47.9950167914,47.9950167914,47.7428408417,47.7428408417,34099,34099,0.0,1.0,tiingo_historical_seed,
2014-11-03,VLUE,64.75,64.7799,64.52,64.77,48.0246845502,48.0468611999,47.8540949371,48.0395184296,31273,31273,0.0,1.0,tiingo_historical_seed,
2014-11-04,VLUE,64.19,64.46,64.0,64.46,47.6093359271,47.8095932989,47.4684140728,47.8095932989,1270,1270,0.0,1.0,tiingo_historical_seed,
2014-11-05,VLUE,64.5701,64.8599,64.3701,64.8599,47.891253805,48.1061967175,47.7429150111,48.1061967175,2928,2928,0.0,1.0,tiingo_historical_seed,
2014-11-06,VLUE,64.88,64.89,64.69,64.89,48.1211047663,48.128521706,47.980182912,48.128521706,1041,1041,0.0,1.0,tiingo_historical_seed,
2014-11-07,VLUE,65.1,65.1,65.1,65.1,48.2842774397,48.2842774397,48.2842774397,48.2842774397,309,309,0.0,1.0,tiingo_historical_seed,
2014-11-10,VLUE,65.3175,65.4,65.3175,65.4,48.4455958781,48.5067856306,48.4455958781,48.5067856306,386,386,0.0,1.0,tiingo_historical_seed,
2014-11-11,VLUE,65.3716,65.3716,65.324,65.324,48.4857215219,48.4857215219,48.4504168889,48.4504168889,954,954,0.0,1.0,tiingo_historical_seed,
2014-11-12,VLUE,65.19,65.358,65.19,65.358,48.351029897,48.4756344839,48.351029897,48.4756344839,708,708,0.0,1.0,tiingo_historical_seed,
2014-11-13,VLUE,65.358,65.358,65.358,65.358,48.4756344839,48.4756344839,48.4756344839,48.4756344839,74,74,0.0,1.0,tiingo_historical_seed,
2014-11-14,VLUE,65.4389,65.47,65.4,65.4399,48.5356375261,48.5587042085,48.5067856306,48.53637922,24456,24456,0.0,1.0,tiingo_historical_seed,
2014-11-17,VLUE,65.44,65.44,65.27,65.32,48.5364533894,48.5364533894,48.4103654146,48.4474501131,93836,93836,0.0,1.0,tiingo_historical_seed,
2014-11-18,VLUE,65.32,65.32,65.32,65.32,48.4474501131,48.4474501131,48.4474501131,48.4474501131,116,116,0.0,1.0,tiingo_historical_seed,
2014-11-19,VLUE,65.66,65.78,65.5,65.76,48.6996260628,48.7886293392,48.5809550276,48.7737954598,115822,115822,0.0,1.0,tiingo_historical_seed,
2014-11-20,VLUE,65.65,65.8399,65.5,65.8399,48.6922091231,48.833056808,48.5809550276,48.833056808,18583,18583,0.0,1.0,tiingo_historical_seed,
2014-11-21,VLUE,66.84,66.84,66.26,66.26,49.5748249473,49.5748249473,49.1446424447,49.1446424447,16365,16365,0.0,1.0,tiingo_historical_seed,
2014-11-24,VLUE,66.53,66.53,66.44,66.44,49.3448998166,49.3448998166,49.2781473593,49.2781473593,2958,2958,0.0,1.0,tiingo_historical_seed,
2014-11-25,VLUE,66.71,66.71,66.38,66.56,49.4784047312,49.4784047312,49.2336457211,49.3671506357,11352,11352,0.0,1.0,tiingo_historical_seed,
2014-11-26,VLUE,66.4044,66.4999,66.3,66.3,49.251743054,49.3225748281,49.1743102035,49.1743102035,12748,12748,0.0,1.0,tiingo_historical_seed,
2014-11-28,VLUE,66.272,66.272,66.0,66.0,49.1535427724,49.1535427724,48.9518020126,48.9518020126,1762,1762,0.0,1.0,tiingo_historical_seed,
2014-12-01,VLUE,65.531,65.74,65.52,65.6138,48.6039475407,48.7589615804,48.595788907,48.6653598014,1839,1839,0.0,1.0,tiingo_historical_seed,
2014-12-02,VLUE,66.03,66.181,66.02,66.181,48.9740528317,49.0860486211,48.966635892,49.0860486211,16511,16511,0.0,1.0,tiingo_historical_seed,
2014-12-03,VLUE,66.3877,66.411,66.3877,66.411,49.2393567647,49.2566382342,49.2393567647,49.2566382342,695,695,0.0,1.0,tiingo_historical_seed,
2014-12-04,VLUE,66.0801,66.402,66.0801,66.3,49.0112116996,49.2499629885,49.0112116996,49.1743102035,3079,3079,0.0,1.0,tiingo_historical_seed,
2014-12-05,VLUE,66.49,66.5,66.49,66.5,49.3152320578,49.3226489975,49.3152320578,49.3226489975,1207,1207,0.0,1.0,tiingo_historical_seed,
2014-12-08,VLUE,66.3,66.3,65.844,65.9348,49.1743102035,49.1743102035,48.8360977533,48.9034435657,2101,2101,0.0,1.0,tiingo_historical_seed,
2014-12-09,VLUE,65.9348,65.9348,65.9348,65.9348,48.9034435657,48.9034435657,48.9034435657,48.9034435657,141,141,0.0,1.0,tiingo_historical_seed,
2014-12-10,VLUE,65.21,65.21,64.65,64.84,48.3658637764,48.3658637764,47.9505151532,48.0914370075,11752,11752,0.0,1.0,tiingo_historical_seed,
2014-12-11,VLUE,65.259,65.4401,65.14,65.14,48.4022067809,48.5365275588,48.3139451985,48.3139451985,3253,3253,0.0,1.0,tiingo_historical_seed,
2014-12-12,VLUE,64.6199,64.6199,64.6199,64.6199,47.9281901647,47.9281901647,47.9281901647,47.9281901647,182,182,0.0,1.0,tiingo_historical_seed,
2014-12-15,VLUE,63.27,63.54,63.27,63.54,46.9269774748,47.1272348467,46.9269774748,47.1272348467,9545,9545,0.0,1.0,tiingo_historical_seed,
2014-12-16,VLUE,63.15,63.15,63.15,63.15,46.8379741984,46.8379741984,46.8379741984,46.8379741984,368,368,0.0,1.0,tiingo_historical_seed,
2014-12-17,VLUE,63.15,63.15,63.15,63.15,46.8379741984,46.8379741984,46.8379741984,46.8379741984,1,1,0.0,1.0,tiingo_historical_seed,
2014-12-18,VLUE,64.978,65.54,64.978,65.54,48.1937907753,48.6106227864,48.1937907753,48.6106227864,4493,4493,0.0,1.0,tiingo_historical_seed,
2014-12-19,VLUE,66.11,66.207,66.0284,66.207,49.0333883493,49.1053326643,48.9728661213,49.1053326643,682,682,0.0,1.0,tiingo_historical_seed,
2014-12-22,VLUE,66.4545,66.5399,66.3,66.5399,49.2889019219,49.3522425869,49.1743102035,49.3522425869,923,923,0.0,1.0,tiingo_historical_seed,
2014-12-23,VLUE,66.9971,66.9971,66.9971,66.9971,49.6913450699,49.6913450699,49.6913450699,49.6913450699,485,485,0.0,1.0,tiingo_historical_seed,
2014-12-24,VLUE,66.67,66.6799,66.54,66.54,49.701861148,49.7092415054,49.6049473645,49.6049473645,1107,1107,0.340613,1.0,tiingo_historical_seed,
2014-12-26,VLUE,66.77,66.96,66.73,66.73,49.7764102123,49.9180534344,49.7465905866,49.7465905866,77857,77857,0.0,1.0,tiingo_historical_seed,
2014-12-29,VLUE,66.82,66.85,66.82,66.8462,49.8136847444,49.8360494637,49.8136847444,49.8332165993,2044,2044,0.0,1.0,tiingo_historical_seed,
2014-12-30,VLUE,66.59,66.6199,66.5596,66.56,49.6422218966,49.6645120668,49.6195589811,49.6198571773,2564,2564,0.0,1.0,tiingo_historical_seed,
2014-12-31,VLUE,66.55,66.58,65.95,66.01,49.6124022709,49.6347669902,49.1651078853,49.2098373239,20587,20587,0.0,1.0,tiingo_historical_seed,
2015-01-02,VLUE,65.3901,65.3901,65.3901,65.3901,48.7477076745,48.7477076745,48.7477076745,48.7477076745,280,280,0.0,1.0,tiingo_historical_seed,
2015-01-05,VLUE,65.3901,65.3901,65.3901,65.3901,48.7477076745,48.7477076745,48.7477076745,48.7477076745,188,188,0.0,1.0,tiingo_historical_seed,
2015-01-06,VLUE,64.7899,64.7899,63.74,64.03,48.3002641907,48.3002641907,47.517573565,47.7337658513,963,963,0.0,1.0,tiingo_historical_seed,
2015-01-07,VLUE,64.69,64.69,64.5275,64.54,48.2257896755,48.2257896755,48.1046474461,48.1139660791,1734,1734,0.0,1.0,tiingo_historical_seed,
2015-01-08,VLUE,65.619,65.849,65.47,65.849,48.9183504826,49.0898133304,48.8072723768,49.0898133304,1102866,1102866,0.0,1.0,tiingo_historical_seed,
2015-01-09,VLUE,65.59,65.59,65.2305,65.2305,48.8967312539,48.8967312539,48.6287273679,48.6287273679,2635,2635,0.0,1.0,tiingo_historical_seed,
2015-01-12,VLUE,65.22,65.22,64.39,64.55,48.6208997161,48.6208997161,48.0021424827,48.1214209855,2376,2376,0.0,1.0,tiingo_historical_seed,
2015-01-13,VLUE,65.2662,65.4,63.91,64.37,48.6553413838,48.7550880318,47.6443069742,47.9872326698,1107967,1107967,0.0,1.0,tiingo_historical_seed,
2015-01-14,VLUE,63.64,63.8582,63.09,63.8582,47.4430245007,47.6056905589,47.0330046472,47.6056905589,3214,3214,0.0,1.0,tiingo_historical_seed,
2015-01-15,VLUE,63.29,63.29,63.29,63.29,47.1821027757,47.1821027757,47.1821027757,47.1821027757,400,400,0.0,1.0,tiingo_historical_seed,
2015-01-16,VLUE,63.29,64.135,63.23,64.135,47.1821027757,47.8120423688,47.1373733372,47.8120423688,5670,5670,0.0,1.0,tiingo_historical_seed,
2015-01-20,VLUE,64.29,64.29,63.67,63.93,47.9275934184,47.9275934184,47.46538922,47.6592167871,1158,1158,0.0,1.0,tiingo_historical_seed,
2015-01-21,VLUE,64.2801,64.52,64.25,64.41,47.9202130611,48.0990562662,47.8977737927,48.0170522956,2745,2745,0.0,1.0,tiingo_historical_seed,
2015-01-22,VLUE,64.7615,64.98,64.58,64.88,48.2790922565,48.4419819619,48.1437857048,48.3674328976,211351,211351,0.0,1.0,tiingo_historical_seed,
2015-01-23,VLUE,65.434,65.434,65.09,65.09,48.7804347137,48.7804347137,48.5239859326,48.5239859326,1754,1754,0.0,1.0,tiingo_historical_seed,
2015-01-26,VLUE,64.74,65.02,64.74,64.99,48.2630642076,48.4718015876,48.2630642076,48.4494368683,485,485,0.0,1.0,tiingo_historical_seed,
2015-01-27,VLUE,64.43,64.72,64.43,64.72,48.0319621084,48.2481543948,48.0319621084,48.2481543948,949,949,0.0,1.0,tiingo_historical_seed,
2015-01-28,VLUE,64.55,64.56,63.4,63.4,48.1214209855,48.128875892,47.2641067464,47.2641067464,6741,6741,0.0,1.0,tiingo_historical_seed,
2015-01-29,VLUE,63.49,63.93,63.079,63.93,47.3312009043,47.6592167871,47.0248042501,47.6592167871,13915,13915,0.0,1.0,tiingo_historical_seed,
2015-01-30,VLUE,63.29,63.29,63.29,63.29,47.1821027757,47.1821027757,47.1821027757,47.1821027757,344,344,0.0,1.0,tiingo_historical_seed,
2015-02-02,VLUE,63.3,63.3,63.1099,63.1099,47.1895576822,47.1895576822,47.047839911,47.047839911,547,547,0.0,1.0,tiingo_historical_seed,
2015-02-03,VLUE,64.4,65.29,64.4,65.29,48.0095973891,48.6730840611,48.0095973891,48.6730840611,7565,7565,0.0,1.0,tiingo_historical_seed,
2015-02-04,VLUE,65.16,65.468,65.08,65.468,48.5761702776,48.8057813955,48.5165310262,48.8057813955,27658,27658,0.0,1.0,tiingo_historical_seed,
2015-02-05,VLUE,65.454,65.8,65.42,65.79,48.7953445265,49.0532842889,48.7699978447,49.0458293825,3345,3345,0.0,1.0,tiingo_historical_seed,
2015-02-06,VLUE,65.99,66.14,65.99,66.0443,49.194927511,49.3067511074,49.194927511,49.2354076529,583,583,0.0,1.0,tiingo_historical_seed,
2015-02-09,VLUE,65.67,65.67,65.36,65.36,48.9563705053,48.9563705053,48.7252684061,48.7252684061,815,815,0.0,1.0,tiingo_historical_seed,
2015-02-10,VLUE,65.67,66.1299,65.49,65.97,48.9563705053,49.2992216519,48.8221821897,49.1800176981,6121,6121,0.0,1.0,tiingo_historical_seed,
2015-02-11,VLUE,65.896,66.067,65.8,66.067,49.1248513906,49.2523302905,49.0532842889,49.2523302905,3662,3662,0.0,1.0,tiingo_historical_seed,
2015-02-12,VLUE,66.579,66.72,66.579,66.72,49.6340214995,49.7391356802,49.6340214995,49.7391356802,431,431,0.0,1.0,tiingo_historical_seed,
2015-02-13,VLUE,66.9048,67.0099,66.9048,67.0099,49.8769023509,49.9552534175,49.8769023509,49.9552534175,409,409,0.0,1.0,tiingo_historical_seed,
2015-02-17,VLUE,67.06,67.18,67.06,67.18,49.9926024987,50.0820613758,49.9926024987,50.0820613758,908,908,0.0,1.0,tiingo_historical_seed,
2015-02-18,VLUE,66.82,67.0599,66.82,67.04,49.8136847444,49.9925279496,49.8136847444,49.9776926858,1423,1423,0.0,1.0,tiingo_historical_seed,
2015-02-19,VLUE,66.784,67.1,66.784,67.04,49.7868470813,50.0224221244,49.7868470813,49.9776926858,2457,2457,0.0,1.0,tiingo_historical_seed,
2015-02-20,VLUE,66.88,67.1972,66.41,67.07,49.858414183,50.0948838149,49.5080335809,50.0000574051,2599,2599,0.0,1.0,tiingo_historical_seed,
2015-02-23,VLUE,67.15,67.15,67.15,67.15,50.0596966565,50.0596966565,50.0596966565,50.0596966565,367,367,0.0,1.0,tiingo_historical_seed,
2015-02-24,VLUE,67.45,67.45,67.42,67.42,50.2833438493,50.2833438493,50.26097913,50.26097913,751,751,0.0,1.0,tiingo_historical_seed,
2015-02-25,VLUE,67.19,67.42,67.19,67.34,50.0895162822,50.26097913,50.0895162822,50.2013398786,5579,5579,0.0,1.0,tiingo_historical_seed,
2015-02-26,VLUE,67.3,67.3,67.04,67.04,50.1715202529,50.1715202529,49.9776926858,49.9776926858,7557,7557,0.0,1.0,tiingo_historical_seed,
2015-02-27,VLUE,67.267,67.267,66.97,67.04,50.1469190617,50.1469190617,49.9255083408,49.9776926858,15209,15209,0.0,1.0,tiingo_historical_seed,
2015-03-02,VLUE,67.12,67.4,67.1,67.4,50.0373319372,50.2460693172,50.0224221244,50.2460693172,1056,1056,0.0,1.0,tiingo_historical_seed,
2015-03-03,VLUE,66.92,66.99,66.78,66.94,49.8882338087,49.9404181537,49.7838651187,49.9031436216,8054,8054,0.0,1.0,tiingo_historical_seed,
2015-03-04,VLUE,66.75,66.75,66.6774,66.71,49.7615003994,49.7615003994,49.7073777788,49.7316807737,693,693,0.0,1.0,tiingo_historical_seed,
2015-03-05,VLUE,67.04,67.04,66.759,66.8099,49.9776926858,49.9776926858,49.7682098152,49.8061552889,1371,1371,0.0,1.0,tiingo_historical_seed,
2015-03-06,VLUE,66.7,66.7,65.75,65.76,49.7242258673,49.7242258673,49.0160097568,49.0234646632,6907,6907,0.0,1.0,tiingo_historical_seed,
2015-03-09,VLUE,66.23,66.2892,66.17,66.18,49.3738452652,49.4179783113,49.3291158267,49.3365707331,149216,149216,0.0,1.0,tiingo_historical_seed,
2015-03-10,VLUE,65.83,65.83,65.06,65.06,49.0756490082,49.0756490082,48.5016212133,48.5016212133,3639,3639,0.0,1.0,tiingo_historical_seed,
2015-03-11,VLUE,65.138,65.138,65.078,65.078,48.5597694834,48.5597694834,48.5150400449,48.5150400449,2558,2558,0.0,1.0,tiingo_historical_seed,
2015-03-12,VLUE,65.25,65.634,65.25,65.618,48.6432644354,48.9295328422,48.6432644354,48.9176049919,1361,1361,0.0,1.0,tiingo_historical_seed,
2015-03-13,VLUE,65.65,65.65,65.1,65.43,48.9414606925,48.9414606925,48.531440839,48.7774527511,11490,11490,0.0,1.0,tiingo_historical_seed,
2015-03-16,VLUE,65.89,66.2,65.89,66.19,49.1203784467,49.351480546,49.1203784467,49.3440256395,2327,2327,0.0,1.0,tiingo_historical_seed,
2015-03-17,VLUE,66.02,66.13,65.85,66.07,49.2172922303,49.299296201,49.090558821,49.2545667624,3531,3531,0.0,1.0,tiingo_historical_seed,
2015-03-18,VLUE,65.74,66.8,65.74,66.8,49.0085548503,49.7987749316,49.0085548503,49.7987749316,706,706,0.0,1.0,tiingo_historical_seed,
2015-03-19,VLUE,66.6,66.6,66.34,66.3876,49.649676803,49.649676803,49.4558492359,49.4913345905,14609,14609,0.0,1.0,tiingo_historical_seed,
2015-03-20,VLUE,67.018,67.233,67.01,67.233,49.9612918917,50.1215723799,49.9553279665,50.1215723799,4078,4078,0.0,1.0,tiingo_historical_seed,
2015-03-23,VLUE,67.01,67.1,67.01,67.1,49.9553279665,50.0224221244,49.9553279665,50.0224221244,1777,1777,0.0,1.0,tiingo_historical_seed,
2015-03-24,VLUE,66.8978,67.039,66.62,66.62,49.8716839164,49.9769471952,49.6645866159,49.6645866159,2549,2549,0.0,1.0,tiingo_historical_seed,
2015-03-25,VLUE,66.18,66.18,65.566,65.566,49.5706399008,49.5706399008,49.1107370162,49.1107370162,1423,1423,0.311067,1.0,tiingo_historical_seed,
2015-03-26,VLUE,65.3599,65.3599,65.18,65.3,48.9563624487,48.9563624487,48.8216124015,48.9114957014,8228,8228,0.0,1.0,tiingo_historical_seed,
2015-03-27,VLUE,65.114,65.274,65.09,65.2287,48.7721765866,48.8920209865,48.7541999266,48.8580900408,1075,1075,0.0,1.0,tiingo_historical_seed,
2015-03-30,VLUE,65.86,66.13,65.86,66.1,49.330951101,49.5331885258,49.330951101,49.5107177009,8363,8363,0.0,1.0,tiingo_historical_seed,
2015-03-31,VLUE,66.1,66.1,66.1,66.1,49.5107177009,49.5107177009,49.5107177009,49.5107177009,188,188,0.0,1.0,tiingo_historical_seed,
2015-04-01,VLUE,65.77,65.77,65.29,65.57,49.2635386261,49.2635386261,48.9040054265,49.1137331262,17614,17614,0.0,1.0,tiingo_historical_seed,
2015-04-02,VLUE,65.792,65.792,65.628,65.628,49.2800172311,49.2800172311,49.1571767212,49.1571767212,821,821,0.0,1.0,tiingo_historical_seed,
2015-04-06,VLUE,65.32,66.36,65.32,66.26,48.9264762514,49.7054648507,48.9264762514,49.6305621007,1436,1436,0.0,1.0,tiingo_historical_seed,
2015-04-07,VLUE,66.32,66.41,65.97,65.97,49.6755037507,49.7429162256,49.4133441259,49.4133441259,3980,3980,0.0,1.0,tiingo_historical_seed,
2015-04-08,VLUE,66.1,66.1,65.97,66.02,49.5107177009,49.5107177009,49.4133441259,49.4507955009,10717,10717,0.0,1.0,tiingo_historical_seed,
2015-04-09,VLUE,66.19,66.2798,66.17,66.2798,49.5781301758,49.6453928452,49.5631496258,49.6453928452,1602,1602,0.0,1.0,tiingo_historical_seed,
2015-04-10,VLUE,66.34,66.69,66.34,66.678,49.6904843007,49.9526439254,49.6904843007,49.9436555954,1131,1131,0.0,1.0,tiingo_historical_seed,
2015-04-13,VLUE,66.911,66.911,66.6018,66.6316,50.1181790027,50.1181790027,49.8865797,49.9089007195,2271,2271,0.0,1.0,tiingo_historical_seed,
2015-04-14,VLUE,66.46,66.76,66.46,66.6,49.7803676006,50.0050758504,49.7803676006,49.8852314505,1562,1562,0.0,1.0,tiingo_historical_seed,
2015-04-15,VLUE,67.32,67.32,67.2682,67.3,50.4245312499,50.4245312499,50.3857316255,50.4095507,717,717,0.0,1.0,tiingo_historical_seed,
2015-04-16,VLUE,67.14,67.21,66.951,66.98,50.2897063001,50.342138225,50.1481401027,50.1698619002,113732,113732,0.0,1.0,tiingo_historical_seed,
2015-04-17,VLUE,66.41,66.41,66.1515,66.28,49.7429162256,49.7429162256,49.5492926171,49.6455426507,5839,5839,0.0,1.0,tiingo_historical_seed,
2015-04-20,VLUE,66.8017,66.946,66.8016,66.946,50.0363102971,50.1443949652,50.0362353943,50.1443949652,1031,1031,0.0,1.0,tiingo_historical_seed,
2015-04-21,VLUE,66.84,66.88,66.84,66.88,50.0649980503,50.0949591503,50.0649980503,50.0949591503,681,681,0.0,1.0,tiingo_historical_seed,
2015-04-22,VLUE,66.51,66.51,66.47,66.47,49.8178189755,49.8178189755,49.7878578756,49.7878578756,291,291,0.0,1.0,tiingo_historical_seed,
2015-04-23,VLUE,67.03,67.23,67.03,67.2,50.2073132752,50.357118775,50.2073132752,50.33464795,553,553,0.0,1.0,tiingo_historical_seed,
2015-04-24,VLUE,67.13,67.18,67.07,67.09,50.2822160251,50.3196674,50.2372743751,50.2522549251,395734,395734,0.0,1.0,tiingo_historical_seed,
2015-04-27,VLUE,67.31,67.31,67.098,67.098,50.417040975,50.417040975,50.2582471451,50.2582471451,1258,1258,0.0,1.0,tiingo_historical_seed,
2015-04-28,VLUE,67.16,67.2266,67.16,67.2266,50.3046868501,50.3545720815,50.3046868501,50.3545720815,665,665,0.0,1.0,tiingo_historical_seed,
2015-04-29,VLUE,67.015,67.0212,67.0,67.0212,50.1960778627,50.2007218332,50.1848424502,50.2007218332,72629,72629,0.0,1.0,tiingo_historical_seed,
2015-04-30,VLUE,66.84,66.9,66.45,66.54,50.0649980503,50.1099397003,49.7728773256,49.8402898005,6280,6280,0.0,1.0,tiingo_historical_seed,
2015-05-01,VLUE,66.88,67.0101,66.88,67.0101,50.0949591503,50.1924076279,50.0949591503,50.1924076279,769,769,0.0,1.0,tiingo_historical_seed,
2015-05-04,VLUE,67.38,67.4595,67.25,67.45,50.4694728999,50.5290205861,50.372099325,50.5219048248,1140,1140,0.0,1.0,tiingo_historical_seed,
2015-05-05,VLUE,67.0199,67.0199,66.67,66.67,50.1997480974,50.1997480974,49.9376633754,49.9376633754,683,683,0.0,1.0,tiingo_historical_seed,
2015-05-06,VLUE,66.78,66.78,66.0,66.38,50.0200564003,50.0200564003,49.4358149509,49.7204454006,2952,2952,0.0,1.0,tiingo_historical_seed,
2015-05-07,VLUE,66.27,66.5503,66.27,66.5503,49.6380523757,49.8480047838,49.6380523757,49.8480047838,709,709,0.0,1.0,tiingo_historical_seed,
2015-05-08,VLUE,67.32,67.3952,67.32,67.3416,50.4245312499,50.4808581179,50.4245312499,50.4407102439,545,545,0.0,1.0,tiingo_historical_seed,
2015-05-11,VLUE,67.4,67.44,67.0,67.02,50.4844534499,50.5144145499,50.1848424502,50.1998230002,20328,20328,0.0,1.0,tiingo_historical_seed,
2015-05-12,VLUE,66.9399,66.9399,66.9399,66.9399,50.1398258975,50.1398258975,50.1398258975,50.1398258975,490,490,0.0,1.0,tiingo_historical_seed,
2015-05-13,VLUE,66.8428,66.8428,66.79,66.79,50.0670953273,50.0670953273,50.0275466753,50.0275466753,8378,8378,0.0,1.0,tiingo_historical_seed,
2015-05-14,VLUE,67.23,67.3801,67.23,67.3801,50.357118775,50.4695478027,50.357118775,50.4695478027,1840,1840,0.0,1.0,tiingo_historical_seed,
2015-05-15,VLUE,67.3882,67.51,67.3882,67.51,50.4756149254,50.5668464748,50.4756149254,50.5668464748,685,685,0.0,1.0,tiingo_historical_seed,
2015-05-18,VLUE,67.57,67.7737,67.45,67.7,50.6117881248,50.7643650264,50.5219048248,50.7091616997,1275,1275,0.0,1.0,tiingo_historical_seed,
2015-05-19,VLUE,67.74,67.7461,67.74,67.7461,50.7391227996,50.7436918674,50.7391227996,50.7436918674,379,379,0.0,1.0,tiingo_historical_seed,
2015-05-20,VLUE,67.836,67.836,67.836,67.836,50.8110294396,50.8110294396,50.8110294396,50.8110294396,286,286,0.0,1.0,tiingo_historical_seed,
2015-05-21,VLUE,67.72,67.969,67.61,67.82,50.7241422496,50.910650097,50.6417492247,50.7990449996,4069,4069,0.0,1.0,tiingo_historical_seed,
2015-05-22,VLUE,67.7593,67.89,67.7201,67.89,50.7535790304,50.8514769245,50.7242171524,50.8514769245,1303,1303,0.0,1.0,tiingo_historical_seed,
2015-05-26,VLUE,67.25,67.25,66.9499,66.9499,50.372099325,50.372099325,50.1473161725,50.1473161725,2439,2439,0.0,1.0,tiingo_historical_seed,
2015-05-27,VLUE,67.3134,67.48,67.3134,67.434,50.4195876685,50.5443756498,50.4195876685,50.5099203849,1075,1075,0.0,1.0,tiingo_historical_seed,
2015-05-28,VLUE,67.5499,67.56,67.5499,67.55,50.596732672,50.6042978498,50.596732672,50.5968075748,669,669,0.0,1.0,tiingo_historical_seed,
2015-05-29,VLUE,67.19,67.3688,67.08,67.15,50.327157675,50.4610837919,50.2447646501,50.2971965751,681,681,0.0,1.0,tiingo_historical_seed,
2015-06-01,VLUE,67.202,67.24,67.15,67.15,50.336146005,50.36460905,50.2971965751,50.2971965751,7813,7813,0.0,1.0,tiingo_historical_seed,
2015-06-02,VLUE,67.18,67.468,67.15,67.24,50.3196674,50.5353873198,50.2971965751,50.36460905,13502,13502,0.0,1.0,tiingo_historical_seed,
2015-06-03,VLUE,67.33,67.6076,67.33,67.3995,50.4320215249,50.6399515587,50.4320215249,50.4840789361,1006,1006,0.0,1.0,tiingo_historical_seed,
2015-06-04,VLUE,67.02,67.02,66.899,66.899,50.1998230002,50.1998230002,50.1091906728,50.1091906728,453,453,0.0,1.0,tiingo_historical_seed,
2015-06-05,VLUE,66.709,67.02,66.709,66.8812,49.9668754479,50.1998230002,49.9668754479,50.0958579833,1418,1418,0.0,1.0,tiingo_historical_seed,
2015-06-08,VLUE,66.67,66.67,66.5919,66.6299,49.9376633754,49.9376633754,49.8791643277,49.9076273727,1189,1189,0.0,1.0,tiingo_historical_seed,
2015-06-09,VLUE,66.4277,66.66,66.4277,66.66,49.7561740124,49.9301731004,49.7561740124,49.9301731004,1241,1241,0.0,1.0,tiingo_historical_seed,
2015-06-10,VLUE,66.98,67.34,66.98,67.334,50.1698619002,50.4395117999,50.1698619002,50.4350176349,3700,3700,0.0,1.0,tiingo_historical_seed,
2015-06-11,VLUE,67.326,67.59,67.326,67.44,50.4290254149,50.6267686747,50.4290254149,50.5144145499,4705,4705,0.0,1.0,tiingo_historical_seed,
2015-06-12,VLUE,66.966,66.9799,66.85,66.93,50.1593755152,50.1697869974,50.0724883253,50.1324105252,6472,6472,0.0,1.0,tiingo_historical_seed,
2015-06-15,VLUE,66.33,66.62,66.33,66.62,49.6829940257,49.9002120005,49.6829940257,49.9002120005,2170,2170,0.0,1.0,tiingo_historical_seed,
2015-06-16,VLUE,66.8303,66.9668,66.8224,66.9668,50.0577324836,50.1599747372,50.0518151663,50.1599747372,1078,1078,0.0,1.0,tiingo_historical_seed,
2015-06-17,VLUE,66.9668,66.9668,66.9668,66.9668,50.1599747372,50.1599747372,50.1599747372,50.1599747372,102,102,0.0,1.0,tiingo_historical_seed,
2015-06-18,VLUE,67.8799,67.8799,67.71,67.71,50.8439117468,50.8439117468,50.7166519747,50.7166519747,3026,3026,0.0,1.0,tiingo_historical_seed,
2015-06-19,VLUE,67.79,67.79,67.444,67.444,50.7765741746,50.7765741746,50.5174106599,50.5174106599,750,750,0.0,1.0,tiingo_historical_seed,
2015-06-22,VLUE,67.68,67.84,67.6601,67.74,50.6941811497,50.8140255496,50.6792755024,50.7391227996,2661,2661,0.0,1.0,tiingo_historical_seed,
2015-06-23,VLUE,67.74,67.74,67.74,67.74,50.7391227996,50.7391227996,50.7391227996,50.7391227996,165,165,0.0,1.0,tiingo_historical_seed,
2015-06-24,VLUE,66.983,66.983,66.983,66.983,50.4331225954,50.4331225954,50.4331225954,50.4331225954,284,284,0.34847,1.0,tiingo_historical_seed,
2015-06-25,VLUE,66.99,67.0043,66.97,67.0043,50.4383930649,50.4491598811,50.4233345806,50.4491598811,1270,1270,0.0,1.0,tiingo_historical_seed,
2015-06-26,VLUE,66.486,66.58,66.486,66.5602,50.0589192612,50.1296941373,50.0589192612,50.1147862379,1008,1008,0.0,1.0,tiingo_historical_seed,
2015-06-29,VLUE,65.85,66.12,65.5,65.55,49.5800594614,49.7833489991,49.3165359867,49.3541821974,2309,2309,0.0,1.0,tiingo_historical_seed,
2015-06-30,VLUE,65.588,65.75,65.25,65.7,49.3827933175,49.5047670401,49.1283049333,49.4671208294,1649,1649,0.0,1.0,tiingo_historical_seed,
2015-07-01,VLUE,65.85,66.008,65.75,65.75,49.5800594614,49.6990214872,49.5047670401,49.5047670401,982,982,0.0,1.0,tiingo_historical_seed,
2015-07-02,VLUE,66.044,66.1299,65.7,65.89,49.7261267589,49.7908029488,49.4671208294,49.61017643,1112,1112,0.0,1.0,tiingo_historical_seed,
2015-07-06,VLUE,65.3244,65.37,65.3244,65.37,49.1843224948,49.2186558389,49.1843224948,49.2186558389,508,508,0.0,1.0,tiingo_historical_seed,
2015-07-07,VLUE,64.8,65.84,64.8,65.84,48.7894890372,49.5725302193,48.7894890372,49.5725302193,9158,9158,0.0,1.0,tiingo_historical_seed,
2015-07-08,VLUE,65.2272,65.2272,64.66,64.66,49.1111382612,49.1111382612,48.6840796473,48.6840796473,244980,244980,0.0,1.0,tiingo_historical_seed,
2015-07-09,VLUE,65.68,65.68,65.0415,65.0483,49.4520623451,49.4520623451,48.9713202348,48.9764401194,2318,2318,0.0,1.0,tiingo_historical_seed,
2015-07-10,VLUE,65.59,65.68,65.59,65.68,49.3842991659,49.4520623451,49.3842991659,49.4520623451,9662,9662,0.0,1.0,tiingo_historical_seed,
2015-07-13,VLUE,66.17,66.35,66.13,66.32,49.8209952098,49.9565215682,49.7908782412,49.9339338418,7782,7782,0.0,1.0,tiingo_historical_seed,
2015-07-14,VLUE,66.642,66.695,66.6181,66.6733,50.1763754385,50.2162804219,50.1583805498,50.1999419664,2031,2031,0.0,1.0,tiingo_historical_seed,
2015-07-15,VLUE,66.77,66.77,66.36,66.48,50.2727497379,50.2727497379,49.9640508103,50.054401716,3385,3385,0.0,1.0,tiingo_historical_seed,
2015-07-16,VLUE,66.945,66.97,66.8928,66.9397,50.4045114752,50.4233345806,50.3652088313,50.4005209769,1982,1982,0.0,1.0,tiingo_historical_seed,
2015-07-17,VLUE,66.9397,66.9397,66.9397,66.9397,50.4005209769,50.4005209769,50.4005209769,50.4005209769,80,80,0.0,1.0,tiingo_historical_seed,
2015-07-20,VLUE,66.76,66.9,66.76,66.865,50.2652204957,50.3706298856,50.2652204957,50.3442775382,3396,3396,0.0,1.0,tiingo_historical_seed,
2015-07-21,VLUE,66.85,66.85,66.4279,66.4279,50.332983675,50.332983675,50.0151743644,50.0151743644,2672,2672,0.0,1.0,tiingo_historical_seed,
2015-07-22,VLUE,66.4068,66.53,66.4068,66.43,49.9992876635,50.0920479266,49.9992876635,50.0167555053,75521,75521,0.0,1.0,tiingo_historical_seed,
2015-07-23,VLUE,66.52,66.52,66.1001,66.1604,50.0845186845,50.0845186845,49.7683658072,49.8137671373,1338,1338,0.0,1.0,tiingo_historical_seed,
2015-07-24,VLUE,65.76,65.76,65.76,65.76,49.5122962822,49.5122962822,49.5122962822,49.5122962822,285,285,0.0,1.0,tiingo_historical_seed,
2015-07-27,VLUE,65.12,65.12,64.74,64.83,49.0304247855,49.0304247855,48.7443135844,48.8120767636,11007,11007,0.0,1.0,tiingo_historical_seed,
2015-07-28,VLUE,65.63,65.63,65.63,65.63,49.4144161344,49.4144161344,49.4144161344,49.4144161344,276,276,0.0,1.0,tiingo_historical_seed,
2015-07-29,VLUE,66.09,66.2999,66.09,66.24,49.7607612727,49.9188000651,49.7607612727,49.8736999047,19605,19605,0.0,1.0,tiingo_historical_seed,
2015-07-30,VLUE,66.15,66.2088,66.13,66.1501,49.8059367255,49.8502086692,49.7908782412,49.8060120179,1323,1323,0.0,1.0,tiingo_historical_seed,
2015-07-31,VLUE,66.18,66.18,65.91,65.91,49.8285244519,49.8285244519,49.6252349142,49.6252349142,336,336,0.0,1.0,tiingo_historical_seed,
2015-08-03,VLUE,65.73,65.81,65.73,65.7701,49.4897085558,49.5499424929,49.4897085558,49.5199008168,3206,3206,0.0,1.0,tiingo_historical_seed,
2015-08-04,VLUE,65.6577,65.7699,65.418,65.49,49.4352721352,49.5197502319,49.2547962012,49.3090067446,563,563,0.0,1.0,tiingo_historical_seed,
2015-08-05,VLUE,66.0399,66.0399,65.6238,65.64,49.7230397696,49.7230397696,49.4097480043,49.4219453766,7989,7989,0.0,1.0,tiingo_historical_seed,
2015-08-06,VLUE,65.395,65.4302,65.18,65.37,49.2374789443,49.2639818766,49.0756002384,49.2186558389,13084,13084,0.0,1.0,tiingo_historical_seed,
2015-08-07,VLUE,65.37,65.37,65.37,65.37,49.2186558389,49.2186558389,49.2186558389,49.2186558389,209,209,0.0,1.0,tiingo_historical_seed,
2015-08-10,VLUE,65.81,66.07,65.81,66.02,49.5499424929,49.7457027884,49.5499424929,49.7080565777,1409,1409,0.0,1.0,tiingo_historical_seed,
2015-08-11,VLUE,65.48,65.48,65.27,65.31,49.3014775024,49.3014775024,49.1433634176,49.1734803861,1314,1314,0.0,1.0,tiingo_historical_seed,
2015-08-12,VLUE,64.9,65.34,64.9,65.34,48.8647814586,49.1960681125,48.8647814586,49.1960681125,1426,1426,0.0,1.0,tiingo_historical_seed,
2015-08-13,VLUE,65.31,65.64,65.31,65.63,49.1734803861,49.4219453766,49.1734803861,49.4144161344,557,557,0.0,1.0,tiingo_historical_seed,
2015-08-14,VLUE,65.52,65.6199,65.52,65.61,49.331594471,49.4068115999,49.331594471,49.3993576502,652,652,0.0,1.0,tiingo_historical_seed,
2015-08-17,VLUE,65.44,65.85,65.44,65.85,49.2713605339,49.5800594614,49.2713605339,49.5800594614,2546,2546,0.0,1.0,tiingo_historical_seed,
2015-08-18,VLUE,65.82,65.885,65.74,65.77,49.557471735,49.6064118089,49.4972377979,49.5198255243,2743,2743,0.0,1.0,tiingo_historical_seed,
2015-08-19,VLUE,65.45,65.45,65.14,65.2409,49.278889776,49.278889776,49.0454832698,49.121453323,821,821,0.0,1.0,tiingo_historical_seed,
2015-08-20,VLUE,64.3901,64.4401,63.94,63.94,48.4808654021,48.5185116128,48.1419742136,48.1419742136,3183,3183,0.0,1.0,tiingo_historical_seed,
2015-08-21,VLUE,63.09,63.16,62.1251,62.15,47.5019886321,47.554693327,46.7754920584,46.7942398713,12022,12022,0.0,1.0,tiingo_historical_seed,
2015-08-24,VLUE,58.1,61.15,51.72,59.71,43.7448968065,46.0413156578,38.9412403241,44.9571047903,33272,33272,0.0,1.0,tiingo_historical_seed,
2015-08-25,VLUE,60.57,60.6,59.97,59.99,45.6046196139,45.6272073404,45.1528650858,45.1679235701,32876,32876,0.0,1.0,tiingo_historical_seed,
2015-08-26,VLUE,60.3,60.55,59.08,60.55,45.4013300763,45.5895611297,44.4827625358,45.5895611297,10109,10109,0.0,1.0,tiingo_historical_seed,
2015-08-27,VLUE,61.61,62.05,61.5899,61.95,46.387660796,46.71894745,46.3725270193,46.6436550286,2474,2474,0.0,1.0,tiingo_historical_seed,
2015-08-28,VLUE,62.14,62.274,62.04,62.144,46.7867106292,46.8876024738,46.7114182078,46.7897223261,8028,8028,0.0,1.0,tiingo_historical_seed,
2015-08-31,VLUE,62.1,62.23,62.1,62.1,46.7565936607,46.8544738084,46.7565936607,46.7565936607,490,490,0.0,1.0,tiingo_historical_seed,
2015-09-01,VLUE,60.99,60.99,60.04,60.06,45.9208477836,45.9208477836,45.2055697808,45.220628265,18890,18890,0.0,1.0,tiingo_historical_seed,
2015-09-02,VLUE,60.46,60.72,60.32,60.58,45.5217979505,45.717558246,45.4163885606,45.6121488561,22394,22394,0.0,1.0,tiingo_historical_seed,
2015-09-03,VLUE,61.96,61.96,61.16,61.4052,46.6511842708,46.6511842708,46.0488448999,46.2334619171,9210,9210,0.0,1.0,tiingo_historical_seed,
2015-09-04,VLUE,60.706,60.706,60.14,60.59,45.707017307,45.707017307,45.2808622021,45.6196780982,6943,6943,0.0,1.0,tiingo_historical_seed,
2015-09-08,VLUE,61.47,61.9,61.37,61.86,46.2822514061,46.606008818,46.2069589848,46.5758918494,10099,10099,0.0,1.0,tiingo_historical_seed,
2015-09-09,VLUE,62.397,62.397,61.4599,61.4599,46.9802121521,46.9802121521,46.2746468716,46.2746468716,6992,6992,0.0,1.0,tiingo_historical_seed,
2015-09-10,VLUE,61.2799,61.77,61.205,61.4517,46.1391205131,46.5081286702,46.0827264895,46.268472893,7337,7337,0.0,1.0,tiingo_historical_seed,
2015-09-11,VLUE,61.6,61.65,61.35,61.62,46.3801315539,46.4177777646,46.1919005005,46.3951900382,12058,12058,0.0,1.0,tiingo_historical_seed,
2015-09-14,VLUE,61.47,61.552,61.42,61.42,46.2822514061,46.3439911916,46.2446051955,46.2446051955,4499,4499,0.0,1.0,tiingo_historical_seed,
2015-09-15,VLUE,62.11,62.47,62.02,62.44,46.7641229028,47.0351756197,46.6963597236,47.0125878933,10556,10556,0.0,1.0,tiingo_historical_seed,
2015-09-16,VLUE,62.924,63.04,62.92,62.99,47.3770032126,47.4643424214,47.3739915158,47.4266962107,4532,4532,0.0,1.0,tiingo_historical_seed,
2015-09-17,VLUE,63.01,63.69,62.69,62.8999,47.441754695,47.9537431602,47.2008189466,47.3588577391,30368,30368,0.0,1.0,tiingo_historical_seed,
2015-09-18,VLUE,61.64,62.1899,61.33,61.41,46.4102485224,46.8242815475,46.1768420162,46.2370759533,7998,7998,0.0,1.0,tiingo_historical_seed,
2015-09-21,VLUE,61.678,61.8,61.49,61.75,46.4388596425,46.5307163966,46.2973098904,46.4930701859,72058,72058,0.0,1.0,tiingo_historical_seed,
2015-09-22,VLUE,60.77,60.77,60.35,60.59,45.7552044567,45.7552044567,45.438976287,45.6196780982,24388,24388,0.0,1.0,tiingo_historical_seed,
2015-09-23,VLUE,60.629,60.83,60.3,60.5,45.6490421425,45.8003799095,45.4013300763,45.551914919,22972,22972,0.0,1.0,tiingo_historical_seed,
2015-09-24,VLUE,60.0,60.45,59.475,60.31,45.1754528122,45.5142687083,44.7801676001,45.4088593184,15627,15627,0.0,1.0,tiingo_historical_seed,
2015-09-25,VLUE,60.46,60.4999,59.67,59.97,45.7950205864,45.8252425732,45.1966403968,45.4238733802,384311,384311,0.359941,1.0,tiingo_historical_seed,
2015-09-28,VLUE,59.55,59.55,58.41,58.44,45.1057472034,45.1057472034,44.2422618665,44.2649851649,11475,11475,0.0,1.0,tiingo_historical_seed,
2015-09-29,VLUE,58.56,58.7,58.346,58.472,44.3558783582,44.4619204171,44.1937854967,44.2892233498,9504,9504,0.0,1.0,tiingo_historical_seed,
2015-09-30,VLUE,59.52,59.96,59.23,59.96,45.0830239051,45.4162989474,44.8633653545,45.4162989474,39852,39852,0.0,1.0,tiingo_historical_seed,
2015-10-01,VLUE,60.09,60.09,59.2301,59.69,45.5147665735,45.5147665735,44.8634410988,45.2117892623,29579,29579,0.0,1.0,tiingo_historical_seed,
2015-10-02,VLUE,59.11,60.505,59.11,60.505,44.7724721611,45.8291055339,44.7724721611,45.8291055339,71035,71035,0.0,1.0,tiingo_historical_seed,
2015-10-05,VLUE,62.15,62.37,62.15,62.28,47.0750997262,47.2417372473,47.0750997262,47.1735673523,4990,4990,0.0,1.0,tiingo_historical_seed,
2015-10-06,VLUE,62.27,62.584,62.09,62.26,47.1659929195,47.4038301088,47.0296531295,47.1584184867,12803,12803,0.0,1.0,tiingo_historical_seed,
2015-10-07,VLUE,62.8,62.96,62.35,62.95,47.5674378568,47.6886287813,47.2265883818,47.6810543485,11074,11074,0.0,1.0,tiingo_historical_seed,
2015-10-08,VLUE,62.976,63.79,62.976,63.66,47.7007478738,48.317306702,47.7007478738,48.2188390759,6633,6633,0.0,1.0,tiingo_historical_seed,
2015-10-09,VLUE,63.7,63.7,63.504,63.5566,48.249136807,48.249136807,48.1006779245,48.140519441,15757,15757,0.0,1.0,tiingo_historical_seed,
2015-10-12,VLUE,63.55,63.6499,63.39,63.61,48.1355203153,48.2111888988,48.0143293908,48.180966912,9420,9420,0.0,1.0,tiingo_historical_seed,
2015-10-13,VLUE,63.4,63.959,63.32,63.32,48.0219038236,48.445314616,47.9613083614,47.9613083614,219426,219426,0.0,1.0,tiingo_historical_seed,
2015-10-14,VLUE,63.46,63.46,62.93,63.07,48.0673504203,48.0673504203,47.665905483,47.7719475419,7050,7050,0.0,1.0,tiingo_historical_seed,
2015-10-15,VLUE,63.1285,63.78,62.97,63.78,47.8162579737,48.3097322693,47.6962032141,48.3097322693,9190,9190,0.0,1.0,tiingo_historical_seed,
2015-10-16,VLUE,64.16,64.16,63.63,63.8367,48.5975607149,48.5975607149,48.1961157776,48.3526793031,1651,1651,0.0,1.0,tiingo_historical_seed,
2015-10-19,VLUE,63.76,63.96,63.58,63.96,48.2945834037,48.4460720593,48.1582436137,48.4460720593,69798,69798,0.0,1.0,tiingo_historical_seed,
2015-10-20,VLUE,63.9374,64.01,63.8201,63.88,48.4289538412,48.4839442232,48.3401057447,48.3854765971,11178,11178,0.0,1.0,tiingo_historical_seed,
2015-10-21,VLUE,63.94,63.94,63.2939,63.2939,48.4309231937,48.4309231937,47.9415390918,47.9415390918,8892,8892,0.0,1.0,tiingo_historical_seed,
2015-10-22,VLUE,63.8985,64.17,63.8985,64.17,48.3994892977,48.6051351477,48.3994892977,48.6051351477,7353,7353,0.0,1.0,tiingo_historical_seed,
2015-10-23,VLUE,64.7,64.714,64.39,64.69,49.006580085,49.0171842909,48.7717726688,48.9990056522,5709,5709,0.0,1.0,tiingo_historical_seed,
2015-10-26,VLUE,64.43,64.43,64.2,64.27,48.8020703999,48.8020703999,48.627858446,48.6808794755,17095,17095,0.0,1.0,tiingo_historical_seed,
2015-10-27,VLUE,63.79,63.88,63.6934,63.88,48.317306702,48.3854765971,48.2441376814,48.3854765971,2800,2800,0.0,1.0,tiingo_historical_seed,
2015-10-28,VLUE,64.15,64.9,63.95,64.9,48.5899862821,49.1580687406,48.4384976265,49.1580687406,11437,11437,0.0,1.0,tiingo_historical_seed,
2015-10-29,VLUE,64.67,64.74,64.43,64.5599,48.9838567867,49.0368778161,48.8020703999,48.9004622817,93166,93166,0.0,1.0,tiingo_historical_seed,
2015-10-30,VLUE,64.578,64.73,64.34,64.34,48.9141720051,49.0293033833,48.7339005049,48.7339005049,2834,2834,0.0,1.0,tiingo_historical_seed,
2015-11-02,VLUE,64.45,65.2424,64.45,65.17,48.8172192655,49.417417319,48.8172192655,49.3625784256,3885,3885,0.0,1.0,tiingo_historical_seed,
2015-11-03,VLUE,65.02,65.4199,64.9,65.25,49.2489619339,49.5518635008,49.1580687406,49.4231738879,13367,13367,0.0,1.0,tiingo_historical_seed,
2015-11-04,VLUE,65.03,65.03,64.79,64.84,49.2565363667,49.2565363667,49.07474998,49.1126221439,3580,3580,0.0,1.0,tiingo_historical_seed,
2015-11-05,VLUE,64.79,64.87,64.7294,64.8338,49.07474998,49.1353454422,49.0288489174,49.1079259956,2290,2290,0.0,1.0,tiingo_historical_seed,
2015-11-06,VLUE,64.94,65.02,64.6,65.02,49.1883664717,49.2489619339,48.9308357572,49.2489619339,7301,7301,0.0,1.0,tiingo_historical_seed,
2015-11-09,VLUE,65.0,65.0,64.3,64.3,49.2338130684,49.2338130684,48.7036027738,48.7036027738,406,406,0.0,1.0,tiingo_historical_seed,
2015-11-10,VLUE,64.36,64.51,64.356,64.49,48.7490493705,48.8626658622,48.7460195974,48.8475169966,1405,1405,0.0,1.0,tiingo_historical_seed,
2015-11-11,VLUE,64.255,64.3339,64.0537,64.0537,48.6695178263,48.7292801009,48.5170444944,48.5170444944,1215,1215,0.0,1.0,tiingo_historical_seed,
2015-11-12,VLUE,63.44,63.44,63.275,63.28,48.0522015547,48.0522015547,47.9272234139,47.9310106303,2892,2892,0.0,1.0,tiingo_historical_seed,
2015-11-13,VLUE,62.5175,62.698,62.31,62.3114,47.3534601308,47.4901786425,47.1962906506,47.1973510712,1606,1606,0.0,1.0,tiingo_historical_seed,
2015-11-16,VLUE,62.37,63.04,62.28,63.04,47.2417372473,47.7492242436,47.1735673523,47.7492242436,6637,6637,0.0,1.0,tiingo_historical_seed,
2015-11-17,VLUE,62.96,63.26,62.9313,62.95,47.6886287813,47.9158617647,47.6668901592,47.6810543485,8138,8138,0.0,1.0,tiingo_historical_seed,
2015-11-18,VLUE,63.2594,64.0,63.25,64.0,47.9154072987,48.4763697904,47.9082873319,48.4763697904,9100,9100,0.0,1.0,tiingo_historical_seed,
2015-11-19,VLUE,63.66,63.75,63.6,63.75,48.2188390759,48.2870089709,48.1733924792,48.2870089709,1616,1616,0.0,1.0,tiingo_historical_seed,
2015-11-20,VLUE,64.221,64.221,63.8501,63.8501,48.6437647548,48.6437647548,48.362829043,48.362829043,1901,1901,0.0,1.0,tiingo_historical_seed,
2015-11-23,VLUE,63.85,64.1199,63.77,63.8,48.3627532987,48.5671872394,48.3021578365,48.3248811348,2086,2086,0.0,1.0,tiingo_historical_seed,
2015-11-24,VLUE,63.49,64.04,63.485,63.97,48.0900737186,48.5066675215,48.0862865023,48.4536464921,1486,1486,0.0,1.0,tiingo_historical_seed,
2015-11-25,VLUE,63.8299,64.04,63.8299,63.9754,48.3475286888,48.5066675215,48.3475286888,48.4577366858,2369,2369,0.0,1.0,tiingo_historical_seed,
2015-11-27,VLUE,63.99,64.0305,63.95,64.0305,48.4687953576,48.4994718104,48.4384976265,48.4994718104,20600,20600,0.0,1.0,tiingo_historical_seed,
2015-11-30,VLUE,63.97,64.0061,63.8506,63.9001,48.4536464921,48.4809901944,48.3632077647,48.4007012069,6221,6221,0.0,1.0,tiingo_historical_seed,
2015-12-01,VLUE,64.27,64.47,64.17,64.47,48.6808794755,48.8323681311,48.6051351477,48.8323681311,3776,3776,0.0,1.0,tiingo_historical_seed,
2015-12-02,VLUE,64.6126,64.6126,63.7689,63.8599,48.9403795425,48.9403795425,48.3013246489,48.3702519872,3078,3078,0.0,1.0,tiingo_historical_seed,
2015-12-03,VLUE,63.79,63.79,62.9301,62.9301,48.317306702,48.317306702,47.6659812273,47.6659812273,706,706,0.0,1.0,tiingo_historical_seed,
2015-12-04,VLUE,63.15,64.18,63.15,64.12,47.8325430041,48.6127095804,47.8325430041,48.5672629838,9602,9602,0.0,1.0,tiingo_historical_seed,
2015-12-07,VLUE,63.9,63.9,63.41,63.62,48.4006254626,48.4006254626,48.0294782564,48.1885413448,2099,2099,0.0,1.0,tiingo_historical_seed,
2015-12-08,VLUE,62.91,63.28,62.65,62.88,47.6507566174,47.9310106303,47.4538213651,47.6280333191,2785,2785,0.0,1.0,tiingo_historical_seed,
2015-12-09,VLUE,63.1399,63.35,62.39,62.4679,47.824892827,47.9840316597,47.2568861129,47.3158909442,1956,1956,0.0,1.0,tiingo_historical_seed,
2015-12-10,VLUE,62.91,63.2899,62.8914,63.28,47.6507566174,47.9385093187,47.6366681724,47.9310106303,71851,71851,0.0,1.0,tiingo_historical_seed,
2015-12-11,VLUE,62.07,62.07,61.548,61.64,47.0145042639,47.0145042639,46.6191188728,46.6888036544,16270,16270,0.0,1.0,tiingo_historical_seed,
2015-12-14,VLUE,61.6445,61.66,61.1244,61.35,46.6922121491,46.7039525199,46.2982659003,46.4691451038,4652,4652,0.0,1.0,tiingo_historical_seed,
2015-12-15,VLUE,62.39,62.75,62.265,62.44,47.2568861129,47.5295656929,47.1622057031,47.2947582768,75477,75477,0.0,1.0,tiingo_historical_seed,
2015-12-16,VLUE,62.95,63.34,62.53,63.32,47.6810543485,47.9764572269,47.3629281718,47.9613083614,3932,3932,0.0,1.0,tiingo_historical_seed,
2015-12-17,VLUE,63.37,63.38,62.25,62.25,47.9991805253,48.0067549581,47.150844054,47.150844054,24960,24960,0.0,1.0,tiingo_historical_seed,
2015-12-18,VLUE,61.8001,61.84,61.3705,61.5185,46.8100703232,46.84029231,46.484672691,46.5967742961,6914,6914,0.0,1.0,tiingo_historical_seed,
2015-12-21,VLUE,61.688,61.8599,61.52,61.79,46.7251609317,46.8553654312,46.597910461,46.8024201461,32145,32145,0.0,1.0,tiingo_historical_seed,
2015-12-22,VLUE,62.13,62.62,61.97,62.45,47.0599508606,47.4310980668,46.9387599361,47.3023327095,3720,3720,0.0,1.0,tiingo_historical_seed,
2015-12-23,VLUE,63.32,63.43,63.29,63.43,47.9613083614,48.044627122,47.938585063,48.044627122,8395,8395,0.0,1.0,tiingo_historical_seed,
2015-12-24,VLUE,63.03,63.06,62.95,63.01,48.0703814907,48.0932612534,48.0093687901,48.0551283156,4271,4271,0.433864,1.0,tiingo_historical_seed,
2015-12-28,VLUE,62.3872,62.42,62.3872,62.42,47.5801444413,47.6051596486,47.5801444413,47.6051596486,565,565,0.0,1.0,tiingo_historical_seed,
2015-12-29,VLUE,62.93,63.2,62.93,63.16,48.0217851801,48.2278217604,48.0217851801,48.1972978225,7962,7962,0.036413,1.0,tiingo_historical_seed,
2015-12-30,VLUE,63.0,63.02,62.6101,62.6101,48.0752020713,48.0904640402,47.7776699873,47.7776699873,3275,3275,0.0,1.0,tiingo_historical_seed,
2015-12-31,VLUE,62.46,62.46,62.24,62.24,47.6631289106,47.6631289106,47.4952472526,47.4952472526,923,923,0.0,1.0,tiingo_historical_seed,
2016-01-04,VLUE,60.93,61.18,60.61,61.18,46.4955882889,46.6863629003,46.2513967863,46.6863629003,4274,4274,0.0,1.0,tiingo_historical_seed,
2016-01-05,VLUE,60.97,61.37,60.89,61.28,46.5261122267,46.831351605,46.4650643511,46.7626727449,10530,10530,0.0,1.0,tiingo_historical_seed,
2016-01-06,VLUE,60.48,60.514,60.034,60.16,46.1521939884,46.1781393356,45.8118520817,45.9080024858,3720,3720,0.0,1.0,tiingo_historical_seed,
2016-01-07,VLUE,59.09,59.56,58.64,58.86,45.0914871491,45.4501434185,44.7480928485,44.9159745066,4982,4982,0.0,1.0,tiingo_historical_seed,
2016-01-08,VLUE,59.2,59.2,58.218,58.218,45.1754279781,45.1754279781,44.4260653045,44.4260653045,885,885,0.0,1.0,tiingo_historical_seed,
2016-01-11,VLUE,58.09,58.09,57.37,57.86,44.3283887035,44.3283887035,43.7789578227,44.152876061,235355,235355,0.0,1.0,tiingo_historical_seed,
2016-01-12,VLUE,58.48,58.5232,57.58,58.28,44.6259970973,44.6589629501,43.9392084962,44.4733774081,102902,102902,0.0,1.0,tiingo_historical_seed,
2016-01-13,VLUE,58.23,58.23,56.7035,56.758,44.4352224859,44.4352224859,43.2703527087,43.311941574,123883,123883,0.0,1.0,tiingo_historical_seed,
2016-01-14,VLUE,56.81,57.56,56.81,57.32,43.3516226931,43.9239465273,43.3516226931,43.7408029004,16460,16460,0.0,1.0,tiingo_historical_seed,
2016-01-15,VLUE,55.6,55.95,55.158,55.83,42.428273574,42.6953580299,42.0909840611,42.6037862165,34559,34559,0.0,1.0,tiingo_historical_seed,
2016-01-19,VLUE,56.42,56.42,54.85,55.35,43.0540142994,43.0540142994,41.8559497398,42.2374989626,335502,335502,0.0,1.0,tiingo_historical_seed,
2016-01-20,VLUE,53.86,55.1654,53.22,54.75,41.1004822787,42.0966309896,40.6120992735,41.7796398953,166149,166149,0.0,1.0,tiingo_historical_seed,
2016-01-21,VLUE,54.9,55.6,54.9,54.99,41.8941046621,42.428273574,41.8941046621,41.9627835222,61468,61468,0.0,1.0,tiingo_historical_seed,
2016-01-22,VLUE,56.04,56.14,55.7,55.88,42.7640368901,42.8403467346,42.5045834186,42.6419411388,3845,3845,0.0,1.0,tiingo_historical_seed,
2016-01-25,VLUE,55.8,55.81,54.84,54.84,42.5808932631,42.5885242476,41.8483187554,41.8483187554,51824,51824,0.0,1.0,tiingo_historical_seed,
2016-01-26,VLUE,55.22,55.82,55.22,55.82,42.1382961647,42.596155232,42.1382961647,42.596155232,1993,1993,0.0,1.0,tiingo_historical_seed,
2016-01-27,VLUE,56.31,56.34,55.47,55.61,42.9700734704,42.9929664237,42.3290707761,42.4359045585,5347,5347,0.0,1.0,tiingo_historical_seed,
2016-01-28,VLUE,55.3801,55.4968,55.2,55.49,42.2604682258,42.3495218144,42.1230341958,42.344332745,73060,73060,0.0,1.0,tiingo_historical_seed,
2016-01-29,VLUE,55.76,56.84,55.76,56.84,42.5503693253,43.3745156465,42.5503693253,43.3745156465,122523,122523,0.0,1.0,tiingo_historical_seed,
2016-02-01,VLUE,56.57,57.25,56.3451,57.25,43.1684790662,43.6873860092,42.9968582258,43.6873860092,11565,11565,0.0,1.0,tiingo_historical_seed,
2016-02-02,VLUE,56.47,56.47,55.47,55.51,43.0921692216,43.0921692216,42.3290707761,42.3595947139,2428,2428,0.0,1.0,tiingo_historical_seed,
2016-02-03,VLUE,55.87,55.93,55.165,55.86,42.6343101543,42.680096061,42.0963257502,42.6266791698,15930,15930,0.0,1.0,tiingo_historical_seed,
2016-02-04,VLUE,55.85,56.59,55.85,56.15,42.6190481854,43.1837410351,42.6190481854,42.8479777191,187047,187047,0.0,1.0,tiingo_historical_seed,
2016-02-05,VLUE,56.08,56.08,55.38,55.53,42.7945608279,42.7945608279,42.260391916,42.3748566828,29491,29491,0.0,1.0,tiingo_historical_seed,
2016-02-08,VLUE,54.64,54.85,53.95,54.6099,41.6956990662,41.8559497398,41.1691611388,41.672729803,29631,29631,0.0,1.0,tiingo_historical_seed,
2016-02-09,VLUE,54.46,54.562,53.9505,54.45,41.558341346,41.6361773875,41.169542688,41.5507103616,19184,19184,0.0,1.0,tiingo_historical_seed,
2016-02-10,VLUE,54.79,54.99,54.4,54.4,41.8101638331,41.9627835222,41.5125554393,41.5125554393,13815,13815,0.0,1.0,tiingo_historical_seed,
2016-02-11,VLUE,53.62,54.08,53.27,53.5399,40.9173386518,41.2683639367,40.6502541958,40.8562144663,6333,6333,0.0,1.0,tiingo_historical_seed,
2016-02-12,VLUE,54.12,54.9799,53.88,54.96,41.2988878745,41.9550762279,41.1157442476,41.9398905688,232993,232993,0.0,1.0,tiingo_historical_seed,
2016-02-16,VLUE,55.96,56.2699,55.52,56.23,42.7029890144,42.9394732227,42.3672256984,42.9090255947,7474,7474,0.0,1.0,tiingo_historical_seed,
2016-02-17,VLUE,56.78,57.255,56.78,57.245,43.3287297398,43.6912015014,43.3287297398,43.683570517,2581,2581,0.0,1.0,tiingo_historical_seed,
2016-02-18,VLUE,57.09,57.09,56.8919,56.9693,43.5652902579,43.5652902579,43.4141204558,43.4731842755,6357,6357,0.0,1.0,tiingo_historical_seed,
2016-02-19,VLUE,56.74,56.74,56.4,56.68,43.298205802,43.298205802,43.0387523305,43.2524198952,328116,328116,0.0,1.0,tiingo_historical_seed,
2016-02-22,VLUE,57.7,57.87,57.54,57.87,44.0307803097,44.1605070455,43.9086845584,44.1605070455,32173,32173,0.0,1.0,tiingo_historical_seed,
2016-02-23,VLUE,57.41,57.41,57.03,57.07,43.8094817605,43.8094817605,43.5195043512,43.550028289,10289,10289,0.0,1.0,tiingo_historical_seed,
2016-02-24,VLUE,56.118,57.32,56.118,57.32,42.8235585688,43.7408029004,42.8235585688,43.7408029004,3756,3756,0.0,1.0,tiingo_historical_seed,
2016-02-25,VLUE,57.3092,58.02,57.3092,58.02,43.7325614372,44.2749718123,43.7325614372,44.2749718123,829,829,0.0,1.0,tiingo_historical_seed,
2016-02-26,VLUE,58.2064,58.5,58.03,58.03,44.4172133625,44.6412590662,44.2826027967,44.2826027967,28023,28023,0.0,1.0,tiingo_historical_seed,
2016-02-29,VLUE,58.0,58.3498,57.788,57.8732,44.2597098434,44.5266416796,44.0979329729,44.1629489605,8689,8689,0.0,1.0,tiingo_historical_seed,
2016-03-01,VLUE,57.9212,59.03,57.9212,59.03,44.1995776859,45.0457012423,44.1995776859,45.0457012423,11754,11754,0.0,1.0,tiingo_historical_seed,
2016-03-02,VLUE,58.92,59.48,58.92,59.48,44.9617604133,45.3890955428,44.9617604133,45.3890955428,69544,69544,0.0,1.0,tiingo_historical_seed,
2016-03-03,VLUE,59.4001,59.93,59.4001,59.93,45.328123977,45.7324898433,45.328123977,45.7324898433,6989,6989,0.0,1.0,tiingo_historical_seed,
2016-03-04,VLUE,59.75,60.4765,59.75,60.11,45.5951321231,46.1495231438,45.5951321231,45.8698475635,114616,114616,0.0,1.0,tiingo_historical_seed,
2016-03-07,VLUE,59.88,60.74,59.88,60.62,45.6943349211,46.3505995843,45.6943349211,46.2590277708,104050,104050,0.0,1.0,tiingo_historical_seed,
2016-03-08,VLUE,59.768,59.94,59.4101,59.4101,45.6088678952,45.7401208278,45.3357549615,45.3357549615,35164,35164,0.0,1.0,tiingo_historical_seed,
2016-03-09,VLUE,59.82,60.1536,59.77,59.99,45.6485490143,45.9031186558,45.610394092,45.7782757501,19378,19378,0.0,1.0,tiingo_historical_seed,
2016-03-10,VLUE,60.24,60.5,59.39,60.16,45.9690503615,46.1674559573,45.3204166827,45.9080024858,12381,12381,0.0,1.0,tiingo_historical_seed,
2016-03-11,VLUE,60.98,61.33,60.96,61.33,46.5337432112,46.8008276671,46.5184812423,46.8008276671,17844,17844,0.0,1.0,tiingo_historical_seed,
2016-03-14,VLUE,61.16,61.25,60.845,61.1,46.6711009314,46.7397797915,46.430724921,46.6253150247,116906,116906,0.0,1.0,tiingo_historical_seed,
2016-03-15,VLUE,60.79,60.79,60.44,60.7401,46.3887545065,46.3887545065,46.1216700506,46.3506758941,9693,9693,0.0,1.0,tiingo_historical_seed,
2016-03-16,VLUE,60.8101,61.29,60.5957,61.22,46.4040927853,46.7703037293,46.2404844786,46.7168868381,20406,20406,0.0,1.0,tiingo_historical_seed,
2016-03-17,VLUE,61.18,61.8201,61.18,61.59,46.6863629003,47.1748222153,46.6863629003,46.999233263,27763,27763,0.0,1.0,tiingo_historical_seed,
2016-03-18,VLUE,61.86,62.21,61.86,62.1,47.2052698433,47.4723542993,47.2052698433,47.3884134702,12461,12461,0.0,1.0,tiingo_historical_seed,
2016-03-21,VLUE,62.0773,62.18,61.9784,62.16,47.3710911355,47.4494613459,47.2956206993,47.434199377,9551,9551,0.0,1.0,tiingo_historical_seed,
2016-03-22,VLUE,61.68,62.31,61.68,62.09,47.0679121231,47.5486641438,47.0679121231,47.3807824858,10680,10680,0.0,1.0,tiingo_historical_seed,
2016-03-23,VLUE,61.51,61.51,60.77,60.83,47.2727343522,47.2727343522,46.7040166897,46.7501289326,19592,19592,0.433562,1.0,tiingo_historical_seed,
2016-03-24,VLUE,60.61,60.76,60.13,60.74,46.5810507086,46.6963313159,46.2121527654,46.6809605683,69970,69970,0.0,1.0,tiingo_historical_seed,
2016-03-28,VLUE,60.8,60.91,60.6581,60.79,46.7270728112,46.8116119232,46.6180173567,46.7193874373,33574,33574,0.0,1.0,tiingo_historical_seed,
2016-03-29,VLUE,60.62,61.24,60.51,61.24,46.5887360824,47.0652292591,46.5041969705,47.0652292591,48999,48999,0.0,1.0,tiingo_historical_seed,
2016-03-30,VLUE,61.689,61.76,61.2645,61.5,47.4103025436,47.4648686977,47.084058425,47.2650489784,48917,48917,0.0,1.0,tiingo_historical_seed,
2016-03-31,VLUE,61.44,61.57,61.2811,61.35,47.2189367355,47.3188465951,47.0968161455,47.1497683711,17754,17754,0.0,1.0,tiingo_historical_seed,
2016-04-01,VLUE,60.69,61.45,60.69,61.43,46.6425336992,47.2266221093,46.6425336992,47.2112513617,8489,8489,0.0,1.0,tiingo_historical_seed,
2016-04-04,VLUE,61.38,61.38,60.96,61.03,47.1728244926,47.1728244926,46.8500387922,46.903836409,8534,8534,0.0,1.0,tiingo_historical_seed,
2016-04-05,VLUE,60.36,60.58,60.35,60.4,46.3889163632,46.5579945872,46.3812309894,46.4196578585,11650,11650,0.0,1.0,tiingo_historical_seed,
2016-04-06,VLUE,60.63,61.06,60.36,61.04,46.5964214563,46.9268925304,46.3889163632,46.9115217828,6198,6198,0.0,1.0,tiingo_historical_seed,
2016-04-07,VLUE,60.7399,60.79,59.93,60.18,46.6808837145,46.7193874373,46.058445289,46.2505796345,9015,9015,0.0,1.0,tiingo_historical_seed,
2016-04-08,VLUE,60.5,60.78,60.13,60.34,46.4965115966,46.7117020635,46.2121527654,46.3735456156,5412,5412,0.0,1.0,tiingo_historical_seed,
2016-04-11,VLUE,60.95,60.95,60.19,60.25,46.8423534184,46.8423534184,46.2582650083,46.3043772512,4257,4257,0.0,1.0,tiingo_historical_seed,
2016-04-12,VLUE,60.48,60.98,60.48,60.86,46.481140849,46.8654095399,46.481140849,46.7731850541,11096,11096,0.0,1.0,tiingo_historical_seed,
2016-04-13,VLUE,61.4799,61.85,61.42,61.81,47.249601377,47.534037062,47.2035659879,47.5032955667,66450,66450,0.0,1.0,tiingo_historical_seed,
2016-04-14,VLUE,61.73,61.76,61.58,61.74,47.4418125762,47.4648686977,47.3265319689,47.44949795,6154,6154,0.0,1.0,tiingo_historical_seed,
2016-04-15,VLUE,61.7275,61.75,61.4507,61.52,47.4398912328,47.4571833238,47.2271600855,47.280419726,7245,7245,0.0,1.0,tiingo_historical_seed,
2016-04-18,VLUE,61.5,62.02,61.36,62.02,47.2650489784,47.6646884169,47.157453745,47.6646884169,7511,7511,0.0,1.0,tiingo_historical_seed,
2016-04-19,VLUE,62.57,62.64,62.29,62.58,48.0873839769,48.1411815936,47.87219351,48.0950693507,10083,10083,0.0,1.0,tiingo_historical_seed,
2016-04-20,VLUE,62.76,63.26,62.71,63.0,48.2334060794,48.6176747703,48.1949792103,48.417855051,58079,58079,0.0,1.0,tiingo_historical_seed,
2016-04-21,VLUE,63.2,63.2,62.66,62.68,48.5715625274,48.5715625274,48.1565523412,48.1719230889,4133,4133,0.0,1.0,tiingo_historical_seed,
2016-04-22,VLUE,62.95,63.02,62.7533,63.02,48.379428182,48.4332257987,48.228256879,48.4332257987,3183,3183,0.0,1.0,tiingo_historical_seed,
2016-04-25,VLUE,62.81,62.81,62.46,62.73,48.2718329485,48.2718329485,48.0028448649,48.210349958,5470,5470,0.0,1.0,tiingo_historical_seed,
2016-04-26,VLUE,62.75,63.05,62.75,63.05,48.2257207056,48.4562819201,48.2257207056,48.4562819201,215709,215709,0.0,1.0,tiingo_historical_seed,
2016-04-27,VLUE,63.213,63.39,62.9,63.39,48.5815535134,48.7175846299,48.3410013129,48.7175846299,117699,117699,0.0,1.0,tiingo_historical_seed,
2016-04-28,VLUE,63.0,63.44,62.68,62.7,48.417855051,48.756011499,48.1719230889,48.1872938365,9835,9835,0.0,1.0,tiingo_historical_seed,
2016-04-29,VLUE,62.23,62.23,61.4978,61.81,47.8260812671,47.8260812671,47.2633581962,47.5032955667,2264,2264,0.0,1.0,tiingo_historical_seed,
2016-05-02,VLUE,61.93,62.08,61.631,62.03,47.5955200526,47.7108006598,47.3657273754,47.6723737907,9161,9161,0.0,1.0,tiingo_historical_seed,
2016-05-03,VLUE,61.66,61.66,61.01,61.31,47.3880149595,47.3880149595,46.8884656613,47.1190268759,161146,161146,0.0,1.0,tiingo_historical_seed,
2016-05-04,VLUE,60.84,61.07,60.53,60.66,46.7578143064,46.9345779042,46.5195677181,46.6194775777,33358,33358,0.0,1.0,tiingo_historical_seed,
2016-05-05,VLUE,60.75,60.976,60.48,60.51,46.6886459421,46.8623353904,46.481140849,46.5041969705,23511,23511,0.0,1.0,tiingo_historical_seed,
2016-05-06,VLUE,60.37,60.79,60.29,60.78,46.396601737,46.7193874373,46.3351187465,46.7117020635,3056,3056,0.0,1.0,tiingo_historical_seed,
2016-05-09,VLUE,60.89,60.93,60.59,60.64,46.7962411755,46.8269826708,46.565679961,46.6041068301,9620,9620,0.0,1.0,tiingo_historical_seed,
2016-05-10,VLUE,61.04,61.45,61.02,61.43,46.9115217828,47.2266221093,46.8961510352,47.2112513617,78520,78520,0.0,1.0,tiingo_historical_seed,
2016-05-11,VLUE,61.0,61.29,60.79,60.79,46.8807802875,47.1036561282,46.7193874373,46.7193874373,30195,30195,0.0,1.0,tiingo_historical_seed,
2016-05-12,VLUE,60.48,60.75,60.2487,60.57,46.481140849,46.6886459421,46.3033781526,46.5503092134,12421,12421,0.0,1.0,tiingo_historical_seed,
2016-05-13,VLUE,60.43,60.7,59.89,59.99,46.4427139799,46.650219073,46.0277037938,46.1045575319,419781,419781,0.0,1.0,tiingo_historical_seed,
2016-05-16,VLUE,60.49,60.82,60.4725,60.7,46.4888262228,46.7424435588,46.4753768186,46.650219073,54156,54156,0.0,1.0,tiingo_historical_seed,
2016-05-17,VLUE,60.7,60.89,60.22,60.39,46.650219073,46.7962411755,46.2813211297,46.4119724846,7212,7212,0.0,1.0,tiingo_historical_seed,
2016-05-18,VLUE,60.46,60.74,60.14,60.44,46.4657701014,46.6809605683,46.2198381392,46.4503993537,13385,13385,0.0,1.0,tiingo_historical_seed,
2016-05-19,VLUE,60.49,60.518,60.07,60.44,46.4888262228,46.5103452695,46.1660405225,46.4503993537,5697,5697,0.0,1.0,tiingo_historical_seed,
2016-05-20,VLUE,60.63,61.14,60.63,60.99,46.5964214563,46.988375521,46.5964214563,46.8730949137,48690,48690,0.0,1.0,tiingo_historical_seed,
2016-05-23,VLUE,60.98,61.21,60.89,60.98,46.8654095399,47.0421731377,46.7962411755,46.8654095399,31119,31119,0.0,1.0,tiingo_historical_seed,
2016-05-24,VLUE,61.63,61.83,61.63,61.78,47.364958838,47.5186663144,47.364958838,47.4802394453,12743,12743,0.0,1.0,tiingo_historical_seed,
2016-05-25,VLUE,62.2,62.4832,62.2,62.4,47.8030251456,48.0206749321,47.8030251456,47.956732622,6646,6646,0.0,1.0,tiingo_historical_seed,
2016-05-26,VLUE,62.4072,62.47,62.2928,62.35,47.9622660911,48.0105302387,47.8743454147,47.9183057529,8044,8044,0.0,1.0,tiingo_historical_seed,
2016-05-27,VLUE,62.35,62.63,62.35,62.63,47.9183057529,48.1334962198,47.9183057529,48.1334962198,4164,4164,0.0,1.0,tiingo_historical_seed,
2016-05-31,VLUE,62.78,62.83,62.43,62.72,48.2487768271,48.2872036961,47.9797887434,48.2026645841,21574,21574,0.0,1.0,tiingo_historical_seed,
2016-06-01,VLUE,62.22,62.77,62.17,62.7,47.8183958933,48.2410914532,47.7799690242,48.1872938365,14764,14764,0.0,1.0,tiingo_historical_seed,
2016-06-02,VLUE,62.6189,62.95,62.6189,62.95,48.1249654549,48.379428182,48.1249654549,48.379428182,21263,21263,0.0,1.0,tiingo_historical_seed,
2016-06-03,VLUE,62.84,62.84,62.24,62.6,48.29488907,48.29488907,47.8337666409,48.1104400983,11184,11184,0.0,1.0,tiingo_historical_seed,
2016-06-06,VLUE,62.78,63.1499,62.78,63.02,48.2487768271,48.5330588046,48.2487768271,48.4332257987,16428,16428,0.0,1.0,tiingo_historical_seed,
2016-06-07,VLUE,63.29,63.49,63.13,63.29,48.6407308918,48.7944383681,48.5177649107,48.6407308918,71297,71297,0.0,1.0,tiingo_historical_seed,
2016-06-08,VLUE,63.27,63.49,63.27,63.44,48.6253601441,48.7944383681,48.6253601441,48.756011499,139959,139959,0.0,1.0,tiingo_historical_seed,
2016-06-09,VLUE,63.16,63.2904,62.9624,63.26,48.5408210321,48.6410383067,48.3889580455,48.6176747703,24919,24919,0.0,1.0,tiingo_historical_seed,
2016-06-10,VLUE,62.66,62.7154,62.29,62.53,48.1565523412,48.1991293122,47.87219351,48.0566424816,138602,138602,0.0,1.0,tiingo_historical_seed,
2016-06-13,VLUE,62.19,62.28,61.82,61.86,47.7953397718,47.8645081362,47.5109809406,47.5417224358,15057,15057,0.0,1.0,tiingo_historical_seed,
2016-06-14,VLUE,61.75,61.82,61.1,61.46,47.4571833238,47.5109809406,46.9576340257,47.2343074831,21108,21108,0.0,1.0,tiingo_historical_seed,
2016-06-15,VLUE,61.54,61.91,61.39,61.47,47.2957904737,47.5801493049,47.1805098664,47.2419928569,164324,164324,0.0,1.0,tiingo_historical_seed,
2016-06-16,VLUE,61.24,61.54,60.71,61.45,47.0652292591,47.2957904737,46.6579044468,47.2266221093,15357,15357,0.0,1.0,tiingo_historical_seed,
2016-06-17,VLUE,61.45,61.78,61.39,61.6,47.2266221093,47.4802394453,47.1805098664,47.3419027166,12816,12816,0.0,1.0,tiingo_historical_seed,
2016-06-20,VLUE,62.25,62.55,61.99,61.99,47.8414520147,48.0720132292,47.6416322955,47.6416322955,5383,5383,0.0,1.0,tiingo_historical_seed,
2016-06-21,VLUE,61.62,61.85,61.5,61.76,47.6130357131,47.7907539574,47.5203131509,47.7212120357,191247,191247,0.333547,1.0,tiingo_historical_seed,
2016-06-22,VLUE,62.09,62.1328,61.6,61.65,47.9761990819,48.0092701291,47.5975819527,47.6362163537,6915,6915,0.0,1.0,tiingo_historical_seed,
2016-06-23,VLUE,62.46,62.63,62.33,62.63,48.2620936488,48.393450612,48.1616442064,48.393450612,23107,23107,0.0,1.0,tiingo_historical_seed,
2016-06-24,VLUE,60.6,61.21,59.95,60.03,46.824893934,47.2962336254,46.3226467219,46.3844617634,172656,172656,0.0,1.0,tiingo_historical_seed,
2016-06-27,VLUE,59.54,59.54,58.1999,58.44,46.0058446342,46.0058446342,44.9703654203,45.1558878136,51391,51391,0.0,1.0,tiingo_historical_seed,
2016-06-28,VLUE,59.2,59.66,58.97,59.6,45.7431307078,46.0985671964,45.5654124635,46.0522059153,37942,37942,0.0,1.0,tiingo_historical_seed,
2016-06-29,VLUE,60.15,60.8292,60.15,60.7,46.4771843256,47.0019940279,46.4771843256,46.9021627359,27058,27058,0.0,1.0,tiingo_historical_seed,
2016-06-30,VLUE,60.8,61.63,60.57,61.63,46.9794315378,47.6207625933,46.8017132935,47.6207625933,22474,22474,0.0,1.0,tiingo_historical_seed,
2016-07-01,VLUE,61.6101,61.85,61.6,61.76,47.6053861017,47.7907539574,47.5975819527,47.7212120357,11708,11708,0.0,1.0,tiingo_historical_seed,
2016-07-05,VLUE,61.35,61.35,60.65,60.9,47.4044099481,47.4044099481,46.863528335,47.0567003396,29511,29511,0.0,1.0,tiingo_historical_seed,
2016-07-06,VLUE,60.49,61.33,60.4894,61.33,46.739898252,47.3889561877,46.7394346392,47.3889561877,12353,12353,0.0,1.0,tiingo_historical_seed,
2016-07-07,VLUE,61.45,61.92,61.168,61.4,47.4816787499,47.8448421187,47.2637807287,47.443044349,3829849,3829849,0.0,1.0,tiingo_historical_seed,
2016-07-08,VLUE,61.88,62.6141,61.88,62.54,47.813934598,48.3811648725,47.813934598,48.3239086903,23055,23055,0.0,1.0,tiingo_historical_seed,
2016-07-11,VLUE,62.67,62.9639,62.67,62.82,48.4243581328,48.6514511415,48.4243581328,48.5402613356,11201,11201,0.0,1.0,tiingo_historical_seed,
2016-07-12,VLUE,63.28,63.7,63.28,63.64,48.8956978242,49.220226792,48.8956978242,49.1738655109,185072,185072,0.0,1.0,tiingo_historical_seed,
2016-07-13,VLUE,63.75,63.785,63.38,63.66,49.258861193,49.2859052736,48.972966626,49.1893192713,153122,153122,0.0,1.0,tiingo_historical_seed,
2016-07-14,VLUE,64.21,64.276,64.05,64.1,49.6142976816,49.6652950908,49.4906675986,49.5293019995,6608,6608,0.0,1.0,tiingo_historical_seed,
2016-07-15,VLUE,64.0764,64.16,63.9601,64.09,49.5110665623,49.5756632806,49.4212029457,49.5215751193,15404,15404,0.0,1.0,tiingo_historical_seed,
2016-07-18,VLUE,64.13,64.38,64.08,64.29,49.5524826401,49.7456546448,49.5138482391,49.6761127231,46597,46597,0.0,1.0,tiingo_historical_seed,
2016-07-19,VLUE,64.02,64.205,63.99,64.17,49.467486958,49.6104342415,49.4443063175,49.5833901608,72360,72360,0.0,1.0,tiingo_historical_seed,
2016-07-20,VLUE,64.22,64.62,64.169,64.55,49.6220245618,49.9310997693,49.5826174728,49.8770116079,8868,8868,0.0,1.0,tiingo_historical_seed,
2016-07-21,VLUE,64.67,64.67,64.1401,64.32,49.9697341702,49.9697341702,49.5602867891,49.6992933636,9888,9888,0.0,1.0,tiingo_historical_seed,
2016-07-22,VLUE,64.43,64.61,64.35,64.61,49.7842890457,49.9233728891,49.7224740042,49.9233728891,9401,9401,0.0,1.0,tiingo_historical_seed,
2016-07-25,VLUE,64.59,64.59,64.35,64.48,49.9079191287,49.9079191287,49.7224740042,49.8229234466,9345,9345,0.0,1.0,tiingo_historical_seed,
2016-07-26,VLUE,64.532,64.718,64.43,64.66,49.8631032236,50.0068231951,49.7842890457,49.96200729,135564,135564,0.0,1.0,tiingo_historical_seed,
2016-07-27,VLUE,64.87,64.895,64.43,64.62,50.1242717739,50.1435889744,49.7842890457,49.9310997693,49668,49668,0.0,1.0,tiingo_historical_seed,
2016-07-28,VLUE,64.29,64.49,64.1,64.411,49.6761127231,49.8306503268,49.5293019995,49.7696079733,7119,7119,0.0,1.0,tiingo_historical_seed,
2016-07-29,VLUE,64.18,64.42,64.103,64.42,49.591117041,49.7765621655,49.5316200636,49.7765621655,8356,8356,0.0,1.0,tiingo_historical_seed,
2016-08-01,VLUE,64.33,64.4,64.03,64.13,49.7070202438,49.7611084051,49.4752138382,49.5524826401,53273,53273,0.0,1.0,tiingo_historical_seed,
2016-08-02,VLUE,64.0,64.0,63.06,63.32,49.4520331977,49.4520331977,48.7257064601,48.9266053449,17923,17923,0.0,1.0,tiingo_historical_seed,
2016-08-03,VLUE,63.29,63.84,63.2783,63.8101,48.9034247044,49.3284031147,48.8943842545,49.3052997429,15253,15253,0.0,1.0,tiingo_historical_seed,
2016-08-04,VLUE,63.87,63.95,63.76,63.82,49.3515837552,49.4133987967,49.2665880732,49.3129493543,4877,4877,0.0,1.0,tiingo_historical_seed,
2016-08-05,VLUE,64.17,64.6599,64.17,64.64,49.5833901608,49.9619300212,49.5833901608,49.9465535296,9649,9649,0.0,1.0,tiingo_historical_seed,
2016-08-08,VLUE,64.71,64.86,64.6,64.6,50.0006416909,50.1165448937,49.9156460089,49.9156460089,7078,7078,0.0,1.0,tiingo_historical_seed,
2016-08-09,VLUE,64.75,64.78,64.6,64.66,50.0315492117,50.0547298522,49.9156460089,49.96200729,7665,7665,0.0,1.0,tiingo_historical_seed,
2016-08-10,VLUE,64.61,64.61,64.28,64.34,49.9233728891,49.9233728891,49.6683858429,49.714747124,5935,5935,0.0,1.0,tiingo_historical_seed,
2016-08-11,VLUE,64.69,64.91,64.5183,64.81,49.9851879306,50.1551792947,49.8525173977,50.0779104928,64222,64222,0.0,1.0,tiingo_historical_seed,
2016-08-12,VLUE,64.66,64.8,64.61,64.77,49.96200729,50.0701836126,49.9233728891,50.0470029721,14064,14064,0.0,1.0,tiingo_historical_seed,
2016-08-15,VLUE,64.9,65.28,64.9,65.21,50.1474524145,50.4410738616,50.1474524145,50.3869857003,20380,20380,0.0,1.0,tiingo_historical_seed,
2016-08-16,VLUE,65.0,65.09,64.9818,64.9818,50.2247212164,50.294263138,50.2106582944,50.2106582944,9903,9903,0.0,1.0,tiingo_historical_seed,
2016-08-17,VLUE,64.7152,64.98,64.6,64.97,50.0046596686,50.209267456,49.9156460089,50.2015405758,4637,4637,0.0,1.0,tiingo_historical_seed,
2016-08-18,VLUE,64.9999,65.2299,64.9999,65.21,50.2246439476,50.4023621919,50.2246439476,50.3869857003,16324,16324,0.0,1.0,tiingo_historical_seed,
2016-08-19,VLUE,65.04,65.2499,64.82,65.17,50.2556287371,50.4178159522,50.085637373,50.3560781795,34546,34546,0.0,1.0,tiingo_historical_seed,
2016-08-22,VLUE,65.04,65.14,64.87,65.06,50.2556287371,50.332897539,50.1242717739,50.2710824975,8860,8860,0.0,1.0,tiingo_historical_seed,
2016-08-23,VLUE,65.28,65.55,65.28,65.38,50.4410738616,50.6496996267,50.4410738616,50.5183426635,7684,7684,0.0,1.0,tiingo_historical_seed,
2016-08-24,VLUE,65.285,65.4,64.9201,65.03,50.4449373017,50.5337964238,50.1629834437,50.2479018569,56335,56335,0.0,1.0,tiingo_historical_seed,
2016-08-25,VLUE,64.955,65.07,64.8419,64.94,50.1899502555,50.2788093777,50.1025592406,50.1783599352,6965,6965,0.0,1.0,tiingo_historical_seed,
2016-08-26,VLUE,65.167,65.394,64.7,64.85,50.3537601155,50.5291602957,49.9929148107,50.1088180136,75655,75655,0.0,1.0,tiingo_historical_seed,
2016-08-29,VLUE,65.07,65.3499,65.05,65.26,50.2788093777,50.4950847541,50.2633556173,50.4256201012,86386,86386,0.0,1.0,tiingo_historical_seed,
2016-08-30,VLUE,65.21,65.31,65.171,65.28,50.3869857003,50.4642545022,50.3568508676,50.4410738616,35875,35875,0.0,1.0,tiingo_historical_seed,
2016-08-31,VLUE,65.05,65.22,64.81,65.22,50.2633556173,50.3947125805,50.0779104928,50.3947125805,39460,39460,0.0,1.0,tiingo_historical_seed,
2016-09-01,VLUE,65.33,65.33,64.69,65.03,50.4797082625,50.4797082625,49.9851879306,50.2479018569,25554,25554,0.0,1.0,tiingo_historical_seed,
2016-09-02,VLUE,65.29,65.51,65.251,65.4,50.4488007418,50.6187921059,50.4186659091,50.5337964238,11550,11550,0.0,1.0,tiingo_historical_seed,
2016-09-06,VLUE,65.49,65.53,65.1501,65.53,50.6033383455,50.6342458663,50.340701688,50.6342458663,29522,29522,0.0,1.0,tiingo_historical_seed,
2016-09-07,VLUE,65.53,65.7,65.53,65.67,50.6342458663,50.7656028295,50.6342458663,50.7424221889,5324,5324,0.0,1.0,tiingo_historical_seed,
2016-09-08,VLUE,65.6,65.7499,65.5,65.63,50.6883340276,50.8041599616,50.6110652257,50.7115146682,643208,643208,0.0,1.0,tiingo_historical_seed,
2016-09-09,VLUE,65.17,65.259,64.14,64.15,50.3560781795,50.4248474132,49.5602095203,49.5679364005,94791,94791,0.0,1.0,tiingo_historical_seed,
2016-09-12,VLUE,64.11,65.23,64.11,65.13,49.5370288797,50.4024394607,49.5370288797,50.3251706588,28466,28466,0.0,1.0,tiingo_historical_seed,
2016-09-13,VLUE,64.5301,64.55,64.165,64.38,49.8616351164,49.8770116079,49.5795267207,49.7456546448,10179,10179,0.0,1.0,tiingo_historical_seed,
2016-09-14,VLUE,64.23,64.67,64.06,64.115,49.629751442,49.9697341702,49.4983944788,49.5408923198,22386,22386,0.0,1.0,tiingo_historical_seed,
2016-09-15,VLUE,64.69,65.0016,64.69,64.93,49.9851879306,50.2259575172,49.9851879306,50.1706330551,7624,7624,0.0,1.0,tiingo_historical_seed,
2016-09-16,VLUE,64.85,64.93,64.565,64.835,50.1088180136,50.1706330551,49.8886019282,50.0972276933,130691,130691,0.0,1.0,tiingo_historical_seed,
2016-09-19,VLUE,65.23,65.4099,64.83,64.87,50.4024394607,50.5414460352,50.0933642532,50.1242717739,12213,12213,0.0,1.0,tiingo_historical_seed,
2016-09-20,VLUE,65.09,65.11,64.6852,64.79,50.294263138,50.3097168984,49.9814790281,50.0624567324,11132,11132,0.0,1.0,tiingo_historical_seed,
2016-09-21,VLUE,65.17,65.5,64.88,65.47,50.3560781795,50.6110652257,50.1319986541,50.5878845852,11140,11140,0.0,1.0,tiingo_historical_seed,
2016-09-22,VLUE,65.97,66.0,65.7,65.8,50.9742285945,50.9974092351,50.7656028295,50.8428716313,13334,13334,0.0,1.0,tiingo_historical_seed,
2016-09-23,VLUE,65.75,65.83,65.435,65.53,50.8042372304,50.8660522719,50.5608405045,50.6342458663,15666,15666,0.0,1.0,tiingo_historical_seed,
2016-09-26,VLUE,64.58,64.81,64.41,64.41,50.1821945739,50.3609171622,50.0500952695,50.0500952695,39202,39202,0.364002,1.0,tiingo_historical_seed,
2016-09-27,VLUE,64.28,64.84,64.28,64.84,49.9490781544,50.3842288041,49.9490781544,50.3842288041,26985,26985,0.0,1.0,tiingo_historical_seed,
2016-09-28,VLUE,65.01,65.24,64.61,65.22,50.5163281085,50.6950506968,50.2055062159,50.6795096022,80204,80204,0.0,1.0,tiingo_historical_seed,
2016-09-29,VLUE,65.26,65.26,64.33,64.49,50.7105917915,50.7105917915,49.987930891,50.112259648,728443,728443,0.0,1.0,tiingo_historical_seed,
2016-09-30,VLUE,64.91,65.48,64.84,65.28,50.4386226354,50.8815438324,50.3842288041,50.7261328861,551886,551886,0.0,1.0,tiingo_historical_seed,
2016-10-03,VLUE,65.08,65.23,64.99,65.14,50.5707219398,50.6872801495,50.5007870139,50.6173452237,1087621,1087621,0.0,1.0,tiingo_historical_seed,
2016-10-04,VLUE,65.37,65.47,64.84,64.9889,50.796067812,50.8737732851,50.3842288041,50.4999322537,22708,22708,0.0,1.0,tiingo_historical_seed,
2016-10-05,VLUE,65.29,65.72,65.29,65.558,50.7339034334,51.0680369681,50.7339034334,50.9421541015,45205,45205,0.0,1.0,tiingo_historical_seed,
2016-10-06,VLUE,65.46,65.595,65.17,65.535,50.8660027378,50.9709051266,50.6406568656,50.9242818427,22357,22357,0.0,1.0,tiingo_historical_seed,
2016-10-07,VLUE,65.53,65.715,64.93,65.18,50.920396569,51.0641516944,50.45416373,50.6484274129,24779,24779,0.0,1.0,tiingo_historical_seed,
2016-10-10,VLUE,65.71,65.823,65.5614,65.62,51.0602664207,51.1480736054,50.9447960876,50.9903314949,17934,17934,0.0,1.0,tiingo_historical_seed,
2016-10-11,VLUE,65.42,65.42,64.53,64.76,50.8349205485,50.8349205485,50.1433418373,50.3220644256,15472,15472,0.0,1.0,tiingo_historical_seed,
2016-10-12,VLUE,64.83,64.83,64.5735,64.71,50.3764582568,50.3764582568,50.1771437181,50.283211689,616686,616686,0.0,1.0,tiingo_historical_seed,
2016-10-13,VLUE,64.29,64.58,63.6921,64.41,49.9568487017,50.1821945739,49.4922476776,50.0500952695,185095,185095,0.0,1.0,tiingo_historical_seed,
2016-10-14,VLUE,64.87,64.97,64.33,64.34,50.4075404461,50.4852459193,49.987930891,49.9957014383,371233,371233,0.0,1.0,tiingo_historical_seed,
2016-10-17,VLUE,64.35,64.52,64.1408,64.18,50.0034719856,50.13557129,49.8409121357,49.8713726812,26418,26418,0.0,1.0,tiingo_historical_seed,
2016-10-18,VLUE,64.75,64.91,64.51,64.72,50.3142938783,50.4386226354,50.1278007427,50.2909822363,23972,23972,0.0,1.0,tiingo_historical_seed,
2016-10-19,VLUE,64.7,64.9153,64.63,64.81,50.2754411417,50.4427410254,50.2210473105,50.3609171622,134765,134765,0.0,1.0,tiingo_historical_seed,
2016-10-20,VLUE,64.82,64.92,64.53,64.77,50.3686877095,50.4463931827,50.1433418373,50.3298349729,54806,54806,0.0,1.0,tiingo_historical_seed,
2016-10-21,VLUE,64.33,64.66,64.33,64.57,49.987930891,50.2443589524,49.987930891,50.1744240266,425876,425876,0.0,1.0,tiingo_historical_seed,
2016-10-24,VLUE,64.88,65.0,64.71,64.86,50.4153109934,50.5085575612,50.283211689,50.3997698988,39099,39099,0.0,1.0,tiingo_historical_seed,
2016-10-25,VLUE,64.9,64.9,64.49,64.62,50.430852088,50.430852088,50.112259648,50.2132767632,904371,904371,0.0,1.0,tiingo_historical_seed,
2016-10-26,VLUE,64.22,64.7995,64.11,64.62,49.9024548705,50.3527580875,49.81697885,50.2132767632,1101074,1101074,0.0,1.0,tiingo_historical_seed,
2016-10-27,VLUE,64.815,64.88,64.37,64.37,50.3648024359,50.4153109934,50.0190130802,50.0190130802,34757,34757,0.0,1.0,tiingo_historical_seed,
2016-10-28,VLUE,64.36,64.795,64.11,64.33,50.0112425329,50.3492613412,49.81697885,49.987930891,62786,62786,0.0,1.0,tiingo_historical_seed,
2016-10-31,VLUE,64.485,64.63,64.4,64.5,50.1083743744,50.2210473105,50.0423247222,50.1200301954,55466,55466,0.0,1.0,tiingo_historical_seed,
2016-11-01,VLUE,64.73,64.78,63.6,64.06,50.2987527837,50.3376055202,49.4206809368,49.7781261134,31059,31059,0.0,1.0,tiingo_historical_seed,
2016-11-02,VLUE,63.89,64.2,63.77,63.84,49.646026809,49.8869137759,49.5527802412,49.6071740724,626319,626319,0.0,1.0,tiingo_historical_seed,
2016-11-03,VLUE,63.98,64.1,63.405,63.47,49.7159617349,49.8092083027,49.2691552641,49.3196638217,148302,148302,0.0,1.0,tiingo_historical_seed,
2016-11-04,VLUE,63.38,63.89,63.31,63.37,49.2497288958,49.646026809,49.1953350646,49.2419583485,294648,294648,0.0,1.0,tiingo_historical_seed,
2016-11-07,VLUE,64.25,64.8,64.2319,64.79,49.9257665124,50.3531466149,49.9117018218,50.3453760676,121392,121392,0.0,1.0,tiingo_historical_seed,
2016-11-08,VLUE,64.71,65.17,64.4398,64.97,50.283211689,50.6406568656,50.0732515005,50.4852459193,1014274,1014274,0.0,1.0,tiingo_historical_seed,
2016-11-09,VLUE,64.83,66.5728,64.59,66.28,50.3764582568,51.7307092433,50.1899651212,51.5031876178,1470053,1470053,0.0,1.0,tiingo_historical_seed,
2016-11-10,VLUE,66.74,67.55,66.59,67.04,51.8606327944,52.4900471271,51.7440745846,52.0937492139,426999,426999,0.0,1.0,tiingo_historical_seed,
2016-11-11,VLUE,66.67,67.11,66.5,67.1,51.8062389632,52.1481430451,51.6741396588,52.1403724978,469029,469029,0.0,1.0,tiingo_historical_seed,
2016-11-14,VLUE,67.3,67.88,67.28,67.7928,52.2957834442,52.7464751885,52.2802423495,52.6787160159,190361,190361,0.0,1.0,tiingo_historical_seed,
2016-11-15,VLUE,68.02,68.33,67.6,68.33,52.855262851,53.0961498178,52.5288998637,53.0961498178,178069,178069,0.0,1.0,tiingo_historical_seed,
2016-11-16,VLUE,68.15,68.205,67.9,68.01,52.9562799661,52.9990179764,52.7620162832,52.8474923037,1642294,1642294,0.0,1.0,tiingo_historical_seed,
2016-11-17,VLUE,67.87,68.19,67.82,68.19,52.7387046412,52.9873621554,52.6998519046,52.9873621554,85603,85603,0.0,1.0,tiingo_historical_seed,
2016-11-18,VLUE,68.28,68.4,68.0076,68.05,53.0572970812,53.150543649,52.8456273723,52.8785744929,102908,102908,0.0,1.0,tiingo_historical_seed,
2016-11-21,VLUE,68.21,68.49,68.19,68.45,53.00290325,53.2204785749,52.9873621554,53.1893963856,129066,129066,0.0,1.0,tiingo_historical_seed,
2016-11-22,VLUE,68.57,68.72,68.4,68.7,53.2826429534,53.3992011632,53.150543649,53.3836600686,116692,116692,0.0,1.0,tiingo_historical_seed,
2016-11-23,VLUE,68.57,68.93,68.51,68.93,53.2826429534,53.5623826568,53.2360196695,53.5623826568,60635,60635,0.0,1.0,tiingo_historical_seed,
2016-11-25,VLUE,69.05,69.21,68.93,69.16,53.6556292246,53.7799579817,53.5623826568,53.7411052451,60137,60137,0.0,1.0,tiingo_historical_seed,
2016-11-28,VLUE,69.07,69.1,68.65,68.77,53.6711703193,53.6944819612,53.344807332,53.4380538998,208869,208869,0.0,1.0,tiingo_historical_seed,
2016-11-29,VLUE,68.72,69.0,68.5894,68.81,53.3992011632,53.6167764881,53.2977178152,53.469136089,311363,311363,0.0,1.0,tiingo_historical_seed,
2016-11-30,VLUE,69.13,69.26,68.9801,69.07,53.7177936032,53.8188107183,53.6013130989,53.6711703193,46982,46982,0.0,1.0,tiingo_historical_seed,
2016-12-01,VLUE,69.2,69.71,69.05,69.17,53.7721874344,54.1684853476,53.6556292246,53.7488757925,964452,964452,0.0,1.0,tiingo_historical_seed,
2016-12-02,VLUE,69.18,69.36,68.98,69.05,53.7566463398,53.8965161915,53.6012353934,53.6556292246,28279,28279,0.0,1.0,tiingo_historical_seed,
2016-12-05,VLUE,69.41,69.66,69.26,69.44,53.9353689281,54.129632611,53.8188107183,53.95868057,128107,128107,0.0,1.0,tiingo_historical_seed,
2016-12-06,VLUE,69.57,69.84,69.3565,69.83,54.0596976851,54.2695024627,53.8937964999,54.2617319154,236282,236282,0.0,1.0,tiingo_historical_seed,
2016-12-07,VLUE,69.8,71.03,69.72,70.95,54.2384202734,55.1941975934,54.1762558949,55.1320332149,94595,94595,0.0,1.0,tiingo_historical_seed,
2016-12-08,VLUE,71.04,71.55,71.0,71.32,55.2019681408,55.5982660539,55.1708859515,55.4195434656,303672,303672,0.0,1.0,tiingo_historical_seed,
2016-12-09,VLUE,71.48,71.73,71.43,71.71,55.5438722227,55.7381359056,55.5050194861,55.722594811,665773,665773,0.0,1.0,tiingo_historical_seed,
2016-12-12,VLUE,71.62,71.8159,71.2622,71.44,55.6526598851,55.8048849071,55.3746297021,55.5127900334,424060,424060,0.0,1.0,tiingo_historical_seed,
2016-12-13,VLUE,71.71,72.05,71.5396,71.85,55.722594811,55.9867934198,55.5901846847,55.8313824734,287384,287384,0.0,1.0,tiingo_historical_seed,
2016-12-14,VLUE,71.49,72.04,71.09,71.18,55.55164277,55.9790228725,55.2408208773,55.3107558032,67019,67019,0.0,1.0,tiingo_historical_seed,
2016-12-15,VLUE,71.21,71.9,71.21,71.55,55.3340674451,55.87023521,55.3340674451,55.5982660539,439638,439638,0.0,1.0,tiingo_historical_seed,
2016-12-16,VLUE,71.72,72.02,71.2,71.31,55.7303653583,55.9634817778,55.3262968978,55.4117729183,62292,62292,0.0,1.0,tiingo_historical_seed,
2016-12-19,VLUE,71.34,71.58,71.243,71.45,55.4350845603,55.6215776959,55.3597102513,55.5205605808,52663,52663,0.0,1.0,tiingo_historical_seed,
2016-12-20,VLUE,71.56,71.86,71.56,71.74,55.6060366012,55.8391530208,55.6060366012,55.745906453,39470,39470,0.0,1.0,tiingo_historical_seed,
2016-12-21,VLUE,71.75,71.77,71.61,71.63,55.7536770003,55.7692180949,55.6448893378,55.6604304325,109744,109744,0.0,1.0,tiingo_historical_seed,
2016-12-22,VLUE,71.28,71.29,70.735,70.87,55.6395749124,55.6473806889,55.214160093,55.3195380758,804407,804407,0.321302,1.0,tiingo_historical_seed,
2016-12-23,VLUE,70.82,71.06,70.82,71.06,55.2805091933,55.4678478293,55.2805091933,55.4678478293,42044,42044,0.0,1.0,tiingo_historical_seed,
2016-12-27,VLUE,71.07,71.39,71.05,71.23,55.4756536058,55.7254384539,55.4600420528,55.6005460299,42811,42811,0.0,1.0,tiingo_historical_seed,
2016-12-28,VLUE,71.31,71.41,70.49,70.55,55.6629922419,55.7410500069,55.0229185687,55.0697532277,28225,28225,0.0,1.0,tiingo_historical_seed,
2016-12-29,VLUE,70.48,70.66,70.263,70.44,55.0151127922,55.1556167692,54.845727442,54.9838896861,601275,601275,0.0,1.0,tiingo_historical_seed,
2016-12-30,VLUE,70.53,70.53,69.965,70.19,55.0541416747,55.0541416747,54.6131153023,54.7887452736,85549,85549,0.0,1.0,tiingo_historical_seed,
2017-01-03,VLUE,70.7,71.06,70.41,70.92,55.1868398752,55.4678478293,54.9604723566,55.3585669583,345002,345002,0.0,1.0,tiingo_historical_seed,
2017-01-04,VLUE,71.1,71.74,71.1,71.67,55.4990709353,55.9986406315,55.4990709353,55.944000196,169708,169708,0.0,1.0,tiingo_historical_seed,
2017-01-05,VLUE,71.4,71.55,70.88,71.28,55.7332442304,55.850330878,55.3273438523,55.6395749124,134147,134147,0.0,1.0,tiingo_historical_seed,
2017-01-06,VLUE,71.26,71.43,70.99,71.21,55.6239633594,55.7566615599,55.4132073938,55.5849344769,52200,52200,0.0,1.0,tiingo_historical_seed,
2017-01-09,VLUE,71.05,71.2358,70.92,70.95,55.4600420528,55.6050733802,55.3585669583,55.3819842878,65982,65982,0.0,1.0,tiingo_historical_seed,
2017-01-10,VLUE,71.0,71.5598,70.94,71.23,55.4210131703,55.8579805389,55.3741785113,55.6005460299,2507471,2507471,0.0,1.0,tiingo_historical_seed,
2017-01-11,VLUE,71.23,71.33,70.8729,71.25,55.6005460299,55.6786037949,55.321801751,55.6161575829,123972,123972,0.0,1.0,tiingo_historical_seed,
2017-01-12,VLUE,71.06,71.18,70.39,70.99,55.4678478293,55.5615171474,54.9448608036,55.4132073938,60967,60967,0.0,1.0,tiingo_historical_seed,
2017-01-13,VLUE,71.03,71.28,70.89,71.03,55.4444304998,55.6395749124,55.3351496288,55.4444304998,39798,39798,0.0,1.0,tiingo_historical_seed,
2017-01-17,VLUE,70.8,71.0,70.54,70.72,55.2648976403,55.4210131703,55.0619474512,55.2024514282,141487,141487,0.0,1.0,tiingo_historical_seed,
2017-01-18,VLUE,70.71,70.87,70.5075,70.86,55.1946456517,55.3195380758,55.0365786775,55.3117322993,608405,608405,0.0,1.0,tiingo_historical_seed,
2017-01-19,VLUE,70.87,70.99,70.36,70.56,55.3195380758,55.4132073938,54.9214434741,55.0775590042,325606,325606,0.0,1.0,tiingo_historical_seed,
2017-01-20,VLUE,70.72,70.91,70.46,70.67,55.2024514282,55.3507611818,54.9995012392,55.1634225457,843700,843700,0.0,1.0,tiingo_historical_seed,
2017-01-23,VLUE,70.65,70.71,70.185,70.44,55.1478109927,55.1946456517,54.7848423853,54.9838896861,166891,166891,0.0,1.0,tiingo_historical_seed,
2017-01-24,VLUE,70.53,71.28,70.53,71.18,55.0541416747,55.6395749124,55.0541416747,55.5615171474,174679,174679,0.0,1.0,tiingo_historical_seed,
2017-01-25,VLUE,71.65,72.0234,71.57,72.01,55.928388643,56.2198563376,55.865942431,56.2093965971,124860,124860,0.0,1.0,tiingo_historical_seed,
2017-01-26,VLUE,71.98,72.11,71.78,71.82,56.1859792676,56.2874543621,56.0298637375,56.0610868435,482467,482467,0.0,1.0,tiingo_historical_seed,
2017-01-27,VLUE,71.85,71.93,71.42,71.51,56.0845041731,56.1469503851,55.7488557834,55.819107772,86239,86239,0.0,1.0,tiingo_historical_seed,
2017-01-30,VLUE,71.26,71.26,70.579,71.06,55.6239633594,55.6239633594,55.0923899795,55.4678478293,89656,89656,0.0,1.0,tiingo_historical_seed,
2017-01-31,VLUE,70.86,71.12,70.55,71.08,55.3117322993,55.5146824883,55.0697532277,55.4834593823,438866,438866,0.0,1.0,tiingo_historical_seed,
2017-02-01,VLUE,71.61,71.75,71.2306,71.57,55.897165537,56.006446408,55.6010143765,55.865942431,1180929,1180929,0.0,1.0,tiingo_historical_seed,
2017-02-02,VLUE,71.35,71.56,71.195,71.44,55.6942153479,55.8581366545,55.5732258121,55.7644673364,86945,86945,0.0,1.0,tiingo_historical_seed,
2017-02-03,VLUE,71.86,72.224,71.77,72.18,56.0923099496,56.3764402143,56.022057961,56.3420947976,51295,51295,0.0,1.0,tiingo_historical_seed,
2017-02-06,VLUE,72.06,72.33,71.94,72.12,56.2484254796,56.4591814452,56.1547561616,56.2952601386,89638,89638,0.0,1.0,tiingo_historical_seed,
2017-02-07,VLUE,72.17,72.3,71.876,71.96,56.3342890211,56.4357641157,56.104799192,56.1703677146,852630,852630,0.0,1.0,tiingo_historical_seed,
2017-02-08,VLUE,71.66,71.87,71.46,71.84,55.9361944195,56.1001157261,55.7800788894,56.0766983965,420823,420823,0.0,1.0,tiingo_historical_seed,
2017-02-09,VLUE,71.93,72.51,71.93,72.33,56.1469503851,56.5996854222,56.1469503851,56.4591814452,239042,239042,0.0,1.0,tiingo_historical_seed,
2017-02-10,VLUE,72.45,72.62,72.3,72.56,56.5528507632,56.6855489638,56.4357641157,56.6387143048,46672,46672,0.0,1.0,tiingo_historical_seed,
2017-02-13,VLUE,72.74,73.249,72.74,73.1,56.7792182818,57.1765323058,56.7792182818,57.0602262359,102065,102065,0.0,1.0,tiingo_historical_seed,
2017-02-14,VLUE,73.16,73.66,73.06,73.66,57.1070608949,57.4973497201,57.0290031299,57.4973497201,180157,180157,0.0,1.0,tiingo_historical_seed,
2017-02-15,VLUE,73.71,74.19,73.68,74.15,57.5363786026,57.9110558747,57.5129612731,57.8798327687,110852,110852,0.0,1.0,tiingo_historical_seed,
2017-02-16,VLUE,74.16,74.32,73.88,74.12,57.8876385452,58.0125309693,57.6690768031,57.8564154392,99455,99455,0.0,1.0,tiingo_historical_seed,
2017-02-17,VLUE,73.77,74.17,73.75,74.17,57.5832132616,57.8954443217,57.5676017086,57.8954443217,114565,114565,0.0,1.0,tiingo_historical_seed,
2017-02-21,VLUE,74.38,74.8099,74.38,74.74,58.0593656283,58.3949359601,58.0593656283,58.3403735824,167460,167460,0.0,1.0,tiingo_historical_seed,
2017-02-22,VLUE,74.62,74.66,74.43,74.56,58.2467042643,58.2779273704,58.0983945108,58.1998696053,218929,218929,0.0,1.0,tiingo_historical_seed,
2017-02-23,VLUE,74.81,74.81,74.33,74.41,58.3950140179,58.3950140179,58.0203367458,58.0827829578,42647,42647,0.0,1.0,tiingo_historical_seed,
2017-02-24,VLUE,73.95,74.48,73.91,74.48,57.7237172387,58.1374233933,57.6924941326,58.1374233933,97988,97988,0.0,1.0,tiingo_historical_seed,
2017-02-27,VLUE,74.46,74.79,74.37,74.75,58.1218118403,58.3794024649,58.0515598518,58.3481793589,111679,111679,0.0,1.0,tiingo_historical_seed,
2017-02-28,VLUE,74.45,74.49,74.1901,74.33,58.1140060638,58.1452291698,57.9111339325,58.0203367458,86858,86858,0.0,1.0,tiingo_historical_seed,
2017-03-01,VLUE,75.0,75.57,75.0,75.32,58.5433237715,58.9882530321,58.5433237715,58.7931086195,141221,141221,0.0,1.0,tiingo_historical_seed,
2017-03-02,VLUE,75.32,75.32,74.81,74.87,58.7931086195,58.7931086195,58.3950140179,58.4418486769,383524,383524,0.0,1.0,tiingo_historical_seed,
2017-03-03,VLUE,74.86,75.035,74.72,75.03,58.4340429004,58.5706439892,58.3247620294,58.566741101,125407,125407,0.0,1.0,tiingo_historical_seed,
2017-03-06,VLUE,74.68,74.68,74.23,74.52,58.2935389234,58.2935389234,57.9422789807,58.1686464993,72510,72510,0.0,1.0,tiingo_historical_seed,
2017-03-07,VLUE,74.31,74.44,74.01,74.08,58.0047251928,58.1062002873,57.7705518977,57.8251923332,160908,160908,0.0,1.0,tiingo_historical_seed,
2017-03-08,VLUE,74.21,74.42,73.87,73.96,57.9266674277,58.0905887343,57.6612710266,57.7315230152,262613,262613,0.0,1.0,tiingo_historical_seed,
2017-03-09,VLUE,73.9,74.07,73.435,73.79,57.6846883561,57.8173865567,57.3217197488,57.5988248146,228189,228189,0.0,1.0,tiingo_historical_seed,
2017-03-10,VLUE,74.16,74.2,73.7,74.06,57.8876385452,57.9188616512,57.5285728261,57.8095807802,141334,141334,0.0,1.0,tiingo_historical_seed,
2017-03-13,VLUE,74.04,74.12,73.8499,73.94,57.7939692272,57.8564154392,57.6455814159,57.7159114622,93472,93472,0.0,1.0,tiingo_historical_seed,
2017-03-14,VLUE,73.75,73.75,73.32,73.64,57.5676017086,57.5676017086,57.231953319,57.4817381671,1490536,1490536,0.0,1.0,tiingo_historical_seed,
2017-03-15,VLUE,73.71,74.38,73.66,74.24,57.5363786026,58.0593656283,57.4973497201,57.9500847572,482187,482187,0.0,1.0,tiingo_historical_seed,
2017-03-16,VLUE,74.3,74.33,73.96,74.11,57.9969194163,58.0203367458,57.7315230152,57.8486096627,117357,117357,0.0,1.0,tiingo_historical_seed,
2017-03-17,VLUE,74.23,74.23,73.78,73.78,57.9422789807,57.9422789807,57.5910190381,57.5910190381,67083,67083,0.0,1.0,tiingo_historical_seed,
2017-03-20,VLUE,73.75,73.81,73.465,73.5784,57.5676017086,57.6144363676,57.3451370783,57.4336545838,90901,90901,0.0,1.0,tiingo_historical_seed,
2017-03-21,VLUE,73.77,73.77,72.24,72.3,57.5832132616,57.5832132616,56.3889294567,56.4357641157,270934,270934,0.0,1.0,tiingo_historical_seed,
2017-03-22,VLUE,72.17,72.68,72.09,72.56,56.3342890211,56.7323836228,56.2718428091,56.6387143048,81142,81142,0.0,1.0,tiingo_historical_seed,
2017-03-23,VLUE,72.49,72.93,72.335,72.5,56.5840738692,56.9275280354,56.4630843334,56.5918796457,251493,251493,0.0,1.0,tiingo_historical_seed,
2017-03-24,VLUE,72.33,72.515,71.75,72.08,56.7612239668,56.9064033728,56.3060669102,56.5650355803,87772,87772,0.38561,1.0,tiingo_historical_seed,
2017-03-27,VLUE,71.45,72.09,71.21,72.04,56.0706408465,56.5728831158,55.8822999955,56.5336454385,266202,266202,0.0,1.0,tiingo_historical_seed,
2017-03-28,VLUE,71.93,72.96,71.91,72.78,56.4473225485,57.2556187006,56.4316274776,57.1143630624,79603,79603,0.0,1.0,tiingo_historical_seed,
2017-03-29,VLUE,72.72,73.095,72.68,72.97,57.0672778496,57.3615604293,57.0358877078,57.2634662361,168497,168497,0.0,1.0,tiingo_historical_seed,
2017-03-30,VLUE,72.91,73.38,72.87,73.31,57.2163810233,57.5852151899,57.1849908815,57.5302824417,125039,125039,0.0,1.0,tiingo_historical_seed,
2017-03-31,VLUE,73.18,73.4,73.12,73.12,57.4282644807,57.6009102608,57.381179268,57.381179268,247436,247436,0.0,1.0,tiingo_historical_seed,
2017-04-03,VLUE,73.19,73.22,72.32,72.83,57.4361120162,57.4596546225,56.7533764313,57.1536007397,156170,156170,0.0,1.0,tiingo_historical_seed,
2017-04-04,VLUE,72.62,72.88,72.56,72.88,56.9888024951,57.192838417,56.9417172823,57.192838417,119846,119846,0.0,1.0,tiingo_historical_seed,
2017-04-05,VLUE,73.14,73.43,72.38,72.46,57.3968743389,57.6244528672,56.8004616441,56.8632419277,112513,112513,0.0,1.0,tiingo_historical_seed,
2017-04-06,VLUE,72.49,72.97,72.34,72.76,56.8867845341,57.2634662361,56.7690715022,57.0986679915,64458,64458,0.0,1.0,tiingo_historical_seed,
2017-04-07,VLUE,72.64,72.95,72.5344,72.7,57.004497566,57.2477711652,56.9216275916,57.0515827787,84768,84768,0.0,1.0,tiingo_historical_seed,
2017-04-10,VLUE,72.74,73.08,72.56,72.78,57.0829729206,57.3497891261,56.9417172823,57.1143630624,479686,479686,0.0,1.0,tiingo_historical_seed,
2017-04-11,VLUE,72.64,72.67,72.0,72.67,57.004497566,57.0280401724,56.5022552967,57.0280401724,397872,397872,0.0,1.0,tiingo_historical_seed,
2017-04-12,VLUE,72.67,72.67,72.13,72.26,57.0280401724,57.0280401724,56.6042732576,56.7062912186,540787,540787,0.0,1.0,tiingo_historical_seed,
2017-04-13,VLUE,72.18,72.4,71.71,71.73,56.6435109349,56.816156715,56.2746767684,56.2903718393,155801,155801,0.0,1.0,tiingo_historical_seed,
2017-04-17,VLUE,71.88,72.29,71.75,72.26,56.4080848712,56.729833825,56.3060669102,56.7062912186,78770,78770,0.0,1.0,tiingo_historical_seed,
2017-04-18,VLUE,72.05,72.2,71.64,71.97,56.541492974,56.6592060058,56.2197440202,56.4787126903,103741,103741,0.0,1.0,tiingo_historical_seed,
2017-04-19,VLUE,72.21,72.38,71.81,71.92,56.6670535413,56.8004616441,56.353152123,56.439475013,65625,65625,0.0,1.0,tiingo_historical_seed,
2017-04-20,VLUE,72.17,72.82,72.15,72.66,56.6356633995,57.1457532042,56.6199683285,57.0201926369,80218,80218,0.0,1.0,tiingo_historical_seed,
2017-04-21,VLUE,72.58,72.76,72.16,72.34,56.9574123532,57.0986679915,56.627815864,56.7690715022,51981,51981,0.0,1.0,tiingo_historical_seed,
2017-04-24,VLUE,73.09,73.33,72.96,73.21,57.3576366616,57.5459775126,57.2556187006,57.4518070871,237523,237523,0.0,1.0,tiingo_historical_seed,
2017-04-25,VLUE,73.52,73.67,73.43,73.56,57.6950806863,57.8127937181,57.6244528672,57.7264708281,113268,113268,0.0,1.0,tiingo_historical_seed,
2017-04-26,VLUE,73.51,73.99,73.51,73.62,57.6872331508,58.0639148528,57.6872331508,57.7735560409,102731,102731,0.0,1.0,tiingo_historical_seed,
2017-04-27,VLUE,73.65,73.68,73.29,73.65,57.7970986472,57.8206412536,57.5145873707,57.7970986472,41868,41868,0.0,1.0,tiingo_historical_seed,
2017-04-28,VLUE,73.7,73.7,73.219,73.28,57.8363363245,57.8363363245,57.458869869,57.5067398353,65222,65222,0.0,1.0,tiingo_historical_seed,
2017-05-01,VLUE,73.41,73.61,73.285,73.33,57.6087577962,57.7657085054,57.510663603,57.5459775126,75786,75786,0.0,1.0,tiingo_historical_seed,
2017-05-02,VLUE,73.43,73.46,73.12,73.36,57.6244528672,57.6479954735,57.381179268,57.569520119,47173,47173,0.0,1.0,tiingo_historical_seed,
2017-05-03,VLUE,73.02,73.31,72.95,73.24,57.3027039134,57.5302824417,57.2477711652,57.4753496935,109223,109223,0.0,1.0,tiingo_historical_seed,
2017-05-04,VLUE,73.32,73.42,72.84,73.16,57.5381299771,57.6166053317,57.1614482751,57.4125694098,68097,68097,0.0,1.0,tiingo_historical_seed,
2017-05-05,VLUE,73.32,73.61,73.16,73.61,57.5381299771,57.7657085054,57.4125694098,57.7657085054,52178,52178,0.0,1.0,tiingo_historical_seed,
2017-05-08,VLUE,73.59,73.75,73.44,73.69,57.7500134345,57.8755740018,57.6323004026,57.8284887891,53767,53767,0.0,1.0,tiingo_historical_seed,
2017-05-09,VLUE,73.84,73.96,73.61,73.74,57.9462018209,58.0403722464,57.7657085054,57.8677264664,56640,56640,0.0,1.0,tiingo_historical_seed,
2017-05-10,VLUE,73.66,73.86,73.55,73.85,57.8049461827,57.9618968918,57.7186232927,57.9540493564,692127,692127,0.0,1.0,tiingo_historical_seed,
2017-05-11,VLUE,73.65,73.78,73.24,73.63,57.7970986472,57.8991166082,57.4753496935,57.7814035763,413908,413908,0.0,1.0,tiingo_historical_seed,
2017-05-12,VLUE,73.55,73.56,73.19,73.31,57.7186232927,57.7264708281,57.4361120162,57.5302824417,32142,32142,0.0,1.0,tiingo_historical_seed,
2017-05-15,VLUE,73.51,73.8599,73.45,73.71,57.6872331508,57.9618184165,57.6401479381,57.84418386,573528,573528,0.0,1.0,tiingo_historical_seed,
2017-05-16,VLUE,73.81,73.81,73.31,73.51,57.9226592146,57.9226592146,57.5302824417,57.6872331508,75698,75698,0.0,1.0,tiingo_historical_seed,
2017-05-17,VLUE,72.85,73.03,71.78,71.84,57.1692958106,57.3105514488,56.3296095166,56.3766947294,73732,73732,0.0,1.0,tiingo_historical_seed,
2017-05-18,VLUE,71.61,72.21,71.535,71.92,56.1962014138,56.6670535413,56.1373448979,56.439475013,225602,225602,0.0,1.0,tiingo_historical_seed,
2017-05-19,VLUE,72.18,72.7,72.18,72.46,56.6435109349,57.0515827787,56.6435109349,56.8632419277,59363,59363,0.0,1.0,tiingo_historical_seed,
2017-05-22,VLUE,72.69,72.84,72.515,72.75,57.0437352433,57.1614482751,56.9064033728,57.090820456,36313,36313,0.0,1.0,tiingo_historical_seed,
2017-05-23,VLUE,72.91,73.09,72.7,73.06,57.2163810233,57.3576366616,57.0515827787,57.3340940552,272821,272821,0.0,1.0,tiingo_historical_seed,
2017-05-24,VLUE,73.12,73.12,72.93,73.1,57.381179268,57.381179268,57.2320760943,57.365484197,54174,54174,0.0,1.0,tiingo_historical_seed,
2017-05-25,VLUE,73.36,73.54,73.235,73.35,57.569520119,57.7107757572,57.4714259257,57.5616725835,128919,128919,0.0,1.0,tiingo_historical_seed,
2017-05-26,VLUE,73.24,73.4,73.09,73.38,57.4753496935,57.6009102608,57.3576366616,57.5852151899,103118,103118,0.0,1.0,tiingo_historical_seed,
2017-05-30,VLUE,73.22,73.52,73.1835,73.33,57.4596546225,57.6950806863,57.4310111181,57.5459775126,89167,89167,0.0,1.0,tiingo_historical_seed,
2017-05-31,VLUE,73.41,73.58,72.86,73.19,57.6087577962,57.742165899,57.1771433461,57.4361120162,140424,140424,0.0,1.0,tiingo_historical_seed,
2017-06-01,VLUE,73.28,73.91,73.2,73.91,57.5067398353,58.0011345691,57.4439595516,58.0011345691,616951,616951,0.0,1.0,tiingo_historical_seed,
2017-06-02,VLUE,73.94,74.07,73.73,73.97,58.0246771755,58.1266951365,57.8598789309,58.0482197819,292527,292527,0.0,1.0,tiingo_historical_seed,
2017-06-05,VLUE,73.96,73.96,73.6901,73.78,58.0403722464,58.0403722464,57.8285672644,57.8991166082,184678,184678,0.0,1.0,tiingo_historical_seed,
2017-06-06,VLUE,73.56,73.6447,73.3768,73.46,57.7264708281,57.7929394534,57.5827039785,57.6479954735,63454,63454,0.0,1.0,tiingo_historical_seed,
2017-06-07,VLUE,73.52,73.76,73.43,73.68,57.6950806863,57.8834215373,57.6244528672,57.8206412536,350864,350864,0.0,1.0,tiingo_historical_seed,
2017-06-08,VLUE,73.66,74.11,73.66,73.89,57.8049461827,58.1580852783,57.8049461827,57.9854394982,39540,39540,0.0,1.0,tiingo_historical_seed,
2017-06-09,VLUE,74.07,74.4097,73.7,74.05,58.1266951365,58.393275916,57.8363363245,58.1110000655,230192,230192,0.0,1.0,tiingo_historical_seed,
2017-06-12,VLUE,73.94,74.19,73.79,74.13,58.0246771755,58.220865562,57.9069641436,58.1737803492,1274871,1274871,0.0,1.0,tiingo_historical_seed,
2017-06-13,VLUE,74.41,74.41,74.17,74.39,58.393511342,58.393511342,58.205170491,58.3778162711,200610,200610,0.0,1.0,tiingo_historical_seed,
2017-06-14,VLUE,74.41,74.55,73.76,74.11,58.393511342,58.5033768384,57.8834215373,58.1580852783,697235,697235,0.0,1.0,tiingo_historical_seed,
2017-06-15,VLUE,73.54,73.73,73.4,73.73,57.7107757572,57.8598789309,57.6009102608,57.8598789309,76405,76405,0.0,1.0,tiingo_historical_seed,
2017-06-16,VLUE,73.62,73.62,73.1,73.42,57.7735560409,57.7735560409,57.365484197,57.6166053317,99272,99272,0.0,1.0,tiingo_historical_seed,
2017-06-19,VLUE,73.7,74.17,73.65,74.13,57.8363363245,58.205170491,57.7970986472,58.1737803492,820299,820299,0.0,1.0,tiingo_historical_seed,
2017-06-20,VLUE,74.06,74.06,73.5082,73.56,58.118847601,58.118847601,57.6858205944,57.7264708281,78918,78918,0.0,1.0,tiingo_historical_seed,
2017-06-21,VLUE,73.64,73.68,73.33,73.48,57.7892511118,57.8206412536,57.5459775126,57.6636905444,60978,60978,0.0,1.0,tiingo_historical_seed,
2017-06-22,VLUE,73.46,73.81,73.4501,73.62,57.6479954735,57.9226592146,57.6402264134,57.7735560409,87647,87647,0.0,1.0,tiingo_historical_seed,
2017-06-23,VLUE,73.69,73.78,73.5,73.68,57.8284887891,57.8991166082,57.6793856154,57.8206412536,308911,308911,0.0,1.0,tiingo_historical_seed,
2017-06-26,VLUE,73.92,74.2897,73.83,74.02,58.0089821046,58.2991054905,57.9383542855,58.0874574592,835168,835168,0.0,1.0,tiingo_historical_seed,
2017-06-27,VLUE,73.46,73.8,73.14,73.14,58.0312915885,58.29988183,57.7785007729,57.7785007729,93119,93119,0.486301,1.0,tiingo_historical_seed,
2017-06-28,VLUE,73.43,74.0,73.43,73.9,58.0075924495,58.4578760897,58.0075924495,58.3788789598,70800,70800,0.0,1.0,tiingo_historical_seed,
2017-06-29,VLUE,74.06,74.1345,73.02,73.49,58.5052743676,58.5641272293,57.6837042171,58.0549907274,61055,61055,0.0,1.0,tiingo_historical_seed,
2017-06-30,VLUE,73.8,73.845,73.45,73.57,58.29988183,58.3354305384,58.0233918755,58.1181884313,56163,56163,0.0,1.0,tiingo_historical_seed,
2017-07-03,VLUE,73.87,74.365,73.87,74.13,58.3551798209,58.7462156136,58.3551798209,58.5605723585,64105,64105,0.0,1.0,tiingo_historical_seed,
2017-07-05,VLUE,74.26,74.28,73.7783,74.15,58.6632686273,58.6790680532,58.2827394528,58.5763717844,104089,104089,0.0,1.0,tiingo_historical_seed,
2017-07-06,VLUE,73.88,73.95,73.36,73.4,58.3630795338,58.4183775247,57.9522944586,57.9838933106,37611,37611,0.0,1.0,tiingo_historical_seed,
2017-07-07,VLUE,73.51,73.865,73.47,73.8,58.0707901534,58.3512299644,58.0391913015,58.29988183,25721,25721,0.0,1.0,tiingo_historical_seed,
2017-07-10,VLUE,73.63,73.83,73.59,73.67,58.1655867092,58.3235809689,58.1339878573,58.1971855612,177943,177943,0.0,1.0,tiingo_historical_seed,
2017-07-11,VLUE,73.6,73.69,73.24,73.6,58.1418875703,58.2129849871,57.8574979028,58.1418875703,219147,219147,0.0,1.0,tiingo_historical_seed,
2017-07-12,VLUE,73.9,74.13,73.9,74.03,58.3788789598,58.5605723585,58.3788789598,58.4815752286,34675,34675,0.0,1.0,tiingo_historical_seed,
2017-07-13,VLUE,74.09,74.43,74.06,74.39,58.5289735065,58.797563748,58.5052743676,58.7659648961,213986,213986,0.0,1.0,tiingo_historical_seed,
2017-07-14,VLUE,74.41,74.86,74.4,74.75,58.7817643221,59.1372514064,58.7738646091,59.0503545635,2245844,2245844,0.0,1.0,tiingo_historical_seed,
2017-07-17,VLUE,74.75,75.0,74.68,74.89,59.0503545635,59.2478473882,58.9950565727,59.1609505453,245678,245678,0.0,1.0,tiingo_historical_seed,
2017-07-18,VLUE,74.73,74.73,74.41,74.68,59.0345551376,59.0345551376,58.7817643221,58.9950565727,73678,73678,0.0,1.0,tiingo_historical_seed,
2017-07-19,VLUE,74.76,75.02,74.75,75.02,59.0582542765,59.2636468141,59.0503545635,59.2636468141,75236,75236,0.0,1.0,tiingo_historical_seed,
2017-07-20,VLUE,75.09,75.1299,74.8,74.94,59.318944805,59.3504646599,59.0898531285,59.2004491103,111833,111833,0.0,1.0,tiingo_historical_seed,
2017-07-21,VLUE,74.75,74.85,74.53,74.85,59.0503545635,59.1293516934,58.8765608779,59.1293516934,117316,117316,0.0,1.0,tiingo_historical_seed,
2017-07-24,VLUE,74.84,74.88,74.73,74.85,59.1214519804,59.1530508324,59.0345551376,59.1293516934,152729,152729,0.0,1.0,tiingo_historical_seed,
2017-07-25,VLUE,75.19,75.56,75.19,75.28,59.3979419349,59.6902313153,59.3979419349,59.4690393518,55888,55888,0.0,1.0,tiingo_historical_seed,
2017-07-26,VLUE,75.39,75.41,75.02,75.1,59.5559361946,59.5717356206,59.2636468141,59.326844518,39820,39820,0.0,1.0,tiingo_historical_seed,
2017-07-27,VLUE,75.14,75.28,74.54,75.01,59.35844337,59.4690393518,58.8844605909,59.2557471012,208054,208054,0.0,1.0,tiingo_historical_seed,
2017-07-28,VLUE,74.82,75.05,74.77,75.01,59.1056525544,59.2873459531,59.0661539895,59.2557471012,1268033,1268033,0.0,1.0,tiingo_historical_seed,
2017-07-31,VLUE,75.17,75.26,74.9735,75.03,59.3821425089,59.4532399258,59.2269131488,59.2715465271,81876,81876,0.0,1.0,tiingo_historical_seed,
2017-08-01,VLUE,75.21,75.29,74.85,75.21,59.4137413609,59.4769390647,59.1293516934,59.4137413609,73149,73149,0.0,1.0,tiingo_historical_seed,
2017-08-02,VLUE,75.55,75.63,75.11,75.39,59.6823316024,59.7455293062,59.334744231,59.5559361946,202146,202146,0.0,1.0,tiingo_historical_seed,
2017-08-03,VLUE,75.42,75.43,75.09,75.14,59.5796353335,59.5875350465,59.318944805,59.35844337,147002,147002,0.0,1.0,tiingo_historical_seed,
2017-08-04,VLUE,75.36,75.41,75.19,75.29,59.5322370556,59.5717356206,59.3979419349,59.4769390647,43926,43926,0.0,1.0,tiingo_historical_seed,
2017-08-07,VLUE,75.48,75.61,75.36,75.53,59.6270336115,59.7297298803,59.5322370556,59.6665321764,545456,545456,0.0,1.0,tiingo_historical_seed,
2017-08-08,VLUE,75.51,76.13,75.3706,75.5,59.6507327504,60.1405149555,59.5406107514,59.6428330374,53078,53078,0.0,1.0,tiingo_historical_seed,
2017-08-09,VLUE,75.23,75.41,75.1,75.4,59.4295407868,59.5717356206,59.326844518,59.5638359076,54625,54625,0.0,1.0,tiingo_historical_seed,
2017-08-10,VLUE,75.13,75.13,74.13,74.15,59.350543657,59.350543657,58.5605723585,58.5763717844,670445,670445,0.0,1.0,tiingo_historical_seed,
2017-08-11,VLUE,74.04,74.43,74.04,74.19,58.4894749416,58.797563748,58.4894749416,58.6079706364,126113,126113,0.0,1.0,tiingo_historical_seed,
2017-08-14,VLUE,74.75,75.06,74.75,74.92,59.0503545635,59.2952456661,59.0503545635,59.1846496843,403390,403390,0.0,1.0,tiingo_historical_seed,
2017-08-15,VLUE,75.0,75.07,74.86,74.93,59.2478473882,59.3031453791,59.1372514064,59.1925493973,42739,42739,0.0,1.0,tiingo_historical_seed,
2017-08-16,VLUE,75.04,75.25,74.855,74.97,59.2794462401,59.4453402128,59.1333015499,59.2241482492,215628,215628,0.0,1.0,tiingo_historical_seed,
2017-08-17,VLUE,74.73,74.77,73.63,73.67,59.0345551376,59.0661539895,58.1655867092,58.1971855612,60113,60113,0.0,1.0,tiingo_historical_seed,
2017-08-18,VLUE,73.57,73.89,73.3,73.39,58.1181884313,58.3709792468,57.9048961807,57.9759935976,138286,138286,0.0,1.0,tiingo_historical_seed,
2017-08-21,VLUE,73.45,73.47,73.08,73.37,58.0233918755,58.0391913015,57.731102495,57.9601941716,75709,75709,0.0,1.0,tiingo_historical_seed,
2017-08-22,VLUE,73.67,74.18,73.65,74.18,58.1971855612,58.6000709234,58.1813861352,58.6000709234,53579,53579,0.0,1.0,tiingo_historical_seed,
2017-08-23,VLUE,73.77,74.22,73.77,74.04,58.276182691,58.6316697753,58.276182691,58.4894749416,40287,40287,0.0,1.0,tiingo_historical_seed,
2017-08-24,VLUE,74.16,74.31,73.83,73.87,58.5842714974,58.7027671922,58.3235809689,58.3551798209,73943,73943,0.0,1.0,tiingo_historical_seed,
2017-08-25,VLUE,74.13,74.43,74.12,74.2,58.5605723585,58.797563748,58.5526726455,58.6158703494,60232,60232,0.0,1.0,tiingo_historical_seed,
2017-08-28,VLUE,74.29,74.44,74.13,74.3,58.6869677662,58.805463461,58.5605723585,58.6948674792,106755,106755,0.0,1.0,tiingo_historical_seed,
2017-08-29,VLUE,73.7,74.38,73.7,74.31,58.2208847001,58.7580651831,58.2208847001,58.7027671922,47174,47174,0.0,1.0,tiingo_historical_seed,
2017-08-30,VLUE,74.35,74.79,74.23,74.71,58.7343660441,59.0819534155,58.6395694883,59.0187557116,82059,82059,0.0,1.0,tiingo_historical_seed,
2017-08-31,VLUE,75.01,75.31,75.01,75.19,59.2557471012,59.4927384907,59.2557471012,59.3979419349,61811,61811,0.0,1.0,tiingo_historical_seed,
2017-09-01,VLUE,75.48,75.8,75.47,75.72,59.6270336115,59.879824427,59.6191338985,59.8166267231,188953,188953,0.0,1.0,tiingo_historical_seed,
2017-09-05,VLUE,75.5,75.51,74.62,74.98,59.6428330374,59.6507327504,58.9476582947,59.2320479622,1314220,1314220,0.0,1.0,tiingo_historical_seed,
2017-09-06,VLUE,75.2,75.49,75.14,75.41,59.4058416479,59.6349333244,59.35844337,59.5717356206,235858,235858,0.0,1.0,tiingo_historical_seed,
2017-09-07,VLUE,75.52,75.53,75.11,75.23,59.6586324634,59.6665321764,59.334744231,59.4295407868,82166,82166,0.0,1.0,tiingo_historical_seed,
2017-09-08,VLUE,75.12,75.24,74.98,75.05,59.342643944,59.4374404998,59.2320479622,59.2873459531,295231,295231,0.0,1.0,tiingo_historical_seed,
2017-09-11,VLUE,75.5,75.99,75.5,75.96,59.6428330374,60.0299189737,59.6428330374,60.0062198347,66382,66382,0.0,1.0,tiingo_historical_seed,
2017-09-12,VLUE,76.19,76.68,76.19,76.52,60.1879132334,60.5749991697,60.1879132334,60.4486037619,601019,601019,0.0,1.0,tiingo_historical_seed,
2017-09-13,VLUE,76.44,76.66,76.36,76.66,60.385406058,60.5591997437,60.3222083541,60.5591997437,225152,225152,0.0,1.0,tiingo_historical_seed,
2017-09-14,VLUE,76.46,76.68,76.46,76.55,60.401205484,60.5749991697,60.401205484,60.4723029009,153933,153933,0.0,1.0,tiingo_historical_seed,
2017-09-15,VLUE,76.52,76.83,76.43,76.83,60.4486037619,60.6934948644,60.377506345,60.6934948644,617260,617260,0.0,1.0,tiingo_historical_seed,
2017-09-18,VLUE,76.95,77.16,76.82,76.91,60.7882914203,60.954185393,60.6855951515,60.7566925683,362723,362723,0.0,1.0,tiingo_historical_seed,
2017-09-19,VLUE,77.09,77.09,76.77,76.89,60.8988874021,60.8988874021,60.6460965865,60.7408931424,65277,65277,0.0,1.0,tiingo_historical_seed,
2017-09-20,VLUE,76.96,76.96,76.56,76.86,60.7961911333,60.7961911333,60.4802026138,60.7171940034,66620,66620,0.0,1.0,tiingo_historical_seed,
2017-09-21,VLUE,76.76,76.87,76.59,76.73,60.6381968736,60.7250937164,60.5039017528,60.6144977346,89185,89185,0.0,1.0,tiingo_historical_seed,
2017-09-22,VLUE,76.66,76.92,76.6,76.87,60.5591997437,60.7645922813,60.5118014658,60.7250937164,41254,41254,0.0,1.0,tiingo_historical_seed,
2017-09-25,VLUE,76.8,77.22,76.78,77.02,60.6697957255,61.0015836709,60.6539962995,60.8435894112,54908,54908,0.0,1.0,tiingo_historical_seed,
2017-09-26,VLUE,76.73,76.89,76.64,76.76,60.9929948422,61.120179505,60.9214534694,61.0168419665,352633,352633,0.479315,1.0,tiingo_historical_seed,
2017-09-27,VLUE,77.13,77.32,76.76,77.24,61.3109564992,61.4619882862,61.0168419665,61.3983959548,166118,166118,0.0,1.0,tiingo_historical_seed,
2017-09-28,VLUE,76.96,77.18,76.95,77.16,61.175822795,61.3507017063,61.1678737535,61.3348036234,93291,93291,0.0,1.0,tiingo_historical_seed,
2017-09-29,VLUE,77.12,77.36,77.03,77.32,61.3030074577,61.4937844519,61.2314660849,61.4619882862,164990,164990,0.0,1.0,tiingo_historical_seed,
2017-10-02,VLUE,77.47,78.02,77.4,78.02,61.5812239076,62.0184211859,61.5255806176,62.0184211859,824385,824385,0.0,1.0,tiingo_historical_seed,
2017-10-03,VLUE,78.18,78.44,78.06,78.44,62.1456058486,62.3522809256,62.0502173515,62.3522809256,529128,529128,0.0,1.0,tiingo_historical_seed,
2017-10-04,VLUE,78.45,78.58,78.34,78.39,62.3602299671,62.4635675056,62.2727905114,62.3125357185,200182,200182,0.0,1.0,tiingo_historical_seed,
2017-10-05,VLUE,78.44,78.87,78.44,78.79,62.3522809256,62.6940897068,62.3522809256,62.6304973755,58762,58762,0.0,1.0,tiingo_historical_seed,
2017-10-06,VLUE,78.57,78.78,78.5,78.6,62.4556184641,62.622548334,62.3999751742,62.4794655884,59061,59061,0.0,1.0,tiingo_historical_seed,
2017-10-09,VLUE,78.68,78.78,78.34,78.47,62.5430579198,62.622548334,62.2727905114,62.3761280499,32300,32300,0.0,1.0,tiingo_historical_seed,
2017-10-10,VLUE,78.68,78.95,78.58,78.83,62.5430579198,62.7576820382,62.4635675056,62.6622935412,104437,104437,0.0,1.0,tiingo_historical_seed,
2017-10-11,VLUE,78.71,78.9,78.71,78.88,62.5669050441,62.7179368311,62.5669050441,62.7020387483,248766,248766,0.0,1.0,tiingo_historical_seed,
2017-10-12,VLUE,78.77,78.77,78.44,78.51,62.6145992926,62.6145992926,62.3522809256,62.4079242156,81471,81471,0.0,1.0,tiingo_historical_seed,
2017-10-13,VLUE,78.54,78.91,78.43,78.77,62.4317713399,62.7258858725,62.3443318842,62.6145992926,52918,52918,0.0,1.0,tiingo_historical_seed,
2017-10-16,VLUE,78.9,78.95,78.66,78.82,62.7179368311,62.7576820382,62.527159837,62.6543444997,58656,58656,0.0,1.0,tiingo_historical_seed,
2017-10-17,VLUE,78.88,78.88,78.7,78.82,62.7020387483,62.7020387483,62.5589560026,62.6543444997,243583,243583,0.0,1.0,tiingo_historical_seed,
2017-10-18,VLUE,78.99,79.05,78.83,78.96,62.7894782039,62.8371724525,62.6622935412,62.7656310797,219807,219807,0.0,1.0,tiingo_historical_seed,
2017-10-19,VLUE,78.49,78.88,78.34,78.88,62.3920261328,62.7020387483,62.2727905114,62.7020387483,47814,47814,0.0,1.0,tiingo_historical_seed,
2017-10-20,VLUE,79.31,79.45,79.2,79.41,63.0438475295,63.1551341094,62.9564080738,63.1233379437,32129,32129,0.0,1.0,tiingo_historical_seed,
2017-10-23,VLUE,79.59,79.7,79.32,79.36,63.2664206893,63.353860145,63.0517965709,63.0835927366,144498,144498,0.0,1.0,tiingo_historical_seed,
2017-10-24,VLUE,79.58,79.87,79.53,79.7,63.2584716479,63.4889938492,63.2187264408,63.353860145,150773,150773,0.0,1.0,tiingo_historical_seed,
2017-10-25,VLUE,79.64,79.66,78.65,79.16,63.3061658965,63.3220639793,62.5192107955,62.9246119081,44189,44189,0.0,1.0,tiingo_historical_seed,
2017-10-26,VLUE,79.45,79.6,79.18,79.3,63.1551341094,63.2743697308,62.940509991,63.0358984881,138364,138364,0.0,1.0,tiingo_historical_seed,
2017-10-27,VLUE,79.3,79.49,78.89,79.48,63.0358984881,63.1869302751,62.7099877897,63.1789812337,2610611,2610611,0.0,1.0,tiingo_historical_seed,
2017-10-30,VLUE,79.3,79.47,79.04,79.21,63.0358984881,63.1710321923,62.829223411,62.9643571152,142471,142471,0.0,1.0,tiingo_historical_seed,
2017-10-31,VLUE,79.33,79.44,79.18,79.34,63.0597456123,63.147185068,62.940509991,63.0676946537,65231,65231,0.0,1.0,tiingo_historical_seed,
2017-11-01,VLUE,79.67,79.93,79.45,79.57,63.3300130207,63.5366880977,63.1551341094,63.2505226065,101871,101871,0.0,1.0,tiingo_historical_seed,
2017-11-02,VLUE,79.72,79.74,79.17,79.71,63.3697582278,63.3856563107,62.9325609496,63.3618091864,88253,88253,0.0,1.0,tiingo_historical_seed,
2017-11-03,VLUE,79.83,79.96,79.69,79.89,63.4571976835,63.560535222,63.3459111036,63.504891932,53428,53428,0.0,1.0,tiingo_historical_seed,
2017-11-06,VLUE,79.98,80.09,79.75,80.04,63.5764333049,63.6638727605,63.3936053521,63.6241275534,626243,626243,0.0,1.0,tiingo_historical_seed,
2017-11-07,VLUE,80.19,80.23,79.58,79.79,63.7433631747,63.7751593404,63.2584716479,63.4254015178,513878,513878,0.0,1.0,tiingo_historical_seed,
2017-11-08,VLUE,79.81,79.98,79.58,79.98,63.4412996007,63.5764333049,63.2584716479,63.5764333049,49489,49489,0.0,1.0,tiingo_historical_seed,
2017-11-09,VLUE,79.61,79.79,79.18,79.75,63.2823187722,63.4254015178,62.940509991,63.3936053521,52392,52392,0.0,1.0,tiingo_historical_seed,
2017-11-10,VLUE,79.79,79.88,79.57,79.85,63.4254015178,63.4969428906,63.2505226065,63.4730957663,149812,149812,0.0,1.0,tiingo_historical_seed,
2017-11-13,VLUE,79.46,80.04,79.46,79.91,63.1630831508,63.6241275534,63.1630831508,63.5207900149,164800,164800,0.0,1.0,tiingo_historical_seed,
2017-11-14,VLUE,79.71,79.72,79.38,79.56,63.3618091864,63.3697582278,63.0994908194,63.2425735651,60651,60651,0.0,1.0,tiingo_historical_seed,
2017-11-15,VLUE,79.23,79.46,78.77,79.26,62.9802551981,63.1630831508,62.6145992926,63.0041023224,210377,210377,0.0,1.0,tiingo_historical_seed,
2017-11-16,VLUE,79.84,80.57,79.83,80.41,63.4651467249,64.0454267488,63.4571976835,63.9182420861,298735,298735,0.0,1.0,tiingo_historical_seed,
2017-11-17,VLUE,80.15,80.44,80.15,80.31,63.7115670091,63.9420892103,63.7115670091,63.8387516718,68666,68666,0.0,1.0,tiingo_historical_seed,
2017-11-20,VLUE,80.49,80.64,80.3,80.59,63.9818344174,64.1010700388,63.8308026304,64.0613248317,106052,106052,0.0,1.0,tiingo_historical_seed,
2017-11-21,VLUE,80.98,81.13,80.89,81.04,64.3713374472,64.4905730685,64.2997960744,64.4190316957,172276,172276,0.0,1.0,tiingo_historical_seed,
2017-11-22,VLUE,81.12,81.17,80.97,81.05,64.4826240271,64.5223692342,64.3633884058,64.4269807372,255661,255661,0.0,1.0,tiingo_historical_seed,
2017-11-24,VLUE,81.29,81.3,81.03,81.06,64.6177577313,64.6257067727,64.4110826543,64.4349297786,23107,23107,0.0,1.0,tiingo_historical_seed,
2017-11-27,VLUE,81.1,81.1,80.66,80.75,64.4667259443,64.4667259443,64.1169681216,64.1885094945,82051,82051,0.0,1.0,tiingo_historical_seed,
2017-11-28,VLUE,80.88,81.75,80.82,81.72,64.291847033,64.9834136368,64.2441527844,64.9595665125,53437,53437,0.0,1.0,tiingo_historical_seed,
2017-11-29,VLUE,81.95,82.49,81.95,82.18,65.1423944653,65.5716427021,65.1423944653,65.325222418,639893,639893,0.0,1.0,tiingo_historical_seed,
2017-11-30,VLUE,82.47,83.19,82.42,82.64,65.5557446193,66.1280756018,65.5159994122,65.6908783235,154525,154525,0.0,1.0,tiingo_historical_seed,
2017-12-01,VLUE,82.64,82.69,81.11,82.43,65.6908783235,65.7306235306,64.4746749857,65.5239484536,308471,308471,0.0,1.0,tiingo_historical_seed,
2017-12-04,VLUE,83.28,83.53,82.82,82.82,66.1996169746,66.3983430102,65.8339610691,65.8339610691,113591,113591,0.0,1.0,tiingo_historical_seed,
2017-12-05,VLUE,82.97,82.97,82.29,82.33,65.9531966905,65.9531966905,65.4126618737,65.4444580394,588777,588777,0.0,1.0,tiingo_historical_seed,
2017-12-06,VLUE,82.26,82.35,81.96,82.12,65.3888147494,65.4603561222,65.1503435067,65.2775281695,1371185,1371185,0.0,1.0,tiingo_historical_seed,
2017-12-07,VLUE,82.09,82.52,82.0,82.44,65.2536810452,65.5954898264,65.1821396724,65.531897495,256583,256583,0.0,1.0,tiingo_historical_seed,
2017-12-08,VLUE,82.84,83.06,82.65,83.06,65.849859152,66.0247380633,65.6988273649,66.0247380633,98978,98978,0.0,1.0,tiingo_historical_seed,
2017-12-11,VLUE,83.1,83.47,83.03,83.47,66.056534229,66.3506487616,66.000890939,66.3506487616,64593,64593,0.0,1.0,tiingo_historical_seed,
2017-12-12,VLUE,83.87,83.87,83.34,83.48,66.6686104186,66.6686104186,66.2473112231,66.3585978031,119197,119197,0.0,1.0,tiingo_historical_seed,
2017-12-13,VLUE,83.53,83.75,83.4,83.4,66.3983430102,66.5732219215,66.2950054717,66.2950054717,130871,130871,0.0,1.0,tiingo_historical_seed,
2017-12-14,VLUE,83.45,83.64,82.79,82.83,66.3347506788,66.4857824658,65.8101139448,65.8419101105,214399,214399,0.0,1.0,tiingo_historical_seed,
2017-12-15,VLUE,83.02,83.86,83.02,83.63,65.9929418976,66.6606613772,65.9929418976,66.4778334244,221965,221965,0.0,1.0,tiingo_historical_seed,
2017-12-18,VLUE,84.25,84.7,84.09,84.64,66.9706739927,67.3283808567,66.8434893299,67.2806866082,800656,800656,0.0,1.0,tiingo_historical_seed,
2017-12-19,VLUE,84.68,84.84,84.37,84.39,67.3124827739,67.4396674367,67.0660624898,67.0819605726,362459,362459,0.0,1.0,tiingo_historical_seed,
2017-12-20,VLUE,84.89,84.89,84.43,84.64,67.4794126438,67.4794126438,67.1137567383,67.2806866082,857744,857744,0.0,1.0,tiingo_historical_seed,
2017-12-21,VLUE,84.47,84.57,84.23,84.34,67.4967749387,67.576681148,67.3050000366,67.3928968667,169199,169199,0.441162,1.0,tiingo_historical_seed,
2017-12-22,VLUE,84.44,84.44,84.08,84.27,67.472803076,67.472803076,67.1851407227,67.3369625203,80107,80107,0.0,1.0,tiingo_historical_seed,
2017-12-26,VLUE,84.09,84.2,83.83,84.07,67.1931313436,67.2810281738,66.9853751996,67.1771501018,210497,210497,0.0,1.0,tiingo_historical_seed,
2017-12-27,VLUE,84.18,84.18,83.82,83.95,67.265046932,67.265046932,66.9773845787,67.0812626507,676338,676338,0.0,1.0,tiingo_historical_seed,
2017-12-28,VLUE,84.2,84.2,83.92,84.13,67.2810281738,67.2810281738,67.057290788,67.2250938273,66949,66949,0.0,1.0,tiingo_historical_seed,
2017-12-29,VLUE,84.26,84.47,83.62,83.62,67.3289718993,67.4967749387,66.8175721603,66.8175721603,128724,128724,0.0,1.0,tiingo_historical_seed,
2018-01-02,VLUE,83.87,84.73,83.86,84.73,67.0173376833,67.7045310827,67.0093470624,67.7045310827,198870,198870,0.0,1.0,tiingo_historical_seed,
2018-01-03,VLUE,84.82,84.87,84.63,84.83,67.776446671,67.8163997757,67.6246248735,67.784437292,572708,572708,0.0,1.0,tiingo_historical_seed,
2018-01-04,VLUE,85.03,85.34,84.84,85.3,67.9442497104,68.1919589591,67.7924279129,68.1599964754,434679,434679,0.0,1.0,tiingo_historical_seed,
2018-01-05,VLUE,85.61,85.7,85.36,85.69,68.407705724,68.4796213123,68.2079402009,68.4716306914,180072,180072,0.0,1.0,tiingo_historical_seed,
2018-01-08,VLUE,85.75,85.86,85.4,85.86,68.5195744169,68.6074712471,68.2399026846,68.6074712471,348384,348384,0.0,1.0,tiingo_historical_seed,
2018-01-09,VLUE,85.83,86.12,85.76,85.85,68.5834993843,68.8152273911,68.5275650378,68.5994806261,503462,503462,0.0,1.0,tiingo_historical_seed,
2018-01-10,VLUE,85.67,86.09,85.46,85.86,68.4556494495,68.7912555283,68.2878464101,68.6074712471,339946,339946,0.0,1.0,tiingo_historical_seed,
2018-01-11,VLUE,86.15,86.92,86.12,86.92,68.8391992538,69.4544770649,68.8152273911,69.4544770649,740931,740931,0.0,1.0,tiingo_historical_seed,
2018-01-12,VLUE,87.18,87.63,87.18,87.58,69.6622332089,70.0218111505,69.6622332089,69.9818580459,108332,108332,0.0,1.0,tiingo_historical_seed,
2018-01-16,VLUE,88.13,88.28,86.97,87.25,70.4213421966,70.5412015105,69.4944301695,69.7181675554,439247,439247,0.0,1.0,tiingo_historical_seed,
2018-01-17,VLUE,87.38,88.23,87.19,88.09,69.8220456274,70.5012484059,69.6702238299,70.3893797129,158789,158789,0.0,1.0,tiingo_historical_seed,
2018-01-18,VLUE,88.16,88.2,87.82,87.99,70.4453140594,70.4772765431,70.173632948,70.3094735037,278063,278063,0.0,1.0,tiingo_historical_seed,
2018-01-19,VLUE,88.32,88.32,87.78,88.19,70.5731639942,70.5731639942,70.1416704643,70.4692859222,240227,240227,0.0,1.0,tiingo_historical_seed,
2018-01-22,VLUE,88.23,88.83,88.08,88.83,70.5012484059,70.9806856613,70.381389092,70.9806856613,120190,120190,0.0,1.0,tiingo_historical_seed,
2018-01-23,VLUE,88.81,88.97,88.53,88.85,70.9647044194,71.0925543542,70.7409670336,70.9966669031,176269,176269,0.0,1.0,tiingo_historical_seed,
2018-01-24,VLUE,89.0,89.1,88.09,88.59,71.116526217,71.1964324262,70.3893797129,70.7889107591,282203,282203,0.0,1.0,tiingo_historical_seed,
2018-01-25,VLUE,88.97,88.97,87.88,88.15,71.0925543542,71.0925543542,70.2215766736,70.4373234385,175862,175862,0.0,1.0,tiingo_historical_seed,
2018-01-26,VLUE,88.48,89.39,88.48,89.39,70.701013929,71.428160433,70.701013929,71.428160433,506114,506114,0.0,1.0,tiingo_historical_seed,
2018-01-29,VLUE,89.21,89.4,88.87,88.93,71.2843292564,71.4361510539,71.012648145,71.0605918705,199701,199701,0.0,1.0,tiingo_historical_seed,
2018-01-30,VLUE,87.99,88.21,87.33,87.58,70.3094735037,70.485267164,69.7820925228,69.9818580459,294889,294889,0.0,1.0,tiingo_historical_seed,
2018-01-31,VLUE,87.85,88.1,86.89,87.27,70.1976048108,70.3973703339,69.4305052022,69.7341487972,580691,580691,0.0,1.0,tiingo_historical_seed,
2018-02-01,VLUE,86.83,87.47,86.82,87.1,69.3825614766,69.8939612157,69.3745708557,69.5983082415,289942,289942,0.0,1.0,tiingo_historical_seed,
2018-02-02,VLUE,86.65,86.65,84.79,84.83,69.2387303,69.2387303,67.7524748083,67.784437292,260011,260011,0.0,1.0,tiingo_historical_seed,
2018-02-05,VLUE,84.15,85.19,81.38,81.57,67.2410750692,68.0720996452,65.0276730734,65.179494871,632356,632356,0.0,1.0,tiingo_historical_seed,
2018-02-06,VLUE,80.02,83.68,80.02,83.49,63.9409486279,66.8655158858,63.9409486279,66.7136940883,850855,850855,0.0,1.0,tiingo_historical_seed,
2018-02-07,VLUE,83.17,84.7,83.17,83.36,66.4579942187,67.68055922,66.4579942187,66.6098160162,635832,635832,0.0,1.0,tiingo_historical_seed,
2018-02-08,VLUE,83.39,83.6,80.26,80.26,66.633787879,66.8015909184,64.13272353,64.13272353,754628,754628,0.0,1.0,tiingo_historical_seed,
2018-02-09,VLUE,81.25,81.78,78.5,81.24,64.9237950014,65.3472979104,62.7263742475,64.9158043805,717571,717571,0.0,1.0,tiingo_historical_seed,
2018-02-12,VLUE,81.92,82.98,81.42,82.46,65.4591666033,66.3061724212,65.0596355571,65.8906601332,379264,379264,0.0,1.0,tiingo_historical_seed,
2018-02-13,VLUE,82.13,82.9,81.9,82.78,65.6269696427,66.2422474538,65.4431853615,66.1463600027,371863,371863,0.0,1.0,tiingo_historical_seed,
2018-02-14,VLUE,82.17,84.12,82.17,84.03,65.6589321264,67.2171032064,65.6589321264,67.1451876181,281148,281148,0.0,1.0,tiingo_historical_seed,
2018-02-15,VLUE,84.64,84.86,83.66,84.86,67.6326154944,67.8084091547,66.8495346439,67.8084091547,272394,272394,0.0,1.0,tiingo_historical_seed,
2018-02-16,VLUE,84.69,85.62,84.67,84.84,67.672568599,68.4156963449,67.6565873572,67.7924279129,1266733,1266733,0.0,1.0,tiingo_historical_seed,
2018-02-20,VLUE,84.4,84.85,83.86,84.16,67.4408405923,67.8004185338,67.0093470624,67.2490656901,270163,270163,0.0,1.0,tiingo_historical_seed,
2018-02-21,VLUE,84.21,85.09,83.61,83.65,67.2890187947,67.992193436,66.8095815393,66.841544023,242629,242629,0.0,1.0,tiingo_historical_seed,
2018-02-22,VLUE,84.11,84.61,83.56,83.76,67.2091125855,67.6086436317,66.7696284347,66.9294408532,506099,506099,0.0,1.0,tiingo_historical_seed,
2018-02-23,VLUE,84.35,85.14,84.15,85.14,67.4008874877,68.0321465406,67.2410750692,68.0321465406,132312,132312,0.0,1.0,tiingo_historical_seed,
2018-02-26,VLUE,85.6,86.3,85.31,86.24,68.3997151031,68.9590585677,68.1679870963,68.9111148421,200183,200183,0.0,1.0,tiingo_historical_seed,
2018-02-27,VLUE,86.35,86.75,85.27,85.27,68.9990116723,69.3186365092,68.1360246126,68.1360246126,458273,458273,0.0,1.0,tiingo_historical_seed,
2018-02-28,VLUE,85.77,85.81,84.38,84.39,68.5355556588,68.5675181424,67.4248593504,67.4328499713,191748,191748,0.0,1.0,tiingo_historical_seed,
2018-03-01,VLUE,84.33,84.94,82.56,83.24,67.3849062458,67.8723341221,65.9705663424,66.5139285652,1335020,1335020,0.0,1.0,tiingo_historical_seed,
2018-03-02,VLUE,82.54,83.81,82.2,83.67,65.9545851005,66.9693939578,65.6829039892,66.8575252649,489276,489276,0.0,1.0,tiingo_historical_seed,
2018-03-05,VLUE,83.12,84.76,83.12,84.54,66.4180411141,67.7285029455,66.4180411141,67.5527092852,147871,147871,0.0,1.0,tiingo_historical_seed,
2018-03-06,VLUE,84.94,85.0,84.34,84.85,67.8723341221,67.9202778477,67.3928968667,67.8004185338,131877,131877,0.0,1.0,tiingo_historical_seed,
2018-03-07,VLUE,84.14,84.73,83.83,84.62,67.2330844483,67.7045310827,66.9853751996,67.6166342526,192868,192868,0.0,1.0,tiingo_historical_seed,
2018-03-08,VLUE,85.02,85.02,84.29,84.8,67.9362590895,67.9362590895,67.3529437621,67.7604654292,299810,299810,0.0,1.0,tiingo_historical_seed,
2018-03-09,VLUE,85.22,86.21,85.17,86.21,68.096071508,68.8871429794,68.0561184034,68.8871429794,277565,277565,0.0,1.0,tiingo_historical_seed,
2018-03-12,VLUE,86.41,86.5,86.01,86.22,69.0469553978,69.1188709861,68.7273305609,68.8951336003,820851,820851,0.0,1.0,tiingo_historical_seed,
2018-03-13,VLUE,86.72,87.05,85.75,85.98,69.2946646465,69.5583551369,68.5195744169,68.7033586981,153367,153367,0.0,1.0,tiingo_historical_seed,
2018-03-14,VLUE,86.27,86.49,85.2,85.38,68.9350867049,69.1108803652,68.0800902661,68.2239214427,143225,143225,0.0,1.0,tiingo_historical_seed,
2018-03-15,VLUE,85.49,85.71,84.98,85.16,68.3118182729,68.4876119332,67.9042966058,68.0481277824,80078,80078,0.0,1.0,tiingo_historical_seed,
2018-03-16,VLUE,85.22,85.9,85.22,85.55,68.096071508,68.6394337308,68.096071508,68.3597619984,250124,250124,0.0,1.0,tiingo_historical_seed,
2018-03-19,VLUE,85.28,85.39,83.85,84.46,68.1440152335,68.2319120637,67.0013564415,67.4887843178,147843,147843,0.0,1.0,tiingo_historical_seed,
2018-03-20,VLUE,84.77,84.89,84.43,84.59,67.7364935664,67.8323810175,67.464812455,67.5926623898,106490,106490,0.0,1.0,tiingo_historical_seed,
2018-03-21,VLUE,84.6,85.27,84.44,84.44,67.6006530107,68.1360246126,67.472803076,67.472803076,184148,184148,0.0,1.0,tiingo_historical_seed,
2018-03-22,VLUE,83.32,83.57,81.95,82.0,66.9546094864,67.1555054583,65.8536995609,65.8938787553,306492,306492,0.464028,1.0,tiingo_historical_seed,
2018-03-23,VLUE,82.24,82.24,79.93,79.98,66.0867388882,66.0867388882,64.2304601086,64.270639303,637863,637863,0.0,1.0,tiingo_historical_seed,
2018-03-26,VLUE,81.35,82.4,80.52,82.34,65.3715492285,66.2153123102,64.7045746021,66.1670972769,735145,735145,0.0,1.0,tiingo_historical_seed,
2018-03-27,VLUE,82.73,82.83,80.47,80.99,66.480494993,66.5608533817,64.6643954078,65.0822590291,463250,463250,0.0,1.0,tiingo_historical_seed,
2018-03-28,VLUE,81.09,81.73,80.58,80.87,65.1626174179,65.6769111057,64.7527896354,64.9858289627,613582,613582,0.0,1.0,tiingo_historical_seed,
2018-03-29,VLUE,81.39,82.48,81.21,82.02,65.403692584,66.2795990211,65.2590474843,65.909950433,243663,243663,0.0,1.0,tiingo_historical_seed,
2018-04-02,VLUE,81.65,81.93,79.17,80.17,65.6126243947,65.8376278832,63.6197363543,64.4233202416,696231,696231,0.0,1.0,tiingo_historical_seed,
2018-04-03,VLUE,80.49,81.48,80.12,81.36,64.6804670855,65.4760151339,64.3831410472,65.3795850674,897737,897737,0.0,1.0,tiingo_historical_seed,
2018-04-04,VLUE,80.12,82.5,80.11,82.33,64.3831410472,66.2956706989,64.3751052083,66.1590614381,328673,328673,0.0,1.0,tiingo_historical_seed,
2018-04-05,VLUE,82.86,83.1,82.49,82.81,66.5849608983,66.7778210312,66.28763486,66.5447817039,177377,177377,0.0,1.0,tiingo_historical_seed,
2018-04-06,VLUE,82.15,82.66,80.46,81.07,66.0144163384,66.4242441209,64.6563595689,65.1465457401,1164330,1164330,0.0,1.0,tiingo_historical_seed,
2018-04-09,VLUE,81.67,82.61,81.26,81.33,65.6286960725,66.3840649265,65.2992266787,65.3554775508,350700,350700,0.0,1.0,tiingo_historical_seed,
2018-04-10,VLUE,82.39,83.08,82.09,82.8,66.2072764713,66.7617493535,65.9662013051,66.5367458651,553126,553126,0.0,1.0,tiingo_historical_seed,
2018-04-11,VLUE,82.27,82.93,82.27,82.38,66.1108464048,66.6412117704,66.1108464048,66.1992406324,783348,783348,0.0,1.0,tiingo_historical_seed,
2018-04-12,VLUE,82.77,83.55,82.77,83.26,66.5126383485,67.1394337805,66.5126383485,66.9063944532,524635,524635,0.0,1.0,tiingo_historical_seed,
2018-04-13,VLUE,83.84,83.84,82.6,82.94,67.3724731078,67.3724731078,66.3760290876,66.6492476093,254580,254580,0.0,1.0,tiingo_historical_seed,
2018-04-16,VLUE,83.59,84.07,83.23,83.73,67.171577136,67.5572974019,66.8822869366,67.2840788802,172484,172484,0.0,1.0,tiingo_historical_seed,
2018-04-17,VLUE,84.4,84.52,84.11,84.34,67.8224800847,67.9189101512,67.5894407574,67.7742650514,197669,197669,0.0,1.0,tiingo_historical_seed,
2018-04-18,VLUE,84.6,84.89,84.39,84.52,67.9831968621,68.2162361894,67.8144442458,67.9189101512,639372,639372,0.0,1.0,tiingo_historical_seed,
2018-04-19,VLUE,84.26,84.26,83.37,83.69,67.7099783405,67.7099783405,66.9947886808,67.2519355247,241087,241087,0.0,1.0,tiingo_historical_seed,
2018-04-20,VLUE,83.56,83.57,82.55,82.85,67.1474696194,67.1555054583,66.3358498933,66.5769250594,176886,176886,0.0,1.0,tiingo_historical_seed,
2018-04-23,VLUE,82.96,83.28,82.57,82.94,66.665319287,66.922466131,66.351921571,66.6492476093,212087,212087,0.0,1.0,tiingo_historical_seed,
2018-04-24,VLUE,83.4,83.66,81.78,82.29,67.0188961974,67.2278280081,65.7170903001,66.1269180826,379835,379835,0.0,1.0,tiingo_historical_seed,
2018-04-25,VLUE,82.41,82.9,81.73,82.75,66.223348149,66.6171042538,65.6769111057,66.4965666707,1061584,1061584,0.0,1.0,tiingo_historical_seed,
2018-04-26,VLUE,82.95,83.3,82.58,83.1,66.6572834482,66.9385378087,66.3599574099,66.7778210312,222475,222475,0.0,1.0,tiingo_historical_seed,
2018-04-27,VLUE,83.16,83.34,82.82,83.08,66.8260360645,66.9706811642,66.5528175428,66.7617493535,190716,190716,0.0,1.0,tiingo_historical_seed,
2018-04-30,VLUE,83.23,83.65,82.34,82.34,66.8822869366,67.2197921692,66.1670972769,66.1670972769,137363,137363,0.0,1.0,tiingo_historical_seed,
2018-05-01,VLUE,82.23,82.38,81.52,82.38,66.0787030493,66.1992406324,65.5081584894,66.1992406324,418250,418250,0.0,1.0,tiingo_historical_seed,
2018-05-02,VLUE,82.4,82.65,81.79,81.92,66.2153123102,66.416208282,65.7251261389,65.8295920443,265105,265105,0.0,1.0,tiingo_historical_seed,
2018-05-03,VLUE,81.67,81.67,80.41,81.44,65.6286960725,65.6286960725,64.6161803745,65.4438717784,548288,548288,0.0,1.0,tiingo_historical_seed,
2018-05-04,VLUE,81.23,82.72,80.96,82.49,65.2751191621,66.4724591541,65.0581515125,66.28763486,165532,165532,0.0,1.0,tiingo_historical_seed,
2018-05-07,VLUE,82.77,82.87,82.34,82.52,66.5126383485,66.5929967372,66.1670972769,66.3117423766,279834,279834,0.0,1.0,tiingo_historical_seed,
2018-05-08,VLUE,82.54,82.79,82.09,82.61,66.3278140544,66.5287100262,65.9662013051,66.3840649265,254384,254384,0.0,1.0,tiingo_historical_seed,
2018-05-09,VLUE,82.76,83.37,82.58,83.28,66.5046025096,66.9947886808,66.3599574099,66.922466131,120660,120660,0.0,1.0,tiingo_historical_seed,
2018-05-10,VLUE,83.46,84.26,83.46,84.1,67.0671112307,67.7099783405,67.0671112307,67.5814049185,501567,501567,0.0,1.0,tiingo_historical_seed,
2018-05-11,VLUE,84.15,84.49,83.94,84.35,67.6215841129,67.8948026345,67.4528314965,67.7823008903,116760,116760,0.0,1.0,tiingo_historical_seed,
2018-05-14,VLUE,84.69,84.91,84.47,84.58,68.055519412,68.2323078672,67.8787309568,67.9671251844,163402,163402,0.0,1.0,tiingo_historical_seed,
2018-05-15,VLUE,84.25,84.42,84.02,84.33,67.7019425016,67.8385517624,67.5171182075,67.7662292126,273867,273867,0.0,1.0,tiingo_historical_seed,
2018-05-16,VLUE,84.46,85.2,84.46,85.05,67.8706951179,68.4653471945,67.8706951179,68.3448096114,178992,178992,0.0,1.0,tiingo_historical_seed,
2018-05-17,VLUE,84.85,85.44,84.78,85.05,68.184092834,68.6582073274,68.1278419618,68.3448096114,625638,625638,0.0,1.0,tiingo_historical_seed,
2018-05-18,VLUE,84.96,84.96,84.48,84.49,68.2724870616,68.2724870616,67.8867667957,67.8948026345,127933,127933,0.0,1.0,tiingo_historical_seed,
2018-05-21,VLUE,85.13,85.43,84.93,85.17,68.4090963224,68.6501714886,68.2483795449,68.4412396779,239263,239263,0.0,1.0,tiingo_historical_seed,
2018-05-22,VLUE,85.5,85.62,84.97,85.06,68.7064223607,68.8028524271,68.2805229004,68.3528454503,207005,207005,0.0,1.0,tiingo_historical_seed,
2018-05-23,VLUE,84.69,84.98,84.26,84.98,68.055519412,68.2885587393,67.7099783405,68.2885587393,124490,124490,0.0,1.0,tiingo_historical_seed,
2018-05-24,VLUE,84.87,84.99,84.14,84.9,68.2001645117,68.2965945782,67.613548274,68.2242720283,269904,269904,0.0,1.0,tiingo_historical_seed,
2018-05-25,VLUE,84.61,84.82,84.37,84.59,67.991232701,68.1599853173,67.7983725681,67.9751610233,271646,271646,0.0,1.0,tiingo_historical_seed,
2018-05-29,VLUE,84.07,84.3,83.19,83.58,67.5572974019,67.742121696,66.8501435811,67.1635412971,301732,301732,0.0,1.0,tiingo_historical_seed,
2018-05-30,VLUE,83.98,84.66,83.96,84.5,67.484974852,68.0314118954,67.4689031743,67.9028384734,184085,184085,0.0,1.0,tiingo_historical_seed,
2018-05-31,VLUE,84.56,84.59,83.7,83.97,67.9510535066,67.9751610233,67.2599713636,67.4769390132,296418,296418,0.0,1.0,tiingo_historical_seed,
2018-06-01,VLUE,84.53,85.01,84.5,84.94,67.92694599,68.3126662559,67.9028384734,68.2564153838,442808,442808,0.0,1.0,tiingo_historical_seed,
2018-06-04,VLUE,85.19,85.56,85.19,85.35,68.4573113556,68.7546373939,68.4573113556,68.5858847776,113681,113681,0.0,1.0,tiingo_historical_seed,
2018-06-05,VLUE,85.37,85.59,85.21,85.52,68.6019564553,68.7787449105,68.4733830334,68.7224940384,139716,139716,0.0,1.0,tiingo_historical_seed,
2018-06-06,VLUE,85.69,86.24,85.4,86.24,68.8591032992,69.3010744372,68.6260639719,69.3010744372,535618,535618,0.0,1.0,tiingo_historical_seed,
2018-06-07,VLUE,86.48,86.66,86.06,86.42,69.4939345702,69.6385796699,69.1564293375,69.4457195369,355225,355225,0.0,1.0,tiingo_historical_seed,
2018-06-08,VLUE,86.27,86.57,86.05,86.55,69.3251819539,69.56625712,69.1483934987,69.5501854423,184194,184194,0.0,1.0,tiingo_historical_seed,
2018-06-11,VLUE,86.6,86.98,86.57,86.75,69.5903646367,69.8957265138,69.56625712,69.7109022197,192083,192083,0.0,1.0,tiingo_historical_seed,
2018-06-12,VLUE,86.98,86.98,86.45,86.69,69.8957265138,69.8957265138,69.4698270536,69.6626871865,764851,764851,0.0,1.0,tiingo_historical_seed,
2018-06-13,VLUE,86.86,86.86,86.32,86.35,69.7992964473,69.7992964473,69.3653611482,69.3894686648,210149,210149,0.0,1.0,tiingo_historical_seed,
2018-06-14,VLUE,86.7,86.7,86.21,86.32,69.6707230254,69.6707230254,69.2769669206,69.3653611482,262715,262715,0.0,1.0,tiingo_historical_seed,
2018-06-15,VLUE,85.95,86.28,85.45,86.19,69.0680351099,69.3332177927,68.6662431663,69.2608952429,259636,259636,0.0,1.0,tiingo_historical_seed,
2018-06-18,VLUE,85.72,85.99,85.42,85.92,68.8832108159,69.1001784654,68.6421356497,69.0439275933,149965,149965,0.0,1.0,tiingo_historical_seed,
2018-06-19,VLUE,85.08,85.49,84.68,85.44,68.368917128,68.6983865218,68.0474835731,68.6582073274,655632,655632,0.0,1.0,tiingo_historical_seed,
2018-06-20,VLUE,85.75,85.79,85.32,85.58,68.9073183325,68.939461688,68.561777261,68.7707090717,207020,207020,0.0,1.0,tiingo_historical_seed,
2018-06-21,VLUE,85.59,85.59,84.8,84.97,68.7787449105,68.7787449105,68.1439136396,68.2805229004,148100,148100,0.0,1.0,tiingo_historical_seed,
2018-06-22,VLUE,85.49,85.54,84.93,84.95,68.6983865218,68.7385657162,68.2483795449,68.2644512227,105169,105169,0.0,1.0,tiingo_historical_seed,
2018-06-25,VLUE,84.47,84.53,83.17,83.74,67.8787309568,67.92694599,66.8340719034,67.2921147191,371150,371150,0.0,1.0,tiingo_historical_seed,
2018-06-26,VLUE,83.49,83.65,83.07,83.39,67.4683664942,67.597662681,67.1289640037,67.3875563774,424870,424870,0.46877,1.0,tiingo_historical_seed,
2018-06-27,VLUE,83.58,84.11,82.72,82.74,67.5410955993,67.9693892182,66.846128595,66.8622906184,323332,323332,0.0,1.0,tiingo_historical_seed,
2018-06-28,VLUE,82.47,83.03,82.01,82.82,66.6441033031,67.096639957,66.2723767659,66.9269387118,296339,296339,0.0,1.0,tiingo_historical_seed,
2018-06-29,VLUE,83.18,83.53,82.56,82.61,67.2178551322,67.5006905409,66.7168324082,66.7572374666,188859,188859,0.0,1.0,tiingo_historical_seed,
2018-07-02,VLUE,82.17,82.79,81.97,82.79,66.4016729527,66.9026956767,66.2400527192,66.9026956767,547220,547220,0.0,1.0,tiingo_historical_seed,
2018-07-03,VLUE,83.13,83.13,82.28,82.34,67.1774500738,67.1774500738,66.4905640812,66.5390501513,79515,79515,0.0,1.0,tiingo_historical_seed,
2018-07-05,VLUE,82.96,83.0702,82.43,83.07,67.0400728753,67.1291256239,66.6117792564,67.1289640037,166210,166210,0.0,1.0,tiingo_historical_seed,
2018-07-06,VLUE,83.06,83.79,82.85,83.67,67.120882992,67.7107968445,66.9511817468,67.6138247043,184167,184167,0.0,1.0,tiingo_historical_seed,
2018-07-09,VLUE,83.99,84.79,83.99,84.79,67.872417078,68.5188980122,67.872417078,68.5188980122,175138,175138,0.0,1.0,tiingo_historical_seed,
2018-07-10,VLUE,85.06,85.07,84.73,84.99,68.7370853275,68.7451663392,68.4704119421,68.6805182458,483476,483476,0.0,1.0,tiingo_historical_seed,
2018-07-11,VLUE,84.44,84.44,83.77,83.85,68.2360626035,68.2360626035,67.6946348211,67.7592829145,216555,216555,0.0,1.0,tiingo_historical_seed,
2018-07-12,VLUE,84.31,84.63,84.02,84.51,68.1310094517,68.3896018254,67.8966601131,68.2926296852,520325,520325,0.0,1.0,tiingo_historical_seed,
2018-07-13,VLUE,84.5,84.72,84.35,84.49,68.2845486736,68.4623309305,68.1633334984,68.2764676619,188970,188970,0.0,1.0,tiingo_historical_seed,
2018-07-16,VLUE,84.46,84.57,84.21,84.42,68.2522246269,68.3411157553,68.0501993349,68.2199005802,114264,114264,0.0,1.0,tiingo_historical_seed,
2018-07-17,VLUE,84.27,84.76,84.26,84.64,68.098685405,68.4946549772,68.0906043933,68.3976828371,162266,162266,0.0,1.0,tiingo_historical_seed,
2018-07-18,VLUE,84.7,85.0,84.64,84.9,68.4461689071,68.6885992574,68.3976828371,68.6077891407,95516,95516,0.0,1.0,tiingo_historical_seed,
2018-07-19,VLUE,84.77,84.9,84.39,84.71,68.5027359889,68.6077891407,68.1956575451,68.4542499188,164986,164986,0.0,1.0,tiingo_historical_seed,
2018-07-20,VLUE,84.5,84.69,84.3,84.39,68.2845486736,68.4380878954,68.12292844,68.1956575451,100639,100639,0.0,1.0,tiingo_historical_seed,
2018-07-23,VLUE,84.33,84.69,84.11,84.6,68.1471714751,68.4380878954,67.9693892182,68.3653587903,102274,102274,0.0,1.0,tiingo_historical_seed,
2018-07-24,VLUE,84.92,85.19,84.53,84.7,68.623951164,68.8421384793,68.3087917086,68.4461689071,149900,149900,0.0,1.0,tiingo_historical_seed,
2018-07-25,VLUE,84.45,85.13,84.09,85.08,68.2441436152,68.7936524092,67.9532271948,68.7532473509,244650,244650,0.0,1.0,tiingo_historical_seed,
2018-07-26,VLUE,85.09,85.67,85.07,85.37,68.7613283625,69.2300270398,68.7451663392,68.9875966895,165474,165474,0.0,1.0,tiingo_historical_seed,
2018-07-27,VLUE,85.14,85.46,84.67,84.91,68.8017334209,69.0603257946,68.4219258721,68.6158701523,221202,221202,0.0,1.0,tiingo_historical_seed,
2018-07-30,VLUE,84.95,85.28,84.95,85.09,68.648194199,68.9148675844,68.648194199,68.7613283625,225933,225933,0.0,1.0,tiingo_historical_seed,
2018-07-31,VLUE,85.4,85.72,85.29,85.43,69.0118397245,69.2704320982,68.9229485961,69.0360827596,550103,550103,0.0,1.0,tiingo_historical_seed,
2018-08-01,VLUE,85.62,85.88,85.17,85.34,69.1896219814,69.399728285,68.825976456,68.9633536545,343759,343759,0.0,1.0,tiingo_historical_seed,
2018-08-02,VLUE,85.03,85.94,84.88,85.88,68.7128422925,69.4482143551,68.5916271173,69.399728285,152813,152813,0.0,1.0,tiingo_historical_seed,
2018-08-03,VLUE,85.99,86.55,85.97,86.53,69.4886194135,69.9411560674,69.4724573901,69.9249940441,121333,121333,0.0,1.0,tiingo_historical_seed,
2018-08-06,VLUE,86.4,86.83,86.34,86.74,69.8199408923,70.1674243944,69.7714548222,70.0946952893,136903,136903,0.0,1.0,tiingo_historical_seed,
2018-08-07,VLUE,86.8,87.16,86.8,86.97,70.1431813594,70.4340977797,70.1431813594,70.2805585579,558900,558900,0.0,1.0,tiingo_historical_seed,
2018-08-08,VLUE,86.97,87.13,86.76,87.0,70.2805585579,70.4098547447,70.1108573126,70.3048015929,152034,152034,0.0,1.0,tiingo_historical_seed,
2018-08-09,VLUE,87.06,87.18,86.77,86.83,70.353287663,70.4502598031,70.1189383243,70.1674243944,281865,281865,0.0,1.0,tiingo_historical_seed,
2018-08-10,VLUE,86.33,86.4,85.86,86.12,69.7633738105,69.8199408923,69.3835662617,69.5936725653,422517,422517,0.0,1.0,tiingo_historical_seed,
2018-08-13,VLUE,86.11,86.31,85.62,85.69,69.5855915536,69.7472117872,69.1896219814,69.2461890632,454929,454929,0.0,1.0,tiingo_historical_seed,
2018-08-14,VLUE,86.03,86.43,85.9911,86.31,69.5209434602,69.8441839273,69.4895083248,69.7472117872,254978,254978,0.0,1.0,tiingo_historical_seed,
2018-08-15,VLUE,85.9,85.9,85.02,85.59,69.4158903084,69.4158903084,68.7047612808,69.1653789464,216142,216142,0.0,1.0,tiingo_historical_seed,
2018-08-16,VLUE,86.28,86.9,86.28,86.65,69.7229687521,70.2239914761,69.7229687521,70.0219661842,112854,112854,0.0,1.0,tiingo_historical_seed,
2018-08-17,VLUE,86.57,87.42,86.56,87.23,69.9573180908,70.6442040834,69.9492370791,70.4906648615,172333,172333,0.0,1.0,tiingo_historical_seed,
2018-08-20,VLUE,87.43,87.71,87.43,87.63,70.652285095,70.878553422,70.652285095,70.8139053286,129447,129447,0.0,1.0,tiingo_historical_seed,
2018-08-21,VLUE,87.86,88.28,87.78,88.0,70.9997685972,71.3391710876,70.9351205037,71.1129027606,180628,180628,0.0,1.0,tiingo_historical_seed,
2018-08-22,VLUE,87.9,88.03,87.67,87.71,71.0320926439,71.1371457957,70.8462293753,70.878553422,191041,191041,0.0,1.0,tiingo_historical_seed,
2018-08-23,VLUE,87.67,87.73,87.29,87.41,70.8462293753,70.8947154454,70.5391509315,70.6361230717,145073,145073,0.0,1.0,tiingo_historical_seed,
2018-08-24,VLUE,87.65,87.83,87.52,87.75,70.8300673519,70.9755255621,70.7250142001,70.9108774687,226200,226200,0.0,1.0,tiingo_historical_seed,
2018-08-27,VLUE,88.04,88.67,88.04,88.55,71.1452268073,71.654330543,71.1452268073,71.5573584029,191676,191676,0.0,1.0,tiingo_historical_seed,
2018-08-28,VLUE,88.86,88.86,88.56,88.72,71.8078697649,71.8078697649,71.5654394146,71.6947356014,407889,407889,0.0,1.0,tiingo_historical_seed,
2018-08-29,VLUE,88.91,89.1,88.49,88.94,71.8482748233,72.0018140451,71.5088723328,71.8725178583,134961,134961,0.0,1.0,tiingo_historical_seed,
2018-08-30,VLUE,88.75,88.97,88.38,88.58,71.7189786364,71.8967608933,71.4199812044,71.5816014379,351517,351517,0.0,1.0,tiingo_historical_seed,
2018-08-31,VLUE,88.55,88.65,88.22,88.51,71.5573584029,71.6381685197,71.2906850175,71.5250343562,148462,148462,0.0,1.0,tiingo_historical_seed,
2018-09-04,VLUE,88.38,88.47,88.0,88.34,71.4199812044,71.4927103095,71.1129027606,71.3876571577,335144,335144,0.0,1.0,tiingo_historical_seed,
2018-09-05,VLUE,88.31,88.47,87.82,88.34,71.3634141226,71.4927103095,70.9674445504,71.3876571577,165886,165886,0.0,1.0,tiingo_historical_seed,
2018-09-06,VLUE,88.45,88.45,87.43,87.64,71.4765482861,71.4765482861,70.652285095,70.8219863403,1747587,1747587,0.0,1.0,tiingo_historical_seed,
2018-09-07,VLUE,87.41,87.74,87.14,87.31,70.6361230717,70.902796457,70.4179357564,70.5553129549,241594,241594,0.0,1.0,tiingo_historical_seed,
2018-09-10,VLUE,87.54,87.68,87.25,87.29,70.7411762235,70.854310387,70.5068268848,70.5391509315,141241,141241,0.0,1.0,tiingo_historical_seed,
2018-09-11,VLUE,87.18,87.57,86.77,87.43,70.4502598031,70.7654192585,70.1189383243,70.652285095,171757,171757,0.0,1.0,tiingo_historical_seed,
2018-09-12,VLUE,87.42,87.7,87.28,87.47,70.6442040834,70.8704724103,70.5310699199,70.6846091417,212531,212531,0.0,1.0,tiingo_historical_seed,
2018-09-13,VLUE,87.88,88.15,87.88,88.04,71.0159306205,71.2341179358,71.0159306205,71.1452268073,250909,250909,0.0,1.0,tiingo_historical_seed,
2018-09-14,VLUE,88.01,88.32,87.91,88.2,71.1209837723,71.3714951343,71.0401736555,71.2745229942,333865,333865,0.0,1.0,tiingo_historical_seed,
2018-09-17,VLUE,88.22,88.26,87.75,87.83,71.2906850175,71.3230090643,70.9108774687,70.9755255621,96959,96959,0.0,1.0,tiingo_historical_seed,
2018-09-18,VLUE,88.02,88.54,87.87,88.3,71.129064784,71.5492773912,71.0078496088,71.355333111,872839,872839,0.0,1.0,tiingo_historical_seed,
2018-09-19,VLUE,88.37,88.82,88.32,88.55,71.4119001927,71.7755457182,71.3714951343,71.5573584029,356772,356772,0.0,1.0,tiingo_historical_seed,
2018-09-20,VLUE,88.98,89.5,88.98,89.31,71.904841905,72.3250545122,71.904841905,72.1715152904,608425,608425,0.0,1.0,tiingo_historical_seed,
2018-09-21,VLUE,89.52,89.71,89.2,89.23,72.3412165356,72.4947557575,72.0826241619,72.106867197,1322292,1322292,0.0,1.0,tiingo_historical_seed,
2018-09-24,VLUE,89.04,89.21,88.66,88.79,71.9533279751,72.0907051736,71.6462495313,71.7513026832,409289,409289,0.0,1.0,tiingo_historical_seed,
2018-09-25,VLUE,89.03,89.03,88.35,88.38,71.9452469634,71.9452469634,71.3957381693,71.4199812044,189471,189471,0.0,1.0,tiingo_historical_seed,
2018-09-26,VLUE,88.13,88.34,87.47,87.57,71.6136152894,71.784259329,71.0773054506,71.1585645171,200209,200209,0.486505,1.0,tiingo_historical_seed,
2018-09-27,VLUE,87.75,88.23,87.65,87.77,71.3048308368,71.6948743559,71.2235717703,71.3210826501,155096,155096,0.0,1.0,tiingo_historical_seed,
2018-09-28,VLUE,87.68,87.99,87.51,87.85,71.2479494903,71.4998525963,71.1098090772,71.3860899033,195395,195395,0.0,1.0,tiingo_historical_seed,
2018-10-01,VLUE,88.4,88.66,87.94,88.14,71.8330147689,72.0442883418,71.4592230631,71.6217411961,509284,509284,0.0,1.0,tiingo_historical_seed,
2018-10-02,VLUE,88.02,88.56,88.02,88.24,71.5242303163,71.9630292753,71.5242303163,71.7030002625,190640,190640,0.0,1.0,tiingo_historical_seed,
2018-10-03,VLUE,88.67,89.18,88.64,88.78,72.0524142484,72.4668354875,72.0280365285,72.1417992215,190213,190213,0.0,1.0,tiingo_historical_seed,
2018-10-04,VLUE,88.71,88.73,87.72,88.21,72.084917875,72.1011696883,71.2804531168,71.6786225426,267915,267915,0.0,1.0,tiingo_historical_seed,
2018-10-05,VLUE,88.31,88.39,87.05,87.55,71.7598816091,71.8248888623,70.7360173714,71.1423127038,205508,205508,0.0,1.0,tiingo_historical_seed,
2018-10-08,VLUE,87.35,87.86,87.0,87.71,70.9797945709,71.3942158099,70.6953878382,71.2723272102,196572,196572,0.0,1.0,tiingo_historical_seed,
2018-10-09,VLUE,87.61,87.68,87.01,87.25,71.1910681437,71.2479494903,70.7035137448,70.8985355044,231480,231480,0.0,1.0,tiingo_historical_seed,
2018-10-10,VLUE,87.17,87.17,84.81,84.95,70.8335282512,70.8335282512,68.9158142823,69.0295769753,1628328,1628328,0.0,1.0,tiingo_historical_seed,
2018-10-11,VLUE,84.49,85.15,82.55,82.98,68.6557852695,69.1920951083,67.0793593798,67.4287733657,1721621,1721621,0.0,1.0,tiingo_historical_seed,
2018-10-12,VLUE,84.37,84.37,82.86,83.89,68.5582743897,68.5582743897,67.3312624859,68.1682308706,562973,562973,0.0,1.0,tiingo_historical_seed,
2018-10-15,VLUE,83.84,84.16,83.44,83.44,68.1276013374,68.3876303501,67.8025650715,67.8025650715,336409,336409,0.0,1.0,tiingo_historical_seed,
2018-10-16,VLUE,84.03,85.15,83.74,85.03,68.2819935637,69.1920951083,68.0463422709,69.0945842285,722055,722055,0.0,1.0,tiingo_historical_seed,
2018-10-17,VLUE,84.91,85.35,84.14,84.9,68.9970733487,69.3546132413,68.3713785368,68.9889474421,362925,362925,0.0,1.0,tiingo_historical_seed,
2018-10-18,VLUE,84.57,84.83,83.3,83.64,68.7207925227,68.9320660956,67.6888023784,67.9650832044,296282,296282,0.0,1.0,tiingo_historical_seed,
2018-10-19,VLUE,83.82,84.35,83.36,83.57,68.1113495241,68.5420225764,67.7375578183,67.9082018579,286577,286577,0.0,1.0,tiingo_historical_seed,
2018-10-22,VLUE,83.8,83.98,83.11,83.24,68.0950977108,68.2413640305,67.5344101521,67.6400469385,315611,315611,0.0,1.0,tiingo_historical_seed,
2018-10-23,VLUE,81.95,83.25,81.14,82.88,66.5918049809,67.6481728452,65.9336065424,67.3475142992,614514,614514,0.0,1.0,tiingo_historical_seed,
2018-10-24,VLUE,82.82,82.85,79.89,79.96,67.2987588593,67.3231365792,64.9178682114,64.9747495579,557140,557140,0.0,1.0,tiingo_historical_seed,
2018-10-25,VLUE,80.6,82.16,80.42,81.62,65.4948075834,66.7624490205,65.3485412638,66.3236500615,717954,717954,0.0,1.0,tiingo_historical_seed,
2018-10-26,VLUE,80.53,81.51,79.57,80.56,65.4379262369,66.2342650884,64.6578391987,65.4623039568,701253,701253,0.0,1.0,tiingo_historical_seed,
2018-10-29,VLUE,81.55,82.26,79.43,80.61,66.266768715,66.843708087,64.5440765056,65.5029334901,721953,721953,0.0,1.0,tiingo_historical_seed,
2018-10-30,VLUE,80.45,81.97,80.45,81.89,65.3729189837,66.6080567942,65.3729189837,66.543049541,626679,626679,0.0,1.0,tiingo_historical_seed,
2018-10-31,VLUE,82.85,83.44,82.55,82.66,67.3231365792,67.8025650715,67.0793593798,67.1687443529,410104,410104,0.0,1.0,tiingo_historical_seed,
2018-11-01,VLUE,82.95,83.92,82.72,83.86,67.4043956457,68.1926085906,67.2174997928,68.1438531507,809056,809056,0.0,1.0,tiingo_historical_seed,
2018-11-02,VLUE,83.92,84.1,82.3,82.9,68.1926085906,68.3388749102,66.8762117136,67.3637661125,580538,580538,0.0,1.0,tiingo_historical_seed,
2018-11-05,VLUE,82.97,83.69,82.73,83.5,67.420647459,68.0057127377,67.2256256995,67.8513205114,513050,513050,0.0,1.0,tiingo_historical_seed,
2018-11-06,VLUE,83.55,84.0,83.47,83.97,67.8919500446,68.2576158438,67.8269427914,68.2332381238,288224,288224,0.0,1.0,tiingo_historical_seed,
2018-11-07,VLUE,84.69,85.5,84.27,85.45,68.8183034025,69.476501841,68.4770153233,69.4358723077,465759,465759,0.0,1.0,tiingo_historical_seed,
2018-11-08,VLUE,85.09,85.51,84.87,85.2,69.1433396684,69.4846277476,68.9645697221,69.2327246415,470901,470901,0.0,1.0,tiingo_historical_seed,
2018-11-09,VLUE,84.6,84.7,83.68,84.11,68.7451702426,68.8264293091,67.997586831,68.3470008169,299539,299539,0.0,1.0,tiingo_historical_seed,
2018-11-12,VLUE,83.77,83.77,82.32,82.47,68.0707199909,68.0707199909,66.8924635269,67.0143521266,1375369,1375369,0.0,1.0,tiingo_historical_seed,
2018-11-13,VLUE,82.6,83.32,82.05,82.25,67.119988913,67.7050541917,66.6730640474,66.8355821804,421604,421604,0.0,1.0,tiingo_historical_seed,
2018-11-14,VLUE,82.94,83.04,80.77,81.28,67.3962697391,67.4775288055,65.6329479964,66.0473692355,842083,842083,0.0,1.0,tiingo_historical_seed,
2018-11-15,VLUE,80.93,82.13,80.24,81.93,65.7629625028,66.7380713006,65.2022749441,66.5755531676,585468,585468,0.0,1.0,tiingo_historical_seed,
2018-11-16,VLUE,81.61,82.43,81.54,82.09,66.3155241549,66.9818485,66.2586428083,66.705567674,291926,291926,0.0,1.0,tiingo_historical_seed,
2018-11-19,VLUE,81.83,81.95,80.8,81.1,66.4942941011,66.5918049809,65.6573257164,65.9011029158,547363,547363,0.0,1.0,tiingo_historical_seed,
2018-11-20,VLUE,79.82,80.1,78.81,79.14,64.8609868649,65.088512251,64.0402702934,64.3084252128,518126,518126,0.0,1.0,tiingo_historical_seed,
2018-11-21,VLUE,79.61,80.16,79.5,79.55,64.6903428253,65.1372676909,64.6009578521,64.6415873854,345558,345558,0.0,1.0,tiingo_historical_seed,
2018-11-23,VLUE,79.0,79.455,78.89,79.0,64.1946625197,64.5643912722,64.1052775466,64.1946625197,172351,172351,0.0,1.0,tiingo_historical_seed,
2018-11-26,VLUE,79.63,80.31,79.62,80.26,64.7065946386,65.2591562906,64.6984687319,65.2185267574,421076,421076,0.0,1.0,tiingo_historical_seed,
2018-11-27,VLUE,79.91,80.42,79.75,80.42,64.9341200247,65.3485412638,64.8041055183,65.3485412638,451813,451813,0.0,1.0,tiingo_historical_seed,
2018-11-28,VLUE,80.7,82.11,80.16,82.11,65.5760666499,66.7218194873,65.1372676909,66.7218194873,474812,474812,0.0,1.0,tiingo_historical_seed,
2018-11-29,VLUE,81.93,82.17,81.36,81.68,66.5755531676,66.7705749272,66.1123764887,66.3724055014,351186,351186,0.0,1.0,tiingo_historical_seed,
2018-11-30,VLUE,81.65,82.32,81.53,82.17,66.3480277815,66.8924635269,66.2505169017,66.7705749272,511315,511315,0.0,1.0,tiingo_historical_seed,
2018-12-03,VLUE,83.58,83.6,82.6,83.17,67.9163277645,67.9325795778,67.119988913,67.583165592,354527,354527,0.0,1.0,tiingo_historical_seed,
2018-12-04,VLUE,82.83,83.01,80.04,80.15,67.3068847659,67.4531510856,65.0397568111,65.1291417843,424973,424973,0.0,1.0,tiingo_historical_seed,
2018-12-06,VLUE,78.75,79.795,77.73,79.78,63.9915148535,64.8406720983,63.1626723754,64.8284832383,2001924,2001924,0.0,1.0,tiingo_historical_seed,
2018-12-07,VLUE,79.74,79.89,77.41,77.7,64.7959796117,64.9178682114,62.9026433627,63.1382946555,650239,650239,0.0,1.0,tiingo_historical_seed,
2018-12-10,VLUE,77.56,77.78,75.71,77.24,63.0245319624,63.2033019087,61.5212392325,62.7645029497,1278927,1278927,0.0,1.0,tiingo_historical_seed,
2018-12-11,VLUE,78.24,78.58,76.62,77.06,63.5770936145,63.8533744405,62.2606967375,62.61823663,865344,865344,0.0,1.0,tiingo_historical_seed,
2018-12-12,VLUE,77.97,78.68,77.57,77.65,63.357694135,63.934633507,63.0326578691,63.0976651222,1509320,1509320,0.0,1.0,tiingo_historical_seed,
2018-12-13,VLUE,77.96,78.09,76.89,77.29,63.3495682283,63.4552050148,62.480096217,62.8051324829,1613108,1613108,0.0,1.0,tiingo_historical_seed,
2018-12-14,VLUE,76.55,77.44,76.2,76.43,62.203815391,62.9270210826,61.9194086583,62.1063045112,507654,507654,0.0,1.0,tiingo_historical_seed,
2018-12-17,VLUE,75.53,76.19,74.05,74.49,61.8217438259,62.3619576605,60.6103552272,60.9704977835,2097004,2097004,0.54224,1.0,tiingo_historical_seed,
2018-12-18,VLUE,75.08,75.67,74.04,74.42,61.4534162114,61.9363346393,60.6021701691,60.9132023768,1090215,1090215,0.0,1.0,tiingo_historical_seed,
2018-12-19,VLUE,74.37,75.6,72.7,73.09,60.8722770863,61.8790392326,59.5053723837,59.8245896496,1995267,1995267,0.0,1.0,tiingo_historical_seed,
2018-12-20,VLUE,72.77,73.33,71.06,71.54,59.5626677904,60.021031044,58.1630228554,58.5559056442,2946799,2946799,0.0,1.0,tiingo_historical_seed,
2018-12-21,VLUE,71.94,72.97,70.19,70.42,58.8833079682,59.7263689524,57.4509228007,57.639179137,1391632,1391632,0.0,1.0,tiingo_historical_seed,
2018-12-24,VLUE,69.9,70.1,68.6,68.64,57.2135561158,57.3772572778,56.1494985629,56.1822387953,1500395,1500395,0.0,1.0,tiingo_historical_seed,
2018-12-26,VLUE,69.04,71.65,67.97,71.63,56.5096411193,58.6459412833,55.6338399026,58.6295711671,1700180,1700180,0.0,1.0,tiingo_historical_seed,
2018-12-27,VLUE,70.63,72.2,69.59,72.2,57.8110653571,59.0961194787,56.9598193148,59.0961194787,1028325,1028325,0.0,1.0,tiingo_historical_seed,
2018-12-28,VLUE,72.49,73.04,71.79,72.08,59.3334861636,59.7836643591,58.7605320967,58.9978987815,1329520,1329520,0.0,1.0,tiingo_historical_seed,
2018-12-31,VLUE,72.49,72.61,71.64,72.57,59.3334861636,59.4317068608,58.6377562252,59.3989666284,1217375,1217375,0.0,1.0,tiingo_historical_seed,
2019-01-02,VLUE,71.34,73.58,71.34,73.32,58.3922044822,60.2256574965,58.3922044822,60.0128459859,558290,558290,0.0,1.0,tiingo_historical_seed,
2019-01-03,VLUE,72.87,73.03,71.71,71.93,59.6445183714,59.775479301,58.6950516319,58.8751229101,451742,451742,0.0,1.0,tiingo_historical_seed,
2019-01-04,VLUE,73.0,74.64,73.0,74.45,59.7509241267,61.093273655,59.7509241267,60.9377575511,484963,484963,0.0,1.0,tiingo_historical_seed,
2019-01-07,VLUE,74.5,75.92,74.28,75.31,60.9786828416,62.1409610918,60.7986115634,61.6416725477,445596,445596,0.0,1.0,tiingo_historical_seed,
2019-01-08,VLUE,76.0,76.17,75.14,75.82,62.2064415566,62.3455875443,61.50252656,62.0591105108,1685996,1685996,0.0,1.0,tiingo_historical_seed,
2019-01-09,VLUE,76.22,76.66,75.77,76.32,62.3865128348,62.7466553911,62.0181852203,62.4683634158,448369,448369,0.0,1.0,tiingo_historical_seed,
2019-01-10,VLUE,75.7,76.58,75.56,76.56,61.9608898136,62.6811749263,61.8462990002,62.6648048101,489209,489209,0.0,1.0,tiingo_historical_seed,
2019-01-11,VLUE,76.3,77.32,76.28,77.06,62.4519932996,63.2868692257,62.4356231834,63.0740577151,425963,425963,0.0,1.0,tiingo_historical_seed,
2019-01-14,VLUE,76.29,76.87,76.21,76.6,62.4438082415,62.9185416112,62.3783277767,62.6975450425,853812,853812,0.0,1.0,tiingo_historical_seed,
2019-01-15,VLUE,76.71,77.07,76.35,76.86,62.7875806816,63.0822427732,62.4929185901,62.9103565531,2339303,2339303,0.0,1.0,tiingo_historical_seed,
2019-01-16,VLUE,77.06,77.44,76.92,77.06,63.0740577151,63.3850899229,62.9594669017,63.0740577151,278407,278407,0.0,1.0,tiingo_historical_seed,
2019-01-17,VLUE,76.68,77.92,76.68,77.66,62.7630255073,63.7779727117,62.7630255073,63.5651612011,476479,476479,0.0,1.0,tiingo_historical_seed,
2019-01-18,VLUE,78.17,79.0,77.97,78.85,63.9825991642,64.6619589864,63.8188980022,64.5391831149,571435,571435,0.0,1.0,tiingo_historical_seed,
2019-01-22,VLUE,78.25,78.27,77.19,77.61,64.048079629,64.0644497452,63.1804634704,63.5242359106,1331503,1331503,0.0,1.0,tiingo_historical_seed,
2019-01-23,VLUE,77.88,78.18,76.83,77.54,63.7452324793,63.9907842223,62.8858013788,63.4669405039,346273,346273,0.0,1.0,tiingo_historical_seed,
2019-01-24,VLUE,77.6,78.35,77.6,78.11,63.5160508525,64.12993021,63.5160508525,63.9334888156,304691,304691,0.0,1.0,tiingo_historical_seed,
2019-01-25,VLUE,78.55,79.07,78.46,78.89,64.293631372,64.7192543931,64.2199658491,64.5719233473,288248,288248,0.0,1.0,tiingo_historical_seed,
2019-01-28,VLUE,78.08,78.53,77.86,78.51,63.9089336413,64.2772612558,63.7288623631,64.2608911396,603693,603693,0.0,1.0,tiingo_historical_seed,
2019-01-29,VLUE,78.59,78.72,78.27,78.52,64.3263716044,64.4327773596,64.0644497452,64.2690761977,182056,182056,0.0,1.0,tiingo_historical_seed,
2019-01-30,VLUE,78.8,79.44,78.12,79.16,64.4982578244,65.0221015428,63.9416738737,64.792919916,760324,760324,0.0,1.0,tiingo_historical_seed,
2019-01-31,VLUE,79.0,79.77,78.84,79.71,64.6619589864,65.2922084601,64.5309980568,65.2430981115,4174050,4174050,0.0,1.0,tiingo_historical_seed,
2019-02-01,VLUE,79.78,80.18,79.55,79.98,65.3003935182,65.6277958422,65.1121371819,65.4640946802,416375,416375,0.0,1.0,tiingo_historical_seed,
2019-02-04,VLUE,79.92,80.2,79.46,80.2,65.4149843316,65.6441659584,65.038471659,65.6441659584,297731,297731,0.0,1.0,tiingo_historical_seed,
2019-02-05,VLUE,80.2,80.49,79.92,80.28,65.6441659584,65.8815326433,65.4149843316,65.7096464232,246295,246295,0.0,1.0,tiingo_historical_seed,
2019-02-06,VLUE,80.26,80.72,80.26,80.53,65.693276307,66.0697889796,65.693276307,65.9142728757,338383,338383,0.0,1.0,tiingo_historical_seed,
2019-02-07,VLUE,80.01,80.01,78.73,79.4,65.4886498545,65.4886498545,64.4409624177,64.9893613104,887491,887491,0.0,1.0,tiingo_historical_seed,
2019-02-08,VLUE,78.94,79.11,78.13,79.1,64.6128486378,64.7519946255,63.9498589318,64.7438095674,517218,517218,0.0,1.0,tiingo_historical_seed,
2019-02-11,VLUE,79.3,79.32,78.98,79.22,64.9075107294,64.9238808456,64.6455888702,64.8420302646,326783,326783,0.0,1.0,tiingo_historical_seed,
2019-02-12,VLUE,79.69,80.49,79.64,80.28,65.2267279953,65.8815326433,65.1858027048,65.7096464232,922898,922898,0.0,1.0,tiingo_historical_seed,
2019-02-13,VLUE,80.52,81.0,80.48,80.77,65.9060878176,66.2989706063,65.8733475852,66.1107142701,460047,460047,0.0,1.0,tiingo_historical_seed,
2019-02-14,VLUE,80.38,80.96,80.16,80.58,65.7914970042,66.2662303739,65.611425726,65.9551981662,407018,407018,0.0,1.0,tiingo_historical_seed,
2019-02-15,VLUE,81.0,81.63,81.0,81.58,66.2989706063,66.8146292666,66.2989706063,66.7737039761,230066,230066,0.0,1.0,tiingo_historical_seed,
2019-02-19,VLUE,81.35,82.1,81.35,81.9,66.5854476398,67.1993269973,66.5854476398,67.0356258353,195003,195003,0.0,1.0,tiingo_historical_seed,
2019-02-20,VLUE,81.79,82.34,81.76,82.08,66.9455901962,67.3957683917,66.9210350219,67.1829568811,176927,176927,0.0,1.0,tiingo_historical_seed,
2019-02-21,VLUE,81.92,82.01,81.33,81.59,67.0519959515,67.1256614744,66.5690775236,66.7818890342,363011,363011,0.0,1.0,tiingo_historical_seed,
2019-02-22,VLUE,81.84,82.105,81.68,82.01,66.9865154867,67.2034195263,66.8555545571,67.1256614744,210187,210187,0.0,1.0,tiingo_historical_seed,
2019-02-25,VLUE,82.605,82.81,82.2,82.24,67.6126724313,67.7804661224,67.2811775783,67.3139178107,454672,454672,0.0,1.0,tiingo_historical_seed,
2019-02-26,VLUE,82.05,82.48,82.05,82.1,67.1584017068,67.5103592051,67.1584017068,67.1993269973,250986,250986,0.0,1.0,tiingo_historical_seed,
2019-02-27,VLUE,81.94,82.05,81.47,81.72,67.0683660677,67.1584017068,66.683668337,66.8882947895,577438,577438,0.0,1.0,tiingo_historical_seed,
2019-02-28,VLUE,81.47,81.47,81.13,81.22,66.683668337,66.683668337,66.4053763616,66.4790418845,399933,399933,0.0,1.0,tiingo_historical_seed,
2019-03-01,VLUE,81.74,82.09,81.17,81.5,66.9046649057,67.1911419392,66.438116594,66.7082235113,361161,361161,0.0,1.0,tiingo_historical_seed,
2019-03-04,VLUE,81.75,81.78,80.23,80.93,66.9128499638,66.9374051381,65.6687211327,66.2416751996,398545,398545,0.0,1.0,tiingo_historical_seed,
2019-03-05,VLUE,80.9,80.9,80.3,80.57,66.2171200253,66.2171200253,65.7260165394,65.9470131081,253005,253005,0.0,1.0,tiingo_historical_seed,
2019-03-06,VLUE,80.44,80.44,79.49,79.59,65.8406073528,65.8406073528,65.0630268333,65.1448774143,382444,382444,0.0,1.0,tiingo_historical_seed,
2019-03-07,VLUE,79.35,79.35,78.58,78.9,64.9484360199,64.9484360199,64.3181865463,64.5801084054,850741,850741,0.0,1.0,tiingo_historical_seed,
2019-03-08,VLUE,78.17,78.85,78.07,78.82,63.9825991642,64.5391831149,63.9007485832,64.5146279406,309429,309429,0.0,1.0,tiingo_historical_seed,
2019-03-11,VLUE,79.01,80.02,79.01,79.95,64.6701440445,65.4968349126,64.6701440445,65.4395395059,455737,455737,0.0,1.0,tiingo_historical_seed,
2019-03-12,VLUE,80.02,80.45,80.01,80.15,65.4968349126,65.8487924109,65.4886498545,65.6032406679,1211453,1211453,0.0,1.0,tiingo_historical_seed,
2019-03-13,VLUE,80.4,80.88,80.39,80.61,65.8078671204,66.2007499091,65.7996820623,65.9797533405,338904,338904,0.0,1.0,tiingo_historical_seed,
2019-03-14,VLUE,80.63,80.74,80.28,80.38,65.9961234567,66.0861590958,65.7096464232,65.7914970042,253092,253092,0.0,1.0,tiingo_historical_seed,
2019-03-15,VLUE,80.56,81.02,80.56,80.86,65.93882805,66.3153407225,65.93882805,66.1843797929,1847624,1847624,0.0,1.0,tiingo_historical_seed,
2019-03-18,VLUE,80.9,81.41,80.9,81.25,66.2171200253,66.6345579884,66.2171200253,66.5035970588,561508,561508,0.0,1.0,tiingo_historical_seed,
2019-03-19,VLUE,81.63,81.98,81.05,81.31,66.8146292666,67.1011063001,66.3398958968,66.5527074074,525328,525328,0.0,1.0,tiingo_historical_seed,
2019-03-20,VLUE,80.56,80.56,79.57,79.73,66.4293019437,66.4293019437,65.6129537694,65.7448888278,552159,552159,0.593057,1.0,tiingo_historical_seed,
2019-03-21,VLUE,79.56,81.1,79.48,80.88,65.6047078282,66.8745827661,65.538740299,66.6931720606,450619,450619,0.0,1.0,tiingo_historical_seed,
2019-03-22,VLUE,80.44,80.46,78.95,79.06,66.3303506498,66.3468425321,65.1017054178,65.1924107705,722462,722462,0.0,1.0,tiingo_historical_seed,
2019-03-25,VLUE,78.93,79.26,78.32,78.7,65.0852135354,65.3573295936,64.582211125,64.8955568889,586218,586218,0.0,1.0,tiingo_historical_seed,
2019-03-26,VLUE,79.11,79.67,78.86,79.39,65.2336404762,65.6954131809,65.0274919474,65.4645268286,293404,293404,0.0,1.0,tiingo_historical_seed,
2019-03-27,VLUE,79.35,79.61,78.63,78.99,65.4315430639,65.645937534,64.8378353008,65.1346891824,612786,612786,0.0,1.0,tiingo_historical_seed,
2019-03-28,VLUE,79.14,79.46,78.69,79.16,65.2583782997,65.5222484167,64.8873109477,65.274870182,348467,348467,0.0,1.0,tiingo_historical_seed,
2019-03-29,VLUE,79.74,79.95,79.5,79.86,65.753134769,65.9262995332,65.5552321813,65.8520860628,370058,370058,0.0,1.0,tiingo_historical_seed,
2019-04-01,VLUE,80.56,81.29,80.53,81.23,66.4293019437,67.031255648,66.4045641202,66.9817800011,298690,298690,0.0,1.0,tiingo_historical_seed,
2019-04-02,VLUE,81.04,81.18,80.75,80.88,66.8251071191,66.9405502953,66.5859748256,66.6931720606,245142,245142,0.0,1.0,tiingo_historical_seed,
2019-04-03,VLUE,81.4,81.72,81.11,81.39,67.1219610007,67.3858311177,66.8828287072,67.1137150595,467645,467645,0.0,1.0,tiingo_historical_seed,
2019-04-04,VLUE,81.32,81.9,81.25,81.86,67.0559934715,67.5342580584,66.9982718834,67.5012742938,780922,780922,0.0,1.0,tiingo_historical_seed,
2019-04-05,VLUE,82.0,82.33,81.89,82.31,67.61671747,67.8888335281,67.5260121173,67.8723416458,534326,534326,0.0,1.0,tiingo_historical_seed,
2019-04-08,VLUE,82.13,82.37,81.99,82.37,67.723914705,67.9218172927,67.6084715288,67.9218172927,1638904,1638904,0.0,1.0,tiingo_historical_seed,
2019-04-09,VLUE,82.08,82.08,81.35,81.53,67.6826849992,67.6826849992,67.0807312949,67.2291582357,446943,446943,0.0,1.0,tiingo_historical_seed,
2019-04-10,VLUE,81.65,82.08,81.51,82.03,67.3281095296,67.6826849992,67.2126663534,67.6414552935,394321,394321,0.0,1.0,tiingo_historical_seed,
2019-04-11,VLUE,82.14,82.45,81.9,82.08,67.7321606462,67.987784822,67.5342580584,67.6826849992,434434,434434,0.0,1.0,tiingo_historical_seed,
2019-04-12,VLUE,82.52,82.76,82.07,82.38,68.04550641,68.2434089978,67.6744390581,67.9300632339,694328,694328,0.0,1.0,tiingo_historical_seed,
2019-04-15,VLUE,82.39,82.54,81.93,82.17,67.938309175,68.0619982924,67.5589958819,67.7568984696,449707,449707,0.0,1.0,tiingo_historical_seed,
2019-04-16,VLUE,82.435,82.74,82.24,82.74,67.9754159102,68.2269171155,67.8146200577,68.2269171155,508841,508841,0.0,1.0,tiingo_historical_seed,
2019-04-17,VLUE,83.27,83.34,82.63,82.78,68.6639519967,68.7216735847,68.1362117627,68.2599008801,1231091,1231091,0.0,1.0,tiingo_historical_seed,
2019-04-18,VLUE,82.9,83.01,82.54,82.93,68.3588521739,68.4495575266,68.0619982924,68.3835899974,1813469,1813469,0.0,1.0,tiingo_historical_seed,
2019-04-22,VLUE,82.74,82.85,82.57,82.67,68.2269171155,68.3176224682,68.0867361158,68.1691955274,589676,589676,0.0,1.0,tiingo_historical_seed,
2019-04-23,VLUE,82.8,83.35,82.68,83.24,68.2763927624,68.7299195259,68.1774414685,68.6392141732,272989,272989,0.0,1.0,tiingo_historical_seed,
2019-04-24,VLUE,83.06,83.12,82.64,82.81,68.4907872324,68.5402628793,68.1444577039,68.2846387035,426606,426606,0.0,1.0,tiingo_historical_seed,
2019-04-25,VLUE,82.61,82.61,81.82,82.07,68.1197198804,68.1197198804,67.4682905292,67.6744390581,861982,861982,0.0,1.0,tiingo_historical_seed,
2019-04-26,VLUE,81.7,82.17,81.48,82.13,67.3693392353,67.7568984696,67.1879285299,67.723914705,1736960,1736960,0.0,1.0,tiingo_historical_seed,
2019-04-29,VLUE,82.21,82.7,82.21,82.39,67.7898822342,68.1939333508,67.7898822342,67.938309175,1774622,1774622,0.0,1.0,tiingo_historical_seed,
2019-04-30,VLUE,82.47,82.72,81.96,82.59,68.0042767043,68.2104252331,67.5837337054,68.1032279981,1358761,1358761,0.0,1.0,tiingo_historical_seed,
2019-05-01,VLUE,82.82,83.0,82.12,82.14,68.2928846447,68.4413115855,67.7156687638,67.7321606462,534042,534042,0.0,1.0,tiingo_historical_seed,
2019-05-02,VLUE,82.03,82.56,81.53,81.99,67.6414552935,68.0784901747,67.2291582357,67.6084715288,1285862,1285862,0.0,1.0,tiingo_historical_seed,
2019-05-03,VLUE,82.44,82.9,82.32,82.83,67.9795388808,68.3588521739,67.8805875869,68.3011305858,309489,309489,0.0,1.0,tiingo_historical_seed,
2019-05-06,VLUE,81.34,82.6,81.33,82.46,67.0724853538,68.1114739393,67.0642394126,67.9960307631,607680,607680,0.0,1.0,tiingo_historical_seed,
2019-05-07,VLUE,81.9,81.9,80.6,81.15,67.5342580584,67.5342580584,66.4622857083,66.9158124718,809687,809687,0.0,1.0,tiingo_historical_seed,
2019-05-08,VLUE,81.0,81.48,80.7,80.73,66.7921233545,67.1879285299,66.5447451199,66.5694829433,593402,593402,0.0,1.0,tiingo_historical_seed,
2019-05-09,VLUE,80.01,80.51,79.32,80.29,65.9757751802,66.3880722379,65.4068052405,66.2066615325,321559,321559,0.0,1.0,tiingo_historical_seed,
2019-05-10,VLUE,80.04,80.78,78.96,80.52,66.0005130036,66.6107126491,65.1099513589,66.3963181791,558951,558951,0.0,1.0,tiingo_historical_seed,
2019-05-13,VLUE,78.97,79.11,77.96,78.28,65.1181973001,65.2336404762,64.2853572434,64.5492273604,722532,722532,0.0,1.0,tiingo_historical_seed,
2019-05-14,VLUE,78.63,79.7,78.63,79.23,64.8378353008,65.7201510044,64.8378353008,65.3325917701,1126235,1126235,0.0,1.0,tiingo_historical_seed,
2019-05-15,VLUE,78.7,79.71,78.56,79.52,64.8955568889,65.7283969455,64.7801137127,65.5717240636,1523390,1523390,0.0,1.0,tiingo_historical_seed,
2019-05-16,VLUE,79.54,80.33,79.54,79.79,65.5882159459,66.2396452971,65.5882159459,65.7943644748,620916,620916,0.0,1.0,tiingo_historical_seed,
2019-05-17,VLUE,79.13,80.1,79.06,79.18,65.2501323585,66.0499886506,65.1924107705,65.2913620643,370608,370608,0.0,1.0,tiingo_historical_seed,
2019-05-20,VLUE,78.63,79.22,78.44,78.66,64.8378353008,65.3243458289,64.6811624189,64.8625731243,642379,642379,0.0,1.0,tiingo_historical_seed,
2019-05-21,VLUE,79.14,79.66,79.09,79.54,65.2583782997,65.6871672397,65.2171485939,65.5882159459,749571,749571,0.0,1.0,tiingo_historical_seed,
2019-05-22,VLUE,79.05,79.18,78.51,78.64,65.1841648293,65.2913620643,64.7388840069,64.846081242,176581,176581,0.0,1.0,tiingo_historical_seed,
2019-05-23,VLUE,77.97,77.97,77.15,77.67,64.2936031846,64.2936031846,63.6174360099,64.0462249499,687858,687858,0.0,1.0,tiingo_historical_seed,
2019-05-24,VLUE,78.02,78.24,77.63,77.85,64.3348328903,64.5162435958,64.0132411853,64.1946518907,325207,325207,0.0,1.0,tiingo_historical_seed,
2019-05-28,VLUE,77.94,77.99,76.8,76.8,64.2688653611,64.3100950669,63.3288280695,63.3288280695,610700,610700,0.0,1.0,tiingo_historical_seed,
2019-05-29,VLUE,76.29,76.66,75.83,76.37,62.9082850706,63.2133848933,62.5289717774,62.9742525998,572904,572904,0.0,1.0,tiingo_historical_seed,
2019-05-30,VLUE,76.52,76.88,75.89,76.2,63.0979417171,63.3947955987,62.5784474244,62.8340716002,376639,376639,0.0,1.0,tiingo_historical_seed,
2019-05-31,VLUE,75.29,75.3,74.62,74.66,62.0836909551,62.0919368962,61.5312128977,61.5641966623,298225,298225,0.0,1.0,tiingo_historical_seed,
2019-06-03,VLUE,74.76,75.76,74.76,75.34,61.6466560739,62.4712501893,61.6466560739,62.1249206608,1004580,1004580,0.0,1.0,tiingo_historical_seed,
2019-06-04,VLUE,76.08,77.59,76.08,77.54,62.7351203063,63.9802574207,62.7351203063,63.9390277149,361717,361717,0.0,1.0,tiingo_historical_seed,
2019-06-05,VLUE,77.93,78.0,76.84,77.46,64.26061942,64.318341008,63.3618118341,63.8730601857,1602002,1602002,0.0,1.0,tiingo_historical_seed,
2019-06-06,VLUE,77.51,78.08,77.27,77.83,63.9142898915,64.3843085373,63.7163873037,64.1781600084,639500,639500,0.0,1.0,tiingo_historical_seed,
2019-06-07,VLUE,78.07,78.6,77.99,78.31,64.3760625961,64.8130974773,64.3100950669,64.5739651838,501095,501095,0.0,1.0,tiingo_historical_seed,
2019-06-10,VLUE,78.77,79.44,78.76,78.89,64.953278477,65.5057565343,64.9450325358,65.0522297708,316968,316968,0.0,1.0,tiingo_historical_seed,
2019-06-11,VLUE,79.56,79.62,78.94,79.02,65.6047078282,65.6541834751,65.0934594766,65.1594270058,130912,130912,0.0,1.0,tiingo_historical_seed,
2019-06-12,VLUE,78.87,78.99,78.48,78.52,65.0357378885,65.1346891824,64.7141461835,64.7471299481,171179,171179,0.0,1.0,tiingo_historical_seed,
2019-06-13,VLUE,78.82,79.28,78.74,79.2,64.9945081827,65.3738214759,64.9285406535,65.3078539466,211381,211381,0.0,1.0,tiingo_historical_seed,
2019-06-14,VLUE,78.96,78.96,78.52,78.77,65.1099513589,65.1099513589,64.7471299481,64.953278477,105723,105723,0.0,1.0,tiingo_historical_seed,
2019-06-17,VLUE,78.25,78.38,77.87,78.06,65.0137828906,65.1217930091,64.6980610056,64.8559219481,174497,174497,0.591934,1.0,tiingo_historical_seed,
2019-06-18,VLUE,78.48,79.64,78.43,79.19,65.2048777157,66.1686603119,65.1633353624,65.7947791324,201905,201905,0.0,1.0,tiingo_historical_seed,
2019-06-19,VLUE,79.28,79.55,79.15,79.33,65.8695553683,66.093884076,65.7615452497,65.9110977216,190764,190764,0.0,1.0,tiingo_historical_seed,
2019-06-20,VLUE,80.02,80.12,79.2,79.79,66.4843821969,66.5674669035,65.803087603,66.2932873718,145819,145819,0.0,1.0,tiingo_historical_seed,
2019-06-21,VLUE,79.63,80.03,79.5,79.66,66.1603518413,66.4926906675,66.0523417227,66.1852772532,728488,728488,0.0,1.0,tiingo_historical_seed,
2019-06-24,VLUE,79.66,79.81,79.3,79.33,66.1852772532,66.3099043131,65.8861723096,65.9110977216,198928,198928,0.0,1.0,tiingo_historical_seed,
2019-06-25,VLUE,79.65,79.65,79.1,79.14,66.1769687826,66.1769687826,65.7200028964,65.7532367791,445847,445847,0.0,1.0,tiingo_historical_seed,
2019-06-26,VLUE,79.64,79.95,79.64,79.67,66.1686603119,66.4262229023,66.1686603119,66.1935857239,176376,176376,0.0,1.0,tiingo_historical_seed,
2019-06-27,VLUE,79.85,80.39,79.85,80.31,66.3431381957,66.7917956112,66.3431381957,66.7253278459,136572,136572,0.0,1.0,tiingo_historical_seed,
2019-06-28,VLUE,80.72,81.24,80.62,81.19,67.0659751429,67.498015617,66.9828904363,67.4564732638,1285655,1285655,0.0,1.0,tiingo_historical_seed,
2019-07-01,VLUE,82.29,82.56,81.28,81.67,68.370405036,68.5947337438,67.5312494997,67.8552798553,3217474,3217474,0.0,1.0,tiingo_historical_seed,
2019-07-02,VLUE,81.53,81.62,81.08,81.49,67.7389612661,67.813737502,67.3650800865,67.7057273835,379521,379521,0.0,1.0,tiingo_historical_seed,
2019-07-03,VLUE,81.63,81.99,81.63,81.97,67.8220459727,68.1211509163,67.8220459727,68.104533975,139875,139875,0.0,1.0,tiingo_historical_seed,
2019-07-05,VLUE,81.64,82.07,81.42,82.01,67.8303544433,68.1876186816,67.6475680889,68.1377678576,155886,155886,0.0,1.0,tiingo_historical_seed,
2019-07-08,VLUE,81.58,81.88,81.39,81.59,67.7805036194,68.0297577391,67.6226426769,67.78881209,176455,176455,0.0,1.0,tiingo_historical_seed,
2019-07-09,VLUE,81.3,81.55,80.91,81.51,67.547866441,67.7555782074,67.2238360854,67.7223443248,392613,392613,0.0,1.0,tiingo_historical_seed,
2019-07-10,VLUE,81.86,82.26,81.62,81.76,68.0131407978,68.345479624,67.813737502,67.9300560912,154668,154668,0.0,1.0,tiingo_historical_seed,
2019-07-11,VLUE,82.2,82.35,81.68,82.04,68.2956288001,68.42025586,67.8635883259,68.1626932696,140025,140025,0.0,1.0,tiingo_historical_seed,
2019-07-12,VLUE,82.25,82.99,82.25,82.92,68.3371711534,68.951997982,68.3371711534,68.8938386874,144419,144419,0.0,1.0,tiingo_historical_seed,
2019-07-15,VLUE,83.02,83.06,82.61,82.9,68.976923394,69.0101572766,68.636276097,68.8772217461,219872,219872,0.0,1.0,tiingo_historical_seed,
2019-07-16,VLUE,82.82,82.96,82.56,82.7,68.8107539808,68.92707257,68.5947337438,68.7110523329,146785,146785,0.0,1.0,tiingo_historical_seed,
2019-07-17,VLUE,82.69,82.69,81.96,81.96,68.7027438623,68.7027438623,68.0962255043,68.0962255043,133954,133954,0.0,1.0,tiingo_historical_seed,
2019-07-18,VLUE,81.85,82.61,81.73,82.44,68.0048323271,68.636276097,67.9051306792,68.4950320959,187284,187284,0.0,1.0,tiingo_historical_seed,
2019-07-19,VLUE,82.66,82.92,82.35,82.37,68.6778184503,68.8938386874,68.42025586,68.4368728013,285531,285531,0.0,1.0,tiingo_historical_seed,
2019-07-22,VLUE,82.51,82.75,82.22,82.39,68.5531913905,68.7525946862,68.3122457414,68.4534897426,186340,186340,0.0,1.0,tiingo_historical_seed,
2019-07-23,VLUE,82.74,83.21,82.51,83.18,68.7442862156,69.1347843365,68.5531913905,69.1098589245,255855,255855,0.0,1.0,tiingo_historical_seed,
2019-07-24,VLUE,83.07,84.23,83.06,84.19,69.0184657473,69.9822483435,69.0101572766,69.9490144608,204291,204291,0.0,1.0,tiingo_historical_seed,
2019-07-25,VLUE,84.01,84.04,83.42,83.62,69.799461989,69.824387401,69.3092622202,69.4754316334,141575,141575,0.0,1.0,tiingo_historical_seed,
2019-07-26,VLUE,83.85,83.99,83.49,83.86,69.6665264585,69.7828450477,69.3674215148,69.6748349292,173832,173832,0.0,1.0,tiingo_historical_seed,
2019-07-29,VLUE,83.75,83.94,83.54,83.78,69.5834417519,69.7413026944,69.4089638681,69.6083671639,522855,522855,0.0,1.0,tiingo_historical_seed,
2019-07-30,VLUE,83.25,83.62,83.0,83.53,69.1680182191,69.4754316334,68.9603064527,69.4006553975,487944,487944,0.0,1.0,tiingo_historical_seed,
2019-07-31,VLUE,83.37,83.47,81.86,82.49,69.267719867,69.3508045735,68.0131407978,68.5365744492,237810,237810,0.0,1.0,tiingo_historical_seed,
2019-08-01,VLUE,82.63,83.42,81.03,81.36,68.6528930384,69.3092622202,67.3235377332,67.5977172649,573835,573835,0.0,1.0,tiingo_historical_seed,
2019-08-02,VLUE,81.01,81.01,80.21,80.57,67.3069207919,67.3069207919,66.6422431394,66.941348083,1307780,1307780,0.0,1.0,tiingo_historical_seed,
2019-08-05,VLUE,79.27,79.28,77.66,78.3,65.8612468976,65.8695553683,64.5235831218,65.0553252439,594058,594058,0.0,1.0,tiingo_historical_seed,
2019-08-06,VLUE,78.91,79.08,77.97,79.05,65.562141954,65.7033859551,64.7811457122,65.6784605432,1254174,1254174,0.0,1.0,tiingo_historical_seed,
2019-08-07,VLUE,78.16,79.14,77.51,78.95,64.9390066547,65.7532367791,64.398956062,65.5953758366,928011,928011,0.0,1.0,tiingo_historical_seed,
2019-08-08,VLUE,79.24,80.2,79.15,80.15,65.8363214856,66.6339346687,65.7615452497,66.5923923154,656855,656855,0.0,1.0,tiingo_historical_seed,
2019-08-09,VLUE,79.76,79.76,78.65,79.05,66.2683619598,66.2683619598,65.3461217169,65.6784605432,214320,214320,0.0,1.0,tiingo_historical_seed,
2019-08-12,VLUE,78.57,78.57,77.71,78.02,65.2796539516,65.2796539516,64.5651254751,64.8226880655,157267,157267,0.0,1.0,tiingo_historical_seed,
2019-08-13,VLUE,77.86,79.89,77.73,79.11,64.689752535,66.3763720783,64.5817424164,65.7283113671,469308,469308,0.0,1.0,tiingo_historical_seed,
2019-08-14,VLUE,77.81,77.81,76.36,76.38,64.6482101817,64.6482101817,63.4434819364,63.4600988778,363324,363324,0.0,1.0,tiingo_historical_seed,
2019-08-15,VLUE,76.7,76.7,75.62,76.17,63.7259699388,63.7259699388,62.8286551078,63.285620994,407786,407786,0.0,1.0,tiingo_historical_seed,
2019-08-16,VLUE,76.62,77.67,76.62,77.53,63.6595021735,64.5318915925,63.6595021735,64.4155730033,303662,303662,0.0,1.0,tiingo_historical_seed,
2019-08-19,VLUE,78.62,78.82,78.41,78.58,65.3211963049,65.4873657181,65.1467184211,65.2879624223,165141,165141,0.0,1.0,tiingo_historical_seed,
2019-08-20,VLUE,78.39,78.49,77.72,77.75,65.1301014798,65.2131861864,64.5734339458,64.5983593578,300861,300861,0.0,1.0,tiingo_historical_seed,
2019-08-21,VLUE,78.51,78.69,78.41,78.54,65.2298031277,65.3793555995,65.1467184211,65.2547285397,151584,151584,0.0,1.0,tiingo_historical_seed,
2019-08-22,VLUE,78.77,79.06,78.27,78.67,65.4458233648,65.6867690138,65.0303998319,65.3627386582,160825,160825,0.0,1.0,tiingo_historical_seed,
2019-08-23,VLUE,78.13,78.58,76.13,76.44,64.9140812427,65.2879624223,63.2523871113,63.5099497017,417400,417400,0.0,1.0,tiingo_historical_seed,
2019-08-26,VLUE,77.16,77.34,76.72,77.07,64.108159589,64.2577120608,63.7425868801,64.0333833531,283633,283633,0.0,1.0,tiingo_historical_seed,
2019-08-27,VLUE,77.4,77.44,76.19,76.26,64.3075628848,64.3407967674,63.3022379353,63.3603972299,240373,240373,0.0,1.0,tiingo_historical_seed,
2019-08-28,VLUE,76.11,77.2,75.93,77.13,63.23577017,64.1413934716,63.0862176982,64.083234177,381113,381113,0.0,1.0,tiingo_historical_seed,
2019-08-29,VLUE,77.85,78.57,77.85,78.34,64.6814440643,65.2796539516,64.6814440643,65.0885591265,341427,341427,0.0,1.0,tiingo_historical_seed,
2019-08-30,VLUE,78.75,79.16,78.54,78.76,65.4292064235,65.7698537204,65.2547285397,65.4375148941,226514,226514,0.0,1.0,tiingo_historical_seed,
2019-09-03,VLUE,78.32,78.42,77.6,78.35,65.0719421852,65.1550268918,64.4737322979,65.0968675972,405679,405679,0.0,1.0,tiingo_historical_seed,
2019-09-04,VLUE,78.99,79.6,78.99,79.54,65.6286097192,66.1354264293,65.6286097192,66.0855756054,312173,312173,0.0,1.0,tiingo_historical_seed,
2019-09-05,VLUE,80.41,81.54,80.41,81.11,66.8084125525,67.7472697367,66.8084125525,67.3900054985,223182,223182,0.0,1.0,tiingo_historical_seed,
2019-09-06,VLUE,81.2,81.55,81.07,81.38,67.4647817344,67.7555782074,67.3567716159,67.6143342062,127472,127472,0.0,1.0,tiingo_historical_seed,
2019-09-09,VLUE,81.99,82.94,81.99,82.83,68.1211509163,68.9104556287,68.1211509163,68.8190624515,729662,729662,0.0,1.0,tiingo_historical_seed,
2019-09-10,VLUE,82.74,84.0,82.73,84.0,68.7442862156,69.7911535184,68.7359777449,69.7911535184,1142799,1142799,0.0,1.0,tiingo_historical_seed,
2019-09-11,VLUE,84.21,84.86,83.56,84.82,69.9656314021,70.5056819949,69.4255808094,70.4724481122,938351,938351,0.0,1.0,tiingo_historical_seed,
2019-09-12,VLUE,84.81,84.99,84.01,84.59,70.4641396416,70.6136921134,69.799461989,70.2813532871,912626,912626,0.0,1.0,tiingo_historical_seed,
2019-09-13,VLUE,84.73,85.22,84.61,84.65,70.3976718763,70.8047869385,70.2979702284,70.3312041111,540127,540127,0.0,1.0,tiingo_historical_seed,
2019-09-16,VLUE,84.03,84.39,83.93,84.23,69.8160789303,70.115183874,69.7329942238,69.9822483435,397721,397721,0.0,1.0,tiingo_historical_seed,
2019-09-17,VLUE,83.98,84.01,83.45,84.0,69.774536577,69.799461989,69.3341876322,69.7911535184,265190,265190,0.0,1.0,tiingo_historical_seed,
2019-09-18,VLUE,83.7,83.7,83.01,83.61,69.5418993986,69.5418993986,68.9686149233,69.4671231627,309878,309878,0.0,1.0,tiingo_historical_seed,
2019-09-19,VLUE,83.94,84.02,83.39,83.48,69.7413026944,69.8077704597,69.2843368083,69.3591130442,219554,219554,0.0,1.0,tiingo_historical_seed,
2019-09-20,VLUE,83.76,84.04,83.2,83.29,69.5917502226,69.824387401,69.1264758658,69.2012521017,281741,281741,0.0,1.0,tiingo_historical_seed,
2019-09-23,VLUE,83.02,83.47,82.85,83.23,68.976923394,69.3508045735,68.8356793928,69.1514012778,160303,160303,0.0,1.0,tiingo_historical_seed,
2019-09-24,VLUE,82.88,83.04,81.47,81.73,69.3226120281,69.4564394645,68.1432577453,68.3607273294,425541,425541,0.548352,1.0,tiingo_historical_seed,
2019-09-25,VLUE,81.66,82.6,81.49,82.44,68.302177826,69.0884140145,68.1599861749,68.9545865782,348242,348242,0.0,1.0,tiingo_historical_seed,
2019-09-26,VLUE,82.47,82.61,81.63,82.03,68.9796792225,69.0967782293,68.2770851817,68.6116537725,337838,337838,0.0,1.0,tiingo_historical_seed,
2019-09-27,VLUE,82.1,82.3,81.24,81.66,68.6702032759,68.8374875714,67.9508808056,68.302177826,706580,706580,0.0,1.0,tiingo_historical_seed,
2019-09-30,VLUE,81.84,82.28,81.73,82.04,68.4527336919,68.8207591418,68.3607273294,68.6200179873,200719,200719,0.0,1.0,tiingo_historical_seed,
2019-10-01,VLUE,82.34,82.59,80.5,80.65,68.8709444305,69.0800497998,67.3319289125,67.457392134,597074,597074,0.0,1.0,tiingo_historical_seed,
2019-10-02,VLUE,80.13,80.13,78.69,78.98,67.0224529659,67.0224529659,65.8180060388,66.0605682672,343100,343100,0.0,1.0,tiingo_historical_seed,
2019-10-03,VLUE,78.86,79.41,77.83,79.41,65.9601976899,66.4202295024,65.0986835684,66.4202295024,572876,572876,0.0,1.0,tiingo_historical_seed,
2019-10-04,VLUE,79.58,80.3,79.39,80.24,66.5624211535,67.164644617,66.4035010728,67.1144593284,1699815,1699815,0.0,1.0,tiingo_historical_seed,
2019-10-07,VLUE,80.04,80.64,79.91,79.96,66.947175033,67.4490279193,66.8384402409,66.8802613148,230069,230069,0.0,1.0,tiingo_historical_seed,
2019-10-08,VLUE,79.35,79.36,78.53,78.54,66.3700442137,66.3784084285,65.6841786024,65.6925428172,471227,471227,0.0,1.0,tiingo_historical_seed,
2019-10-09,VLUE,79.11,79.57,79.02,79.25,66.1693030592,66.5540569387,66.0940251263,66.286402066,150221,150221,0.0,1.0,tiingo_historical_seed,
2019-10-10,VLUE,79.27,80.43,79.18,80.06,66.3031304955,67.2733794091,66.2278525626,66.9639034625,349446,349446,0.0,1.0,tiingo_historical_seed,
2019-10-11,VLUE,80.98,82.06,80.98,81.39,67.7334112215,68.6367464169,67.7334112215,68.0763440272,378508,378508,0.0,1.0,tiingo_historical_seed,
2019-10-14,VLUE,81.13,81.38,81.0,81.32,67.8588744431,68.0679798124,67.7501396511,68.0177945238,330110,330110,0.0,1.0,tiingo_historical_seed,
2019-10-15,VLUE,81.44,82.75,81.39,82.44,68.118165101,69.2138772361,68.0763440272,68.9545865782,147096,147096,0.0,1.0,tiingo_historical_seed,
2019-10-16,VLUE,82.34,82.71,82.12,82.14,68.8709444305,69.180420377,68.6869317055,68.703660135,109847,109847,0.0,1.0,tiingo_historical_seed,
2019-10-17,VLUE,82.39,82.5,81.86,82.19,68.9127655043,69.0047718668,68.4694621214,68.7454812089,181738,181738,0.0,1.0,tiingo_historical_seed,
2019-10-18,VLUE,82.03,82.36,81.75,82.14,68.6116537725,68.88767286,68.3774557589,68.703660135,554977,554977,0.0,1.0,tiingo_historical_seed,
2019-10-21,VLUE,82.55,83.0,82.55,82.81,69.0465929407,69.4229826054,69.0465929407,69.2640625247,171188,171188,0.0,1.0,tiingo_historical_seed,
2019-10-22,VLUE,82.97,83.69,82.73,83.31,69.3978899611,70.0001134247,69.1971488066,69.6822732633,474519,474519,0.0,1.0,tiingo_historical_seed,
2019-10-23,VLUE,82.98,83.35,82.68,83.35,69.4062541759,69.7157301224,69.1553277327,69.7157301224,343785,343785,0.0,1.0,tiingo_historical_seed,
2019-10-24,VLUE,83.7,83.7,82.8,83.13,70.0084776394,70.0084776394,69.25569831,69.5317173974,384704,384704,0.0,1.0,tiingo_historical_seed,
2019-10-25,VLUE,83.34,84.44,83.34,84.35,69.7073659076,70.6274295325,69.7073659076,70.5521515996,214550,214550,0.0,1.0,tiingo_historical_seed,
2019-10-28,VLUE,84.98,85.37,84.98,85.18,71.0790971302,71.4053015063,71.0790971302,71.2463814256,927545,927545,0.0,1.0,tiingo_historical_seed,
2019-10-29,VLUE,85.08,85.5,85.08,85.15,71.1627392779,71.5140362983,71.1627392779,71.2212887813,1308932,1308932,0.0,1.0,tiingo_historical_seed,
2019-10-30,VLUE,85.16,85.16,84.42,84.89,71.2296529961,71.2296529961,70.610701103,71.0038191973,526101,526101,0.0,1.0,tiingo_historical_seed,
2019-10-31,VLUE,84.66,84.66,83.6,84.37,70.8114422575,70.8114422575,69.9248354917,70.5688800291,216941,216941,0.0,1.0,tiingo_historical_seed,
2019-11-01,VLUE,84.68,85.75,84.68,85.75,70.8281706871,71.7231416676,70.8281706871,71.7231416676,365844,365844,0.0,1.0,tiingo_historical_seed,
2019-11-04,VLUE,86.45,86.93,86.33,86.9,72.3086367017,72.7101190107,72.2082661244,72.6850263664,368460,368460,0.0,1.0,tiingo_historical_seed,
2019-11-05,VLUE,86.98,87.56,86.98,87.17,72.7519400846,73.2370645413,72.7519400846,72.9108601652,1285771,1285771,0.0,1.0,tiingo_historical_seed,
2019-11-06,VLUE,87.3,87.3,86.71,87.06,73.0195949573,73.0195949573,72.5261062857,72.8188538027,1122328,1122328,0.0,1.0,tiingo_historical_seed,
2019-11-07,VLUE,87.73,88.03,87.4,87.53,73.3792561924,73.6301826356,73.103237105,73.211971897,341117,341117,0.0,1.0,tiingo_historical_seed,
2019-11-08,VLUE,87.39,87.78,86.9,87.78,73.0948728902,73.4210772663,72.6850263664,73.4210772663,1242470,1242470,0.0,1.0,tiingo_historical_seed,
2019-11-11,VLUE,87.51,87.65,87.23,87.58,73.1952434675,73.3123424743,72.9610454538,73.2537929709,261968,261968,0.0,1.0,tiingo_historical_seed,
2019-11-12,VLUE,87.77,88.15,87.41,87.63,73.4127130515,73.7305532128,73.1116013197,73.2956140447,387793,387793,0.0,1.0,tiingo_historical_seed,
2019-11-13,VLUE,87.27,87.29,86.91,87.11,72.9945023129,73.0112307425,72.6933905812,72.8606748766,327569,327569,0.0,1.0,tiingo_historical_seed,
2019-11-14,VLUE,86.97,87.27,86.8,87.12,72.7435758698,72.9945023129,72.6013842187,72.8690390914,361444,361444,0.0,1.0,tiingo_historical_seed,
2019-11-15,VLUE,87.69,87.99,87.54,87.98,73.3457993333,73.5967257765,73.2203361118,73.5883615617,344828,344828,0.0,1.0,tiingo_historical_seed,
2019-11-18,VLUE,87.83,87.98,87.51,87.96,73.4628983402,73.5883615617,73.1952434675,73.5716331322,180848,180848,0.0,1.0,tiingo_historical_seed,
2019-11-19,VLUE,88.02,88.02,87.16,87.29,73.6218184208,73.6218184208,72.9024959504,73.0112307425,325339,325339,0.0,1.0,tiingo_historical_seed,
2019-11-20,VLUE,86.91,86.99,86.02,86.64,72.6933905812,72.7603042993,71.9489754665,72.4675567823,239606,239606,0.0,1.0,tiingo_historical_seed,
2019-11-21,VLUE,86.58,86.84,86.33,86.7,72.4173714937,72.6348410778,72.2082661244,72.5177420709,379394,379394,0.0,1.0,tiingo_historical_seed,
2019-11-22,VLUE,87.04,87.32,86.83,87.12,72.8021253732,73.0363233868,72.626476863,72.8690390914,185330,185330,0.0,1.0,tiingo_historical_seed,
2019-11-25,VLUE,87.49,88.01,87.37,87.98,73.1785150379,73.613454206,73.0781444607,73.5883615617,351351,351351,0.0,1.0,tiingo_historical_seed,
2019-11-26,VLUE,87.99,87.99,87.39,87.65,73.5967257765,73.5967257765,73.0948728902,73.3123424743,646263,646263,0.0,1.0,tiingo_historical_seed,
2019-11-27,VLUE,87.88,88.0,87.67,87.98,73.504719414,73.6050899913,73.3290709038,73.5883615617,279335,279335,0.0,1.0,tiingo_historical_seed,
2019-11-29,VLUE,87.71,87.85,87.43,87.49,73.3625277629,73.4796267697,73.1283297493,73.1785150379,112306,112306,0.0,1.0,tiingo_historical_seed,
2019-12-02,VLUE,87.76,87.76,86.9,86.94,73.4043488368,73.4043488368,72.6850263664,72.7184832255,519101,519101,0.0,1.0,tiingo_historical_seed,
2019-12-03,VLUE,86.0,86.02,85.19,85.89,71.9322470369,71.9489754665,71.2547456404,71.8402406744,557394,557394,0.0,1.0,tiingo_historical_seed,
2019-12-04,VLUE,86.39,86.86,86.24,86.51,72.258451413,72.6515695073,72.1329881914,72.3588219903,992182,992182,0.0,1.0,tiingo_historical_seed,
2019-12-05,VLUE,86.87,86.9,86.34,86.71,72.6599337221,72.6850263664,72.2166303392,72.5261062857,409479,409479,0.0,1.0,tiingo_historical_seed,
2019-12-06,VLUE,87.35,87.78,87.35,87.57,73.0614160311,73.4210772663,73.0614160311,73.2454287561,420256,420256,0.0,1.0,tiingo_historical_seed,
2019-12-09,VLUE,87.33,87.68,87.27,87.28,73.0446876016,73.3374351186,72.9945023129,73.0028665277,204828,204828,0.0,1.0,tiingo_historical_seed,
2019-12-10,VLUE,87.25,87.49,86.95,87.2,72.9777738834,73.1785150379,72.7268474402,72.9359528095,379201,379201,0.0,1.0,tiingo_historical_seed,
2019-12-11,VLUE,87.31,87.62,87.27,87.5,73.027959172,73.2872498299,72.9945023129,73.1868792527,464126,464126,0.0,1.0,tiingo_historical_seed,
2019-12-12,VLUE,87.57,88.98,87.46,88.84,73.2454287561,74.4247830389,73.1534223936,74.3076840321,616359,616359,0.0,1.0,tiingo_historical_seed,
2019-12-13,VLUE,88.79,89.36,88.22,88.34,74.2658629582,74.7426232002,73.7891027163,73.8894732935,1079153,1079153,0.0,1.0,tiingo_historical_seed,
2019-12-16,VLUE,88.52,89.02,88.52,88.57,74.5451799439,74.9662439969,74.5451799439,74.5872863492,925477,925477,0.604284,1.0,tiingo_historical_seed,
2019-12-17,VLUE,88.65,88.75,88.54,88.59,74.6546565977,74.7388694083,74.562022506,74.6041289113,959937,959937,0.0,1.0,tiingo_historical_seed,
2019-12-18,VLUE,88.6,88.85,88.53,88.74,74.6125501924,74.8230822189,74.5536012249,74.7304481272,207538,207538,0.0,1.0,tiingo_historical_seed,
2019-12-19,VLUE,89.05,89.16,88.82,89.05,74.9915078401,75.0841419317,74.7978183757,74.9915078401,258473,258473,0.0,1.0,tiingo_historical_seed,
2019-12-20,VLUE,89.5,89.88,89.43,89.8,75.3704654878,75.690474168,75.3115165203,75.6231039196,265282,265282,0.0,1.0,tiingo_historical_seed,
2019-12-23,VLUE,90.0,90.03,89.84,89.88,75.7915295408,75.8167933839,75.6567890438,75.690474168,244588,244588,0.0,1.0,tiingo_historical_seed,
2019-12-24,VLUE,89.95,90.04,89.75,89.86,75.7494231355,75.825214665,75.5809975143,75.6736316059,63269,63269,0.0,1.0,tiingo_historical_seed,
2019-12-26,VLUE,89.99,90.16,89.91,90.11,75.7831082597,75.9262700377,75.7157380112,75.8841636324,94874,94874,0.0,1.0,tiingo_historical_seed,
2019-12-27,VLUE,90.29,90.46,89.81,89.92,76.0357466915,76.1789084695,75.6315252006,75.7241592923,289607,289607,0.0,1.0,tiingo_historical_seed,
2019-12-30,VLUE,89.9,89.99,89.33,89.42,75.7073167302,75.7831082597,75.2273037097,75.3030952393,225192,225192,0.0,1.0,tiingo_historical_seed,
2019-12-31,VLUE,89.2,89.82,89.14,89.73,75.117827056,75.6399464817,75.0672993696,75.5641549521,345252,345252,0.0,1.0,tiingo_historical_seed,
2020-01-02,VLUE,90.26,90.41,89.79,90.31,76.0104828483,76.1368020642,75.6146826385,76.0525892536,742916,742916,0.0,1.0,tiingo_historical_seed,
2020-01-03,VLUE,89.38,89.65,89.21,89.34,75.269410115,75.4967847037,75.126248337,75.2357249908,275989,275989,0.0,1.0,tiingo_historical_seed,
2020-01-06,VLUE,88.63,89.21,88.63,89.2,74.6378140355,75.126248337,74.6378140355,75.117827056,400326,400326,0.0,1.0,tiingo_historical_seed,
2020-01-07,VLUE,89.24,89.47,88.94,89.33,75.1515121802,75.3452016446,74.8988737484,75.2273037097,341824,341824,0.0,1.0,tiingo_historical_seed,
2020-01-08,VLUE,89.3,89.9,89.02,89.53,75.2020398666,75.7073167302,74.9662439969,75.3957293309,319291,319291,0.0,1.0,tiingo_historical_seed,
2020-01-09,VLUE,89.87,89.87,89.34,89.69,75.682052887,75.682052887,75.2357249908,75.5304698279,652355,652355,0.0,1.0,tiingo_historical_seed,
2020-01-10,VLUE,89.79,89.89,89.19,89.31,75.6146826385,75.6988954491,75.1094057749,75.2104611476,179799,179799,0.0,1.0,tiingo_historical_seed,
2020-01-13,VLUE,89.5,89.6,89.15,89.59,75.3704654878,75.4546782984,75.0757206507,75.4462570173,292624,292624,0.0,1.0,tiingo_historical_seed,
2020-01-14,VLUE,89.68,90.26,89.65,89.91,75.5220485468,76.0104828483,75.4967847037,75.7157380112,398344,398344,0.0,1.0,tiingo_historical_seed,
2020-01-15,VLUE,89.63,90.04,89.32,89.56,75.4799421415,75.825214665,75.2188824287,75.4209931741,762669,762669,0.0,1.0,tiingo_historical_seed,
2020-01-16,VLUE,89.99,90.32,89.98,90.29,75.7831082597,76.0610105347,75.7746869786,76.0357466915,447674,447674,0.0,1.0,tiingo_historical_seed,
2020-01-17,VLUE,90.58,90.58,90.18,90.37,76.2799638423,76.2799638423,75.9431125998,76.10311694,515378,515378,0.0,1.0,tiingo_historical_seed,
2020-01-21,VLUE,90.1,90.32,89.81,89.94,75.8757423514,76.0610105347,75.6315252006,75.7410018544,604969,604969,0.0,1.0,tiingo_historical_seed,
2020-01-22,VLUE,90.33,90.72,90.27,90.42,76.0694318157,76.3978617771,76.0189041294,76.1452233453,375873,375873,0.0,1.0,tiingo_historical_seed,
2020-01-23,VLUE,90.18,90.61,89.61,90.48,75.9431125998,76.3052276854,75.4630995794,76.1957510316,332611,332611,0.0,1.0,tiingo_historical_seed,
2020-01-24,VLUE,90.98,90.98,89.33,89.87,76.6168150847,76.6168150847,75.2273037097,75.682052887,284533,284533,0.0,1.0,tiingo_historical_seed,
2020-01-27,VLUE,88.18,88.48,87.87,88.01,74.2588563878,74.5114948196,73.997796675,74.1156946098,319220,319220,0.0,1.0,tiingo_historical_seed,
2020-01-28,VLUE,88.42,89.26,88.24,88.9,74.4609671333,75.1683547423,74.3093840742,74.8651886242,243648,243648,0.0,1.0,tiingo_historical_seed,
2020-01-29,VLUE,89.14,89.17,87.95,87.95,75.0672993696,75.0925632128,74.0651669234,74.0651669234,277803,277803,0.0,1.0,tiingo_historical_seed,
2020-01-30,VLUE,87.21,88.01,86.6837,88.0,73.441992125,74.1156946098,72.9987801028,74.1072733287,565142,565142,0.0,1.0,tiingo_historical_seed,
2020-01-31,VLUE,87.67,87.67,86.01,86.34,73.8293710538,73.8293710538,72.4314383978,72.7093406728,972446,972446,0.0,1.0,tiingo_historical_seed,
2020-02-03,VLUE,86.79,87.61,86.7,86.74,73.0882983205,73.7788433674,73.0125067909,73.0461919152,509653,509653,0.0,1.0,tiingo_historical_seed,
2020-02-04,VLUE,88.04,88.59,88.04,88.3,74.140958453,74.6041289113,74.140958453,74.3599117606,353279,353279,0.0,1.0,tiingo_historical_seed,
2020-02-05,VLUE,89.07,90.31,89.07,90.19,75.0083504022,76.0525892536,75.0083504022,75.9515338809,513716,513716,0.0,1.0,tiingo_historical_seed,
2020-02-06,VLUE,90.59,90.85,90.23,90.3,76.2883851233,76.5073384309,75.9852190051,76.0441679726,672921,672921,0.0,1.0,tiingo_historical_seed,
2020-02-07,VLUE,90.05,90.05,89.51,89.58,75.8336359461,75.8336359461,75.3788867688,75.4378357362,184412,184412,0.0,1.0,tiingo_historical_seed,
2020-02-10,VLUE,89.44,89.92,89.31,89.92,75.3199378014,75.7241592923,75.2104611476,75.7241592923,393347,393347,0.0,1.0,tiingo_historical_seed,
2020-02-11,VLUE,90.46,90.9,90.37,90.63,76.1789084695,76.5494448362,76.10311694,76.3220702476,783617,783617,0.0,1.0,tiingo_historical_seed,
2020-02-12,VLUE,91.31,91.86,91.26,91.41,76.8947173596,77.3578878179,76.8526109543,76.9789301702,287996,287996,0.0,1.0,tiingo_historical_seed,
2020-02-13,VLUE,90.97,91.31,90.72,91.04,76.6083938036,76.8947173596,76.3978617771,76.667342771,965694,965694,0.0,1.0,tiingo_historical_seed,
2020-02-14,VLUE,91.12,91.12,90.11,90.42,76.7347130195,76.7347130195,75.8841636324,76.1452233453,677054,677054,0.0,1.0,tiingo_historical_seed,
2020-02-18,VLUE,90.11,90.16,89.38,89.87,75.8841636324,75.9262700377,75.269410115,75.682052887,350706,350706,0.0,1.0,tiingo_historical_seed,
2020-02-19,VLUE,90.24,90.5,90.09,90.35,75.9936402862,76.2125935938,75.8673210703,76.0862743779,567201,567201,0.0,1.0,tiingo_historical_seed,
2020-02-20,VLUE,90.14,90.45,89.36,90.19,75.9094274756,76.1704871885,75.2525675529,75.9515338809,387857,387857,0.0,1.0,tiingo_historical_seed,
2020-02-21,VLUE,89.89,89.89,89.03,89.28,75.6988954491,75.6988954491,74.9746652779,75.1851973044,408658,408658,0.0,1.0,tiingo_historical_seed,
2020-02-24,VLUE,86.51,87.0,85.82,86.08,72.8525024508,73.2651452227,72.2714340576,72.4903873652,826578,826578,0.0,1.0,tiingo_historical_seed,
2020-02-25,VLUE,86.46,86.46,82.73,82.98,72.8103960455,72.8103960455,69.6692582101,69.8797902366,763418,763418,0.0,1.0,tiingo_historical_seed,
2020-02-26,VLUE,83.39,84.15,82.11,82.11,70.22506276,70.8650801206,69.1471387844,69.1471387844,1099619,1099619,0.0,1.0,tiingo_historical_seed,
2020-02-27,VLUE,80.45,81.71,78.66,78.66,67.7492061284,68.810287542,66.2417968186,66.2417968186,1139829,1139829,0.0,1.0,tiingo_historical_seed,
2020-02-28,VLUE,76.04,78.42,75.53,78.02,64.0354211809,66.0396860732,63.6059358468,65.7028348308,1796173,1796173,0.0,1.0,tiingo_historical_seed,
2020-03-02,VLUE,78.54,81.13,77.33,81.13,66.1407414459,68.3218532405,65.1217664376,68.3218532405,727490,727490,0.0,1.0,tiingo_historical_seed,
2020-03-03,VLUE,81.23,82.53,77.81,78.51,68.4060660511,69.5008325889,65.5259879285,66.1154776027,684129,684129,0.0,1.0,tiingo_historical_seed,
2020-03-04,VLUE,80.14,81.71,79.25,81.6,67.4881464155,68.810287542,66.7386524012,68.7176534503,765169,765169,0.0,1.0,tiingo_historical_seed,
2020-03-05,VLUE,79.7,80.32,78.16,78.75,67.1176100489,67.6397294746,65.8207327656,66.3175883482,720945,720945,0.0,1.0,tiingo_historical_seed,
2020-03-06,VLUE,76.11,77.93,75.63,77.28,64.0943701483,65.6270433012,63.6901486574,65.0796600323,813456,813456,0.0,1.0,tiingo_historical_seed,
2020-03-09,VLUE,75.43,75.43,69.52,69.98,63.5217230362,63.5217230362,58.5447459297,58.9321248585,855670,855670,0.0,1.0,tiingo_historical_seed,
2020-03-10,VLUE,72.88,73.66,69.46,73.66,61.3742963659,62.0311562886,58.4942182434,62.0311562886,2713905,2713905,0.0,1.0,tiingo_historical_seed,
2020-03-11,VLUE,71.71,72.01,68.76,69.62,60.3890064819,60.6416449137,57.9047285691,58.6289587403,1220537,1220537,0.0,1.0,tiingo_historical_seed,
2020-03-12,VLUE,65.77,66.37,61.6,61.73,55.3867655322,55.8920423958,51.8750913301,51.9845679839,1649642,1649642,0.0,1.0,tiingo_historical_seed,
2020-03-13,VLUE,65.54,68.07,62.39,67.86,55.1930760678,57.323660176,52.5403725339,57.1468132737,1172235,1172235,0.0,1.0,tiingo_historical_seed,
2020-03-16,VLUE,59.56,64.22,57.77,59.25,50.1571499939,54.0814669679,48.6497406841,49.896090281,853834,853834,0.0,1.0,tiingo_historical_seed,
2020-03-17,VLUE,60.62,63.67,58.5,62.46,51.0498057862,53.6182965096,49.2644942015,52.5993215013,988999,988999,0.0,1.0,tiingo_historical_seed,
2020-03-18,VLUE,58.65,60.29,55.72,59.49,49.3908134174,50.7719035113,46.9233780668,50.0982010264,1087217,1087217,0.0,1.0,tiingo_historical_seed,
2020-03-19,VLUE,58.64,60.56,56.61,59.2,49.3823921363,50.9992780999,47.6728720811,49.8539838757,857600,857600,0.0,1.0,tiingo_historical_seed,
2020-03-20,VLUE,59.68,60.54,56.52,56.52,50.2582053666,50.9824355378,47.5970805516,47.5970805516,446830,446830,0.0,1.0,tiingo_historical_seed,
2020-03-23,VLUE,56.9,56.9,54.2,55.33,47.9170892319,47.9170892319,45.6433433457,46.5949481055,424552,424552,0.0,1.0,tiingo_historical_seed,
2020-03-24,VLUE,58.21,60.99,58.21,60.88,49.0202770508,51.3613931855,49.0202770508,51.2687590938,1276831,1276831,0.0,1.0,tiingo_historical_seed,
2020-03-25,VLUE,60.8,64.06,59.0,61.05,51.7830793953,54.5596063497,50.2500277026,51.9960032415,960961,960961,0.693579,1.0,tiingo_historical_seed,
2020-03-26,VLUE,61.91,65.39,61.81,64.99,52.7284612724,55.6923612114,52.6432917339,55.3516830575,1113767,1113767,0.0,1.0,tiingo_historical_seed,
2020-03-27,VLUE,62.84,64.36,61.73,62.53,53.5205379802,54.8151149651,52.5751561031,53.2565124109,626388,626388,0.0,1.0,tiingo_historical_seed,
2020-03-30,VLUE,63.13,64.44,62.06,64.3,53.7675296418,54.8832505959,52.8562155801,54.764013242,769109,769109,0.0,1.0,tiingo_historical_seed,
2020-03-31,VLUE,64.11,64.56,62.39,63.0,54.6021911189,54.9854540421,53.1372750571,53.6568092418,2001709,2001709,0.0,1.0,tiingo_historical_seed,
2020-04-01,VLUE,60.23,61.19,58.97,59.5,51.2976130259,52.1152405953,50.2244768411,50.675875395,771450,771450,0.0,1.0,tiingo_historical_seed,
2020-04-02,VLUE,59.01,61.08,58.9,60.32,50.2585446565,52.021554103,50.1648581642,51.3742656106,678544,678544,0.0,1.0,tiingo_historical_seed,
2020-04-03,VLUE,60.14,60.66,58.51,59.26,51.2209604413,51.6638420414,49.8326969641,50.4714685027,432746,432746,0.0,1.0,tiingo_historical_seed,
2020-04-06,VLUE,61.74,64.03,61.74,63.67,52.583673057,54.5340554881,52.583673057,54.2274451496,566489,566489,0.0,1.0,tiingo_historical_seed,
2020-04-07,VLUE,66.28,66.91,64.41,64.44,56.4503701039,56.9869381963,54.8576997344,54.8832505959,601905,601905,0.0,1.0,tiingo_historical_seed,
2020-04-08,VLUE,65.36,67.43,64.73,67.06,55.6668103499,57.4298197964,55.1302422575,57.114692504,543107,543107,0.0,1.0,tiingo_historical_seed,
2020-04-09,VLUE,68.37,69.59,67.26,68.24,58.2304134581,59.2694818276,57.285031581,58.1196930581,12894094,12894094,0.0,1.0,tiingo_historical_seed,
2020-04-13,VLUE,68.05,68.07,66.33,67.23,57.957870935,57.9749048427,56.4929548731,57.2594807195,4347355,4347355,0.0,1.0,tiingo_historical_seed,
2020-04-14,VLUE,68.86,69.18,67.7,68.75,58.6477441967,58.9202867198,57.6597775503,58.5540577043,2336445,2336445,0.0,1.0,tiingo_historical_seed,
2020-04-15,VLUE,67.05,67.05,65.66,66.34,57.1061755502,57.1061755502,55.9223189653,56.501471827,1308934,1308934,0.0,1.0,tiingo_historical_seed,
2020-04-16,VLUE,66.49,66.55,65.2,66.15,56.6292261347,56.6803278578,55.5305390883,56.3396497039,861932,861932,0.0,1.0,tiingo_historical_seed,
2020-04-17,VLUE,68.28,68.62,67.51,68.47,58.1537608735,58.4433373043,57.4979554272,58.3155829966,1194160,1194160,0.0,1.0,tiingo_historical_seed,
2020-04-20,VLUE,67.33,68.21,66.74,66.88,57.3446502579,58.0941421966,56.8421499809,56.9613873348,774718,774718,0.0,1.0,tiingo_historical_seed,
2020-04-21,VLUE,65.69,65.87,64.42,64.6,55.9478698269,56.1011749961,54.8662166882,55.0195218575,1042497,1042497,0.0,1.0,tiingo_historical_seed,
2020-04-22,VLUE,66.32,66.32,65.38,65.79,56.4844379193,56.4844379193,55.6838442576,56.0330393654,1068780,1068780,0.0,1.0,tiingo_historical_seed,
2020-04-23,VLUE,65.92,67.05,65.86,66.0,56.1437597654,57.1061755502,56.0926580423,56.2118953962,550827,550827,0.0,1.0,tiingo_historical_seed,
2020-04-24,VLUE,66.19,67.16,65.57,66.97,56.3737175193,57.1998620425,55.8456663807,57.0380399194,1249089,1249089,0.0,1.0,tiingo_historical_seed,
2020-04-27,VLUE,67.66,68.89,67.32,68.63,57.6257097349,58.6732950582,57.3361333041,58.4518542582,1162197,1162197,0.0,1.0,tiingo_historical_seed,
2020-04-28,VLUE,69.89,70.52,68.85,69.4,59.524990443,60.0615585354,58.6392272428,59.1076597045,981201,981201,0.0,1.0,tiingo_historical_seed,
2020-04-29,VLUE,71.28,72.47,70.89,72.02,60.7088470279,61.7223645358,60.3766858278,61.3391016126,1105184,1105184,0.0,1.0,tiingo_historical_seed,
2020-04-30,VLUE,71.59,71.59,69.75,69.98,60.9728725971,60.9728725971,59.4057530891,59.6016430276,1166562,1166562,0.0,1.0,tiingo_historical_seed,
2020-05-01,VLUE,68.64,68.64,66.95,67.21,58.460371212,58.460371212,57.0210060117,57.2424468118,702334,702334,0.0,1.0,tiingo_historical_seed,
2020-05-04,VLUE,66.72,67.11,65.93,67.11,56.8251160732,57.1572772733,56.1522767192,57.1572772733,806884,806884,0.0,1.0,tiingo_historical_seed,
2020-05-05,VLUE,68.0,68.6,67.26,67.39,57.9152861657,58.4263033966,57.285031581,57.395751981,781246,781246,0.0,1.0,tiingo_historical_seed,
2020-05-06,VLUE,67.94,68.27,66.59,66.59,57.8641844427,58.1452439196,56.7143956732,56.7143956732,496625,496625,0.0,1.0,tiingo_historical_seed,
2020-05-07,VLUE,67.69,68.26,67.25,67.38,57.6512605965,58.1367269658,57.2765146272,57.3872350272,1216735,1216735,0.0,1.0,tiingo_historical_seed,
2020-05-08,VLUE,68.27,69.58,68.27,69.47,58.1452439196,59.2609648737,58.1452439196,59.1672783814,686291,686291,0.0,1.0,tiingo_historical_seed,
2020-05-11,VLUE,69.08,69.35,68.27,68.83,58.8351171813,59.0650749352,58.1452439196,58.6221933351,738114,738114,0.0,1.0,tiingo_historical_seed,
2020-05-12,VLUE,69.05,69.37,67.05,67.05,58.8095663198,59.0821088429,57.1061755502,57.1061755502,360190,360190,0.0,1.0,tiingo_historical_seed,
2020-05-13,VLUE,66.8,66.8,64.36,64.9,56.893251704,56.893251704,54.8151149651,55.2750304729,1476130,1476130,0.0,1.0,tiingo_historical_seed,
2020-05-14,VLUE,64.13,66.35,62.99,66.32,54.6192250266,56.5099887808,53.6482922879,56.4844379193,1294674,1294674,0.0,1.0,tiingo_historical_seed,
2020-05-15,VLUE,65.61,66.2,65.16,66.01,55.8797341961,56.3822344731,55.4964712729,56.22041235,381748,381748,0.0,1.0,tiingo_historical_seed,
2020-05-18,VLUE,68.41,69.83,68.15,69.49,58.2644812735,59.4738887199,58.0430404735,59.1843122891,895876,895876,0.0,1.0,tiingo_historical_seed,
2020-05-19,VLUE,69.39,69.85,68.51,68.58,59.0991427506,59.4909226276,58.349650812,58.4092694889,749570,749570,0.0,1.0,tiingo_historical_seed,
2020-05-20,VLUE,69.74,70.38,69.52,70.06,59.3972361353,59.9423211816,59.2098631506,59.6697786584,319341,319341,0.0,1.0,tiingo_historical_seed,
2020-05-21,VLUE,70.08,70.24,69.22,69.53,59.6868125661,59.8230838277,58.9543545352,59.2183801045,386776,386776,0.0,1.0,tiingo_historical_seed,
2020-05-22,VLUE,69.37,69.55,68.72,69.38,59.0821088429,59.2354140122,58.5285068428,59.0906257968,635337,635337,0.0,1.0,tiingo_historical_seed,
2020-05-26,VLUE,71.24,72.42,71.24,71.76,60.6747792125,61.6797797665,60.6747792125,61.1176608126,709956,709956,0.0,1.0,tiingo_historical_seed,
2020-05-27,VLUE,73.31,74.18,72.04,74.18,62.437788659,63.1787636438,61.3561355203,63.1787636438,587994,587994,0.0,1.0,tiingo_historical_seed,
2020-05-28,VLUE,74.75,74.77,72.3,72.45,63.6642300131,63.6812639208,61.5775763203,61.7053306281,1072518,1072518,0.0,1.0,tiingo_historical_seed,
2020-05-29,VLUE,72.22,72.76,71.29,72.4,61.5094406896,61.9693561974,60.7173639817,61.6627458588,498227,498227,0.0,1.0,tiingo_historical_seed,
2020-06-01,VLUE,72.25,73.01,71.98,72.7,61.5349915511,62.1822800436,61.3050337972,61.9182544743,635792,635792,0.0,1.0,tiingo_historical_seed,
2020-06-02,VLUE,72.9,73.47,72.76,73.47,62.0885935512,62.5740599206,61.9693561974,62.5740599206,248158,248158,0.0,1.0,tiingo_historical_seed,
2020-06-03,VLUE,74.57,75.44,74.53,75.23,63.5109248438,64.2518998286,63.4768570284,64.0730437978,927120,927120,0.0,1.0,tiingo_historical_seed,
2020-06-04,VLUE,74.95,76.29,74.67,76.27,63.83456909,64.9758409057,63.5960943823,64.958806998,6552089,6552089,0.0,1.0,tiingo_historical_seed,
2020-06-05,VLUE,79.18,79.85,78.46,78.86,67.4372405677,68.0078764755,66.8240198907,67.1646980446,4181635,4181635,0.0,1.0,tiingo_historical_seed,
2020-06-08,VLUE,79.78,80.59,79.45,80.55,67.9482577986,68.6381310603,67.6671983216,68.6040632449,1654895,1654895,0.0,1.0,tiingo_historical_seed,
2020-06-09,VLUE,79.49,79.49,78.28,78.82,67.701266137,67.701266137,66.6707147214,67.1306302292,2154289,2154289,0.0,1.0,tiingo_historical_seed,
2020-06-10,VLUE,78.52,78.93,77.0,77.0,66.8751216137,67.2243167215,65.5805446289,65.5805446289,907295,907295,0.0,1.0,tiingo_historical_seed,
2020-06-11,VLUE,74.3,74.5,71.21,71.36,63.2809670899,63.4513061669,60.6492283509,60.7769826586,808628,808628,0.0,1.0,tiingo_historical_seed,
2020-06-12,VLUE,73.95,74.05,71.11,72.8,62.9828737053,63.0680432437,60.5640588124,62.0034240127,992612,992612,0.0,1.0,tiingo_historical_seed,
2020-06-15,VLUE,70.63,73.36,70.07,73.08,60.4819387138,62.8196945214,60.002399061,62.579924695,556070,556070,0.396886,1.0,tiingo_historical_seed,
2020-06-16,VLUE,75.72,75.74,73.05,74.45,64.8406116298,64.8577380459,62.5542350707,63.7530842028,1193250,1193250,0.0,1.0,tiingo_historical_seed,
2020-06-17,VLUE,74.53,74.61,73.4,73.51,63.8215898675,63.8900955322,62.8539473537,62.9481426427,1176149,1176149,0.0,1.0,tiingo_historical_seed,
2020-06-18,VLUE,72.92,73.82,72.75,73.32,62.4429133656,63.2136020934,62.2973388281,62.785441689,428113,428113,0.0,1.0,tiingo_historical_seed,
2020-06-19,VLUE,74.67,74.67,72.47,72.89,63.9414747807,63.9414747807,62.0575690017,62.4172237413,754826,754826,0.0,1.0,tiingo_historical_seed,
2020-06-22,VLUE,72.74,73.09,72.05,72.87,62.28877562,62.5884879031,61.6979142621,62.4000973252,670752,670752,0.0,1.0,tiingo_historical_seed,
2020-06-23,VLUE,73.46,73.61,72.83,72.88,62.9053266023,63.0337747235,62.3658444928,62.4086605332,691051,691051,0.0,1.0,tiingo_historical_seed,
2020-06-24,VLUE,72.02,72.02,70.07,70.62,61.6722246378,61.6722246378,60.002399061,60.4733755057,648228,648228,0.0,1.0,tiingo_historical_seed,
2020-06-25,VLUE,70.44,71.33,69.82,71.27,60.3192377602,61.0813632799,59.7883188588,61.0299840313,2905506,2905506,0.0,1.0,tiingo_historical_seed,
2020-06-26,VLUE,70.84,70.84,69.35,69.7,60.6617660836,60.6617660836,59.3858480788,59.6855603618,531114,531114,0.0,1.0,tiingo_historical_seed,
2020-06-29,VLUE,70.13,71.15,69.69,71.1408,60.0537783095,60.9272255343,59.6769971537,60.9193473829,637230,637230,0.0,1.0,tiingo_historical_seed,
2020-06-30,VLUE,71.35,72.57,71.25,72.28,61.098489696,62.1432010826,61.0128576152,61.8948680481,465623,465623,0.0,1.0,tiingo_historical_seed,
2020-07-01,VLUE,72.53,72.89,71.53,71.55,62.1089482502,62.4172237413,61.2526274416,61.2697538578,347516,347516,0.0,1.0,tiingo_historical_seed,
2020-07-02,VLUE,72.63,73.22,71.87,72.0,62.1945803311,62.6998096082,61.5437765165,61.6550982216,588389,588389,0.0,1.0,tiingo_historical_seed,
2020-07-06,VLUE,73.25,73.63,72.61,73.03,62.7254992324,63.0509011397,62.1774539149,62.5371086545,449184,449184,0.0,1.0,tiingo_historical_seed,
2020-07-07,VLUE,72.45,72.51,71.56,71.63,62.0404425855,62.0918218341,61.2783170658,61.3382595225,752148,752148,0.0,1.0,tiingo_historical_seed,
2020-07-08,VLUE,72.0,72.19,71.2,71.85,61.6550982216,61.8177991753,60.9700415747,61.5266501004,1256191,1256191,0.0,1.0,tiingo_historical_seed,
2020-07-09,VLUE,71.86,71.86,69.77,70.37,61.5352133084,61.5352133084,59.7455028184,60.2592953036,1270326,1270326,0.0,1.0,tiingo_historical_seed,
2020-07-10,VLUE,70.49,72.05,70.45,71.99,60.3620538006,61.6979142621,60.3278009683,61.6465350136,956926,956926,0.0,1.0,tiingo_historical_seed,
2020-07-13,VLUE,72.63,73.13,71.75,71.81,62.1945803311,62.6227407354,61.4410180195,61.492397268,554238,554238,0.0,1.0,tiingo_historical_seed,
2020-07-14,VLUE,71.52,72.96,71.2,72.82,61.2440642335,62.4771661979,60.9700415747,62.3572812847,845897,845897,0.0,1.0,tiingo_historical_seed,
2020-07-15,VLUE,74.1,74.47,73.44,74.28,63.4533719198,63.770210619,62.8882001861,63.6075096653,949595,949595,0.0,1.0,tiingo_historical_seed,
2020-07-16,VLUE,74.06,74.82,73.69,74.47,63.4191190874,64.069922902,63.1022803882,63.770210619,559610,559610,0.0,1.0,tiingo_historical_seed,
2020-07-17,VLUE,74.8,74.93,74.3,74.54,64.0527964858,64.1641181909,63.6246360815,63.8301530756,440830,440830,0.0,1.0,tiingo_historical_seed,
2020-07-20,VLUE,74.45,74.45,73.73,74.14,63.7530842028,63.7530842028,63.1365332206,63.4876247521,373445,373445,0.0,1.0,tiingo_historical_seed,
2020-07-21,VLUE,74.7,75.32,74.58,74.8,63.967164405,64.4980833063,63.8644059079,64.0527964858,612225,612225,0.0,1.0,tiingo_historical_seed,
2020-07-22,VLUE,74.73,75.46,74.6,75.42,63.9928540292,64.6179682195,63.8815323241,64.5837153872,685969,685969,0.0,1.0,tiingo_historical_seed,
2020-07-23,VLUE,75.39,76.04,75.0,75.38,64.5580257629,65.1146342885,64.2240606476,64.5494625548,617240,617240,0.0,1.0,tiingo_historical_seed,
2020-07-24,VLUE,74.29,74.29,73.1989,73.37,63.6160728734,63.6160728734,62.6817412391,62.8282577295,496548,496548,0.0,1.0,tiingo_historical_seed,
2020-07-27,VLUE,73.51,73.59,72.93,73.54,62.9481426427,63.0166483074,62.4514765737,62.9738322669,496218,496218,0.0,1.0,tiingo_historical_seed,
2020-07-28,VLUE,73.36,73.87,73.21,73.25,62.8196945214,63.2564181338,62.6912464001,62.7254992324,272149,272149,0.0,1.0,tiingo_historical_seed,
2020-07-29,VLUE,73.53,74.13,73.1,73.94,62.9652690589,63.479061544,62.5970511111,63.3163605904,2386682,2386682,0.0,1.0,tiingo_historical_seed,
2020-07-30,VLUE,73.21,73.41,72.54,73.32,62.6912464001,62.8625105618,62.1175114583,62.785441689,661361,661361,0.0,1.0,tiingo_historical_seed,
2020-07-31,VLUE,73.42,73.42,72.03,73.04,62.8710737699,62.8710737699,61.6807878459,62.5456718626,572090,572090,0.0,1.0,tiingo_historical_seed,
2020-08-03,VLUE,73.48,73.65,72.95,73.45,62.9224530184,63.0680275559,62.4686029899,62.8967633942,527114,527114,0.0,1.0,tiingo_historical_seed,
2020-08-04,VLUE,73.38,73.99,73.29,73.99,62.8368209376,63.3591766308,62.7597520648,63.3591766308,368111,368111,0.0,1.0,tiingo_historical_seed,
2020-08-05,VLUE,74.5,74.51,74.01,74.23,63.7959002432,63.8044634513,63.376303047,63.5646936249,444883,444883,0.0,1.0,tiingo_historical_seed,
2020-08-06,VLUE,74.18,74.18,73.67,73.86,63.5218775845,63.5218775845,63.0851539721,63.2478549257,383020,383020,0.0,1.0,tiingo_historical_seed,
2020-08-07,VLUE,73.64,74.71,73.64,74.71,63.0594643478,63.975727613,63.0594643478,63.975727613,400705,400705,0.0,1.0,tiingo_historical_seed,
2020-08-10,VLUE,74.8,76.11,74.8,76.09,64.0527964858,65.1745767451,64.0527964858,65.157450329,785482,785482,0.0,1.0,tiingo_historical_seed,
2020-08-11,VLUE,76.78,77.49,75.76,76.0,65.7483116869,66.356299461,64.8748644621,65.0803814562,993952,993952,0.0,1.0,tiingo_historical_seed,
2020-08-12,VLUE,76.89,76.89,76.02,76.38,65.8425069759,65.8425069759,65.0975078724,65.4057833635,508482,508482,0.0,1.0,tiingo_historical_seed,
2020-08-13,VLUE,76.1,76.14,75.3779,75.6,65.166013537,65.2002663694,64.5476642811,64.7378531327,1160429,1160429,0.0,1.0,tiingo_historical_seed,
2020-08-14,VLUE,75.43,76.315,75.18,76.025,64.5922785953,65.3501225109,64.3781983931,65.1017894764,266595,266595,0.0,1.0,tiingo_historical_seed,
2020-08-17,VLUE,76.36,76.36,75.65,75.89,65.3886569473,65.3886569473,64.7806691732,64.9861861672,515319,515319,0.0,1.0,tiingo_historical_seed,
2020-08-18,VLUE,76.11,76.11,75.39,75.41,65.1745767451,65.1745767451,64.5580257629,64.5751521791,1412960,1412960,0.0,1.0,tiingo_historical_seed,
2020-08-19,VLUE,75.56,75.98,75.19,75.36,64.7036003004,65.06325504,64.3867616012,64.5323361387,519849,519849,0.0,1.0,tiingo_historical_seed,
2020-08-20,VLUE,74.87,75.18,74.7,74.75,64.1127389424,64.3781983931,63.967164405,64.0099804454,301218,301218,0.0,1.0,tiingo_historical_seed,
2020-08-21,VLUE,74.6,74.855,74.48,74.71,63.8815323241,64.0998941303,63.7787738271,63.975727613,437147,437147,0.0,1.0,tiingo_historical_seed,
2020-08-24,VLUE,75.12,76.08,74.9046,76.04,64.3268191446,65.1488871209,64.1423676424,65.1146342885,434125,434125,0.0,1.0,tiingo_historical_seed,
2020-08-25,VLUE,76.54,76.56,75.54,75.91,65.5427946928,65.559921109,64.6864738842,65.0033125834,725382,725382,0.0,1.0,tiingo_historical_seed,
2020-08-26,VLUE,76.03,76.03,75.29,75.59,65.1060710804,65.1060710804,64.4723936821,64.7292899246,1050838,1050838,0.0,1.0,tiingo_historical_seed,
2020-08-27,VLUE,75.83,76.12,75.51,75.77,64.9348069187,65.1831399532,64.66078426,64.8834276702,1089221,1089221,0.0,1.0,tiingo_historical_seed,
2020-08-28,VLUE,76.04,76.61,75.855,76.56,65.1146342885,65.6027371495,64.9562149389,65.559921109,813334,813334,0.0,1.0,tiingo_historical_seed,
2020-08-31,VLUE,76.48,76.752,75.82,75.85,65.4914154443,65.7243347043,64.9262437106,64.9519333349,10749662,10749662,0.0,1.0,tiingo_historical_seed,
2020-09-01,VLUE,75.62,75.76,75.31,75.73,64.7549795489,64.8748644621,64.4895200982,64.8491748379,1882618,1882618,0.0,1.0,tiingo_historical_seed,
2020-09-02,VLUE,76.06,77.5,75.92,77.32,65.1317607047,66.3648626691,65.0118757915,66.2107249236,889865,889865,0.0,1.0,tiingo_historical_seed,
2020-09-03,VLUE,77.27,77.93,75.03,75.51,66.1679088831,66.7330806168,64.2497502718,64.66078426,750268,750268,0.0,1.0,tiingo_historical_seed,
2020-09-04,VLUE,76.18,76.41,74.67,75.73,65.2345192017,65.4314729877,63.9414747807,64.8491748379,810063,810063,0.0,1.0,tiingo_historical_seed,
2020-09-08,VLUE,74.99,75.3,74.31,74.37,64.2154974395,64.4809568901,63.6331992896,63.6845785381,518809,518809,0.0,1.0,tiingo_historical_seed,
2020-09-09,VLUE,75.07,75.56,74.67,75.08,64.2840031042,64.7036003004,63.9414747807,64.2925663122,3151068,3151068,0.0,1.0,tiingo_historical_seed,
2020-09-10,VLUE,75.25,75.52,73.7,73.83,64.4381408497,64.669347468,63.1108435963,63.2221653014,3335607,3335607,0.0,1.0,tiingo_historical_seed,
2020-09-11,VLUE,74.34,74.735,73.76,74.39,63.6588889139,63.9971356333,63.1622228448,63.7017049543,782836,782836,0.0,1.0,tiingo_historical_seed,
2020-09-14,VLUE,74.97,75.95,74.93,75.53,64.1983710233,65.0375654158,64.1641181909,64.6779106761,692193,692193,0.0,1.0,tiingo_historical_seed,
2020-09-15,VLUE,75.87,76.0,75.23,75.33,64.9690597511,65.0803814562,64.4210144335,64.5066465144,1771029,1771029,0.0,1.0,tiingo_historical_seed,
2020-09-16,VLUE,75.89,76.9795,75.69,76.08,64.9861861672,65.9191476882,64.8149220055,65.1488871209,463497,463497,0.0,1.0,tiingo_historical_seed,
2020-09-17,VLUE,75.11,76.19,74.95,75.91,64.3182559365,65.2430824098,64.1812446071,65.0033125834,1059124,1059124,0.0,1.0,tiingo_historical_seed,
2020-09-18,VLUE,76.07,76.1,74.72,75.21,65.1403239128,65.166013537,63.9842908211,64.4038880174,599756,599756,0.0,1.0,tiingo_historical_seed,
2020-09-21,VLUE,74.04,74.04,72.57,73.39,63.4019926713,63.4019926713,62.1432010826,62.8453841456,498018,498018,0.0,1.0,tiingo_historical_seed,
2020-09-22,VLUE,73.62,73.98,72.95,73.45,63.0423379316,63.3506134227,62.4686029899,62.8967633942,488139,488139,0.0,1.0,tiingo_historical_seed,
2020-09-23,VLUE,73.23,73.74,71.53,71.59,63.1277235628,63.5673676843,61.6622431578,61.7139659956,518706,518706,0.478745,1.0,tiingo_historical_seed,
2020-09-24,VLUE,71.34,72.51,70.66,71.78,61.4984541714,62.5070495089,60.9122620094,61.8777549821,615129,615129,0.0,1.0,tiingo_historical_seed,
2020-09-25,VLUE,71.57,72.6672,71.25,72.38,61.6967250497,62.642563344,61.4208699146,62.3949833603,745793,745793,0.0,1.0,tiingo_historical_seed,
2020-09-28,VLUE,73.34,74.17,73.34,73.89,63.2225487655,63.938048022,63.2225487655,63.6966747788,675239,675239,0.0,1.0,tiingo_historical_seed,
2020-09-29,VLUE,73.96,74.06,73.08,73.37,63.7570180896,63.8432228193,62.9984164682,63.2484101844,493753,493753,0.0,1.0,tiingo_historical_seed,
2020-09-30,VLUE,73.67,74.54,73.32,73.78,63.5070243735,64.2570055219,63.2053078195,63.6018495762,1287662,1287662,0.0,1.0,tiingo_historical_seed,
2020-10-01,VLUE,74.07,74.38,73.58,74.04,63.8518432923,64.1190779544,63.4294401168,63.8259818734,496093,496093,0.0,1.0,tiingo_historical_seed,
2020-10-02,VLUE,72.75,74.64,72.75,74.19,62.7139408602,64.3432102516,62.7139408602,63.955288968,688858,688858,0.0,1.0,tiingo_historical_seed,
2020-10-05,VLUE,74.6,75.64,74.6,75.51,64.3087283598,65.2052575487,64.3087283598,65.0931914001,419595,419595,0.0,1.0,tiingo_historical_seed,
2020-10-06,VLUE,75.75,76.745,74.8,74.91,65.3000827514,66.1578198119,64.4811378192,64.5759630218,812577,812577,0.0,1.0,tiingo_historical_seed,
2020-10-07,VLUE,75.77,76.57,75.77,76.38,65.3173236973,66.0069615349,65.3173236973,65.8431725485,1200419,1200419,0.0,1.0,tiingo_historical_seed,
2020-10-08,VLUE,77.0,77.67,76.89,77.67,66.3776418727,66.9552135617,66.28281667,66.9552135617,549674,549674,0.0,1.0,tiingo_historical_seed,
2020-10-09,VLUE,78.03,78.29,77.2,77.28,67.2655505886,67.4896828859,66.5500513321,66.6190151158,609763,609763,0.0,1.0,tiingo_historical_seed,
2020-10-12,VLUE,77.61,78.05,77.435,77.92,66.9034907239,67.2827915346,66.7526324469,67.1707253859,500540,500540,0.0,1.0,tiingo_historical_seed,
2020-10-13,VLUE,77.75,77.94,76.98,77.17,67.0241773455,67.1879663319,66.3604009267,66.5241899132,560791,560791,0.0,1.0,tiingo_historical_seed,
2020-10-14,VLUE,77.45,77.65,76.939,76.96,66.7655631563,66.9379726157,66.3250569875,66.3431599808,484394,484394,0.0,1.0,tiingo_historical_seed,
2020-10-15,VLUE,76.06,77.41,75.9533,77.38,65.5673174134,66.7310812645,65.4753369668,66.7052198455,625217,625217,0.0,1.0,tiingo_historical_seed,
2020-10-16,VLUE,77.55,77.92,77.36,77.48,66.851767886,67.1707253859,66.6879788996,66.7914245752,754082,754082,0.0,1.0,tiingo_historical_seed,
2020-10-19,VLUE,77.66,77.87,76.61,76.75,66.9465930887,67.1276230211,66.0414434268,66.1621300484,711113,711113,0.0,1.0,tiingo_historical_seed,
2020-10-20,VLUE,77.03,77.81,76.8665,77.0,66.4035032916,67.0759001833,66.2625585585,66.3776418727,630114,630114,0.0,1.0,tiingo_historical_seed,
2020-10-21,VLUE,77.15,77.17,76.56,76.6818,66.5069489672,66.5241899132,65.998341062,66.1033384227,388770,388770,0.0,1.0,tiingo_historical_seed,
2020-10-22,VLUE,76.89,77.88,76.7,77.77,66.28281667,67.1362434941,66.1190276836,67.0414182914,404486,404486,0.0,1.0,tiingo_historical_seed,
2020-10-23,VLUE,77.54,77.63,76.77,77.25,66.8431474131,66.9207316698,66.1793709943,66.5931536969,406961,406961,0.0,1.0,tiingo_historical_seed,
2020-10-26,VLUE,76.36,76.36,74.65,75.39,65.8259316026,65.8259316026,64.3518307246,64.9897457244,557743,557743,0.0,1.0,tiingo_historical_seed,
2020-10-27,VLUE,75.32,75.32,74.08,74.08,64.9294024136,64.9294024136,63.8604637653,63.8604637653,902794,902794,0.0,1.0,tiingo_historical_seed,
2020-10-28,VLUE,72.57,73.28,71.88,71.94,62.5587723467,63.1708259276,61.9639597118,62.0156825496,903040,903040,0.0,1.0,tiingo_historical_seed,
2020-10-29,VLUE,71.86,73.35,71.58,72.77,61.9467187658,63.2311692384,61.7053455227,62.7311818062,610927,610927,0.0,1.0,tiingo_historical_seed,
2020-10-30,VLUE,72.36,73.05,71.87,72.99,62.3777424144,62.9725550493,61.9553392388,62.9208322115,1429852,1429852,0.0,1.0,tiingo_historical_seed,
2020-11-02,VLUE,73.86,74.62,73.38,74.45,63.6708133599,64.3259693057,63.2570306574,64.1794212652,1428046,1428046,0.0,1.0,tiingo_historical_seed,
2020-11-03,VLUE,75.52,76.33,75.44,75.9,65.101811873,65.8000701836,65.0328480893,65.4293898459,1477021,1477021,0.0,1.0,tiingo_historical_seed,
2020-11-04,VLUE,76.13,77.23,75.31,75.99,65.6276607242,66.575912751,64.9207819407,65.5069741026,1396190,1396190,0.0,1.0,tiingo_historical_seed,
2020-11-05,VLUE,77.28,78.1982,76.89,77.85,66.6190151158,67.410546944,66.28281667,67.1103820752,1254615,1254615,0.0,1.0,tiingo_historical_seed,
2020-11-06,VLUE,77.6,78.02,77.16,77.31,66.8948702509,67.2569301157,66.5155694402,66.6448765348,1293320,1293320,0.0,1.0,tiingo_historical_seed,
2020-11-09,VLUE,81.26,82.17,80.03,80.12,70.0499633581,70.8344263984,68.9896451827,69.0672294395,2998872,2998872,0.0,1.0,tiingo_historical_seed,
2020-11-10,VLUE,80.22,81.35,80.22,81.21,69.1534341692,70.1275476148,69.1534341692,70.0068609932,1376720,1376720,0.0,1.0,tiingo_historical_seed,
2020-11-11,VLUE,81.94,81.94,80.63,81.13,70.6361555201,70.6361555201,69.5068735609,69.9378972095,2606312,2606312,0.0,1.0,tiingo_historical_seed,
2020-11-12,VLUE,80.67,80.68,79.0064,79.7,69.5413554528,69.5499759258,68.1072535695,68.7051695747,849123,849123,0.0,1.0,tiingo_historical_seed,
2020-11-13,VLUE,80.11,81.93,80.11,81.69,69.0586089665,70.6275350471,69.0586089665,70.4206436958,700631,700631,0.0,1.0,tiingo_historical_seed,
2020-11-16,VLUE,83.28,83.58,82.6,83.55,71.7912988981,72.0499130872,71.2051067361,72.0240516683,1280168,1280168,0.0,1.0,tiingo_historical_seed,
2020-11-17,VLUE,82.97,83.48,82.05,83.14,71.524064236,71.9637083575,70.7309807228,71.6706122765,3118436,3118436,0.0,1.0,tiingo_historical_seed,
2020-11-18,VLUE,83.08,84.02,82.62,82.63,71.6188894387,72.4292138979,71.2223476821,71.230968155,730464,730464,0.0,1.0,tiingo_historical_seed,
2020-11-19,VLUE,82.64,82.925,81.9447,82.89,71.239588628,71.4852721077,70.6402071424,71.4551004523,856905,856905,0.0,1.0,tiingo_historical_seed,
2020-11-20,VLUE,82.68,83.07,82.4203,82.49,71.2740705199,71.6102689657,71.0501968369,71.1102815335,1239630,1239630,0.0,1.0,tiingo_historical_seed,
2020-11-23,VLUE,83.13,84.63,83.13,84.47,71.6619918036,72.9550627491,71.6619918036,72.8171351816,1496257,1496257,0.0,1.0,tiingo_historical_seed,
2020-11-24,VLUE,85.5,86.58,85.11,86.51,73.7050438976,74.6360549784,73.3688454517,74.5757116676,1742936,1742936,0.0,1.0,tiingo_historical_seed,
2020-11-25,VLUE,86.23,86.23,85.21,85.77,74.3343384244,74.3343384244,73.4550501814,73.9377966678,739225,739225,0.0,1.0,tiingo_historical_seed,
2020-11-27,VLUE,85.88,86.29,85.66,85.82,74.0326218704,74.3860612622,73.8429714651,73.9808990326,2250249,2250249,0.0,1.0,tiingo_historical_seed,
2020-11-30,VLUE,85.42,85.69,84.75,84.98,73.6360801138,73.868832884,73.0585084248,73.2567793031,1427776,1427776,0.0,1.0,tiingo_historical_seed,
2020-12-01,VLUE,86.06,86.82,85.88,85.94,74.1877903839,74.8429463297,74.0326218704,74.0843447083,580237,580237,0.0,1.0,tiingo_historical_seed,
2020-12-02,VLUE,85.62,86.6733,85.62,86.61,73.8084895732,74.7164839912,73.8084895732,74.6619163973,591218,591218,0.0,1.0,tiingo_historical_seed,
2020-12-03,VLUE,86.83,87.48,86.54,87.18,74.8515668026,75.4118975457,74.6015730865,75.1532833566,678388,678388,0.0,1.0,tiingo_historical_seed,
2020-12-04,VLUE,87.51,88.81,87.51,88.81,75.4377589646,76.5584204508,75.4377589646,76.5584204508,515277,515277,0.0,1.0,tiingo_historical_seed,
2020-12-07,VLUE,88.73,88.73,87.74,88.12,76.489456667,76.489456667,75.636029843,75.9636078158,491092,491092,0.0,1.0,tiingo_historical_seed,
2020-12-08,VLUE,87.89,88.828,87.685,88.79,75.7653369375,76.5739373021,75.5886172416,76.5411795049,608972,608972,0.0,1.0,tiingo_historical_seed,
2020-12-09,VLUE,88.94,89.46,88.2,88.69,76.6704865994,77.1187511939,76.0325715996,76.4549747752,697630,697630,0.0,1.0,tiingo_historical_seed,
2020-12-10,VLUE,88.26,88.34,87.76,88.06,76.0842944374,76.1532582212,75.6532707889,75.911884978,349583,349583,0.0,1.0,tiingo_historical_seed,
2020-12-11,VLUE,87.68,87.76,86.8443,87.51,75.5843070051,75.6532707889,74.863894079,75.4377589646,720022,720022,0.0,1.0,tiingo_historical_seed,
2020-12-14,VLUE,87.95,87.95,86.38,86.42,76.2865386261,76.2865386261,74.9247436785,74.9594390912,1060507,1060507,0.535135,1.0,tiingo_historical_seed,
2020-12-15,VLUE,87.15,87.41,86.4434,87.36,75.5926303725,75.8181505549,74.9797359076,75.7747812891,560009,560009,0.0,1.0,tiingo_historical_seed,
2020-12-16,VLUE,87.34,87.42,86.89,87.11,75.7574335828,75.8268244081,75.3671101901,75.5579349599,804937,804937,0.0,1.0,tiingo_historical_seed,
2020-12-17,VLUE,87.53,87.54,86.79,87.15,75.922236793,75.9309106461,75.2803716584,75.5926303725,977151,977151,0.0,1.0,tiingo_historical_seed,
2020-12-18,VLUE,87.48,87.48,85.72,86.09,75.8788675271,75.8788675271,74.3522693693,74.6732019366,1057633,1057633,0.0,1.0,tiingo_historical_seed,
2020-12-21,VLUE,84.43,85.8,84.366,85.63,73.2333423104,74.4216601946,73.1778296501,74.2742046908,1919986,1919986,0.0,1.0,tiingo_historical_seed,
2020-12-22,VLUE,85.47,85.47,84.76,84.86,74.1354230401,74.1354230401,73.519579465,73.6063179967,650988,650988,0.0,1.0,tiingo_historical_seed,
2020-12-23,VLUE,85.13,86.06,84.97,85.66,73.8405120323,74.6471803771,73.7017303816,74.3002262503,443687,443687,0.0,1.0,tiingo_historical_seed,
2020-12-24,VLUE,85.98,85.98,85.245,85.78,74.5777895517,74.5777895517,73.9402613437,74.4043124883,209939,209939,0.0,1.0,tiingo_historical_seed,
2020-12-28,VLUE,86.47,86.62,85.7,85.83,75.002808357,75.1329161546,74.334921663,74.4476817542,414085,414085,0.0,1.0,tiingo_historical_seed,
2020-12-29,VLUE,86.31,86.31,85.42,85.71,74.8640267063,74.8640267063,74.0920537742,74.3435955161,953312,953312,0.0,1.0,tiingo_historical_seed,
2020-12-30,VLUE,85.9,86.38,85.9,86.095,74.5083987263,74.9247436785,74.5083987263,74.6775388631,977610,977610,0.0,1.0,tiingo_historical_seed,
2020-12-31,VLUE,86.17,86.98,85.86,86.91,74.7425927619,75.4451748687,74.4737033137,75.3844578965,413368,413368,0.0,1.0,tiingo_historical_seed,
2021-01-04,VLUE,87.2,87.45,85.425,86.14,75.6359996384,75.8528459676,74.0963907008,74.7165712024,1057391,1057391,0.0,1.0,tiingo_historical_seed,
2021-01-05,VLUE,86.33,87.65,86.33,87.2,74.8813744126,76.026323031,74.8813744126,75.6359996384,906959,906959,0.0,1.0,tiingo_historical_seed,
2021-01-06,VLUE,87.56,90.2902,87.56,89.47,75.9482583525,78.3163937448,75.9482583525,77.6049643079,3376197,3376197,0.0,1.0,tiingo_historical_seed,
2021-01-07,VLUE,90.41,90.935,90.0896,90.63,78.4203065058,78.8756837972,78.1423962503,78.6111312755,870832,870832,0.0,1.0,tiingo_historical_seed,
2021-01-08,VLUE,91.34,91.34,89.39,90.22,79.2269748506,79.2269748506,77.5355734825,78.2555032956,841440,841440,0.0,1.0,tiingo_historical_seed,
2021-01-11,VLUE,89.89,91.1,89.45,90.84,77.969266141,79.0188023745,77.5876166015,78.7932821921,500430,500430,0.0,1.0,tiingo_historical_seed,
2021-01-12,VLUE,91.36,92.18,91.0,92.04,79.2443225569,79.9555785168,78.9320638428,79.8341445724,454462,454462,0.0,1.0,tiingo_historical_seed,
2021-01-13,VLUE,93.02,93.13,92.05,92.31,80.6841821831,80.7795945679,79.8428184256,80.068338608,752045,752045,0.0,1.0,tiingo_historical_seed,
2021-01-14,VLUE,92.69,94.48,92.69,93.94,80.3979450285,81.9505647458,80.3979450285,81.4821766747,1921390,1921390,0.0,1.0,tiingo_historical_seed,
2021-01-15,VLUE,93.5,93.5,92.09,92.75,81.1005271352,81.1005271352,79.8775138383,80.4499881475,7896196,7896196,0.0,1.0,tiingo_historical_seed,
2021-01-19,VLUE,93.66,93.7695,93.07,93.58,81.2393087859,81.3342874781,80.7275514489,81.1699179605,1030824,1030824,0.0,1.0,tiingo_historical_seed,
2021-01-20,VLUE,93.96,94.33,93.57,94.05,81.499524381,81.8204569483,81.1612441074,81.5775890595,1481912,1481912,0.0,1.0,tiingo_historical_seed,
2021-01-21,VLUE,94.38,94.69,93.83,94.4,81.8638262141,82.1327156624,81.3867642898,81.8811739205,463792,463792,0.0,1.0,tiingo_historical_seed,
2021-01-22,VLUE,93.23,93.325,92.49,93.01,80.8663330996,80.9487347047,80.2244679651,80.6755083299,709091,709091,0.0,1.0,tiingo_historical_seed,
2021-01-25,VLUE,93.01,93.02,91.61,92.79,80.6755083299,80.6841821831,79.4611688862,80.4846835602,474104,474104,0.0,1.0,tiingo_historical_seed,
2021-01-26,VLUE,93.15,93.24,92.27,92.61,80.7969422743,80.8750069528,80.0336431953,80.3285542031,672159,672159,0.0,1.0,tiingo_historical_seed,
2021-01-27,VLUE,91.65,91.84,90.24,90.66,79.4958642988,79.6606675091,78.2728510019,78.637152835,498271,498271,0.0,1.0,tiingo_historical_seed,
2021-01-28,VLUE,91.14,92.175,90.95,91.14,79.0534977872,79.9512415902,78.888694577,79.0534977872,704911,704911,0.0,1.0,tiingo_historical_seed,
2021-01-29,VLUE,91.03,91.54,89.4067,89.78,78.9580854023,79.400451914,77.5500588173,77.8738537561,1651252,1651252,0.0,1.0,tiingo_historical_seed,
2021-02-01,VLUE,90.66,91.29,89.76,90.91,78.637152835,79.1836055847,77.8565060498,78.8539991643,906464,906464,0.0,1.0,tiingo_historical_seed,
2021-02-02,VLUE,91.89,92.1194,91.39,91.77,79.7040367749,79.9030149666,79.2703441164,79.5999505369,1273338,1273338,0.0,1.0,tiingo_historical_seed,
2021-02-03,VLUE,91.82,92.34,91.54,92.19,79.6433198027,80.0943601675,79.400451914,79.96425237,535319,535319,0.0,1.0,tiingo_historical_seed,
2021-02-04,VLUE,92.205,93.46,92.09,93.42,79.9772631497,81.0658317225,79.8775138383,81.0311363098,619905,619905,0.0,1.0,tiingo_historical_seed,
2021-02-05,VLUE,93.85,94.1962,93.59,93.71,81.4041119961,81.7044007929,81.1785918137,81.2826780518,579778,579778,0.0,1.0,tiingo_historical_seed,
2021-02-08,VLUE,94.39,95.2,94.35,95.19,81.8725000673,82.575082174,81.8378046546,82.5664083208,1768210,1768210,0.0,1.0,tiingo_historical_seed,
2021-02-09,VLUE,95.16,95.41,94.66,95.19,82.5403867613,82.7572330906,82.1066941029,82.5664083208,695584,695584,0.0,1.0,tiingo_historical_seed,
2021-02-10,VLUE,95.42,95.489,94.26,95.21,82.7659069437,82.8257565306,81.7597399761,82.5837560272,607390,607390,0.0,1.0,tiingo_historical_seed,
2021-02-11,VLUE,95.32,95.71,94.73,95.68,82.679168412,83.0174486857,82.167411075,82.9914271262,673196,673196,0.0,1.0,tiingo_historical_seed,
2021-02-12,VLUE,95.29,96.5248,95.29,96.4,82.6531468525,83.7241942419,82.6531468525,83.6159445544,767529,767529,0.0,1.0,tiingo_historical_seed,
2021-02-16,VLUE,96.98,96.98,96.3301,96.46,84.1190280382,84.1190280382,83.5553143207,83.6679876734,523475,523475,0.0,1.0,tiingo_historical_seed,
2021-02-17,VLUE,96.02,96.76,95.67,96.63,83.2863381339,83.9282032685,82.982753273,83.8154431773,556253,556253,0.0,1.0,tiingo_historical_seed,
2021-02-18,VLUE,96.06,96.52,95.6588,96.18,83.3210335466,83.7200307924,82.9730385574,83.4251197846,684771,684771,0.0,1.0,tiingo_historical_seed,
2021-02-19,VLUE,96.63,97.42,96.63,97.14,83.8154431773,84.5006775777,83.8154431773,84.2578096889,414181,414181,0.0,1.0,tiingo_historical_seed,
2021-02-22,VLUE,96.75,97.675,96.71,96.91,83.9195294153,84.7218608335,83.8848340026,84.058311066,656018,656018,0.0,1.0,tiingo_historical_seed,
2021-02-23,VLUE,96.57,97.3,95.24,96.94,83.7634000582,84.3965913396,82.6097775867,84.0843326255,1193835,1193835,0.0,1.0,tiingo_historical_seed,
2021-02-24,VLUE,97.12,99.265,96.86,99.19,84.2404619826,86.1010034874,84.0149418002,86.0359495887,1533514,1533514,0.0,1.0,tiingo_historical_seed,
2021-02-25,VLUE,99.24,99.24,96.03,96.34,86.0793188545,86.0793188545,83.2950119871,83.5639014353,1180957,1180957,0.0,1.0,tiingo_historical_seed,
2021-02-26,VLUE,96.93,97.16,95.05,95.98,84.0756587723,84.2751573952,82.4449743765,83.2516427212,943105,943105,0.0,1.0,tiingo_historical_seed,
2021-03-01,VLUE,97.44,98.76,97.18,98.31,84.518025284,85.6629739024,84.2925051016,85.2726505097,519189,519189,0.0,1.0,tiingo_historical_seed,
2021-03-02,VLUE,98.51,98.67,97.75,97.765,85.4461275731,85.5849092238,84.7869147322,84.799925512,2048530,2048530,0.0,1.0,tiingo_historical_seed,
2021-03-03,VLUE,97.89,98.725,97.57,97.69,84.9083486766,85.6326154163,84.6307853752,84.7348716132,583368,583368,0.0,1.0,tiingo_historical_seed,
2021-03-04,VLUE,97.69,98.325,94.59,96.22,84.7348716132,85.2856612895,82.0459771307,83.4598151973,1628429,1628429,0.0,1.0,tiingo_historical_seed,
2021-03-05,VLUE,97.37,99.08,95.62,98.76,84.4573083118,85.9405372038,82.9393840071,85.6629739024,1427474,1427474,0.0,1.0,tiingo_historical_seed,
2021-03-08,VLUE,98.95,100.86,98.94,99.62,85.8277771126,87.484483068,85.8191032594,86.408925275,868997,868997,0.0,1.0,tiingo_historical_seed,
2021-03-09,VLUE,100.38,100.93,99.65,100.04,87.0681381158,87.5452000402,86.4349468345,86.7732271081,10290532,10290532,0.0,1.0,tiingo_historical_seed,
2021-03-10,VLUE,100.46,101.65,100.46,101.2,87.1375289412,88.1697174684,87.1375289412,87.7793940757,1050527,1050527,0.0,1.0,tiingo_historical_seed,
2021-03-11,VLUE,101.97,102.37,101.278,101.72,88.4472807698,88.7942348966,87.8470501305,88.2304344406,820644,820644,0.0,1.0,tiingo_historical_seed,
2021-03-12,VLUE,101.94,102.86,101.64,102.83,88.4212592103,89.2192537019,88.1610436152,89.1932321424,841801,841801,0.0,1.0,tiingo_historical_seed,
2021-03-15,VLUE,103.1,103.77,102.4205,103.74,89.427426178,90.0085743403,88.8380378551,89.9825527808,1671724,1671724,0.0,1.0,tiingo_historical_seed,
2021-03-16,VLUE,103.61,103.95,103.1301,103.33,89.8697926896,90.1647036974,89.453534476,89.6269248009,806876,806876,0.0,1.0,tiingo_historical_seed,
2021-03-17,VLUE,103.18,104.49,102.5701,104.49,89.4968170033,90.6330917685,88.9677986985,90.6330917685,821675,821675,0.0,1.0,tiingo_historical_seed,
2021-03-18,VLUE,104.16,105.18,103.1264,103.34,90.3468546139,91.2315876372,89.4503251503,89.635598654,918009,918009,0.0,1.0,tiingo_historical_seed,
2021-03-19,VLUE,103.51,104.1388,102.37,103.35,89.7830541579,90.3284660452,88.7942348966,89.6442725072,984651,984651,0.0,1.0,tiingo_historical_seed,
2021-03-22,VLUE,103.32,104.1595,102.84,103.82,89.6182509477,90.3464209213,89.2019059955,90.0519436062,622822,622822,0.0,1.0,tiingo_historical_seed,
2021-03-23,VLUE,103.14,103.17,100.89,101.27,89.4621215906,89.4881431501,87.5105046275,87.8401110479,3100578,3100578,0.0,1.0,tiingo_historical_seed,
2021-03-24,VLUE,102.27,102.49,100.35,100.35,88.7074963649,88.8983211346,87.0421165563,87.0421165563,1324765,1324765,0.0,1.0,tiingo_historical_seed,
2021-03-25,VLUE,99.25,101.37,98.96,101.15,86.4849651662,88.3323014498,86.2322635047,88.1405967411,1312955,1312955,0.466427,1.0,tiingo_historical_seed,
2021-03-26,VLUE,101.61,103.0,101.09,102.96,88.5414338593,89.7526590641,88.0883136388,89.7178036625,1387165,1387165,0.0,1.0,tiingo_historical_seed,
2021-03-29,VLUE,102.43,102.88,101.64,102.17,89.2559695916,89.6480928594,88.5675754105,89.0294094814,1326901,1326901,0.0,1.0,tiingo_historical_seed,
2021-03-30,VLUE,102.03,102.93,101.88,102.76,88.9074155758,89.6916621114,88.7767078199,89.5435266546,734447,734447,0.0,1.0,tiingo_historical_seed,
2021-03-31,VLUE,103.12,103.12,102.4328,102.46,89.8572252689,89.8572252689,89.2584094697,89.2821111428,1062591,1062591,0.0,1.0,tiingo_historical_seed,
2021-04-01,VLUE,103.2,103.58,102.57,103.51,89.926936072,90.258062387,89.3779634972,90.1970654342,964225,964225,0.0,1.0,tiingo_historical_seed,
2021-04-05,VLUE,104.43,105.0095,104.0997,104.88,90.9987396705,91.5037073009,90.710921192,91.3908629383,1074298,1074298,0.0,1.0,tiingo_historical_seed,
2021-04-06,VLUE,104.76,105.22,104.39,104.67,91.2862967336,91.6871338517,90.963884269,91.20787208,800115,800115,0.0,1.0,tiingo_historical_seed,
2021-04-07,VLUE,104.97,104.97,104.0601,104.52,91.4692875918,91.4692875918,90.6764143444,91.0771643241,753409,753409,0.0,1.0,tiingo_historical_seed,
2021-04-08,VLUE,104.63,104.63,103.77,104.42,91.1730166784,91.1730166784,90.4236255445,90.9900258201,1419002,1419002,0.0,1.0,tiingo_historical_seed,
2021-04-09,VLUE,104.42,105.02,104.29,105.0,90.9900258201,91.5128568438,90.876745765,91.495429143,587717,587717,0.0,1.0,tiingo_historical_seed,
2021-04-12,VLUE,104.82,105.2079,104.25,104.59,91.3385798359,91.6765900927,90.8418903634,91.1381612769,2699410,2699410,0.0,1.0,tiingo_historical_seed,
2021-04-13,VLUE,104.36,104.53,103.3205,103.77,90.9377427178,91.0858781745,90.0319379693,90.4236255445,941215,941215,0.0,1.0,tiingo_historical_seed,
2021-04-14,VLUE,103.77,104.57,103.6374,103.97,90.4236255445,91.1207335761,90.3080798883,90.5979025524,1376283,1376283,0.0,1.0,tiingo_historical_seed,
2021-04-15,VLUE,104.61,104.61,103.85,104.45,91.1555889776,91.1555889776,90.4933363477,91.0161673713,1658549,1658549,0.0,1.0,tiingo_historical_seed,
2021-04-16,VLUE,104.78,105.25,104.685,104.88,91.3037244344,91.7132754029,91.2209428556,91.3908629383,1149265,1149265,0.0,1.0,tiingo_historical_seed,
2021-04-19,VLUE,104.83,104.88,103.815,104.18,91.3472936863,91.3908629383,90.4628378713,90.7808934107,922925,922925,0.0,1.0,tiingo_historical_seed,
2021-04-20,VLUE,103.92,103.92,102.48,102.81,90.5543333004,90.5543333004,89.2995388436,89.5870959066,1443212,1443212,0.0,1.0,tiingo_historical_seed,
2021-04-21,VLUE,102.65,104.63,102.5,104.53,89.4476743003,91.1730166784,89.3169665444,91.0858781745,1559148,1559148,0.0,1.0,tiingo_historical_seed,
2021-04-22,VLUE,104.96,104.96,103.225,103.55,91.4605737415,91.4605737415,89.948720698,90.2319208358,2919782,2919782,0.0,1.0,tiingo_historical_seed,
2021-04-23,VLUE,103.6,104.64,103.18,104.28,90.2754900878,91.1817305288,89.9095083712,90.8680319146,1218897,1218897,0.0,1.0,tiingo_historical_seed,
2021-04-26,VLUE,104.51,104.975,104.44,104.56,91.0684504737,91.473644517,91.0074535209,91.1120197257,9127139,9127139,0.0,1.0,tiingo_historical_seed,
2021-04-27,VLUE,104.65,104.9,104.36,104.75,91.1904443792,91.4082906391,90.9377427178,91.2775828832,1665037,1665037,0.0,1.0,tiingo_historical_seed,
2021-04-28,VLUE,104.64,104.89,104.36,104.53,91.1817305288,91.3995767887,90.9377427178,91.0858781745,1962155,1962155,0.0,1.0,tiingo_historical_seed,
2021-04-29,VLUE,105.15,105.31,104.25,105.2,91.626136899,91.7655585053,90.8418903634,91.6697061509,732304,732304,0.0,1.0,tiingo_historical_seed,
2021-04-30,VLUE,104.53,104.89,103.91,104.28,91.0858781745,91.3995767887,90.54561945,90.8680319146,769169,769169,0.0,1.0,tiingo_historical_seed,
2021-05-03,VLUE,105.0,105.62,104.71,105.13,91.495429143,92.0356878675,91.2427274816,91.6087091982,973780,973780,0.0,1.0,tiingo_historical_seed,
2021-05-04,VLUE,104.71,104.99,103.705,104.95,91.2427274816,91.4867152926,90.3669855169,91.4518598911,1168263,1168263,0.0,1.0,tiingo_historical_seed,
2021-05-05,VLUE,105.57,106.04,105.51,105.75,91.9921186155,92.4016695841,91.9398355132,92.1489679226,1442493,1442493,0.0,1.0,tiingo_historical_seed,
2021-05-06,VLUE,105.79,106.85,105.25,106.84,92.1838233242,93.107491466,91.7132754029,93.0987776156,2462287,2462287,0.0,1.0,tiingo_historical_seed,
2021-05-07,VLUE,106.61,107.95,106.34,107.86,92.8983590566,94.0660150094,92.6630850959,93.9875903559,2324549,2324549,0.0,1.0,tiingo_historical_seed,
2021-05-10,VLUE,108.4,108.4,107.1,107.12,94.4581382772,94.4581382772,93.3253377259,93.3427654267,5043624,5043624,0.0,1.0,tiingo_historical_seed,
2021-05-11,VLUE,105.69,106.47,104.675,105.73,92.0966848203,92.776365151,91.2122290052,92.1315402218,5219260,5219260,0.0,1.0,tiingo_historical_seed,
2021-05-12,VLUE,105.44,105.4839,102.905,103.04,91.8788385604,91.9170923636,89.6698774854,89.7875144657,1588458,1588458,0.0,1.0,tiingo_historical_seed,
2021-05-13,VLUE,103.44,105.31,103.33,104.79,90.1360684815,91.7655585053,90.0402161271,91.3124382847,1293138,1293138,0.0,1.0,tiingo_historical_seed,
2021-05-14,VLUE,105.44,106.66,105.31,106.35,91.8788385604,92.9419283085,91.7655585053,92.6717989463,984759,984759,0.0,1.0,tiingo_historical_seed,
2021-05-17,VLUE,106.55,106.92,106.17,106.58,92.8460759542,93.1684884188,92.5149496392,92.8722175054,2044848,2044848,0.0,1.0,tiingo_historical_seed,
2021-05-18,VLUE,106.45,106.535,105.15,105.23,92.7589374502,92.8330051786,91.626136899,91.6958477021,1151298,1151298,0.0,1.0,tiingo_historical_seed,
2021-05-19,VLUE,103.89,104.93,103.07,104.93,90.5281917492,91.4344321903,89.8136560169,91.4344321903,1731977,1731977,0.0,1.0,tiingo_historical_seed,
2021-05-20,VLUE,105.13,106.09,104.72,105.76,91.6087091982,92.445238836,91.251441332,92.157681773,994310,994310,0.0,1.0,tiingo_historical_seed,
2021-05-21,VLUE,106.16,106.8439,105.95,106.21,92.5062357888,93.1021760173,92.3232449305,92.5498050408,553299,553299,0.0,1.0,tiingo_historical_seed,
2021-05-24,VLUE,106.79,107.36,106.69,106.88,93.0552083637,93.5518978362,92.9680698597,93.1336330172,1783902,1783902,0.0,1.0,tiingo_historical_seed,
2021-05-25,VLUE,107.2,107.33,105.83,105.95,93.4124762298,93.525756285,92.2186787258,92.3232449305,3475283,3475283,0.0,1.0,tiingo_historical_seed,
2021-05-26,VLUE,106.37,106.56,105.88,106.51,92.6892266471,92.8547898046,92.2622479778,92.8112205526,629238,629238,0.0,1.0,tiingo_historical_seed,
2021-05-27,VLUE,107.25,107.78,107.25,107.505,93.4560454818,93.9178795527,93.4560454818,93.6782486669,1236980,1236980,0.0,1.0,tiingo_historical_seed,
2021-05-28,VLUE,107.83,107.83,106.95,107.25,93.9614488047,93.9614488047,93.19462997,93.4560454818,1247468,1247468,0.0,1.0,tiingo_historical_seed,
2021-06-01,VLUE,107.83,108.24,107.36,107.67,93.9614488047,94.3187166709,93.5518978362,93.8220271984,586589,586589,0.0,1.0,tiingo_historical_seed,
2021-06-02,VLUE,108.02,108.06,107.41,108.03,94.1270119622,94.1618673638,93.5954670881,94.1357258126,442447,442447,0.0,1.0,tiingo_historical_seed,
2021-06-03,VLUE,107.76,108.25,107.2,108.08,93.9004518519,94.3274305213,93.4124762298,94.1792950646,1214794,1214794,0.0,1.0,tiingo_historical_seed,
2021-06-04,VLUE,108.65,108.7991,108.22,108.72,94.6759845371,94.8059080464,94.3012889701,94.7369814898,701334,701334,0.0,1.0,tiingo_historical_seed,
2021-06-07,VLUE,108.95,108.95,108.24,108.46,94.9374000489,94.9374000489,94.3187166709,94.5104213796,911989,911989,0.0,1.0,tiingo_historical_seed,
2021-06-08,VLUE,108.41,108.47,107.67,108.33,94.4668521276,94.51913523,93.8220271984,94.3971413244,540814,540814,0.0,1.0,tiingo_historical_seed,
2021-06-09,VLUE,108.46,108.46,107.64,107.7,94.5104213796,94.5104213796,93.7958856472,93.8481687496,1018730,1018730,0.0,1.0,tiingo_historical_seed,
2021-06-10,VLUE,107.83,108.01,106.8601,107.1,94.3900235541,94.5475882786,93.5410122971,93.7510110604,1413602,1413602,0.488502,1.0,tiingo_historical_seed,
2021-06-11,VLUE,107.65,107.65,107.01,107.45,94.2324588297,94.2324588297,93.6722286982,94.0573869136,1523453,1523453,0.0,1.0,tiingo_historical_seed,
2021-06-14,VLUE,107.4,107.4,106.125,106.63,94.0136189346,94.0136189346,92.8975354696,93.3395920577,755520,755520,0.0,1.0,tiingo_historical_seed,
2021-06-15,VLUE,106.87,107.065,106.38,106.85,93.5496783569,93.7203734751,93.1207521626,93.5321711653,633753,633753,0.0,1.0,tiingo_historical_seed,
2021-06-16,VLUE,107.03,107.03,105.47,105.82,93.6897358898,93.6897358898,92.3241749444,92.6305507975,889087,889087,0.0,1.0,tiingo_historical_seed,
2021-06-17,VLUE,106.21,106.21,103.6,104.28,92.9719410339,92.9719410339,90.6872525291,91.2824970437,1154955,1154955,0.0,1.0,tiingo_historical_seed,
2021-06-18,VLUE,103.165,103.24,102.2325,102.28,90.3064711116,90.3721230801,89.4901983029,89.5317778829,1210429,1210429,0.0,1.0,tiingo_historical_seed,
2021-06-21,VLUE,103.07,104.08,102.96,104.07,90.2233119514,91.1074251276,90.1270223976,91.0986715318,1277075,1277075,0.0,1.0,tiingo_historical_seed,
2021-06-22,VLUE,104.14,104.35,103.57,104.07,91.1599467025,91.3437722143,90.6609917416,91.0986715318,1240209,1240209,0.0,1.0,tiingo_historical_seed,
2021-06-23,VLUE,104.22,104.39,103.94,103.94,91.2299754689,91.3787865976,90.9848747864,90.9848747864,1186825,1186825,0.0,1.0,tiingo_historical_seed,
2021-06-24,VLUE,104.38,104.91,104.15,104.82,91.3700330018,91.8339735794,91.1687002983,91.7551912171,602422,602422,0.0,1.0,tiingo_historical_seed,
2021-06-25,VLUE,104.61,105.48,104.61,105.3,91.5713657053,92.3329285402,91.5713657053,92.1753638157,1207217,1207217,0.0,1.0,tiingo_historical_seed,
2021-06-28,VLUE,105.34,105.34,104.65,105.1,92.2103781989,92.2103781989,91.6063800885,92.0002918996,580700,580700,0.0,1.0,tiingo_historical_seed,
2021-06-29,VLUE,105.21,105.62,104.59,104.73,92.0965814535,92.4554788815,91.5538585136,91.6764088549,837921,837921,0.0,1.0,tiingo_historical_seed,
2021-06-30,VLUE,104.75,105.25,104.57,105.06,91.6939160465,92.1315958367,91.536351322,91.9652775164,753072,753072,0.0,1.0,tiingo_historical_seed,
2021-07-01,VLUE,105.43,105.59,104.97,105.42,92.2891605612,92.429218094,91.8864951542,92.2804069654,702612,702612,0.0,1.0,tiingo_historical_seed,
2021-07-02,VLUE,105.51,105.61,105.06,105.39,92.3591893276,92.4467252856,91.9652775164,92.254146178,635296,635296,0.0,1.0,tiingo_historical_seed,
2021-07-06,VLUE,105.22,105.25,103.31,103.96,92.1053350493,92.1315958367,90.4333982507,91.002381978,1002147,1002147,0.0,1.0,tiingo_historical_seed,
2021-07-07,VLUE,103.71,104.29,103.145,103.96,90.7835420829,91.2912506395,90.28896392,91.002381978,1611447,1611447,0.0,1.0,tiingo_historical_seed,
2021-07-08,VLUE,102.24,103.34,101.88,102.82,89.4967634997,90.4596590381,89.1816340508,90.0044720563,1509076,1509076,0.0,1.0,tiingo_historical_seed,
2021-07-09,VLUE,103.51,104.7099,103.51,104.6,90.6084701668,91.6588141273,90.6084701668,91.5626121094,1288100,1288100,0.0,1.0,tiingo_historical_seed,
2021-07-12,VLUE,104.21,105.12,103.83,105.08,91.2212218731,92.0177990913,90.8885852325,91.982784708,1507175,1507175,0.0,1.0,tiingo_historical_seed,
2021-07-13,VLUE,104.7,104.99,103.99,104.06,91.6501480675,91.9040023458,91.0286427654,91.089917936,5930475,5930475,0.0,1.0,tiingo_historical_seed,
2021-07-14,VLUE,104.63,105.1,103.565,104.03,91.5888728969,92.0002918996,90.6566149437,91.0636571486,1726319,1726319,0.0,1.0,tiingo_historical_seed,
2021-07-15,VLUE,103.66,103.87,103.0738,103.56,90.7397741039,90.9235996158,90.2266383178,90.6522381458,1485108,1485108,0.0,1.0,tiingo_historical_seed,
2021-07-16,VLUE,104.01,104.0711,102.16,102.26,91.046149957,91.0996344274,89.4267347333,89.5142706913,1630204,1630204,0.0,1.0,tiingo_historical_seed,
2021-07-19,VLUE,100.67,101.01,99.73,100.57,88.1224489585,88.4200712158,87.2996109529,88.0349130005,3237612,3237612,0.0,1.0,tiingo_historical_seed,
2021-07-20,VLUE,101.03,102.89,100.73,102.54,88.4375784074,90.065747227,88.1749705333,89.7593713738,2176920,2176920,0.0,1.0,tiingo_historical_seed,
2021-07-21,VLUE,103.13,103.87,103.065,103.8,90.2758335263,90.9235996158,90.2189351535,90.8623244451,3553318,3553318,0.0,1.0,tiingo_historical_seed,
2021-07-22,VLUE,103.7,103.7,102.64,103.15,90.7747884871,90.7747884871,89.8469073319,90.2933407179,4630422,4630422,0.0,1.0,tiingo_historical_seed,
2021-07-23,VLUE,103.4,103.415,102.78,103.34,90.512180613,90.5253110067,89.9694576731,90.4596590381,2835279,2835279,0.0,1.0,tiingo_historical_seed,
2021-07-26,VLUE,103.3,104.01,103.22,103.97,90.4246446549,91.046149957,90.3546158885,91.0111355738,1326242,1326242,0.0,1.0,tiingo_historical_seed,
2021-07-27,VLUE,103.53,103.62,102.7009,103.52,90.6259773584,90.7047597207,89.9002167303,90.6172237626,751294,751294,0.0,1.0,tiingo_historical_seed,
2021-07-28,VLUE,103.59,104.08,103.03,103.63,90.6784989332,91.1074251276,90.1882975682,90.7135133165,1407258,1407258,0.0,1.0,tiingo_historical_seed,
2021-07-29,VLUE,104.57,105.23,104.45,104.89,91.536351322,92.1140886451,91.4313081724,91.8164663878,785609,785609,0.0,1.0,tiingo_historical_seed,
2021-07-30,VLUE,104.48,105.1,104.16,104.33,91.4575689598,92.0002918996,91.1774538941,91.3262650227,1126445,1126445,0.0,1.0,tiingo_historical_seed,
2021-08-02,VLUE,104.58,105.76,104.11,104.21,91.5451049178,92.5780292227,91.1336859151,91.2212218731,673860,673860,0.0,1.0,tiingo_historical_seed,
2021-08-03,VLUE,104.57,105.45,103.48,105.45,91.536351322,92.3066677528,90.5822093794,92.3066677528,995502,995502,0.0,1.0,tiingo_historical_seed,
2021-08-04,VLUE,104.69,104.76,103.83,103.83,91.6413944717,91.7026696423,90.8885852325,90.8885852325,1068759,1068759,0.0,1.0,tiingo_historical_seed,
2021-08-05,VLUE,104.08,104.44,104.05,104.33,91.1074251276,91.4225545766,91.0811643402,91.3262650227,684044,684044,0.0,1.0,tiingo_historical_seed,
2021-08-06,VLUE,104.72,105.3403,104.65,105.12,91.6676552591,92.2106408068,91.6063800885,92.0177990913,682359,682359,0.0,1.0,tiingo_historical_seed,
2021-08-09,VLUE,105.04,105.1545,104.51,104.89,91.9477703248,92.0479989968,91.4838297472,91.8164663878,1153206,1153206,0.0,1.0,tiingo_historical_seed,
2021-08-10,VLUE,104.87,105.672,104.75,105.6,91.7989591962,92.5009975796,91.6939160465,92.4379716898,671942,671942,0.0,1.0,tiingo_historical_seed,
2021-08-11,VLUE,105.84,106.35,105.45,106.33,92.6480579891,93.0944913751,92.3066677528,93.0769841835,1241113,1241113,0.0,1.0,tiingo_historical_seed,
2021-08-12,VLUE,106.27,106.27,105.29,105.85,93.0244626087,93.0244626087,92.1666102199,92.6568115849,636813,636813,0.0,1.0,tiingo_historical_seed,
2021-08-13,VLUE,105.96,106.04,105.59,105.78,92.7531011388,92.8231299052,92.429218094,92.5955364143,948564,948564,0.0,1.0,tiingo_historical_seed,
2021-08-16,VLUE,105.39,105.74,104.77,105.72,92.254146178,92.5605220311,91.7114232381,92.5430148395,1014814,1014814,0.0,1.0,tiingo_historical_seed,
2021-08-17,VLUE,105.16,105.225,103.85,104.84,92.0528134745,92.1097118472,90.9060924242,91.7726984087,1386706,1386706,0.0,1.0,tiingo_historical_seed,
2021-08-18,VLUE,104.56,105.22,103.67,103.75,91.5275977262,92.1053350493,90.7485276997,90.8185564661,1236402,1236402,0.0,1.0,tiingo_historical_seed,
2021-08-19,VLUE,102.9,103.51,102.41,102.9,90.0745008228,90.6084701668,89.6455746284,90.0745008228,1819137,1819137,0.0,1.0,tiingo_historical_seed,
2021-08-20,VLUE,102.9,103.65,102.65,103.48,90.0745008228,90.7310205081,89.8556609277,90.5822093794,732203,732203,0.0,1.0,tiingo_historical_seed,
2021-08-23,VLUE,103.98,104.618,103.98,104.36,91.0198891696,91.5783685819,91.0198891696,91.3525258102,1179176,1179176,0.0,1.0,tiingo_historical_seed,
2021-08-24,VLUE,104.55,105.17,104.53,104.97,91.5188441304,92.0615670703,91.5013369388,91.8864951542,1520358,1520358,0.0,1.0,tiingo_historical_seed,
2021-08-25,VLUE,105.15,106.0,104.82,105.47,92.0440598787,92.788115522,91.7551912171,92.3241749444,1067757,1067757,0.0,1.0,tiingo_historical_seed,
2021-08-26,VLUE,105.37,105.37,104.3,104.46,92.2366389864,92.2366389864,91.3000042353,91.4400617682,1545310,1545310,0.0,1.0,tiingo_historical_seed,
2021-08-27,VLUE,104.535,105.69,104.483,105.53,91.5057137367,92.5167540521,91.4601950385,92.3766965192,691118,691118,0.0,1.0,tiingo_historical_seed,
2021-08-30,VLUE,105.63,105.64,104.94,105.05,92.4642324773,92.4729860731,91.8602343668,91.9565239206,456024,456024,0.0,1.0,tiingo_historical_seed,
2021-08-31,VLUE,105.1,105.56,104.86,105.13,92.0002918996,92.4029573066,91.7902056004,92.0265526871,967602,967602,0.0,1.0,tiingo_historical_seed,
2021-09-01,VLUE,105.295,105.39,104.2348,104.48,92.1709870178,92.254146178,91.2429307907,91.4575689598,1108953,1108953,0.0,1.0,tiingo_historical_seed,
2021-09-02,VLUE,104.73,105.34,104.57,105.34,91.6764088549,92.2103781989,91.536351322,92.2103781989,774898,774898,0.0,1.0,tiingo_historical_seed,
2021-09-03,VLUE,105.13,105.27,104.61,104.8,92.0265526871,92.1491030283,91.5713657053,91.7376840255,742512,742512,0.0,1.0,tiingo_historical_seed,
2021-09-07,VLUE,104.69,104.71,103.96,104.06,91.6413944717,91.6589016633,91.002381978,91.089917936,723090,723090,0.0,1.0,tiingo_historical_seed,
2021-09-08,VLUE,103.89,104.12,103.27,103.73,90.9411068074,91.1424395109,90.3983838675,90.8010492745,935056,935056,0.0,1.0,tiingo_historical_seed,
2021-09-09,VLUE,103.58,104.095,103.3,103.37,90.6697453374,91.1205555213,90.4246446549,90.4859198256,989827,989827,0.0,1.0,tiingo_historical_seed,
2021-09-10,VLUE,103.99,104.16,102.66,102.67,91.0286427654,91.1774538941,89.8644145235,89.8731681193,761969,761969,0.0,1.0,tiingo_historical_seed,
2021-09-13,VLUE,103.52,103.987,103.2,103.79,90.6172237626,91.0260166867,90.3371086969,90.8535708493,652347,652347,0.0,1.0,tiingo_historical_seed,
2021-09-14,VLUE,104.14,104.14,102.4,102.59,91.1599467025,91.1599467025,89.6368210326,89.8031393529,721548,721548,0.0,1.0,tiingo_historical_seed,
2021-09-15,VLUE,102.56,104.04,102.48,103.92,89.7768785654,91.0724107444,89.706849799,90.9673675948,744676,744676,0.0,1.0,tiingo_historical_seed,
2021-09-16,VLUE,103.81,104.15,103.02,103.63,90.8710780409,91.1687002983,90.1795439724,90.7135133165,477368,477368,0.0,1.0,tiingo_historical_seed,
2021-09-17,VLUE,103.57,103.61,102.75,103.0,90.6609917416,90.6960061249,89.9431968857,90.1620367808,712774,712774,0.0,1.0,tiingo_historical_seed,
2021-09-20,VLUE,101.215,101.54,99.84,101.07,88.5995199298,88.8840117934,87.3959005068,88.4725927906,732512,732512,0.0,1.0,tiingo_historical_seed,
2021-09-21,VLUE,101.58,101.735,100.42,100.55,88.9190261767,89.0547069116,87.9036090634,88.0174058088,814027,814027,0.0,1.0,tiingo_historical_seed,
2021-09-22,VLUE,101.38,102.38,101.32,101.59,88.7439542606,89.619313841,88.6914326857,88.9277797725,755352,755352,0.0,1.0,tiingo_historical_seed,
2021-09-23,VLUE,102.06,103.5815,102.04,102.99,89.3391987752,90.6710583768,89.3216915836,90.153283185,881512,881512,0.0,1.0,tiingo_historical_seed,
2021-09-24,VLUE,101.81,102.82,101.81,102.37,89.7640739178,90.6545730304,89.7640739178,90.257816,549500,549500,0.739417,1.0,tiingo_historical_seed,
2021-09-27,VLUE,102.54,103.875,102.54,103.46,90.4077019893,91.5847478461,90.4077019893,91.2188496958,626813,626813,0.0,1.0,tiingo_historical_seed,
2021-09-28,VLUE,103.22,103.68,102.14,102.25,91.0072459463,91.4128197996,90.0550290734,90.1520141253,1061586,1061586,0.0,1.0,tiingo_historical_seed,
2021-09-29,VLUE,102.47,102.9,101.891,102.33,90.345984229,90.7251076136,89.8354901832,90.2225487084,772126,772126,0.0,1.0,tiingo_historical_seed,
2021-09-30,VLUE,102.725,102.82,100.66,100.7,90.5708132129,90.6545730304,88.7501392846,88.7854065762,911810,911810,0.0,1.0,tiingo_historical_seed,
2021-10-01,VLUE,101.25,102.205,100.15,101.61,89.2703318355,90.1123384222,88.3004813168,89.5877374598,1021324,1021324,0.0,1.0,tiingo_historical_seed,
2021-10-04,VLUE,101.57,102.58,101.08,101.38,89.5524701682,90.4429692809,89.1204458463,89.3849505332,2631404,2631404,0.0,1.0,tiingo_historical_seed,
2021-10-05,VLUE,101.82,102.595,101.19,102.14,89.7728907407,90.4561945152,89.2174308981,90.0550290734,862471,862471,0.0,1.0,tiingo_historical_seed,
2021-10-06,VLUE,101.39,101.83,100.4,101.77,89.3937673561,89.7817075636,88.5209018892,89.7288066262,1185581,1185581,0.0,1.0,tiingo_historical_seed,
2021-10-07,VLUE,102.49,103.62,102.49,102.92,90.3636178748,91.3599188622,90.3636178748,90.7427412594,742584,742584,0.0,1.0,tiingo_historical_seed,
2021-10-08,VLUE,103.0,103.48,102.74,102.9,90.8132758426,91.2364833416,90.5840384472,90.7251076136,849195,849195,0.0,1.0,tiingo_historical_seed,
2021-10-11,VLUE,103.04,103.57,102.18,102.19,90.8485431341,91.3158347477,90.090296365,90.0991131879,799760,799760,0.0,1.0,tiingo_historical_seed,
2021-10-12,VLUE,102.31,102.39,101.3763,101.64,90.2049150626,90.2754496458,89.3816883087,89.6141879285,4486581,4486581,0.0,1.0,tiingo_historical_seed,
2021-10-13,VLUE,101.74,101.98,100.44,101.61,89.7023561575,89.913959907,88.5561691808,89.5877374598,988218,988218,0.0,1.0,tiingo_historical_seed,
2021-10-14,VLUE,102.51,103.535,102.24,103.42,90.3812515206,91.2849758676,90.1431973024,91.1835824042,855737,855737,0.0,1.0,tiingo_historical_seed,
2021-10-15,VLUE,104.0,104.59,103.94,103.96,91.6949581323,92.2151506832,91.6420571949,91.6596908407,893104,893104,0.0,1.0,tiingo_historical_seed,
2021-10-18,VLUE,103.47,104.129,103.08,103.69,91.2276665187,91.8086951477,90.8838104257,91.4216366225,754703,754703,0.0,1.0,tiingo_historical_seed,
2021-10-19,VLUE,104.1,104.32,103.7,104.3,91.7831263613,91.977096465,91.4304534454,91.9594628192,2167830,2167830,0.0,1.0,tiingo_historical_seed,
2021-10-20,VLUE,104.22,105.5616,104.19,105.37,91.888928236,93.0717931959,91.8624777673,92.9028628692,987717,987717,0.0,1.0,tiingo_historical_seed,
2021-10-21,VLUE,105.08,105.23,104.44,105.0,92.6471750052,92.7794273487,92.0828983398,92.576640422,7160881,7160881,0.0,1.0,tiingo_historical_seed,
2021-10-22,VLUE,104.5,104.96,103.97,104.32,92.1357992772,92.5413731304,91.6685076636,91.977096465,1685300,1685300,0.0,1.0,tiingo_historical_seed,
2021-10-25,VLUE,104.63,104.77,104.3,104.5,92.2504179748,92.3738534954,91.9594628192,92.1357992772,1410541,1410541,0.0,1.0,tiingo_historical_seed,
2021-10-26,VLUE,104.49,104.52,103.73,103.82,92.1269824543,92.1534329229,91.4569039141,91.5362553201,1131277,1131277,0.0,1.0,tiingo_historical_seed,
2021-10-27,VLUE,103.76,103.76,102.16,102.16,91.4833543828,91.4833543828,90.0726627192,90.0726627192,2332060,2332060,0.0,1.0,tiingo_historical_seed,
2021-10-28,VLUE,102.67,103.43,102.67,103.43,90.5223206869,91.1923992271,90.5223206869,91.1923992271,1209537,1209537,0.0,1.0,tiingo_historical_seed,
2021-10-29,VLUE,103.13,103.65,102.94,103.2,90.9278945402,91.3863693309,90.7603749052,90.9896123005,1051370,1051370,0.0,1.0,tiingo_historical_seed,
2021-11-01,VLUE,103.77,104.48,103.57,104.48,91.4921712056,92.1181656314,91.3158347477,92.1181656314,899506,899506,0.0,1.0,tiingo_historical_seed,
2021-11-02,VLUE,104.67,104.79,104.16,104.74,92.2856852664,92.3914871412,91.8360272986,92.3474030267,1050433,1050433,0.0,1.0,tiingo_historical_seed,
2021-11-03,VLUE,104.5,105.92,104.3401,105.75,92.1357992772,93.3877881286,91.994818279,93.2379021393,1321729,1321729,0.0,1.0,tiingo_historical_seed,
2021-11-04,VLUE,105.87,106.17,105.12,105.6,93.3437040141,93.608208701,92.6824422968,93.1056497959,1119308,1119308,0.0,1.0,tiingo_historical_seed,
2021-11-05,VLUE,106.45,107.1,106.25,106.57,93.8550797421,94.4281732305,93.6787432842,93.9608816169,1277007,1277007,0.0,1.0,tiingo_historical_seed,
2021-11-08,VLUE,107.19,107.48,106.77,106.96,94.5075246365,94.7632125006,94.1372180749,94.3047377099,919397,919397,0.0,1.0,tiingo_historical_seed,
2021-11-09,VLUE,106.93,107.12,106.2573,106.83,94.2782872412,94.4458068763,93.6851795649,94.1901190122,2729199,2729199,0.0,1.0,tiingo_historical_seed,
2021-11-10,VLUE,106.64,107.54,106.24,106.46,94.0225993772,94.8161134379,93.6699264613,93.863896565,1297941,1297941,0.0,1.0,tiingo_historical_seed,
2021-11-11,VLUE,106.85,107.31,106.53,107.19,94.207752658,94.6133265113,93.9256143253,94.5075246365,1193456,1193456,0.0,1.0,tiingo_historical_seed,
2021-11-12,VLUE,107.315,107.95,107.11,107.63,94.6177349228,95.1776031767,94.4369900534,94.895464844,673699,673699,0.0,1.0,tiingo_historical_seed,
2021-11-15,VLUE,107.84,107.94,107.43,107.62,95.0806181249,95.1687863538,94.7191283861,94.8866480211,1141756,1141756,0.0,1.0,tiingo_historical_seed,
2021-11-16,VLUE,107.61,107.9,107.23,107.25,94.8778311982,95.1335190622,94.5427919281,94.5604255739,752696,752696,0.0,1.0,tiingo_historical_seed,
2021-11-17,VLUE,107.08,107.08,106.395,106.66,94.4105395847,94.4105395847,93.8065872162,94.040233023,893575,893575,0.0,1.0,tiingo_historical_seed,
2021-11-18,VLUE,106.69,106.69,105.46,106.07,94.0666834917,94.0666834917,92.9822142753,93.520040472,1190864,1190864,0.0,1.0,tiingo_historical_seed,
2021-11-19,VLUE,105.79,105.875,105.13,105.18,93.2731694309,93.3481124255,92.6912591197,92.7353432342,839696,839696,0.0,1.0,tiingo_historical_seed,
2021-11-22,VLUE,105.58,107.265,105.51,106.36,93.0880161501,94.5736508083,93.0262983898,93.7757283361,1193226,1193226,0.0,1.0,tiingo_historical_seed,
2021-11-23,VLUE,106.63,107.12,106.32,107.01,94.0137825543,94.4458068763,93.7404610445,94.3488218244,1098822,1098822,0.0,1.0,tiingo_historical_seed,
2021-11-24,VLUE,106.68,107.02,106.51,106.85,94.0578666688,94.3576386473,93.9079806795,94.207752658,965992,965992,0.0,1.0,tiingo_historical_seed,
2021-11-26,VLUE,104.47,104.91,103.73,104.49,92.1093488085,92.4972890159,91.4569039141,92.1269824543,1166632,1166632,0.0,1.0,tiingo_historical_seed,
2021-11-29,VLUE,105.42,105.75,104.15,104.8,92.9469469837,93.2379021393,91.8272104757,92.4003039641,1339655,1339655,0.0,1.0,tiingo_historical_seed,
2021-11-30,VLUE,104.06,104.27,101.97,102.22,91.7478590697,91.9330123505,89.9051430841,90.1255636566,1888369,1888369,0.0,1.0,tiingo_historical_seed,
2021-12-01,VLUE,103.52,104.92,101.56,101.6,91.2717506332,92.5061058388,89.5436533453,89.5789206369,2207363,2207363,0.0,1.0,tiingo_historical_seed,
2021-12-02,VLUE,101.89,104.3,101.7,103.76,89.834608501,91.9594628192,89.6670888659,91.4833543828,2120766,2120766,0.0,1.0,tiingo_historical_seed,
2021-12-03,VLUE,104.23,104.61,102.89,103.7,91.8977450589,92.232784329,90.7162907907,91.4304534454,1804957,1804957,0.0,1.0,tiingo_historical_seed,
2021-12-06,VLUE,104.35,105.71,104.11,104.93,92.0035469337,93.2026348477,91.7919431842,92.5149226617,1427715,1427715,0.0,1.0,tiingo_historical_seed,
2021-12-07,VLUE,106.37,107.19,106.16,106.65,93.784545159,94.5075246365,93.5993918781,94.0314162001,1281262,1281262,0.0,1.0,tiingo_historical_seed,
2021-12-08,VLUE,106.84,107.08,106.17,106.44,94.1989358351,94.4105395847,93.608208701,93.8462629192,788232,788232,0.0,1.0,tiingo_historical_seed,
2021-12-09,VLUE,106.08,106.4,105.84,105.92,93.5288572949,93.8109956276,93.3172535454,93.3877881286,1020764,1020764,0.0,1.0,tiingo_historical_seed,
2021-12-10,VLUE,106.39,107.04,105.86,106.97,93.8021788048,94.3752722931,93.3348871912,94.3135545328,1179582,1179582,0.0,1.0,tiingo_historical_seed,
2021-12-13,VLUE,106.18,106.25,104.85,104.96,94.2766295367,94.3387821461,93.0957299578,93.1933983441,1061362,1061362,0.739524,1.0,tiingo_historical_seed,
2021-12-14,VLUE,104.25,105.58,104.25,104.69,92.5629933057,93.7438928846,92.5629933057,92.9536668506,1501874,1501874,0.0,1.0,tiingo_historical_seed,
2021-12-15,VLUE,104.8,105.91,104.04,105.86,93.0513352368,94.0368980433,92.3765354775,93.9925033222,2002416,2002416,0.0,1.0,tiingo_historical_seed,
2021-12-16,VLUE,106.39,107.6,106.27,106.57,94.4630873649,95.5374396134,94.3565400345,94.6229083606,2329516,2329516,0.0,1.0,tiingo_historical_seed,
2021-12-17,VLUE,106.26,106.3,105.0,105.52,94.3476610903,94.3831768671,93.2289141209,93.6906192194,2360354,2360354,0.0,1.0,tiingo_historical_seed,
2021-12-20,VLUE,104.31,104.49,103.18,104.28,92.6162669709,92.7760879666,91.6129462761,92.5896301383,1477690,1477690,0.0,1.0,tiingo_historical_seed,
2021-12-21,VLUE,105.27,106.5406,105.27,106.5,93.4686456143,94.5968042646,93.4686456143,94.5607557512,1226902,1226902,0.0,1.0,tiingo_historical_seed,
2021-12-22,VLUE,106.23,107.385,106.03,107.29,94.3210242577,95.346542313,94.1434453737,95.2621923431,957649,957649,0.0,1.0,tiingo_historical_seed,
2021-12-23,VLUE,107.55,108.52,107.55,108.2,95.4930448924,96.35430248,95.4930448924,96.0701762655,701716,701716,0.0,1.0,tiingo_historical_seed,
2021-12-27,VLUE,108.41,109.33,107.9627,109.33,96.2566340938,97.0734969603,95.8594789196,97.0734969603,704692,704692,0.0,1.0,tiingo_historical_seed,
2021-12-28,VLUE,109.31,109.93,109.08,109.42,97.0557390719,97.6062336125,96.8515233553,97.1534074582,1001935,1001935,0.0,1.0,tiingo_historical_seed,
2021-12-29,VLUE,109.315,110.01,109.315,109.77,97.060178544,97.6772651661,97.060178544,97.4641705052,953306,953306,0.0,1.0,tiingo_historical_seed,
2021-12-30,VLUE,109.82,110.34,109.52,109.59,97.5085652262,97.9702703247,97.2421969002,97.3043495096,621675,621675,0.0,1.0,tiingo_historical_seed,
2021-12-31,VLUE,109.57,109.95,109.4,109.47,97.2865916212,97.6239915009,97.1356495697,97.1978021792,545703,545703,0.0,1.0,tiingo_historical_seed,
2022-01-03,VLUE,109.93,111.17,109.88,111.11,97.6062336125,98.7072226935,97.5618388914,98.6539490283,1635137,1635137,0.0,1.0,tiingo_historical_seed,
2022-01-04,VLUE,111.81,113.3,111.59,113.02,99.2754751224,100.5984378085,99.08013835,100.3498273709,2664382,2664382,0.0,1.0,tiingo_historical_seed,
2022-01-05,VLUE,113.34,114.96,112.21,112.21,100.6339535853,102.0723425461,99.6306328905,99.6306328905,3333894,3333894,0.0,1.0,tiingo_historical_seed,
2022-01-06,VLUE,112.97,113.1199,111.67,112.48,100.3054326499,100.4385280234,99.1511699036,99.870364384,3127757,3127757,0.0,1.0,tiingo_historical_seed,
2022-01-07,VLUE,112.71,113.31,112.49,112.85,100.0745801006,100.6073167527,99.8792433282,100.1988853194,2336044,2336044,0.0,1.0,tiingo_historical_seed,
2022-01-10,VLUE,112.67,113.05,111.45,112.97,100.0390643238,100.3764642035,98.9558331312,100.3054326499,3506095,3506095,0.0,1.0,tiingo_historical_seed,
2022-01-11,VLUE,113.03,113.9,112.17,113.86,100.3587063151,101.1311744606,99.5951171137,101.0956586838,2925937,2925937,0.0,1.0,tiingo_historical_seed,
2022-01-12,VLUE,114.32,114.54,113.14,114.04,101.5040901171,101.6994268896,100.4563747013,101.2554796795,2003633,2003633,0.0,1.0,tiingo_historical_seed,
2022-01-13,VLUE,114.53,115.42,113.98,114.34,101.6905479454,102.4807739793,101.2022060143,101.5218480055,3827289,3827289,0.0,1.0,tiingo_historical_seed,
2022-01-14,VLUE,113.43,114.95,113.16,114.92,100.7138640831,102.0634636019,100.4741325897,102.0368267692,3906689,3906689,0.0,1.0,tiingo_historical_seed,
2022-01-18,VLUE,114.11,114.11,112.27,112.68,101.3176322889,101.3176322889,99.6839065557,100.047943268,6587293,6587293,0.0,1.0,tiingo_historical_seed,
2022-01-19,VLUE,112.76,112.94,110.32,110.36,100.1189748216,100.2787958173,97.9525124363,97.9880282131,6913409,6913409,0.0,1.0,tiingo_historical_seed,
2022-01-20,VLUE,110.45,111.5,108.525,108.67,98.067938711,99.0002278522,96.3587419521,96.487486643,2215254,2215254,0.0,1.0,tiingo_historical_seed,
2022-01-21,VLUE,108.12,108.89,106.47,106.72,95.9991447119,96.6828234154,94.5341189186,94.7560925236,3197097,3197097,0.0,1.0,tiingo_historical_seed,
2022-01-24,VLUE,104.99,107.27,102.93,107.14,93.2200351767,95.2444344547,91.3909726711,95.1290081801,3635884,3635884,0.0,1.0,tiingo_historical_seed,
2022-01-25,VLUE,105.56,107.54,104.01,106.55,93.7261349962,95.4841659482,92.3498986449,94.6051504722,10306809,10306809,0.0,1.0,tiingo_historical_seed,
2022-01-26,VLUE,107.79,108.3599,104.4,105.6,95.7061395532,96.2121505833,92.6961774688,93.761650773,2901881,2901881,0.0,1.0,tiingo_historical_seed,
2022-01-27,VLUE,106.01,107.03,103.97,104.48,94.1256874853,95.0313397939,92.3143828681,92.7672090224,17944526,17944526,0.0,1.0,tiingo_historical_seed,
2022-01-28,VLUE,104.05,106.11,103.24,106.1,92.3854144217,94.2144769273,91.6662199413,94.2055979831,6006972,6006972,0.0,1.0,tiingo_historical_seed,
2022-01-31,VLUE,105.97,107.4,105.152,107.31,94.0901717085,95.3598607294,93.3638740727,95.2799502315,3053211,3053211,0.0,1.0,tiingo_historical_seed,
2022-02-01,VLUE,107.18,107.955,106.19,107.75,95.1645239569,95.8526421326,94.2855084809,95.6706237764,2497416,2497416,0.0,1.0,tiingo_historical_seed,
2022-02-02,VLUE,107.84,108.98,107.38,108.75,95.7505342742,96.7627339133,95.3421028409,96.5585181966,2399008,2399008,0.0,1.0,tiingo_historical_seed,
2022-02-03,VLUE,108.17,108.73,107.29,107.38,96.0435394329,96.5407603082,95.2621923431,95.3421028409,9420545,9420545,0.0,1.0,tiingo_historical_seed,
2022-02-04,VLUE,106.83,107.27,105.41,106.48,94.8537609098,95.2444344547,93.5929508332,94.5429978628,2651993,2651993,0.0,1.0,tiingo_historical_seed,
2022-02-07,VLUE,106.69,107.665,106.35,106.88,94.729455691,95.5951527507,94.4275715881,94.8981556308,2452251,2452251,0.0,1.0,tiingo_historical_seed,
2022-02-08,VLUE,106.63,107.81,106.26,107.64,94.6761820258,95.7238974416,94.3476610903,95.5729553902,2600806,2600806,0.0,1.0,tiingo_historical_seed,
2022-02-09,VLUE,108.24,109.47,108.24,109.3,96.1056920423,97.1978021792,96.1056920423,97.0468601277,2077293,2077293,0.0,1.0,tiingo_historical_seed,
2022-02-10,VLUE,108.25,109.99,107.48,107.84,96.1145709865,97.6595072777,95.430892283,95.7505342742,2543873,2543873,0.0,1.0,tiingo_historical_seed,
2022-02-11,VLUE,108.02,108.91,106.18,106.67,95.9103552699,96.7005813039,94.2766295367,94.7116978026,2487314,2487314,0.0,1.0,tiingo_historical_seed,
2022-02-14,VLUE,106.6,106.81,104.98,105.72,94.6495451932,94.8360030214,93.2111562325,93.8681981034,3382525,3382525,0.0,1.0,tiingo_historical_seed,
2022-02-15,VLUE,106.44,107.47,106.29,107.43,94.507482086,95.4220133388,94.3742979229,95.386497562,1841946,1841946,0.0,1.0,tiingo_historical_seed,
2022-02-16,VLUE,106.88,107.77,106.48,107.45,94.8981556308,95.6883816648,94.5429978628,95.4042554504,1925018,1925018,0.0,1.0,tiingo_historical_seed,
2022-02-17,VLUE,107.03,107.03,105.56,105.73,95.0313397939,95.0313397939,93.7261349962,93.8770770476,1468090,1468090,0.0,1.0,tiingo_historical_seed,
2022-02-18,VLUE,105.57,106.11,104.42,105.11,93.7350139404,94.2144769273,92.7139353572,93.3265825071,1792443,1792443,0.0,1.0,tiingo_historical_seed,
2022-02-22,VLUE,104.64,105.37,102.91,103.79,92.9092721296,93.5574350563,91.3732147827,92.1545618724,2115292,2115292,0.0,1.0,tiingo_historical_seed,
2022-02-23,VLUE,104.56,104.88,102.35,102.49,92.838240576,93.1223667904,90.8759939073,91.0002991262,1937401,1937401,0.0,1.0,tiingo_historical_seed,
2022-02-24,VLUE,100.07,102.97,99.65,102.84,88.8515946293,91.4264884479,88.4786789728,91.3110621732,5063185,5063185,0.0,1.0,tiingo_historical_seed,
2022-02-25,VLUE,103.23,105.85,103.2094,105.56,91.6573409971,93.983624378,91.6390503721,93.7261349962,2218208,2218208,0.0,1.0,tiingo_historical_seed,
2022-02-28,VLUE,104.19,105.39,103.62,105.0,92.5097196405,93.5751929448,92.003619821,93.2289141209,1867623,1867623,0.0,1.0,tiingo_historical_seed,
2022-03-01,VLUE,104.565,105.09,102.31,103.03,92.8426800481,93.3088246187,90.8404781305,91.4797621131,2079563,2079563,0.0,1.0,tiingo_historical_seed,
2022-03-02,VLUE,103.79,106.57,103.79,106.13,92.1545618724,94.6229083606,92.1545618724,94.2322348157,2005946,2005946,0.0,1.0,tiingo_historical_seed,
2022-03-03,VLUE,106.48,106.74,104.8132,105.62,94.5429978628,94.773850412,93.0630554432,93.7794086614,1157228,1157228,0.0,1.0,tiingo_historical_seed,
2022-03-04,VLUE,104.69,104.69,103.3097,104.37,92.9536668506,92.9536668506,91.7281061824,92.6695406361,1159932,1159932,0.0,1.0,tiingo_historical_seed,
2022-03-07,VLUE,103.97,104.15,101.51,101.55,92.3143828681,92.4742038637,90.1301625944,90.1656783712,1932696,1932696,0.0,1.0,tiingo_historical_seed,
2022-03-08,VLUE,101.82,103.45,100.76,100.86,90.4054098646,91.8526777696,89.4642417792,89.5530312213,1510912,1510912,0.0,1.0,tiingo_historical_seed,
2022-03-09,VLUE,102.87,103.49,102.41,102.8,91.3376990059,91.8881935464,90.9292675726,91.2755463964,1709220,1709220,0.0,1.0,tiingo_historical_seed,
2022-03-10,VLUE,101.68,102.33,100.94,102.12,90.2811046458,90.8582360189,89.6240627749,90.6717781907,1186301,1186301,0.0,1.0,tiingo_historical_seed,
2022-03-11,VLUE,102.88,103.0016,101.15,101.19,91.3465779501,91.4545459115,89.8105206031,89.8460363799,2728619,2728619,0.0,1.0,tiingo_historical_seed,
2022-03-14,VLUE,101.72,102.01,100.03,100.54,90.3166204226,90.5741098045,88.8160788525,89.2689050068,1944188,1944188,0.0,1.0,tiingo_historical_seed,
2022-03-15,VLUE,100.71,102.32,100.53,102.13,89.4198470582,90.8493570747,89.2600260626,90.6806571349,2112321,2112321,0.0,1.0,tiingo_historical_seed,
2022-03-16,VLUE,103.06,104.06,101.86,104.04,91.5063989457,92.3942933659,90.4409256414,92.3765354775,1288563,1288563,0.0,1.0,tiingo_historical_seed,
2022-03-17,VLUE,103.49,105.05,103.2,105.02,91.8881935464,93.2733088419,91.6307041645,93.2466720093,1085809,1085809,0.0,1.0,tiingo_historical_seed,
2022-03-18,VLUE,104.47,105.55,104.13,105.43,92.7583300782,93.717256052,92.4564459753,93.6107087216,1386731,1386731,0.0,1.0,tiingo_historical_seed,
2022-03-21,VLUE,105.44,106.37,104.76,105.34,93.6195876658,94.4453294765,93.01581946,93.5307982237,1049925,1049925,0.0,1.0,tiingo_historical_seed,
2022-03-22,VLUE,105.66,106.56,105.66,106.24,93.8149244382,94.6140294164,93.8149244382,94.3299032019,1150589,1150589,0.0,1.0,tiingo_historical_seed,
2022-03-23,VLUE,105.82,106.07,104.81,104.81,93.9569875454,94.1789611505,93.060214181,93.060214181,746871,746871,0.0,1.0,tiingo_historical_seed,
2022-03-24,VLUE,104.48,105.66,104.3,105.66,93.4063826431,94.4613169035,93.2454604678,94.4613169035,1084322,1084322,0.728006,1.0,tiingo_historical_seed,
2022-03-25,VLUE,105.65,106.53,105.53,106.51,94.4523767826,95.2391074174,94.3450953324,95.2212271757,1007472,1007472,0.0,1.0,tiingo_historical_seed,
2022-03-28,VLUE,106.25,106.25,105.23,106.21,94.9887840336,94.9887840336,94.0768917069,94.9530235502,737078,737078,0.0,1.0,tiingo_historical_seed,
2022-03-29,VLUE,107.07,107.76,106.64,107.64,95.7218739434,96.338742282,95.3374487468,96.2314608318,1053324,1053324,0.0,1.0,tiingo_historical_seed,
2022-03-30,VLUE,107.66,108.02,106.26,106.7,96.2493410735,96.5711854241,94.9977241545,95.3910894719,730784,730784,0.0,1.0,tiingo_historical_seed,
2022-03-31,VLUE,106.025,106.42,104.5,104.57,94.7876313145,95.1407660881,93.4242628848,93.4868437308,2813081,2813081,0.0,1.0,tiingo_historical_seed,
2022-04-01,VLUE,105.15,105.22,103.38,104.45,94.0053707401,94.0679515861,92.4229693496,93.3795622806,980658,980658,0.0,1.0,tiingo_historical_seed,
2022-04-04,VLUE,104.5,104.8,103.58,104.71,93.4242628848,93.6924665104,92.6017717666,93.6120054227,1168874,1168874,0.0,1.0,tiingo_historical_seed,
2022-04-05,VLUE,104.43,104.879,102.905,103.12,93.3616820389,93.7630934651,91.9983136092,92.1905262075,2123780,2123780,0.0,1.0,tiingo_historical_seed,
2022-04-06,VLUE,102.38,103.14,102.12,102.73,91.5289572646,92.2084064492,91.2965141225,91.8418614944,1162732,1162732,0.0,1.0,tiingo_historical_seed,
2022-04-07,VLUE,102.54,103.5,101.74,103.1,91.6719991982,92.5302507998,90.9567895302,92.1726459658,1262338,1262338,0.0,1.0,tiingo_historical_seed,
2022-04-08,VLUE,102.9,104.26,102.87,103.74,91.9938435488,93.2096999844,91.9670231863,92.7448137002,913583,913583,0.0,1.0,tiingo_historical_seed,
2022-04-11,VLUE,103.43,104.79,103.37,103.51,92.4676699539,93.6835263895,92.4140292288,92.5391909207,1138482,1138482,0.0,1.0,tiingo_historical_seed,
2022-04-12,VLUE,103.905,104.79,102.92,103.26,92.8923256943,93.6835263895,92.0117237905,92.3156878994,1036390,1036390,0.0,1.0,tiingo_historical_seed,
2022-04-13,VLUE,103.14,104.19,103.1,104.05,92.2084064492,93.1471191385,92.1726459658,93.0219574466,1481563,1481563,0.0,1.0,tiingo_historical_seed,
2022-04-14,VLUE,103.92,104.53,103.41,103.41,92.9057358755,93.4510832474,92.4497897122,92.4497897122,544924,544924,0.0,1.0,tiingo_historical_seed,
2022-04-18,VLUE,103.05,104.19,103.05,103.7,92.1279453616,93.1471191385,92.1279453616,92.7090532168,967284,967284,0.0,1.0,tiingo_historical_seed,
2022-04-19,VLUE,103.63,105.36,103.63,105.15,92.6464723709,94.193113278,92.6464723709,94.0053707401,843086,843086,0.0,1.0,tiingo_historical_seed,
2022-04-20,VLUE,105.87,106.455,105.59,105.81,94.6490594413,95.1720565111,94.3987360575,94.5954187162,1070891,1070891,0.0,1.0,tiingo_historical_seed,
2022-04-21,VLUE,106.56,106.8,104.6753,104.83,95.26592778,95.4804906804,93.5809832034,93.7192868729,836435,836435,0.0,1.0,tiingo_historical_seed,
2022-04-22,VLUE,104.43,104.47,101.86,101.96,93.3616820389,93.3974425223,91.0640709804,91.1534721889,841030,841030,0.0,1.0,tiingo_historical_seed,
2022-04-25,VLUE,101.34,102.52,99.82,102.37,90.5991846962,91.6541189565,89.2402863269,91.5200171438,1296732,1296732,0.0,1.0,tiingo_historical_seed,
2022-04-26,VLUE,101.8,102.185,100.11,100.14,91.0104302553,91.354624908,89.4995498316,89.5263701942,1233794,1233794,0.0,1.0,tiingo_historical_seed,
2022-04-27,VLUE,100.18,101.05,99.2,99.98,89.5621306776,90.3399211915,88.6859988342,89.3833282605,1473998,1473998,0.0,1.0,tiingo_historical_seed,
2022-04-28,VLUE,100.77,102.25,99.6,101.79,90.0895978077,91.4127356935,89.0436036682,91.0014901344,1305994,1305994,0.0,1.0,tiingo_historical_seed,
2022-04-29,VLUE,101.03,101.46,98.41,98.56,90.3220409498,90.7064661464,87.9797292871,88.1138310998,2106597,2106597,0.0,1.0,tiingo_historical_seed,
2022-05-02,VLUE,98.63,99.51,97.25,99.34,88.1764119458,88.9631425806,86.9426752684,88.8111605261,1676922,1676922,0.0,1.0,tiingo_historical_seed,
2022-05-03,VLUE,99.37,101.3,99.37,100.64,88.8379808887,90.5634242128,88.8379808887,89.9733762367,1910654,1910654,0.0,1.0,tiingo_historical_seed,
2022-05-04,VLUE,100.87,103.8,100.375,103.63,90.1789990162,92.7984544253,89.7364630341,92.6464723709,1984602,1984602,0.0,1.0,tiingo_historical_seed,
2022-05-05,VLUE,102.82,102.88,100.11,101.15,91.922322582,91.9759633071,89.4995498316,90.4293224,1398409,1398409,0.0,1.0,tiingo_historical_seed,
2022-05-06,VLUE,100.7,101.38,99.549,100.77,90.0270169618,90.6349451796,88.9980090519,90.0895978077,1633943,1633943,0.0,1.0,tiingo_historical_seed,
2022-05-09,VLUE,99.67,100.23,97.96,98.34,89.1061845142,89.6068312818,87.5774238488,87.9171484411,11246131,11246131,0.0,1.0,tiingo_historical_seed,
2022-05-10,VLUE,99.5,99.7609,97.01,98.09,88.9542024597,89.1874502127,86.728112368,87.6936454199,2976910,2976910,0.0,1.0,tiingo_historical_seed,
2022-05-11,VLUE,98.06,99.69,96.63,96.74,87.6668250573,89.1240647559,86.3883877757,86.4867291051,3428144,3428144,0.0,1.0,tiingo_historical_seed,
2022-05-12,VLUE,96.11,97.4687,95.35,97.03,85.9235014915,87.1381957114,85.2440523069,86.7459926097,2001163,2001163,0.0,1.0,tiingo_historical_seed,
2022-05-13,VLUE,98.11,99.37,97.87,98.99,87.7115256616,88.8379808887,87.4969627612,88.4982562964,1496739,1496739,0.0,1.0,tiingo_historical_seed,
2022-05-16,VLUE,98.62,99.75,98.19,98.95,88.1674718249,89.177705481,87.7830466284,88.462495813,898463,898463,0.0,1.0,tiingo_historical_seed,
2022-05-17,VLUE,100.13,101.65,100.13,101.61,89.5174300733,90.8763284425,89.5174300733,90.8405679591,1034786,1034786,0.0,1.0,tiingo_historical_seed,
2022-05-18,VLUE,100.58,100.71,97.32,97.67,89.9197355116,90.0359570826,87.0052561144,87.3181603441,12712253,12712253,0.0,1.0,tiingo_historical_seed,
2022-05-19,VLUE,96.37,97.73,96.0,96.63,86.1559446336,87.3718010692,85.8251601622,86.3883877757,3851593,3851593,0.0,1.0,tiingo_historical_seed,
2022-05-20,VLUE,97.31,97.59,94.37,96.59,86.9963159935,87.2466393773,84.3679204636,86.3526272923,1547872,1547872,0.0,1.0,tiingo_historical_seed,
2022-05-23,VLUE,97.33,98.72,97.02,98.26,87.0141962352,88.2568730334,86.7370524889,87.8456274743,1069263,1069263,0.0,1.0,tiingo_historical_seed,
2022-05-24,VLUE,97.73,98.19,96.13,97.9,87.3718010692,87.7830466284,85.9413817332,87.5237831237,1491761,1491761,0.0,1.0,tiingo_historical_seed,
2022-05-25,VLUE,97.55,99.72,97.46,99.26,87.2108788939,89.1508851184,87.1304178063,88.7396395593,1410661,1410661,0.0,1.0,tiingo_historical_seed,
2022-05-26,VLUE,99.7,101.57,99.53,101.13,89.1330048767,90.8048074757,88.9810228223,90.4114421583,949208,949208,0.0,1.0,tiingo_historical_seed,
2022-05-27,VLUE,101.58,103.05,101.58,103.02,90.8137475966,92.1279453616,90.8137475966,92.101124999,948100,948100,0.0,1.0,tiingo_historical_seed,
2022-05-31,VLUE,102.42,103.14,101.64,102.41,91.564717748,92.2084064492,90.8673883217,91.5557776272,1382600,1382600,0.0,1.0,tiingo_historical_seed,
2022-06-01,VLUE,102.84,103.18,100.64,101.46,91.9402028237,92.2441669326,89.9733762367,90.7064661464,896523,896523,0.0,1.0,tiingo_historical_seed,
2022-06-02,VLUE,101.41,102.47,100.51,102.47,90.6617655421,91.6094183523,89.8571546656,91.6094183523,1070807,1070807,0.0,1.0,tiingo_historical_seed,
2022-06-03,VLUE,101.27,101.7555,100.87,101.06,90.5366038502,90.9706467175,90.1789990162,90.3488613124,649834,649834,0.0,1.0,tiingo_historical_seed,
2022-06-06,VLUE,101.88,102.24,101.095,101.37,91.0819512221,91.4037955727,90.3801517353,90.6260050587,696465,696465,0.0,1.0,tiingo_historical_seed,
2022-06-07,VLUE,100.7,102.42,100.38,102.35,90.0270169618,91.564717748,89.7409330946,91.5021369021,731788,731788,0.0,1.0,tiingo_historical_seed,
2022-06-08,VLUE,101.75,101.78,100.3,100.53,90.965729651,90.9925500136,89.6694121278,89.8750349073,666522,666522,0.0,1.0,tiingo_historical_seed,
2022-06-09,VLUE,99.47,99.72,97.5,97.51,89.5505687023,89.7756379913,87.7770227051,87.7860254766,843396,843396,0.683332,1.0,tiingo_historical_seed,
2022-06-10,VLUE,96.08,96.34,94.8,94.88,86.4986291436,86.7327012042,85.346274384,85.4182965565,1259802,1259802,0.0,1.0,tiingo_historical_seed,
2022-06-13,VLUE,92.62,93.04,90.48,90.89,83.383670184,83.7617865895,81.4570770703,81.8261907042,2085258,2085258,0.0,1.0,tiingo_historical_seed,
2022-06-14,VLUE,91.59,92.11,90.19,90.99,82.4563847134,82.9245288345,81.1959966951,81.9162184198,2133359,2133359,0.0,1.0,tiingo_historical_seed,
2022-06-15,VLUE,91.84,92.98,90.38,91.9,82.6814540024,83.7077699602,81.3670493547,82.7354706317,1407638,1407638,0.0,1.0,tiingo_historical_seed,
2022-06-16,VLUE,89.9,89.91,87.71,88.45,80.9349163199,80.9439190914,78.9633093483,79.6295144437,1314874,1314874,0.0,1.0,tiingo_historical_seed,
2022-06-17,VLUE,88.62,89.1535,87.24,88.4,79.7825615602,80.2628594229,78.540179085,79.5845005859,1575243,1575243,0.0,1.0,tiingo_historical_seed,
2022-06-21,VLUE,89.77,90.775,89.655,90.43,80.8178802896,81.7226588313,80.7143484166,81.4120632125,1077511,1077511,0.0,1.0,tiingo_historical_seed,
2022-06-22,VLUE,89.13,90.93,89.13,90.0,80.2417029098,81.8622017905,80.2417029098,81.0249440354,1047054,1047054,0.0,1.0,tiingo_historical_seed,
2022-06-23,VLUE,90.46,90.73,89.11,90.24,81.4390715272,81.6821463593,80.2236973667,81.2410105529,1054032,1054032,0.0,1.0,tiingo_historical_seed,
2022-06-24,VLUE,90.97,93.09,90.97,93.07,81.8982128767,83.8068004473,81.8982128767,83.7887949042,824789,824789,0.0,1.0,tiingo_historical_seed,
2022-06-27,VLUE,93.58,93.895,92.7999,93.23,84.2479362537,84.5315235579,83.5456300444,83.9328392492,633227,633227,0.0,1.0,tiingo_historical_seed,
2022-06-28,VLUE,93.97,94.77,91.98,92.09,84.5990443446,85.3192660693,82.8074928042,82.9065232914,698230,698230,0.0,1.0,tiingo_historical_seed,
2022-06-29,VLUE,92.08,92.215,90.75,91.28,82.8975205198,83.0190579359,81.7001519024,82.1772987951,857411,857411,0.0,1.0,tiingo_historical_seed,
2022-06-30,VLUE,90.24,91.52,89.51,90.52,81.2410105529,82.3933653125,80.583808229,81.4930881565,1155688,1155688,0.0,1.0,tiingo_historical_seed,
2022-07-01,VLUE,90.13,91.32,89.18,91.11,81.1419800657,82.2133098813,80.2867167676,82.0242516785,890346,890346,0.0,1.0,tiingo_historical_seed,
2022-07-05,VLUE,89.61,90.64,88.53,90.64,80.6738359446,81.6011214153,79.7015366162,81.6011214153,1090513,1090513,0.0,1.0,tiingo_historical_seed,
2022-07-06,VLUE,90.63,91.14,89.56,90.51,81.5921186437,82.0512599932,80.6288220868,81.484085385,806216,806216,0.0,1.0,tiingo_historical_seed,
2022-07-07,VLUE,91.23,92.37,91.23,92.09,82.1322849373,83.158600895,82.1322849373,82.9065232914,782725,782725,0.0,1.0,tiingo_historical_seed,
2022-07-08,VLUE,91.96,92.67,91.55,92.02,82.7894872611,83.4286840418,82.4203736272,82.8435038905,1317209,1317209,0.0,1.0,tiingo_historical_seed,
2022-07-11,VLUE,91.2,91.8,90.975,91.08,82.1052766226,82.6454429162,81.9027142625,81.9972433639,771831,771831,0.0,1.0,tiingo_historical_seed,
2022-07-12,VLUE,90.7,92.0299,90.7,91.12,81.6551380446,82.8524166343,81.6551380446,82.0332544501,1051399,1051399,0.0,1.0,tiingo_historical_seed,
2022-07-13,VLUE,89.85,91.1552,89.52,90.6,80.8899024621,82.064944206,80.5928110006,81.565110329,727113,727113,0.0,1.0,tiingo_historical_seed,
2022-07-14,VLUE,89.34,89.8496,88.37,89.7,80.4307611125,80.8895423512,79.5574922712,80.7548608887,1058598,1058598,0.0,1.0,tiingo_historical_seed,
2022-07-15,VLUE,91.04,91.86,90.19,91.86,81.9612322776,82.6994595455,81.1959966951,82.6994595455,585256,585256,0.0,1.0,tiingo_historical_seed,
2022-07-18,VLUE,92.7,92.866,91.12,91.41,83.4556923565,83.6051383644,82.0332544501,82.2943348253,680486,680486,0.0,1.0,tiingo_historical_seed,
2022-07-19,VLUE,92.2,94.09,92.2,93.99,83.0055537785,84.7070776033,83.0055537785,84.6170498877,654611,654611,0.0,1.0,tiingo_historical_seed,
2022-07-20,VLUE,93.5,94.26,93.17,94.09,84.1759140813,84.8601247198,83.8788226198,84.7070776033,699701,699701,0.0,1.0,tiingo_historical_seed,
2022-07-21,VLUE,93.45,94.13,92.51,94.1,84.1309002235,84.7430886895,83.2846396969,84.7160803748,1564956,1564956,0.0,1.0,tiingo_historical_seed,
2022-07-22,VLUE,93.96,94.31,92.66,93.23,84.590041573,84.9051385776,83.4196812703,83.9328392492,912126,912126,0.0,1.0,tiingo_historical_seed,
2022-07-25,VLUE,93.42,93.95,93.16,93.65,84.1038919088,84.5810388014,83.8698198482,84.3109556547,638847,638847,0.0,1.0,tiingo_historical_seed,
2022-07-26,VLUE,93.4,93.6787,92.79,92.96,84.0858863657,84.336793609,83.5367173005,83.6897644171,590602,590602,0.0,1.0,tiingo_historical_seed,
2022-07-27,VLUE,93.33,95.01,92.9401,94.65,84.0228669648,85.5353325868,83.6718489017,85.2112328106,1111963,1111963,0.0,1.0,tiingo_historical_seed,
2022-07-28,VLUE,94.95,95.6,93.85,95.47,85.4813159574,86.0664961088,84.4910110859,85.9494600785,751341,751341,0.0,1.0,tiingo_historical_seed,
2022-07-29,VLUE,94.79,96.06,94.74,95.82,85.3372716124,86.4806236005,85.2922577546,86.2645570831,780831,780831,0.0,1.0,tiingo_historical_seed,
2022-08-01,VLUE,95.35,96.4,95.06,95.96,85.8414268198,86.7867178335,85.5803464445,86.3905958849,814480,814480,0.0,1.0,tiingo_historical_seed,
2022-08-02,VLUE,95.7,96.09,94.84,94.86,86.1565238244,86.5076319152,85.3822854702,85.4002910134,563915,563915,0.0,1.0,tiingo_historical_seed,
2022-08-03,VLUE,95.57,96.34,95.21,95.99,86.0394877941,86.7327012042,85.7153880179,86.4176041996,557661,557661,0.0,1.0,tiingo_historical_seed,
2022-08-04,VLUE,95.83,95.96,95.37,95.42,86.2735598546,86.3905958849,85.8594323629,85.9044462207,581087,581087,0.0,1.0,tiingo_historical_seed,
2022-08-05,VLUE,94.47,95.485,94.3,95.27,85.0491829225,85.9629642358,84.896135806,85.7694046473,349452,349452,0.0,1.0,tiingo_historical_seed,
2022-08-08,VLUE,95.62,96.18,95.28,95.51,86.0845016519,86.5886568592,85.7784074189,85.9854711647,709764,709764,0.0,1.0,tiingo_historical_seed,
2022-08-09,VLUE,95.22,95.5,94.43,94.79,85.7243907895,85.9764683932,85.0131718363,85.3372716124,488835,488835,0.0,1.0,tiingo_historical_seed,
2022-08-10,VLUE,96.0,96.77,96.0,96.63,86.4266069711,87.1198203812,86.4266069711,86.9937815794,473475,473475,0.0,1.0,tiingo_historical_seed,
2022-08-11,VLUE,97.16,98.33,97.16,97.48,87.470928472,88.5242527445,87.470928472,87.7590171619,415380,415380,0.0,1.0,tiingo_historical_seed,
2022-08-12,VLUE,97.78,99.15,97.78,99.11,88.0291003087,89.2624800124,88.0291003087,89.2264689261,820881,820881,0.0,1.0,tiingo_historical_seed,
2022-08-15,VLUE,98.33,99.23,98.3,99.1,88.5242527445,89.3345021849,88.4972444298,89.2174661546,382139,382139,0.0,1.0,tiingo_historical_seed,
2022-08-16,VLUE,98.93,99.9,98.82,99.37,89.0644190381,89.9376878793,88.9653885509,89.4605409867,475818,475818,0.0,1.0,tiingo_historical_seed,
2022-08-17,VLUE,98.55,98.8,97.6314,98.2,88.7223137188,88.9473830078,87.8953191234,88.4072167142,383770,383770,0.0,1.0,tiingo_historical_seed,
2022-08-18,VLUE,98.36,99.1095,98.1295,98.98,88.5512610592,89.2260187876,88.3437471747,89.1094328959,328741,328741,0.0,1.0,tiingo_historical_seed,
2022-08-19,VLUE,98.49,98.61,97.81,98.08,88.6682970895,88.7763303482,88.0561086234,88.2991834555,408075,408075,0.0,1.0,tiingo_historical_seed,
2022-08-22,VLUE,97.03,97.03,95.64,95.82,87.3538924418,87.3538924418,86.102507195,86.2645570831,554959,554959,0.0,1.0,tiingo_historical_seed,
2022-08-23,VLUE,95.98,96.7209,95.76,95.78,86.408601428,87.0756167729,86.2105404537,86.2285459968,261455,261455,0.0,1.0,tiingo_historical_seed,
2022-08-24,VLUE,95.65,96.4,95.4204,96.1,86.1115099666,86.7867178335,85.9048063316,86.5166346867,430577,430577,0.0,1.0,tiingo_historical_seed,
2022-08-25,VLUE,96.34,97.83,96.31,97.83,86.7327012042,88.0741141665,86.7056928895,88.0741141665,311947,311947,0.0,1.0,tiingo_historical_seed,
2022-08-26,VLUE,97.83,97.88,94.74,94.74,88.0741141665,88.1191280243,85.2922577546,85.2922577546,515145,515145,0.0,1.0,tiingo_historical_seed,
2022-08-29,VLUE,94.15,95.14,93.95,94.28,84.7610942326,85.652368617,84.5810388014,84.8781302629,480139,480139,0.0,1.0,tiingo_historical_seed,
2022-08-30,VLUE,94.48,94.51,92.85,93.33,85.0581856941,85.0851940088,83.5907339299,84.0228669648,338025,338025,0.0,1.0,tiingo_historical_seed,
2022-08-31,VLUE,93.31,93.59,92.4,92.4,84.0048614216,84.2569390253,83.1856092097,83.1856092097,1140395,1140395,0.0,1.0,tiingo_historical_seed,
2022-09-01,VLUE,91.85,92.65,91.01,92.54,82.690456774,83.4106784987,81.934223963,83.3116480116,1576427,1576427,0.0,1.0,tiingo_historical_seed,
2022-09-02,VLUE,93.48,94.0,91.54,91.91,84.1579085381,84.6260526592,82.4113708556,82.7444734033,1848040,1848040,0.0,1.0,tiingo_historical_seed,
2022-09-06,VLUE,92.35,92.35,90.83,91.14,83.1405953519,83.1405953519,81.7721740749,82.0512599932,867419,867419,0.0,1.0,tiingo_historical_seed,
2022-09-07,VLUE,90.92,92.515,90.6672,92.37,81.8531990189,83.2891410827,81.6256089539,83.158600895,502971,502971,0.0,1.0,tiingo_historical_seed,
2022-09-08,VLUE,91.825,93.06,91.35,93.05,82.6679498451,83.7797921327,82.240318196,83.7707893611,733867,733867,0.0,1.0,tiingo_historical_seed,
2022-09-09,VLUE,93.62,94.79,93.62,94.55,84.28394734,85.3372716124,84.28394734,85.121205095,484215,484215,0.0,1.0,tiingo_historical_seed,
2022-09-12,VLUE,95.18,96.04,95.14,95.53,85.6883797033,86.4626180574,85.652368617,86.0034767078,440597,440597,0.0,1.0,tiingo_historical_seed,
2022-09-13,VLUE,93.67,93.85,91.16,91.46,84.3289611978,84.4910110859,82.0692655363,82.3393486831,364314,364314,0.0,1.0,tiingo_historical_seed,
2022-09-14,VLUE,91.58,91.95,90.585,91.31,82.4473819418,82.7804844895,81.5516061717,82.2043071097,1176680,1176680,0.0,1.0,tiingo_historical_seed,
2022-09-15,VLUE,91.21,92.14,90.765,91.03,82.1142793941,82.9515371492,81.7136560597,81.9522295061,942598,942598,0.0,1.0,tiingo_historical_seed,
2022-09-16,VLUE,89.97,90.44,89.5,90.32,80.9979357208,81.4210659841,80.5748054575,81.3130327253,806318,806318,0.0,1.0,tiingo_historical_seed,
2022-09-19,VLUE,89.455,90.99,89.455,90.92,80.5342929855,81.9162184198,80.5342929855,81.8531990189,340518,340518,0.0,1.0,tiingo_historical_seed,
2022-09-20,VLUE,89.88,89.94,88.56,89.08,80.9169107767,80.9709274061,79.7285449309,80.196689052,469433,469433,0.0,1.0,tiingo_historical_seed,
2022-09-21,VLUE,89.46,90.27,87.64,87.66,80.5387943712,81.2680188676,78.9002899474,78.9182954905,556951,556951,0.0,1.0,tiingo_historical_seed,
2022-09-22,VLUE,87.74,87.8632,86.82,86.85,78.990317663,79.1012318086,78.1620626795,78.1890709942,815815,815815,0.0,1.0,tiingo_historical_seed,
2022-09-23,VLUE,85.64,85.74,83.855,85.0,77.0997356355,77.1897633511,75.4927409121,76.5235582557,1171747,1171747,0.0,1.0,tiingo_historical_seed,
2022-09-26,VLUE,83.73,84.42,82.52,82.79,76.0756298705,76.7025519368,74.9762447978,75.2215621281,1207881,1207881,0.763783,1.0,tiingo_historical_seed,
2022-09-27,VLUE,83.55,84.15,82.12,82.69,75.9120849837,76.4572346065,74.6128117159,75.1307038576,1472193,1472193,0.0,1.0,tiingo_historical_seed,
2022-09-28,VLUE,83.0,84.87,82.76,84.47,75.4123644961,77.111414154,75.1943046469,76.7479810721,2214350,2214350,0.0,1.0,tiingo_historical_seed,
2022-09-29,VLUE,83.74,83.74,82.12,82.82,76.0847156976,76.0847156976,74.6128117159,75.2488196092,1908009,1908009,0.0,1.0,tiingo_historical_seed,
2022-09-30,VLUE,82.81,83.55,81.73,81.86,75.2397337821,75.9120849837,74.258464461,74.3765802126,1023576,1023576,0.0,1.0,tiingo_historical_seed,
2022-10-03,VLUE,82.87,84.82,82.56,84.37,75.2942487444,77.0659850187,75.012588106,76.6571228016,686457,686457,0.0,1.0,tiingo_historical_seed,
2022-10-04,VLUE,85.57,87.47,85.57,87.44,77.7474220473,79.4737291864,77.7474220473,79.4464717052,885104,885104,0.0,1.0,tiingo_historical_seed,
2022-10-05,VLUE,86.29,87.71,85.8,87.2,78.4016015948,79.6917890355,77.9563960694,79.2284118561,483221,483221,0.0,1.0,tiingo_historical_seed,
2022-10-06,VLUE,86.81,87.5,86.11,86.24,78.8740646012,79.5009866675,78.2380567079,78.3561724595,730859,730859,0.0,1.0,tiingo_historical_seed,
2022-10-07,VLUE,85.12,85.4,83.742,84.19,77.3385598302,77.5929629875,76.086532863,76.4935779147,583131,583131,0.0,1.0,tiingo_historical_seed,
2022-10-10,VLUE,84.2,84.48,82.94,83.45,76.5026637418,76.7570668991,75.3578495338,75.8212267132,689885,689885,0.0,1.0,tiingo_historical_seed,
2022-10-11,VLUE,82.89,84.51,82.6,83.35,75.3124203985,76.7843243803,75.0489314141,75.7303684427,621443,621443,0.0,1.0,tiingo_historical_seed,
2022-10-12,VLUE,83.23,83.86,82.79,82.98,75.6213385182,76.1937456222,75.2215621281,75.394192842,601439,601439,0.0,1.0,tiingo_historical_seed,
2022-10-13,VLUE,81.67,85.69,81.32,85.42,74.2039494987,77.8564519719,73.885945552,77.6111346416,1012247,1012247,0.0,1.0,tiingo_historical_seed,
2022-10-14,VLUE,85.69,86.29,83.84,83.95,77.8564519719,78.4016015948,76.1755739681,76.2755180656,838834,838834,0.0,1.0,tiingo_historical_seed,
2022-10-17,VLUE,85.53,85.91,84.95,85.26,77.7110787391,78.0563401669,77.1841007704,77.4657614088,949287,949287,0.0,1.0,tiingo_historical_seed,
2022-10-18,VLUE,86.69,87.06,85.33,86.29,78.7650346767,79.1012102774,77.5293621982,78.4016015948,610822,610822,0.0,1.0,tiingo_historical_seed,
2022-10-19,VLUE,85.64,86.4321,84.96,85.62,77.8110228367,78.5307111971,77.1931865974,77.7928511826,547329,547329,0.0,1.0,tiingo_historical_seed,
2022-10-20,VLUE,85.84,87.19,85.32,85.54,77.9927393776,79.219326029,77.5202763711,77.7201645662,711266,711266,0.0,1.0,tiingo_historical_seed,
2022-10-21,VLUE,85.6,88.21,85.5826,88.12,77.7746795285,80.1460803879,77.7588701894,80.0643079445,515251,515251,0.0,1.0,tiingo_historical_seed,
2022-10-24,VLUE,88.66,89.51,88.21,89.26,80.5549426051,81.3272379041,80.1460803879,81.1000922279,600252,600252,0.0,1.0,tiingo_historical_seed,
2022-10-25,VLUE,89.19,90.69,89.015,90.47,81.0364914386,82.3993654957,80.8774894653,82.1994773007,520547,520547,0.0,1.0,tiingo_historical_seed,
2022-10-26,VLUE,90.62,91.986,90.62,91.11,82.3357647064,83.5768886811,82.3357647064,82.7809702318,352923,352923,0.0,1.0,tiingo_historical_seed,
2022-10-27,VLUE,91.38,92.02,90.75,90.86,83.026287562,83.6077804931,82.453880458,82.5538245556,887085,887085,0.0,1.0,tiingo_historical_seed,
2022-10-28,VLUE,91.08,93.08,91.08,93.05,82.7537127506,84.5708781602,82.7537127506,84.543620679,513850,513850,0.0,1.0,tiingo_historical_seed,
2022-10-31,VLUE,92.395,93.04,92.1708,92.58,83.9484990074,84.534534852,83.744794765,84.1165868078,425111,425111,0.0,1.0,tiingo_historical_seed,
2022-11-01,VLUE,93.56,93.575,92.41,93.05,85.0069978584,85.020626599,83.962127748,84.543620679,518589,518589,0.0,1.0,tiingo_historical_seed,
2022-11-02,VLUE,92.87,94.13,91.12,91.13,84.3800757922,85.5248900002,82.7900560588,82.7991418858,789276,789276,0.0,1.0,tiingo_historical_seed,
2022-11-03,VLUE,89.81,90.75,89.33,90.15,81.5998127156,82.453880458,81.1636930173,81.9087308352,593520,593520,0.0,1.0,tiingo_historical_seed,
2022-11-04,VLUE,91.29,92.48,90.43,91.84,82.9445151186,84.0257285373,82.1631339925,83.4442356062,559004,559004,0.0,1.0,tiingo_historical_seed,
2022-11-07,VLUE,92.3,92.8,91.63,92.72,83.8621836504,84.3164750028,83.2534332382,84.2437883864,325198,325198,0.0,1.0,tiingo_historical_seed,
2022-11-08,VLUE,92.855,93.8044,92.07,93.1,84.3664470516,85.2290554715,83.6532096283,84.5890498142,570784,570784,0.0,1.0,tiingo_historical_seed,
2022-11-09,VLUE,92.3,92.92,91.12,91.22,83.8621836504,84.4255049274,82.7900560588,82.8809143293,340034,340034,0.0,1.0,tiingo_historical_seed,
2022-11-10,VLUE,93.85,95.39,93.6707,95.29,85.2704868428,86.6697042082,85.1075779639,86.5788459377,690910,690910,0.0,1.0,tiingo_historical_seed,
2022-11-11,VLUE,95.28,96.535,94.86,96.23,86.5697601107,87.7100314051,86.1881553746,87.4329136802,945344,945344,0.0,1.0,tiingo_historical_seed,
2022-11-14,VLUE,96.09,97.03,95.52,95.59,87.3057121015,88.159779844,86.7878199598,86.8514207491,323459,323459,0.0,1.0,tiingo_historical_seed,
2022-11-15,VLUE,96.63,96.98,95.31,96.16,87.7963467621,88.1143507088,86.5970175918,87.3693128909,356221,356221,0.0,1.0,tiingo_historical_seed,
2022-11-16,VLUE,95.38,95.68,94.364,94.48,86.6606183811,86.9331931926,85.7374983531,85.8428939468,406182,406182,0.0,1.0,tiingo_historical_seed,
2022-11-17,VLUE,93.24,94.71,93.24,94.67,84.7162513929,86.0518679689,84.7162513929,86.0155246607,288991,288991,0.0,1.0,tiingo_historical_seed,
2022-11-18,VLUE,95.4,95.53,94.6391,95.38,86.6787900352,86.7969057868,85.9874494552,86.6606183811,327165,327165,0.0,1.0,tiingo_historical_seed,
2022-11-21,VLUE,94.98,95.25,94.39,95.06,86.2971852992,86.5425026295,85.7611215034,86.3698719156,254476,254476,0.0,1.0,tiingo_historical_seed,
2022-11-22,VLUE,95.52,96.65,95.52,96.62,86.7878199598,87.8145184162,86.7878199598,87.787260935,530802,530802,0.0,1.0,tiingo_historical_seed,
2022-11-23,VLUE,96.29,96.96,96.1945,96.85,87.4874286425,88.0961790547,87.4006589942,87.9962349571,322955,322955,0.0,1.0,tiingo_historical_seed,
2022-11-25,VLUE,96.69,97.2472,96.69,97.08,87.8508617244,88.3571240075,87.8508617244,88.2052089792,132075,132075,0.0,1.0,tiingo_historical_seed,
2022-11-28,VLUE,96.16,96.57,95.07,95.34,87.3693128909,87.7418317998,86.3789577426,86.6242750729,307968,307968,0.0,1.0,tiingo_historical_seed,
2022-11-29,VLUE,95.38,96.1478,95.38,95.84,86.6606183811,87.3582281819,86.6606183811,87.0785664253,534363,534363,0.0,1.0,tiingo_historical_seed,
2022-11-30,VLUE,95.7,97.89,94.92,97.89,86.9513648467,88.9411609701,86.2426703369,88.9411609701,741377,741377,0.0,1.0,tiingo_historical_seed,
2022-12-01,VLUE,98.04,98.55,97.31,97.57,89.0774483758,89.5408255553,88.4141830013,88.6504145046,614156,614156,0.0,1.0,tiingo_historical_seed,
2022-12-02,VLUE,96.16,97.44,96.16,97.27,87.3693128909,88.532298753,87.3693128909,88.3778396931,555485,555485,0.0,1.0,tiingo_historical_seed,
2022-12-05,VLUE,96.62,96.82,95.22,95.55,87.787260935,87.968977476,86.5152451484,86.8150774409,465071,465071,0.0,1.0,tiingo_historical_seed,
2022-12-06,VLUE,95.38,95.85,93.79,94.4,86.6606183811,87.0876522524,85.2159718805,85.7702073305,443803,443803,0.0,1.0,tiingo_historical_seed,
2022-12-07,VLUE,94.24,95.11,94.0501,94.49,85.6248340977,86.4153010508,85.4522942421,85.8519797739,283373,283373,0.0,1.0,tiingo_historical_seed,
2022-12-08,VLUE,94.96,95.39,94.71,95.01,86.2790136451,86.6697042082,86.0518679689,86.3244427804,562061,562061,0.0,1.0,tiingo_historical_seed,
2022-12-09,VLUE,94.53,95.44,94.36,94.41,85.8883230821,86.7151333434,85.7338640223,85.7792931575,236130,236130,0.0,1.0,tiingo_historical_seed,
2022-12-12,VLUE,94.3,95.77,94.2156,95.73,85.67934906,87.014965636,85.6026646797,86.9786223278,361990,361990,0.0,1.0,tiingo_historical_seed,
2022-12-13,VLUE,97.54,97.6,95.05,95.51,89.2983047687,89.3532350362,87.0186986699,87.4398307203,1027871,1027871,0.727613,1.0,tiingo_historical_seed,
2022-12-14,VLUE,95.3,96.31,94.35,95.01,87.2475747843,88.1722342862,86.3778455498,86.9820784916,776613,776613,0.0,1.0,tiingo_historical_seed,
2022-12-15,VLUE,93.91,94.0,92.39,92.74,85.9750235886,86.0574189897,84.5834568134,84.9038833735,1053504,1053504,0.0,1.0,tiingo_historical_seed,
2022-12-16,VLUE,91.9,92.035,90.84,91.51,84.1348596293,84.2584527311,83.1644249045,83.777812891,354592,354592,0.0,1.0,tiingo_historical_seed,
2022-12-19,VLUE,91.67,91.71,90.05,90.62,83.9242936041,83.9609137824,82.4411763833,82.9630139239,445021,445021,0.0,1.0,tiingo_historical_seed,
2022-12-20,VLUE,90.2,91.11,90.2,90.59,82.5785020519,83.411611108,82.5785020519,82.9355487902,747318,747318,0.0,1.0,tiingo_historical_seed,
2022-12-21,VLUE,91.405,92.0217,91.19,91.79,83.6816849229,84.2462765218,83.4848514646,84.034154139,405567,405567,0.0,1.0,tiingo_historical_seed,
2022-12-22,VLUE,91.03,91.11,89.2268,90.69,83.3383707514,83.411611108,81.687533114,83.0270992359,351655,351655,0.0,1.0,tiingo_historical_seed,
2022-12-23,VLUE,90.43,91.22,90.22,91.22,82.789068077,83.5123165983,82.596812141,83.5123165983,462179,462179,0.0,1.0,tiingo_historical_seed,
2022-12-27,VLUE,91.07,91.43,90.67,91.21,83.3749909297,83.7045725344,83.0087891468,83.5031615538,552841,552841,0.0,1.0,tiingo_historical_seed,
2022-12-28,VLUE,91.01,91.45,89.76,89.82,83.3200606623,83.7228826235,82.1756800906,82.2306103581,382720,382720,0.0,1.0,tiingo_historical_seed,
2022-12-29,VLUE,90.22,91.43,90.22,91.23,82.596812141,83.7045725344,82.596812141,83.5214716429,332763,332763,0.0,1.0,tiingo_historical_seed,
2022-12-30,VLUE,90.61,91.17,90.27,91.14,82.9538588794,83.4665413755,82.6425873639,83.4390762418,338017,338017,0.0,1.0,tiingo_historical_seed,
2023-01-03,VLUE,91.49,92.0,90.65,91.15,83.7595028018,84.2264100751,82.9904790577,83.4482312863,437432,437432,0.0,1.0,tiingo_historical_seed,
2023-01-04,VLUE,91.84,93.3,91.69,92.58,84.0799293619,85.4165658696,83.9426036933,84.7574026603,645231,645231,0.0,1.0,tiingo_historical_seed,
2023-01-05,VLUE,91.89,92.4658,91.5,92.11,84.1257045848,84.6528520513,83.7686578464,84.3271155654,273072,273072,0.0,1.0,tiingo_historical_seed,
2023-01-06,VLUE,92.72,94.71,92.63,94.45,84.8855732843,86.7074271544,84.8031778832,86.4693959955,293678,293678,0.0,1.0,tiingo_historical_seed,
2023-01-09,VLUE,94.66,95.4571,94.18,94.21,86.6616519316,87.3914005345,86.2222097921,86.2496749258,1343036,1343036,0.0,1.0,tiingo_historical_seed,
2023-01-10,VLUE,94.08,94.9,93.76,94.88,86.1306593463,86.8813730013,85.83769792,86.8630629122,231483,231483,0.0,1.0,tiingo_historical_seed,
2023-01-11,VLUE,95.13,95.65,94.67,95.65,87.0919390265,87.5680013443,86.6708069762,87.5680013443,1283729,1283729,0.0,1.0,tiingo_historical_seed,
2023-01-12,VLUE,95.82,96.47,95.135,96.06,87.7236371021,88.3187149994,87.0965165488,87.9433581719,1035488,1035488,0.0,1.0,tiingo_historical_seed,
2023-01-13,VLUE,95.17,96.08,94.78,95.95,87.1285592048,87.961668261,86.7715124665,87.8426526815,419625,419625,0.0,1.0,tiingo_historical_seed,
2023-01-17,VLUE,95.9,96.155,95.2402,95.39,87.7968774587,88.0303310953,87.1928276177,87.3299701854,796447,796447,0.0,1.0,tiingo_historical_seed,
2023-01-18,VLUE,95.62,95.88,93.77,93.77,87.5405362106,87.7785673695,85.8468529645,85.8468529645,631761,631761,0.0,1.0,tiingo_historical_seed,
2023-01-19,VLUE,93.16,93.615,92.63,93.07,85.2883952456,85.7049497737,84.8031778832,85.2059998444,308473,308473,0.0,1.0,tiingo_historical_seed,
2023-01-20,VLUE,93.43,94.54,92.84,94.52,85.5355814491,86.5517913967,84.9954338192,86.5334813076,356578,356578,0.0,1.0,tiingo_historical_seed,
2023-01-23,VLUE,94.77,96.3601,94.77,95.96,86.7623574219,88.2181010595,86.7623574219,87.8518077261,388597,388597,0.0,1.0,tiingo_historical_seed,
2023-01-24,VLUE,95.56,96.56,95.025,95.68,87.4856059432,88.4011104005,86.9958110585,87.5954664781,372395,372395,0.0,1.0,tiingo_historical_seed,
2023-01-25,VLUE,95.11,96.53,94.965,96.49,87.0736289374,88.3736452668,86.9408807911,88.3370250885,477856,477856,0.0,1.0,tiingo_historical_seed,
2023-01-26,VLUE,96.94,97.22,95.96,97.21,88.7490020943,89.0053433424,87.8518077261,88.9961882978,292591,292591,0.0,1.0,tiingo_historical_seed,
2023-01-27,VLUE,96.41,97.55,96.41,97.13,88.2637847319,89.3074598133,88.2637847319,88.9229479412,272653,272653,0.0,1.0,tiingo_historical_seed,
2023-01-30,VLUE,96.47,97.1199,95.991,96.03,88.3187149994,88.9137013462,87.8801883643,87.9158930381,238158,238158,0.0,1.0,tiingo_historical_seed,
2023-01-31,VLUE,96.06,97.68,96.06,97.68,87.9433581719,89.4264753927,87.9433581719,89.4264753927,452521,452521,0.0,1.0,tiingo_historical_seed,
2023-02-01,VLUE,97.35,99.1,96.51,98.37,89.1243589218,90.7264917222,88.3553351777,90.0581734683,281285,281285,0.0,1.0,tiingo_historical_seed,
2023-02-02,VLUE,98.8,99.94,98.42,99.54,90.451840385,91.4955154663,90.1039486912,91.1293136834,1902263,1902263,0.0,1.0,tiingo_historical_seed,
2023-02-03,VLUE,98.46,99.22,98.06,98.34,90.1405688695,90.836352257,89.7743670865,90.0307083346,550560,550560,0.0,1.0,tiingo_historical_seed,
2023-02-06,VLUE,97.39,97.677,96.89,97.18,89.1609791001,89.4237288794,88.7032268714,88.9687231641,345536,345536,0.0,1.0,tiingo_historical_seed,
2023-02-07,VLUE,96.81,98.33,96.53,98.07,88.6299865149,90.02155329,88.3736452668,89.7835221311,294143,294143,0.0,1.0,tiingo_historical_seed,
2023-02-08,VLUE,97.48,97.95,97.0,97.08,89.2433745013,89.6736615962,88.8039323617,88.8771727183,188062,188062,0.0,1.0,tiingo_historical_seed,
2023-02-09,VLUE,97.75,98.1594,96.29,96.57,89.4905607048,89.8653682296,88.153924197,88.4102654451,350851,350851,0.0,1.0,tiingo_historical_seed,
2023-02-10,VLUE,96.55,97.42,96.44,97.37,88.3919553559,89.1884442338,88.2912498656,89.142669011,176516,176516,0.0,1.0,tiingo_historical_seed,
2023-02-13,VLUE,97.09,98.34,97.05,98.34,88.8863277629,90.0307083346,88.8497075846,90.0307083346,209231,209231,0.0,1.0,tiingo_historical_seed,
2023-02-14,VLUE,97.88,98.77,97.35,98.21,89.6095762842,90.4243752512,89.1243589218,89.9116927551,475018,475018,0.0,1.0,tiingo_historical_seed,
2023-02-15,VLUE,97.54,98.47,97.36,98.45,89.2983047687,90.149723914,89.1335139664,90.1314138249,275595,275595,0.0,1.0,tiingo_historical_seed,
2023-02-16,VLUE,97.37,98.58,97.37,97.72,89.142669011,90.2504294043,89.142669011,89.463095571,269053,269053,0.0,1.0,tiingo_historical_seed,
2023-02-17,VLUE,97.31,97.5,96.67,97.33,89.0877387435,89.2616845904,88.5018158908,89.1060488327,184506,184506,0.0,1.0,tiingo_historical_seed,
2023-02-21,VLUE,96.28,96.61,94.87,95.02,88.1447691525,88.4468856234,86.8539078676,86.9912335362,245106,245106,0.0,1.0,tiingo_historical_seed,
2023-02-22,VLUE,95.2,95.48,94.45,94.8,87.1560243385,87.4123655866,86.4693959955,86.7898225556,442295,442295,0.0,1.0,tiingo_historical_seed,
2023-02-23,VLUE,95.28,95.64,94.13,95.13,87.2292646951,87.5588462998,86.1764345692,87.0919390265,202299,202299,0.0,1.0,tiingo_historical_seed,
2023-02-24,VLUE,94.0,94.5,93.59,94.31,86.0574189897,86.5151712184,85.6820621622,86.3412253715,286271,286271,0.0,1.0,tiingo_historical_seed,
2023-02-27,VLUE,94.78,95.3899,94.13,94.26,86.7715124665,87.329878635,86.1764345692,86.2954501486,280795,280795,0.0,1.0,tiingo_historical_seed,
2023-02-28,VLUE,94.34,94.43,93.73,93.73,86.3686905052,86.4510859064,85.8102327863,85.8102327863,207420,207420,0.0,1.0,tiingo_historical_seed,
2023-03-01,VLUE,93.59,94.27,93.5601,93.84,85.6820621622,86.3046051932,85.654688579,85.9109382766,247859,247859,0.0,1.0,tiingo_historical_seed,
2023-03-02,VLUE,93.37,94.64,93.15,94.42,85.4806511816,86.6433418424,85.279240201,86.4419308618,258963,258963,0.0,1.0,tiingo_historical_seed,
2023-03-03,VLUE,94.67,95.74,94.6,95.61,86.6708069762,87.6503967455,86.6067216641,87.5313811661,211255,211255,0.0,1.0,tiingo_historical_seed,
2023-03-06,VLUE,95.61,95.93,94.94,95.1,87.5313811661,87.8243425924,86.9179931796,87.0644738928,535011,535011,0.0,1.0,tiingo_historical_seed,
2023-03-07,VLUE,94.93,94.9769,93.37,93.5,86.9088381351,86.9517752941,85.4806511816,85.5996667611,165650,165650,0.0,1.0,tiingo_historical_seed,
2023-03-08,VLUE,93.48,93.93,93.2,93.81,85.5813566719,85.9933336777,85.3250154239,85.8834731428,490310,490310,0.0,1.0,tiingo_historical_seed,
2023-03-09,VLUE,93.72,94.13,91.61,91.81,85.8010777417,86.1764345692,83.8693633367,84.0524642282,257064,257064,0.0,1.0,tiingo_historical_seed,
2023-03-10,VLUE,91.47,92.17,89.845,90.46,83.7411927127,84.3820458328,82.2534979695,82.8165332108,277741,277741,0.0,1.0,tiingo_historical_seed,
2023-03-13,VLUE,89.15,90.24,88.37,88.98,81.6172223716,82.6151222301,80.9031288949,81.4615866139,644416,644416,0.0,1.0,tiingo_historical_seed,
2023-03-14,VLUE,90.33,91.06,89.18,90.19,82.6975176313,83.3658358852,81.6446875054,82.5693470073,451372,451372,0.0,1.0,tiingo_historical_seed,
2023-03-15,VLUE,88.56,88.77,87.56,88.74,81.0770747418,81.2693306779,80.1615702845,81.2418655441,397345,397345,0.0,1.0,tiingo_historical_seed,
2023-03-16,VLUE,88.06,90.37,87.89,90.255,80.6193225132,82.7341378096,80.4636867554,82.628854797,615000,615000,0.0,1.0,tiingo_historical_seed,
2023-03-17,VLUE,90.04,90.05,88.43,88.77,82.4320213387,82.4411763833,80.9580591624,81.2693306779,381789,381789,0.0,1.0,tiingo_historical_seed,
2023-03-20,VLUE,89.01,90.19,89.01,89.81,81.4890517476,82.5693470073,81.4890517476,82.2214553135,589679,589679,0.0,1.0,tiingo_historical_seed,
2023-03-21,VLUE,90.68,91.24,90.505,90.93,83.0179441914,83.5306266875,82.8577309113,83.2468203057,212529,212529,0.0,1.0,tiingo_historical_seed,
2023-03-22,VLUE,90.81,91.32,89.02,89.03,83.1369597708,83.6038670441,81.4982067922,81.5073618368,307737,307737,0.0,1.0,tiingo_historical_seed,
2023-03-23,VLUE,88.71,89.7,87.41,88.06,81.9400509859,82.8544986296,80.7392611506,81.3396560683,350970,350970,0.786816,1.0,tiingo_historical_seed,
2023-03-24,VLUE,87.43,88.65,87.1,88.58,80.7577348404,81.8846299165,80.4529189592,81.8199720023,282341,282341,0.0,1.0,tiingo_historical_seed,
2023-03-27,VLUE,89.21,89.75,88.8,89.23,82.4018932302,82.900682854,82.0231825898,82.4203669199,348566,348566,0.0,1.0,tiingo_historical_seed,
2023-03-28,VLUE,89.03,89.55,88.89,89.24,82.2356300222,82.7159459563,82.1063141938,82.4296037648,285201,285201,0.0,1.0,tiingo_historical_seed,
2023-03-29,VLUE,90.29,91.05,90.16,90.96,83.3994724779,84.1014726892,83.2793934944,84.0183410853,1883941,1883941,0.0,1.0,tiingo_historical_seed,
2023-03-30,VLUE,91.56,91.85,91.1017,91.45,84.5725517784,84.8404202801,84.1492271773,84.4709464847,272126,272126,0.0,1.0,tiingo_historical_seed,
2023-03-31,VLUE,91.63,92.65,91.63,92.59,84.6372096926,85.579367871,84.6372096926,85.5239468017,308149,308149,0.0,1.0,tiingo_historical_seed,
2023-04-03,VLUE,92.63,93.35,92.63,93.14,85.5608941813,86.2259470131,85.5608941813,86.0319732705,303297,303297,0.0,1.0,tiingo_historical_seed,
2023-04-04,VLUE,93.36,93.41,91.6,92.08,86.235183858,86.2813680824,84.609499158,85.0528677125,319713,319713,0.0,1.0,tiingo_historical_seed,
2023-04-05,VLUE,91.65,92.05,91.46,92.02,84.6556833824,85.0251571779,84.4801833296,84.9974466432,333235,333235,0.0,1.0,tiingo_historical_seed,
2023-04-06,VLUE,91.8,92.28,91.71,91.97,84.7942360557,85.2376046103,84.7111044517,84.9512624188,207163,207163,0.0,1.0,tiingo_historical_seed,
2023-04-10,VLUE,91.74,92.925,91.74,92.925,84.7388149864,85.8333811054,84.7388149864,85.8333811054,472981,472981,0.0,1.0,tiingo_historical_seed,
2023-04-11,VLUE,93.14,93.81,93.14,93.45,86.0319732705,86.6508418778,86.0319732705,86.3183154619,323011,323011,0.0,1.0,tiingo_historical_seed,
2023-04-12,VLUE,93.87,94.05,92.67,92.8,86.7062629472,86.8725261551,85.5978415608,85.7179205443,359522,359522,0.0,1.0,tiingo_historical_seed,
2023-04-13,VLUE,92.93,93.42,92.27,93.17,85.8379995279,86.2906049273,85.2283677654,86.0596838051,350034,350034,0.0,1.0,tiingo_historical_seed,
2023-04-14,VLUE,93.19,93.84,92.525,93.07,86.0781574949,86.6785524125,85.46390731,85.9673153563,355426,355426,0.0,1.0,tiingo_historical_seed,
2023-04-17,VLUE,92.86,93.57,92.86,93.55,85.7733416137,86.4291576006,85.7733416137,86.4106839108,409921,409921,0.0,1.0,tiingo_historical_seed,
2023-04-18,VLUE,93.7,93.91,93.22,93.58,86.5492365841,86.7432103267,86.1058680296,86.4383944455,327070,327070,0.0,1.0,tiingo_historical_seed,
2023-04-19,VLUE,92.795,92.93,92.45,92.76,85.7133021219,85.8379995279,85.3946309733,85.6809731648,648105,648105,0.0,1.0,tiingo_historical_seed,
2023-04-20,VLUE,92.06,92.1397,91.44,91.77,85.0343940228,85.1080116765,84.4617096398,84.7665255211,681324,681324,0.0,1.0,tiingo_historical_seed,
2023-04-21,VLUE,91.85,91.85,91.16,91.62,84.8404202801,84.8404202801,84.203077983,84.6279728478,654122,654122,0.0,1.0,tiingo_historical_seed,
2023-04-24,VLUE,91.37,91.75,91.28,91.65,84.3970517256,84.7480518313,84.3139201216,84.6556833824,270355,270355,0.0,1.0,tiingo_historical_seed,
2023-04-25,VLUE,91.13,91.2206,90.19,90.23,84.1753674483,84.259053263,83.307104029,83.3440514086,551802,551802,0.0,1.0,tiingo_historical_seed,
2023-04-26,VLUE,90.12,90.31,89.09,89.27,83.2424461148,83.4179461677,82.2910510915,82.4573142995,359620,359620,0.0,1.0,tiingo_historical_seed,
2023-04-27,VLUE,89.48,90.4,89.1208,90.35,82.6512880421,83.5010777716,82.3195005738,83.4548935472,409461,409461,0.0,1.0,tiingo_historical_seed,
2023-04-28,VLUE,90.5,91.62,90.5,91.58,83.5934462205,84.6279728478,83.5934462205,84.5910254682,357700,357700,0.0,1.0,tiingo_historical_seed,
2023-05-01,VLUE,91.57,92.12,91.37,91.37,84.5817886233,85.0898150921,84.3970517256,84.3970517256,178172,178172,0.0,1.0,tiingo_historical_seed,
2023-05-02,VLUE,91.05,91.24,89.06,89.86,84.1014726892,84.2769727421,82.2633405569,83.0022881478,338912,338912,0.0,1.0,tiingo_historical_seed,
2023-05-03,VLUE,89.88,90.53,89.17,89.26,83.0207618376,83.6211567552,82.3649458506,82.4480774546,826312,826312,0.0,1.0,tiingo_historical_seed,
2023-05-04,VLUE,88.86,89.02,87.79,88.11,82.0786036592,82.2263931773,81.0902612563,81.3858402927,672702,672702,0.0,1.0,tiingo_historical_seed,
2023-05-05,VLUE,89.04,90.115,89.04,89.86,82.2448668671,83.2378276924,82.2448668671,83.0022881478,737284,737284,0.0,1.0,tiingo_historical_seed,
2023-05-08,VLUE,89.82,90.011,89.46,89.71,82.9653407682,83.1417645056,82.6328143523,82.8637354745,505537,505537,0.0,1.0,tiingo_historical_seed,
2023-05-09,VLUE,89.08,89.56,88.9178,89.28,82.2818142467,82.7251828012,82.1319926226,82.4665511444,272966,272966,0.0,1.0,tiingo_historical_seed,
2023-05-10,VLUE,89.91,90.01,88.11,88.86,83.0484723722,83.1408408211,81.3858402927,82.0786036592,462776,462776,0.0,1.0,tiingo_historical_seed,
2023-05-11,VLUE,88.35,88.42,87.84,88.34,81.60752457,81.6721824842,81.1364454808,81.5982877251,557522,557522,0.0,1.0,tiingo_historical_seed,
2023-05-12,VLUE,88.45,88.69,87.63,88.16,81.6998930188,81.9215772961,80.9424717381,81.4320245171,203870,203870,0.0,1.0,tiingo_historical_seed,
2023-05-15,VLUE,88.32,89.18,88.2022,89.1,81.5798140353,82.3741826955,81.4710040025,82.3002879364,218532,218532,0.0,1.0,tiingo_historical_seed,
2023-05-16,VLUE,88.8,88.8788,87.72,87.72,82.0231825898,82.0959689275,81.0256033421,81.0256033421,312212,312212,0.0,1.0,tiingo_historical_seed,
2023-05-17,VLUE,88.18,89.31,87.94,89.11,81.4504982069,82.494261679,81.2288139296,82.3095247813,279245,279245,0.0,1.0,tiingo_historical_seed,
2023-05-18,VLUE,88.81,89.905,88.74,89.79,82.0324194347,83.0438539498,81.9677615205,82.9376302336,275167,275167,0.0,1.0,tiingo_historical_seed,
2023-05-19,VLUE,89.98,90.27,89.37,89.7,83.1131302864,83.3809987881,82.5496827484,82.8544986296,231697,231697,0.0,1.0,tiingo_historical_seed,
2023-05-22,VLUE,89.51,90.135,89.12,89.87,82.6789985768,83.2563013822,82.3187616262,83.0115249927,212941,212941,0.0,1.0,tiingo_historical_seed,
2023-05-23,VLUE,89.54,90.27,89.39,89.39,82.7067091114,83.3809987881,82.5681564381,82.5681564381,229732,229732,0.0,1.0,tiingo_historical_seed,
2023-05-24,VLUE,89.0,89.11,88.04,88.22,82.2079194876,82.3095247813,81.3211823785,81.4874455864,277687,277687,0.0,1.0,tiingo_historical_seed,
2023-05-25,VLUE,88.06,88.15,87.162,87.85,81.3396560683,81.4227876722,80.5101873975,81.1456823256,285551,285551,0.0,1.0,tiingo_historical_seed,
2023-05-26,VLUE,88.07,89.27,88.06,89.105,81.3488929131,82.4573142995,81.3396560683,82.3049063589,187248,187248,0.0,1.0,tiingo_historical_seed,
2023-05-30,VLUE,89.28,89.51,88.69,89.04,82.4665511444,82.6789985768,81.9215772961,82.2448668671,300807,300807,0.0,1.0,tiingo_historical_seed,
2023-05-31,VLUE,88.11,88.55,87.72,88.22,81.3858402927,81.7922614677,81.0256033421,81.4874455864,224225,224225,0.0,1.0,tiingo_historical_seed,
2023-06-01,VLUE,88.47,89.2,88.02,88.84,81.7183667086,82.3926563853,81.3027086887,82.0601299694,268664,268664,0.0,1.0,tiingo_historical_seed,
2023-06-02,VLUE,89.27,90.65,89.26,90.42,82.4573142995,83.7319988938,82.4480774546,83.5195514614,249502,249502,0.0,1.0,tiingo_historical_seed,
2023-06-05,VLUE,90.6,90.72,89.8,89.86,83.6858146694,83.796656808,82.9468670785,83.0022881478,216800,216800,0.0,1.0,tiingo_historical_seed,
2023-06-06,VLUE,89.65,91.2,89.65,91.01,82.8083144052,84.2400253625,82.8083144052,84.0645253097,455642,455642,0.0,1.0,tiingo_historical_seed,
2023-06-07,VLUE,90.57,91.9,90.5,91.84,84.1727180718,85.4087754311,84.1076624213,85.353013445,429034,429034,0.564944,1.0,tiingo_historical_seed,
2023-06-08,VLUE,91.66,91.94,91.31,91.85,85.1857274866,85.4459500886,84.8604492341,85.3623071094,261967,261967,0.0,1.0,tiingo_historical_seed,
2023-06-09,VLUE,91.98,92.17,91.52,91.7,85.483124746,85.6597043687,85.0556161856,85.222902144,364948,364948,0.0,1.0,tiingo_historical_seed,
2023-06-12,VLUE,91.65,92.62,91.65,92.52,85.1764338222,86.0779192648,85.1764338222,85.9849826212,387512,387512,0.0,1.0,tiingo_historical_seed,
2023-06-13,VLUE,93.02,93.7847,92.78,93.6,86.449665839,87.1603523523,86.2266178945,86.9886983716,632100,632100,0.0,1.0,tiingo_historical_seed,
2023-06-14,VLUE,93.34,93.85,92.49,93.06,86.7470630984,87.2210399805,85.9571016281,86.4868404964,512173,512173,0.0,1.0,tiingo_historical_seed,
2023-06-15,VLUE,92.86,94.255,92.86,94.1,86.3009672093,87.597433387,86.3009672093,87.4533815894,482585,482585,0.0,1.0,tiingo_historical_seed,
2023-06-16,VLUE,94.27,94.59,93.89,94.13,87.6113738835,87.9087711429,87.258214638,87.4812625825,523419,523419,0.0,1.0,tiingo_historical_seed,
2023-06-20,VLUE,93.71,93.89,92.7,92.92,87.0909286796,87.258214638,86.1522685796,86.3567291954,524317,524317,0.0,1.0,tiingo_historical_seed,
2023-06-21,VLUE,92.58,92.76,92.21,92.21,86.0407446073,86.2080305657,85.6968790262,85.6968790262,400071,400071,0.0,1.0,tiingo_historical_seed,
2023-06-22,VLUE,91.82,92.005,91.481,91.92,85.3344261163,85.5063589069,85.0193708946,85.4273627598,392079,392079,0.0,1.0,tiingo_historical_seed,
2023-06-23,VLUE,91.11,91.62,90.88,91.16,84.674575947,85.1485528292,84.4608216668,84.7210442688,387905,387905,0.0,1.0,tiingo_historical_seed,
2023-06-26,VLUE,91.07,91.9,91.07,91.58,84.6374012896,85.4087754311,84.6374012896,85.1113781717,336874,336874,0.0,1.0,tiingo_historical_seed,
2023-06-27,VLUE,91.45,92.91,91.28,92.79,84.9905605351,86.3474355311,84.8325682411,86.2359115588,200023,200023,0.0,1.0,tiingo_historical_seed,
2023-06-28,VLUE,92.4,92.75,91.95,92.73,85.8734586489,86.1987369014,85.4552437529,86.1801495727,452921,452921,0.0,1.0,tiingo_historical_seed,
2023-06-29,VLUE,92.77,93.23,92.562,93.2,86.2173242301,86.6448327905,86.0240160115,86.6169517974,258701,258701,0.0,1.0,tiingo_historical_seed,
2023-06-30,VLUE,93.79,94.07,93.39,93.79,87.1652779944,87.4255005964,86.7935314202,87.1652779944,199108,199108,0.0,1.0,tiingo_historical_seed,
2023-07-03,VLUE,93.78,94.5199,93.73,94.48,87.1559843301,87.8436225557,87.1095160083,87.806540835,269086,269086,0.0,1.0,tiingo_historical_seed,
2023-07-05,VLUE,93.98,94.35,93.77,93.91,87.3418576172,87.6857231983,87.1466906657,87.2768019667,251284,251284,0.0,1.0,tiingo_historical_seed,
2023-07-06,VLUE,92.93,93.1,92.2805,92.93,86.3660228598,86.5240151538,85.7623993599,86.3660228598,220111,220111,0.0,1.0,tiingo_historical_seed,
2023-07-07,VLUE,92.89,94.07,92.7,93.13,86.3288482024,87.4255005964,86.1522685796,86.5518961469,258812,258812,0.0,1.0,tiingo_historical_seed,
2023-07-10,VLUE,93.01,93.9,93.0,93.83,86.4403721746,87.2675083023,86.4310785103,87.2024526518,407216,407216,0.0,1.0,tiingo_historical_seed,
2023-07-11,VLUE,94.05,95.11,94.0,95.04,87.4069132677,88.3920416894,87.3604449459,88.3269860389,250209,250209,0.0,1.0,tiingo_historical_seed,
2023-07-12,VLUE,95.7,95.84,95.06,95.15,88.9403678864,89.0704791874,88.3455733676,88.4292163468,679904,679904,0.0,1.0,tiingo_historical_seed,
2023-07-13,VLUE,95.56,95.8,95.21,95.67,88.8102565854,89.03330453,88.484978333,88.9124868933,632367,632367,0.0,1.0,tiingo_historical_seed,
2023-07-14,VLUE,95.74,95.74,94.46,94.53,88.9775425438,88.9775425438,87.7879535063,87.8530091567,255967,255967,0.0,1.0,tiingo_historical_seed,
2023-07-17,VLUE,94.01,94.79,93.81,94.49,87.3697386102,88.09464443,87.1838653231,87.8158344993,243513,243513,0.0,1.0,tiingo_historical_seed,
2023-07-18,VLUE,94.35,95.575,94.35,95.34,87.6857231983,88.8241970819,87.6857231983,88.6057959696,464435,464435,0.0,1.0,tiingo_historical_seed,
2023-07-19,VLUE,95.8,96.4907,95.8,96.24,89.03330453,89.675217927,89.03330453,89.4422257616,183603,183603,0.0,1.0,tiingo_historical_seed,
2023-07-20,VLUE,95.89,96.35,95.81,96.085,89.1169475092,89.5444560695,89.0425981943,89.2981739641,142377,142377,0.0,1.0,tiingo_historical_seed,
2023-07-21,VLUE,96.39,96.57,95.9,96.24,89.581630727,89.7489166854,89.1262411735,89.4422257616,163616,163616,0.0,1.0,tiingo_historical_seed,
2023-07-24,VLUE,96.16,96.94,96.16,96.68,89.3678764468,90.0927822665,89.3678764468,89.8511469933,183706,183706,0.0,1.0,tiingo_historical_seed,
2023-07-25,VLUE,96.28,96.91,96.23,96.6,89.479400419,90.0649012735,89.4329320973,89.7767976784,181780,181780,0.0,1.0,tiingo_historical_seed,
2023-07-26,VLUE,96.41,97.2,96.3957,96.92,89.6002180557,90.3344175398,89.5869281156,90.0741949378,283086,283086,0.0,1.0,tiingo_historical_seed,
2023-07-27,VLUE,97.41,97.83,96.43,96.64,90.5295844913,90.9199183942,89.6188053844,89.8139723359,208048,208048,0.0,1.0,tiingo_historical_seed,
2023-07-28,VLUE,97.15,97.46,96.59,97.01,90.287949218,90.576052813,89.7675040141,90.157837917,126018,126018,0.0,1.0,tiingo_historical_seed,
2023-07-31,VLUE,97.02,97.44,96.91,97.29,90.1671315814,90.5574654843,90.0649012735,90.418060519,228317,228317,0.0,1.0,tiingo_historical_seed,
2023-08-01,VLUE,96.96,97.27,96.7,97.04,90.1113695952,90.3994731903,89.869734322,90.1857189101,195642,195642,0.0,1.0,tiingo_historical_seed,
2023-08-02,VLUE,96.34,96.51,95.88,96.01,89.5351624052,89.6931546992,89.1076538448,89.2284714814,282981,282981,0.0,1.0,tiingo_historical_seed,
2023-08-03,VLUE,95.68,95.9944,94.93,95.67,88.9217805577,89.213973365,88.224755731,88.9124868933,240176,240176,0.0,1.0,tiingo_historical_seed,
2023-08-04,VLUE,95.72,96.6999,95.54,95.7,88.9589552151,89.8696413853,88.7916692567,88.9403678864,227816,227816,0.0,1.0,tiingo_historical_seed,
2023-08-07,VLUE,95.84,96.61,95.84,96.58,89.0704791874,89.7860913428,89.0704791874,89.7582103497,151178,151178,0.0,1.0,tiingo_historical_seed,
2023-08-08,VLUE,95.55,96.33,95.0,96.27,88.8009629211,89.5258687408,88.2898113815,89.4701067547,222617,222617,0.0,1.0,tiingo_historical_seed,
2023-08-09,VLUE,96.14,96.48,95.62,95.7,89.3492891181,89.6652737062,88.8660185715,88.9403678864,553908,553908,0.0,1.0,tiingo_historical_seed,
2023-08-10,VLUE,96.18,96.67,94.98,95.27,89.3864637755,89.8418533289,88.2712240528,88.5407403191,381247,381247,0.0,1.0,tiingo_historical_seed,
2023-08-11,VLUE,94.8,95.51,94.8,95.25,88.1039380944,88.7637882636,88.1039380944,88.5221529904,252724,252724,0.0,1.0,tiingo_historical_seed,
2023-08-14,VLUE,94.99,95.43,94.72,95.42,88.2805177171,88.6894389488,88.0295887795,88.6801452844,187595,187595,0.0,1.0,tiingo_historical_seed,
2023-08-15,VLUE,94.67,94.77,93.91,93.98,87.9831204577,88.0760571013,87.2768019667,87.3418576172,982498,982498,0.0,1.0,tiingo_historical_seed,
2023-08-16,VLUE,93.8,94.12,92.931,92.95,87.1745716588,87.4719689182,86.3669522262,86.3846101885,411085,411085,0.0,1.0,tiingo_historical_seed,
2023-08-17,VLUE,93.1,93.48,92.23,92.31,86.5240151538,86.8771743994,85.7154663549,85.7898156697,1041251,1041251,0.0,1.0,tiingo_historical_seed,
2023-08-18,VLUE,91.77,92.99,91.77,92.75,85.2879577945,86.4217848459,85.2879577945,86.1987369014,353922,353922,0.0,1.0,tiingo_historical_seed,
2023-08-21,VLUE,92.65,93.13,92.2297,92.96,86.1058002578,86.5518961469,85.7151875449,86.3939038529,405673,405673,0.0,1.0,tiingo_historical_seed,
2023-08-22,VLUE,93.03,93.32,92.4,92.46,86.4589595034,86.7284757697,85.8734586489,85.9292206351,314572,314572,0.0,1.0,tiingo_historical_seed,
2023-08-23,VLUE,92.58,93.16,92.335,93.11,86.0407446073,86.57977714,85.8130498306,86.5333088182,214499,214499,0.0,1.0,tiingo_historical_seed,
2023-08-24,VLUE,93.055,93.56,92.07,92.1,86.4821936642,86.9515237142,85.5667677252,85.5946487183,293360,293360,0.0,1.0,tiingo_historical_seed,
2023-08-25,VLUE,92.25,92.74,91.41,92.36,85.7340536836,86.189443237,84.9533858777,85.8362839915,338604,338604,0.0,1.0,tiingo_historical_seed,
2023-08-28,VLUE,92.64,93.43,92.64,93.16,86.0965065935,86.8307060776,86.0965065935,86.57977714,224505,224505,0.0,1.0,tiingo_historical_seed,
2023-08-29,VLUE,93.09,94.35,93.09,94.31,86.5147214895,87.6857231983,86.5147214895,87.6485485409,339621,339621,0.0,1.0,tiingo_historical_seed,
2023-08-30,VLUE,94.15,94.58,94.02,94.39,87.4998499112,87.8994774785,87.3790322746,87.7228978558,419132,419132,0.0,1.0,tiingo_historical_seed,
2023-08-31,VLUE,94.49,94.82,94.4,94.46,87.8158344993,88.1225254231,87.7321915201,87.7879535063,268306,268306,0.0,1.0,tiingo_historical_seed,
2023-09-01,VLUE,94.9,95.46,94.84,95.16,88.1968747379,88.7173199418,88.1411127518,88.4385100112,296792,296792,0.0,1.0,tiingo_historical_seed,
2023-09-05,VLUE,95.06,95.13,94.13,94.15,88.3455733676,88.4106290181,87.4812625825,87.4998499112,137929,137929,0.0,1.0,tiingo_historical_seed,
2023-09-06,VLUE,93.93,94.15,93.3,93.91,87.2953892954,87.4998499112,86.709888441,87.2768019667,142690,142690,0.0,1.0,tiingo_historical_seed,
2023-09-07,VLUE,93.38,93.72,93.21,93.55,86.7842377558,87.1002223439,86.6262454618,86.9422300499,182434,182434,0.0,1.0,tiingo_historical_seed,
2023-09-08,VLUE,93.47,94.08,93.47,93.94,86.867880735,87.4347942607,86.867880735,87.3046829597,152449,152449,0.0,1.0,tiingo_historical_seed,
2023-09-11,VLUE,94.03,94.43,93.7196,94.0,87.3883259389,87.7600725132,87.0998505973,87.3604449459,270604,270604,0.0,1.0,tiingo_historical_seed,
2023-09-12,VLUE,93.77,94.715,93.77,94.13,87.1466906657,88.0249419473,87.1466906657,87.4812625825,176566,176566,0.0,1.0,tiingo_historical_seed,
2023-09-13,VLUE,94.22,94.7,93.63,93.88,87.5649055617,88.0110014508,87.0165793647,87.2489209736,246676,246676,0.0,1.0,tiingo_historical_seed,
2023-09-14,VLUE,94.44,94.92,94.44,94.88,87.7693661775,88.2154620666,87.7693661775,88.1782874092,461867,461867,0.0,1.0,tiingo_historical_seed,
2023-09-15,VLUE,94.35,94.78,93.81,94.09,87.6857231983,88.0853507656,87.1838653231,87.4440879251,224275,224275,0.0,1.0,tiingo_historical_seed,
2023-09-18,VLUE,94.015,94.24,93.71,93.95,87.3743854424,87.5834928904,87.0909286796,87.3139766241,176307,176307,0.0,1.0,tiingo_historical_seed,
2023-09-19,VLUE,93.93,94.22,93.465,93.84,87.2953892954,87.5649055617,86.8632339028,87.2117463162,235631,235631,0.0,1.0,tiingo_historical_seed,
2023-09-20,VLUE,94.06,94.48,93.19,93.19,87.416206932,87.806540835,86.607658133,86.607658133,376401,376401,0.0,1.0,tiingo_historical_seed,
2023-09-21,VLUE,92.6,92.8,91.97,91.97,86.059331936,86.2452052232,85.4738310816,85.4738310816,268376,268376,0.0,1.0,tiingo_historical_seed,
2023-09-22,VLUE,92.22,92.35,91.59,91.6,85.7061726905,85.8269903271,85.1206718361,85.1299655005,205349,205349,0.0,1.0,tiingo_historical_seed,
2023-09-25,VLUE,91.28,91.97,91.26,91.93,84.8325682411,85.4738310816,84.8139809124,85.4366564242,252911,252911,0.0,1.0,tiingo_historical_seed,
2023-09-26,VLUE,90.68,91.03,89.9,90.0,84.911303833,85.2390382435,84.1809242896,84.2745626926,238289,238289,0.679585,1.0,tiingo_historical_seed,
2023-09-27,VLUE,90.31,90.64,89.52,90.24,84.5648417419,84.8738484718,83.8250983583,84.4992948598,236549,236549,0.0,1.0,tiingo_historical_seed,
2023-09-28,VLUE,90.06,91.1669,90.02,90.8,84.3307457344,85.3672292171,84.2932903732,85.0236699166,299470,299470,0.0,1.0,tiingo_historical_seed,
2023-09-29,VLUE,91.27,91.51,90.415,90.72,85.4637704106,85.6885025778,84.6631620651,84.9487591942,490145,490145,0.0,1.0,tiingo_historical_seed,
2023-10-02,VLUE,90.79,90.84,89.444,89.89,85.0143060763,85.0611252778,83.753933172,84.1715604493,322081,322081,0.0,1.0,tiingo_historical_seed,
2023-10-03,VLUE,89.37,90.01,88.625,88.9,83.6846407538,84.2839265329,82.9870346515,83.2445402597,355096,355096,0.0,1.0,tiingo_historical_seed,
2023-10-04,VLUE,88.99,89.09,88.03,88.9,83.3288148224,83.4224532254,82.4298861537,83.2445402597,508057,508057,0.0,1.0,tiingo_historical_seed,
2023-10-05,VLUE,88.71,89.19,88.24,88.82,83.066627294,83.5160916284,82.6265268,83.1696295373,294690,294690,0.0,1.0,tiingo_historical_seed,
2023-10-06,VLUE,88.45,89.95,87.83,89.42,82.8231674463,84.2277434911,82.2426093477,83.7314599553,344930,344930,0.0,1.0,tiingo_historical_seed,
2023-10-09,VLUE,89.09,90.3,89.01,90.14,83.4224532254,84.5554779016,83.347542503,84.4056564568,223321,223321,0.0,1.0,tiingo_historical_seed,
2023-10-10,VLUE,90.24,91.22,90.24,90.74,84.4992948598,85.4169512091,84.4992948598,84.9674868748,227054,227054,0.0,1.0,tiingo_historical_seed,
2023-10-11,VLUE,90.96,91.2547,90.44,91.07,85.1734913614,85.449443735,84.6865716658,85.2764936046,195234,195234,0.0,1.0,tiingo_historical_seed,
2023-10-12,VLUE,91.13,91.13,89.43,89.99,85.3326766464,85.3326766464,83.7408237956,84.2651988523,222976,222976,0.0,1.0,tiingo_historical_seed,
2023-10-13,VLUE,90.35,90.57,89.29,89.54,84.6022971031,84.8083015897,83.6097300314,83.8438260389,256039,256039,0.0,1.0,tiingo_historical_seed,
2023-10-16,VLUE,89.99,90.94,89.99,90.58,84.2651988523,85.1547636808,84.2651988523,84.81766543,319909,319909,0.0,1.0,tiingo_historical_seed,
2023-10-17,VLUE,89.98,91.35,89.98,90.9,84.255835012,85.538681133,84.255835012,85.1173083196,413201,413201,0.0,1.0,tiingo_historical_seed,
2023-10-18,VLUE,90.42,90.58,89.57,89.69,84.6678439852,84.81766543,83.8719175598,83.9842836434,610494,610494,0.0,1.0,tiingo_historical_seed,
2023-10-19,VLUE,89.95,90.3,88.77,88.87,84.2277434911,84.5554779016,83.1228103358,83.2164487388,411224,411224,0.0,1.0,tiingo_historical_seed,
2023-10-20,VLUE,88.95,89.28,88.03,88.03,83.2913594612,83.6003661911,82.4298861537,82.4298861537,706914,706914,0.0,1.0,tiingo_historical_seed,
2023-10-23,VLUE,87.81,88.22,87.01,87.12,82.2238816671,82.6077991194,81.4747744432,81.5777766865,511492,511492,0.0,1.0,tiingo_historical_seed,
2023-10-24,VLUE,87.53,88.2,87.51,87.89,81.9616941387,82.5890714388,81.9429664581,82.2987923895,484188,484188,0.0,1.0,tiingo_historical_seed,
2023-10-25,VLUE,87.53,87.8,86.69,86.95,81.9616941387,82.2145178268,81.1751315536,81.4185914014,470808,470808,0.0,1.0,tiingo_historical_seed,
2023-10-26,VLUE,86.9,87.37,86.31,86.66,81.3717721999,81.811872694,80.8193056222,81.1470400327,619694,619694,0.0,1.0,tiingo_historical_seed,
2023-10-27,VLUE,86.93,87.2,85.71,85.95,81.3998637208,81.6526874089,80.2574752043,80.4822073715,345511,345511,0.0,1.0,tiingo_historical_seed,
2023-10-30,VLUE,86.22,86.83,85.8101,86.55,80.7350310595,81.3062253178,80.3512072457,81.0440377894,326117,326117,0.0,1.0,tiingo_historical_seed,
2023-10-31,VLUE,86.58,87.53,86.57,87.45,81.0721293103,81.9616941387,81.06276547,81.8867834163,376025,376025,0.0,1.0,tiingo_historical_seed,
2023-11-01,VLUE,87.43,88.43,87.33,88.22,81.8680557357,82.8044397657,81.7744173328,82.6077991194,499804,499804,0.0,1.0,tiingo_historical_seed,
2023-11-02,VLUE,88.98,89.95,88.8,89.9,83.3194509821,84.2277434911,83.1509018567,84.1809242896,478908,478908,0.0,1.0,tiingo_historical_seed,
2023-11-03,VLUE,90.74,91.86,90.74,91.44,84.9674868748,86.0162369883,84.9674868748,85.6229556957,219786,219786,0.0,1.0,tiingo_historical_seed,
2023-11-06,VLUE,91.49,91.55,90.75,90.96,85.6697748972,85.725957939,84.9768507151,85.1734913614,253322,253322,0.0,1.0,tiingo_historical_seed,
2023-11-07,VLUE,90.77,91.11,90.5,90.81,84.9955783957,85.3139489658,84.7427547076,85.0330337569,264740,264740,0.0,1.0,tiingo_historical_seed,
2023-11-08,VLUE,90.69,90.69,89.69,89.97,84.9206676733,84.9206676733,83.9842836434,84.2464711717,204871,204871,0.0,1.0,tiingo_historical_seed,
2023-11-09,VLUE,90.12,90.21,89.02,89.06,84.3869287762,84.4712033389,83.3569063433,83.3943617045,196778,196778,0.0,1.0,tiingo_historical_seed,
2023-11-10,VLUE,89.47,90.48,89.18,90.36,83.7782791568,84.724027027,83.5067277881,84.6116609434,205937,205937,0.0,1.0,tiingo_historical_seed,
2023-11-13,VLUE,89.95,90.28,89.75,90.01,84.2277434911,84.536750221,84.0404666852,84.2839265329,211815,211815,0.0,1.0,tiingo_historical_seed,
2023-11-14,VLUE,91.0,92.65,91.0,92.42,85.2109467226,86.7559803719,85.2109467226,86.540612045,524822,524822,0.0,1.0,tiingo_historical_seed,
2023-11-15,VLUE,92.33,93.43,92.33,93.11,86.4563374823,87.4863599153,86.4563374823,87.1867170257,318530,318530,0.0,1.0,tiingo_historical_seed,
2023-11-16,VLUE,92.54,92.84,91.8002,92.47,86.6529781286,86.9338933376,85.9602412233,86.5874312465,247629,247629,0.0,1.0,tiingo_historical_seed,
2023-11-17,VLUE,92.55,93.11,92.55,93.11,86.6623419689,87.1867170257,86.6623419689,87.1867170257,141671,141671,0.0,1.0,tiingo_historical_seed,
2023-11-20,VLUE,92.82,93.75,92.745,93.54,86.915165657,87.7860028048,86.8449368548,87.5893621585,283031,283031,0.0,1.0,tiingo_historical_seed,
2023-11-21,VLUE,93.13,93.262,92.72,92.83,87.2054447063,87.3290473982,86.821527254,86.9245294973,183737,183737,0.0,1.0,tiingo_historical_seed,
2023-11-22,VLUE,93.13,93.48,93.01,93.27,87.2054447063,87.5331791168,87.0930786227,87.3365384705,163687,163687,0.0,1.0,tiingo_historical_seed,
2023-11-24,VLUE,93.23,93.76,93.23,93.66,87.2990831093,87.7953666451,87.2990831093,87.7017282421,52176,52176,0.0,1.0,tiingo_historical_seed,
2023-11-27,VLUE,93.18,93.52,93.14,93.35,87.2522639078,87.5706344779,87.2148085466,87.4114491929,168019,168019,0.0,1.0,tiingo_historical_seed,
2023-11-28,VLUE,93.07,93.57,92.94,93.22,87.1492616645,87.6174536794,87.0275317406,87.289719269,259856,259856,0.0,1.0,tiingo_historical_seed,
2023-11-29,VLUE,93.88,94.6994,93.86,93.99,87.9077327287,88.6750058028,87.8890050481,88.010734972,210187,210187,0.0,1.0,tiingo_historical_seed,
2023-11-30,VLUE,94.13,94.66,93.89,94.65,88.1418287362,88.6381122721,87.917096569,88.6287484318,263904,263904,0.0,1.0,tiingo_historical_seed,
2023-12-01,VLUE,94.27,95.7401,94.14,95.68,88.2729225004,89.6495006628,88.1511925765,89.5932239826,181817,181817,0.0,1.0,tiingo_historical_seed,
2023-12-04,VLUE,95.23,95.91,95.17,95.48,89.1718511691,89.8085923095,89.1156681273,89.4059471766,550275,550275,0.0,1.0,tiingo_historical_seed,
2023-12-05,VLUE,95.18,95.39,94.9463,95.09,89.1250319676,89.3216726139,88.9061990198,89.0407574049,711640,711640,0.0,1.0,tiingo_historical_seed,
2023-12-06,VLUE,95.34,96.09,94.84,94.89,89.2748534124,89.9771414348,88.8066613974,88.8534805989,814614,814614,0.0,1.0,tiingo_historical_seed,
2023-12-07,VLUE,95.12,95.94,95.01,95.75,89.0688489258,89.8366838304,88.9658466825,89.6587708647,299249,299249,0.0,1.0,tiingo_historical_seed,
2023-12-08,VLUE,95.71,96.67,95.71,96.42,89.6213155035,90.5202441722,89.6213155035,90.2861481647,267023,267023,0.0,1.0,tiingo_historical_seed,
2023-12-11,VLUE,96.835,97.58,96.835,97.46,90.6747475371,91.3723536394,90.6747475371,91.2599875558,168673,168673,0.0,1.0,tiingo_historical_seed,
2023-12-12,VLUE,97.24,97.46,96.86,97.13,91.0539830692,91.2599875558,90.6981571379,90.950980826,218336,218336,0.0,1.0,tiingo_historical_seed,
2023-12-13,VLUE,96.89,98.7,96.5,98.64,90.7262486588,92.4211037529,90.3610588871,92.3649207111,1220457,1220457,0.0,1.0,tiingo_historical_seed,
2023-12-14,VLUE,99.55,101.23,99.55,100.92,93.2170301784,94.7901553486,93.2170301784,94.4998762993,818357,818357,0.0,1.0,tiingo_historical_seed,
2023-12-15,VLUE,100.59,101.1,100.11,100.33,94.1908695695,94.6684254247,93.7414052351,93.9474097217,554418,554418,0.0,1.0,tiingo_historical_seed,
2023-12-18,VLUE,100.68,100.68,100.0699,100.16,94.2751441322,94.2751441322,93.7038562355,93.7882244366,723478,723478,0.0,1.0,tiingo_historical_seed,
2023-12-19,VLUE,100.31,101.2,100.27,101.16,93.9286820411,94.7620638277,93.8912266799,94.7246084665,554164,554164,0.0,1.0,tiingo_historical_seed,
2023-12-20,VLUE,100.04,100.58,98.76,98.76,94.2982185226,94.8072252999,93.0916839393,93.0916839393,482908,482908,0.656138,1.0,tiingo_historical_seed,
2023-12-21,VLUE,99.41,100.01,99.11,99.92,93.7043772824,94.2699403683,93.4215957395,94.1851059054,329117,329117,0.0,1.0,tiingo_historical_seed,
2023-12-22,VLUE,100.15,100.84,99.99,100.42,94.4019050883,95.0523026371,94.2510882654,94.656408477,570571,570571,0.0,1.0,tiingo_historical_seed,
2023-12-26,VLUE,100.54,101.6,100.54,101.42,94.7695210942,95.7686825459,94.7695210942,95.5990136202,178680,178680,0.0,1.0,tiingo_historical_seed,
2023-12-27,VLUE,101.44,101.59,101.16,101.49,95.617865723,95.7592564945,95.3539362829,95.6649959802,472665,472665,0.0,1.0,tiingo_historical_seed,
2023-12-28,VLUE,101.21,101.74,101.21,101.55,95.4010665401,95.900647266,95.4010665401,95.7215522888,241703,241703,0.0,1.0,tiingo_historical_seed,
2023-12-29,VLUE,101.36,101.66,100.92,101.16,95.5424573116,95.8252388545,95.1277110486,95.3539362829,259720,259720,0.0,1.0,tiingo_historical_seed,
2024-01-02,VLUE,100.5,101.835,100.5,101.3,94.7318168885,95.9901947546,94.7318168885,95.485901003,370085,370085,0.0,1.0,tiingo_historical_seed,
2024-01-03,VLUE,100.57,100.93,99.94,100.29,94.7977992485,95.1371371,94.2039580083,94.5338698084,184330,184330,0.0,1.0,tiingo_historical_seed,
2024-01-04,VLUE,99.96,100.52,99.76,99.76,94.2228101111,94.7506689913,94.0342890825,94.0342890825,383602,383602,0.0,1.0,tiingo_historical_seed,
2024-01-05,VLUE,99.62,100.91,99.6,100.32,93.9023243625,95.1182849972,93.8834722596,94.5621479627,477053,477053,0.0,1.0,tiingo_historical_seed,
2024-01-08,VLUE,100.19,101.35,100.11,101.34,94.4396092941,95.5330312601,94.3642008826,95.5236052087,309734,309734,0.0,1.0,tiingo_historical_seed,
2024-01-09,VLUE,100.65,100.85,100.31,100.55,94.8732076599,95.0617286886,94.5527219113,94.7789471456,306405,306405,0.0,1.0,tiingo_historical_seed,
2024-01-10,VLUE,100.47,100.5,99.89,100.33,94.7035387342,94.7318168885,94.1568277511,94.5715740141,283793,283793,0.0,1.0,tiingo_historical_seed,
2024-01-11,VLUE,100.05,100.2,99.2,99.82,94.307644574,94.4490353455,93.5064302023,94.0908453911,737535,737535,0.0,1.0,tiingo_historical_seed,
2024-01-12,VLUE,99.74,100.36,99.34,99.55,94.0154369796,94.5998521684,93.6383949224,93.8363420024,116828,116828,0.0,1.0,tiingo_historical_seed,
2024-01-16,VLUE,99.02,99.3201,98.56,99.02,93.3367612766,93.61963708,92.9031629107,93.3367612766,348977,348977,0.0,1.0,tiingo_historical_seed,
2024-01-17,VLUE,98.14,98.6421,97.74,98.17,92.5072687506,92.980550793,92.1302266933,92.5355469049,345291,345291,0.0,1.0,tiingo_historical_seed,
2024-01-18,VLUE,98.34,98.41,97.47,98.36,92.6957897792,92.7617721392,91.8757233047,92.7146418821,930407,930407,0.0,1.0,tiingo_historical_seed,
2024-01-19,VLUE,98.47,99.94,98.24,99.69,92.8183284478,94.2039580083,92.6015292649,93.9683067225,264870,264870,0.0,1.0,tiingo_historical_seed,
2024-01-22,VLUE,99.98,100.535,99.84,100.07,94.241662214,94.7648080685,94.109697494,94.3264966769,170486,170486,0.0,1.0,tiingo_historical_seed,
2024-01-23,VLUE,100.19,100.58,99.94,100.45,94.4396092941,94.8072252999,94.2039580083,94.6846866313,169701,169701,0.0,1.0,tiingo_historical_seed,
2024-01-24,VLUE,100.84,101.02,100.04,100.14,95.0523026371,95.2219715629,94.2982185226,94.3924790369,308002,308002,0.0,1.0,tiingo_historical_seed,
2024-01-25,VLUE,101.03,101.52,100.97,101.49,95.2313976143,95.6932741345,95.1748413057,95.6649959802,449546,449546,0.0,1.0,tiingo_historical_seed,
2024-01-26,VLUE,100.51,101.05,100.25,100.48,94.7412429399,95.2502497172,94.4961656027,94.7129647856,353510,353510,0.0,1.0,tiingo_historical_seed,
2024-01-29,VLUE,100.36,100.89,100.08,100.83,94.5998521684,95.0994328943,94.3359227283,95.0428765857,237550,237550,0.0,1.0,tiingo_historical_seed,
2024-01-30,VLUE,101.07,101.52,100.9522,101.37,95.2691018201,95.6932741345,95.1580629342,95.551883363,439483,439483,0.0,1.0,tiingo_historical_seed,
2024-01-31,VLUE,101.08,101.68,100.29,100.3,95.2785278715,95.8440909574,94.5338698084,94.5432958598,485427,485427,0.0,1.0,tiingo_historical_seed,
2024-02-01,VLUE,100.64,101.1779,99.78,101.17,94.8637816085,95.370808915,94.0531411854,95.3633623344,416243,416243,0.0,1.0,tiingo_historical_seed,
2024-02-02,VLUE,100.57,101.2143,99.95,100.73,94.7977992485,95.4051197422,94.2133840597,94.9486160714,423998,423998,0.0,1.0,tiingo_historical_seed,
2024-02-05,VLUE,100.27,100.29,99.52,99.85,94.5150177055,94.5338698084,93.8080638482,94.1191235454,390615,390615,0.0,1.0,tiingo_historical_seed,
2024-02-06,VLUE,99.88,100.5,99.86,100.3,94.1474016997,94.7318168885,94.1285495968,94.5432958598,269800,269800,0.0,1.0,tiingo_historical_seed,
2024-02-07,VLUE,100.64,100.73,99.98,100.48,94.8637816085,94.9486160714,94.241662214,94.7129647856,555917,555917,0.0,1.0,tiingo_historical_seed,
2024-02-08,VLUE,100.34,100.57,100.02,100.52,94.5810000655,94.7977992485,94.2793664197,94.7506689913,415233,415233,0.0,1.0,tiingo_historical_seed,
2024-02-09,VLUE,100.45,100.9602,100.2299,100.89,94.6846866313,95.1656037753,94.4772192393,95.0994328943,211422,211422,0.0,1.0,tiingo_historical_seed,
2024-02-12,VLUE,100.82,102.41,100.82,102.0,95.0334505343,96.5321927119,95.0334505343,96.1457246032,451397,451397,0.0,1.0,tiingo_historical_seed,
2024-02-13,VLUE,100.4,100.79,99.33,100.075,94.6375563741,95.00517238,93.6289688709,94.3312097026,219217,219217,0.0,1.0,tiingo_historical_seed,
2024-02-14,VLUE,100.65,101.05,100.3262,101.0,94.8732076599,95.2502497172,94.5679921146,95.20311946,687488,687488,0.0,1.0,tiingo_historical_seed,
2024-02-15,VLUE,101.02,102.34,101.02,102.09,95.2219715629,96.4662103519,95.2219715629,96.2305590661,610057,610057,0.0,1.0,tiingo_historical_seed,
2024-02-16,VLUE,101.85,102.175,101.51,101.59,96.0043338317,96.3106805033,95.6838480831,95.7592564945,270128,270128,0.0,1.0,tiingo_historical_seed,
2024-02-20,VLUE,101.07,101.57,101.07,101.41,95.2691018201,95.7404043916,95.2691018201,95.5895875687,374299,374299,0.0,1.0,tiingo_historical_seed,
2024-02-21,VLUE,101.35,101.64,100.99,101.62,95.5330312601,95.8063867517,95.1936934086,95.7875346488,490445,490445,0.0,1.0,tiingo_historical_seed,
2024-02-22,VLUE,101.96,102.37,101.69,102.13,96.1080203975,96.4944885062,95.8535170088,96.2682632718,240816,240816,0.0,1.0,tiingo_historical_seed,
2024-02-23,VLUE,102.17,102.715,102.0772,102.37,96.3059674775,96.8196872806,96.2184937203,96.4944885062,660890,660890,0.0,1.0,tiingo_historical_seed,
2024-02-26,VLUE,102.37,102.78,101.985,101.985,96.4944885062,96.8809566149,96.1315855261,96.1315855261,187275,187275,0.0,1.0,tiingo_historical_seed,
2024-02-27,VLUE,102.2,102.51,102.04,102.37,96.3342456318,96.6264532262,96.1834288089,96.4944885062,231145,231145,0.0,1.0,tiingo_historical_seed,
2024-02-28,VLUE,101.95,102.62,101.86,102.15,96.0985943461,96.730139792,96.0137598832,96.2871153747,1147676,1147676,0.0,1.0,tiingo_historical_seed,
2024-02-29,VLUE,102.76,103.09,102.29,102.83,96.862104512,97.1731642093,96.4190800947,96.928086872,332622,332622,0.0,1.0,tiingo_historical_seed,
2024-03-01,VLUE,103.17,103.9796,102.8808,103.89,97.2485726207,98.0117057446,96.9759712133,97.9272483238,290955,290955,0.0,1.0,tiingo_historical_seed,
2024-03-04,VLUE,103.97,104.92,103.93,104.39,98.0026567353,98.8981316213,97.9649525295,98.3985508954,325536,325536,0.0,1.0,tiingo_historical_seed,
2024-03-05,VLUE,103.91,104.63,103.44,103.84,97.9461004267,98.6247761297,97.5030760094,97.8801180666,343850,343850,0.0,1.0,tiingo_historical_seed,
2024-03-06,VLUE,104.39,105.2497,104.37,104.77,98.3985508954,99.208908537,98.3796987925,98.7567408498,285124,285124,0.0,1.0,tiingo_historical_seed,
2024-03-07,VLUE,105.19,105.85,105.19,105.47,99.1526350099,99.7747544044,99.1526350099,99.41656445,458923,458923,0.0,1.0,tiingo_historical_seed,
2024-03-08,VLUE,105.74,106.08,105.08,105.08,99.6710678387,99.9915535873,99.0489484442,99.0489484442,299457,299457,0.0,1.0,tiingo_historical_seed,
2024-03-11,VLUE,104.74,105.65,104.74,105.57,98.7284626955,99.5862333758,98.7284626955,99.5108249643,327827,327827,0.0,1.0,tiingo_historical_seed,
2024-03-12,VLUE,105.7,106.01,105.22,105.81,99.6333636329,99.9255712273,99.1809131642,99.7370501987,550200,550200,0.0,1.0,tiingo_historical_seed,
2024-03-13,VLUE,105.61,106.42,105.48,105.72,99.54852917,100.312039336,99.4259905014,99.6522157358,379088,379088,0.0,1.0,tiingo_historical_seed,
2024-03-14,VLUE,105.76,105.76,103.95,104.54,99.6899199415,99.6899199415,97.9838046324,98.5399416669,472485,472485,0.0,1.0,tiingo_historical_seed,
2024-03-15,VLUE,104.15,104.94,103.72,104.46,98.172325661,98.9169837241,97.7670054495,98.4645332554,440452,440452,0.0,1.0,tiingo_historical_seed,
2024-03-18,VLUE,104.72,104.99,104.21,104.8,98.7096105926,98.9641139813,98.2288819696,98.7850190041,150807,150807,0.0,1.0,tiingo_historical_seed,
2024-03-19,VLUE,104.51,105.35,104.49,105.25,98.5116635126,99.3034518328,98.4928114097,99.2091913185,299747,299747,0.0,1.0,tiingo_historical_seed,
2024-03-20,VLUE,105.14,106.62,105.025,106.54,99.1055047528,100.5005603646,98.9971051613,100.4251519532,321822,321822,0.0,1.0,tiingo_historical_seed,
2024-03-21,VLUE,106.36,107.0,106.32,106.61,100.9044240455,101.5115962098,100.8664757853,101.1416006722,265052,265052,0.690073,1.0,tiingo_historical_seed,
2024-03-22,VLUE,106.69,106.87,106.11,106.11,101.2174971927,101.3882643639,100.6672474189,100.6672474189,267422,267422,0.0,1.0,tiingo_historical_seed,
2024-03-25,VLUE,105.8,106.27,105.8,105.98,100.3731484018,100.8190404599,100.3731484018,100.543915573,384860,384860,0.0,1.0,tiingo_historical_seed,
2024-03-26,VLUE,106.04,106.38,105.92,105.94,100.6008379634,100.9233981757,100.4869931826,100.5059673127,365571,365571,0.0,1.0,tiingo_historical_seed,
2024-03-27,VLUE,106.41,107.79,106.41,107.79,100.9518593709,102.26107435,100.9518593709,102.26107435,263973,263973,0.0,1.0,tiingo_historical_seed,
2024-03-28,VLUE,107.71,108.54,107.71,108.31,102.1851778295,102.97260423,102.1851778295,102.7544017335,268744,268744,0.0,1.0,tiingo_historical_seed,
2024-04-01,VLUE,108.365,108.495,107.78,107.88,102.8065805913,102.9299124372,102.2515872849,102.3464579356,338483,338483,0.0,1.0,tiingo_historical_seed,
2024-04-02,VLUE,106.89,107.11,106.515,106.79,101.407238494,101.6159539255,101.051473554,101.3123678434,346382,346382,0.0,1.0,tiingo_historical_seed,
2024-04-03,VLUE,106.03,106.885,106.03,106.74,100.5913508983,101.4024949615,100.5913508983,101.264932518,378155,378155,0.0,1.0,tiingo_historical_seed,
2024-04-04,VLUE,107.46,107.8,105.4616,105.62,101.9480012028,102.2705614151,100.05210612,100.2023812306,239810,239810,0.0,1.0,tiingo_historical_seed,
2024-04-05,VLUE,105.535,106.33,105.15,106.05,100.1217411775,100.8759628503,99.7564891725,100.6103250285,204810,204810,0.0,1.0,tiingo_historical_seed,
2024-04-08,VLUE,106.08,106.43,105.91,105.96,100.6387862237,100.970833501,100.4775061175,100.5249414429,407497,407497,0.0,1.0,tiingo_historical_seed,
2024-04-09,VLUE,106.31,106.52,105.41,106.39,100.8569887202,101.0562170866,100.0031528642,100.9328852407,222444,222444,0.0,1.0,tiingo_historical_seed,
2024-04-10,VLUE,104.98,105.14,103.89,104.24,99.5952090664,99.7470021074,98.5611189741,98.8931662515,474212,474212,0.0,1.0,tiingo_historical_seed,
2024-04-11,VLUE,104.52,104.6,103.44,104.26,99.1588040733,99.2347005938,98.1342010462,98.9121403816,362571,362571,0.0,1.0,tiingo_historical_seed,
2024-04-12,VLUE,103.62,103.69,102.2101,102.45,98.3049682173,98.3713776728,96.9673869136,97.1949816046,511920,511920,0.0,1.0,tiingo_historical_seed,
2024-04-15,VLUE,103.38,103.88,101.55,101.93,98.0772786558,98.5516319091,96.3411457486,96.7016542211,437696,437696,0.0,1.0,tiingo_historical_seed,
2024-04-16,VLUE,102.04,102.04,100.95,101.23,96.8060119369,96.8060119369,95.7719218446,96.0375596665,409268,409268,0.0,1.0,tiingo_historical_seed,
2024-04-17,VLUE,101.59,101.86,100.57,100.82,96.3790940089,96.6352447657,95.4114133721,95.6485899988,333860,333860,0.0,1.0,tiingo_historical_seed,
2024-04-18,VLUE,101.17,101.65,100.53,100.85,95.9806372761,96.4360163993,95.3734651118,95.677051194,234719,234719,0.0,1.0,tiingo_historical_seed,
2024-04-19,VLUE,100.85,101.58,100.85,101.24,95.677051194,96.3696069438,95.677051194,96.0470467316,256474,256474,0.0,1.0,tiingo_historical_seed,
2024-04-22,VLUE,101.63,102.53,101.27,101.99,96.4170422691,97.2708781251,96.0755079268,96.7585766115,156150,156150,0.0,1.0,tiingo_historical_seed,
2024-04-23,VLUE,102.27,103.16,102.1407,102.8,97.0242144334,97.8685632243,96.9015466821,97.5270288819,247256,247256,0.0,1.0,tiingo_historical_seed,
2024-04-24,VLUE,102.92,103.3,102.5,103.12,97.6408736627,98.0013821352,97.2424169299,97.830614964,214487,214487,0.0,1.0,tiingo_historical_seed,
2024-04-25,VLUE,102.14,102.74,101.62,102.5,96.9008825875,97.4701064915,96.4075552041,97.2424169299,153575,153575,0.0,1.0,tiingo_historical_seed,
2024-04-26,VLUE,101.77,102.53,101.615,102.17,96.5498611801,97.2708781251,96.4028116715,96.9293437827,265591,265591,0.0,1.0,tiingo_historical_seed,
2024-04-29,VLUE,102.36,102.91,102.32,102.81,97.109598019,97.6313865976,97.0716497587,97.536515947,143374,143374,0.0,1.0,tiingo_historical_seed,
2024-04-30,VLUE,102.23,102.23,100.95,100.95,96.9862661731,96.9862661731,95.7719218446,95.7719218446,1957127,1957127,0.0,1.0,tiingo_historical_seed,
2024-05-01,VLUE,100.25,101.5596,99.9701,100.16,95.10782729,96.3502533311,94.8422843388,95.0224437044,516082,516082,0.0,1.0,tiingo_historical_seed,
2024-05-02,VLUE,100.96,101.06,100.0,100.79,95.7814089097,95.8762795604,94.8706506633,95.6201288036,197102,197102,0.0,1.0,tiingo_historical_seed,
2024-05-03,VLUE,101.55,102.06,101.18,101.44,96.3411457486,96.824986067,95.9901243412,96.2367880329,255371,255371,0.0,1.0,tiingo_historical_seed,
2024-05-06,VLUE,101.99,102.31,101.86,102.27,96.7585766115,97.0621626937,96.6352447657,97.0242144334,174690,174690,0.0,1.0,tiingo_historical_seed,
2024-05-07,VLUE,102.4,102.88,102.16,102.16,97.1475462793,97.6029254024,96.9198567177,96.9198567177,253106,253106,0.0,1.0,tiingo_historical_seed,
2024-05-08,VLUE,101.79,102.46,101.625,102.35,96.5688353102,97.2044686697,96.4122987366,97.1001109539,222629,222629,0.0,1.0,tiingo_historical_seed,
2024-05-09,VLUE,102.37,103.07,102.2,103.05,97.1190850841,97.7831796387,96.9578049779,97.7642055086,229740,229740,0.0,1.0,tiingo_historical_seed,
2024-05-10,VLUE,103.47,103.54,103.116,103.25,98.1626622413,98.2290716968,97.826820138,97.9539468099,122762,122762,0.0,1.0,tiingo_historical_seed,
2024-05-13,VLUE,103.57,104.22,103.47,103.52,98.257532892,98.8741921213,98.1626622413,98.2100975667,598836,598836,0.0,1.0,tiingo_historical_seed,
2024-05-14,VLUE,103.89,104.13,103.605,103.95,98.5611189741,98.7888085357,98.2907376197,98.6180413645,184482,184482,0.0,1.0,tiingo_historical_seed,
2024-05-15,VLUE,104.68,105.09,104.3316,105.02,99.3105971144,99.6995667821,98.9800677675,99.6331573266,248645,248645,0.0,1.0,tiingo_historical_seed,
2024-05-16,VLUE,104.98,105.2,104.555,104.56,99.5952090664,99.8039244978,99.192008801,99.1967523336,777516,777516,0.0,1.0,tiingo_historical_seed,
2024-05-17,VLUE,104.72,104.85,104.35,104.67,99.3485453746,99.4718772205,98.9975239672,99.3011100493,248491,248491,0.0,1.0,tiingo_historical_seed,
2024-05-20,VLUE,104.75,105.0,104.315,104.4,99.3770065698,99.6141831965,98.9643192395,99.0449592925,216432,216432,0.0,1.0,tiingo_historical_seed,
2024-05-21,VLUE,104.14,104.47,104.07,104.41,98.7982956008,99.111368748,98.7318861453,99.0544463576,271815,271815,0.0,1.0,tiingo_historical_seed,
2024-05-22,VLUE,104.19,104.575,103.74,104.2,98.8457309261,99.2109829312,98.4188129981,98.8552179912,242197,242197,0.0,1.0,tiingo_historical_seed,
2024-05-23,VLUE,104.52,104.52,102.58,102.78,99.1588040733,99.1588040733,97.3183134504,97.5080547518,359674,359674,0.0,1.0,tiingo_historical_seed,
2024-05-24,VLUE,103.16,103.72,103.16,103.42,97.8685632243,98.399838868,97.8685632243,98.115226916,170769,170769,0.0,1.0,tiingo_historical_seed,
2024-05-28,VLUE,103.31,103.5,102.31,102.64,98.0108692003,98.1911234365,97.0621626937,97.3752358408,229367,229367,0.0,1.0,tiingo_historical_seed,
2024-05-29,VLUE,101.76,101.76,101.42,101.52,96.540374115,96.540374115,96.2178139028,96.3126845534,183282,183282,0.0,1.0,tiingo_historical_seed,
2024-05-30,VLUE,101.78,102.61,101.69,102.48,96.5593482451,97.3467746456,96.4739646595,97.2234427998,221057,221057,0.0,1.0,tiingo_historical_seed,
2024-05-31,VLUE,102.52,104.16,102.1439,104.11,97.26139106,98.8172697309,96.9045825429,98.7698344056,264253,264253,0.0,1.0,tiingo_historical_seed,
2024-06-03,VLUE,104.21,104.23,102.72,103.45,98.8647050563,98.8836791864,97.4511323614,98.1436881112,470910,470910,0.0,1.0,tiingo_historical_seed,
2024-06-04,VLUE,103.09,103.38,102.65,103.07,97.8021537688,98.0772786558,97.3847229059,97.7831796387,453147,453147,0.0,1.0,tiingo_historical_seed,
2024-06-05,VLUE,103.8,103.8,102.93,103.73,98.4757353885,98.4757353885,97.6503607278,98.4093259331,176564,176564,0.0,1.0,tiingo_historical_seed,
2024-06-06,VLUE,103.44,103.78,103.185,103.46,98.1342010462,98.4567612584,97.892280887,98.1531751763,175933,175933,0.0,1.0,tiingo_historical_seed,
2024-06-07,VLUE,102.95,103.77,102.8,103.24,97.6693348579,98.4472741933,97.5270288819,97.9444597448,237114,237114,0.0,1.0,tiingo_historical_seed,
2024-06-10,VLUE,102.89,103.69,102.6,103.68,97.6124124675,98.3713776728,97.3372875806,98.3618906077,201345,201345,0.0,1.0,tiingo_historical_seed,
2024-06-11,VLUE,102.63,102.72,101.95,102.58,97.9269202269,98.0127959242,97.2780816246,97.8792115061,822550,822550,0.591224,1.0,tiingo_historical_seed,
2024-06-12,VLUE,103.6,103.85,102.4,102.71,98.8524694096,99.0910130134,97.7074601114,98.0032541801,364545,364545,0.0,1.0,tiingo_historical_seed,
2024-06-13,VLUE,102.39,102.43,101.52,102.32,97.6979183672,97.7360853439,96.8677866261,97.6311261582,413170,413170,0.0,1.0,tiingo_historical_seed,
2024-06-14,VLUE,101.63,101.89,100.82,101.62,96.9727458117,97.2208311597,96.1998645355,96.9632040676,413348,413348,0.0,1.0,tiingo_historical_seed,
2024-06-17,VLUE,101.58,102.25,101.1,102.25,96.925037091,97.5643339491,96.4670333717,97.5643339491,188357,188357,0.0,1.0,tiingo_historical_seed,
2024-06-18,VLUE,102.16,102.98,102.16,102.68,97.4784582518,98.2608812722,97.4784582518,97.9746289476,250887,250887,0.0,1.0,tiingo_historical_seed,
2024-06-20,VLUE,102.61,103.15,102.5801,102.95,97.9078367386,98.4230909228,97.8793069236,98.2322560397,253317,253317,0.0,1.0,tiingo_historical_seed,
2024-06-21,VLUE,102.93,103.2601,102.47,103.12,98.2131725514,98.5281455259,97.7742523205,98.3944656903,246323,246323,0.0,1.0,tiingo_historical_seed,
2024-06-24,VLUE,103.07,104.25,103.07,103.74,98.3467569695,99.4726827794,98.3467569695,98.9860538277,333552,333552,0.0,1.0,tiingo_historical_seed,
2024-06-25,VLUE,103.8,103.8,102.82,103.12,99.0433042926,99.0433042926,98.1082133658,98.3944656903,140444,140444,0.0,1.0,tiingo_historical_seed,
2024-06-26,VLUE,102.75,102.8,102.38,102.65,98.0414211567,98.0891298775,97.6883766231,97.9460037152,117740,117740,0.0,1.0,tiingo_historical_seed,
2024-06-27,VLUE,102.425,102.61,102.19,102.6,97.7313144718,97.9078367386,97.5070834842,97.8982949944,303453,303453,0.0,1.0,tiingo_historical_seed,
2024-06-28,VLUE,102.9,103.81,102.9,103.46,98.184547319,99.0528460368,98.184547319,98.7188849915,343833,343833,0.0,1.0,tiingo_historical_seed,
2024-07-01,VLUE,103.55,103.92,102.98,103.14,98.8047606888,99.1578052224,98.2608812722,98.4135491786,164674,164674,0.0,1.0,tiingo_historical_seed,
2024-07-02,VLUE,102.78,103.49,102.78,103.415,98.0700463892,98.7475102239,98.0700463892,98.6759471428,134676,134676,0.0,1.0,tiingo_historical_seed,
2024-07-03,VLUE,103.48,103.71,103.145,103.24,98.7379684798,98.9574285952,98.4183200507,98.5089666201,121783,121783,0.0,1.0,tiingo_historical_seed,
2024-07-05,VLUE,103.09,103.21,102.44,102.92,98.3658404579,98.4803413877,97.745627088,98.2036308073,402572,402572,0.0,1.0,tiingo_historical_seed,
2024-07-08,VLUE,103.24,104.1005,103.24,103.83,98.5089666201,99.3300337044,98.5089666201,99.0719295251,144684,144684,0.0,1.0,tiingo_historical_seed,
2024-07-09,VLUE,103.94,104.59,103.65,104.14,99.1768887107,99.7971020806,98.9001781303,99.3677235938,136849,136849,0.0,1.0,tiingo_historical_seed,
2024-07-10,VLUE,104.295,105.27,104.22,105.2,99.5156206281,100.4459406829,99.444057547,100.3791484738,179468,179468,0.0,1.0,tiingo_historical_seed,
2024-07-11,VLUE,105.5,106.1699,105.5,105.85,100.6654007984,101.3046022391,100.6654007984,100.9993618437,357328,357328,0.0,1.0,tiingo_historical_seed,
2024-07-12,VLUE,106.06,107.5,106.06,106.8,101.1997384708,102.5737496287,101.1997384708,101.9058275381,246065,246065,0.0,1.0,tiingo_historical_seed,
2024-07-15,VLUE,106.97,107.71,106.94,107.13,102.0680371886,102.7741262558,102.0394119562,102.2207050951,180577,180577,0.0,1.0,tiingo_historical_seed,
2024-07-16,VLUE,107.4,109.2,107.356,109.15,102.4783321871,104.1958461344,102.4363485129,104.1481374137,188002,188002,0.0,1.0,tiingo_historical_seed,
2024-07-17,VLUE,108.53,109.82,108.53,109.03,103.5565492763,104.7874342718,103.5565492763,104.0336364838,632635,632635,0.0,1.0,tiingo_historical_seed,
2024-07-18,VLUE,109.06,110.3,108.21,108.43,104.0622617163,105.2454379911,103.2512134634,103.4611318348,689858,689858,0.0,1.0,tiingo_historical_seed,
2024-07-19,VLUE,108.4,108.4,107.055,107.17,103.4325066023,103.4325066023,102.1491420139,102.2588720717,236319,236319,0.0,1.0,tiingo_historical_seed,
2024-07-22,VLUE,107.21,107.62,106.265,107.6,102.2970390483,102.6882505585,101.395344226,102.6691670702,152305,152305,0.0,1.0,tiingo_historical_seed,
2024-07-23,VLUE,107.03,107.03,106.42,106.5,102.1252876535,102.1252876535,101.5432412603,101.6195752135,149060,149060,0.0,1.0,tiingo_historical_seed,
2024-07-24,VLUE,106.3,106.9147,105.92,105.97,101.4287403305,102.0152713435,101.0661540527,101.1138627735,398516,398516,0.0,1.0,tiingo_historical_seed,
2024-07-25,VLUE,105.71,107.26,105.71,105.76,100.8657774255,102.344747769,100.8657774255,100.9134861463,331056,331056,0.0,1.0,tiingo_historical_seed,
2024-07-26,VLUE,106.39,107.52,106.39,107.22,101.5146160278,102.592833117,101.5146160278,102.3065807924,195237,195237,0.0,1.0,tiingo_historical_seed,
2024-07-29,VLUE,107.58,107.58,106.77,106.98,102.6500835819,102.6500835819,101.8772023056,102.0775789328,126297,126297,0.0,1.0,tiingo_historical_seed,
2024-07-30,VLUE,107.14,107.76,106.8,107.15,102.2302468392,102.8218349766,101.9058275381,102.2397885834,442486,442486,0.0,1.0,tiingo_historical_seed,
2024-07-31,VLUE,107.91,108.54,107.25,107.59,102.9649611389,103.5660910204,102.3352060249,102.659625326,1201586,1201586,0.0,1.0,tiingo_historical_seed,
2024-08-01,VLUE,107.58,107.98,105.18,105.67,102.6500835819,103.0317533479,100.3600649855,100.8276104489,226702,226702,0.0,1.0,tiingo_historical_seed,
2024-08-02,VLUE,103.39,103.55,101.366,102.02,98.6520927824,98.8047606888,96.7208437661,97.3448738336,246063,246063,0.0,1.0,tiingo_historical_seed,
2024-08-05,VLUE,98.96,100.23,98.505,99.32,94.4251001233,95.6369016305,93.9909507644,94.7686029127,366787,366787,0.0,1.0,tiingo_historical_seed,
2024-08-06,VLUE,99.58,101.1163,99.37,99.91,95.0166882607,96.4825864147,94.8163116335,95.3315658177,379815,379815,0.0,1.0,tiingo_historical_seed,
2024-08-07,VLUE,101.015,101.54,99.1,99.14,96.3859285464,96.8868701144,94.5586845414,94.596851518,866358,866358,0.0,1.0,tiingo_historical_seed,
2024-08-08,VLUE,99.67,101.4,99.67,101.32,95.102563958,96.7532856962,95.102563958,96.676951743,166076,166076,0.0,1.0,tiingo_historical_seed,
2024-08-09,VLUE,101.31,101.735,100.75,101.36,96.6674099989,97.0729341253,96.1330723264,96.7151187196,177402,177402,0.0,1.0,tiingo_historical_seed,
2024-08-12,VLUE,101.46,101.47,100.51,100.67,96.8105361612,96.8200779053,95.9040704668,96.0567383732,278856,278856,0.0,1.0,tiingo_historical_seed,
2024-08-13,VLUE,101.15,102.16,101.03,102.1,96.5147420925,97.4784582518,96.4002411626,97.4212077869,222402,222402,0.0,1.0,tiingo_historical_seed,
2024-08-14,VLUE,102.27,102.48,101.88,102.18,97.5834174374,97.7837940646,97.2112894155,97.4975417401,159870,159870,0.0,1.0,tiingo_historical_seed,
2024-08-15,VLUE,103.6,104.08,103.47,103.87,98.8524694096,99.3104731288,98.7284267356,99.1100965017,132020,132020,0.0,1.0,tiingo_historical_seed,
2024-08-16,VLUE,103.35,104.42,103.35,104.37,98.6139258058,99.63489243,98.6139258058,99.5871837092,185866,185866,0.0,1.0,tiingo_historical_seed,
2024-08-19,VLUE,104.44,105.385,104.44,105.385,99.6539759183,100.5556707406,99.6539759183,100.5556707406,105892,105892,0.0,1.0,tiingo_historical_seed,
2024-08-20,VLUE,105.16,105.195,104.7132,104.8,100.3409814972,100.3743776017,99.9146563685,99.9974787078,181882,181882,0.0,1.0,tiingo_historical_seed,
2024-08-21,VLUE,105.17,105.55,105.0,105.5,100.3505232414,100.7131095191,100.1883135908,100.6654007984,125192,125192,0.0,1.0,tiingo_historical_seed,
2024-08-22,VLUE,105.66,105.83,104.79,105.01,100.8180687048,100.9802783554,99.9879369636,100.1978553349,282847,282847,0.0,1.0,tiingo_historical_seed,
2024-08-23,VLUE,105.49,106.93,105.49,106.87,100.6558590542,102.029870212,100.6558590542,101.9726197471,153720,153720,0.0,1.0,tiingo_historical_seed,
2024-08-26,VLUE,107.13,107.45,106.65,106.74,102.2207050951,102.5260409079,101.7627013758,101.8485770731,520313,520313,0.0,1.0,tiingo_historical_seed,
2024-08-27,VLUE,106.41,106.67,106.21,106.53,101.5336995161,101.7817848641,101.3428646331,101.648200446,149497,149497,0.0,1.0,tiingo_historical_seed,
2024-08-28,VLUE,106.17,106.765,105.76,106.26,101.3046976565,101.8724314335,100.9134861463,101.3905733539,96294,96294,0.0,1.0,tiingo_historical_seed,
2024-08-29,VLUE,106.79,107.39,105.99,106.67,101.8962857939,102.468790443,101.1329462618,101.7817848641,150526,150526,0.0,1.0,tiingo_historical_seed,
2024-08-30,VLUE,107.22,108.09,106.81,108.03,102.3065807924,103.1367125336,101.9153692822,103.0794620687,181778,181778,0.0,1.0,tiingo_historical_seed,
2024-09-03,VLUE,107.29,107.71,105.9,106.23,102.3733730015,102.7741262558,101.0470705644,101.3619481214,159296,159296,0.0,1.0,tiingo_historical_seed,
2024-09-04,VLUE,106.0,106.685,105.5,105.85,101.1424880059,101.7960974803,100.6654007984,100.9993618437,404251,404251,0.0,1.0,tiingo_historical_seed,
2024-09-05,VLUE,105.72,105.75,104.62,104.98,100.8753191697,100.9039444022,99.825727313,100.1692301025,277415,277415,0.0,1.0,tiingo_historical_seed,
2024-09-06,VLUE,104.97,105.53,103.48,103.66,100.1596883583,100.6940260308,98.7379684798,98.9097198745,193670,193670,0.0,1.0,tiingo_historical_seed,
2024-09-09,VLUE,104.13,105.19,104.11,104.69,99.3581818496,100.3696067297,99.3390983613,99.8925195221,558374,558374,0.0,1.0,tiingo_historical_seed,
2024-09-10,VLUE,104.67,104.67,103.3,104.22,99.8734360338,99.8734360338,98.566217085,99.444057547,218590,218590,0.0,1.0,tiingo_historical_seed,
2024-09-11,VLUE,103.96,104.53,102.22,104.43,99.195972199,99.7398516157,97.5357087167,99.6444341742,384886,384886,0.0,1.0,tiingo_historical_seed,
2024-09-12,VLUE,104.41,105.29,103.87,105.07,99.6253506858,100.4650241712,99.1100965017,100.2551057998,379525,379525,0.0,1.0,tiingo_historical_seed,
2024-09-13,VLUE,105.51,106.41,105.51,106.3,100.6749425425,101.5336995161,100.6749425425,101.4287403305,421974,421974,0.0,1.0,tiingo_historical_seed,
2024-09-16,VLUE,106.5,107.6,106.5,107.52,101.6195752135,102.6691670702,101.6195752135,102.592833117,167281,167281,0.0,1.0,tiingo_historical_seed,
2024-09-17,VLUE,107.76,108.5,107.3105,107.7,102.8218349766,103.5279240438,102.392933577,102.7645845117,258912,258912,0.0,1.0,tiingo_historical_seed,
2024-09-18,VLUE,107.63,109.11,107.46,107.56,102.6977923026,104.1099704371,102.5355826521,102.6310000936,173569,173569,0.0,1.0,tiingo_historical_seed,
2024-09-19,VLUE,109.08,109.32,108.39,108.87,104.0813452046,104.3103470642,103.4229648581,103.8809685774,168895,168895,0.0,1.0,tiingo_historical_seed,
2024-09-20,VLUE,108.03,108.55,107.6509,108.37,103.0794620687,103.5756327646,102.7177345479,103.4038813698,284183,284183,0.0,1.0,tiingo_historical_seed,
2024-09-23,VLUE,108.51,108.895,108.41,108.84,103.537465788,103.9048229378,103.4420483465,103.852343345,187432,187432,0.0,1.0,tiingo_historical_seed,
2024-09-24,VLUE,108.86,109.23,108.8,109.08,103.8714268333,104.2244713669,103.8141763684,104.0813452046,243162,243162,0.0,1.0,tiingo_historical_seed,
2024-09-25,VLUE,108.19,108.21,107.38,107.47,104.0473785135,104.0666127087,103.2683936111,103.3549474891,183196,183196,0.848716,1.0,tiingo_historical_seed,
2024-09-26,VLUE,108.24,108.71,108.24,108.59,104.0954640013,104.5474675867,104.0954640013,104.432062416,153993,153993,0.0,1.0,tiingo_historical_seed,
2024-09-27,VLUE,109.19,109.695,108.95,109.08,105.0090882696,105.4947516965,104.7782779282,104.9033001965,443721,443721,0.0,1.0,tiingo_historical_seed,
2024-09-30,VLUE,108.85,109.14,108.08,109.04,104.6821069526,104.9610027818,103.9415904404,104.8648318062,218274,218274,0.0,1.0,tiingo_historical_seed,
2024-10-01,VLUE,108.81,108.91,107.77,108.37,104.6436385623,104.7398095379,103.643460416,104.2204862696,404384,404384,0.0,1.0,tiingo_historical_seed,
2024-10-02,VLUE,108.32,108.74,107.9,108.28,104.1724007818,104.5763188794,103.7684826843,104.1339323916,455171,455171,0.0,1.0,tiingo_historical_seed,
2024-10-03,VLUE,107.74,108.17,107.495,107.99,103.6146091233,104.0281443184,103.378990233,103.8550365623,175112,175112,0.0,1.0,tiingo_historical_seed,
2024-10-04,VLUE,108.43,108.88,108.15,108.8,104.278188855,104.7109582453,104.0089101233,104.6340214648,826184,826184,0.0,1.0,tiingo_historical_seed,
2024-10-07,VLUE,108.43,108.85,108.04,108.5,104.278188855,104.6821069526,103.9031220501,104.3455085379,152373,152373,0.0,1.0,tiingo_historical_seed,
2024-10-08,VLUE,108.64,108.83,108.09,108.66,104.4801479038,104.6628727574,103.9512075379,104.4993820989,157486,157486,0.0,1.0,tiingo_historical_seed,
2024-10-09,VLUE,108.74,109.87,108.46,109.77,104.5763188794,105.6630509038,104.3070401477,105.5668799282,206498,206498,0.0,1.0,tiingo_historical_seed,
2024-10-10,VLUE,109.52,109.55,108.82,109.06,105.3264524892,105.3553037818,104.6532556599,104.8840660014,169567,169567,0.0,1.0,tiingo_historical_seed,
2024-10-11,VLUE,109.36,110.37,109.3,110.16,105.1725789282,106.1439057819,105.1148763428,105.9419467331,265222,265222,0.0,1.0,tiingo_historical_seed,
2024-10-14,VLUE,110.27,111.01,110.04,110.95,106.0477348062,106.7594000258,105.8265415623,106.7016974404,142508,142508,0.0,1.0,tiingo_historical_seed,
2024-10-15,VLUE,110.995,111.42,109.92,110.0,106.7449743794,107.1537010258,105.7111363916,105.7880731721,426122,426122,0.0,1.0,tiingo_historical_seed,
2024-10-16,VLUE,110.5,111.185,110.49,111.14,106.2689280502,106.9276992331,106.2593109526,106.8844222941,167736,167736,0.0,1.0,tiingo_historical_seed,
2024-10-17,VLUE,111.11,111.19,110.59,110.9,106.8555710014,106.9325077819,106.3554819282,106.6536119526,181956,181956,0.0,1.0,tiingo_historical_seed,
2024-10-18,VLUE,110.87,110.92,110.39,110.84,106.6247606599,106.6728461477,106.163139977,106.5959093672,122029,122029,0.0,1.0,tiingo_historical_seed,
2024-10-21,VLUE,110.49,110.625,109.44,109.56,106.2593109526,106.3891417697,105.2495157087,105.3649208794,174412,174412,0.0,1.0,tiingo_historical_seed,
2024-10-22,VLUE,108.93,109.45,108.76,109.26,104.7590437331,105.2591328062,104.5955530745,105.0764079526,135336,135336,0.0,1.0,tiingo_historical_seed,
2024-10-23,VLUE,109.03,109.54,108.52,109.27,104.8552147087,105.3456866843,104.3647427331,105.0860250501,120342,120342,0.0,1.0,tiingo_historical_seed,
2024-10-24,VLUE,109.31,109.36,108.62,109.04,105.1244934404,105.1725789282,104.4609137087,104.8648318062,115179,115179,0.0,1.0,tiingo_historical_seed,
2024-10-25,VLUE,109.59,109.9,108.44,108.47,105.3937721721,105.6919021965,104.2878059526,104.3166572452,86967,86967,0.0,1.0,tiingo_historical_seed,
2024-10-28,VLUE,108.68,109.5,108.68,109.34,104.518616294,105.307218294,104.518616294,105.1533447331,87390,87390,0.0,1.0,tiingo_historical_seed,
2024-10-29,VLUE,108.49,108.95,108.38,108.61,104.3358914404,104.7782779282,104.2301033672,104.4512966111,112008,112008,0.0,1.0,tiingo_historical_seed,
2024-10-30,VLUE,108.21,109.1,108.21,108.24,104.0666127087,104.9225343916,104.0666127087,104.0954640013,92449,92449,0.0,1.0,tiingo_historical_seed,
2024-10-31,VLUE,108.27,108.528,107.62,107.62,104.124315294,104.3724364111,103.4992039526,103.4992039526,1602563,1602563,0.0,1.0,tiingo_historical_seed,
2024-11-01,VLUE,108.23,108.805,107.815,107.89,104.0858469038,104.6388300135,103.686737355,103.7588655867,150134,150134,0.0,1.0,tiingo_historical_seed,
2024-11-04,VLUE,107.85,108.49,107.49,107.7,103.7203971965,104.3358914404,103.3741816843,103.576140733,105443,105443,0.0,1.0,tiingo_historical_seed,
2024-11-05,VLUE,107.49,109.04,107.49,109.04,103.3741816843,104.8648318062,103.3741816843,104.8648318062,99126,99126,0.0,1.0,tiingo_historical_seed,
2024-11-06,VLUE,111.24,112.59,110.9701,112.35,106.9805932697,108.2789014404,106.7210278065,108.048091099,207534,207534,0.0,1.0,tiingo_historical_seed,
2024-11-07,VLUE,112.33,112.76,112.2,112.41,108.0288569038,108.442392099,107.9038346355,108.1057936843,170078,170078,0.0,1.0,tiingo_historical_seed,
2024-11-08,VLUE,112.39,112.915,112.22,112.67,108.0865594892,108.5914571112,107.9230688307,108.3558382209,3303651,3303651,0.0,1.0,tiingo_historical_seed,
2024-11-11,VLUE,113.19,114.01,113.19,113.51,108.8559272941,109.6445292941,108.8559272941,109.163674416,102456,102456,0.0,1.0,tiingo_historical_seed,
2024-11-12,VLUE,113.39,113.39,112.05,112.38,109.0482692453,109.0482692453,107.7595781721,108.0769423916,304861,304861,0.0,1.0,tiingo_historical_seed,
2024-11-13,VLUE,112.39,112.95,112.305,112.66,108.0865594892,108.6251169526,108.0048141599,108.3462211233,1100483,1100483,0.0,1.0,tiingo_historical_seed,
2024-11-14,VLUE,112.68,113.03,111.92,112.0,108.3654553185,108.7020537331,107.6345559038,107.7114926843,338326,338326,0.0,1.0,tiingo_historical_seed,
2024-11-15,VLUE,111.35,111.69,110.85,110.97,107.0863813428,107.4133626599,106.6055264648,106.7209316355,371383,371383,0.0,1.0,tiingo_historical_seed,
2024-11-18,VLUE,111.11,111.93,111.11,111.64,106.8555710014,107.6441730014,106.8555710014,107.3652771721,334094,334094,0.0,1.0,tiingo_historical_seed,
2024-11-19,VLUE,110.62,111.29,110.25,111.025,106.3843332209,107.0286787575,106.0285006111,106.7738256721,193385,193385,0.0,1.0,tiingo_historical_seed,
2024-11-20,VLUE,111.01,111.38,110.7,111.345,106.7594000258,107.1152326355,106.4612700014,107.0815727941,191756,191756,0.0,1.0,tiingo_historical_seed,
2024-11-21,VLUE,111.56,113.16,111.47,112.86,107.2883403916,108.8270760014,107.2017865136,108.5385630746,160498,160498,0.0,1.0,tiingo_historical_seed,
2024-11-22,VLUE,112.91,114.25,112.91,114.13,108.5866485624,109.8753396356,108.5866485624,109.7599344648,253051,253051,0.0,1.0,tiingo_historical_seed,
2024-11-25,VLUE,114.97,115.88,114.97,115.38,110.56777066,111.442926538,110.56777066,110.96207166,840861,840861,0.0,1.0,tiingo_historical_seed,
2024-11-26,VLUE,115.16,115.16,114.08,114.52,110.7504955136,110.7504955136,109.711848977,110.1350012697,170161,170161,0.0,1.0,tiingo_historical_seed,
2024-11-27,VLUE,114.4,114.8149,113.75,114.11,110.019596099,110.4186094768,109.3944847575,109.7407002697,581574,581574,0.0,1.0,tiingo_historical_seed,
2024-11-29,VLUE,114.38,114.91,114.38,114.57,110.0003619039,110.5100680746,110.0003619039,110.1830867575,108511,108511,0.0,1.0,tiingo_historical_seed,
2024-12-02,VLUE,114.73,114.73,113.92,114.17,110.3369603185,110.3369603185,109.557975416,109.7984028551,265942,265942,0.0,1.0,tiingo_historical_seed,
2024-12-03,VLUE,114.4279,114.57,113.5,113.5,110.0464278012,110.1830867575,109.1540573185,109.1540573185,172137,172137,0.0,1.0,tiingo_historical_seed,
2024-12-04,VLUE,113.71,113.71,112.54,112.95,109.3560163673,109.3560163673,108.2308159526,108.6251169526,177049,177049,0.0,1.0,tiingo_historical_seed,
2024-12-05,VLUE,113.03,113.235,112.36,112.42,108.7020537331,108.8992042331,108.0577081965,108.1154107819,162111,162111,0.0,1.0,tiingo_historical_seed,
2024-12-06,VLUE,112.66,112.97,112.13,112.36,108.3462211233,108.6443511477,107.8365149526,108.0577081965,156361,156361,0.0,1.0,tiingo_historical_seed,
2024-12-09,VLUE,112.63,112.81,111.66,111.71,108.3173698307,108.4904775868,107.3845113672,107.432596855,153045,153045,0.0,1.0,tiingo_historical_seed,
2024-12-10,VLUE,111.58,111.585,110.42,110.66,107.3075745867,107.3123831355,106.1919912697,106.4228016111,315363,315363,0.0,1.0,tiingo_historical_seed,
2024-12-11,VLUE,111.01,111.01,110.12,110.31,106.7594000258,106.7594000258,105.9034783428,106.0862031965,121253,121253,0.0,1.0,tiingo_historical_seed,
2024-12-12,VLUE,110.11,110.68,110.11,110.11,105.8938612453,106.4420358063,105.8938612453,105.8938612453,156936,156936,0.0,1.0,tiingo_historical_seed,
2024-12-13,VLUE,110.09,110.09,109.505,109.79,105.8746270501,105.8746270501,105.3120268428,105.5861141233,181738,181738,0.0,1.0,tiingo_historical_seed,
2024-12-16,VLUE,109.705,109.8705,109.01,109.08,105.504368794,105.6635317587,104.8359805135,104.9033001965,867701,867701,0.0,1.0,tiingo_historical_seed,
2024-12-17,VLUE,107.89,108.39,107.445,107.64,104.4799260823,104.9641226069,104.0489911754,104.23782782,249810,249810,0.748032,1.0,tiingo_historical_seed,
2024-12-18,VLUE,107.76,108.19,104.67,104.68,104.3540349859,104.770443997,101.3617004637,101.3713843942,342537,342537,0.0,1.0,tiingo_historical_seed,
2024-12-19,VLUE,104.87,105.59,104.01,104.01,101.5553790736,102.252622069,100.7225610512,100.7225610512,548641,548641,0.0,1.0,tiingo_historical_seed,
2024-12-20,VLUE,103.81,106.15,103.81,105.6,100.5288824414,102.7949221766,100.5288824414,102.2623059995,472969,472969,0.0,1.0,tiingo_historical_seed,
2024-12-23,VLUE,105.25,106.09,104.985,106.03,101.9233684323,102.7368185936,101.6667442742,102.6787150107,378046,378046,0.0,1.0,tiingo_historical_seed,
2024-12-24,VLUE,106.075,106.87,105.85,106.84,102.7222926979,103.492165172,102.5044042618,103.4631133806,101432,101432,0.0,1.0,tiingo_historical_seed,
2024-12-26,VLUE,106.41,107.2972,106.41,107.17,103.0467043694,103.9058626827,103.0467043694,103.7826830868,154299,154299,0.0,1.0,tiingo_historical_seed,
2024-12-27,VLUE,106.55,107.29,105.97,106.52,103.1822793963,103.8988902527,102.6206114277,103.1532276048,343641,343641,0.0,1.0,tiingo_historical_seed,
2024-12-30,VLUE,105.69,105.805,104.53,105.29,102.3494613739,102.4608265746,101.2261254368,101.9621041543,849822,849822,0.0,1.0,tiingo_historical_seed,
2024-12-31,VLUE,105.62,106.1,105.09,105.61,102.2816738605,102.7465025241,101.7684255444,102.27198993,1557361,1557361,0.0,1.0,tiingo_historical_seed,
2025-01-02,VLUE,106.11,106.59,104.913,105.46,102.7561864546,103.2210151183,101.5970199747,102.1267309726,436541,436541,0.0,1.0,tiingo_historical_seed,
2025-01-03,VLUE,105.88,106.6503,105.365,106.5,102.5334560533,103.2794092191,102.0347336329,103.1338597438,204425,204425,0.0,1.0,tiingo_historical_seed,
2025-01-06,VLUE,107.11,108.23,106.95,107.07,103.7245795039,104.809179719,103.569636616,103.6858437819,498770,498770,0.0,1.0,tiingo_historical_seed,
2025-01-07,VLUE,107.48,107.97,106.41,106.75,104.0828849321,104.5573975262,103.0467043694,103.3759580061,281588,281588,0.0,1.0,tiingo_historical_seed,
2025-01-08,VLUE,106.43,106.53,105.45,106.45,103.0660722304,103.1629115353,102.1170470421,103.0854400914,1641698,1641698,0.0,1.0,tiingo_historical_seed,
2025-01-10,VLUE,105.72,105.91,104.8802,105.02,102.3785131654,102.5625078448,101.5652566827,101.700638031,523078,523078,0.0,1.0,tiingo_historical_seed,
2025-01-13,VLUE,104.63,105.8,104.58,105.78,101.3229647418,102.4559846094,101.2745450893,102.4366167484,343936,343936,0.0,1.0,tiingo_historical_seed,
2025-01-14,VLUE,106.25,106.92,105.89,106.82,102.8917614815,103.5405848245,102.5431399838,103.4437455196,485826,485826,0.0,1.0,tiingo_historical_seed,
2025-01-15,VLUE,108.59,108.81,108.05,108.33,105.1578012167,105.3708476876,104.6348689701,104.9060190239,478682,478682,0.0,1.0,tiingo_historical_seed,
2025-01-16,VLUE,108.28,108.9,107.855,108.75,104.8575993715,105.458003062,104.4460323255,105.3127441046,159667,159667,0.0,1.0,tiingo_historical_seed,
2025-01-17,VLUE,109.74,109.94,109.3815,109.7,106.2714532234,106.4651318332,105.9242843152,106.2327175014,240543,240543,0.0,1.0,tiingo_historical_seed,
2025-01-21,VLUE,110.21,111.08,110.21,110.94,106.7265979565,107.5690999093,106.7265979565,107.4335248824,351357,351357,0.0,1.0,tiingo_historical_seed,
2025-01-22,VLUE,110.9,111.015,110.54,110.62,107.3947891605,107.5061543611,107.0461676627,107.1236391067,375263,375263,0.0,1.0,tiingo_historical_seed,
2025-01-23,VLUE,110.51,111.37,110.47,111.34,107.0171158713,107.8499338936,106.9783801493,107.8208821021,278168,278168,0.0,1.0,tiingo_historical_seed,
2025-01-24,VLUE,111.36,111.49,110.88,111.04,107.8402499631,107.9661410595,107.3754212995,107.5303641874,114814,114814,0.0,1.0,tiingo_historical_seed,
2025-01-27,VLUE,110.21,111.0,110.1139,110.82,106.7265979565,107.4916284654,106.6335353845,107.3173177165,307313,307313,0.0,1.0,tiingo_historical_seed,
2025-01-28,VLUE,110.39,110.39,109.2826,109.74,106.9009087054,106.9009087054,105.8285102426,106.2714532234,374745,374745,0.0,1.0,tiingo_historical_seed,
2025-01-29,VLUE,110.25,110.75,109.5931,109.84,106.7653336785,107.2495302031,106.1291962844,106.3682925283,238547,238547,0.0,1.0,tiingo_historical_seed,
2025-01-30,VLUE,110.37,111.33,110.31,110.97,106.8815408444,107.8111981716,106.8234372614,107.4625766739,338306,338306,0.0,1.0,tiingo_historical_seed,
2025-01-31,VLUE,110.99,111.4401,109.87,110.0,107.4819445349,107.9178182464,106.3973443198,106.5232354162,286845,286845,0.0,1.0,tiingo_historical_seed,
2025-02-03,VLUE,108.2,109.895,107.79,109.34,104.7801279275,106.421554146,104.3830867773,105.8840960037,498765,498765,0.0,1.0,tiingo_historical_seed,
2025-02-04,VLUE,109.025,109.9,108.94,109.67,105.5790521932,106.4263961112,105.496738784,106.2036657099,157997,157997,0.0,1.0,tiingo_historical_seed,
2025-02-05,VLUE,110.02,110.71,109.6,110.57,106.5426032771,107.2107944811,106.1358781965,107.0752194542,378577,378577,0.0,1.0,tiingo_historical_seed,
2025-02-06,VLUE,110.61,110.69,109.435,110.01,107.1139551762,107.1914266201,105.9760933433,106.5329193467,844344,844344,0.0,1.0,tiingo_historical_seed,
2025-02-07,VLUE,110.34,110.42,109.28,109.42,106.8524890529,106.9299604968,105.8259924207,105.9615674476,359920,359920,0.0,1.0,tiingo_historical_seed,
2025-02-10,VLUE,110.05,110.05,109.49,109.87,106.5716550686,106.5716550686,106.029354961,106.3973443198,250135,250135,0.0,1.0,tiingo_historical_seed,
2025-02-11,VLUE,109.45,110.5,109.45,110.35,105.9906192391,107.0074319408,105.9906192391,106.8621729834,387159,387159,0.0,1.0,tiingo_historical_seed,
2025-02-12,VLUE,109.7,110.48,109.51,110.42,106.2327175014,106.9880640798,106.048722822,106.9299604968,279237,279237,0.0,1.0,tiingo_historical_seed,
2025-02-13,VLUE,111.13,112.0,111.03,111.9,107.6175195618,108.4600215146,107.5206802569,108.3631822097,694363,694363,0.0,1.0,tiingo_historical_seed,
2025-02-14,VLUE,111.83,112.57,111.78,112.01,108.2953946963,109.0120055527,108.2469750438,108.4697054451,353661,353661,0.0,1.0,tiingo_historical_seed,
2025-02-18,VLUE,112.33,113.53,112.32,113.47,108.7795912209,109.94166288,108.7699072904,109.883559297,1977950,1977950,0.0,1.0,tiingo_historical_seed,
2025-02-19,VLUE,112.94,113.67,112.77,113.56,109.3703109809,110.0772379069,109.2056841625,109.9707146714,909249,909249,0.0,1.0,tiingo_historical_seed,
2025-02-20,VLUE,113.46,113.525,112.52,113.38,109.8738753665,109.9368209147,108.9635859002,109.7964039226,190441,190441,0.0,1.0,tiingo_historical_seed,
2025-02-21,VLUE,113.14,113.29,111.44,111.64,109.5639895908,109.7092485482,107.9177214071,108.1114000169,481487,481487,0.0,1.0,tiingo_historical_seed,
2025-02-24,VLUE,111.92,112.08,111.09,111.43,108.3825500707,108.5374929586,107.5787838398,107.9080374766,377687,377687,0.0,1.0,tiingo_historical_seed,
2025-02-25,VLUE,111.54,111.95,110.82,111.2,108.014560712,108.4116018622,107.3173177165,107.6853070752,326972,326972,0.0,1.0,tiingo_historical_seed,
2025-02-26,VLUE,111.48,112.0,110.74,111.04,107.956457129,108.4600215146,107.2398462726,107.5303641874,238947,238947,0.0,1.0,tiingo_historical_seed,
2025-02-27,VLUE,111.19,111.75,109.96,110.0,107.6756231448,108.2179232523,106.4844996942,106.5232354162,232839,232839,0.0,1.0,tiingo_historical_seed,
2025-02-28,VLUE,109.87,111.23,109.3404,111.16,106.3973443198,107.7143588667,105.8844833609,107.6465713533,417700,417700,0.0,1.0,tiingo_historical_seed,
2025-03-03,VLUE,111.66,112.13,108.8901,109.58,108.1307678779,108.585912611,105.4484159708,106.1165103355,312725,312725,0.0,1.0,tiingo_historical_seed,
2025-03-04,VLUE,108.83,108.86,106.85,107.19,105.3902155486,105.41926734,103.4727973111,103.8020509478,440896,440896,0.0,1.0,tiingo_historical_seed,
2025-03-05,VLUE,107.23,108.547,106.55,108.16,103.8407866698,105.1161603156,103.1822793963,104.7413922056,313455,313455,0.0,1.0,tiingo_historical_seed,
2025-03-06,VLUE,106.97,108.09,106.59,107.41,103.589004477,104.6736046921,103.2210151183,104.0150974186,666160,666160,0.0,1.0,tiingo_historical_seed,
2025-03-07,VLUE,106.91,109.0,106.91,108.76,103.530900894,105.5548423669,103.530900894,105.3224280351,389809,389809,0.0,1.0,tiingo_historical_seed,
2025-03-10,VLUE,107.78,108.6,106.25,107.12,104.3734028469,105.1674851472,102.8917614815,103.7342634344,326794,326794,0.0,1.0,tiingo_historical_seed,
2025-03-11,VLUE,106.62,106.7186,104.52,105.25,103.2500669097,103.3455504644,101.2164415063,101.9233684323,618229,618229,0.0,1.0,tiingo_historical_seed,
2025-03-12,VLUE,105.96,105.96,104.28,105.0,102.6109274972,102.6109274972,100.9840271745,101.68127017,382130,382130,0.0,1.0,tiingo_historical_seed,
2025-03-13,VLUE,105.54,106.49,104.5,104.89,102.2042024166,103.1241758133,101.1970736454,101.5747469346,514214,514214,0.0,1.0,tiingo_historical_seed,
2025-03-14,VLUE,105.45,106.895,105.45,106.75,102.1170470421,103.5163749983,102.1170470421,103.3759580061,2303074,2303074,0.0,1.0,tiingo_historical_seed,
2025-03-17,VLUE,106.78,108.81,106.78,108.36,103.4050097976,105.3708476876,103.4050097976,104.9350708154,200972,200972,0.0,1.0,tiingo_historical_seed,
2025-03-18,VLUE,107.42,107.74,107.06,107.49,104.6820565445,104.9939003175,104.3312322999,104.7502723698,490704,490704,0.67917,1.0,tiingo_historical_seed,
2025-03-19,VLUE,107.36,108.71,107.18,108.1,104.623585837,105.9391767543,104.4481737147,105.3447245621,3291355,3291355,0.0,1.0,tiingo_historical_seed,
2025-03-20,VLUE,107.33,108.185,107.22,107.57,104.5943504833,105.4275580643,104.4871541864,104.8282333131,693045,693045,0.0,1.0,tiingo_historical_seed,
2025-03-21,VLUE,106.68,107.23,106.05,106.96,103.9609178195,104.4968993043,103.3469753914,104.2337811208,898368,898368,0.0,1.0,tiingo_historical_seed,
2025-03-24,VLUE,107.93,108.67,107.93,108.51,105.1790575577,105.9001962827,105.1790575577,105.7442743962,883547,883547,0.0,1.0,tiingo_historical_seed,
2025-03-25,VLUE,108.595,108.84,108.09,108.42,105.8271078984,106.0658632871,105.3349794442,105.6565683351,1204985,1204985,0.0,1.0,tiingo_historical_seed,
2025-03-26,VLUE,108.61,109.27,107.79,108.09,105.8417255753,106.4849033571,105.042625907,105.3349794442,559168,559168,0.0,1.0,tiingo_historical_seed,
2025-03-27,VLUE,107.53,107.93,107.01,107.39,104.7892528414,105.1790575577,104.2825067103,104.6528211908,373580,373580,0.0,1.0,tiingo_historical_seed,
2025-03-28,VLUE,107.18,107.43,105.46,105.83,104.4481737147,104.6918016624,102.7720134349,103.1325827975,285486,285486,0.0,1.0,tiingo_historical_seed,
2025-03-31,VLUE,105.07,107.03,104.81,106.65,102.3919538366,104.3019969462,102.1385807711,103.9316824657,565487,565487,0.0,1.0,tiingo_historical_seed,
2025-04-01,VLUE,106.35,106.85,105.28,106.53,103.6393289286,104.1265848239,102.5966013126,103.8147410509,341339,341339,0.0,1.0,tiingo_historical_seed,
2025-04-02,VLUE,105.62,107.61,105.62,107.24,102.9279353214,104.8672137847,102.9279353214,104.5066444222,974077,974077,0.0,1.0,tiingo_historical_seed,
2025-04-03,VLUE,104.28,104.62,101.85,101.88,101.6220895221,101.9534235308,99.2540258709,99.2832612247,864765,864765,0.0,1.0,tiingo_historical_seed,
2025-04-04,VLUE,99.09,99.75,95.67,95.85,96.5643733289,97.2075511107,93.2315430051,93.4069551274,2356773,2356773,0.0,1.0,tiingo_historical_seed,
2025-04-07,VLUE,93.03,98.8,91.8,95.49,90.658831878,96.2817649097,89.4601823756,93.0561308828,1011232,1011232,0.0,1.0,tiingo_historical_seed,
2025-04-08,VLUE,98.56,98.56,92.14,93.5,96.0478820799,96.0478820799,89.7915163844,91.1168524196,1068324,1068324,0.0,1.0,tiingo_historical_seed,
2025-04-09,VLUE,92.48,101.33,91.84,100.79,90.1228503932,98.7472797398,89.4991628472,98.2210433729,893323,893323,0.0,1.0,tiingo_historical_seed,
2025-04-10,VLUE,98.9,98.98,94.79,97.21,96.3792160887,96.457177032,92.3739726294,94.7322911626,1770927,1770927,0.0,1.0,tiingo_historical_seed,
2025-04-11,VLUE,96.79,98.76,95.73,98.42,94.3229962106,96.242784438,93.2900137126,95.9114504292,558096,558096,0.0,1.0,tiingo_historical_seed,
2025-04-14,VLUE,99.83,100.28,98.58,99.64,97.285512054,97.7240423597,96.0673723157,97.1003548137,809501,809501,0.0,1.0,tiingo_historical_seed,
2025-04-15,VLUE,99.63,100.492,99.46,99.54,97.0906096958,97.9306388593,96.9249426914,97.0029036347,924499,924499,0.0,1.0,tiingo_historical_seed,
2025-04-16,VLUE,98.94,99.79,97.245,98.09,96.4181965603,97.2465315823,94.7663990753,95.5898615383,1089123,1089123,0.0,1.0,tiingo_historical_seed,
2025-04-17,VLUE,97.84,99.45,97.84,98.65,95.3462335907,96.9151975735,95.3462335907,96.1355881411,373325,373325,0.0,1.0,tiingo_historical_seed,
2025-04-21,VLUE,97.97,97.97,96.01,96.93,95.4729201235,95.4729201235,93.5628770139,94.4594278613,207710,207710,0.0,1.0,tiingo_historical_seed,
2025-04-22,VLUE,97.52,99.36,97.52,99.03,95.0343898177,96.8274915124,95.0343898177,96.5059026215,617251,617251,0.0,1.0,tiingo_historical_seed,
2025-04-23,VLUE,101.06,102.69,100.22,100.49,98.4841615564,100.072615775,97.6655716523,97.9286898357,1056581,1056581,0.0,1.0,tiingo_historical_seed,
2025-04-24,VLUE,100.35,102.16,100.17,102.06,97.7922581851,99.556124526,97.6168460628,99.458673347,652491,652491,0.0,1.0,tiingo_historical_seed,
2025-04-25,VLUE,101.32,101.695,100.8,101.52,98.7375346219,99.1029765434,98.2307884908,98.93243698,289357,289357,0.0,1.0,tiingo_historical_seed,
2025-04-28,VLUE,101.62,102.53,101.13,102.08,99.0298881591,99.9166938885,98.5523773817,99.4781635828,670861,670861,0.0,1.0,tiingo_historical_seed,
2025-04-29,VLUE,101.45,102.745,101.25,102.39,98.8642211547,100.1262139235,98.6693187966,99.7802622378,284683,284683,0.0,1.0,tiingo_historical_seed,
2025-04-30,VLUE,101.36,102.91,100.49,102.56,98.7765150935,100.287008369,97.9286898357,99.9459292422,527630,527630,0.0,1.0,tiingo_historical_seed,
2025-05-01,VLUE,103.1,103.76,102.47,102.67,100.4721656092,101.1153433909,99.8582231811,100.0531255392,257635,257635,0.0,1.0,tiingo_historical_seed,
2025-05-02,VLUE,103.99,104.66,103.72,104.45,101.3394811028,101.9924040025,101.0763629193,101.7877565265,508446,508446,0.0,1.0,tiingo_historical_seed,
2025-05-05,VLUE,103.74,104.58,103.74,104.05,101.0958531551,101.9144430592,101.0958531551,101.3979518102,252921,252921,0.0,1.0,tiingo_historical_seed,
2025-05-06,VLUE,103.25,104.24,103.02,103.48,100.6183423778,101.5831090504,100.3942046659,100.8424800896,361735,361735,0.0,1.0,tiingo_historical_seed,
2025-05-07,VLUE,103.71,104.3,103.22,103.92,101.0666178014,101.6415797579,100.589107024,101.2712652774,247066,247066,0.0,1.0,tiingo_historical_seed,
2025-05-08,VLUE,104.58,105.96,104.46,105.0,101.9144430592,103.2592693302,101.7975016444,102.3237380113,315168,315168,0.0,1.0,tiingo_historical_seed,
2025-05-09,VLUE,105.25,105.42,104.68,105.07,102.5673659589,102.7330329633,102.0118942383,102.3919538366,419728,419728,0.0,1.0,tiingo_historical_seed,
2025-05-12,VLUE,107.69,108.19,107.22,108.06,104.9451747279,105.4324306232,104.4871541864,105.3057440905,433493,433493,0.0,1.0,tiingo_historical_seed,
2025-05-13,VLUE,108.18,108.8,107.935,108.31,105.4226855053,106.0268828155,105.1839301166,105.5493720381,610457,610457,0.0,1.0,tiingo_historical_seed,
2025-05-14,VLUE,108.23,108.41,107.23,107.39,105.4714110949,105.6468232172,104.4968993043,104.6528211908,467029,467029,0.0,1.0,tiingo_historical_seed,
2025-05-15,VLUE,107.23,108.82,107.23,108.82,104.4968993043,106.0463730513,104.4968993043,106.0463730513,373285,373285,0.0,1.0,tiingo_historical_seed,
2025-05-16,VLUE,108.56,109.555,108.31,109.55,105.7929999857,106.7626392174,105.5493720381,106.7577666584,293241,293241,0.0,1.0,tiingo_historical_seed,
2025-05-19,VLUE,108.48,109.61,108.48,109.47,105.7150390425,106.8162373659,105.7150390425,106.6798057152,265302,265302,0.0,1.0,tiingo_historical_seed,
2025-05-20,VLUE,109.36,109.73,108.87,109.27,106.5726094182,106.9331787807,106.0950986408,106.4849033571,390453,390453,0.0,1.0,tiingo_historical_seed,
2025-05-21,VLUE,108.55,108.76,106.92,107.0,105.7832548678,105.9879023439,104.1948006492,104.2727615924,408953,408953,0.0,1.0,tiingo_historical_seed,
2025-05-22,VLUE,106.84,107.16,106.17,106.48,104.1168397059,104.4286834789,103.4639168063,103.7660154613,421097,421097,0.0,1.0,tiingo_historical_seed,
2025-05-23,VLUE,105.25,106.27,105.25,106.0,102.5673659589,103.5613679853,102.5673659589,103.2982498019,469660,469660,0.0,1.0,tiingo_historical_seed,
2025-05-27,VLUE,107.04,107.8201,106.495,107.76,104.3117420641,105.0719587119,103.7806331382,105.0133905533,353743,353743,0.0,1.0,tiingo_historical_seed,
2025-05-28,VLUE,107.65,107.81,106.73,106.89,104.9061942563,105.0621161428,104.009643409,104.1655652955,313945,313945,0.0,1.0,tiingo_historical_seed,
2025-05-29,VLUE,107.23,107.3299,106.08,107.02,104.4968993043,104.5942530322,103.3762107451,104.2922518282,348218,348218,0.0,1.0,tiingo_historical_seed,
2025-05-30,VLUE,106.62,107.37,106.16,106.99,103.902447112,104.633330955,103.4541716883,104.2630164745,826122,826122,0.0,1.0,tiingo_historical_seed,
2025-06-02,VLUE,106.76,107.07,105.7,107.055,104.0388787627,104.3409774178,103.0058962647,104.3263597409,831878,831878,0.0,1.0,tiingo_historical_seed,
2025-06-03,VLUE,106.84,108.41,106.475,108.36,104.1168397059,105.6468232172,103.7611429024,105.5980976276,429437,429437,0.0,1.0,tiingo_historical_seed,
2025-06-04,VLUE,108.54,108.83,108.08,108.11,105.7735097499,106.0561181692,105.3252343263,105.35446968,211597,211597,0.0,1.0,tiingo_historical_seed,
2025-06-05,VLUE,108.37,108.81,107.64,108.01,105.6078427455,106.0366279334,104.8964491384,105.2570185009,358293,358293,0.0,1.0,tiingo_historical_seed,
2025-06-06,VLUE,108.82,109.55,108.82,109.28,106.0463730513,106.7577666584,106.0463730513,106.494648475,201224,201224,0.0,1.0,tiingo_historical_seed,
2025-06-09,VLUE,109.59,110.34,109.59,109.8,106.79674713,107.527630973,106.79674713,107.0013946061,366296,366296,0.0,1.0,tiingo_historical_seed,
2025-06-10,VLUE,110.1,111.35,109.98,111.17,107.2937481432,108.5118878815,107.1768067284,108.3364757592,300494,300494,0.0,1.0,tiingo_historical_seed,
2025-06-11,VLUE,111.37,111.37,110.09,110.57,108.5313781173,108.5313781173,107.2840030253,107.7517686848,627618,627618,0.0,1.0,tiingo_historical_seed,
2025-06-12,VLUE,109.98,110.77,109.83,110.77,107.1768067284,107.9466710429,107.0306299598,107.9466710429,444885,444885,0.0,1.0,tiingo_historical_seed,
2025-06-13,VLUE,109.72,110.46,109.2,109.48,106.9234336628,107.6445723879,106.4166875317,106.6895508331,449283,449283,0.0,1.0,tiingo_historical_seed,
2025-06-16,VLUE,109.575,110.4,109.53,110.08,107.4958721485,108.3052182085,107.4517259998,107.9912900398,212615,212615,0.735786,1.0,tiingo_historical_seed,
2025-06-17,VLUE,109.75,110.28,108.96,109.02,107.6675516158,108.1874951452,106.8925414493,106.9514029809,311059,311059,0.0,1.0,tiingo_historical_seed,
2025-06-18,VLUE,109.12,110.03,109.005,109.38,107.0495055336,107.9422387634,106.936687598,107.3045721707,449524,449524,0.0,1.0,tiingo_historical_seed,
2025-06-20,VLUE,110.14,110.335,109.37,109.67,108.0501515714,108.2414515492,107.2947619154,107.5890695736,867060,867060,0.0,1.0,tiingo_historical_seed,
2025-06-23,VLUE,109.67,110.63,108.9,110.57,107.5890695736,108.5308540798,106.8336799176,108.4719925481,927627,927627,0.0,1.0,tiingo_historical_seed,
2025-06-24,VLUE,111.14,112.22,111.14,112.06,109.0311770987,110.0906846681,109.0311770987,109.9337205837,375086,375086,0.0,1.0,tiingo_historical_seed,
2025-06-25,VLUE,111.94,111.94,111.22,111.41,109.8159975205,109.8159975205,109.1096591408,109.296053991,266994,266994,0.0,1.0,tiingo_historical_seed,
2025-06-26,VLUE,111.76,112.46,111.76,112.42,109.6394129256,110.3261307946,109.6394129256,110.2868897735,299194,299194,0.0,1.0,tiingo_historical_seed,
2025-06-27,VLUE,112.5,113.14,111.9,112.6,110.3653718157,110.9932281532,109.7767564994,110.4634743685,805409,805409,0.0,1.0,tiingo_historical_seed,
2025-06-30,VLUE,113.07,113.42,112.74,113.21,110.9245563663,111.2679153008,110.6008179423,111.0618999401,414518,414518,0.0,1.0,tiingo_historical_seed,
2025-07-01,VLUE,112.9,115.35,112.9,114.88,110.7577820266,113.1612945684,110.7577820266,112.7002125706,679335,679335,0.0,1.0,tiingo_historical_seed,
2025-07-02,VLUE,114.58,115.34,114.16,115.18,112.4059049124,113.1514843131,111.993874191,112.9945202288,329555,329555,0.0,1.0,tiingo_historical_seed,
2025-07-03,VLUE,115.5,116.13,115.5,115.8,113.3084483975,113.9264944796,113.3084483975,113.6027560557,180192,180192,0.0,1.0,tiingo_historical_seed,
2025-07-07,VLUE,115.23,115.565,113.92,114.42,113.0435715051,113.3722150568,111.7584280644,112.2489408281,442862,442862,0.0,1.0,tiingo_historical_seed,
2025-07-08,VLUE,114.53,115.64,114.53,115.28,112.356853636,113.4457919713,112.356853636,113.0926227815,405889,405889,0.0,1.0,tiingo_historical_seed,
2025-07-09,VLUE,115.41,115.74,114.76,115.42,113.2201561,113.543894524,112.5824895073,113.2299663553,268388,268388,0.0,1.0,tiingo_historical_seed,
2025-07-10,VLUE,115.59,116.39,115.33,116.03,113.3967406949,114.1815611167,113.1416740578,113.8283919269,323012,323012,0.0,1.0,tiingo_historical_seed,
2025-07-11,VLUE,115.38,115.43,114.7389,115.08,113.1907253342,113.2397766106,112.5617898687,112.896417676,131594,131594,0.0,1.0,tiingo_historical_seed,
2025-07-14,VLUE,114.66,115.08,114.34,114.98,112.4843869546,112.896417676,112.1704587859,112.7983151233,582623,582623,0.0,1.0,tiingo_historical_seed,
2025-07-15,VLUE,115.32,115.46,113.45,113.49,113.1318638026,113.2692073764,111.2973460666,111.3365870877,453038,453038,0.0,1.0,tiingo_historical_seed,
2025-07-16,VLUE,113.55,113.67,112.11,113.35,111.3954486193,111.5131716826,109.9827718601,111.1992435139,408992,408992,0.0,1.0,tiingo_historical_seed,
2025-07-17,VLUE,113.19,114.03,113.16,113.99,111.0422794295,111.8663408724,111.0128486637,111.8270998513,199205,199205,0.0,1.0,tiingo_historical_seed,
2025-07-18,VLUE,114.44,114.44,113.7,113.97,112.2685613386,112.2685613386,111.5426024484,111.8074793408,457288,457288,0.0,1.0,tiingo_historical_seed,
2025-07-21,VLUE,114.37,114.87,113.98,114.03,112.1998895517,112.6904023153,111.8172895961,111.8663408724,276591,276591,0.0,1.0,tiingo_historical_seed,
2025-07-22,VLUE,114.18,114.985,114.15,114.86,112.0134947015,112.8032202509,111.9840639357,112.68059206,268164,268164,0.0,1.0,tiingo_historical_seed,
2025-07-23,VLUE,115.17,116.51,115.17,116.51,112.9847099735,114.29928418,112.9847099735,114.29928418,280644,280644,0.0,1.0,tiingo_historical_seed,
2025-07-24,VLUE,116.14,116.4,115.48,115.54,113.9363047349,114.191371372,113.2888278869,113.3476894186,1009600,1009600,0.0,1.0,tiingo_historical_seed,
2025-07-25,VLUE,115.155,115.645,114.59,115.61,112.9699945906,113.4506970989,112.4157151677,113.4163612055,150252,150252,0.0,1.0,tiingo_historical_seed,
2025-07-28,VLUE,115.61,115.63,114.94,115.11,113.4163612055,113.435981716,112.7590741022,112.9258484419,157793,157793,0.0,1.0,tiingo_historical_seed,
2025-07-29,VLUE,115.38,115.44,114.65,114.8,113.1907253342,113.2495868658,112.4745766993,112.6217305284,126197,126197,0.0,1.0,tiingo_historical_seed,
2025-07-30,VLUE,114.92,115.22,113.68,114.3,112.7394535917,113.0337612499,111.5229819379,112.1312177648,280111,280111,0.0,1.0,tiingo_historical_seed,
2025-07-31,VLUE,113.75,114.35,112.69,112.95,111.5916537248,112.1802690411,110.5517666659,110.806833303,268242,268242,0.0,1.0,tiingo_historical_seed,
2025-08-01,VLUE,111.98,112.07,110.525,111.55,109.8552385416,109.943530839,108.4278463994,109.4333975648,272331,272331,0.0,1.0,tiingo_historical_seed,
2025-08-04,VLUE,112.04,112.71,111.96,112.69,109.9141000732,110.5713871765,109.835618031,110.5517666659,421802,421802,0.0,1.0,tiingo_historical_seed,
2025-08-05,VLUE,112.91,113.445,112.22,113.04,110.7675922819,111.292440939,110.0906846681,110.8951256004,318887,318887,0.0,1.0,tiingo_historical_seed,
2025-08-06,VLUE,113.175,113.52,112.77,113.08,111.0275640466,111.3660178535,110.6302487081,110.9343666215,795133,795133,0.0,1.0,tiingo_historical_seed,
2025-08-07,VLUE,113.89,114.19,112.79,113.24,111.7289972986,112.0233049568,110.6498692186,111.0913307059,775168,775168,0.0,1.0,tiingo_historical_seed,
2025-08-08,VLUE,113.61,114.62,113.55,114.44,111.454310151,112.4451459335,111.3954486193,112.2685613386,409767,409767,0.0,1.0,tiingo_historical_seed,
2025-08-11,VLUE,114.91,115.66,114.06,114.34,112.7296433364,113.4654124818,111.8957716382,112.1704587859,992977,992977,0.0,1.0,tiingo_historical_seed,
2025-08-12,VLUE,114.89,116.585,114.835,116.51,112.7100228259,114.3728610945,112.6560664219,114.29928418,690729,690729,0.0,1.0,tiingo_historical_seed,
2025-08-13,VLUE,116.78,117.87,116.53,117.73,114.5641610724,115.6334788971,114.3189046906,115.4961353233,441673,441673,0.0,1.0,tiingo_historical_seed,
2025-08-14,VLUE,116.71,118.07,116.48,117.92,114.4954892855,115.8296840025,114.2698534142,115.6825301734,673473,673473,0.0,1.0,tiingo_historical_seed,
2025-08-15,VLUE,117.99,117.99,116.95,116.95,115.7512019603,115.7512019603,114.730935412,114.730935412,658319,658319,0.0,1.0,tiingo_historical_seed,
2025-08-18,VLUE,116.87,117.54,116.86,117.23,114.6524533698,115.3097404731,114.6426431145,115.0056225596,455789,455789,0.0,1.0,tiingo_historical_seed,
2025-08-19,VLUE,117.41,118.65,117.41,117.87,115.1822071545,116.3986788083,115.1822071545,115.6334788971,374611,374611,0.0,1.0,tiingo_historical_seed,
2025-08-20,VLUE,117.59,117.59,116.5,117.04,115.3587917494,115.3587917494,114.2894739247,114.8192277094,242331,242331,0.0,1.0,tiingo_historical_seed,
2025-08-21,VLUE,116.6,116.96,116.12,116.77,114.3875764775,114.7407456673,113.9166842244,114.5543508171,267365,267365,0.0,1.0,tiingo_historical_seed,
2025-08-22,VLUE,117.27,119.69,117.27,119.43,115.0448635807,117.4189453567,115.0448635807,117.1638787196,339068,339068,0.0,1.0,tiingo_historical_seed,
2025-08-25,VLUE,119.34,119.39,118.9,118.94,117.0755864221,117.1246376985,116.6439351901,116.6831762112,405195,405195,0.0,1.0,tiingo_historical_seed,
2025-08-26,VLUE,118.81,119.24,118.77,119.15,116.5556428927,116.9774838694,116.5164018716,116.8891915719,412734,412734,0.0,1.0,tiingo_historical_seed,
2025-08-27,VLUE,118.94,119.92,118.94,119.8,116.6831762112,117.6445812279,116.6831762112,117.5268581647,441611,441611,0.0,1.0,tiingo_historical_seed,
2025-08-28,VLUE,119.99,120.145,119.4,120.08,117.7132530148,117.8653119716,117.1344479538,117.8015453123,306635,306635,0.0,1.0,tiingo_historical_seed,
2025-08-29,VLUE,119.71,120.2199,119.35,119.68,117.4385658672,117.9387907836,117.0853966774,117.4091351014,238831,238831,0.0,1.0,tiingo_historical_seed,
2025-09-02,VLUE,118.33,119.07,117.9428,119.07,116.0847506396,116.8107095298,115.7048975555,116.8107095298,267907,267907,0.0,1.0,tiingo_historical_seed,
2025-09-03,VLUE,118.83,119.165,118.17,118.72,116.5752634032,116.9039069549,115.9277865552,116.4673505952,885932,885932,0.0,1.0,tiingo_historical_seed,
2025-09-04,VLUE,118.87,120.03,118.58,119.99,116.6145044243,117.7524940359,116.3300070214,117.7132530148,344145,344145,0.0,1.0,tiingo_historical_seed,
2025-09-05,VLUE,120.42,121.02,119.45,120.42,118.1350939916,118.7237093079,117.1834992301,118.1350939916,1039676,1039676,0.0,1.0,tiingo_historical_seed,
2025-09-08,VLUE,120.12,120.12,119.1,119.94,117.8407863334,117.8407863334,116.8401402956,117.6642017385,625524,625524,0.0,1.0,tiingo_historical_seed,
2025-09-09,VLUE,119.85,120.29,119.74,120.08,117.575909441,118.007560673,117.467996633,117.8015453123,512026,512026,0.0,1.0,tiingo_historical_seed,
2025-09-10,VLUE,120.28,120.64,119.65,120.39,117.9977504177,118.3509196076,117.3797043356,118.1056632257,252459,252459,0.0,1.0,tiingo_historical_seed,
2025-09-11,VLUE,120.89,122.51,120.85,122.26,118.5961759894,120.1854373435,118.5569349683,119.9401809617,229855,229855,0.0,1.0,tiingo_historical_seed,
2025-09-12,VLUE,122.16,122.41,121.57,121.65,119.842078409,120.0873347908,119.2632733479,119.3417553901,454680,454680,0.0,1.0,tiingo_historical_seed,
2025-09-15,VLUE,121.87,122.29,121.44,121.72,119.5575810061,119.9696117275,119.1357400294,119.410427177,225859,225859,0.0,1.0,tiingo_historical_seed,
2025-09-16,VLUE,121.16,121.51,120.5,121.1,119.5088740838,119.8541044067,118.8578683319,119.4496917427,303677,303677,0.660024,1.0,tiingo_historical_seed,
2025-09-17,VLUE,121.14,122.73,120.56,121.5,119.4891466367,121.0574786753,118.917050673,119.8442406832,556265,556265,0.0,1.0,tiingo_historical_seed,
2025-09-18,VLUE,123.5,124.32,123.06,123.99,121.8169853858,122.6258107139,121.3829815512,122.3003078379,6029518,6029518,0.0,1.0,tiingo_historical_seed,
2025-09-19,VLUE,123.9,123.9,122.89,123.09,122.2115343263,122.2115343263,121.2152982515,121.4125727218,249648,249648,0.0,1.0,tiingo_historical_seed,
2025-09-22,VLUE,122.79,123.27,122.66,123.05,121.1166610164,121.590119745,120.9884326107,121.3731178277,239262,239262,0.0,1.0,tiingo_historical_seed,
2025-09-23,VLUE,123.2,124.61,123.2,123.47,121.5210736804,122.9118586958,121.5210736804,121.7873942153,215870,215870,0.0,1.0,tiingo_historical_seed,
2025-09-24,VLUE,123.64,124.11,123.23,123.6,121.955077515,122.4186725201,121.550664851,121.9156226209,280892,280892,0.0,1.0,tiingo_historical_seed,
2025-09-25,VLUE,123.13,123.62,122.63,123.35,121.4520276158,121.935350068,120.9588414402,121.6690295331,490651,490651,0.0,1.0,tiingo_historical_seed,
2025-09-26,VLUE,123.85,124.87,123.8,124.63,122.1622157088,123.1683155071,122.1128970912,122.9315861428,455843,455843,0.0,1.0,tiingo_historical_seed,
2025-09-29,VLUE,125.09,125.09,124.42,124.85,123.3853174244,123.3853174244,122.724447949,123.1485880601,575084,575084,0.0,1.0,tiingo_historical_seed,
2025-09-30,VLUE,124.55,125.24,124.13,125.05,122.8526763547,123.5332732771,122.4383999671,123.3458625303,431089,431089,0.0,1.0,tiingo_historical_seed,
2025-10-01,VLUE,124.775,126.87,124.775,126.81,123.0746101337,125.1410602097,123.0746101337,125.0818778686,512148,512148,0.0,1.0,tiingo_historical_seed,
2025-10-02,VLUE,127.13,127.13,126.19,126.94,125.397517021,125.397517021,124.4703270108,125.2101062743,523452,523452,0.0,1.0,tiingo_historical_seed,
2025-10-03,VLUE,127.26,128.13,127.21,127.41,125.5257454267,126.3838893723,125.4764268091,125.6737012794,160232,160232,0.0,1.0,tiingo_historical_seed,
2025-10-06,VLUE,128.27,128.62,127.18,127.21,126.5219815015,126.8672118245,125.4468356386,125.4764268091,216212,216212,0.0,1.0,tiingo_historical_seed,
2025-10-07,VLUE,127.63,127.63,125.8,126.21,125.8907031967,125.8907031967,124.0856417938,124.4900544578,230193,230193,0.0,1.0,tiingo_historical_seed,
2025-10-08,VLUE,126.46,127.19,126.09,126.93,124.7366475457,125.4566993621,124.3716897757,125.2002425508,185251,185251,0.0,1.0,tiingo_historical_seed,
2025-10-09,VLUE,126.79,127.17,125.58,125.84,125.0621504216,125.4369719151,123.8686398765,124.1250966879,216774,216774,0.0,1.0,tiingo_historical_seed,
2025-10-10,VLUE,126.31,126.46,122.27,122.29,124.588691693,124.7366475457,120.6037473937,120.6234748407,708294,708294,0.0,1.0,tiingo_historical_seed,
2025-10-13,VLUE,123.62,124.53,123.6,124.11,121.935350068,122.8329489077,121.9156226209,122.4186725201,372877,372877,0.0,1.0,tiingo_historical_seed,
2025-10-14,VLUE,122.79,125.91,122.6643,125.06,121.1166610164,124.1941427524,120.9926740118,123.3557262538,698223,698223,0.0,1.0,tiingo_historical_seed,
2025-10-15,VLUE,126.23,126.72,124.92,126.37,124.5097819049,124.993104357,123.2176341247,124.647874034,304720,304720,0.0,1.0,tiingo_historical_seed,
2025-10-16,VLUE,126.63,126.91,124.7,125.32,124.9043308454,125.1805151038,123.0006322074,123.6121830652,428629,428629,0.0,1.0,tiingo_historical_seed,
2025-10-17,VLUE,125.09,126.24,124.95,125.875,123.3853174244,124.5196456284,123.2472252952,124.1596197202,417647,417647,0.0,1.0,tiingo_historical_seed,
2025-10-20,VLUE,126.85,127.46,126.85,127.25,125.1213327627,125.723019897,125.1213327627,125.5158817032,210458,210458,0.0,1.0,tiingo_historical_seed,
2025-10-21,VLUE,127.655,128.91,127.6268,128.45,125.9153625055,127.1532598064,125.8875468052,126.6995285248,201154,201154,0.0,1.0,tiingo_historical_seed,
2025-10-22,VLUE,128.19,128.31,126.45,127.42,126.4430717134,126.5614363956,124.7267838222,125.6835650029,383985,383985,0.0,1.0,tiingo_historical_seed,
2025-10-23,VLUE,127.42,128.32,127.37,128.24,125.6835650029,126.5713001191,125.6342463853,126.492390331,246654,246654,0.0,1.0,tiingo_historical_seed,
2025-10-24,VLUE,129.56,130.1412,129.56,129.83,127.7944018347,128.3676814453,127.7944018347,128.0607223696,552653,552653,0.0,1.0,tiingo_historical_seed,
2025-10-27,VLUE,130.64,131.175,130.37,130.88,128.8596839741,129.3873931821,128.5933634393,129.0964133384,232209,232209,0.0,1.0,tiingo_historical_seed,
2025-10-28,VLUE,130.47,131.33,130.0,130.79,128.6920006744,129.5402808965,128.2284056693,129.0076398268,329489,329489,0.0,1.0,tiingo_historical_seed,
2025-10-29,VLUE,131.2,131.73,130.01,130.3,129.4120524908,129.934829837,128.2382693928,128.5243173747,700816,700816,0.0,1.0,tiingo_historical_seed,
2025-10-30,VLUE,129.28,130.9,129.27,129.57,127.5182175763,129.1161407854,127.5083538528,127.8042655582,465252,465252,0.0,1.0,tiingo_historical_seed,
2025-10-31,VLUE,129.85,130.825,129.48,130.41,128.0804498166,129.0421628591,127.7154920466,128.6328183333,616690,616690,0.0,1.0,tiingo_historical_seed,
2025-11-03,VLUE,131.06,131.06,129.17,130.57,129.2739603617,129.2739603617,127.4097166177,128.7906379095,240712,240712,0.0,1.0,tiingo_historical_seed,
2025-11-04,VLUE,128.83,129.54,128.1,128.27,127.0743500183,127.7746743877,126.3542982018,126.5219815015,279369,279369,0.0,1.0,tiingo_historical_seed,
2025-11-05,VLUE,128.4,130.83,128.4,130.18,126.6502099072,129.0470947209,126.6502099072,128.4059526925,241032,241032,0.0,1.0,tiingo_historical_seed,
2025-11-06,VLUE,130.16,130.81,128.85,129.41,128.3862252455,129.0273672738,127.0940774653,127.646445982,427032,427032,0.0,1.0,tiingo_historical_seed,
2025-11-07,VLUE,128.91,130.28,128.13,130.28,127.1532598064,128.5045899276,126.3838893723,128.5045899276,387997,387997,0.0,1.0,tiingo_historical_seed,
2025-11-10,VLUE,131.45,131.88,130.385,131.47,129.6586455787,130.0827856897,128.6081590245,129.6783730257,531239,531239,0.0,1.0,tiingo_historical_seed,
2025-11-11,VLUE,131.07,132.01,130.76,131.47,129.2838240852,130.2110140954,128.9780486563,129.6783730257,498877,498877,0.0,1.0,tiingo_historical_seed,
2025-11-12,VLUE,131.72,133.05,131.72,132.67,129.9249661135,131.2368413407,129.9249661135,130.8620198473,325928,325928,0.0,1.0,tiingo_historical_seed,
2025-11-13,VLUE,132.67,133.01,130.335,130.74,130.8620198473,131.1973864467,128.558840407,128.9583212092,1082275,1082275,0.0,1.0,tiingo_historical_seed,
2025-11-14,VLUE,129.22,131.69,129.19,130.66,127.4590352353,129.895374943,127.4294440647,128.8794114211,702083,702083,0.0,1.0,tiingo_historical_seed,
2025-11-17,VLUE,130.23,130.95,127.83,128.4,128.4552713101,129.165459403,126.0879776669,126.6502099072,867498,867498,0.0,1.0,tiingo_historical_seed,
2025-11-18,VLUE,127.5,128.98,126.99,128.02,125.762474791,127.2223058709,125.2594248919,126.2753884137,472488,472488,0.0,1.0,tiingo_historical_seed,
2025-11-19,VLUE,127.89,129.05,127.31,127.82,126.147160008,127.2913519355,125.5750640443,126.0781139434,448001,448001,0.0,1.0,tiingo_historical_seed,
2025-11-20,VLUE,129.14,129.72,124.55,124.67,127.3801254472,127.9522214109,122.8526763547,122.9710410368,1734144,1734144,0.0,1.0,tiingo_historical_seed,
2025-11-21,VLUE,125.14,128.29,125.02,127.39,123.4346360419,126.5417089485,123.3162713598,125.6539738324,2200882,2200882,0.0,1.0,tiingo_historical_seed,
2025-11-24,VLUE,128.08,129.4699,128.0,128.97,126.3345707548,127.7055296858,126.2556609667,127.2124421474,356835,356835,0.0,1.0,tiingo_historical_seed,
2025-11-25,VLUE,129.05,131.12,129.05,130.84,127.2913519355,129.3331427027,127.2913519355,129.0569584444,351509,351509,0.0,1.0,tiingo_historical_seed,
2025-11-26,VLUE,131.2,132.709,131.2,132.05,129.4120524908,130.900488369,129.4120524908,130.2504689894,221485,221485,0.0,1.0,tiingo_historical_seed,
2025-11-28,VLUE,132.33,133.77,132.33,133.67,130.5266532478,131.9470294337,130.5266532478,131.8483921986,236494,236494,0.0,1.0,tiingo_historical_seed,
2025-12-01,VLUE,132.58,133.9846,132.58,133.24,130.7732463356,132.1587049403,130.7732463356,131.4242520875,210352,210352,0.0,1.0,tiingo_historical_seed,
2025-12-02,VLUE,133.7,134.3912,133.08,134.03,131.8779833691,132.5597639383,131.2664325113,132.203486245,610543,610543,0.0,1.0,tiingo_historical_seed,
2025-12-03,VLUE,134.06,135.4289,134.06,135.37,132.2330774156,133.5833225273,132.2330774156,133.5252251958,344022,344022,0.0,1.0,tiingo_historical_seed,
2025-12-04,VLUE,135.13,135.29,134.36,134.71,133.2884958315,133.4463154077,132.528989121,132.8742194439,385739,385739,0.0,1.0,tiingo_historical_seed,
2025-12-05,VLUE,134.745,136.23,134.745,135.31,132.9087424762,134.3735054179,132.9087424762,133.4660428547,201814,201814,0.0,1.0,tiingo_historical_seed,
2025-12-08,VLUE,135.82,135.88,134.95,135.29,133.9690927539,134.0282750949,133.1109488082,133.4463154077,265846,265846,0.0,1.0,tiingo_historical_seed,
2025-12-09,VLUE,135.08,136.12,135.08,135.49,133.2391772139,134.2650044592,133.2391772139,133.6435898779,290931,290931,0.0,1.0,tiingo_historical_seed,
2025-12-10,VLUE,135.42,138.48,135.2051,138.27,133.5745438133,136.5928432083,133.362572395,136.3857050145,470447,470447,0.0,1.0,tiingo_historical_seed,
2025-12-11,VLUE,137.93,138.61,137.58,138.58,136.0503384151,136.721071614,135.7051080921,136.6914804434,1008437,1008437,0.0,1.0,tiingo_historical_seed,
2025-12-12,VLUE,138.58,138.74,136.4407,136.78,136.6914804434,136.8493000197,134.5813340723,134.9160102111,327003,327003,0.0,1.0,tiingo_historical_seed,
2025-12-15,VLUE,137.43,137.88,136.75,136.97,135.5571522394,136.0010197975,134.8864190406,135.1034209578,447935,447935,0.0,1.0,tiingo_historical_seed,
2025-12-16,VLUE,136.07,136.3615,134.61,135.16,135.0229709485,135.3122279194,133.5742053309,134.1199732006,337747,337747,0.812965,1.0,tiingo_historical_seed,
2025-12-17,VLUE,135.45,135.775,133.92,134.04,134.4077417137,134.7302409093,132.8895147308,133.0085913569,408367,408367,0.0,1.0,tiingo_historical_seed,
2025-12-18,VLUE,135.88,136.51,134.96,135.13,134.8344329572,135.4595852442,133.9215121571,134.090204044,445261,445261,0.0,1.0,tiingo_historical_seed,
2025-12-19,VLUE,135.24,137.07,135.22,136.59,134.199357618,136.015276166,134.1795115136,135.5389696616,563993,563993,0.0,1.0,tiingo_historical_seed,
2025-12-22,VLUE,137.56,137.68,137.13,137.59,136.5015057226,136.6205823487,136.0748144791,136.5312748792,243567,243567,0.0,1.0,tiingo_historical_seed,
2025-12-23,VLUE,137.28,137.82,137.07,137.27,136.2236602617,136.7595050792,136.015276166,136.2137372095,255119,255119,0.0,1.0,tiingo_historical_seed,
2025-12-24,VLUE,137.25,138.28,137.25,138.2,136.1938911052,137.2159654792,136.1938911052,137.1365810618,109228,109228,0.0,1.0,tiingo_historical_seed,
2025-12-26,VLUE,138.33,138.33,137.82,138.26,137.2655807401,137.2655807401,136.7595050792,137.1961193749,397518,397518,0.0,1.0,tiingo_historical_seed,
2025-12-29,VLUE,137.66,138.43,137.65,138.14,136.6007362444,137.3648112619,136.5908131922,137.0770427488,171685,171685,0.0,1.0,tiingo_historical_seed,
2025-12-30,VLUE,138.4,138.505,137.94,137.97,137.3350421053,137.4392341532,136.8785817053,136.9083508618,653270,653270,0.0,1.0,tiingo_historical_seed,
2025-12-31,VLUE,138.05,138.05,136.66,136.73,136.9877352792,136.9877352792,135.6084310269,135.6778923921,484657,484657,0.0,1.0,tiingo_historical_seed,
2026-01-02,VLUE,137.73,139.65,137.52,139.35,136.6701976096,138.5754236273,136.4618135139,138.277732062,565190,565190,0.0,1.0,tiingo_historical_seed,
2026-01-05,VLUE,140.26,140.75,139.95,140.49,139.1807298099,139.6669593665,138.8731151925,139.40896001,612757,612757,0.0,1.0,tiingo_historical_seed,
2026-01-06,VLUE,140.76,143.22,140.73,143.08,139.6768824187,142.1179532538,139.6471132622,141.9790305234,579639,579639,0.0,1.0,tiingo_historical_seed,
2026-01-07,VLUE,142.89,143.12,141.48,141.73,141.790492532,142.0187227321,140.3913421753,140.6394184797,745152,745152,0.0,1.0,tiingo_historical_seed,
2026-01-08,VLUE,141.76,142.7,141.66,142.32,140.6691876362,141.6019545407,140.5699571145,141.224878558,655225,655225,0.0,1.0,tiingo_historical_seed,
2026-01-09,VLUE,142.92,144.415,142.74,144.24,141.8202616886,143.3037579888,141.6416467494,143.1301045757,629645,629645,0.0,1.0,tiingo_historical_seed,
2026-01-12,VLUE,143.39,143.85,143.03,143.7,142.2866451408,142.7431055409,141.9294152625,142.5942597582,550093,550093,0.0,1.0,tiingo_historical_seed,
2026-01-13,VLUE,144.01,144.28,143.18,143.67,142.9018743757,143.1697967844,142.0782610451,142.5644906017,2770402,2770402,0.0,1.0,tiingo_historical_seed,
2026-01-14,VLUE,143.47,144.02,142.95,143.69,142.3660295582,142.9117974278,141.8500308451,142.5843367061,4146338,4146338,0.0,1.0,tiingo_historical_seed,
2026-01-15,VLUE,144.99,145.41,144.43,144.51,143.8743334888,144.2911016802,143.318642567,143.3980269844,652757,652757,0.0,1.0,tiingo_historical_seed,
2026-01-16,VLUE,145.17,146.03,144.29,144.49,144.052948428,144.9063309151,143.1797198366,143.3781808801,536960,536960,0.0,1.0,tiingo_historical_seed,
2026-01-20,VLUE,142.93,144.495,142.42,142.84,141.8301847407,143.3831424062,141.3241090798,141.7408772712,1693098,1693098,0.0,1.0,tiingo_historical_seed,
2026-01-21,VLUE,144.1,147.14,144.1,146.58,142.9911818452,146.0077897065,142.9911818452,145.4520987847,2384597,2384597,0.0,1.0,tiingo_historical_seed,
2026-01-22,VLUE,147.49,147.87,146.53,147.33,146.3550965326,146.7321725153,145.4024835238,146.1963276978,668823,668823,0.0,1.0,tiingo_historical_seed,
2026-01-23,VLUE,145.75,145.845,144.37,145.05,144.6284854542,144.7227544498,143.259104254,143.9338718019,1264343,1264343,0.0,1.0,tiingo_historical_seed,
2026-01-26,VLUE,145.02,145.39,144.51,144.75,143.9041026454,144.2712555758,143.3980269844,143.6361802366,1148647,1148647,0.0,1.0,tiingo_historical_seed,
2026-01-27,VLUE,145.72,146.55,145.35,146.11,144.5987162976,145.4223296282,144.2315633671,144.9857153325,445135,445135,0.0,1.0,tiingo_historical_seed,
2026-01-28,VLUE,147.12,148.46,147.12,147.96,145.9879436022,147.3176325936,145.9879436022,146.8214799849,972437,972437,0.0,1.0,tiingo_historical_seed,
2026-01-29,VLUE,148.32,148.96,146.52,148.47,147.1787098632,147.8137852024,145.3925604716,147.3275556458,910701,910701,0.0,1.0,tiingo_historical_seed,
2026-01-30,VLUE,148.61,149.21,146.38,147.18,147.4664783763,148.0618615068,145.2536377412,146.0474819152,1210402,1210402,0.0,1.0,tiingo_historical_seed,
2026-02-02,VLUE,146.36,149.94,146.36,149.63,145.2337916368,148.7862443156,145.2337916368,148.4786296981,1353673,1353673,0.0,1.0,tiingo_historical_seed,
2026-02-03,VLUE,149.84,150.78,147.96,149.57,148.6870137938,149.6197806983,146.8214799849,148.4190913851,1390875,1390875,0.0,1.0,tiingo_historical_seed,
2026-02-04,VLUE,149.77,150.995,147.76,149.13,148.6175524286,149.8331263201,146.6230189414,147.9824770894,2250116,2250116,0.0,1.0,tiingo_historical_seed,
2026-02-05,VLUE,147.88,149.64,147.15,148.15,146.7420955675,148.4885527503,146.0177127587,147.0100179762,2764510,2764510,0.0,1.0,tiingo_historical_seed,
2026-02-06,VLUE,149.0,152.1,148.995,151.88,147.8534774111,150.9296235854,147.848515885,150.7113164376,993788,993788,0.0,1.0,tiingo_historical_seed,
2026-02-09,VLUE,150.82,151.93,149.84,151.33,149.659472907,150.7609316984,148.6870137938,150.1655485679,1195578,1195578,0.0,1.0,tiingo_historical_seed,
2026-02-10,VLUE,151.17,151.82,150.69,150.81,150.0067797331,150.6517781245,149.5304732287,149.6495498548,609292,609292,0.0,1.0,tiingo_historical_seed,
2026-02-11,VLUE,152.29,153.19,151.37,152.9,151.1181615768,152.0112362725,150.2052407766,151.7234677594,1305597,1305597,0.0,1.0,tiingo_historical_seed,
2026-02-12,VLUE,152.8,154.31,149.71,149.87,151.6242372377,153.1226181162,148.5580141155,148.7167829504,1434333,1434333,0.0,1.0,tiingo_historical_seed,
2026-02-13,VLUE,149.7,152.52,149.01,151.56,148.5480910634,151.3463917768,147.8634004633,150.393778768,1233973,1233973,0.0,1.0,tiingo_historical_seed,
2026-02-17,VLUE,151.06,151.91,149.72,150.85,149.8976261592,150.7410855941,148.5679371677,149.6892420635,1063053,1063053,0.0,1.0,tiingo_historical_seed,
2026-02-18,VLUE,151.04,153.1423,150.42,152.3,149.8777800549,151.9639033137,149.26255082,151.1280846289,1289401,1289401,0.0,1.0,tiingo_historical_seed,
2026-02-19,VLUE,151.66,151.815,150.65,151.38,150.4930092897,150.6468165984,149.49078102,150.2151638288,976990,976990,0.0,1.0,tiingo_historical_seed,
2026-02-20,VLUE,150.91,152.49,150.75,152.42,149.7487803766,151.3166226203,149.5900115418,151.247161255,898449,898449,0.0,1.0,tiingo_historical_seed,
2026-02-23,VLUE,151.61,152.51,149.495,150.24,150.4433940288,151.3364687246,148.3446684938,149.0839358808,719496,719496,0.0,1.0,tiingo_historical_seed,
2026-02-24,VLUE,150.46,151.85,150.46,151.15,149.3022430287,150.681547281,149.3022430287,149.9869336288,1326418,1326418,0.0,1.0,tiingo_historical_seed,
2026-02-25,VLUE,151.76,152.29,151.16,151.99,150.5922398115,151.1181615768,149.996856681,150.8204700115,652754,652754,0.0,1.0,tiingo_historical_seed,
2026-02-26,VLUE,152.08,152.89,149.97,151.12,150.9097774811,151.7135447073,148.8160134721,149.9571644723,624096,624096,0.0,1.0,tiingo_historical_seed,
2026-02-27,VLUE,149.57,150.825,149.44,150.79,148.4190913851,149.6644344331,148.2900917068,149.6297037505,728147,728147,0.0,1.0,tiingo_historical_seed,
2026-03-02,VLUE,148.89,150.48,148.405,150.29,147.7443238372,149.322089133,147.2630558067,149.1335511417,1934930,1934930,0.0,1.0,tiingo_historical_seed,
2026-03-03,VLUE,146.63,148.0,144.65,147.1,145.5017140456,146.8611721936,143.5369497149,145.9680974978,5852596,5852596,0.0,1.0,tiingo_historical_seed,
2026-03-04,VLUE,148.08,149.76,147.41,149.26,146.940556611,148.6076293764,146.2757121152,148.1114767677,1595555,1595555,0.0,1.0,tiingo_historical_seed,
2026-03-05,VLUE,148.42,149.29,146.22,147.63,147.2779403849,148.1412459242,145.0948689064,146.4940192631,3786979,3786979,0.0,1.0,tiingo_historical_seed,
2026-03-06,VLUE,145.08,145.66,144.07,144.56,143.9636409584,144.5391779846,142.9614126887,143.4476422453,1736901,1736901,0.0,1.0,tiingo_historical_seed,
2026-03-09,VLUE,142.65,145.75,140.93,145.34,141.5523392798,144.6284854542,139.8455743057,144.221640315,2736280,2736280,0.0,1.0,tiingo_historical_seed,
2026-03-10,VLUE,145.49,148.0,145.45,145.72,144.3704860976,146.8611721936,144.3307938889,144.5987162976,2129852,2129852,0.0,1.0,tiingo_historical_seed,
2026-03-11,VLUE,145.96,147.108,145.675,146.37,144.8368695498,145.9760359395,144.5540625628,145.243714689,1456315,1456315,0.0,1.0,tiingo_historical_seed,
2026-03-12,VLUE,145.12,145.12,143.72,143.79,144.0033331671,144.0033331671,142.6141058626,142.6835672278,2285857,2285857,0.0,1.0,tiingo_historical_seed,
2026-03-13,VLUE,144.99,146.215,144.43,144.69,143.8743334888,145.0899073803,143.318642567,143.5766419236,1936565,1936565,0.0,1.0,tiingo_historical_seed,
2026-03-16,VLUE,146.56,147.555,145.95,146.185,145.4322526803,146.4195963718,144.8269464977,145.0601382238,1430061,1430061,0.0,1.0,tiingo_historical_seed,
2026-03-17,VLUE,146.83,147.48,146.57,147.01,146.325840442,146.973608584,146.0667331852,146.505222389,610661,610661,0.63129,1.0,tiingo_historical_seed,
2026-03-18,VLUE,146.81,147.08,145.455,145.48,146.3059091145,146.5749820351,144.9555616801,144.9804758394,1455448,1455448,0.0,1.0,tiingo_historical_seed,
2026-03-19,VLUE,143.07,146.37,142.87,145.36,142.5787508822,145.8674199107,142.3794376078,144.8608878747,1471581,1471581,0.0,1.0,tiingo_historical_seed,
2026-03-20,VLUE,145.7,145.8,142.2,143.1,145.1997204413,145.2993770785,141.7117381383,142.6086478734,1426586,1426586,0.0,1.0,tiingo_historical_seed,
2026-03-23,VLUE,145.08,146.01,143.305,143.8,144.5818492905,145.5086560167,142.8129439797,143.306244334,1286539,1286539,0.0,1.0,tiingo_historical_seed,
2026-03-24,VLUE,142.97,145.33,142.81,144.91,142.479094245,144.8309908836,142.3196436254,144.4124330072,501858,501858,0.0,1.0,tiingo_historical_seed,
2026-03-25,VLUE,145.46,146.21,144.55,145.56,144.960544512,145.7079692912,144.0536691132,145.0602011492,907344,907344,0.0,1.0,tiingo_historical_seed,
2026-03-26,VLUE,144.16,145.06,142.84,142.9,143.665008228,144.5619179631,142.3495406166,142.4093345989,546116,546116,0.0,1.0,tiingo_historical_seed,
2026-03-27,VLUE,142.47,143.04,140.79,141.08,141.9808110588,142.548853891,140.3065795534,140.5955838014,566942,566942,0.0,1.0,tiingo_historical_seed,
2026-03-30,VLUE,142.38,142.445,137.85,138.48,141.8911200853,141.9558968995,137.3766744189,138.0045112334,619680,619680,0.0,1.0,tiingo_historical_seed,
2026-03-31,VLUE,139.67,142.29,139.26,142.19,139.1904252165,141.8014291118,138.7818330038,141.7017724746,2363126,2363126,0.0,1.0,tiingo_historical_seed,
2026-04-01,VLUE,143.6,145.63,143.25,144.76,143.1069310595,145.1299607953,142.7581328292,144.2629480514,1393743,1393743,0.0,1.0,tiingo_historical_seed,
2026-04-02,VLUE,142.045,145.52,142.02,145.22,141.5572703506,145.0203384943,141.5323561913,144.7213685826,678792,678792,0.0,1.0,tiingo_historical_seed,
2026-04-06,VLUE,145.55,146.66,145.52,146.25,145.0502354855,146.1564241587,145.0203384943,145.7478319461,597414,597414,0.0,1.0,tiingo_historical_seed,
2026-04-07,VLUE,145.77,146.56,144.91,146.31,145.2694800874,146.0567675215,144.4124330072,145.8076259284,984902,984902,0.0,1.0,tiingo_historical_seed,
2026-04-08,VLUE,150.54,151.7,149.74,151.65,150.0231016832,151.179118675,149.2258485853,151.1292903564,1519532,1519532,0.0,1.0,tiingo_historical_seed,
2026-04-09,VLUE,151.36,153.09,150.93,152.83,150.8402861084,152.5643459325,150.4117625683,152.3052386757,715058,715058,0.0,1.0,tiingo_historical_seed,
2026-04-10,VLUE,153.04,153.08,151.97,152.14,152.5145176139,152.5543802687,151.4481915955,151.6176078788,627669,627669,0.0,1.0,tiingo_historical_seed,
2026-04-13,VLUE,151.51,153.48,151.1,153.46,150.9897710643,152.9530068177,150.5811788516,152.9330754902,489883,489883,0.0,1.0,tiingo_historical_seed,
2026-04-14,VLUE,153.83,155.015,152.62,155.015,153.301805048,154.4827361991,152.0959597375,154.4827361991,569162,569162,0.0,1.0,tiingo_historical_seed,
2026-04-15,VLUE,154.57,155.055,153.17,154.47,154.0392641634,154.522598854,152.6440712423,153.9396075262,3388076,3388076,0.0,1.0,tiingo_historical_seed,
2026-04-16,VLUE,154.5,156.35,154.19,156.28,153.9695045174,155.8131523061,153.660568942,155.74339266,474593,474593,0.0,1.0,tiingo_historical_seed,
2026-04-17,VLUE,157.35,158.855,157.16,158.22,156.8097186784,158.3095510687,156.6203710677,157.6767314223,826563,826563,0.0,1.0,tiingo_historical_seed,
2026-04-20,VLUE,157.98,158.56,157.66,158.11,157.4375554929,158.0155639888,157.1186542538,157.5671091213,463109,463109,0.0,1.0,tiingo_historical_seed,
2026-04-21,VLUE,158.94,159.53,157.88,158.23,158.3942592103,158.98223337,157.3378988557,157.686697086,570872,570872,0.0,1.0,tiingo_historical_seed,
2026-04-22,VLUE,159.23,160.01,158.615,159.11,158.6832634583,159.4605852287,158.0703751393,158.5636754936,428803,428803,0.0,1.0,tiingo_historical_seed,
2026-04-23,VLUE,159.3,160.97,158.48,159.91,158.7530231043,160.417288946,157.9358386791,159.3609285914,808216,808216,0.0,1.0,tiingo_historical_seed,
2026-04-24,VLUE,163.25,163.85,161.88,162.33,162.6894602748,163.2874000982,161.3241643448,161.7726192123,2559532,2559532,0.0,1.0,tiingo_historical_seed,
2026-04-27,VLUE,163.21,164.65,162.79,163.53,162.64959762,164.084653196,162.2310397436,162.9684988591,959059,959059,0.0,1.0,tiingo_historical_seed,
2026-04-28,VLUE,161.84,162.94,160.395,162.11,161.2843016899,162.3805246994,159.844263282,161.5533746104,691379,691379,0.0,1.0,tiingo_historical_seed,
2026-04-29,VLUE,163.66,164.97,163.33,164.97,163.0980524875,164.4035544352,162.7691855846,164.4035544352,578575,578575,0.0,1.0,tiingo_historical_seed,
2026-04-30,VLUE,165.89,167.29,165.11,167.07,165.3203954977,166.7155884189,164.5430737273,166.496343817,759998,759998,0.0,1.0,tiingo_historical_seed,
2026-05-01,VLUE,166.83,169.2,166.74,168.31,166.2571678876,168.6190301899,166.1674769141,167.7320861186,729832,729832,0.0,1.0,tiingo_historical_seed,
2026-05-04,VLUE,168.69,169.96,167.79,167.96,168.11078134,169.3764206328,167.213871605,167.3832878883,2616881,2616881,0.0,1.0,tiingo_historical_seed,
2026-05-05,VLUE,170.46,174.58,170.46,173.91,169.874703819,173.9805572728,169.874703819,173.3128578034,843309,843309,0.0,1.0,tiingo_historical_seed,
2026-05-06,VLUE,176.43,177.41,174.19,177.36,175.8242050615,176.8008401063,173.5918963876,176.7510117877,877831,877831,0.0,1.0,tiingo_historical_seed,
2026-05-07,VLUE,176.37,177.13,173.93,174.81,175.7644110792,176.5218015221,173.3327891308,174.2097675384,1354549,1354549,0.0,1.0,tiingo_historical_seed,
2026-05-08,VLUE,177.11,183.01,177.11,182.59,176.5018701947,182.3816117911,176.5018701947,181.9630539148,1004379,1004379,0.0,1.0,tiingo_historical_seed,
2026-05-11,VLUE,185.75,186.945,183.825,185.19,185.1122036512,186.303100466,183.1938133845,184.5541264827,1529439,1529439,0.0,1.0,tiingo_historical_seed,
2026-05-12,VLUE,183.29,183.435,178.34,182.23,182.6606503753,182.8051524993,177.7276468326,181.6042900207,2646756,2646756,0.0,1.0,tiingo_historical_seed,
2026-05-13,VLUE,184.29,184.695,182.135,183.86,183.6572167476,184.0608261284,181.5096162154,183.2286932075,603389,603389,0.0,1.0,tiingo_historical_seed,
2026-05-14,VLUE,184.18,185.83,183.8027,184.16,183.5475944467,185.1919289609,183.1715899544,183.5276631192,551964,551964,0.0,1.0,tiingo_historical_seed,
2026-05-15,VLUE,180.96,181.33,179.51,179.78,180.3386507279,180.7073802857,178.8936294881,179.1627024086,1115431,1115431,0.0,1.0,tiingo_historical_seed,
2026-05-18,VLUE,182.03,182.19,176.39,178.07,181.4049767463,181.5644273658,175.7843424066,177.458573912,1461254,1461254,0.0,1.0,tiingo_historical_seed,
2026-05-19,VLUE,176.32,180.17,174.79,178.29,175.7145827606,179.5513632938,174.189836211,177.6778185139,1202323,1202323,0.0,1.0,tiingo_historical_seed,
2026-05-20,VLUE,181.1,182.69,180.19,182.69,180.4781700201,182.062710552,179.5712946213,182.062710552,880898,880898,0.0,1.0,tiingo_historical_seed,
2026-05-21,VLUE,181.63,185.04,181.07,184.92,181.0063501974,184.4046415268,180.4482730289,184.2850535622,720126,720126,0.0,1.0,tiingo_historical_seed,
2026-05-22,VLUE,186.05,188.82,185.82,187.33,185.4111735628,188.1716624141,185.1819632972,186.6867785194,569926,569926,0.0,1.0,tiingo_historical_seed,
2026-05-26,VLUE,191.15,195.25,190.49,194.55,190.4936620615,194.5795841878,189.8359282558,193.8819877272,1140476,1140476,0.0,1.0,tiingo_historical_seed,
2026-05-27,VLUE,197.04,197.07,193.723,195.61,196.3634379942,196.3933349854,193.0578273374,194.9383480818,664358,664358,0.0,1.0,tiingo_historical_seed,
2026-05-28,VLUE,195.815,197.35,193.78,195.95,195.1426441882,196.6723735696,193.1146316206,195.2771806484,608104,608104,0.0,1.0,tiingo_historical_seed,
2026-05-29,VLUE,199.03,199.74,197.65,198.12,198.346605075,199.0541671994,196.9713434813,197.4397296763,544147,544147,0.0,1.0,tiingo_historical_seed,
2026-06-01,VLUE,199.2,202.26,199.16,201.48,198.5160213583,201.5655144575,198.4761587034,200.7881926871,3497594,3497594,0.0,1.0,tiingo_historical_seed,
2026-06-02,VLUE,202.96,204.35,201.55,203.7,202.2631109181,203.6483381756,200.8579523332,203.0005700336,478829,478829,0.0,1.0,tiingo_historical_seed,
2026-06-03,VLUE,203.32,203.59,201.43,202.85,202.6218748121,202.8909477326,200.7383643685,202.1534886172,594605,594605,0.0,1.0,tiingo_historical_seed,
2026-06-04,VLUE,200.61,201.8,199.37,200.24,199.9211799433,201.1070939263,198.6854376416,199.5524503855,752879,752879,0.0,1.0,tiingo_historical_seed,
2026-06-05,VLUE,197.4,197.9,191.63,191.92,196.7222018882,197.2204850744,190.9720139202,191.2610181681,1065135,1065135,0.0,1.0,tiingo_historical_seed,
2026-06-08,VLUE,195.59,197.28,194.585,195.57,194.9184167544,196.6026139236,193.9168675503,194.898485427,777480,777480,0.0,1.0,tiingo_historical_seed,
2026-06-09,VLUE,197.535,198.09,188.86,194.81,196.8567383485,197.4098326851,188.211525069,194.141094984,1502137,1502137,0.0,1.0,tiingo_historical_seed,
2026-06-10,VLUE,192.79,195.43,190.33,190.61,192.128030912,194.7589661348,189.6764776362,189.9555162204,1172175,1172175,0.0,1.0,tiingo_historical_seed,
2026-06-11,VLUE,191.24,197.79,191.03,197.58,190.583353035,197.1108627734,190.3740740968,196.9015838352,1219673,1219673,0.0,1.0,tiingo_historical_seed,
2026-06-12,VLUE,197.05,199.73,196.44,198.38,196.3734036579,199.0442015356,195.7654981708,197.6988369331,851037,851037,0.0,1.0,tiingo_historical_seed,
2026-06-15,VLUE,202.16,203.1,201.62,202.34,202.16,203.1,201.62,202.34,775591,775591,0.697154,1.0,tiingo_historical_seed,
2026-06-16,VLUE,203.02,203.86,198.55,198.66,203.02,203.86,198.55,198.66,712382,712382,0.0,1.0,tiingo_historical_seed,
2026-06-17,VLUE,200.46,200.5725,196.25,196.43,200.46,200.5725,196.25,196.43,1339802,1339802,0.0,1.0,tiingo_historical_seed,
2026-06-18,VLUE,200.16,201.24,199.01,199.92,200.16,201.24,199.01,199.92,672175,672175,0.0,1.0,tiingo_historical_seed,
2026-06-22,VLUE,203.31,204.51,202.83,204.17,203.31,204.51,202.83,204.17,10961774,10961774,0.0,1.0,tiingo_historical_seed,
2026-06-24,VLUE,198.14,198.47,193.99,196.64,198.14,198.47,193.99,196.64,1099620,1099620,0.0,1.0,tiingo,2026-06-24T23:30:01.663646+00:00
