date,ticker,open,high,low,close,adjOpen,adjHigh,adjLow,adjClose,adjVolume,volume,divCash,splitFactor,source,fetch_timestamp
2010-01-04,XLI,28.09,28.32,27.96,28.32,20.6985323671,20.8680112722,20.6027399425,20.8680112722,7471500,7471500,0.0,1.0,tiingo_historical_seed,
2010-01-05,XLI,28.28,28.45,28.18,28.42,20.83853668,20.9638036968,20.7648501995,20.9416977527,8256700,8256700,0.0,1.0,tiingo_historical_seed,
2010-01-06,XLI,28.35,28.51,28.34,28.48,20.8901172164,21.0080155851,20.8827485683,20.985909641,5356700,5356700,0.0,1.0,tiingo_historical_seed,
2010-01-07,XLI,28.43,28.83,28.33,28.79,20.9490664007,21.2438123227,20.8753799203,21.2143377305,12118200,12118200,0.0,1.0,tiingo_historical_seed,
2010-01-08,XLI,28.8,29.26,28.78,29.25,21.2217063785,21.5606641887,21.2069690824,21.5532955407,8065000,8065000,0.0,1.0,tiingo_historical_seed,
2010-01-11,XLI,29.45,29.61,29.301,29.57,21.7006685016,21.8185668704,21.5908756457,21.7890922782,11895500,11895500,0.0,1.0,tiingo_historical_seed,
2010-01-12,XLI,29.32,29.41,29.12,29.33,21.604876077,21.6711939094,21.4575031161,21.6122447251,12020700,12020700,0.0,1.0,tiingo_historical_seed,
2010-01-13,XLI,29.28,29.505,29.17,29.45,21.5754014848,21.7411960659,21.4943463563,21.7006685016,10978200,10978200,0.0,1.0,tiingo_historical_seed,
2010-01-14,XLI,29.41,29.47,29.33,29.45,21.6711939094,21.7154057977,21.6122447251,21.7006685016,4762700,4762700,0.0,1.0,tiingo_historical_seed,
2010-01-15,XLI,29.35,29.44,28.99,29.07,21.6269820212,21.6932998536,21.3617106914,21.4206598758,7251000,7251000,0.0,1.0,tiingo_historical_seed,
2010-01-19,XLI,29.17,29.425,29.035,29.39,21.4943463563,21.6822468815,21.3948696076,21.6564566134,11941300,11941300,0.0,1.0,tiingo_historical_seed,
2010-01-20,XLI,29.07,29.13,28.67,28.94,21.4206598758,21.4648717641,21.1259139539,21.3248674512,9810400,9810400,0.0,1.0,tiingo_historical_seed,
2010-01-21,XLI,28.92,29.05,28.25,28.27,21.3101301551,21.4059225797,20.8164307359,20.831168032,17492900,17492900,0.0,1.0,tiingo_historical_seed,
2010-01-22,XLI,28.3,28.46,27.83,27.84,20.8532739761,20.9711723449,20.5069475178,20.5143161659,16216200,16216200,0.0,1.0,tiingo_historical_seed,
2010-01-25,XLI,28.17,28.21,27.855,28.02,20.7574815515,20.7869561437,20.525369138,20.6469518308,12695500,12695500,0.0,1.0,tiingo_historical_seed,
2010-01-26,XLI,27.86,28.18,27.75,27.9,20.529053462,20.7648501995,20.4479983335,20.5585280542,12708200,12708200,0.0,1.0,tiingo_historical_seed,
2010-01-27,XLI,27.8,28.04,27.52,27.98,20.4848415737,20.6616891269,20.2785194284,20.6174772386,22437800,22437800,0.0,1.0,tiingo_historical_seed,
2010-01-28,XLI,28.02,28.15,27.401,27.66,20.6469518308,20.7427442554,20.1908325166,20.381680501,21371000,21371000,0.0,1.0,tiingo_historical_seed,
2010-01-29,XLI,27.71,27.975,27.31,27.38,20.4185237413,20.6137929145,20.1237778193,20.1753583557,17136200,17136200,0.0,1.0,tiingo_historical_seed,
2010-02-01,XLI,27.69,27.8,27.5,27.79,20.4037864452,20.4848415737,20.2637821323,20.4774729257,16144100,16144100,0.0,1.0,tiingo_historical_seed,
2010-02-02,XLI,27.95,28.37,27.89,28.32,20.5953712944,20.9048545124,20.5511594061,20.8680112722,20403200,20403200,0.0,1.0,tiingo_historical_seed,
2010-02-03,XLI,28.24,28.41,28.08,28.15,20.8090620878,20.9343291046,20.6911637191,20.7427442554,13675400,13675400,0.0,1.0,tiingo_historical_seed,
2010-02-04,XLI,27.96,28.01,27.32,27.32,20.6027399425,20.6395831827,20.1311464674,20.1311464674,20628100,20628100,0.0,1.0,tiingo_historical_seed,
2010-02-05,XLI,27.38,27.5295,26.66,27.2,20.1753583557,20.285519644,19.6448156962,20.0427226908,30821300,30821300,0.0,1.0,tiingo_historical_seed,
2010-02-08,XLI,27.27,27.32,26.9,26.9,20.0943032272,20.1311464674,19.8216632494,19.8216632494,17888900,17888900,0.0,1.0,tiingo_historical_seed,
2010-02-09,XLI,27.2,27.67,27.11,27.42,20.0427226908,20.3890491491,19.9764048584,20.2048329479,22723500,22723500,0.0,1.0,tiingo_historical_seed,
2010-02-10,XLI,27.44,27.51,27.125,27.38,20.219570244,20.2711507803,19.9874578305,20.1753583557,12709800,12709800,0.0,1.0,tiingo_historical_seed,
2010-02-11,XLI,27.35,27.82,27.2,27.79,20.1532524115,20.4995788698,20.0427226908,20.4774729257,11507900,11507900,0.0,1.0,tiingo_historical_seed,
2010-02-12,XLI,27.42,27.67,27.28,27.57,20.2048329479,20.3890491491,20.1016718752,20.3153626686,16638900,16638900,0.0,1.0,tiingo_historical_seed,
2010-02-16,XLI,27.86,28.25,27.785,28.22,20.529053462,20.8164307359,20.4737886016,20.7943247917,10497000,10497000,0.0,1.0,tiingo_historical_seed,
2010-02-17,XLI,28.43,28.49,28.25,28.46,20.9490664007,20.993278289,20.8164307359,20.9711723449,14974300,14974300,0.0,1.0,tiingo_historical_seed,
2010-02-18,XLI,28.29,28.77,28.29,28.72,20.8459053281,21.1996004344,20.8459053281,21.1627571941,7602300,7602300,0.0,1.0,tiingo_historical_seed,
2010-02-19,XLI,28.68,29.0,28.59,28.86,21.1332826019,21.3690793395,21.0669647695,21.2659182668,12076500,12076500,0.0,1.0,tiingo_historical_seed,
2010-02-22,XLI,29.0,29.02,28.81,28.88,21.3690793395,21.3838166356,21.2290750266,21.2806555629,7382700,7382700,0.0,1.0,tiingo_historical_seed,
2010-02-23,XLI,28.81,28.99,28.4299,28.51,21.2290750266,21.3617106914,20.9489927143,21.0080155851,16110200,16110200,0.0,1.0,tiingo_historical_seed,
2010-02-24,XLI,28.61,28.86,28.51,28.8,21.0817020656,21.2659182668,21.0080155851,21.2217063785,9011200,9011200,0.0,1.0,tiingo_historical_seed,
2010-02-25,XLI,28.28,28.79,28.15,28.73,20.83853668,21.2143377305,20.7427442554,21.1701258422,12357000,12357000,0.0,1.0,tiingo_historical_seed,
2010-02-26,XLI,28.69,28.93,28.58,28.84,21.14065125,21.3174988031,21.0595961215,21.2511809707,9004200,9004200,0.0,1.0,tiingo_historical_seed,
2010-03-01,XLI,28.96,29.26,28.85,29.22,21.3396047473,21.5606641887,21.2585496188,21.5311895965,11493900,11493900,0.0,1.0,tiingo_historical_seed,
2010-03-02,XLI,29.35,29.41,29.22,29.27,21.6269820212,21.6711939094,21.5311895965,21.5680328368,7327500,7327500,0.0,1.0,tiingo_historical_seed,
2010-03-03,XLI,29.37,29.6,29.24,29.31,21.6417193173,21.8111982224,21.5459268926,21.597507429,5641200,5641200,0.0,1.0,tiingo_historical_seed,
2010-03-04,XLI,29.4,29.489,29.25,29.45,21.6638252614,21.729406229,21.5532955407,21.7006685016,7479600,7479600,0.0,1.0,tiingo_historical_seed,
2010-03-05,XLI,29.65,29.91,29.6,29.9,21.8480414626,22.0396263119,21.8111982224,22.0322576638,9905300,9905300,0.0,1.0,tiingo_historical_seed,
2010-03-08,XLI,29.95,29.98,29.72,29.76,22.069100904,22.0912068482,21.8996219989,21.9290965911,6773200,6773200,0.0,1.0,tiingo_historical_seed,
2010-03-09,XLI,29.69,30.085,29.62,30.0,21.8775160548,22.1685776527,21.8259355185,22.1059441443,7609900,7609900,0.0,1.0,tiingo_historical_seed,
2010-03-10,XLI,30.0,30.18,29.89,30.06,22.1059441443,22.2385798092,22.0248890158,22.1501560326,7923000,7923000,0.0,1.0,tiingo_historical_seed,
2010-03-11,XLI,29.97,30.18,29.79,30.17,22.0838382001,22.2385798092,21.9512025353,22.2312111611,7902700,7902700,0.0,1.0,tiingo_historical_seed,
2010-03-12,XLI,30.3,30.37,30.04,30.37,22.3270035857,22.3785841221,22.1354187365,22.3785841221,9897200,9897200,0.0,1.0,tiingo_historical_seed,
2010-03-15,XLI,30.27,30.44,30.115,30.37,22.3048976416,22.4301646584,22.1906835968,22.3785841221,13020600,13020600,0.0,1.0,tiingo_historical_seed,
2010-03-16,XLI,30.39,30.78,30.39,30.78,22.3933214182,22.680698692,22.3933214182,22.680698692,14118500,14118500,0.0,1.0,tiingo_historical_seed,
2010-03-17,XLI,30.87,30.97,30.73,30.83,22.7470165245,22.820703005,22.6438554518,22.7175419323,10825000,10825000,0.0,1.0,tiingo_historical_seed,
2010-03-18,XLI,30.83,30.83,30.83,30.83,22.7175419323,22.7175419323,22.7175419323,22.7175419323,10298400,10298400,0.0,1.0,tiingo_historical_seed,
2010-03-19,XLI,31.09,31.12,30.69,30.81,22.9882268434,23.0104091144,22.6924632301,22.7811923141,8777765,8777765,0.10638,1.0,tiingo_historical_seed,
2010-03-22,XLI,30.58,30.95,30.56,30.9,22.6111282365,22.8847095788,22.5963400558,22.8477391271,6434400,6434400,0.0,1.0,tiingo_historical_seed,
2010-03-23,XLI,30.98,31.25,30.91,31.25,22.9068918498,23.1065322887,22.8551332174,23.1065322887,8871300,8871300,0.0,1.0,tiingo_historical_seed,
2010-03-24,XLI,31.14,31.27,30.97,31.03,23.0251972951,23.1213204694,22.8994977594,22.9438623014,8390200,8390200,0.0,1.0,tiingo_historical_seed,
2010-03-25,XLI,31.32,31.42,30.95,31.01,23.1582909211,23.2322318244,22.8847095788,22.9290741208,10004200,10004200,0.0,1.0,tiingo_historical_seed,
2010-03-26,XLI,31.11,31.28,30.92,31.09,23.0030150241,23.1287145597,22.8625273078,22.9882268434,13362400,13362400,0.0,1.0,tiingo_historical_seed,
2010-03-29,XLI,31.28,31.41,31.19,31.37,23.1287145597,23.2248377341,23.0621677467,23.1952613727,17198200,17198200,0.0,1.0,tiingo_historical_seed,
2010-03-30,XLI,31.45,31.59,31.29,31.42,23.2544140954,23.35793136,23.1361086501,23.2322318244,10610500,10610500,0.0,1.0,tiingo_historical_seed,
2010-03-31,XLI,31.37,31.43,31.15,31.24,23.1952613727,23.2396259147,23.0325913854,23.0991381984,11457200,11457200,0.0,1.0,tiingo_historical_seed,
2010-04-01,XLI,31.51,31.59,31.205,31.44,23.2987786374,23.35793136,23.0732588822,23.2470200051,12537700,12537700,0.0,1.0,tiingo_historical_seed,
2010-04-05,XLI,31.57,31.745,31.4496,31.67,23.3431431794,23.4725397602,23.2541183318,23.4170840827,11007700,11007700,0.0,1.0,tiingo_historical_seed,
2010-04-06,XLI,31.61,31.73,31.51,31.68,23.3727195407,23.4614486247,23.2987786374,23.424478173,9108500,9108500,0.0,1.0,tiingo_historical_seed,
2010-04-07,XLI,31.6,31.67,31.34,31.5,23.3653254504,23.4170840827,23.1730791017,23.2913845471,10235200,10235200,0.0,1.0,tiingo_historical_seed,
2010-04-08,XLI,31.38,31.66,31.27,31.6025,23.2026554631,23.4096899924,23.1213204694,23.367173973,9100600,9100600,0.0,1.0,tiingo_historical_seed,
2010-04-09,XLI,31.69,31.79,31.59,31.78,23.4318722634,23.5058131667,23.35793136,23.4984190764,6284600,6284600,0.0,1.0,tiingo_historical_seed,
2010-04-12,XLI,31.79,31.965,31.79,31.85,23.5058131667,23.6352097475,23.5058131667,23.5501777087,6771300,6771300,0.0,1.0,tiingo_historical_seed,
2010-04-13,XLI,31.77,31.98,31.65,31.9,23.491024986,23.646300883,23.402295902,23.5871481603,8688200,8688200,0.0,1.0,tiingo_historical_seed,
2010-04-14,XLI,32.08,32.34,31.98,32.31,23.7202417863,23.912488135,23.646300883,23.890305864,13028000,13028000,0.0,1.0,tiingo_historical_seed,
2010-04-15,XLI,32.29,32.69,32.26,32.62,23.8755176833,24.1712812966,23.8533354123,24.1195226643,6788800,6788800,0.0,1.0,tiingo_historical_seed,
2010-04-16,XLI,32.5,32.58,31.82,32.09,24.0307935803,24.089946303,23.5279954377,23.7276358767,26511600,26511600,0.0,1.0,tiingo_historical_seed,
2010-04-19,XLI,32.06,32.15,31.73,32.03,23.7054536057,23.7720004187,23.4614486247,23.6832713347,16021200,16021200,0.0,1.0,tiingo_historical_seed,
2010-04-20,XLI,32.33,32.5,32.23,32.4,23.9050940446,24.0307935803,23.8311531413,23.956852677,13103000,13103000,0.0,1.0,tiingo_historical_seed,
2010-04-21,XLI,32.46,32.6901,32.36,32.62,24.001217219,24.1713552375,23.9272763156,24.1195226643,19373000,19373000,0.0,1.0,tiingo_historical_seed,
2010-04-22,XLI,32.46,32.94,32.19,32.92,24.001217219,24.3561335549,23.80157678,24.3413453743,11770200,11770200,0.0,1.0,tiingo_historical_seed,
2010-04-23,XLI,32.98,33.15,32.749,33.12,24.3857099162,24.5114094519,24.2149064296,24.4892271809,15681200,15681200,0.0,1.0,tiingo_historical_seed,
2010-04-26,XLI,33.34,33.4,33.14,33.19,24.6518971682,24.6962617102,24.5040153616,24.5409858132,13312200,13312200,0.0,1.0,tiingo_historical_seed,
2010-04-27,XLI,33.02,33.27,32.27,32.39,24.4152862776,24.6001385359,23.8607295026,23.9494585866,31528700,31528700,0.0,1.0,tiingo_historical_seed,
2010-04-28,XLI,32.51,32.73,32.34,32.62,24.0381876706,24.2008576579,23.912488135,24.1195226643,17520400,17520400,0.0,1.0,tiingo_historical_seed,
2010-04-29,XLI,32.89,33.36,32.8,33.36,24.3191631033,24.6666853489,24.2526162903,24.6666853489,14211400,14211400,0.0,1.0,tiingo_historical_seed,
2010-04-30,XLI,33.33,33.46,32.555,32.57,24.6445030779,24.7406262522,24.0714610771,24.0825522126,18401800,18401800,0.0,1.0,tiingo_historical_seed,
2010-05-03,XLI,32.59,33.32,32.59,33.22,24.0973403933,24.6371089875,24.0973403933,24.5631680842,16977700,16977700,0.0,1.0,tiingo_historical_seed,
2010-05-04,XLI,32.85,33.0,31.915,32.17,24.2895867419,24.4004980969,23.5982392958,23.7867885993,24814700,24814700,0.0,1.0,tiingo_historical_seed,
2010-05-05,XLI,31.59,32.13,31.54,31.76,23.35793136,23.757212238,23.3209609084,23.4836308957,28450700,28450700,0.0,1.0,tiingo_historical_seed,
2010-05-06,XLI,31.55,31.93,28.44,30.71,23.3283549987,23.6093304313,21.0287929053,22.7072514108,52085700,52085700,0.0,1.0,tiingo_historical_seed,
2010-05-07,XLI,30.82,30.85,29.6,30.03,22.7885864045,22.8107686754,21.8865073839,22.2044532682,48211400,48211400,0.0,1.0,tiingo_historical_seed,
2010-05-10,XLI,31.76,31.87,31.27,31.75,23.4836308957,23.5649658894,23.1213204694,23.4762368054,28537400,28537400,0.0,1.0,tiingo_historical_seed,
2010-05-11,XLI,31.6,32.115,31.35,31.66,23.3653254504,23.7461211025,23.1804731921,23.4096899924,21220600,21220600,0.0,1.0,tiingo_historical_seed,
2010-05-12,XLI,31.72,32.41,31.72,32.36,23.4540545344,23.9642467673,23.4540545344,23.9272763156,23705400,23705400,0.0,1.0,tiingo_historical_seed,
2010-05-13,XLI,32.22,32.395,31.845,31.86,23.823759051,23.9531556318,23.5464806635,23.557571799,15827900,15827900,0.0,1.0,tiingo_historical_seed,
2010-05-14,XLI,31.66,31.75,30.94,31.19,23.4096899924,23.4762368054,22.8773154884,23.0621677467,24135200,24135200,0.0,1.0,tiingo_historical_seed,
2010-05-17,XLI,31.29,31.43,30.4707,31.11,23.1361086501,23.2396259147,22.5303108291,23.0030150241,30408700,30408700,0.0,1.0,tiingo_historical_seed,
2010-05-18,XLI,31.38,31.61,30.61,30.72,23.2026554631,23.3727195407,22.6333105075,22.7146455011,33891300,33891300,0.0,1.0,tiingo_historical_seed,
2010-05-19,XLI,30.4,30.77,29.85,30.33,22.4780346105,22.7516159528,22.0713596422,22.4262759782,42144400,42144400,0.0,1.0,tiingo_historical_seed,
2010-05-20,XLI,29.8,29.86,28.9,29.01,22.0343891905,22.0787537325,21.3689210606,21.4502560543,44338900,44338900,0.0,1.0,tiingo_historical_seed,
2010-05-21,XLI,28.5,29.54,28.39,29.42,21.0731574473,21.8421428419,20.9918224537,21.7534137579,39374700,39374700,0.0,1.0,tiingo_historical_seed,
2010-05-24,XLI,29.32,29.46,28.94,28.98,21.6794728546,21.7829901192,21.398497422,21.4280737833,24343600,24343600,0.0,1.0,tiingo_historical_seed,
2010-05-25,XLI,28.1,28.97,27.91,28.96,20.777393834,21.420679693,20.6369061177,21.4132856026,30028300,30028300,0.0,1.0,tiingo_historical_seed,
2010-05-26,XLI,29.37,29.67,28.93,29.02,21.7164433063,21.9382660162,21.3911033316,21.4576501446,29128700,29128700,0.0,1.0,tiingo_historical_seed,
2010-05-27,XLI,29.75,30.01,29.43,30.0,21.9974187389,22.1896650875,21.7608078482,22.1822709972,21078000,21078000,0.0,1.0,tiingo_historical_seed,
2010-05-28,XLI,30.0,30.02,29.31,29.6,22.1822709972,22.1970591779,21.6720787643,21.8865073839,25026100,25026100,0.0,1.0,tiingo_historical_seed,
2010-06-01,XLI,29.31,29.765,28.9,28.94,21.6720787643,22.0085098744,21.3689210606,21.398497422,27979600,27979600,0.0,1.0,tiingo_historical_seed,
2010-06-02,XLI,29.01,29.69,28.9132,29.69,21.4502560543,21.9530541969,21.3786812599,21.9530541969,20844100,20844100,0.0,1.0,tiingo_historical_seed,
2010-06-03,XLI,29.98,29.9899,29.55,29.8275,22.1674828165,22.174802966,21.8495369322,22.054722939,21686700,21686700,0.0,1.0,tiingo_historical_seed,
2010-06-04,XLI,29.04,29.26,28.301,28.43,21.4724383253,21.6351083126,20.9260150497,21.021398815,26172400,26172400,0.0,1.0,tiingo_historical_seed,
2010-06-07,XLI,28.4,28.54,27.68,27.7,20.999216544,21.1027338087,20.4668420401,20.4816302207,30321200,30321200,0.0,1.0,tiingo_historical_seed,
2010-06-08,XLI,27.82,28.07,27.4,27.99,20.5703593047,20.755211563,20.2598075108,20.6960588404,34376900,34376900,0.0,1.0,tiingo_historical_seed,
2010-06-09,XLI,28.18,28.67,27.87,27.99,20.8365465567,21.198856983,20.6073297564,20.6960588404,30023200,30023200,0.0,1.0,tiingo_historical_seed,
2010-06-10,XLI,28.4,29.07,28.3841,29.07,20.999216544,21.4946205963,20.9874599404,21.4946205963,23492500,23492500,0.0,1.0,tiingo_historical_seed,
2010-06-11,XLI,28.77,29.2,28.62,29.17,21.2727978863,21.5907437706,21.1618865313,21.5685614996,14729700,14729700,0.0,1.0,tiingo_historical_seed,
2010-06-14,XLI,29.5,29.68,29.09,29.14,21.8125664806,21.9456601066,21.5094087769,21.5463792286,18225100,18225100,0.0,1.0,tiingo_historical_seed,
2010-06-15,XLI,29.38,30.07,29.31,30.02,21.7238373966,22.2340296295,21.6720787643,22.1970591779,17459700,17459700,0.0,1.0,tiingo_historical_seed,
2010-06-16,XLI,29.91,30.165,29.8,29.94,22.1157241842,22.3042734877,22.0343891905,22.1379064552,15416900,15416900,0.0,1.0,tiingo_historical_seed,
2010-06-17,XLI,30.13,30.13,29.6,30.03,22.2783941715,22.2783941715,21.8865073839,22.2044532682,22397500,22397500,0.0,1.0,tiingo_historical_seed,
2010-06-18,XLI,29.96,30.05,29.8,30.0,22.261287145,22.3281601704,22.1424017664,22.2910084896,16529300,16529300,0.14706,1.0,tiingo_historical_seed,
2010-06-21,XLI,30.43,30.6,29.895,30.05,22.6105129446,22.7368286594,22.2129899599,22.3281601704,17337100,17337100,0.0,1.0,tiingo_historical_seed,
2010-06-22,XLI,30.02,30.2,29.27,29.3225,22.3058691619,22.4396152129,21.7485939497,21.7876032146,17664300,17664300,0.0,1.0,tiingo_historical_seed,
2010-06-23,XLI,29.28,29.5,28.94,29.21,21.7560242859,21.9194916815,21.5033928563,21.7040119327,19311200,19311200,0.0,1.0,tiingo_historical_seed,
2010-06-24,XLI,29.14,29.23,28.63,28.7,21.6519995796,21.7188726051,21.2730524353,21.3250647884,17170800,17170800,0.0,1.0,tiingo_historical_seed,
2010-06-25,XLI,28.76,28.98,28.49,28.92,21.3696468054,21.533114201,21.169027729,21.488532184,18163500,18163500,0.0,1.0,tiingo_historical_seed,
2010-06-28,XLI,28.9,29.1,28.64,28.72,21.4736715117,21.6222782349,21.2804827714,21.3399254607,11263100,11263100,0.0,1.0,tiingo_historical_seed,
2010-06-29,XLI,28.32,28.33,27.37,27.61,21.0427120142,21.0501423504,20.3368300787,20.5151581466,31116800,31116800,0.0,1.0,tiingo_historical_seed,
2010-06-30,XLI,27.56,27.94,27.37,27.43,20.4780064658,20.76035924,20.3368300787,20.3814120957,25416200,25416200,0.0,1.0,tiingo_historical_seed,
2010-07-01,XLI,27.4,27.54,26.85,27.35,20.3591210872,20.4631457935,19.9504525982,20.3219694064,26089500,26089500,0.0,1.0,tiingo_historical_seed,
2010-07-02,XLI,27.17,27.48,26.88,27.01,20.1882233554,20.4185637765,19.9727436067,20.0693379768,15578900,15578900,0.0,1.0,tiingo_historical_seed,
2010-07-06,XLI,27.5,27.61,26.79,27.06,20.4334244488,20.5151581466,19.9058705812,20.1064896576,16259000,16259000,0.0,1.0,tiingo_historical_seed,
2010-07-07,XLI,27.08,28.04,27.065,28.0,20.12135033,20.8346626016,20.1102048257,20.804941257,17141500,17141500,0.0,1.0,tiingo_historical_seed,
2010-07-08,XLI,28.22,28.48,28.0,28.36,20.9684086526,21.1615973928,20.804941257,21.0724333589,17010400,17010400,0.0,1.0,tiingo_historical_seed,
2010-07-09,XLI,28.41,28.64,28.34,28.64,21.1095850397,21.2804827714,21.0575726865,21.2804827714,12659400,12659400,0.0,1.0,tiingo_historical_seed,
2010-07-12,XLI,28.47,28.65,28.25,28.49,21.1541670567,21.2879131076,20.9906996611,21.169027729,14684600,14684600,0.0,1.0,tiingo_historical_seed,
2010-07-13,XLI,28.81,29.15,28.81,28.99,21.4067984862,21.6594299157,21.4067984862,21.5405445371,15580100,15580100,0.0,1.0,tiingo_historical_seed,
2010-07-14,XLI,28.95,29.23,28.81,29.05,21.5108231925,21.7188726051,21.4067984862,21.5851265541,15997600,15997600,0.0,1.0,tiingo_historical_seed,
2010-07-15,XLI,29.09,29.12,28.6,29.04,21.6148478988,21.6371389073,21.2507614268,21.577696218,23101600,23101600,0.0,1.0,tiingo_historical_seed,
2010-07-16,XLI,28.89,28.89,27.9901,28.07,21.4662411755,21.4662411755,20.7975852242,20.8569536101,21563500,21563500,0.0,1.0,tiingo_historical_seed,
2010-07-19,XLI,28.14,28.33,27.9,28.23,20.9089659633,21.0501423504,20.7306378953,20.9758389887,17957000,17957000,0.0,1.0,tiingo_historical_seed,
2010-07-20,XLI,27.87,28.74,27.74,28.67,20.7083468869,21.3547861331,20.6117525167,21.3027737799,17312400,17312400,0.0,1.0,tiingo_historical_seed,
2010-07-21,XLI,28.9,29.0201,28.37,28.6,21.4736715117,21.562909849,21.079863695,21.2507614268,31327200,31327200,0.0,1.0,tiingo_historical_seed,
2010-07-22,XLI,28.93,29.64,28.93,29.48,21.4959625202,22.0235163877,21.4959625202,21.9046310091,24158500,24158500,0.0,1.0,tiingo_historical_seed,
2010-07-23,XLI,29.51,30.16,29.4275,30.07,21.9269220176,22.4098938682,21.8656217443,22.3430208428,25468500,25468500,0.0,1.0,tiingo_historical_seed,
2010-07-26,XLI,30.23,30.6,30.12,30.56,22.4619062214,22.7368286594,22.3801725236,22.7071073148,17556400,17556400,0.0,1.0,tiingo_historical_seed,
2010-07-27,XLI,30.8,30.81,30.28,30.35,22.8854353827,22.8928657188,22.4990579022,22.5510702553,14145200,14145200,0.0,1.0,tiingo_historical_seed,
2010-07-28,XLI,30.25,30.39,30.15,30.27,22.4767668937,22.5807916,22.4024635321,22.491627566,15190500,15190500,0.0,1.0,tiingo_historical_seed,
2010-07-29,XLI,30.43,30.58,29.92,30.17,22.6105129446,22.7219679871,22.2315658003,22.4173242044,17623300,17623300,0.0,1.0,tiingo_historical_seed,
2010-07-30,XLI,29.9,30.4,29.77,30.29,22.216705128,22.5882219361,22.1201107579,22.5064882384,17135700,17135700,0.0,1.0,tiingo_historical_seed,
2010-08-02,XLI,30.71,30.93,30.57,30.89,22.8185623572,22.9820297528,22.7145376509,22.9523084081,15965800,15965800,0.0,1.0,tiingo_historical_seed,
2010-08-03,XLI,30.8,30.9,30.58,30.73,22.8854353827,22.9597387443,22.7219679871,22.8334230295,11147100,11147100,0.0,1.0,tiingo_historical_seed,
2010-08-04,XLI,30.8,31.03,30.74,31.0,22.8854353827,23.0563331144,22.8408533657,23.0340421059,9579300,9579300,0.0,1.0,tiingo_historical_seed,
2010-08-05,XLI,30.73,31.055,30.7,31.02,22.8334230295,23.0749089548,22.811132021,23.0489027783,20032500,20032500,0.0,1.0,tiingo_historical_seed,
2010-08-06,XLI,30.64,30.955,30.38,30.85,22.7665500041,23.0006055932,22.5733612638,22.9225870635,13396300,13396300,0.0,1.0,tiingo_historical_seed,
2010-08-09,XLI,31.15,31.15,30.84,31.01,23.1454971484,23.1454971484,22.9151567273,23.0414724421,8554800,8554800,0.0,1.0,tiingo_historical_seed,
2010-08-10,XLI,30.7,30.945,30.465,30.8,22.811132021,22.993175257,22.6365191212,22.8854353827,15325000,15325000,0.0,1.0,tiingo_historical_seed,
2010-08-11,XLI,30.24,30.29,29.47,29.65,22.4693365575,22.5064882384,21.897200673,22.0309467239,33035000,33035000,0.0,1.0,tiingo_historical_seed,
2010-08-12,XLI,29.16,29.54,29.15,29.44,21.6668602519,21.9492130261,21.6594299157,21.8749096645,16303800,16303800,0.0,1.0,tiingo_historical_seed,
2010-08-13,XLI,29.28,29.55,29.25,29.4,21.7560242859,21.9566433623,21.7337332774,21.8451883198,8189100,8189100,0.0,1.0,tiingo_historical_seed,
2010-08-16,XLI,29.17,29.46,28.94,29.34,21.6742905881,21.8897703368,21.5033928563,21.8006063028,10913000,10913000,0.0,1.0,tiingo_historical_seed,
2010-08-17,XLI,29.63,30.18,29.57,29.85,22.0160860516,22.4247545406,21.9715040346,22.1795534472,17148200,17148200,0.0,1.0,tiingo_historical_seed,
2010-08-18,XLI,29.88,30.105,29.64,29.96,22.2018444557,22.3690270193,22.0235163877,22.261287145,9109800,9109800,0.0,1.0,tiingo_historical_seed,
2010-08-19,XLI,29.76,29.89,29.14,29.32,22.1126804217,22.2092747918,21.6519995796,21.7857456305,19386600,19386600,0.0,1.0,tiingo_historical_seed,
2010-08-20,XLI,29.21,29.23,28.84,29.17,21.7040119327,21.7188726051,21.4290894947,21.6742905881,13057800,13057800,0.0,1.0,tiingo_historical_seed,
2010-08-23,XLI,29.35,29.48,28.81,28.85,21.808036639,21.9046310091,21.4067984862,21.4365198309,15057000,15057000,0.0,1.0,tiingo_historical_seed,
2010-08-24,XLI,28.44,28.49,27.99,28.26,21.1318760482,21.169027729,20.7975109208,20.9981299972,26300800,26300800,0.0,1.0,tiingo_historical_seed,
2010-08-25,XLI,28.01,28.35,27.67,28.21,20.8123715931,21.0650030227,20.5597401636,20.9609783164,31736800,31736800,0.0,1.0,tiingo_historical_seed,
2010-08-26,XLI,28.41,28.62,28.06,28.17,21.1095850397,21.2656220991,20.849523274,20.9312569718,19824100,19824100,0.0,1.0,tiingo_historical_seed,
2010-08-27,XLI,28.31,28.81,27.98,28.74,21.035281678,21.4067984862,20.7900805847,21.3547861331,19744200,19744200,0.0,1.0,tiingo_historical_seed,
2010-08-30,XLI,28.6,28.77,28.28,28.3,21.2507614268,21.3770771415,21.0129906695,21.0278513419,15607300,15607300,0.0,1.0,tiingo_historical_seed,
2010-08-31,XLI,28.14,28.4315,27.9872,28.19,20.9089659633,21.1255602624,20.7954304267,20.9461176441,20418200,20418200,0.0,1.0,tiingo_historical_seed,
2010-09-01,XLI,28.61,29.4,28.59,29.31,21.2581917629,21.8451883198,21.2433310906,21.7783152944,31329300,31329300,0.0,1.0,tiingo_historical_seed,
2010-09-02,XLI,29.43,29.73,29.34,29.68,21.8674793283,22.0903894132,21.8006063028,22.0532377324,13831600,13831600,0.0,1.0,tiingo_historical_seed,
2010-09-03,XLI,30.11,30.345,29.92,30.13,22.3727421874,22.5473550873,22.2315658003,22.3876028597,15635200,15635200,0.0,1.0,tiingo_historical_seed,
2010-09-07,XLI,29.94,30.01,29.77,29.85,22.2464264726,22.2984388258,22.1201107579,22.1795534472,15112700,15112700,0.0,1.0,tiingo_historical_seed,
2010-09-08,XLI,29.9,30.33,29.85,30.16,22.216705128,22.536209583,22.1795534472,22.4098938682,12996100,12996100,0.0,1.0,tiingo_historical_seed,
2010-09-09,XLI,30.45,30.58,29.9516,30.13,22.625373617,22.7219679871,22.2550456626,22.3876028597,10075600,10075600,0.0,1.0,tiingo_historical_seed,
2010-09-10,XLI,30.21,30.46,30.15,30.4,22.447045549,22.6328039531,22.4024635321,22.5882219361,10923700,10923700,0.0,1.0,tiingo_historical_seed,
2010-09-13,XLI,30.73,30.83,30.54,30.7,22.8334230295,22.9077263912,22.6922466424,22.811132021,12911800,12911800,0.0,1.0,tiingo_historical_seed,
2010-09-14,XLI,30.6,30.79,30.5,30.61,22.7368286594,22.8780050465,22.6625252978,22.7442589956,14376800,14376800,0.0,1.0,tiingo_historical_seed,
2010-09-15,XLI,30.49,30.68,30.34,30.61,22.6550949616,22.7962713487,22.5436399192,22.7442589956,14647100,14647100,0.0,1.0,tiingo_historical_seed,
2010-09-16,XLI,30.54,30.62,30.4,30.57,22.6922466424,22.7516893317,22.5882219361,22.7145376509,17618900,17618900,0.0,1.0,tiingo_historical_seed,
2010-09-17,XLI,30.58,30.75,30.32,30.6975,22.8367713826,22.9637253112,22.6426065507,22.9245189509,16835100,16835100,0.1551,1.0,tiingo_historical_seed,
2010-09-20,XLI,30.87,31.21,30.665,31.16,23.053339849,23.3072477061,22.9002483469,23.2699083153,16996000,16996000,0.0,1.0,tiingo_historical_seed,
2010-09-21,XLI,31.15,31.46,31.08,31.22,23.2624404372,23.4939446598,23.2101652901,23.3147155842,23612800,23612800,0.0,1.0,tiingo_historical_seed,
2010-09-22,XLI,31.14,31.37,30.9275,31.06,23.254972559,23.4267337565,23.0962801483,23.1952295338,20258000,20258000,0.0,1.0,tiingo_historical_seed,
2010-09-23,XLI,30.77,31.01,30.51,30.6,22.9786610675,23.1578901431,22.7844962356,22.8517071389,17938700,17938700,0.0,1.0,tiingo_historical_seed,
2010-09-24,XLI,31.19,31.48,30.98,31.44,23.2923119498,23.5088804161,23.1354865086,23.4790089035,17403000,17403000,0.0,1.0,tiingo_historical_seed,
2010-09-27,XLI,31.46,31.48,31.19,31.24,23.4939446598,23.5088804161,23.2923119498,23.3296513405,10058400,10058400,0.0,1.0,tiingo_historical_seed,
2010-09-28,XLI,31.28,31.48,30.84,31.41,23.3595228531,23.5088804161,23.0309362145,23.4566052691,19118100,19118100,0.0,1.0,tiingo_historical_seed,
2010-09-29,XLI,31.31,31.51,31.21,31.4,23.3819264876,23.5312840506,23.3072477061,23.4491373909,12394700,12394700,0.0,1.0,tiingo_historical_seed,
2010-09-30,XLI,31.6,31.91,31.15,31.28,23.5984949539,23.8299991766,23.2624404372,23.3595228531,23180400,23180400,0.0,1.0,tiingo_historical_seed,
2010-10-01,XLI,31.54,31.61,31.2,31.31,23.553687685,23.6059628321,23.2997798279,23.3819264876,13619600,13619600,0.0,1.0,tiingo_historical_seed,
2010-10-04,XLI,31.16,31.45,30.79,30.98,23.2699083153,23.4864767817,22.9935968238,23.1354865086,14881500,14881500,0.0,1.0,tiingo_historical_seed,
2010-10-05,XLI,31.35,31.94,31.2799,31.81,23.4117980002,23.852402811,23.3594481744,23.7553203951,15091600,15091600,0.0,1.0,tiingo_historical_seed,
2010-10-06,XLI,31.8,32.079,31.66,32.0,23.7478525169,23.9562063173,23.6433022228,23.8972100799,13307400,13307400,0.0,1.0,tiingo_historical_seed,
2010-10-07,XLI,32.16,32.16,31.735,31.93,24.0166961303,24.0166961303,23.699311309,23.8449349329,9573800,9573800,0.0,1.0,tiingo_historical_seed,
2010-10-08,XLI,31.99,32.32,31.86,32.195,23.8897422018,24.1361821807,23.7926597858,24.0428337039,12642400,12642400,0.0,1.0,tiingo_historical_seed,
2010-10-11,XLI,32.23,32.29,32.03,32.11,24.0689712774,24.1137785463,23.9196137144,23.9793567396,7427400,7427400,0.0,1.0,tiingo_historical_seed,
2010-10-12,XLI,32.01,32.2,31.64,32.09,23.9046779581,24.0465676429,23.6283664665,23.9644209833,12817500,12817500,0.0,1.0,tiingo_historical_seed,
2010-10-13,XLI,32.29,32.7799,32.29,32.62,24.1137785463,24.4796298968,24.1137785463,24.3602185252,27458300,27458300,0.0,1.0,tiingo_historical_seed,
2010-10-14,XLI,32.59,32.62,32.21,32.43,24.3378148908,24.3602185252,24.0540355211,24.2183288404,11352700,11352700,0.0,1.0,tiingo_historical_seed,
2010-10-15,XLI,32.55,32.58,32.05,32.23,24.3079433782,24.3303470126,23.9345494707,24.0689712774,17888500,17888500,0.0,1.0,tiingo_historical_seed,
2010-10-18,XLI,32.21,32.355,32.125,32.21,24.0540355211,24.1623197543,23.9905585568,24.0540355211,8869900,8869900,0.0,1.0,tiingo_historical_seed,
2010-10-19,XLI,31.99,32.06,31.58,31.78,23.8897422018,23.9420173488,23.5835591976,23.7329167606,21185500,21185500,0.0,1.0,tiingo_historical_seed,
2010-10-20,XLI,31.92,32.37,31.86,32.23,23.8374670547,24.1735215715,23.7926597858,24.0689712774,17689100,17689100,0.0,1.0,tiingo_historical_seed,
2010-10-21,XLI,32.38,32.67,32.2,32.49,24.1809894496,24.397557916,24.0465676429,24.2631361093,17234400,17234400,0.0,1.0,tiingo_historical_seed,
2010-10-22,XLI,32.64,32.64,32.3,32.48,24.3751542815,24.3751542815,24.1212464244,24.2556682311,11714700,11714700,0.0,1.0,tiingo_historical_seed,
2010-10-25,XLI,32.6,32.95,32.55,32.59,24.3452827689,24.6066585042,24.3079433782,24.3378148908,12218800,12218800,0.0,1.0,tiingo_historical_seed,
2010-10-26,XLI,32.36,32.57,32.21,32.44,24.1660536933,24.3228791345,24.0540355211,24.2257967185,14680400,14680400,0.0,1.0,tiingo_historical_seed,
2010-10-27,XLI,32.22,32.27,31.87,32.2,24.0615033992,24.09884279,23.800127664,24.0465676429,15778300,15778300,0.0,1.0,tiingo_historical_seed,
2010-10-28,XLI,32.35,32.46,31.865,32.13,24.1585858152,24.2407324748,23.7963937249,23.9942924959,13483400,13483400,0.0,1.0,tiingo_historical_seed,
2010-10-29,XLI,32.08,32.23,31.98,32.18,23.9569531051,24.0689712774,23.8822743236,24.0316318866,9145200,9145200,0.0,1.0,tiingo_historical_seed,
2010-11-01,XLI,32.31,32.62,32.01,32.18,24.1287143026,24.3602185252,23.9046779581,24.0316318866,9119800,9119800,0.0,1.0,tiingo_historical_seed,
2010-11-02,XLI,32.43,32.56,32.35,32.49,24.2183288404,24.3154112563,24.1585858152,24.2631361093,8589600,8589600,0.0,1.0,tiingo_historical_seed,
2010-11-03,XLI,32.48,32.59,32.12,32.54,24.2556682311,24.3378148908,23.9868246177,24.3004755,16252000,16252000,0.0,1.0,tiingo_historical_seed,
2010-11-04,XLI,32.93,33.29,32.87,33.23,24.5917227479,24.8605663613,24.546915479,24.8157590924,17072300,17072300,0.0,1.0,tiingo_historical_seed,
2010-11-05,XLI,33.27,33.53,33.2,33.43,24.845630605,25.0397954369,24.7933554579,24.9651166554,12831400,12831400,0.0,1.0,tiingo_historical_seed,
2010-11-08,XLI,33.24,33.37,33.14,33.29,24.8232269705,24.9203093865,24.748548189,24.8605663613,10578000,10578000,0.0,1.0,tiingo_historical_seed,
2010-11-09,XLI,33.44,33.44,32.86,32.99,24.9725845335,24.9725845335,24.5394476008,24.6365300168,10906400,10906400,0.0,1.0,tiingo_historical_seed,
2010-11-10,XLI,33.01,33.055,32.68,32.98,24.6514657731,24.6850712248,24.4050257941,24.6290621386,11871200,11871200,0.0,1.0,tiingo_historical_seed,
2010-11-11,XLI,32.74,32.85,32.58,32.795,24.449833063,24.5319797227,24.3303470126,24.4909063929,9974800,9974800,0.0,1.0,tiingo_historical_seed,
2010-11-12,XLI,32.58,32.72,32.25,32.41,24.3303470126,24.4348973067,24.0839070337,24.2033930841,14176900,14176900,0.0,1.0,tiingo_historical_seed,
2010-11-15,XLI,32.46,32.78,32.45,32.51,24.2407324748,24.4797045756,24.2332645967,24.2780718656,17186800,17186800,0.0,1.0,tiingo_historical_seed,
2010-11-16,XLI,32.29,32.4,31.82,31.985,24.1137785463,24.1959252059,23.7627882732,23.8860082627,25695300,25695300,0.0,1.0,tiingo_historical_seed,
2010-11-17,XLI,31.99,32.1,31.84,32.01,23.8897422018,23.9718888614,23.7777240295,23.9046779581,15984900,15984900,0.0,1.0,tiingo_historical_seed,
2010-11-18,XLI,32.38,32.74,32.38,32.66,24.1809894496,24.449833063,24.1809894496,24.3900900378,18907900,18907900,0.0,1.0,tiingo_historical_seed,
2010-11-19,XLI,32.56,32.77,32.42,32.76,24.3154112563,24.4722366975,24.2108609622,24.4647688193,11092400,11092400,0.0,1.0,tiingo_historical_seed,
2010-11-22,XLI,32.62,32.75,32.25,32.69,24.3602185252,24.4573009412,24.0839070337,24.4124936723,8655600,8655600,0.0,1.0,tiingo_historical_seed,
2010-11-23,XLI,32.35,32.38,32.07,32.24,24.1585858152,24.1809894496,23.949485227,24.0764391555,14588600,14588600,0.0,1.0,tiingo_historical_seed,
2010-11-24,XLI,32.45,33.01,32.45,32.97,24.2332645967,24.6514657731,24.2332645967,24.6215942605,11936700,11936700,0.0,1.0,tiingo_historical_seed,
2010-11-26,XLI,32.67,32.88,32.61,32.7,24.397557916,24.5543833571,24.3527506471,24.4199615504,5191000,5191000,0.0,1.0,tiingo_historical_seed,
2010-11-29,XLI,32.51,32.78,32.24,32.69,24.2780718656,24.4797045756,24.0764391555,24.4124936723,8081700,8081700,0.0,1.0,tiingo_historical_seed,
2010-11-30,XLI,32.38,32.79,32.31,32.61,24.1809894496,24.4871724538,24.1287143026,24.3527506471,14234300,14234300,0.0,1.0,tiingo_historical_seed,
2010-12-01,XLI,33.11,33.52,33.11,33.45,24.7261445546,25.0323275587,24.7261445546,24.9800524117,16577100,16577100,0.0,1.0,tiingo_historical_seed,
2010-12-02,XLI,33.5,34.04,33.46,33.97,25.0173918024,25.4206572225,24.9875202898,25.3683820755,12706300,12706300,0.0,1.0,tiingo_historical_seed,
2010-12-03,XLI,33.8,34.09,33.66,34.04,25.2414281469,25.4579966133,25.1368778528,25.4206572225,10594000,10594000,0.0,1.0,tiingo_historical_seed,
2010-12-06,XLI,33.94,34.13,33.82,34.0175,25.345978441,25.4878681259,25.2563639032,25.4038544967,16351000,16351000,0.0,1.0,tiingo_historical_seed,
2010-12-07,XLI,34.36,34.43,34.1,34.11,25.6596293233,25.7119044704,25.4654644914,25.4729323696,19222200,19222200,0.0,1.0,tiingo_historical_seed,
2010-12-08,XLI,34.15,34.25,33.89,33.99,25.5028038822,25.5774826637,25.3086390503,25.3833178318,18080400,18080400,0.0,1.0,tiingo_historical_seed,
2010-12-09,XLI,34.2,34.26,33.97,34.09,25.5401432729,25.5849505418,25.3683820755,25.4579966133,10672900,10672900,0.0,1.0,tiingo_historical_seed,
2010-12-10,XLI,34.22,34.46,34.09,34.395,25.5550790292,25.7343081048,25.4579966133,25.6857668969,9182700,9182700,0.0,1.0,tiingo_historical_seed,
2010-12-13,XLI,34.65,34.66,34.4,34.42,25.8761977897,25.8836656678,25.6895008359,25.7044365922,9198600,9198600,0.0,1.0,tiingo_historical_seed,
2010-12-14,XLI,34.51,34.71,34.46,34.58,25.7716474956,25.9210050586,25.7343081048,25.8239226426,9619400,9619400,0.0,1.0,tiingo_historical_seed,
2010-12-15,XLI,34.55,34.74,34.38,34.44,25.8015190082,25.943408693,25.6745650796,25.7193723485,11470800,11470800,0.0,1.0,tiingo_historical_seed,
2010-12-16,XLI,34.43,34.82,34.38,34.82,25.7119044704,26.0031517182,25.6745650796,26.0031517182,9357600,9357600,0.0,1.0,tiingo_historical_seed,
2010-12-17,XLI,34.72,34.72,34.39,34.54,26.0616510023,26.0616510023,25.813945218,25.9265387563,8233700,8233700,0.17741,1.0,tiingo_historical_seed,
2010-12-20,XLI,34.62,34.68,34.36,34.53,25.9865886434,26.0316260587,25.7914265103,25.9190325204,7327400,7327400,0.0,1.0,tiingo_historical_seed,
2010-12-21,XLI,34.66,34.84,34.56,34.81,26.0166135869,26.1517258329,25.9415512281,26.1292071253,7127700,7127700,0.0,1.0,tiingo_historical_seed,
2010-12-22,XLI,34.86,34.91,34.78,34.89,26.1667383047,26.2042694841,26.1066884176,26.1892570124,5748600,5748600,0.0,1.0,tiingo_historical_seed,
2010-12-23,XLI,34.87,34.89,34.71,34.82,26.1742445406,26.1892570124,26.0541447664,26.1367133611,4177700,4177700,0.0,1.0,tiingo_historical_seed,
2010-12-27,XLI,34.73,34.9,34.6,34.88,26.0691572382,26.1967632482,25.9715761716,26.1817507765,3151000,3151000,0.0,1.0,tiingo_historical_seed,
2010-12-28,XLI,34.91,34.95,34.71,34.86,26.2042694841,26.2342944277,26.0541447664,26.1667383047,3581300,3581300,0.0,1.0,tiingo_historical_seed,
2010-12-29,XLI,34.97,35.0,34.87,34.89,26.2493068995,26.2718256071,26.1742445406,26.1892570124,3893400,3893400,0.0,1.0,tiingo_historical_seed,
2010-12-30,XLI,34.85,34.96,34.79,34.83,26.1592320688,26.2418006636,26.1141946535,26.144219597,4316100,4316100,0.0,1.0,tiingo_historical_seed,
2010-12-31,XLI,34.81,34.92,34.71,34.87,26.1292071253,26.21177572,26.0541447664,26.1742445406,4004300,4004300,0.0,1.0,tiingo_historical_seed,
2011-01-03,XLI,35.05,35.32,35.05,35.12,26.3093567866,26.5120251555,26.3093567866,26.3619004378,6400800,6400800,0.0,1.0,tiingo_historical_seed,
2011-01-04,XLI,35.22,35.22,34.73,35.07,26.4369627967,26.4369627967,26.0691572382,26.3243692583,10059600,10059600,0.0,1.0,tiingo_historical_seed,
2011-01-05,XLI,34.93,35.35,34.89,35.25,26.2192819559,26.5345438632,26.1892570124,26.4594815043,9908900,9908900,0.0,1.0,tiingo_historical_seed,
2011-01-06,XLI,35.3,35.39,35.08,35.19,26.4970126838,26.5645688067,26.3318754942,26.414444089,9881700,9881700,0.0,1.0,tiingo_historical_seed,
2011-01-07,XLI,35.31,35.5,35.03,35.26,26.5045189196,26.6471374015,26.2943443148,26.4669877402,11827900,11827900,0.0,1.0,tiingo_historical_seed,
2011-01-10,XLI,35.15,35.39,35.03,35.31,26.3844191454,26.5645688067,26.2943443148,26.5045189196,9419200,9419200,0.0,1.0,tiingo_historical_seed,
2011-01-11,XLI,35.55,35.61,35.25,35.44,26.6846685809,26.7297059963,26.4594815043,26.6020999862,7217300,7217300,0.0,1.0,tiingo_historical_seed,
2011-01-12,XLI,35.7,35.84,35.63,35.73,26.7972621193,26.9023494217,26.744718468,26.8197808269,7173200,7173200,0.0,1.0,tiingo_historical_seed,
2011-01-13,XLI,35.76,35.88,35.67,35.765,26.8422995346,26.9323743652,26.7747434116,26.8460526525,9859400,9859400,0.0,1.0,tiingo_historical_seed,
2011-01-14,XLI,35.74,35.94,35.67,35.91,26.8272870628,26.9774117806,26.7747434116,26.9548930729,9937400,9937400,0.0,1.0,tiingo_historical_seed,
2011-01-18,XLI,36.01,36.18,35.97,36.17,27.0299554318,27.1575614419,26.9999304882,27.150055206,9008500,9008500,0.0,1.0,tiingo_historical_seed,
2011-01-19,XLI,36.14,36.14,35.66,35.79,27.1275364983,27.1275364983,26.7672371757,26.8648182423,11443600,11443600,0.0,1.0,tiingo_historical_seed,
2011-01-20,XLI,35.64,35.78,35.38,35.61,26.7522247039,26.8573120064,26.5570625709,26.7297059963,19478600,19478600,0.0,1.0,tiingo_historical_seed,
2011-01-21,XLI,36.09,36.18,35.79,35.9,27.0900053189,27.1575614419,26.8648182423,26.947386837,13339300,13339300,0.0,1.0,tiingo_historical_seed,
2011-01-24,XLI,35.93,36.2909,35.8628,36.24,26.9699055447,27.2408055979,26.9194636395,27.2025988572,9585400,9585400,0.0,1.0,tiingo_historical_seed,
2011-01-25,XLI,36.16,36.23,35.87,36.195,27.1425489701,27.1950926213,26.9248681294,27.1688207957,12919300,12919300,0.0,1.0,tiingo_historical_seed,
2011-01-26,XLI,36.19,36.52,36.175,36.41,27.1650676778,27.4127734621,27.1538083239,27.3302048673,15748300,15748300,0.0,1.0,tiingo_historical_seed,
2011-01-27,XLI,36.45,36.65,36.38,36.545,27.3602298108,27.5103545286,27.3076861596,27.4315390518,9505800,9505800,0.0,1.0,tiingo_historical_seed,
2011-01-28,XLI,36.64,36.82,35.78,35.83,27.5028482927,27.6379605387,26.8573120064,26.8948431858,18193600,18193600,0.0,1.0,tiingo_historical_seed,
2011-01-31,XLI,35.92,36.275,35.87,36.24,26.9623993088,27.2288706828,26.9248681294,27.2025988572,11530400,11530400,0.0,1.0,tiingo_historical_seed,
2011-02-01,XLI,36.47,36.8,36.38,36.75,27.3752422826,27.6229480669,27.3076861596,27.5854168875,13750600,13750600,0.0,1.0,tiingo_historical_seed,
2011-02-02,XLI,36.66,36.82,36.6,36.635,27.5178607645,27.6379605387,27.4728233492,27.4990951748,13112900,13112900,0.0,1.0,tiingo_historical_seed,
2011-02-03,XLI,36.69,36.69,36.4,36.65,27.5403794722,27.5403794722,27.3226986314,27.5103545286,10043600,10043600,0.0,1.0,tiingo_historical_seed,
2011-02-04,XLI,36.75,36.81,36.51,36.78,27.5854168875,27.6304543028,27.4052672262,27.6079355951,8689400,8689400,0.0,1.0,tiingo_historical_seed,
2011-02-07,XLI,36.88,37.22,36.88,37.125,27.682997954,27.9382099742,27.682997954,27.8669007333,9793100,9793100,0.0,1.0,tiingo_historical_seed,
2011-02-08,XLI,37.27,37.39,37.09,37.375,27.9757411536,28.0658159843,27.8406289077,28.0545566305,10042000,10042000,0.0,1.0,tiingo_historical_seed,
2011-02-09,XLI,37.29,37.41,37.18,37.37,27.9907536254,28.0808284561,27.9081850307,28.0508035125,12441700,12441700,0.0,1.0,tiingo_historical_seed,
2011-02-10,XLI,37.2,37.62,37.125,37.57,27.9231975024,28.2384594097,27.8669007333,28.2009282303,13896800,13896800,0.0,1.0,tiingo_historical_seed,
2011-02-11,XLI,37.42,37.925,37.38,37.85,28.088334692,28.4673996043,28.0583097484,28.4111028351,11181900,11181900,0.0,1.0,tiingo_historical_seed,
2011-02-14,XLI,37.9,37.905,37.69,37.81,28.4486340146,28.4523871325,28.2910030609,28.3810778916,6367100,6367100,0.0,1.0,tiingo_historical_seed,
2011-02-15,XLI,37.73,37.74,37.48,37.67,28.3210280045,28.3285342404,28.1333721073,28.2759905892,8727900,8727900,0.0,1.0,tiingo_historical_seed,
2011-02-16,XLI,37.87,38.0,37.6,37.85,28.4261153069,28.5236963734,28.2234469379,28.4111028351,11612500,11612500,0.0,1.0,tiingo_historical_seed,
2011-02-17,XLI,37.8,37.98,37.69,37.94,28.3735716557,28.5086839017,28.2910030609,28.4786589581,10252100,10252100,0.0,1.0,tiingo_historical_seed,
2011-02-18,XLI,37.96,38.085,37.9,38.045,28.4936714299,28.5874993785,28.4486340146,28.5574744349,10110800,10110800,0.0,1.0,tiingo_historical_seed,
2011-02-22,XLI,37.63,37.69,36.82,36.9375,28.2459656456,28.2910030609,27.6379605387,27.7261588104,13824200,13824200,0.0,1.0,tiingo_historical_seed,
2011-02-23,XLI,36.91,36.91,35.91,36.29,27.7055166617,27.7055166617,26.9548930729,27.2401300366,52702100,52702100,0.0,1.0,tiingo_historical_seed,
2011-02-24,XLI,36.22,36.7299,36.1,36.5,27.1875863854,27.5703293533,27.0975115548,27.3977609903,19511100,19511100,0.0,1.0,tiingo_historical_seed,
2011-02-25,XLI,36.77,36.88,36.6,36.83,27.6004293593,27.682997954,27.4728233492,27.6454667746,12152100,12152100,0.0,1.0,tiingo_historical_seed,
2011-02-28,XLI,37.03,37.2,36.82,37.01,27.7955914923,27.9231975024,27.6379605387,27.7805790206,10364700,10364700,0.0,1.0,tiingo_historical_seed,
2011-03-01,XLI,37.2,37.22,36.14,36.225,27.9231975024,27.9382099742,27.1275364983,27.1913395034,19055200,19055200,0.0,1.0,tiingo_historical_seed,
2011-03-02,XLI,36.15,36.65,36.13,36.395,27.1350427342,27.5103545286,27.1200302624,27.3189455135,22821600,22821600,0.0,1.0,tiingo_historical_seed,
2011-03-03,XLI,36.87,37.38,36.8,37.275,27.6754917181,28.0583097484,27.6229480669,27.9794942716,21478900,21478900,0.0,1.0,tiingo_historical_seed,
2011-03-04,XLI,37.21,37.27,36.536,36.841,27.9307037383,27.9757411536,27.4247834395,27.6537236341,19858700,19858700,0.0,1.0,tiingo_historical_seed,
2011-03-07,XLI,37.02,37.14,36.1,36.5,27.7880852564,27.8781600871,27.0975115548,27.3977609903,22908200,22908200,0.0,1.0,tiingo_historical_seed,
2011-03-08,XLI,36.57,37.23,36.43,37.07,27.4503046415,27.9457162101,27.3452173391,27.8256164359,15960000,15960000,0.0,1.0,tiingo_historical_seed,
2011-03-09,XLI,36.97,37.13,36.65,36.99,27.750554077,27.8706538512,27.5103545286,27.7655665488,19656900,19656900,0.0,1.0,tiingo_historical_seed,
2011-03-10,XLI,36.52,36.68,36.125,36.245,27.4127734621,27.5328732363,27.1162771445,27.2063519751,31661700,31661700,0.0,1.0,tiingo_historical_seed,
2011-03-11,XLI,36.1,36.83,36.09,36.67,27.0975115548,27.6454667746,27.0900053189,27.5253670004,17054000,17054000,0.0,1.0,tiingo_historical_seed,
2011-03-14,XLI,36.43,36.535,35.961,36.36,27.3452173391,27.4240328159,26.9931748759,27.2926736879,26080600,26080600,0.0,1.0,tiingo_historical_seed,
2011-03-15,XLI,35.39,36.27,35.18,36.02,26.5645688067,27.2251175649,26.4069378531,27.0374616677,30467800,30467800,0.0,1.0,tiingo_historical_seed,
2011-03-16,XLI,35.9,36.06,35.08,35.35,26.947386837,27.0674866112,26.3318754942,26.5345438632,31432000,31432000,0.0,1.0,tiingo_historical_seed,
2011-03-17,XLI,35.93,36.28,35.68,35.9,26.9699055447,27.2326238008,26.7822496475,26.947386837,29099100,29099100,0.0,1.0,tiingo_historical_seed,
2011-03-18,XLI,36.31,36.38,35.87,35.97,27.3742104287,27.4269836243,27.0424931996,27.117883479,18417600,18417600,0.15714,1.0,tiingo_historical_seed,
2011-03-21,XLI,36.68,36.9352,36.52,36.76,27.6531544623,27.8455504552,27.5325300153,27.7134666858,11446200,11446200,0.0,1.0,tiingo_historical_seed,
2011-03-22,XLI,36.78,36.78,36.4,36.465,27.7285447416,27.7285447416,27.4420616801,27.4910653617,11715200,11715200,0.0,1.0,tiingo_historical_seed,
2011-03-23,XLI,36.35,36.69,36.18,36.59,27.4043665405,27.6606934902,27.2762030656,27.5853032109,13553600,13553600,0.0,1.0,tiingo_historical_seed,
2011-03-24,XLI,36.76,37.0,36.58,36.97,27.7134666858,27.8944033562,27.577764183,27.8717862724,17907900,17907900,0.0,1.0,tiingo_historical_seed,
2011-03-25,XLI,37.06,37.28,36.93,37.1,27.9396375238,28.1054961383,27.8416301606,27.9697936355,13925100,13925100,0.0,1.0,tiingo_historical_seed,
2011-03-28,XLI,37.21,37.33,37.06,37.0675,28.0527229428,28.143191278,27.9396375238,27.9452917947,9109400,9109400,0.0,1.0,tiingo_historical_seed,
2011-03-29,XLI,37.06,37.37,36.85,37.37,27.9396375238,28.1733473897,27.7813179372,28.1733473897,10837300,10837300,0.0,1.0,tiingo_historical_seed,
2011-03-30,XLI,37.59,37.65,37.42,37.52,28.3392060043,28.3844401719,28.2110425294,28.2864328088,14796000,14796000,0.0,1.0,tiingo_historical_seed,
2011-03-31,XLI,37.47,37.77,37.47,37.665,28.2487376691,28.4749085071,28.2487376691,28.3957487138,12774900,12774900,0.0,1.0,tiingo_historical_seed,
2011-04-01,XLI,37.85,38.2124,37.85,37.98,28.5352207306,28.8084351029,28.5352207306,28.6332280937,19057800,19057800,0.0,1.0,tiingo_historical_seed,
2011-04-04,XLI,38.13,38.13,37.87,38.03,28.7463135127,28.7463135127,28.5502987865,28.6709232334,10353200,10353200,0.0,1.0,tiingo_historical_seed,
2011-04-05,XLI,37.97,38.15,37.815,37.89,28.6256890658,28.7613915686,28.5088341328,28.5653768423,14542800,14542800,0.0,1.0,tiingo_historical_seed,
2011-04-06,XLI,38.14,38.15,37.73,37.93,28.7538525407,28.7613915686,28.4447523954,28.5955329541,13959500,13959500,0.0,1.0,tiingo_historical_seed,
2011-04-07,XLI,37.86,38.02,37.58,37.75,28.5427597585,28.6633842055,28.3316669764,28.4598304512,13420600,13420600,0.0,1.0,tiingo_historical_seed,
2011-04-08,XLI,37.97,37.98,37.205,37.42,28.6256890658,28.6332280937,28.0489534288,28.2110425294,16274600,16274600,0.0,1.0,tiingo_historical_seed,
2011-04-11,XLI,37.51,37.65,37.25,37.39,28.2788937808,28.3844401719,28.0828790545,28.1884254456,12334800,12334800,0.0,1.0,tiingo_historical_seed,
2011-04-12,XLI,37.15,37.31,36.91,37.11,28.0074887752,28.1281132221,27.8265521048,27.9773326635,15018800,15018800,0.0,1.0,tiingo_historical_seed,
2011-04-13,XLI,37.29,37.3,36.79,37.0,28.1130351663,28.1205741942,27.7360837696,27.8944033562,14807200,14807200,0.0,1.0,tiingo_historical_seed,
2011-04-14,XLI,36.81,37.06,36.47,37.0,27.7511618254,27.9396375238,27.4948348757,27.8944033562,14015700,14015700,0.0,1.0,tiingo_historical_seed,
2011-04-15,XLI,37.09,37.26,36.98,37.13,27.9622546076,28.0904180825,27.8793253003,27.9924107193,17703200,17703200,0.0,1.0,tiingo_historical_seed,
2011-04-18,XLI,36.75,36.75,36.24,36.6,27.7059276578,27.7059276578,27.3214372332,27.5928422388,18507800,18507800,0.0,1.0,tiingo_historical_seed,
2011-04-19,XLI,36.69,36.98,36.69,36.92,27.6606934902,27.8793253003,27.6606934902,27.8340911327,15654800,15654800,0.0,1.0,tiingo_historical_seed,
2011-04-20,XLI,37.47,37.7,37.39,37.52,28.2487376691,28.4221353116,28.1884254456,28.2864328088,18107300,18107300,0.0,1.0,tiingo_historical_seed,
2011-04-21,XLI,37.79,37.79,37.45,37.63,28.489986563,28.489986563,28.2336596132,28.369362116,9687800,9687800,0.0,1.0,tiingo_historical_seed,
2011-04-25,XLI,37.61,37.67,37.41,37.52,28.3542840602,28.3995182278,28.2035035015,28.2864328088,9685500,9685500,0.0,1.0,tiingo_historical_seed,
2011-04-26,XLI,37.84,38.35,37.76,38.24,28.5276817027,28.9121721273,28.4673694792,28.82924282,13200000,13200000,0.0,1.0,tiingo_historical_seed,
2011-04-27,XLI,38.34,38.49,37.99,38.41,28.9046330994,29.0177185184,28.6407671217,28.9574062949,15930800,15930800,0.0,1.0,tiingo_historical_seed,
2011-04-28,XLI,38.41,38.63,38.34,38.54,28.9574062949,29.1232649094,28.9046330994,29.055413658,17612900,17612900,0.0,1.0,tiingo_historical_seed,
2011-04-29,XLI,38.65,38.87,38.64,38.7,29.1383429653,29.3042015799,29.1308039374,29.176038105,17245700,17245700,0.0,1.0,tiingo_historical_seed,
2011-05-02,XLI,38.96,38.98,38.57,38.64,29.3720528313,29.3871308871,29.0780307418,29.1308039374,15333800,15333800,0.0,1.0,tiingo_historical_seed,
2011-05-03,XLI,38.58,38.65,38.29,38.48,29.0855697698,29.1383429653,28.8669379597,29.0101794904,16555100,16555100,0.0,1.0,tiingo_historical_seed,
2011-05-04,XLI,38.47,38.52,37.82,37.92,29.0026404625,29.0403356022,28.5126036468,28.5879939261,28869800,28869800,0.0,1.0,tiingo_historical_seed,
2011-05-05,XLI,37.71,38.22,37.53,37.74,28.4296743395,28.8141647641,28.2939718367,28.4522914233,34700000,34700000,0.0,1.0,tiingo_historical_seed,
2011-05-06,XLI,38.42,38.52,37.93,38.07,28.9649453228,29.0403356022,28.5955329541,28.7010793451,26364600,26364600,0.0,1.0,tiingo_historical_seed,
2011-05-09,XLI,38.06,38.39,37.97,38.23,28.6935403172,28.942328239,28.6256890658,28.8217037921,10785700,10785700,0.0,1.0,tiingo_historical_seed,
2011-05-10,XLI,38.36,38.59,38.36,38.58,28.9197111552,29.0931087977,28.9197111552,29.0855697698,15172600,15172600,0.0,1.0,tiingo_historical_seed,
2011-05-11,XLI,38.5,38.55,37.93,38.06,29.0252575463,29.062952686,28.5955329541,28.6935403172,21193700,21193700,0.0,1.0,tiingo_historical_seed,
2011-05-12,XLI,37.92,38.26,37.7,38.14,28.5879939261,28.8443208759,28.4221353116,28.7538525407,18091100,18091100,0.0,1.0,tiingo_historical_seed,
2011-05-13,XLI,38.18,38.28,37.58,37.68,28.7840086524,28.8593989318,28.3316669764,28.4070572557,20598400,20598400,0.0,1.0,tiingo_historical_seed,
2011-05-16,XLI,37.5,37.88,37.45,37.54,28.2713547529,28.5578378144,28.2336596132,28.3015108646,17250800,17250800,0.0,1.0,tiingo_historical_seed,
2011-05-17,XLI,37.33,37.4,36.88,37.03,28.143191278,28.1959644735,27.803935021,27.91702044,33836400,33836400,0.0,1.0,tiingo_historical_seed,
2011-05-18,XLI,37.15,37.58,36.91,37.53,28.0074887752,28.3316669764,27.8265521048,28.2939718367,21985800,21985800,0.0,1.0,tiingo_historical_seed,
2011-05-19,XLI,37.7,37.98,37.59,37.77,28.4221353116,28.6332280937,28.3392060043,28.4749085071,18019800,18019800,0.0,1.0,tiingo_historical_seed,
2011-05-20,XLI,37.72,37.72,37.25,37.37,28.4372133674,28.4372133674,28.0828790545,28.1733473897,17170400,17170400,0.0,1.0,tiingo_historical_seed,
2011-05-23,XLI,36.87,37.05,36.65,36.84,27.796395993,27.9320984959,27.6305373785,27.7737789092,25500000,25500000,0.0,1.0,tiingo_historical_seed,
2011-05-24,XLI,37.03,37.05,36.58,36.65,27.91702044,27.9320984959,27.577764183,27.6305373785,20280700,20280700,0.0,1.0,tiingo_historical_seed,
2011-05-25,XLI,36.5,37.14,36.42,36.96,27.5174519595,27.9999497473,27.457139736,27.8642472444,20894300,20894300,0.0,1.0,tiingo_historical_seed,
2011-05-26,XLI,36.81,37.18,36.71,37.11,27.7511618254,28.030105859,27.6757715461,27.9773326635,17458000,17458000,0.0,1.0,tiingo_historical_seed,
2011-05-27,XLI,37.24,37.39,37.16,37.29,28.0753400266,28.1884254456,28.0150278031,28.1130351663,14888700,14888700,0.0,1.0,tiingo_historical_seed,
2011-05-31,XLI,37.59,37.74,37.29,37.63,28.3392060043,28.4522914233,28.1130351663,28.369362116,21659500,21659500,0.0,1.0,tiingo_historical_seed,
2011-06-01,XLI,37.47,37.56,36.28,36.4,28.2487376691,28.3165889205,27.3515933449,27.4420616801,35595200,35595200,0.0,1.0,tiingo_historical_seed,
2011-06-02,XLI,36.5,36.825,36.3,36.59,27.5174519595,27.7624703673,27.3666714008,27.5853032109,32240700,32240700,0.0,1.0,tiingo_historical_seed,
2011-06-03,XLI,36.07,36.3888,35.98,36.1,27.1932737583,27.4336179689,27.1254225069,27.2158908421,21335300,21335300,0.0,1.0,tiingo_historical_seed,
2011-06-06,XLI,35.95,36.165,35.771,35.84,27.1028054231,27.2648945237,26.9678568231,27.0198761158,22799800,22799800,0.0,1.0,tiingo_historical_seed,
2011-06-07,XLI,36.01,36.12,35.8,35.82,27.1480395907,27.230968898,26.9897200041,27.00479806,16404900,16404900,0.0,1.0,tiingo_historical_seed,
2011-06-08,XLI,35.73,35.79,35.45,35.51,26.9369468086,26.9821809762,26.7258540264,26.771088194,29280100,29280100,0.0,1.0,tiingo_historical_seed,
2011-06-09,XLI,35.65,35.93,35.5498,35.78,26.8766345851,27.0877273672,26.8010935252,26.9746419482,20611200,20611200,0.0,1.0,tiingo_historical_seed,
2011-06-10,XLI,35.59,35.66,35.16,35.21,26.8314004175,26.884173613,26.5072222163,26.544917356,23679800,23679800,0.0,1.0,tiingo_historical_seed,
2011-06-13,XLI,35.38,35.455,35.05,35.22,26.6730808309,26.7296235404,26.424292909,26.5524563839,22249700,22249700,0.0,1.0,tiingo_historical_seed,
2011-06-14,XLI,35.61,36.04,35.58,35.89,26.8464784733,27.1706566745,26.8238613895,27.0575712555,20142100,20142100,0.0,1.0,tiingo_historical_seed,
2011-06-15,XLI,35.57,35.78,35.26,35.345,26.8163223616,26.9746419482,26.5826124957,26.6466942331,28389000,28389000,0.0,1.0,tiingo_historical_seed,
2011-06-16,XLI,35.34,35.71,35.18,35.47,26.6429247191,26.9218687527,26.5223002722,26.7409320823,25782000,25782000,0.0,1.0,tiingo_historical_seed,
2011-06-17,XLI,35.66,35.7384,35.33,35.45,27.0169109024,27.0763087098,26.7668946209,26.8578096323,28587900,28587900,0.17503,1.0,tiingo_historical_seed,
2011-06-20,XLI,35.29,35.82,35.29,35.76,26.7365896171,27.1381309176,26.7365896171,27.0926734119,15241400,15241400,0.0,1.0,tiingo_historical_seed,
2011-06-21,XLI,36.0,36.4,35.95,36.32,27.2745034348,27.577553473,27.23662218,27.5169434653,20737900,20737900,0.0,1.0,tiingo_historical_seed,
2011-06-22,XLI,36.21,36.53,36.09,36.12,27.4336047048,27.6760447354,27.3426896934,27.3654184463,14254500,14254500,0.0,1.0,tiingo_historical_seed,
2011-06-23,XLI,35.59,36.07,35.33,36.04,26.9638771457,27.3275371915,26.7668946209,27.3048084386,22866400,22866400,0.0,1.0,tiingo_historical_seed,
2011-06-24,XLI,36.04,36.1,35.57,35.63,27.3048084386,27.3502659443,26.9487246438,26.9941821495,12507900,12507900,0.0,1.0,tiingo_historical_seed,
2011-06-27,XLI,35.6,36.06,35.5,35.91,26.9714533966,27.3199609405,26.8956908871,27.2063171762,11199400,11199400,0.0,1.0,tiingo_historical_seed,
2011-06-28,XLI,36.06,36.48,35.95,36.47,27.3199609405,27.6381634806,27.23662218,27.6305872296,13263900,13263900,0.0,1.0,tiingo_historical_seed,
2011-06-29,XLI,36.73,36.78,36.37,36.66,27.8275697545,27.8654510092,27.5548247201,27.7745359978,19847200,19847200,0.0,1.0,tiingo_historical_seed,
2011-06-30,XLI,36.74,37.34,36.69,37.24,27.8351460054,28.2897210627,27.7972647506,28.2139585531,18578500,18578500,0.0,1.0,tiingo_historical_seed,
2011-07-01,XLI,37.22,37.99,37.2,37.91,28.1988060512,28.7821773747,28.1836535493,28.721567367,23998200,23998200,0.0,1.0,tiingo_historical_seed,
2011-07-05,XLI,37.88,37.89,37.58,37.695,28.6988386142,28.7064148651,28.4715510856,28.5586779715,19248800,19248800,0.0,1.0,tiingo_historical_seed,
2011-07-06,XLI,37.63,38.0,37.6,37.9,28.5094323403,28.7897536256,28.4867035875,28.7139911161,19802800,19802800,0.0,1.0,tiingo_historical_seed,
2011-07-07,XLI,38.31,38.43,38.105,38.3,29.0246174052,29.1155324167,28.8693042606,29.0170411543,30538300,30538300,0.0,1.0,tiingo_historical_seed,
2011-07-08,XLI,37.79,37.84,37.57,37.82,28.6306523556,28.6685336104,28.4639748346,28.6533811085,21673800,21673800,0.0,1.0,tiingo_historical_seed,
2011-07-11,XLI,37.38,37.46,36.98,37.12,28.3200260665,28.3806360741,28.0169760283,28.1230435417,20456200,20456200,0.0,1.0,tiingo_historical_seed,
2011-07-12,XLI,36.98,37.12,36.72,36.76,28.0169760283,28.1230435417,27.8199935035,27.8502985073,31263100,31263100,0.0,1.0,tiingo_historical_seed,
2011-07-13,XLI,37.02,37.34,36.81,36.91,28.0472810321,28.2897210627,27.8881797621,27.9639422716,15477200,15477200,0.0,1.0,tiingo_historical_seed,
2011-07-14,XLI,36.91,37.14,36.4,36.51,27.9639422716,28.1381960436,27.577553473,27.6608922335,20189500,20189500,0.0,1.0,tiingo_historical_seed,
2011-07-15,XLI,36.66,36.67,36.19,36.54,27.7745359978,27.7821122487,27.4184522029,27.6836209863,17199600,17199600,0.0,1.0,tiingo_historical_seed,
2011-07-18,XLI,36.34,36.45,35.91,36.13,27.5320959672,27.6154347277,27.2063171762,27.3729946972,17277300,17277300,0.0,1.0,tiingo_historical_seed,
2011-07-19,XLI,36.35,36.69,36.2731,36.601,27.5396722182,27.7972647506,27.4814108484,27.7298361171,15177900,15177900,0.0,1.0,tiingo_historical_seed,
2011-07-20,XLI,36.77,36.81,36.535,36.67,27.8578747583,27.8881797621,27.6798328609,27.7821122487,9926400,9926400,0.0,1.0,tiingo_historical_seed,
2011-07-21,XLI,36.9,37.35,36.84,37.22,27.9563660207,28.2972973136,27.910908515,28.1988060512,18054300,18054300,0.0,1.0,tiingo_historical_seed,
2011-07-22,XLI,37.06,37.09,36.7,36.83,28.0775860359,28.1003147888,27.8048410016,27.903332264,20127000,20127000,0.0,1.0,tiingo_historical_seed,
2011-07-25,XLI,36.5,37.028,36.45,36.81,27.6533159825,28.0533420329,27.6154347277,27.8881797621,13278600,13278600,0.0,1.0,tiingo_historical_seed,
2011-07-26,XLI,36.68,36.71,36.045,36.13,27.7896884997,27.8124172525,27.3085965641,27.3729946972,24912000,24912000,0.0,1.0,tiingo_historical_seed,
2011-07-27,XLI,35.96,35.98,35.05,35.15,27.244198431,27.2593509329,26.5547595942,26.6305221037,42181100,42181100,0.0,1.0,tiingo_historical_seed,
2011-07-28,XLI,35.19,35.51,34.77,34.85,26.6608271075,26.9032671381,26.3426245675,26.4032345751,32606300,32606300,0.0,1.0,tiingo_historical_seed,
2011-07-29,XLI,34.51,35.02,34.1937,34.68,26.1456420426,26.5320308413,25.906005225,26.2744383089,27382200,27382200,0.0,1.0,tiingo_historical_seed,
2011-08-01,XLI,35.16,35.215,34.06,34.46,26.6380983547,26.6797677349,25.8047107497,26.1077607879,36471600,36471600,0.0,1.0,tiingo_historical_seed,
2011-08-02,XLI,34.12,34.43,33.26,33.26,25.8501682554,26.085032035,25.1986106734,25.1986106734,43640200,43640200,0.0,1.0,tiingo_historical_seed,
2011-08-03,XLI,33.29,33.58,32.67,33.56,25.2213394262,25.4410507039,24.7516118671,25.425898202,49331300,49331300,0.0,1.0,tiingo_historical_seed,
2011-08-04,XLI,33.0,33.07,31.7,31.76,25.0016281486,25.0546619053,24.0167155245,24.0621730303,49619600,49619600,0.0,1.0,tiingo_historical_seed,
2011-08-05,XLI,32.21,32.41,30.97,31.76,24.4031043232,24.5546293423,23.4636492049,24.0621730303,67180800,67180800,0.0,1.0,tiingo_historical_seed,
2011-08-08,XLI,30.62,31.18,29.5,29.52,23.1984804215,23.6227504749,22.3499403146,22.3650928165,64519200,64519200,0.0,1.0,tiingo_historical_seed,
2011-08-09,XLI,29.92,30.98,29.03,30.98,22.6681428547,23.4712254558,21.9938565198,23.4712254558,55589000,55589000,0.0,1.0,tiingo_historical_seed,
2011-08-10,XLI,30.38,30.55,29.38,29.4,23.0166503986,23.1454466648,22.2590253032,22.2741778051,45042000,45042000,0.0,1.0,tiingo_historical_seed,
2011-08-11,XLI,29.66,31.26,29.45,30.8,22.4711603299,23.6833604826,22.3120590599,23.3348529387,40559500,40559500,0.0,1.0,tiingo_historical_seed,
2011-08-12,XLI,31.2,31.57,30.86,31.4,23.6379029768,23.9182242621,23.3803104444,23.7894279959,29823800,29823800,0.0,1.0,tiingo_historical_seed,
2011-08-15,XLI,31.59,31.94,31.5274,31.87,23.933376764,24.1985455474,23.8859494331,24.1455117908,36619200,36619200,0.0,1.0,tiingo_historical_seed,
2011-08-16,XLI,31.51,31.78,31.15,31.42,23.8727667564,24.0773255322,23.6000217221,23.8045804978,29966700,29966700,0.0,1.0,tiingo_historical_seed,
2011-08-17,XLI,31.69,31.87,31.08,31.32,24.0091392736,24.1455117908,23.5469879654,23.7288179883,28800600,28800600,0.0,1.0,tiingo_historical_seed,
2011-08-18,XLI,30.41,30.44,29.3,29.585,23.0393791515,23.0621079043,22.1984152956,22.4143384477,36126900,36126900,0.0,1.0,tiingo_historical_seed,
2011-08-19,XLI,29.13,30.06,29.09,29.13,22.0696190293,22.7742103681,22.0393140255,22.0696190293,36632900,36632900,0.0,1.0,tiingo_historical_seed,
2011-08-22,XLI,29.9,29.9,29.14,29.24,22.6529903528,22.6529903528,22.0771952803,22.1529577898,26082800,26082800,0.0,1.0,tiingo_historical_seed,
2011-08-23,XLI,29.35,30.27,29.172,30.27,22.2362965503,22.9333116381,22.1014392833,22.9333116381,30759300,30759300,0.0,1.0,tiingo_historical_seed,
2011-08-24,XLI,30.18,30.935,30.09,30.88,22.8651253795,23.4371323265,22.7969391209,23.3954629463,19658800,19658800,0.0,1.0,tiingo_historical_seed,
2011-08-25,XLI,31.09,31.25,30.19,30.3,23.5545642163,23.6757842316,22.8727016305,22.956040391,23237000,23237000,0.0,1.0,tiingo_historical_seed,
2011-08-26,XLI,30.11,31.05,29.59,30.93,22.8120916228,23.5242592125,22.4181265732,23.4333442011,24837300,24837300,0.0,1.0,tiingo_historical_seed,
2011-08-29,XLI,31.28,31.94,31.28,31.91,23.6985129845,24.1985455474,23.6985129845,24.1758167946,22386300,22386300,0.0,1.0,tiingo_historical_seed,
2011-08-30,XLI,31.81,32.41,31.56,32.18,24.100054285,24.5546293423,23.9106480112,24.3803755703,25620800,25620800,0.0,1.0,tiingo_historical_seed,
2011-08-31,XLI,32.47,32.89,32.12,32.4,24.600086848,24.9182893881,24.3349180646,24.5470530913,32650500,32650500,0.0,1.0,tiingo_historical_seed,
2011-09-01,XLI,32.45,32.78,31.84,31.87,24.5849343461,24.8349506276,24.1227830379,24.1455117908,39363900,39363900,0.0,1.0,tiingo_historical_seed,
2011-09-02,XLI,31.17,31.3,30.73,30.85,23.615174224,23.7136654864,23.281819182,23.3727341934,30905300,30905300,0.0,1.0,tiingo_historical_seed,
2011-09-06,XLI,29.99,30.6,29.75,30.53,22.7211766114,23.1833279196,22.5393465885,23.1302941629,25692100,25692100,0.0,1.0,tiingo_historical_seed,
2011-09-07,XLI,31.08,31.51,30.95,31.48,23.5469879654,23.8727667564,23.448496703,23.8500380035,26052400,26052400,0.0,1.0,tiingo_historical_seed,
2011-09-08,XLI,31.12,31.56,30.88,31.005,23.5772929692,23.9106480112,23.3954629463,23.4901660832,24264700,24264700,0.0,1.0,tiingo_historical_seed,
2011-09-09,XLI,30.64,30.79,29.99,30.18,23.2136329234,23.3272766877,22.7211766114,22.8651253795,34468600,34468600,0.0,1.0,tiingo_historical_seed,
2011-09-12,XLI,29.85,30.27,29.49,30.235,22.615109098,22.9333116381,22.3423640637,22.9067947598,30422400,30422400,0.0,1.0,tiingo_historical_seed,
2011-09-13,XLI,30.35,31.01,30.17,30.8,22.9939216457,23.4939542087,22.8575491286,23.3348529387,41508700,41508700,0.0,1.0,tiingo_historical_seed,
2011-09-14,XLI,30.98,31.79,30.34,31.34,23.4712254558,24.0849017831,22.9863453948,23.7439704902,35106900,35106900,0.0,1.0,tiingo_historical_seed,
2011-09-15,XLI,31.68,32.0,31.52,31.975,24.0015630226,24.2440030532,23.8803430074,24.2250624258,32996200,32996200,0.0,1.0,tiingo_historical_seed,
2011-09-16,XLI,31.93,32.2,31.64,31.97,24.3256427002,24.5313402739,24.1047082691,24.3561164148,30668200,30668200,0.17798,1.0,tiingo_historical_seed,
2011-09-19,XLI,31.49,31.81,31.16,31.67,23.9904318393,24.2342215563,23.7390236936,24.1275635551,25728600,25728600,0.0,1.0,tiingo_historical_seed,
2011-09-20,XLI,31.82,32.04,31.41,31.44,24.2418399849,24.4094454154,23.92948441,23.952339696,24276800,24276800,0.0,1.0,tiingo_historical_seed,
2011-09-21,XLI,31.36,31.4,30.11,30.14,23.8913922667,23.9218659814,22.9390886847,22.9619439706,39438900,39438900,0.0,1.0,tiingo_historical_seed,
2011-09-22,XLI,29.32,29.46,28.65,29.01,22.3372328208,22.443890822,21.8267981008,22.1010615325,49906200,49906200,0.0,1.0,tiingo_historical_seed,
2011-09-23,XLI,28.86,29.59,28.86,29.31,21.9867851026,22.5429303945,21.9867851026,22.3296143922,40959900,40959900,0.0,1.0,tiingo_historical_seed,
2011-09-26,XLI,29.62,30.11,29.15,30.05,22.5657856805,22.9390886847,22.2077195337,22.8933781127,28701200,28701200,0.0,1.0,tiingo_historical_seed,
2011-09-27,XLI,30.79,31.12,30.38,30.58,23.4571418333,23.708549979,23.1447862584,23.2971548315,31931700,31931700,0.0,1.0,tiingo_historical_seed,
2011-09-28,XLI,30.63,30.91,29.76,29.8,23.3352469748,23.5485629772,22.6724436817,22.7029173963,22879400,22879400,0.0,1.0,tiingo_historical_seed,
2011-09-29,XLI,30.43,30.62,29.59,30.23,23.1828784017,23.3276285462,22.5429303945,23.0305098286,25937500,25937500,0.0,1.0,tiingo_historical_seed,
2011-09-30,XLI,29.71,29.89,29.21,29.22,22.6343515384,22.7714832542,22.2534301056,22.2610485342,35514500,35514500,0.0,1.0,tiingo_historical_seed,
2011-10-03,XLI,29.0,29.51,28.36,28.4,22.0934431038,22.4819829653,21.6058636698,21.6363373844,31693400,31693400,0.0,1.0,tiingo_historical_seed,
2011-10-04,XLI,28.0,29.19,27.67,29.19,21.3316002382,22.2381932483,21.0801920925,22.2381932483,37532700,37532700,0.0,1.0,tiingo_historical_seed,
2011-10-05,XLI,29.17,29.885,29.01,29.81,22.222956391,22.7676740399,22.1010615325,22.710535825,26507900,26507900,0.0,1.0,tiingo_historical_seed,
2011-10-06,XLI,29.8,30.45,29.49,30.41,22.7029173963,23.198115259,22.466746108,23.1676415444,18317500,18317500,0.0,1.0,tiingo_historical_seed,
2011-10-07,XLI,30.71,30.74,30.04,30.34,23.3961944041,23.41904969,22.8857596841,23.1143125438,26463200,26463200,0.0,1.0,tiingo_historical_seed,
2011-10-10,XLI,30.9,31.41,30.76,31.4,23.5409445485,23.92948441,23.4342865473,23.9218659814,19918900,19918900,0.0,1.0,tiingo_historical_seed,
2011-10-11,XLI,31.12,31.61,31.11,31.49,23.708549979,24.0818529831,23.7009315503,23.9904318393,17798900,17798900,0.0,1.0,tiingo_historical_seed,
2011-10-12,XLI,31.75,32.25,31.64,31.89,24.1885109843,24.5694324172,24.1047082691,24.2951689855,26361000,26361000,0.0,1.0,tiingo_historical_seed,
2011-10-13,XLI,31.7,31.73,31.22,31.62,24.1504188411,24.173274127,23.7847342655,24.0894714118,14207000,14207000,0.0,1.0,tiingo_historical_seed,
2011-10-14,XLI,32.01,32.23,31.79,32.19,24.3865901294,24.5541955598,24.218984699,24.5237218452,12087800,12087800,0.0,1.0,tiingo_historical_seed,
2011-10-17,XLI,32.1,32.1,31.22,31.27,24.4551559873,24.4551559873,23.7847342655,23.8228264088,15218300,15218300,0.0,1.0,tiingo_historical_seed,
2011-10-18,XLI,31.3,32.51,31.149,32.17,23.8456816948,24.7675115622,23.7306434221,24.5084849879,22586500,22586500,0.0,1.0,tiingo_historical_seed,
2011-10-19,XLI,32.18,32.36,31.67,31.78,24.5161034166,24.6532351324,24.1275635551,24.2113662703,14325500,14325500,0.0,1.0,tiingo_historical_seed,
2011-10-20,XLI,31.87,32.18,31.54,32.05,24.2799321282,24.5161034166,24.0285239826,24.417063844,17668000,17668000,0.0,1.0,tiingo_historical_seed,
2011-10-21,XLI,32.35,32.71,32.24,32.67,24.6456167037,24.9198801354,24.5618139885,24.8894064207,17444000,17444000,0.0,1.0,tiingo_historical_seed,
2011-10-24,XLI,32.9,33.395,32.8,33.28,25.0646302798,25.4417424983,24.9884459933,25.3541305688,20781300,20781300,0.0,1.0,tiingo_historical_seed,
2011-10-25,XLI,32.86,32.99,32.34,32.6,25.0341565652,25.1331961377,24.6379982751,24.8360774201,21930900,21930900,0.0,1.0,tiingo_historical_seed,
2011-10-26,XLI,33.04,33.1,32.39,32.83,25.171288281,25.216998853,24.6760904184,25.0113012792,19522200,19522200,0.0,1.0,tiingo_historical_seed,
2011-10-27,XLI,33.87,34.58,33.69,34.26,25.8036178595,26.3445262941,25.6664861437,26.1007365771,27019600,27019600,0.0,1.0,tiingo_historical_seed,
2011-10-28,XLI,34.22,34.35,34.05,34.26,26.0702628625,26.169302435,25.9407495753,26.1007365771,11953200,11953200,0.0,1.0,tiingo_historical_seed,
2011-10-31,XLI,33.91,33.96,33.39,33.42,25.8340915741,25.8721837174,25.437933284,25.46078857,14055300,14055300,0.0,1.0,tiingo_historical_seed,
2011-11-01,XLI,32.4,32.91,32.16,32.41,24.683708847,25.0722487085,24.5008665593,24.6913272757,33656400,33656400,0.0,1.0,tiingo_historical_seed,
2011-11-02,XLI,33.17,33.25,32.73,33.05,25.2703278536,25.3312752828,24.9351169927,25.1789067097,15434600,15434600,0.0,1.0,tiingo_historical_seed,
2011-11-03,XLI,33.49,33.91,33.085,33.86,25.5141175706,25.8340915741,25.20557121,25.7959994309,18669300,18669300,0.0,1.0,tiingo_historical_seed,
2011-11-04,XLI,33.54,33.66,33.06,33.6,25.5522097138,25.6436308577,25.1865251383,25.5979202858,12744600,12744600,0.0,1.0,tiingo_historical_seed,
2011-11-07,XLI,33.6,33.79,33.08,33.68,25.5979202858,25.7426704303,25.2017619956,25.658867715,14388400,14388400,0.0,1.0,tiingo_historical_seed,
2011-11-08,XLI,33.82,34.09,33.41,34.06,25.7655257162,25.97122329,25.4531701413,25.948368004,16127700,16127700,0.0,1.0,tiingo_historical_seed,
2011-11-09,XLI,33.36,33.36,32.61,32.74,25.415077998,25.415077998,24.8436958488,24.9427354213,23690600,23690600,0.0,1.0,tiingo_historical_seed,
2011-11-10,XLI,33.24,33.37,32.91,33.14,25.3236568542,25.4226964267,25.0722487085,25.2474725676,23184700,23184700,0.0,1.0,tiingo_historical_seed,
2011-11-11,XLI,33.5,34.05,33.5,33.93,25.5217359992,25.9407495753,25.5217359992,25.8493284315,13918200,13918200,0.0,1.0,tiingo_historical_seed,
2011-11-14,XLI,33.84,33.97,33.525,33.72,25.7807625735,25.8798021461,25.5407820709,25.6893414297,11332300,11332300,0.0,1.0,tiingo_historical_seed,
2011-11-15,XLI,33.56,34.07,33.47,33.92,25.5674465712,25.9559864326,25.4988807133,25.8417100028,12431600,12431600,0.0,1.0,tiingo_historical_seed,
2011-11-16,XLI,33.52,34.01,33.36,33.42,25.5369728565,25.9102758607,25.415077998,25.46078857,14013800,14013800,0.0,1.0,tiingo_historical_seed,
2011-11-17,XLI,33.35,33.419,32.56,32.84,25.4074595694,25.4600267271,24.8056037055,25.0189197079,23763800,23763800,0.0,1.0,tiingo_historical_seed,
2011-11-18,XLI,33.01,33.11,32.74,32.92,25.1484329951,25.2246172816,24.9427354213,25.0798671371,13851100,13851100,0.0,1.0,tiingo_historical_seed,
2011-11-21,XLI,32.42,32.42,31.8,32.16,24.6989457043,24.6989457043,24.2266031276,24.5008665593,18028600,18028600,0.0,1.0,tiingo_historical_seed,
2011-11-22,XLI,32.15,32.1888,31.72,31.95,24.4932481306,24.5228076338,24.1656556984,24.3408795575,19366600,19366600,0.0,1.0,tiingo_historical_seed,
2011-11-23,XLI,31.69,31.7,31.19,31.21,24.1428004124,24.1504188411,23.7618789796,23.7771158369,18880000,18880000,0.0,1.0,tiingo_historical_seed,
2011-11-25,XLI,31.08,31.58,31.08,31.16,23.6780762644,24.0589976972,23.6780762644,23.7390236936,7025200,7025200,0.0,1.0,tiingo_historical_seed,
2011-11-28,XLI,32.11,32.41,31.965,32.21,24.462774416,24.6913272757,24.3523072005,24.5389587025,15618000,15618000,0.0,1.0,tiingo_historical_seed,
2011-11-29,XLI,32.32,32.6295,32.15,32.24,24.6227614178,24.8585517847,24.4932481306,24.5618139885,18321400,18321400,0.0,1.0,tiingo_historical_seed,
2011-11-30,XLI,33.3079,33.89,33.11,33.89,25.3753859847,25.8188547168,25.2246172816,25.8188547168,23767800,23767800,0.0,1.0,tiingo_historical_seed,
2011-12-01,XLI,33.7,33.97,33.64,33.78,25.6741045724,25.8798021461,25.6283940004,25.7350520016,17912100,17912100,0.0,1.0,tiingo_historical_seed,
2011-12-02,XLI,34.0,34.24,33.67,33.71,25.902657432,26.0854997198,25.6512492864,25.681723001,18373000,18373000,0.0,1.0,tiingo_historical_seed,
2011-12-05,XLI,34.26,34.34,33.83,34.07,26.1007365771,26.1616840064,25.7731441449,25.9559864326,17993100,17993100,0.0,1.0,tiingo_historical_seed,
2011-12-06,XLI,34.14,34.32,33.93,34.06,26.0093154332,26.1464471491,25.8493284315,25.948368004,12618300,12618300,0.0,1.0,tiingo_historical_seed,
2011-12-07,XLI,34.08,34.1701,33.6,34.05,25.9636048613,26.0322469035,25.5979202858,25.9407495753,25265900,25265900,0.0,1.0,tiingo_historical_seed,
2011-12-08,XLI,33.83,33.9,33.13,33.21,25.7731441449,25.8264731455,25.2398541389,25.3008015682,17456600,17456600,0.0,1.0,tiingo_historical_seed,
2011-12-09,XLI,33.45,34.05,33.39,33.97,25.4836438559,25.9407495753,25.437933284,25.8798021461,22390300,22390300,0.0,1.0,tiingo_historical_seed,
2011-12-12,XLI,33.69,33.69,33.075,33.35,25.6664861437,25.6664861437,25.1979527813,25.4074595694,15878100,15878100,0.0,1.0,tiingo_historical_seed,
2011-12-13,XLI,33.64,33.78,32.76,32.91,25.6283940004,25.7350520016,24.9579722786,25.0722487085,25786600,25786600,0.0,1.0,tiingo_historical_seed,
2011-12-14,XLI,32.64,32.9,32.45,32.52,24.8665511348,25.0646302798,24.7218009903,24.7751299909,19622000,19622000,0.0,1.0,tiingo_historical_seed,
2011-12-15,XLI,32.97,33.02,32.615,32.75,25.1179592804,25.1560514237,24.8475050631,24.95035385,14535100,14535100,0.0,1.0,tiingo_historical_seed,
2011-12-16,XLI,32.81,33.13,32.54,32.67,25.1624906213,25.4079035137,24.9554234933,25.0551224809,35073700,35073700,0.21752,1.0,tiingo_historical_seed,
2011-12-19,XLI,32.74,33.0,32.22,32.33,25.1088065511,25.3082045261,24.710010601,24.7943712827,16276600,16276600,0.0,1.0,tiingo_historical_seed,
2011-12-20,XLI,32.81,33.5,32.81,33.435,25.1624906213,25.6916621705,25.1624906213,25.6418126767,24973900,24973900,0.0,1.0,tiingo_historical_seed,
2011-12-21,XLI,33.4,33.54,32.98,33.45,25.6149706416,25.722338782,25.2928662204,25.653316406,18990000,18990000,0.0,1.0,tiingo_historical_seed,
2011-12-22,XLI,33.49,33.83,33.49,33.765,25.6839930176,25.9447442157,25.6839930176,25.894894722,12781100,12781100,0.0,1.0,tiingo_historical_seed,
2011-12-23,XLI,33.91,34.09,33.76,34.09,26.0060974388,26.1441421908,25.8910601455,26.1441421908,5526300,5526300,0.0,1.0,tiingo_historical_seed,
2011-12-27,XLI,33.96,34.15,33.89,34.08,26.0444432033,26.1901571081,25.990759133,26.1364730379,5313800,5313800,0.0,1.0,tiingo_historical_seed,
2011-12-28,XLI,34.12,34.12,33.46,33.54,26.1671496494,26.1671496494,25.6609855589,25.722338782,10798600,10798600,0.0,1.0,tiingo_historical_seed,
2011-12-29,XLI,33.56,33.99,33.55,33.96,25.7376770878,26.0674506619,25.7300079349,26.0444432033,6053600,6053600,0.0,1.0,tiingo_historical_seed,
2011-12-30,XLI,33.89,34.02,33.75,33.75,25.990759133,26.0904581206,25.8833909926,25.8833909926,4281700,4281700,0.0,1.0,tiingo_historical_seed,
2012-01-03,XLI,34.41,34.81,34.41,34.49,26.3895550832,26.6963211986,26.3895550832,26.4509083063,19704600,19704600,0.0,1.0,tiingo_historical_seed,
2012-01-04,XLI,34.38,34.69,34.3,34.65,26.3665476245,26.604291364,26.3051944014,26.5736147524,10290300,10290300,0.0,1.0,tiingo_historical_seed,
2012-01-05,XLI,34.43,34.68,34.15,34.66,26.4048933889,26.5966222111,26.1901571081,26.5812839053,8828900,8828900,0.0,1.0,tiingo_historical_seed,
2012-01-06,XLI,34.74,34.745,34.48,34.59,26.6426371284,26.6464717049,26.4432391534,26.5275998351,8702400,8702400,0.0,1.0,tiingo_historical_seed,
2012-01-09,XLI,34.69,34.9,34.54,34.845,26.604291364,26.7653435746,26.4892540707,26.7231632337,15523400,15523400,0.0,1.0,tiingo_historical_seed,
2012-01-10,XLI,35.33,35.42,35.25,35.35,27.0951171487,27.1641395247,27.0337639256,27.1104554545,17201200,17201200,0.0,1.0,tiingo_historical_seed,
2012-01-11,XLI,35.2199,35.53,35.2,35.46,27.0106797755,27.2485002065,26.9954181612,27.1948161363,9828900,9828900,0.0,1.0,tiingo_historical_seed,
2012-01-12,XLI,35.57,35.84,35.39,35.77,27.279176818,27.486243946,27.1411320661,27.4325598757,9283500,9283500,0.0,1.0,tiingo_historical_seed,
2012-01-13,XLI,35.49,35.54,35.16,35.495,27.2178235949,27.2561693594,26.9647415497,27.2216581714,10858400,10858400,0.0,1.0,tiingo_historical_seed,
2012-01-17,XLI,35.97,36.03,35.62,35.67,27.5859429335,27.6319578508,27.3175225824,27.3558683469,10633500,10633500,0.0,1.0,tiingo_historical_seed,
2012-01-18,XLI,35.55,36.01,35.51,35.99,27.2638385122,27.616619545,27.2331619007,27.6012812393,15984200,15984200,0.0,1.0,tiingo_historical_seed,
2012-01-19,XLI,36.18,36.38,36.085,36.37,27.7469951441,27.9003782018,27.6741381917,27.892709049,9950600,9950600,0.0,1.0,tiingo_historical_seed,
2012-01-20,XLI,36.16,36.25,36.02,36.16,27.7316568383,27.8006792143,27.6242886979,27.7316568383,11160200,11160200,0.0,1.0,tiingo_historical_seed,
2012-01-23,XLI,36.1,36.45,36.0,36.12,27.685641921,27.954062272,27.6089503921,27.7009802268,13137700,13137700,0.0,1.0,tiingo_historical_seed,
2012-01-24,XLI,35.84,36.17,35.77,36.16,27.486243946,27.7393259912,27.4325598757,27.7316568383,5679000,5679000,0.0,1.0,tiingo_historical_seed,
2012-01-25,XLI,36.02,36.67,35.86,36.56,27.6242886979,28.1227836356,27.5015822517,28.0384229538,13684300,13684300,0.0,1.0,tiingo_historical_seed,
2012-01-26,XLI,36.79,36.92,36.38,36.49,28.2148134702,28.3145124577,27.9003782018,27.9847388836,11594900,11594900,0.0,1.0,tiingo_historical_seed,
2012-01-27,XLI,36.32,36.59,36.29,36.46,27.8543632845,28.0614304125,27.8313558259,27.9617314249,6931100,6931100,0.0,1.0,tiingo_historical_seed,
2012-01-30,XLI,36.13,36.36,36.0,36.33,27.7086493797,27.8850398961,27.6089503921,27.8620324374,9735600,9735600,0.0,1.0,tiingo_historical_seed,
2012-01-31,XLI,36.49,36.62,36.04,36.22,27.9847388836,28.0844378711,27.6396270037,27.7776717557,18226900,18226900,0.0,1.0,tiingo_historical_seed,
2012-02-01,XLI,36.5,36.82,36.5,36.61,27.9924080365,28.2378209289,27.9924080365,28.0767687182,11770900,11770900,0.0,1.0,tiingo_historical_seed,
2012-02-02,XLI,36.69,36.75,36.52,36.63,28.1381219413,28.1841368586,28.0077463423,28.092107024,9223800,9223800,0.0,1.0,tiingo_historical_seed,
2012-02-03,XLI,37.04,37.32,36.98,37.26,28.4065422924,28.6212785732,28.360527375,28.5752636559,11529700,11529700,0.0,1.0,tiingo_historical_seed,
2012-02-06,XLI,37.0,37.259,36.98,37.17,28.3758656808,28.5744967406,28.360527375,28.5062412799,8686800,8686800,0.0,1.0,tiingo_historical_seed,
2012-02-07,XLI,37.09,37.21,36.78,37.13,28.4448880568,28.5369178914,28.2071443173,28.4755646683,9038900,9038900,0.0,1.0,tiingo_historical_seed,
2012-02-08,XLI,37.21,37.275,37.03,37.21,28.5369178914,28.5867673852,28.3988731395,28.5369178914,10111800,10111800,0.0,1.0,tiingo_historical_seed,
2012-02-09,XLI,37.35,37.375,37.1,37.31,28.6442860318,28.6634589141,28.4525572097,28.6136094203,9383900,9383900,0.0,1.0,tiingo_historical_seed,
2012-02-10,XLI,36.98,36.985,36.73,36.97,28.360527375,28.3643619515,28.1687985529,28.3528582222,14726700,14726700,0.0,1.0,tiingo_historical_seed,
2012-02-13,XLI,37.29,37.45,37.03,37.42,28.5982711145,28.7209775607,28.3988731395,28.6979701021,16480700,16480700,0.0,1.0,tiingo_historical_seed,
2012-02-14,XLI,37.31,37.32,37.02,37.29,28.6136094203,28.6212785732,28.3912039866,28.5982711145,13354100,13354100,0.0,1.0,tiingo_historical_seed,
2012-02-15,XLI,37.42,37.42,36.71,36.8,28.6979701021,28.6979701021,28.1534602471,28.2224826231,18457100,18457100,0.0,1.0,tiingo_historical_seed,
2012-02-16,XLI,36.8,37.16,36.71,37.14,28.2224826231,28.498572127,28.1534602471,28.4832338212,12220200,12220200,0.0,1.0,tiingo_historical_seed,
2012-02-17,XLI,37.25,37.39,37.15,37.28,28.567594503,28.6749626434,28.4909029741,28.5906019616,9207600,9207600,0.0,1.0,tiingo_historical_seed,
2012-02-21,XLI,37.47,37.57,37.265,37.41,28.7363158665,28.8130073954,28.5790982323,28.6903009492,13518700,13518700,0.0,1.0,tiingo_historical_seed,
2012-02-22,XLI,37.37,37.47,37.23,37.37,28.6596243376,28.7363158665,28.5522561972,28.6596243376,9040900,9040900,0.0,1.0,tiingo_historical_seed,
2012-02-23,XLI,37.33,37.53,37.17,37.49,28.6289477261,28.7823307838,28.5062412799,28.7516541723,9914900,9914900,0.0,1.0,tiingo_historical_seed,
2012-02-24,XLI,37.58,37.66,37.42,37.48,28.8206765482,28.8820297713,28.6979701021,28.7439850194,8444500,8444500,0.0,1.0,tiingo_historical_seed,
2012-02-27,XLI,37.23,37.66,37.11,37.51,28.5522561972,28.8820297713,28.4602263626,28.766992478,13756800,13756800,0.0,1.0,tiingo_historical_seed,
2012-02-28,XLI,37.48,37.55,37.3,37.46,28.7439850194,28.7976690896,28.6059402674,28.7286467136,12782300,12782300,0.0,1.0,tiingo_historical_seed,
2012-02-29,XLI,37.56,37.62,37.16,37.23,28.8053382425,28.8513531598,28.498572127,28.5522561972,14362100,14362100,0.0,1.0,tiingo_historical_seed,
2012-03-01,XLI,37.29,37.51,37.2,37.36,28.5982711145,28.766992478,28.5292487385,28.6519551847,15367900,15367900,0.0,1.0,tiingo_historical_seed,
2012-03-02,XLI,37.39,37.45,37.02,37.14,28.6749626434,28.7209775607,28.3912039866,28.4832338212,11497300,11497300,0.0,1.0,tiingo_historical_seed,
2012-03-05,XLI,37.05,37.09,36.75,36.88,28.4142114452,28.4448880568,28.1841368586,28.2838358462,15998800,15998800,0.0,1.0,tiingo_historical_seed,
2012-03-06,XLI,36.35,36.48,35.955,36.05,27.8773707432,27.9770697307,27.5744392042,27.6472961566,27730300,27730300,0.0,1.0,tiingo_historical_seed,
2012-03-07,XLI,36.18,36.48,36.15,36.42,27.7469951441,27.9770697307,27.7239876854,27.9310548134,14552900,14552900,0.0,1.0,tiingo_historical_seed,
2012-03-08,XLI,36.75,37.02,36.59,36.94,28.1841368586,28.3912039866,28.0614304125,28.3298507635,16027500,16027500,0.0,1.0,tiingo_historical_seed,
2012-03-09,XLI,37.02,37.17,36.81,37.02,28.3912039866,28.5062412799,28.230151776,28.3912039866,17457500,17457500,0.0,1.0,tiingo_historical_seed,
2012-03-12,XLI,37.07,37.13,36.9,37.01,28.429549751,28.4755646683,28.2991741519,28.3835348337,10597700,10597700,0.0,1.0,tiingo_historical_seed,
2012-03-13,XLI,37.26,37.8,37.07,37.78,28.5752636559,28.9893979118,28.429549751,28.974059606,25778700,25778700,0.0,1.0,tiingo_historical_seed,
2012-03-14,XLI,37.71,37.88,37.5815,37.69,28.9203755358,29.0507511348,28.8218269212,28.90503723,12873000,12873000,0.0,1.0,tiingo_historical_seed,
2012-03-15,XLI,37.8,38.17,37.61,38.14,28.9893979118,29.2731565686,28.8436840069,29.2501491099,15961100,15961100,0.0,1.0,tiingo_historical_seed,
2012-03-16,XLI,38.09,38.1,37.85,37.98,29.3478020571,29.3555069145,29.1628854781,29.2630486251,10822600,10822600,0.17682,1.0,tiingo_historical_seed,
2012-03-19,XLI,37.96,38.11,37.83,37.98,29.2476389101,29.363211772,29.1474757632,29.2630486251,13637700,13637700,0.0,1.0,tiingo_historical_seed,
2012-03-20,XLI,37.67,37.76,37.39,37.54,29.0241980439,29.093541761,28.808462035,28.9240348969,16481000,16481000,0.0,1.0,tiingo_historical_seed,
2012-03-21,XLI,37.62,37.67,37.43,37.52,28.9856737566,29.0241980439,28.8392814649,28.908625182,9452100,9452100,0.0,1.0,tiingo_historical_seed,
2012-03-22,XLI,37.24,37.25,36.8,37.1,28.6928891732,28.7005940306,28.353875445,28.5850211688,20800100,20800100,0.0,1.0,tiingo_historical_seed,
2012-03-23,XLI,37.06,37.22,36.845,37.16,28.5542017389,28.6774794583,28.3885473036,28.6312503135,11167800,11167800,0.0,1.0,tiingo_historical_seed,
2012-03-26,XLI,37.45,37.71,37.45,37.71,28.8546911798,29.0550174737,28.8546911798,29.0550174737,22876500,22876500,0.0,1.0,tiingo_historical_seed,
2012-03-27,XLI,37.73,37.79,37.58,37.59,29.0704271886,29.1166563334,28.9548543267,28.9625591842,11364300,11364300,0.0,1.0,tiingo_historical_seed,
2012-03-28,XLI,37.54,37.63,36.91,37.23,28.9240348969,28.993378614,28.4386288771,28.6851843157,26574800,26574800,0.0,1.0,tiingo_historical_seed,
2012-03-29,XLI,36.89,37.3,36.75,37.25,28.4232191621,28.7391183179,28.3153511577,28.7005940306,18527600,18527600,0.0,1.0,tiingo_historical_seed,
2012-03-30,XLI,37.47,37.52,37.23,37.415,28.8701008947,28.908625182,28.6851843157,28.8277241787,12711400,12711400,0.0,1.0,tiingo_historical_seed,
2012-04-02,XLI,37.34,37.79,37.1613,37.66,28.7699377477,29.1166563334,28.632251945,29.0164931864,24390700,24390700,0.0,1.0,tiingo_historical_seed,
2012-04-03,XLI,37.56,37.66,37.22,37.39,28.9394446118,29.0164931864,28.6774794583,28.808462035,10447200,10447200,0.0,1.0,tiingo_historical_seed,
2012-04-04,XLI,37.03,37.19,36.95,37.12,28.5310871666,28.6543648859,28.4694483069,28.6004308837,13437700,13437700,0.0,1.0,tiingo_historical_seed,
2012-04-05,XLI,37.01,37.17,36.9166,36.97,28.5156774516,28.638955171,28.443714083,28.4848580218,10535800,10535800,0.0,1.0,tiingo_historical_seed,
2012-04-09,XLI,36.37,36.53,36.27,36.37,28.0225665743,28.1458442937,27.9455179998,28.0225665743,13811000,13811000,0.0,1.0,tiingo_historical_seed,
2012-04-10,XLI,36.33,36.33,35.56,35.63,27.9917471445,27.9917471445,27.3984731202,27.4524071225,21444600,21444600,0.0,1.0,tiingo_historical_seed,
2012-04-11,XLI,36.1,36.19,35.9,36.03,27.814535423,27.8838791401,27.6604382738,27.7606014208,19239100,19239100,0.0,1.0,tiingo_historical_seed,
2012-04-12,XLI,36.1,36.82,36.03,36.8,27.814535423,28.3692851599,27.7606014208,28.353875445,24078200,24078200,0.0,1.0,tiingo_historical_seed,
2012-04-13,XLI,36.57,36.63,36.32,36.33,28.1766637235,28.2228928682,27.984042287,27.9917471445,17836200,17836200,0.0,1.0,tiingo_historical_seed,
2012-04-16,XLI,36.55,36.71,36.285,36.43,28.1612540086,28.2845317279,27.9570752859,28.0687957191,20864200,20864200,0.0,1.0,tiingo_historical_seed,
2012-04-17,XLI,36.69,37.12,36.53,37.03,28.269122013,28.6004308837,28.1458442937,28.5310871666,16312000,16312000,0.0,1.0,tiingo_historical_seed,
2012-04-18,XLI,36.85,37.02,36.77,36.87,28.3923997323,28.5233823091,28.3307608726,28.4078094472,13415200,13415200,0.0,1.0,tiingo_historical_seed,
2012-04-19,XLI,36.89,36.97,36.25,36.46,28.4232191621,28.4848580218,27.9301082848,28.0919102915,25315800,25315800,0.0,1.0,tiingo_historical_seed,
2012-04-20,XLI,36.78,36.94,36.62,36.77,28.3384657301,28.4617434494,28.2151880108,28.3307608726,18231800,18231800,0.0,1.0,tiingo_historical_seed,
2012-04-23,XLI,36.31,36.4,36.08,36.36,27.9763374296,28.0456811467,27.7991257081,28.0148617169,25099300,25099300,0.0,1.0,tiingo_historical_seed,
2012-04-24,XLI,36.53,36.8657,36.5,36.84,28.1458442937,28.4044963585,28.1227297213,28.3846948749,15002500,15002500,0.0,1.0,tiingo_historical_seed,
2012-04-25,XLI,37.13,37.17,36.8,36.91,28.6081357411,28.638955171,28.353875445,28.4386288771,18132200,18132200,0.0,1.0,tiingo_historical_seed,
2012-04-26,XLI,36.83,37.17,36.76,37.13,28.3769900174,28.638955171,28.3230560152,28.6081357411,14809200,14809200,0.0,1.0,tiingo_historical_seed,
2012-04-27,XLI,37.33,37.445,37.1,37.36,28.7622328903,28.8508387511,28.5850211688,28.7853474627,14101000,14101000,0.0,1.0,tiingo_historical_seed,
2012-04-30,XLI,37.22,37.28,36.87,37.01,28.6774794583,28.723708603,28.4078094472,28.5156774516,16463800,16463800,0.0,1.0,tiingo_historical_seed,
2012-05-01,XLI,36.93,37.3999,36.64,37.12,28.454038592,28.8160898439,28.2305977257,28.6004308837,17561900,17561900,0.0,1.0,tiingo_historical_seed,
2012-05-02,XLI,36.86,37.16,36.78,37.13,28.4001045898,28.6312503135,28.3384657301,28.6081357411,10896500,10896500,0.0,1.0,tiingo_historical_seed,
2012-05-03,XLI,37.14,37.2,36.73,36.83,28.6158405986,28.6620697433,28.2999414428,28.3769900174,12904900,12904900,0.0,1.0,tiingo_historical_seed,
2012-05-04,XLI,36.65,36.69,36.2,36.3,28.2383025832,28.269122013,27.8915839975,27.9686325721,20063400,20063400,0.0,1.0,tiingo_historical_seed,
2012-05-07,XLI,36.1,36.38,36.09,36.2,27.814535423,28.0302714318,27.8068305655,27.8915839975,15554200,15554200,0.0,1.0,tiingo_historical_seed,
2012-05-08,XLI,35.98,36.18,35.62,36.11,27.7220771335,27.8761742826,27.444702265,27.8222402804,18180500,18180500,0.0,1.0,tiingo_historical_seed,
2012-05-09,XLI,35.67,36.03,35.46,35.69,27.4832265523,27.7606014208,27.3214245457,27.4986362672,31133700,31133700,0.0,1.0,tiingo_historical_seed,
2012-05-10,XLI,35.99,36.13,35.665,35.74,27.7297819909,27.8376499953,27.4793741236,27.5371605545,13300000,13300000,0.0,1.0,tiingo_historical_seed,
2012-05-11,XLI,35.52,36.05,35.51,35.67,27.3676536904,27.7760111357,27.359948833,27.4832265523,14050700,14050700,0.0,1.0,tiingo_historical_seed,
2012-05-14,XLI,35.35,35.56,35.11,35.255,27.2366711136,27.3984731202,27.0517545346,27.1634749678,23499400,23499400,0.0,1.0,tiingo_historical_seed,
2012-05-15,XLI,35.2,35.47,34.98,35.08,27.1210982518,27.3291294031,26.9515913877,27.0286399623,14061700,14061700,0.0,1.0,tiingo_historical_seed,
2012-05-16,XLI,35.35,35.53,35.0,35.04,27.2366711136,27.3753585479,26.9670011026,26.9978205324,14807700,14807700,0.0,1.0,tiingo_historical_seed,
2012-05-17,XLI,35.01,35.07,34.27,34.29,26.9747059601,27.0209351048,26.4045465082,26.4199562231,23972500,23972500,0.0,1.0,tiingo_historical_seed,
2012-05-18,XLI,34.4,34.62,34.02,34.12,26.5047096551,26.6742165192,26.2119250717,26.2889736463,21477400,21477400,0.0,1.0,tiingo_historical_seed,
2012-05-21,XLI,34.33,34.91,34.31,34.88,26.4507756529,26.8976573855,26.435365938,26.8745428131,16473500,16473500,0.0,1.0,tiingo_historical_seed,
2012-05-22,XLI,35.01,35.2301,34.765,35.01,26.9747059601,27.1442898727,26.7859369523,26.9747059601,14386000,14386000,0.0,1.0,tiingo_historical_seed,
2012-05-23,XLI,34.72,35.27,34.38,35.2,26.7512650938,27.175032254,26.4892999402,27.1210982518,25824400,25824400,0.0,1.0,tiingo_historical_seed,
2012-05-24,XLI,35.29,35.3301,34.77,35.16,27.1904419689,27.2213384473,26.7897893811,27.0902788219,13768100,13768100,0.0,1.0,tiingo_historical_seed,
2012-05-25,XLI,35.17,35.24,34.8399,34.92,27.0979836794,27.1519176816,26.8436463347,26.9053622429,8026500,8026500,0.0,1.0,tiingo_historical_seed,
2012-05-29,XLI,35.21,35.5,35.175,35.39,27.1288031092,27.3522439755,27.1018361081,27.2674905435,14105300,14105300,0.0,1.0,tiingo_historical_seed,
2012-05-30,XLI,35.07,35.07,34.73,34.8,27.0209351048,27.0209351048,26.7589699512,26.8129039534,15655500,15655500,0.0,1.0,tiingo_historical_seed,
2012-05-31,XLI,34.7,34.92,34.265,34.67,26.7358553789,26.9053622429,26.4006940794,26.7127408065,17828700,17828700,0.0,1.0,tiingo_historical_seed,
2012-06-01,XLI,33.98,34.15,33.67,33.71,26.1811056419,26.3120882187,25.9422550607,25.9730744905,24430500,24430500,0.0,1.0,tiingo_historical_seed,
2012-06-04,XLI,33.73,33.77,33.08,33.36,25.9884842055,26.0193036353,25.4876684707,25.7034044795,23893000,23893000,0.0,1.0,tiingo_historical_seed,
2012-06-05,XLI,33.27,33.51,33.14,33.455,25.6340607624,25.8189773414,25.5338976154,25.7766006254,17784400,17784400,0.0,1.0,tiingo_historical_seed,
2012-06-06,XLI,33.76,34.36,33.6999,34.345,26.0115987778,26.4738902253,25.9652925845,26.4623329391,20089700,20089700,0.0,1.0,tiingo_historical_seed,
2012-06-07,XLI,34.77,35.06,34.485,34.54,26.7897893811,27.0132302474,26.5702009435,26.6125776595,21550300,21550300,0.0,1.0,tiingo_historical_seed,
2012-06-08,XLI,34.53,34.83,34.32,34.8,26.6048728021,26.8360185258,26.4430707955,26.8129039534,12401500,12401500,0.0,1.0,tiingo_historical_seed,
2012-06-11,XLI,35.16,35.18,34.31,34.345,27.0902788219,27.1056885368,26.435365938,26.4623329391,15671400,15671400,0.0,1.0,tiingo_historical_seed,
2012-06-12,XLI,34.51,34.935,34.33,34.9,26.5894630872,26.9169195291,26.4507756529,26.889952528,20210900,20210900,0.0,1.0,tiingo_historical_seed,
2012-06-13,XLI,34.75,34.9,34.39,34.55,26.7743796662,26.889952528,26.4970047977,26.620282517,22045200,22045200,0.0,1.0,tiingo_historical_seed,
2012-06-14,XLI,34.64,34.96,34.43,34.82,26.6896262341,26.9361816728,26.5278242275,26.8283136684,22125000,22125000,0.0,1.0,tiingo_historical_seed,
2012-06-15,XLI,34.82,34.97,34.76,34.955,26.953962738,27.0700768796,26.9075170814,27.0584654655,12906000,12906000,0.16371,1.0,tiingo_historical_seed,
2012-06-18,XLI,34.81,35.17,34.7,35.04,26.9462217953,27.2248957351,26.8610714248,27.1242634791,13380900,13380900,0.0,1.0,tiingo_historical_seed,
2012-06-19,XLI,35.2005,35.695,35.19,35.51,27.2485056106,27.6312952307,27.2403776207,27.4880877894,12630300,12630300,0.0,1.0,tiingo_historical_seed,
2012-06-20,XLI,35.4,35.51,35.07,35.32,27.4029374189,27.4880877894,27.1474863074,27.3410098767,20907000,20907000,0.0,1.0,tiingo_historical_seed,
2012-06-21,XLI,35.44,35.535,34.59,34.625,27.43390119,27.5074401464,26.7759210542,26.803014354,16671700,16671700,0.0,1.0,tiingo_historical_seed,
2012-06-22,XLI,34.73,34.83,34.49,34.75,26.8842942531,26.9617036808,26.6985116265,26.8997761386,11993100,11993100,0.0,1.0,tiingo_historical_seed,
2012-06-25,XLI,34.34,34.4,33.97,34.105,26.5823974849,26.6288431415,26.2959826023,26.4004853297,20371600,20371600,0.0,1.0,tiingo_historical_seed,
2012-06-26,XLI,34.17,34.27,33.84,34.17,26.4508014578,26.5282108855,26.1953503462,26.4508014578,13684600,13684600,0.0,1.0,tiingo_historical_seed,
2012-06-27,XLI,34.3,34.58,34.24,34.5,26.5514337138,26.7681801115,26.5049880572,26.7062525693,14267600,14267600,0.0,1.0,tiingo_historical_seed,
2012-06-28,XLI,34.26,34.51,34.06,34.47,26.5204699427,26.7139935121,26.3656510872,26.683029741,18115400,18115400,0.0,1.0,tiingo_historical_seed,
2012-06-29,XLI,35.23,35.67,35.07,35.67,27.2713413918,27.6119428738,27.1474863074,27.6119428738,18557700,18557700,0.0,1.0,tiingo_historical_seed,
2012-07-02,XLI,35.76,35.82,35.12,35.36,27.6816113588,27.7280570154,27.1861910213,27.3719736478,14682400,14682400,0.0,1.0,tiingo_historical_seed,
2012-07-03,XLI,35.33,35.74,35.3,35.73,27.3487508195,27.6661294732,27.3255279912,27.6583885304,10841200,10841200,0.0,1.0,tiingo_historical_seed,
2012-07-05,XLI,35.53,35.84,35.47,35.69,27.503569675,27.743538901,27.4571240183,27.6274247594,8771000,8771000,0.0,1.0,tiingo_historical_seed,
2012-07-06,XLI,35.36,35.36,34.99,35.21,27.3719736478,27.3719736478,27.0855587652,27.2558595062,9875000,9875000,0.0,1.0,tiingo_historical_seed,
2012-07-09,XLI,34.93,35.27,34.89,35.19,27.0391131086,27.3023051629,27.0081493375,27.2403776207,7220700,7220700,0.0,1.0,tiingo_historical_seed,
2012-07-10,XLI,35.4,35.495,34.41,34.62,27.4029374189,27.4764763753,26.6365840843,26.7991438826,32477900,32477900,0.0,1.0,tiingo_historical_seed,
2012-07-11,XLI,34.6,34.66,34.17,34.34,26.783661997,26.8301076537,26.4508014578,26.5823974849,22717500,22717500,0.0,1.0,tiingo_historical_seed,
2012-07-12,XLI,34.14,34.38,33.87,34.21,26.4275786294,26.613361256,26.2185731745,26.4817652288,31597700,31597700,0.0,1.0,tiingo_historical_seed,
2012-07-13,XLI,34.28,34.89,34.23,34.87,26.5359518283,27.0081493375,26.4972471144,26.9926674519,23745400,23745400,0.0,1.0,tiingo_historical_seed,
2012-07-16,XLI,34.71,34.74,34.38,34.63,26.8688123675,26.8920351959,26.613361256,26.8068848253,15931600,15931600,0.0,1.0,tiingo_historical_seed,
2012-07-17,XLI,34.56,34.92,34.32,34.78,26.7526982259,27.0313721658,26.5669155994,26.9229989669,17282200,17282200,0.0,1.0,tiingo_historical_seed,
2012-07-18,XLI,34.67,35.52,34.67,35.43,26.8378485964,27.4958287322,26.8378485964,27.4261602472,30367800,30367800,0.0,1.0,tiingo_historical_seed,
2012-07-19,XLI,35.52,35.715,35.34,35.595,27.4958287322,27.6467771163,27.3564917623,27.553885803,14611600,14611600,0.0,1.0,tiingo_historical_seed,
2012-07-20,XLI,35.36,35.5,35.12,35.16,27.3719736478,27.4803468467,27.1861910213,27.2171547923,16714900,16714900,0.0,1.0,tiingo_historical_seed,
2012-07-23,XLI,34.62,35.11,34.5,34.98,26.7991438826,27.1784500785,26.7062525693,27.0778178224,15299000,15299000,0.0,1.0,tiingo_historical_seed,
2012-07-24,XLI,35.01,35.06,34.32,34.59,27.1010406507,27.1397453646,26.5669155994,26.7759210542,22018500,22018500,0.0,1.0,tiingo_historical_seed,
2012-07-25,XLI,34.84,35.02,34.48,34.71,26.9694446236,27.1087815935,26.6907706837,26.8688123675,23365000,23365000,0.0,1.0,tiingo_historical_seed,
2012-07-26,XLI,35.11,35.39,34.97,35.24,27.1784500785,27.3951964761,27.0700768796,27.2790823345,16735900,16735900,0.0,1.0,tiingo_historical_seed,
2012-07-27,XLI,35.29,36.19,35.29,36.01,27.3177870484,28.014471898,27.3177870484,27.8751349281,18798400,18798400,0.0,1.0,tiingo_historical_seed,
2012-07-30,XLI,35.96,36.17,35.8,35.91,27.8364302142,27.9989900125,27.7125751299,27.7977255004,12948400,12948400,0.0,1.0,tiingo_historical_seed,
2012-07-31,XLI,35.9,36.09,35.795,35.81,27.7899845576,27.9370624703,27.7087046585,27.7203160726,13125300,13125300,0.0,1.0,tiingo_historical_seed,
2012-08-01,XLI,35.99,36.05,35.55,35.57,27.8596530426,27.9060986992,27.5190515605,27.5345334461,17120500,17120500,0.0,1.0,tiingo_historical_seed,
2012-08-02,XLI,35.44,35.59,35.0,35.39,27.43390119,27.5500153316,27.093299708,27.3951964761,16934400,16934400,0.0,1.0,tiingo_historical_seed,
2012-08-03,XLI,35.84,36.32,35.83,36.16,27.743538901,28.1151041541,27.7357979582,27.9912490697,16954500,16954500,0.0,1.0,tiingo_historical_seed,
2012-08-06,XLI,36.32,36.465,36.16,36.16,28.1151041541,28.2273478243,27.9912490697,27.9912490697,14753100,14753100,0.0,1.0,tiingo_historical_seed,
2012-08-07,XLI,36.31,36.7,36.31,36.53,28.1073632113,28.4092599795,28.1073632113,28.2776639523,16614200,16614200,0.0,1.0,tiingo_historical_seed,
2012-08-08,XLI,36.39,36.53,36.2943,36.48,28.1692907535,28.2776639523,28.0952099312,28.2389592385,10220100,10220100,0.0,1.0,tiingo_historical_seed,
2012-08-09,XLI,36.46,36.59,36.3711,36.51,28.2234773529,28.324109609,28.1546603717,28.2621820668,12669800,12669800,0.0,1.0,tiingo_historical_seed,
2012-08-10,XLI,36.37,36.7,36.28,36.68,28.153808868,28.4092599795,28.084140383,28.393778094,10449000,10449000,0.0,1.0,tiingo_historical_seed,
2012-08-13,XLI,36.61,36.64,36.35,36.6,28.3395914945,28.3628143229,28.1383269824,28.3318505518,13026200,13026200,0.0,1.0,tiingo_historical_seed,
2012-08-14,XLI,36.78,36.78,36.46,36.55,28.4711875217,28.4711875217,28.2234773529,28.2931458379,9495500,9495500,0.0,1.0,tiingo_historical_seed,
2012-08-15,XLI,36.36,36.69,36.35,36.63,28.1460679252,28.4015190367,28.1383269824,28.3550733801,9977000,9977000,0.0,1.0,tiingo_historical_seed,
2012-08-16,XLI,36.62,37.07,36.56,37.0,28.3473324373,28.6956748621,28.3008867807,28.6414882627,12786000,12786000,0.0,1.0,tiingo_historical_seed,
2012-08-17,XLI,37.0,37.21,37.0,37.18,28.6414882627,28.804048061,28.6414882627,28.7808252326,8877500,8877500,0.0,1.0,tiingo_historical_seed,
2012-08-20,XLI,37.08,37.17,36.93,37.1,28.7034158049,28.7730842899,28.5873016633,28.7188976904,6612400,6612400,0.0,1.0,tiingo_historical_seed,
2012-08-21,XLI,37.23,37.39,36.9204,37.02,28.8195299465,28.9433850309,28.5798703582,28.6569701483,10171300,10171300,0.0,1.0,tiingo_historical_seed,
2012-08-22,XLI,36.88,37.0,36.69,36.84,28.5485969494,28.6414882627,28.4015190367,28.5176331783,10960400,10960400,0.0,1.0,tiingo_historical_seed,
2012-08-23,XLI,36.79,36.79,36.46,36.54,28.4789284645,28.4789284645,28.2234773529,28.2854048951,11985000,11985000,0.0,1.0,tiingo_historical_seed,
2012-08-24,XLI,36.41,36.805,36.405,36.71,28.1847726391,28.4905398786,28.1809021677,28.4170009223,8736200,8736200,0.0,1.0,tiingo_historical_seed,
2012-08-27,XLI,36.78,36.83,36.57,36.6,28.4711875217,28.5098922356,28.3086277234,28.3318505518,5977000,5977000,0.0,1.0,tiingo_historical_seed,
2012-08-28,XLI,36.56,36.65,36.45,36.46,28.3008867807,28.3705552656,28.2157364102,28.2234773529,8513600,8513600,0.0,1.0,tiingo_historical_seed,
2012-08-29,XLI,36.46,36.59,36.32,36.45,28.2234773529,28.324109609,28.1151041541,28.2157364102,8432100,8432100,0.0,1.0,tiingo_historical_seed,
2012-08-30,XLI,36.32,36.34,36.05,36.14,28.1151041541,28.1305860396,27.9060986992,27.9757671842,8604100,8604100,0.0,1.0,tiingo_historical_seed,
2012-08-31,XLI,36.38,36.53,36.13,36.36,28.1615498107,28.2776639523,27.9680262414,28.1460679252,9433100,9433100,0.0,1.0,tiingo_historical_seed,
2012-09-04,XLI,36.24,36.32,35.82,35.98,28.0531766119,28.1151041541,27.7280570154,27.8519120998,17603100,17603100,0.0,1.0,tiingo_historical_seed,
2012-09-05,XLI,35.99,36.06,35.75,35.88,27.8596530426,27.913839642,27.673870416,27.7745026721,11777300,11777300,0.0,1.0,tiingo_historical_seed,
2012-09-06,XLI,36.08,36.7,36.08,36.685,27.9293215275,28.4092599795,27.9293215275,28.3976485653,12695200,12695200,0.0,1.0,tiingo_historical_seed,
2012-09-07,XLI,36.8,37.04,36.79,37.0,28.4866694072,28.6724520338,28.4789284645,28.6414882627,10639100,10639100,0.0,1.0,tiingo_historical_seed,
2012-09-10,XLI,36.89,36.98,36.75,36.76,28.5563378922,28.6260063772,28.4479646934,28.4557056361,8961600,8961600,0.0,1.0,tiingo_historical_seed,
2012-09-11,XLI,36.75,37.06,36.73,36.96,28.4479646934,28.6879339194,28.4324828078,28.6105244916,10463700,10463700,0.0,1.0,tiingo_historical_seed,
2012-09-12,XLI,37.07,37.18,36.94,37.11,28.6956748621,28.7808252326,28.5950426061,28.7266386332,8450400,8450400,0.0,1.0,tiingo_historical_seed,
2012-09-13,XLI,37.02,37.69,36.85,37.53,28.6569701483,29.1756133141,28.5253741211,29.0517582297,16405700,16405700,0.0,1.0,tiingo_historical_seed,
2012-09-14,XLI,37.38,38.07,37.38,37.76,28.9356440881,29.4697691395,28.9356440881,29.2297999135,12253000,12253000,0.0,1.0,tiingo_historical_seed,
2012-09-17,XLI,37.62,37.71,37.49,37.58,29.1214267147,29.1910951996,29.0207944586,29.0904629436,7801500,7801500,0.0,1.0,tiingo_historical_seed,
2012-09-18,XLI,37.45,37.6,37.42,37.59,28.9898306875,29.1059448291,28.9666078592,29.0982038864,8073100,8073100,0.0,1.0,tiingo_historical_seed,
2012-09-19,XLI,37.52,37.745,37.41,37.68,29.0440172869,29.2181884993,28.9588669164,29.1678723713,9284300,9284300,0.0,1.0,tiingo_historical_seed,
2012-09-20,XLI,37.35,37.36,37.15,37.32,28.9124212598,28.9201622026,28.7576024043,28.8891984315,12558200,12558200,0.0,1.0,tiingo_historical_seed,
2012-09-21,XLI,37.25,37.28,36.84,36.975,29.0218642684,29.0452375819,28.7024289839,28.8076088946,15043900,15043900,0.2396,1.0,tiingo_historical_seed,
2012-09-24,XLI,36.74,37.06,36.7,36.965,28.6245179388,28.8738332829,28.5933535208,28.7998177901,11603200,11603200,0.0,1.0,tiingo_historical_seed,
2012-09-25,XLI,36.96,37.02,36.47,36.48,28.7959222379,28.8426688649,28.4141581173,28.4219492218,14575300,14575300,0.0,1.0,tiingo_historical_seed,
2012-09-26,XLI,36.5,36.505,36.205,36.335,28.4375314308,28.4414269831,28.207693848,28.3089782065,12515200,12515200,0.0,1.0,tiingo_historical_seed,
2012-09-27,XLI,36.48,36.73,36.3,36.68,28.4219492218,28.6167268343,28.2817093408,28.5777713118,13296800,13296800,0.0,1.0,tiingo_historical_seed,
2012-09-28,XLI,36.47,36.68,36.26,36.53,28.4141581173,28.5777713118,28.2505449228,28.4609047443,13149000,13149000,0.0,1.0,tiingo_historical_seed,
2012-10-01,XLI,36.72,37.02,36.58,36.6991,28.6089357298,28.8426688649,28.4998602668,28.5926523214,14698000,14698000,0.0,1.0,tiingo_historical_seed,
2012-10-02,XLI,36.83,36.87,36.5,36.64,28.6946378794,28.7258022974,28.4375314308,28.5466068938,10302000,10302000,0.0,1.0,tiingo_historical_seed,
2012-10-03,XLI,36.8,36.9,36.54,36.83,28.6712645659,28.7491756109,28.4686958488,28.6946378794,7830300,7830300,0.0,1.0,tiingo_historical_seed,
2012-10-04,XLI,37.03,37.12,36.9,37.04,28.8504599694,28.9205799099,28.7491756109,28.8582510739,8888800,8888800,0.0,1.0,tiingo_historical_seed,
2012-10-05,XLI,37.29,37.42,37.0,37.16,29.0530286864,29.154313045,28.8270866559,28.9517443279,10555200,10555200,0.0,1.0,tiingo_historical_seed,
2012-10-08,XLI,36.94,37.13,36.89,37.07,28.7803400289,28.9283710144,28.7413845064,28.8816243874,4917400,4917400,0.0,1.0,tiingo_historical_seed,
2012-10-09,XLI,37.07,37.11,36.615,36.64,28.8816243874,28.9127888054,28.5271291326,28.5466068938,10963500,10963500,0.0,1.0,tiingo_historical_seed,
2012-10-10,XLI,36.5,36.6183,36.26,36.3,28.4375314308,28.5297001971,28.2505449228,28.2817093408,14504500,14504500,0.0,1.0,tiingo_historical_seed,
2012-10-11,XLI,36.56,36.71,36.41,36.41,28.4842780578,28.6011446253,28.3674114903,28.3674114903,8828800,8828800,0.0,1.0,tiingo_historical_seed,
2012-10-12,XLI,36.56,36.735,36.31,36.45,28.4842780578,28.6206223866,28.2895004453,28.3985759083,9760800,9760800,0.0,1.0,tiingo_historical_seed,
2012-10-15,XLI,36.45,36.72,36.39,36.7,28.3985759083,28.6089357298,28.3518292813,28.5933535208,9734700,9734700,0.0,1.0,tiingo_historical_seed,
2012-10-16,XLI,36.79,37.12,36.79,37.0879,28.6634734614,28.9205799099,28.6634734614,28.8955704645,9357800,9357800,0.0,1.0,tiingo_historical_seed,
2012-10-17,XLI,37.16,37.36,37.09,37.315,28.9517443279,29.1075664179,28.8972065964,29.0725064477,7774700,7774700,0.0,1.0,tiingo_historical_seed,
2012-10-18,XLI,37.15,37.54,37.13,37.42,28.9439532234,29.247806299,28.9283710144,29.154313045,15649400,15649400,0.0,1.0,tiingo_historical_seed,
2012-10-19,XLI,37.1,37.22,36.65,36.79,28.9049977009,28.9984909549,28.5543979983,28.6634734614,15722900,15722900,0.0,1.0,tiingo_historical_seed,
2012-10-22,XLI,36.68,36.95,36.37,36.69,28.5777713118,28.7881311334,28.3362470723,28.5855624163,14300700,14300700,0.0,1.0,tiingo_historical_seed,
2012-10-23,XLI,36.25,36.44,36.11,36.32,28.2427538183,28.3907848038,28.1336783552,28.2972915498,13211400,13211400,0.0,1.0,tiingo_historical_seed,
2012-10-24,XLI,36.5,36.51,36.04,36.09,28.4375314308,28.4453225353,28.0791406237,28.1180961462,12980200,12980200,0.0,1.0,tiingo_historical_seed,
2012-10-25,XLI,36.42,36.5,35.99,36.29,28.3752025948,28.4375314308,28.0401851012,28.2739182363,14927000,14927000,0.0,1.0,tiingo_historical_seed,
2012-10-26,XLI,36.23,36.49,36.11,36.32,28.2271716093,28.4297403263,28.1336783552,28.2972915498,10533400,10533400,0.0,1.0,tiingo_historical_seed,
2012-10-31,XLI,36.49,36.78,36.36,36.4894,28.4297403263,28.6556823569,28.3284559678,28.42927286,10557300,10557300,0.0,1.0,tiingo_historical_seed,
2012-11-01,XLI,36.59,37.21,36.45,37.1406,28.5076513713,28.9906998504,28.3985759083,28.9366295852,15309200,15309200,0.0,1.0,tiingo_historical_seed,
2012-11-02,XLI,37.35,37.44,36.815,36.83,29.0997753134,29.169895254,28.6829512226,28.6946378794,13364000,13364000,0.0,1.0,tiingo_historical_seed,
2012-11-05,XLI,36.69,37.09,36.67,37.03,28.5855624163,28.8972065964,28.5699802073,28.8504599694,8533000,8533000,0.0,1.0,tiingo_historical_seed,
2012-11-06,XLI,37.21,37.61,37.14,37.43,28.9906998504,29.3023440305,28.9361621189,29.1621041495,10045200,10045200,0.0,1.0,tiingo_historical_seed,
2012-11-07,XLI,37.12,37.12,36.35,36.55,28.9205799099,28.9205799099,28.3206648633,28.4764869533,17347500,17347500,0.0,1.0,tiingo_historical_seed,
2012-11-08,XLI,36.55,36.66,36.16,36.17,28.4764869533,28.5621891028,28.1726338778,28.1804249823,13404000,13404000,0.0,1.0,tiingo_historical_seed,
2012-11-09,XLI,36.01,36.58,36.0,36.27,28.0557673102,28.4998602668,28.0479762057,28.2583360273,13425000,13425000,0.0,1.0,tiingo_historical_seed,
2012-11-12,XLI,36.37,36.55,36.24,36.37,28.3362470723,28.4764869533,28.2349627138,28.3362470723,7727700,7727700,0.0,1.0,tiingo_historical_seed,
2012-11-13,XLI,36.06,36.64,36.06,36.27,28.0947228327,28.5466068938,28.0947228327,28.2583360273,9957900,9957900,0.0,1.0,tiingo_historical_seed,
2012-11-14,XLI,36.39,36.39,35.32,35.415,28.3518292813,28.3518292813,27.5181810996,27.5921965924,22260800,22260800,0.0,1.0,tiingo_historical_seed,
2012-11-15,XLI,35.27,35.61,35.25,35.42,27.4792255771,27.7441231302,27.4636433681,27.5960921446,15774000,15774000,0.0,1.0,tiingo_historical_seed,
2012-11-16,XLI,35.33,35.61,35.19,35.52,27.5259722041,27.7441231302,27.4168967411,27.6740031897,13761100,13761100,0.0,1.0,tiingo_historical_seed,
2012-11-19,XLI,35.96,36.2,35.86,36.185,28.0168117877,28.2037982958,27.9389007427,28.192111639,10984600,10984600,0.0,1.0,tiingo_historical_seed,
2012-11-20,XLI,36.21,36.259,35.93,36.22,28.2115894003,28.2497658123,27.9934384742,28.2193805048,8771800,8771800,0.0,1.0,tiingo_historical_seed,
2012-11-21,XLI,36.2,36.35,36.13,36.27,28.2037982958,28.3206648633,28.1492605642,28.2583360273,4986700,4986700,0.0,1.0,tiingo_historical_seed,
2012-11-23,XLI,36.35,36.74,36.35,36.74,28.3206648633,28.6245179388,28.3206648633,28.6245179388,3286600,3286600,0.0,1.0,tiingo_historical_seed,
2012-11-26,XLI,36.6,36.79,36.52,36.765,28.5154424758,28.6634734614,28.4531136398,28.6439957001,7471900,7471900,0.0,1.0,tiingo_historical_seed,
2012-11-27,XLI,36.81,37.0099,36.65,36.69,28.6790556704,28.8347998493,28.5543979983,28.5855624163,9702800,9702800,0.0,1.0,tiingo_historical_seed,
2012-11-28,XLI,36.5,37.03,36.35,37.0,28.4375314308,28.8504599694,28.3206648633,28.8270866559,11098800,11098800,0.0,1.0,tiingo_historical_seed,
2012-11-29,XLI,37.2,37.34,36.965,37.21,28.9829087459,29.0919842089,28.7998177901,28.9906998504,10531000,10531000,0.0,1.0,tiingo_historical_seed,
2012-11-30,XLI,37.17,37.28,37.05,37.13,28.9595354324,29.0452375819,28.8660421784,28.9283710144,7943400,7943400,0.0,1.0,tiingo_historical_seed,
2012-12-03,XLI,37.32,37.39,36.73,36.73,29.0764019999,29.1309397314,28.6167268343,28.6167268343,10585100,10585100,0.0,1.0,tiingo_historical_seed,
2012-12-04,XLI,36.82,37.03,36.71,36.87,28.6868467749,28.8504599694,28.6011446253,28.7258022974,7176000,7176000,0.0,1.0,tiingo_historical_seed,
2012-12-05,XLI,36.95,37.4,36.71,37.26,28.7881311334,29.138730836,28.6011446253,29.0296553729,13665100,13665100,0.0,1.0,tiingo_historical_seed,
2012-12-06,XLI,37.24,37.29,37.01,37.25,29.0140731639,29.0530286864,28.8348777604,29.0218642684,5501600,5501600,0.0,1.0,tiingo_historical_seed,
2012-12-07,XLI,37.46,37.515,37.25,37.495,29.185477463,29.2283285377,29.0218642684,29.2127463287,6771000,6771000,0.0,1.0,tiingo_historical_seed,
2012-12-10,XLI,37.48,37.72,37.39,37.68,29.201059672,29.38804618,29.1309397314,29.356881762,7387800,7387800,0.0,1.0,tiingo_historical_seed,
2012-12-11,XLI,37.88,37.97,37.68,37.76,29.512703852,29.5828237925,29.356881762,29.419210598,9455300,9455300,0.0,1.0,tiingo_historical_seed,
2012-12-12,XLI,37.95,38.12,37.78,37.82,29.5672415835,29.6996903601,29.434792807,29.465957225,6911500,6911500,0.0,1.0,tiingo_historical_seed,
2012-12-13,XLI,37.75,37.98,37.58,37.7,29.4114194935,29.590614897,29.278970717,29.372463971,9328400,9328400,0.0,1.0,tiingo_historical_seed,
2012-12-14,XLI,37.61,37.83,37.6,37.62,29.3023440305,29.4737483295,29.294552926,29.310135135,6747900,6747900,0.0,1.0,tiingo_historical_seed,
2012-12-17,XLI,37.8,37.98,37.72,37.97,29.450375016,29.590614897,29.38804618,29.5828237925,9667100,9667100,0.0,1.0,tiingo_historical_seed,
2012-12-18,XLI,38.01,38.5,37.91,38.46,29.6139882105,29.9957523311,29.5360771655,29.9645879131,11656700,11656700,0.0,1.0,tiingo_historical_seed,
2012-12-19,XLI,38.52,38.53,38.23,38.25,30.0113345401,30.0191256446,29.7853925096,29.8009747186,15895400,15895400,0.0,1.0,tiingo_historical_seed,
2012-12-20,XLI,38.3,38.45,38.21,38.45,29.8399302411,29.9567968086,29.7698103006,29.9567968086,7665800,7665800,0.0,1.0,tiingo_historical_seed,
2012-12-21,XLI,37.62,37.99,37.5,37.93,29.5265263067,29.8169254224,29.4323428097,29.7698336739,10871700,10871700,0.28003,1.0,tiingo_historical_seed,
2012-12-24,XLI,37.84,37.93,37.75,37.82,29.6991960511,29.7698336739,29.6285584284,29.6834988017,1647100,1647100,0.0,1.0,tiingo_historical_seed,
2012-12-26,XLI,37.93,37.96,37.64,37.69,29.7698336739,29.7933795481,29.5422235562,29.5814666799,6267300,6267300,0.0,1.0,tiingo_historical_seed,
2012-12-27,XLI,37.74,37.77,37.23,37.63,29.6207098037,29.6442556779,29.2204299414,29.5343749314,6387000,6387000,0.0,1.0,tiingo_historical_seed,
2012-12-28,XLI,37.34,37.62,37.18,37.22,29.3067648137,29.5265263067,29.1811868177,29.2125813167,6626000,6626000,0.0,1.0,tiingo_historical_seed,
2012-12-31,XLI,37.12,37.9255,37.04,37.9,29.1340950692,29.7663017928,29.0713060712,29.7462877996,13414400,13414400,0.0,1.0,tiingo_historical_seed,
2013-01-02,XLI,38.72,38.91,38.55,38.81,30.3898750291,30.5389988993,30.2564484083,30.4605126518,14885700,14885700,0.0,1.0,tiingo_historical_seed,
2013-01-03,XLI,38.77,39.09,38.73,38.83,30.4291181528,30.6802741448,30.3977236538,30.4762099013,9592100,9592100,0.0,1.0,tiingo_historical_seed,
2013-01-04,XLI,38.98,39.15,38.89,39.12,30.5939392726,30.7273658933,30.5233016498,30.7038200191,6466400,6466400,0.0,1.0,tiingo_historical_seed,
2013-01-07,XLI,39.0,39.03,38.81,38.95,30.6096365221,30.6331823963,30.4605126518,30.5703933983,5513800,5513800,0.0,1.0,tiingo_historical_seed,
2013-01-08,XLI,38.83,38.919,38.5165,38.65,30.4762099013,30.5460626616,30.2301555154,30.3349346558,7543400,7543400,0.0,1.0,tiingo_historical_seed,
2013-01-09,XLI,38.8,39.12,38.77,39.04,30.4526640271,30.7038200191,30.4291181528,30.6410310211,6851700,6851700,0.0,1.0,tiingo_historical_seed,
2013-01-10,XLI,39.24,39.26,38.95,39.23,30.798003516,30.8137007655,30.5703933983,30.7901548913,11710300,11710300,0.0,1.0,tiingo_historical_seed,
2013-01-11,XLI,39.12,39.19,39.01,39.09,30.7038200191,30.7587603923,30.6174851468,30.6802741448,6999900,6999900,0.0,1.0,tiingo_historical_seed,
2013-01-14,XLI,39.16,39.25,39.07,39.24,30.735214518,30.8058521408,30.6645768953,30.798003516,6250500,6250500,0.0,1.0,tiingo_historical_seed,
2013-01-15,XLI,39.03,39.39,39.01,39.35,30.6331823963,30.9157328873,30.6174851468,30.8843383883,5115200,5115200,0.0,1.0,tiingo_historical_seed,
2013-01-16,XLI,39.14,39.21,39.085,39.19,30.7195172686,30.7744576418,30.6763498324,30.7587603923,7569900,7569900,0.0,1.0,tiingo_historical_seed,
2013-01-17,XLI,39.38,39.68,39.28,39.61,30.9078842625,31.143343005,30.829398015,31.0884026318,11890000,11890000,0.0,1.0,tiingo_historical_seed,
2013-01-18,XLI,39.77,39.96,39.59,39.93,31.2139806278,31.363104498,31.0727053823,31.3395586237,10912700,10912700,0.0,1.0,tiingo_historical_seed,
2013-01-22,XLI,39.84,40.09,39.77,40.09,31.268921001,31.4651366197,31.2139806278,31.4651366197,7550200,7550200,0.0,1.0,tiingo_historical_seed,
2013-01-23,XLI,40.0,40.16,39.9,40.1,31.394498997,31.520076993,31.3160127495,31.4729852445,6430700,6430700,0.0,1.0,tiingo_historical_seed,
2013-01-24,XLI,40.11,40.9067,40.07,40.34,31.4808338692,32.106133803,31.4494393702,31.6613522385,6893000,6893000,0.0,1.0,tiingo_historical_seed,
2013-01-25,XLI,40.47,40.52,40.29,40.47,31.7633843602,31.8026274839,31.6221091147,31.7633843602,6908900,6908900,0.0,1.0,tiingo_historical_seed,
2013-01-28,XLI,40.63,40.65,40.32,40.5,31.8889623562,31.9046596057,31.645654989,31.7869302344,5583500,5583500,0.0,1.0,tiingo_historical_seed,
2013-01-29,XLI,40.41,40.6,40.35,40.59,31.7162926117,31.8654164819,31.6692008632,31.8575678572,5456100,5456100,0.0,1.0,tiingo_historical_seed,
2013-01-30,XLI,40.55,40.64,40.2,40.22,31.8261733582,31.8968109809,31.551471492,31.5671687415,6991200,6991200,0.0,1.0,tiingo_historical_seed,
2013-01-31,XLI,40.08,40.275,39.991,40.08,31.457287995,31.6103361776,31.3874352347,31.457287995,9929300,9929300,0.0,1.0,tiingo_historical_seed,
2013-02-01,XLI,40.33,40.52,40.24,40.47,31.6535036137,31.8026274839,31.582865991,31.7633843602,8661400,8661400,0.0,1.0,tiingo_historical_seed,
2013-02-04,XLI,40.27,40.35,40.07,40.12,31.6064118652,31.6692008632,31.4494393702,31.488682494,8989600,8989600,0.0,1.0,tiingo_historical_seed,
2013-02-05,XLI,40.34,40.58,40.28,40.49,31.6613522385,31.8497192324,31.61426049,31.7790816097,8590700,8590700,0.0,1.0,tiingo_historical_seed,
2013-02-06,XLI,40.35,40.53,40.26,40.5,31.6692008632,31.8104761087,31.5985632405,31.7869302344,11049500,11049500,0.0,1.0,tiingo_historical_seed,
2013-02-07,XLI,40.56,40.605,40.15,40.45,31.8340219829,31.8693407943,31.5122283682,31.7476871107,8007000,8007000,0.0,1.0,tiingo_historical_seed,
2013-02-08,XLI,40.51,40.64,40.44,40.61,31.7947788592,31.8968109809,31.739838486,31.8732651067,7164200,7164200,0.0,1.0,tiingo_historical_seed,
2013-02-11,XLI,40.53,40.64,40.49,40.58,31.8104761087,31.8968109809,31.7790816097,31.8497192324,7718700,7718700,0.0,1.0,tiingo_historical_seed,
2013-02-12,XLI,40.66,40.83,40.65,40.76,31.9125082304,32.0459348512,31.9046596057,31.9909944779,5780100,5780100,0.0,1.0,tiingo_historical_seed,
2013-02-13,XLI,40.97,41.12,40.855,40.98,32.1558155977,32.2735449689,32.065556413,32.1636642224,6412200,6412200,0.0,1.0,tiingo_historical_seed,
2013-02-14,XLI,40.8,41.06,40.73,41.04,32.0223889769,32.2264532204,31.9674486037,32.2107559709,9256100,9256100,0.0,1.0,tiingo_historical_seed,
2013-02-15,XLI,41.1,41.17,40.93,41.06,32.2578477194,32.3127880926,32.1244210987,32.2264532204,8009200,8009200,0.0,1.0,tiingo_historical_seed,
2013-02-19,XLI,41.22,41.39,41.1,41.36,32.3520312164,32.4854578371,32.2578477194,32.4619119629,8524900,8524900,0.0,1.0,tiingo_historical_seed,
2013-02-20,XLI,41.41,41.42,40.79,40.82,32.5011550866,32.5090037114,32.0145403522,32.0380862264,10619200,10619200,0.0,1.0,tiingo_historical_seed,
2013-02-21,XLI,40.66,40.73,40.34,40.52,31.9125082304,31.9674486037,31.6613522385,31.8026274839,15582800,15582800,0.0,1.0,tiingo_historical_seed,
2013-02-22,XLI,40.67,40.89,40.67,40.84,31.9203568552,32.0930265997,31.9203568552,32.0537834759,9693400,9693400,0.0,1.0,tiingo_historical_seed,
2013-02-25,XLI,41.06,41.11,39.98,40.0,32.2264532204,32.2656963442,31.3788017475,31.394498997,10921300,10921300,0.0,1.0,tiingo_historical_seed,
2013-02-26,XLI,40.11,40.325,39.97,40.24,31.4808338692,31.6495793013,31.3709531227,31.582865991,14203900,14203900,0.0,1.0,tiingo_historical_seed,
2013-02-27,XLI,40.25,41.12,40.19,41.0,31.5907146157,32.2735449689,31.5436228672,32.1793614719,10214100,10214100,0.0,1.0,tiingo_historical_seed,
2013-02-28,XLI,41.07,41.29,40.925,40.97,32.2343018452,32.4069715896,32.1204967863,32.1558155977,11140000,11140000,0.0,1.0,tiingo_historical_seed,
2013-03-01,XLI,40.71,41.05,40.47,40.9,31.9517513542,32.2186045957,31.7633843602,32.1008752244,11544800,11544800,0.0,1.0,tiingo_historical_seed,
2013-03-04,XLI,40.82,40.83,40.42,40.82,32.0380862264,32.0459348512,31.7241412365,32.0380862264,17799700,17799700,0.0,1.0,tiingo_historical_seed,
2013-03-05,XLI,41.08,41.62,41.08,41.4,32.2421504699,32.6659762064,32.2421504699,32.4933064619,12343100,12343100,0.0,1.0,tiingo_historical_seed,
2013-03-06,XLI,41.66,41.67,41.33,41.4,32.6973707054,32.7052193301,32.4383660886,32.4933064619,11365300,11365300,0.0,1.0,tiingo_historical_seed,
2013-03-07,XLI,41.51,41.59,41.37,41.43,32.5796413341,32.6424303321,32.4697605876,32.5168523361,6392600,6392600,0.0,1.0,tiingo_historical_seed,
2013-03-08,XLI,41.72,41.86,41.535,41.82,32.7444624539,32.8543432003,32.599262896,32.8229487013,7986200,7986200,0.0,1.0,tiingo_historical_seed,
2013-03-11,XLI,41.78,41.98,41.69,41.96,32.7915542024,32.9485266973,32.7209165796,32.9328294478,6118800,6118800,0.0,1.0,tiingo_historical_seed,
2013-03-12,XLI,41.82,41.93,41.54,41.72,32.8229487013,32.9092835736,32.6031872084,32.7444624539,11166800,11166800,0.0,1.0,tiingo_historical_seed,
2013-03-13,XLI,41.72,41.95,41.63,41.92,32.7444624539,32.9249808231,32.6738248311,32.9014349488,7192600,7192600,0.0,1.0,tiingo_historical_seed,
2013-03-14,XLI,42.0,42.16,41.96,42.12,32.9642239468,33.0898019428,32.9328294478,33.0584074438,5869900,5869900,0.0,1.0,tiingo_historical_seed,
2013-03-15,XLI,41.9,42.01,41.8,41.97,33.028203385,33.1149122722,32.949377124,33.0833817678,9136300,9136300,0.18182,1.0,tiingo_historical_seed,
2013-03-18,XLI,41.67,42.05,41.49,41.71,32.8469029846,33.1464427766,32.7050157147,32.878433489,6696600,6696600,0.0,1.0,tiingo_historical_seed,
2013-03-19,XLI,41.76,41.89,41.39,41.67,32.9178466195,33.0203207589,32.6261894536,32.8469029846,12386200,12386200,0.0,1.0,tiingo_historical_seed,
2013-03-20,XLI,41.88,41.93,41.58,41.72,33.0124381328,33.0518512634,32.7759593496,32.8863161151,16633100,16633100,0.0,1.0,tiingo_historical_seed,
2013-03-21,XLI,41.55,41.95,41.22,41.3,32.7523114713,33.0676165156,32.4921848098,32.5552458187,6847500,6847500,0.0,1.0,tiingo_historical_seed,
2013-03-22,XLI,41.62,41.63,41.31,41.62,32.8074898541,32.8153724802,32.5631284448,32.8074898541,6952300,6952300,0.0,1.0,tiingo_historical_seed,
2013-03-25,XLI,41.74,41.76,41.07,41.25,32.9020813673,32.9178466195,32.3739454182,32.5158326881,18316700,18316700,0.0,1.0,tiingo_historical_seed,
2013-03-26,XLI,41.45,41.49,41.31,41.46,32.6734852103,32.7050157147,32.5631284448,32.6813678364,8772200,8772200,0.0,1.0,tiingo_historical_seed,
2013-03-27,XLI,41.27,41.49,41.051,41.46,32.5315979403,32.7050157147,32.3589684286,32.6813678364,6666500,6666500,0.0,1.0,tiingo_historical_seed,
2013-03-28,XLI,41.4,41.77,41.4,41.76,32.6340720797,32.9257292457,32.6340720797,32.9178466195,7850900,7850900,0.0,1.0,tiingo_historical_seed,
2013-04-01,XLI,41.7,41.71,41.17,41.25,32.8705508629,32.878433489,32.4527716793,32.5158326881,15500700,15500700,0.0,1.0,tiingo_historical_seed,
2013-04-02,XLI,41.39,41.44,41.04,41.12,32.6261894536,32.6656025841,32.3502975399,32.4133585488,11715400,11715400,0.0,1.0,tiingo_historical_seed,
2013-04-03,XLI,41.2,41.26,40.805,40.87,32.4764195576,32.5237153142,32.1650558264,32.2162928961,20235400,20235400,0.0,1.0,tiingo_historical_seed,
2013-04-04,XLI,40.91,41.11,40.87,41.05,32.2478234005,32.4054759226,32.2162928961,32.358180166,12607200,12607200,0.0,1.0,tiingo_historical_seed,
2013-04-05,XLI,40.51,41.0,40.44,40.97,31.9325183563,32.3187670355,31.8773399735,32.2951191572,12848400,12848400,0.0,1.0,tiingo_historical_seed,
2013-04-08,XLI,40.94,41.21,40.81,41.21,32.2714712788,32.4843021837,32.1689971395,32.4843021837,8246300,8246300,0.0,1.0,tiingo_historical_seed,
2013-04-09,XLI,41.33,41.49,41.06,41.34,32.578893697,32.7050157147,32.3660627921,32.5867763231,10682100,10682100,0.0,1.0,tiingo_historical_seed,
2013-04-10,XLI,41.53,41.925,41.3701,41.89,32.7365462191,33.0479099503,32.6105030277,33.0203207589,11590300,11590300,0.0,1.0,tiingo_historical_seed,
2013-04-11,XLI,41.94,42.13,41.78,42.0,33.0597338895,33.2095037855,32.9336118718,33.1070296461,9855000,9855000,0.0,1.0,tiingo_historical_seed,
2013-04-12,XLI,41.85,41.92,41.605,41.76,32.9887902545,33.0439686372,32.7956659149,32.9178466195,7438400,7438400,0.0,1.0,tiingo_historical_seed,
2013-04-15,XLI,41.48,41.53,40.46,40.49,32.6971330886,32.7365462191,31.8931052257,31.9167531041,29888200,29888200,0.0,1.0,tiingo_historical_seed,
2013-04-16,XLI,40.86,41.07,40.73,41.04,32.20841027,32.3739454182,32.1059361306,32.3502975399,10143300,10143300,0.0,1.0,tiingo_historical_seed,
2013-04-17,XLI,40.71,40.78,40.13,40.36,32.0901708784,32.1453492611,31.6329785642,31.8142789647,15939300,15939300,0.0,1.0,tiingo_historical_seed,
2013-04-18,XLI,40.5,40.5,40.02,40.18,31.9246357302,31.9246357302,31.5462696771,31.6723916948,16722700,16722700,0.0,1.0,tiingo_historical_seed,
2013-04-19,XLI,40.22,40.42,40.025,40.38,31.7039221992,31.8615747213,31.5502109901,31.8300442169,15449100,15449100,0.0,1.0,tiingo_historical_seed,
2013-04-22,XLI,40.41,40.55,40.03,40.425,31.8536920952,31.9640488607,31.5541523032,31.8655160344,13880400,13880400,0.0,1.0,tiingo_historical_seed,
2013-04-23,XLI,40.6,40.79,40.33,40.72,32.0034619912,32.1532318872,31.7906310864,32.0980535045,11194400,11194400,0.0,1.0,tiingo_historical_seed,
2013-04-24,XLI,40.91,41.21,40.88,41.14,32.2478234005,32.4843021837,32.2241755222,32.429123801,9976300,9976300,0.0,1.0,tiingo_historical_seed,
2013-04-25,XLI,41.28,41.54,41.16,41.35,32.5394805665,32.7444288452,32.4448890532,32.5946589492,9845400,9845400,0.0,1.0,tiingo_historical_seed,
2013-04-26,XLI,41.3,41.45,41.14,41.23,32.5552458187,32.6734852103,32.429123801,32.5000674359,7837600,7837600,0.0,1.0,tiingo_historical_seed,
2013-04-29,XLI,41.4,41.54,41.16,41.44,32.6340720797,32.7444288452,32.4448890532,32.6656025841,7934300,7934300,0.0,1.0,tiingo_historical_seed,
2013-04-30,XLI,41.5,41.5,41.13,41.45,32.7128983408,32.7128983408,32.4212411749,32.6734852103,8112900,8112900,0.0,1.0,tiingo_historical_seed,
2013-05-01,XLI,41.2,41.34,40.9,40.91,32.4764195576,32.5867763231,32.2399407744,32.2478234005,12152700,12152700,0.0,1.0,tiingo_historical_seed,
2013-05-02,XLI,41.05,41.47,41.05,41.415,32.358180166,32.6892504625,32.358180166,32.6458960189,7422000,7422000,0.0,1.0,tiingo_historical_seed,
2013-05-03,XLI,41.87,42.37,41.8297,42.13,33.0045555067,33.398686812,32.9727885235,33.2095037855,14713900,14713900,0.0,1.0,tiingo_historical_seed,
2013-05-06,XLI,42.1399,42.44,42.08,42.4,33.2173075853,33.4538651948,33.1700906549,33.4223346903,13657900,13657900,0.0,1.0,tiingo_historical_seed,
2013-05-07,XLI,42.51,42.799,42.45,42.79,33.5090435775,33.736851472,33.4617478209,33.7297571085,14716800,14716800,0.0,1.0,tiingo_historical_seed,
2013-05-08,XLI,42.72,43.07,42.64,43.06,33.6745787257,33.9504706395,33.6115177169,33.9425880134,9877400,9877400,0.0,1.0,tiingo_historical_seed,
2013-05-09,XLI,43.08,43.295,42.94,43.06,33.9583532656,34.1278297269,33.8479965001,33.9425880134,8065700,8065700,0.0,1.0,tiingo_historical_seed,
2013-05-10,XLI,43.13,43.21,42.885,43.19,33.9977663961,34.0608274049,33.8046420565,34.0450621527,9576300,9576300,0.0,1.0,tiingo_historical_seed,
2013-05-13,XLI,43.14,43.16,42.89,43.02,34.0056490222,34.0214142744,33.8085833696,33.9110575089,5737800,5737800,0.0,1.0,tiingo_historical_seed,
2013-05-14,XLI,43.16,43.55,43.04,43.55,34.0214142744,34.3288366926,33.9268227611,34.3288366926,9893500,9893500,0.0,1.0,tiingo_historical_seed,
2013-05-15,XLI,43.35,43.74,43.29,43.73,34.1711841704,34.4786065886,34.1238884138,34.4707239625,12427900,12427900,0.0,1.0,tiingo_historical_seed,
2013-05-16,XLI,43.55,43.8,43.44,43.51,34.3288366926,34.5259023452,34.2421278054,34.2973061881,12043500,12043500,0.0,1.0,tiingo_historical_seed,
2013-05-17,XLI,43.7,44.18,43.68,44.17,34.4470760842,34.8254421373,34.4313108319,34.8175595111,14377300,14377300,0.0,1.0,tiingo_historical_seed,
2013-05-20,XLI,44.04,44.44,44.04,44.3,34.7150853718,35.030390416,34.7150853718,34.9200336505,14154300,14154300,0.0,1.0,tiingo_historical_seed,
2013-05-21,XLI,44.31,44.55,44.235,44.36,34.9279162766,35.1170993032,34.8687965808,34.9673294072,11247100,11247100,0.0,1.0,tiingo_historical_seed,
2013-05-22,XLI,44.43,44.7,43.82,43.97,35.0225077899,35.2353386948,34.5416675974,34.659906989,16560400,16560400,0.0,1.0,tiingo_historical_seed,
2013-05-23,XLI,43.43,43.95,43.43,43.85,34.2342451793,34.6441417368,34.2342451793,34.5653154757,10855000,10855000,0.0,1.0,tiingo_historical_seed,
2013-05-24,XLI,43.5801,43.78,43.38,43.71,34.3525633971,34.510137093,34.1948320488,34.4549587103,8787600,8787600,0.0,1.0,tiingo_historical_seed,
2013-05-28,XLI,44.25,44.35,43.86,43.94,34.88062052,34.9594467811,34.5731981019,34.6362591107,13685500,13685500,0.0,1.0,tiingo_historical_seed,
2013-05-29,XLI,43.73,43.889,43.55,43.69,34.4707239625,34.5960577176,34.3288366926,34.439193458,9298000,9298000,0.0,1.0,tiingo_historical_seed,
2013-05-30,XLI,43.82,44.155,43.71,43.95,34.5416675974,34.805735572,34.4549587103,34.6441417368,7269400,7269400,0.0,1.0,tiingo_historical_seed,
2013-05-31,XLI,43.84,44.275,43.49,43.53,34.5574328496,34.9003270853,34.2815409359,34.3130714403,11180400,11180400,0.0,1.0,tiingo_historical_seed,
2013-06-03,XLI,43.71,43.805,43.23,43.74,34.4549587103,34.5298436583,34.0765926572,34.4786065886,25628800,25628800,0.0,1.0,tiingo_historical_seed,
2013-06-04,XLI,43.74,43.97,43.2,43.5,34.4786065886,34.659906989,34.0529447788,34.289423562,12262700,12262700,0.0,1.0,tiingo_historical_seed,
2013-06-05,XLI,43.33,43.38,42.66,42.71,34.1554189182,34.1948320488,33.6272829691,33.6666960996,12775200,12775200,0.0,1.0,tiingo_historical_seed,
2013-06-06,XLI,42.775,43.02,42.55,42.98,33.7179331693,33.9110575089,33.5405740819,33.8795270045,13916500,13916500,0.0,1.0,tiingo_historical_seed,
2013-06-07,XLI,43.34,43.815,43.17,43.79,34.1633015443,34.5377262844,34.0292969005,34.5180197191,14067500,14067500,0.0,1.0,tiingo_historical_seed,
2013-06-10,XLI,43.94,43.94,43.52,43.66,34.6362591107,34.6362591107,34.3051888142,34.4155455797,9390300,9390300,0.0,1.0,tiingo_historical_seed,
2013-06-11,XLI,43.23,43.63,43.11,43.26,34.0765926572,34.3918977014,33.9820011439,34.1002405355,9883800,9883800,0.0,1.0,tiingo_historical_seed,
2013-06-12,XLI,43.59,43.62,42.89,42.96,34.360367197,34.3840150753,33.8085833696,33.8637617523,11072600,11072600,0.0,1.0,tiingo_historical_seed,
2013-06-13,XLI,42.92,43.665,42.83,43.59,33.8322312479,34.4194868928,33.7612876129,34.360367197,12985500,12985500,0.0,1.0,tiingo_historical_seed,
2013-06-14,XLI,43.55,43.76,43.25,43.3,34.3288366926,34.4943718408,34.0923579094,34.1317710399,8207200,8207200,0.0,1.0,tiingo_historical_seed,
2013-06-17,XLI,43.58,43.79,43.38,43.64,34.3524845709,34.5180197191,34.1948320488,34.3997803275,8527400,8527400,0.0,1.0,tiingo_historical_seed,
2013-06-18,XLI,43.66,44.255,43.65,44.155,34.4155455797,34.884561833,34.4076629536,34.805735572,8798300,8798300,0.0,1.0,tiingo_historical_seed,
2013-06-19,XLI,44.06,44.17,43.48,43.48,34.730850624,34.8175595111,34.2736583098,34.2736583098,13613100,13613100,0.0,1.0,tiingo_historical_seed,
2013-06-20,XLI,43.0552,43.14,42.44,42.49,33.9388043528,34.0056490222,33.4538651948,33.4932783253,19493200,19493200,0.0,1.0,tiingo_historical_seed,
2013-06-21,XLI,42.63,42.67,42.0014,42.3,33.7751645681,33.8068560197,33.2771334058,33.5137100922,14635300,14635300,0.21592,1.0,tiingo_historical_seed,
2013-06-24,XLI,41.91,41.965,41.3715,41.59,33.2047184388,33.2482941848,32.7780722714,32.9511868258,17405800,17405800,0.0,1.0,tiingo_historical_seed,
2013-06-25,XLI,41.96,42.19,41.79,42.055,33.2443327534,33.4265586002,33.109644084,33.319599951,8717400,8717400,0.0,1.0,tiingo_historical_seed,
2013-06-26,XLI,42.46,42.65,42.2275,42.47,33.6404758987,33.7910102939,33.4562693361,33.6483987616,14745100,14745100,0.0,1.0,tiingo_historical_seed,
2013-06-27,XLI,42.82,43.01,42.69,42.89,33.9256989633,34.0762333585,33.8227017455,33.9811590036,9177300,9177300,0.0,1.0,tiingo_historical_seed,
2013-06-28,XLI,42.8,42.96,42.57,42.64,33.9098532375,34.036619044,33.7276273906,33.783087431,13129300,13129300,0.0,1.0,tiingo_historical_seed,
2013-07-01,XLI,42.99,43.34,42.82,43.07,34.0603876327,34.3376878344,33.9256989633,34.1237705359,15781300,15781300,0.0,1.0,tiingo_historical_seed,
2013-07-02,XLI,42.92,43.12,42.47,42.61,34.0049275923,34.1633848505,33.6483987616,33.7593188423,12916900,12916900,0.0,1.0,tiingo_historical_seed,
2013-07-03,XLI,42.44,42.769,42.35,42.63,33.6246301729,33.8852923625,33.5533244067,33.7751645681,6081900,6081900,0.0,1.0,tiingo_historical_seed,
2013-07-05,XLI,42.96,43.3,42.78,43.3,34.036619044,34.3059963828,33.8940075117,34.3059963828,5687500,5687500,0.0,1.0,tiingo_historical_seed,
2013-07-08,XLI,43.38,43.69,43.35,43.415,34.369379286,34.6149880361,34.3456106973,34.3971093062,10901800,10901800,0.0,1.0,tiingo_historical_seed,
2013-07-09,XLI,43.74,44.24,43.73,44.03,34.6546023506,35.0507454959,34.6466794877,34.8843653749,13045100,13045100,0.0,1.0,tiingo_historical_seed,
2013-07-10,XLI,44.04,44.24,43.87,44.02,34.8922882378,35.0507454959,34.7575995684,34.876442512,9349600,9349600,0.0,1.0,tiingo_historical_seed,
2013-07-11,XLI,44.69,44.75,44.47,44.72,35.4072743267,35.4548115041,35.2329713428,35.4310429154,14058700,14058700,0.0,1.0,tiingo_historical_seed,
2013-07-12,XLI,44.56,44.66,44.215,44.45,35.3042771089,35.383505738,35.0309383387,35.2171256169,11366200,11366200,0.0,1.0,tiingo_historical_seed,
2013-07-15,XLI,44.58,44.6875,44.51,44.61,35.3201228347,35.405293611,35.2646627944,35.3438914234,11794300,11794300,0.0,1.0,tiingo_historical_seed,
2013-07-16,XLI,44.68,44.7377,44.31,44.37,35.3993514638,35.4450663828,35.1062055363,35.1537427137,6269200,6269200,0.0,1.0,tiingo_historical_seed,
2013-07-17,XLI,44.59,44.69,44.42,44.5,35.3280456976,35.4072743267,35.1933570282,35.2567399315,9605200,9605200,0.0,1.0,tiingo_historical_seed,
2013-07-18,XLI,44.6,45.08,44.54,44.95,35.3359685605,35.71626598,35.2884313831,35.6132687622,10896300,10896300,0.0,1.0,tiingo_historical_seed,
2013-07-19,XLI,45.11,45.43,45.05,45.41,35.7400345687,35.9935661817,35.6924973913,35.9777204559,13266600,13266600,0.0,1.0,tiingo_historical_seed,
2013-07-22,XLI,45.49,45.57,45.36,45.44,36.0411033592,36.1044862624,35.9381061414,36.0014890446,5960900,5960900,0.0,1.0,tiingo_historical_seed,
2013-07-23,XLI,45.59,45.64,45.27,45.41,36.1203319882,36.1599463028,35.8668003752,35.9777204559,6252900,6252900,0.0,1.0,tiingo_historical_seed,
2013-07-24,XLI,45.56,45.64,44.99,45.06,36.0965633995,36.1599463028,35.6449602139,35.7004202542,10965000,10965000,0.0,1.0,tiingo_historical_seed,
2013-07-25,XLI,44.94,45.08,44.675,45.08,35.6053458993,35.71626598,35.3953900323,35.71626598,7031800,7031800,0.0,1.0,tiingo_historical_seed,
2013-07-26,XLI,44.86,44.96,44.67,44.93,35.5419629961,35.6211916252,35.3914286009,35.5974230364,5800300,5800300,0.0,1.0,tiingo_historical_seed,
2013-07-29,XLI,44.74,44.975,44.73,44.81,35.4468886412,35.6330759195,35.4389657783,35.5023486816,8372300,8372300,0.0,1.0,tiingo_historical_seed,
2013-07-30,XLI,45.0,45.238,44.875,45.0,35.6528830768,35.8414472139,35.5538472905,35.6528830768,7145100,7145100,0.0,1.0,tiingo_historical_seed,
2013-07-31,XLI,45.07,45.5,45.07,45.16,35.7083431171,36.0490262221,35.7083431171,35.7796488833,12300000,12300000,0.0,1.0,tiingo_historical_seed,
2013-08-01,XLI,45.42,45.99,45.42,45.93,35.9856433188,36.4372465045,35.9856433188,36.389709327,12594500,12594500,0.0,1.0,tiingo_historical_seed,
2013-08-02,XLI,45.77,46.02,45.65,46.02,36.2629435205,36.4610150932,36.1678691657,36.4610150932,5985800,5985800,0.0,1.0,tiingo_historical_seed,
2013-08-05,XLI,45.83,45.97,45.771,45.845,36.310480698,36.4214007787,36.2637358068,36.3223649923,4468100,4468100,0.0,1.0,tiingo_historical_seed,
2013-08-06,XLI,45.76,45.76,45.42,45.5,36.2550206576,36.2550206576,35.9856433188,36.0490262221,8233700,8233700,0.0,1.0,tiingo_historical_seed,
2013-08-07,XLI,45.3,45.45,45.19,45.43,35.890568964,36.0094119075,35.803417472,35.9935661817,8927600,8927600,0.0,1.0,tiingo_historical_seed,
2013-08-08,XLI,45.68,45.78,45.45,45.64,36.1916377544,36.2708663834,36.0094119075,36.1599463028,4971300,4971300,0.0,1.0,tiingo_historical_seed,
2013-08-09,XLI,45.67,45.67,45.315,45.49,36.1837148915,36.1837148915,35.9024532583,36.0411033592,5525800,5525800,0.0,1.0,tiingo_historical_seed,
2013-08-12,XLI,45.21,45.6,45.19,45.55,35.8192631978,36.1282548511,35.803417472,36.0886405366,6165300,6165300,0.0,1.0,tiingo_historical_seed,
2013-08-13,XLI,45.57,45.87,45.4,45.75,36.1044862624,36.3421721496,35.969797593,36.2470977947,7791700,7791700,0.0,1.0,tiingo_historical_seed,
2013-08-14,XLI,45.71,45.8,45.42,45.43,36.2154063431,36.2867121093,35.9856433188,35.9935661817,10253000,10253000,0.0,1.0,tiingo_historical_seed,
2013-08-15,XLI,44.99,45.0599,44.77,44.92,35.6449602139,35.7003410256,35.4706572299,35.5895001735,7586200,7586200,0.0,1.0,tiingo_historical_seed,
2013-08-16,XLI,44.89,45.1099,44.79,44.98,35.5657315848,35.7399553401,35.4865029558,35.637037351,8138800,8138800,0.0,1.0,tiingo_historical_seed,
2013-08-19,XLI,44.8501,45.05,44.74,44.74,35.5341193618,35.6924973913,35.4468886412,35.4468886412,5182300,5182300,0.0,1.0,tiingo_historical_seed,
2013-08-20,XLI,44.79,45.01,44.62,44.82,35.4865029558,35.6608059397,35.3518142863,35.5102715445,6768600,6768600,0.0,1.0,tiingo_historical_seed,
2013-08-21,XLI,44.75,44.86,44.46,44.51,35.4548115041,35.5419629961,35.2250484799,35.2646627944,7865000,7865000,0.0,1.0,tiingo_historical_seed,
2013-08-22,XLI,44.61,45.185,44.61,45.12,35.3438914234,35.7994560405,35.3438914234,35.7479574316,9124600,9124600,0.0,1.0,tiingo_historical_seed,
2013-08-23,XLI,45.23,45.23,44.91,45.13,35.8351089236,35.8351089236,35.5815773106,35.7558802946,5267700,5267700,0.0,1.0,tiingo_historical_seed,
2013-08-26,XLI,45.22,45.4,44.98,45.03,35.8271860607,35.969797593,35.637037351,35.6766516655,6568200,6568200,0.0,1.0,tiingo_historical_seed,
2013-08-27,XLI,44.51,44.67,44.07,44.12,35.2646627944,35.3914286009,34.9160568265,34.9556711411,14017100,14017100,0.0,1.0,tiingo_historical_seed,
2013-08-28,XLI,44.01,44.335,43.97,44.16,34.8685196491,35.1260126935,34.8368281975,34.9873625927,7962900,7962900,0.0,1.0,tiingo_historical_seed,
2013-08-29,XLI,44.05,44.52,44.03,44.29,34.9002111007,35.2725856573,34.8843653749,35.0903598105,4614400,4614400,0.0,1.0,tiingo_historical_seed,
2013-08-30,XLI,44.39,44.47,43.93,44.04,35.1695884395,35.2329713428,34.8051367458,34.8922882378,8162900,8162900,0.0,1.0,tiingo_historical_seed,
2013-09-03,XLI,44.46,44.75,44.13,44.32,35.2250484799,35.4548115041,34.963594004,35.1141283992,9736700,9736700,0.0,1.0,tiingo_historical_seed,
2013-09-04,XLI,44.27,44.85,44.24,44.775,35.0745140846,35.5340401332,35.0507454959,35.4746186614,7486900,7486900,0.0,1.0,tiingo_historical_seed,
2013-09-05,XLI,44.83,45.02,44.67,44.88,35.5181944074,35.6687288026,35.3914286009,35.5578087219,4880200,4880200,0.0,1.0,tiingo_historical_seed,
2013-09-06,XLI,45.09,45.23,44.45,44.86,35.7241888429,35.8351089236,35.2171256169,35.5419629961,11587200,11587200,0.0,1.0,tiingo_historical_seed,
2013-09-09,XLI,45.02,45.53,45.0125,45.42,35.6687288026,36.0727948108,35.6627866554,35.9856433188,8454200,8454200,0.0,1.0,tiingo_historical_seed,
2013-09-10,XLI,45.79,46.16,45.717,46.08,36.2787892463,36.5719351739,36.2209523471,36.5085522706,14050400,14050400,0.0,1.0,tiingo_historical_seed,
2013-09-11,XLI,46.07,46.29,45.94,46.27,36.5006294077,36.6749323916,36.3976321899,36.6590866658,11984400,11984400,0.0,1.0,tiingo_historical_seed,
2013-09-12,XLI,46.23,46.355,46.04,46.08,36.6273952142,36.7264310005,36.476860819,36.5085522706,8270400,8270400,0.0,1.0,tiingo_historical_seed,
2013-09-13,XLI,46.17,46.22,45.93,46.21,36.5798580368,36.6194723513,36.389709327,36.6115494884,6506600,6506600,0.0,1.0,tiingo_historical_seed,
2013-09-16,XLI,46.7999,46.95,46.64,46.81,37.0789191712,37.1978413434,36.9522325934,37.0869212628,15482500,15482500,0.0,1.0,tiingo_historical_seed,
2013-09-17,XLI,46.76,47.07,46.74,47.01,37.0473069482,37.2929156983,37.0314612224,37.2453785209,7651000,7651000,0.0,1.0,tiingo_historical_seed,
2013-09-18,XLI,47.05,47.7,46.892,47.6,37.2770699725,37.7920560614,37.1518887386,37.7128274323,12259900,12259900,0.0,1.0,tiingo_historical_seed,
2013-09-19,XLI,47.77,48.01,47.72,47.76,37.8475161017,38.0376648115,37.8079017872,37.8395932388,12368500,12368500,0.0,1.0,tiingo_historical_seed,
2013-09-20,XLI,47.6599,47.68,46.93,46.96,37.9363579895,37.9523572005,37.355371716,37.3792511354,11923900,11923900,0.21897,1.0,tiingo_historical_seed,
2013-09-23,XLI,46.88,47.01,46.59,46.81,37.3155726837,37.4190501677,37.0847382964,37.2598540385,7456100,7456100,0.0,1.0,tiingo_historical_seed,
2013-09-24,XLI,46.78,47.25,46.76,46.98,37.2359746191,37.6100855227,37.2200550062,37.3951707483,6755000,6755000,0.0,1.0,tiingo_historical_seed,
2013-09-25,XLI,47.03,47.125,46.77,46.77,37.4349697806,37.510587942,37.2280148127,37.2280148127,8193200,8193200,0.0,1.0,tiingo_historical_seed,
2013-09-26,XLI,46.85,47.08,46.7499,46.98,37.2916932643,37.4747688129,37.2120156017,37.3951707483,5383000,5383000,0.0,1.0,tiingo_historical_seed,
2013-09-27,XLI,46.67,46.74,46.49,46.68,37.1484167481,37.2041353933,37.0051402318,37.1563765545,5966100,5966100,0.0,1.0,tiingo_historical_seed,
2013-09-30,XLI,46.2,46.595,46.12,46.405,36.7743058444,37.0887181996,36.7106273928,36.9374818769,7457800,7457800,0.0,1.0,tiingo_historical_seed,
2013-10-01,XLI,46.39,46.81,46.38,46.7,36.9255421672,37.2598540385,36.9175823607,37.1722961674,11204000,11204000,0.0,1.0,tiingo_historical_seed,
2013-10-02,XLI,46.44,46.55,46.2,46.48,36.9653411995,37.0528990705,36.7743058444,36.9971804253,9274700,9274700,0.0,1.0,tiingo_historical_seed,
2013-10-03,XLI,46.47,46.47,45.67,45.97,36.9892206189,36.9892206189,36.3524361021,36.5912302959,15708500,15708500,0.0,1.0,tiingo_historical_seed,
2013-10-04,XLI,46.01,46.3,45.87,46.27,36.6230695217,36.853903909,36.5116322313,36.8300244897,9868400,9868400,0.0,1.0,tiingo_historical_seed,
2013-10-07,XLI,45.68,46.26,45.68,45.95,36.3603959085,36.8220646832,36.3603959085,36.575310683,8956500,8956500,0.0,1.0,tiingo_historical_seed,
2013-10-08,XLI,45.99,46.11,45.41,45.43,36.6071499088,36.7026675863,36.1454811341,36.161400747,17558800,17558800,0.0,1.0,tiingo_historical_seed,
2013-10-09,XLI,45.62,45.62,45.09,45.41,36.3126370698,36.3126370698,35.8907673274,36.1454811341,14004300,14004300,0.0,1.0,tiingo_historical_seed,
2013-10-10,XLI,45.95,46.6,45.86,46.58,36.575310683,37.0926981028,36.5036724248,37.0767784899,14282100,14282100,0.0,1.0,tiingo_historical_seed,
2013-10-11,XLI,46.5,46.88,46.47,46.8,37.0131000382,37.3155726837,36.9892206189,37.251894232,8039000,8039000,0.0,1.0,tiingo_historical_seed,
2013-10-14,XLI,46.58,47.0051,46.45,46.98,37.0767784899,37.4151498625,36.9733010059,37.3951707483,9823100,9823100,0.0,1.0,tiingo_historical_seed,
2013-10-15,XLI,46.88,46.995,46.46,46.51,37.3155726837,37.407110458,36.9812608124,37.0210598447,13450200,13450200,0.0,1.0,tiingo_historical_seed,
2013-10-16,XLI,46.73,46.92,46.47,46.819,37.1961755868,37.3474119096,36.9892206189,37.2670178643,11994900,11994900,0.0,1.0,tiingo_historical_seed,
2013-10-17,XLI,46.64,47.19,46.63,47.175,37.1245373287,37.562326684,37.1165775222,37.5503869743,10314700,10314700,0.0,1.0,tiingo_historical_seed,
2013-10-18,XLI,47.47,47.79,47.37,47.691,37.7852012648,38.0399150716,37.7056032002,37.9611129876,12946800,12946800,0.0,1.0,tiingo_historical_seed,
2013-10-21,XLI,47.76,47.86,47.722,47.81,38.0160356522,38.0956337168,37.9857883876,38.0558346845,6115400,6115400,0.0,1.0,tiingo_historical_seed,
2013-10-22,XLI,47.97,48.41,47.97,48.13,38.1831915878,38.5334230721,38.1831915878,38.3105484912,8021700,8021700,0.0,1.0,tiingo_historical_seed,
2013-10-23,XLI,48.06,48.18,47.83,48.15,38.254829846,38.3503475235,38.0717542974,38.3264681041,8815400,8815400,0.0,1.0,tiingo_historical_seed,
2013-10-24,XLI,48.24,48.56,48.2,48.51,38.3981063623,38.652820169,38.3662671364,38.6130211367,8296900,8296900,0.0,1.0,tiingo_historical_seed,
2013-10-25,XLI,48.62,48.78,48.34,48.76,38.7005790077,38.8279359111,38.4777044269,38.8120162982,10031400,10031400,0.0,1.0,tiingo_historical_seed,
2013-10-28,XLI,48.6,48.82,48.58,48.69,38.6846593948,38.8597751369,38.6687397819,38.7562976529,6626200,6626200,0.0,1.0,tiingo_historical_seed,
2013-10-29,XLI,48.76,48.83,48.51,48.83,38.8120162982,38.8677349434,38.6130211367,38.8677349434,7591100,7591100,0.0,1.0,tiingo_historical_seed,
2013-10-30,XLI,48.94,48.99,48.47,48.61,38.9552928144,38.9950918467,38.5811819108,38.6926192013,8914100,8914100,0.0,1.0,tiingo_historical_seed,
2013-10-31,XLI,48.53,48.95,48.42,48.62,38.6289407496,38.9632526209,38.5413828785,38.7005790077,9897500,9897500,0.0,1.0,tiingo_historical_seed,
2013-11-01,XLI,48.73,49.08,48.57,48.97,38.7881368788,39.0667301049,38.6607799754,38.9791722338,9922600,9922600,0.0,1.0,tiingo_historical_seed,
2013-11-04,XLI,49.17,49.17,48.985,49.15,39.138368363,39.138368363,38.9911119435,39.1224487501,5477400,5477400,0.0,1.0,tiingo_historical_seed,
2013-11-05,XLI,48.96,49.21,48.69,49.1,38.9712124274,39.1702075889,38.7562976529,39.0826497178,6572100,6572100,0.0,1.0,tiingo_historical_seed,
2013-11-06,XLI,49.31,49.37,48.99,49.24,39.2498056535,39.2975644922,38.9950918467,39.1940870082,5889600,5889600,0.0,1.0,tiingo_historical_seed,
2013-11-07,XLI,49.38,49.52,48.64,48.72,39.3055242987,39.4169615891,38.7164986206,38.7801770723,10880700,10880700,0.0,1.0,tiingo_historical_seed,
2013-11-08,XLI,48.68,49.38,48.65,49.38,38.7483378465,39.3055242987,38.7244584271,39.3055242987,8964900,8964900,0.0,1.0,tiingo_historical_seed,
2013-11-11,XLI,49.37,49.4,49.23,49.34,39.2975644922,39.3214439116,39.1861272018,39.2736850728,5319400,5319400,0.0,1.0,tiingo_historical_seed,
2013-11-12,XLI,49.17,49.45,49.121,49.36,39.138368363,39.3612429439,39.0993653114,39.2896046858,10837900,10837900,0.0,1.0,tiingo_historical_seed,
2013-11-13,XLI,49.1,49.649,49.06,49.649,39.0826497178,39.5196430924,39.050810492,39.5196430924,9779500,9779500,0.0,1.0,tiingo_historical_seed,
2013-11-14,XLI,49.58,49.945,49.58,49.84,39.4647204279,39.7552533637,39.4647204279,39.6716753958,11060700,11060700,0.0,1.0,tiingo_historical_seed,
2013-11-15,XLI,49.98,50.06,49.79,50.01,39.7831126863,39.8467911379,39.6318763635,39.8069921056,7836800,7836800,0.0,1.0,tiingo_historical_seed,
2013-11-18,XLI,50.25,50.4,49.97,50.085,39.9980274607,40.1174245576,39.7751528798,39.8666906541,6686900,6686900,0.0,1.0,tiingo_historical_seed,
2013-11-19,XLI,50.06,50.17,49.67,49.73,39.8467911379,39.934349009,39.536358686,39.5841175248,9411800,9411800,0.0,1.0,tiingo_historical_seed,
2013-11-20,XLI,49.91,49.91,49.402,49.51,39.727394041,39.727394041,39.3230358729,39.4090017827,9381700,9381700,0.0,1.0,tiingo_historical_seed,
2013-11-21,XLI,49.72,49.96,49.56,49.91,39.5761577183,39.7671930733,39.448800815,39.727394041,6829300,6829300,0.0,1.0,tiingo_historical_seed,
2013-11-22,XLI,50.06,50.35,49.885,50.35,39.8467911379,40.0776255253,39.7074945249,40.0776255253,5430400,5430400,0.0,1.0,tiingo_historical_seed,
2013-11-25,XLI,50.45,50.51,50.12,50.24,40.1572235899,40.2049824286,39.8945499767,39.9900676542,7895000,7895000,0.0,1.0,tiingo_historical_seed,
2013-11-26,XLI,50.25,50.46,50.188,50.34,39.9980274607,40.1651833963,39.9486766606,40.0696657188,8142500,8142500,0.0,1.0,tiingo_historical_seed,
2013-11-27,XLI,50.46,50.6192,50.41,50.54,40.1651833963,40.2919035152,40.125384364,40.228861848,3774500,3774500,0.0,1.0,tiingo_historical_seed,
2013-11-29,XLI,50.73,50.775,50.34,50.4,40.3800981708,40.4159172998,40.0696657188,40.1174245576,6964900,6964900,0.0,1.0,tiingo_historical_seed,
2013-12-02,XLI,50.38,50.48,50.07,50.19,40.1015049447,40.1811030093,39.8547509444,39.9502686219,6976700,6976700,0.0,1.0,tiingo_historical_seed,
2013-12-03,XLI,50.11,50.11,49.58,49.76,39.8865901702,39.8865901702,39.4647204279,39.6079969441,8976000,8976000,0.0,1.0,tiingo_historical_seed,
2013-12-04,XLI,49.52,49.92,49.13,49.56,39.4169615891,39.7353538475,39.1065291372,39.448800815,6776400,6776400,0.0,1.0,tiingo_historical_seed,
2013-12-05,XLI,49.56,49.81,49.46,49.58,39.448800815,39.6477959764,39.3692027504,39.4647204279,6939600,6939600,0.0,1.0,tiingo_historical_seed,
2013-12-06,XLI,50.19,50.36,50.052,50.34,39.9502686219,40.0855853317,39.8404232928,40.0696657188,8399500,8399500,0.0,1.0,tiingo_historical_seed,
2013-12-09,XLI,50.38,50.54,50.361,50.47,40.1015049447,40.228861848,40.0863813124,40.1731432028,5566600,5566600,0.0,1.0,tiingo_historical_seed,
2013-12-10,XLI,50.38,50.645,50.2,50.36,40.1015049447,40.3124398158,39.9582284284,40.0855853317,10114300,10114300,0.0,1.0,tiingo_historical_seed,
2013-12-11,XLI,50.38,50.38,49.52,49.57,40.1015049447,40.1015049447,39.4169615891,39.4567606214,11225000,11225000,0.0,1.0,tiingo_historical_seed,
2013-12-12,XLI,49.45,49.7682,49.43,49.62,39.3612429439,39.6145239854,39.345323331,39.4965596537,9293200,9293200,0.0,1.0,tiingo_historical_seed,
2013-12-13,XLI,49.7,49.879,49.54,49.77,39.5602381054,39.702718641,39.432881202,39.6159567506,6254100,6254100,0.0,1.0,tiingo_historical_seed,
2013-12-16,XLI,49.93,50.41,49.93,50.24,39.743313654,40.125384364,39.743313654,39.9900676542,9108300,9108300,0.0,1.0,tiingo_historical_seed,
2013-12-17,XLI,50.41,50.47,50.14,50.22,40.125384364,40.1731432028,39.9104695896,39.9741480413,11324000,11324000,0.0,1.0,tiingo_historical_seed,
2013-12-18,XLI,50.36,51.09,49.91,51.06,40.0855853317,40.6666512033,39.727394041,40.6427717839,21338300,21338300,0.0,1.0,tiingo_historical_seed,
2013-12-19,XLI,50.99,51.14,50.7701,51.11,40.5870531387,40.7064502356,40.4120169947,40.6825708162,13576700,13576700,0.0,1.0,tiingo_historical_seed,
2013-12-20,XLI,50.94,51.42,50.83,51.26,40.7518492542,41.1358478337,40.6638495797,41.0078483072,13806000,13806000,0.25865,1.0,tiingo_historical_seed,
2013-12-23,XLI,51.53,51.58,51.35,51.46,41.2238475082,41.2638473602,41.0798480409,41.1678477154,6969500,6969500,0.0,1.0,tiingo_historical_seed,
2013-12-24,XLI,51.45,51.71,51.45,51.7,41.1598477449,41.3678469755,41.1598477449,41.3598470051,2765300,2765300,0.0,1.0,tiingo_historical_seed,
2013-12-26,XLI,51.87,52.11,51.7,52.06,41.495846502,41.6878457918,41.3598470051,41.6478459398,6725200,6725200,0.0,1.0,tiingo_historical_seed,
2013-12-27,XLI,52.29,52.29,51.9301,52.0,41.8318452591,41.8318452591,41.5439263242,41.5998461173,4157300,4157300,0.0,1.0,tiingo_historical_seed,
2013-12-30,XLI,52.02,52.06,51.89,51.95,41.6158460582,41.6478459398,41.5118464429,41.5598462653,4944000,4944000,0.0,1.0,tiingo_historical_seed,
2013-12-31,XLI,52.12,52.3,52.03,52.26,41.6958457622,41.8398452296,41.6238460286,41.8078453479,6575600,6575600,0.0,1.0,tiingo_historical_seed,
2014-01-02,XLI,51.98,52.07,51.46,51.53,41.5838461765,41.6558459102,41.1678477154,41.2238475082,9337000,9337000,0.0,1.0,tiingo_historical_seed,
2014-01-03,XLI,51.67,51.9,51.58,51.67,41.3358470939,41.5198464133,41.2638473602,41.3358470939,6104000,6104000,0.0,1.0,tiingo_historical_seed,
2014-01-06,XLI,51.92,52.07,51.37,51.37,41.5358463541,41.6558459102,41.0958479817,41.0958479817,7486900,7486900,0.0,1.0,tiingo_historical_seed,
2014-01-07,XLI,51.64,51.81,51.5101,51.69,41.3118471827,41.4478466796,41.2079275671,41.3518470347,7068800,7068800,0.0,1.0,tiingo_historical_seed,
2014-01-08,XLI,51.7,51.72,51.395,51.6,41.3598470051,41.3758469459,41.1158479077,41.2798473011,8091500,8091500,0.0,1.0,tiingo_historical_seed,
2014-01-09,XLI,51.9,52.05,51.52,51.85,41.5198464133,41.6398459694,41.2158475378,41.4798465612,10795300,10795300,0.0,1.0,tiingo_historical_seed,
2014-01-10,XLI,51.94,51.97,51.5849,51.93,41.5518462949,41.5758462061,41.2677673457,41.5438463245,12522200,12522200,0.0,1.0,tiingo_historical_seed,
2014-01-13,XLI,51.8,52.1,51.24,51.3,41.4398467092,41.6798458214,40.9918483664,41.0398481888,12241300,12241300,0.0,1.0,tiingo_historical_seed,
2014-01-14,XLI,51.56,51.88,51.36,51.84,41.2478474194,41.5038464725,41.0878480113,41.4718465908,9435800,9435800,0.0,1.0,tiingo_historical_seed,
2014-01-15,XLI,51.97,52.32,51.92,52.21,41.5758462061,41.8558451704,41.5358463541,41.7678454959,6790200,6790200,0.0,1.0,tiingo_historical_seed,
2014-01-16,XLI,52.02,52.15,51.911,52.08,41.6158460582,41.7198456734,41.5286463807,41.6638458806,8180600,8180600,0.0,1.0,tiingo_historical_seed,
2014-01-17,XLI,51.89,51.96,51.7,51.82,41.5118464429,41.5678462357,41.3598470051,41.45584665,8662300,8662300,0.0,1.0,tiingo_historical_seed,
2014-01-21,XLI,52.07,52.305,51.58,51.87,41.6558459102,41.8438452148,41.2638473602,41.495846502,11033500,11033500,0.0,1.0,tiingo_historical_seed,
2014-01-22,XLI,52.06,52.1,51.85,52.03,41.6478459398,41.6798458214,41.4798465612,41.6238460286,6348800,6348800,0.0,1.0,tiingo_historical_seed,
2014-01-23,XLI,51.72,51.87,51.24,51.41,41.3758469459,41.495846502,40.9918483664,41.1278478633,8550600,8550600,0.0,1.0,tiingo_historical_seed,
2014-01-24,XLI,51.06,51.06,49.8,49.81,40.8478488991,40.8478488991,39.8398526278,39.8478525982,25688100,25688100,0.0,1.0,tiingo_historical_seed,
2014-01-27,XLI,50.04,50.24,49.52,49.86,40.0318519175,40.1918513257,39.6158534564,39.8878524502,17553000,17553000,0.0,1.0,tiingo_historical_seed,
2014-01-28,XLI,50.01,50.47,50.01,50.33,40.0078520063,40.375850645,40.0078520063,40.2638510593,9909400,9909400,0.0,1.0,tiingo_historical_seed,
2014-01-29,XLI,49.81,50.21,49.66,49.79,39.8478525982,40.1678514145,39.7278530421,39.8318526574,15007700,15007700,0.0,1.0,tiingo_historical_seed,
2014-01-30,XLI,50.24,50.399,49.94,50.28,40.1918513257,40.3190508551,39.9518522135,40.2238512073,9984800,9984800,0.0,1.0,tiingo_historical_seed,
2014-01-31,XLI,49.44,50.38,49.44,50.03,39.5518536931,40.3038509114,39.5518536931,40.0238519471,15208000,15208000,0.0,1.0,tiingo_historical_seed,
2014-02-03,XLI,49.91,50.23,48.62,48.64,39.9278523022,40.1838513553,38.8958561197,38.9118560605,23578000,23578000,0.0,1.0,tiingo_historical_seed,
2014-02-04,XLI,48.82,49.12,48.38,48.95,39.0558555279,39.2958546401,38.7038568299,39.1598551431,14235900,14235900,0.0,1.0,tiingo_historical_seed,
2014-02-05,XLI,48.75,49.116,48.39,48.93,38.999855735,39.2926546519,38.7118568003,39.1438552023,15364900,15364900,0.0,1.0,tiingo_historical_seed,
2014-02-06,XLI,49.14,49.675,49.04,49.61,39.3118545809,39.7398529977,39.2318548768,39.68785319,13598300,13598300,0.0,1.0,tiingo_historical_seed,
2014-02-07,XLI,49.86,50.51,49.86,50.47,39.8878524502,40.4078505267,39.8878524502,40.375850645,15046600,15046600,0.0,1.0,tiingo_historical_seed,
2014-02-10,XLI,50.52,50.54,50.04,50.15,40.4158504971,40.4318504379,40.0318519175,40.119851592,14047400,14047400,0.0,1.0,tiingo_historical_seed,
2014-02-11,XLI,50.33,50.91,50.24,50.71,40.2638510593,40.727849343,40.1918513257,40.5678499348,10364000,10364000,0.0,1.0,tiingo_historical_seed,
2014-02-12,XLI,50.79,51.045,50.77,51.0,40.6318496981,40.8358489435,40.6158497573,40.7998490766,10282600,10282600,0.0,1.0,tiingo_historical_seed,
2014-02-13,XLI,50.66,51.11,50.49,51.04,40.5278500828,40.8878487511,40.3918505859,40.8318489582,11396800,11396800,0.0,1.0,tiingo_historical_seed,
2014-02-14,XLI,50.98,51.51,50.9,51.37,40.7838491358,41.2078475674,40.7198493725,41.0958479817,9132200,9132200,0.0,1.0,tiingo_historical_seed,
2014-02-18,XLI,51.52,51.62,51.15,51.33,41.2158475378,41.2958472419,40.9198486327,41.0638481001,7282200,7282200,0.0,1.0,tiingo_historical_seed,
2014-02-19,XLI,51.27,51.57,50.82,50.85,41.0158482776,41.2558473898,40.6558496093,40.6798495205,10443000,10443000,0.0,1.0,tiingo_historical_seed,
2014-02-20,XLI,51.03,51.5,50.78,51.33,40.8238489878,41.199847597,40.6238497277,41.0638481001,15387500,15387500,0.0,1.0,tiingo_historical_seed,
2014-02-21,XLI,51.53,51.63,51.32,51.39,41.2238475082,41.3038472123,41.0558481297,41.1118479225,6108500,6108500,0.0,1.0,tiingo_historical_seed,
2014-02-24,XLI,51.58,52.2274,51.5,51.78,41.2638473602,41.7817654444,41.199847597,41.4238467684,9311600,9311600,0.0,1.0,tiingo_historical_seed,
2014-02-25,XLI,51.71,51.9,51.47,51.61,41.3678469755,41.5198464133,41.1758476858,41.2878472715,7522100,7522100,0.0,1.0,tiingo_historical_seed,
2014-02-26,XLI,51.72,51.867,51.46,51.66,41.3758469459,41.4934465109,41.1678477154,41.3278471235,10607400,10607400,0.0,1.0,tiingo_historical_seed,
2014-02-27,XLI,51.59,51.96,51.51,51.96,41.2718473306,41.5678462357,41.2078475674,41.5678462357,5723700,5723700,0.0,1.0,tiingo_historical_seed,
2014-02-28,XLI,51.98,52.34,51.8,52.06,41.5838461765,41.8718451112,41.4398467092,41.6478459398,12876700,12876700,0.0,1.0,tiingo_historical_seed,
2014-03-03,XLI,51.5,51.88,51.33,51.71,41.199847597,41.5038464725,41.0638481001,41.3678469755,17327500,17327500,0.0,1.0,tiingo_historical_seed,
2014-03-04,XLI,52.19,52.7167,52.12,52.46,41.7518455551,42.1732039964,41.6958457622,41.9678447561,12361000,12361000,0.0,1.0,tiingo_historical_seed,
2014-03-05,XLI,52.57,52.71,52.46,52.53,42.0558444305,42.1678440162,41.9678447561,42.0238445489,11014900,11014900,0.0,1.0,tiingo_historical_seed,
2014-03-06,XLI,52.79,52.95,52.67,52.83,42.2318437795,42.359843306,42.1358441346,42.2638436611,9427300,9427300,0.0,1.0,tiingo_historical_seed,
2014-03-07,XLI,53.18,53.25,52.87,53.0,42.5438426254,42.5998424182,42.2958435428,42.3998431581,12752100,12752100,0.0,1.0,tiingo_historical_seed,
2014-03-10,XLI,52.85,52.92,52.435,52.77,42.2798436019,42.3358433948,41.9478448301,42.2158438387,8201100,8201100,0.0,1.0,tiingo_historical_seed,
2014-03-11,XLI,52.98,52.98,52.255,52.39,42.3838432172,42.3838432172,41.8038453627,41.9118449632,9575600,9575600,0.0,1.0,tiingo_historical_seed,
2014-03-12,XLI,52.08,52.3,51.895,52.29,41.6638458806,41.8398452296,41.5158464281,41.8318452591,12433300,12433300,0.0,1.0,tiingo_historical_seed,
2014-03-13,XLI,52.499,52.6199,51.33,51.55,41.9990446407,42.0957642829,41.0638481001,41.239847449,17725500,17725500,0.0,1.0,tiingo_historical_seed,
2014-03-14,XLI,51.47,51.735,51.27,51.35,41.1758476858,41.3878469015,41.0158482776,41.0798480409,17127600,17127600,0.0,1.0,tiingo_historical_seed,
2014-03-17,XLI,51.56,52.16,51.56,51.98,41.2478474194,41.7278456439,41.2478474194,41.5838461765,11471900,11471900,0.0,1.0,tiingo_historical_seed,
2014-03-18,XLI,52.07,52.38,52.0601,52.26,41.6558459102,41.9038449928,41.6479259395,41.8078453479,7434300,7434300,0.0,1.0,tiingo_historical_seed,
2014-03-19,XLI,52.26,52.35,51.43,51.72,41.8078453479,41.8798450816,41.1438478041,41.3758469459,13222700,13222700,0.0,1.0,tiingo_historical_seed,
2014-03-20,XLI,51.72,51.92,51.48,51.87,41.3758469459,41.5358463541,41.1838476562,41.495846502,11205800,11205800,0.0,1.0,tiingo_historical_seed,
2014-03-21,XLI,51.96,52.12,51.61,51.65,41.7485154671,41.8770713269,41.4672995238,41.4994384888,13683400,13683400,0.22449,1.0,tiingo_historical_seed,
2014-03-24,XLI,51.89,51.93,51.19,51.48,41.6922722784,41.7244112434,41.1298403919,41.3628478877,14063100,14063100,0.0,1.0,tiingo_historical_seed,
2014-03-25,XLI,51.75,52.09,51.679,51.95,41.5797859011,41.8529671032,41.5227392383,41.7404807259,11722300,11722300,0.0,1.0,tiingo_historical_seed,
2014-03-26,XLI,52.28,52.28,51.42,51.42,42.0056271867,42.0056271867,41.3146394403,41.3146394403,9906800,9906800,0.0,1.0,tiingo_historical_seed,
2014-03-27,XLI,51.42,51.5,51.02,51.35,41.3146394403,41.3789173702,40.9932497908,41.2583962517,9369500,9369500,0.0,1.0,tiingo_historical_seed,
2014-03-28,XLI,51.46,51.94,51.45,51.73,41.3467784053,41.7324459846,41.338743664,41.5637164187,8982600,8982600,0.0,1.0,tiingo_historical_seed,
2014-03-31,XLI,52.0,52.42,52.0,52.33,41.7806544321,42.118113564,41.7806544321,42.0458008929,7563100,7563100,0.0,1.0,tiingo_historical_seed,
2014-04-01,XLI,52.55,52.87,52.355,52.7,42.2225652001,42.4796769197,42.065887746,42.3430863186,13773800,13773800,0.0,1.0,tiingo_historical_seed,
2014-04-02,XLI,52.74,53.11,52.72,53.07,42.3752252836,42.6725107094,42.3591558011,42.6403717444,12812900,12812900,0.0,1.0,tiingo_historical_seed,
2014-04-03,XLI,53.15,53.18,52.9,53.15,42.7046496743,42.728753898,42.5037811434,42.7046496743,9268300,9268300,0.0,1.0,tiingo_historical_seed,
2014-04-04,XLI,53.4,53.488,52.405,52.54,42.9055182052,42.9762239281,42.1060614521,42.2145304588,14930600,14930600,0.0,1.0,tiingo_historical_seed,
2014-04-07,XLI,52.4,52.57,51.68,51.79,42.1020440815,42.2386346826,41.5235427125,41.6119248661,12402800,12402800,0.0,1.0,tiingo_historical_seed,
2014-04-08,XLI,51.71,51.965,51.46,51.79,41.5476469362,41.7525328377,41.3467784053,41.6119248661,9462400,9462400,0.0,1.0,tiingo_historical_seed,
2014-04-09,XLI,52.07,52.49,51.85,52.45,41.8368976207,42.1743567527,41.6601333135,42.1422177877,11329100,11329100,0.0,1.0,tiingo_historical_seed,
2014-04-10,XLI,52.37,52.57,51.41,51.41,42.0779398578,42.2386346826,41.3066046991,41.3066046991,11634000,11634000,0.0,1.0,tiingo_historical_seed,
2014-04-11,XLI,51.26,51.48,50.89,50.9,41.1860835805,41.3628478877,40.8887981548,40.896832896,11243000,11243000,0.0,1.0,tiingo_historical_seed,
2014-04-14,XLI,51.24,51.47,50.78,51.19,41.170014098,41.3548131465,40.8004160011,41.1298403919,6844900,6844900,0.0,1.0,tiingo_historical_seed,
2014-04-15,XLI,51.28,51.62,50.74,51.55,41.202153063,41.475334265,40.7682770362,41.4190910764,14535100,14535100,0.0,1.0,tiingo_historical_seed,
2014-04-16,XLI,51.71,52.35,51.705,52.34,41.5476469362,42.0618703753,41.5436295656,42.0538356341,9096000,9096000,0.0,1.0,tiingo_historical_seed,
2014-04-17,XLI,52.45,52.9,52.36,52.75,42.1422177877,42.5037811434,42.0699051166,42.3832600248,12903800,12903800,0.0,1.0,tiingo_historical_seed,
2014-04-21,XLI,52.84,52.95,52.57,52.9,42.455572696,42.5439548496,42.2386346826,42.5037811434,9673300,9673300,0.0,1.0,tiingo_historical_seed,
2014-04-22,XLI,53.06,53.24,52.91,52.93,42.6323370032,42.7769623454,42.5118158846,42.5278853671,11155800,11155800,0.0,1.0,tiingo_historical_seed,
2014-04-23,XLI,52.95,53.24,52.91,53.13,42.5439548496,42.7769623454,42.5118158846,42.6885801918,8965000,8965000,0.0,1.0,tiingo_historical_seed,
2014-04-24,XLI,53.39,53.39,52.79,53.03,42.897483464,42.897483464,42.4153989898,42.6082327795,11864200,11864200,0.0,1.0,tiingo_historical_seed,
2014-04-25,XLI,52.79,52.95,52.38,52.51,42.4153989898,42.5439548496,42.0859745991,42.1904262351,6997500,6997500,0.0,1.0,tiingo_historical_seed,
2014-04-28,XLI,52.72,52.89,52.01,52.54,42.3591558011,42.4957464021,41.7886891733,42.2145304588,12105400,12105400,0.0,1.0,tiingo_historical_seed,
2014-04-29,XLI,52.7,52.74,52.31,52.68,42.3430863186,42.3752252836,42.0297314104,42.3270168362,9382800,9382800,0.0,1.0,tiingo_historical_seed,
2014-04-30,XLI,52.69,53.0999,52.58,53.03,42.3350515774,42.6643956207,42.2466694238,42.6082327795,13299600,13299600,0.0,1.0,tiingo_historical_seed,
2014-05-01,XLI,52.98,53.16,52.71,52.9,42.5680590733,42.7126844155,42.3511210599,42.5037811434,10600400,10600400,0.0,1.0,tiingo_historical_seed,
2014-05-02,XLI,52.9,53.17,52.81,52.82,42.5037811434,42.7207191568,42.4314684722,42.4395032135,8701100,8701100,0.0,1.0,tiingo_historical_seed,
2014-05-05,XLI,52.67,52.995,52.4,52.93,42.3189820949,42.5801111851,42.1020440815,42.5278853671,5358600,5358600,0.0,1.0,tiingo_historical_seed,
2014-05-06,XLI,52.85,52.86,52.48,52.53,42.4636074372,42.4716421784,42.1663220114,42.2064957176,6032300,6032300,0.0,1.0,tiingo_historical_seed,
2014-05-07,XLI,52.6,53.0,52.382,52.98,42.2627389063,42.5841285557,42.0875815473,42.5680590733,7959000,7959000,0.0,1.0,tiingo_historical_seed,
2014-05-08,XLI,52.91,53.31,52.805,52.97,42.5118158846,42.8332055341,42.4274511016,42.560024332,8034200,8034200,0.0,1.0,tiingo_historical_seed,
2014-05-09,XLI,52.88,53.04,52.65,53.01,42.4877116609,42.6162675207,42.3029126125,42.592163297,5133400,5133400,0.0,1.0,tiingo_historical_seed,
2014-05-12,XLI,53.19,53.82,53.17,53.8,42.7367886392,43.2429773372,42.7207191568,43.2269078547,11275000,11275000,0.0,1.0,tiingo_historical_seed,
2014-05-13,XLI,53.88,54.07,53.8,53.89,43.2911857846,43.4438458681,43.2269078547,43.2992205258,8650500,8650500,0.0,1.0,tiingo_historical_seed,
2014-05-14,XLI,53.92,53.94,53.39,53.49,43.3233247495,43.339394232,42.897483464,42.9778308764,6946900,6946900,0.0,1.0,tiingo_historical_seed,
2014-05-15,XLI,53.26,53.36,52.67,53.02,42.7930318279,42.8733792403,42.3189820949,42.6001980382,13016200,13016200,0.0,1.0,tiingo_historical_seed,
2014-05-16,XLI,53.01,53.09,52.78,53.09,42.592163297,42.6564412269,42.4073642485,42.6564412269,7490300,7490300,0.0,1.0,tiingo_historical_seed,
2014-05-19,XLI,52.97,53.335,52.85,53.3,42.560024332,42.8532923872,42.4636074372,42.8251707929,4645800,4645800,0.0,1.0,tiingo_historical_seed,
2014-05-20,XLI,53.3,53.3,52.41,52.59,42.8251707929,42.8251707929,42.1100788228,42.254704165,9782300,9782300,0.0,1.0,tiingo_historical_seed,
2014-05-21,XLI,52.74,53.13,52.74,53.11,42.3752252836,42.6885801918,42.3752252836,42.6725107094,7658900,7658900,0.0,1.0,tiingo_historical_seed,
2014-05-22,XLI,53.21,53.37,52.99,53.21,42.7528581217,42.8814139815,42.5760938145,42.7528581217,4482100,4482100,0.0,1.0,tiingo_historical_seed,
2014-05-23,XLI,53.29,53.58,53.21,53.55,42.8171360516,43.0501435475,42.7528581217,43.0260393238,3732400,3732400,0.0,1.0,tiingo_historical_seed,
2014-05-27,XLI,53.71,53.91,53.68,53.83,43.1545951836,43.3152900083,43.1304909599,43.2510120784,6702700,6702700,0.0,1.0,tiingo_historical_seed,
2014-05-28,XLI,53.94,54.09,53.85,53.87,43.339394232,43.4599153506,43.2670815609,43.2831510434,10303800,10303800,0.0,1.0,tiingo_historical_seed,
2014-05-29,XLI,54.0,54.09,53.755,54.09,43.3876026794,43.4599153506,43.1907515191,43.4599153506,4218400,4218400,0.0,1.0,tiingo_historical_seed,
2014-05-30,XLI,54.05,54.12,53.8849,54.05,43.4277763856,43.4840195743,43.2951228078,43.4277763856,6156200,6156200,0.0,1.0,tiingo_historical_seed,
2014-06-02,XLI,54.08,54.36,53.87,54.28,43.4518806093,43.676853364,43.2831510434,43.6125754341,7070700,7070700,0.0,1.0,tiingo_historical_seed,
2014-06-03,XLI,54.14,54.32,54.01,54.22,43.5000890568,43.644714399,43.3956374207,43.5643669866,4007000,4007000,0.0,1.0,tiingo_historical_seed,
2014-06-04,XLI,54.1,54.26,54.06,54.21,43.4679500918,43.5965059516,43.4358111269,43.5563322454,3792100,3792100,0.0,1.0,tiingo_historical_seed,
2014-06-05,XLI,54.32,54.84,54.24,54.76,43.644714399,44.0625209433,43.5804364691,43.9982430134,5805600,5805600,0.0,1.0,tiingo_historical_seed,
2014-06-06,XLI,54.85,55.31,54.83,55.31,44.0705556846,44.4401537815,44.0544862021,44.4401537815,8384300,8384300,0.0,1.0,tiingo_historical_seed,
2014-06-09,XLI,55.29,55.82,55.22,55.59,44.424084299,44.8499255846,44.3678411103,44.6651265361,11160300,11160300,0.0,1.0,tiingo_historical_seed,
2014-06-10,XLI,55.46,55.57,55.23,55.46,44.5606749,44.6490570536,44.3758758516,44.5606749,3846600,3846600,0.0,1.0,tiingo_historical_seed,
2014-06-11,XLI,55.28,55.28,54.95,55.05,44.4160495578,44.4160495578,44.1509030969,44.2312505093,5541500,5541500,0.0,1.0,tiingo_historical_seed,
2014-06-12,XLI,54.98,54.98,54.21,54.31,44.1750073207,44.1750073207,43.5563322454,43.6366796578,10181700,10181700,0.0,1.0,tiingo_historical_seed,
2014-06-13,XLI,54.35,54.64,54.27,54.5,43.6688186227,43.9018261186,43.6045406928,43.7893397413,6885600,6885600,0.0,1.0,tiingo_historical_seed,
2014-06-16,XLI,54.49,54.57,54.25,54.44,43.781305,43.8455829299,43.5884712104,43.7411312939,6861400,6861400,0.0,1.0,tiingo_historical_seed,
2014-06-17,XLI,54.41,54.69,54.25,54.59,43.7170270702,43.9419998248,43.5884712104,43.8616524124,9600600,9600600,0.0,1.0,tiingo_historical_seed,
2014-06-18,XLI,54.77,54.96,54.37,54.9,44.0062777547,44.1589378382,43.6848881052,44.1107293908,12209900,12209900,0.0,1.0,tiingo_historical_seed,
2014-06-19,XLI,54.95,55.06,54.75,54.79,44.1509030969,44.2392852506,43.9902082722,44.0223472372,7149000,7149000,0.0,1.0,tiingo_historical_seed,
2014-06-20,XLI,54.9,55.05,54.84,55.02,44.3108792198,44.4319471958,44.2624520294,44.4077336006,4304700,4304700,0.24965,1.0,tiingo_historical_seed,
2014-06-23,XLI,55.16,55.16,54.6,54.7,44.5207303782,44.5207303782,44.0687432678,44.1494552518,5192400,5192400,0.0,1.0,tiingo_historical_seed,
2014-06-24,XLI,54.61,54.82,54.09,54.15,44.0768144662,44.2463096326,43.6571121493,43.7055393397,7429900,7429900,0.0,1.0,tiingo_historical_seed,
2014-06-25,XLI,53.99,54.305,53.97,54.2,43.5764001653,43.8306429149,43.5602577685,43.7458953317,6506400,6506400,0.0,1.0,tiingo_historical_seed,
2014-06-26,XLI,54.26,54.31,53.79,54.16,43.7943225221,43.8346785141,43.4149761973,43.7136105381,6845400,6845400,0.0,1.0,tiingo_historical_seed,
2014-06-27,XLI,53.98,54.48,53.78,54.29,43.5683289669,43.9718888869,43.4069049989,43.8185361173,8214600,8214600,0.0,1.0,tiingo_historical_seed,
2014-06-30,XLI,54.27,54.3,54.01,54.06,43.8023937205,43.8266073157,43.5925425621,43.6328985541,7976700,7976700,0.0,1.0,tiingo_historical_seed,
2014-07-01,XLI,54.12,54.59,54.12,54.39,43.6813257445,44.0606720694,43.6813257445,43.8992481013,8026200,8026200,0.0,1.0,tiingo_historical_seed,
2014-07-02,XLI,54.24,54.46,54.2,54.3,43.7781801253,43.9557464901,43.7458953317,43.8266073157,10068000,10068000,0.0,1.0,tiingo_historical_seed,
2014-07-03,XLI,54.53,54.809,54.52,54.75,44.012244879,44.2374313143,44.0041736806,44.1898112438,8550300,8550300,0.0,1.0,tiingo_historical_seed,
2014-07-07,XLI,54.74,54.74,54.29,54.36,44.1817400454,44.1817400454,43.8185361173,43.8750345061,9334300,9334300,0.0,1.0,tiingo_historical_seed,
2014-07-08,XLI,54.28,54.29,53.84,53.99,43.8104649189,43.8185361173,43.4553321893,43.5764001653,8154200,8154200,0.0,1.0,tiingo_historical_seed,
2014-07-09,XLI,54.23,54.26,53.93,54.08,43.7701089269,43.7943225221,43.5279729749,43.6490409509,8600600,8600600,0.0,1.0,tiingo_historical_seed,
2014-07-10,XLI,53.47,53.975,53.41,53.76,43.1566978485,43.5642933677,43.1082706581,43.3907626021,10553800,10553800,0.0,1.0,tiingo_historical_seed,
2014-07-11,XLI,53.83,54.09,53.6422,54.07,43.4472609909,43.6571121493,43.2956838849,43.6409697525,10186800,10186800,0.0,1.0,tiingo_historical_seed,
2014-07-14,XLI,54.38,54.56,54.27,54.38,43.8911769029,44.0364584742,43.8023937205,43.8911769029,9399900,9399900,0.0,1.0,tiingo_historical_seed,
2014-07-15,XLI,54.46,54.66,54.19,54.41,43.9557464901,44.1171704582,43.7378241333,43.9153904981,6921300,6921300,0.0,1.0,tiingo_historical_seed,
2014-07-16,XLI,54.57,54.715,54.41,54.64,44.0445296726,44.1615620494,43.9153904981,44.1010280614,5963700,5963700,0.0,1.0,tiingo_historical_seed,
2014-07-17,XLI,53.98,54.29,53.92,54.24,43.5683289669,43.8185361173,43.5199017765,43.7781801253,14896000,14896000,0.0,1.0,tiingo_historical_seed,
2014-07-18,XLI,53.98,54.29,53.92,54.24,43.5683289669,43.8185361173,43.5199017765,43.7781801253,6424400,6424400,0.0,1.0,tiingo_historical_seed,
2014-07-21,XLI,54.17,54.275,53.84,54.21,43.7216817365,43.8064293197,43.4553321893,43.7539665301,9365700,9365700,0.0,1.0,tiingo_historical_seed,
2014-07-22,XLI,54.46,54.54,54.32,54.41,43.9557464901,44.0203160774,43.8427497125,43.9153904981,5319300,5319300,0.0,1.0,tiingo_historical_seed,
2014-07-23,XLI,54.32,54.39,54.03,54.13,43.8427497125,43.8992481013,43.6086849589,43.6893969429,7924400,7924400,0.0,1.0,tiingo_historical_seed,
2014-07-24,XLI,54.24,54.25,53.86,53.93,43.7781801253,43.7862513237,43.4714745861,43.5279729749,10014600,10014600,0.0,1.0,tiingo_historical_seed,
2014-07-25,XLI,53.8,54.02,53.705,53.79,43.4230473957,43.6006137605,43.3463710109,43.4149761973,7514800,7514800,0.0,1.0,tiingo_historical_seed,
2014-07-28,XLI,53.78,53.8,53.24,53.52,43.4069049989,43.4230473957,42.9710602853,43.1970538405,13004100,13004100,0.0,1.0,tiingo_historical_seed,
2014-07-29,XLI,53.49,53.57,52.85,52.85,43.1728402453,43.2374098325,42.6562835476,42.6562835476,13456500,13456500,0.0,1.0,tiingo_historical_seed,
2014-07-30,XLI,53.0,53.12,52.57,52.9,42.7773515236,42.8742059045,42.4302899924,42.6966395396,14834700,14834700,0.0,1.0,tiingo_historical_seed,
2014-07-31,XLI,52.49,52.87,51.8,51.83,42.3657204052,42.6724259444,41.8088077156,41.8330213108,17185600,17185600,0.0,1.0,tiingo_historical_seed,
2014-08-01,XLI,51.7,52.085,51.41,51.78,41.7280957316,42.03883687,41.4940309779,41.7926653188,15724600,15724600,0.0,1.0,tiingo_historical_seed,
2014-08-04,XLI,51.89,52.03,51.51,51.96,41.8814485012,41.9944452788,41.5747429619,41.93794689,9212400,9212400,0.0,1.0,tiingo_historical_seed,
2014-08-05,XLI,51.69,52.2,51.5,51.65,41.7200245332,42.1316556516,41.5666717635,41.6877397396,13501500,13501500,0.0,1.0,tiingo_historical_seed,
2014-08-06,XLI,51.44,51.62,51.2,51.39,41.5182445731,41.6635261444,41.3245358115,41.4778885811,31000700,31000700,0.0,1.0,tiingo_historical_seed,
2014-08-07,XLI,51.67,51.86,51.34,51.44,41.7038821364,41.857234906,41.4375325891,41.5182445731,14560100,14560100,0.0,1.0,tiingo_historical_seed,
2014-08-08,XLI,51.57,52.21,51.39,52.17,41.6231701523,42.13972685,41.4778885811,42.1074420564,11882700,11882700,0.0,1.0,tiingo_historical_seed,
2014-08-11,XLI,52.4,52.68,52.2,52.38,42.2930796196,42.5190731748,42.1316556516,42.2769372228,7057100,7057100,0.0,1.0,tiingo_historical_seed,
2014-08-12,XLI,52.33,52.585,52.165,52.26,42.2365812308,42.44239679,42.1034064572,42.180082842,11550900,11550900,0.0,1.0,tiingo_historical_seed,
2014-08-13,XLI,52.46,52.8,52.455,52.77,42.34150681,42.6159275556,42.3374712108,42.5917139604,7600500,7600500,0.0,1.0,tiingo_historical_seed,
2014-08-14,XLI,52.78,53.02,52.77,53.0,42.5997851588,42.7934939204,42.5917139604,42.7773515236,7470600,7470600,0.0,1.0,tiingo_historical_seed,
2014-08-15,XLI,53.22,53.28,52.51,52.89,42.9549178885,43.0033450789,42.381862802,42.6885683412,11193000,11193000,0.0,1.0,tiingo_historical_seed,
2014-08-18,XLI,53.24,53.69,53.2233,53.69,42.9710602853,43.3342642133,42.9575813839,43.3342642133,7944300,7944300,0.0,1.0,tiingo_historical_seed,
2014-08-19,XLI,53.8,53.899,53.73,53.82,43.4230473957,43.5029522599,43.3665490069,43.4391897925,6246500,6246500,0.0,1.0,tiingo_historical_seed,
2014-08-20,XLI,53.87,54.48,53.81,54.39,43.4795457845,43.9718888869,43.4311185941,43.8992481013,26415100,26415100,0.0,1.0,tiingo_historical_seed,
2014-08-21,XLI,54.45,54.5,54.19,54.34,43.9476752917,43.9880312837,43.7378241333,43.8588921093,9971800,9971800,0.0,1.0,tiingo_historical_seed,
2014-08-22,XLI,54.28,54.3799,54.0201,54.15,43.8104649189,43.891096191,43.6006944725,43.7055393397,5621900,5621900,0.0,1.0,tiingo_historical_seed,
2014-08-25,XLI,54.4,54.48,54.27,54.36,43.9073192997,43.9718888869,43.8023937205,43.8750345061,3997800,3997800,0.0,1.0,tiingo_historical_seed,
2014-08-26,XLI,54.44,54.46,54.16,54.18,43.9396040933,43.9557464901,43.7136105381,43.7297529349,2874100,2874100,0.0,1.0,tiingo_historical_seed,
2014-08-27,XLI,54.3,54.32,54.04,54.15,43.8266073157,43.8427497125,43.6167561573,43.7055393397,3757600,3757600,0.0,1.0,tiingo_historical_seed,
2014-08-28,XLI,54.05,54.08,53.7963,54.07,43.6248273557,43.6490409509,43.4200610523,43.6409697525,4227200,4227200,0.0,1.0,tiingo_historical_seed,
2014-08-29,XLI,54.1,54.16,53.81,54.02,43.6651833477,43.7136105381,43.4311185941,43.6006137605,5453300,5453300,0.0,1.0,tiingo_historical_seed,
2014-09-02,XLI,54.14,54.36,53.96,54.2,43.6974681413,43.8750345061,43.5521865701,43.7458953317,7153200,7153200,0.0,1.0,tiingo_historical_seed,
2014-09-03,XLI,54.32,54.39,54.03,54.13,43.8427497125,43.8992481013,43.6086849589,43.6893969429,5289400,5289400,0.0,1.0,tiingo_historical_seed,
2014-09-04,XLI,54.23,54.545,54.045,54.15,43.7701089269,44.0243516766,43.6207917565,43.7055393397,6924900,6924900,0.0,1.0,tiingo_historical_seed,
2014-09-05,XLI,54.1,54.34,53.87,54.33,43.6651833477,43.8588921093,43.4795457845,43.8508209109,9279800,9279800,0.0,1.0,tiingo_historical_seed,
2014-09-08,XLI,54.24,54.465,54.225,54.28,43.7781801253,43.9597820893,43.7660733277,43.8104649189,5321100,5321100,0.0,1.0,tiingo_historical_seed,
2014-09-09,XLI,54.35,54.37,54.02,54.11,43.8669633077,43.8831057045,43.6006137605,43.6732545461,5796600,5796600,0.0,1.0,tiingo_historical_seed,
2014-09-10,XLI,54.08,54.22,53.86,54.15,43.6490409509,43.7620377285,43.4714745861,43.7055393397,5445100,5445100,0.0,1.0,tiingo_historical_seed,
2014-09-11,XLI,53.91,54.23,53.91,54.17,43.5118305781,43.7701089269,43.5118305781,43.7216817365,5783900,5783900,0.0,1.0,tiingo_historical_seed,
2014-09-12,XLI,54.06,54.15,53.84,53.99,43.6328985541,43.7055393397,43.4553321893,43.5764001653,9045800,9045800,0.0,1.0,tiingo_historical_seed,
2014-09-15,XLI,53.92,54.05,53.71,53.97,43.5199017765,43.6248273557,43.3504066101,43.5602577685,7027300,7027300,0.0,1.0,tiingo_historical_seed,
2014-09-16,XLI,53.91,54.34,53.71,54.27,43.5118305781,43.8588921093,43.3504066101,43.8023937205,7319400,7319400,0.0,1.0,tiingo_historical_seed,
2014-09-17,XLI,54.36,54.75,54.225,54.48,43.8750345061,44.1898112438,43.7660733277,43.9718888869,9715900,9715900,0.0,1.0,tiingo_historical_seed,
2014-09-18,XLI,54.61,54.82,54.58,54.74,44.0768144662,44.2463096326,44.052600871,44.1817400454,8057200,8057200,0.0,1.0,tiingo_historical_seed,
2014-09-19,XLI,54.8,54.83,54.345,54.43,44.4392671188,44.4635951847,44.070291452,44.1392209722,9271200,9271200,0.25732,1.0,tiingo_historical_seed,
2014-09-22,XLI,54.33,54.36,53.76,53.82,44.0581274191,44.082455485,43.5958941662,43.6445502981,10659022,10659022,0.0,1.0,tiingo_historical_seed,
2014-09-23,XLI,53.62,53.74,53.36,53.38,43.4823631918,43.5796754555,43.2715199536,43.2877386643,8629980,8629980,0.0,1.0,tiingo_historical_seed,
2014-09-24,XLI,53.41,53.72,53.19,53.66,43.3120667302,43.5634567449,43.1336609133,43.514800613,8507722,8507722,0.0,1.0,tiingo_historical_seed,
2014-09-25,XLI,53.47,53.51,52.81,52.82,43.3607228621,43.3931602833,42.8255054114,42.8336147667,10693041,10693041,0.0,1.0,tiingo_historical_seed,
2014-09-26,XLI,52.97,53.44,52.83,53.31,42.9552550964,43.3363947961,42.841724122,43.2309731771,5838989,5838989,0.0,1.0,tiingo_historical_seed,
2014-09-29,XLI,52.82,53.32,52.75,53.23,42.8336147667,43.2390825324,42.7768492795,43.1660983346,7664446,7664446,0.0,1.0,tiingo_historical_seed,
2014-09-30,XLI,53.3,53.54,53.055,53.15,43.2228638217,43.4174883493,43.0241846166,43.101223492,12379885,12379885,0.0,1.0,tiingo_historical_seed,
2014-10-01,XLI,52.98,52.98,52.03,52.15,42.9633644517,42.9633644517,42.1929756969,42.2902879607,20308187,20308187,0.0,1.0,tiingo_historical_seed,
2014-10-02,XLI,52.13,52.32,51.62,52.09,42.2740692501,42.428147001,41.8604921291,42.2416318288,13006973,13006973,0.0,1.0,tiingo_historical_seed,
2014-10-03,XLI,52.48,52.89,52.4,52.8,42.557896686,42.8903802539,42.4930218435,42.8173960561,14246676,14246676,0.0,1.0,tiingo_historical_seed,
2014-10-06,XLI,53.1,53.19,52.49,52.64,43.0606767155,43.1336609133,42.5660060413,42.687646371,12077137,12077137,0.0,1.0,tiingo_historical_seed,
2014-10-07,XLI,52.24,52.35,51.36,51.36,42.3632721585,42.452475067,41.6496488909,41.6496488909,19321943,19321943,0.0,1.0,tiingo_historical_seed,
2014-10-08,XLI,51.38,52.33,51.01,52.28,41.6658676015,42.4362563563,41.3658214549,42.3957095798,23937693,23937693,0.0,1.0,tiingo_historical_seed,
2014-10-09,XLI,52.17,52.26,50.98,51.07,42.3065066713,42.3794908691,41.341493389,41.4144775868,23240035,23240035,0.0,1.0,tiingo_historical_seed,
2014-10-10,XLI,51.07,51.17,50.31,50.32,41.4144775868,41.4955711399,40.798166583,40.8062759383,20040951,20040951,0.0,1.0,tiingo_historical_seed,
2014-10-13,XLI,50.46,50.93,49.5,49.54,40.9198069127,41.3009466124,40.1413088026,40.1737462238,24625342,24625342,0.0,1.0,tiingo_historical_seed,
2014-10-14,XLI,49.93,50.85,49.82,50.23,40.490011081,41.2360717699,40.4008081726,40.7332917405,22094863,22094863,0.0,1.0,tiingo_historical_seed,
2014-10-15,XLI,49.45,50.35,48.83,50.11,40.100762026,40.8306040042,39.5979819965,40.6359794767,28271662,28271662,0.0,1.0,tiingo_historical_seed,
2014-10-16,XLI,49.28,50.905,49.15,50.48,39.9629029857,41.2806732241,39.8574813666,40.9360256233,43949163,43949163,0.0,1.0,tiingo_historical_seed,
2014-10-17,XLI,51.46,51.8,51.22,51.48,41.730742444,42.0064605247,41.5361179165,41.7469611547,24733106,24733106,0.0,1.0,tiingo_historical_seed,
2014-10-20,XLI,51.37,51.64,51.21,51.63,41.6577582462,41.8767108397,41.5280085612,41.8686014844,17450109,17450109,0.0,1.0,tiingo_historical_seed,
2014-10-21,XLI,51.98,52.835,51.96,52.78,42.1524289203,42.8457787997,42.1362102097,42.8011773454,12838676,12838676,0.0,1.0,tiingo_historical_seed,
2014-10-22,XLI,52.99,52.99,52.04,52.09,42.971473807,42.971473807,42.2010850522,42.2416318288,16417679,16417679,0.0,1.0,tiingo_historical_seed,
2014-10-23,XLI,52.82,53.6,52.75,53.24,42.8336147667,43.4661444812,42.7768492795,43.1742076899,23317189,23317189,0.0,1.0,tiingo_historical_seed,
2014-10-24,XLI,53.55,53.74,53.085,53.71,43.4255977046,43.5796754555,43.0485126825,43.5553473896,8947970,8947970,0.0,1.0,tiingo_historical_seed,
2014-10-27,XLI,53.58,53.74,53.23,53.69,43.4499257705,43.5796754555,43.1660983346,43.539128679,9692934,9692934,0.0,1.0,tiingo_historical_seed,
2014-10-28,XLI,54.01,54.69,54.01,54.64,43.798628049,44.3500642103,43.798628049,44.3095174338,10066790,10066790,0.0,1.0,tiingo_historical_seed,
2014-10-29,XLI,54.83,54.83,54.04,54.45,44.4635951847,44.4635951847,43.822956115,44.1554396828,12589942,12589942,0.0,1.0,tiingo_historical_seed,
2014-10-30,XLI,54.22,54.87,53.99,54.67,43.9689245106,44.496032606,43.7824093384,44.3338454997,10528646,10528646,0.0,1.0,tiingo_historical_seed,
2014-10-31,XLI,55.53,55.53,55.05,55.21,45.0312500567,45.0312500567,44.6420010016,44.7717506867,10174438,10174438,0.0,1.0,tiingo_historical_seed,
2014-11-03,XLI,55.29,55.34,54.895,55.14,44.8366255292,44.8771723057,44.5163059943,44.7149851995,11111447,11111447,0.0,1.0,tiingo_historical_seed,
2014-11-04,XLI,55.07,55.36,54.92,55.11,44.6582197123,44.8933910164,44.5365793826,44.6906571335,6232598,6232598,0.0,1.0,tiingo_historical_seed,
2014-11-05,XLI,55.59,55.59,55.14,55.45,45.0799061886,45.0799061886,44.7149851995,44.9663752142,8110596,8110596,0.0,1.0,tiingo_historical_seed,
2014-11-06,XLI,55.55,56.1,55.47,56.03,45.0474687673,45.4934833096,44.9825939248,45.4367178224,5731616,5731616,0.0,1.0,tiingo_historical_seed,
2014-11-07,XLI,56.05,56.15,55.85,56.11,45.452936533,45.5340300861,45.2907494267,45.5015926649,8241631,8241631,0.0,1.0,tiingo_historical_seed,
2014-11-10,XLI,56.16,56.42,56.09,56.39,45.5421394415,45.7529826796,45.4853739543,45.7286546137,6131317,6131317,0.0,1.0,tiingo_historical_seed,
2014-11-11,XLI,56.47,56.54,56.171,56.32,45.7935294562,45.8502949434,45.5510597323,45.6718891265,9905356,9905356,0.0,1.0,tiingo_historical_seed,
2014-11-12,XLI,56.08,56.49,56.08,56.4,45.4772645989,45.8097481668,45.4772645989,45.736763969,7108434,7108434,0.0,1.0,tiingo_historical_seed,
2014-11-13,XLI,56.4,56.62,56.065,56.24,45.736763969,45.9151697859,45.465100566,45.607014284,6437026,6437026,0.0,1.0,tiingo_historical_seed,
2014-11-14,XLI,56.2,56.435,56.13,56.31,45.5745768627,45.7651467126,45.5178113755,45.6637797712,5554537,5554537,0.0,1.0,tiingo_historical_seed,
2014-11-17,XLI,56.15,56.37,56.06,56.23,45.5340300861,45.712435903,45.4610458883,45.5989049286,4271072,4271072,0.0,1.0,tiingo_historical_seed,
2014-11-18,XLI,56.2,56.79,56.2,56.65,45.5745768627,46.0530288262,45.5745768627,45.9394978518,8658563,8658563,0.0,1.0,tiingo_historical_seed,
2014-11-19,XLI,56.62,56.64,56.27,56.48,45.9151697859,45.9313884965,45.6313423499,45.8016388115,5200447,5200447,0.0,1.0,tiingo_historical_seed,
2014-11-20,XLI,56.31,56.695,56.12,56.63,45.6637797712,45.9759899507,45.5097020202,45.9232791412,7383084,7383084,0.0,1.0,tiingo_historical_seed,
2014-11-21,XLI,57.29,57.34,57.05,57.18,46.4584965919,46.4990433685,46.2638720644,46.3692936834,7509559,7509559,0.0,1.0,tiingo_historical_seed,
2014-11-24,XLI,57.34,57.525,57.2,57.33,46.4990433685,46.6490664418,46.3855123941,46.4909340131,6706897,6706897,0.0,1.0,tiingo_historical_seed,
2014-11-25,XLI,57.47,57.62,57.29,57.5,46.6044649875,46.7261053172,46.4584965919,46.6287930535,8276930,8276930,0.0,1.0,tiingo_historical_seed,
2014-11-26,XLI,57.53,57.54,57.28,57.39,46.6531211194,46.6612304747,46.4503872366,46.539590145,5373842,5373842,0.0,1.0,tiingo_historical_seed,
2014-11-28,XLI,57.54,57.55,56.83,56.91,46.6612304747,46.66933983,46.0854662475,46.15034109,5865961,5865961,0.0,1.0,tiingo_historical_seed,
2014-12-01,XLI,56.73,56.73,56.04,56.18,46.0043726943,46.0043726943,45.4448271777,45.5583581521,16636342,16636342,0.0,1.0,tiingo_historical_seed,
2014-12-02,XLI,56.4,56.72,56.17,56.66,45.736763969,45.996263339,45.5502487968,45.9476072071,6621039,6621039,0.0,1.0,tiingo_historical_seed,
2014-12-03,XLI,56.7,57.5,56.7,57.415,45.9800446284,46.6287930535,45.9800446284,46.5598635333,11434719,11434719,0.0,1.0,tiingo_historical_seed,
2014-12-04,XLI,57.36,57.3751,56.88,57.13,46.5152620791,46.5275072056,46.126013024,46.3287469069,6474410,6474410,0.0,1.0,tiingo_historical_seed,
2014-12-05,XLI,57.22,57.48,57.09,57.26,46.4017311047,46.6125743429,46.2963094856,46.434168526,7454583,7454583,0.0,1.0,tiingo_historical_seed,
2014-12-08,XLI,57.17,57.26,56.445,56.63,46.3611843281,46.434168526,45.7732560679,45.9232791412,8838328,8838328,0.0,1.0,tiingo_historical_seed,
2014-12-09,XLI,56.0,56.71,55.84,56.64,45.4123897564,45.9881539837,45.2826400714,45.9313884965,10277344,10277344,0.0,1.0,tiingo_historical_seed,
2014-12-10,XLI,56.48,56.59,55.5,55.56,45.8016388115,45.8908417199,45.0069219908,45.0555781226,12942179,12942179,0.0,1.0,tiingo_historical_seed,
2014-12-11,XLI,55.47,56.2999,55.39,55.825,44.9825939248,45.6555893223,44.9177190823,45.2704760384,11749853,11749853,0.0,1.0,tiingo_historical_seed,
2014-12-12,XLI,55.37,55.61,54.79,54.82,44.9015003717,45.0961248992,44.4311577635,44.4554858294,13168792,13168792,0.0,1.0,tiingo_historical_seed,
2014-12-15,XLI,55.28,55.31,54.35,54.64,44.8285161739,44.8528442398,44.0743461297,44.3095174338,16225643,16225643,0.0,1.0,tiingo_historical_seed,
2014-12-16,XLI,54.55,55.77,54.51,54.69,44.236533236,45.2258745842,44.2040958147,44.3500642103,15504567,15504567,0.0,1.0,tiingo_historical_seed,
2014-12-17,XLI,54.53,55.34,54.14,55.2,44.2203145253,44.8771723057,43.9040496681,44.7636413313,21899688,21899688,0.0,1.0,tiingo_historical_seed,
2014-12-18,XLI,56.25,56.63,55.77,56.59,45.6151236393,45.9232791412,45.2258745842,45.8908417199,14040435,14040435,0.0,1.0,tiingo_historical_seed,
2014-12-19,XLI,56.45,56.81,56.31,56.59,46.0325926633,46.3261574704,45.9184285717,46.1467567549,12359046,12359046,0.31558,1.0,tiingo_historical_seed,
2014-12-22,XLI,56.8,57.15,56.72,57.13,46.3180028924,46.6034131215,46.2527662686,46.5871039655,6953053,6953053,0.0,1.0,tiingo_historical_seed,
2014-12-23,XLI,57.42,57.565,57.24,57.34,46.8235867268,46.9418281074,46.6768043232,46.758350103,5552859,5552859,0.0,1.0,tiingo_historical_seed,
2014-12-24,XLI,57.47,57.56,57.35,57.4,46.8643596166,46.9377508184,46.766504681,46.8072775708,1958227,1958227,0.0,1.0,tiingo_historical_seed,
2014-12-26,XLI,57.6,57.6,57.4,57.4,46.9703691303,46.9703691303,46.8072775708,46.8072775708,5733806,5733806,0.0,1.0,tiingo_historical_seed,
2014-12-29,XLI,57.33,57.54,56.91,57.49,46.750195525,46.9214416625,46.4077032501,46.8806687726,3566178,3566178,0.0,1.0,tiingo_historical_seed,
2014-12-30,XLI,57.73,57.73,57.07,57.15,47.076378644,47.076378644,46.5381764977,46.6034131215,3602769,3602769,0.0,1.0,tiingo_historical_seed,
2014-12-31,XLI,57.38,57.38,56.55,56.58,46.7909684149,46.7909684149,46.114138443,46.138602177,5572882,5572882,0.0,1.0,tiingo_historical_seed,
2015-01-02,XLI,56.86,56.94,56.02,56.51,46.3669303602,46.432166984,45.6819458104,46.0815201311,10982791,10982791,0.0,1.0,tiingo_historical_seed,
2015-01-05,XLI,56.04,56.26,55.065,55.19,45.6982549664,45.8776556818,44.9031836139,45.0051158386,15144717,15144717,0.0,1.0,tiingo_historical_seed,
2015-01-06,XLI,55.25,55.31,54.16,54.51,45.0540433064,45.1029707743,44.1651943072,44.4506045363,19209840,19209840,0.0,1.0,tiingo_historical_seed,
2015-01-07,XLI,55.02,55.16,54.65,54.92,44.866488013,44.9806521046,44.564768628,44.7849422333,11770275,11770275,0.0,1.0,tiingo_historical_seed,
2015-01-08,XLI,55.41,56.05,55.29,56.02,45.184516554,45.7064095443,45.0866616183,45.6819458104,11419814,11419814,0.0,1.0,tiingo_historical_seed,
2015-01-09,XLI,56.09,56.15,55.33,55.42,45.7390278562,45.7879553241,45.1192799302,45.192671132,10045131,10045131,0.0,1.0,tiingo_historical_seed,
2015-01-12,XLI,55.46,55.51,54.79,55.04,45.2252894439,45.2660623337,44.6789327196,44.882797169,11229468,11229468,0.0,1.0,tiingo_historical_seed,
2015-01-13,XLI,55.5,55.93,54.41,54.93,45.2579077558,45.6085546086,44.3690587566,44.7930968112,17547486,17547486,0.0,1.0,tiingo_historical_seed,
2015-01-14,XLI,54.26,54.71,53.98,54.63,44.246740087,44.6136960958,44.0184119037,44.548459472,19597505,19597505,0.0,1.0,tiingo_historical_seed,
2015-01-15,XLI,54.85,55.05,54.33,54.37,44.7278601874,44.8909517469,44.3038221328,44.3364404447,15483384,15483384,0.0,1.0,tiingo_historical_seed,
2015-01-16,XLI,54.16,54.77,53.89,54.73,44.1651943072,44.6626235637,43.9450207019,44.6300052518,16371453,16371453,0.0,1.0,tiingo_historical_seed,
2015-01-20,XLI,55.1,55.24,54.525,55.12,44.9317246368,45.0458887284,44.4628364033,44.9480337927,11071962,11071962,0.0,1.0,tiingo_historical_seed,
2015-01-21,XLI,54.96,55.69,54.92,55.57,44.8175605452,45.4128447373,44.7849422333,45.3149898016,8943537,8943537,0.0,1.0,tiingo_historical_seed,
2015-01-22,XLI,55.84,56.58,55.59,56.46,45.5351634069,46.138602177,45.3312989575,46.0407472413,10950899,10950899,0.0,1.0,tiingo_historical_seed,
2015-01-23,XLI,56.06,56.39,55.94,55.985,45.7145641223,45.9836651954,45.6167091866,45.6534047875,10148531,10148531,0.0,1.0,tiingo_historical_seed,
2015-01-26,XLI,55.88,56.16,55.6,56.06,45.5677817188,45.796109902,45.3394535355,45.7145641223,6037041,6037041,0.0,1.0,tiingo_historical_seed,
2015-01-27,XLI,55.01,55.64,54.87,55.32,44.858333435,45.3720718474,44.7441693434,45.1111253522,12118532,12118532,0.0,1.0,tiingo_historical_seed,
2015-01-28,XLI,55.75,55.81,54.77,54.84,45.4617722051,45.510699673,44.6626235637,44.7197056095,14674032,14674032,0.0,1.0,tiingo_historical_seed,
2015-01-29,XLI,54.9,55.57,54.53,55.47,44.7686330773,45.3149898016,44.4669136923,45.2334440218,14215007,14215007,0.0,1.0,tiingo_historical_seed,
2015-01-30,XLI,54.86,55.24,54.52,54.57,44.7360147654,45.0458887284,44.4587591143,44.4995320042,14649998,14649998,0.0,1.0,tiingo_historical_seed,
2015-02-02,XLI,54.71,55.44,54.21,55.38,44.6136960958,45.2089802879,44.2059671971,45.1600528201,19465857,19465857,0.0,1.0,tiingo_historical_seed,
2015-02-03,XLI,55.75,56.32,55.66,56.28,45.4617722051,45.9265831496,45.3883810033,45.8939648377,18896189,18896189,0.0,1.0,tiingo_historical_seed,
2015-02-04,XLI,56.11,56.205,55.68,55.85,45.7553370122,45.8328055029,45.4046901593,45.5433179848,10600107,10600107,0.0,1.0,tiingo_historical_seed,
2015-02-05,XLI,56.03,56.4,55.878,56.33,45.6901003884,45.9918197734,45.5661508032,45.9347377276,9193851,9193851,0.0,1.0,tiingo_historical_seed,
2015-02-06,XLI,56.38,56.68,56.07,56.2,45.9755106175,46.2201479567,45.7227187003,45.8287282139,6192209,6192209,0.0,1.0,tiingo_historical_seed,
2015-02-09,XLI,55.89,56.31,55.875,56.05,45.5759362967,45.9184285717,45.5637044298,45.7064095443,7112087,7112087,0.0,1.0,tiingo_historical_seed,
2015-02-10,XLI,56.35,56.46,55.89,56.36,45.9510468836,46.0407472413,45.5759362967,45.9592014615,9000366,9000366,0.0,1.0,tiingo_historical_seed,
2015-02-11,XLI,56.25,56.59,56.135,56.38,45.8695011038,46.1467567549,45.7757234571,45.9755106175,7058071,7058071,0.0,1.0,tiingo_historical_seed,
2015-02-12,XLI,56.57,56.96,56.51,56.91,46.130447599,46.44847614,46.0815201311,46.4077032501,6249088,6249088,0.0,1.0,tiingo_historical_seed,
2015-02-13,XLI,57.0,57.275,56.86,57.17,46.4810944519,46.7053453461,46.3669303602,46.6197222774,5922379,5922379,0.0,1.0,tiingo_historical_seed,
2015-02-17,XLI,57.04,57.36,56.98,57.25,46.5137127638,46.7746592589,46.4647852959,46.6849589012,4174430,4174430,0.0,1.0,tiingo_historical_seed,
2015-02-18,XLI,57.3,57.61,57.2,57.57,46.7257317911,46.9785237083,46.6441860113,46.9459053964,5806383,5806383,0.0,1.0,tiingo_historical_seed,
2015-02-19,XLI,57.39,57.805,57.39,57.67,46.7991229928,47.1375379788,46.7991229928,47.0274511761,5458042,5458042,0.0,1.0,tiingo_historical_seed,
2015-02-20,XLI,57.56,58.2199,57.2201,58.16,46.9377508184,47.4758714189,46.6605767131,47.4270254968,8557441,8557441,0.0,1.0,tiingo_historical_seed,
2015-02-23,XLI,58.1,58.11,57.805,57.91,47.378098029,47.386252607,47.1375379788,47.2231610475,6238322,6238322,0.0,1.0,tiingo_historical_seed,
2015-02-24,XLI,57.9,58.195,57.77,58.14,47.2150064695,47.4555665198,47.1089969559,47.4107163409,4989250,4989250,0.0,1.0,tiingo_historical_seed,
2015-02-25,XLI,58.09,58.23,57.94,58.02,47.369943451,47.4841075427,47.2476247814,47.3128614052,4574121,4574121,0.0,1.0,tiingo_historical_seed,
2015-02-26,XLI,57.97,58.07,57.63,57.76,47.2720885153,47.3536342951,46.9948328642,47.1008423779,6443067,6443067,0.0,1.0,tiingo_historical_seed,
2015-02-27,XLI,57.71,57.84,57.49,57.49,47.060069488,47.1660790017,46.8806687726,46.8806687726,7201523,7201523,0.0,1.0,tiingo_historical_seed,
2015-03-02,XLI,57.62,58.025,57.49,58.02,46.9866782862,47.3169386942,46.8806687726,47.3128614052,8560219,8560219,0.0,1.0,tiingo_historical_seed,
2015-03-03,XLI,57.89,57.89,57.42,57.65,47.2068518915,47.2068518915,46.8235867268,47.0111420202,7716029,7716029,0.0,1.0,tiingo_historical_seed,
2015-03-04,XLI,57.39,57.46,56.94,57.2,46.7991229928,46.8562050387,46.432166984,46.6441860113,6262449,6262449,0.0,1.0,tiingo_historical_seed,
2015-03-05,XLI,57.24,57.3,57.03,57.24,46.6768043232,46.7257317911,46.5055581858,46.6768043232,4990963,4990963,0.0,1.0,tiingo_historical_seed,
2015-03-06,XLI,56.62,57.07,56.385,56.46,46.1712204888,46.5381764977,45.9795879065,46.0407472413,8247154,8247154,0.0,1.0,tiingo_historical_seed,
2015-03-09,XLI,56.46,57.09,56.46,56.99,46.0407472413,46.5544856536,46.0407472413,46.4729398739,6106961,6106961,0.0,1.0,tiingo_historical_seed,
2015-03-10,XLI,56.59,56.59,55.94,55.94,46.1467567549,46.1467567549,45.6167091866,45.6167091866,10087774,10087774,0.0,1.0,tiingo_historical_seed,
2015-03-11,XLI,56.06,56.16,55.84,55.88,45.7145641223,45.796109902,45.5351634069,45.5677817188,9387849,9387849,0.0,1.0,tiingo_historical_seed,
2015-03-12,XLI,55.99,56.645,55.98,56.6,45.6574820765,46.1916069338,45.6493274985,46.1549113329,8721199,8721199,0.0,1.0,tiingo_historical_seed,
2015-03-13,XLI,56.5,56.545,55.745,56.08,46.0733655532,46.110061154,45.4576949161,45.7308732783,11110506,11110506,0.0,1.0,tiingo_historical_seed,
2015-03-16,XLI,56.31,57.04,56.31,57.01,45.9184285717,46.5137127638,45.9184285717,46.4892490298,11142282,11142282,0.0,1.0,tiingo_historical_seed,
2015-03-17,XLI,56.71,56.94,56.58,56.78,46.2446116906,46.432166984,46.138602177,46.3016937364,8362080,8362080,0.0,1.0,tiingo_historical_seed,
2015-03-18,XLI,56.53,57.63,56.25,57.45,46.0978292871,46.9948328642,45.8695011038,46.8480504607,20049506,20049506,0.0,1.0,tiingo_historical_seed,
2015-03-19,XLI,57.33,57.35,56.845,57.06,46.750195525,46.766504681,46.3546984933,46.5300219197,10568565,10568565,0.0,1.0,tiingo_historical_seed,
2015-03-20,XLI,57.06,57.31,56.9538,57.12,46.7423966048,46.9471915426,46.6553997153,46.7915473899,10878007,10878007,0.26071,1.0,tiingo_historical_seed,
2015-03-23,XLI,57.22,57.22,56.64,56.64,46.873465365,46.873465365,46.3983411093,46.3983411093,7219230,7219230,0.0,1.0,tiingo_historical_seed,
2015-03-24,XLI,56.52,56.755,56.35,56.45,46.3000395392,46.4925467807,46.1607789815,46.2426969566,12607400,12607400,0.0,1.0,tiingo_historical_seed,
2015-03-25,XLI,56.6,56.6,55.49,55.49,46.3655739193,46.3655739193,45.4562843954,45.4562843954,9037266,9037266,0.0,1.0,tiingo_historical_seed,
2015-03-26,XLI,55.22,55.54,54.95,55.34,45.2351058626,45.497243383,45.0139273298,45.3334074327,10123997,10123997,0.0,1.0,tiingo_historical_seed,
2015-03-27,XLI,55.25,55.63,55.2,55.55,45.2596812551,45.5709695606,45.2187222676,45.5054351805,4969410,4969410,0.0,1.0,tiingo_historical_seed,
2015-03-30,XLI,55.8,56.4875,55.71,56.33,45.7102301183,46.2734161973,45.6365039407,46.1443953864,5838035,5838035,0.0,1.0,tiingo_historical_seed,
2015-03-31,XLI,55.9,56.9043,55.74,55.77,45.7921480934,46.6148503176,45.6610793332,45.6856547258,6532240,6532240,0.0,1.0,tiingo_historical_seed,
2015-04-01,XLI,55.64,55.64,55.07,55.4,45.5791613581,45.5791613581,45.1122288999,45.3825582178,8788853,8788853,0.0,1.0,tiingo_historical_seed,
2015-04-02,XLI,55.26,55.76,55.25,55.43,45.2678730526,45.6774629282,45.2596812551,45.4071336103,6565718,6565718,0.0,1.0,tiingo_historical_seed,
2015-04-06,XLI,55.03,56.06,55.0249,55.85,45.0794617099,45.9232168536,45.0752838931,45.7511891059,8204929,8204929,0.0,1.0,tiingo_historical_seed,
2015-04-07,XLI,55.88,56.14,55.72,55.72,45.7757644984,45.9887512337,45.6446957382,45.6446957382,5257212,5257212,0.0,1.0,tiingo_historical_seed,
2015-04-08,XLI,55.7,55.98,55.59,55.91,45.6283121432,45.8576824735,45.5382023705,45.8003398909,6526776,6526776,0.0,1.0,tiingo_historical_seed,
2015-04-09,XLI,55.7,56.28,55.64,56.18,45.6283121432,46.1034363989,45.5791613581,46.0215184238,8191222,8191222,0.0,1.0,tiingo_historical_seed,
2015-04-10,XLI,56.63,57.06,56.53,56.97,46.3901493118,46.7423966048,46.3082313367,46.6686704272,9486382,9486382,0.0,1.0,tiingo_historical_seed,
2015-04-13,XLI,56.81,56.99,56.395,56.43,46.537601667,46.6850540223,46.1976420703,46.2263133616,6388685,6388685,0.0,1.0,tiingo_historical_seed,
2015-04-14,XLI,56.21,56.535,55.9,56.5,46.0460938163,46.3123272354,45.7921480934,46.2836559442,5845682,5845682,0.0,1.0,tiingo_historical_seed,
2015-04-15,XLI,56.52,56.83,56.52,56.6,46.3000395392,46.5539852621,46.3000395392,46.3655739193,7345353,7345353,0.0,1.0,tiingo_historical_seed,
2015-04-16,XLI,56.27,56.67,56.27,56.48,46.0952446014,46.4229165019,46.0952446014,46.2672723491,7164619,7164619,0.0,1.0,tiingo_historical_seed,
2015-04-17,XLI,56.21,56.21,55.595,55.8,46.0460938163,46.0460938163,45.5422982693,45.7102301183,11304081,11304081,0.0,1.0,tiingo_historical_seed,
2015-04-20,XLI,56.0,56.58,56.0,56.45,45.8740660685,46.3491903242,45.8740660685,46.2426969566,6734927,6734927,0.0,1.0,tiingo_historical_seed,
2015-04-21,XLI,56.54,56.72,56.135,56.38,46.3164231342,46.4638754894,45.984655335,46.185354374,8007659,8007659,0.0,1.0,tiingo_historical_seed,
2015-04-22,XLI,56.42,56.68,56.02,56.62,46.2181215641,46.4311082994,45.8904496636,46.3819575143,13779315,13779315,0.0,1.0,tiingo_historical_seed,
2015-04-23,XLI,56.33,56.7999,56.31,56.56,46.1443953864,46.5293279515,46.1280117914,46.3328067292,7338091,7338091,0.0,1.0,tiingo_historical_seed,
2015-04-24,XLI,56.52,56.58,56.165,56.32,46.3000395392,46.3491903242,46.0092307275,46.1362035889,5148274,5148274,0.0,1.0,tiingo_historical_seed,
2015-04-27,XLI,56.4,56.54,56.225,56.3,46.201737969,46.3164231342,46.0583815126,46.1198199939,8308560,8308560,0.0,1.0,tiingo_historical_seed,
2015-04-28,XLI,56.15,56.415,55.79,56.4,45.9969430312,46.2140256653,45.7020383208,46.201737969,8348799,8348799,0.0,1.0,tiingo_historical_seed,
2015-04-29,XLI,56.63,56.63,55.79,56.12,46.3901493118,46.3901493118,45.7020383208,45.9723676387,9978698,9978698,0.0,1.0,tiingo_historical_seed,
2015-04-30,XLI,55.86,56.11,55.435,55.63,45.7593809034,45.9641758412,45.4112295091,45.5709695606,12970723,12970723,0.0,1.0,tiingo_historical_seed,
2015-05-01,XLI,55.89,56.36,55.81,56.33,45.7839562959,46.168970779,45.7184219158,46.1443953864,11017898,11017898,0.0,1.0,tiingo_historical_seed,
2015-05-04,XLI,56.35,56.74,56.35,56.42,46.1607789815,46.4802590844,46.1607789815,46.2181215641,6096265,6096265,0.0,1.0,tiingo_historical_seed,
2015-05-05,XLI,56.23,56.52,55.6,55.66,46.0624774113,46.3000395392,45.546394168,45.5955449531,10026905,10026905,0.0,1.0,tiingo_historical_seed,
2015-05-06,XLI,55.92,55.98,55.32,55.63,45.8085316884,45.8576824735,45.3170238377,45.5709695606,8247719,8247719,0.0,1.0,tiingo_historical_seed,
2015-05-07,XLI,55.46,56.05,55.46,55.92,45.4317090029,45.9150250561,45.4317090029,45.8085316884,10668317,10668317,0.0,1.0,tiingo_historical_seed,
2015-05-08,XLI,56.52,56.74,56.36,56.58,46.3000395392,46.4802590844,46.168970779,46.3491903242,7025140,7025140,0.0,1.0,tiingo_historical_seed,
2015-05-11,XLI,56.56,56.765,56.48,56.53,46.3328067292,46.5007385782,46.2672723491,46.3082313367,5169762,5169762,0.0,1.0,tiingo_historical_seed,
2015-05-12,XLI,56.36,56.66,56.1,56.47,46.168970779,46.4147247043,45.9559840437,46.2590805516,7542420,7542420,0.0,1.0,tiingo_historical_seed,
2015-05-13,XLI,56.68,56.97,56.51,56.59,46.4311082994,46.6686704272,46.2918477417,46.3573821218,7704328,7704328,0.0,1.0,tiingo_historical_seed,
2015-05-14,XLI,56.84,57.22,56.79,57.16,46.5621770596,46.873465365,46.521218072,46.82431458,8698422,8698422,0.0,1.0,tiingo_historical_seed,
2015-05-15,XLI,57.14,57.27,56.94,57.11,46.8079309849,46.9144243526,46.6440950347,46.7833555924,6266250,6266250,0.0,1.0,tiingo_historical_seed,
2015-05-18,XLI,57.26,57.29,56.98,57.22,46.9062325551,46.9308079476,46.6768622247,46.873465365,6643755,6643755,0.0,1.0,tiingo_historical_seed,
2015-05-19,XLI,57.01,57.29,56.98,57.06,46.7014376173,46.9308079476,46.6768622247,46.7423966048,6186887,6186887,0.0,1.0,tiingo_historical_seed,
2015-05-20,XLI,57.1,57.13,56.76,56.85,46.7751637949,46.7997391874,46.4966426795,46.5703688571,7064403,7064403,0.0,1.0,tiingo_historical_seed,
2015-05-21,XLI,56.78,57.28,56.78,57.16,46.5130262745,46.9226161501,46.5130262745,46.82431458,6276681,6276681,0.0,1.0,tiingo_historical_seed,
2015-05-22,XLI,57.13,57.19,56.88,56.9,46.7997391874,46.8488899725,46.5949442496,46.6113278446,5835258,5835258,0.0,1.0,tiingo_historical_seed,
2015-05-26,XLI,56.81,56.81,56.1444,56.28,46.537601667,46.537601667,45.9923556246,46.1034363989,7881293,7881293,0.0,1.0,tiingo_historical_seed,
2015-05-27,XLI,56.47,56.71,56.29,56.64,46.2590805516,46.4556836919,46.1116281964,46.3983411093,5498942,5498942,0.0,1.0,tiingo_historical_seed,
2015-05-28,XLI,56.5,56.54,56.16,56.37,46.2836559442,46.3164231342,46.0051348287,46.1771625765,5775316,5775316,0.0,1.0,tiingo_historical_seed,
2015-05-29,XLI,56.32,56.34,55.7,55.81,46.1362035889,46.152587184,45.6283121432,45.7184219158,11798984,11798984,0.0,1.0,tiingo_historical_seed,
2015-06-01,XLI,55.99,56.25,55.67,56.06,45.865874271,46.0788610063,45.6037367506,45.9232168536,8712908,8712908,0.0,1.0,tiingo_historical_seed,
2015-06-02,XLI,55.87,56.406,55.73,56.17,45.7675727009,46.2066530475,45.6528875357,46.0133266262,6126842,6126842,0.0,1.0,tiingo_historical_seed,
2015-06-03,XLI,56.31,56.635,56.13,56.45,46.1280117914,46.3942452106,45.9805594362,46.2426969566,7916980,7916980,0.0,1.0,tiingo_historical_seed,
2015-06-04,XLI,56.16,56.33,55.73,55.82,46.0051348287,46.1443953864,45.6528875357,45.7266137133,10183350,10183350,0.0,1.0,tiingo_historical_seed,
2015-06-05,XLI,55.71,55.925,55.5,55.86,45.6365039407,45.8126275872,45.4644761929,45.7593809034,9071843,9071843,0.0,1.0,tiingo_historical_seed,
2015-06-08,XLI,55.77,55.86,55.44,55.45,45.6856547258,45.7593809034,45.4153254079,45.4235172054,6920477,6920477,0.0,1.0,tiingo_historical_seed,
2015-06-09,XLI,55.39,55.68,55.3,55.44,45.3743664203,45.6119285481,45.3006402427,45.4153254079,5631723,5631723,0.0,1.0,tiingo_historical_seed,
2015-06-10,XLI,55.64,56.14,55.58,55.99,45.5791613581,45.9887512337,45.530010573,45.865874271,7293460,7293460,0.0,1.0,tiingo_historical_seed,
2015-06-11,XLI,56.14,56.34,56.05,56.31,45.9887512337,46.152587184,45.9150250561,46.1280117914,5256705,5256705,0.0,1.0,tiingo_historical_seed,
2015-06-12,XLI,56.01,56.17,55.83,55.98,45.8822578661,46.0133266262,45.7348055108,45.8576824735,7799261,7799261,0.0,1.0,tiingo_historical_seed,
2015-06-15,XLI,55.56,55.73,55.25,55.51,45.513626978,45.6528875357,45.2596812551,45.4726679904,8872425,8872425,0.0,1.0,tiingo_historical_seed,
2015-06-16,XLI,55.44,55.65,55.33,55.56,45.4153254079,45.5873531556,45.3252156352,45.513626978,7514411,7514411,0.0,1.0,tiingo_historical_seed,
2015-06-17,XLI,55.59,55.83,55.26,55.71,45.5382023705,45.7348055108,45.2678730526,45.6365039407,10321010,10321010,0.0,1.0,tiingo_historical_seed,
2015-06-18,XLI,55.58,56.47,55.58,56.27,45.530010573,46.2590805516,45.530010573,46.0952446014,9470346,9470346,0.0,1.0,tiingo_historical_seed,
2015-06-19,XLI,55.88,56.09,55.72,55.72,46.003953234,46.1768385271,45.8722311059,45.8722311059,8867076,8867076,0.27776,1.0,tiingo_historical_seed,
2015-06-22,XLI,56.03,56.2,55.94,56.06,46.1274427291,46.2673974902,46.053349032,46.1521406281,4913253,4913253,0.0,1.0,tiingo_historical_seed,
2015-06-23,XLI,56.14,56.17,55.84,55.92,46.2180016921,46.2426995911,45.971022702,46.036883766,3837368,3837368,0.0,1.0,tiingo_historical_seed,
2015-06-24,XLI,55.8,55.89,55.39,55.4,45.9380921699,46.012185867,45.6005542167,45.6087868497,5976608,5976608,0.0,1.0,tiingo_historical_seed,
2015-06-25,XLI,55.35,55.57,54.965,54.97,45.5676236847,45.7487416108,45.250667314,45.2547836305,8323286,8323286,0.0,1.0,tiingo_historical_seed,
2015-06-26,XLI,55.13,55.24,54.95,55.07,45.3865057586,45.4770647216,45.2383183645,45.3371099605,6424779,6424779,0.0,1.0,tiingo_historical_seed,
2015-06-29,XLI,54.63,54.84,54.0,54.03,44.9748741083,45.1477594014,44.456218229,44.480916128,13132849,13132849,0.0,1.0,tiingo_historical_seed,
2015-06-30,XLI,54.57,54.57,53.97,54.06,44.9254783103,44.9254783103,44.43152033,44.505614027,12494934,12494934,0.0,1.0,tiingo_historical_seed,
2015-07-01,XLI,54.6,54.7,54.06,54.33,44.9501762093,45.0325025393,44.505614027,44.7278951182,10981592,10981592,0.0,1.0,tiingo_historical_seed,
2015-07-02,XLI,54.48,54.52,54.125,54.23,44.8513846132,44.8843151453,44.5591261415,44.6455687881,10477834,10477834,0.0,1.0,tiingo_historical_seed,
2015-07-06,XLI,53.86,54.3799,53.77,54.02,44.3409613669,44.7689759568,44.2668676698,44.472683495,10782511,10782511,0.0,1.0,tiingo_historical_seed,
2015-07-07,XLI,53.94,54.49,53.4468,54.46,44.4068224309,44.8596172462,44.0007889711,44.8349193472,16635885,16635885,0.0,1.0,tiingo_historical_seed,
2015-07-08,XLI,53.92,54.08,53.35,53.48,44.3903571649,44.522079293,43.9210970836,44.0281213127,12608911,12608911,0.0,1.0,tiingo_historical_seed,
2015-07-09,XLI,54.01,54.26,53.61,53.61,44.464450862,44.6702666871,44.1351455418,44.1351455418,8918189,8918189,0.0,1.0,tiingo_historical_seed,
2015-07-10,XLI,54.14,54.37,53.96,54.17,44.571475091,44.7608256502,44.423287697,44.5961729901,8348005,8348005,0.0,1.0,tiingo_historical_seed,
2015-07-13,XLI,54.53,54.8,54.53,54.77,44.8925477783,45.1148288694,44.8925477783,45.0901309704,6754573,6754573,0.0,1.0,tiingo_historical_seed,
2015-07-14,XLI,54.71,55.01,54.61,54.92,45.0407351724,45.2877141625,44.9584088423,45.2136204655,9130440,9130440,0.0,1.0,tiingo_historical_seed,
2015-07-15,XLI,54.93,54.94,54.58,54.69,45.2218530985,45.2300857315,44.9337109433,45.0242699063,7249235,7249235,0.0,1.0,tiingo_historical_seed,
2015-07-16,XLI,55.0,55.11,54.8401,54.94,45.2794815295,45.3700404926,45.1478417278,45.2300857315,8273040,8273040,0.0,1.0,tiingo_historical_seed,
2015-07-17,XLI,55.03,55.15,54.775,54.92,45.3041794285,45.4029710246,45.0942472869,45.2136204655,5506049,5506049,0.0,1.0,tiingo_historical_seed,
2015-07-20,XLI,54.92,55.05,54.8401,54.93,45.2136204655,45.3206446945,45.1478417278,45.2218530985,5163093,5163093,0.0,1.0,tiingo_historical_seed,
2015-07-21,XLI,54.52,54.71,54.28,54.34,44.8843151453,45.0407351724,44.6867319531,44.7361277512,7287449,7287449,0.0,1.0,tiingo_historical_seed,
2015-07-22,XLI,54.25,54.52,53.96,54.1,44.6620340541,44.8843151453,44.423287697,44.538544559,7547657,7547657,0.0,1.0,tiingo_historical_seed,
2015-07-23,XLI,53.91,54.195,53.465,53.6,44.3821245319,44.6167545726,44.0157723632,44.1269129088,11547981,11547981,0.0,1.0,tiingo_historical_seed,
2015-07-24,XLI,53.58,53.62,52.81,52.9,44.1104476427,44.1433781748,43.4765349013,43.5506285984,10889114,10889114,0.0,1.0,tiingo_historical_seed,
2015-07-27,XLI,52.54,52.8,52.455,52.64,43.2542538102,43.4683022683,43.1842764296,43.3365801402,11680663,11680663,0.0,1.0,tiingo_historical_seed,
2015-07-28,XLI,52.84,53.74,52.84,53.66,43.5012328004,44.2421697708,43.5012328004,44.1763087068,15470321,15470321,0.0,1.0,tiingo_historical_seed,
2015-07-29,XLI,53.56,54.36,53.53,54.32,44.0939823767,44.7525930172,44.0692844777,44.7196624851,13128764,13128764,0.0,1.0,tiingo_historical_seed,
2015-07-30,XLI,54.03,54.32,53.97,54.27,44.480916128,44.7196624851,44.43152033,44.6784993201,5884461,5884461,0.0,1.0,tiingo_historical_seed,
2015-07-31,XLI,54.49,54.5,54.16,54.22,44.8596172462,44.8678498792,44.5879403571,44.6373361551,7504222,7504222,0.0,1.0,tiingo_historical_seed,
2015-08-03,XLI,54.12,54.23,53.69,53.96,44.555009825,44.6455687881,44.2010066058,44.423287697,14268352,14268352,0.0,1.0,tiingo_historical_seed,
2015-08-04,XLI,53.93,54.26,53.8,53.93,44.3985897979,44.6702666871,44.2915655689,44.3985897979,8623721,8623721,0.0,1.0,tiingo_historical_seed,
2015-08-05,XLI,54.21,54.575,54.15,54.23,44.6291035221,44.9295946268,44.5797077241,44.6455687881,8000089,8000089,0.0,1.0,tiingo_historical_seed,
2015-08-06,XLI,54.24,54.32,53.84,53.95,44.6538014211,44.7196624851,44.3244961009,44.4150550639,5672497,5672497,0.0,1.0,tiingo_historical_seed,
2015-08-07,XLI,53.84,53.95,53.525,53.69,44.3244961009,44.4150550639,44.0651681612,44.2010066058,8335211,8335211,0.0,1.0,tiingo_historical_seed,
2015-08-10,XLI,54.14,54.77,54.09,54.74,44.571475091,45.0901309704,44.530311926,45.0654330714,9164555,9164555,0.0,1.0,tiingo_historical_seed,
2015-08-11,XLI,54.08,54.32,53.855,54.07,44.522079293,44.7196624851,44.3368450504,44.51384666,10203208,10203208,0.0,1.0,tiingo_historical_seed,
2015-08-12,XLI,53.61,54.18,53.235,54.08,44.1351455418,44.6044056231,43.8264218041,44.522079293,8130518,8130518,0.0,1.0,tiingo_historical_seed,
2015-08-13,XLI,54.11,54.22,53.82,54.04,44.546777192,44.6373361551,44.3080308349,44.489148761,4729592,4729592,0.0,1.0,tiingo_historical_seed,
2015-08-14,XLI,53.98,54.41,53.96,54.38,44.439752963,44.7937561822,44.423287697,44.7690582832,6666154,6666154,0.0,1.0,tiingo_historical_seed,
2015-08-17,XLI,54.12,54.65,53.87,54.65,44.555009825,44.9913393743,44.3491939999,44.9913393743,5610970,5610970,0.0,1.0,tiingo_historical_seed,
2015-08-18,XLI,54.35,54.64,54.35,54.55,44.7443603842,44.9831067413,44.7443603842,44.9090130443,3844992,3844992,0.0,1.0,tiingo_historical_seed,
2015-08-19,XLI,54.38,54.52,53.85,54.04,44.7690582832,44.8843151453,44.3327287339,44.489148761,9147270,9147270,0.0,1.0,tiingo_historical_seed,
2015-08-20,XLI,53.58,53.71,52.91,52.92,44.1104476427,44.2174718718,43.5588612314,43.5670938644,18301130,18301130,0.0,1.0,tiingo_historical_seed,
2015-08-21,XLI,52.33,52.57,51.46,51.46,43.0813685171,43.2789517092,42.3651294456,42.3651294456,27372862,27372862,0.0,1.0,tiingo_historical_seed,
2015-08-24,XLI,47.91,51.06,47.6,49.57,39.4425447287,42.0358241254,39.1873331055,40.8091618076,66306354,66306354,0.0,1.0,tiingo_historical_seed,
2015-08-25,XLI,50.62,51.49,48.95,48.98,41.6735882732,42.3898273446,40.2987385613,40.3234364603,25681278,25681278,0.0,1.0,tiingo_historical_seed,
2015-08-26,XLI,49.95,50.57,49.15,50.53,41.1220018618,41.6324251081,40.4633912214,41.5994945761,26146851,26146851,0.0,1.0,tiingo_historical_seed,
2015-08-27,XLI,51.16,51.77,50.47,51.73,42.1181504554,42.6203410688,41.5500987781,42.5874105368,21356594,21356594,0.0,1.0,tiingo_historical_seed,
2015-08-28,XLI,51.26,51.819,51.26,51.75,42.2004767855,42.6606809705,42.2004767855,42.6038758028,7899924,7899924,0.0,1.0,tiingo_historical_seed,
2015-08-31,XLI,51.29,51.7251,51.11,51.29,42.2251746845,42.5833765466,42.0769872904,42.2251746845,13446838,13446838,0.0,1.0,tiingo_historical_seed,
2015-09-01,XLI,50.78,50.78,49.68,49.93,41.8053104012,41.8053104012,40.8997207707,41.1055365958,14607007,14607007,0.0,1.0,tiingo_historical_seed,
2015-09-02,XLI,50.69,51.05,50.21,51.04,41.7312167042,42.0275914924,41.3360503199,42.0193588594,18173204,18173204,0.0,1.0,tiingo_historical_seed,
2015-09-03,XLI,51.16,51.58,50.93,51.07,42.1181504554,42.4639210417,41.9287998963,42.0440567584,10907311,10907311,0.0,1.0,tiingo_historical_seed,
2015-09-04,XLI,50.66,50.66,50.18,50.36,41.7065188052,41.7065188052,41.3113524209,41.459539815,10212517,10212517,0.0,1.0,tiingo_historical_seed,
2015-09-08,XLI,51.12,51.78,51.02,51.75,42.0852199234,42.6285737018,42.0028935934,42.6038758028,8437760,8437760,0.0,1.0,tiingo_historical_seed,
2015-09-09,XLI,52.19,53.05,51.12,51.2,42.966111655,43.6741180935,42.0852199234,42.1510809875,8866218,8866218,0.0,1.0,tiingo_historical_seed,
2015-09-10,XLI,51.05,51.59,50.99,51.23,42.0275914924,42.4721536747,41.9781956944,42.1757788865,9706979,9706979,0.0,1.0,tiingo_historical_seed,
2015-09-11,XLI,51.18,51.51,50.99,51.51,42.1346157215,42.4062926106,41.9781956944,42.4062926106,6120089,6120089,0.0,1.0,tiingo_historical_seed,
2015-09-14,XLI,51.61,51.61,51.14,51.25,42.4886189407,42.4886189407,42.1016851894,42.1922441525,8436893,8436893,0.0,1.0,tiingo_historical_seed,
2015-09-15,XLI,51.46,52.24,51.35,52.14,42.3651294456,43.00727482,42.2745704826,42.92494849,7747124,7747124,0.0,1.0,tiingo_historical_seed,
2015-09-16,XLI,52.17,52.62,52.06,52.52,42.949646389,43.3201148742,42.8590874259,43.2377885442,19320854,19320854,0.0,1.0,tiingo_historical_seed,
2015-09-17,XLI,52.45,53.115,52.16,52.29,43.1801601131,43.727630208,42.941413756,43.0484379851,18977405,18977405,0.0,1.0,tiingo_historical_seed,
2015-09-18,XLI,51.21,51.47,50.77,50.86,42.3921770995,42.6074078365,42.0279404675,42.1024434149,20172452,20172452,0.280921,1.0,tiingo_historical_seed,
2015-09-21,XLI,51.14,51.45,50.87,51.11,42.3342303626,42.590851626,42.1107215202,42.3093960467,10205156,10205156,0.0,1.0,tiingo_historical_seed,
2015-09-22,XLI,50.39,50.545,50.04,50.37,41.7133724671,41.8416830989,41.4236387826,41.6968162566,12687074,12687074,0.0,1.0,tiingo_historical_seed,
2015-09-23,XLI,50.38,50.49,49.84,50.02,41.7050943619,41.7961535199,41.2580766772,41.4070825721,7970925,7970925,0.0,1.0,tiingo_historical_seed,
2015-09-24,XLI,49.43,49.83,49.04,49.71,40.918674361,41.2497985719,40.5958282554,41.1504613086,13890631,13890631,0.0,1.0,tiingo_historical_seed,
2015-09-25,XLI,50.22,50.22,49.6,49.81,41.5726446775,41.5726446775,41.0594021506,41.2332423613,10210312,10210312,0.0,1.0,tiingo_historical_seed,
2015-09-28,XLI,49.53,49.5899,48.83,48.83,41.0014554137,41.0510412643,40.4219880447,40.4219880447,14088431,14088431,0.0,1.0,tiingo_historical_seed,
2015-09-29,XLI,49.09,49.33,48.81,49.15,40.6372187817,40.8358933083,40.4054318341,40.6868874134,15337797,15337797,0.0,1.0,tiingo_historical_seed,
2015-09-30,XLI,49.55,49.95,49.2727,49.89,41.0180116243,41.3491358352,40.7884597651,41.2994672035,17543287,17543287,0.0,1.0,tiingo_historical_seed,
2015-10-01,XLI,49.82,50.13,49.31,49.78,41.2415204666,41.4981417301,40.8193370977,41.2084080455,10529662,10529662,0.0,1.0,tiingo_historical_seed,
2015-10-02,XLI,49.12,50.41,48.985,50.41,40.6620530976,41.7299286777,40.5502986764,41.7299286777,12274554,12274554,0.0,1.0,tiingo_historical_seed,
2015-10-05,XLI,51.15,51.959,50.71,51.84,42.3425084678,43.0122071844,41.9782718359,42.9136977316,10410502,10410502,0.0,1.0,tiingo_historical_seed,
2015-10-06,XLI,51.75,52.11,51.72,51.79,42.8391947842,43.137206574,42.8143604684,42.8723072053,11798622,11798622,0.0,1.0,tiingo_historical_seed,
2015-10-07,XLI,52.06,52.71,51.955,52.47,43.0958160476,43.6338928903,43.0088959423,43.4352183638,15540397,15540397,0.0,1.0,tiingo_historical_seed,
2015-10-08,XLI,52.2,53.36,52.18,53.2,43.2117095214,44.171969733,43.1951533109,44.0395200487,21823062,21823062,0.0,1.0,tiingo_historical_seed,
2015-10-09,XLI,53.76,53.76,53.205,53.38,44.5030939439,44.5030939439,44.0436591013,44.1885259436,33291022,33291022,0.0,1.0,tiingo_historical_seed,
2015-10-12,XLI,53.34,53.44,53.12,53.39,44.1554135225,44.2381945752,43.9732952065,44.1968040488,9030828,9030828,0.0,1.0,tiingo_historical_seed,
2015-10-13,XLI,53.0,53.31,52.8,52.82,43.8739579432,44.1305792067,43.7083958378,43.7249520483,10302451,10302451,0.0,1.0,tiingo_historical_seed,
2015-10-14,XLI,52.65,52.915,52.17,52.25,43.5842242587,43.8035940484,43.1868752056,43.2531000478,11827855,11827855,0.0,1.0,tiingo_historical_seed,
2015-10-15,XLI,52.63,52.85,52.2,52.82,43.5676680481,43.7497863641,43.2117095214,43.7249520483,13924821,13924821,0.0,1.0,tiingo_historical_seed,
2015-10-16,XLI,53.0,53.0,52.32,52.55,43.8739579432,43.8739579432,43.3110467847,43.501443206,13954707,13954707,0.0,1.0,tiingo_historical_seed,
2015-10-19,XLI,52.35,52.68,52.27,52.62,43.3358811005,43.6090585745,43.2696562583,43.5593899429,8112310,8112310,0.0,1.0,tiingo_historical_seed,
2015-10-20,XLI,52.44,53.14,52.335,52.97,43.410384048,43.989851417,43.3234639426,43.8491236274,11314683,11314683,0.0,1.0,tiingo_historical_seed,
2015-10-21,XLI,53.03,53.58,52.905,52.98,43.898792259,44.354088049,43.7953159431,43.8574017327,16097800,16097800,0.0,1.0,tiingo_historical_seed,
2015-10-22,XLI,53.19,54.665,53.11,54.46,44.0312419434,45.2522624711,43.9650171012,45.082561313,20908787,20908787,0.0,1.0,tiingo_historical_seed,
2015-10-23,XLI,54.78,54.86,54.31,54.66,45.3474606817,45.4136855239,44.9583897339,45.2481234184,13400850,13400850,0.0,1.0,tiingo_historical_seed,
2015-10-26,XLI,54.54,54.82,54.42,54.54,45.1487861551,45.3805731028,45.0494488919,45.1487861551,11294926,11294926,0.0,1.0,tiingo_historical_seed,
2015-10-27,XLI,54.09,54.2,53.83,53.94,44.7762714179,44.8673305759,44.5610406808,44.6520998388,14483647,14483647,0.0,1.0,tiingo_historical_seed,
2015-10-28,XLI,54.14,54.4,53.705,54.37,44.8176619443,45.0328926813,44.4575643649,45.0080583655,13933239,13933239,0.0,1.0,tiingo_historical_seed,
2015-10-29,XLI,54.05,54.42,54.03,54.34,44.7431589968,45.0494488919,44.7266027863,44.9832240497,13466132,13466132,0.0,1.0,tiingo_historical_seed,
2015-10-30,XLI,54.36,54.56,54.25,54.27,44.9997802602,45.1653423657,44.9087211022,44.9252773128,14763595,14763595,0.0,1.0,tiingo_historical_seed,
2015-11-02,XLI,54.28,55.01,54.28,54.9,44.9335554181,45.5378571029,44.9335554181,45.4467979449,15329028,15329028,0.0,1.0,tiingo_historical_seed,
2015-11-03,XLI,54.85,55.09,54.73,54.94,45.4054074186,45.6040819451,45.3060701553,45.479910366,7486369,7486369,0.0,1.0,tiingo_historical_seed,
2015-11-04,XLI,54.91,55.1,54.68,54.79,45.4550760502,45.6123600504,45.264679629,45.355738787,9670911,9670911,0.0,1.0,tiingo_historical_seed,
2015-11-05,XLI,54.77,55.0,54.47,54.86,45.3391825764,45.5295789977,45.0908394182,45.4136855239,11531053,11531053,0.0,1.0,tiingo_historical_seed,
2015-11-06,XLI,54.54,54.87,54.285,54.86,45.1487861551,45.4219636291,44.9376944707,45.4136855239,15269296,15269296,0.0,1.0,tiingo_historical_seed,
2015-11-09,XLI,54.59,54.69,53.92,54.44,45.1901766815,45.2729577342,44.6355436283,45.0660051024,13570630,13570630,0.0,1.0,tiingo_historical_seed,
2015-11-10,XLI,54.22,54.61,53.98,54.43,44.8838867864,45.2067328921,44.6852122599,45.0577269972,18957346,18957346,0.0,1.0,tiingo_historical_seed,
2015-11-11,XLI,54.56,54.79,54.385,54.5,45.1653423657,45.355738787,45.0204755234,45.1156737341,12916018,12916018,0.0,1.0,tiingo_historical_seed,
2015-11-12,XLI,54.12,54.48,53.75,53.76,44.8011057337,45.0991175235,44.4948158386,44.5030939439,19057064,19057064,0.0,1.0,tiingo_historical_seed,
2015-11-13,XLI,53.55,53.96,53.43,53.52,44.3292537332,44.6686560494,44.2299164699,44.3044194174,13959103,13959103,0.0,1.0,tiingo_historical_seed,
2015-11-16,XLI,53.24,54.245,53.24,54.21,44.0726324697,44.9045820496,44.0726324697,44.8756086812,13303898,13303898,0.0,1.0,tiingo_historical_seed,
2015-11-17,XLI,54.28,54.48,53.94,54.1,44.9335554181,45.0991175235,44.6520998388,44.7845495232,15561418,15561418,0.0,1.0,tiingo_historical_seed,
2015-11-18,XLI,54.15,54.87,54.15,54.85,44.8259400495,45.4219636291,44.8259400495,45.4054074186,10434826,10434826,0.0,1.0,tiingo_historical_seed,
2015-11-19,XLI,54.72,55.14,54.72,55.09,45.29779205,45.6454724715,45.29779205,45.6040819451,12257398,12257398,0.0,1.0,tiingo_historical_seed,
2015-11-20,XLI,55.31,55.56,55.16,55.37,45.7862002611,45.9931528929,45.662028682,45.8358688927,9014059,9014059,0.0,1.0,tiingo_historical_seed,
2015-11-23,XLI,55.42,55.485,54.945,55.09,45.8772594191,45.9310671034,45.4840494187,45.6040819451,9955959,9955959,0.0,1.0,tiingo_historical_seed,
2015-11-24,XLI,54.73,55.1272,54.54,55.0,45.3060701553,45.6348764967,45.1487861551,45.5295789977,15131449,15131449,0.0,1.0,tiingo_historical_seed,
2015-11-25,XLI,55.15,55.16,54.9,55.0,45.6537505768,45.662028682,45.4467979449,45.5295789977,6406759,6406759,0.0,1.0,tiingo_historical_seed,
2015-11-27,XLI,54.96,55.17,54.86,55.095,45.4964665766,45.6703067873,45.4136855239,45.6082209978,4454510,4454510,0.0,1.0,tiingo_historical_seed,
2015-11-30,XLI,55.1,55.14,54.705,54.74,45.6123600504,45.6454724715,45.2853748921,45.3143482606,11017794,11017794,0.0,1.0,tiingo_historical_seed,
2015-12-01,XLI,54.76,55.175,54.69,55.0,45.3309044711,45.6744458399,45.2729577342,45.5295789977,11475851,11475851,0.0,1.0,tiingo_historical_seed,
2015-12-02,XLI,54.91,55.06,54.325,54.44,45.4550760502,45.5792476293,44.9708068918,45.0660051024,13131576,13131576,0.0,1.0,tiingo_historical_seed,
2015-12-03,XLI,54.58,54.61,53.5601,53.76,45.1818985762,45.2067328921,44.3376146195,44.5030939439,16001355,16001355,0.0,1.0,tiingo_historical_seed,
2015-12-04,XLI,53.84,54.57,53.72,54.56,44.5693187861,45.173620471,44.4699815228,45.1653423657,13891933,13891933,0.0,1.0,tiingo_historical_seed,
2015-12-07,XLI,54.39,54.565,54.1,54.29,45.0246145761,45.1694814183,44.7845495232,44.9418335233,9665464,9665464,0.0,1.0,tiingo_historical_seed,
2015-12-08,XLI,53.58,53.84,53.32,53.42,44.354088049,44.5693187861,44.1388573119,44.2216383646,15506631,15506631,0.0,1.0,tiingo_historical_seed,
2015-12-09,XLI,53.22,53.9,52.91,53.26,44.0560762592,44.6189874177,43.7994549958,44.0891886803,16784101,16784101,0.0,1.0,tiingo_historical_seed,
2015-12-10,XLI,53.21,53.86,53.21,53.51,44.0477981539,44.5858749966,44.0477981539,44.2961413121,13231598,13231598,0.0,1.0,tiingo_historical_seed,
2015-12-11,XLI,53.07,53.21,52.525,52.61,43.9319046801,44.0477981539,43.4807479428,43.5511118376,24625522,24625522,0.0,1.0,tiingo_historical_seed,
2015-12-14,XLI,52.63,52.88,52.125,52.8,43.5676680481,43.7746206799,43.1496237319,43.7083958378,27420317,27420317,0.0,1.0,tiingo_historical_seed,
2015-12-15,XLI,52.9,53.15,52.68,52.81,43.7911768905,43.9981295223,43.6090585745,43.716673943,17052125,17052125,0.0,1.0,tiingo_historical_seed,
2015-12-16,XLI,53.11,53.87,52.96,53.75,43.9650171012,44.5941531019,43.8408455221,44.4948158386,19045713,19045713,0.0,1.0,tiingo_historical_seed,
2015-12-17,XLI,53.94,54.01,52.86,52.86,44.6520998388,44.7100465757,43.7580644694,43.7580644694,15902684,15902684,0.0,1.0,tiingo_historical_seed,
2015-12-18,XLI,52.43,52.43,51.7,51.74,43.6694801956,43.6694801956,43.0614557718,43.0947721785,19377965,19377965,0.318739,1.0,tiingo_historical_seed,
2015-12-21,XLI,52.2,52.36,51.83,52.14,43.4779108566,43.6111764837,43.1697340938,43.4279362464,9394669,9394669,0.0,1.0,tiingo_historical_seed,
2015-12-22,XLI,52.35,52.98,52.23,52.86,43.602847382,44.1275807889,43.5028981617,44.0276315686,11833522,11833522,0.0,1.0,tiingo_historical_seed,
2015-12-23,XLI,53.1,53.521,52.96,53.48,44.2275300093,44.5781851907,44.1109225855,44.5440358738,9604802,9604802,0.0,1.0,tiingo_historical_seed,
2015-12-24,XLI,53.29,53.6,53.29,53.46,44.3857829415,44.6439850941,44.3857829415,44.5273776704,2040512,2040512,0.0,1.0,tiingo_historical_seed,
2015-12-28,XLI,53.25,53.45,52.985,53.34,44.3524665347,44.5190485687,44.1317453398,44.42742845,4687580,4687580,0.0,1.0,tiingo_historical_seed,
2015-12-29,XLI,53.59,53.95,53.53,53.85,44.6356559924,44.9355036535,44.5856813822,44.8522126365,5054667,5054667,0.0,1.0,tiingo_historical_seed,
2015-12-30,XLI,53.75,53.845,53.33,53.4,44.7689216196,44.8480480857,44.4190993483,44.4774030602,10955744,10955744,0.0,1.0,tiingo_historical_seed,
2015-12-31,XLI,53.15,53.45,52.92,53.01,44.2691755178,44.5190485687,44.0776061787,44.152568094,6785353,6785353,0.0,1.0,tiingo_historical_seed,
2016-01-04,XLI,52.11,52.32,51.71,52.3,43.4029489413,43.5778600769,43.0697848735,43.5612018736,16404580,16404580,0.0,1.0,tiingo_historical_seed,
2016-01-05,XLI,52.43,52.53,51.97,52.44,43.6694801956,43.7527712126,43.2863415176,43.6778092973,8711434,8711434,0.0,1.0,tiingo_historical_seed,
2016-01-06,XLI,51.72,52.06,51.31,51.63,43.0781139751,43.3613034328,42.7366208056,43.0031520599,9980000,9980000,0.0,1.0,tiingo_historical_seed,
2016-01-07,XLI,50.8,51.1,50.09,50.23,42.3118366191,42.56170967,41.7204703986,41.8370778223,17225551,17225551,0.0,1.0,tiingo_historical_seed,
2016-01-08,XLI,50.71,50.71,49.65,49.72,42.2368747038,42.2368747038,41.3539899239,41.4122936358,17198497,17198497,0.0,1.0,tiingo_historical_seed,
2016-01-11,XLI,50.05,50.09,49.28,49.75,41.6871539918,41.7204703986,41.0458131612,41.4372809409,18962436,18962436,0.0,1.0,tiingo_historical_seed,
2016-01-12,XLI,50.09,50.24,49.51,50.15,41.7204703986,41.845406924,41.2373825002,41.7704450088,19297334,19297334,0.0,1.0,tiingo_historical_seed,
2016-01-13,XLI,50.38,50.48,48.795,48.94,41.9620143478,42.0453053648,40.6418517289,40.7626237035,18966894,18966894,0.0,1.0,tiingo_historical_seed,
2016-01-14,XLI,49.1,49.865,48.6,49.52,40.8958893306,41.5330656104,40.4794342458,41.2457116019,19261031,19261031,0.0,1.0,tiingo_historical_seed,
2016-01-15,XLI,48.14,48.84,48.02,48.647,40.0962955677,40.6793326865,39.9963463474,40.5185810238,20434577,20434577,0.0,1.0,tiingo_historical_seed,
2016-01-19,XLI,49.18,49.27,48.19,48.64,40.9625221442,41.0374840595,40.1379410762,40.5127506526,14844956,14844956,0.0,1.0,tiingo_historical_seed,
2016-01-20,XLI,47.95,48.43,46.82,48.01,39.9380426355,40.3378395169,38.9968541438,39.9880172457,26092675,26092675,0.0,1.0,tiingo_historical_seed,
2016-01-21,XLI,48.01,48.68,47.66,48.22,39.9880172457,40.5460670594,39.6964986863,40.1629283813,18593829,18593829,0.0,1.0,tiingo_historical_seed,
2016-01-22,XLI,48.84,48.99,48.22,48.64,40.6793326865,40.804269212,40.1629283813,40.5127506526,12781561,12781561,0.0,1.0,tiingo_historical_seed,
2016-01-25,XLI,48.56,48.65,47.96,48.04,40.446117839,40.5210797543,39.9463717372,40.0130045508,14533951,14533951,0.0,1.0,tiingo_historical_seed,
2016-01-26,XLI,48.15,48.9701,48.14,48.95,40.1046246694,40.7876942996,40.0962955677,40.7709528052,12038307,12038307,0.0,1.0,tiingo_historical_seed,
2016-01-27,XLI,48.69,49.28,48.14,48.4,40.5543961611,41.0458131612,40.0962955677,40.3128522119,16437248,16437248,0.0,1.0,tiingo_historical_seed,
2016-01-28,XLI,48.64,48.81,48.18,48.68,40.5127506526,40.6543453814,40.1296119745,40.5460670594,12553037,12553037,0.0,1.0,tiingo_historical_seed,
2016-01-29,XLI,49.0,50.01,48.88,49.99,40.8125983137,41.653837585,40.7126490933,41.6371793816,14570355,14570355,0.0,1.0,tiingo_historical_seed,
2016-02-01,XLI,49.59,50.1161,49.27,49.87,41.3040153138,41.742209354,41.0374840595,41.5372301613,15940646,15940646,0.0,1.0,tiingo_historical_seed,
2016-02-02,XLI,49.38,49.42,48.705,48.87,41.1291041781,41.1624205849,40.5668898136,40.7043199916,15284769,15284769,0.0,1.0,tiingo_historical_seed,
2016-02-03,XLI,49.26,49.74,48.35,49.66,41.0291549578,41.4289518392,40.2712067034,41.3623190256,25732880,25732880,0.0,1.0,tiingo_historical_seed,
2016-02-04,XLI,49.59,50.91,49.55,50.52,41.3040153138,42.4034567377,41.270698907,42.0786217715,18452296,18452296,0.0,1.0,tiingo_historical_seed,
2016-02-05,XLI,50.25,50.54,49.8,50.04,41.8537360257,42.0952799749,41.4789264494,41.6788248901,15518119,15518119,0.0,1.0,tiingo_historical_seed,
2016-02-08,XLI,49.49,49.76,48.97,49.62,41.2207242968,41.4456100426,40.7876110086,41.3290026188,20001178,20001178,0.0,1.0,tiingo_historical_seed,
2016-02-09,XLI,49.04,50.26,49.04,49.92,40.8459147204,41.8620651274,40.8459147204,41.5788756697,15369951,15369951,0.0,1.0,tiingo_historical_seed,
2016-02-10,XLI,50.04,50.51,49.64,49.68,41.6788248901,42.0702926699,41.3456608222,41.378977229,15079367,15079367,0.0,1.0,tiingo_historical_seed,
2016-02-11,XLI,48.82,49.36,48.105,48.69,40.6626744831,41.1124459747,40.0671437118,40.5543961611,19180314,19180314,0.0,1.0,tiingo_historical_seed,
2016-02-12,XLI,48.98,49.68,48.875,49.67,40.7959401103,41.378977229,40.7084845424,41.3706481273,19249081,19249081,0.0,1.0,tiingo_historical_seed,
2016-02-16,XLI,50.3,50.73,49.87,50.67,41.8953815342,42.2535329072,41.5372301613,42.203558297,15037927,15037927,0.0,1.0,tiingo_historical_seed,
2016-02-17,XLI,51.0,51.635,50.85,51.45,42.478418653,43.0073166107,42.3534821275,42.8532282293,15619908,15619908,0.0,1.0,tiingo_historical_seed,
2016-02-18,XLI,51.5,51.61,51.23,51.42,42.8948737378,42.9864938565,42.669987992,42.8282409242,9587830,9587830,0.0,1.0,tiingo_historical_seed,
2016-02-19,XLI,50.98,51.375,50.89,51.32,42.4617604496,42.7907599666,42.3867985343,42.7449499073,12613634,12613634,0.0,1.0,tiingo_historical_seed,
2016-02-22,XLI,51.8,52.44,51.8,52.19,43.1447467887,43.6778092973,43.1447467887,43.4695817549,12143817,12143817,0.0,1.0,tiingo_historical_seed,
2016-02-23,XLI,51.97,52.155,51.555,51.67,43.2863415176,43.440429899,42.9406837972,43.0364684667,9727887,9727887,0.0,1.0,tiingo_historical_seed,
2016-02-24,XLI,51.06,51.83,50.735,51.7,42.5283932632,43.1697340938,42.257697458,43.0614557718,17347268,17347268,0.0,1.0,tiingo_historical_seed,
2016-02-25,XLI,51.85,52.4,51.69,52.38,43.1863922972,43.6444928905,43.0531266701,43.6278346871,9312686,9312686,0.0,1.0,tiingo_historical_seed,
2016-02-26,XLI,52.51,52.85,52.44,52.45,43.7361130092,44.0193024669,43.6778092973,43.686138399,8312343,8312343,0.0,1.0,tiingo_historical_seed,
2016-02-29,XLI,52.45,52.72,52.1,52.12,43.686138399,43.9110241448,43.3946198396,43.411278043,13823027,13823027,0.0,1.0,tiingo_historical_seed,
2016-03-01,XLI,52.33,53.215,52.33,53.14,43.5861891786,44.3233146788,43.5861891786,44.2608464161,13424822,13424822,0.0,1.0,tiingo_historical_seed,
2016-03-02,XLI,53.0,53.24,52.91,53.18,44.1442389923,44.344137433,44.069277077,44.2941628229,8877784,8877784,0.0,1.0,tiingo_historical_seed,
2016-03-03,XLI,53.15,53.61,53.06,53.56,44.2691755178,44.6523141958,44.1942136025,44.6106686873,9808973,9808973,0.0,1.0,tiingo_historical_seed,
2016-03-04,XLI,53.53,54.1,53.41,53.78,44.5856813822,45.060440179,44.4857321619,44.7939089247,10006912,10006912,0.0,1.0,tiingo_historical_seed,
2016-03-07,XLI,53.5,53.955,53.42,53.94,44.5606940772,44.9396682044,44.4940612636,44.9271745518,11753981,11753981,0.0,1.0,tiingo_historical_seed,
2016-03-08,XLI,53.5,53.54,53.1,53.18,44.5606940772,44.5940104839,44.2275300093,44.2941628229,12041121,12041121,0.0,1.0,tiingo_historical_seed,
2016-03-09,XLI,53.32,53.5,53.17,53.35,44.4107702466,44.5606940772,44.2858337212,44.4357575517,11060113,11060113,0.0,1.0,tiingo_historical_seed,
2016-03-10,XLI,53.47,53.71,52.815,53.27,44.5357067721,44.7356052128,43.9901506109,44.3691247381,12693338,12693338,0.0,1.0,tiingo_historical_seed,
2016-03-11,XLI,53.76,54.165,53.72,54.04,44.7772507213,45.11457934,44.7439343145,45.0104655688,11059850,11059850,0.0,1.0,tiingo_historical_seed,
2016-03-14,XLI,53.84,54.23,53.84,54.09,44.8438835348,45.168718501,44.8438835348,45.0521110773,6946730,6946730,0.0,1.0,tiingo_historical_seed,
2016-03-15,XLI,53.7,54.06,53.53,54.06,44.7272761111,45.0271237722,44.5856813822,45.0271237722,6948723,6948723,0.0,1.0,tiingo_historical_seed,
2016-03-16,XLI,53.94,54.565,53.81,54.25,44.9271745518,45.4477434078,44.8188962297,45.1853767044,11447932,11447932,0.0,1.0,tiingo_historical_seed,
2016-03-17,XLI,54.59,55.62,54.26,55.44,45.4685661621,46.3264636368,45.1937058061,46.1765398063,17009423,17009423,0.0,1.0,tiingo_historical_seed,
2016-03-18,XLI,55.3,55.75,55.24,55.63,46.2940953492,46.6708104109,46.2438666744,46.5703530611,17059773,17059773,0.282816,1.0,tiingo_historical_seed,
2016-03-21,XLI,55.56,55.96,55.485,55.96,46.5117529404,46.8466107729,46.4489670968,46.8466107729,7150439,7150439,0.0,1.0,tiingo_historical_seed,
2016-03-22,XLI,55.41,55.81,55.4,55.64,46.3861812532,46.7210390857,46.3778098074,46.5787245069,7570862,7570862,0.0,1.0,tiingo_historical_seed,
2016-03-23,XLI,55.52,55.59,55.23,55.28,46.4782671571,46.5368672778,46.2354952285,46.2773524576,10833202,10833202,0.0,1.0,tiingo_historical_seed,
2016-03-24,XLI,54.96,55.12,54.74,55.12,46.0094661916,46.1434093246,45.8252943837,46.1434093246,10403297,10403297,0.0,1.0,tiingo_historical_seed,
2016-03-28,XLI,55.13,55.275,54.89,55.14,46.1517807704,46.2731667347,45.9508660709,46.1601522162,6591652,6591652,0.0,1.0,tiingo_historical_seed,
2016-03-29,XLI,55.03,55.51,54.72,55.5,46.0680663123,46.4698957113,45.808551492,46.4615242655,9271815,9271815,0.0,1.0,tiingo_historical_seed,
2016-03-30,XLI,55.99,56.0266,55.6,55.6,46.8717251104,46.9023646021,46.5452387236,46.5452387236,8197593,8197593,0.0,1.0,tiingo_historical_seed,
2016-03-31,XLI,55.71,55.7899,55.4,55.47,46.6373246276,46.7042124796,46.3778098074,46.4364099281,12949115,12949115,0.0,1.0,tiingo_historical_seed,
2016-04-01,XLI,55.15,55.73,54.75,55.73,46.168523662,46.6540675192,45.8336658295,46.6540675192,16184593,16184593,0.0,1.0,tiingo_historical_seed,
2016-04-04,XLI,55.54,55.605,55.0,55.1,46.4950100488,46.5494244466,46.0429519748,46.126666433,12014932,12014932,0.0,1.0,tiingo_historical_seed,
2016-04-05,XLI,54.73,55.01,54.56,54.76,45.8169229379,46.0513234206,45.674608359,45.8420372753,11244893,11244893,0.0,1.0,tiingo_historical_seed,
2016-04-06,XLI,54.74,55.03,54.25,55.03,45.8252943837,46.0680663123,45.4150935388,46.0680663123,10962441,10962441,0.0,1.0,tiingo_historical_seed,
2016-04-07,XLI,54.57,54.86,54.33,54.5,45.6829798048,45.9257517334,45.4820651053,45.6243796841,13364507,13364507,0.0,1.0,tiingo_historical_seed,
2016-04-08,XLI,54.84,55.315,54.67,54.71,45.9090088418,46.306652518,45.766694263,45.8001800462,9188866,9188866,0.0,1.0,tiingo_historical_seed,
2016-04-11,XLI,54.98,55.34,54.71,54.73,46.0262090832,46.3275811325,45.8001800462,45.8169229379,7710122,7710122,0.0,1.0,tiingo_historical_seed,
2016-04-12,XLI,54.75,55.33,54.66,55.05,45.8336658295,46.3192096867,45.7583228172,46.0848092039,10724259,10724259,0.0,1.0,tiingo_historical_seed,
2016-04-13,XLI,55.56,56.02,55.49,55.87,46.5117529404,46.8968394478,46.4531528197,46.7712677606,13215527,13215527,0.0,1.0,tiingo_historical_seed,
2016-04-14,XLI,56.14,56.2,55.885,55.97,46.9972967976,47.0475254725,46.7838249293,46.8549822187,13195189,13195189,0.0,1.0,tiingo_historical_seed,
2016-04-15,XLI,56.07,56.1,55.9,56.05,46.9386966769,46.9638110143,46.7963820981,46.9219537853,10781632,10781632,0.0,1.0,tiingo_historical_seed,
2016-04-18,XLI,55.8,56.29,55.71,56.1,46.7126676399,47.1228684848,46.6373246276,46.9638110143,8618994,8618994,0.0,1.0,tiingo_historical_seed,
2016-04-19,XLI,56.4,56.72,56.28,56.5,47.2149543887,47.4828406548,47.114497039,47.2986688469,9318480,9318480,0.0,1.0,tiingo_historical_seed,
2016-04-20,XLI,56.52,56.705,56.26,56.41,47.3154117385,47.470283486,47.0977541473,47.2233258345,13632607,13632607,0.0,1.0,tiingo_historical_seed,
2016-04-21,XLI,56.39,56.6,56.21,56.27,47.2065829429,47.382383305,47.0558969183,47.1061255932,11941761,11941761,0.0,1.0,tiingo_historical_seed,
2016-04-22,XLI,56.31,56.5,56.14,56.41,47.1396113764,47.2986688469,46.9972967976,47.2233258345,14750055,14750055,0.0,1.0,tiingo_historical_seed,
2016-04-25,XLI,56.36,56.38,55.87,56.14,47.1814686055,47.1982114971,46.7712677606,46.9972967976,10224099,10224099,0.0,1.0,tiingo_historical_seed,
2016-04-26,XLI,56.27,56.64,56.2401,56.64,47.1061255932,47.4158690883,47.0810949702,47.4158690883,10139889,10139889,0.0,1.0,tiingo_historical_seed,
2016-04-27,XLI,56.71,57.18,56.48,57.04,47.474469209,47.8679271622,47.2819259552,47.7507269208,9258143,9258143,0.0,1.0,tiingo_historical_seed,
2016-04-28,XLI,56.65,57.14,56.355,56.49,47.4242405341,47.8344413789,47.1772828826,47.2902974011,19551920,19551920,0.0,1.0,tiingo_historical_seed,
2016-04-29,XLI,56.17,56.4,55.82,56.16,47.022411135,47.2149543887,46.7294105315,47.0140396892,16369932,16369932,0.0,1.0,tiingo_historical_seed,
2016-05-02,XLI,56.27,56.49,56.02,56.45,47.1061255932,47.2902974011,46.8968394478,47.2568116178,10145145,10145145,0.0,1.0,tiingo_historical_seed,
2016-05-03,XLI,56.08,56.08,55.6,55.99,46.9470681227,46.9470681227,46.5452387236,46.8717251104,11171359,11171359,0.0,1.0,tiingo_historical_seed,
2016-05-04,XLI,55.69,55.73,55.06,55.3,46.620581736,46.6540675192,46.0931806497,46.2940953492,22102725,22102725,0.0,1.0,tiingo_historical_seed,
2016-05-05,XLI,55.45,55.59,55.15,55.27,46.4196670364,46.5368672778,46.168523662,46.2689810118,12840952,12840952,0.0,1.0,tiingo_historical_seed,
2016-05-06,XLI,55.04,55.675,54.94,55.64,46.0764377581,46.6080245672,45.9927232999,46.5787245069,9934378,9934378,0.0,1.0,tiingo_historical_seed,
2016-05-09,XLI,55.52,55.63,55.27,55.39,46.4782671571,46.5703530611,46.2689810118,46.3694383616,7764906,7764906,0.0,1.0,tiingo_historical_seed,
2016-05-10,XLI,55.55,56.35,55.55,56.34,46.5033814946,47.1730971597,46.5033814946,47.1647257139,14983063,14983063,0.0,1.0,tiingo_historical_seed,
2016-05-11,XLI,56.3,56.48,55.87,55.87,47.1312399306,47.2819259552,46.7712677606,46.7712677606,12801978,12801978,0.0,1.0,tiingo_historical_seed,
2016-05-12,XLI,55.88,56.13,55.41,55.75,46.7796392064,46.9889253518,46.3861812532,46.6708104109,13992392,13992392,0.0,1.0,tiingo_historical_seed,
2016-05-13,XLI,55.66,55.88,54.9,55.05,46.5954673985,46.7796392064,45.9592375167,46.0848092039,13017911,13017911,0.0,1.0,tiingo_historical_seed,
2016-05-16,XLI,55.05,55.9,55.05,55.73,46.0848092039,46.7963820981,46.0848092039,46.6540675192,9210833,9210833,0.0,1.0,tiingo_historical_seed,
2016-05-17,XLI,55.55,56.04,55.27,55.46,46.5033814946,46.9135823394,46.2689810118,46.4280384823,11830078,11830078,0.0,1.0,tiingo_historical_seed,
2016-05-18,XLI,55.31,55.76,54.96,55.27,46.3024667951,46.6791818567,46.0094661916,46.2689810118,13609444,13609444,0.0,1.0,tiingo_historical_seed,
2016-05-19,XLI,54.83,55.03,54.39,54.75,45.900637396,46.0680663123,45.5322937802,45.8336658295,15143060,15143060,0.0,1.0,tiingo_historical_seed,
2016-05-20,XLI,54.97,55.32,54.96,55.03,46.0178376374,46.3108382409,46.0094661916,46.0680663123,9397852,9397852,0.0,1.0,tiingo_historical_seed,
2016-05-23,XLI,54.96,55.15,54.74,54.93,46.0094661916,46.168523662,45.8252943837,45.9843518541,7617219,7617219,0.0,1.0,tiingo_historical_seed,
2016-05-24,XLI,55.16,55.66,55.14,55.5,46.1768951078,46.5954673985,46.1601522162,46.4615242655,7274461,7274461,0.0,1.0,tiingo_historical_seed,
2016-05-25,XLI,55.6,56.025,55.6,55.88,46.5452387236,46.9010251707,46.5452387236,46.7796392064,11183819,11183819,0.0,1.0,tiingo_historical_seed,
2016-05-26,XLI,55.91,56.11,55.72,55.72,46.8047535439,46.9721824601,46.6456960734,46.6456960734,6108372,6108372,0.0,1.0,tiingo_historical_seed,
2016-05-27,XLI,55.84,55.95,55.78,55.93,46.7461534232,46.8382393271,46.6959247483,46.8214964355,6250015,6250015,0.0,1.0,tiingo_historical_seed,
2016-05-31,XLI,56.0,56.16,55.71,55.92,46.8800965562,47.0140396892,46.6373246276,46.8131249897,11290310,11290310,0.0,1.0,tiingo_historical_seed,
2016-06-01,XLI,55.63,56.0,55.411,55.97,46.5703530611,46.8800965562,46.3870183978,46.8549822187,11013018,11013018,0.0,1.0,tiingo_historical_seed,
2016-06-02,XLI,55.85,56.07,55.72,56.04,46.754524869,46.9386966769,46.6456960734,46.9135823394,6113502,6113502,0.0,1.0,tiingo_historical_seed,
2016-06-03,XLI,55.92,56.13,55.5501,55.99,46.8131249897,46.9889253518,46.503465209,46.8717251104,11946096,11946096,0.0,1.0,tiingo_historical_seed,
2016-06-06,XLI,56.12,56.57,56.08,56.52,46.980553906,47.3572689676,46.9470681227,47.3154117385,8888057,8888057,0.0,1.0,tiingo_historical_seed,
2016-06-07,XLI,56.63,56.96,56.53,56.79,47.4074976424,47.6837553543,47.3237831843,47.5414407755,8372740,8372740,0.0,1.0,tiingo_historical_seed,
2016-06-08,XLI,56.97,57.22,56.86,57.15,47.6921268001,47.9014129455,47.6000408962,47.8428128248,9201770,9201770,0.0,1.0,tiingo_historical_seed,
2016-06-09,XLI,56.84,57.17,56.78,57.14,47.5832980045,47.8595557164,47.5330693297,47.8344413789,9984738,9984738,0.0,1.0,tiingo_historical_seed,
2016-06-10,XLI,56.68,56.81,56.32,56.47,47.4493548715,47.5581836671,47.1479828222,47.2735545094,13734253,13734253,0.0,1.0,tiingo_historical_seed,
2016-06-13,XLI,56.45,56.52,55.86,55.86,47.2568116178,47.3154117385,46.7628963148,46.7628963148,18830446,18830446,0.0,1.0,tiingo_historical_seed,
2016-06-14,XLI,55.79,56.04,55.54,55.87,46.7042961941,46.9135823394,46.4950100488,46.7712677606,12839024,12839024,0.0,1.0,tiingo_historical_seed,
2016-06-15,XLI,56.03,56.325,55.84,55.89,46.9052108936,47.1521685451,46.7461534232,46.7880106522,10429620,10429620,0.0,1.0,tiingo_historical_seed,
2016-06-16,XLI,55.63,56.13,55.21,55.99,46.5703530611,46.9889253518,46.2187523369,46.8717251104,15040356,15040356,0.0,1.0,tiingo_historical_seed,
2016-06-17,XLI,55.57,55.92,55.46,55.73,46.7765368342,47.0711524162,46.6839433656,46.9112182431,15947789,15947789,0.307176,1.0,tiingo_historical_seed,
2016-06-20,XLI,56.15,56.76,56.15,56.24,47.2647569416,47.778229813,47.2647569416,47.3405152341,11778736,11778736,0.0,1.0,tiingo_historical_seed,
2016-06-21,XLI,56.28,56.39,56.1,56.2,47.3741855863,47.4667790549,47.2226690013,47.3068448818,8451422,8451422,0.0,1.0,tiingo_historical_seed,
2016-06-22,XLI,56.18,56.41,56.0,56.04,47.2900097057,47.483614231,47.1384931207,47.1721634729,10509050,10509050,0.0,1.0,tiingo_historical_seed,
2016-06-23,XLI,56.6,56.73,56.38,56.69,47.6435484041,47.7529770489,47.4583614669,47.7193066966,8840642,8840642,0.0,1.0,tiingo_historical_seed,
2016-06-24,XLI,54.72,55.48,54.23,54.38,46.0610418494,46.7007785417,45.6485800346,45.7748438554,34954049,34954049,0.0,1.0,tiingo_historical_seed,
2016-06-27,XLI,53.84,54.12,52.78,53.1,45.3202941003,45.5559865659,44.4280297663,44.6973925841,40314346,40314346,0.0,1.0,tiingo_historical_seed,
2016-06-28,XLI,53.77,54.0,53.385,54.0,45.2613709839,45.4549755092,44.9372938437,45.4549755092,18523896,18523896,0.0,1.0,tiingo_historical_seed,
2016-06-29,XLI,54.57,55.04,54.42,54.96,45.9347780285,46.3304046672,45.8085142076,46.2630639627,14316349,14316349,0.0,1.0,tiingo_historical_seed,
2016-06-30,XLI,54.87,56.025,54.86,56.01,46.1873056702,47.1595370908,46.1788880822,47.1469107088,19397757,19397757,0.0,1.0,tiingo_historical_seed,
2016-07-01,XLI,56.03,56.46,55.99,56.19,47.1637458849,47.5257021713,47.1300755326,47.2984272938,23322746,23322746,0.0,1.0,tiingo_historical_seed,
2016-07-05,XLI,55.88,56.2701,55.42,55.68,47.037482064,47.3658521741,46.6502730134,46.8691303029,14808577,14808577,0.0,1.0,tiingo_historical_seed,
2016-07-06,XLI,55.52,56.0,55.0901,55.96,46.7344488939,47.1384931207,46.3725767834,47.1048227685,12776363,12776363,0.0,1.0,tiingo_historical_seed,
2016-07-07,XLI,56.05,56.38,55.87,56.11,47.180581061,47.4583614669,47.0290644759,47.2310865893,8697860,8697860,0.0,1.0,tiingo_historical_seed,
2016-07-08,XLI,56.6,57.33,56.14,57.23,47.6435484041,48.2580323323,47.2563393535,48.1738564517,16226352,16226352,0.0,1.0,tiingo_historical_seed,
2016-07-11,XLI,57.35,57.72,57.27,57.59,48.2748675084,48.5863182665,48.207526804,48.4768896218,15259741,15259741,0.0,1.0,tiingo_historical_seed,
2016-07-12,XLI,57.89,58.205,57.78,58.12,48.7294172635,48.9945712873,48.6368237949,48.9230217888,13635142,13635142,0.0,1.0,tiingo_historical_seed,
2016-07-13,XLI,58.27,58.31,57.9,58.26,49.0492856097,49.0829559619,48.7378348516,49.0408680216,13119818,13119818,0.0,1.0,tiingo_historical_seed,
2016-07-14,XLI,58.64,58.87,58.46,58.7,49.3607363678,49.5543408931,49.2092197828,49.4112418962,11795350,11795350,0.0,1.0,tiingo_historical_seed,
2016-07-15,XLI,58.89,58.92,58.55,58.69,49.5711760692,49.5964288334,49.2849780753,49.4028243081,6238040,6238040,0.0,1.0,tiingo_historical_seed,
2016-07-18,XLI,58.61,58.7475,58.45,58.64,49.3354836036,49.4512254394,49.2008021947,49.3607363678,5983637,5983637,0.0,1.0,tiingo_historical_seed,
2016-07-19,XLI,58.45,58.75,58.35,58.67,49.2008021947,49.4533298364,49.1166263142,49.385989132,7393898,7393898,0.0,1.0,tiingo_historical_seed,
2016-07-20,XLI,58.65,58.99,58.6,58.78,49.3691539559,49.6553519498,49.3270660156,49.4785826006,5491553,5491553,0.0,1.0,tiingo_historical_seed,
2016-07-21,XLI,58.55,58.69,58.07,58.18,49.2849780753,49.4028243081,48.8809338485,48.9735273172,7573860,7573860,0.0,1.0,tiingo_historical_seed,
2016-07-22,XLI,57.92,58.295,57.7,58.29,48.7546700277,49.0703295798,48.5694830904,49.0661207858,8747793,8747793,0.0,1.0,tiingo_historical_seed,
2016-07-25,XLI,58.15,58.16,57.8001,57.98,48.948274553,48.9566921411,48.6537431469,48.805175556,11063247,11063247,0.0,1.0,tiingo_historical_seed,
2016-07-26,XLI,58.06,58.55,57.98,58.46,48.8725162605,49.2849780753,48.805175556,49.2092197828,9375992,9375992,0.0,1.0,tiingo_historical_seed,
2016-07-27,XLI,58.46,58.6425,58.01,58.23,49.2092197828,49.3628407648,48.8304283202,49.0156152575,10760694,10760694,0.0,1.0,tiingo_historical_seed,
2016-07-28,XLI,58.0,58.34,57.82,58.21,48.8220107321,49.1082087261,48.6704941471,48.9987800813,6505645,6505645,0.0,1.0,tiingo_historical_seed,
2016-07-29,XLI,58.03,58.24,57.83,58.04,48.8472634963,49.0240328455,48.6789117352,48.8556810844,10712399,10712399,0.0,1.0,tiingo_historical_seed,
2016-08-01,XLI,57.93,58.18,57.75,57.97,48.7630876157,48.9735273172,48.6115710307,48.796757968,7949577,7949577,0.0,1.0,tiingo_historical_seed,
2016-08-02,XLI,57.84,57.96,57.27,57.43,48.6873293232,48.7883403799,48.207526804,48.3422082129,13473845,13473845,0.0,1.0,tiingo_historical_seed,
2016-08-03,XLI,57.43,57.73,57.396,57.71,48.3422082129,48.5947358546,48.3135884135,48.5779006785,6087911,6087911,0.0,1.0,tiingo_historical_seed,
2016-08-04,XLI,57.75,57.955,57.64,57.73,48.6115710307,48.7841315859,48.5189775621,48.5947358546,8028720,8028720,0.0,1.0,tiingo_historical_seed,
2016-08-05,XLI,58.06,58.37,57.98,58.31,48.8725162605,49.1334614903,48.805175556,49.0829559619,7380052,7380052,0.0,1.0,tiingo_historical_seed,
2016-08-08,XLI,58.42,58.63,58.27,58.39,49.1755494306,49.3523187798,49.0492856097,49.1502966664,6052662,6052662,0.0,1.0,tiingo_historical_seed,
2016-08-09,XLI,58.35,58.54,58.265,58.37,49.1166263142,49.2765604872,49.0450768157,49.1334614903,4579816,4579816,0.0,1.0,tiingo_historical_seed,
2016-08-10,XLI,58.39,58.53,58.18,58.34,49.1502966664,49.2681428992,48.9735273172,49.1082087261,5293289,5293289,0.0,1.0,tiingo_historical_seed,
2016-08-11,XLI,58.5,58.82,58.48,58.72,49.242890135,49.5122529528,49.2260549589,49.4280770723,8172109,8172109,0.0,1.0,tiingo_historical_seed,
2016-08-12,XLI,58.62,58.675,58.46,58.56,49.3439011917,49.390197926,49.2092197828,49.2933956634,4357395,4357395,0.0,1.0,tiingo_historical_seed,
2016-08-15,XLI,58.73,59.02,58.69,58.95,49.4364946603,49.680604714,49.4028243081,49.6216815976,8643489,8643489,0.0,1.0,tiingo_historical_seed,
2016-08-16,XLI,58.87,58.9,58.64,58.69,49.5543408931,49.5795936573,49.3607363678,49.4028243081,4725200,4725200,0.0,1.0,tiingo_historical_seed,
2016-08-17,XLI,58.57,58.92,58.55,58.86,49.3018132514,49.5964288334,49.2849780753,49.5459233051,8260516,8260516,0.0,1.0,tiingo_historical_seed,
2016-08-18,XLI,58.77,59.04,58.73,59.04,49.4701650126,49.6974398901,49.4364946603,49.6974398901,9830163,9830163,0.0,1.0,tiingo_historical_seed,
2016-08-19,XLI,58.7,59.1,58.67,59.02,49.4112418962,49.7479454184,49.385989132,49.680604714,8334304,8334304,0.0,1.0,tiingo_historical_seed,
2016-08-22,XLI,58.96,59.1,58.765,58.97,49.6300991856,49.7479454184,49.4659562185,49.6385167737,6624650,6624650,0.0,1.0,tiingo_historical_seed,
2016-08-23,XLI,59.15,59.34,59.02,59.02,49.7900333587,49.9499675318,49.680604714,49.680604714,8327265,8327265,0.0,1.0,tiingo_historical_seed,
2016-08-24,XLI,58.94,59.01,58.74,58.84,49.6132640095,49.6721871259,49.4449122484,49.529088129,8569679,8569679,0.0,1.0,tiingo_historical_seed,
2016-08-25,XLI,58.83,58.98,58.65,58.83,49.5206705409,49.6469343618,49.3691539559,49.5206705409,8623173,8623173,0.0,1.0,tiingo_historical_seed,
2016-08-26,XLI,58.94,59.25,58.481,58.66,49.6132640095,49.8742092393,49.2268967177,49.3775715439,15676881,15676881,0.0,1.0,tiingo_historical_seed,
2016-08-29,XLI,58.67,59.09,58.67,59.08,49.385989132,49.7395278304,49.385989132,49.7311102423,7626192,7626192,0.0,1.0,tiingo_historical_seed,
2016-08-30,XLI,59.04,59.08,58.77,58.92,49.6974398901,49.7311102423,49.4701650126,49.5964288334,5953765,5953765,0.0,1.0,tiingo_historical_seed,
2016-08-31,XLI,58.77,58.82,58.37,58.59,49.4701650126,49.5122529528,49.1334614903,49.3186484275,9592234,9592234,0.0,1.0,tiingo_historical_seed,
2016-09-01,XLI,58.69,58.81,58.19,58.64,49.4028243081,49.5038353648,48.9819449052,49.3607363678,9397627,9397627,0.0,1.0,tiingo_historical_seed,
2016-09-02,XLI,58.91,59.13,58.735,58.93,49.5880112454,49.7731981826,49.4407034544,49.6048464215,11405371,11405371,0.0,1.0,tiingo_historical_seed,
2016-09-06,XLI,58.84,58.99,58.48,58.76,49.529088129,49.6553519498,49.2260549589,49.4617474245,11028371,11028371,0.0,1.0,tiingo_historical_seed,
2016-09-07,XLI,58.56,58.905,58.56,58.83,49.2933956634,49.5838024513,49.2933956634,49.5206705409,6686796,6686796,0.0,1.0,tiingo_historical_seed,
2016-09-08,XLI,58.73,58.81,58.6,58.78,49.4364946603,49.5038353648,49.3270660156,49.4785826006,8202826,8202826,0.0,1.0,tiingo_historical_seed,
2016-09-09,XLI,58.25,58.37,57.12,57.12,49.0324504336,49.1334614903,48.0812629831,48.0812629831,19609082,19609082,0.0,1.0,tiingo_historical_seed,
2016-09-12,XLI,56.81,58.03,56.709,57.85,47.8203177533,48.8472634963,47.735300114,48.6957469113,18644858,18644858,0.0,1.0,tiingo_historical_seed,
2016-09-13,XLI,57.41,57.61,56.88,57.0,48.3253730368,48.4937247979,47.8792408697,47.9802519264,21760619,21760619,0.0,1.0,tiingo_historical_seed,
2016-09-14,XLI,56.99,57.37,56.78,56.95,47.9718343384,48.2917026845,47.7950649892,47.9381639861,13591690,13591690,0.0,1.0,tiingo_historical_seed,
2016-09-15,XLI,56.84,57.51,56.75,57.4,47.8455705175,48.4095489173,47.769812225,48.3169554487,15587525,15587525,0.0,1.0,tiingo_historical_seed,
2016-09-16,XLI,56.83,57.05,56.5,56.61,48.1004059959,48.286612037,47.8210969341,47.9141999547,15706354,15706354,0.311531,1.0,tiingo_historical_seed,
2016-09-19,XLI,56.87,57.235,56.74,56.86,48.1342616397,48.4431943898,48.0242307972,48.1257977287,8811033,8811033,0.0,1.0,tiingo_historical_seed,
2016-09-20,XLI,57.16,57.33,56.9,56.91,48.3797150576,48.5236015439,48.1596533726,48.1681172835,8007515,8007515,0.0,1.0,tiingo_historical_seed,
2016-09-21,XLI,57.14,57.73,56.98,57.65,48.3627872357,48.8621579824,48.2273646603,48.7944466947,14979817,14979817,0.0,1.0,tiingo_historical_seed,
2016-09-22,XLI,58.03,58.255,57.95,58.06,49.1160753113,49.3065133079,49.0483640236,49.1414670442,9377155,9377155,0.0,1.0,tiingo_historical_seed,
2016-09-23,XLI,57.99,57.99,57.67,57.72,49.0822196674,49.0822196674,48.8113745166,48.8536940715,11269594,11269594,0.0,1.0,tiingo_historical_seed,
2016-09-26,XLI,57.5,57.69,57.34,57.47,48.6674880303,48.8283023386,48.5320654549,48.6420962974,9560417,9560417,0.0,1.0,tiingo_historical_seed,
2016-09-27,XLI,57.38,57.95,57.29,57.87,48.5659210988,49.0483640236,48.4897459001,48.9806527359,6882690,6882690,0.0,1.0,tiingo_historical_seed,
2016-09-28,XLI,57.92,58.35,57.81,58.32,49.0229722907,49.386920462,48.9298692701,49.3615287292,7366551,7366551,0.0,1.0,tiingo_historical_seed,
2016-09-29,XLI,58.19,58.52,57.75,57.86,49.2514978867,49.5308069484,48.8790858043,48.9721888249,11584232,11584232,0.0,1.0,tiingo_historical_seed,
2016-09-30,XLI,58.12,58.6,58.06,58.38,49.1922505099,49.5985182361,49.1414670442,49.4123121949,11206774,11206774,0.0,1.0,tiingo_historical_seed,
2016-10-03,XLI,58.2,58.4999,58.08,58.43,49.2599617976,49.5137944874,49.1583948661,49.4546317497,12590041,12590041,0.0,1.0,tiingo_historical_seed,
2016-10-04,XLI,58.59,58.62,57.84,57.94,49.5900543251,49.615446058,48.955261003,49.0399001126,11208615,11208615,0.0,1.0,tiingo_historical_seed,
2016-10-05,XLI,58.1,58.4293,57.97,58.31,49.175322688,49.454039276,49.0652918455,49.3530648182,8430857,8430857,0.0,1.0,tiingo_historical_seed,
2016-10-06,XLI,58.26,58.38,58.03,58.31,49.3107452634,49.4123121949,49.1160753113,49.3530648182,7474346,7474346,0.0,1.0,tiingo_historical_seed,
2016-10-07,XLI,57.92,57.94,57.31,57.56,49.0229722907,49.0399001126,48.506673722,48.7182714961,12646117,12646117,0.0,1.0,tiingo_historical_seed,
2016-10-10,XLI,57.84,58.0,57.545,57.62,48.955261003,49.0906835784,48.7055756296,48.7690549618,8706382,8706382,0.0,1.0,tiingo_historical_seed,
2016-10-11,XLI,57.5,57.55,56.77,57.02,48.6674880303,48.7098075851,48.0496225301,48.2612203041,13409076,13409076,0.0,1.0,tiingo_historical_seed,
2016-10-12,XLI,57.08,57.29,56.86,57.13,48.3120037699,48.4897459001,48.1257977287,48.3543233247,8374281,8374281,0.0,1.0,tiingo_historical_seed,
2016-10-13,XLI,56.64,57.25,56.51,57.11,47.9395916876,48.4558902562,47.8295608451,48.3373955028,12265969,12265969,0.0,1.0,tiingo_historical_seed,
2016-10-14,XLI,57.49,57.66,57.21,57.23,48.6590241193,48.8029106057,48.4220346124,48.4389624343,7633396,7633396,0.0,1.0,tiingo_historical_seed,
2016-10-17,XLI,57.23,57.38,57.05,57.08,48.4389624343,48.5659210988,48.286612037,48.3120037699,5911197,5911197,0.0,1.0,tiingo_historical_seed,
2016-10-18,XLI,57.45,57.6,57.1425,57.2,48.6251684755,48.7521271399,48.3649032134,48.4135707014,6044195,6044195,0.0,1.0,tiingo_historical_seed,
2016-10-19,XLI,57.35,57.55,57.1737,57.38,48.5405293659,48.7098075851,48.3913106156,48.5659210988,7374089,7374089,0.0,1.0,tiingo_historical_seed,
2016-10-20,XLI,57.15,57.32,56.96,57.07,48.3712511466,48.515137633,48.2104368384,48.3035398589,8215257,8215257,0.0,1.0,tiingo_historical_seed,
2016-10-21,XLI,56.61,57.03,56.4,56.99,47.9141999547,48.2696842151,47.7364578245,48.2358285712,9850732,9850732,0.0,1.0,tiingo_historical_seed,
2016-10-24,XLI,57.28,57.515,57.09,57.1,48.4812819891,48.6801838967,48.3204676809,48.3289315918,9737612,9737612,0.0,1.0,tiingo_historical_seed,
2016-10-25,XLI,56.87,57.125,56.81,56.95,48.1342616397,48.3500913692,48.0834781739,48.2019729274,8777485,8777485,0.0,1.0,tiingo_historical_seed,
2016-10-26,XLI,56.73,57.45,56.6,57.15,48.0157668862,48.6251684755,47.9057360437,48.3712511466,10043765,10043765,0.0,1.0,tiingo_historical_seed,
2016-10-27,XLI,57.3,57.37,56.61,56.76,48.4982098111,48.5574571878,47.9141999547,48.0411586191,8155419,8155419,0.0,1.0,tiingo_historical_seed,
2016-10-28,XLI,56.85,57.47,56.81,57.1,48.1173338178,48.6420962974,48.0834781739,48.3289315918,11514203,11514203,0.0,1.0,tiingo_historical_seed,
2016-10-31,XLI,57.32,57.43,57.17,57.21,48.515137633,48.6082406536,48.3881789686,48.4220346124,9590906,9590906,0.0,1.0,tiingo_historical_seed,
2016-11-01,XLI,57.26,57.33,56.38,56.72,48.4643541672,48.5236015439,47.7195300026,48.0073029753,19622479,19622479,0.0,1.0,tiingo_historical_seed,
2016-11-02,XLI,56.68,56.9269,56.37,56.51,47.9734473314,48.1824212931,47.7110660916,47.8295608451,14355944,14355944,0.0,1.0,tiingo_historical_seed,
2016-11-03,XLI,56.75,56.77,56.27,56.42,48.0326947082,48.0496225301,47.626426982,47.7533856464,13887407,13887407,0.0,1.0,tiingo_historical_seed,
2016-11-04,XLI,56.41,56.945,56.3,56.47,47.7449217355,48.1977409719,47.6518187149,47.7957052012,8438088,8438088,0.0,1.0,tiingo_historical_seed,
2016-11-07,XLI,57.35,57.88,57.31,57.86,48.5405293659,48.9891166468,48.506673722,48.9721888249,13794054,13794054,0.0,1.0,tiingo_historical_seed,
2016-11-08,XLI,57.89,58.39,57.755,58.21,48.9975805578,49.4207761059,48.8833177598,49.2684257086,12073896,12073896,0.0,1.0,tiingo_historical_seed,
2016-11-09,XLI,58.1,59.96,58.08,59.67,49.175322688,50.7496101269,49.1583948661,50.504156709,36607517,36607517,0.0,1.0,tiingo_historical_seed,
2016-11-10,XLI,60.3,61.035,60.13,60.94,51.0373830996,51.6594805553,50.8934966132,51.5790734011,41589626,41589626,0.0,1.0,tiingo_historical_seed,
2016-11-11,XLI,60.78,61.075,60.53,61.05,51.4436508258,51.6933361991,51.2320530517,51.6721764217,24055139,24055139,0.0,1.0,tiingo_historical_seed,
2016-11-14,XLI,61.5,61.54,61.2,61.31,52.053052415,52.0869080589,51.7991350862,51.8922381067,17076979,17076979,0.0,1.0,tiingo_historical_seed,
2016-11-15,XLI,61.45,61.54,60.97,61.54,52.0107328602,52.0869080589,51.604465134,52.0869080589,12828352,12828352,0.0,1.0,tiingo_historical_seed,
2016-11-16,XLI,61.4,61.48,60.98,61.19,51.9684133054,52.0361245931,51.612929045,51.7906711752,14472901,14472901,0.0,1.0,tiingo_historical_seed,
2016-11-17,XLI,61.14,61.35,61.1363,61.32,51.7483516204,51.9260937506,51.7452199733,51.9007020177,10382033,10382033,0.0,1.0,tiingo_historical_seed,
2016-11-18,XLI,61.38,61.38,61.11,61.3,51.9514854835,51.9514854835,51.7229598875,51.8837741958,9246448,9246448,0.0,1.0,tiingo_historical_seed,
2016-11-21,XLI,61.49,61.656,61.365,61.63,52.044588504,52.185089426,51.938789617,52.1630832575,11767769,11767769,0.0,1.0,tiingo_historical_seed,
2016-11-22,XLI,61.8,61.96,61.71,61.91,52.3069697439,52.4423923193,52.2307945452,52.4000727644,8901275,8901275,0.0,1.0,tiingo_historical_seed,
2016-11-23,XLI,62.05,62.44,61.99,62.37,52.5185675179,52.8486600454,52.4677840521,52.7894126687,15506832,15506832,0.0,1.0,tiingo_historical_seed,
2016-11-25,XLI,62.55,62.71,62.45,62.71,52.941763066,53.0771856414,52.8571239564,53.0771856414,4172535,4172535,0.0,1.0,tiingo_historical_seed,
2016-11-28,XLI,62.59,62.61,62.2142,62.28,52.9756187098,52.9925465318,52.6575449359,52.71323747,15898466,15898466,0.0,1.0,tiingo_historical_seed,
2016-11-29,XLI,62.24,62.53,62.06,62.33,52.6793818262,52.9248352441,52.5270314289,52.7555570248,12692040,12692040,0.0,1.0,tiingo_historical_seed,
2016-11-30,XLI,62.68,62.85,62.39,62.41,53.0517939085,53.1956803949,52.8063404906,52.8232683125,14903523,14903523,0.0,1.0,tiingo_historical_seed,
2016-12-01,XLI,62.53,63.005,62.41,62.82,52.9248352441,53.3268710148,52.8232683125,53.170288662,24438367,24438367,0.0,1.0,tiingo_historical_seed,
2016-12-02,XLI,62.92,63.025,62.67,62.81,53.2549277716,53.3437988367,53.0433299975,53.161824751,11902466,11902466,0.0,1.0,tiingo_historical_seed,
2016-12-05,XLI,63.08,63.19,62.63,62.76,53.390350347,53.4834533676,53.0094743537,53.1195051962,9448801,9448801,0.0,1.0,tiingo_historical_seed,
2016-12-06,XLI,62.72,62.95,62.51,62.88,53.0856495523,53.2803195045,52.9079074221,53.2210721277,10543579,10543579,0.0,1.0,tiingo_historical_seed,
2016-12-07,XLI,62.9,64.07,62.86,64.05,53.2379999497,54.2282775322,53.2041443058,54.2113497103,10416830,10416830,0.0,1.0,tiingo_historical_seed,
2016-12-08,XLI,64.05,64.05,63.56,63.69,54.2113497103,54.2113497103,53.7966180731,53.9066489156,10688158,10688158,0.0,1.0,tiingo_historical_seed,
2016-12-09,XLI,63.69,64.04,63.6636,63.98,53.9066489156,54.2028857993,53.8843041907,54.1521023335,7939580,7939580,0.0,1.0,tiingo_historical_seed,
2016-12-12,XLI,63.75,63.87,63.32,63.75,53.9574323814,54.058999313,53.5934842101,53.9574323814,9519567,9519567,0.0,1.0,tiingo_historical_seed,
2016-12-13,XLI,63.93,64.01,63.45,63.66,54.1097827787,54.1774940664,53.7035150526,53.8812571828,8280852,8280852,0.0,1.0,tiingo_historical_seed,
2016-12-14,XLI,63.5,63.81,62.95,63.02,53.7458346074,54.0082158472,53.2803195045,53.3395668812,19782911,19782911,0.0,1.0,tiingo_historical_seed,
2016-12-15,XLI,62.95,63.54,62.92,63.09,53.2803195045,53.7796902512,53.2549277716,53.3988142579,12262075,12262075,0.0,1.0,tiingo_historical_seed,
2016-12-16,XLI,62.58,63.0299,62.47,62.58,53.2923585714,53.6754878798,53.1986839239,53.2923585714,9523742,9523742,0.384224,1.0,tiingo_historical_seed,
2016-12-19,XLI,62.73,62.97,62.61,62.93,53.4200967272,53.6244777763,53.3179062026,53.5904142681,5982939,5982939,0.0,1.0,tiingo_historical_seed,
2016-12-20,XLI,63.04,63.32,63.04,63.29,53.6840889157,53.922533473,53.6840889157,53.8969858419,5011417,5011417,0.0,1.0,tiingo_historical_seed,
2016-12-21,XLI,63.25,63.28,63.03,63.05,53.8629223337,53.8884699648,53.6755730386,53.6926047927,4648984,4648984,0.0,1.0,tiingo_historical_seed,
2016-12-22,XLI,63.01,63.08,62.78,62.93,53.6585412845,53.7181524239,53.4626761124,53.5904142681,4642675,4642675,0.0,1.0,tiingo_historical_seed,
2016-12-23,XLI,62.92,63.06,62.87,62.99,53.5818983911,53.7011206698,53.5393190058,53.6415095304,5101030,5101030,0.0,1.0,tiingo_historical_seed,
2016-12-27,XLI,63.1,63.23,62.99,63.12,53.735184178,53.8458905796,53.6415095304,53.7522159321,3499380,3499380,0.0,1.0,tiingo_historical_seed,
2016-12-28,XLI,63.2,63.24,62.45,62.46,53.8203429484,53.8544064566,53.1816521698,53.1901680468,8982414,8982414,0.0,1.0,tiingo_historical_seed,
2016-12-29,XLI,62.5,62.75,62.33,62.44,53.224231555,53.4371284812,53.0794616452,53.1731362927,7757161,7757161,0.0,1.0,tiingo_historical_seed,
2016-12-30,XLI,62.6,62.75,62.02,62.22,53.3093903255,53.4371284812,52.8154694567,52.9857869977,6932299,6932299,0.0,1.0,tiingo_historical_seed,
2017-01-03,XLI,62.68,63.06,62.35,62.59,53.3775173419,53.7011206698,53.0964933993,53.3008744485,21592200,21592200,0.0,1.0,tiingo_historical_seed,
2017-01-04,XLI,62.76,63.08,62.68,62.96,53.4456443583,53.7181524239,53.3775173419,53.6159618993,8889078,8889078,0.0,1.0,tiingo_historical_seed,
2017-01-05,XLI,62.91,63.27,62.44,62.78,53.573382514,53.8799540878,53.1731362927,53.4626761124,9850871,9850871,0.0,1.0,tiingo_historical_seed,
2017-01-06,XLI,62.79,63.31,62.58,63.14,53.4711919894,53.914017596,53.2923585714,53.7692476862,12124458,12124458,0.0,1.0,tiingo_historical_seed,
2017-01-09,XLI,63.07,63.07,62.62,62.65,53.7096365468,53.7096365468,53.3264220796,53.3519697108,5970451,5970451,0.0,1.0,tiingo_historical_seed,
2017-01-10,XLI,62.76,63.15,62.63,62.91,53.4456443583,53.7777635632,53.3349379567,53.573382514,8237838,8237838,0.0,1.0,tiingo_historical_seed,
2017-01-11,XLI,62.95,63.3,62.88,63.24,53.6074460222,53.9055017189,53.5478348829,53.8544064566,11113720,11113720,0.0,1.0,tiingo_historical_seed,
2017-01-12,XLI,63.18,63.24,62.37,62.98,53.8033111943,53.8544064566,53.1135251534,53.6329936534,11844617,11844617,0.0,1.0,tiingo_historical_seed,
2017-01-13,XLI,63.02,63.28,63.0,63.22,53.6670571616,53.8884699648,53.6500254075,53.8373747025,7130190,7130190,0.0,1.0,tiingo_historical_seed,
2017-01-17,XLI,62.88,62.985,62.55,62.73,53.5478348829,53.6372515919,53.2668109403,53.4200967272,10689396,10689396,0.0,1.0,tiingo_historical_seed,
2017-01-18,XLI,62.64,63.09,62.51,62.97,53.3434538337,53.7266683009,53.2327474321,53.6244777763,8098636,8098636,0.0,1.0,tiingo_historical_seed,
2017-01-19,XLI,63.64,63.75,63.055,63.43,54.1950415386,54.2887161861,53.6968627312,54.0162081206,8833174,8833174,0.0,1.0,tiingo_historical_seed,
2017-01-20,XLI,63.41,63.51,63.08,63.44,53.9991763665,54.084335137,53.7181524239,54.0247239976,11620318,11620318,0.0,1.0,tiingo_historical_seed,
2017-01-23,XLI,63.37,63.5,62.74,63.09,53.9651128583,54.0758192599,53.4286126042,53.7266683009,14303720,14303720,0.0,1.0,tiingo_historical_seed,
2017-01-24,XLI,63.1,63.87,63.02,63.72,53.735184178,54.3909067107,53.6670571616,54.263168555,9199687,9199687,0.0,1.0,tiingo_historical_seed,
2017-01-25,XLI,64.15,64.47,64.03,64.39,54.6293512681,54.9018593336,54.5271607435,54.8337323173,12955643,12955643,0.0,1.0,tiingo_historical_seed,
2017-01-26,XLI,64.46,64.845,64.265,64.54,54.8933434566,55.221204723,54.7272838541,54.961470473,10141825,10141825,0.0,1.0,tiingo_historical_seed,
2017-01-27,XLI,64.62,64.77,64.38,64.49,55.0295974894,55.1573356451,54.8252164402,54.9188910877,8697845,8697845,0.0,1.0,tiingo_historical_seed,
2017-01-30,XLI,64.17,64.24,63.44,63.94,54.6463830222,54.7059941615,54.0247239976,54.4505178501,13354478,13354478,0.0,1.0,tiingo_historical_seed,
2017-01-31,XLI,63.72,63.72,63.06,63.38,54.263168555,54.263168555,53.7011206698,53.9736287353,19335161,19335161,0.0,1.0,tiingo_historical_seed,
2017-02-01,XLI,63.48,63.71,62.95,63.27,54.0587875058,54.2546526779,53.6074460222,53.8799540878,15358829,15358829,0.0,1.0,tiingo_historical_seed,
2017-02-02,XLI,63.17,63.335,62.89,63.15,53.7947953173,53.9353072886,53.5563507599,53.7777635632,9568357,9568357,0.0,1.0,tiingo_historical_seed,
2017-02-03,XLI,63.3,63.7,63.24,63.62,53.9055017189,54.2461368009,53.8544064566,54.1780097845,9874215,9874215,0.0,1.0,tiingo_historical_seed,
2017-02-06,XLI,63.58,63.8675,63.49,63.71,54.1439462763,54.3887777415,54.0673033829,54.2546526779,7109341,7109341,0.0,1.0,tiingo_historical_seed,
2017-02-07,XLI,63.93,64.16,63.72,63.82,54.442001973,54.6378671451,54.263168555,54.3483273255,13347366,13347366,0.0,1.0,tiingo_historical_seed,
2017-02-08,XLI,63.77,63.79,63.52,63.73,54.3057479402,54.3227796943,54.092851014,54.271684432,7808374,7808374,0.0,1.0,tiingo_historical_seed,
2017-02-09,XLI,63.89,64.38,63.79,64.22,54.4079384648,54.8252164402,54.3227796943,54.6889624074,8176718,8176718,0.0,1.0,tiingo_historical_seed,
2017-02-10,XLI,64.52,64.79,64.37,64.73,54.9444387189,55.1743673992,54.8167005632,55.1232721369,7445764,7445764,0.0,1.0,tiingo_historical_seed,
2017-02-13,XLI,64.99,65.5,64.97,65.38,55.3446849402,55.7789946697,55.3276531861,55.6768041451,17349579,17349579,0.0,1.0,tiingo_historical_seed,
2017-02-14,XLI,65.29,65.41,65.05,65.41,55.6001612516,55.7023517762,55.3957802025,55.7023517762,8578572,8578572,0.0,1.0,tiingo_historical_seed,
2017-02-15,XLI,65.43,65.83,65.29,65.76,55.7193835303,56.0600186123,55.6001612516,56.0004074729,7845404,7845404,0.0,1.0,tiingo_historical_seed,
2017-02-16,XLI,65.76,65.79,65.34,65.78,56.0004074729,56.0259551041,55.6427406369,56.017439227,10062432,10062432,0.0,1.0,tiingo_historical_seed,
2017-02-17,XLI,65.61,65.89,65.41,65.89,55.8726693172,56.1111138746,55.7023517762,56.1111138746,5194723,5194723,0.0,1.0,tiingo_historical_seed,
2017-02-21,XLI,65.99,66.28,65.9,66.22,56.1962726451,56.4432330795,56.1196297516,56.3921378172,9573858,9573858,0.0,1.0,tiingo_historical_seed,
2017-02-22,XLI,66.03,66.14,65.845,66.04,56.2303361533,56.3240108008,56.0727924279,56.2388520303,10614742,10614742,0.0,1.0,tiingo_historical_seed,
2017-02-23,XLI,66.15,66.22,65.39,65.61,56.3325266778,56.3921378172,55.6853200221,55.8726693172,16800135,16800135,0.0,1.0,tiingo_historical_seed,
2017-02-24,XLI,65.26,65.9,65.17,65.89,55.5746136205,56.1196297516,55.4979707271,56.1111138746,12662650,12662650,0.0,1.0,tiingo_historical_seed,
2017-02-27,XLI,65.95,66.1846,65.73,66.13,56.1622091369,56.3619916124,55.9748598418,56.3154949237,10705234,10705234,0.0,1.0,tiingo_historical_seed,
2017-02-28,XLI,66.16,66.26,65.74,65.86,56.3410425549,56.4262013254,55.9833757188,56.0855662434,9629518,9629518,0.0,1.0,tiingo_historical_seed,
2017-03-01,XLI,66.43,67.19,66.42,66.97,56.5709712352,57.2181778909,56.5624553582,57.0308285958,16452551,16452551,0.0,1.0,tiingo_historical_seed,
2017-03-02,XLI,66.87,67.05,66.23,66.25,56.9456698254,57.0989556122,56.4006536942,56.4176854483,8453854,8453854,0.0,1.0,tiingo_historical_seed,
2017-03-03,XLI,66.26,66.43,66.01,66.32,56.4262013254,56.5709712352,56.2133043992,56.4772965877,5862845,5862845,0.0,1.0,tiingo_historical_seed,
2017-03-06,XLI,66.0,66.24,65.89,66.16,56.2047885221,56.4091695713,56.1111138746,56.3410425549,7164681,7164681,0.0,1.0,tiingo_historical_seed,
2017-03-07,XLI,66.14,66.24,65.8838,65.97,56.3240108008,56.4091695713,56.1058340308,56.179240891,8790796,8790796,0.0,1.0,tiingo_historical_seed,
2017-03-08,XLI,66.06,66.1,65.63,65.74,56.2558837844,56.2899472926,55.8897010713,55.9833757188,10728959,10728959,0.0,1.0,tiingo_historical_seed,
2017-03-09,XLI,65.7,65.86,65.16,65.44,55.9493122106,56.0855662434,55.48945485,55.7278994074,9976098,9976098,0.0,1.0,tiingo_historical_seed,
2017-03-10,XLI,65.79,65.84,65.3201,65.84,56.0259551041,56.0685344893,55.6257940416,56.0685344893,9780496,9780496,0.0,1.0,tiingo_historical_seed,
2017-03-13,XLI,65.77,65.93,65.61,65.8,56.00892335,56.1451773828,55.8726693172,56.0344709811,11620274,11620274,0.0,1.0,tiingo_historical_seed,
2017-03-14,XLI,65.58,65.66,65.05,65.18,55.8471216861,55.9152487025,55.3957802025,55.5064866041,10810671,10810671,0.0,1.0,tiingo_historical_seed,
2017-03-15,XLI,65.33,66.135,65.25,65.92,55.6342247598,56.3197528623,55.5660977435,56.1366615057,14737224,14737224,0.0,1.0,tiingo_historical_seed,
2017-03-16,XLI,66.03,66.15,65.57,65.62,56.2303361533,56.3325266778,55.838605809,55.8811851943,14152405,14152405,0.0,1.0,tiingo_historical_seed,
2017-03-17,XLI,65.52,65.85,65.39,65.68,56.0480761382,56.330369562,55.9368696379,56.184945677,10880067,10880067,0.296699,1.0,tiingo_historical_seed,
2017-03-20,XLI,65.74,65.82,65.49,65.56,56.236271754,56.3047065234,56.0224130997,56.0822935229,5752608,5752608,0.0,1.0,tiingo_historical_seed,
2017-03-21,XLI,65.74,65.79,64.47,64.56,56.236271754,56.2790434849,55.1498697898,55.2268589054,12661009,12661009,0.0,1.0,tiingo_historical_seed,
2017-03-22,XLI,64.58,64.92,64.33,64.79,55.2439675978,55.5348153677,55.0301089434,55.4236088674,12266304,12266304,0.0,1.0,tiingo_historical_seed,
2017-03-23,XLI,64.86,65.13,64.57,64.7,55.4834892907,55.7144566374,55.2354132516,55.3466197519,10682508,10682508,0.0,1.0,tiingo_historical_seed,
2017-03-24,XLI,64.68,64.95,64.25,64.53,55.3295110595,55.5604784062,54.961674174,55.2011958669,9924626,9924626,0.0,1.0,tiingo_historical_seed,
2017-03-27,XLI,63.91,64.42,63.5501,64.3,54.670826404,55.107098059,54.3629554852,55.0044459049,11711951,11711951,0.0,1.0,tiingo_historical_seed,
2017-03-28,XLI,64.1,65.195,64.1,64.98,54.8333589814,55.7700598875,54.8333589814,55.5861414448,8972986,8972986,0.0,1.0,tiingo_historical_seed,
2017-03-29,XLI,64.91,65.03,64.74,64.97,55.5262610215,55.6289131756,55.3808371366,55.5775870986,8300971,8300971,0.0,1.0,tiingo_historical_seed,
2017-03-30,XLI,64.94,65.41,64.9,65.33,55.5519240601,55.9539783303,55.5177066754,55.8855435609,12838010,12838010,0.0,1.0,tiingo_historical_seed,
2017-03-31,XLI,65.16,65.38,65.06,65.06,55.7401196759,55.9283152918,55.6545762142,55.6545762142,7736081,7736081,0.0,1.0,tiingo_historical_seed,
2017-04-03,XLI,65.09,65.295,64.51,64.92,55.6802392527,55.8556033493,55.1840871745,55.5348153677,10474812,10474812,0.0,1.0,tiingo_historical_seed,
2017-04-04,XLI,64.91,65.09,64.7726,65.09,55.5262610215,55.6802392527,55.4087243051,55.6802392527,9239723,9239723,0.0,1.0,tiingo_historical_seed,
2017-04-05,XLI,65.32,65.875,64.79,64.88,55.8769892147,56.3517554274,55.4236088674,55.500597983,11422628,11422628,0.0,1.0,tiingo_historical_seed,
2017-04-06,XLI,64.92,65.36,64.8025,65.06,55.5348153677,55.9112065994,55.4343018001,55.6545762142,7633721,7633721,0.0,1.0,tiingo_historical_seed,
2017-04-07,XLI,65.09,65.4,65.0,65.13,55.6802392527,55.9454239841,55.6032501371,55.7144566374,7522655,7522655,0.0,1.0,tiingo_historical_seed,
2017-04-10,XLI,65.17,65.67,65.15,65.29,55.7486740221,56.1763913308,55.7315653297,55.8513261762,6330948,6330948,0.0,1.0,tiingo_historical_seed,
2017-04-11,XLI,65.18,65.4,64.77,65.38,55.7572283683,55.9454239841,55.4065001751,55.9283152918,10172904,10172904,0.0,1.0,tiingo_historical_seed,
2017-04-12,XLI,65.32,65.4399,64.44,64.48,55.8769892147,55.9795558253,55.1242067513,55.158424136,11281502,11281502,0.0,1.0,tiingo_historical_seed,
2017-04-13,XLI,64.43,64.635,64.02,64.02,55.1156524051,55.2910165017,54.764924212,54.764924212,10118274,10118274,0.0,1.0,tiingo_historical_seed,
2017-04-17,XLI,64.22,64.745,64.14,64.72,54.9360111355,55.3851143096,54.8675763661,55.3637284442,8852403,8852403,0.0,1.0,tiingo_historical_seed,
2017-04-18,XLI,64.4,64.769,64.24,64.51,55.0899893666,55.4056447405,54.9531198278,55.1840871745,7502841,7502841,0.0,1.0,tiingo_historical_seed,
2017-04-19,XLI,64.74,64.97,64.45,64.57,55.3808371366,55.5775870986,55.1327610975,55.2354132516,9455266,9455266,0.0,1.0,tiingo_historical_seed,
2017-04-20,XLI,64.91,65.57,64.88,65.35,55.5262610215,56.0908478691,55.500597983,55.9026522532,9492503,9492503,0.0,1.0,tiingo_historical_seed,
2017-04-21,XLI,65.37,65.615,65.22,65.41,55.9197609456,56.1293424269,55.791445753,55.9539783303,10211435,10211435,0.0,1.0,tiingo_historical_seed,
2017-04-24,XLI,66.31,66.425,66.1,66.34,56.723869486,56.822244467,56.5442282163,56.7495325245,10498252,10498252,0.0,1.0,tiingo_historical_seed,
2017-04-25,XLI,66.62,66.84,66.44,66.66,56.9890542174,57.1772498333,56.8350759863,57.0232716021,12385030,12385030,0.0,1.0,tiingo_historical_seed,
2017-04-26,XLI,66.77,67.0357,66.61,66.67,57.1173694101,57.3446583879,56.9804998713,57.0318259483,12033107,12033107,0.0,1.0,tiingo_historical_seed,
2017-04-27,XLI,66.62,66.87,66.385,66.65,56.9890542174,57.2029128718,56.7880270823,57.014717256,8111444,8111444,0.0,1.0,tiingo_historical_seed,
2017-04-28,XLI,66.75,66.89,66.26,66.34,57.1002607177,57.2200215642,56.6810977551,56.7495325245,10386329,10386329,0.0,1.0,tiingo_historical_seed,
2017-05-01,XLI,66.48,66.48,65.99,66.14,56.869293371,56.869293371,56.4501304084,56.578445601,11234074,11234074,0.0,1.0,tiingo_historical_seed,
2017-05-02,XLI,66.32,66.5,66.18,66.46,56.7324238322,56.8864020633,56.6126629857,56.8521846786,9450916,9450916,0.0,1.0,tiingo_historical_seed,
2017-05-03,XLI,66.27,66.61,66.14,66.51,56.6896521013,56.9804998713,56.578445601,56.8949564095,8728778,8728778,0.0,1.0,tiingo_historical_seed,
2017-05-04,XLI,66.69,66.755,66.2,66.58,57.0489346407,57.1045378908,56.6297716781,56.9548368327,8143571,8143571,0.0,1.0,tiingo_historical_seed,
2017-05-05,XLI,66.67,66.94,66.53,66.92,57.0318259483,57.262793295,56.9120651019,57.2456846027,7110794,7110794,0.0,1.0,tiingo_historical_seed,
2017-05-08,XLI,66.9,66.97,66.64,66.74,57.2285759103,57.2884563336,57.0061629098,57.0917063715,6078185,6078185,0.0,1.0,tiingo_historical_seed,
2017-05-09,XLI,66.79,67.0,66.75,66.83,57.1344781024,57.3141193721,57.1002607177,57.1686954871,5968980,5968980,0.0,1.0,tiingo_historical_seed,
2017-05-10,XLI,66.87,66.87,66.41,66.69,57.2029128718,57.2029128718,56.8094129478,57.0489346407,7471407,7471407,0.0,1.0,tiingo_historical_seed,
2017-05-11,XLI,66.48,66.76,66.08,66.67,56.869293371,57.1088150639,56.527119524,57.0318259483,8400034,8400034,0.0,1.0,tiingo_historical_seed,
2017-05-12,XLI,66.5,66.5,66.14,66.3,56.8864020633,56.8864020633,56.578445601,56.7153151398,7186375,7186375,0.0,1.0,tiingo_historical_seed,
2017-05-15,XLI,66.3,66.66,66.3,66.61,56.7153151398,57.0232716021,56.7153151398,56.9804998713,8413529,8413529,0.0,1.0,tiingo_historical_seed,
2017-05-16,XLI,66.69,66.75,66.28,66.54,57.0489346407,57.1002607177,56.6982064475,56.920619448,5848784,5848784,0.0,1.0,tiingo_historical_seed,
2017-05-17,XLI,65.91,66.01,65.19,65.21,56.381695639,56.4672391008,55.7657827144,55.7828914068,15221012,15221012,0.0,1.0,tiingo_historical_seed,
2017-05-18,XLI,65.01,65.69,64.65,65.3,55.6118044833,56.1935000232,55.303848021,55.8598805224,15260085,15260085,0.0,1.0,tiingo_historical_seed,
2017-05-19,XLI,65.51,66.455,65.51,66.16,56.039521792,56.8479075056,56.039521792,56.5955542934,10322281,10322281,0.0,1.0,tiingo_historical_seed,
2017-05-22,XLI,66.66,66.76,66.47,66.67,57.0232716021,57.1088150639,56.8607390248,57.0318259483,6505592,6505592,0.0,1.0,tiingo_historical_seed,
2017-05-23,XLI,66.78,66.87,66.5,66.81,57.1259237562,57.2029128718,56.8864020633,57.1515867948,7856044,7856044,0.0,1.0,tiingo_historical_seed,
2017-05-24,XLI,66.89,67.13,66.67,66.89,57.2200215642,57.4253258724,57.0318259483,57.2200215642,7889458,7889458,0.0,1.0,tiingo_historical_seed,
2017-05-25,XLI,67.04,67.415,66.99,67.33,57.3483367568,57.6691247384,57.3055650259,57.5964127959,6840816,6840816,0.0,1.0,tiingo_historical_seed,
2017-05-26,XLI,67.24,67.5,67.215,67.41,57.5194236803,57.7418366808,57.4980378149,57.6648475653,5991008,5991008,0.0,1.0,tiingo_historical_seed,
2017-05-30,XLI,67.22,67.48,67.125,67.39,57.5023149879,57.7247279885,57.4210486993,57.6477388729,6092540,6092540,0.0,1.0,tiingo_historical_seed,
2017-05-31,XLI,67.47,67.535,67.06,67.52,57.7161736423,57.7717768925,57.3654454491,57.7589453732,10518804,10518804,0.0,1.0,tiingo_historical_seed,
2017-06-01,XLI,67.7,68.12,67.48,67.94,57.9129236043,58.2722061437,57.7247279885,58.1182279125,16117870,16117870,0.0,1.0,tiingo_historical_seed,
2017-06-02,XLI,68.06,68.58,68.05,68.21,58.2208800666,58.6657060677,58.2123257205,58.3491952593,17769606,17769606,0.0,1.0,tiingo_historical_seed,
2017-06-05,XLI,68.13,68.32,67.94,67.97,58.2807604899,58.4432930672,58.1182279125,58.1438909511,16550717,16550717,0.0,1.0,tiingo_historical_seed,
2017-06-06,XLI,67.72,67.85,67.51,67.51,57.9300322967,58.041238797,57.750391027,57.750391027,15201411,15201411,0.0,1.0,tiingo_historical_seed,
2017-06-07,XLI,67.65,67.65,67.1299,67.43,57.8701518735,57.8701518735,57.4252403289,57.6819562576,8342447,8342447,0.0,1.0,tiingo_historical_seed,
2017-06-08,XLI,67.39,67.8,67.34,67.65,57.6477388729,57.9984670661,57.604967142,57.8701518735,7040075,7040075,0.0,1.0,tiingo_historical_seed,
2017-06-09,XLI,67.72,68.01,67.555,67.91,57.9300322967,58.1781083358,57.7888855848,58.092564874,10433658,10433658,0.0,1.0,tiingo_historical_seed,
2017-06-12,XLI,68.07,68.245,67.71,68.16,58.2294344128,58.3791354709,57.9214779505,58.3064235284,13889236,13889236,0.0,1.0,tiingo_historical_seed,
2017-06-13,XLI,68.26,68.465,68.16,68.44,58.3919669901,58.5673310867,58.3064235284,58.5459452213,6723498,6723498,0.0,1.0,tiingo_historical_seed,
2017-06-14,XLI,68.6,68.6,68.14,68.37,58.6828147601,58.6828147601,58.289314836,58.4860647981,8892557,8892557,0.0,1.0,tiingo_historical_seed,
2017-06-15,XLI,67.97,68.78,67.95,68.78,58.1438909511,58.8367929912,58.1267822587,58.8367929912,20188089,20188089,0.0,1.0,tiingo_historical_seed,
2017-06-16,XLI,68.59,68.725,68.43,68.68,58.9507103258,59.0667381126,58.8131959119,59.0280621837,12871568,12871568,0.323593,1.0,tiingo_historical_seed,
2017-06-19,XLI,69.02,69.185,68.815,69.1,59.3202803133,59.4620920527,59.1440899704,59.3890375203,6867011,6867011,0.0,1.0,tiingo_historical_seed,
2017-06-20,XLI,68.95,69.01,68.35,68.36,59.2601177572,59.3116856624,58.7444387049,58.7530333558,7242771,7242771,0.0,1.0,tiingo_historical_seed,
2017-06-21,XLI,68.46,68.49,67.82,67.9,58.8389798645,58.8647638171,58.2889222087,58.3576794157,7530233,7530233,0.0,1.0,tiingo_historical_seed,
2017-06-22,XLI,67.89,67.99,67.76,67.76,58.3490847648,58.4350312735,58.2373543035,58.2373543035,6921726,6921726,0.0,1.0,tiingo_historical_seed,
2017-06-23,XLI,67.82,68.16,67.67,68.01,58.2889222087,58.5811403384,58.1600024457,58.4522205753,6979349,6979349,0.0,1.0,tiingo_historical_seed,
2017-06-26,XLI,68.21,68.52,67.98,68.03,58.6241135927,58.8905477697,58.4264366227,58.469409877,7161714,7161714,0.0,1.0,tiingo_historical_seed,
2017-06-27,XLI,67.95,68.02,67.5,67.52,58.4006526701,58.4608152262,58.0138933809,58.0310826826,7417217,7417217,0.0,1.0,tiingo_historical_seed,
2017-06-28,XLI,67.84,68.29,67.82,68.13,58.3061115105,58.6928707997,58.2889222087,58.5553563857,7314279,7314279,0.0,1.0,tiingo_historical_seed,
2017-06-29,XLI,68.2,68.255,67.17,67.55,58.6155189418,58.6627895216,57.7302699021,58.0568666352,9543636,9543636,0.0,1.0,tiingo_historical_seed,
2017-06-30,XLI,67.81,68.44,67.81,68.11,58.2803275579,58.8217905628,58.2803275579,58.538167084,6748432,6748432,0.0,1.0,tiingo_historical_seed,
2017-07-03,XLI,68.42,68.77,68.32,68.53,58.804601261,59.1054140415,58.7186547523,58.8991424206,5553136,5553136,0.0,1.0,tiingo_historical_seed,
2017-07-05,XLI,68.71,68.82,68.42,68.73,59.0538461363,59.1483872959,58.804601261,59.071035438,7235950,7235950,0.0,1.0,tiingo_historical_seed,
2017-07-06,XLI,68.56,68.65,68.05,68.13,58.9249263732,59.002278231,58.4865991788,58.5553563857,5599858,5599858,0.0,1.0,tiingo_historical_seed,
2017-07-07,XLI,68.3,68.87,68.24,68.66,58.7014654506,59.1913605502,58.6498975453,59.0108728819,4166680,4166680,0.0,1.0,tiingo_historical_seed,
2017-07-10,XLI,68.61,69.18,68.53,68.86,58.9678996276,59.4577947272,58.8991424206,59.1827658993,7919515,7919515,0.0,1.0,tiingo_historical_seed,
2017-07-11,XLI,68.86,68.91,68.315,68.8,59.1827658993,59.2257391537,58.7143574269,59.1311979941,7683534,7683534,0.0,1.0,tiingo_historical_seed,
2017-07-12,XLI,69.19,69.495,69.1,69.18,59.4663893781,59.7285262297,59.3890375203,59.4577947272,5821774,5821774,0.0,1.0,tiingo_historical_seed,
2017-07-13,XLI,69.25,69.4,68.97,69.13,59.5179572833,59.6468770464,59.2773070589,59.4148214729,3938756,3938756,0.0,1.0,tiingo_historical_seed,
2017-07-14,XLI,69.24,69.575,69.11,69.43,59.5093626324,59.7972834366,59.3976321711,59.672660999,5519169,5519169,0.0,1.0,tiingo_historical_seed,
2017-07-17,XLI,69.38,69.5,69.19,69.39,59.6296877446,59.7328235551,59.4663893781,59.6382823955,5113416,5113416,0.0,1.0,tiingo_historical_seed,
2017-07-18,XLI,69.28,69.37,69.025,69.23,59.5437412359,59.6210930938,59.3245776387,59.5007679816,6891118,6891118,0.0,1.0,tiingo_historical_seed,
2017-07-19,XLI,69.11,69.3,69.0008,69.3,59.3976321711,59.5609305377,59.3037785836,59.5609305377,8864581,8864581,0.0,1.0,tiingo_historical_seed,
2017-07-20,XLI,69.36,69.4,68.82,68.91,59.6124984429,59.6468770464,59.1483872959,59.2257391537,7428029,7428029,0.0,1.0,tiingo_historical_seed,
2017-07-21,XLI,68.57,68.81,68.34,68.78,58.9335210241,59.139792645,58.735844054,59.1140086924,7643811,7643811,0.0,1.0,tiingo_historical_seed,
2017-07-24,XLI,68.71,68.81,68.53,68.63,59.0538461363,59.139792645,58.8991424206,58.9850889293,7551671,7551671,0.0,1.0,tiingo_historical_seed,
2017-07-25,XLI,68.98,68.98,68.34,68.54,59.2859017098,59.2859017098,58.735844054,58.9077370715,9077140,9077140,0.0,1.0,tiingo_historical_seed,
2017-07-26,XLI,68.74,68.74,68.47,68.63,59.0796300889,59.0796300889,58.8475745154,58.9850889293,6803993,6803993,0.0,1.0,tiingo_historical_seed,
2017-07-27,XLI,68.56,68.56,67.91,68.24,58.9249263732,58.9249263732,58.3662740666,58.6498975453,9900940,9900940,0.0,1.0,tiingo_historical_seed,
2017-07-28,XLI,68.17,68.45,68.02,68.4,58.5897349892,58.8303852136,58.4608152262,58.7874119593,11435656,11435656,0.0,1.0,tiingo_historical_seed,
2017-07-31,XLI,68.72,68.75,68.29,68.31,59.0624407871,59.0882247398,58.6928707997,58.7100601014,6787348,6787348,0.0,1.0,tiingo_historical_seed,
2017-08-01,XLI,68.37,68.49,67.905,68.11,58.7616280067,58.8647638171,58.3619767411,58.538167084,16893671,16893671,0.0,1.0,tiingo_historical_seed,
2017-08-02,XLI,68.11,68.43,68.0,68.41,58.538167084,58.8131959119,58.4436259244,58.7960066101,17642855,17642855,0.0,1.0,tiingo_historical_seed,
2017-08-03,XLI,68.28,68.75,68.28,68.75,58.6842761488,59.0882247398,58.6842761488,59.0882247398,13298575,13298575,0.0,1.0,tiingo_historical_seed,
2017-08-04,XLI,68.72,68.91,68.6,68.88,59.0624407871,59.2257391537,58.9593049767,59.1999552011,12746046,12746046,0.0,1.0,tiingo_historical_seed,
2017-08-07,XLI,68.83,68.966,68.72,68.88,59.1569819467,59.2738691986,59.0624407871,59.1999552011,7753092,7753092,0.0,1.0,tiingo_historical_seed,
2017-08-08,XLI,68.78,69.07,68.57,68.67,59.1140086924,59.3632535676,58.9335210241,59.0194675328,9136464,9136464,0.0,1.0,tiingo_historical_seed,
2017-08-09,XLI,68.53,68.78,68.5,68.69,58.8991424206,59.1140086924,58.873358468,59.0366568345,8087893,8087893,0.0,1.0,tiingo_historical_seed,
2017-08-10,XLI,68.38,68.56,67.78,67.82,58.7702226575,58.9249263732,58.2545436052,58.2889222087,10779707,10779707,0.0,1.0,tiingo_historical_seed,
2017-08-11,XLI,67.85,68.18,67.78,67.86,58.3147061613,58.5983296401,58.2545436052,58.3233008122,10501194,10501194,0.0,1.0,tiingo_historical_seed,
2017-08-14,XLI,68.31,68.65,68.24,68.57,58.7100601014,59.002278231,58.6498975453,58.9335210241,6680893,6680893,0.0,1.0,tiingo_historical_seed,
2017-08-15,XLI,68.53,68.62,68.31,68.42,58.8991424206,58.9764942784,58.7100601014,58.804601261,5055014,5055014,0.0,1.0,tiingo_historical_seed,
2017-08-16,XLI,68.42,68.765,68.42,68.61,58.804601261,59.1011167161,58.804601261,58.9678996276,7725838,7725838,0.0,1.0,tiingo_historical_seed,
2017-08-17,XLI,68.24,68.43,67.38,67.42,58.6498975453,58.8131959119,57.9107575704,57.9451361739,10766247,10766247,0.0,1.0,tiingo_historical_seed,
2017-08-18,XLI,67.08,67.61,67.0,67.15,57.6529180443,58.1084345404,57.5841608373,57.7130806004,14111122,14111122,0.0,1.0,tiingo_historical_seed,
2017-08-21,XLI,67.22,67.31,66.95,67.26,57.7732431565,57.8505950143,57.5411875829,57.8076217599,7447294,7447294,0.0,1.0,tiingo_historical_seed,
2017-08-22,XLI,67.44,68.09,67.44,68.03,57.9623254756,58.5209777823,57.9623254756,58.469409877,6559050,6559050,0.0,1.0,tiingo_historical_seed,
2017-08-23,XLI,67.75,67.75,67.39,67.39,58.2287596526,58.2287596526,57.9193522213,57.9193522213,7027114,7027114,0.0,1.0,tiingo_historical_seed,
2017-08-24,XLI,67.56,67.58,67.15,67.18,58.0654612861,58.0826505878,57.7130806004,57.738864553,7917391,7917391,0.0,1.0,tiingo_historical_seed,
2017-08-25,XLI,67.49,67.755,67.41,67.5,58.00529873,58.2330569781,57.936541523,58.0138933809,7846272,7846272,0.0,1.0,tiingo_historical_seed,
2017-08-28,XLI,67.65,67.72,67.365,67.46,58.1428131439,58.2029757,57.8978655941,57.9795147774,5999215,5999215,0.0,1.0,tiingo_historical_seed,
2017-08-29,XLI,67.24,68.01,67.08,67.95,57.7904324582,58.4522205753,57.6529180443,58.4006526701,8150182,8150182,0.0,1.0,tiingo_historical_seed,
2017-08-30,XLI,68.0,68.26,67.86,68.23,58.4436259244,58.6670868471,58.3233008122,58.6413028945,5463266,5463266,0.0,1.0,tiingo_historical_seed,
2017-08-31,XLI,68.36,68.6,68.241,68.46,58.7530333558,58.9593049767,58.6507570104,58.8389798645,8635037,8635037,0.0,1.0,tiingo_historical_seed,
2017-09-01,XLI,68.61,68.8,68.52,68.52,58.9678996276,59.1311979941,58.8905477697,58.8905477697,14501865,14501865,0.0,1.0,tiingo_historical_seed,
2017-09-05,XLI,68.34,68.42,67.68,67.83,58.735844054,58.804601261,58.1685970965,58.2975168596,16031137,16031137,0.0,1.0,tiingo_historical_seed,
2017-09-06,XLI,67.97,68.12,67.83,67.9,58.4178419718,58.5467617349,58.2975168596,58.3576794157,19701442,19701442,0.0,1.0,tiingo_historical_seed,
2017-09-07,XLI,67.95,68.04,67.64,68.04,58.4006526701,58.4780045279,58.1342184931,58.4780045279,13887023,13887023,0.0,1.0,tiingo_historical_seed,
2017-09-08,XLI,67.71,68.37,67.61,68.27,58.1943810492,58.7616280067,58.1084345404,58.6756814979,8066996,8066996,0.0,1.0,tiingo_historical_seed,
2017-09-11,XLI,68.53,68.88,68.53,68.86,58.8991424206,59.1999552011,58.8991424206,59.1827658993,8005620,8005620,0.0,1.0,tiingo_historical_seed,
2017-09-12,XLI,69.02,69.21,68.9,69.19,59.3202803133,59.4835786798,59.2171445028,59.4663893781,7606229,7606229,0.0,1.0,tiingo_historical_seed,
2017-09-13,XLI,69.14,69.19,68.94,69.09,59.4234161237,59.4663893781,59.2515231063,59.3804428694,5528446,5528446,0.0,1.0,tiingo_historical_seed,
2017-09-14,XLI,68.99,69.44,68.9,69.42,59.2944963607,59.6812556499,59.2171445028,59.6640663481,6864758,6864758,0.0,1.0,tiingo_historical_seed,
2017-09-15,XLI,69.15,69.42,69.0,69.39,59.7025578952,59.9356698349,59.573051262,59.9097685083,9989759,9989759,0.315878,1.0,tiingo_historical_seed,
2017-09-18,XLI,69.54,69.85,69.48,69.78,60.0392751415,60.3069221834,59.9874724882,60.2464857546,6143732,6143732,0.0,1.0,tiingo_historical_seed,
2017-09-19,XLI,69.84,69.935,69.77,69.85,60.2982884078,60.3803092755,60.237851979,60.3069221834,7160002,7160002,0.0,1.0,tiingo_historical_seed,
2017-09-20,XLI,69.89,70.375,69.89,70.36,60.3414572856,60.7601953995,60.3414572856,60.7472447362,6673820,6673820,0.0,1.0,tiingo_historical_seed,
2017-09-21,XLI,70.32,70.635,70.2,70.57,60.712709634,60.9846735637,60.6091043275,60.9285540226,4377660,4377660,0.0,1.0,tiingo_historical_seed,
2017-09-22,XLI,70.62,70.82,70.55,70.75,60.9717229004,61.1443984113,60.9112864716,61.0839619825,3533893,3533893,0.0,1.0,tiingo_historical_seed,
2017-09-25,XLI,70.83,70.85,70.26,70.75,61.1530321868,61.1702997379,60.6609069807,61.0839619825,6917087,6917087,0.0,1.0,tiingo_historical_seed,
2017-09-26,XLI,70.77,70.88,70.7,70.75,61.1012295335,61.1962010645,61.0407931047,61.0839619825,3997786,3997786,0.0,1.0,tiingo_historical_seed,
2017-09-27,XLI,70.93,71.1068,70.6501,70.83,61.2393699423,61.3920150939,60.9977105648,61.1530321868,6943694,6943694,0.0,1.0,tiingo_historical_seed,
2017-09-28,XLI,70.73,70.85,70.5,70.79,61.0666944314,61.1702997379,60.8681175938,61.1184970846,6124550,6124550,0.0,1.0,tiingo_historical_seed,
2017-09-29,XLI,70.75,71.01,70.62,71.0,61.0839619825,61.3084401466,60.9717229004,61.2998063711,6527169,6527169,0.0,1.0,tiingo_historical_seed,
2017-10-02,XLI,70.97,71.49,70.8575,71.49,61.2739050445,61.7228613728,61.1767750696,61.7228613728,16764672,16764672,0.0,1.0,tiingo_historical_seed,
2017-10-03,XLI,71.53,71.8,71.43,71.8,61.757396475,61.9905084147,61.6710587195,61.9905084147,11793428,11793428,0.0,1.0,tiingo_historical_seed,
2017-10-04,XLI,71.78,71.9,71.65,71.78,61.9732408636,62.0768461702,61.8610017815,61.9732408636,14772483,14772483,0.0,1.0,tiingo_historical_seed,
2017-10-05,XLI,71.74,72.02,71.61,71.95,61.9387057614,62.1804514767,61.8264666793,62.1200150479,15061346,15061346,0.0,1.0,tiingo_historical_seed,
2017-10-06,XLI,71.84,72.02,71.66,71.94,62.0250435169,62.1804514767,61.8696355571,62.1113812723,4445370,4445370,0.0,1.0,tiingo_historical_seed,
2017-10-09,XLI,71.97,72.11,71.63,71.74,62.137282599,62.2581554566,61.8437342304,61.9387057614,7813987,7813987,0.0,1.0,tiingo_historical_seed,
2017-10-10,XLI,72.17,72.19,71.72,71.85,62.3099581099,62.327225661,61.9214382103,62.0336772924,6264262,6264262,0.0,1.0,tiingo_historical_seed,
2017-10-11,XLI,71.76,71.85,71.65,71.81,61.9559733125,62.0336772924,61.8610017815,61.9991421903,7294426,7294426,0.0,1.0,tiingo_historical_seed,
2017-10-12,XLI,71.7,72.27,71.69,72.19,61.9041706593,62.3962958653,61.8955368837,62.327225661,12112126,12112126,0.0,1.0,tiingo_historical_seed,
2017-10-13,XLI,72.49,72.62,71.995,72.06,62.5862389273,62.6984780094,62.1588670378,62.2149865789,5759041,5759041,0.0,1.0,tiingo_historical_seed,
2017-10-16,XLI,72.12,72.19,71.92,72.14,62.2667892322,62.327225661,62.0941137213,62.2840567832,7215685,7215685,0.0,1.0,tiingo_historical_seed,
2017-10-17,XLI,71.94,72.05,71.8,71.95,62.1113812723,62.2063528033,61.9905084147,62.1200150479,5235976,5235976,0.0,1.0,tiingo_historical_seed,
2017-10-18,XLI,72.0,72.19,71.89,71.98,62.1631839256,62.327225661,62.0682123946,62.1459163745,7887734,7887734,0.0,1.0,tiingo_historical_seed,
2017-10-19,XLI,71.69,72.18,71.554,72.18,61.8955368837,62.3185918854,61.7781175363,62.3185918854,6962546,6962546,0.0,1.0,tiingo_historical_seed,
2017-10-20,XLI,72.2,72.96,72.01,72.96,62.3358594365,62.992026378,62.1718177012,62.992026378,9043395,9043395,0.0,1.0,tiingo_historical_seed,
2017-10-23,XLI,72.95,72.96,72.48,72.5,62.9833926024,62.992026378,62.5776051518,62.5948727029,6800348,6800348,0.0,1.0,tiingo_historical_seed,
2017-10-24,XLI,72.86,73.2,72.82,72.91,62.9056886225,63.199236991,62.8711535203,62.9488575002,7921688,7921688,0.0,1.0,tiingo_historical_seed,
2017-10-25,XLI,72.86,72.86,71.835,72.19,62.9056886225,62.9056886225,62.0207266291,62.327225661,11078774,11078774,0.0,1.0,tiingo_historical_seed,
2017-10-26,XLI,72.43,72.63,72.13,72.29,62.5344362741,62.707111785,62.2754230077,62.4135634164,8323251,8323251,0.0,1.0,tiingo_historical_seed,
2017-10-27,XLI,72.19,72.52,72.15,72.32,62.327225661,62.612140254,62.2926905588,62.4394647431,7534191,7534191,0.0,1.0,tiingo_historical_seed,
2017-10-30,XLI,72.15,72.205,71.765,71.82,62.2926905588,62.3401763243,61.9602902003,62.0077759658,9081934,9081934,0.0,1.0,tiingo_historical_seed,
2017-10-31,XLI,71.89,72.08,71.5,71.53,62.0682123946,62.23225413,61.7314951484,61.757396475,8793310,8793310,0.0,1.0,tiingo_historical_seed,
2017-11-01,XLI,71.75,71.92,71.45,71.49,61.947339537,62.0941137213,61.6883262706,61.7228613728,9104783,9104783,0.0,1.0,tiingo_historical_seed,
2017-11-02,XLI,71.45,71.94,71.28,71.9,61.6883262706,62.1113812723,61.5415520864,62.0768461702,6924338,6924338,0.0,1.0,tiingo_historical_seed,
2017-11-03,XLI,71.89,71.97,71.65,71.83,62.0682123946,62.137282599,61.8610017815,62.0164097413,6974984,6974984,0.0,1.0,tiingo_historical_seed,
2017-11-06,XLI,71.88,72.0,71.7724,71.87,62.0595786191,62.1631839256,61.9666791942,62.0509448435,7134560,7134560,0.0,1.0,tiingo_historical_seed,
2017-11-07,XLI,71.87,72.09,71.84,71.98,62.0509448435,62.2408879055,62.0250435169,62.1459163745,5181067,5181067,0.0,1.0,tiingo_historical_seed,
2017-11-08,XLI,71.88,71.945,71.72,71.86,62.0595786191,62.1156981601,61.9214382103,62.042311068,5606201,5606201,0.0,1.0,tiingo_historical_seed,
2017-11-09,XLI,71.47,71.54,70.67,70.96,61.7055938217,61.7660302505,61.0148917781,61.2652712689,10226655,10226655,0.0,1.0,tiingo_historical_seed,
2017-11-10,XLI,70.81,71.15,70.69,71.06,61.1357646357,61.4293130043,61.0321593292,61.3516090244,5344848,5344848,0.0,1.0,tiingo_historical_seed,
2017-11-13,XLI,70.84,71.0,70.63,70.82,61.1616659624,61.2998063711,60.9803566759,61.1443984113,5256847,5256847,0.0,1.0,tiingo_historical_seed,
2017-11-14,XLI,70.63,70.73,70.41,70.63,60.9803566759,61.0666944314,60.7904136139,60.9803566759,7062101,7062101,0.0,1.0,tiingo_historical_seed,
2017-11-15,XLI,70.3,70.465,70.04,70.23,60.6954420829,60.8378993794,60.4709639187,60.6350056541,10669233,10669233,0.0,1.0,tiingo_historical_seed,
2017-11-16,XLI,70.55,70.98,70.4301,70.89,60.9112864716,61.28253882,60.8077675028,61.2048348401,6038903,6038903,0.0,1.0,tiingo_historical_seed,
2017-11-17,XLI,70.64,70.75,70.45,70.5,60.9889904515,61.0839619825,60.8249487161,60.8681175938,7745062,7745062,0.0,1.0,tiingo_historical_seed,
2017-11-20,XLI,70.57,70.91,70.51,70.82,60.9285540226,61.2221023912,60.8767513694,61.1443984113,6485659,6485659,0.0,1.0,tiingo_historical_seed,
2017-11-21,XLI,71.05,71.34,70.88,71.33,61.3429752488,61.5933547396,61.1962010645,61.5847209641,7387830,7387830,0.0,1.0,tiingo_historical_seed,
2017-11-22,XLI,71.38,71.629,71.3,71.41,61.6278898418,61.8428708529,61.5588196374,61.6537911684,7037442,7037442,0.0,1.0,tiingo_historical_seed,
2017-11-24,XLI,71.59,71.6,71.37,71.41,61.8091991283,61.8178329038,61.6192560663,61.6537911684,3387498,3387498,0.0,1.0,tiingo_historical_seed,
2017-11-27,XLI,71.59,71.62,71.4,71.53,61.8091991283,61.8351004549,61.6451573929,61.757396475,4739301,4739301,0.0,1.0,tiingo_historical_seed,
2017-11-28,XLI,71.69,72.62,71.61,72.62,61.8955368837,62.6984780094,61.8264666793,62.6984780094,9932170,9932170,0.0,1.0,tiingo_historical_seed,
2017-11-29,XLI,72.64,73.3,72.49,73.26,62.7157455605,63.2855747465,62.5862389273,63.2510396443,12393505,12393505,0.0,1.0,tiingo_historical_seed,
2017-11-30,XLI,73.51,74.66,73.3,74.51,63.4668840329,64.4597682206,63.2855747465,64.3302615875,19672720,19672720,0.0,1.0,tiingo_historical_seed,
2017-12-01,XLI,74.38,74.49,72.76,73.59,64.2180225054,64.3129940364,62.819350867,63.5359542373,29693745,29693745,0.0,1.0,tiingo_historical_seed,
2017-12-04,XLI,74.36,75.1,74.21,74.21,64.2007549543,64.8396543446,64.0712483211,64.0712483211,19276385,19276385,0.0,1.0,tiingo_historical_seed,
2017-12-05,XLI,74.34,74.55,73.52,73.58,64.1834874032,64.3647966896,63.4755178085,63.5273204618,16547972,16547972,0.0,1.0,tiingo_historical_seed,
2017-12-06,XLI,73.44,73.96,73.361,73.69,63.4064476041,63.8554039325,63.3382407773,63.6222919928,15569280,15569280,0.0,1.0,tiingo_historical_seed,
2017-12-07,XLI,73.6,74.53,73.58,74.37,63.5445880128,64.3475291386,63.5273204618,64.2093887298,10918707,10918707,0.0,1.0,tiingo_historical_seed,
2017-12-08,XLI,74.75,74.75,74.38,74.69,64.5374722005,64.5374722005,64.2180225054,64.4856695473,6804481,6804481,0.0,1.0,tiingo_historical_seed,
2017-12-11,XLI,74.75,74.83,74.41,74.54,64.5374722005,64.6065424049,64.243923832,64.3561629141,5911620,5911620,0.0,1.0,tiingo_historical_seed,
2017-12-12,XLI,74.67,74.83,74.55,74.62,64.4684019962,64.6065424049,64.3647966896,64.4252331185,9259710,9259710,0.0,1.0,tiingo_historical_seed,
2017-12-13,XLI,74.81,75.31,74.5,74.91,64.5892748538,65.0209636311,64.3216278119,64.6756126093,8626629,8626629,0.0,1.0,tiingo_historical_seed,
2017-12-14,XLI,75.23,75.23,74.39,74.4,64.9518934267,64.9518934267,64.2266562809,64.2352900565,9214301,9214301,0.0,1.0,tiingo_historical_seed,
2017-12-15,XLI,74.44,74.71,74.03,74.52,64.6162819488,64.8506505158,64.2603889397,64.6857244872,8934953,8934953,0.401712,1.0,tiingo_historical_seed,
2017-12-18,XLI,74.91,75.14,74.85,75.05,65.0242568617,65.2239041595,64.9721749579,65.1457813039,6017304,6017304,0.0,1.0,tiingo_historical_seed,
2017-12-19,XLI,75.28,75.42,74.87,75.07,65.3454286017,65.4669530438,64.9895355925,65.1631419385,6211569,6211569,0.0,1.0,tiingo_historical_seed,
2017-12-20,XLI,75.49,75.58,75.21,75.32,65.5277152649,65.6058381205,65.2846663806,65.3801498708,5778942,5778942,0.0,1.0,tiingo_historical_seed,
2017-12-21,XLI,75.6,75.67,75.19,75.38,65.6231987551,65.6839609762,65.267305746,65.4322317746,9456432,9456432,0.0,1.0,tiingo_historical_seed,
2017-12-22,XLI,75.54,75.54,75.2,75.4,65.5711168513,65.5711168513,65.2759860633,65.4495924092,3730530,3730530,0.0,1.0,tiingo_historical_seed,
2017-12-26,XLI,75.49,75.73,75.32,75.48,65.5277152649,65.73604288,65.3801498708,65.5190349476,4983944,4983944,0.0,1.0,tiingo_historical_seed,
2017-12-27,XLI,75.54,75.69,75.44,75.66,65.5711168513,65.7013216108,65.4843136784,65.6752806589,4730298,4730298,0.0,1.0,tiingo_historical_seed,
2017-12-28,XLI,75.87,75.88,75.53,75.81,65.8575673221,65.8662476394,65.5624365341,65.8054854183,4629635,4629635,0.0,1.0,tiingo_historical_seed,
2017-12-29,XLI,75.97,76.0,75.6,75.67,65.9443704951,65.9704114469,65.6231987551,65.6839609762,4825920,4825920,0.0,1.0,tiingo_historical_seed,
2018-01-02,XLI,75.92,76.13,75.57,76.12,65.9009689086,66.0832555718,65.5971578032,66.0745752545,14903889,14903889,0.0,1.0,tiingo_historical_seed,
2018-01-03,XLI,76.24,76.58,76.06,76.53,66.178739062,66.4738698501,66.0224933507,66.4304682636,18155013,18155013,0.0,1.0,tiingo_historical_seed,
2018-01-04,XLI,76.86,77.15,76.72,77.09,66.7169187344,66.9686479359,66.5953942922,66.9165660322,16482955,16482955,0.0,1.0,tiingo_historical_seed,
2018-01-05,XLI,77.46,77.66,77.03,77.62,67.2377377721,67.411344118,66.8644841284,67.3766228488,16996216,16996216,0.0,1.0,tiingo_historical_seed,
2018-01-08,XLI,77.7,77.99,77.6,77.94,67.4460653872,67.6977945888,67.3592622143,67.6543930023,5727464,5727464,0.0,1.0,tiingo_historical_seed,
2018-01-09,XLI,78.04,78.64,78.01,78.44,67.7411961753,68.262015213,67.7151552234,68.0884088671,8967679,8967679,0.0,1.0,tiingo_historical_seed,
2018-01-10,XLI,78.29,78.69,78.06,78.43,67.9582041077,68.3054167995,67.7585568099,68.0797285498,11669537,11669537,0.0,1.0,tiingo_historical_seed,
2018-01-11,XLI,78.78,79.46,78.58,79.43,68.3835396551,68.9738012312,68.2099333092,68.9477602794,9448279,9448279,0.0,1.0,tiingo_historical_seed,
2018-01-12,XLI,79.79,80.25,79.65,80.17,69.260251702,69.6595462976,69.1387272599,69.5901037592,7436215,7436215,0.0,1.0,tiingo_historical_seed,
2018-01-16,XLI,80.47,80.6,79.09,79.45,69.8505132781,69.9633574029,68.6526294913,68.9651209139,13343749,13343749,0.0,1.0,tiingo_historical_seed,
2018-01-17,XLI,79.59,79.97,79.34,79.89,69.0866453561,69.4164974133,68.8696374237,69.347054875,7814286,7814286,0.0,1.0,tiingo_historical_seed,
2018-01-18,XLI,79.89,80.11,79.39,79.46,69.347054875,69.5380218555,68.9130390102,68.9738012312,7790367,7790367,0.0,1.0,tiingo_historical_seed,
2018-01-19,XLI,79.78,79.79,79.33,79.69,69.2515713847,69.260251702,68.8609571064,69.173448529,8657709,8657709,0.0,1.0,tiingo_historical_seed,
2018-01-22,XLI,79.47,79.71,79.1,79.69,68.9824815485,69.1908091636,68.6613098086,69.173448529,12175309,12175309,0.0,1.0,tiingo_historical_seed,
2018-01-23,XLI,79.68,79.81,79.35,79.73,69.1647682117,69.2776123366,68.878317741,69.2081697982,8953776,8953776,0.0,1.0,tiingo_historical_seed,
2018-01-24,XLI,79.71,80.08,79.17,79.66,69.1908091636,69.5119809036,68.7220720297,69.1474075772,9660029,9660029,0.0,1.0,tiingo_historical_seed,
2018-01-25,XLI,79.86,79.98,79.07,79.74,69.3210139231,69.4251777306,68.6352688567,69.2168501155,12499163,12499163,0.0,1.0,tiingo_historical_seed,
2018-01-26,XLI,79.98,80.66,79.71,80.66,69.4251777306,70.0154393067,69.1908091636,70.0154393067,8008280,8008280,0.0,1.0,tiingo_historical_seed,
2018-01-29,XLI,80.52,80.96,80.09,80.12,69.8939148646,70.2758488256,69.5206612209,69.5467021728,12870292,12870292,0.0,1.0,tiingo_historical_seed,
2018-01-30,XLI,79.59,79.86,79.12,79.49,69.0866453561,69.3210139231,68.6786704432,68.9998421831,16742441,16742441,0.0,1.0,tiingo_historical_seed,
2018-01-31,XLI,80.22,80.52,79.47,79.73,69.6335053457,69.8939148646,68.9824815485,69.2081697982,15991881,15991881,0.0,1.0,tiingo_historical_seed,
2018-02-01,XLI,79.22,80.27,79.11,79.59,68.7654736161,69.6769069322,68.6699901259,69.0866453561,14169294,14169294,0.0,1.0,tiingo_historical_seed,
2018-02-02,XLI,79.11,79.24,77.97,77.99,68.6699901259,68.7828342507,67.6804339542,67.6977945888,17929518,17929518,0.0,1.0,tiingo_historical_seed,
2018-02-05,XLI,77.17,78.18,73.95,74.45,66.9860085705,67.8627206174,64.1909464013,64.6249622661,30309055,30309055,0.0,1.0,tiingo_historical_seed,
2018-02-06,XLI,73.05,76.03,72.64,75.81,63.4097178447,65.9964523988,63.0538248356,65.8054854183,31980611,31980611,0.0,1.0,tiingo_historical_seed,
2018-02-07,XLI,75.75,77.15,75.49,75.95,65.7534035146,66.9686479359,65.5277152649,65.9270098605,22666820,22666820,0.0,1.0,tiingo_historical_seed,
2018-02-08,XLI,76.04,76.16,72.99,73.02,66.0051327161,66.1092965237,63.357635941,63.3836768928,27282131,27282131,0.0,1.0,tiingo_historical_seed,
2018-02-09,XLI,73.87,74.43,71.49,73.81,64.121503863,64.6076016315,62.0555883466,64.0694219592,40362454,40362454,0.0,1.0,tiingo_historical_seed,
2018-02-12,XLI,74.41,75.54,73.91,75.0,64.5902409969,65.5711168513,64.1562251322,65.1023797174,20776899,20776899,0.0,1.0,tiingo_historical_seed,
2018-02-13,XLI,74.58,75.38,74.49,75.17,64.737806391,65.4322317746,64.6596835353,65.2499451114,12974634,12974634,0.0,1.0,tiingo_historical_seed,
2018-02-14,XLI,74.8,76.21,74.72,76.12,64.9287733715,66.1526981102,64.8593308331,66.0745752545,13482821,13482821,0.0,1.0,tiingo_historical_seed,
2018-02-15,XLI,76.72,77.27,76.07,77.27,66.5953942922,67.0728117435,66.031173668,67.0728117435,10800393,10800393,0.0,1.0,tiingo_historical_seed,
2018-02-16,XLI,77.09,78.07,77.03,77.29,66.9165660322,67.7672371271,66.8644841284,67.0901723781,11161691,11161691,0.0,1.0,tiingo_historical_seed,
2018-02-20,XLI,76.93,77.28,76.24,76.51,66.7776809554,67.0814920608,66.178739062,66.413107629,11838869,11838869,0.0,1.0,tiingo_historical_seed,
2018-02-21,XLI,76.59,77.93,76.51,76.53,66.4825501674,67.645712685,66.413107629,66.4304682636,8650501,8650501,0.0,1.0,tiingo_historical_seed,
2018-02-22,XLI,76.87,77.74,76.8,77.04,66.7255990517,67.4807866564,66.6648368306,66.8731644457,10545190,10545190,0.0,1.0,tiingo_historical_seed,
2018-02-23,XLI,77.4,77.72,76.97,77.68,67.1856558683,67.4634260218,66.8124022246,67.4287047526,6603270,6603270,0.0,1.0,tiingo_historical_seed,
2018-02-26,XLI,78.05,78.88,77.77,78.75,67.7498764926,68.4703428281,67.5068276083,68.3574987033,8623340,8623340,0.0,1.0,tiingo_historical_seed,
2018-02-27,XLI,78.78,79.28,77.75,77.76,68.3835396551,68.8175555199,67.4894669737,67.498147291,11019325,11019325,0.0,1.0,tiingo_historical_seed,
2018-02-28,XLI,78.16,78.27,76.65,76.65,67.8453599828,67.9408434731,66.5346320712,66.5346320712,16203886,16203886,0.0,1.0,tiingo_historical_seed,
2018-03-01,XLI,76.68,77.24,74.75,75.15,66.5606730231,67.0467707916,64.885371785,65.2325844768,35549373,35549373,0.0,1.0,tiingo_historical_seed,
2018-03-02,XLI,74.5,75.35,73.98,75.13,64.6683638526,65.4061908227,64.2169873532,65.2152238422,27076367,27076367,0.0,1.0,tiingo_historical_seed,
2018-03-05,XLI,74.66,76.22,74.38,76.03,64.8072489293,66.1613784275,64.5642000451,65.9964523988,23038366,23038366,0.0,1.0,tiingo_historical_seed,
2018-03-06,XLI,76.43,76.57,75.79,76.37,66.3436650907,66.4651895328,65.7881247837,66.2915831869,18536277,18536277,0.0,1.0,tiingo_historical_seed,
2018-03-07,XLI,75.43,76.53,75.24,76.36,65.4756333611,66.4304682636,65.3107073325,66.2829028696,13625412,13625412,0.0,1.0,tiingo_historical_seed,
2018-03-08,XLI,76.68,76.83,76.02,76.76,66.5606730231,66.6908777825,65.9877720815,66.6301155614,10849065,10849065,0.0,1.0,tiingo_historical_seed,
2018-03-09,XLI,77.27,78.45,77.03,78.45,67.0728117435,68.0970891844,66.8644841284,68.0970891844,13092642,13092642,0.0,1.0,tiingo_historical_seed,
2018-03-12,XLI,78.58,78.58,77.26,77.48,68.2099333092,68.2099333092,67.0641314262,67.2550984067,11093605,11093605,0.0,1.0,tiingo_historical_seed,
2018-03-13,XLI,77.7,78.1,76.95,77.1,67.4460653872,67.793278079,66.79504159,66.9252463495,11518752,11518752,0.0,1.0,tiingo_historical_seed,
2018-03-14,XLI,77.54,77.54,76.04,76.26,67.3071803105,67.3071803105,66.0051327161,66.1960996966,11626194,11626194,0.0,1.0,tiingo_historical_seed,
2018-03-15,XLI,76.5,76.92,75.99,76.48,66.4044273117,66.7690006381,65.9617311297,66.3870666771,8362982,8362982,0.0,1.0,tiingo_historical_seed,
2018-03-16,XLI,76.09,76.85,76.09,76.58,66.3135529684,66.9759041349,66.3135529684,66.7405951678,10839980,10839980,0.307276,1.0,tiingo_historical_seed,
2018-03-19,XLI,76.36,76.39,75.37,75.99,66.5488619354,66.5750073762,65.6860623896,66.2264014991,10845665,10845665,0.0,1.0,tiingo_historical_seed,
2018-03-20,XLI,76.14,76.7,76.09,76.25,66.357128703,66.845176931,66.3135529684,66.4529953192,7111751,7111751,0.0,1.0,tiingo_historical_seed,
2018-03-21,XLI,76.26,77.13,76.02,76.34,66.4617104662,67.2199282488,66.2525469399,66.5314316416,13818748,13818748,0.0,1.0,tiingo_historical_seed,
2018-03-22,XLI,75.58,75.84,73.72,73.82,65.8690804751,66.0956742952,64.2480631467,64.3352146159,18793875,18793875,0.0,1.0,tiingo_historical_seed,
2018-03-23,XLI,73.93,74.5,72.68,72.74,64.4310812321,64.927844607,63.3416878663,63.3939787478,15457050,15457050,0.0,1.0,tiingo_historical_seed,
2018-03-26,XLI,73.95,74.6,73.13,74.5,64.448511526,65.0149960763,63.733869478,64.927844607,12196957,12196957,0.0,1.0,tiingo_historical_seed,
2018-03-27,XLI,74.85,75.25,73.04,73.47,65.2328747494,65.5814806265,63.6554331556,64.0301844735,14726013,14726013,0.0,1.0,tiingo_historical_seed,
2018-03-28,XLI,73.72,73.81,72.64,73.22,64.2480631467,64.326499469,63.3068272785,63.8123058003,21892349,21892349,0.0,1.0,tiingo_historical_seed,
2018-03-29,XLI,73.61,74.85,73.5,74.29,64.1521965305,65.2328747494,64.0563299143,64.7448265215,14057057,14057057,0.0,1.0,tiingo_historical_seed,
2018-04-02,XLI,74.07,74.2,71.78,72.76,64.5530932891,64.6663901992,62.5573246428,63.4114090417,27498816,27498816,0.0,1.0,tiingo_historical_seed,
2018-04-03,XLI,73.13,73.82,72.63,73.77,63.733869478,64.3352146159,63.2981121316,64.2916388813,20149088,20149088,0.0,1.0,tiingo_historical_seed,
2018-04-04,XLI,72.19,74.17,72.01,74.09,62.9146456668,64.6402447584,62.7577730221,64.570523583,19987579,19987579,0.0,1.0,tiingo_historical_seed,
2018-04-05,XLI,74.5,75.02,74.28,74.84,64.927844607,65.3810322472,64.7361113746,65.2241596025,16496058,16496058,0.0,1.0,tiingo_historical_seed,
2018-04-06,XLI,74.1,74.55,72.11,72.77,64.5792387299,64.9714203416,62.8449244914,63.4201241886,18353352,18353352,0.0,1.0,tiingo_historical_seed,
2018-04-09,XLI,73.18,73.72,72.43,72.55,63.7774452126,64.2480631467,63.1238091931,63.2283909562,10279198,10279198,0.0,1.0,tiingo_historical_seed,
2018-04-10,XLI,73.64,74.09,73.14,73.66,64.1783419713,64.570523583,63.7425846249,64.1957722651,18495350,18495350,0.0,1.0,tiingo_historical_seed,
2018-04-11,XLI,73.0,73.7,72.99,73.12,63.6205725679,64.2306328528,63.611857421,63.725154331,10633910,10633910,0.0,1.0,tiingo_historical_seed,
2018-04-12,XLI,73.61,74.47,73.56,74.17,64.1521965305,64.9016991662,64.1086207958,64.6402447584,8921533,8921533,0.0,1.0,tiingo_historical_seed,
2018-04-13,XLI,74.67,74.71,73.63,73.99,65.0760021048,65.1108626925,64.1696268243,64.4833721137,9904130,9904130,0.0,1.0,tiingo_historical_seed,
2018-04-16,XLI,74.53,74.96,74.41,74.73,64.9539900478,65.3287413656,64.8494082846,65.1282929863,8232689,8232689,0.0,1.0,tiingo_historical_seed,
2018-04-17,XLI,75.31,75.67,75.1,75.36,65.6337715081,65.9475167975,65.4507534226,65.6773472427,8676816,8676816,0.0,1.0,tiingo_historical_seed,
2018-04-18,XLI,75.85,76.41,75.74,76.14,66.1043894421,66.5924376701,66.008522826,66.357128703,10138184,10138184,0.0,1.0,tiingo_historical_seed,
2018-04-19,XLI,76.04,76.24,75.42,75.93,66.2699772338,66.4442801723,65.7296381243,66.1741106176,12515388,12515388,0.0,1.0,tiingo_historical_seed,
2018-04-20,XLI,76.25,76.35,75.33,75.6,66.4529953192,66.5401467885,65.6512018019,65.886510769,11612759,11612759,0.0,1.0,tiingo_historical_seed,
2018-04-23,XLI,75.89,75.91,75.15,75.51,66.1392500299,66.1566803237,65.4943291573,65.8080744466,14427793,14427793,0.0,1.0,tiingo_historical_seed,
2018-04-24,XLI,75.89,76.04,72.48,73.4,66.1392500299,66.2699772338,63.1673849277,63.969178445,21104818,21104818,0.0,1.0,tiingo_historical_seed,
2018-04-25,XLI,73.48,73.84,72.48,73.61,64.0388996204,64.3526449098,63.1673849277,64.1521965305,14949377,14949377,0.0,1.0,tiingo_historical_seed,
2018-04-26,XLI,73.53,73.72,72.68,73.34,64.0824753551,64.2480631467,63.3416878663,63.9168875634,19955376,19955376,0.0,1.0,tiingo_historical_seed,
2018-04-27,XLI,73.0,73.33,72.72,73.19,63.6205725679,63.9081724165,63.376548454,63.7861603595,11555792,11555792,0.0,1.0,tiingo_historical_seed,
2018-04-30,XLI,73.39,73.53,72.21,72.22,63.9604632981,64.0824753551,62.9320759607,62.9407911076,15867537,15867537,0.0,1.0,tiingo_historical_seed,
2018-05-01,XLI,72.11,72.14,70.79,71.89,62.8449244914,62.8710699322,61.694525097,62.653191259,21829489,21829489,0.0,1.0,tiingo_historical_seed,
2018-05-02,XLI,71.61,72.99,71.18,71.26,62.4091671451,63.611857421,62.0344158272,62.1041370026,14789338,14789338,0.0,1.0,tiingo_historical_seed,
2018-05-03,XLI,70.91,71.8,70.03,71.43,61.7991068602,62.5747549367,61.0321739306,62.2522945004,25826562,25826562,0.0,1.0,tiingo_historical_seed,
2018-05-04,XLI,70.9,72.5,70.82,72.26,61.7903917132,63.1848152216,61.7206705378,62.9756516953,11695457,11695457,0.0,1.0,tiingo_historical_seed,
2018-05-07,XLI,72.5,72.95,72.41,72.74,63.1848152216,63.5769968333,63.1063788992,63.3939787478,11812606,11812606,0.0,1.0,tiingo_historical_seed,
2018-05-08,XLI,72.7,73.36,72.55,73.26,63.3591181601,63.9343178573,63.2283909562,63.847166388,10341591,10341591,0.0,1.0,tiingo_historical_seed,
2018-05-09,XLI,73.49,74.29,73.41,74.05,64.0476147674,64.7448265215,63.9778935919,64.5356629953,14973378,14973378,0.0,1.0,tiingo_historical_seed,
2018-05-10,XLI,74.33,74.71,74.2,74.55,64.7796871092,65.1108626925,64.6663901992,64.9714203416,7213729,7213729,0.0,1.0,tiingo_historical_seed,
2018-05-11,XLI,74.65,75.03,74.51,74.71,65.0585718109,65.3897473941,64.9365597539,65.1108626925,8060037,8060037,0.0,1.0,tiingo_historical_seed,
2018-05-14,XLI,74.89,75.14,74.41,74.58,65.2677353371,65.4856140103,64.8494082846,64.9975657824,5856613,5856613,0.0,1.0,tiingo_historical_seed,
2018-05-15,XLI,74.18,74.39,74.01,74.33,64.6489599053,64.8319779908,64.5008024076,64.7796871092,10180484,10180484,0.0,1.0,tiingo_historical_seed,
2018-05-16,XLI,74.32,74.85,74.24,74.6,64.7709719623,65.2328747494,64.7012507869,65.0149960763,6281408,6281408,0.0,1.0,tiingo_historical_seed,
2018-05-17,XLI,74.57,75.21,74.52,74.89,64.9888506355,65.5466200388,64.9452749008,65.2677353371,7519490,7519490,0.0,1.0,tiingo_historical_seed,
2018-05-18,XLI,74.89,75.47,74.86,75.33,65.2677353371,65.7732138589,65.2415898964,65.6512018019,7482934,7482934,0.0,1.0,tiingo_historical_seed,
2018-05-21,XLI,76.1,76.81,76.0,76.47,66.3222681153,66.9410435472,66.2351166461,66.6447285516,13744056,13744056,0.0,1.0,tiingo_historical_seed,
2018-05-22,XLI,76.6,76.68,75.5,75.53,66.7580254617,66.8277466371,65.7993592997,65.8255047405,8754854,8754854,0.0,1.0,tiingo_historical_seed,
2018-05-23,XLI,75.07,75.46,74.77,75.46,65.4246079818,65.764498712,65.163153574,65.764498712,12908999,12908999,0.0,1.0,tiingo_historical_seed,
2018-05-24,XLI,75.27,75.94,75.18,75.83,65.5989109204,66.1828257645,65.520474598,66.0869591483,9371754,9371754,0.0,1.0,tiingo_historical_seed,
2018-05-25,XLI,75.68,75.94,75.47,75.69,65.9562319444,66.1828257645,65.7732138589,65.9649470913,8111816,8111816,0.0,1.0,tiingo_historical_seed,
2018-05-29,XLI,75.06,75.25,74.13,74.48,65.4158928349,65.5814806265,64.6053841707,64.9104143131,18470390,18470390,0.0,1.0,tiingo_historical_seed,
2018-05-30,XLI,74.97,75.61,74.72,75.53,65.3374565126,65.8952259159,65.1195778394,65.8255047405,11431713,11431713,0.0,1.0,tiingo_historical_seed,
2018-05-31,XLI,75.38,75.43,74.21,74.44,65.6947775366,65.7383532712,64.6751053461,64.8755537254,14117049,14117049,0.0,1.0,tiingo_historical_seed,
2018-06-01,XLI,74.87,75.39,74.82,75.26,65.2503050433,65.7034926835,65.2067293087,65.5901957735,9717092,9717092,0.0,1.0,tiingo_historical_seed,
2018-06-04,XLI,75.51,75.85,75.04,75.15,65.8080744466,66.1043894421,65.3984625411,65.4943291573,8788678,8788678,0.0,1.0,tiingo_historical_seed,
2018-06-05,XLI,75.15,75.39,74.92,75.24,65.4943291573,65.7034926835,65.2938807779,65.5727654796,7906097,7906097,0.0,1.0,tiingo_historical_seed,
2018-06-06,XLI,75.41,75.95,75.17,75.87,65.7209229774,66.1915409114,65.5117594511,66.121819736,6751882,6751882,0.0,1.0,tiingo_historical_seed,
2018-06-07,XLI,76.05,76.29,75.71,76.19,66.2786923807,66.4878559069,65.9823773852,66.4007044377,9952435,9952435,0.0,1.0,tiingo_historical_seed,
2018-06-08,XLI,76.08,76.54,75.92,76.44,66.3048378215,66.7057345801,66.1653954706,66.6185831108,6557887,6557887,0.0,1.0,tiingo_historical_seed,
2018-06-11,XLI,76.45,76.82,76.35,76.59,66.6272982578,66.9497586941,66.5401467885,66.7493103148,5225259,5225259,0.0,1.0,tiingo_historical_seed,
2018-06-12,XLI,76.71,76.78,76.32,76.51,66.8538920779,66.9148981064,66.5140013477,66.6795891393,5802797,5802797,0.0,1.0,tiingo_historical_seed,
2018-06-13,XLI,76.54,76.59,75.85,75.9,66.7057345801,66.7493103148,66.1043894421,66.1479651768,8553710,8553710,0.0,1.0,tiingo_historical_seed,
2018-06-14,XLI,76.14,76.35,75.41,75.61,66.357128703,66.5401467885,65.7209229774,65.8952259159,10501482,10501482,0.0,1.0,tiingo_historical_seed,
2018-06-15,XLI,74.81,75.26,74.29,75.12,65.4597782867,65.8535344721,65.0047711392,65.7310325478,14757419,14757419,0.3016,1.0,tiingo_historical_seed,
2018-06-18,XLI,74.55,74.94,74.34,74.81,65.232274713,65.5735300736,65.0485218264,65.4597782867,8330311,8330311,0.0,1.0,tiingo_historical_seed,
2018-06-19,XLI,73.95,74.0,72.95,73.23,64.7072664658,64.751017153,63.8322527205,64.0772565692,17955385,17955385,0.0,1.0,tiingo_historical_seed,
2018-06-20,XLI,73.48,73.52,73.02,73.28,64.2960100055,64.3310105553,63.8935036826,64.1210072564,11975928,11975928,0.0,1.0,tiingo_historical_seed,
2018-06-21,XLI,73.01,73.14,72.11,72.36,63.8847535452,63.9985053321,63.0972411744,63.3159946107,15497833,15497833,0.0,1.0,tiingo_historical_seed,
2018-06-22,XLI,72.87,73.08,72.53,72.61,63.7622516208,63.9460045074,63.4647469474,63.5347480471,13657361,13657361,0.0,1.0,tiingo_historical_seed,
2018-06-25,XLI,72.04,72.22,71.22,71.69,63.0359902122,63.1934926864,62.3184789411,62.7297354014,23091537,23091537,0.0,1.0,tiingo_historical_seed,
2018-06-26,XLI,72.01,72.32,71.8,71.96,63.0097397999,63.2809940609,62.8259869134,62.9659891126,11351851,11351851,0.0,1.0,tiingo_historical_seed,
2018-06-27,XLI,72.25,73.01,71.35,71.38,63.2197430987,63.8847535452,62.432230728,62.4584811403,19853403,19853403,0.0,1.0,tiingo_historical_seed,
2018-06-28,XLI,71.24,71.8,70.82,71.48,62.335979216,62.8259869134,61.968473443,62.5459825149,15329838,15329838,0.0,1.0,tiingo_historical_seed,
2018-06-29,XLI,71.78,72.43,71.6,71.63,62.8084866385,63.3772455729,62.6509841643,62.6772345767,14907976,14907976,0.0,1.0,tiingo_historical_seed,
2018-07-02,XLI,71.07,71.8,70.89,71.79,62.1872268793,62.8259869134,62.0297244051,62.8172367759,14098693,14098693,0.0,1.0,tiingo_historical_seed,
2018-07-03,XLI,72.07,72.4,71.37,71.56,63.0622406246,63.3509951605,62.4497310029,62.6159836145,7083332,7083332,0.0,1.0,tiingo_historical_seed,
2018-07-05,XLI,71.81,71.96,71.22,71.91,62.8347370508,62.9659891126,62.3184789411,62.9222384253,8465722,8465722,0.0,1.0,tiingo_historical_seed,
2018-07-06,XLI,71.85,72.38,71.43,72.16,62.8697376006,63.3334948856,62.5022318276,63.1409918617,9757529,9757529,0.0,1.0,tiingo_historical_seed,
2018-07-09,XLI,72.48,73.52,72.41,73.5,63.4209962602,64.3310105553,63.359745298,64.3135102804,13033985,13033985,0.0,1.0,tiingo_historical_seed,
2018-07-10,XLI,73.53,73.9,73.34,73.73,64.3397606927,64.6635157785,64.1735080811,64.5147634418,9880441,9880441,0.0,1.0,tiingo_historical_seed,
2018-07-11,XLI,73.09,73.1,72.36,72.52,63.9547546448,63.9635047823,63.3159946107,63.45599681,14207965,14207965,0.0,1.0,tiingo_historical_seed,
2018-07-12,XLI,73.06,73.45,72.61,73.37,63.9285042325,64.2697595931,63.5347480471,64.1997584935,12705631,12705631,0.0,1.0,tiingo_historical_seed,
2018-07-13,XLI,73.34,73.88,73.3,73.75,64.1735080811,64.6460155036,64.1385075313,64.5322637167,18494295,18494295,0.0,1.0,tiingo_historical_seed,
2018-07-16,XLI,73.89,74.06,73.26,73.45,64.6547656411,64.8035179778,64.1035069815,64.2697595931,9576084,9576084,0.0,1.0,tiingo_historical_seed,
2018-07-17,XLI,73.39,73.83,73.19,73.74,64.2172587684,64.6022648163,64.0422560193,64.5235135793,7326022,7326022,0.0,1.0,tiingo_historical_seed,
2018-07-18,XLI,74.0,74.76,73.91,74.55,64.751017153,65.4160275995,64.672265916,65.232274713,13821348,13821348,0.0,1.0,tiingo_historical_seed,
2018-07-19,XLI,74.27,74.68,73.97,74.52,64.9872708643,65.3460264999,64.7247667407,65.2060243006,8790004,8790004,0.0,1.0,tiingo_historical_seed,
2018-07-20,XLI,74.42,74.72,74.12,74.44,65.1185229261,65.3810270497,64.8560188025,65.136023201,7922415,7922415,0.0,1.0,tiingo_historical_seed,
2018-07-23,XLI,74.26,74.29,73.84,73.98,64.9785207268,65.0047711392,64.6110149538,64.7335168781,7822045,7822045,0.0,1.0,tiingo_historical_seed,
2018-07-24,XLI,74.36,74.72,73.96,74.29,65.0660221014,65.3810270497,64.7160166032,65.0047711392,12140416,12140416,0.0,1.0,tiingo_historical_seed,
2018-07-25,XLI,74.07,75.42,73.95,75.42,64.8122681152,65.9935366714,64.7072664658,65.9935366714,17967872,17967872,0.0,1.0,tiingo_historical_seed,
2018-07-26,XLI,75.26,76.15,75.25,76.0,65.8535344721,66.6322967055,65.8447843347,66.5010446437,15115428,15115428,0.0,1.0,tiingo_historical_seed,
2018-07-27,XLI,76.15,76.34,75.65,76.01,66.6322967055,66.7985493171,66.1947898328,66.5097947811,11281629,11281629,0.0,1.0,tiingo_historical_seed,
2018-07-30,XLI,76.11,76.5,75.18,75.26,66.5972961557,66.9385515163,65.7835333725,65.8535344721,13423598,13423598,0.0,1.0,tiingo_historical_seed,
2018-07-31,XLI,75.83,76.99,75.69,76.92,66.352292307,67.3673082515,66.2297903826,67.3060572894,17709453,17709453,0.0,1.0,tiingo_historical_seed,
2018-08-01,XLI,76.63,76.68,75.69,75.88,67.0523033032,67.0960539905,66.2297903826,66.3960429942,14214593,14214593,0.0,1.0,tiingo_historical_seed,
2018-08-02,XLI,75.34,75.88,75.11,75.78,65.9235355718,66.3960429942,65.7222824103,66.3085416197,10812428,10812428,0.0,1.0,tiingo_historical_seed,
2018-08-03,XLI,75.72,75.9,75.38,75.85,66.256040795,66.4135432691,65.9585361216,66.3697925819,11021674,11021674,0.0,1.0,tiingo_historical_seed,
2018-08-06,XLI,75.81,75.99,75.5,75.96,66.3347920321,66.4922945062,66.063537771,66.4660440939,5460333,5460333,0.0,1.0,tiingo_historical_seed,
2018-08-07,XLI,76.22,76.61,76.01,76.5,66.6935476676,67.0348030283,66.5097947811,66.9385515163,8381937,8381937,0.0,1.0,tiingo_historical_seed,
2018-08-08,XLI,76.45,76.51,76.06,76.16,66.8948008291,66.9473016538,66.5535454684,66.6410468429,4745182,4745182,0.0,1.0,tiingo_historical_seed,
2018-08-09,XLI,76.14,76.34,75.69,75.74,66.623546568,66.7985493171,66.2297903826,66.2735410699,13085874,13085874,0.0,1.0,tiingo_historical_seed,
2018-08-10,XLI,75.3,75.43,74.86,75.07,65.8885350219,66.0022868088,65.503528974,65.6872818605,10684816,10684816,0.0,1.0,tiingo_historical_seed,
2018-08-13,XLI,75.38,75.41,74.51,74.71,65.9585361216,65.9847865339,65.1972741632,65.3722769122,13471775,13471775,0.0,1.0,tiingo_historical_seed,
2018-08-14,XLI,75.0,75.53,74.94,75.23,65.6260308984,66.0897881834,65.5735300736,65.8272840598,8500515,8500515,0.0,1.0,tiingo_historical_seed,
2018-08-15,XLI,74.61,74.99,73.99,74.87,65.2847755377,65.6172807609,64.7422670156,65.5122791115,20329384,20329384,0.0,1.0,tiingo_historical_seed,
2018-08-16,XLI,75.46,76.0,75.25,75.82,66.0285372212,66.5010446437,65.8447843347,66.3435421695,10447180,10447180,0.0,1.0,tiingo_historical_seed,
2018-08-17,XLI,75.64,76.44,75.61,76.28,66.1860396954,66.8860506916,66.159789283,66.7460484924,13993103,13993103,0.0,1.0,tiingo_historical_seed,
2018-08-20,XLI,76.44,76.94,76.4,76.79,66.8860506916,67.3235575643,66.8510501418,67.1923055025,8239331,8239331,0.0,1.0,tiingo_historical_seed,
2018-08-21,XLI,76.88,77.46,76.88,77.36,67.2710567395,67.7785647118,67.2710567395,67.6910633373,10033984,10033984,0.0,1.0,tiingo_historical_seed,
2018-08-22,XLI,77.16,77.25,76.61,76.61,67.5160605882,67.5948118253,67.0348030283,67.0348030283,7149661,7149661,0.0,1.0,tiingo_historical_seed,
2018-08-23,XLI,76.65,76.65,76.21,76.39,67.0698035781,67.0698035781,66.6847975302,66.8423000043,8336522,8336522,0.0,1.0,tiingo_historical_seed,
2018-08-24,XLI,76.57,76.77,76.36,76.72,66.9998024785,67.1748052276,66.816049592,67.1310545403,6411553,6411553,0.0,1.0,tiingo_historical_seed,
2018-08-27,XLI,77.1,77.71,77.01,77.69,67.4635597635,67.9973181481,67.3848085264,67.9798178732,9767530,9767530,0.0,1.0,tiingo_historical_seed,
2018-08-28,XLI,77.84,77.92,77.47,77.53,68.111069935,68.1810710347,67.7873148493,67.839815674,8440645,8440645,0.0,1.0,tiingo_historical_seed,
2018-08-29,XLI,77.59,77.73,77.36,77.59,67.8923164987,68.0148184231,67.6910633373,67.8923164987,6339043,6339043,0.0,1.0,tiingo_historical_seed,
2018-08-30,XLI,77.42,77.61,76.86,77.05,67.743564162,67.9098167736,67.2535564646,67.4198090762,10145635,10145635,0.0,1.0,tiingo_historical_seed,
2018-08-31,XLI,76.86,77.24,76.79,77.1,67.2535564646,67.5860616879,67.1923055025,67.4635597635,7192428,7192428,0.0,1.0,tiingo_historical_seed,
2018-09-04,XLI,76.81,77.1,76.65,77.04,67.2098057774,67.4635597635,67.0698035781,67.4110589388,8597691,8597691,0.0,1.0,tiingo_historical_seed,
2018-09-05,XLI,76.91,77.61,76.71,77.59,67.2973071519,67.9098167736,67.1223044028,67.8923164987,10761284,10761284,0.0,1.0,tiingo_historical_seed,
2018-09-06,XLI,77.64,78.06,77.5,77.83,67.936067186,68.303572959,67.8135652616,68.1023197976,8082965,8082965,0.0,1.0,tiingo_historical_seed,
2018-09-07,XLI,77.62,77.95,77.18,77.59,67.9185669111,68.207321447,67.5335608631,67.8923164987,11039720,11039720,0.0,1.0,tiingo_historical_seed,
2018-09-10,XLI,77.89,78.3,77.89,77.99,68.1548206223,68.5135762579,68.1548206223,68.2423219968,9550246,9550246,0.0,1.0,tiingo_historical_seed,
2018-09-11,XLI,77.65,78.201,77.4701,77.97,67.9448173234,68.4269498971,67.7874023506,68.2248217219,6945629,6945629,0.0,1.0,tiingo_historical_seed,
2018-09-12,XLI,77.93,78.53,77.77,78.21,68.1898211721,68.7148294193,68.0498189729,68.4348250208,10906171,10906171,0.0,1.0,tiingo_historical_seed,
2018-09-13,XLI,78.59,78.96,78.39,78.68,68.767330244,69.0910853298,68.592327495,68.8460814811,8848986,8848986,0.0,1.0,tiingo_historical_seed,
2018-09-14,XLI,78.7,79.13,78.44,79.07,68.863581756,69.2398376665,68.6360781822,69.1873368418,8478536,8478536,0.0,1.0,tiingo_historical_seed,
2018-09-17,XLI,79.03,79.44,78.96,79.1,69.152336292,69.5110919275,69.0910853298,69.2135872541,8368638,8368638,0.0,1.0,tiingo_historical_seed,
2018-09-18,XLI,79.28,80.0,78.93,79.82,69.3710897283,70.0010996249,69.0648349174,69.8435971508,8691444,8691444,0.0,1.0,tiingo_historical_seed,
2018-09-19,XLI,79.74,80.25,79.65,79.75,69.7735960511,70.2198530612,69.6948448141,69.7823461886,7938275,7938275,0.0,1.0,tiingo_historical_seed,
2018-09-20,XLI,80.12,80.41,79.54,79.87,70.1061012743,70.3598552605,69.5985933021,69.887347838,11466861,11466861,0.0,1.0,tiingo_historical_seed,
2018-09-21,XLI,79.75,80.0,79.63,80.0,70.1171269944,70.3369299004,70.0116215996,70.3369299004,15133937,15133937,0.3838,1.0,tiingo_historical_seed,
2018-09-24,XLI,79.5,79.6,78.55,78.63,69.8973240885,69.9852452509,69.0620730459,69.1324099758,11999602,11999602,0.0,1.0,tiingo_historical_seed,
2018-09-25,XLI,78.73,78.83,78.31,78.39,69.2203311382,69.3082523006,68.8510622562,68.9213991861,12369579,12369579,0.0,1.0,tiingo_historical_seed,
2018-09-26,XLI,78.56,78.84,78.19,78.34,69.0708651622,69.3170444168,68.7455568614,68.8774386049,11426216,11426216,0.0,1.0,tiingo_historical_seed,
2018-09-27,XLI,78.54,78.82,78.19,78.45,69.0532809297,69.2994601843,68.7455568614,68.9741518835,8504177,8504177,0.0,1.0,tiingo_historical_seed,
2018-09-28,XLI,78.27,78.58,78.13,78.4,68.8158937913,69.0884493946,68.6928041639,68.9301913024,7545351,7545351,0.0,1.0,tiingo_historical_seed,
2018-10-01,XLI,79.36,79.55,78.81,79.09,69.7742344612,69.9412846697,69.2906680681,69.5368473227,16832131,16832131,0.0,1.0,tiingo_historical_seed,
2018-10-02,XLI,79.05,79.41,78.8,79.27,69.5016788578,69.8181950423,69.2818759519,69.695105415,8524037,8524037,0.0,1.0,tiingo_historical_seed,
2018-10-03,XLI,79.6,80.02,79.43,79.6,69.9852452509,70.3545141328,69.8357792748,69.9852452509,10534891,10534891,0.0,1.0,tiingo_historical_seed,
2018-10-04,XLI,79.43,79.75,78.74,79.34,69.8357792748,70.1171269944,69.2291232544,69.7566502287,12521034,12521034,0.0,1.0,tiingo_historical_seed,
2018-10-05,XLI,79.39,79.75,78.52,78.93,69.8006108099,70.1171269944,69.0356966972,69.3961734629,14165540,14165540,0.0,1.0,tiingo_historical_seed,
2018-10-08,XLI,78.9,79.2,78.31,79.13,69.3697971142,69.6335606014,68.8510622562,69.5720157877,9359667,9359667,0.0,1.0,tiingo_historical_seed,
2018-10-09,XLI,78.9,79.02,77.9,77.91,69.3697971142,69.4753025091,68.4905854905,68.4993776067,11606904,11606904,0.0,1.0,tiingo_historical_seed,
2018-10-10,XLI,77.77,77.77,75.19,75.4,68.3762879794,68.3762879794,66.1079219901,66.2925564311,34050401,34050401,0.0,1.0,tiingo_historical_seed,
2018-10-11,XLI,74.91,75.57,73.2,73.41,65.8617427355,66.4420224071,64.3582908588,64.5429252998,54550493,54550493,0.0,1.0,tiingo_historical_seed,
2018-10-12,XLI,74.7,74.81,73.05,73.9,65.6771082945,65.7738215731,64.2264091153,64.9737389955,29409772,29409772,0.0,1.0,tiingo_historical_seed,
2018-10-15,XLI,73.85,74.63,73.79,74.04,64.9297784143,65.6155634808,64.8770257168,65.0968286228,15201219,15201219,0.0,1.0,tiingo_historical_seed,
2018-10-16,XLI,74.32,75.36,74.0,75.29,65.3430078774,66.2573879661,65.0616601578,66.1958431525,12547323,12547323,0.0,1.0,tiingo_historical_seed,
2018-10-17,XLI,75.31,75.55,74.34,74.74,66.213427385,66.4244381747,65.3605921099,65.7122767594,15610606,15610606,0.0,1.0,tiingo_historical_seed,
2018-10-18,XLI,74.28,74.58,73.0,73.45,65.3078394125,65.5716028996,64.1824485341,64.5780937648,19139268,19139268,0.0,1.0,tiingo_historical_seed,
2018-10-19,XLI,73.41,73.89,72.92,73.18,64.5429252998,64.9649468792,64.1121116042,64.3407066264,17152370,17152370,0.0,1.0,tiingo_historical_seed,
2018-10-22,XLI,73.29,73.47,72.59,72.93,64.437419905,64.5956779972,63.8219717683,64.1209037204,13675531,13675531,0.0,1.0,tiingo_historical_seed,
2018-10-23,XLI,71.24,72.25,70.67,71.73,62.6350360763,63.5230398163,62.1338854507,63.0658497719,25139942,25139942,0.0,1.0,tiingo_historical_seed,
2018-10-24,XLI,71.95,72.15,69.17,69.3,63.2592763291,63.4351186539,60.8150680151,60.9293655262,22170917,22170917,0.0,1.0,tiingo_historical_seed,
2018-10-25,XLI,69.6,70.31,69.25,69.79,61.1931290133,61.8173692662,60.885404945,61.3601792218,23871513,23871513,0.0,1.0,tiingo_historical_seed,
2018-10-26,XLI,69.08,69.86,68.12,69.1,60.735938969,61.4217240355,59.8918958102,60.7535232014,34330876,34330876,0.0,1.0,tiingo_historical_seed,
2018-10-29,XLI,70.06,70.22,66.99,67.95,61.5975663602,61.73824022,58.8983866753,59.7424298341,23645624,23645624,0.0,1.0,tiingo_historical_seed,
2018-10-30,XLI,67.88,69.43,67.61,69.35,59.6808850205,61.0436630373,59.443497882,60.9733261074,23445831,23445831,0.0,1.0,tiingo_historical_seed,
2018-10-31,XLI,70.01,70.74,69.84,69.88,61.5536057791,62.1954302644,61.404139803,61.439308268,14205471,14205471,0.0,1.0,tiingo_historical_seed,
2018-11-01,XLI,70.17,71.35,70.02,71.11,61.6942796389,62.7317493549,61.5623978953,62.5207385652,22653848,22653848,0.0,1.0,tiingo_historical_seed,
2018-11-02,XLI,71.75,71.93,70.55,70.99,63.0834340044,63.2416920967,62.0283800559,62.4152331703,23216442,23216442,0.0,1.0,tiingo_historical_seed,
2018-11-05,XLI,71.06,71.64,70.86,71.36,62.476777984,62.9867207258,62.3009356592,62.7405414711,17524352,17524352,0.0,1.0,tiingo_historical_seed,
2018-11-06,XLI,71.29,72.16,71.19,72.11,62.6789966575,63.4439107701,62.5910754951,63.3999501889,15588995,15588995,0.0,1.0,tiingo_historical_seed,
2018-11-07,XLI,72.79,73.34,72.0,73.28,63.9978140931,64.4813804862,63.3032369103,64.4286277887,14217774,14217774,0.0,1.0,tiingo_historical_seed,
2018-11-08,XLI,73.12,73.54,72.86,73.16,64.2879539289,64.6572228109,64.0593589068,64.3231223939,11967438,11967438,0.0,1.0,tiingo_historical_seed,
2018-11-09,XLI,72.65,72.9,71.91,72.42,63.8747244658,64.0945273717,63.2241078642,63.6725057923,23409062,23409062,0.0,1.0,tiingo_historical_seed,
2018-11-12,XLI,72.37,72.42,70.88,70.99,63.6285452111,63.6725057923,62.3185198917,62.4152331703,10822335,10822335,0.0,1.0,tiingo_historical_seed,
2018-11-13,XLI,71.06,72.22,70.86,71.31,62.476777984,63.4966634676,62.3009356592,62.6965808899,16032159,16032159,0.0,1.0,tiingo_historical_seed,
2018-11-14,XLI,71.79,72.27,70.6,71.07,63.1186024693,63.5406240487,62.0723406371,62.4855701002,18374116,18374116,0.0,1.0,tiingo_historical_seed,
2018-11-15,XLI,70.53,72.39,70.27,72.01,62.0107958234,63.6461294436,61.7822008012,63.3120290266,24411606,24411606,0.0,1.0,tiingo_historical_seed,
2018-11-16,XLI,71.8,72.34,71.36,71.99,63.1273945856,63.6021688624,62.7405414711,63.2944447941,15156011,15156011,0.0,1.0,tiingo_historical_seed,
2018-11-19,XLI,71.87,71.95,70.57,70.85,63.1889393992,63.2592763291,62.0459642884,62.292143543,14365307,14365307,0.0,1.0,tiingo_historical_seed,
2018-11-20,XLI,69.68,70.06,69.08,69.38,61.2634659432,61.5975663602,60.735938969,60.9997024561,18024908,18024908,0.0,1.0,tiingo_historical_seed,
2018-11-21,XLI,69.91,70.42,69.74,69.87,61.4656846167,61.9140825448,61.3162186406,61.4305161517,10846049,10846049,0.0,1.0,tiingo_historical_seed,
2018-11-23,XLI,69.35,70.205,69.34,69.73,60.9733261074,61.7250520457,60.9645339911,61.3074265244,6205521,6205521,0.0,1.0,tiingo_historical_seed,
2018-11-26,XLI,70.27,70.66,69.73,70.24,61.7822008012,62.1250933345,61.3074265244,61.7558244525,12896350,12896350,0.0,1.0,tiingo_historical_seed,
2018-11-27,XLI,69.91,70.2,69.43,70.12,61.4656846167,61.7206559876,61.0436630373,61.6503190577,14431248,14431248,0.0,1.0,tiingo_historical_seed,
2018-11-28,XLI,70.5,71.8,69.98,71.8,61.9844194747,63.1273945856,61.5272294303,63.1273945856,14139681,14139681,0.0,1.0,tiingo_historical_seed,
2018-11-29,XLI,71.64,72.18,71.13,71.84,62.9867207258,63.4614950026,62.5383227977,63.1625630505,12997957,12997957,0.0,1.0,tiingo_historical_seed,
2018-11-30,XLI,71.76,72.65,71.6,72.54,63.0922261206,63.8747244658,62.9515522608,63.7780111872,16428124,16428124,0.0,1.0,tiingo_historical_seed,
2018-12-03,XLI,73.91,74.46,73.07,73.38,64.9825311117,65.4660975048,64.2439933477,64.5165489511,19551093,19551093,0.0,1.0,tiingo_historical_seed,
2018-12-04,XLI,73.14,73.14,70.16,70.26,64.3055381614,64.3055381614,61.6854875226,61.773408685,20580524,20580524,0.0,1.0,tiingo_historical_seed,
2018-12-06,XLI,68.96,69.88,67.8,69.87,60.6304335741,61.439308268,59.6105480906,61.4305161517,28326215,28326215,0.0,1.0,tiingo_historical_seed,
2018-12-07,XLI,69.7,70.5,67.8,68.03,61.2810501757,61.9844194747,59.6105480906,59.812766764,19238288,19238288,0.0,1.0,tiingo_historical_seed,
2018-12-10,XLI,67.96,68.44,66.7,68.2,59.7512219504,60.1732435298,58.6434153044,59.9622327401,25360052,25360052,0.0,1.0,tiingo_historical_seed,
2018-12-11,XLI,69.3,69.44,67.39,67.8,60.9293655262,61.0524551535,59.2500713248,59.6105480906,18475738,18475738,0.0,1.0,tiingo_historical_seed,
2018-12-12,XLI,68.7,69.2,68.13,68.18,60.4018385519,60.8414443638,59.9006879264,59.9446485076,14776421,14776421,0.0,1.0,tiingo_historical_seed,
2018-12-13,XLI,68.7,68.81,67.72,67.99,60.4018385519,60.4985518305,59.5402111607,59.7775982991,15917813,15917813,0.0,1.0,tiingo_historical_seed,
2018-12-14,XLI,67.26,67.94,66.83,67.05,59.1357738137,59.7336377179,58.7577128155,58.9511393727,14806200,14806200,0.0,1.0,tiingo_historical_seed,
2018-12-17,XLI,66.88,67.3,65.54,65.95,58.8016733967,59.1709422787,57.6235298209,57.9840065866,19796763,19796763,0.0,1.0,tiingo_historical_seed,
2018-12-18,XLI,66.63,67.14,65.9,66.28,58.5818704908,59.0302684189,57.9400460054,58.2741464225,15665189,15665189,0.0,1.0,tiingo_historical_seed,
2018-12-19,XLI,66.2,67.6,64.59,65.03,58.2038094925,59.4347057658,56.7882787783,57.1751318928,23553264,23553264,0.0,1.0,tiingo_historical_seed,
2018-12-20,XLI,64.6,65.18,63.13,63.84,56.7970708945,57.3070136363,55.5046298076,56.1288700605,25709873,25709873,0.0,1.0,tiingo_historical_seed,
2018-12-21,XLI,63.61,64.22,62.11,62.25,56.2791914353,56.8188912746,54.952060683,55.0759262199,28744234,28744234,0.3924,1.0,tiingo_historical_seed,
2018-12-24,XLI,61.67,61.95,60.29,60.34,54.5627689957,54.8105000694,53.3418087036,53.3860463953,15800225,15800225,0.0,1.0,tiingo_historical_seed,
2018-12-26,XLI,60.58,63.22,59.92,63.15,53.5983873157,55.9341374397,53.0144497847,55.8722046713,17549022,17549022,0.0,1.0,tiingo_historical_seed,
2018-12-27,XLI,62.22,63.97,61.53,63.94,55.0493836048,56.5977028158,54.4389034588,56.5711602008,13980668,13980668,0.0,1.0,tiingo_historical_seed,
2018-12-28,XLI,64.17,64.7,63.55,63.77,56.7746535828,57.2435731153,56.2261062052,56.4207520489,15917228,15917228,0.0,1.0,tiingo_historical_seed,
2018-12-31,XLI,64.15,64.54,63.73,64.41,56.7569585061,57.1020125017,56.3853618955,56.9869945032,10068931,10068931,0.0,1.0,tiingo_historical_seed,
2019-01-02,XLI,63.46,64.79,63.09,64.74,56.1464783601,57.3232009604,55.8191194412,57.2789632687,14687529,14687529,0.0,1.0,tiingo_historical_seed,
2019-01-03,XLI,64.29,64.29,62.49,62.77,56.880824043,56.880824043,55.2882671402,55.535998214,25976240,25976240,0.0,1.0,tiingo_historical_seed,
2019-01-04,XLI,63.69,65.27,63.69,65.15,56.3499717421,57.7478828012,56.3499717421,57.641712341,19883639,19883639,0.0,1.0,tiingo_historical_seed,
2019-01-07,XLI,65.42,66.11,64.8,65.68,57.8805958764,58.4910760224,57.3320484988,58.1106318734,15193145,15193145,0.0,1.0,tiingo_historical_seed,
2019-01-08,XLI,66.58,66.99,65.95,66.58,58.9069103248,59.2696593971,58.3495154089,58.9069103248,23069774,23069774,0.0,1.0,tiingo_historical_seed,
2019-01-09,XLI,66.84,67.34,66.6,67.03,59.1369463219,59.5793232393,58.9246054015,59.3050495505,10036734,10036734,0.0,1.0,tiingo_historical_seed,
2019-01-10,XLI,66.79,68.02,66.49,67.94,59.0927086301,60.180955847,58.8272824797,60.1101755402,8900490,8900490,0.0,1.0,tiingo_historical_seed,
2019-01-11,XLI,67.48,67.91,67.24,67.87,59.7031887762,60.0836329252,59.4908478558,60.0482427718,10691276,10691276,0.0,1.0,tiingo_historical_seed,
2019-01-14,XLI,67.37,68.17,67.16,67.86,59.6058658544,60.3136689222,59.420067549,60.0393952334,10105477,10105477,0.0,1.0,tiingo_historical_seed,
2019-01-15,XLI,67.8,68.09,67.27,67.65,59.9863100033,60.2428886154,59.5173904709,59.8535969281,12517456,12517456,0.0,1.0,tiingo_historical_seed,
2019-01-16,XLI,67.74,68.06,67.62,67.72,59.9332247732,60.2163460004,59.8270543131,59.9155296966,12029894,12029894,0.0,1.0,tiingo_historical_seed,
2019-01-17,XLI,67.44,69.26,67.35,68.88,59.6677986228,61.2780506022,59.5881707777,60.941844145,22922580,22922580,0.0,1.0,tiingo_historical_seed,
2019-01-18,XLI,69.48,70.44,69.27,70.19,61.4726964459,62.3220601274,61.2868981406,62.1008716686,20020208,20020208,0.0,1.0,tiingo_historical_seed,
2019-01-22,XLI,69.59,69.61,68.28,68.74,61.5700193677,61.5877144444,60.4109918441,60.8179786081,15935259,15935259,0.0,1.0,tiingo_historical_seed,
2019-01-23,XLI,69.19,69.55,68.07,68.84,61.2161178338,61.5346292143,60.2251935388,60.9064539916,13243826,13243826,0.0,1.0,tiingo_historical_seed,
2019-01-24,XLI,69.09,69.5,68.8,69.19,61.1276424503,61.4903915226,60.8710638382,61.2161178338,10361834,10361834,0.0,1.0,tiingo_historical_seed,
2019-01-25,XLI,69.85,70.36,69.66,70.07,61.8000553648,62.2512798206,61.6319521362,61.9947012085,13065935,13065935,0.0,1.0,tiingo_historical_seed,
2019-01-28,XLI,69.07,69.44,68.78,69.4,61.1099473736,61.4373062925,60.8533687615,61.4019161391,13143954,13143954,0.0,1.0,tiingo_historical_seed,
2019-01-29,XLI,69.7,70.49,69.68,70.36,61.6673422896,62.3662978191,61.6496472129,62.2512798206,12384037,12384037,0.0,1.0,tiingo_historical_seed,
2019-01-30,XLI,71.09,71.8,70.29,71.46,62.89715012,63.5253253428,62.1893470521,63.2245090389,16892456,16892456,0.0,1.0,tiingo_historical_seed,
2019-01-31,XLI,71.59,72.11,71.3,71.77,63.3395270374,63.7995990316,63.0829484253,63.4987827277,13867112,13867112,0.0,1.0,tiingo_historical_seed,
2019-02-01,XLI,71.98,72.41,71.69,71.88,63.684581033,64.065025182,63.4280024209,63.5961056496,11844953,11844953,0.0,1.0,tiingo_historical_seed,
2019-02-04,XLI,71.98,72.85,71.79,72.81,63.684581033,64.4543168694,63.5164778044,64.418926716,7688416,7688416,0.0,1.0,tiingo_historical_seed,
2019-02-05,XLI,72.93,73.48,72.7,73.44,64.5250971762,65.0117117853,64.3216037941,64.9763216319,9079115,9079115,0.0,1.0,tiingo_historical_seed,
2019-02-06,XLI,73.32,73.81,73.21,73.46,64.8701511718,65.3036805508,64.7728282499,64.9940167086,15557618,15557618,0.0,1.0,tiingo_historical_seed,
2019-02-07,XLI,72.99,73.38,72.4,72.96,64.5781824063,64.9232364018,64.0561776437,64.5516397912,15611371,15611371,0.0,1.0,tiingo_historical_seed,
2019-02-08,XLI,72.5,73.07,72.15,73.07,64.1446530272,64.648962713,63.834989185,64.648962713,15977037,15977037,0.0,1.0,tiingo_historical_seed,
2019-02-11,XLI,73.28,73.64,73.24,73.46,64.8347610184,65.1532723989,64.799370865,64.9940167086,7909836,7909836,0.0,1.0,tiingo_historical_seed,
2019-02-12,XLI,74.02,74.76,73.87,74.6,65.4894788562,66.1441966939,65.3567657809,66.0026360804,8909762,8909762,0.0,1.0,tiingo_historical_seed,
2019-02-13,XLI,74.87,75.27,74.67,75.04,66.2415196158,66.5954211497,66.0645688488,66.3919277677,8134248,8134248,0.0,1.0,tiingo_historical_seed,
2019-02-14,XLI,74.61,75.0,74.41,74.69,66.0114836187,66.3565376143,65.8345328517,66.0822639255,11703773,11703773,0.0,1.0,tiingo_historical_seed,
2019-02-15,XLI,75.15,75.7,74.99,75.69,66.4892506895,66.9758652987,66.347690076,66.9670177604,9593226,9593226,0.0,1.0,tiingo_historical_seed,
2019-02-19,XLI,75.46,75.9,75.22,75.66,66.7635243783,67.1528160657,66.551183458,66.9404751453,7994791,7994791,0.0,1.0,tiingo_historical_seed,
2019-02-20,XLI,75.63,76.06,75.54,76.02,66.9139325303,67.2943766793,66.8343046851,67.2589865259,8911369,8911369,0.0,1.0,tiingo_historical_seed,
2019-02-21,XLI,75.84,76.028,75.46,75.71,67.0997308356,67.2660645565,66.7635243783,66.9847128371,6782680,6782680,0.0,1.0,tiingo_historical_seed,
2019-02-22,XLI,75.98,76.25,75.68,76.21,67.2235963725,67.4624799079,66.958170222,67.4270897545,9816903,9816903,0.0,1.0,tiingo_historical_seed,
2019-02-25,XLI,77.0,77.13,76.48,76.51,68.126045284,68.2410632826,67.6659732899,67.6925159049,10108504,10108504,0.0,1.0,tiingo_historical_seed,
2019-02-26,XLI,76.31,76.76,76.28,76.3,67.515565138,67.9137043637,67.4890225229,67.5067175996,11731052,11731052,0.0,1.0,tiingo_historical_seed,
2019-02-27,XLI,76.17,76.67,75.89,76.6,67.3916996011,67.8340765185,67.1439685273,67.7721437501,8033257,8033257,0.0,1.0,tiingo_historical_seed,
2019-02-28,XLI,76.61,76.65,76.29,76.34,67.7809912884,67.8163814418,67.4978700613,67.542107753,8531259,8531259,0.0,1.0,tiingo_historical_seed,
2019-03-01,XLI,76.91,77.1,76.01,76.41,68.0464174389,68.2145206675,67.2501389875,67.6040405215,12786614,12786614,0.0,1.0,tiingo_historical_seed,
2019-03-04,XLI,76.77,77.1,75.48,76.07,67.922551902,68.2145206675,66.781219455,67.3032242176,19150433,19150433,0.0,1.0,tiingo_historical_seed,
2019-03-05,XLI,76.11,76.28,75.56,75.58,67.338614371,67.4890225229,66.8519997618,66.8696948385,13820552,13820552,0.0,1.0,tiingo_historical_seed,
2019-03-06,XLI,75.47,75.61,74.85,74.87,66.7723719167,66.8962374536,66.2238245391,66.2415196158,18468355,18468355,0.0,1.0,tiingo_historical_seed,
2019-03-07,XLI,74.68,74.8,73.77,74.42,66.0734163872,66.1795868473,65.2682903974,65.8433803901,19104699,19104699,0.0,1.0,tiingo_historical_seed,
2019-03-08,XLI,73.71,74.3,73.61,74.27,65.2152051673,65.7372099299,65.1267297839,65.7106673149,14341278,14341278,0.0,1.0,tiingo_historical_seed,
2019-03-11,XLI,73.21,74.93,73.04,74.9,64.7728282499,66.2946048459,64.622420098,66.2680622308,15298295,15298295,0.0,1.0,tiingo_historical_seed,
2019-03-12,XLI,74.8,74.89,74.14,74.28,66.1795868473,66.2592146925,65.5956493163,65.7195148532,17995791,17995791,0.0,1.0,tiingo_historical_seed,
2019-03-13,XLI,74.55,75.18,74.46,74.93,65.9583983886,66.5157933046,65.8787705435,66.2946048459,13387866,13387866,0.0,1.0,tiingo_historical_seed,
2019-03-14,XLI,74.92,75.11,74.49,74.68,66.2857573075,66.4538605361,65.9053131585,66.0734163872,9636528,9636528,0.0,1.0,tiingo_historical_seed,
2019-03-15,XLI,74.34,74.52,73.85,73.99,66.1527993137,66.3129755832,65.7167639133,65.8413454563,24900046,24900046,0.4277,1.0,tiingo_historical_seed,
2019-03-18,XLI,73.88,74.77,73.8,74.71,65.7434599582,66.5354426242,65.6722705051,66.4820505344,10313893,10313893,0.0,1.0,tiingo_historical_seed,
2019-03-19,XLI,74.96,75.22,74.155,74.44,66.7045175754,66.935883298,65.9881737033,66.2417861301,10778218,10778218,0.0,1.0,tiingo_historical_seed,
2019-03-20,XLI,74.25,74.53,73.52,73.93,66.0727111789,66.3218742649,65.4231074192,65.7879533664,11259449,11259449,0.0,1.0,tiingo_historical_seed,
2019-03-21,XLI,73.71,74.8,73.65,74.64,65.5921823703,66.5621386691,65.5387902805,66.4197597629,10638633,10638633,0.0,1.0,tiingo_historical_seed,
2019-03-22,XLI,74.22,74.27,72.9,72.95,66.046015134,66.0905085422,64.8713891575,64.9158825657,18004399,18004399,0.0,1.0,tiingo_historical_seed,
2019-03-25,XLI,72.97,73.51,72.79,73.12,64.933679929,65.4142087375,64.7735036594,65.0671601536,12372760,12372760,0.0,1.0,tiingo_historical_seed,
2019-03-26,XLI,73.64,73.91,73.16,73.61,65.5298915989,65.7701560032,65.1027548801,65.5031955539,10523982,10523982,0.0,1.0,tiingo_historical_seed,
2019-03-27,XLI,73.63,74.03,73.14,73.69,65.5209929172,65.8769401828,65.0849575169,65.5743850071,10556131,10556131,0.0,1.0,tiingo_historical_seed,
2019-03-28,XLI,73.9,74.33,73.69,74.23,65.7612573215,66.143900632,65.5743850071,66.0549138156,10030122,10030122,0.0,1.0,tiingo_historical_seed,
2019-03-29,XLI,74.72,75.09,74.66,75.03,66.490949216,66.8202004367,66.4375571262,66.7668083469,10138768,10138768,0.0,1.0,tiingo_historical_seed,
2019-04-01,XLI,75.72,76.7,75.67,76.58,67.38081738,68.2528881808,67.3363239718,68.1461040011,15530976,15530976,0.0,1.0,tiingo_historical_seed,
2019-04-02,XLI,76.62,76.82,76.36,76.55,68.1816987277,68.3596723605,67.950333005,68.1194079562,10397617,10397617,0.0,1.0,tiingo_historical_seed,
2019-04-03,XLI,76.86,76.96,76.12,76.32,68.395267087,68.4842539034,67.7367646457,67.9147382785,12726012,12726012,0.0,1.0,tiingo_historical_seed,
2019-04-04,XLI,76.28,77.06,76.27,76.79,67.8791435519,68.5732407198,67.8702448703,68.3329763155,9236642,9236642,0.0,1.0,tiingo_historical_seed,
2019-04-05,XLI,77.08,77.25,76.89,77.01,68.5910380831,68.742315671,68.421963132,68.5287473116,7531373,7531373,0.0,1.0,tiingo_historical_seed,
2019-04-08,XLI,76.43,76.7,76.1,76.68,68.0126237765,68.2528881808,67.7189672824,68.2350908175,8819137,8819137,0.0,1.0,tiingo_historical_seed,
2019-04-09,XLI,76.15,76.18,75.51,75.64,67.7634606906,67.7901567355,67.1939450656,67.3096279269,9814477,9814477,0.0,1.0,tiingo_historical_seed,
2019-04-10,XLI,75.7,75.78,75.16,75.62,67.3630200168,67.4342094699,66.8824912082,67.2918305636,13974689,13974689,0.0,1.0,tiingo_historical_seed,
2019-04-11,XLI,75.64,76.35,75.59,76.27,67.3096279269,67.9414343234,67.2651345187,67.8702448703,9532153,9532153,0.0,1.0,tiingo_historical_seed,
2019-04-12,XLI,77.01,77.28,76.74,77.28,68.5287473116,68.7690117159,68.2884829073,68.7690117159,11175121,11175121,0.0,1.0,tiingo_historical_seed,
2019-04-15,XLI,77.17,77.33,76.74,76.85,68.6711262179,68.8135051241,68.2884829073,68.3863684054,7368111,7368111,0.0,1.0,tiingo_historical_seed,
2019-04-16,XLI,77.11,77.42,76.93,77.32,68.617734128,68.8935932589,68.4575578585,68.8046064425,7101573,7101573,0.0,1.0,tiingo_historical_seed,
2019-04-17,XLI,77.78,77.99,77.4,77.42,69.2139457979,69.4008181124,68.8757958956,68.8935932589,10363901,10363901,0.0,1.0,tiingo_historical_seed,
2019-04-18,XLI,77.74,78.42,77.74,78.31,69.1783510714,69.7834614229,69.1783510714,69.6855759249,13192661,13192661,0.0,1.0,tiingo_historical_seed,
2019-04-22,XLI,78.01,78.25,77.69,78.07,69.4186154757,69.632183835,69.1338576632,69.4720075655,6477790,6477790,0.0,1.0,tiingo_historical_seed,
2019-04-23,XLI,78.3,78.91,78.06,78.75,69.6766772432,70.2194968233,69.4631088839,70.077117917,13760481,13760481,0.0,1.0,tiingo_historical_seed,
2019-04-24,XLI,78.75,78.95,78.49,78.52,70.077117917,70.2550915498,69.8457521944,69.8724482393,7718026,7718026,0.0,1.0,tiingo_historical_seed,
2019-04-25,XLI,77.64,77.66,76.59,76.94,69.089364255,69.1071616183,68.1550026827,68.4664565402,12555935,12555935,0.0,1.0,tiingo_historical_seed,
2019-04-26,XLI,76.98,77.52,76.84,77.52,68.5020512667,68.9825800753,68.3774697238,68.9825800753,12262594,12262594,0.0,1.0,tiingo_historical_seed,
2019-04-29,XLI,77.52,77.95,77.43,77.7,68.9825800753,69.3652233858,68.9024919405,69.1427563448,8759251,8759251,0.0,1.0,tiingo_historical_seed,
2019-04-30,XLI,78.02,78.22,77.35,78.01,69.4275141573,69.6054877901,68.8313024874,69.4186154757,9546653,9546653,0.0,1.0,tiingo_historical_seed,
2019-05-01,XLI,78.25,78.5,77.5,77.5,69.632183835,69.854650876,68.964782712,68.964782712,16918680,16918680,0.0,1.0,tiingo_historical_seed,
2019-05-02,XLI,77.31,77.63,76.81,77.46,68.7957077608,69.0804655733,68.3507736788,68.9291879854,16360969,16360969,0.0,1.0,tiingo_historical_seed,
2019-05-03,XLI,77.73,78.47,77.73,78.4,69.1694523897,69.8279548311,69.1694523897,69.7656640596,12904073,12904073,0.0,1.0,tiingo_historical_seed,
2019-05-06,XLI,76.76,77.79,76.7,77.65,68.3062802706,69.2228444796,68.2528881808,69.0982629366,11928825,11928825,0.0,1.0,tiingo_historical_seed,
2019-05-07,XLI,76.7,76.85,75.49,76.08,68.2528881808,68.3863684054,67.1761477023,67.7011699191,18356220,18356220,0.0,1.0,tiingo_historical_seed,
2019-05-08,XLI,75.94,76.61,75.83,76.08,67.5765883761,68.172800046,67.4787028781,67.7011699191,16464956,16464956,0.0,1.0,tiingo_historical_seed,
2019-05-09,XLI,75.28,76.1,74.83,75.97,66.9892753879,67.7189672824,66.5888347141,67.603284421,14923662,14923662,0.0,1.0,tiingo_historical_seed,
2019-05-10,XLI,75.47,76.46,74.59,76.27,67.158350339,68.0393198214,66.3752663547,67.8702448703,17419836,17419836,0.0,1.0,tiingo_historical_seed,
2019-05-13,XLI,74.5,74.79,73.6,74.1,66.2951782199,66.5532399875,65.4942968723,65.9392309543,20011033,20011033,0.0,1.0,tiingo_historical_seed,
2019-05-14,XLI,74.37,75.44,74.27,74.87,66.1794953586,67.1316542941,66.0905085422,66.6244294406,11318011,11318011,0.0,1.0,tiingo_historical_seed,
2019-05-15,XLI,74.2,75.28,74.03,74.97,66.0282177707,66.9892753879,65.8769401828,66.713416257,12289963,12289963,0.0,1.0,tiingo_historical_seed,
2019-05-16,XLI,75.31,75.91,75.16,75.66,67.0159714328,67.5498923312,66.8824912082,67.3274252902,7450005,7450005,0.0,1.0,tiingo_historical_seed,
2019-05-17,XLI,74.84,75.64,74.73,74.82,66.5977333957,67.3096279269,66.4998478977,66.5799360324,16305654,16305654,0.0,1.0,tiingo_historical_seed,
2019-05-20,XLI,74.35,74.91,74.28,74.63,66.1616979953,66.6600241672,66.0994072238,66.4108610813,11638491,11638491,0.0,1.0,tiingo_historical_seed,
2019-05-21,XLI,75.27,75.6,75.07,75.51,66.9803767062,67.2740332004,66.8024030734,67.1939450656,10612265,10612265,0.0,1.0,tiingo_historical_seed,
2019-05-22,XLI,75.25,75.34,74.89,74.89,66.9625793429,67.0426674777,66.6422268039,66.6422268039,9114746,9114746,0.0,1.0,tiingo_historical_seed,
2019-05-23,XLI,74.07,74.18,73.29,73.75,65.9125349094,66.0104204074,65.2184377415,65.6277770969,16205768,16205768,0.0,1.0,tiingo_historical_seed,
2019-05-24,XLI,74.24,74.37,73.58,73.78,66.0638124973,66.1794953586,65.476499509,65.6544731418,11127434,11127434,0.0,1.0,tiingo_historical_seed,
2019-05-28,XLI,73.87,74.15,73.09,73.1,65.7345612766,65.9837243625,65.0404641087,65.0493627903,11263080,11263080,0.0,1.0,tiingo_historical_seed,
2019-05-29,XLI,72.78,73.1,72.08,72.77,64.7646049778,65.0493627903,64.141697263,64.7557062962,14257069,14257069,0.0,1.0,tiingo_historical_seed,
2019-05-30,XLI,73.09,73.41,72.8,73.05,65.0404641087,65.3252219211,64.7824023411,65.0048693821,10103505,10103505,0.0,1.0,tiingo_historical_seed,
2019-05-31,XLI,72.27,72.55,71.99,72.05,64.3107722142,64.5599353001,64.0616091282,64.1150012181,13718389,13718389,0.0,1.0,tiingo_historical_seed,
2019-06-03,XLI,71.93,72.94,71.91,72.54,64.0082170384,64.906983884,63.9904196751,64.5510366184,17514954,17514954,0.0,1.0,tiingo_historical_seed,
2019-06-04,XLI,73.24,74.3,73.11,74.27,65.1739443333,66.1172045871,65.0582614719,66.0905085422,16424739,16424739,0.0,1.0,tiingo_historical_seed,
2019-06-05,XLI,74.66,75.08,74.4,74.99,66.4375571262,66.8113017551,66.2061914035,66.7312136203,12865641,12865641,0.0,1.0,tiingo_historical_seed,
2019-06-06,XLI,75.07,75.32,74.44,75.12,66.8024030734,67.0248701144,66.2417861301,66.8468964816,11387334,11387334,0.0,1.0,tiingo_historical_seed,
2019-06-07,XLI,75.4,76.03,75.35,75.72,67.0960595676,67.6566765109,67.0515661594,67.38081738,9234296,9234296,0.0,1.0,tiingo_historical_seed,
2019-06-10,XLI,76.44,76.65,75.795,75.82,68.0215224581,68.2083947726,67.4475574923,67.4698041964,9513873,9513873,0.0,1.0,tiingo_historical_seed,
2019-06-11,XLI,76.27,76.45,74.87,75.17,67.8702448703,68.0304211398,66.6244294406,66.8913898898,11936562,11936562,0.0,1.0,tiingo_historical_seed,
2019-06-12,XLI,75.11,75.37,74.93,75.33,66.8379978,67.0693635226,66.6778215305,67.0337687961,5612474,5612474,0.0,1.0,tiingo_historical_seed,
2019-06-13,XLI,75.46,75.76,75.26,75.71,67.1494516574,67.4164121066,66.9714780246,67.3719186984,6987036,6987036,0.0,1.0,tiingo_historical_seed,
2019-06-14,XLI,75.62,75.71,75.09,75.41,67.2918305636,67.3719186984,66.8202004367,67.1049582492,5966596,5966596,0.0,1.0,tiingo_historical_seed,
2019-06-17,XLI,75.45,75.57,75.09,75.15,67.1405529758,67.2473371554,66.8202004367,66.8735925265,7708766,7708766,0.0,1.0,tiingo_historical_seed,
2019-06-18,XLI,75.54,76.71,75.54,76.61,67.2206411105,68.2617868624,67.2206411105,68.172800046,12506299,12506299,0.0,1.0,tiingo_historical_seed,
2019-06-19,XLI,76.74,76.76,76.19,76.55,68.2884829073,68.3062802706,67.7990554171,68.1194079562,11171676,11171676,0.0,1.0,tiingo_historical_seed,
2019-06-20,XLI,77.45,77.93,76.955,77.83,68.9202893038,69.3474260225,68.4798045626,69.2584392061,14503224,14503224,0.0,1.0,tiingo_historical_seed,
2019-06-21,XLI,77.49,77.81,77.05,77.08,69.2577225783,69.5437268527,68.8644667009,68.8912796017,11526835,11526835,0.3374,1.0,tiingo_historical_seed,
2019-06-24,XLI,77.11,77.39,76.9,76.93,68.9180925024,69.1683462425,68.7304021973,68.757215098,8388348,8388348,0.0,1.0,tiingo_historical_seed,
2019-06-25,XLI,76.93,76.96,76.29,76.35,68.757215098,68.7840279988,68.1852065492,68.2388323506,9267637,9267637,0.0,1.0,tiingo_historical_seed,
2019-06-26,XLI,76.56,76.76,76.35,76.54,68.4265226557,68.6052753272,68.2388323506,68.4086473886,7262692,7262692,0.0,1.0,tiingo_historical_seed,
2019-06-27,XLI,76.6,76.87,76.29,76.61,68.46227319,68.7035892966,68.1852065492,68.4712108236,7573783,7573783,0.0,1.0,tiingo_historical_seed,
2019-06-28,XLI,76.72,77.47,76.72,77.42,68.5695247929,69.2398473111,68.5695247929,69.1951591432,11152333,11152333,0.0,1.0,tiingo_historical_seed,
2019-07-01,XLI,78.05,78.44,77.16,77.49,69.7582300585,70.106797768,68.9627806703,69.2577225783,10319402,10319402,0.0,1.0,tiingo_historical_seed,
2019-07-02,XLI,77.57,77.68,77.21,77.39,69.3292236469,69.4275376162,69.0074688381,69.1683462425,9237308,9237308,0.0,1.0,tiingo_historical_seed,
2019-07-03,XLI,77.64,77.85,77.36,77.82,69.3917870819,69.579477387,69.1415333418,69.5526644863,8091385,8091385,0.0,1.0,tiingo_historical_seed,
2019-07-05,XLI,77.46,77.51,76.45,77.51,69.2309096775,69.2755978454,68.3282086864,69.2755978454,6388987,6388987,0.0,1.0,tiingo_historical_seed,
2019-07-08,XLI,77.04,77.27,76.67,76.87,68.8555290674,69.0610946396,68.5248366251,68.7035892966,6039855,6039855,0.0,1.0,tiingo_historical_seed,
2019-07-09,XLI,76.4,76.79,76.28,76.7,68.2835205185,68.632088228,68.1762689156,68.5516495258,10137495,10137495,0.0,1.0,tiingo_historical_seed,
2019-07-10,XLI,76.92,77.26,76.45,76.52,68.7482774644,69.052157006,68.3282086864,68.3907721214,10124841,10124841,0.0,1.0,tiingo_historical_seed,
2019-07-11,XLI,76.5,77.05,76.38,77.04,68.3728968543,68.8644667009,68.2656452514,68.8555290674,7393867,7393867,0.0,1.0,tiingo_historical_seed,
2019-07-12,XLI,77.3,78.41,77.3,78.39,69.0879075403,70.0799848672,69.0879075403,70.0621096001,12152773,12152773,0.0,1.0,tiingo_historical_seed,
2019-07-15,XLI,78.39,78.39,77.96,78.07,70.0621096001,70.0621096001,69.6777913563,69.7761053257,4452546,4452546,0.0,1.0,tiingo_historical_seed,
2019-07-16,XLI,78.06,78.78,78.06,78.57,69.7671676921,70.4106773095,69.7671676921,70.2229870044,8115339,8115339,0.0,1.0,tiingo_historical_seed,
2019-07-17,XLI,78.12,78.19,76.86,76.89,69.8207934935,69.8833569286,68.694651663,68.7214645637,11235096,11235096,0.0,1.0,tiingo_historical_seed,
2019-07-18,XLI,76.94,77.14,76.56,77.03,68.7661527316,68.9449054031,68.4265226557,68.8465914338,6647874,6647874,0.0,1.0,tiingo_historical_seed,
2019-07-19,XLI,77.53,77.92,77.4,77.45,69.2934731126,69.642040822,69.1772838761,69.221972044,7601729,7601729,0.0,1.0,tiingo_historical_seed,
2019-07-22,XLI,77.59,77.91,77.26,77.51,69.347098914,69.6331031884,69.052157006,69.2755978454,8448168,8448168,0.0,1.0,tiingo_historical_seed,
2019-07-23,XLI,78.08,78.52,77.76,78.49,69.7850429592,70.1782988366,69.4990386848,70.1514859358,10284179,10284179,0.0,1.0,tiingo_historical_seed,
2019-07-24,XLI,77.85,79.02,77.83,78.83,69.579477387,70.6251805153,69.5616021198,70.4553654774,8692520,8692520,0.0,1.0,tiingo_historical_seed,
2019-07-25,XLI,78.83,79.07,78.32,78.67,70.4553654774,70.6698686832,69.999546165,70.3123633402,8759039,8759039,0.0,1.0,tiingo_historical_seed,
2019-07-26,XLI,78.52,78.71,78.24,78.5,70.1782988366,70.3481138745,69.9280450964,70.1604235694,6148092,6148092,0.0,1.0,tiingo_historical_seed,
2019-07-29,XLI,78.41,78.55,78.23,78.36,70.0799848672,70.2051117373,69.9191074629,70.0352966994,5387503,5387503,0.0,1.0,tiingo_historical_seed,
2019-07-30,XLI,77.87,78.7,77.6,78.7,69.5973526541,70.3391762409,69.3560365476,70.3391762409,7071716,7071716,0.0,1.0,tiingo_historical_seed,
2019-07-31,XLI,78.74,78.9,77.22,77.82,70.3749267752,70.5179289124,69.0164064717,69.5526644863,12485267,12485267,0.0,1.0,tiingo_historical_seed,
2019-08-01,XLI,77.68,78.28,76.17,76.31,69.4275376162,69.9637956307,68.0779549463,68.2030818163,18665734,18665734,0.0,1.0,tiingo_historical_seed,
2019-08-02,XLI,76.05,76.21,75.3,75.82,67.9707033434,68.1137054806,67.3003808252,67.7651377711,12992427,12992427,0.0,1.0,tiingo_historical_seed,
2019-08-05,XLI,74.62,74.63,73.08,73.72,66.692621742,66.7015593756,65.3162261714,65.8882347202,14505160,14505160,0.0,1.0,tiingo_historical_seed,
2019-08-06,XLI,74.23,74.89,73.88,74.83,66.3440540326,66.9339378486,66.0312368574,66.8803120471,11758586,11758586,0.0,1.0,tiingo_historical_seed,
2019-08-07,XLI,73.86,74.93,73.32,74.79,66.0133615903,66.9696883829,65.5307293772,66.8445615128,15604345,15604345,0.0,1.0,tiingo_historical_seed,
2019-08-08,XLI,75.12,76.11,75.03,76.06,67.1395034208,68.0243291448,67.0590647186,67.9796409769,9353090,9353090,0.0,1.0,tiingo_historical_seed,
2019-08-09,XLI,75.78,75.86,74.98,75.42,67.7293872368,67.8008883054,67.0143765508,67.4076324281,8213556,8213556,0.0,1.0,tiingo_historical_seed,
2019-08-12,XLI,74.89,75.15,74.14,74.38,66.9339378486,67.1663163215,66.2636153304,66.4781185362,17160720,17160720,0.0,1.0,tiingo_historical_seed,
2019-08-13,XLI,74.29,76.03,74.15,75.27,66.397679834,67.9528280762,66.272552964,67.2735679245,14380814,14380814,0.0,1.0,tiingo_historical_seed,
2019-08-14,XLI,74.12,74.27,72.89,72.97,66.2457400632,66.3798045669,65.1464111334,65.217912202,13653813,13653813,0.0,1.0,tiingo_historical_seed,
2019-08-15,XLI,73.09,73.1,72.19,72.89,65.3251638049,65.3341014385,64.5207767831,65.1464111334,11981828,11981828,0.0,1.0,tiingo_historical_seed,
2019-08-16,XLI,73.49,74.45,73.41,74.3,65.682669148,66.5406819712,65.6111680794,66.4066174676,9575517,9575517,0.0,1.0,tiingo_historical_seed,
2019-08-19,XLI,75.18,75.32,74.87,75.0,67.1931292223,67.3182560923,66.9160625814,67.0322518179,4260525,4260525,0.0,1.0,tiingo_historical_seed,
2019-08-20,XLI,74.86,75.03,74.5,74.56,66.9071249478,67.0590647186,66.5853701391,66.6389959406,4695401,4695401,0.0,1.0,tiingo_historical_seed,
2019-08-21,XLI,75.13,75.35,74.9,75.02,67.1484410544,67.3450689931,66.9428754822,67.0501270851,5399205,5399205,0.0,1.0,tiingo_historical_seed,
2019-08-22,XLI,75.23,75.54,74.57,75.13,67.2378173902,67.514884031,66.6479335742,67.1484410544,7692406,7692406,0.0,1.0,tiingo_historical_seed,
2019-08-23,XLI,74.66,75.22,72.77,73.12,66.7283722763,67.2288797566,65.0391595305,65.3519767057,26477615,26477615,0.0,1.0,tiingo_historical_seed,
2019-08-26,XLI,73.97,74.09,73.02,73.66,66.1116755596,66.2189271625,65.2626003699,65.8346089188,14041865,14041865,0.0,1.0,tiingo_historical_seed,
2019-08-27,XLI,74.05,74.08,73.11,73.28,66.1831766282,66.2099895289,65.3430390721,65.4949788429,9943314,9943314,0.0,1.0,tiingo_historical_seed,
2019-08-28,XLI,73.08,74.18,72.77,74.18,65.3162261714,66.2993658647,65.0391595305,66.2993658647,11921308,11921308,0.0,1.0,tiingo_historical_seed,
2019-08-29,XLI,75.0,75.62,74.7,75.45,67.0322518179,67.5863850996,66.7641228106,67.4344453288,10651035,10651035,0.0,1.0,tiingo_historical_seed,
2019-08-30,XLI,75.95,76.26,75.61,75.76,67.8813270076,68.1583936484,67.577447466,67.7115119697,7500225,7500225,0.0,1.0,tiingo_historical_seed,
2019-09-03,XLI,75.04,75.8,74.26,74.73,67.0680023522,67.747262504,66.3708669333,66.7909357114,12787100,12787100,0.0,1.0,tiingo_historical_seed,
2019-09-04,XLI,75.33,75.76,74.73,75.68,67.3271937259,67.7115119697,66.7909357114,67.6400109011,9265635,9265635,0.0,1.0,tiingo_historical_seed,
2019-09-05,XLI,76.59,77.6,76.54,77.04,68.4533355564,69.3560365476,68.4086473886,68.8555290674,14266800,14266800,0.0,1.0,tiingo_historical_seed,
2019-09-06,XLI,77.33,77.46,76.97,77.2,69.1147204411,69.2309096775,68.7929656323,68.9985312046,6938705,6938705,0.0,1.0,tiingo_historical_seed,
2019-09-09,XLI,77.38,77.78,77.25,77.43,69.1594086089,69.516913952,69.0432193724,69.2040967768,8080968,8080968,0.0,1.0,tiingo_historical_seed,
2019-09-10,XLI,77.23,78.16,76.96,78.14,69.0253441053,69.8565440278,68.7840279988,69.8386687607,9487356,9487356,0.0,1.0,tiingo_historical_seed,
2019-09-11,XLI,78.3,78.92,77.88,78.87,69.9816708979,70.5358041796,69.6062902877,70.4911160117,14262366,14262366,0.0,1.0,tiingo_historical_seed,
2019-09-12,XLI,79.09,79.3,78.57,78.92,70.6877439504,70.8754342555,70.2229870044,70.5358041796,18667744,18667744,0.0,1.0,tiingo_historical_seed,
2019-09-13,XLI,79.28,79.79,79.25,79.35,70.8575589883,71.3133783007,70.8307460876,70.9201224233,9357581,9357581,0.0,1.0,tiingo_historical_seed,
2019-09-16,XLI,79.12,79.41,78.94,79.28,70.7145568511,70.9737482248,70.5536794467,70.8575589883,8011584,8011584,0.0,1.0,tiingo_historical_seed,
2019-09-17,XLI,79.09,79.31,78.67,79.24,70.6877439504,70.884371889,70.3123633402,70.821808454,6250776,6250776,0.0,1.0,tiingo_historical_seed,
2019-09-18,XLI,78.78,79.16,78.24,79.12,70.4106773095,70.7503073854,69.9280450964,70.7145568511,8089653,8089653,0.0,1.0,tiingo_historical_seed,
2019-09-19,XLI,79.09,79.35,78.68,78.72,70.6877439504,70.9201224233,70.3213009738,70.3570515081,5076787,5076787,0.0,1.0,tiingo_historical_seed,
2019-09-20,XLI,78.39,78.66,77.59,77.81,70.4353846005,70.6779863844,69.7165645,69.9142400276,10493363,10493363,0.414554,1.0,tiingo_historical_seed,
2019-09-23,XLI,77.5,77.94,77.22,77.66,69.6356972387,70.031048294,69.3841102035,69.7794612588,14480230,14480230,0.0,1.0,tiingo_historical_seed,
2019-09-24,XLI,78.0,78.19,76.83,77.22,70.0849598015,70.2556795754,69.0336854045,69.3841102035,11878529,11878529,0.0,1.0,tiingo_historical_seed,
2019-09-25,XLI,77.34,77.87,77.07,77.72,69.4919332186,69.9681515352,69.2493314346,69.8333727663,10002812,10002812,0.0,1.0,tiingo_historical_seed,
2019-09-26,XLI,77.85,78.08,77.42,77.83,69.9501810326,70.1568418115,69.5638152286,69.9322105301,9600984,9600984,0.0,1.0,tiingo_historical_seed,
2019-09-27,XLI,78.09,78.18,77.16,77.52,70.1658270628,70.2466943241,69.3301986959,69.6536677412,10226850,10226850,0.0,1.0,tiingo_historical_seed,
2019-09-30,XLI,77.61,77.89,77.61,77.63,69.7345350025,69.9861220377,69.7345350025,69.752505505,6225132,6225132,0.0,1.0,tiingo_historical_seed,
2019-10-01,XLI,77.91,78.24,75.69,75.77,70.0040925402,70.3006058317,68.0093667612,68.0812487713,15974797,15974797,0.0,1.0,tiingo_historical_seed,
2019-10-02,XLI,75.12,75.13,73.79,74.34,67.4972074396,67.5061926909,66.3021690225,66.7963578416,12499690,12499690,0.0,1.0,tiingo_historical_seed,
2019-10-03,XLI,74.17,74.85,73.18,74.83,66.6436085702,67.2546056557,65.7540686958,67.2366351532,16635180,16635180,0.0,1.0,tiingo_historical_seed,
2019-10-04,XLI,74.88,75.7,74.8,75.61,67.2815614094,68.0183520125,67.2096793994,67.9374847512,9178987,9178987,0.0,1.0,tiingo_historical_seed,
2019-10-07,XLI,75.38,75.87,75.07,75.23,67.7308239723,68.1711012838,67.4522811833,67.5960452034,7305462,7305462,0.0,1.0,tiingo_historical_seed,
2019-10-08,XLI,74.47,74.87,74.02,74.07,66.9131661079,67.2725761582,66.5088298014,66.5537560577,11582341,11582341,0.0,1.0,tiingo_historical_seed,
2019-10-09,XLI,74.68,75.0,74.28,74.7,67.1018563843,67.3893844245,66.742446334,67.1198268868,6271533,6271533,0.0,1.0,tiingo_historical_seed,
2019-10-10,XLI,74.55,75.65,74.55,75.38,66.985048118,67.9734257562,66.985048118,67.7308239723,9320877,9320877,0.0,1.0,tiingo_historical_seed,
2019-10-11,XLI,76.38,77.48,76.18,76.8,68.6293490979,69.6177267362,68.4496440728,69.0067296507,16252274,16252274,0.0,1.0,tiingo_historical_seed,
2019-10-14,XLI,76.65,76.87,76.41,76.65,68.8719508819,69.0696264095,68.6563048517,68.8719508819,4863349,4863349,0.0,1.0,tiingo_historical_seed,
2019-10-15,XLI,76.79,77.57,76.63,77.27,68.9977443994,69.6985939975,68.8539803793,69.4290364598,8985760,8985760,0.0,1.0,tiingo_historical_seed,
2019-10-16,XLI,77.13,77.62,77.09,77.23,69.3032429422,69.7435202537,69.2673019371,69.3930954547,8797300,8797300,0.0,1.0,tiingo_historical_seed,
2019-10-17,XLI,77.67,78.19,77.54,77.61,69.78844651,70.2556795754,69.6716382437,69.7345350025,7978942,7978942,0.0,1.0,tiingo_historical_seed,
2019-10-18,XLI,77.44,77.6,76.86,76.94,69.5817857311,69.7255497512,69.0606411582,69.1325231683,9694456,9694456,0.0,1.0,tiingo_historical_seed,
2019-10-21,XLI,77.23,77.57,77.11,77.4,69.3930954547,69.6985939975,69.2852724397,69.5458447261,8428064,8428064,0.0,1.0,tiingo_historical_seed,
2019-10-22,XLI,77.49,78.24,77.2,78.01,69.6267119874,70.3006058317,69.366139701,70.0939450528,11366743,11366743,0.0,1.0,tiingo_historical_seed,
2019-10-23,XLI,77.98,78.05,77.67,78.0,70.066989299,70.1298860578,69.78844651,70.0849598015,7390190,7390190,0.0,1.0,tiingo_historical_seed,
2019-10-24,XLI,78.13,78.22,77.55,78.11,70.2017680678,70.2826353291,69.6806234949,70.1837975653,8414560,8414560,0.0,1.0,tiingo_historical_seed,
2019-10-25,XLI,78.09,78.78,78.05,78.6,70.1658270628,70.7858093995,70.1298860578,70.6240748769,7718450,7718450,0.0,1.0,tiingo_historical_seed,
2019-10-28,XLI,78.77,79.23,78.76,78.82,70.7768241483,71.1901457061,70.767838897,70.8217504045,8128121,8128121,0.0,1.0,tiingo_historical_seed,
2019-10-29,XLI,78.5,79.29,78.4,79.08,70.5342223643,71.2440572136,70.4443698518,71.0553669372,10429111,10429111,0.0,1.0,tiingo_historical_seed,
2019-10-30,XLI,79.23,79.43,78.8,79.36,71.1901457061,71.3698507312,70.803779902,71.3069539724,9208212,9208212,0.0,1.0,tiingo_historical_seed,
2019-10-31,XLI,79.12,79.12,78.11,78.51,71.0913079422,71.0913079422,70.1837975653,70.5432076156,10693182,10693182,0.0,1.0,tiingo_historical_seed,
2019-11-01,XLI,79.06,80.22,79.01,80.22,71.0373964347,72.0796855805,70.9924701784,72.0796855805,19657946,19657946,0.0,1.0,tiingo_historical_seed,
2019-11-04,XLI,80.66,81.18,80.66,81.15,72.4750366358,72.9422697011,72.4750366358,72.9153139473,15294167,15294167,0.0,1.0,tiingo_historical_seed,
2019-11-05,XLI,81.3,81.68,81.08,81.32,73.0500927162,73.3915322639,72.8524171885,73.0680632187,14923671,14923671,0.0,1.0,tiingo_historical_seed,
2019-11-06,XLI,81.25,81.38,80.9,81.37,73.0051664599,73.1219747262,72.6906826659,73.112989475,12253162,12253162,0.0,1.0,tiingo_historical_seed,
2019-11-07,XLI,81.8,82.18,81.52,81.65,73.499355279,73.8407948268,73.2477682438,73.3645765102,10296950,10296950,0.0,1.0,tiingo_historical_seed,
2019-11-08,XLI,81.48,81.76,81.23,81.76,73.2118272388,73.463414274,72.9871959574,73.463414274,6323390,6323390,0.0,1.0,tiingo_historical_seed,
2019-11-11,XLI,81.26,81.93,81.13,81.8,73.0141517111,73.6161635453,72.8973434448,73.499355279,5801492,5801492,0.0,1.0,tiingo_historical_seed,
2019-11-12,XLI,81.93,82.17,81.62,81.79,73.6161635453,73.8318095755,73.3376207564,73.4903700277,8293469,8293469,0.0,1.0,tiingo_historical_seed,
2019-11-13,XLI,81.46,81.75,81.2,81.45,73.1938567363,73.4544290227,72.9602402036,73.184871485,9892093,9892093,0.0,1.0,tiingo_historical_seed,
2019-11-14,XLI,81.29,81.88,81.28,81.71,73.0411074649,73.5712372891,73.0321222137,73.4184880177,7355003,7355003,0.0,1.0,tiingo_historical_seed,
2019-11-15,XLI,82.17,82.48,82.1,82.31,73.8318095755,74.1103523645,73.7689128167,73.9576030931,6150737,6150737,0.0,1.0,tiingo_historical_seed,
2019-11-18,XLI,82.16,82.16,81.83,82.0,73.8228243242,73.8228243242,73.5263110328,73.6790603041,5119361,5119361,0.0,1.0,tiingo_historical_seed,
2019-11-19,XLI,82.26,82.33,81.75,81.93,73.9126768368,73.9755735956,73.4544290227,73.6161635453,9191660,9191660,0.0,1.0,tiingo_historical_seed,
2019-11-20,XLI,81.67,81.86,80.96,81.28,73.3825470127,73.5532667865,72.7445941735,73.0321222137,14726652,14726652,0.0,1.0,tiingo_historical_seed,
2019-11-21,XLI,81.29,81.51,81.0,81.25,73.0411074649,73.2387829926,72.7805351785,73.0051664599,6094774,6094774,0.0,1.0,tiingo_historical_seed,
2019-11-22,XLI,81.45,81.69,81.19,81.67,73.184871485,73.4005175152,72.9512549524,73.3825470127,5205115,5205115,0.0,1.0,tiingo_historical_seed,
2019-11-25,XLI,81.97,82.42,81.76,82.26,73.6521045504,74.0564408569,73.463414274,73.9126768368,9190033,9190033,0.0,1.0,tiingo_historical_seed,
2019-11-26,XLI,82.34,82.65,82.18,82.5,73.9845588469,74.2631016358,73.8407948268,74.128322867,6069086,6069086,0.0,1.0,tiingo_historical_seed,
2019-11-27,XLI,82.44,82.45,82.1,82.42,74.0744113594,74.0833966107,73.7689128167,74.0564408569,9186238,9186238,0.0,1.0,tiingo_historical_seed,
2019-11-29,XLI,82.32,82.32,81.9,82.04,73.9665883443,73.9665883443,73.5892077916,73.7150013092,5645448,5645448,0.0,1.0,tiingo_historical_seed,
2019-12-02,XLI,82.03,82.15,80.65,80.69,73.7060160579,73.813839073,72.4660513845,72.5019923895,18275703,18275703,0.0,1.0,tiingo_historical_seed,
2019-12-03,XLI,79.84,79.88,79.26,79.81,71.7382460327,71.7741870377,71.2171014598,71.7112902789,20415279,20415279,0.0,1.0,tiingo_historical_seed,
2019-12-04,XLI,80.23,80.9,80.04,80.12,72.0886708317,72.6906826659,71.9179510578,71.9898330679,16090298,16090298,0.0,1.0,tiingo_historical_seed,
2019-12-05,XLI,80.27,80.33,79.79,80.14,72.1246118367,72.1785233443,71.6933197764,72.0078035704,18539367,18539367,0.0,1.0,tiingo_historical_seed,
2019-12-06,XLI,80.89,81.26,80.86,81.11,72.6816974147,73.0141517111,72.6547416609,72.8793729423,8966740,8966740,0.0,1.0,tiingo_historical_seed,
2019-12-09,XLI,80.88,81.1,80.76,80.8,72.6727121634,72.870387691,72.5648891483,72.6008301533,6951022,6951022,0.0,1.0,tiingo_historical_seed,
2019-12-10,XLI,80.79,81.03,80.56,80.7,72.5918449021,72.8074909322,72.3851841232,72.5109776408,9046866,9046866,0.0,1.0,tiingo_historical_seed,
2019-12-11,XLI,80.78,81.28,80.58,81.21,72.5828596508,73.0321222137,72.4031546257,72.9692254549,8107052,8107052,0.0,1.0,tiingo_historical_seed,
2019-12-12,XLI,81.25,82.19,81.04,81.93,73.0051664599,73.849780078,72.8164761835,73.6161635453,15561464,15561464,0.0,1.0,tiingo_historical_seed,
2019-12-13,XLI,81.89,82.54,81.44,81.71,73.5802225403,74.164263872,73.1758862338,73.4184880177,11754848,11754848,0.0,1.0,tiingo_historical_seed,
2019-12-16,XLI,81.99,82.12,81.66,81.67,73.6700750529,73.7868833192,73.3735617614,73.3825470127,8046533,8046533,0.0,1.0,tiingo_historical_seed,
2019-12-17,XLI,81.68,81.86,81.54,81.59,73.3915322639,73.5532667865,73.2657387463,73.3106650026,5949606,5949606,0.0,1.0,tiingo_historical_seed,
2019-12-18,XLI,81.6,81.62,81.1,81.25,73.3196502539,73.3376207564,72.870387691,73.0051664599,6679260,6679260,0.0,1.0,tiingo_historical_seed,
2019-12-19,XLI,81.26,81.56,81.17,81.47,73.0141517111,73.2837092488,72.9332844498,73.2028419875,5743972,5743972,0.0,1.0,tiingo_historical_seed,
2019-12-20,XLI,81.34,81.63,81.16,81.44,73.4476947181,73.7095564278,73.2851598638,73.5379918594,8910760,8910760,0.403,1.0,tiingo_historical_seed,
2019-12-23,XLI,81.93,82.2,81.79,82.11,73.9804478517,74.2242501331,73.8540318539,74.142982706,5675733,5675733,0.0,1.0,tiingo_historical_seed,
2019-12-24,XLI,82.09,82.2,81.69,81.78,74.1249232777,74.2242501331,73.7637347126,73.8450021398,4451649,4451649,0.0,1.0,tiingo_historical_seed,
2019-12-26,XLI,81.96,81.98,81.58,81.97,74.0075369941,74.0255964223,73.6644078572,74.0165667082,3914175,3914175,0.0,1.0,tiingo_historical_seed,
2019-12-27,XLI,82.23,82.23,81.79,81.9,74.2513392755,74.2513392755,73.8540318539,73.9533587093,5300722,5300722,0.0,1.0,tiingo_historical_seed,
2019-12-30,XLI,81.99,81.99,81.36,81.52,74.0346261365,74.0346261365,73.4657541464,73.6102295724,7716351,7716351,0.0,1.0,tiingo_historical_seed,
2019-12-31,XLI,81.32,81.69,81.18,81.47,73.4296352899,73.7637347126,73.3032192921,73.5650810018,6458168,6458168,0.0,1.0,tiingo_historical_seed,
2020-01-02,XLI,82.05,83.01,81.83,83.01,74.0888044212,74.9556569775,73.8901507104,74.9556569775,16121286,16121286,0.0,1.0,tiingo_historical_seed,
2020-01-03,XLI,82.06,82.95,81.99,82.85,74.0978341354,74.9014786928,74.0346261365,74.8111815515,17571308,17571308,0.0,1.0,tiingo_historical_seed,
2020-01-06,XLI,82.46,82.89,82.27,82.88,74.4590227005,74.847300408,74.287458132,74.8382706939,16153056,16153056,0.0,1.0,tiingo_historical_seed,
2020-01-07,XLI,82.57,83.02,82.29,82.71,74.5583495559,74.9646866917,74.3055175603,74.6847655537,16675377,16675377,0.0,1.0,tiingo_historical_seed,
2020-01-08,XLI,82.77,83.36,82.63,82.99,74.7389438384,75.271696972,74.6125278407,74.9375975493,10677738,10677738,0.0,1.0,tiingo_historical_seed,
2020-01-09,XLI,83.34,83.43,83.08,83.34,75.2536375438,75.3349049709,75.0188649764,75.2536375438,7407223,7407223,0.0,1.0,tiingo_historical_seed,
2020-01-10,XLI,83.51,83.51,82.61,82.75,75.4071426839,75.4071426839,74.5944684124,74.7208844102,8856820,8856820,0.0,1.0,tiingo_historical_seed,
2020-01-13,XLI,83.01,83.52,82.85,83.43,74.9556569775,75.4161723981,74.8111815515,75.3349049709,7893766,7893766,0.0,1.0,tiingo_historical_seed,
2020-01-14,XLI,83.48,83.98,83.33,83.44,75.3800535415,75.831539248,75.2446078296,75.343934685,9649439,9649439,0.0,1.0,tiingo_historical_seed,
2020-01-15,XLI,83.45,83.92,83.38,83.57,75.3529643992,75.7773609632,75.2897564003,75.4613209687,12014515,12014515,0.0,1.0,tiingo_historical_seed,
2020-01-16,XLI,84.0,84.44,83.93,84.4,75.8495986762,76.2469060978,75.7863906773,76.2107872413,9493159,9493159,0.0,1.0,tiingo_historical_seed,
2020-01-17,XLI,84.46,84.81,84.3,84.41,76.2649655261,76.5810055206,76.1204901001,76.2198169555,7013382,7013382,0.0,1.0,tiingo_historical_seed,
2020-01-21,XLI,84.03,84.27,83.11,83.48,75.8766878186,76.0934009577,75.0459541188,75.3800535415,13004981,13004981,0.0,1.0,tiingo_historical_seed,
2020-01-22,XLI,83.71,83.9,82.98,83.04,75.5877369665,75.7593015349,74.9285678351,74.9827461199,7490548,7490548,0.0,1.0,tiingo_historical_seed,
2020-01-23,XLI,82.93,84.05,82.63,83.94,74.8834192645,75.8947472468,74.6125278407,75.7954203914,10758520,10758520,0.0,1.0,tiingo_historical_seed,
2020-01-24,XLI,84.1,84.17,82.93,83.55,75.9398958175,76.0031038164,74.8834192645,75.4432615404,13402179,13402179,0.0,1.0,tiingo_historical_seed,
2020-01-27,XLI,82.06,82.52,81.97,81.97,74.0978341354,74.5132009852,74.0165667082,74.0165667082,15013843,15013843,0.0,1.0,tiingo_historical_seed,
2020-01-28,XLI,82.24,82.91,81.86,82.5,74.2603689897,74.8653598362,73.9172398528,74.495141557,14913413,14913413,0.0,1.0,tiingo_historical_seed,
2020-01-29,XLI,83.33,83.57,82.85,82.94,75.2446078296,75.4613209687,74.8111815515,74.8924489786,10355138,10355138,0.0,1.0,tiingo_historical_seed,
2020-01-30,XLI,82.14,83.12,81.97,83.03,74.1700718484,75.0549838329,74.0165667082,74.9737164058,13157659,13157659,0.0,1.0,tiingo_historical_seed,
2020-01-31,XLI,82.58,82.7,80.8,81.11,74.56737927,74.6757358396,72.9600901552,73.2400112932,19083044,19083044,0.0,1.0,tiingo_historical_seed,
2020-02-03,XLI,81.55,82.23,80.99,81.08,73.6373187148,74.2513392755,73.1316547236,73.2129221508,15676588,15676588,0.0,1.0,tiingo_historical_seed,
2020-02-04,XLI,82.32,82.81,82.24,82.61,74.3326067027,74.775062695,74.2603689897,74.5944684124,13597153,13597153,0.0,1.0,tiingo_historical_seed,
2020-02-05,XLI,83.54,84.0,83.11,83.99,75.4342318263,75.8495986762,75.0459541188,75.8405689621,12835779,12835779,0.0,1.0,tiingo_historical_seed,
2020-02-06,XLI,84.33,84.4,83.72,84.26,76.1475792424,76.2107872413,75.5967666806,76.0843712435,8627569,8627569,0.0,1.0,tiingo_historical_seed,
2020-02-07,XLI,83.94,84.15,83.58,83.65,75.7954203914,75.9850443881,75.4703506828,75.5335586817,12394524,12394524,0.0,1.0,tiingo_historical_seed,
2020-02-10,XLI,83.52,84.14,83.42,84.12,75.4161723981,75.976014674,75.3258752568,75.9579552457,8074182,8074182,0.0,1.0,tiingo_historical_seed,
2020-02-11,XLI,84.55,84.84,84.23,84.44,76.3462329533,76.608094663,76.0572821012,76.2469060978,6291381,6291381,0.0,1.0,tiingo_historical_seed,
2020-02-12,XLI,84.9,85.33,84.7,85.23,76.6622729477,77.0505506552,76.4816786652,76.960253514,7808935,7808935,0.0,1.0,tiingo_historical_seed,
2020-02-13,XLI,84.79,85.11,84.46,84.75,76.5629460923,76.8518969444,76.2649655261,76.5268272358,8231457,8231457,0.0,1.0,tiingo_historical_seed,
2020-02-14,XLI,84.73,84.89,84.3,84.64,76.5087678076,76.6532432336,76.1204901001,76.4275003804,5319331,5319331,0.0,1.0,tiingo_historical_seed,
2020-02-18,XLI,84.29,84.53,83.77,84.16,76.1114603859,76.328173525,75.6419152513,75.9940741023,10399658,10399658,0.0,1.0,tiingo_historical_seed,
2020-02-19,XLI,84.33,84.57,84.09,84.13,76.1475792424,76.3642923815,75.9308661034,75.9669849599,4638710,4638710,0.0,1.0,tiingo_historical_seed,
2020-02-20,XLI,83.98,84.59,83.4,84.01,75.831539248,76.3823518098,75.3078158285,75.8586283903,9518717,9518717,0.0,1.0,tiingo_historical_seed,
2020-02-21,XLI,83.56,83.84,83.21,83.59,75.4522912546,75.7051232502,75.1362512601,75.479380397,13184752,13184752,0.0,1.0,tiingo_historical_seed,
2020-02-24,XLI,81.21,81.72,80.71,81.21,73.3303084345,73.790823855,72.8788227281,73.3303084345,18010144,18010144,0.0,1.0,tiingo_historical_seed,
2020-02-25,XLI,81.38,81.62,77.69,77.9,73.4838135746,73.7005267137,70.1518490614,70.3414730581,33000652,33000652,0.0,1.0,tiingo_historical_seed,
2020-02-26,XLI,78.39,79.39,77.14,77.31,70.7839290503,71.6869004631,69.6552147843,69.8087199245,32618750,32618750,0.0,1.0,tiingo_historical_seed,
2020-02-27,XLI,75.79,77.4,74.39,74.44,68.436203377,69.8899873516,67.1720433991,67.2171919697,42593753,42593753,0.0,1.0,tiingo_historical_seed,
2020-02-28,XLI,72.17,73.67,71.3,73.08,65.1674468626,66.5219039819,64.3818617335,65.9891508483,79115086,79115086,0.0,1.0,tiingo_historical_seed,
2020-03-02,XLI,73.95,75.83,72.59,75.65,66.7747359774,68.4723222335,65.546694856,68.3097873792,44798853,44798853,0.0,1.0,tiingo_historical_seed,
2020-03-03,XLI,75.85,77.53,73.35,73.8,68.4903816618,70.0073736353,66.2329531298,66.6392902655,53823944,53823944,0.0,1.0,tiingo_historical_seed,
2020-03-04,XLI,74.96,76.95,74.26,76.85,67.6867371044,69.4836502159,67.0546571154,69.3933530746,32387758,32387758,0.0,1.0,tiingo_historical_seed,
2020-03-05,XLI,74.67,75.22,72.77,73.09,67.4248753947,67.9215096717,65.7092297103,65.9981805624,28757243,28757243,0.0,1.0,tiingo_historical_seed,
2020-03-06,XLI,70.66,72.74,70.45,72.45,63.8039600293,65.6821405679,63.6143360326,65.4202788582,40681334,40681334,0.0,1.0,tiingo_historical_seed,
2020-03-09,XLI,66.7,68.35,65.08,65.77,60.2281932346,61.7180960657,58.7653795458,59.3884298206,24776996,24776996,0.0,1.0,tiingo_historical_seed,
2020-03-10,XLI,68.04,69.23,65.35,69.18,61.4381749277,62.512710909,59.0091818273,62.4675623383,18385625,18385625,0.0,1.0,tiingo_historical_seed,
2020-03-11,XLI,67.04,67.65,64.4,65.12,60.5352035149,61.0860160767,58.1513589851,58.8014984023,28414879,28414879,0.0,1.0,tiingo_historical_seed,
2020-03-12,XLI,59.59,63.0,54.1,58.38,53.8080664895,56.8871990072,48.8507534331,52.71547108,23658665,23658665,0.0,1.0,tiingo_historical_seed,
2020-03-13,XLI,61.83,62.99,58.59,62.94,55.8307224542,56.878169293,52.9050950767,56.8330207224,18657718,18657718,0.0,1.0,tiingo_historical_seed,
2020-03-16,XLI,56.22,59.89,55.57,55.8,50.7650528283,54.0789579133,50.17812141,50.3858048349,18656358,18656358,0.0,1.0,tiingo_historical_seed,
2020-03-17,XLI,56.68,58.67,54.61,58.37,51.1804196782,52.9773327897,49.3112688537,52.7064413658,24961691,24961691,0.0,1.0,tiingo_historical_seed,
2020-03-18,XLI,54.3,54.99,50.36,54.07,49.0313477157,49.6543979905,45.4736403492,48.8236642907,26018295,26018295,0.0,1.0,tiingo_historical_seed,
2020-03-19,XLI,53.4,54.96,51.29,54.11,48.2186734442,49.6273088481,46.3134037631,48.8597831473,16867975,16867975,0.0,1.0,tiingo_historical_seed,
2020-03-20,XLI,54.51,55.16,51.18,51.4,49.2209717124,49.8079031307,46.2140769077,46.4127306185,22340991,22340991,0.0,1.0,tiingo_historical_seed,
2020-03-23,XLI,50.83,50.83,47.71,48.77,46.2705027296,46.2705027296,43.4303695697,44.3952866048,34346068,34346068,0.395772,1.0,tiingo_historical_seed,
2020-03-24,XLI,51.74,55.12,51.61,54.94,47.0988749013,50.1756858244,46.9805360196,50.0118319883,29348419,29348419,0.0,1.0,tiingo_historical_seed,
2020-03-25,XLI,55.99,60.05,54.64,57.83,50.9676460325,54.6634603367,49.7387422614,52.6425963575,27752992,27752992,0.0,1.0,tiingo_historical_seed,
2020-03-26,XLI,58.93,61.83,58.41,61.48,53.6439253562,56.2837927164,53.1705698296,55.965188035,22108979,22108979,0.0,1.0,tiingo_historical_seed,
2020-03-27,XLI,59.13,61.57,57.97,58.89,53.8259851742,56.047114953,52.7700382301,53.6075133926,22486058,22486058,0.0,1.0,tiingo_historical_seed,
2020-03-30,XLI,58.92,60.04,57.98,59.75,53.6348223653,54.6543573458,52.779141221,54.3903706098,15757788,15757788,0.0,1.0,tiingo_historical_seed,
2020-03-31,XLI,59.25,60.25,58.76,59.01,53.9352210649,54.8455201546,53.489174511,53.7167492834,12883810,12883810,0.0,1.0,tiingo_historical_seed,
2020-04-01,XLI,56.38,57.06,55.54,56.35,51.3226626775,51.9416660585,50.5580114421,51.2953537048,16057029,16057029,0.0,1.0,tiingo_historical_seed,
2020-04-02,XLI,55.85,57.87,55.63,57.1,50.8402041599,52.6790083211,50.6399383602,51.9780780221,23892729,23892729,0.0,1.0,tiingo_historical_seed,
2020-04-03,XLI,56.94,57.53,55.72,56.34,51.8324301677,52.3695066306,50.7218652783,51.2862507139,15912379,15912379,0.0,1.0,tiingo_historical_seed,
2020-04-06,XLI,58.88,60.59,58.81,60.24,53.5984104017,55.1550218451,53.5346894655,54.8364171637,19306553,19306553,0.0,1.0,tiingo_historical_seed,
2020-04-07,XLI,62.5,63.19,60.06,60.1,56.8936931065,57.5217994784,54.6725633276,54.7089752912,18390972,18390972,0.0,1.0,tiingo_historical_seed,
2020-04-08,XLI,60.93,62.62,60.43,62.28,55.4645235356,57.0029289972,55.0093739908,56.6934273067,11986330,11986330,0.0,1.0,tiingo_historical_seed,
2020-04-09,XLI,63.47,64.33,62.65,63.22,57.7766832235,58.5595404406,57.0302379699,57.549108451,21132345,21132345,0.0,1.0,tiingo_historical_seed,
2020-04-13,XLI,62.82,62.86,60.8,61.37,57.1849888152,57.2214007788,55.346184654,55.8650551351,11086552,11086552,0.0,1.0,tiingo_historical_seed,
2020-04-14,XLI,62.72,63.18,61.92,62.54,57.0939589062,57.5126964875,56.3657196344,56.93010507,15293521,15293521,0.0,1.0,tiingo_historical_seed,
2020-04-15,XLI,61.17,61.29,59.79,60.81,55.6829953172,55.7922312079,54.4267825734,55.3552876449,12752830,12752830,0.0,1.0,tiingo_historical_seed,
2020-04-16,XLI,60.72,60.74,59.37,60.27,55.2733607268,55.2915667086,54.0444569557,54.8637261364,16083861,16083861,0.0,1.0,tiingo_historical_seed,
2020-04-17,XLI,62.33,63.31,62.11,63.1,56.7389422612,57.6310353691,56.5386764615,57.4398725603,18341724,18341724,0.0,1.0,tiingo_historical_seed,
2020-04-20,XLI,61.9,62.64,61.22,61.42,56.3475136526,57.021134979,55.7285102716,55.9105700896,10475108,10475108,0.0,1.0,tiingo_historical_seed,
2020-04-21,XLI,60.09,60.77,59.73,59.97,54.6998723003,55.3188756813,54.372164628,54.5906364095,9553311,9553311,0.0,1.0,tiingo_historical_seed,
2020-04-22,XLI,61.14,61.3,60.23,60.6,55.6556863445,55.8013341988,54.8273141728,55.164124836,9184950,9184950,0.0,1.0,tiingo_historical_seed,
2020-04-23,XLI,61.07,62.35,61.06,61.08,55.5919654082,56.757148243,55.5828624173,55.6010683991,14255113,14255113,0.0,1.0,tiingo_historical_seed,
2020-04-24,XLI,61.61,61.78,60.58,61.57,56.0835269166,56.2382777619,55.1459188542,56.047114953,7139005,7139005,0.0,1.0,tiingo_historical_seed,
2020-04-27,XLI,62.0,63.49,61.88,63.1,56.4385435616,57.7948892053,56.3293076708,57.4398725603,9323240,9323240,0.0,1.0,tiingo_historical_seed,
2020-04-28,XLI,64.34,65.01,63.61,64.28,58.5686434315,59.1785438216,57.904125096,58.5140254861,9938556,9938556,0.0,1.0,tiingo_historical_seed,
2020-04-29,XLI,65.57,66.22,64.92,65.51,59.6883113118,60.2800057202,59.0966169035,59.6336933665,12756940,12756940,0.0,1.0,tiingo_historical_seed,
2020-04-30,XLI,64.6,64.72,63.74,64.21,58.8053211948,58.9145570856,58.0224639777,58.4503045499,14309803,14309803,0.0,1.0,tiingo_historical_seed,
2020-05-01,XLI,63.08,63.25,61.86,62.27,57.4216665785,57.5764174237,56.311101689,56.6843243158,9019215,9019215,0.0,1.0,tiingo_historical_seed,
2020-05-04,XLI,61.39,61.49,60.6,61.48,55.8832611169,55.9742910259,55.164124836,55.965188035,8551682,8551682,0.0,1.0,tiingo_historical_seed,
2020-05-05,XLI,62.05,62.56,61.65,61.72,56.4840585161,56.9483110518,56.1199388802,56.1836598165,8691223,8691223,0.0,1.0,tiingo_historical_seed,
2020-05-06,XLI,62.06,62.11,60.79,60.87,56.493161507,56.5386764615,55.3370816631,55.4099055902,7048123,7048123,0.0,1.0,tiingo_historical_seed,
2020-05-07,XLI,61.69,62.37,61.34,61.58,56.1563508438,56.7753542248,55.8377461624,56.0562179439,8144528,8144528,0.0,1.0,tiingo_historical_seed,
2020-05-08,XLI,62.33,63.24,62.31,63.11,56.7389422612,57.5673144328,56.7207362794,57.4489755512,8661548,8661548,0.0,1.0,tiingo_historical_seed,
2020-05-11,XLI,62.48,62.8,61.89,62.32,56.8754871247,57.1667828334,56.3384106617,56.7298392703,8407653,8407653,0.0,1.0,tiingo_historical_seed,
2020-05-12,XLI,62.47,62.71,60.56,60.57,56.8663841338,57.0848559153,55.1277128724,55.1368158633,12327295,12327295,0.0,1.0,tiingo_historical_seed,
2020-05-13,XLI,60.21,60.28,58.5,59.05,54.809108191,54.8728291273,53.2524967476,53.753161247,15434459,15434459,0.0,1.0,tiingo_historical_seed,
2020-05-14,XLI,58.18,59.67,56.97,59.67,52.9612010389,54.3175466826,51.8597391404,54.3175466826,14221133,14221133,0.0,1.0,tiingo_historical_seed,
2020-05-15,XLI,58.97,59.83,58.7,59.46,53.6803373198,54.463194537,53.4345565656,54.1263838738,17397984,17397984,0.0,1.0,tiingo_historical_seed,
2020-05-18,XLI,61.82,63.78,61.65,63.38,56.2746897255,58.0588759413,56.1199388802,57.6947563054,22117483,22117483,0.0,1.0,tiingo_historical_seed,
2020-05-19,XLI,63.26,63.87,62.56,62.57,57.5855204146,58.1408028594,56.9483110518,56.9574140427,12447743,12447743,0.0,1.0,tiingo_historical_seed,
2020-05-20,XLI,63.56,64.35,63.47,63.74,57.8586101415,58.5777464224,57.7766832235,58.0224639777,8643976,8643976,0.0,1.0,tiingo_historical_seed,
2020-05-21,XLI,63.75,64.4,63.41,63.89,58.0315669686,58.6232613769,57.7220652781,58.1590088411,7682314,7682314,0.0,1.0,tiingo_historical_seed,
2020-05-22,XLI,64.01,64.06,63.27,63.84,58.2682447319,58.3137596864,57.5946234055,58.1134938867,7113025,7113025,0.0,1.0,tiingo_historical_seed,
2020-05-26,XLI,65.85,67.03,65.82,66.52,59.943195057,61.0173479828,59.9158860843,60.5530954471,14907062,14907062,0.0,1.0,tiingo_historical_seed,
2020-05-27,XLI,67.96,68.79,67.29,68.74,61.8639261362,62.6194743807,61.2540257461,62.5739594262,21779241,21779241,0.0,1.0,tiingo_historical_seed,
2020-05-28,XLI,69.43,69.65,67.97,68.09,63.2020657981,63.4023315978,61.8730291271,61.9822650179,17489669,17489669,0.0,1.0,tiingo_historical_seed,
2020-05-29,XLI,67.46,68.13,66.75,67.67,61.4087765914,62.0186769815,60.7624642377,61.5999394002,18881455,18881455,0.0,1.0,tiingo_historical_seed,
2020-06-01,XLI,67.6,68.33,67.34,67.82,61.5362184639,62.2007367994,61.2995407006,61.7364842637,12919163,12919163,0.0,1.0,tiingo_historical_seed,
2020-06-02,XLI,68.33,68.88,68.04,68.7,62.2007367994,62.7014012988,61.9367500634,62.5375474626,10852409,10852409,0.0,1.0,tiingo_historical_seed,
2020-06-03,XLI,69.7,71.57,69.67,71.38,63.4478465523,65.1501058501,63.4205375796,64.977149023,16249424,16249424,0.0,1.0,tiingo_historical_seed,
2020-06-04,XLI,71.22,72.17,71.04,72.14,64.8315011687,65.6962853039,64.6676473325,65.6689763312,17820591,17820591,0.0,1.0,tiingo_historical_seed,
2020-06-05,XLI,75.16,76.21,74.49,74.79,68.4180795821,69.3738936263,67.808179192,68.0812689189,19564027,19564027,0.0,1.0,tiingo_historical_seed,
2020-06-08,XLI,75.75,76.53,75.72,76.29,68.955156045,69.665189335,68.9278470723,69.4467175535,18901743,18901743,0.0,1.0,tiingo_historical_seed,
2020-06-09,XLI,74.9,75.0,74.06,74.39,68.1814018188,68.2724317278,67.4167505834,67.717149283,15074558,15074558,0.0,1.0,tiingo_historical_seed,
2020-06-10,XLI,74.04,74.14,72.38,72.61,67.3985446016,67.4895745106,65.8874481127,66.0968169034,16691630,16691630,0.0,1.0,tiingo_historical_seed,
2020-06-11,XLI,69.52,70.09,67.41,67.51,63.2839927162,63.8028631973,61.3632616369,61.4542915459,26053337,26053337,0.0,1.0,tiingo_historical_seed,
2020-06-12,XLI,69.95,70.14,67.14,68.82,63.6754213247,63.8483781518,61.1174808827,62.6467833534,29161856,29161856,0.0,1.0,tiingo_historical_seed,
2020-06-15,XLI,66.63,69.93,66.36,69.5,60.6532283469,63.657215343,60.4074475927,63.2657867344,18116220,18116220,0.0,1.0,tiingo_historical_seed,
2020-06-16,XLI,72.41,72.49,69.59,70.86,65.9147570854,65.9875810126,63.3477136525,64.5037934964,20563162,20563162,0.0,1.0,tiingo_historical_seed,
2020-06-17,XLI,71.02,71.16,70.18,70.35,64.6494413507,64.7768832233,63.8847901154,64.0395409606,9448216,9448216,0.0,1.0,tiingo_historical_seed,
2020-06-18,XLI,69.69,70.72,69.55,70.09,63.4387435614,64.3763516238,63.3113016889,63.8028631973,8630695,8630695,0.0,1.0,tiingo_historical_seed,
2020-06-19,XLI,71.13,71.21,68.76,69.23,64.7495742506,64.8223981778,62.592165408,63.0200059802,15601293,15601293,0.0,1.0,tiingo_historical_seed,
2020-06-22,XLI,68.51,69.26,67.94,69.04,62.6413064072,63.327060017,62.1201336638,63.1259056248,7931954,7931954,0.306335,1.0,tiingo_historical_seed,
2020-06-23,XLI,69.74,69.83,68.88,69.05,63.7659423272,63.8482327604,62.9796115213,63.1350490062,8849634,8849634,0.0,1.0,tiingo_historical_seed,
2020-06-24,XLI,68.11,68.34,66.48,66.65,62.2755711486,62.4858689223,60.7851999701,60.940637455,16922274,16922274,0.0,1.0,tiingo_historical_seed,
2020-06-25,XLI,66.21,67.45,65.63,67.39,60.5383286706,61.672107972,60.0080125457,61.6172476833,11623662,11623662,0.0,1.0,tiingo_historical_seed,
2020-06-26,XLI,67.12,67.37,65.85,66.14,61.3703763838,61.5989609203,60.2091669379,60.4743250003,21429836,21429836,0.0,1.0,tiingo_historical_seed,
2020-06-29,XLI,67.12,68.31,66.69,68.31,61.3703763838,62.4584387779,60.9772109808,62.4584387779,10864777,10864777,0.0,1.0,tiingo_historical_seed,
2020-06-30,XLI,67.79,69.09,67.59,68.7,61.9829829418,63.1716225321,61.8001153125,62.815030655,8865927,8865927,0.0,1.0,tiingo_historical_seed,
2020-07-01,XLI,69.38,69.94,68.33,68.39,63.4367805945,63.9488099565,62.4767255408,62.5315858296,9788927,9788927,0.0,1.0,tiingo_historical_seed,
2020-07-02,XLI,69.49,70.0,68.81,68.98,63.5373577906,64.0036702453,62.9156078511,63.071045336,8279741,8279741,0.0,1.0,tiingo_historical_seed,
2020-07-06,XLI,70.05,70.34,69.46,69.97,64.0493871526,64.314545215,63.5099276462,63.9762401009,10815294,10815294,0.0,1.0,tiingo_historical_seed,
2020-07-07,XLI,69.29,69.59,68.55,68.63,63.3544901614,63.6287916053,62.677879933,62.7510269848,6111817,6111817,0.0,1.0,tiingo_historical_seed,
2020-07-08,XLI,68.6,69.06,68.05,68.63,62.7235968404,63.1441923877,62.2207108599,62.7510269848,8576514,8576514,0.0,1.0,tiingo_historical_seed,
2020-07-09,XLI,68.51,68.59,66.92,67.14,62.6413064072,62.7144534589,61.1875087545,61.3886631467,16782525,16782525,0.0,1.0,tiingo_historical_seed,
2020-07-10,XLI,67.08,68.07,67.08,68.01,61.3338028579,62.2389976228,61.3338028579,62.184137334,9255300,9255300,0.0,1.0,tiingo_historical_seed,
2020-07-13,XLI,68.6,69.46,67.93,68.29,62.7235968404,63.5099276462,62.1109902823,62.440152015,14570233,14570233,0.0,1.0,tiingo_historical_seed,
2020-07-14,XLI,68.05,69.85,67.77,69.77,62.2207108599,63.8665195233,61.9646961789,63.7933724716,12688486,12688486,0.0,1.0,tiingo_historical_seed,
2020-07-15,XLI,71.06,71.87,70.66,71.55,64.9728686804,65.713482579,64.6071334219,65.4208943721,15470476,15470476,0.0,1.0,tiingo_historical_seed,
2020-07-16,XLI,71.22,71.92,70.89,71.57,65.1191627838,65.7591994863,64.8174311955,65.4391811351,13017105,13017105,0.0,1.0,tiingo_historical_seed,
2020-07-17,XLI,71.89,72.15,71.52,72.0,65.7317693419,65.9694972599,65.3934642277,65.832346538,8605210,8605210,0.0,1.0,tiingo_historical_seed,
2020-07-20,XLI,71.59,71.76,70.91,71.12,65.457467898,65.6129053829,64.8357179585,65.0277289692,9404571,9404571,0.0,1.0,tiingo_historical_seed,
2020-07-21,XLI,71.76,72.58,71.63,72.06,65.6129053829,66.3626626629,65.4940414238,65.8872068268,9344283,9344283,0.0,1.0,tiingo_historical_seed,
2020-07-22,XLI,71.78,72.74,71.76,72.64,65.6311921458,66.5089567663,65.6129053829,66.4175229517,7620158,7620158,0.0,1.0,tiingo_historical_seed,
2020-07-23,XLI,72.55,73.09,72.135,72.42,66.3352325185,66.8289751175,65.9557821878,66.2163685595,7537995,7537995,0.0,1.0,tiingo_historical_seed,
2020-07-24,XLI,72.31,72.71,71.63,71.84,66.1157913634,66.4815266219,65.4940414238,65.6860524346,10061444,10061444,0.0,1.0,tiingo_historical_seed,
2020-07-27,XLI,71.82,72.24,71.4,72.14,65.6677656716,66.0517876931,65.2837436502,65.9603538785,6198394,6198394,0.0,1.0,tiingo_historical_seed,
2020-07-28,XLI,71.8,72.24,71.585,71.64,65.6494789087,66.0517876931,65.4528962073,65.5031848053,5964528,5964528,0.0,1.0,tiingo_historical_seed,
2020-07-29,XLI,72.01,72.885,71.96,72.73,65.8414899195,66.6415357975,65.7957730121,66.4998133848,6935404,6935404,0.0,1.0,tiingo_historical_seed,
2020-07-30,XLI,72.22,72.41,71.475,72.0,66.0335009302,66.207225178,65.3523190112,65.832346538,9118700,9118700,0.0,1.0,tiingo_historical_seed,
2020-07-31,XLI,71.71,71.88,70.525,71.73,65.5671884755,65.7226259604,64.4836977721,65.5854752385,9836277,9836277,0.0,1.0,tiingo_historical_seed,
2020-08-03,XLI,71.82,72.28,71.3675,72.03,65.6677656716,66.088361219,65.2540276604,65.8597766824,12736977,12736977,0.0,1.0,tiingo_historical_seed,
2020-08-04,XLI,71.77,72.245,71.75,72.21,65.6220487643,66.0563593839,65.6037620014,66.0243575487,6560913,6560913,0.0,1.0,tiingo_historical_seed,
2020-08-05,XLI,72.7,73.68,72.61,73.59,66.4723832404,67.3684346239,66.3900928073,67.2861441907,8522262,8522262,0.0,1.0,tiingo_historical_seed,
2020-08-06,XLI,73.5,73.88,73.4,73.87,67.2038537575,67.5513022532,67.1124199429,67.5421588717,5880586,5880586,0.0,1.0,tiingo_historical_seed,
2020-08-07,XLI,73.82,75.16,73.71,75.13,67.4964419644,68.7216550805,67.3958647683,68.6942249361,12952115,12952115,0.0,1.0,tiingo_historical_seed,
2020-08-10,XLI,75.4,77.05,75.36,76.98,68.9410962356,70.4497541771,68.9045227098,70.3857505069,15627249,15627249,0.0,1.0,tiingo_historical_seed,
2020-08-11,XLI,78.06,78.67,77.23,77.39,71.3732357049,71.9309819742,70.6143350435,70.7606291469,17263672,17263672,0.0,1.0,tiingo_historical_seed,
2020-08-12,XLI,78.12,78.21,77.34,77.64,71.4280959937,71.5103864269,70.7149122396,70.9892136835,12587384,12587384,0.0,1.0,tiingo_historical_seed,
2020-08-13,XLI,77.22,77.75,76.93,77.23,70.605191662,71.0897908796,70.3400335996,70.6143350435,13298769,13298769,0.0,1.0,tiingo_historical_seed,
2020-08-14,XLI,76.84,77.92,76.72,77.53,70.2577431664,71.2452283644,70.1480225888,70.8886364874,5909652,5909652,0.0,1.0,tiingo_historical_seed,
2020-08-17,XLI,77.68,77.84,77.025,77.17,71.0257872093,71.1720813127,70.4268957235,70.5594747547,5898539,5898539,0.0,1.0,tiingo_historical_seed,
2020-08-18,XLI,77.12,77.36,76.64,76.75,70.5137578474,70.7331990025,70.0748755371,70.1754527332,5145531,5145531,0.0,1.0,tiingo_historical_seed,
2020-08-19,XLI,76.84,77.24,76.38,76.55,70.2577431664,70.6234784249,69.8371476191,69.9925851039,6297947,6297947,0.0,1.0,tiingo_historical_seed,
2020-08-20,XLI,75.95,76.32,75.705,76.14,69.4439822161,69.7822873303,69.2199693703,69.6177064639,10529483,10529483,0.0,1.0,tiingo_historical_seed,
2020-08-21,XLI,76.07,76.66,76.02,76.45,69.5537027937,70.0931623,69.5079858864,69.9011512893,7113646,7113646,0.0,1.0,tiingo_historical_seed,
2020-08-24,XLI,76.96,77.83,76.61,77.83,70.3674637439,71.1629379313,70.0474453927,71.1629379313,10171439,10171439,0.0,1.0,tiingo_historical_seed,
2020-08-25,XLI,78.36,78.36,77.32,77.73,71.6475371488,71.6475371488,70.6966254766,71.0715041166,12076135,12076135,0.0,1.0,tiingo_historical_seed,
2020-08-26,XLI,77.58,78.04,77.2,77.77,70.9343533947,71.354948942,70.5869048991,71.1080776425,6538934,6538934,0.0,1.0,tiingo_historical_seed,
2020-08-27,XLI,78.21,78.71,77.79,78.05,71.5103864269,71.9675555001,71.1263644054,71.3640923235,10260073,10260073,0.0,1.0,tiingo_historical_seed,
2020-08-28,XLI,78.32,78.83,77.95,78.79,71.610963623,72.0772760776,71.2726585088,72.0407025518,10323992,10323992,0.0,1.0,tiingo_historical_seed,
2020-08-31,XLI,78.57,78.86,77.81,77.81,71.8395481596,72.104706222,71.1446511683,71.1446511683,9908268,9908268,0.0,1.0,tiingo_historical_seed,
2020-09-01,XLI,77.56,78.665,77.28,78.6,70.9160666318,71.9264102835,70.6600519508,71.866978304,14432260,14432260,0.0,1.0,tiingo_historical_seed,
2020-09-02,XLI,78.88,80.12,78.66,79.9,72.122992985,73.2567722864,71.9218385928,73.0556178942,15333576,15333576,0.0,1.0,tiingo_historical_seed,
2020-09-03,XLI,79.96,80.26,77.16,77.66,73.110478183,73.3847796269,70.5503313732,71.0075004464,19995089,19995089,0.0,1.0,tiingo_historical_seed,
2020-09-04,XLI,78.35,78.875,76.81,77.84,71.6383937674,72.1184212942,70.230313022,71.1720813127,21632419,21632419,0.0,1.0,tiingo_historical_seed,
2020-09-08,XLI,77.31,77.4,76.17,76.38,70.6874820952,70.7697725283,69.6451366083,69.8371476191,14914010,14914010,0.0,1.0,tiingo_historical_seed,
2020-09-09,XLI,77.08,78.2,76.88,77.56,70.4771843215,71.5012430454,70.2943166922,70.9160666318,16222083,16222083,0.0,1.0,tiingo_historical_seed,
2020-09-10,XLI,77.82,78.06,76.33,76.57,71.1537945498,71.3732357049,69.7914307117,70.0108718669,16547281,16547281,0.0,1.0,tiingo_historical_seed,
2020-09-11,XLI,76.86,77.98,76.8,77.61,70.2760299293,71.3000886532,70.2211696405,70.9617835391,16124453,16124453,0.0,1.0,tiingo_historical_seed,
2020-09-14,XLI,78.34,78.91,77.97,78.66,71.6292503859,72.1504231293,71.2909452718,71.9218385928,9641860,9641860,0.0,1.0,tiingo_historical_seed,
2020-09-15,XLI,78.98,79.175,78.58,78.71,72.2144267996,72.3927227381,71.848691541,71.9675555001,13583735,13583735,0.0,1.0,tiingo_historical_seed,
2020-09-16,XLI,79.33,80.305,78.89,79.51,72.5344451508,73.4259248435,72.1321363664,72.6990260172,10298419,10298419,0.0,1.0,tiingo_historical_seed,
2020-09-17,XLI,78.37,80.16,78.01,79.67,71.6566805303,73.2933458123,71.3275187976,72.8453201206,19265682,19265682,0.0,1.0,tiingo_historical_seed,
2020-09-18,XLI,79.92,80.22,78.72,78.78,73.0739046572,73.3482061011,71.9766988815,72.0315591703,13359047,13359047,0.0,1.0,tiingo_historical_seed,
2020-09-21,XLI,77.06,77.23,75.1128,75.87,70.7424075576,70.8984704863,68.954844412,69.6499670567,23188120,23188120,0.305283,1.0,tiingo_historical_seed,
2020-09-22,XLI,75.84,76.77,75.77,76.62,69.6224265399,70.4761825616,69.558165334,70.3384799774,7512454,7512454,0.0,1.0,tiingo_historical_seed,
2020-09-23,XLI,76.78,77.59,75.165,75.25,70.4853627338,71.2289566882,69.0027649113,69.0807963756,16388806,16388806,0.0,1.0,tiingo_historical_seed,
2020-09-24,XLI,75.13,76.205,74.35,75.36,68.9706343083,69.957502828,68.2545808708,69.1817782707,12111131,12111131,0.0,1.0,tiingo_historical_seed,
2020-09-25,XLI,74.9,76.75,74.9,76.49,68.759490346,70.457822217,68.759490346,70.2191377378,7346850,7346850,0.0,1.0,tiingo_historical_seed,
2020-09-28,XLI,77.45,78.49,77.45,77.87,71.1004342763,72.055172193,71.1004342763,71.4860015119,7409620,7409620,0.0,1.0,tiingo_historical_seed,
2020-09-29,XLI,77.73,78.05,76.96,77.18,71.3574791001,71.6512446129,70.6506058348,70.8525696249,10633049,10633049,0.0,1.0,tiingo_historical_seed,
2020-09-30,XLI,77.48,78.39,76.41,76.98,71.1279747932,71.9633704703,70.1456963596,70.6689661794,12184970,12184970,0.0,1.0,tiingo_historical_seed,
2020-10-01,XLI,77.52,77.87,76.21,76.75,71.1646954823,71.4860015119,69.9620929141,70.457822217,14045460,14045460,0.0,1.0,tiingo_historical_seed,
2020-10-02,XLI,75.5,78.055,75.47,77.61,69.3103006825,71.655834699,69.2827601657,71.2473170327,17895628,17895628,0.0,1.0,tiingo_historical_seed,
2020-10-05,XLI,78.27,79.025,78.27,78.86,71.8532084029,72.5463114098,71.8532084029,72.3948385672,8880823,8880823,0.0,1.0,tiingo_historical_seed,
2020-10-06,XLI,79.19,79.715,77.82,77.9,72.6977842523,73.1797432968,71.4401006505,71.5135420287,12587435,12587435,0.0,1.0,tiingo_historical_seed,
2020-10-07,XLI,78.82,79.855,78.79,79.62,72.3581178781,73.3082657087,72.3305773613,73.0925316602,10050059,10050059,0.0,1.0,tiingo_historical_seed,
2020-10-08,XLI,80.15,80.415,79.44,80.41,73.5790807908,73.8223553561,72.9272885592,73.81776527,16341775,16341775,0.0,1.0,tiingo_historical_seed,
2020-10-09,XLI,80.91,81.26,80.46,80.71,74.2767738838,74.5980799134,73.8636661314,74.0931704382,12603928,12603928,0.0,1.0,tiingo_historical_seed,
2020-10-12,XLI,81.07,81.455,80.83,81.17,74.4236566402,74.7770932728,74.2033325056,74.5154583629,8662235,8662235,0.0,1.0,tiingo_historical_seed,
2020-10-13,XLI,80.6,81.09,80.03,80.27,73.9921885432,74.4420169847,73.4689187235,73.6892428581,11004596,11004596,0.0,1.0,tiingo_historical_seed,
2020-10-14,XLI,80.4,81.33,80.39,80.72,73.8085850977,74.6623411193,73.7994049254,74.1023506105,10052448,10052448,0.0,1.0,tiingo_historical_seed,
2020-10-15,XLI,79.85,81.045,79.72,81.01,73.3036756225,74.4007062095,73.1843333829,74.3685756065,12063852,12063852,0.0,1.0,tiingo_historical_seed,
2020-10-16,XLI,81.51,82.1,81.39,81.6,74.8275842203,75.3692143846,74.717422153,74.9102057708,9422372,9422372,0.0,1.0,tiingo_historical_seed,
2020-10-19,XLI,81.66,82.125,80.285,80.59,74.9652868045,75.3921648153,73.7030131165,73.9830083709,8530955,8530955,0.0,1.0,tiingo_historical_seed,
2020-10-20,XLI,81.01,82.04,80.82,81.01,74.3685756065,75.3141333509,74.1941523333,74.3685756065,9806977,9806977,0.0,1.0,tiingo_historical_seed,
2020-10-21,XLI,80.71,81.38,80.19,80.19,74.0931704382,74.7082419807,73.6158014799,73.6158014799,8009008,8009008,0.0,1.0,tiingo_historical_seed,
2020-10-22,XLI,80.37,80.99,80.12,80.85,73.7810445809,74.350215262,73.551540274,74.2216928501,6878189,6878189,0.0,1.0,tiingo_historical_seed,
2020-10-23,XLI,81.27,81.52,80.55,81.17,74.6072600857,74.8367643926,73.9462876818,74.5154583629,8038326,8038326,0.0,1.0,tiingo_historical_seed,
2020-10-26,XLI,80.1,80.19,78.28,79.14,73.5331799294,73.6158014799,71.8623885752,72.6518833909,10692826,10692826,0.0,1.0,tiingo_historical_seed,
2020-10-27,XLI,78.91,79.0,77.39,77.41,72.4407394286,72.5233609791,71.0453532427,71.0637135872,8736126,8736126,0.0,1.0,tiingo_historical_seed,
2020-10-28,XLI,75.83,76.68,74.7825,74.87,69.6132463676,70.3935610111,68.6516233217,68.7319498292,17321946,17321946,0.0,1.0,tiingo_historical_seed,
2020-10-29,XLI,74.82,76.61,74.64,75.96,68.6860489678,70.3292998052,68.5208058668,69.7325886072,14272860,14272860,0.0,1.0,tiingo_historical_seed,
2020-10-30,XLI,75.56,76.18,74.72,75.87,69.3653817162,69.9345523973,68.594247245,69.6499670567,15379779,15379779,0.0,1.0,tiingo_historical_seed,
2020-11-02,XLI,77.0,78.065,76.44,77.92,70.6873265239,71.6650148713,70.1732368765,71.5319023733,14166821,14166821,0.0,1.0,tiingo_historical_seed,
2020-11-03,XLI,78.98,80.669,78.8,80.22,72.5050006345,74.0555317319,72.3397575336,73.6433419967,16357456,16357456,0.0,1.0,tiingo_historical_seed,
2020-11-04,XLI,79.56,81.19,78.87,79.39,73.0374506265,74.5338187075,72.4040187395,72.8813876978,23229805,23229805,0.0,1.0,tiingo_historical_seed,
2020-11-05,XLI,80.47,81.79,80.42,81.26,73.8728463036,75.084629044,73.8269454422,74.5980799134,12159324,12159324,0.0,1.0,tiingo_historical_seed,
2020-11-06,XLI,81.11,81.7,80.76,81.34,74.4603773293,75.0020074936,74.1390712996,74.6715212916,10091581,10091581,0.0,1.0,tiingo_historical_seed,
2020-11-09,XLI,86.87,87.88,84.05,84.11,79.7481565602,80.67535396,77.1593479784,77.214429012,25393922,25393922,0.0,1.0,tiingo_historical_seed,
2020-11-10,XLI,84.39,85.93,84.13,85.59,77.4714738358,78.8852203662,77.2327893566,78.5730945089,18983786,18983786,0.0,1.0,tiingo_historical_seed,
2020-11-11,XLI,86.13,86.14,84.44,84.87,79.0688238117,79.078003984,77.5173746971,77.912122105,11081533,11081533,0.0,1.0,tiingo_historical_seed,
2020-11-12,XLI,84.01,84.805,83.325,83.9,77.1226272893,77.8524509852,76.4937854884,77.0216453942,10777133,10777133,0.0,1.0,tiingo_historical_seed,
2020-11-13,XLI,84.61,85.86,84.55,85.76,77.6734376258,78.8209591603,77.6183565922,78.7291574375,9283097,9283097,0.0,1.0,tiingo_historical_seed,
2020-11-16,XLI,87.66,87.99,86.43,87.85,80.47339017,80.7763358551,79.34422898,80.6478134432,14364363,14364363,0.0,1.0,tiingo_historical_seed,
2020-11-17,XLI,87.19,87.905,86.32,87.62,80.041922073,80.6983043907,79.243247085,80.4366694808,11029736,11029736,0.0,1.0,tiingo_historical_seed,
2020-11-18,XLI,88.31,88.68,87.17,87.23,81.0701013679,81.4097677421,80.0235617284,80.0786427621,11882719,11882719,0.0,1.0,tiingo_historical_seed,
2020-11-19,XLI,87.01,87.53,86.435,87.45,79.876678972,80.3540479304,79.3488190662,80.2806065522,8451878,8451878,0.0,1.0,tiingo_historical_seed,
2020-11-20,XLI,87.24,87.59,86.46,86.66,80.0878229344,80.409128964,79.3717694969,79.5553729424,7289289,7289289,0.0,1.0,tiingo_historical_seed,
2020-11-23,XLI,87.4,88.28,87.4,88.11,80.2347056908,81.0425608511,80.2347056908,80.8864979224,11399482,11399482,0.0,1.0,tiingo_historical_seed,
2020-11-24,XLI,89.46,90.155,89.02,89.65,82.1258211796,82.7638431528,81.7218935995,82.3002444528,13876297,13876297,0.0,1.0,tiingo_historical_seed,
2020-11-25,XLI,89.58,89.6,88.53,88.97,82.2359832469,82.2543435915,81.2720651579,81.6759927381,9382875,9382875,0.0,1.0,tiingo_historical_seed,
2020-11-27,XLI,89.21,89.495,88.555,88.82,81.8963168727,82.1579517826,81.2950155886,81.5382901539,5023075,5023075,0.0,1.0,tiingo_historical_seed,
2020-11-30,XLI,88.62,88.72,87.53,88.03,81.3546867084,81.4464884312,80.3540479304,80.8130565442,10379834,10379834,0.0,1.0,tiingo_historical_seed,
2020-12-01,XLI,89.01,89.43,87.77,87.81,81.7127134272,82.0982806628,80.574372065,80.6110927541,14516506,14516506,0.0,1.0,tiingo_historical_seed,
2020-12-02,XLI,87.48,88.15,87.38,87.93,80.308147069,80.9232186115,80.2163453462,80.7212548214,13219788,13219788,0.0,1.0,tiingo_historical_seed,
2020-12-03,XLI,88.05,88.96,87.985,88.16,80.8314168887,81.6668125658,80.7717457689,80.9323987837,11677460,11677460,0.0,1.0,tiingo_historical_seed,
2020-12-04,XLI,88.45,89.375,88.42,89.21,81.1986237797,82.0477897153,81.1710832629,81.8963168727,11754059,11754059,0.0,1.0,tiingo_historical_seed,
2020-12-07,XLI,89.16,89.26,88.515,88.78,81.8504160113,81.9422177341,81.2582948995,81.5015694648,7599000,7599000,0.0,1.0,tiingo_historical_seed,
2020-12-08,XLI,88.5,89.37,88.47,89.21,81.2445246411,82.0431996291,81.2169841243,81.8963168727,5038277,5038277,0.0,1.0,tiingo_historical_seed,
2020-12-09,XLI,89.52,89.7325,88.77,89.41,82.1809022133,82.3759808741,81.4923892926,82.0799203182,12047127,12047127,0.0,1.0,tiingo_historical_seed,
2020-12-10,XLI,88.79,89.22,88.17,88.56,81.5107496371,81.905497045,80.941578956,81.2996056748,11627998,11627998,0.0,1.0,tiingo_historical_seed,
2020-12-11,XLI,88.01,88.96,88.0,88.77,80.7946961996,81.6668125658,80.7855160273,81.4923892926,6577523,6577523,0.0,1.0,tiingo_historical_seed,
2020-12-14,XLI,89.63,89.695,87.6,87.62,82.2818841083,82.3415552281,80.4183091363,80.4366694808,6841929,6841929,0.0,1.0,tiingo_historical_seed,
2020-12-15,XLI,88.26,89.19,87.725,88.84,81.0242005065,81.8779565282,80.5330612897,81.5566504985,7351349,7351349,0.0,1.0,tiingo_historical_seed,
2020-12-16,XLI,88.92,88.97,88.1,88.29,81.6300918767,81.6759927381,80.8773177501,81.0517410233,6805143,6805143,0.0,1.0,tiingo_historical_seed,
2020-12-17,XLI,88.81,88.94,88.32,88.83,81.5291099817,81.6484522213,81.0792815402,81.5474703262,9088519,9088519,0.0,1.0,tiingo_historical_seed,
2020-12-18,XLI,88.96,89.06,88.14,88.84,81.6668125658,81.7586142886,80.9140384392,81.5566504985,8639999,8639999,0.0,1.0,tiingo_historical_seed,
2020-12-21,XLI,86.71,88.35,86.39,87.94,79.9324663358,81.4442786388,79.6374785694,81.066325563,9071138,9071138,0.365887,1.0,tiingo_historical_seed,
2020-12-22,XLI,87.9,87.99,86.88,87.53,81.0294520922,81.1124174015,80.0891785867,80.6883724873,11452194,11452194,0.0,1.0,tiingo_historical_seed,
2020-12-23,XLI,87.98,88.46,87.87,87.99,81.1031990338,81.5456806835,81.0017969891,81.1124174015,8939370,8939370,0.0,1.0,tiingo_historical_seed,
2020-12-24,XLI,88.12,88.14,87.5,88.0,81.2322561816,81.250692917,80.6607173842,81.1216357692,2367367,2367367,0.0,1.0,tiingo_historical_seed,
2020-12-28,XLI,88.58,88.87,88.01,88.11,81.6563010959,81.9236337592,81.1308541369,81.2230378139,4849895,4849895,0.0,1.0,tiingo_historical_seed,
2020-12-29,XLI,88.56,88.68,86.99,87.58,81.6378643605,81.7484847729,80.1905806314,80.7344643258,6729491,6729491,0.0,1.0,tiingo_historical_seed,
2020-12-30,XLI,87.73,88.38,87.68,88.14,80.8727398413,81.4719337419,80.8266480028,81.250692917,5019408,5019408,0.0,1.0,tiingo_historical_seed,
2020-12-31,XLI,88.11,88.72,87.66,88.55,81.2230378139,81.7853582437,80.8082112674,81.6286459928,6761620,6761620,0.0,1.0,tiingo_historical_seed,
2021-01-04,XLI,88.66,88.74,85.92,86.41,81.7300480375,81.8037949791,79.2042152874,79.6559153048,16200761,16200761,0.0,1.0,tiingo_historical_seed,
2021-01-05,XLI,86.25,87.59,86.235,87.26,79.5084214215,80.7436826935,79.49459387,80.4394765594,16004573,16004573,0.0,1.0,tiingo_historical_seed,
2021-01-06,XLI,87.82,90.065,87.55,89.34,80.9557051506,83.0252286995,80.7068092227,82.3568970412,19500573,19500573,0.0,1.0,tiingo_historical_seed,
2021-01-07,XLI,89.84,90.18,89.1,89.83,82.8178154262,83.1312399281,82.1356562163,82.8085970585,10115165,10115165,0.0,1.0,tiingo_historical_seed,
2021-01-08,XLI,90.03,90.28,88.71,89.61,82.9929644125,83.2234236051,81.776139876,82.6057929691,11043317,11043317,0.0,1.0,tiingo_historical_seed,
2021-01-11,XLI,88.67,89.84,88.6,89.58,81.7392664052,82.8178154262,81.6747378313,82.578137866,11911730,11911730,0.0,1.0,tiingo_historical_seed,
2021-01-12,XLI,89.56,90.69,89.05,90.47,82.5597011306,83.6013766808,82.0895643778,83.3985725914,10407888,10407888,0.0,1.0,tiingo_historical_seed,
2021-01-13,XLI,90.32,90.45,89.55,89.69,83.2602970759,83.380135856,82.5504827629,82.6795399107,9230317,9230317,0.0,1.0,tiingo_historical_seed,
2021-01-14,XLI,90.15,90.65,89.84,90.0,83.103584825,83.56450321,82.8178154262,82.9653093094,10669816,10669816,0.0,1.0,tiingo_historical_seed,
2021-01-15,XLI,89.4,89.61,88.08,88.83,82.4122072474,82.6057929691,81.1953827108,81.8867602884,12924796,12924796,0.0,1.0,tiingo_historical_seed,
2021-01-19,XLI,89.59,89.885,89.09,89.12,82.5873562337,82.8592980809,82.1264378486,82.1540929517,8933682,8933682,0.0,1.0,tiingo_historical_seed,
2021-01-20,XLI,89.59,89.88,89.085,89.67,82.5873562337,82.854688897,82.1218286648,82.6611031753,8374347,8374347,0.0,1.0,tiingo_historical_seed,
2021-01-21,XLI,89.47,89.68,88.835,88.97,82.4767358213,82.670321543,81.8913694723,82.0158174362,9602304,9602304,0.0,1.0,tiingo_historical_seed,
2021-01-22,XLI,88.39,88.88,87.765,88.51,81.4811521096,81.9328521269,80.9050041283,81.591772522,9728752,9728752,0.0,1.0,tiingo_historical_seed,
2021-01-25,XLI,88.1,88.35,87.04,87.91,81.2138194462,81.4442786388,80.2366724699,81.0386704599,18249331,18249331,0.0,1.0,tiingo_historical_seed,
2021-01-26,XLI,88.67,88.81,87.05,87.1,81.7392664052,81.868323553,80.2458908376,80.2919826761,10480810,10480810,0.0,1.0,tiingo_historical_seed,
2021-01-27,XLI,85.93,86.15,84.715,85.37,79.2134336551,79.4162377445,78.0934019794,78.6972050639,23140179,23140179,0.0,1.0,tiingo_historical_seed,
2021-01-28,XLI,86.2,87.67,86.11,86.64,79.462329583,80.8174296351,79.3793642737,79.8679377619,17928311,17928311,0.0,1.0,tiingo_historical_seed,
2021-01-29,XLI,86.08,86.51,84.51,84.77,79.3517091706,79.7480989818,77.9044254416,78.1441030018,20895030,20895030,0.0,1.0,tiingo_historical_seed,
2021-02-01,XLI,85.61,85.89,84.935,85.65,78.9184458887,79.1765601843,78.2962060689,78.9553193595,11318739,11318739,0.0,1.0,tiingo_historical_seed,
2021-02-02,XLI,86.66,87.86,86.57,87.47,79.8863744973,80.9925786214,79.803409188,80.6330622811,10415358,10415358,0.0,1.0,tiingo_historical_seed,
2021-02-03,XLI,87.37,87.6877,86.79,87.53,80.5408786041,80.8337461459,80.0062132774,80.6883724873,9662886,9662886,0.0,1.0,tiingo_historical_seed,
2021-02-04,XLI,87.83,88.62,87.705,88.47,80.9649235183,81.6931745667,80.849693922,81.5548990512,7113897,7113897,0.0,1.0,tiingo_historical_seed,
2021-02-05,XLI,89.16,89.415,88.76,88.99,82.1909664226,82.4260347989,81.8222317145,82.0342541716,7481924,7481924,0.0,1.0,tiingo_historical_seed,
2021-02-08,XLI,89.35,89.79,89.15,89.75,82.3661154089,82.7717235877,82.1817480549,82.7348501169,8848303,8848303,0.0,1.0,tiingo_historical_seed,
2021-02-09,XLI,89.67,90.28,89.055,89.98,82.6611031753,83.2234236051,82.0941735617,82.946872574,8290290,8290290,0.0,1.0,tiingo_historical_seed,
2021-02-10,XLI,90.38,90.41,89.43,89.84,83.3156072821,83.3432623852,82.4398623505,82.8178154262,10922544,10922544,0.0,1.0,tiingo_historical_seed,
2021-02-11,XLI,90.07,90.2,88.74,89.65,83.0298378833,83.1496766635,81.8037949791,82.6426664399,8868551,8868551,0.0,1.0,tiingo_historical_seed,
2021-02-12,XLI,89.45,90.37,89.35,90.3,82.4582990859,83.3063889144,82.3661154089,83.2418603405,7983482,7983482,0.0,1.0,tiingo_historical_seed,
2021-02-16,XLI,90.51,90.88,90.01,90.21,83.4354460622,83.7765256671,82.9745276771,83.1588950312,8227585,8227585,0.0,1.0,tiingo_historical_seed,
2021-02-17,XLI,89.82,90.03,89.255,89.96,82.7993786908,82.9929644125,82.2785409157,82.9284358386,7265979,7265979,0.0,1.0,tiingo_historical_seed,
2021-02-18,XLI,89.5,89.715,88.835,89.51,82.5043909244,82.70258583,81.8913694723,82.5136092921,6409712,6409712,0.0,1.0,tiingo_historical_seed,
2021-02-19,XLI,90.15,91.25,90.08,90.98,83.103584825,84.1176052721,83.039056251,83.8687093441,8737243,8737243,0.0,1.0,tiingo_historical_seed,
2021-02-22,XLI,90.52,91.94,90.44,91.27,83.4446644299,84.7536726434,83.3709174883,84.1360420075,10548117,10548117,0.0,1.0,tiingo_historical_seed,
2021-02-23,XLI,91.44,91.78,90.19,91.55,84.2927542584,84.6061787602,83.1404582958,84.3941563031,16573639,16573639,0.0,1.0,tiingo_historical_seed,
2021-02-24,XLI,91.77,93.66,91.36,93.28,84.5969603925,86.339231888,84.2190073168,85.9889339154,16795918,16795918,0.0,1.0,tiingo_historical_seed,
2021-02-25,XLI,93.27,93.38,91.18,91.56,85.9797155477,86.0811175924,84.0530766982,84.4033746708,19937948,19937948,0.0,1.0,tiingo_historical_seed,
2021-02-26,XLI,91.78,92.05,90.36,90.61,84.6061787602,84.8550746882,83.2971705467,83.5276297392,18154073,18154073,0.0,1.0,tiingo_historical_seed,
2021-03-01,XLI,91.93,93.62,91.8,92.93,84.7444542757,86.3023584172,84.6246154956,85.6662910458,11494283,11494283,0.0,1.0,tiingo_historical_seed,
2021-03-02,XLI,92.98,93.125,92.26,92.66,85.7123828844,85.846049216,85.0486604099,85.4173951179,11530656,11530656,0.0,1.0,tiingo_historical_seed,
2021-03-03,XLI,92.74,93.85,92.53,92.76,85.4911420595,86.5143808743,85.2975563378,85.5095787949,17497797,17497797,0.0,1.0,tiingo_historical_seed,
2021-03-04,XLI,92.89,93.23,89.85,91.28,85.629417575,85.9428420769,82.8270337939,84.1452603752,27730402,27730402,0.0,1.0,tiingo_historical_seed,
2021-03-05,XLI,92.15,93.75,90.27,93.44,84.9472583652,86.4221971973,83.2142052374,86.1364277986,22816324,22816324,0.0,1.0,tiingo_historical_seed,
2021-03-08,XLI,94.07,95.89,93.81,94.42,86.7171849638,88.3949278854,86.4775074035,87.0398278333,16782386,16782386,0.0,1.0,tiingo_historical_seed,
2021-03-09,XLI,94.9,95.385,94.02,94.03,87.482309483,87.9294003165,86.6710931253,86.680311493,12485073,12485073,0.0,1.0,tiingo_historical_seed,
2021-03-10,XLI,94.29,95.91,94.16,95.42,86.9199890532,88.4133646208,86.8001502731,87.9616646034,17276218,17276218,0.0,1.0,tiingo_historical_seed,
2021-03-11,XLI,95.7,96.31,94.92,95.49,88.219778899,88.7820993288,87.5007462184,88.0261931773,12211107,12211107,0.0,1.0,tiingo_historical_seed,
2021-03-12,XLI,95.84,96.845,95.75,96.77,88.3488360469,89.2752820008,88.2658707375,89.2061442431,10112770,10112770,0.0,1.0,tiingo_historical_seed,
2021-03-15,XLI,97.16,97.61,96.19,97.58,89.5656605834,89.9804871299,88.6714789164,89.9528320268,11393412,11393412,0.0,1.0,tiingo_historical_seed,
2021-03-16,XLI,97.37,97.43,96.08,96.19,89.7592463051,89.8145565113,88.5700768717,88.6714789164,12538754,12538754,0.0,1.0,tiingo_historical_seed,
2021-03-17,XLI,96.38,97.5,96.13,97.3,88.8466279027,89.8790850852,88.6161687102,89.6947177312,14844047,14844047,0.0,1.0,tiingo_historical_seed,
2021-03-18,XLI,97.2,98.52,97.02,97.21,89.6025340542,90.8193585907,89.4366034356,89.6117524219,16893366,16893366,0.0,1.0,tiingo_historical_seed,
2021-03-19,XLI,97.27,97.31,95.93,96.47,89.6670626281,89.7039360989,88.4318013562,88.929593212,18430603,18430603,0.0,1.0,tiingo_historical_seed,
2021-03-22,XLI,96.36,96.53,95.45,96.12,89.1014062414,89.2586005031,88.259954605,88.8794849307,12319893,12319893,0.295643,1.0,tiingo_historical_seed,
2021-03-23,XLI,95.47,96.34,94.09,94.44,88.2784480476,89.0829127988,87.0024005111,87.3260357559,16949009,16949009,0.0,1.0,tiingo_historical_seed,
2021-03-24,XLI,94.93,96.62,94.89,95.13,87.7791250985,89.3418209946,87.7421382134,87.9640595241,14581915,14581915,0.0,1.0,tiingo_historical_seed,
2021-03-25,XLI,94.88,96.8,93.95,96.65,87.7328914921,89.5082619777,86.8729464132,89.3695611585,18519532,18519532,0.0,1.0,tiingo_historical_seed,
2021-03-26,XLI,97.19,98.38,96.81,98.32,89.8688841075,90.9692439397,89.5175086989,90.913763612,14395962,14395962,0.0,1.0,tiingo_historical_seed,
2021-03-29,XLI,98.21,98.919,97.84,98.34,90.812049678,91.4676422166,90.4699209906,90.9322570546,12712826,12712826,0.0,1.0,tiingo_historical_seed,
2021-03-30,XLI,98.34,99.01,98.15,98.77,90.9322570546,91.5517873802,90.7565693503,91.3298660696,10180494,10180494,0.0,1.0,tiingo_historical_seed,
2021-03-31,XLI,99.0,99.26,98.12,98.45,91.542540659,91.7829554122,90.7288291864,91.0339709886,12291304,12291304,0.0,1.0,tiingo_historical_seed,
2021-04-01,XLI,98.62,98.86,98.14,98.78,91.1911652504,91.4130865611,90.747322629,91.3391127908,11189257,11189257,0.0,1.0,tiingo_historical_seed,
2021-04-05,XLI,99.74,100.335,99.56,100.0,92.2267980336,92.7769779497,92.0603570506,92.4672127868,10789214,10789214,0.0,1.0,tiingo_historical_seed,
2021-04-06,XLI,99.91,100.57,99.66,99.76,92.3839922953,92.9942758997,92.1528242634,92.2452914761,8203259,8203259,0.0,1.0,tiingo_historical_seed,
2021-04-07,XLI,99.78,100.03,98.985,99.3,92.2637849187,92.4949529507,91.528670577,91.8199422973,8865776,8865776,0.0,1.0,tiingo_historical_seed,
2021-04-08,XLI,99.16,99.575,98.61,99.54,91.6904881994,92.0742271325,91.1819185291,92.041863608,9151639,9151639,0.0,1.0,tiingo_historical_seed,
2021-04-09,XLI,99.72,100.5575,99.58,100.51,92.208304591,92.9827174981,92.0788504931,92.938795572,9656077,9656077,0.0,1.0,tiingo_historical_seed,
2021-04-12,XLI,100.37,100.94,100.31,100.88,92.8093414741,93.336404587,92.7538611465,93.2809242594,7704966,7704966,0.0,1.0,tiingo_historical_seed,
2021-04-13,XLI,100.41,100.7,99.68,100.39,92.8463283593,93.1144832763,92.1713177059,92.8278349167,10612155,10612155,0.0,1.0,tiingo_historical_seed,
2021-04-14,XLI,100.46,101.195,100.4,100.52,92.8925619657,93.5721959796,92.837081638,92.9480422933,9332090,9332090,0.0,1.0,tiingo_historical_seed,
2021-04-15,XLI,100.86,101.06,100.19,100.92,93.2624308168,93.4473652424,92.6429004911,93.3179111445,12631230,12631230,0.0,1.0,tiingo_historical_seed,
2021-04-16,XLI,101.52,101.8,100.7,101.14,93.8727144212,94.131622617,93.1144832763,93.5213390126,10222064,10222064,0.0,1.0,tiingo_historical_seed,
2021-04-19,XLI,100.98,101.0,100.22,100.72,93.3733914721,93.3918849147,92.670640655,93.1329767189,8141102,8141102,0.0,1.0,tiingo_historical_seed,
2021-04-20,XLI,100.5,100.68,99.0,99.61,92.9295488508,93.0959898338,91.542540659,92.106590657,13622380,13622380,0.0,1.0,tiingo_historical_seed,
2021-04-21,XLI,99.48,101.01,99.28,100.97,91.9863832803,93.401131636,91.8014488548,93.3641447509,11352809,11352809,0.0,1.0,tiingo_historical_seed,
2021-04-22,XLI,101.06,101.7,100.355,100.46,93.4473652424,94.0391554042,92.7954713922,92.8925619657,11778735,11778735,0.0,1.0,tiingo_historical_seed,
2021-04-23,XLI,100.58,101.82,100.4,101.56,93.003522621,94.1501160596,92.837081638,93.9097013063,8126824,8126824,0.0,1.0,tiingo_historical_seed,
2021-04-26,XLI,101.91,102.42,101.2023,101.26,94.2333365511,94.7049193363,93.5789460862,93.6322996679,7824948,7824948,0.0,1.0,tiingo_historical_seed,
2021-04-27,XLI,101.66,102.26,101.31,102.1,94.0021685191,94.5569717958,93.6785332743,94.4090242554,13774879,13774879,0.0,1.0,tiingo_historical_seed,
2021-04-28,XLI,102.06,102.41,101.76,101.89,94.3720373702,94.695672615,94.0946357319,94.2148431085,7877873,7877873,0.0,1.0,tiingo_historical_seed,
2021-04-29,XLI,102.5,102.74,101.8599,102.61,94.7788931065,95.0008144172,94.1870104775,94.8806070406,11035409,11035409,0.0,1.0,tiingo_historical_seed,
2021-04-30,XLI,102.01,102.33,101.57,101.93,94.3258037639,94.6216988448,93.9189480276,94.2518299936,9861181,9861181,0.0,1.0,tiingo_historical_seed,
2021-05-03,XLI,102.7,103.26,102.32,102.98,94.9638275321,95.4816439237,94.6124521235,95.2227357279,9445321,9445321,0.0,1.0,tiingo_historical_seed,
2021-05-04,XLI,102.65,103.45,102.18,103.43,94.9175939257,95.657331628,94.4829980256,95.6388381854,11677405,11677405,0.0,1.0,tiingo_historical_seed,
2021-05-05,XLI,103.69,104.02,103.42,103.53,95.8792529387,96.1843947409,95.6295914641,95.7313053982,5695830,5695830,0.0,1.0,tiingo_historical_seed,
2021-05-06,XLI,103.8,104.28,103.34,104.25,95.9809668727,96.4248094941,95.5556176939,96.3970693303,18276352,18276352,0.0,1.0,tiingo_historical_seed,
2021-05-07,XLI,104.0,105.6,103.62,105.35,96.1659012983,97.6453767029,95.8145258897,97.4142086709,19343026,19343026,0.0,1.0,tiingo_historical_seed,
2021-05-10,XLI,105.92,106.805,105.4,105.45,97.9412717838,98.759606617,97.4604422773,97.5066758837,16335516,16335516,0.0,1.0,tiingo_historical_seed,
2021-05-11,XLI,104.4,104.67,102.84,103.89,96.5357701495,96.785431624,95.09328163,96.0641873642,25425759,25425759,0.0,1.0,tiingo_historical_seed,
2021-05-12,XLI,103.58,103.96,101.325,101.4,95.7775390046,96.1289144132,93.6924033563,93.7617537659,18125748,18125748,0.0,1.0,tiingo_historical_seed,
2021-05-13,XLI,101.46,103.79,101.4,103.3,93.8172340935,95.9717201515,93.7617537659,95.5186308088,16458269,16458269,0.0,1.0,tiingo_historical_seed,
2021-05-14,XLI,104.1,104.995,103.74,104.73,96.2583685111,97.0859500655,95.9254865451,96.8409119517,11217721,11217721,0.0,1.0,tiingo_historical_seed,
2021-05-17,XLI,104.41,104.7799,103.65,104.41,96.5450168707,96.8870530908,95.8422660536,96.5450168707,11547805,11547805,0.0,1.0,tiingo_historical_seed,
2021-05-18,XLI,104.39,104.56,102.85,102.89,96.5265234282,96.6837176899,95.1025283513,95.1395152364,11195517,11195517,0.0,1.0,tiingo_historical_seed,
2021-05-19,XLI,101.75,102.32,100.67,102.31,94.0853890106,94.6124521235,93.0867431125,94.6032054022,16656477,16656477,0.0,1.0,tiingo_historical_seed,
2021-05-20,XLI,102.48,102.9,101.92,102.54,94.7603996639,95.1487619577,94.2425832723,94.8158799916,11635350,11635350,0.0,1.0,tiingo_historical_seed,
2021-05-21,XLI,103.12,103.88,102.68,103.04,95.3521898258,96.054940643,94.9453340895,95.2782160556,13420164,13420164,0.0,1.0,tiingo_historical_seed,
2021-05-24,XLI,103.67,103.9,103.12,103.68,95.8607594961,96.0734340855,95.3521898258,95.8700062174,7097853,7097853,0.0,1.0,tiingo_historical_seed,
2021-05-25,XLI,103.96,104.45,103.23,103.37,96.1289144132,96.5820037558,95.4539037599,95.5833578578,8574746,8574746,0.0,1.0,tiingo_historical_seed,
2021-05-26,XLI,103.52,103.84,103.12,103.7,95.7220586769,96.0179537579,95.3521898258,95.8884996599,7615787,7615787,0.0,1.0,tiingo_historical_seed,
2021-05-27,XLI,104.64,105.3,104.542,105.12,96.7576914601,97.3679750645,96.6670735916,97.2015340815,11467445,11467445,0.0,1.0,tiingo_historical_seed,
2021-05-28,XLI,105.44,105.45,104.76,105.12,97.4974291624,97.5066758837,96.8686521155,97.2015340815,7606332,7606332,0.0,1.0,tiingo_historical_seed,
2021-06-01,XLI,106.14,106.31,105.32,105.53,98.1446996519,98.3018939137,97.3864685071,97.5806496539,9456949,9456949,0.0,1.0,tiingo_historical_seed,
2021-06-02,XLI,105.62,105.73,105.07,105.23,97.6638701455,97.7655840795,97.1553004751,97.3032480156,7547855,7547855,0.0,1.0,tiingo_historical_seed,
2021-06-03,XLI,104.68,105.59,104.25,105.0,96.7946783453,97.6361299816,96.3970693303,97.0905734262,10342322,10342322,0.0,1.0,tiingo_historical_seed,
2021-06-04,XLI,105.39,105.565,104.8,105.34,97.451195556,97.6130131784,96.9056390006,97.4049619497,7118239,7118239,0.0,1.0,tiingo_historical_seed,
2021-06-07,XLI,105.54,105.56,104.33,104.61,97.5898963752,97.6083898178,96.4710431005,96.7299512963,8298808,8298808,0.0,1.0,tiingo_historical_seed,
2021-06-08,XLI,104.67,105.11,104.16,104.88,96.785431624,97.1922873602,96.3138488388,96.9796127708,8848088,8848088,0.0,1.0,tiingo_historical_seed,
2021-06-09,XLI,104.81,104.81,103.77,103.81,96.9148857219,96.9148857219,95.9532267089,95.990213594,10967076,10967076,0.0,1.0,tiingo_historical_seed,
2021-06-10,XLI,104.48,104.68,103.25,103.3,96.6097439197,96.7946783453,95.4723972024,95.5186308088,10645173,10645173,0.0,1.0,tiingo_historical_seed,
2021-06-11,XLI,103.7,104.02,102.97,103.51,95.8884996599,96.1843947409,95.2134890066,95.7128119557,10113527,10113527,0.0,1.0,tiingo_historical_seed,
2021-06-14,XLI,103.41,103.55,102.47,103.04,95.6203447429,95.7497988408,94.7511529427,95.2782160556,11312072,11312072,0.0,1.0,tiingo_historical_seed,
2021-06-15,XLI,103.19,103.7,102.77,103.48,95.4169168747,95.8884996599,95.028554581,95.6850717918,8948621,8948621,0.0,1.0,tiingo_historical_seed,
2021-06-16,XLI,103.38,103.5,102.18,102.5,95.592604579,95.7035652344,94.4829980256,94.7788931065,13950196,13950196,0.0,1.0,tiingo_historical_seed,
2021-06-17,XLI,102.44,102.7,99.97,100.92,94.7234127788,94.9638275321,92.439472623,93.3179111445,20842876,20842876,0.0,1.0,tiingo_historical_seed,
2021-06-18,XLI,99.73,100.46,99.49,99.61,92.2175513123,92.8925619657,91.9956300016,92.106590657,21546056,21546056,0.0,1.0,tiingo_historical_seed,
2021-06-21,XLI,100.1,101.61,100.01,101.48,92.8463787743,94.2469585141,92.7629005117,94.1263788014,15499880,15499880,0.314329,1.0,tiingo_historical_seed,
2021-06-22,XLI,101.52,101.97,100.895,101.59,94.1634802514,94.5808715646,93.5837700942,94.228407789,10646409,10646409,0.0,1.0,tiingo_historical_seed,
2021-06-23,XLI,101.79,102.07,101.33,101.36,94.4139150393,94.6736251897,93.9872483636,94.0150744512,9136320,9136320,0.0,1.0,tiingo_historical_seed,
2021-06-24,XLI,101.96,102.31,101.42,102.15,94.5715962021,94.8962338901,94.0707266263,94.7478280899,11687382,11687382,0.0,1.0,tiingo_historical_seed,
2021-06-25,XLI,102.23,102.72,102.07,102.35,94.82203099,95.2765237532,94.6736251897,94.9333353402,13039342,13039342,0.0,1.0,tiingo_historical_seed,
2021-06-28,XLI,102.31,102.39,101.345,101.81,94.8962338901,94.9704367902,94.0011614074,94.4324657644,11997625,11997625,0.0,1.0,tiingo_historical_seed,
2021-06-29,XLI,102.14,102.57,101.51,101.61,94.7385527273,95.1373933155,94.1542048889,94.2469585141,11134253,11134253,0.0,1.0,tiingo_historical_seed,
2021-06-30,XLI,101.53,102.59,101.51,102.4,94.1727556139,95.1559440405,94.1542048889,94.9797121527,13677293,13677293,0.0,1.0,tiingo_historical_seed,
2021-07-01,XLI,103.0,103.19,102.59,103.13,95.5362339036,95.7124657914,95.1559440405,95.6568136163,13858573,13858573,0.0,1.0,tiingo_historical_seed,
2021-07-02,XLI,103.15,103.465,102.7,103.29,95.6753643414,95.9675382606,95.2579730282,95.8052194166,9911819,9911819,0.0,1.0,tiingo_historical_seed,
2021-07-06,XLI,103.05,103.19,101.18,102.3,95.5826107162,95.7124657914,93.8481179259,94.8869585276,11564061,11564061,0.0,1.0,tiingo_historical_seed,
2021-07-07,XLI,102.07,103.47,101.971,103.32,94.6736251897,95.9721759418,94.5817991008,95.8330455041,14971963,14971963,0.0,1.0,tiingo_historical_seed,
2021-07-08,XLI,101.69,102.53,101.03,101.88,94.3211614142,95.1002918654,93.7089874882,94.497393302,17419365,17419365,0.0,1.0,tiingo_historical_seed,
2021-07-09,XLI,102.97,103.65,102.87,103.49,95.5084078161,96.1391324671,95.4156541909,95.9907266669,13341932,13341932,0.0,1.0,tiingo_historical_seed,
2021-07-12,XLI,102.97,103.75,102.6,103.63,95.5084078161,96.2318860922,95.165219403,96.1205817421,10846541,10846541,0.0,1.0,tiingo_historical_seed,
2021-07-13,XLI,103.41,103.5,102.58,102.63,95.9165237667,96.0000020294,95.146668678,95.1930454906,14881697,14881697,0.0,1.0,tiingo_historical_seed,
2021-07-14,XLI,102.89,103.29,102.255,102.62,95.434204916,95.8052194166,94.8452193963,95.1837701281,10140051,10140051,0.0,1.0,tiingo_historical_seed,
2021-07-15,XLI,102.04,103.24,101.99,102.82,94.6457991022,95.758842604,94.5994222896,95.3692773784,11071559,11071559,0.0,1.0,tiingo_historical_seed,
2021-07-16,XLI,103.17,103.19,101.781,101.91,95.6939150664,95.7124657914,94.4055672131,94.5252193895,17307422,17307422,0.0,1.0,tiingo_historical_seed,
2021-07-19,XLI,100.28,100.49,98.77,99.78,93.0133352996,93.2081179124,91.6127555598,92.5495671738,23792682,23792682,0.0,1.0,tiingo_historical_seed,
2021-07-20,XLI,100.08,102.695,99.94,102.57,92.8278280493,95.2533353469,92.6979729741,95.1373933155,20937090,20937090,0.0,1.0,tiingo_historical_seed,
2021-07-21,XLI,102.94,103.9,102.9,103.55,95.4805817285,96.37101653,95.4434802785,96.0463788419,14449609,14449609,0.0,1.0,tiingo_historical_seed,
2021-07-22,XLI,103.74,103.75,103.01,103.17,96.2226107297,96.2318860922,95.5455092661,95.6939150664,6318687,6318687,0.0,1.0,tiingo_historical_seed,
2021-07-23,XLI,103.54,103.81,103.1,103.61,96.0371034794,96.2875382673,95.6289875288,96.102031017,8055920,8055920,0.0,1.0,tiingo_historical_seed,
2021-07-26,XLI,103.33,103.91,102.89,103.56,95.8423208666,96.3802918925,95.434204916,96.0556542045,7488801,7488801,0.0,1.0,tiingo_historical_seed,
2021-07-27,XLI,102.9,103.54,102.4,102.99,95.4434802785,96.0371034794,94.9797121527,95.5269585411,12402166,12402166,0.0,1.0,tiingo_historical_seed,
2021-07-28,XLI,103.32,103.55,102.21,102.75,95.8330455041,96.0463788419,94.803480265,95.3043498408,11996632,11996632,0.0,1.0,tiingo_historical_seed,
2021-07-29,XLI,103.55,103.855,102.975,103.56,96.0463788419,96.3292773987,95.5130454973,96.0556542045,9560601,9560601,0.0,1.0,tiingo_historical_seed,
2021-07-30,XLI,103.04,103.58,102.86,103.36,95.5733353537,96.0742049295,95.4063788284,95.8701469542,12824379,12824379,0.0,1.0,tiingo_historical_seed,
2021-08-02,XLI,103.76,104.63,102.5584,102.65,96.2411614548,97.0481179936,95.126633895,95.2115962156,15925534,15925534,0.0,1.0,tiingo_historical_seed,
2021-08-03,XLI,102.85,104.04,101.97,103.99,95.3971034659,96.5008716052,94.5808715646,96.4544947926,14814300,14814300,0.0,1.0,tiingo_historical_seed,
2021-08-04,XLI,103.28,103.805,102.56,102.58,95.795944054,96.2829005861,95.128117953,95.146668678,16181019,16181019,0.0,1.0,tiingo_historical_seed,
2021-08-05,XLI,103.0,103.41,102.67,103.06,95.5362339036,95.9165237667,95.2301469406,95.5918860787,12561508,12561508,0.0,1.0,tiingo_historical_seed,
2021-08-06,XLI,103.48,103.98,103.35,103.54,95.9814513043,96.4452194301,95.8608715917,96.0371034794,8677160,8677160,0.0,1.0,tiingo_historical_seed,
2021-08-09,XLI,103.08,103.38,102.63,103.13,95.6104368037,95.8886976792,95.1930454906,95.6568136163,7469683,7469683,0.0,1.0,tiingo_historical_seed,
2021-08-10,XLI,103.32,104.47,103.195,104.18,95.8330455041,96.8997121933,95.7171034727,96.6307266804,12731195,12731195,0.0,1.0,tiingo_historical_seed,
2021-08-11,XLI,104.39,105.54,104.01,105.53,96.8255092932,97.8921759824,96.4730455176,97.8829006199,12817434,12817434,0.0,1.0,tiingo_historical_seed,
2021-08-12,XLI,105.53,105.73,104.785,105.33,97.8829006199,98.0684078702,97.1918861125,97.6973933696,9265287,9265287,0.0,1.0,tiingo_historical_seed,
2021-08-13,XLI,105.34,105.5,104.86,105.0,97.7066687321,97.8550745324,97.2614513314,97.3913064066,8906891,8906891,0.0,1.0,tiingo_historical_seed,
2021-08-16,XLI,104.69,105.37,104.0,105.36,97.1037701686,97.7344948197,96.4637701551,97.7252194571,10231215,10231215,0.0,1.0,tiingo_historical_seed,
2021-08-17,XLI,104.73,104.78,103.23,104.22,97.1408716187,97.1872484313,95.7495672415,96.6678281304,15570022,15570022,0.0,1.0,tiingo_historical_seed,
2021-08-18,XLI,103.81,104.395,103.045,103.08,96.2875382673,96.8301469745,95.5779730349,95.6104368037,11955198,11955198,0.0,1.0,tiingo_historical_seed,
2021-08-19,XLI,102.31,103.06,101.78,102.36,94.8962338901,95.5918860787,94.4046396768,94.9426107027,17529721,17529721,0.0,1.0,tiingo_historical_seed,
2021-08-20,XLI,102.41,102.9381,102.135,102.63,94.9889875152,95.4788194097,94.7339150461,95.1930454906,11752950,11752950,0.0,1.0,tiingo_historical_seed,
2021-08-23,XLI,103.11,103.92,103.06,103.47,95.6382628913,96.389567255,95.5918860787,95.9721759418,8470964,8470964,0.0,1.0,tiingo_historical_seed,
2021-08-24,XLI,103.67,104.45,103.65,103.99,96.1576831921,96.8811614683,96.1391324671,96.4544947926,7593172,7593172,0.0,1.0,tiingo_historical_seed,
2021-08-25,XLI,104.07,105.0,103.745,104.66,96.5286976927,97.3913064066,96.227248411,97.0759440811,9404193,9404193,0.0,1.0,tiingo_historical_seed,
2021-08-26,XLI,104.54,104.61,103.985,104.2,96.9646397309,97.0295672685,96.4498571113,96.6492774054,9951097,9951097,0.0,1.0,tiingo_historical_seed,
2021-08-27,XLI,104.55,105.21,104.32,104.92,96.9739150934,97.5860890194,96.7605817556,97.3171035065,10484388,10484388,0.0,1.0,tiingo_historical_seed,
2021-08-30,XLI,105.1,105.28,104.55,104.8,97.4840600318,97.651016557,96.9739150934,97.2057991563,6528165,6528165,0.0,1.0,tiingo_historical_seed,
2021-08-31,XLI,104.73,104.95,104.275,104.51,97.1408716187,97.344929594,96.7188426243,96.9368136434,9621180,9621180,0.0,1.0,tiingo_historical_seed,
2021-09-01,XLI,104.73,104.73,103.72,104.11,97.1408716187,97.1408716187,96.2040600047,96.5657991428,13116827,13116827,0.0,1.0,tiingo_historical_seed,
2021-09-02,XLI,104.54,105.24,104.52,105.23,96.9646397309,97.613915107,96.9460890059,97.6046397445,9633661,9633661,0.0,1.0,tiingo_historical_seed,
2021-09-03,XLI,104.94,105.14,104.52,104.59,97.3356542315,97.5211614818,96.9460890059,97.0110165435,9855160,9855160,0.0,1.0,tiingo_historical_seed,
2021-09-07,XLI,104.23,104.3,102.71,102.78,96.677103493,96.7420310306,95.2672483907,95.3321759283,17849895,17849895,0.0,1.0,tiingo_historical_seed,
2021-09-08,XLI,102.57,103.12,102.14,102.92,95.1373933155,95.6475382538,94.7385527273,95.4620310035,13561573,13561573,0.0,1.0,tiingo_historical_seed,
2021-09-09,XLI,102.75,103.48,102.17,102.42,95.3043498408,95.9814513043,94.7663788149,94.9982628778,9406169,9406169,0.0,1.0,tiingo_historical_seed,
2021-09-10,XLI,102.91,103.12,101.915,101.96,95.452755641,95.6475382538,94.5298570708,94.5715962021,9547823,9547823,0.0,1.0,tiingo_historical_seed,
2021-09-13,XLI,102.74,103.0,101.46,102.23,95.2950744782,95.5362339036,94.1078280763,94.82203099,12451026,12451026,0.0,1.0,tiingo_historical_seed,
2021-09-14,XLI,102.51,102.6,100.77,101.0,95.0817411404,95.165219403,93.4678280628,93.6811614006,11493627,11493627,0.0,1.0,tiingo_historical_seed,
2021-09-15,XLI,101.05,102.37,100.83,102.11,93.7275382132,94.9518860652,93.5234802379,94.7107266398,9175030,9175030,0.0,1.0,tiingo_historical_seed,
2021-09-16,XLI,102.1,102.35,101.24,101.41,94.7014512773,94.9333353402,93.903770101,94.0614512638,10516239,10516239,0.0,1.0,tiingo_historical_seed,
2021-09-17,XLI,101.06,101.3,100.175,100.33,93.7368135757,93.9594222761,92.9159439932,93.0597121121,16250702,16250702,0.0,1.0,tiingo_historical_seed,
2021-09-20,XLI,98.54,99.06,97.78,98.86,91.6981372788,92.1820324624,90.9909058568,91.9959189302,21453561,21453561,0.323098,1.0,tiingo_historical_seed,
2021-09-21,XLI,99.34,99.4,97.8921,98.34,92.4425914073,92.498425467,91.0952224915,91.5120237467,14345231,14345231,0.0,1.0,tiingo_historical_seed,
2021-09-22,XLI,98.63,99.79,98.63,99.12,91.7818883683,92.8613468546,91.7818883683,92.237866522,13080094,13080094,0.0,1.0,tiingo_historical_seed,
2021-09-23,XLI,99.59,101.19,99.55,100.64,92.6752333225,94.1641415795,92.6380106161,93.6523293662,11440233,11440233,0.0,1.0,tiingo_historical_seed,
2021-09-24,XLI,100.38,101.13,100.31,100.85,93.4103817744,94.1083075199,93.3452420382,93.8477485749,8254497,8254497,0.0,1.0,tiingo_historical_seed,
2021-09-27,XLI,100.99,101.85,100.89,100.95,93.9780280474,94.7783162355,93.8849712813,93.940805341,9337978,9337978,0.0,1.0,tiingo_historical_seed,
2021-09-28,XLI,100.67,100.93,99.545,99.78,93.680246396,93.9221939877,92.6333577778,92.852041178,17057306,17057306,0.0,1.0,tiingo_historical_seed,
2021-09-29,XLI,100.22,100.41,99.74,99.89,93.2614909487,93.4382988042,92.8148184716,92.9544036207,12148155,12148155,0.0,1.0,tiingo_historical_seed,
2021-09-30,XLI,100.21,100.29,97.73,97.84,93.2521852721,93.3266306849,90.9443774737,91.0467399164,24624757,24624757,0.0,1.0,tiingo_historical_seed,
2021-10-01,XLI,98.46,99.71,97.48,99.18,91.623691866,92.7869014418,90.7117355586,92.2937005816,17051802,17051802,0.0,1.0,tiingo_historical_seed,
2021-10-04,XLI,99.01,99.64,98.02,98.64,92.1355040793,92.7217617055,91.2142420953,91.7911940449,20182941,20182941,0.0,1.0,tiingo_historical_seed,
2021-10-05,XLI,98.82,100.25,98.39,99.74,91.9586962238,93.2894079785,91.5585521297,92.8148184716,12987951,12987951,0.0,1.0,tiingo_historical_seed,
2021-10-06,XLI,98.67,100.22,98.205,100.18,91.8191110747,93.2614909487,91.3863971125,93.2242682423,14702544,14702544,0.0,1.0,tiingo_historical_seed,
2021-10-07,XLI,100.95,101.69,100.87,100.96,93.940805341,94.6294254098,93.8663599281,93.9501110176,9669765,9669765,0.0,1.0,tiingo_historical_seed,
2021-10-08,XLI,100.86,101.2,100.52,100.95,93.8570542515,94.1734472561,93.5406612469,93.940805341,8565137,8565137,0.0,1.0,tiingo_historical_seed,
2021-10-11,XLI,100.82,101.46,100.13,100.14,93.8198315451,94.4153948479,93.1777398592,93.1870455358,9984044,9984044,0.0,1.0,tiingo_historical_seed,
2021-10-12,XLI,100.26,100.61,99.61,99.81,93.2987136551,93.6244123363,92.6938446757,92.8799582078,10048788,10048788,0.0,1.0,tiingo_historical_seed,
2021-10-13,XLI,99.99,100.44,98.93,100.02,93.0474603868,93.466215834,92.0610586665,93.0753774166,12416671,12416671,0.0,1.0,tiingo_historical_seed,
2021-10-14,XLI,100.83,101.935,100.62,101.91,93.8291372217,94.8574144867,93.633718013,94.8341502952,9752931,9752931,0.0,1.0,tiingo_historical_seed,
2021-10-15,XLI,102.61,103.33,102.47,102.89,95.4855476576,96.1555563733,95.3552681851,95.7461066026,11775253,11775253,0.0,1.0,tiingo_historical_seed,
2021-10-18,XLI,102.3,103.07,101.895,102.96,95.1970716828,95.9136087815,94.8201917803,95.8112463388,6780227,6780227,0.0,1.0,tiingo_historical_seed,
2021-10-19,XLI,103.47,103.605,102.86,103.57,96.2858358458,96.4114624799,95.7181895728,96.3788926118,6911171,6911171,0.0,1.0,tiingo_historical_seed,
2021-10-20,XLI,103.59,104.325,103.35,104.22,96.397503965,97.0814711956,96.1741677265,96.9837615912,9258586,9258586,0.0,1.0,tiingo_historical_seed,
2021-10-21,XLI,104.0,104.48,103.74,104.43,96.7790367059,97.225709183,96.5370891141,97.1791808,7824899,7824899,0.0,1.0,tiingo_historical_seed,
2021-10-22,XLI,104.64,105.185,104.48,104.8,97.3746000087,97.8817593837,97.225709183,97.5234908344,9826276,9826276,0.0,1.0,tiingo_historical_seed,
2021-10-25,XLI,104.64,105.44,104.3,105.04,97.3746000087,98.1190541372,97.0582070041,97.746827073,8093601,8093601,0.0,1.0,tiingo_historical_seed,
2021-10-26,XLI,104.93,105.37,104.3801,104.39,97.6444646303,98.053914401,97.1327454737,97.1419580935,12313960,12313960,0.0,1.0,tiingo_historical_seed,
2021-10-27,XLI,104.59,104.66,103.145,103.17,97.3280716257,97.3932113619,95.9834013561,96.0066655476,9015191,9015191,0.0,1.0,tiingo_historical_seed,
2021-10-28,XLI,103.32,104.52,103.32,104.46,96.1462506967,97.2629318894,96.1462506967,97.2070978298,9260446,9260446,0.0,1.0,tiingo_historical_seed,
2021-10-29,XLI,104.27,104.87,104.07,104.49,97.0302899743,97.5886305706,96.8441764421,97.2350148596,6831642,6831642,0.0,1.0,tiingo_historical_seed,
2021-11-01,XLI,104.7,104.99,104.27,104.78,97.4304340683,97.7002986899,97.0302899743,97.5048794812,10774290,10774290,0.0,1.0,tiingo_historical_seed,
2021-11-02,XLI,104.93,105.225,104.63,105.13,97.6444646303,97.9189820902,97.3652943321,97.8305781624,8833422,8833422,0.0,1.0,tiingo_historical_seed,
2021-11-03,XLI,104.54,104.97,103.99,104.9,97.2815432426,97.6816873367,96.7697310293,97.6165476005,11567268,11567268,0.0,1.0,tiingo_historical_seed,
2021-11-04,XLI,105.2,105.695,105.0801,105.32,97.8957178987,98.3563488907,97.7841428361,98.0073860179,10201177,10201177,0.0,1.0,tiingo_historical_seed,
2021-11-05,XLI,106.54,107.05,106.04,106.39,99.1426785639,99.6172680708,98.6773947336,99.0030934148,12906652,12906652,0.0,1.0,tiingo_historical_seed,
2021-11-08,XLI,107.33,107.58,106.415,106.83,99.8778270158,100.110468931,99.0263576063,99.4125431855,8928874,8928874,0.0,1.0,tiingo_historical_seed,
2021-11-09,XLI,107.03,107.36,106.505,107.1,99.5986567176,99.9057440456,99.1101086958,99.6637964539,10409245,10409245,0.0,1.0,tiingo_historical_seed,
2021-11-10,XLI,106.95,107.29,106.205,106.5,99.5242113048,99.8406043094,98.8309383976,99.1054558575,10325814,10325814,0.0,1.0,tiingo_historical_seed,
2021-11-11,XLI,106.71,106.71,105.95,106.06,99.3008750662,99.3008750662,98.5936436441,98.6960060868,5921237,5921237,0.0,1.0,tiingo_historical_seed,
2021-11-12,XLI,106.36,107.08,106.02,106.9,98.975176385,99.6451851006,98.6587833804,99.4776829217,7917973,7917973,0.0,1.0,tiingo_historical_seed,
2021-11-15,XLI,107.33,107.45,106.86,107.1,99.8778270158,99.9894951351,99.4404602153,99.6637964539,7672636,7672636,0.0,1.0,tiingo_historical_seed,
2021-11-16,XLI,107.11,107.6459,107.02,107.12,99.6731021305,100.1717933398,99.589351041,99.6824078071,6624957,6624957,0.0,1.0,tiingo_historical_seed,
2021-11-17,XLI,107.14,107.275,106.11,106.48,99.7010191603,99.8266457945,98.7425344698,99.0868445043,8164384,8164384,0.0,1.0,tiingo_historical_seed,
2021-11-18,XLI,106.83,106.83,105.71,106.26,99.4125431855,99.4125431855,98.3703074056,98.8821196189,9806241,9806241,0.0,1.0,tiingo_historical_seed,
2021-11-19,XLI,106.21,106.285,105.58,105.73,98.8355912359,98.9053838104,98.2493336097,98.3889187588,8935617,8935617,0.0,1.0,tiingo_historical_seed,
2021-11-22,XLI,106.07,107.01,105.81,106.02,98.7053117634,99.5800453644,98.4633641716,98.6587833804,11911854,11911854,0.0,1.0,tiingo_historical_seed,
2021-11-23,XLI,106.14,106.575,105.6546,106.2,98.7704514997,99.175248432,98.3187539572,98.8262855593,14090394,14090394,0.0,1.0,tiingo_historical_seed,
2021-11-24,XLI,105.85,106.3,105.71,106.08,98.5005868781,98.9193423254,98.3703074056,98.71461744,10760392,10760392,0.0,1.0,tiingo_historical_seed,
2021-11-26,XLI,103.35,103.78,102.48,103.21,96.1741677265,96.5743118206,95.3645738617,96.043888254,14694053,14694053,0.0,1.0,tiingo_historical_seed,
2021-11-29,XLI,104.26,104.28,102.84,103.39,97.0209842977,97.0395956509,95.6995782196,96.2113904329,11693132,11693132,0.0,1.0,tiingo_historical_seed,
2021-11-30,XLI,102.61,102.93,100.665,100.77,95.4855476576,95.783329309,93.6755935577,93.773303162,21058879,21058879,0.0,1.0,tiingo_historical_seed,
2021-12-01,XLI,102.3,102.712,99.33,99.37,95.1970716828,95.580465559,92.4332857307,92.4705084372,19783746,19783746,0.0,1.0,tiingo_historical_seed,
2021-12-02,XLI,100.13,102.67,99.79,102.32,93.1777398592,95.5413817173,92.8613468546,95.215683036,21919304,21919304,0.0,1.0,tiingo_historical_seed,
2021-12-03,XLI,102.52,102.78,101.17,102.2,95.4017965682,95.6437441599,94.1455302263,95.1040149168,19584876,19584876,0.0,1.0,tiingo_historical_seed,
2021-12-06,XLI,103.22,104.575,103.05,103.93,96.0531939306,97.3141131108,95.8949974283,96.7138969697,14457481,14457481,0.0,1.0,tiingo_historical_seed,
2021-12-07,XLI,104.72,105.855,104.675,104.99,97.4490454216,98.5052397164,97.4071698768,97.7002986899,10563313,10563313,0.0,1.0,tiingo_historical_seed,
2021-12-08,XLI,105.04,105.44,104.725,105.25,97.746827073,98.1190541372,97.4536982599,97.9422462817,10419574,10419574,0.0,1.0,tiingo_historical_seed,
2021-12-09,XLI,104.83,105.46,104.56,104.92,97.5514078642,98.1376654904,97.3001545958,97.6351589537,7325762,7325762,0.0,1.0,tiingo_historical_seed,
2021-12-10,XLI,105.39,105.57,104.84,105.35,98.0725257542,98.2400279331,97.5607135408,98.0353030478,8304248,8304248,0.0,1.0,tiingo_historical_seed,
2021-12-13,XLI,105.11,105.31,104.08,104.26,97.8119668092,97.9980803413,96.8534821187,97.0209842977,12690151,12690151,0.0,1.0,tiingo_historical_seed,
2021-12-14,XLI,103.7,104.71,102.86,103.27,96.4998664077,97.4397397449,95.7181895728,96.0997223136,13174192,13174192,0.0,1.0,tiingo_historical_seed,
2021-12-15,XLI,103.55,104.31,102.86,104.17,96.3602812586,97.0675126807,95.7181895728,96.9372332082,16908591,16908591,0.0,1.0,tiingo_historical_seed,
2021-12-16,XLI,104.84,105.295,103.85,104.22,97.5607135408,97.9841218264,96.6394515568,96.9837615912,11866226,11866226,0.0,1.0,tiingo_historical_seed,
2021-12-17,XLI,104.2,104.32,102.41,102.44,96.965150238,97.0768183573,95.2994341255,95.3273511553,19378570,19378570,0.0,1.0,tiingo_historical_seed,
2021-12-20,XLI,100.81,100.8252,99.56,100.42,94.1701830187,94.1843818758,93.0025138512,93.8058702385,17968338,17968338,0.384997,1.0,tiingo_historical_seed,
2021-12-21,XLI,101.17,102.626,101.13,102.42,94.506471739,95.8665727852,94.4691063256,95.6741409064,10497409,10497409,0.0,1.0,tiingo_historical_seed,
2021-12-22,XLI,102.37,102.885,102.2,102.71,95.6274341397,96.1085138367,95.468631133,95.9450401533,8296959,8296959,0.0,1.0,tiingo_historical_seed,
2021-12-23,XLI,103.08,104.26,103.06,103.92,96.2906702269,97.392949921,96.2719875202,97.0753439074,7047147,7047147,0.0,1.0,tiingo_historical_seed,
2021-12-27,XLI,104.08,105.06,103.93,105.02,97.2248055608,98.1402581881,97.0846852607,98.1028927748,5196036,5196036,0.0,1.0,tiingo_historical_seed,
2021-12-28,XLI,104.92,105.815,104.86,105.55,98.0094792414,98.8455303653,97.9534311213,98.5979845018,5368611,5368611,0.0,1.0,tiingo_historical_seed,
2021-12-29,XLI,105.39,105.97,105.26,105.74,98.4485228484,98.9903213421,98.3270852549,98.7754702153,5922255,5922255,0.0,1.0,tiingo_historical_seed,
2021-12-30,XLI,105.85,106.37,105.275,105.36,98.878225102,99.3639754757,98.3410972849,98.4204987883,6190484,6190484,0.0,1.0,tiingo_historical_seed,
2021-12-31,XLI,105.18,106.23,105.06,105.81,98.2523544282,99.2331965289,98.1402581881,98.8408596886,7723541,7723541,0.0,1.0,tiingo_historical_seed,
2022-01-03,XLI,106.03,106.26,104.395,104.94,99.0463694621,99.2612205889,97.519058191,98.0281619481,10188348,10188348,0.0,1.0,tiingo_historical_seed,
2022-01-04,XLI,105.62,107.25,105.5,107.05,98.6633739752,100.1860145696,98.5512777351,99.9991875028,14572846,14572846,0.0,1.0,tiingo_historical_seed,
2022-01-05,XLI,107.33,107.88,105.985,106.03,100.2607453963,100.77451983,99.0043333721,99.0463694621,16196111,16196111,0.0,1.0,tiingo_historical_seed,
2022-01-06,XLI,106.4,106.905,105.98,106.52,99.3919995357,99.8637378793,98.9996626954,99.5040957758,10437826,10437826,0.0,1.0,tiingo_historical_seed,
2022-01-07,XLI,106.55,107.2,106.45,106.49,99.5321198358,100.1393078029,99.4387063024,99.4760717157,11614853,11614853,0.0,1.0,tiingo_historical_seed,
2022-01-10,XLI,106.23,106.32,104.47,105.29,99.2331965289,99.317268709,97.5891183411,98.355109315,15670966,15670966,0.0,1.0,tiingo_historical_seed,
2022-01-11,XLI,105.4,106.04,104.26,105.92,98.4578642017,99.0557108154,97.392949921,98.9436145754,11964468,11964468,0.0,1.0,tiingo_historical_seed,
2022-01-12,XLI,106.37,106.8,105.92,106.26,99.3639754757,99.7656536693,98.9436145754,99.2612205889,9938019,9938019,0.0,1.0,tiingo_historical_seed,
2022-01-13,XLI,106.55,107.44,106.115,106.49,99.5321198358,100.363500283,99.1257709655,99.4760717157,10995428,10995428,0.0,1.0,tiingo_historical_seed,
2022-01-14,XLI,105.52,105.94,104.775,105.85,98.5699604418,98.962297282,97.874029618,98.878225102,14758641,14758641,0.0,1.0,tiingo_historical_seed,
2022-01-18,XLI,104.86,105.07,104.03,104.63,97.9534311213,98.1495995415,97.1780987941,97.7385799945,13860101,13860101,0.0,1.0,tiingo_historical_seed,
2022-01-19,XLI,104.91,105.05,103.375,103.46,98.000137888,98.1309168348,96.5662401504,96.6456416538,13356620,13356620,0.0,1.0,tiingo_historical_seed,
2022-01-20,XLI,103.66,104.725,102.005,102.14,96.8324687206,97.8273228513,95.2864747428,95.4125830129,16726064,16726064,0.0,1.0,tiingo_historical_seed,
2022-01-21,XLI,102.15,102.915,100.8,101.2,95.4219243663,96.1365378968,94.1608416654,94.534495799,33329845,33329845,0.0,1.0,tiingo_historical_seed,
2022-01-24,XLI,99.51,101.93,98.05,101.78,92.9558070845,95.2164145928,91.5919694969,95.0762942927,37364348,37364348,0.0,1.0,tiingo_historical_seed,
2022-01-25,XLI,100.01,101.62,98.365,100.78,93.4228747515,94.9268326392,91.8862221271,94.1421589587,28146277,28146277,0.0,1.0,tiingo_historical_seed,
2022-01-26,XLI,101.36,102.49,98.88,99.9,94.6839574524,95.7395303798,92.3673018241,93.3201198648,27633726,27633726,0.0,1.0,tiingo_historical_seed,
2022-01-27,XLI,100.73,101.56,98.36,99.01,94.095452192,94.8707845192,91.8815514505,92.4887394176,23186076,23186076,0.0,1.0,tiingo_historical_seed,
2022-01-28,XLI,98.59,99.71,96.94,99.7,92.0964025773,93.1426341513,90.5550792762,93.133292798,22967164,22967164,0.0,1.0,tiingo_historical_seed,
2022-01-31,XLI,99.03,100.85,98.8,100.74,92.5074221242,94.2075484321,92.2925709974,94.1047935453,12183184,12183184,0.0,1.0,tiingo_historical_seed,
2022-02-01,XLI,101.37,102.46,100.76,102.13,94.6932988058,95.7115063198,94.123476252,95.4032416596,17200877,17200877,0.0,1.0,tiingo_historical_seed,
2022-02-02,XLI,102.0,103.05,101.58,102.84,95.2818040662,96.2626461668,94.8894672259,96.0664777467,14199158,14199158,0.0,1.0,tiingo_historical_seed,
2022-02-03,XLI,102.14,102.62,101.06,101.2,95.4125830129,95.8609679732,94.4037168522,94.534495799,14007507,14007507,0.0,1.0,tiingo_historical_seed,
2022-02-04,XLI,100.64,101.1,99.28,100.11,94.0113800119,94.4410822656,92.7409559577,93.5162882849,16025205,16025205,0.0,1.0,tiingo_historical_seed,
2022-02-07,XLI,100.37,100.97,99.84,100.19,93.7591634718,94.3196446722,93.2640717448,93.5910191117,10452097,10452097,0.0,1.0,tiingo_historical_seed,
2022-02-08,XLI,100.45,101.39,100.05,101.19,93.8338942985,94.7119815124,93.4602401649,94.5251544456,10376506,10376506,0.0,1.0,tiingo_historical_seed,
2022-02-09,XLI,102.04,102.72,102.01,102.58,95.3191694795,95.9543815066,95.2911454195,95.8236025599,13166307,13166307,0.0,1.0,tiingo_historical_seed,
2022-02-10,XLI,101.37,102.76,100.38,100.9,94.6932988058,95.99174692,93.7685048251,94.2542551988,15559990,15559990,0.0,1.0,tiingo_historical_seed,
2022-02-11,XLI,100.93,101.4,98.87,99.36,94.2822792588,94.7213228658,92.3579604708,92.8156867844,18726857,18726857,0.0,1.0,tiingo_historical_seed,
2022-02-14,XLI,99.5,99.775,98.2,98.99,92.9464657312,93.203352948,91.732089797,92.4700567109,15297367,15297367,0.0,1.0,tiingo_historical_seed,
2022-02-15,XLI,99.97,100.91,99.91,100.48,93.3855093382,94.2635965521,93.3294612181,93.8619183585,10542100,10542100,0.0,1.0,tiingo_historical_seed,
2022-02-16,XLI,100.21,101.36,99.96,101.01,93.6097018183,94.6839574524,93.3761679848,94.3570100855,8222551,8222551,0.0,1.0,tiingo_historical_seed,
2022-02-17,XLI,100.21,100.43,98.99,99.16,93.6097018183,93.8152115918,92.4700567109,92.6288597177,10912273,10912273,0.0,1.0,tiingo_historical_seed,
2022-02-18,XLI,98.98,99.73,98.02,98.34,92.4607153575,93.161316858,91.5639454369,91.8628687438,11969702,11969702,0.0,1.0,tiingo_historical_seed,
2022-02-22,XLI,98.27,98.84,96.86,97.39,91.7974792704,92.3299364108,90.4803484495,90.9754401765,16807296,16807296,0.0,1.0,tiingo_historical_seed,
2022-02-23,XLI,97.81,97.97,95.445,95.6,91.3677770168,91.5172386702,89.1585469519,89.3033379287,16296321,16296321,0.0,1.0,tiingo_historical_seed,
2022-02-24,XLI,94.19,97.03,93.4,96.82,87.9862071078,90.6391514563,87.2482401939,90.4429830361,27356090,27356090,0.0,1.0,tiingo_historical_seed,
2022-02-25,XLI,97.05,99.46,97.0,99.13,90.6578341629,92.9091003178,90.6111273962,92.6008356576,13511738,13511738,0.0,1.0,tiingo_historical_seed,
2022-02-28,XLI,98.21,100.09,98.16,99.89,91.7414311504,93.4976055783,91.6947243837,93.3107785115,18310701,18310701,0.0,1.0,tiingo_historical_seed,
2022-03-01,XLI,99.53,100.16,97.76,98.4,92.9744897912,93.5629950516,91.3210702501,91.9189168638,21884815,21884815,0.0,1.0,tiingo_historical_seed,
2022-03-02,XLI,98.88,100.98,98.74,100.5,92.3673018241,94.3289860255,92.2365228774,93.8806010652,16881399,16881399,0.0,1.0,tiingo_historical_seed,
2022-03-03,XLI,101.24,101.51,100.17,100.61,94.5718612123,94.8240777525,93.572336405,93.9833559519,14831560,14831560,0.0,1.0,tiingo_historical_seed,
2022-03-04,XLI,99.59,100.51,99.0,100.39,93.0305379113,93.8899424185,92.4793980642,93.7778461784,17167408,17167408,0.0,1.0,tiingo_historical_seed,
2022-03-07,XLI,100.07,100.795,97.67,97.7,93.4789228716,94.1561709887,91.23699807,91.26502213,16533896,16533896,0.0,1.0,tiingo_historical_seed,
2022-03-08,XLI,97.94,99.71,97.01,97.1,91.4892146102,93.1426341513,90.6204687496,90.7045409296,22316849,22316849,0.0,1.0,tiingo_historical_seed,
2022-03-09,XLI,98.81,99.61,98.41,98.86,92.3019123508,93.0492206179,91.9282582172,92.3486191175,18757368,18757368,0.0,1.0,tiingo_historical_seed,
2022-03-10,XLI,97.62,98.92,97.53,98.73,91.1902913033,92.4046672375,91.1062191233,92.227181524,13317230,13317230,0.0,1.0,tiingo_historical_seed,
2022-03-11,XLI,99.3,99.91,97.88,97.94,92.7596386644,93.3294612181,91.4331664902,91.4892146102,10695301,10695301,0.0,1.0,tiingo_historical_seed,
2022-03-14,XLI,98.53,99.34,97.58,98.27,92.0403544572,92.7970040778,91.15292589,91.7974792704,12988137,12988137,0.0,1.0,tiingo_historical_seed,
2022-03-15,XLI,99.17,100.03,98.57,99.83,92.638201071,93.4415574582,92.0777198706,93.2547303914,11204860,11204860,0.0,1.0,tiingo_historical_seed,
2022-03-16,XLI,100.46,101.33,99.15,101.15,93.8432356518,94.6559333924,92.6195183643,94.4877890323,15840898,15840898,0.0,1.0,tiingo_historical_seed,
2022-03-17,XLI,100.5,102.5,100.5,102.45,93.8806010652,95.7488717332,93.8806010652,95.7021649665,10897923,10897923,0.0,1.0,tiingo_historical_seed,
2022-03-18,XLI,102.27,102.925,101.51,102.84,95.5340206063,96.1458792501,94.8240777525,96.0664777467,13247715,13247715,0.0,1.0,tiingo_historical_seed,
2022-03-21,XLI,102.26,103.11,102.085,102.73,95.8413445411,96.6379917429,95.6773289407,96.2818435821,10804237,10804237,0.340551,1.0,tiingo_historical_seed,
2022-03-22,XLI,103.05,103.545,102.75,103.29,96.5817578228,97.0456876639,96.3005882221,96.8066935033,8145823,8145823,0.0,1.0,tiingo_historical_seed,
2022-03-23,XLI,102.86,103.07,102.28,102.3,96.4036837424,96.6005024628,95.8600891811,95.8788338212,10475497,10475497,0.0,1.0,tiingo_historical_seed,
2022-03-24,XLI,102.82,103.13,102.29,103.08,96.3661944623,96.656736383,95.8694615011,96.6098747828,7698944,7698944,0.0,1.0,tiingo_historical_seed,
2022-03-25,XLI,103.3,103.76,102.84,103.72,96.8160658233,97.2471925443,96.3849391023,97.2097032642,7273776,7273776,0.0,1.0,tiingo_historical_seed,
2022-03-28,XLI,103.63,103.78,102.795,103.75,97.125352384,97.2659371844,96.3427636622,97.2378202243,7941015,7941015,0.0,1.0,tiingo_historical_seed,
2022-03-29,XLI,104.43,104.77,103.695,104.71,97.8751379858,98.1937968665,97.1862724642,98.1375629464,12157505,12157505,0.0,1.0,tiingo_historical_seed,
2022-03-30,XLI,104.6,105.23,104.13,104.59,98.0344674261,98.6249235875,97.5939683851,98.0250951061,8731245,8731245,0.0,1.0,tiingo_historical_seed,
2022-03-31,XLI,104.32,104.96,102.96,102.98,97.7720424655,98.3718709469,96.4974069426,96.5161515826,9441929,9441929,0.0,1.0,tiingo_historical_seed,
2022-04-01,XLI,103.42,103.505,101.43,102.18,96.9285336636,97.0081983838,95.0634419793,95.7663659809,11182296,11182296,0.0,1.0,tiingo_historical_seed,
2022-04-04,XLI,101.98,102.125,100.79,102.05,95.5789195805,95.7148182208,94.4636134979,95.6445258206,10436502,10436502,0.0,1.0,tiingo_historical_seed,
2022-04-05,XLI,101.65,102.465,100.39,100.6,95.2696330198,96.0334771015,94.088720697,94.2855394175,15200934,15200934,0.0,1.0,tiingo_historical_seed,
2022-04-06,XLI,99.76,100.105,99.14,99.82,93.4982645357,93.8216095764,92.9171806943,93.5544984558,15573205,15573205,0.0,1.0,tiingo_historical_seed,
2022-04-07,XLI,99.46,100.52,98.56,100.16,93.217094935,94.2105608573,92.3735861331,93.8731573365,12381318,12381318,0.0,1.0,tiingo_historical_seed,
2022-04-08,XLI,100.0,100.49,99.37,99.6,93.7232002162,94.1824438972,93.1327440548,93.3483074153,12923244,12923244,0.0,1.0,tiingo_historical_seed,
2022-04-11,XLI,99.28,100.4,99.1,99.28,93.0483931746,94.0980930171,92.8796914142,93.0483931746,11246438,11246438,0.0,1.0,tiingo_historical_seed,
2022-04-12,XLI,99.58,100.555,98.69,99.12,93.3295627753,94.2433639774,92.4954262934,92.8984360543,11473939,11473939,0.0,1.0,tiingo_historical_seed,
2022-04-13,XLI,99.32,100.155,99.31,100.05,93.0858824547,93.8684711765,93.0765101347,93.7700618163,7661232,7661232,0.0,1.0,tiingo_historical_seed,
2022-04-14,XLI,100.37,100.91,99.92,99.94,94.069976057,94.5760813382,93.648221656,93.6669662961,8252406,8252406,0.0,1.0,tiingo_historical_seed,
2022-04-18,XLI,99.66,100.6,99.17,99.59,93.4045413355,94.2855394175,92.9452976544,93.3389350953,8701060,8701060,0.0,1.0,tiingo_historical_seed,
2022-04-19,XLI,99.92,101.54,99.87,101.4,93.648221656,95.1665374995,93.6013600559,95.0353250192,10920149,10920149,0.0,1.0,tiingo_historical_seed,
2022-04-20,XLI,102.26,102.65,101.81,101.95,95.8413445411,96.2068650219,95.4195901401,95.5508026204,8618985,8618985,0.0,1.0,tiingo_historical_seed,
2022-04-21,XLI,102.96,103.12,100.67,100.91,96.4974069426,96.6473640629,94.3511456576,94.5760813382,11117443,11117443,0.0,1.0,tiingo_historical_seed,
2022-04-22,XLI,100.4,100.455,98.34,98.43,94.0980930171,94.1496407772,92.1673950926,92.2517459728,12030414,12030414,0.0,1.0,tiingo_historical_seed,
2022-04-25,XLI,97.86,98.58,96.185,98.43,91.7175237316,92.3923307731,90.1476601279,92.2517459728,16391125,16391125,0.0,1.0,tiingo_historical_seed,
2022-04-26,XLI,97.7,98.07,96.25,96.28,91.5675666112,91.914342452,90.2085802081,90.2366971681,14581666,14581666,0.0,1.0,tiingo_historical_seed,
2022-04-27,XLI,96.23,97.51,95.78,96.64,90.189835568,91.3894925308,89.7680811671,90.5741006889,13363061,13363061,0.0,1.0,tiingo_historical_seed,
2022-04-28,XLI,96.91,98.11,95.73,97.73,90.8271533295,91.9518317321,89.721219567,91.5956835713,13461571,13461571,0.0,1.0,tiingo_historical_seed,
2022-04-29,XLI,97.58,98.08,94.95,95.14,91.455098771,91.923714772,88.9901786053,89.1682526857,15135409,15135409,0.0,1.0,tiingo_historical_seed,
2022-05-02,XLI,95.04,96.19,93.495,95.34,89.0745294855,90.152346288,87.6265060421,89.3556990861,19101390,19101390,0.0,1.0,tiingo_historical_seed,
2022-05-03,XLI,95.54,96.6,95.14,95.97,89.5431454865,90.5366114088,89.1682526857,89.9461552475,13316026,13316026,0.0,1.0,tiingo_historical_seed,
2022-05-04,XLI,95.92,98.98,95.66,98.75,89.8992936474,92.767223574,89.6556133268,92.5516602135,18461056,18461056,0.0,1.0,tiingo_historical_seed,
2022-05-05,XLI,97.8,98.28,95.4,96.17,91.6612898114,92.1111611725,89.4119330062,90.1336016479,24943696,24943696,0.0,1.0,tiingo_historical_seed,
2022-05-06,XLI,95.78,95.82,93.96,95.52,89.7680811671,89.8055704472,88.0623189231,89.5244008465,24154018,24154018,0.0,1.0,tiingo_historical_seed,
2022-05-09,XLI,94.41,94.78,92.825,93.21,88.4840733241,88.8308491649,86.9985606007,87.3593949215,21188753,21188753,0.0,1.0,tiingo_historical_seed,
2022-05-10,XLI,94.22,94.5,91.68,92.6,88.3059992437,88.5684242043,85.9254299582,86.7876834002,22935012,22935012,0.0,1.0,tiingo_historical_seed,
2022-05-11,XLI,92.53,94.14,91.61,91.76,86.72207716,88.2310206835,85.859823718,86.0004085184,21838671,21838671,0.0,1.0,tiingo_historical_seed,
2022-05-12,XLI,91.29,92.51,90.19,91.93,85.5599094774,86.70333252,84.528954275,86.1597379587,18517540,18517540,0.0,1.0,tiingo_historical_seed,
2022-05-13,XLI,92.75,93.63,92.15,93.1,86.9282682005,87.7530323624,86.3659289992,87.2562994013,12837813,12837813,0.0,1.0,tiingo_historical_seed,
2022-05-16,XLI,92.83,93.71,92.2,92.97,87.0032467607,87.8280109226,86.4127905993,87.134459241,10865945,10865945,0.0,1.0,tiingo_historical_seed,
2022-05-17,XLI,94.47,95.22,93.675,95.08,88.5403072442,89.2432312459,87.7952078025,89.1120187656,9490472,9490472,0.0,1.0,tiingo_historical_seed,
2022-05-18,XLI,94.23,94.4,91.27,91.54,88.3153715637,88.4747010041,85.5411648373,85.7942174779,11172989,11172989,0.0,1.0,tiingo_historical_seed,
2022-05-19,XLI,90.58,91.88,89.68,90.72,84.8944747558,86.1128763586,84.0509659539,85.0256872361,14481966,14481966,0.0,1.0,tiingo_historical_seed,
2022-05-20,XLI,91.0,91.19,88.035,89.74,85.2881121967,85.4661862771,82.5092193103,84.107199874,15695078,15695078,0.0,1.0,tiingo_historical_seed,
2022-05-23,XLI,90.61,91.435,90.16,91.21,84.9225917159,85.6958081177,84.5008373149,85.4849309172,11989105,11989105,0.0,1.0,tiingo_historical_seed,
2022-05-24,XLI,90.74,91.37,89.24,91.16,85.0444318762,85.6348880375,83.6385838729,85.4380693171,9916954,9916954,0.0,1.0,tiingo_historical_seed,
2022-05-25,XLI,90.86,92.04,90.54,91.69,85.1568997164,86.262833479,84.8569854757,85.9348022782,9460135,9460135,0.0,1.0,tiingo_historical_seed,
2022-05-26,XLI,92.52,94.01,92.33,93.55,86.71270484,88.1091805232,86.5346307596,87.6780538022,8028139,8028139,0.0,1.0,tiingo_historical_seed,
2022-05-27,XLI,94.29,95.49,94.17,95.47,88.3716054838,89.4962838864,88.2591376436,89.4775392464,8669562,8669562,0.0,1.0,tiingo_historical_seed,
2022-05-31,XLI,94.47,95.355,93.8,94.7,88.5403072442,89.3697575661,87.9123618028,88.7558706047,14498307,14498307,0.0,1.0,tiingo_historical_seed,
2022-06-01,XLI,95.26,95.49,93.35,94.12,89.2807205259,89.4962838864,87.4906074018,88.2122760435,8713684,8713684,0.0,1.0,tiingo_historical_seed,
2022-06-02,XLI,94.77,95.97,93.93,95.92,88.8214768449,89.9461552475,88.0342019631,89.8992936474,8432476,8432476,0.0,1.0,tiingo_historical_seed,
2022-06-03,XLI,95.06,95.8,94.95,95.55,89.0932741255,89.7868258071,88.9901786053,89.5525178066,6828753,6828753,0.0,1.0,tiingo_historical_seed,
2022-06-06,XLI,96.24,96.535,95.745,95.95,90.1992078881,90.4756913287,89.735278047,89.9274106074,8334562,8334562,0.0,1.0,tiingo_historical_seed,
2022-06-07,XLI,95.1,97.34,94.78,97.24,89.1307634056,91.2301630904,88.8308491649,91.1364398902,7427686,7427686,0.0,1.0,tiingo_historical_seed,
2022-06-08,XLI,96.51,96.75,95.255,95.48,90.4522605286,90.6771962092,89.2760343659,89.4869115664,7028755,7028755,0.0,1.0,tiingo_historical_seed,
2022-06-09,XLI,95.08,95.46,93.6,93.6,89.1120187656,89.4681669264,87.7249154024,87.7249154024,6737824,6737824,0.0,1.0,tiingo_historical_seed,
2022-06-10,XLI,91.94,92.15,90.81,90.84,86.1691102788,86.3659289992,85.1100381163,85.1381550764,10416664,10416664,0.0,1.0,tiingo_historical_seed,
2022-06-13,XLI,89.05,89.18,87.56,88.11,83.4605097925,83.5823499528,82.0640341093,82.5795117105,18353288,18353288,0.0,1.0,tiingo_historical_seed,
2022-06-14,XLI,88.49,89.15,87.16,87.89,82.9356598713,83.5542329927,81.6891413084,82.37332067,10512795,10512795,0.0,1.0,tiingo_historical_seed,
2022-06-15,XLI,88.58,89.8,87.37,88.74,83.0200107515,84.1634337941,81.8859600289,83.1699678718,13335168,13335168,0.0,1.0,tiingo_historical_seed,
2022-06-16,XLI,87.01,87.06,85.33,85.78,81.5485565081,81.5954181082,79.9740067445,80.3957611454,13500719,13500719,0.0,1.0,tiingo_historical_seed,
2022-06-17,XLI,85.68,86.41,84.57,85.56,80.3020379452,80.9862173068,79.2617104228,80.189570105,14253473,14253473,0.0,1.0,tiingo_historical_seed,
2022-06-21,XLI,86.53,87.07,85.93,86.74,81.4485220991,81.9568105763,80.8837571244,81.6461898402,9161658,9161658,0.374172,1.0,tiingo_historical_seed,
2022-06-22,XLI,85.52,86.955,85.35,86.26,80.4978343917,81.8485639562,80.3378176489,81.1943778605,11136961,11136961,0.0,1.0,tiingo_historical_seed,
2022-06-23,XLI,86.22,86.56,84.75,85.82,81.1567268622,81.4767603478,79.7730526742,80.7802168791,9744542,9744542,0.0,1.0,tiingo_historical_seed,
2022-06-24,XLI,86.64,88.83,86.6,88.82,81.5520623445,83.6134545021,81.5144113461,83.6040417525,9633954,9633954,0.0,1.0,tiingo_historical_seed,
2022-06-27,XLI,89.29,89.29,88.21,88.61,84.0464409826,84.0464409826,83.0298640282,83.4063740113,6361269,6361269,0.0,1.0,tiingo_historical_seed,
2022-06-28,XLI,89.2,90.2,87.505,87.58,83.9617262364,84.9030011942,82.366265183,82.4368608048,6476287,6476287,0.0,1.0,tiingo_historical_seed,
2022-06-29,XLI,87.75,87.76,86.38,87.07,82.5968775476,82.6062902972,81.3073308554,81.9568105763,6818421,6818421,0.0,1.0,tiingo_historical_seed,
2022-06-30,XLI,86.01,87.72,85.61,87.34,80.959059121,82.5686392989,80.5825491379,82.2109548149,8708532,8708532,0.0,1.0,tiingo_historical_seed,
2022-07-01,XLI,87.18,88.39,86.51,88.1,82.0603508217,83.1992935206,81.4296965999,82.9263237829,11717967,11717967,0.0,1.0,tiingo_historical_seed,
2022-07-05,XLI,86.62,86.82,85.27,86.78,81.5332368453,81.7214918369,80.2625156523,81.6838408385,10994645,10994645,0.0,1.0,tiingo_historical_seed,
2022-07-06,XLI,86.98,87.82,86.16,87.28,81.8720958301,82.6627667947,81.1002503647,82.1544783174,9781667,9781667,0.0,1.0,tiingo_historical_seed,
2022-07-07,XLI,87.89,88.53,87.31,88.31,82.7286560417,83.3310720147,82.1827165662,83.123991524,5865558,5865558,0.0,1.0,tiingo_historical_seed,
2022-07-08,XLI,88.08,88.47,87.23,87.91,82.9074982837,83.2745955172,82.1074145696,82.7474815409,4912841,4912841,0.0,1.0,tiingo_historical_seed,
2022-07-11,XLI,87.4,87.91,87.12,87.32,82.2674313124,82.7474815409,82.0038743242,82.1921293158,7984977,7984977,0.0,1.0,tiingo_historical_seed,
2022-07-12,XLI,86.92,88.225,86.735,87.05,81.8156193326,83.0439831526,81.6414834654,81.9379850772,8018045,8018045,0.0,1.0,tiingo_historical_seed,
2022-07-13,XLI,85.66,86.72,85.44,85.99,80.6296128858,81.6273643411,80.4225323951,80.9402336219,9498557,9498557,0.0,1.0,tiingo_historical_seed,
2022-07-14,XLI,84.76,85.595,84.275,85.5,79.7824654238,80.5684300135,79.3259470692,80.4790088926,6825170,6825170,0.0,1.0,tiingo_historical_seed,
2022-07-15,XLI,86.7,86.97,85.79,86.84,81.6085388419,81.8626830805,80.7519786303,81.740317336,7855588,7855588,0.0,1.0,tiingo_historical_seed,
2022-07-18,XLI,87.61,87.95,86.05,86.32,82.4650990535,82.7851325392,80.9967101193,81.250854358,6281975,6281975,0.0,1.0,tiingo_historical_seed,
2022-07-19,XLI,87.03,89.555,87.01,89.4,81.919159578,84.2958788465,81.9003340788,84.149981228,7326897,7326897,0.0,1.0,tiingo_historical_seed,
2022-07-20,XLI,89.43,90.33,89.11,90.09,84.1782194767,85.0253669388,83.8770114902,84.7994609489,8260587,8260587,0.0,1.0,tiingo_historical_seed,
2022-07-21,XLI,89.83,90.76,89.48,90.74,84.5547294599,85.4301151706,84.2252832246,85.4112896715,5899263,5899263,0.0,1.0,tiingo_historical_seed,
2022-07-22,XLI,91.04,91.33,90.03,90.45,85.6936721588,85.9666418966,84.7429844514,85.1383199337,5969790,5969790,0.0,1.0,tiingo_historical_seed,
2022-07-25,XLI,90.55,91.14,90.0,90.88,85.2324474295,85.7877996546,84.7147462027,85.5430681656,6154858,6154858,0.0,1.0,tiingo_historical_seed,
2022-07-26,XLI,90.59,91.22,90.18,90.39,85.2700984278,85.8631016512,84.8841756951,85.0818434362,5522198,5522198,0.0,1.0,tiingo_historical_seed,
2022-07-27,XLI,90.98,92.24,90.38,91.79,85.6371956613,86.8232021082,85.0724306867,86.3996283772,8662123,8662123,0.0,1.0,tiingo_historical_seed,
2022-07-28,XLI,92.25,93.805,91.99,93.71,86.8326148578,88.2962974171,86.5878833687,88.2068762962,8668535,8668535,0.0,1.0,tiingo_historical_seed,
2022-07-29,XLI,93.74,95.84,93.74,95.64,88.2351145449,90.2117919563,88.2351145449,90.0235369647,9000633,9000633,0.0,1.0,tiingo_historical_seed,
2022-08-01,XLI,95.04,96.05,94.86,95.74,89.45877199,90.4094596974,89.2893424976,90.1176644605,8599365,8599365,0.0,1.0,tiingo_historical_seed,
2022-08-02,XLI,95.38,95.91,94.545,94.73,89.7788054757,90.2776812033,88.9928408859,89.1669767531,10039931,10039931,0.0,1.0,tiingo_historical_seed,
2022-08-03,XLI,95.14,95.92,94.48,95.62,89.5528994858,90.2870939529,88.9316580137,90.0047114656,5509486,5509486,0.0,1.0,tiingo_historical_seed,
2022-08-04,XLI,95.64,96.25,95.42,95.97,90.0235369647,90.597714689,89.816456474,90.3341577008,5339358,5339358,0.0,1.0,tiingo_historical_seed,
2022-08-05,XLI,94.99,96.19,94.99,96.12,89.4117082421,90.5412381915,89.4117082421,90.4753489445,7857349,7857349,0.0,1.0,tiingo_historical_seed,
2022-08-08,XLI,96.87,97.14,95.84,96.09,91.1813051628,91.4354494014,90.2117919563,90.4471106957,5606027,5606027,0.0,1.0,tiingo_historical_seed,
2022-08-09,XLI,96.08,96.23,95.535,95.74,90.4376979462,90.5788891898,89.9247030942,90.1176644605,4397963,4397963,0.0,1.0,tiingo_historical_seed,
2022-08-10,XLI,97.26,98.15,97.045,97.84,91.5484023964,92.3861371088,91.3460282804,92.0943418719,5967009,5967009,0.0,1.0,tiingo_historical_seed,
2022-08-11,XLI,98.48,99.23,98.17,98.36,92.6967578449,93.4027140633,92.404962608,92.58380485,5711598,5711598,0.0,1.0,tiingo_historical_seed,
2022-08-12,XLI,98.81,99.87,98.46,99.84,93.007378581,94.0051300362,92.6779323457,93.9768917875,7808155,7808155,0.0,1.0,tiingo_historical_seed,
2022-08-15,XLI,99.15,100.22,99.0,100.08,93.3274120666,94.3345762715,93.186220823,94.2027977774,6558471,6558471,0.0,1.0,tiingo_historical_seed,
2022-08-16,XLI,99.6,100.97,99.6,100.53,93.7509857976,95.0405324898,93.7509857976,94.6263715084,5564228,5564228,0.0,1.0,tiingo_historical_seed,
2022-08-17,XLI,99.35,100.19,99.2,99.73,93.5156670582,94.3063380227,93.3744758145,93.8733515422,6578822,6578822,0.0,1.0,tiingo_historical_seed,
2022-08-18,XLI,99.91,100.275,99.565,100.13,94.0427810346,94.3863463942,93.7180411741,94.2498615253,7003420,7003420,0.0,1.0,tiingo_historical_seed,
2022-08-19,XLI,99.51,99.54,98.575,98.84,93.6662710514,93.6945093002,92.7861789659,93.0356168297,6893443,6893443,0.0,1.0,tiingo_historical_seed,
2022-08-22,XLI,97.63,97.78,96.83,96.96,91.8966741308,92.0378653744,91.1436541645,91.266019909,5804820,5804820,0.0,1.0,tiingo_historical_seed,
2022-08-23,XLI,97.0,97.78,96.84,97.14,91.3036709073,92.0378653744,91.1530669141,91.4354494014,9874698,9874698,0.0,1.0,tiingo_historical_seed,
2022-08-24,XLI,97.24,97.75,97.05,97.46,91.5295768972,92.0096271257,91.3507346552,91.7366573879,6443810,6443810,0.0,1.0,tiingo_historical_seed,
2022-08-25,XLI,97.9,98.98,97.81,98.95,92.1508183694,93.1673953238,92.0661036232,93.1391570751,6045854,6045854,0.0,1.0,tiingo_historical_seed,
2022-08-26,XLI,99.14,99.19,95.45,95.52,93.317999317,93.3650630649,89.8446947227,89.9105839698,8006169,8006169,0.0,1.0,tiingo_historical_seed,
2022-08-29,XLI,94.91,95.85,94.54,95.09,89.3364062455,90.2212047059,88.9881345111,89.5058357379,6320188,6320188,0.0,1.0,tiingo_historical_seed,
2022-08-30,XLI,95.3,95.43,93.325,93.72,89.7035034791,89.8258692236,87.8444854374,88.2162890457,9546674,9546674,0.0,1.0,tiingo_historical_seed,
2022-08-31,XLI,94.1,94.27,92.83,92.93,88.5739735297,88.7339902725,87.3785543333,87.4726818291,9683939,9683939,0.0,1.0,tiingo_historical_seed,
2022-09-01,XLI,92.32,93.12,91.92,93.06,86.8985041048,87.651524071,86.5219941217,87.5950475736,8790104,8790104,0.0,1.0,tiingo_historical_seed,
2022-09-02,XLI,94.1,94.215,91.73,92.16,88.5739735297,88.6822201498,86.3431518797,86.7479001116,9839321,9839321,0.0,1.0,tiingo_historical_seed,
2022-09-06,XLI,92.2,92.765,91.51,92.31,86.7855511099,87.317371461,86.136071389,86.8890913552,11435520,11435520,0.0,1.0,tiingo_historical_seed,
2022-09-07,XLI,91.98,94.025,91.96,93.79,86.5784706191,88.5033779079,86.55964512,88.2821782928,7934256,7934256,0.0,1.0,tiingo_historical_seed,
2022-09-08,XLI,93.22,94.105,92.63,94.07,87.7456515668,88.5786799045,87.1902993417,88.545735281,6979878,6979878,0.0,1.0,tiingo_historical_seed,
2022-09-09,XLI,94.68,95.49,94.635,95.29,89.1199130052,89.8823457211,89.0775556321,89.6940907295,7440041,7440041,0.0,1.0,tiingo_historical_seed,
2022-09-12,XLI,95.84,96.35,95.36,95.86,90.2117919563,90.6918421848,89.7599799765,90.2306174554,5874020,5874020,0.0,1.0,tiingo_historical_seed,
2022-09-13,XLI,93.8,94.54,91.8982,92.25,88.2915910424,88.9881345111,86.5014743276,86.8326148578,11236335,11236335,0.0,1.0,tiingo_historical_seed,
2022-09-14,XLI,92.2,92.48,90.92,92.07,86.7855511099,87.049108098,85.5807191639,86.6631853653,8889388,8889388,0.0,1.0,tiingo_historical_seed,
2022-09-15,XLI,92.0,92.65,90.82,91.11,86.5972961183,87.2091248409,85.4865916681,85.7595614059,10688763,10688763,0.0,1.0,tiingo_historical_seed,
2022-09-16,XLI,89.07,89.61,88.44,89.21,83.8393604919,84.3476489691,83.2463572685,83.971138986,19141355,19141355,0.0,1.0,tiingo_historical_seed,
2022-09-19,XLI,88.17,90.115,88.11,89.99,83.3841707083,85.2235969534,83.3274274823,85.1053818991,8455445,8455445,0.425007,1.0,tiingo_historical_seed,
2022-09-20,XLI,89.32,89.38,88.13,88.87,84.471749208,84.5284924341,83.346341891,84.0461750125,6652570,6652570,0.0,1.0,tiingo_historical_seed,
2022-09-21,XLI,89.66,90.36,87.68,87.69,84.7932941557,85.4552984599,82.9207676954,82.9302248998,10846671,10846671,0.0,1.0,tiingo_historical_seed,
2022-09-22,XLI,87.48,87.61,86.24,86.37,82.7316236085,82.854567265,81.5589302698,81.6818739263,8924833,8924833,0.0,1.0,tiingo_historical_seed,
2022-09-23,XLI,85.51,85.6,83.71,84.75,80.8685543526,80.9536691917,79.1662575705,80.1498068224,13831576,13831576,0.0,1.0,tiingo_historical_seed,
2022-09-26,XLI,84.49,85.21,83.48,83.86,79.9039195094,80.5848382223,78.9487418706,79.3081156357,9241612,9241612,0.0,1.0,tiingo_historical_seed,
2022-09-27,XLI,84.62,84.89,82.87,83.58,80.0268631659,80.2822076832,78.3718524056,79.0433139141,12179578,12179578,0.0,1.0,tiingo_historical_seed,
2022-09-28,XLI,83.94,85.89,83.67,85.42,79.3837732705,81.2279281177,79.1284287532,80.7834395135,11920112,11920112,0.0,1.0,tiingo_historical_seed,
2022-09-29,XLI,84.67,84.75,83.16,83.94,80.0741491877,80.1498068224,78.6461113316,79.3837732705,9357400,9357400,0.0,1.0,tiingo_historical_seed,
2022-09-30,XLI,83.7,84.45,82.75,82.84,79.1568003662,79.8660906921,78.2583659534,78.3434807925,8935651,8935651,0.0,1.0,tiingo_historical_seed,
2022-10-03,XLI,83.76,86.01,83.495,85.34,79.2135435923,81.3414145699,78.9629276771,80.7077818788,8612659,8612659,0.0,1.0,tiingo_historical_seed,
2022-10-04,XLI,86.64,88.33,86.64,88.31,81.9372184436,83.5354859779,81.9372184436,83.5165715692,9676136,9676136,0.0,1.0,tiingo_historical_seed,
2022-10-05,XLI,87.35,88.575,86.93,87.83,82.6086799521,83.7671874843,82.2114773696,83.0626257606,7055835,7055835,0.0,1.0,tiingo_historical_seed,
2022-10-06,XLI,87.38,88.03,86.6,86.82,82.6370515651,83.2517698475,81.8993896262,82.1074481218,8813313,8813313,0.0,1.0,tiingo_historical_seed,
2022-10-07,XLI,85.99,86.13,84.635,85.16,81.3225001612,81.454901022,80.0410489724,80.5375522005,7415187,7415187,0.0,1.0,tiingo_historical_seed,
2022-10-10,XLI,85.87,86.33,84.74,85.46,81.209013709,81.6440451089,80.1403496181,80.8212683309,7564257,7564257,0.0,1.0,tiingo_historical_seed,
2022-10-11,XLI,85.12,86.6,84.89,85.44,80.4997233832,81.8993896262,80.2822076832,80.8023539222,8661731,8661731,0.0,1.0,tiingo_historical_seed,
2022-10-12,XLI,85.39,85.785,84.73,84.77,80.7550679005,81.1286274721,80.1308924137,80.1687212311,6727367,6727367,0.0,1.0,tiingo_historical_seed,
2022-10-13,XLI,82.85,87.085,82.76,86.64,78.3529379969,82.3580640369,78.2678231578,81.9372184436,18956141,18956141,0.0,1.0,tiingo_historical_seed,
2022-10-14,XLI,87.25,87.4,84.56,84.74,82.5141079086,82.6559659738,79.9701199399,80.1403496181,9433052,9433052,0.0,1.0,tiingo_historical_seed,
2022-10-17,XLI,86.24,87.06,86.14,86.59,81.5589302698,82.3344210261,81.4643582263,81.8899324219,9541174,9541174,0.0,1.0,tiingo_historical_seed,
2022-10-18,XLI,88.46,88.91,87.44,88.68,83.6584296343,84.0840038299,82.6937947912,83.8664881299,10160563,10160563,0.0,1.0,tiingo_historical_seed,
2022-10-19,XLI,88.25,88.85,87.35,88.05,83.4598283431,84.0272606038,82.6086799521,83.2706842562,7705459,7705459,0.0,1.0,tiingo_historical_seed,
2022-10-20,XLI,87.79,88.31,86.17,86.32,83.0247969432,83.5165715692,81.4927298394,81.6345879045,8773288,8773288,0.0,1.0,tiingo_historical_seed,
2022-10-21,XLI,86.4,88.865,86.09,88.69,81.7102455393,84.0414464103,81.4170722046,83.8759453343,13148218,13148218,0.0,1.0,tiingo_historical_seed,
2022-10-24,XLI,89.32,90.205,89.07,89.87,84.471749208,85.3087117925,84.2353190994,84.991895447,9388681,9388681,0.0,1.0,tiingo_historical_seed,
2022-10-25,XLI,89.77,91.15,89.72,91.08,84.8973234035,86.2024176031,84.8500373818,86.1362171727,9807949,9807949,0.0,1.0,tiingo_historical_seed,
2022-10-26,XLI,91.91,92.71,91.07,91.4,86.9211651333,87.6777414809,86.1267599683,86.4388477117,10250443,10250443,0.0,1.0,tiingo_historical_seed,
2022-10-27,XLI,92.29,93.58,92.28,92.47,87.2805388984,88.5005182589,87.2710816941,87.4507685766,9223889,9223889,0.0,1.0,tiingo_historical_seed,
2022-10-28,XLI,92.66,94.7,92.42,94.62,87.6304554592,89.5597251455,87.4034825549,89.4840675108,9161737,9161737,0.0,1.0,tiingo_historical_seed,
2022-10-31,XLI,94.16,94.95,93.89,94.35,89.0490361109,89.7961552541,88.7936915936,89.2287229934,9144913,9144913,0.0,1.0,tiingo_historical_seed,
2022-11-01,XLI,95.05,95.17,93.67,94.26,89.8907272976,90.0042137497,88.585633098,89.1436081543,9673189,9673189,0.0,1.0,tiingo_historical_seed,
2022-11-02,XLI,93.79,95.72,92.545,92.6,88.6991195501,90.5243599887,87.5216976092,87.5737122331,13884866,13884866,0.0,1.0,tiingo_historical_seed,
2022-11-03,XLI,91.66,94.41,91.601,93.57,86.6847350247,89.2854662195,86.6289375191,88.4910610545,13330964,13330964,0.0,1.0,tiingo_historical_seed,
2022-11-04,XLI,94.87,95.34,93.5,95.07,89.7204976194,90.1649862236,88.4248606241,89.9096417063,11497477,11497477,0.0,1.0,tiingo_historical_seed,
2022-11-07,XLI,95.5,96.24,94.895,96.09,90.3163014931,91.0161346146,89.7441406302,90.8742765494,8286935,8286935,0.0,1.0,tiingo_historical_seed,
2022-11-08,XLI,96.4,97.38,95.77,96.93,91.1674498841,92.0942559099,90.5716460104,91.6686817144,8951572,8951572,0.0,1.0,tiingo_historical_seed,
2022-11-09,XLI,96.35,97.0,95.455,95.58,91.1201638624,91.7348821448,90.2737440735,90.3919591279,9217726,9217726,0.0,1.0,tiingo_historical_seed,
2022-11-10,XLI,98.3,99.72,97.84,99.59,92.9643187097,94.3072417266,92.5292873098,94.1842980701,18633783,18633783,0.0,1.0,tiingo_historical_seed,
2022-11-11,XLI,99.83,100.24,99.12,99.53,94.4112709744,94.7990163525,93.7398094659,94.1275548441,9975360,9975360,0.0,1.0,tiingo_historical_seed,
2022-11-14,XLI,99.24,100.26,98.89,98.92,93.8532959181,94.8179307612,93.522293766,93.550665379,8854133,8854133,0.0,1.0,tiingo_historical_seed,
2022-11-15,XLI,99.99,100.18,98.74,99.6,94.5625862439,94.7422731265,93.3804357008,94.1937552745,10514104,10514104,0.0,1.0,tiingo_historical_seed,
2022-11-16,XLI,99.48,99.675,98.655,98.88,94.0802688223,94.2646843071,93.3000494639,93.5128365617,9612086,9612086,0.0,1.0,tiingo_historical_seed,
2022-11-17,XLI,97.61,98.75,97.1,98.71,92.3117716099,93.3898929052,91.8294541883,93.3520640878,8754393,8754393,0.0,1.0,tiingo_historical_seed,
2022-11-18,XLI,99.6,99.89,98.8,99.44,94.1937552745,94.4680142005,93.4371789269,94.042440005,7661541,7661541,0.0,1.0,tiingo_historical_seed,
2022-11-21,XLI,99.18,100.06,99.15,99.76,93.796552692,94.6287866743,93.768181079,94.345070544,7072582,7072582,0.0,1.0,tiingo_historical_seed,
2022-11-22,XLI,100.2,100.76,100.1,100.53,94.7611875352,95.2907909785,94.6666154917,95.0732752785,7470202,7470202,0.0,1.0,tiingo_historical_seed,
2022-11-23,XLI,100.65,101.29,100.575,100.91,95.1867617307,95.7920228088,95.1158326981,95.4326490437,5649134,5649134,0.0,1.0,tiingo_historical_seed,
2022-11-25,XLI,101.13,101.5,101.01,101.3,95.6407075392,95.9906241,95.5272210871,95.8014800131,2665905,2665905,0.0,1.0,tiingo_historical_seed,
2022-11-28,XLI,100.85,100.94,99.14,99.46,95.3759058176,95.4610206567,93.7587238746,94.0613544137,7870228,7870228,0.0,1.0,tiingo_historical_seed,
2022-11-29,XLI,99.68,100.23,99.38,100.07,94.2694129092,94.7895591482,93.9856967789,94.6382438787,5563377,5563377,0.0,1.0,tiingo_historical_seed,
2022-11-30,XLI,100.05,101.74,98.94,101.72,94.61932947,96.2175970043,93.5695797877,96.1986825956,18295432,18295432,0.0,1.0,tiingo_historical_seed,
2022-12-01,XLI,102.1,102.3593,100.965,101.75,96.5580563607,96.8032816693,95.4846636675,96.2270542086,13848743,13848743,0.0,1.0,tiingo_historical_seed,
2022-12-02,XLI,100.66,102.69,100.66,102.33,95.196218935,97.116031417,95.196218935,96.7755720606,10768068,10768068,0.0,1.0,tiingo_historical_seed,
2022-12-05,XLI,101.4,101.52,100.44,100.62,95.8960520565,96.0095385087,94.9881604394,95.1583901177,11070756,11070756,0.0,1.0,tiingo_historical_seed,
2022-12-06,XLI,100.85,100.9,98.675,99.43,95.3759058176,95.4231918393,93.3189638726,94.0329828006,8854732,8854732,0.0,1.0,tiingo_historical_seed,
2022-12-07,XLI,99.25,100.0,99.11,99.3,93.8627531224,94.5720434483,93.7303522616,93.9100391441,7173701,7173701,0.0,1.0,tiingo_historical_seed,
2022-12-08,XLI,99.66,100.5,99.53,99.89,94.2504985005,95.0449036655,94.1275548441,94.4680142005,6462406,6462406,0.0,1.0,tiingo_historical_seed,
2022-12-09,XLI,99.84,100.26,99.04,99.07,94.4207281788,94.8179307612,93.6641518312,93.6925234442,7208049,7208049,0.0,1.0,tiingo_historical_seed,
2022-12-12,XLI,99.3,100.8,99.22,100.77,93.9100391441,95.3286197959,93.8343815094,95.3002481828,7043316,7043316,0.0,1.0,tiingo_historical_seed,
2022-12-13,XLI,103.23,103.31,100.405,101.15,97.6267204517,97.7023780864,94.9550602242,95.6596219479,17589507,17589507,0.0,1.0,tiingo_historical_seed,
2022-12-14,XLI,101.27,102.28,100.38,100.96,95.7731084001,96.7282860389,94.9314172134,95.4799350654,10428901,10428901,0.0,1.0,tiingo_historical_seed,
2022-12-15,XLI,99.6,100.045,98.01,98.52,94.1937552745,94.6146008678,92.6900597837,93.1723772052,11588870,11588870,0.0,1.0,tiingo_historical_seed,
2022-12-16,XLI,97.59,98.305,97.135,98.1,92.2928572012,92.9690473118,91.8625544035,92.7751746228,17357140,17357140,0.0,1.0,tiingo_historical_seed,
2022-12-19,XLI,97.37,98.27,96.65,97.12,92.5262245204,93.3814530515,91.8420416956,92.2886610396,8814778,8814778,0.465563,1.0,tiingo_historical_seed,
2022-12-20,XLI,96.91,97.87,96.8,97.24,92.0891077157,93.0013514821,91.9845797841,92.4026915104,9294162,9294162,0.0,1.0,tiingo_historical_seed,
2022-12-21,XLI,98.38,99.2399,98.05,99.07,93.4859809831,94.3031043318,93.1723971884,94.1416561902,8220939,8220939,0.0,1.0,tiingo_historical_seed,
2022-12-22,XLI,98.39,98.47,96.3,97.81,93.4954835223,93.5715038362,91.5094528224,92.9443362467,11024801,11024801,0.0,1.0,tiingo_historical_seed,
2022-12-23,XLI,97.8,98.53,97.37,98.39,92.9348337075,93.6285190716,92.5262245204,93.4954835223,6142448,6142448,0.0,1.0,tiingo_historical_seed,
2022-12-27,XLI,98.54,99.18,98.16,98.69,93.6380216108,94.2461841218,93.2769251199,93.7805596993,5213773,5213773,0.0,1.0,tiingo_historical_seed,
2022-12-28,XLI,98.87,99.1,97.38,97.4,93.9516054055,94.1701638079,92.5357270597,92.5547321382,6803903,6803903,0.0,1.0,tiingo_historical_seed,
2022-12-29,XLI,97.85,98.9,97.77,98.6,92.9823464037,93.9801130232,92.9063260898,93.6950368462,8308994,8308994,0.0,1.0,tiingo_historical_seed,
2022-12-30,XLI,98.01,98.395,97.285,98.21,93.1343870314,93.5002347919,92.445452937,93.3244378161,6874386,6874386,0.0,1.0,tiingo_historical_seed,
2023-01-03,XLI,98.78,98.94,97.51,98.42,93.8660825524,94.0181231802,92.6592600697,93.52399114,11407708,11407708,0.0,1.0,tiingo_historical_seed,
2023-01-04,XLI,98.74,99.61,98.52,99.29,93.8280723955,94.6547933088,93.6190165323,94.3507120534,12235998,12235998,0.0,1.0,tiingo_historical_seed,
2023-01-05,XLI,98.73,98.96,97.95,98.22,93.8185698563,94.0371282586,93.077371796,93.3339403553,9649569,9649569,0.0,1.0,tiingo_historical_seed,
2023-01-06,XLI,99.21,101.1898,99.03,100.91,94.2746917395,96.156004457,94.1036460333,95.8901234092,16270435,16270435,0.0,1.0,tiingo_historical_seed,
2023-01-09,XLI,101.16,102.065,100.325,100.46,96.1276868901,96.9876666908,95.3342248641,95.4625091437,12846692,12846692,0.0,1.0,tiingo_historical_seed,
2023-01-10,XLI,100.13,101.07,100.07,101.01,95.148925349,96.042164037,95.0919101136,95.9851488016,9166198,9166198,0.0,1.0,tiingo_historical_seed,
2023-01-11,XLI,101.6,102.0,101.035,101.98,96.5457986164,96.9259001857,96.0089051497,96.9068951073,7395403,7395403,0.0,1.0,tiingo_historical_seed,
2023-01-12,XLI,102.35,102.98,101.49,102.58,97.2584890589,97.8571490307,96.4412706848,97.4770474613,9883217,9883217,0.0,1.0,tiingo_historical_seed,
2023-01-13,XLI,101.71,102.54,101.45,102.46,96.650326548,97.4390373044,96.4032605279,97.3630169905,14206882,14206882,0.0,1.0,tiingo_historical_seed,
2023-01-17,XLI,102.4,102.54,101.48,101.59,97.3060017551,97.4390373044,96.4317681456,96.5362960772,9275086,9275086,0.0,1.0,tiingo_historical_seed,
2023-01-18,XLI,101.94,102.165,99.62,99.68,96.8688849503,97.0826920831,94.6642958481,94.7213110835,15025986,15025986,0.0,1.0,tiingo_historical_seed,
2023-01-19,XLI,99.07,99.32,97.62,97.63,94.1416561902,94.3792196711,92.7637880013,92.7732905405,17155790,17155790,0.0,1.0,tiingo_historical_seed,
2023-01-20,XLI,97.71,99.02,97.31,98.99,92.8493108544,94.094143494,92.469209285,94.0656358763,12816602,12816602,0.0,1.0,tiingo_historical_seed,
2023-01-23,XLI,99.3,100.61,98.875,100.07,94.3602145926,95.6050472322,93.9563566752,95.0919101136,11113556,11113556,0.0,1.0,tiingo_historical_seed,
2023-01-24,XLI,99.51,101.025,98.99,100.73,94.5597679165,95.9994026104,94.0656358763,95.719077703,11341177,11341177,0.0,1.0,tiingo_historical_seed,
2023-01-25,XLI,99.63,100.435,98.795,100.17,94.6737983873,95.4387527956,93.8803363613,95.1869355059,11728321,11728321,0.0,1.0,tiingo_historical_seed,
2023-01-26,XLI,100.88,100.88,99.47,100.72,95.8616157915,95.8616157915,94.5217577596,95.7095751638,14985518,14985518,0.0,1.0,tiingo_historical_seed,
2023-01-27,XLI,100.5,101.615,100.42,101.14,95.5005193007,96.5600524252,95.4244989868,96.1086818116,14187326,14187326,0.0,1.0,tiingo_historical_seed,
2023-01-30,XLI,100.51,101.49,100.065,100.15,95.5100218399,96.4412706848,95.087158844,95.1679304275,10057928,10057928,0.0,1.0,tiingo_historical_seed,
2023-01-31,XLI,100.45,101.88,100.09,101.85,95.4530066045,96.8118697149,95.1109151921,96.7833620972,10367547,10367547,0.0,1.0,tiingo_historical_seed,
2023-02-01,XLI,101.44,103.325,100.98,102.59,96.3937579886,98.1849866342,95.9566411839,97.4865500005,16673662,16673662,0.0,1.0,tiingo_historical_seed,
2023-02-02,XLI,102.97,103.99,102.33,103.39,97.8476464914,98.8169054933,97.2394839805,98.2467531393,13459841,13459841,0.0,1.0,tiingo_historical_seed,
2023-02-03,XLI,102.72,103.7,102.58,102.85,97.6100830106,98.5413318555,97.4770474613,97.7336160206,13567815,13567815,0.0,1.0,tiingo_historical_seed,
2023-02-06,XLI,102.35,102.9923,102.185,102.6,97.2584890589,97.8688371539,97.1016971616,97.4960525398,10260898,10260898,0.0,1.0,tiingo_historical_seed,
2023-02-07,XLI,102.3,103.185,101.25,102.92,97.2109763628,98.051951085,96.2132097432,97.8001337953,10946134,10946134,0.0,1.0,tiingo_historical_seed,
2023-02-08,XLI,102.39,102.83,102.0,102.34,97.2964992159,97.7146109422,96.9259001857,97.2489865197,7429670,7429670,0.0,1.0,tiingo_historical_seed,
2023-02-09,XLI,102.84,103.08,101.135,101.42,97.7241134814,97.952174423,96.103930542,96.3747529102,8882518,8882518,0.0,1.0,tiingo_historical_seed,
2023-02-10,XLI,101.19,102.22,101.08,102.14,96.1561945078,97.1349560489,96.0516665762,97.058935735,7710516,7710516,0.0,1.0,tiingo_historical_seed,
2023-02-13,XLI,102.34,103.13,102.16,103.07,97.2489865197,97.9996871192,97.0779408135,97.9426718838,5781413,5781413,0.0,1.0,tiingo_historical_seed,
2023-02-14,XLI,102.71,103.26,101.725,102.79,97.6005804714,98.1232201292,96.6645803568,97.6766007852,7722300,7722300,0.0,1.0,tiingo_historical_seed,
2023-02-15,XLI,102.22,103.455,102.02,103.43,97.1349560489,98.3085196443,96.9449052642,98.2847632962,6005678,6005678,0.0,1.0,tiingo_historical_seed,
2023-02-16,XLI,102.1,103.14,101.915,102.36,97.0209255781,98.0091896584,96.8451286023,97.2679915982,8838672,8838672,0.0,1.0,tiingo_historical_seed,
2023-02-17,XLI,102.29,103.09,101.89,103.03,97.2014738235,97.9616769622,96.8213722542,97.9046617268,8778990,8778990,0.0,1.0,tiingo_historical_seed,
2023-02-21,XLI,102.26,102.58,100.57,100.67,97.1729662058,97.4770474613,95.5670370753,95.6620624676,9805042,9805042,0.0,1.0,tiingo_historical_seed,
2023-02-22,XLI,100.76,101.25,100.0,100.42,95.7475853207,96.2132097432,95.025392339,95.4244989868,8867098,8867098,0.0,1.0,tiingo_historical_seed,
2023-02-23,XLI,100.93,101.5,99.82,100.89,95.9091284877,96.450773224,94.8543466328,95.8711183308,8995627,8995627,0.0,1.0,tiingo_historical_seed,
2023-02-24,XLI,99.85,100.47,99.4,100.31,94.8828542505,95.472011683,94.4552399849,95.3199710552,9288384,9288384,0.0,1.0,tiingo_historical_seed,
2023-02-27,XLI,101.52,101.97,100.97,101.2,96.4697783025,96.897392568,95.9471386447,96.165697047,8677659,8677659,0.0,1.0,tiingo_historical_seed,
2023-02-28,XLI,101.07,101.6,100.87,100.97,96.042164037,96.5457986164,95.8521132523,95.9471386447,10854248,10854248,0.0,1.0,tiingo_historical_seed,
2023-03-01,XLI,100.88,101.9,100.695,101.37,95.8616157915,96.8308747934,95.6858188157,96.327240214,10365100,10365100,0.0,1.0,tiingo_historical_seed,
2023-03-02,XLI,100.76,102.755,100.76,102.56,95.7475853207,97.6433418979,95.7475853207,97.4580423828,10570469,10570469,0.0,1.0,tiingo_historical_seed,
2023-03-03,XLI,102.97,103.84,102.39,103.67,97.8476464914,98.6743674048,97.2964992159,98.5128242378,12097384,12097384,0.0,1.0,tiingo_historical_seed,
2023-03-06,XLI,103.74,104.18,103.33,103.48,98.5793420124,98.9974537387,98.1897379039,98.3322759924,9714963,9714963,0.0,1.0,tiingo_historical_seed,
2023-03-07,XLI,103.49,103.64,102.07,102.15,98.3417785316,98.4843166201,96.9924179604,97.0684382743,11034151,11034151,0.0,1.0,tiingo_historical_seed,
2023-03-08,XLI,102.23,102.64,101.65,102.39,97.1444585881,97.5340626967,96.5933113126,97.2964992159,11508799,11508799,0.0,1.0,tiingo_historical_seed,
2023-03-09,XLI,102.97,103.3,100.73,100.88,97.8476464914,98.1612302862,95.719077703,95.8616157915,11018125,11018125,0.0,1.0,tiingo_historical_seed,
2023-03-10,XLI,100.72,101.23,98.685,99.0,95.7095751638,96.1942046647,93.7758084297,94.0751384156,27405284,27405284,0.0,1.0,tiingo_historical_seed,
2023-03-13,XLI,97.99,99.36,97.59,98.44,93.115381953,94.417229828,92.7352803836,93.5429962185,28616509,28616509,0.0,1.0,tiingo_historical_seed,
2023-03-14,XLI,99.7,100.49,98.32,99.48,94.7403161619,95.4910167614,93.4289657477,94.5312602988,15383970,15383970,0.0,1.0,tiingo_historical_seed,
2023-03-15,XLI,97.67,97.82,95.495,97.03,92.8113006975,92.953838786,90.7444984141,92.2031381865,34251561,34251561,0.0,1.0,tiingo_historical_seed,
2023-03-16,XLI,96.4,98.57,96.13,98.28,91.6044782148,93.6665292285,91.3479096554,93.3909555907,24109997,24109997,0.0,1.0,tiingo_historical_seed,
2023-03-17,XLI,97.85,98.02,96.21,96.67,92.9823464037,93.1438895707,91.4239299693,91.8610467741,23170159,23170159,0.0,1.0,tiingo_historical_seed,
2023-03-20,XLI,96.71,97.79,96.71,97.55,92.2710385007,93.3014668078,92.2710385007,93.0724827396,14476374,14476374,0.394855,1.0,tiingo_historical_seed,
2023-03-21,XLI,98.69,99.09,98.17,98.68,94.1601570638,94.5417971775,93.6640249159,94.1506160609,11495161,11495161,0.0,1.0,tiingo_historical_seed,
2023-03-22,XLI,98.65,99.14,96.75,96.79,94.1219930524,94.5895021917,92.3092025121,92.3473665235,14178362,14178362,0.0,1.0,tiingo_historical_seed,
2023-03-23,XLI,96.94,98.15,95.91,96.51,92.4904815661,93.6449429102,91.5077582732,92.0802184438,15857521,15857521,0.0,1.0,tiingo_historical_seed,
2023-03-24,XLI,95.79,96.98,95.19,96.91,91.3932662391,92.5286455775,90.8208060685,92.4618585576,15993229,15993229,0.0,1.0,tiingo_historical_seed,
2023-03-27,XLI,97.69,98.05,97.08,97.72,93.2060567794,93.5495328818,92.6240556059,93.2346797879,7668573,7668573,0.0,1.0,tiingo_historical_seed,
2023-03-28,XLI,97.53,98.61,97.53,98.22,93.0534007339,94.083829041,93.0534007339,93.7117299301,9909054,9909054,0.0,1.0,tiingo_historical_seed,
2023-03-29,XLI,99.11,99.7,98.92,99.65,94.5608791832,95.123798351,94.3796001292,95.0760933367,9387900,9387900,0.0,1.0,tiingo_historical_seed,
2023-03-30,XLI,100.14,100.34,99.54,99.86,95.5436024761,95.734422533,94.9711423055,95.2764543965,8160225,8160225,0.0,1.0,tiingo_historical_seed,
2023-03-31,XLI,100.45,101.24,100.24,101.18,95.8393735642,96.5931127889,95.6390125045,96.5358667718,12006462,12006462,0.0,1.0,tiingo_historical_seed,
2023-04-03,XLI,100.96,101.77,100.63,101.36,96.3259647093,97.0987859396,96.0111116154,96.707604823,11174147,11174147,0.0,1.0,tiingo_historical_seed,
2023-04-04,XLI,101.42,101.42,98.7201,99.09,96.7648508401,96.7648508401,94.1888754823,94.5417971775,18801870,18801870,0.0,1.0,tiingo_historical_seed,
2023-04-05,XLI,98.58,99.02,97.5,97.8,94.0552060325,94.4750101576,93.0247777254,93.3110078107,16606921,16606921,0.0,1.0,tiingo_historical_seed,
2023-04-06,XLI,97.83,98.17,97.34,97.77,93.3396308192,93.6640249159,92.8721216799,93.2823848021,10886017,10886017,0.0,1.0,tiingo_historical_seed,
2023-04-10,XLI,97.39,98.68,97.39,98.66,92.9198266941,94.1506160609,92.9198266941,94.1315340552,10568933,10568933,0.0,1.0,tiingo_historical_seed,
2023-04-11,XLI,98.95,99.71,98.87,99.25,94.4082231377,95.1333393538,94.3318951149,94.694453223,9753250,9753250,0.0,1.0,tiingo_historical_seed,
2023-04-12,XLI,99.79,100.17,99.31,99.58,95.2096673766,95.5722254846,94.7516992401,95.0093063168,11277162,11277162,0.0,1.0,tiingo_historical_seed,
2023-04-13,XLI,99.62,100.14,98.56,99.95,95.0474703282,95.5436024761,94.0361240268,95.3623234221,12289364,12289364,0.0,1.0,tiingo_historical_seed,
2023-04-14,XLI,99.61,100.38,99.24,99.83,95.0379293254,95.7725865443,94.6849122202,95.2478313879,9254961,9254961,0.0,1.0,tiingo_historical_seed,
2023-04-17,XLI,100.08,100.645,99.94,100.62,95.486356459,96.0254231197,95.3527824192,96.0015706126,7946454,7946454,0.0,1.0,tiingo_historical_seed,
2023-04-18,XLI,101.11,101.7,100.73,101.1,96.4690797519,97.0319989197,96.1065216439,96.4595387491,9924810,9924810,0.0,1.0,tiingo_historical_seed,
2023-04-19,XLI,100.74,101.19,100.57,101.02,96.1160626467,96.5454077747,95.9538655984,96.3832107263,7734385,7734385,0.0,1.0,tiingo_historical_seed,
2023-04-20,XLI,100.43,101.2301,100.43,100.84,95.8202915585,96.5836671961,95.8202915585,96.2114726751,9265132,9265132,0.0,1.0,tiingo_historical_seed,
2023-04-21,XLI,101.02,101.17,100.22,100.61,96.3832107263,96.526325769,95.6199304988,95.9920296097,10668592,10668592,0.0,1.0,tiingo_historical_seed,
2023-04-24,XLI,100.61,101.2,100.445,100.85,95.9920296097,96.5549487775,95.8346030628,96.221013678,6942092,6942092,0.0,1.0,tiingo_historical_seed,
2023-04-25,XLI,100.25,100.29,98.92,98.99,95.6485535074,95.6867175187,94.3796001292,94.4463871491,12306936,12306936,0.0,1.0,tiingo_historical_seed,
2023-04-26,XLI,98.35,98.61,96.92,97.12,93.8357629671,94.083829041,92.4713995604,92.6622196173,16054637,16054637,0.0,1.0,tiingo_historical_seed,
2023-04-27,XLI,97.41,99.155,97.26,99.04,92.9389086998,94.603813696,92.7957936571,94.4940921633,14421565,14421565,0.0,1.0,tiingo_historical_seed,
2023-04-28,XLI,98.92,100.16,98.92,100.0,94.3796001292,95.5626844818,94.3796001292,95.4100284363,10714957,10714957,0.0,1.0,tiingo_historical_seed,
2023-05-01,XLI,100.01,101.11,100.0,100.54,95.4195694391,96.4690797519,95.4100284363,95.9252425898,8551052,8551052,0.0,1.0,tiingo_historical_seed,
2023-05-02,XLI,100.18,100.36,98.36,99.49,95.5817664875,95.7535045386,93.8453039699,94.9234372912,12240502,12240502,0.0,1.0,tiingo_historical_seed,
2023-05-03,XLI,99.82,100.51,99.035,99.11,95.2382903851,95.8966195813,94.4893216619,94.5608791832,13371646,13371646,0.0,1.0,tiingo_historical_seed,
2023-05-04,XLI,99.01,99.215,97.49,98.03,94.4654691547,94.661059713,93.0152367225,93.5304508761,15150060,15150060,0.0,1.0,tiingo_historical_seed,
2023-05-05,XLI,98.93,99.81,98.805,99.51,94.389141132,95.2287493822,94.2698785965,94.9425192969,9231340,9231340,0.0,1.0,tiingo_historical_seed,
2023-05-08,XLI,99.9,100.07,98.79,99.15,95.3146184078,95.4768154562,94.2555670922,94.5990431946,7610199,7610199,0.0,1.0,tiingo_historical_seed,
2023-05-09,XLI,98.91,99.52,98.71,99.37,94.3700591263,94.9520602998,94.1792390694,94.8089452571,8068090,8068090,0.0,1.0,tiingo_historical_seed,
2023-05-10,XLI,100.0,100.12,97.88,99.01,95.4100284363,95.5245204704,93.3873358334,94.4654691547,12580503,12580503,0.0,1.0,tiingo_historical_seed,
2023-05-11,XLI,98.49,98.62,97.855,98.41,93.9693370069,94.0933700438,93.3634833263,93.8930089841,11545062,11545062,0.0,1.0,tiingo_historical_seed,
2023-05-12,XLI,98.84,99.145,97.745,98.48,94.3032721064,94.5942726931,93.258532295,93.959796004,8552536,8552536,0.0,1.0,tiingo_historical_seed,
2023-05-15,XLI,98.44,99.295,98.09,98.96,93.9216319927,94.7373877358,93.5876968931,94.4177641405,8433593,8433593,0.0,1.0,tiingo_historical_seed,
2023-05-16,XLI,98.49,98.59,97.62,97.62,93.9693370069,94.0647470353,93.1392697595,93.1392697595,9416185,9416185,0.0,1.0,tiingo_historical_seed,
2023-05-17,XLI,98.23,99.615,98.18,99.3,93.7212709329,95.0426998268,93.6735659187,94.7421582372,12387385,12387385,0.0,1.0,tiingo_historical_seed,
2023-05-18,XLI,99.14,100.18,98.855,100.02,94.5895021917,95.5817664875,94.3175836107,95.429110442,10813045,10813045,0.0,1.0,tiingo_historical_seed,
2023-05-19,XLI,100.79,100.885,99.27,99.78,96.1637676609,96.2544071879,94.7135352287,95.2001263737,10028252,10028252,0.0,1.0,tiingo_historical_seed,
2023-05-22,XLI,99.82,100.38,98.95,99.76,95.2382903851,95.7725865443,94.4082231377,95.181044368,9038745,9038745,0.0,1.0,tiingo_historical_seed,
2023-05-23,XLI,99.32,99.6,98.385,98.56,94.7612402429,95.0283883225,93.869156477,94.0361240268,11744727,11744727,0.0,1.0,tiingo_historical_seed,
2023-05-24,XLI,98.27,98.295,97.15,97.29,93.7594349443,93.7832874514,92.6908426258,92.8244166656,11654874,11654874,0.0,1.0,tiingo_historical_seed,
2023-05-25,XLI,97.36,97.85,96.735,97.61,92.8912036856,93.3587128249,92.2948910078,93.1297287566,14259326,14259326,0.0,1.0,tiingo_historical_seed,
2023-05-26,XLI,97.9,98.72,97.78,98.34,93.4064178391,94.1887800723,93.291925805,93.8262219642,10790508,10790508,0.0,1.0,tiingo_historical_seed,
2023-05-30,XLI,98.48,98.72,97.7,98.19,93.959796004,94.1887800723,93.2155977822,93.6831069216,9828302,9828302,0.0,1.0,tiingo_historical_seed,
2023-05-31,XLI,97.81,97.95,96.525,96.85,93.3205488135,93.4541228533,92.0945299481,92.4046125405,12816342,12816342,0.0,1.0,tiingo_historical_seed,
2023-06-01,XLI,97.08,98.31,96.7512,98.09,92.6240556059,93.7975989557,92.3103474324,93.5876968931,12573724,12573724,0.0,1.0,tiingo_historical_seed,
2023-06-02,XLI,99.12,101.24,99.06,100.94,94.570420186,96.5931127889,94.513174169,96.3068827036,21451290,21451290,0.0,1.0,tiingo_historical_seed,
2023-06-05,XLI,101.15,101.15,100.11,100.24,96.5072437633,96.5072437633,95.5149794675,95.6390125045,9655500,9655500,0.0,1.0,tiingo_historical_seed,
2023-06-06,XLI,100.0,101.03,99.91,100.87,95.4100284363,96.3927517292,95.3241594107,96.2400956837,10509541,10509541,0.0,1.0,tiingo_historical_seed,
2023-06-07,XLI,100.93,102.56,100.58,102.49,96.2973417007,97.8525251642,95.9634066012,97.7857381443,13384323,13384323,0.0,1.0,tiingo_historical_seed,
2023-06-08,XLI,102.31,102.905,101.83,102.67,97.6140000931,98.1816897623,97.1560319567,97.9574761955,10074643,10074643,0.0,1.0,tiingo_historical_seed,
2023-06-09,XLI,102.69,102.76,101.73,102.4,97.9765582012,98.0433452211,97.0606219282,97.6998691187,9870982,9870982,0.0,1.0,tiingo_historical_seed,
2023-06-12,XLI,102.5,103.31,102.12,103.13,97.7952791472,98.5681003775,97.4327210391,98.3963623263,9906935,9906935,0.0,1.0,tiingo_historical_seed,
2023-06-13,XLI,103.32,104.415,103.19,104.33,98.5776413804,99.6223811917,98.4536083434,99.5412826676,14474163,14474163,0.0,1.0,tiingo_historical_seed,
2023-06-14,XLI,104.62,104.87,103.595,104.05,99.81797175,100.0564968211,98.8400189586,99.2741345879,14953607,14953607,0.0,1.0,tiingo_historical_seed,
2023-06-15,XLI,104.01,105.825,103.95,105.62,99.2359705766,100.9676625927,99.1787245595,100.7720720344,12776557,12776557,0.0,1.0,tiingo_historical_seed,
2023-06-16,XLI,105.95,106.6,105.285,105.45,101.0869251282,101.7070903131,100.4524484391,100.609874986,14331360,14331360,0.0,1.0,tiingo_historical_seed,
2023-06-20,XLI,104.36,104.66,103.84,104.25,99.9708672393,100.2582499546,99.4727371994,99.865493577,9527540,9527540,0.419808,1.0,tiingo_historical_seed,
2023-06-21,XLI,103.71,105.125,103.49,104.83,99.3482046894,100.7036931634,99.1374573648,100.42110016,12206164,12206164,0.0,1.0,tiingo_historical_seed,
2023-06-22,XLI,104.43,104.55,103.89,104.07,100.0379232062,100.1528762923,99.5206343186,99.6930639478,11641830,11641830,0.0,1.0,tiingo_historical_seed,
2023-06-23,XLI,103.17,103.68,102.905,103.28,98.8309158018,99.3194664179,98.5770610699,98.9362894641,11246245,11246245,0.0,1.0,tiingo_historical_seed,
2023-06-26,XLI,103.24,104.34,103.11,104.14,98.8979717687,99.9517083916,98.7734392587,99.7601199147,7639179,7639179,0.0,1.0,tiingo_historical_seed,
2023-06-27,XLI,104.36,105.5099,104.18,105.39,99.9708672393,101.0724051871,99.7984376101,100.9575478952,8210160,8210160,0.0,1.0,tiingo_historical_seed,
2023-06-28,XLI,105.42,105.595,105.025,105.39,100.9862861668,101.153926084,100.6078989249,100.9575478952,7866645,7866645,0.0,1.0,tiingo_historical_seed,
2023-06-29,XLI,105.27,106.44,105.19,106.41,100.8425948091,101.9633873989,100.7659594184,101.9346491274,10236142,10236142,0.0,1.0,tiingo_historical_seed,
2023-06-30,XLI,107.06,107.62,106.6,107.32,102.5573116772,103.0937594125,102.1166581804,102.8063766972,11431351,11431351,0.0,1.0,tiingo_historical_seed,
2023-07-03,XLI,106.91,107.55,106.465,107.34,102.4136203196,103.0267034456,101.9873359585,102.8255355449,6786819,6786819,0.0,1.0,tiingo_historical_seed,
2023-07-05,XLI,106.68,107.12,106.41,106.76,102.1932935712,102.6147882203,101.9346491274,102.2699289619,9504777,9504777,0.0,1.0,tiingo_historical_seed,
2023-07-06,XLI,105.92,106.29,105.34,105.96,101.465257359,101.8196960412,100.909650776,101.5035750544,11209510,11209510,0.0,1.0,tiingo_historical_seed,
2023-07-07,XLI,105.65,107.22,105.62,106.2,101.2066129152,102.7105824587,101.1778746437,101.7334812266,9359547,9359547,0.0,1.0,tiingo_historical_seed,
2023-07-10,XLI,106.23,107.71,106.22,107.71,101.7622194982,103.1799742271,101.7526400743,103.1799742271,11765374,11765374,0.0,1.0,tiingo_historical_seed,
2023-07-11,XLI,107.96,109.14,107.93,108.98,103.4194598232,104.5498318369,103.3907215517,104.3965610553,10283418,10283418,0.0,1.0,tiingo_historical_seed,
2023-07-12,XLI,109.86,109.88,108.67,108.79,105.2395503536,105.2587092013,104.0995989162,104.2145520023,13492924,13492924,0.0,1.0,tiingo_historical_seed,
2023-07-13,XLI,108.89,109.18,108.48,108.93,104.3103462407,104.5881495322,103.9175898631,104.3486639361,8964851,8964851,0.0,1.0,tiingo_historical_seed,
2023-07-14,XLI,108.85,108.89,108.055,108.61,104.2720285454,104.3103462407,103.5104643497,104.0421223731,9288269,9288269,0.0,1.0,tiingo_historical_seed,
2023-07-17,XLI,108.42,109.38,108.17,109.02,103.8601133201,104.7797380091,103.620627724,104.4348787507,6517827,6517827,0.0,1.0,tiingo_historical_seed,
2023-07-18,XLI,109.07,110.0,109.02,109.63,104.4827758699,105.3736622875,104.4348787507,105.0192236052,8098214,8098214,0.0,1.0,tiingo_historical_seed,
2023-07-19,XLI,109.37,109.9,108.93,109.58,104.7701585853,105.277868049,104.3486639361,104.971326486,8563479,8563479,0.0,1.0,tiingo_historical_seed,
2023-07-20,XLI,109.76,110.345,109.37,110.07,105.1437561152,105.7041524101,104.7701585853,105.4407182544,10643896,10643896,0.0,1.0,tiingo_historical_seed,
2023-07-21,XLI,109.95,110.19,109.53,109.55,105.3257651682,105.5556713405,104.9234293668,104.9425882145,8993437,8993437,0.0,1.0,tiingo_historical_seed,
2023-07-24,XLI,109.51,110.155,109.44,109.8,104.9042705191,105.5221433571,104.8372145522,105.1820738106,6754882,6754882,0.0,1.0,tiingo_historical_seed,
2023-07-25,XLI,108.81,109.745,108.59,109.66,104.23371085,105.1293869794,104.0229635254,105.0479618768,8768435,8768435,0.0,1.0,tiingo_historical_seed,
2023-07-26,XLI,110.04,110.54,109.87,110.43,105.4119799828,105.8909511751,105.2491297775,105.7855775128,10555284,10555284,0.0,1.0,tiingo_historical_seed,
2023-07-27,XLI,110.47,110.47,109.195,109.48,105.8238952082,105.8238952082,104.602518668,104.8755322476,11837837,11837837,0.0,1.0,tiingo_historical_seed,
2023-07-28,XLI,110.35,110.37,109.74,110.16,105.708942122,105.7281009697,105.1245972675,105.526933069,7466858,7466858,0.0,1.0,tiingo_historical_seed,
2023-07-31,XLI,110.3,110.59,109.995,110.42,105.6610450028,105.9388482943,105.3688725755,105.7759980889,6587320,6587320,0.0,1.0,tiingo_historical_seed,
2023-08-01,XLI,110.24,111.12,110.06,110.75,105.6035684597,106.446557758,105.4311388305,106.0921190758,9004496,9004496,0.0,1.0,tiingo_historical_seed,
2023-08-02,XLI,110.12,110.6,109.4,109.59,105.4886153736,105.9484277181,104.7988968568,104.9809059099,9906031,9906031,0.0,1.0,tiingo_historical_seed,
2023-08-03,XLI,109.19,109.45,108.73,108.9,104.5977289561,104.846793976,104.1570754592,104.3199256646,7991777,7991777,0.0,1.0,tiingo_historical_seed,
2023-08-04,XLI,109.32,109.4,108.07,108.24,104.7222614661,104.7988968568,103.5248334855,103.6876836909,10631148,10631148,0.0,1.0,tiingo_historical_seed,
2023-08-07,XLI,108.65,109.72,108.6,109.57,104.0804400685,105.1054384198,104.0325429493,104.9617470622,8462591,8462591,0.0,1.0,tiingo_historical_seed,
2023-08-08,XLI,108.9,109.28,108.16,109.07,104.3199256646,104.6839437707,103.6110483001,104.4827758699,7669054,7669054,0.0,1.0,tiingo_historical_seed,
2023-08-09,XLI,109.08,109.5,108.6,109.01,104.4923552938,104.8946910953,104.0325429493,104.4252993269,7881704,7881704,0.0,1.0,tiingo_historical_seed,
2023-08-10,XLI,109.16,109.95,108.465,108.71,104.5689906845,105.3257651682,103.9032207274,104.1379166116,7259255,7259255,0.0,1.0,tiingo_historical_seed,
2023-08-11,XLI,108.48,109.165,108.42,108.89,103.9175898631,104.5737803965,103.8601133201,104.3103462407,5720489,5720489,0.0,1.0,tiingo_historical_seed,
2023-08-14,XLI,108.81,108.99,108.5,108.93,104.23371085,104.4061404792,103.9367487108,104.3486639361,6113073,6113073,0.0,1.0,tiingo_historical_seed,
2023-08-15,XLI,108.22,108.34,107.415,107.54,103.6685248432,103.7834779293,102.8973812237,103.0171240218,6911664,6911664,0.0,1.0,tiingo_historical_seed,
2023-08-16,XLI,107.34,108.2,106.85,106.94,102.8255355449,103.6493659955,102.3561437765,102.4423585911,10281134,10281134,0.0,1.0,tiingo_historical_seed,
2023-08-17,XLI,107.32,107.5,106.005,106.04,102.8063766972,102.9788063264,101.5466824617,101.5802104451,10867832,10867832,0.0,1.0,tiingo_historical_seed,
2023-08-18,XLI,105.42,106.58,105.35,106.24,100.9862861668,102.0974993327,100.9192301999,101.771798922,10763929,10763929,0.0,1.0,tiingo_historical_seed,
2023-08-21,XLI,106.22,106.45,105.36,106.11,101.7526400743,101.9729668227,100.9288096237,101.647266412,6464708,6464708,0.0,1.0,tiingo_historical_seed,
2023-08-22,XLI,106.44,106.7,105.61,105.86,101.9633873989,102.2124524188,101.1682952198,101.4077808159,8152808,8152808,0.0,1.0,tiingo_historical_seed,
2023-08-23,XLI,105.86,107.07,105.86,106.95,101.4077808159,102.5668911011,101.4077808159,102.451938015,7643256,7643256,0.0,1.0,tiingo_historical_seed,
2023-08-24,XLI,106.54,107.295,105.61,105.65,102.0591816373,102.7824281376,101.1682952198,101.2066129152,9483808,9483808,0.0,1.0,tiingo_historical_seed,
2023-08-25,XLI,106.2,106.91,105.31,106.54,101.7334812266,102.4136203196,100.8809125045,102.0591816373,13142477,13142477,0.0,1.0,tiingo_historical_seed,
2023-08-28,XLI,107.06,107.765,107.02,107.41,102.5573116772,103.2326610583,102.5189939819,102.8925915118,7673900,7673900,0.0,1.0,tiingo_historical_seed,
2023-08-29,XLI,107.33,108.285,107.01,108.23,102.815956121,103.7307910982,102.509414558,103.678104267,9326470,9326470,0.0,1.0,tiingo_historical_seed,
2023-08-30,XLI,108.36,109.0786,108.28,108.72,103.802636777,104.4910141745,103.7260013862,104.1474960354,7849616,7849616,0.0,1.0,tiingo_historical_seed,
2023-08-31,XLI,108.9,109.15,108.21,108.23,104.3199256646,104.5594112607,103.6589454193,103.678104267,5593457,5593457,0.0,1.0,tiingo_historical_seed,
2023-09-01,XLI,108.98,109.135,108.345,108.8,104.3965610553,104.5450421249,103.7882676412,104.2241314262,7034227,7034227,0.0,1.0,tiingo_historical_seed,
2023-09-05,XLI,108.61,108.635,106.93,106.97,104.0421223731,104.0660709327,102.4327791673,102.4710968626,8452439,8452439,0.0,1.0,tiingo_historical_seed,
2023-09-06,XLI,106.66,107.31,105.91,106.51,102.1741347235,102.7967972733,101.4556779351,102.0304433658,8586633,8586633,0.0,1.0,tiingo_historical_seed,
2023-09-07,XLI,106.11,106.615,105.5,106.16,101.647266412,102.1310273162,101.0629215575,101.6951635313,7561221,7561221,0.0,1.0,tiingo_historical_seed,
2023-09-08,XLI,106.2,106.33,105.405,105.63,101.7334812266,101.8580137366,100.971917031,101.1874540675,6829536,6829536,0.0,1.0,tiingo_historical_seed,
2023-09-11,XLI,105.89,106.1,105.08,105.66,101.4365190875,101.6376869882,100.6605857561,101.216192339,6308003,6308003,0.0,1.0,tiingo_historical_seed,
2023-09-12,XLI,105.12,105.87,105.01,105.28,100.6989034514,101.4173602398,100.5935297892,100.852174233,8099496,8099496,0.0,1.0,tiingo_historical_seed,
2023-09-13,XLI,105.14,105.48,104.1,104.58,100.7180622991,101.0437627098,99.7218022193,100.1816145638,10646114,10646114,0.0,1.0,tiingo_historical_seed,
2023-09-14,XLI,105.22,105.63,104.99,105.61,100.7946976899,101.1874540675,100.5743709415,101.1682952198,10123899,10123899,0.0,1.0,tiingo_historical_seed,
2023-09-15,XLI,105.21,105.65,104.7,105.0,100.785118266,101.2066129152,100.29656765,100.5839503653,11446141,11446141,0.0,1.0,tiingo_historical_seed,
2023-09-18,XLI,104.57,105.29,104.35,104.69,100.5800479241,101.2725757476,100.3684422002,100.695469228,6446704,6446704,0.426415,1.0,tiingo_historical_seed,
2023-09-19,XLI,104.43,104.6,103.495,104.25,100.4453897362,100.6089032501,99.5460654098,100.2722577803,7360657,7360657,0.0,1.0,tiingo_historical_seed,
2023-09-20,XLI,104.85,105.33,103.78,103.84,100.8493642999,101.3110495156,99.8201910066,99.8779016586,8289916,8289916,0.0,1.0,tiingo_historical_seed,
2023-09-21,XLI,103.46,103.5,102.1,102.14,99.5124008628,99.5508746308,98.2042927517,98.2427665197,8931413,8931413,0.0,1.0,tiingo_historical_seed,
2023-09-22,XLI,101.95,102.44,101.74,101.79,98.0600161218,98.5313197795,97.85802884,97.9061210499,10971237,10971237,0.0,1.0,tiingo_historical_seed,
2023-09-25,XLI,101.35,102.34,101.3152,102.3,97.4829096022,98.4351353596,97.4494374241,98.3966615916,7355703,7355703,0.0,1.0,tiingo_historical_seed,
2023-09-26,XLI,101.64,101.96,100.62,100.74,97.76184442,98.0696345638,96.7807633367,96.8961846406,11490558,11490558,0.0,1.0,tiingo_historical_seed,
2023-09-27,XLI,101.35,101.805,100.69,101.49,97.4829096022,97.9205487129,96.8480924307,97.6175677901,12676499,12676499,0.0,1.0,tiingo_historical_seed,
2023-09-28,XLI,101.42,102.63,101.285,101.92,97.5502386962,98.7140701774,97.4203897293,98.0311607958,9804841,9804841,0.0,1.0,tiingo_historical_seed,
2023-09-29,XLI,102.54,102.63,101.04,101.38,98.6275041994,98.7140701774,97.1847379004,97.5117649282,11042003,11042003,0.0,1.0,tiingo_historical_seed,
2023-10-02,XLI,101.09,101.37,99.93,100.39,97.2328301104,97.5021464862,96.1170908392,96.5595391709,11079233,11079233,0.0,1.0,tiingo_historical_seed,
2023-10-03,XLI,100.04,100.78,99.275,99.69,96.2228937011,96.9346584086,95.4870828886,95.8862482313,12055516,12055516,0.0,1.0,tiingo_historical_seed,
2023-10-04,XLI,99.66,100.19,98.91,100.01,95.8573929054,96.367170331,95.1360097559,96.1940383751,11394488,11394488,0.0,1.0,tiingo_historical_seed,
2023-10-05,XLI,99.87,100.13,99.01,99.42,96.0593801872,96.309459679,95.2321941758,95.6265502975,10336350,10336350,0.0,1.0,tiingo_historical_seed,
2023-10-06,XLI,99.04,101.36,98.69,100.78,95.2610495018,97.4925280442,94.924404032,96.9346584086,13842696,13842696,0.0,1.0,tiingo_historical_seed,
2023-10-09,XLI,101.17,102.48,100.98,102.36,97.3097776463,98.5697935475,97.1270272485,98.4543722436,11059733,11059733,0.0,1.0,tiingo_historical_seed,
2023-10-10,XLI,102.77,103.585,102.36,102.98,98.8487283653,99.6326313877,98.4543722436,99.0507156471,9658289,9658289,0.0,1.0,tiingo_historical_seed,
2023-10-11,XLI,103.25,103.65,102.79,103.6,99.310413581,99.6951512607,98.8679652493,99.6470590507,7806551,7806551,0.0,1.0,tiingo_historical_seed,
2023-10-12,XLI,103.92,103.92,101.875,102.66,99.9548491945,99.9548491945,97.9878778069,98.7429255034,8102173,8102173,0.0,1.0,tiingo_historical_seed,
2023-10-13,XLI,102.77,103.15,101.3,101.75,98.8487283653,99.214229161,97.4348173923,97.867647282,9605414,9605414,0.0,1.0,tiingo_historical_seed,
2023-10-16,XLI,102.67,103.395,102.28,102.83,98.7525439453,99.4498809899,98.3774247076,98.9064390172,8344074,8344074,0.0,1.0,tiingo_historical_seed,
2023-10-17,XLI,102.37,103.82,102.33,103.15,98.4639906855,99.8586647746,98.4255169176,99.214229161,10707202,10707202,0.0,1.0,tiingo_historical_seed,
2023-10-18,XLI,102.47,102.52,100.49,100.66,98.5601751055,98.6082673154,96.6557235908,96.8192371047,13582698,13582698,0.0,1.0,tiingo_historical_seed,
2023-10-19,XLI,100.86,101.45,99.52,99.73,97.0116059446,97.5790940222,95.7227347175,95.9247219993,12535101,12535101,0.0,1.0,tiingo_historical_seed,
2023-10-20,XLI,99.84,100.04,98.66,98.7,96.0305248612,96.2228937011,94.895548706,94.934022474,13641093,13641093,0.0,1.0,tiingo_historical_seed,
2023-10-23,XLI,98.55,99.62,98.19,98.24,94.7897458441,95.8189191374,94.4434819323,94.4915741423,12076901,12076901,0.0,1.0,tiingo_historical_seed,
2023-10-24,XLI,99.49,99.655,98.53,98.98,95.6938793915,95.8525836844,94.7705089601,95.2033388498,9324414,9324414,0.0,1.0,tiingo_historical_seed,
2023-10-25,XLI,98.83,98.92,97.665,97.71,95.0590622199,95.1456281979,93.9385137277,93.9817967167,10996003,10996003,0.0,1.0,tiingo_historical_seed,
2023-10-26,XLI,97.77,98.46,97.2401,97.3,94.0395073686,94.7031798662,93.5298261274,93.5874405949,15387378,15387378,0.0,1.0,tiingo_historical_seed,
2023-10-27,XLI,97.35,97.51,96.115,96.44,93.6355328049,93.7894278768,92.4476552187,92.7602545835,13062062,13062062,0.0,1.0,tiingo_historical_seed,
2023-10-30,XLI,97.08,97.9672,96.71,97.64,93.3758348711,94.2291830447,93.0199525173,93.9144676227,11242837,11242837,0.0,1.0,tiingo_historical_seed,
2023-10-31,XLI,97.42,98.4691,97.27,98.36,93.7028618989,94.7119326484,93.558585269,94.6069954462,10540279,10540279,0.0,1.0,tiingo_historical_seed,
2023-11-01,XLI,98.46,98.875,97.79,98.68,94.7031798662,95.1023452089,94.0587442526,94.91478559,14715342,14715342,0.0,1.0,tiingo_historical_seed,
2023-11-02,XLI,99.77,100.81,99.55,100.71,95.9631957673,96.9635137346,95.7515900434,96.8673293147,10739783,10739783,0.0,1.0,tiingo_historical_seed,
2023-11-03,XLI,101.63,102.15,101.55,101.6,97.752225978,98.2523849617,97.6752784421,97.7233706521,10001212,10001212,0.0,1.0,tiingo_historical_seed,
2023-11-06,XLI,101.68,101.73,100.85,101.33,97.800318188,97.848410398,97.0019875026,97.4636727182,6899395,6899395,0.0,1.0,tiingo_historical_seed,
2023-11-07,XLI,100.64,101.235,100.395,101.08,96.8000002207,97.3722975193,96.5643483919,97.2232116684,7244512,7244512,0.0,1.0,tiingo_historical_seed,
2023-11-08,XLI,101.3,101.63,100.9,101.31,97.4348173923,97.752225978,97.0500797125,97.4444358343,7494226,7494226,0.0,1.0,tiingo_historical_seed,
2023-11-09,XLI,101.95,102.115,100.9,101.09,98.0600161218,98.2187204147,97.0500797125,97.2328301104,12232889,12232889,0.0,1.0,tiingo_historical_seed,
2023-11-10,XLI,101.65,102.655,101.29,102.55,97.771462862,98.7381162824,97.4251989503,98.6371226414,9576284,9576284,0.0,1.0,tiingo_historical_seed,
2023-11-13,XLI,102.31,102.87,102.13,102.64,98.4062800336,98.9449127852,98.2331480777,98.7236886194,6598125,6598125,0.0,1.0,tiingo_historical_seed,
2023-11-14,XLI,103.89,105.115,103.89,104.7,99.9259938685,101.1042530127,99.9259938685,100.70508767,12872960,12872960,0.0,1.0,tiingo_historical_seed,
2023-11-15,XLI,104.99,105.72,104.84,104.92,100.9840224878,101.6861687533,100.8397458579,100.9166933938,8516339,8516339,0.0,1.0,tiingo_historical_seed,
2023-11-16,XLI,105.03,105.52,104.515,104.94,101.0224962558,101.4937999134,100.5271464931,100.9359302778,8611090,8611090,0.0,1.0,tiingo_historical_seed,
2023-11-17,XLI,105.47,105.65,105.14,105.61,101.4457077035,101.6188396594,101.1282991177,101.5803658914,8034836,8034836,0.0,1.0,tiingo_historical_seed,
2023-11-20,XLI,105.5,106.21,105.06,105.93,101.4745630295,102.157472411,101.0513515817,101.8881560352,7339115,7339115,0.0,1.0,tiingo_historical_seed,
2023-11-21,XLI,105.76,106.045,105.41,105.85,101.7246425213,101.9987681181,101.3879970515,101.8112084992,7676531,7676531,0.0,1.0,tiingo_historical_seed,
2023-11-22,XLI,105.82,106.405,105.61,106.08,101.7823531732,102.3450320298,101.5803658914,102.0324326651,9059705,9059705,0.0,1.0,tiingo_historical_seed,
2023-11-24,XLI,106.12,106.54,106.07,106.34,102.070906433,102.4748809968,102.0228142231,102.2825121569,4439216,4439216,0.0,1.0,tiingo_historical_seed,
2023-11-27,XLI,106.0,106.09,105.58,105.74,101.9554851291,102.0420511071,101.5515105654,101.7054056373,9157922,9157922,0.0,1.0,tiingo_historical_seed,
2023-11-28,XLI,105.89,106.375,105.34,105.49,101.8496822672,102.3161767039,101.3206679576,101.4649445875,7975998,7975998,0.0,1.0,tiingo_historical_seed,
2023-11-29,XLI,106.08,106.415,105.68,105.89,102.0324326651,102.3546504718,101.6476949853,101.8496822672,9101395,9101395,0.0,1.0,tiingo_historical_seed,
2023-11-30,XLI,106.09,107.11,105.76,107.05,102.0420511071,103.0231321904,101.7246425213,102.9654215384,14101564,14101564,0.0,1.0,tiingo_historical_seed,
2023-12-01,XLI,107.15,108.81,107.07,108.74,103.0616059583,104.6582673292,102.9846584224,104.5909382353,13279848,13279848,0.0,1.0,tiingo_historical_seed,
2023-12-04,XLI,107.89,108.97,107.89,108.92,103.7733706659,104.8121624011,103.7733706659,104.7640701912,11010881,11010881,0.0,1.0,tiingo_historical_seed,
2023-12-05,XLI,108.46,108.63,107.895,108.04,104.3216218595,104.4851353734,103.7781798869,103.9176472958,10056343,10056343,0.0,1.0,tiingo_historical_seed,
2023-12-06,XLI,108.53,109.17,108.35,108.52,104.3889509534,105.004531241,104.2158189975,104.3793325114,8335052,8335052,0.0,1.0,tiingo_historical_seed,
2023-12-07,XLI,108.76,108.935,108.31,108.62,104.6101751193,104.7784978542,104.1773452296,104.4755169314,8457594,8457594,0.0,1.0,tiingo_historical_seed,
2023-12-08,XLI,108.66,109.49,108.62,108.96,104.5139906993,105.3123213848,104.4755169314,104.8025439591,7150079,7150079,0.0,1.0,tiingo_historical_seed,
2023-12-11,XLI,109.24,110.13,109.18,110.0,105.071860335,105.9279016724,105.014149683,105.8028619264,9380234,9380234,0.0,1.0,tiingo_historical_seed,
2023-12-12,XLI,110.16,110.725,109.8,110.5,105.9567569983,106.500198971,105.6104930866,106.2837840261,6524590,6524590,0.0,1.0,tiingo_historical_seed,
2023-12-13,XLI,110.5,111.935,109.92,111.73,106.2837840261,107.6640304521,105.7259143905,107.4668523913,12976840,12976840,0.0,1.0,tiingo_historical_seed,
2023-12-14,XLI,112.5,113.44,112.345,113.17,108.2074724248,109.1116059721,108.0583865739,108.8519080383,15473907,15473907,0.0,1.0,tiingo_historical_seed,
2023-12-15,XLI,112.9,113.38,112.4714,113.02,108.5922101045,109.0538953202,108.1799636807,108.7076314084,13801076,13801076,0.0,1.0,tiingo_historical_seed,
2023-12-18,XLI,112.68,112.755,112.275,112.4,108.9732621167,109.0457949057,108.5815850564,108.702473038,6977243,6977243,0.614637,1.0,tiingo_historical_seed,
2023-12-19,XLI,112.72,113.39,112.65,113.27,109.0119462708,109.6599058521,108.9442490011,109.5438533898,5249133,5249133,0.0,1.0,tiingo_historical_seed,
2023-12-20,XLI,112.46,113.385,111.37,111.44,108.7604992691,109.6550703328,107.7063560698,107.7740533394,8329723,8329723,0.0,1.0,tiingo_historical_seed,
2023-12-21,XLI,112.23,112.635,111.72,112.59,108.538065383,108.9297424434,108.0448424182,108.88622277,6962110,6962110,0.0,1.0,tiingo_historical_seed,
2023-12-22,XLI,112.82,113.525,112.68,113.13,109.1086566561,109.7904648722,108.9732621167,109.4084588504,5500229,5500229,0.0,1.0,tiingo_historical_seed,
2023-12-26,XLI,113.22,114.195,113.05,113.93,109.4954981972,110.4384244535,109.3310905422,110.1821419325,5181566,5181566,0.0,1.0,tiingo_historical_seed,
2023-12-27,XLI,113.91,114.37,113.715,114.1,110.1627998555,110.6076676277,109.9742146042,110.3465495875,5884248,5884248,0.0,1.0,tiingo_historical_seed,
2023-12-28,XLI,113.97,114.37,113.82,114.13,110.2208260866,110.6076676277,110.0757605087,110.3755627031,8240788,8240788,0.0,1.0,tiingo_historical_seed,
2023-12-29,XLI,113.98,114.4,113.51,113.99,110.2304971252,110.6366807433,109.7759583144,110.2401681637,7936472,7936472,0.0,1.0,tiingo_historical_seed,
2024-01-02,XLI,113.23,113.94,112.49,112.84,109.5051692357,110.1918129711,108.7895123847,109.1279987331,8558812,8558812,0.0,1.0,tiingo_historical_seed,
2024-01-03,XLI,112.22,112.42,111.09,111.16,108.5283943445,108.721815115,107.435566991,107.5032642607,18631231,18631231,0.0,1.0,tiingo_historical_seed,
2024-01-04,XLI,111.36,112.235,111.23,111.3,107.6966850312,108.5429009023,107.5709615304,107.6386588001,10716007,10716007,0.0,1.0,tiingo_historical_seed,
2024-01-05,XLI,111.22,111.94,111.03,111.43,107.5612904919,108.2576052658,107.3775407599,107.7643823009,7888060,7888060,0.0,1.0,tiingo_historical_seed,
2024-01-08,XLI,111.13,112.16,110.635,112.16,107.4742511451,108.4703681133,106.9955347381,108.4703681133,10856070,10856070,0.0,1.0,tiingo_historical_seed,
2024-01-09,XLI,111.4,111.94,110.99,111.81,107.7353691853,108.2576052658,107.3388566057,108.1318817649,8452236,8452236,0.0,1.0,tiingo_historical_seed,
2024-01-10,XLI,111.83,112.52,111.725,112.38,108.151223842,108.8185255003,108.0496779374,108.6831309609,9109285,9109285,0.0,1.0,tiingo_historical_seed,
2024-01-11,XLI,112.41,112.57,111.2,112.12,108.7121440765,108.8668806929,107.5419484148,108.4316839592,9081734,9081734,0.0,1.0,tiingo_historical_seed,
2024-01-12,XLI,112.5,112.745,111.67,112.11,108.7991834232,109.0361238671,107.9964872255,108.4220129207,6630984,6630984,0.0,1.0,tiingo_historical_seed,
2024-01-16,XLI,111.55,111.64,110.605,110.98,107.8804347632,107.96747411,106.9665216225,107.3291855672,10834163,10834163,0.0,1.0,tiingo_historical_seed,
2024-01-17,XLI,110.19,110.94,109.95,110.23,106.5651735236,107.2905014131,106.333068599,106.6038576777,7604700,7604700,0.0,1.0,tiingo_historical_seed,
2024-01-18,XLI,110.64,111.895,110.495,111.72,107.0003702573,108.2140855924,106.8601401987,108.0448424182,9060563,9060563,0.0,1.0,tiingo_historical_seed,
2024-01-19,XLI,111.98,112.74,111.1003,112.45,108.2962894199,109.0312883479,107.4455281607,108.7508282306,10355673,10355673,0.0,1.0,tiingo_historical_seed,
2024-01-22,XLI,112.84,113.61,112.84,113.32,109.1279987331,109.8726686997,109.1279987331,109.5922085824,9913128,9913128,0.0,1.0,tiingo_historical_seed,
2024-01-23,XLI,113.35,113.715,112.74,113.23,109.621221698,109.9742146042,109.0312883479,109.5051692357,10275272,10275272,0.0,1.0,tiingo_historical_seed,
2024-01-24,XLI,113.69,113.71,112.47,112.53,109.9500370079,109.969379085,108.7701703077,108.8281965388,9632928,9632928,0.0,1.0,tiingo_historical_seed,
2024-01-25,XLI,113.09,113.63,112.8,113.61,109.3697746963,109.8920107767,109.089314579,109.8726686997,9899014,9899014,0.0,1.0,tiingo_historical_seed,
2024-01-26,XLI,113.73,114.11,113.11,113.43,109.988721162,110.356220626,109.3891167734,109.6985900062,7031104,7031104,0.0,1.0,tiingo_historical_seed,
2024-01-29,XLI,113.32,114.18,113.17,114.17,109.5922085824,110.4239178957,109.4471430045,110.4142468572,5849927,5849927,0.0,1.0,tiingo_historical_seed,
2024-01-30,XLI,113.36,114.37,113.36,114.21,109.6308927365,110.6076676277,109.6308927365,110.4529310113,8300023,8300023,0.0,1.0,tiingo_historical_seed,
2024-01-31,XLI,114.13,114.34,112.865,112.89,110.3755627031,110.5786545121,109.1521763295,109.1763539258,14462350,14462350,0.0,1.0,tiingo_historical_seed,
2024-02-01,XLI,113.6,114.835,112.98,114.81,109.8629976612,111.0573709192,109.2633932725,111.0331933229,13946124,13946124,0.0,1.0,tiingo_historical_seed,
2024-02-02,XLI,114.57,116.08,114.13,115.58,110.8010883982,112.2614152157,110.3755627031,111.7778632894,12830173,12830173,0.0,1.0,tiingo_historical_seed,
2024-02-05,XLI,115.12,115.36,114.3,114.95,111.3329955172,111.5651004418,110.539970358,111.1685878622,9536697,9536697,0.0,1.0,tiingo_historical_seed,
2024-02-06,XLI,115.09,116.04,114.82,115.98,111.3039824016,112.2227310616,111.0428643614,112.1647048305,8722946,8722946,0.0,1.0,tiingo_historical_seed,
2024-02-07,XLI,116.37,117.1,116.315,116.75,112.541875333,113.2478611454,112.4886846211,112.909374797,7557092,7557092,0.0,1.0,tiingo_historical_seed,
2024-02-08,XLI,117.03,117.095,116.29,116.77,113.1801638758,113.2430256262,112.4645070248,112.9287168741,8532366,8532366,0.0,1.0,tiingo_historical_seed,
2024-02-09,XLI,116.93,116.96,116.295,116.95,113.0834534905,113.1124666061,112.4693425441,113.1027955675,10106029,10106029,0.0,1.0,tiingo_historical_seed,
2024-02-12,XLI,116.88,117.435,116.77,117.12,113.0350982979,113.5718409361,112.9287168741,113.2672032225,8383277,8383277,0.0,1.0,tiingo_historical_seed,
2024-02-13,XLI,116.11,116.14,115.09,115.92,112.2904283313,112.3194414469,111.3039824016,112.1066785993,13890796,13890796,0.0,1.0,tiingo_historical_seed,
2024-02-14,XLI,116.81,117.905,116.675,117.86,112.9674010282,114.0263797468,112.8368420081,113.9828600735,11889523,11889523,0.0,1.0,tiingo_historical_seed,
2024-02-15,XLI,118.0,118.805,117.83,118.74,114.1182546128,114.8967732142,113.9538469579,114.8339114638,11644333,11644333,0.0,1.0,tiingo_historical_seed,
2024-02-16,XLI,118.47,118.86,117.9,118.03,114.5727934236,114.9499639261,114.0215442276,114.1472677284,8740981,8740981,0.0,1.0,tiingo_historical_seed,
2024-02-20,XLI,117.62,118.04,117.38,117.66,113.7507551488,114.1569387669,113.5186502242,113.7894393029,7392099,7392099,0.0,1.0,tiingo_historical_seed,
2024-02-21,XLI,117.68,118.18,117.345,118.13,113.80878138,114.2923333063,113.4848015893,114.2439781137,8873136,8873136,0.0,1.0,tiingo_historical_seed,
2024-02-22,XLI,118.82,119.81,118.74,119.59,114.911279772,115.8687125861,114.8339114638,115.6559497385,10604355,10604355,0.0,1.0,tiingo_historical_seed,
2024-02-23,XLI,119.86,120.48,119.76,120.22,115.9170677788,116.5166721674,115.8203573935,116.2652251657,8757428,8757428,0.0,1.0,tiingo_historical_seed,
2024-02-26,XLI,120.21,120.48,119.91,120.04,116.2555541272,116.5166721674,115.9654229714,116.0911464722,7951384,7951384,0.0,1.0,tiingo_historical_seed,
2024-02-27,XLI,120.3,120.34,119.715,120.22,116.3425934739,116.381277628,115.7768377201,116.2652251657,6275518,6275518,0.0,1.0,tiingo_historical_seed,
2024-02-28,XLI,120.1,120.94,119.995,120.63,116.1491727034,116.9615399396,116.0476267989,116.6617377453,8324040,8324040,0.0,1.0,tiingo_historical_seed,
2024-02-29,XLI,121.0,121.27,120.41,121.0,117.0195661708,117.280684211,116.4489748977,117.0195661708,9662140,9662140,0.0,1.0,tiingo_historical_seed,
2024-03-01,XLI,120.96,121.59,120.61,121.52,116.9808820167,117.5901574438,116.6423956682,117.5224601742,10782475,10782475,0.0,1.0,tiingo_historical_seed,
2024-03-04,XLI,121.52,122.305,121.52,121.96,117.5224601742,118.2816366985,117.5224601742,117.9479858693,11886583,11886583,0.0,1.0,tiingo_historical_seed,
2024-03-05,XLI,121.69,122.02,120.45,120.96,117.6868678291,118.0060121005,116.4876590518,116.9808820167,11999053,11999053,0.0,1.0,tiingo_historical_seed,
2024-03-06,XLI,121.44,122.2701,121.305,121.59,117.4450918659,118.247884774,117.3145328458,117.5901574438,8644890,8644890,0.0,1.0,tiingo_historical_seed,
2024-03-07,XLI,122.37,122.73,122.065,122.57,118.3444984489,118.6926558359,118.0495317739,118.5379192194,7936776,7936776,0.0,1.0,tiingo_historical_seed,
2024-03-08,XLI,122.86,123.5,121.955,122.3,118.8183793367,119.4373258024,117.9431503501,118.2768011792,10157147,10157147,0.0,1.0,tiingo_historical_seed,
2024-03-11,XLI,121.92,122.18,120.82,121.67,117.9093017152,118.1607487169,116.8454874773,117.6675257521,9126608,9126608,0.0,1.0,tiingo_historical_seed,
2024-03-12,XLI,121.66,122.3275,121.1,122.21,117.6578547135,118.3033965352,117.116276556,118.1897618325,9097127,9097127,0.0,1.0,tiingo_historical_seed,
2024-03-13,XLI,122.02,122.815,122.02,122.54,118.0060121005,118.7748596633,118.0060121005,118.5089061039,7975162,7975162,0.0,1.0,tiingo_historical_seed,
2024-03-14,XLI,122.73,122.86,121.215,122.02,118.6926558359,118.8183793367,117.2274934991,118.0060121005,9681771,9681771,0.0,1.0,tiingo_historical_seed,
2024-03-15,XLI,121.53,122.53,121.47,122.04,117.5321312127,118.4992350653,117.4741049815,118.0253541775,10739945,10739945,0.0,1.0,tiingo_historical_seed,
2024-03-18,XLI,122.1,122.38,121.74,121.88,118.4479362023,118.7195612813,118.098703958,118.2345164975,7178846,7178846,0.376277,1.0,tiingo_historical_seed,
2024-03-19,XLI,121.93,122.94,121.86,122.93,118.2830209759,119.2628114391,118.2151147061,119.2531105434,8842389,8842389,0.0,1.0,tiingo_historical_seed,
2024-03-20,XLI,122.77,124.59,122.64,124.41,119.0978962126,120.8634592256,118.9717845688,120.6888431035,10400920,10400920,0.0,1.0,tiingo_historical_seed,
2024-03-21,XLI,124.99,125.94,124.7854,125.64,121.2514950527,122.1730801419,121.0530147271,121.8820532716,9965069,9965069,0.0,1.0,tiingo_historical_seed,
2024-03-22,XLI,126.0,126.095,125.175,125.21,122.2312855159,122.3234440249,121.4309616227,121.4649147575,6771120,6771120,0.0,1.0,tiingo_historical_seed,
2024-03-25,XLI,125.18,125.27,124.32,124.4,121.4358120705,121.5231201316,120.6015350424,120.6791422078,7658197,7658197,0.0,1.0,tiingo_historical_seed,
2024-03-26,XLI,124.4,124.73,123.895,123.95,120.6791422078,120.9992717651,120.1892469762,120.2426019024,7292864,7292864,0.0,1.0,tiingo_historical_seed,
2024-03-27,XLI,124.75,125.95,124.68,125.94,121.0186735565,122.1827810376,120.9507672867,122.1730801419,7162947,7162947,0.0,1.0,tiingo_historical_seed,
2024-03-28,XLI,126.1,126.29,125.72,125.96,122.3282944727,122.5126114905,121.959660437,122.1924819332,7287003,7287003,0.0,1.0,tiingo_historical_seed,
2024-04-01,XLI,126.09,126.16,124.91,124.99,122.318593577,122.3864998468,121.1738878873,121.2514950527,6890428,6890428,0.0,1.0,tiingo_historical_seed,
2024-04-02,XLI,124.49,124.9,124.15,124.41,120.7664502689,121.1641869916,120.4366198159,120.6888431035,10895001,10895001,0.0,1.0,tiingo_historical_seed,
2024-04-03,XLI,124.32,125.395,124.32,125.05,120.6015350424,121.6443813275,120.6015350424,121.3097004267,7563468,7563468,0.0,1.0,tiingo_historical_seed,
2024-04-04,XLI,125.87,126.39,123.58,123.95,122.1051738722,122.6096204473,119.8836687624,120.2426019024,10262383,10262383,0.0,1.0,tiingo_historical_seed,
2024-04-05,XLI,124.35,125.995,124.29,125.67,120.6306377294,122.2264350681,120.5724323554,121.9111559586,10612113,10612113,0.0,1.0,tiingo_historical_seed,
2024-04-08,XLI,125.85,126.06,125.36,125.45,122.0857720808,122.28949089,121.6104281927,121.6977362538,6085559,6085559,0.0,1.0,tiingo_historical_seed,
2024-04-09,XLI,125.62,125.96,123.725,125.16,121.8626514803,122.1924819332,120.0243317497,121.4164102792,8827355,8827355,0.0,1.0,tiingo_historical_seed,
2024-04-10,XLI,123.61,124.47,123.18,124.09,119.9127714494,120.7470484775,119.4956329353,120.3784144418,14119552,14119552,0.0,1.0,tiingo_historical_seed,
2024-04-11,XLI,124.15,124.735,123.2036,124.23,120.4366198159,121.0041222129,119.5185270491,120.5142269813,8228823,8228823,0.0,1.0,tiingo_historical_seed,
2024-04-12,XLI,123.45,123.89,122.38,122.9,119.7575571186,120.1843965283,118.7195612813,119.2240078564,11604276,11604276,0.0,1.0,tiingo_historical_seed,
2024-04-15,XLI,124.58,124.76,121.65,122.02,120.85375833,121.0283744521,118.0113958969,118.3703290369,10374512,10374512,0.0,1.0,tiingo_historical_seed,
2024-04-16,XLI,121.98,122.32,121.12,121.74,118.3315254542,118.6613559072,117.4972484261,118.098703958,11046171,11046171,0.0,1.0,tiingo_historical_seed,
2024-04-17,XLI,122.42,122.45,120.36,121.11,118.758364864,118.787467551,116.7599803547,117.4875475304,11084186,11084186,0.0,1.0,tiingo_historical_seed,
2024-04-18,XLI,121.69,122.185,120.505,120.69,118.0501994796,118.5303938156,116.900643342,117.0801099121,9195781,9195781,0.0,1.0,tiingo_historical_seed,
2024-04-19,XLI,120.95,121.62,120.17,120.47,117.3323331996,117.9822932099,116.5756633369,116.8666902072,10832189,10832189,0.0,1.0,tiingo_historical_seed,
2024-04-22,XLI,121.2,122.185,120.63,121.38,117.5748555915,118.5303938156,117.021904538,117.7494717137,10484898,10484898,0.0,1.0,tiingo_historical_seed,
2024-04-23,XLI,122.24,123.235,122.06,123.07,118.5837487418,119.5489878616,118.4091326196,119.3889230829,9869962,9869962,0.0,1.0,tiingo_historical_seed,
2024-04-24,XLI,122.96,123.18,121.065,122.09,119.2822132305,119.4956329353,117.4438934999,118.4382353067,11063926,11063926,0.0,1.0,tiingo_historical_seed,
2024-04-25,XLI,121.41,122.75,120.6,122.46,117.7785744007,119.0784944213,116.992801851,118.7971684467,10321245,10321245,0.0,1.0,tiingo_historical_seed,
2024-04-26,XLI,122.15,123.03,122.13,122.66,118.4964406807,119.3501195002,118.4770388894,118.9911863602,6958081,6958081,0.0,1.0,tiingo_historical_seed,
2024-04-29,XLI,122.91,123.59,122.865,123.48,119.2337087521,119.8933696581,119.1900547216,119.7866598056,6339754,6339754,0.0,1.0,tiingo_historical_seed,
2024-04-30,XLI,123.3,123.48,121.47,121.52,119.6120436835,119.7866598056,117.8367797748,117.8852842531,15476006,15476006,0.0,1.0,tiingo_historical_seed,
2024-05-01,XLI,121.33,122.845,120.92,121.22,117.7009672353,119.1706529302,117.3032305126,117.5942573829,15569516,15569516,0.0,1.0,tiingo_historical_seed,
2024-05-02,XLI,121.8,122.155,120.56,121.92,118.1569093321,118.5012911286,116.9539982683,118.2733200802,11999709,11999709,0.0,1.0,tiingo_historical_seed,
2024-05-03,XLI,123.07,123.21,122.2,122.77,119.3889230829,119.5247356224,118.5449451591,119.0978962126,9068460,9068460,0.0,1.0,tiingo_historical_seed,
2024-05-06,XLI,123.58,124.105,123.47,124.01,119.8836687624,120.3929657854,119.7769589099,120.3008072764,7157439,7157439,0.0,1.0,tiingo_historical_seed,
2024-05-07,XLI,124.24,124.71,124.03,124.35,120.523927877,120.9798699738,120.3202090678,120.6306377294,5244265,5244265,0.0,1.0,tiingo_historical_seed,
2024-05-08,XLI,123.61,124.515,123.59,124.35,119.9127714494,120.7907025081,119.8933696581,120.6306377294,5062545,5062545,0.0,1.0,tiingo_historical_seed,
2024-05-09,XLI,124.59,125.59,124.45,125.59,120.8634592256,121.8335487932,120.7276466862,121.8335487932,6681974,6681974,0.0,1.0,tiingo_historical_seed,
2024-05-10,XLI,126.14,126.22,125.44,125.68,122.3670980554,122.4447052208,121.6880353581,121.9208568543,6038502,6038502,0.0,1.0,tiingo_historical_seed,
2024-05-13,XLI,125.96,126.1,125.08,125.15,122.1924819332,122.3282944727,121.3388031138,121.4067093835,5946868,5946868,0.0,1.0,tiingo_historical_seed,
2024-05-14,XLI,125.39,125.61,124.845,125.12,121.6395308797,121.8529505846,121.1108320654,121.3776066965,5105853,5105853,0.0,1.0,tiingo_historical_seed,
2024-05-15,XLI,125.78,126.025,125.555,125.94,122.0178658111,122.2555377551,121.7995956584,122.1730801419,8404115,8404115,0.0,1.0,tiingo_historical_seed,
2024-05-16,XLI,125.72,125.96,125.14,125.19,121.959660437,122.1924819332,121.3970084878,121.4455129662,7135961,7135961,0.0,1.0,tiingo_historical_seed,
2024-05-17,XLI,125.29,125.48,124.71,125.33,121.542521923,121.7268389408,120.9798699738,121.5813255057,5714068,5714068,0.0,1.0,tiingo_historical_seed,
2024-05-20,XLI,125.36,126.03,125.24,125.57,121.6104281927,122.260388203,121.4940174446,121.8141470019,4337686,4337686,0.0,1.0,tiingo_historical_seed,
2024-05-21,XLI,125.34,125.36,124.835,125.16,121.5910264013,121.6104281927,121.1011311697,121.4164102792,6010008,6010008,0.0,1.0,tiingo_historical_seed,
2024-05-22,XLI,124.97,125.63,124.63,125.31,121.2320932613,121.8723523759,120.9022628083,121.5619237143,7910476,7910476,0.0,1.0,tiingo_historical_seed,
2024-05-23,XLI,125.61,125.68,123.595,123.83,121.8529505846,121.9208568543,119.8982201059,120.1261911543,9078387,9078387,0.0,1.0,tiingo_historical_seed,
2024-05-24,XLI,124.3,124.73,123.785,124.46,120.582133251,120.9992717651,120.0825371237,120.7373475819,7556872,7556872,0.0,1.0,tiingo_historical_seed,
2024-05-28,XLI,124.41,124.41,122.525,122.94,120.6888431035,120.6888431035,118.8602242686,119.2628114391,8525837,8525837,0.0,1.0,tiingo_historical_seed,
2024-05-29,XLI,121.9,121.99,121.1,121.2,118.2539182888,118.3412263499,117.4778466348,117.5748555915,16725409,16725409,0.0,1.0,tiingo_historical_seed,
2024-05-30,XLI,121.36,122.115,121.33,122.03,117.7300699223,118.4624875459,117.7009672353,118.3800299326,7816700,7816700,0.0,1.0,tiingo_historical_seed,
2024-05-31,XLI,122.32,123.56,121.3303,123.51,118.6613559072,119.864266971,117.7012582622,119.8157624926,9703498,9703498,0.0,1.0,tiingo_historical_seed,
2024-06-03,XLI,123.91,123.96,120.87,122.0,120.2037983197,120.2523027981,117.2547260342,118.3509272456,15241012,15241012,0.0,1.0,tiingo_historical_seed,
2024-06-04,XLI,121.75,122.23,121.01,121.7,118.1084048537,118.5740478461,117.3905385737,118.0599003753,10061456,10061456,0.0,1.0,tiingo_historical_seed,
2024-06-05,XLI,122.16,122.945,121.44,122.93,118.5061415764,119.267661887,117.8076770877,119.2531105434,8666035,8666035,0.0,1.0,tiingo_historical_seed,
2024-06-06,XLI,122.79,123.09,121.715,122.2,119.117298004,119.4083248743,118.0744517188,118.5449451591,6523878,6523878,0.0,1.0,tiingo_historical_seed,
2024-06-07,XLI,121.89,123.14,121.58,122.33,118.2442173932,119.4568293526,117.9434896272,118.6710568029,7036253,7036253,0.0,1.0,tiingo_historical_seed,
2024-06-10,XLI,122.15,122.88,122.09,122.71,118.4964406807,119.2046060651,118.4382353067,119.0396908386,6642646,6642646,0.0,1.0,tiingo_historical_seed,
2024-06-11,XLI,122.05,122.17,121.2,122.01,118.399431724,118.5158424721,117.5748555915,118.3606281413,11216986,11216986,0.0,1.0,tiingo_historical_seed,
2024-06-12,XLI,123.14,123.885,122.63,123.17,119.4568293526,120.1795460805,118.9620836732,119.4859320397,11106940,11106940,0.0,1.0,tiingo_historical_seed,
2024-06-13,XLI,123.0,123.07,121.34,122.38,119.3210168132,119.3889230829,117.710668131,118.7195612813,8056073,8056073,0.0,1.0,tiingo_historical_seed,
2024-06-14,XLI,121.33,121.33,119.66,121.15,117.7009672353,117.7009672353,116.0809176574,117.5263511131,15315753,15315753,0.0,1.0,tiingo_historical_seed,
2024-06-17,XLI,120.73,122.685,120.54,122.49,117.1189134948,119.0154385994,116.9345964769,118.8262711337,12522104,12522104,0.0,1.0,tiingo_historical_seed,
2024-06-18,XLI,122.46,123.16,122.225,123.15,118.7971684467,119.476231144,118.5691973983,119.4665302483,8176569,8176569,0.0,1.0,tiingo_historical_seed,
2024-06-20,XLI,123.01,123.56,122.735,123.23,119.3307177089,119.864266971,119.0639430778,119.5441374137,6350738,6350738,0.0,1.0,tiingo_historical_seed,
2024-06-21,XLI,123.21,123.28,121.92,122.97,119.5247356224,119.5926418921,118.2733200802,119.2919141261,8231075,8231075,0.0,1.0,tiingo_historical_seed,
2024-06-24,XLI,122.88,124.205,122.61,123.07,119.6126341235,120.9024025171,119.3498133942,119.7975820441,8650688,8650688,0.421259,1.0,tiingo_historical_seed,
2024-06-25,XLI,122.97,122.97,121.445,122.02,119.7002410332,119.7002410332,118.2157906179,118.7755014302,11365647,11365647,0.0,1.0,tiingo_historical_seed,
2024-06-26,XLI,121.86,121.88,121.21,121.69,118.6197558129,118.639224015,117.9870392424,118.4542760944,7350500,7350500,0.0,1.0,tiingo_historical_seed,
2024-06-27,XLI,121.81,122.045,121.38,121.82,118.5710853074,118.7998366829,118.1525189608,118.5808194085,4804094,4804094,0.0,1.0,tiingo_historical_seed,
2024-06-28,XLI,122.16,122.96,121.28,121.87,118.9117788454,119.6905069321,118.05517795,118.6294899139,9796383,9796383,0.0,1.0,tiingo_historical_seed,
2024-07-01,XLI,122.44,122.69,120.29,120.56,119.1843336758,119.4276862029,117.0915019426,117.3543226719,10008559,10008559,0.0,1.0,tiingo_historical_seed,
2024-07-02,XLI,120.38,121.26,120.29,121.22,117.1791088524,118.0357097478,117.0915019426,117.9967733435,6789098,6789098,0.0,1.0,tiingo_historical_seed,
2024-07-03,XLI,121.36,122.1,121.15,121.66,118.1330507587,118.8533742389,117.9286346359,118.4250737912,5467693,5467693,0.0,1.0,tiingo_historical_seed,
2024-07-05,XLI,121.63,121.63,120.245,121.22,118.3958714879,118.3958714879,117.0476984878,117.9967733435,6367106,6367106,0.0,1.0,tiingo_historical_seed,
2024-07-08,XLI,121.56,122.21,121.0,121.37,118.3277327803,118.9604493508,117.7826231196,118.1427848597,7405651,7405651,0.0,1.0,tiingo_historical_seed,
2024-07-09,XLI,121.43,121.615,120.805,120.84,118.2011894662,118.3812703363,117.5928081485,117.6268775023,4617857,4617857,0.0,1.0,tiingo_historical_seed,
2024-07-10,XLI,121.01,121.955,120.76,121.92,117.7923572207,118.7122297732,117.5490046936,118.6781604194,6930874,6930874,0.0,1.0,tiingo_historical_seed,
2024-07-11,XLI,122.24,123.91,122.06,123.47,118.9896516541,120.6152465351,118.8144378345,120.1869460874,11119824,11119824,0.0,1.0,tiingo_historical_seed,
2024-07-12,XLI,124.18,124.905,123.869,124.18,120.8780672644,121.583789593,120.5753367207,120.8780672644,10565175,10565175,0.0,1.0,tiingo_historical_seed,
2024-07-15,XLI,124.55,125.66,124.28,125.07,121.2382290045,122.3187142249,120.9754082753,121.7444022609,9680754,9680754,0.0,1.0,tiingo_historical_seed,
2024-07-16,XLI,125.44,128.31,125.425,128.19,122.104564001,124.8982510122,122.0899628494,124.7814417992,15501435,15501435,0.0,1.0,tiingo_historical_seed,
2024-07-17,XLI,127.63,127.9,126.52,126.55,124.2363321385,124.4991528678,123.1558469181,123.1850492214,14511177,14511177,0.0,1.0,tiingo_historical_seed,
2024-07-18,XLI,126.54,127.81,125.38,125.56,123.1753151203,124.411545958,122.0461593945,122.221373214,9267893,9267893,0.0,1.0,tiingo_historical_seed,
2024-07-19,XLI,125.84,126.1,124.59,124.87,122.4939280444,122.7470146726,121.2771654089,121.5497202392,9955265,9955265,0.0,1.0,tiingo_historical_seed,
2024-07-22,XLI,125.46,126.23,124.48,126.14,122.1240322032,122.8735579867,121.1700902969,122.7859510769,8335023,8335023,0.0,1.0,tiingo_historical_seed,
2024-07-23,XLI,125.51,126.59,125.44,125.9,122.1727027086,123.2239856257,122.104564001,122.5523326509,9433055,9433055,0.0,1.0,tiingo_historical_seed,
2024-07-24,XLI,125.28,125.53,123.065,123.19,121.9488183837,122.1921709108,119.7927149935,119.9143912571,11370794,11370794,0.0,1.0,tiingo_historical_seed,
2024-07-25,XLI,123.35,126.1,123.03,124.18,120.0701368744,122.7470146726,119.7586456397,120.8780672644,14738964,14738964,0.0,1.0,tiingo_historical_seed,
2024-07-26,XLI,125.6,127.185,125.39,126.3,122.2603096184,123.8031646402,122.0558934956,122.9416966943,10620823,10620823,0.0,1.0,tiingo_historical_seed,
2024-07-29,XLI,126.7,126.7,125.68,126.08,123.3310607376,123.3310607376,122.3381824271,122.7275464704,8946624,8946624,0.0,1.0,tiingo_historical_seed,
2024-07-30,XLI,126.62,127.34,125.935,126.45,123.253187929,123.954043207,122.5864020047,123.0877082105,7811181,7811181,0.0,1.0,tiingo_historical_seed,
2024-07-31,XLI,127.92,129.075,127.29,127.86,124.5186210699,125.6429097452,123.9053727016,124.4602164634,10947569,10947569,0.0,1.0,tiingo_historical_seed,
2024-08-01,XLI,127.54,128.56,124.725,125.49,124.1487252287,125.1416035393,121.4085757735,122.1532345065,17283232,17283232,0.0,1.0,tiingo_historical_seed,
2024-08-02,XLI,124.13,124.35,121.57,122.73,120.829396759,121.0435469828,118.3374668814,119.4666226072,16916329,16916329,0.0,1.0,tiingo_historical_seed,
2024-08-05,XLI,120.38,121.84,119.165,120.6,117.1791088524,118.6002876107,115.9964155707,117.3932590762,20011986,20011986,0.0,1.0,tiingo_historical_seed,
2024-08-06,XLI,121.31,123.78,120.78,122.05,118.0843802532,120.488703221,117.5684728958,118.8047037335,13732555,13732555,0.0,1.0,tiingo_historical_seed,
2024-08-07,XLI,123.2,124.23,121.39,121.46,119.9241253582,120.9267377698,118.1622530619,118.2303917695,8307803,8307803,0.0,1.0,tiingo_historical_seed,
2024-08-08,XLI,122.36,124.35,122.34,124.26,119.1064608671,121.0435469828,119.0869926649,120.9559400731,7976768,7976768,0.0,1.0,tiingo_historical_seed,
2024-08-09,XLI,124.1,124.53,123.0,124.28,120.8001944557,121.2187608024,119.7294433365,120.9754082753,5891407,5891407,0.0,1.0,tiingo_historical_seed,
2024-08-12,XLI,124.29,124.48,123.245,123.65,120.9851423763,121.1700902969,119.967928813,120.3621599069,5733417,5733417,0.0,1.0,tiingo_historical_seed,
2024-08-13,XLI,124.23,125.05,123.34,124.95,120.9267377698,121.7249340587,120.0604027733,121.6275930479,7808313,7808313,0.0,1.0,tiingo_historical_seed,
2024-08-14,XLI,124.91,125.68,124.835,125.46,121.5886566436,122.3381824271,121.5156508854,122.1240322032,5506399,5506399,0.0,1.0,tiingo_historical_seed,
2024-08-15,XLI,126.65,127.51,126.3,127.15,123.2823902322,124.1195229255,122.9416966943,123.7690952864,5717499,5717499,0.0,1.0,tiingo_historical_seed,
2024-08-16,XLI,126.99,127.33,126.4099,126.97,123.6133496691,123.944309106,123.0486744652,123.5938814669,5448648,5448648,0.0,1.0,tiingo_historical_seed,
2024-08-19,XLI,127.08,127.78,126.94,127.74,123.7009565789,124.3823436547,123.5646791637,124.3434072504,3483000,3483000,0.0,1.0,tiingo_historical_seed,
2024-08-20,XLI,127.68,127.85,127.005,127.39,124.2850026439,124.4504823623,123.6279508207,124.0027137125,6443293,6443293,0.0,1.0,tiingo_historical_seed,
2024-08-21,XLI,127.69,128.38,127.54,128.16,124.294736745,124.9663897198,124.1487252287,124.752239496,4989374,4989374,0.0,1.0,tiingo_historical_seed,
2024-08-22,XLI,128.38,128.67,127.595,128.0,124.9663897198,125.2486786512,124.2022627847,124.5964938786,6355618,6355618,0.0,1.0,tiingo_historical_seed,
2024-08-23,XLI,128.44,129.58,128.19,129.28,125.0247943263,126.1344818499,124.7814417992,125.8424588174,5887991,5887991,0.0,1.0,tiingo_historical_seed,
2024-08-26,XLI,129.56,130.0,128.87,129.14,126.1150136477,126.5433140955,125.4433606729,125.7061814022,6226603,6226603,0.0,1.0,tiingo_historical_seed,
2024-08-27,XLI,128.95,129.285,128.51,129.22,125.5212334816,125.8473258679,125.0929330339,125.7840542109,4000997,4000997,0.0,1.0,tiingo_historical_seed,
2024-08-28,XLI,129.28,129.9501,128.51,129.16,125.8424588174,126.494740931,125.0929330339,125.7256496044,4336432,4336432,0.0,1.0,tiingo_historical_seed,
2024-08-29,XLI,129.76,131.2,129.1,130.07,126.3096956694,127.7114062256,125.6672449979,126.611452803,8226169,8226169,0.0,1.0,tiingo_historical_seed,
2024-08-30,XLI,130.53,131.59,129.59,131.46,127.0592214529,128.0910361679,126.144215951,127.9644928538,8348075,8348075,0.0,1.0,tiingo_historical_seed,
2024-09-03,XLI,130.81,131.02,128.055,128.55,127.3317762833,127.5361924061,124.6500314346,125.1318694382,9332550,9332550,0.0,1.0,tiingo_historical_seed,
2024-09-04,XLI,128.47,129.46,128.19,128.68,125.0539966296,126.0176726369,124.7814417992,125.2584127523,7730484,7730484,0.0,1.0,tiingo_historical_seed,
2024-09-05,XLI,128.41,128.56,126.465,127.18,124.9955920231,125.1416035393,123.1023093622,123.7982975897,8044545,8044545,0.0,1.0,tiingo_historical_seed,
2024-09-06,XLI,127.34,128.27,125.64,125.89,123.954043207,124.8593146079,122.2992460227,122.5425985498,9567351,9567351,0.0,1.0,tiingo_historical_seed,
2024-09-09,XLI,126.96,128.33,126.92,127.82,123.5841473658,124.9177192144,123.5452109615,124.4212800591,7283338,7283338,0.0,1.0,tiingo_historical_seed,
2024-09-10,XLI,128.32,128.32,126.965,128.04,124.9079851133,124.9079851133,123.5890144164,124.6354302829,6270232,6270232,0.0,1.0,tiingo_historical_seed,
2024-09-11,XLI,127.73,128.43,125.11,128.27,124.3336731493,125.0150602252,121.7833386653,124.8593146079,7969929,7969929,0.0,1.0,tiingo_historical_seed,
2024-09-12,XLI,128.3,129.27,127.59,129.26,124.8885169111,125.8327247163,124.1973957341,125.8229906152,7012604,7012604,0.0,1.0,tiingo_historical_seed,
2024-09-13,XLI,129.82,131.06,129.56,130.57,126.3681002759,127.5751288104,126.1150136477,127.0981578573,7913827,7913827,0.0,1.0,tiingo_historical_seed,
2024-09-16,XLI,131.14,132.03,130.45,131.24,127.6530016191,128.5193366156,126.9813486442,127.7503426299,6400819,6400819,0.0,1.0,tiingo_historical_seed,
2024-09-17,XLI,131.5,132.4275,131.215,131.96,128.0034292581,128.9062671337,127.7260073772,128.451197908,7820720,7820720,0.0,1.0,tiingo_historical_seed,
2024-09-18,XLI,132.17,133.67,131.65,131.85,128.6556140307,130.1157291934,128.1494407744,128.344122796,9191596,9191596,0.0,1.0,tiingo_historical_seed,
2024-09-19,XLI,134.01,134.37,132.97,134.12,130.4466886302,130.7971162693,129.4343421175,130.5537637422,8957842,8957842,0.0,1.0,tiingo_historical_seed,
2024-09-20,XLI,133.08,133.455,132.44,133.18,129.5414172294,129.9064460201,128.91843476,129.6387582403,10907553,10907553,0.0,1.0,tiingo_historical_seed,
2024-09-23,XLI,133.26,133.855,132.76,133.64,130.1349992153,130.7160462251,129.6467244171,130.5060880619,8284047,8284047,0.431022,1.0,tiingo_historical_seed,
2024-09-24,XLI,134.01,134.64,133.7,134.6,130.8674114125,131.4826376583,130.5646810377,131.4435756744,7507910,7507910,0.0,1.0,tiingo_historical_seed,
2024-09-25,XLI,135.01,135.15,133.87,133.97,131.8439610089,131.9806779524,130.7306944691,130.8283494287,4422410,4422410,0.0,1.0,tiingo_historical_seed,
2024-09-26,XLI,135.06,135.47,134.465,134.64,131.8927884888,132.2931738233,131.3117414789,131.4826376583,6620703,6620703,0.0,1.0,tiingo_historical_seed,
2024-09-27,XLI,135.05,135.7,134.62,134.83,131.8830229928,132.5177802305,131.4631066663,131.6681820816,5859384,5859384,0.0,1.0,tiingo_historical_seed,
2024-09-30,XLI,134.83,135.565,134.04,135.44,131.6681820816,132.3859460349,130.8967079004,132.2638773354,5321281,5321281,0.0,1.0,tiingo_historical_seed,
2024-10-01,XLI,135.37,136.155,134.29,135.51,132.1955188636,132.9621102968,131.1408452995,132.3322358071,9398639,9398639,0.0,1.0,tiingo_historical_seed,
2024-10-02,XLI,135.26,135.78,134.69,135.26,132.088098408,132.5959041982,131.5314651381,132.088098408,5189889,5189889,0.0,1.0,tiingo_historical_seed,
2024-10-03,XLI,134.87,135.26,134.07,134.57,131.7072440654,132.088098408,130.9260043883,131.4142791865,6361414,6361414,0.0,1.0,tiingo_historical_seed,
2024-10-04,XLI,135.63,135.92,134.27,135.51,132.4494217587,132.7326211417,131.1213143076,132.3322358071,5797673,5797673,0.0,1.0,tiingo_historical_seed,
2024-10-07,XLI,134.84,135.735,134.51,135.18,131.6779475776,132.5519594663,131.3556862107,132.0099744403,5737838,5737838,0.0,1.0,tiingo_historical_seed,
2024-10-08,XLI,135.7,135.9,134.96,135.48,132.5177802305,132.7130901497,131.7951335291,132.3029393192,4980573,4980573,0.0,1.0,tiingo_historical_seed,
2024-10-09,XLI,135.49,136.78,135.3,136.69,132.3127048152,133.5724537946,132.1271603919,133.4845643309,5064881,5064881,0.0,1.0,tiingo_historical_seed,
2024-10-10,XLI,136.15,136.365,135.53,135.99,132.9572275488,133.1671857121,132.3517667991,132.8009796134,5495633,5495633,0.0,1.0,tiingo_historical_seed,
2024-10-11,XLI,136.49,138.47,136.49,138.42,133.2892544116,135.2228226125,133.2892544116,135.1739951326,8764835,8764835,0.0,1.0,tiingo_historical_seed,
2024-10-14,XLI,138.39,139.32,137.85,139.25,135.1446986447,136.0528897694,134.6173618627,135.9845312976,6817631,6817631,0.0,1.0,tiingo_historical_seed,
2024-10-15,XLI,139.4,139.77,138.06,138.18,136.1310137371,136.4923370878,134.8224372779,134.9396232295,7808900,7808900,0.0,1.0,tiingo_historical_seed,
2024-10-16,XLI,138.4,139.55,138.335,139.25,135.1544641407,136.2774961766,135.0909884169,135.9845312976,8207845,8207845,0.0,1.0,tiingo_historical_seed,
2024-10-17,XLI,139.27,139.47,138.6,138.85,136.0040622896,136.1993722089,135.34977406,135.5939114591,5065108,5065108,0.0,1.0,tiingo_historical_seed,
2024-10-18,XLI,139.21,139.33,138.43,139.27,135.9454693138,136.0626552654,135.1837606286,136.0040622896,4782065,4782065,0.0,1.0,tiingo_historical_seed,
2024-10-21,XLI,139.25,139.45,138.22,138.78,135.9845312976,136.1798412169,134.9786852134,135.5255529873,5216679,5216679,0.0,1.0,tiingo_historical_seed,
2024-10-22,XLI,138.17,138.275,136.39,137.1,134.9298577335,135.0323954412,133.191599452,133.8849496654,8579700,8579700,0.0,1.0,tiingo_historical_seed,
2024-10-23,XLI,136.96,137.545,136.0,136.7,133.7482327219,134.3195142358,132.8107451094,133.4943298268,8480719,8480719,0.0,1.0,tiingo_historical_seed,
2024-10-24,XLI,136.49,136.49,135.37,135.76,133.2892544116,133.2892544116,132.1955188636,132.5763732062,6720484,6720484,0.0,1.0,tiingo_historical_seed,
2024-10-25,XLI,136.38,136.75,135.12,135.4,133.181833956,133.5431573067,131.9513814645,132.2248153515,6399716,6399716,0.0,1.0,tiingo_historical_seed,
2024-10-28,XLI,136.08,136.4,135.76,135.8,132.8888690771,133.2013649479,132.5763732062,132.6154351901,7132173,7132173,0.0,1.0,tiingo_historical_seed,
2024-10-29,XLI,135.39,136.145,134.59,135.62,132.2150498556,132.9523448008,131.4338101785,132.4396562627,11192611,11192611,0.0,1.0,tiingo_historical_seed,
2024-10-30,XLI,135.02,136.12,134.79,135.39,131.8537265049,132.9279310609,131.6291200977,132.2150498556,10469056,10469056,0.0,1.0,tiingo_historical_seed,
2024-10-31,XLI,134.32,134.67,133.41,133.83,131.1701417874,131.5119341462,130.2814816547,130.6916324852,16640117,16640117,0.0,1.0,tiingo_historical_seed,
2024-11-01,XLI,134.51,135.24,133.975,134.01,131.3556862107,132.0685674161,130.8332321767,130.8674114125,7482335,7482335,0.0,1.0,tiingo_historical_seed,
2024-11-04,XLI,134.15,134.875,133.49,133.86,131.004128356,131.7121268134,130.3596056224,130.7209289731,6744634,6744634,0.0,1.0,tiingo_historical_seed,
2024-11-05,XLI,134.33,136.13,133.99,136.1,131.1799072834,132.9376965569,130.8478804206,132.908400069,7469389,7469389,0.0,1.0,tiingo_historical_seed,
2024-11-06,XLI,140.67,141.68,139.17,141.43,137.3712317245,138.3575468169,135.9064073299,138.1134094178,17738786,17738786,0.0,1.0,tiingo_historical_seed,
2024-11-07,XLI,141.83,141.89,140.39,140.58,138.5040292563,138.5626222321,137.0977978375,137.2833422608,10062802,10062802,0.0,1.0,tiingo_historical_seed,
2024-11-08,XLI,140.99,142.525,140.72,142.09,137.6837275954,139.1827312258,137.4200592043,138.7579321514,8270291,8270291,0.0,1.0,tiingo_historical_seed,
2024-11-11,XLI,142.89,143.715,142.86,143.19,139.5391718285,140.3448252455,139.5098753406,139.8321367074,8236970,8236970,0.0,1.0,tiingo_historical_seed,
2024-11-12,XLI,143.53,143.67,141.38,141.96,140.1641635702,140.3008805137,138.064581938,138.6309807039,7161103,7161103,0.0,1.0,tiingo_historical_seed,
2024-11-13,XLI,142.11,143.06,142.07,142.26,138.7774631433,139.7051852599,138.7384011595,138.9239455828,6033427,6033427,0.0,1.0,tiingo_historical_seed,
2024-11-14,XLI,142.12,142.31,139.705,139.86,138.7872286393,138.9727730626,136.428861364,136.5802265514,9977368,9977368,0.0,1.0,tiingo_historical_seed,
2024-11-15,XLI,139.37,140.21,138.75,139.11,136.1017172492,136.9220189102,135.4962564994,135.8478143542,6628806,6628806,0.0,1.0,tiingo_historical_seed,
2024-11-18,XLI,139.09,139.49,138.58,138.92,135.8282833622,136.2189032008,135.3302430681,135.6622699308,6414204,6414204,0.0,1.0,tiingo_historical_seed,
2024-11-19,XLI,138.06,139.16,137.82,138.8,134.8224372779,135.896641834,134.5880653748,135.5450839793,5555054,5555054,0.0,1.0,tiingo_historical_seed,
2024-11-20,XLI,139.13,139.28,137.9312,138.95,135.8673453461,136.0138277855,134.6966576899,135.6915664187,6527692,6527692,0.0,1.0,tiingo_historical_seed,
2024-11-21,XLI,139.62,141.18,139.08,140.69,136.3458546483,137.8692720187,135.8185178663,137.3907627165,9677406,9677406,0.0,1.0,tiingo_historical_seed,
2024-11-22,XLI,141.06,142.69,140.93,142.65,137.7520860671,139.3438619092,137.6251346196,139.3047999254,7924330,7924330,0.0,1.0,tiingo_historical_seed,
2024-11-25,XLI,143.38,143.93,142.915,143.54,140.0176811307,140.5547834088,139.5635855684,140.1739290662,7411720,7411720,0.0,1.0,tiingo_historical_seed,
2024-11-26,XLI,143.37,143.965,142.83,143.71,140.0079156348,140.5889626446,139.4805788527,140.3399424976,6524874,6524874,0.0,1.0,tiingo_historical_seed,
2024-11-27,XLI,144.15,144.51,143.14,143.18,140.76962432,141.1211821747,139.7833092276,139.8223712115,5561250,5561250,0.0,1.0,tiingo_historical_seed,
2024-11-29,XLI,143.4,144.26,143.4,143.99,140.0372121227,140.8770447756,140.0372121227,140.6133763845,3091311,3091311,0.0,1.0,tiingo_historical_seed,
2024-12-02,XLI,143.9,144.11,142.74,142.93,140.5254869209,140.7305623361,139.3926893891,139.5782338124,6217462,6217462,0.0,1.0,tiingo_historical_seed,
2024-12-03,XLI,142.98,143.22,141.555,142.03,139.6270612922,139.8614331953,138.2354781173,138.6993391756,4528073,4528073,0.0,1.0,tiingo_historical_seed,
2024-12-04,XLI,142.05,142.66,141.66,142.65,138.7188701675,139.3145654213,138.338015825,139.3047999254,5727725,5727725,0.0,1.0,tiingo_historical_seed,
2024-12-05,XLI,142.65,142.77,140.885,140.92,139.3047999254,139.4219858769,137.5811898877,137.6153691236,5233992,5233992,0.0,1.0,tiingo_historical_seed,
2024-12-06,XLI,141.34,141.6649,140.33,140.56,138.0255199541,138.342800918,137.0392048617,137.2638112689,5432813,5432813,0.0,1.0,tiingo_historical_seed,
2024-12-09,XLI,140.59,140.75,139.265,139.34,137.2931077568,137.4493556922,135.9991795416,136.0724207613,7434370,7434370,0.0,1.0,tiingo_historical_seed,
2024-12-10,XLI,139.17,139.52,138.19,139.0,135.9064073299,136.2481996887,134.9493887255,135.7403938985,7382815,7382815,0.0,1.0,tiingo_historical_seed,
2024-12-11,XLI,139.72,139.93,138.62,138.68,136.4435096079,136.6485850232,135.3693050519,135.4278980277,6168901,6168901,0.0,1.0,tiingo_historical_seed,
2024-12-12,XLI,138.75,138.95,137.7243,137.79,135.4962564994,135.6915664187,134.4946095784,134.5587688869,7081577,7081577,0.0,1.0,tiingo_historical_seed,
2024-12-13,XLI,137.95,138.095,137.29,137.43,134.7150168223,134.8566165138,134.0704940887,134.2072110322,6709920,6709920,0.0,1.0,tiingo_historical_seed,
2024-12-16,XLI,137.58,138.06,137.11,137.55,134.3536934717,134.8224372779,133.8947151614,134.3243969838,6573467,6573467,0.0,1.0,tiingo_historical_seed,
2024-12-17,XLI,136.96,137.27,135.965,136.29,133.7482327219,134.0509630968,132.7765658735,133.0939444923,6861679,6861679,0.0,1.0,tiingo_historical_seed,
2024-12-18,XLI,136.48,136.785,132.35,132.44,133.2794889156,133.5773365425,129.2463390825,129.3342285462,13428143,13428143,0.0,1.0,tiingo_historical_seed,
2024-12-19,XLI,133.08,134.05,132.22,132.27,129.9592202879,130.9064733964,129.119387635,129.1682151148,12507788,12507788,0.0,1.0,tiingo_historical_seed,
2024-12-20,XLI,132.14,134.81,131.81,133.82,129.0412636673,131.6486510897,128.7190023005,130.6818669892,11849876,11849876,0.0,1.0,tiingo_historical_seed,
2024-12-23,XLI,132.99,133.325,132.015,133.12,130.5251088791,130.8538998519,129.5681799284,130.6526994059,8022266,8022266,0.670132,1.0,tiingo_historical_seed,
2024-12-24,XLI,132.98,134.215,132.73,134.16,130.5152942232,131.7274042275,130.2699278256,131.67342362,2972912,2972912,0.0,1.0,tiingo_historical_seed,
2024-12-26,XLI,133.85,134.59,133.51,134.26,131.3691692869,132.0954538239,131.0354709862,131.771570179,4749605,4749605,0.0,1.0,tiingo_historical_seed,
2024-12-27,XLI,133.49,134.26,132.485,133.26,131.0158416744,131.771570179,130.0294687559,130.7901045886,6060009,6060009,0.0,1.0,tiingo_historical_seed,
2024-12-30,XLI,131.81,132.535,130.64,131.92,129.3669794823,130.0785420355,128.2186647415,129.4749406973,8725559,8725559,0.0,1.0,tiingo_historical_seed,
2024-12-31,XLI,132.33,132.53,131.36,131.76,129.8773415894,130.0736347075,128.9253199666,129.3179062028,6010140,6010140,0.0,1.0,tiingo_historical_seed,
2025-01-02,XLI,132.73,132.95,130.71,131.3,130.2699278256,130.4858502555,128.2873673328,128.8664320312,7227799,7227799,0.0,1.0,tiingo_historical_seed,
2025-01-03,XLI,131.76,133.0,131.33,132.72,129.3179062028,130.534923535,128.8958759989,130.2601131697,7676135,7676135,0.0,1.0,tiingo_historical_seed,
2025-01-06,XLI,133.4,133.825,132.185,132.43,130.9275097712,131.3446326472,129.7350290788,129.9754881485,6899931,6899931,0.0,1.0,tiingo_historical_seed,
2025-01-07,XLI,132.73,133.16,131.85,132.3,130.2699278256,130.6919580295,129.406238106,129.8478976217,6841232,6841232,0.0,1.0,tiingo_historical_seed,
2025-01-08,XLI,132.05,132.95,131.245,132.82,129.6025312241,130.4858502555,128.8124514237,130.3582597287,8277709,8277709,0.0,1.0,tiingo_historical_seed,
2025-01-10,XLI,132.13,132.25,131.05,131.33,129.6810484713,129.7988243422,128.6210656336,128.8958759989,9997303,9997303,0.0,1.0,tiingo_historical_seed,
2025-01-13,XLI,130.59,132.95,130.445,132.87,128.169591462,130.4858502555,128.0272789513,130.4073330083,8365618,8365618,0.0,1.0,tiingo_historical_seed,
2025-01-14,XLI,133.81,134.64,133.21,134.44,131.3299106633,132.1445271034,130.741031309,131.9482339853,6746834,6746834,0.0,1.0,tiingo_historical_seed,
2025-01-15,XLI,136.43,136.64,135.045,135.29,133.9013505104,134.1074582844,132.5420206676,132.7824797373,9184173,9184173,0.0,1.0,tiingo_historical_seed,
2025-01-16,XLI,135.66,137.13,135.51,136.93,133.1456220057,134.5883764237,132.9984021672,134.3920833057,6556511,6556511,0.0,1.0,tiingo_historical_seed,
2025-01-17,XLI,137.81,138.265,137.2075,137.75,135.2557730253,135.702339869,134.664440007,135.1968850899,6869566,6869566,0.0,1.0,tiingo_historical_seed,
2025-01-21,XLI,138.96,140.58,138.96,140.58,136.3844584543,137.9744327109,136.3844584543,137.9744327109,12177718,12177718,0.0,1.0,tiingo_historical_seed,
2025-01-22,XLI,141.02,141.17,140.185,140.25,138.4062775708,138.5534974093,137.5867538027,137.6505490661,7206044,7206044,0.0,1.0,tiingo_historical_seed,
2025-01-23,XLI,141.14,141.8965,140.56,141.67,138.5240534416,139.2665321608,137.9548033991,139.0442302046,7353419,7353419,0.0,1.0,tiingo_historical_seed,
2025-01-24,XLI,141.6,141.645,140.79,141.07,138.9755276132,139.0196935648,138.1805404849,138.4553508503,6457675,6457675,0.0,1.0,tiingo_historical_seed,
2025-01-27,XLI,138.93,139.51,138.495,139.18,136.3550144866,136.9242645291,135.9280769548,136.6003808843,10909294,10909294,0.0,1.0,tiingo_historical_seed,
2025-01-28,XLI,139.51,139.63,137.85,138.26,136.9242645291,137.0420404,135.2950316489,135.697432541,8900229,8900229,0.0,1.0,tiingo_historical_seed,
2025-01-29,XLI,138.35,139.23,137.71,137.79,135.7857644441,136.6494541638,135.1576264662,135.2361437135,9101061,9101061,0.0,1.0,tiingo_historical_seed,
2025-01-30,XLI,137.59,139.585,137.59,139.33,135.0398505954,136.9978744484,135.0398505954,136.7476007228,8169865,8169865,0.0,1.0,tiingo_historical_seed,
2025-01-31,XLI,139.29,139.74,138.19,138.35,136.7083420992,137.1500016149,135.6287299497,135.7857644441,10145762,10145762,0.0,1.0,tiingo_historical_seed,
2025-02-03,XLI,135.93,137.97,135.33,136.98,133.4106177152,135.4128075198,132.8217383609,134.4411565852,13906841,13906841,0.0,1.0,tiingo_historical_seed,
2025-02-04,XLI,137.11,137.75,136.72,137.02,134.5687471119,135.1968850899,134.1859755316,134.4804152088,7577294,7577294,0.0,1.0,tiingo_historical_seed,
2025-02-05,XLI,137.5,137.74,136.155,137.12,134.9515186922,135.1870704339,133.631447473,134.5785617678,8179152,8179152,0.0,1.0,tiingo_historical_seed,
2025-02-06,XLI,137.39,137.88,136.79,137.74,134.8435574773,135.3244756166,134.254678123,135.1870704339,7368336,7368336,0.0,1.0,tiingo_historical_seed,
2025-02-07,XLI,138.37,138.545,137.05,137.33,135.805393756,135.9771502343,134.5098591765,134.7846695418,10408865,10408865,0.0,1.0,tiingo_historical_seed,
2025-02-10,XLI,138.22,138.61,137.63,138.56,135.6581739174,136.0409454977,135.079109219,135.9918722181,5446353,5446353,0.0,1.0,tiingo_historical_seed,
2025-02-11,XLI,138.1,138.68,137.7003,138.61,135.5403980465,136.109648089,135.14810625,136.0409454977,5787806,5787806,0.0,1.0,tiingo_historical_seed,
2025-02-12,XLI,136.63,138.24,136.41,137.75,134.0976436285,135.6778032292,133.8817211986,135.1968850899,7694533,7694533,0.0,1.0,tiingo_historical_seed,
2025-02-13,XLI,137.74,138.25,137.31,137.89,135.1870704339,135.6876178851,134.76504023,135.3342902725,8539145,8539145,0.0,1.0,tiingo_historical_seed,
2025-02-14,XLI,138.08,138.25,137.385,137.55,135.5207687347,135.6876178851,134.8386501493,135.0005919718,5800023,5800023,0.0,1.0,tiingo_historical_seed,
2025-02-18,XLI,138.02,138.89,137.88,138.63,135.4618807993,136.315755863,135.3244756166,136.0605748095,7227047,7227047,0.0,1.0,tiingo_historical_seed,
2025-02-19,XLI,138.29,139.08,138.07,138.77,135.7268765087,136.5022343252,135.5109540788,136.1979799922,9454236,9454236,0.0,1.0,tiingo_historical_seed,
2025-02-20,XLI,138.61,138.63,136.8707,137.86,136.0409454977,136.0605748095,134.3338823961,135.3048463048,9306742,9306742,0.0,1.0,tiingo_historical_seed,
2025-02-21,XLI,138.0,138.0,134.31,134.84,135.4422514875,135.4422514875,131.8206434586,132.3408202215,14561321,14561321,0.0,1.0,tiingo_historical_seed,
2025-02-24,XLI,135.36,135.6,134.05,134.23,132.8511823286,133.0867340703,131.565462405,131.7421262113,10876120,10876120,0.0,1.0,tiingo_historical_seed,
2025-02-25,XLI,134.24,135.4,133.49,134.92,131.7519408672,132.8904409522,131.0158416744,132.4193374688,9898767,9898767,0.0,1.0,tiingo_historical_seed,
2025-02-26,XLI,135.61,136.36,134.825,135.0,133.0965487262,133.8326479191,132.3260982377,132.497854716,8330405,8330405,0.0,1.0,tiingo_historical_seed,
2025-02-27,XLI,135.31,136.43,134.35,134.53,132.8021090491,133.9013505104,131.8599020822,132.0365658885,9624632,9624632,0.0,1.0,tiingo_historical_seed,
2025-02-28,XLI,134.9,136.455,134.24,136.33,132.399708157,133.9258871502,131.7519408672,133.8032039514,9887953,9887953,0.0,1.0,tiingo_historical_seed,
2025-03-03,XLI,137.12,137.64,133.6708,134.39,134.5785617678,135.0889238749,131.1932906531,131.8991607058,12682993,12682993,0.0,1.0,tiingo_historical_seed,
2025-03-04,XLI,132.91,134.0,130.79,131.77,130.4465916319,131.5163891255,128.36588458,129.3277208587,15191387,15191387,0.0,1.0,tiingo_historical_seed,
2025-03-05,XLI,132.24,134.4,132.1,133.85,129.7890096863,131.9089753617,129.6516045036,131.3691692869,12117571,12117571,0.0,1.0,tiingo_historical_seed,
2025-03-06,XLI,132.47,133.6,131.74,132.7,130.0147467721,131.1238028893,129.298276891,130.2404838579,12029093,12029093,0.0,1.0,tiingo_historical_seed,
2025-03-07,XLI,131.95,134.6,131.53,134.25,129.504384665,132.1052684798,129.092169117,131.7617555231,17504512,17504512,0.0,1.0,tiingo_historical_seed,
2025-03-10,XLI,132.54,134.08,131.1,132.15,130.0834493634,131.5949063728,128.6701389131,129.7006777831,15063448,15063448,0.0,1.0,tiingo_historical_seed,
2025-03-11,XLI,131.85,132.02,129.42,130.12,129.406238106,129.5730872564,127.0212767211,127.7083026344,13177113,13177113,0.0,1.0,tiingo_historical_seed,
2025-03-12,XLI,131.31,131.49,128.99,130.11,128.8762466871,129.0529104934,126.5992465172,127.6984879785,12728289,12728289,0.0,1.0,tiingo_historical_seed,
2025-03-13,XLI,129.8,130.4,128.265,128.78,127.3942336455,127.9831129998,125.8876839641,126.3931387432,10596970,10596970,0.0,1.0,tiingo_historical_seed,
2025-03-14,XLI,130.01,131.38,129.47,131.13,127.6003414195,128.9449492784,127.0703500006,128.6995828808,8920031,8920031,0.0,1.0,tiingo_historical_seed,
2025-03-17,XLI,130.94,133.55,130.8,132.94,128.5131044186,131.0747296098,128.375699236,130.4760355996,6918327,6918327,0.0,1.0,tiingo_historical_seed,
2025-03-18,XLI,132.38,132.58,131.125,131.88,129.9264148689,130.122707987,128.6946755529,129.4356820737,8051806,8051806,0.0,1.0,tiingo_historical_seed,
2025-03-19,XLI,132.31,134.39,132.15,133.63,129.8577122776,131.8991607058,129.7006777831,131.153246857,8274853,8274853,0.0,1.0,tiingo_historical_seed,
2025-03-20,XLI,132.57,133.94,132.32,132.96,130.1128933311,131.4575011901,129.8675269335,130.4956649114,8078264,8078264,0.0,1.0,tiingo_historical_seed,
2025-03-21,XLI,131.81,132.41,130.98,132.25,129.3669794823,129.9558588366,128.5523630422,129.7988243422,10036541,10036541,0.0,1.0,tiingo_historical_seed,
2025-03-24,XLI,133.43,134.52,133.105,134.29,131.3516511127,132.4246729198,131.031713418,132.1982554743,8446934,8446934,0.404743,1.0,tiingo_historical_seed,
2025-03-25,XLI,134.56,134.935,133.84,134.49,132.4640498668,132.8332087454,131.75526482,132.3951402095,5337191,5337191,0.0,1.0,tiingo_historical_seed,
2025-03-26,XLI,134.7,135.378,133.195,133.6,132.6018691815,133.2693084339,131.1203115488,131.5190031377,6899514,6899514,0.0,1.0,tiingo_historical_seed,
2025-03-27,XLI,133.56,134.015,132.27,132.89,131.4796261906,131.9275389633,130.2097196484,130.8200623276,8413976,8413976,0.0,1.0,tiingo_historical_seed,
2025-03-28,XLI,132.45,132.8,130.08,130.15,130.3869159101,130.7314641967,128.0538317975,128.1227414549,10196911,10196911,0.0,1.0,tiingo_historical_seed,
2025-03-31,XLI,129.14,131.85,128.42,131.07,127.1284735419,129.7962617044,126.4196884951,129.028411237,9650165,9650165,0.0,1.0,tiingo_historical_seed,
2025-04-01,XLI,130.77,132.09,129.65,131.81,128.7330841341,130.0325233867,127.6305296168,129.7568847573,8722274,8722274,0.0,1.0,tiingo_historical_seed,
2025-04-02,XLI,130.31,133.515,130.26,133.05,128.2802492431,131.4353271252,128.2310280592,130.9775701158,6397961,6397961,0.0,1.0,tiingo_historical_seed,
2025-04-03,XLI,128.59,129.71,125.76,125.85,126.58704052,127.6895950373,123.8011215164,123.8897196473,15962474,15962474,0.0,1.0,tiingo_historical_seed,
2025-04-04,XLI,122.25,122.68,117.79,117.94,120.345794413,120.7690965938,115.9552648173,116.1029283687,28516353,28516353,0.0,1.0,tiingo_historical_seed,
2025-04-07,XLI,114.65,121.8,112.75,117.39,112.8641744741,119.9028037588,110.9937694893,115.5614953468,42518250,42518250,0.0,1.0,tiingo_historical_seed,
2025-04-08,XLI,121.04,121.67,114.64,116.42,119.1546417649,119.7748286809,112.8543302373,114.6066043809,21272378,21272378,0.0,1.0,tiingo_historical_seed,
2025-04-09,XLI,115.23,127.55,115.23,126.76,113.4351402063,125.5632398968,113.4351402063,124.7855451926,36610661,36610661,0.0,1.0,tiingo_historical_seed,
2025-04-10,XLI,124.46,124.98,119.91,123.49,122.5213707374,123.033271049,118.0422430108,121.5664797715,26233976,26233976,0.0,1.0,tiingo_historical_seed,
2025-04-11,XLI,123.21,126.32,121.985,125.67,121.2908411422,124.3523987751,120.0849221389,123.7125233856,13750376,13750376,0.0,1.0,tiingo_historical_seed,
2025-04-14,XLI,127.19,127.82,125.92,126.98,125.2088473734,125.8290342894,123.9586293046,125.0021184014,8060912,8060912,0.0,1.0,tiingo_historical_seed,
2025-04-15,XLI,126.77,127.81,126.155,126.35,124.7953894294,125.8191900526,124.1899688685,124.3819314854,6230178,6230178,0.0,1.0,tiingo_historical_seed,
2025-04-16,XLI,125.74,126.43,123.64,124.62,123.7814330429,124.4606853795,121.7141433229,122.6788785256,8043549,8043549,0.0,1.0,tiingo_historical_seed,
2025-04-17,XLI,124.71,126.49,124.67,125.3,122.7674766564,124.5197508,122.7280997094,123.3482866254,7850413,7850413,0.0,1.0,tiingo_historical_seed,
2025-04-21,XLI,124.09,124.35,121.14,122.49,122.1571339772,122.413084133,119.2530841325,120.5820560953,9083486,9083486,0.0,1.0,tiingo_historical_seed,
2025-04-22,XLI,123.49,125.18,123.12,124.63,121.5664797715,123.2301557842,121.2022430113,122.6887227624,7493366,7493366,0.0,1.0,tiingo_historical_seed,
2025-04-23,XLI,128.03,129.13,125.815,126.19,126.0357632614,127.1186293052,123.8552648186,124.2244236972,9718348,9718348,0.0,1.0,tiingo_historical_seed,
2025-04-24,XLI,126.14,129.26,125.755,129.02,124.1752025134,127.2466043831,123.7961993981,127.0103427008,7145451,7145451,0.0,1.0,tiingo_historical_seed,
2025-04-25,XLI,128.71,129.5,128.1,129.01,126.7051713612,127.4828660653,126.1046729187,127.000498464,5826880,5826880,0.0,1.0,tiingo_historical_seed,
2025-04-28,XLI,129.23,130.3,128.22,129.44,127.2170716728,128.2704050063,126.2228037598,127.4238006448,6202243,6202243,0.0,1.0,tiingo_historical_seed,
2025-04-29,XLI,129.05,130.54,128.94,130.28,127.0398754111,128.5066666886,126.9315888067,128.2507165328,5040622,5040622,0.0,1.0,tiingo_historical_seed,
2025-04-30,XLI,129.41,131.59,127.8509,131.22,127.3942679345,129.5403115486,125.859452981,129.1760747884,7532291,7532291,0.0,1.0,tiingo_historical_seed,
2025-05-01,XLI,131.78,133.155,131.25,132.21,129.727352047,131.0809346018,129.2056074987,130.1506542278,9338739,9338739,0.0,1.0,tiingo_historical_seed,
2025-05-02,XLI,133.89,135.11,133.7,134.58,131.8044860038,133.0054828887,131.6174455053,132.4837383403,7227670,7227670,0.0,1.0,tiingo_historical_seed,
2025-05-05,XLI,133.76,135.45,133.67,134.65,131.6765109259,133.3401869386,131.587912795,132.5526479977,4523354,4523354,0.0,1.0,tiingo_historical_seed,
2025-05-06,XLI,133.24,134.23,132.955,133.47,131.1646106143,132.1391900537,130.8840498666,131.3910280598,5404111,5404111,0.0,1.0,tiingo_historical_seed,
2025-05-07,XLI,133.87,134.74,133.42,134.15,131.7847975303,132.6412461285,131.341806876,132.0604361596,5304684,5304684,0.0,1.0,tiingo_historical_seed,
2025-05-08,XLI,135.19,137.35,134.94,136.0,133.0842367828,135.2105919234,132.8381308638,133.8816199605,7914977,7914977,0.0,1.0,tiingo_historical_seed,
2025-05-09,XLI,136.27,136.56,135.2,136.11,134.1474143531,134.4328972192,133.0940810196,133.9899065649,4541551,4541551,0.0,1.0,tiingo_historical_seed,
2025-05-12,XLI,140.31,140.35,138.98,140.3,138.1244860049,138.1638629519,136.8152025155,138.1146417681,8322008,8322008,0.0,1.0,tiingo_historical_seed,
2025-05-13,XLI,140.75,142.175,140.587,141.28,138.5576324224,139.9604361609,138.3971713632,139.0793769708,9795222,9795222,0.0,1.0,tiingo_historical_seed,
2025-05-14,XLI,141.19,141.42,140.2,140.6,138.9907788399,139.2171962854,138.0161994005,138.409968871,6517957,6517957,0.0,1.0,tiingo_historical_seed,
2025-05-15,XLI,141.0,142.375,140.8,142.16,138.8037383414,140.1573208962,138.6068536062,139.9456698058,5761914,5761914,0.0,1.0,tiingo_historical_seed,
2025-05-16,XLI,142.38,143.78,141.91,143.78,140.1622430146,141.5404361612,139.6995638867,141.5404361612,5384176,5384176,0.0,1.0,tiingo_historical_seed,
2025-05-19,XLI,142.39,144.3896,142.39,144.27,140.1720872513,142.1405408342,140.1720872513,142.0228037625,5459238,5459238,0.0,1.0,tiingo_historical_seed,
2025-05-20,XLI,143.69,144.46,143.19,143.75,141.4518380303,142.209844261,140.9596261923,141.5109034509,6825769,6825769,0.0,1.0,tiingo_historical_seed,
2025-05-21,XLI,142.98,143.39,141.11,141.32,140.7528972203,141.1565109275,138.9120249458,139.1187539178,9600479,9600479,0.0,1.0,tiingo_historical_seed,
2025-05-22,XLI,141.06,142.155,140.53,141.29,138.862803762,139.9407476874,138.3410592136,139.0892212075,8993181,8993181,0.0,1.0,tiingo_historical_seed,
2025-05-23,XLI,139.69,141.335,139.63,140.83,137.5141433256,139.1335202729,137.4550779051,138.6363863165,8233228,8233228,0.0,1.0,tiingo_historical_seed,
2025-05-27,XLI,142.49,143.425,141.7,143.31,140.2705296189,141.1909657562,139.4928349147,141.0777570334,11862318,11862318,0.0,1.0,tiingo_historical_seed,
2025-05-28,XLI,143.53,143.79,142.395,142.6,141.2943302422,141.550280398,140.1770093697,140.3788162233,9058310,9058310,0.0,1.0,tiingo_historical_seed,
2025-05-29,XLI,143.19,143.29,141.72,142.73,140.9596261923,141.0580685599,139.5125233883,140.5067913012,12106694,12106694,0.0,1.0,tiingo_historical_seed,
2025-05-30,XLI,142.59,143.315,141.56,142.82,140.3689719865,141.0826791518,139.3550156001,140.5953894321,14254857,14254857,0.0,1.0,tiingo_historical_seed,
2025-06-02,XLI,142.63,142.7,140.84,142.64,140.4083489336,140.4772585909,138.6462305532,140.4181931704,12641358,12641358,0.0,1.0,tiingo_historical_seed,
2025-06-03,XLI,142.61,143.83,142.55,143.74,140.3886604601,141.589657345,140.3295950395,141.5010592142,10896856,10896856,0.0,1.0,tiingo_historical_seed,
2025-06-04,XLI,144.09,144.565,143.805,143.82,141.8456075008,142.313208747,141.5650467531,141.5798131083,7975889,7975889,0.0,1.0,tiingo_historical_seed,
2025-06-05,XLI,144.27,144.345,143.17,143.72,142.0228037625,142.0966355382,140.9399377187,141.4813707406,13814347,13814347,0.0,1.0,tiingo_historical_seed,
2025-06-06,XLI,145.0,145.56,144.465,144.93,142.7414330461,143.2927103048,142.2147663794,142.6725233888,11289254,11289254,0.0,1.0,tiingo_historical_seed,
2025-06-09,XLI,145.31,145.52,144.515,144.8,143.0466043858,143.2533333578,142.2639875632,142.5445483109,9162862,9162862,0.0,1.0,tiingo_historical_seed,
2025-06-10,XLI,145.08,145.08,143.4134,144.17,142.8201869402,142.8201869402,141.1795464415,141.9243613949,15625648,15625648,0.0,1.0,tiingo_historical_seed,
2025-06-11,XLI,144.3,144.685,142.84,144.24,142.0523364728,142.4313395881,140.6150779056,141.9932710522,15837337,15837337,0.0,1.0,tiingo_historical_seed,
2025-06-12,XLI,143.12,143.98,142.955,143.86,140.8907165349,141.7373208964,140.7282866284,141.6191900553,13097397,13097397,0.0,1.0,tiingo_historical_seed,
2025-06-13,XLI,142.84,143.915,142.22,142.65,140.6150779056,141.6733333575,140.0047352264,140.4280374071,14060516,14060516,0.0,1.0,tiingo_historical_seed,
2025-06-16,XLI,143.5,144.53,143.33,143.63,141.2647975319,142.2787539183,141.0974455069,141.3927726098,13711235,13711235,0.0,1.0,tiingo_historical_seed,
2025-06-17,XLI,143.1,143.58,142.35,142.55,140.8710280614,141.343551426,140.1327103043,140.3295950395,12654492,12654492,0.0,1.0,tiingo_historical_seed,
2025-06-18,XLI,142.69,143.66,142.115,142.21,140.4674143542,141.4223053201,139.9013707404,139.9948909896,14008947,14008947,0.0,1.0,tiingo_historical_seed,
2025-06-20,XLI,143.08,143.415,141.89,142.37,140.8513395879,141.1811215194,139.6798754132,140.1523987778,13985281,13985281,0.0,1.0,tiingo_historical_seed,
2025-06-23,XLI,142.2,143.94,141.28,143.86,140.405090442,142.1231274136,139.4967030776,142.044137208,15902375,15902375,0.431671,1.0,tiingo_historical_seed,
2025-06-24,XLI,144.63,145.3,143.82,145.06,142.8044179369,143.4659609087,142.0046421052,143.2289902919,11518370,11518370,0.0,1.0,tiingo_historical_seed,
2025-06-25,XLI,145.16,145.235,143.46,143.78,143.3277280489,143.4017813667,141.6491861801,141.9651470024,9751624,9751624,0.0,1.0,tiingo_historical_seed,
2025-06-26,XLI,144.41,145.51,144.1,145.34,142.5871948715,143.6733101984,142.2811078248,143.5054560115,9728657,9728657,0.0,1.0,tiingo_historical_seed,
2025-06-27,XLI,145.76,147.43,145.425,146.79,143.9201545909,145.5690751326,143.5893831049,144.9371534879,13380945,13380945,0.0,1.0,tiingo_historical_seed,
2025-06-30,XLI,147.06,147.725,146.5802,147.52,145.2037454317,145.8603515157,144.7300016737,145.6579391139,10914699,10914699,0.0,1.0,tiingo_historical_seed,
2025-07-01,XLI,147.16,148.36,146.91,148.01,145.3024831887,146.4873362726,145.0556387963,146.1417541232,13189145,13189145,0.0,1.0,tiingo_historical_seed,
2025-07-02,XLI,147.79,148.16,147.3,148.16,145.9245310578,146.2898607587,145.4407160485,146.2898607587,11061850,11061850,0.0,1.0,tiingo_historical_seed,
2025-07-03,XLI,148.67,149.5378,148.55,149.42,146.7934233193,147.6502695745,146.6749380109,147.5339564967,4864902,4864902,0.0,1.0,tiingo_historical_seed,
2025-07-07,XLI,149.395,149.82,147.87,148.9,147.5092720575,147.9289075247,146.0035212634,147.0205201604,10687731,10687731,0.0,1.0,tiingo_historical_seed,
2025-07-08,XLI,148.91,149.31,148.14,148.86,147.0303939361,147.4253449641,146.2701132073,146.9810250576,10845500,10845500,0.0,1.0,tiingo_historical_seed,
2025-07-09,XLI,149.87,150.04,148.895,149.9,147.9782764032,148.1461305901,147.0155832725,148.0078977303,10173626,10173626,0.0,1.0,tiingo_historical_seed,
2025-07-10,XLI,150.07,151.255,150.01,150.74,148.1757519172,149.3457943375,148.116509263,148.837294889,12386050,12386050,0.0,1.0,tiingo_historical_seed,
2025-07-11,XLI,149.99,150.6101,149.62,150.2,148.0967617116,148.7090345427,147.7314320107,148.3041110013,7065296,7065296,0.0,1.0,tiingo_historical_seed,
2025-07-14,XLI,150.19,151.14,149.9,151.01,148.2942372256,149.232245917,148.0078977303,149.1038868329,9070028,9070028,0.0,1.0,tiingo_historical_seed,
2025-07-15,XLI,151.48,151.48,149.86,149.88,149.5679542908,149.5679542908,147.9684026275,147.9881501789,10278663,10278663,0.0,1.0,tiingo_historical_seed,
2025-07-16,XLI,150.3,150.5151,148.39,150.41,148.4028487583,148.6152336736,146.5169575997,148.511460291,9998324,9998324,0.0,1.0,tiingo_historical_seed,
2025-07-17,XLI,150.98,151.98,150.81,151.8,149.0742655058,150.0616430757,148.9064113189,149.8839151131,13374380,13374380,0.0,1.0,tiingo_historical_seed,
2025-07-18,XLI,152.27,152.475,150.785,151.46,150.347982571,150.5503949728,148.8817268797,149.5482067394,10201927,10201927,0.0,1.0,tiingo_historical_seed,
2025-07-21,XLI,151.93,152.04,150.595,150.66,150.0122741972,150.1208857299,148.6941251414,148.7583046834,10089287,10089287,0.0,1.0,tiingo_historical_seed,
2025-07-22,XLI,150.13,151.32,149.705,151.02,148.2349945714,149.4099738796,147.8153591042,149.1137606086,15053947,15053947,0.0,1.0,tiingo_historical_seed,
2025-07-23,XLI,152.28,153.81,152.04,153.73,150.3578563467,151.8685440287,150.1208857299,151.7895538231,14747528,14747528,0.0,1.0,tiingo_historical_seed,
2025-07-24,XLI,153.57,154.585,153.05,153.47,151.6315734119,152.6337616454,151.1181370755,151.5328356549,11695649,11695649,0.0,1.0,tiingo_historical_seed,
2025-07-25,XLI,153.94,155.06,153.36,154.99,151.9969031128,153.1027659911,151.4242241222,153.0336495612,9376677,9376677,0.0,1.0,tiingo_historical_seed,
2025-07-28,XLI,155.07,155.15,154.07,154.51,153.1126397668,153.1916299724,152.1252621969,152.5597083276,9214824,9214824,0.0,1.0,tiingo_historical_seed,
2025-07-29,XLI,154.55,154.6,152.24,152.75,152.5992034304,152.6485723089,150.3183612439,150.8219238046,13546495,13546495,0.0,1.0,tiingo_historical_seed,
2025-07-30,XLI,152.54,152.84,151.29,152.0,150.6145745149,150.9107877859,149.3803525525,150.0813906271,13795687,13795687,0.0,1.0,tiingo_historical_seed,
2025-07-31,XLI,151.51,153.065,151.51,152.01,149.5975756179,151.1329477391,149.5975756179,150.0912644028,16520525,16520525,0.0,1.0,tiingo_historical_seed,
2025-08-01,XLI,149.95,150.345,148.13,149.74,148.0572666088,148.4472807489,146.2602394316,147.8499173191,19191996,19191996,0.0,1.0,tiingo_historical_seed,
2025-08-04,XLI,150.26,151.265,150.12,151.12,148.3633536555,149.3556681132,148.2251207957,149.2124983656,11355636,11355636,0.0,1.0,tiingo_historical_seed,
2025-08-05,XLI,150.89,151.6,149.78,150.81,148.9854015245,149.6864395992,147.8894124219,148.9064113189,12724813,12724813,0.0,1.0,tiingo_historical_seed,
2025-08-06,XLI,150.95,151.25,149.81,150.93,149.0446441787,149.3408574497,147.919033749,149.0248966273,10736769,10736769,0.0,1.0,tiingo_historical_seed,
2025-08-07,XLI,151.78,151.84,149.79,150.71,149.8641675617,149.9234102159,147.8992861976,148.8076735619,11095074,11095074,0.0,1.0,tiingo_historical_seed,
2025-08-08,XLI,151.15,151.79,150.44,150.83,149.2421196927,149.8740413374,148.5410816181,148.9261588703,9124955,9124955,0.0,1.0,tiingo_historical_seed,
2025-08-11,XLI,150.85,150.94,149.975,150.34,148.9459064217,149.034770403,148.0819510481,148.4423438611,9643517,9643517,0.0,1.0,tiingo_historical_seed,
2025-08-12,XLI,150.97,151.955,150.68,151.9,149.0643917301,150.0369586365,148.7780522348,149.9826528701,9518325,9518325,0.0,1.0,tiingo_historical_seed,
2025-08-13,XLI,152.33,152.565,150.74,152.48,150.4072252252,150.6392589541,148.837294889,150.5553318607,12787183,12787183,0.0,1.0,tiingo_historical_seed,
2025-08-14,XLI,151.45,151.895,150.845,151.13,149.5383329637,149.9777159823,148.9409695339,149.2223721413,9516399,9516399,0.0,1.0,tiingo_historical_seed,
2025-08-15,XLI,150.98,151.26,150.33,150.44,149.0742655058,149.3507312254,148.4324700854,148.5410816181,8795989,8795989,0.0,1.0,tiingo_historical_seed,
2025-08-18,XLI,150.45,151.19,150.3,151.03,148.5509553938,149.2816147955,148.4028487583,149.1236343843,7342153,7342153,0.0,1.0,tiingo_historical_seed,
2025-08-19,XLI,151.2,152.3,150.75,151.36,149.2914885712,150.3776038981,148.8471686647,149.4494689824,9035363,9035363,0.0,1.0,tiingo_historical_seed,
2025-08-20,XLI,151.2,151.575,150.27,151.22,149.2914885712,149.6617551599,148.3732274312,149.3112361226,9549574,9549574,0.0,1.0,tiingo_historical_seed,
2025-08-21,XLI,151.0,151.385,150.42,150.68,149.0940130572,149.4741534216,148.5213340667,148.7780522348,7679830,7679830,0.0,1.0,tiingo_historical_seed,
2025-08-22,XLI,151.5,154.195,151.45,153.14,149.5877018422,152.2486843931,149.5383329637,151.2070010568,9299106,9299106,0.0,1.0,tiingo_historical_seed,
2025-08-25,XLI,152.88,153.385,151.585,151.61,150.9502828887,151.4489085615,149.6716289356,149.6963133749,6869066,6869066,0.0,1.0,tiingo_historical_seed,
2025-08-26,XLI,151.67,153.32,151.61,153.17,149.7555560291,151.3847290194,149.6963133749,151.2366223839,6927530,6927530,0.0,1.0,tiingo_historical_seed,
2025-08-27,XLI,153.1,153.395,152.85,153.15,151.167505954,151.4587823372,150.9206615616,151.2168748325,5876411,5876411,0.0,1.0,tiingo_historical_seed,
2025-08-28,XLI,153.65,153.75,152.84,153.42,151.7105636175,151.8093013745,150.9107877859,151.4834667764,7166861,7166861,0.0,1.0,tiingo_historical_seed,
2025-08-29,XLI,153.19,153.31,151.41,152.01,151.2563699353,151.3748552437,149.4988378609,150.0912644028,8806439,8806439,0.0,1.0,tiingo_historical_seed,
2025-09-02,XLI,150.42,150.72,149.61,150.56,148.5213340667,148.8175473376,147.721558235,148.6595669265,9798684,9798684,0.0,1.0,tiingo_historical_seed,
2025-09-03,XLI,150.52,150.62,149.1,149.8,148.6200718237,148.7188095806,147.2179956744,147.9091599733,11496248,11496248,0.0,1.0,tiingo_historical_seed,
2025-09-04,XLI,150.08,151.52,149.68,151.49,148.1856256929,149.6074493936,147.7906746649,149.5778280665,10148910,10148910,0.0,1.0,tiingo_historical_seed,
2025-09-05,XLI,151.75,152.08,149.4,150.93,149.8345462347,150.1603808327,147.5142089453,149.0248966273,16780980,16780980,0.0,1.0,tiingo_historical_seed,
2025-09-08,XLI,151.13,151.535,150.11,151.27,149.2223721413,149.6222600571,148.21524702,149.3606050011,11647484,11647484,0.0,1.0,tiingo_historical_seed,
2025-09-09,XLI,151.0,151.01,149.325,150.25,149.0940130572,149.1038868329,147.4401556276,148.3534798798,12179379,12179379,0.0,1.0,tiingo_historical_seed,
2025-09-10,XLI,150.5,151.84,150.47,151.36,148.6003242723,149.9234102159,148.5707029452,149.4494689824,16515040,16515040,0.0,1.0,tiingo_historical_seed,
2025-09-11,XLI,151.44,153.27,151.22,152.8,149.528459188,151.3353601409,149.3112361226,150.8712926831,17820576,17820576,0.0,1.0,tiingo_historical_seed,
2025-09-12,XLI,152.48,152.84,151.485,151.58,150.5553318607,150.9107877859,149.5728911786,149.6666920478,8907506,8907506,0.0,1.0,tiingo_historical_seed,
2025-09-15,XLI,151.93,152.68,151.7,152.28,150.0122741972,150.7528073747,149.7851773562,150.3578563467,9412942,9412942,0.0,1.0,tiingo_historical_seed,
2025-09-16,XLI,152.51,152.68,151.34,151.83,150.5849531878,150.7528073747,149.429721431,149.9135364402,10336393,10336393,0.0,1.0,tiingo_historical_seed,
2025-09-17,XLI,151.89,152.7,150.15,151.14,149.9727790944,150.7725549261,148.2547421228,149.232245917,12549537,12549537,0.0,1.0,tiingo_historical_seed,
2025-09-18,XLI,151.51,153.105,151.185,152.75,149.5975756179,151.1724428419,149.2766779076,150.8219238046,13071962,13071962,0.0,1.0,tiingo_historical_seed,
2025-09-19,XLI,153.25,153.455,151.905,153.12,151.3156125895,151.5180249914,149.987589758,151.1872535054,8778274,8778274,0.0,1.0,tiingo_historical_seed,
2025-09-22,XLI,152.0,153.235,151.685,153.0,150.699202143,151.9236331604,150.3868978754,151.6906442624,5688612,5688612,0.629826,1.0,tiingo_historical_seed,
2025-09-23,XLI,153.35,154.26,152.43,153.04,152.0376490042,152.9398613328,151.1255222544,151.7303019472,8589315,8589315,0.0,1.0,tiingo_historical_seed,
2025-09-24,XLI,153.37,153.7,152.215,152.25,152.0574778466,152.3846537459,150.9123621987,150.9470626729,5938429,5938429,0.0,1.0,tiingo_historical_seed,
2025-09-25,XLI,151.74,151.77,150.615,151.22,150.441427192,150.4711704556,149.3260548077,149.9258772899,7145773,7145773,0.0,1.0,tiingo_historical_seed,
2025-09-26,XLI,152.06,153.21,152.02,152.58,150.7586886702,151.8988471075,150.7190309854,151.2742385723,6958954,6958954,0.0,1.0,tiingo_historical_seed,
2025-09-29,XLI,153.77,153.92,152.53,153.05,152.4540546943,152.6027710122,151.2246664663,151.7402163684,7177672,7177672,0.0,1.0,tiingo_historical_seed,
2025-09-30,XLI,152.87,154.38,152.84,154.23,151.5617567869,153.0588343871,151.5320135233,152.9101180692,8211339,8211339,0.0,1.0,tiingo_historical_seed,
2025-10-01,XLI,153.48,154.11,153.11,153.8,152.1665364797,152.7911450149,151.7997028955,152.4837979579,8753542,8753542,0.0,1.0,tiingo_historical_seed,
2025-10-02,XLI,153.96,154.8,153.28,154.2,152.642428697,153.4752400772,151.9682480558,152.8803748056,8495439,8495439,0.0,1.0,tiingo_historical_seed,
2025-10-03,XLI,154.41,155.41,153.94,154.41,153.0885776507,154.0800197701,152.6225998546,153.0885776507,7430003,7430003,0.0,1.0,tiingo_historical_seed,
2025-10-06,XLI,154.91,155.435,154.17,155.13,153.5842987104,154.104805823,152.850631542,153.8024159766,6861252,6861252,0.0,1.0,tiingo_historical_seed,
2025-10-07,XLI,155.36,155.77,153.9,154.25,154.0304476641,154.436938933,152.5829421698,152.9299469116,11204266,11204266,0.0,1.0,tiingo_historical_seed,
2025-10-08,XLI,154.64,155.82,153.955,155.59,153.3166093381,154.486511039,152.6374714864,154.2584793515,9686222,9686222,0.0,1.0,tiingo_historical_seed,
2025-10-09,XLI,155.75,155.94,153.075,153.29,154.4171100906,154.6054840933,151.7650024213,151.978162477,9751329,9751329,0.0,1.0,tiingo_historical_seed,
2025-10-10,XLI,153.7,154.2,149.89,149.9,152.3846537459,152.8803748056,148.6072592712,148.6171736924,24285287,24285287,0.0,1.0,tiingo_historical_seed,
2025-10-13,XLI,151.0,152.04,150.685,151.46,149.7077600237,150.7388598278,149.3954557561,150.1638233986,11014233,11014233,0.0,1.0,tiingo_historical_seed,
2025-10-14,XLI,150.08,153.93,149.98,153.24,148.7956332739,152.6126854334,148.6964890619,151.928590371,11015888,11015888,0.0,1.0,tiingo_historical_seed,
2025-10-15,XLI,153.79,154.65,151.26,152.6,152.4738835367,153.3265237593,149.9655349747,151.2940674146,10338455,10338455,0.0,1.0,tiingo_historical_seed,
2025-10-16,XLI,153.05,153.31,150.84,151.6,151.7402163684,151.9979913194,149.5491292846,150.3026252953,13796416,13796416,0.0,1.0,tiingo_historical_seed,
2025-10-17,XLI,151.44,152.35,150.99,151.73,150.1439945562,151.0462068848,149.6978456025,150.4315127708,10806290,10806290,0.0,1.0,tiingo_historical_seed,
2025-10-20,XLI,152.54,153.845,152.48,153.52,151.2345808875,152.5284128533,151.1750943603,152.2061941645,8192702,8192702,0.0,1.0,tiingo_historical_seed,
2025-10-21,XLI,153.82,155.645,153.72,154.88,152.5036268003,154.3130086681,152.4044825883,153.5545554468,11589351,11589351,0.0,1.0,tiingo_historical_seed,
2025-10-22,XLI,155.22,155.46,152.41,152.87,153.8916457674,154.129591876,151.105693412,151.5617567869,13612303,13612303,0.0,1.0,tiingo_historical_seed,
2025-10-23,XLI,153.2,155.01,153.2,154.78,151.8889326863,153.6834429223,151.8889326863,153.4554112349,8035349,8035349,0.0,1.0,tiingo_historical_seed,
2025-10-24,XLI,156.0,156.035,154.84,154.91,154.6649706205,154.6996710947,153.514897762,153.5842987104,7502416,7502416,0.0,1.0,tiingo_historical_seed,
2025-10-27,XLI,155.97,156.05,155.091,155.79,154.6352273569,154.7145427264,153.763749734,154.4567677754,5828897,5828897,0.0,1.0,tiingo_historical_seed,
2025-10-28,XLI,155.9,156.285,154.66,154.68,154.5658264085,154.9475316245,153.3364381805,153.3562670229,9022194,9022194,0.0,1.0,tiingo_historical_seed,
2025-10-29,XLI,154.8,156.27,154.35,155.08,153.4752400772,154.9326599927,153.0290911235,153.7528438707,16439601,16439601,0.0,1.0,tiingo_historical_seed,
2025-10-30,XLI,154.49,156.985,154.31,154.69,153.1678930202,155.6415411081,152.9894334388,153.3661814441,11840006,11840006,0.0,1.0,tiingo_historical_seed,
2025-10-31,XLI,154.5,155.63,154.285,155.06,153.1778074414,154.2981370363,152.9646473858,153.7330150283,10414852,10414852,0.0,1.0,tiingo_historical_seed,
2025-11-03,XLI,155.05,155.05,153.25,154.4,153.7231006071,153.7231006071,151.9385047922,153.0786632295,9797584,9797584,0.0,1.0,tiingo_historical_seed,
2025-11-04,XLI,152.76,152.995,151.805,152.61,151.4526981537,151.6856870518,150.5058709298,151.3039818358,13391611,13391611,0.0,1.0,tiingo_historical_seed,
2025-11-05,XLI,152.21,154.04,152.03,153.2,150.9074049881,152.7217440665,150.7289454066,151.8889326863,11098432,11098432,0.0,1.0,tiingo_historical_seed,
2025-11-06,XLI,153.25,153.765,152.21,152.59,151.9385047922,152.4490974837,150.9074049881,151.2841529935,11735403,11735403,0.0,1.0,tiingo_historical_seed,
2025-11-07,XLI,152.03,153.55,151.14,153.33,150.7289454066,152.235937428,149.8465619204,152.0178201618,13518696,13518696,0.0,1.0,tiingo_historical_seed,
2025-11-10,XLI,154.0,154.625,152.525,154.2,152.6820863818,153.3017377064,151.2197092557,152.8803748056,10900426,10900426,0.0,1.0,tiingo_historical_seed,
2025-11-11,XLI,154.21,154.685,153.35,154.24,152.8902892268,153.3612242335,152.0376490042,152.9200324904,8652451,8652451,0.0,1.0,tiingo_historical_seed,
2025-11-12,XLI,154.52,155.535,154.29,154.39,153.1976362838,154.203950035,152.9696045964,153.0687488083,9583286,9583286,0.0,1.0,tiingo_historical_seed,
2025-11-13,XLI,154.32,154.83,151.68,152.0,152.99934786,153.5049833408,150.3819406648,150.699202143,15475429,15475429,0.0,1.0,tiingo_historical_seed,
2025-11-14,XLI,151.15,152.88,150.79,152.01,149.8564763416,151.5716712081,149.4995571786,150.7091165642,13433124,13433124,0.0,1.0,tiingo_historical_seed,
2025-11-17,XLI,152.01,152.29,149.88,150.52,150.7091165642,150.9867203576,148.59734485,149.2318678064,15294114,15294114,0.0,1.0,tiingo_historical_seed,
2025-11-18,XLI,149.86,150.76,149.095,149.85,148.5775160076,149.469813915,147.8190627863,148.5676015864,19820317,19820317,0.0,1.0,tiingo_historical_seed,
2025-11-19,XLI,150.0,150.86,149.6,150.35,148.7163179043,149.568958127,148.3197410566,149.0633226461,12575703,12575703,0.0,1.0,tiingo_historical_seed,
2025-11-20,XLI,152.35,152.72,147.72,147.83,151.0462068848,151.413040469,146.4558298722,146.5648885053,27790848,27790848,0.0,1.0,tiingo_historical_seed,
2025-11-21,XLI,148.48,150.29,147.135,149.63,147.2093258829,149.0038361189,145.8758362323,148.3494843201,20982881,20982881,0.0,1.0,tiingo_historical_seed,
2025-11-24,XLI,149.82,150.6065,148.93,150.0,148.5378583228,149.3176275497,147.6554748366,148.7163179043,12658971,12658971,0.0,1.0,tiingo_historical_seed,
2025-11-25,XLI,150.36,152.175,149.31,151.92,149.0732370673,150.8727045139,148.0322228419,150.6198867735,13636100,13636100,0.0,1.0,tiingo_historical_seed,
2025-11-26,XLI,152.03,153.57,151.9,152.8,150.7289454066,152.2557662704,150.6000579311,151.4923558385,10206178,10206178,0.0,1.0,tiingo_historical_seed,
2025-11-28,XLI,153.06,153.86,152.77,153.69,151.7501307896,152.543284485,151.4626125749,152.3747393248,3507601,3507601,0.0,1.0,tiingo_historical_seed,
2025-12-01,XLI,152.54,153.005,151.365,151.44,151.2345808875,151.695601473,150.0696363972,150.1439945562,10704609,10704609,0.0,1.0,tiingo_historical_seed,
2025-12-02,XLI,152.24,153.21,151.685,152.76,150.9371482517,151.8988471075,150.3868978754,151.4526981537,9712465,9712465,0.0,1.0,tiingo_historical_seed,
2025-12-03,XLI,152.94,154.25,152.55,154.21,151.6311577352,152.9299469116,151.2444953087,152.8902892268,9128940,9128940,0.0,1.0,tiingo_historical_seed,
2025-12-04,XLI,154.29,155.47,154.105,155.01,152.9696045964,154.1395062972,152.7861878043,153.6834429223,9249455,9249455,0.0,1.0,tiingo_historical_seed,
2025-12-05,XLI,155.03,155.325,154.11,154.58,153.7032717647,153.9957471899,152.7911450149,153.257122811,8228822,8228822,0.0,1.0,tiingo_historical_seed,
2025-12-08,XLI,154.77,155.01,154.02,154.39,153.4454968137,153.6834429223,152.7019152241,153.0687488083,6647827,6647827,0.0,1.0,tiingo_historical_seed,
2025-12-09,XLI,154.0,155.02,153.19,153.26,152.6820863818,153.6933573435,151.8790182651,151.9484192134,7327714,7327714,0.0,1.0,tiingo_historical_seed,
2025-12-10,XLI,154.08,156.715,153.84,156.06,152.7614017513,155.3738517358,152.5234556427,154.7244571476,13463324,13463324,0.0,1.0,tiingo_historical_seed,
2025-12-11,XLI,155.9,157.88,155.76,157.73,154.5658264085,156.5288818049,154.4270245118,156.380165487,9999316,9999316,0.0,1.0,tiingo_historical_seed,
2025-12-12,XLI,158.22,158.46,156.26,156.74,156.8659721255,157.1039182341,154.9227455715,155.3986377888,12062922,12062922,0.0,1.0,tiingo_historical_seed,
2025-12-15,XLI,157.58,157.74,156.61,156.99,156.2314491691,156.3900799082,155.2697503133,155.6464983186,10889494,10889494,0.0,1.0,tiingo_historical_seed,
2025-12-16,XLI,156.85,157.29,155.41,156.06,155.5076964219,155.9439309545,154.0800197701,154.7244571476,10277870,10277870,0.0,1.0,tiingo_historical_seed,
2025-12-17,XLI,155.77,156.45,153.365,153.53,154.436938933,155.1111195742,152.052520636,152.2161085857,11612541,11612541,0.0,1.0,tiingo_historical_seed,
2025-12-18,XLI,154.89,155.775,154.06,154.53,153.564469868,154.4418961436,152.7415729089,153.207550705,10021221,10021221,0.0,1.0,tiingo_historical_seed,
2025-12-19,XLI,154.69,156.115,154.59,155.86,153.3661814441,154.7789864642,153.2670372322,154.5261687238,6958125,6958125,0.0,1.0,tiingo_historical_seed,
2025-12-22,XLI,156.07,157.1771,155.71,157.05,155.2581353472,156.3594762945,154.9000080407,156.2330374593,5369044,5369044,0.531602,1.0,tiingo_historical_seed,
2025-12-23,XLI,157.02,157.37,156.675,156.99,156.2031935171,156.5513728429,155.8599881817,156.1733495749,5044584,5044584,0.0,1.0,tiingo_historical_seed,
2025-12-24,XLI,156.99,157.69,156.8,157.5,156.1733495749,156.8697082265,155.9843379409,156.6806965925,2238514,2238514,0.0,1.0,tiingo_historical_seed,
2025-12-26,XLI,157.36,157.42,156.785,157.21,156.5414248622,156.6011127466,155.9694159698,156.3922051511,4155285,4155285,0.0,1.0,tiingo_historical_seed,
2025-12-29,XLI,156.91,157.57,156.53,156.87,156.093765729,156.7503324576,155.7157424611,156.0539738061,4455430,4455430,0.0,1.0,tiingo_historical_seed,
2025-12-30,XLI,156.89,157.07,156.385,156.42,156.0738697676,156.2529334208,155.5714967404,155.606314673,3810543,3810543,0.0,1.0,tiingo_historical_seed,
2025-12-31,XLI,156.49,156.5598,155.06,155.12,155.6759505381,155.7453874437,154.2533892929,154.3130771773,3691791,3691791,0.0,1.0,tiingo_historical_seed,
2026-01-02,XLI,155.62,158.005,154.98,157.98,154.8104762141,157.1830696196,154.173805447,157.1581996678,10122861,10122861,0.0,1.0,tiingo_historical_seed,
2026-01-05,XLI,158.3,160.57,158.3,159.85,157.4765350514,159.7347266784,157.4765350514,159.0184720654,16194215,16194215,0.0,1.0,tiingo_historical_seed,
2026-01-06,XLI,159.44,162.16,159.18,162.02,158.6106048553,161.3164556155,158.3519573561,161.1771838852,12757217,12757217,0.0,1.0,tiingo_historical_seed,
2026-01-07,XLI,162.49,162.6,158.865,158.97,161.6447389797,161.7541667678,158.0385959629,158.1430497607,12333000,12333000,0.0,1.0,tiingo_historical_seed,
2026-01-08,XLI,160.02,161.36,159.76,160.17,159.1875877379,160.5206171566,158.9289402388,159.336807449,11555358,11555358,0.0,1.0,tiingo_historical_seed,
2026-01-09,XLI,160.63,162.215,160.63,161.93,159.7944145628,161.3711695095,159.7944145628,161.0876520585,9439632,9439632,0.0,1.0,tiingo_historical_seed,
2026-01-12,XLI,161.63,163.25,161.37,163.17,160.7892126364,162.4007855157,160.5305651373,162.3212016698,7420804,7420804,0.0,1.0,tiingo_historical_seed,
2026-01-13,XLI,163.88,164.54,163.42,164.01,163.0275083021,163.6840750306,162.5699011882,163.1568320516,9580524,9580524,0.0,1.0,tiingo_historical_seed,
2026-01-14,XLI,163.78,164.3,162.81,164.27,162.9280284947,163.445323493,161.9630743633,163.4154795508,10727243,10727243,0.0,1.0,tiingo_historical_seed,
2026-01-15,XLI,165.07,166.045,164.99,165.78,164.2113180096,165.1812461314,164.1317341638,164.9176246419,9197398,9197398,0.0,1.0,tiingo_historical_seed,
2026-01-16,XLI,166.4,167.2,166.12,166.9,165.5343994475,166.3302379064,165.2558559869,166.0317984843,13483103,13483103,0.0,1.0,tiingo_historical_seed,
2026-01-20,XLI,164.76,165.71,163.18,163.53,163.9029306068,164.8479887767,162.3311496505,162.6793289763,14149673,14149673,0.0,1.0,tiingo_historical_seed,
2026-01-21,XLI,164.38,167.01,164.17,166.36,163.5249073389,166.1412262724,163.3159997434,165.4946075246,14068572,14068572,0.0,1.0,tiingo_historical_seed,
2026-01-22,XLI,166.56,167.01,165.19,165.5,165.6935671393,166.1412262724,164.3306937785,164.6390811813,9937631,9937631,0.0,1.0,tiingo_historical_seed,
2026-01-23,XLI,165.5,165.815,163.71,164.22,164.6390811813,164.9524425745,162.8583926295,163.3657396471,11673764,11673764,0.0,1.0,tiingo_historical_seed,
2026-01-26,XLI,164.22,164.67,163.85,164.38,163.3657396471,163.8133987802,162.9976643598,163.5249073389,8231540,8231540,0.0,1.0,tiingo_historical_seed,
2026-01-27,XLI,164.66,165.38,163.71,165.06,163.8034507995,164.5197054125,162.8583926295,164.2013700289,9414274,9414274,0.0,1.0,tiingo_historical_seed,
2026-01-28,XLI,164.42,165.28,163.52,164.14,163.5646992618,164.4202256051,162.6693809956,163.2861558012,10144860,10144860,0.0,1.0,tiingo_historical_seed,
2026-01-29,XLI,165.245,166.91,164.05,165.86,164.3854076725,166.0417464651,163.1966239746,164.9972084878,16332576,16332576,0.0,1.0,tiingo_historical_seed,
2026-01-30,XLI,164.66,166.31,163.73,165.44,163.8034507995,165.4448676209,162.878288591,164.5793932969,11612496,11612496,0.0,1.0,tiingo_historical_seed,
2026-02-02,XLI,165.22,167.6203,165.055,167.53,164.3605377207,166.7483515368,164.1963960385,166.6585212707,11466587,11466587,0.0,1.0,tiingo_historical_seed,
2026-02-03,XLI,167.53,169.8,166.92,168.94,166.6585212707,168.9167128978,166.0516944458,168.0611865545,16436529,16436529,0.0,1.0,tiingo_historical_seed,
2026-02-04,XLI,169.98,170.77,167.845,169.39,169.095776551,169.8816670292,166.9718826639,168.5088456876,21338399,21338399,0.0,1.0,tiingo_historical_seed,
2026-02-05,XLI,168.25,169.32,167.45,168.37,167.3747758837,168.4392098225,166.5789374248,167.4941516525,18699265,18699265,0.0,1.0,tiingo_historical_seed,
2026-02-06,XLI,169.89,173.39,169.805,173.18,169.0062447244,172.488037982,168.9216868882,172.2791303866,11992055,11992055,0.0,1.0,tiingo_historical_seed,
2026-02-09,XLI,172.81,174.125,172.64,173.7,171.9110550993,173.2192145661,171.7419394268,172.7964253848,9472644,9472644,0.0,1.0,tiingo_historical_seed,
2026-02-10,XLI,173.71,174.845,173.43,173.91,172.8063733656,173.9354691791,172.527829905,173.0053329803,8820220,8820220,0.0,1.0,tiingo_historical_seed,
2026-02-11,XLI,175.42,176.75,174.08,174.84,174.5074780714,175.8305595093,173.1744486528,173.9304951887,12551881,12551881,0.0,1.0,tiingo_historical_seed,
2026-02-12,XLI,175.78,177.76,172.45,172.75,174.8656053779,176.8353055637,171.5529277928,171.8513672149,18156993,18156993,0.0,1.0,tiingo_historical_seed,
2026-02-13,XLI,173.1,175.31,172.64,174.17,172.1995465407,174.3980502833,171.7419394268,173.2639804794,13617879,13617879,0.0,1.0,tiingo_historical_seed,
2026-02-17,XLI,173.92,175.97,173.4,175.08,173.015280961,175.0546170119,172.4979859628,174.1692467264,13810820,13810820,0.0,1.0,tiingo_historical_seed,
2026-02-18,XLI,175.38,175.995,174.375,175.04,174.4676861485,175.0794869638,173.4679140845,174.1294548035,10623810,10623810,0.0,1.0,tiingo_historical_seed,
2026-02-19,XLI,175.06,176.94,174.75,176.34,174.1493507649,176.0195711433,173.8409633621,175.4226922991,13431103,13431103,0.0,1.0,tiingo_historical_seed,
2026-02-20,XLI,176.13,178.22,175.61,177.23,175.2137847037,177.2929126775,174.6964897054,176.3080625847,13104054,13104054,0.0,1.0,tiingo_historical_seed,
2026-02-23,XLI,176.41,176.92,174.35,174.83,175.4923281643,175.9996751818,173.4430441327,173.920547208,10566589,10566589,0.0,1.0,tiingo_historical_seed,
2026-02-24,XLI,174.58,177.215,174.37,176.98,173.6718476896,176.2931406136,173.4629400942,176.0593630663,9756534,9756534,0.0,1.0,tiingo_historical_seed,
2026-02-25,XLI,177.56,177.76,174.44,175.6,176.6363459489,176.8353055637,173.5325759593,174.6865417247,11757666,11757666,0.0,1.0,tiingo_historical_seed,
2026-02-26,XLI,176.14,176.97,173.91,176.7,175.2237326844,176.0494150855,173.0053329803,175.7808196056,13764908,13764908,0.0,1.0,tiingo_historical_seed,
2026-02-27,XLI,175.37,177.225,175.03,177.14,174.4577381678,176.3030885943,174.1195068227,176.218530758,9692680,9692680,0.0,1.0,tiingo_historical_seed,
2026-03-02,XLI,176.5,179.305,175.66,178.9,175.5818599909,178.3722685874,174.7462296091,177.9693753676,21917955,21917955,0.0,1.0,tiingo_historical_seed,
2026-03-03,XLI,176.02,176.19,172.67,175.44,175.1043569156,175.2734725881,171.771783369,174.5273740329,20481283,20481283,0.0,1.0,tiingo_historical_seed,
2026-03-04,XLI,176.33,176.93,174.685,175.97,175.4127443184,176.0096231626,173.7763014873,175.0546170119,13604207,13604207,0.0,1.0,tiingo_historical_seed,
2026-03-05,XLI,174.81,175.24,170.21,172.06,173.9006512465,174.3284144182,169.324580108,171.1649565441,21309968,21309968,0.0,1.0,tiingo_historical_seed,
2026-03-06,XLI,169.76,170.66,168.26,169.94,168.8769209748,169.7722392411,167.3847238644,169.0559846281,22680265,22680265,0.0,1.0,tiingo_historical_seed,
2026-03-09,XLI,168.14,171.4,166.17,170.94,167.2653480956,170.5083898155,165.3055958906,170.0507827017,19492520,19492520,0.0,1.0,tiingo_historical_seed,
2026-03-10,XLI,170.67,172.38,169.815,170.02,169.7821872218,171.4832919277,168.9316348689,169.135568474,16791064,16791064,0.0,1.0,tiingo_historical_seed,
2026-03-11,XLI,169.73,170.32,168.37,169.49,168.8470770326,169.4340078961,167.4941516525,168.608325495,14287609,14287609,0.0,1.0,tiingo_historical_seed,
2026-03-12,XLI,167.98,168.12,165.155,165.24,167.1061804038,167.2454521341,164.2958758459,164.3804336822,15925578,15925578,0.0,1.0,tiingo_historical_seed,
2026-03-13,XLI,166.29,166.82,163.725,164.65,165.4249716594,165.9522146384,162.8733146006,163.7935028187,15836161,15836161,0.0,1.0,tiingo_historical_seed,
2026-03-16,XLI,166.17,167.14,165.34,166.06,165.3055958906,166.270550022,164.4799134895,165.1961681025,11091286,11091286,0.0,1.0,tiingo_historical_seed,
2026-03-17,XLI,167.22,167.555,165.05,166.5,166.3501338679,166.6833912225,164.1914220482,165.6338792549,12772836,12772836,0.0,1.0,tiingo_historical_seed,
2026-03-18,XLI,166.17,167.17,165.06,165.18,165.3055958906,166.3003939642,164.2013700289,164.3207457977,11872795,11872795,0.0,1.0,tiingo_historical_seed,
2026-03-19,XLI,163.46,164.985,162.245,164.06,162.6096931111,164.1267601734,161.4010134517,163.2065719553,17990084,17990084,0.0,1.0,tiingo_historical_seed,
2026-03-20,XLI,164.02,164.65,160.305,161.67,163.1667800324,163.7935028187,159.4711051889,160.8290045594,19199317,19199317,0.0,1.0,tiingo_historical_seed,
2026-03-23,XLI,164.1,166.18,163.02,163.05,163.7001196867,165.7750511246,162.6227514402,162.6526783359,18508387,18508387,0.45321,1.0,tiingo_historical_seed,
2026-03-24,XLI,161.37,164.56,161.14,164.0,160.9767721746,164.1589987547,160.7473326406,163.6003633676,14110202,14110202,0.0,1.0,tiingo_historical_seed,
2026-03-25,XLI,165.86,166.32,164.32,165.1,165.4558309034,165.9147099713,163.9195835888,164.697682878,12205799,12205799,0.0,1.0,tiingo_historical_seed,
2026-03-26,XLI,163.73,164.61,161.09,161.27,163.331021306,164.2088769143,160.697454481,160.8770158554,15416447,15416447,0.0,1.0,tiingo_historical_seed,
2026-03-27,XLI,160.59,161.29,158.85,159.2,160.1986728854,160.8969671193,158.4629129326,158.8120600495,13923669,13923669,0.0,1.0,tiingo_historical_seed,
2026-03-30,XLI,160.55,160.74,156.08,156.61,160.1587703577,160.3483073641,155.6996628928,156.2283713842,17459632,17459632,0.0,1.0,tiingo_historical_seed,
2026-03-31,XLI,158.7,162.24,158.05,161.73,158.3132784539,161.844652151,157.6648623796,161.3358949234,15855947,15855947,0.0,1.0,tiingo_historical_seed,
2026-04-01,XLI,163.485,165.765,163.27,164.43,163.0866183241,165.3610624002,162.872142238,164.0293155398,17035339,17035339,0.0,1.0,tiingo_historical_seed,
2026-04-02,XLI,161.72,165.74,161.14,163.77,161.3259192915,165.3361233204,160.7473326406,163.3709238336,11097207,11097207,0.0,1.0,tiingo_historical_seed,
2026-04-06,XLI,163.54,164.64,162.77,164.61,163.1414842996,164.23880381,162.3733606423,164.2088769143,7105762,7105762,0.0,1.0,tiingo_historical_seed,
2026-04-07,XLI,163.65,164.68,162.8,164.28,163.2512162507,164.2787063377,162.4032875381,163.8796810612,10068187,10068187,0.0,1.0,tiingo_historical_seed,
2026-04-08,XLI,169.6,171.06,169.11,170.44,169.1867172387,170.6431594979,168.697911275,170.0246703194,12808578,12808578,0.0,1.0,tiingo_historical_seed,
2026-04-09,XLI,169.88,173.16,169.8,172.19,169.4660349322,172.7380421996,169.3862298769,171.7704059041,8179966,8179966,0.0,1.0,tiingo_historical_seed,
2026-04-10,XLI,172.49,172.7,171.21,171.52,172.0696748615,172.2791631316,170.7927939766,171.1020385659,5169823,5169823,0.0,1.0,tiingo_historical_seed,
2026-04-13,XLI,170.99,172.78,170.61,172.73,170.5733300746,172.3589681869,170.1942560619,172.3090900274,6814093,6814093,0.0,1.0,tiingo_historical_seed,
2026-04-14,XLI,173.13,174.04,172.025,173.35,172.7081153039,173.6158978079,171.6058079775,172.9275792059,5490650,5490650,0.0,1.0,tiingo_historical_seed,
2026-04-15,XLI,173.11,173.15,170.08,171.18,172.68816404,172.7280665677,169.6655475705,170.7628670809,13548327,13548327,0.0,1.0,tiingo_historical_seed,
2026-04-16,XLI,171.25,172.06,169.52,170.33,170.8326965043,171.6407226892,169.1069121834,169.9149383683,8629169,8629169,0.0,1.0,tiingo_historical_seed,
2026-04-17,XLI,172.24,175.13,172.135,173.51,171.8202840636,174.7032416864,171.7155399286,173.0871893165,9529223,9529223,0.0,1.0,tiingo_historical_seed,
2026-04-20,XLI,173.13,173.975,172.56,173.9,172.7081153039,173.5510562005,172.1395042848,173.4762389611,5735342,5735342,0.0,1.0,tiingo_historical_seed,
2026-04-21,XLI,173.53,174.685,170.93,171.44,173.1071405804,174.2593260663,170.5134762831,171.0222335106,8752877,8752877,0.0,1.0,tiingo_historical_seed,
2026-04-22,XLI,173.31,173.92,170.33,171.04,172.8876766783,173.496190225,169.9149383683,170.6232082341,10595713,10595713,0.0,1.0,tiingo_historical_seed,
2026-04-23,XLI,171.83,174.785,171.6,174.07,171.4112831552,174.3590823854,171.1818436212,173.6458247037,14418982,14418982,0.0,1.0,tiingo_historical_seed,
2026-04-24,XLI,173.97,174.18,171.96,172.47,173.5460683845,173.7555566547,171.5409663701,172.0497235976,7665349,7665349,0.0,1.0,tiingo_historical_seed,
2026-04-27,XLI,172.51,173.51,171.52,172.51,172.0896261253,173.0871893165,171.1020385659,172.0896261253,6689528,6689528,0.0,1.0,tiingo_historical_seed,
2026-04-28,XLI,171.68,171.86,169.54,170.98,171.2616486765,171.441210051,169.1268634472,170.5633544426,9000028,9000028,0.0,1.0,tiingo_historical_seed,
2026-04-29,XLI,171.25,171.71,169.23,169.93,170.8326965043,171.2915755723,168.8176188579,169.5159130918,9059904,9059904,0.0,1.0,tiingo_historical_seed,
2026-04-30,XLI,171.49,174.815,171.14,174.58,171.0721116702,174.3890092811,170.7229645532,174.1545819312,12012115,12012115,0.0,1.0,tiingo_historical_seed,
2026-05-01,XLI,175.23,175.43,172.94,172.96,174.8029980055,175.0025106438,172.5185782975,172.5385295613,6800745,6800745,0.0,1.0,tiingo_historical_seed,
2026-05-04,XLI,172.5,173.21,170.66,170.98,172.0796504934,172.7879203592,170.2441342214,170.5633544426,7618505,7618505,0.0,1.0,tiingo_historical_seed,
2026-05-05,XLI,172.15,173.055,171.2,172.41,171.7305033764,172.6332980645,170.7828183447,171.9898698062,6189421,6189421,0.0,1.0,tiingo_historical_seed,
2026-05-06,XLI,175.28,177.34,174.25,176.87,174.8528761651,176.9078563391,173.8253860781,176.4390016392,10461344,10461344,0.0,1.0,tiingo_historical_seed,
2026-05-07,XLI,177.44,177.72,173.43,174.0,177.0076126582,177.2869303518,173.0073842612,173.5759952803,10627970,10627970,0.0,1.0,tiingo_historical_seed,
2026-05-08,XLI,175.15,175.32,173.09,173.2,174.7231929502,174.8927786927,172.6682127762,172.7779447273,5883790,5883790,0.0,1.0,tiingo_historical_seed,
2026-05-11,XLI,173.24,175.55,172.88,175.04,172.8178472549,175.1222182267,172.458724506,174.6134609992,6277196,6277196,0.0,1.0,tiingo_historical_seed,
2026-05-12,XLI,174.43,174.79,172.14,174.35,174.0049474525,174.3640702014,171.7205277445,173.9251423972,7468782,7468782,0.0,1.0,tiingo_historical_seed,
2026-05-13,XLI,174.24,174.61,172.52,173.62,173.8154104462,174.1845088269,172.0996017572,173.1969212676,6070834,6070834,0.0,1.0,tiingo_historical_seed,
2026-05-14,XLI,174.17,174.725,172.84,174.51,173.7455810228,174.2992285939,172.4188219784,174.0847525078,7364444,7364444,0.0,1.0,tiingo_historical_seed,
2026-05-15,XLI,172.8,172.8,170.93,171.4,172.3789194507,172.3789194507,170.5134762831,170.982330983,7826324,7826324,0.0,1.0,tiingo_historical_seed,
2026-05-18,XLI,171.56,171.57,169.5,170.75,171.1419410936,171.1519167255,169.0869609196,170.3339149086,8696027,8696027,0.0,1.0,tiingo_historical_seed,
2026-05-19,XLI,169.63,170.18,168.11,168.74,169.2166441344,169.7653038896,167.7003480837,168.3288128942,7503644,7503644,0.0,1.0,tiingo_historical_seed,
2026-05-20,XLI,169.23,171.48,168.37,170.73,168.8176188579,171.0621360383,167.9597145134,170.3139636448,10492145,10492145,0.0,1.0,tiingo_historical_seed,
2026-05-21,XLI,169.81,171.3,168.91,170.53,169.3962055089,170.8825746638,168.4983986367,170.1144510066,8534983,8534983,0.0,1.0,tiingo_historical_seed,
2026-05-22,XLI,171.75,172.88,170.416,171.77,171.3314780999,172.458724506,170.0007288028,171.3514293637,6910533,6910533,0.0,1.0,tiingo_historical_seed,
2026-05-26,XLI,173.19,174.78,172.8708,174.3,172.7679690953,174.3540945695,172.4495469247,173.8752642376,6798426,6798426,0.0,1.0,tiingo_historical_seed,
2026-05-27,XLI,174.54,174.86,173.47,174.3,174.1146794035,174.4338996248,173.0472867889,173.8752642376,7414198,7414198,0.0,1.0,tiingo_historical_seed,
2026-05-28,XLI,173.49,174.71,172.055,173.8,173.0672380527,174.2842651461,171.6357348733,173.376482642,8670016,8670016,0.0,1.0,tiingo_historical_seed,
2026-05-29,XLI,173.57,173.875,172.37,173.13,173.147043108,173.4512998814,171.9499672785,172.7081153039,7054759,7054759,0.0,1.0,tiingo_historical_seed,
2026-06-01,XLI,171.59,172.86,170.39,172.4,171.1718679893,172.4387732422,169.9747921598,171.9798941742,8235321,8235321,0.0,1.0,tiingo_historical_seed,
2026-06-02,XLI,172.94,174.5,172.37,174.19,172.5185782975,174.0747768759,171.9499672785,173.7655322866,8663957,8663957,0.0,1.0,tiingo_historical_seed,
2026-06-03,XLI,173.73,176.103,173.55,174.05,173.3066532186,175.6738706715,173.1270918442,173.6258734398,6900640,6900640,0.0,1.0,tiingo_historical_seed,
2026-06-04,XLI,174.93,176.48,174.28,176.16,174.5037290481,176.0499519946,173.8553129738,175.7307317734,6670285,6670285,0.0,1.0,tiingo_historical_seed,
2026-06-05,XLI,175.61,176.37,173.475,174.18,175.1820720182,175.9402200436,173.0522746048,173.7555566547,8893424,8893424,0.0,1.0,tiingo_historical_seed,
2026-06-08,XLI,174.92,175.33,173.27,173.63,174.4937534162,174.9027543246,172.8477741506,173.2068968995,5372371,5372371,0.0,1.0,tiingo_historical_seed,
2026-06-09,XLI,174.37,176.59,171.725,175.6,173.945093661,176.1596839456,171.3065390201,175.1720963863,9457448,9457448,0.0,1.0,tiingo_historical_seed,
2026-06-10,XLI,174.57,174.575,169.45,169.66,174.1446062993,174.1495941152,169.03708276,169.2465710302,13851882,13851882,0.0,1.0,tiingo_historical_seed,
2026-06-11,XLI,171.28,175.68,170.99,175.15,170.8626234,175.2519014416,170.5733300746,174.7231929502,11046111,11046111,0.0,1.0,tiingo_historical_seed,
2026-06-12,XLI,176.02,176.61,174.63,176.18,175.5910729266,176.1796352095,174.2044600908,175.7506830372,6961639,6961639,0.0,1.0,tiingo_historical_seed,
2026-06-15,XLI,178.8,179.98,178.51,178.68,178.3642985983,179.541423164,178.0750052729,178.2445910154,7522146,7522146,0.0,1.0,tiingo_historical_seed,
2026-06-16,XLI,179.58,181.1,179.31,179.85,179.1423978875,180.6586939383,178.8730558259,179.4117399492,8978384,8978384,0.0,1.0,tiingo_historical_seed,
2026-06-17,XLI,179.97,182.33,179.13,179.6,179.5314475321,181.8856966635,178.6934944515,179.1623491514,11053156,11053156,0.0,1.0,tiingo_historical_seed,
2026-06-18,XLI,182.5,182.92,180.45,180.91,182.055282406,182.4742589464,180.0102778639,180.4691569319,8059187,8059187,0.0,1.0,tiingo_historical_seed,
2026-06-22,XLI,180.775,182.28,180.69,181.8,180.775,182.28,180.69,181.8,6669171,6669171,0.444094,1.0,tiingo_historical_seed,
2026-06-24,XLI,179.07,181.8899,178.34,180.21,179.07,181.8899,178.34,180.21,7057050,7057050,0.0,1.0,tiingo,2026-06-24T23:30:01.663646+00:00
