Date,Close,High,Low,Open,Volume,Spread,SwapLong,SwapShort
2016-06-03,49.63999938964844,50.33000183105469,49.290000915527344,49.95000076293945,22460,0.03971199951171875,0.0,0.0
2016-06-06,50.54999923706055,50.81999969482422,49.720001220703125,49.81999969482422,22446,0.04043999938964844,0.0,0.0
2016-06-07,51.43999862670898,51.540000915527344,50.310001373291016,50.45000076293945,21088,0.041151998901367184,0.0,0.0
2016-06-08,52.5099983215332,52.79999923706055,51.31999969482422,51.400001525878906,22382,0.04200799865722656,0.0,0.0
2016-06-09,51.95000076293945,52.84999847412109,51.52999877929688,52.65999984741211,19759,0.04156000061035157,0.0,0.0
2016-06-10,50.540000915527344,52.08000183105469,50.34000015258789,51.91999816894531,19899,0.040432000732421876,0.0,0.0
2016-06-13,50.34999847412109,50.77999877929688,49.61000061035156,50.36000061035156,18914,0.040279998779296874,0.0,0.0
2016-06-14,49.83000183105469,50.04999923706055,49.18999862670898,50.0099983215332,20904,0.03986400146484375,0.0,0.0
2016-06-15,48.970001220703125,49.79999923706055,48.38999938964844,49.310001373291016,33399,0.0391760009765625,0.0,0.0
2016-06-16,47.18999862670898,48.77000045776367,46.959999084472656,48.58000183105469,26672,0.037751998901367184,0.0,0.0
2016-06-17,49.16999816894531,49.38999938964844,46.93999862670898,47.02000045776367,22172,0.03933599853515625,0.0,0.0
2016-06-20,50.650001525878906,50.68000030517578,49.2599983215332,49.47999954223633,21739,0.04052000122070313,0.0,0.0
2016-06-21,50.619998931884766,51.09999847412109,49.47999954223633,50.459999084472656,29249,0.04049599914550781,0.0,0.0
2016-06-22,49.880001068115234,51.22999954223633,49.18999862670898,50.970001220703125,34368,0.03990400085449219,0.0,0.0
2016-06-23,50.90999984741211,51.0,49.88999938964844,49.93000030517578,31356,0.04072799987792969,0.0,0.0
2016-06-24,48.40999984741211,51.22999954223633,47.540000915527344,51.209999084472656,52110,0.038727999877929686,0.0,0.0
2016-06-27,47.15999984741211,48.90999984741211,46.68999862670898,48.40999984741211,34439,0.03772799987792969,0.0,0.0
2016-06-28,48.58000183105469,48.7599983215332,47.470001220703125,47.54999923706055,22475,0.03886400146484375,0.0,0.0
2016-06-29,50.61000061035156,50.720001220703125,48.63999938964844,48.91999816894531,13050,0.04048800048828125,0.0,0.0
2016-06-30,49.68000030517578,50.29999923706055,49.5,50.0099983215332,1313,0.039744000244140626,0.0,0.0
2016-07-01,49.84000015258789,49.84000015258789,49.84000015258789,49.84000015258789,21731,0.03987200012207032,0.0,0.0
2016-07-05,47.959999084472656,50.72999954223633,47.560001373291016,50.70000076293945,37154,0.038367999267578126,0.0,0.0
2016-07-06,48.79999923706055,49.29999923706055,47.16999816894531,48.11000061035156,33332,0.03903999938964844,0.0,0.0
2016-07-07,46.400001525878906,49.59999847412109,46.150001525878906,49.150001525878906,37267,0.03712000122070313,0.0,0.0
2016-07-08,46.7599983215332,47.22999954223633,46.150001525878906,46.59999847412109,24682,0.03740799865722656,0.0,0.0
2016-07-11,46.25,47.11000061035156,45.90999984741211,46.52999877929688,20339,0.037000000000000005,0.0,0.0
2016-07-12,48.470001220703125,48.560001373291016,46.119998931884766,46.20000076293945,32157,0.0387760009765625,0.0,0.0
2016-07-13,46.2599983215332,48.20000076293945,46.09000015258789,48.040000915527344,29323,0.037007998657226565,0.0,0.0
2016-07-14,47.369998931884766,47.470001220703125,46.34999847412109,46.59999847412109,27528,0.037895999145507814,0.0,0.0
2016-07-15,47.61000061035156,48.08000183105469,46.65999984741211,47.15999984741211,24450,0.03808800048828125,0.0,0.0
2016-07-18,46.959999084472656,47.869998931884766,46.5,47.77000045776367,22151,0.037567999267578124,0.0,0.0
2016-07-19,46.65999984741211,47.47999954223633,46.54999923706055,47.02999877929688,20962,0.03732799987792969,0.0,0.0
2016-07-20,47.16999816894531,47.5,45.900001525878906,46.720001220703125,30188,0.03773599853515625,0.0,0.0
2016-07-21,46.20000076293945,47.54999923706055,46.040000915527344,47.15999984741211,22328,0.03696000061035157,0.0,0.0
2016-07-22,45.68999862670898,46.4900016784668,45.18000030517578,46.08000183105469,25423,0.036551998901367184,0.0,0.0
2016-07-25,44.720001220703125,45.86000061035156,44.560001373291016,45.7400016784668,19167,0.0357760009765625,0.0,0.0
2016-07-26,44.869998931884766,44.97999954223633,44.150001525878906,44.790000915527344,26793,0.03589599914550781,0.0,0.0
2016-07-27,43.470001220703125,44.90999984741211,43.310001373291016,44.54999923706055,27266,0.0347760009765625,0.0,0.0
2016-07-28,42.70000076293945,43.75,42.58000183105469,43.619998931884766,10527,0.034160000610351564,0.0,0.0
2016-07-29,42.459999084472656,42.79999923706055,41.81999969482422,42.540000915527344,428,0.033967999267578125,0.0,0.0
2016-08-01,42.45000076293945,42.45000076293945,42.45000076293945,42.45000076293945,21767,0.033960000610351565,0.0,0.0
2016-08-02,41.79999923706055,43.16999816894531,41.5099983215332,42.27999877929688,23088,0.03343999938964844,0.0,0.0
2016-08-03,43.09999847412109,43.43999862670898,41.5,41.93999862670898,30000,0.03447999877929687,0.0,0.0
2016-08-04,44.290000915527344,44.33000183105469,42.5099983215332,43.369998931884766,25204,0.03543200073242188,0.0,0.0
2016-08-05,44.27000045776367,44.4900016784668,43.5,44.18999862670898,24997,0.03541600036621094,0.0,0.0
2016-08-08,45.38999938964844,45.709999084472656,44.2400016784668,44.38999938964844,19192,0.03631199951171875,0.0,0.0
2016-08-09,44.97999954223633,45.7599983215332,44.75,45.15999984741211,18269,0.035983999633789066,0.0,0.0
2016-08-10,44.04999923706055,45.66999816894531,43.81999969482422,45.0,24646,0.03523999938964844,0.0,0.0
2016-08-11,46.040000915527344,46.310001373291016,43.459999084472656,43.84999847412109,29698,0.03683200073242188,0.0,0.0
2016-08-12,46.970001220703125,47.25,45.7599983215332,46.16999816894531,23652,0.0375760009765625,0.0,0.0
2016-08-15,48.34999847412109,48.52999877929688,46.84000015258789,47.150001525878906,21340,0.03867999877929687,0.0,0.0
2016-08-16,49.22999954223633,49.34999847412109,47.90999984741211,48.209999084472656,27839,0.039383999633789066,0.0,0.0
2016-08-17,49.84999847412109,49.9900016784668,48.54999923706055,48.97999954223633,39930,0.03987999877929687,0.0,0.0
2016-08-18,50.88999938964844,51.04999923706055,49.5099983215332,49.720001220703125,28379,0.04071199951171875,0.0,0.0
2016-08-19,50.880001068115234,51.220001220703125,50.33000183105469,50.880001068115234,25452,0.04070400085449219,0.0,0.0
2016-08-22,49.15999984741211,50.7400016784668,49.09999847412109,50.7400016784668,27608,0.03932799987792969,0.0,0.0
2016-08-23,49.959999084472656,50.20000076293945,48.4900016784668,49.22999954223633,36665,0.03996799926757813,0.0,0.0
2016-08-24,49.04999923706055,49.86000061035156,48.68000030517578,49.459999084472656,41304,0.039239999389648436,0.0,0.0
2016-08-25,49.66999816894531,49.77999877929688,48.70000076293945,49.02999877929688,31721,0.039735998535156254,0.0,0.0
2016-08-26,49.91999816894531,50.75,49.13999938964844,49.65999984741211,27534,0.03993599853515625,0.0,0.0
2016-08-29,49.2599983215332,49.619998931884766,48.97999954223633,49.619998931884766,6703,0.039407998657226564,0.0,0.0
2016-08-30,48.369998931884766,49.7599983215332,48.2599983215332,49.29999923706055,10607,0.038695999145507816,0.0,0.0
2016-08-31,47.040000915527344,48.400001525878906,46.970001220703125,48.02000045776367,668,0.03763200073242188,0.0,0.0
2016-09-01,47.04999923706055,47.04999923706055,47.04999923706055,47.04999923706055,23846,0.03763999938964844,0.0,0.0
2016-09-02,46.83000183105469,47.0099983215332,45.41999816894531,45.77000045776367,22597,0.03746400146484375,0.0,0.0
2016-09-06,47.2599983215332,49.369998931884766,46.29999923706055,46.650001525878906,37751,0.03780799865722657,0.0,0.0
2016-09-07,47.97999954223633,48.540000915527344,46.970001220703125,47.130001068115234,17745,0.038383999633789065,0.0,0.0
2016-09-08,49.9900016784668,50.13999938964844,48.209999084472656,48.560001373291016,30011,0.03999200134277344,0.0,0.0
2016-09-09,48.0099983215332,49.68000030517578,47.77000045776367,49.619998931884766,18847,0.038407998657226564,0.0,0.0
2016-09-12,48.31999969482422,48.619998931884766,46.90999984741211,47.77999877929688,18373,0.03865599975585938,0.0,0.0
2016-09-13,47.09999847412109,48.209999084472656,46.9900016784668,48.130001068115234,21761,0.03767999877929687,0.0,0.0
2016-09-14,45.84999847412109,47.470001220703125,45.709999084472656,47.220001220703125,28376,0.03667999877929687,0.0,0.0
2016-09-15,46.59000015258789,47.0,45.68999862670898,46.150001525878906,28412,0.03727200012207031,0.0,0.0
2016-09-16,45.77000045776367,46.400001525878906,45.47999954223633,46.18000030517578,19165,0.03661600036621094,0.0,0.0
2016-09-19,45.95000076293945,46.91999816894531,45.86000061035156,45.88999938964844,19674,0.03676000061035156,0.0,0.0
2016-09-20,45.880001068115234,46.290000915527344,45.09000015258789,45.7400016784668,28150,0.036704000854492186,0.0,0.0
2016-09-21,46.83000183105469,47.150001525878906,46.25,46.25,25248,0.03746400146484375,0.0,0.0
2016-09-22,47.650001525878906,47.84000015258789,47.040000915527344,47.119998931884766,32336,0.03812000122070313,0.0,0.0
2016-09-23,45.88999938964844,48.25,45.66999816894531,47.41999816894531,39822,0.03671199951171875,0.0,0.0
2016-09-26,47.34999847412109,47.65999984741211,45.7400016784668,46.08000183105469,21045,0.03787999877929687,0.0,0.0
2016-09-27,45.970001220703125,47.27999877929688,45.63999938964844,47.09000015258789,34389,0.0367760009765625,0.0,0.0
2016-09-28,48.68999862670898,48.93999862670898,45.720001220703125,46.29999923706055,27630,0.038951998901367184,0.0,0.0
2016-09-29,49.2400016784668,49.79999923706055,48.02999877929688,48.959999084472656,9721,0.03939200134277344,0.0,0.0
2016-09-30,49.060001373291016,49.27999877929688,48.18000030517578,48.970001220703125,387,0.039248001098632815,0.0,0.0
2016-10-03,49.09999847412109,49.09999847412109,49.09999847412109,49.09999847412109,27245,0.039279998779296874,0.0,0.0
2016-10-04,50.869998931884766,51.34999847412109,50.34999847412109,50.5,24858,0.04069599914550782,0.0,0.0
2016-10-05,51.86000061035156,52.09000015258789,51.22999954223633,51.380001068115234,26124,0.04148800048828125,0.0,0.0
2016-10-06,52.5099983215332,52.720001220703125,51.34000015258789,51.68000030517578,25994,0.04200799865722656,0.0,0.0
2016-10-07,51.93000030517578,52.84000015258789,51.34000015258789,52.66999816894531,26575,0.04154400024414063,0.0,0.0
2016-10-11,52.40999984741211,53.310001373291016,52.119998931884766,52.9900016784668,33630,0.04192799987792969,0.0,0.0
2016-10-12,51.810001373291016,52.84999847412109,51.61000061035156,52.619998931884766,24471,0.041448001098632815,0.0,0.0
2016-10-13,52.02999877929688,52.150001525878906,50.93999862670898,51.720001220703125,25642,0.04162399902343751,0.0,0.0
2016-10-14,51.95000076293945,52.560001373291016,51.5,52.09999847412109,22127,0.04156000061035157,0.0,0.0
2016-10-17,51.52000045776367,52.27999877929688,51.16999816894531,51.959999084472656,26730,0.04121600036621094,0.0,0.0
2016-10-18,51.68000030517578,52.119998931884766,51.27000045776367,51.68999862670898,28432,0.04134400024414063,0.0,0.0
2016-10-19,52.66999816894531,53.13999938964844,52.09999847412109,52.130001068115234,31624,0.042135998535156254,0.0,0.0
2016-10-20,51.380001068115234,52.68000030517578,51.18000030517578,52.630001068115234,29822,0.04110400085449219,0.0,0.0
2016-10-21,51.77999877929688,51.93000030517578,51.130001068115234,51.43999862670898,31385,0.041423999023437505,0.0,0.0
2016-10-24,51.459999084472656,52.0,50.5,51.959999084472656,39723,0.04116799926757813,0.0,0.0
2016-10-25,50.790000915527344,51.83000183105469,50.220001220703125,51.34999847412109,34420,0.040632000732421875,0.0,0.0
2016-10-26,49.97999954223633,50.68999862670898,49.65999984741211,50.25,50026,0.03998399963378906,0.0,0.0
2016-10-27,50.470001220703125,50.900001525878906,49.869998931884766,49.9900016784668,21189,0.0403760009765625,0.0,0.0
2016-10-28,49.709999084472656,50.56999969482422,49.34000015258789,50.310001373291016,15283,0.039767999267578125,0.0,0.0
2016-10-31,48.29999923706055,49.68999862670898,47.9900016784668,49.45000076293945,1765,0.03863999938964844,0.0,0.0
2016-11-01,48.33000183105469,48.33000183105469,48.33000183105469,48.33000183105469,56065,0.03866400146484375,0.0,0.0
2016-11-02,46.86000061035156,48.06999969482422,46.47999954223633,47.97999954223633,47015,0.03748800048828125,0.0,0.0
2016-11-03,46.34999847412109,47.5099983215332,46.0,46.959999084472656,33590,0.03707999877929687,0.0,0.0
2016-11-04,45.58000183105469,46.540000915527344,45.08000183105469,46.380001068115234,54210,0.03646400146484375,0.0,0.0
2016-11-07,46.150001525878906,46.380001068115234,45.380001068115234,46.06999969482422,30522,0.03692000122070312,0.0,0.0
2016-11-08,46.040000915527344,46.68000030517578,45.61000061035156,46.2400016784668,33500,0.03683200073242188,0.0,0.0
2016-11-09,46.36000061035156,46.95000076293945,44.38999938964844,45.95000076293945,53512,0.03708800048828125,0.0,0.0
2016-11-10,45.84000015258789,46.90999984741211,45.54999923706055,46.59999847412109,35421,0.036672000122070315,0.0,0.0
2016-11-14,44.43000030517578,44.97999954223633,43.58000183105469,44.68000030517578,37427,0.035544000244140624,0.0,0.0
2016-11-15,46.95000076293945,47.2599983215332,44.68000030517578,44.72999954223633,43809,0.037560000610351564,0.0,0.0
2016-11-16,46.630001068115234,47.560001373291016,46.27000045776367,47.0,43917,0.03730400085449219,0.0,0.0
2016-11-17,46.4900016784668,47.61000061035156,46.02000045776367,46.43999862670898,39989,0.03719200134277344,0.0,0.0
2016-11-18,46.86000061035156,46.97999954223633,45.7599983215332,46.09000015258789,39532,0.03748800048828125,0.0,0.0
2016-11-21,48.900001525878906,49.150001525878906,47.0,47.0099983215332,42541,0.039120001220703124,0.0,0.0
2016-11-22,49.119998931884766,49.970001220703125,48.13999938964844,49.09999847412109,62072,0.03929599914550781,0.0,0.0
2016-11-23,48.95000076293945,49.5,48.56999969482422,49.130001068115234,46018,0.03916000061035156,0.0,0.0
2016-11-25,47.2400016784668,49.20000076293945,47.0099983215332,49.0,27459,0.03779200134277344,0.0,0.0
2016-11-28,48.2400016784668,48.810001373291016,46.15999984741211,46.7599983215332,25170,0.03859200134277344,0.0,0.0
2016-11-29,46.380001068115234,48.09999847412109,45.91999816894531,48.09000015258789,15550,0.03710400085449219,0.0,0.0
2016-11-30,50.470001220703125,50.470001220703125,46.75,46.7599983215332,1083,0.0403760009765625,0.0,0.0
2016-12-01,50.459999084472656,50.459999084472656,50.459999084472656,50.459999084472656,71317,0.04036799926757813,0.0,0.0
2016-12-02,54.459999084472656,54.5,52.86000061035156,53.869998931884766,39305,0.04356799926757813,0.0,0.0
2016-12-05,54.93999862670898,55.33000183105469,53.810001373291016,54.22999954223633,33656,0.04395199890136718,0.0,0.0
2016-12-06,53.93000030517578,54.93000030517578,53.52000045776367,54.209999084472656,34688,0.043144000244140626,0.0,0.0
2016-12-07,53.0,54.209999084472656,52.91999816894531,53.959999084472656,34297,0.0424,0.0,0.0
2016-12-08,53.88999938964844,54.04999923706055,52.83000183105469,53.04999923706055,44044,0.04311199951171875,0.0,0.0
2016-12-09,54.33000183105469,54.43999862670898,53.77000045776367,53.95000076293945,30445,0.04346400146484375,0.0,0.0
2016-12-12,55.68999862670898,57.4900016784668,54.75,54.75,45732,0.044551998901367185,0.0,0.0
2016-12-13,55.720001220703125,56.43000030517578,55.150001525878906,55.369998931884766,38210,0.0445760009765625,0.0,0.0
2016-12-14,53.900001525878906,55.79999923706055,53.61000061035156,55.22999954223633,39813,0.04312000122070313,0.0,0.0
2016-12-15,54.02000045776367,54.5,53.150001525878906,53.720001220703125,34744,0.04321600036621094,0.0,0.0
2016-12-16,55.209999084472656,55.380001068115234,53.709999084472656,54.220001220703125,31303,0.044167999267578126,0.0,0.0
2016-12-19,54.91999816894531,55.790000915527344,54.68999862670898,55.4900016784668,30608,0.04393599853515625,0.0,0.0
2016-12-20,55.34999847412109,55.90999984741211,54.75,55.119998931884766,37241,0.04427999877929687,0.0,0.0
2016-12-21,54.459999084472656,55.86000061035156,54.31999969482422,55.59999847412109,31242,0.04356799926757813,0.0,0.0
2016-12-22,55.04999923706055,55.22999954223633,54.04999923706055,54.59000015258789,30938,0.04403999938964844,0.0,0.0
2016-12-23,55.15999984741211,55.34000015258789,54.27000045776367,54.880001068115234,15503,0.04412799987792969,0.0,0.0
2016-12-27,56.09000015258789,56.2599983215332,55.04999923706055,55.47999954223633,8294,0.044872000122070314,0.0,0.0
2016-12-28,56.220001220703125,56.560001373291016,55.88999938964844,56.08000183105469,10677,0.0449760009765625,0.0,0.0
2016-12-29,56.13999938964844,56.63999938964844,55.970001220703125,55.970001220703125,595,0.04491199951171875,0.0,0.0
2016-12-30,56.130001068115234,56.130001068115234,56.130001068115234,56.130001068115234,13775,0.04490400085449219,0.0,0.0
2017-01-03,55.470001220703125,58.369998931884766,55.290000915527344,57.04999923706055,42688,0.0443760009765625,0.0,0.0
2017-01-04,56.459999084472656,56.52999877929688,55.34000015258789,55.68999862670898,27804,0.04516799926757813,0.0,0.0
2017-01-05,56.88999938964844,57.34000015258789,56.0099983215332,56.540000915527344,32833,0.045511999511718755,0.0,0.0
2017-01-06,57.09999847412109,57.459999084472656,56.29999923706055,56.880001068115234,24948,0.04567999877929687,0.0,0.0
2017-01-09,54.93999862670898,56.9900016784668,54.7400016784668,56.86000061035156,25860,0.04395199890136718,0.0,0.0
2017-01-10,53.63999938964844,55.34000015258789,53.56999969482422,54.84000015258789,33801,0.04291199951171875,0.0,0.0
2017-01-11,55.09999847412109,55.66999816894531,53.65999984741211,53.70000076293945,45944,0.04407999877929687,0.0,0.0
2017-01-12,56.0099983215332,56.43000030517578,55.02999877929688,55.22999954223633,36424,0.044807998657226566,0.0,0.0
2017-01-13,55.45000076293945,56.20000076293945,55.310001373291016,56.060001373291016,25417,0.044360000610351565,0.0,0.0
2017-01-17,55.470001220703125,56.970001220703125,55.20000076293945,55.650001525878906,44899,0.0443760009765625,0.0,0.0
2017-01-18,53.91999816894531,55.88999938964844,53.77999877929688,55.470001220703125,40148,0.043135998535156254,0.0,0.0
2017-01-19,54.15999984741211,54.75,53.900001525878906,54.310001373291016,33327,0.043327999877929686,0.0,0.0
2017-01-20,55.4900016784668,55.790000915527344,54.18999862670898,54.27999877929688,29231,0.04439200134277344,0.0,0.0
2017-01-23,55.22999954223633,55.7400016784668,54.650001525878906,55.470001220703125,33859,0.044183999633789064,0.0,0.0
2017-01-24,55.43999862670898,55.84999847412109,55.04999923706055,55.38999938964844,32411,0.044351998901367186,0.0,0.0
2017-01-25,55.08000183105469,55.63999938964844,54.7599983215332,55.2400016784668,34247,0.04406400146484375,0.0,0.0
2017-01-26,56.2400016784668,56.54999923706055,55.209999084472656,55.369998931884766,45145,0.04499200134277344,0.0,0.0
2017-01-27,55.52000045776367,56.5,54.84999847412109,56.11000061035156,20964,0.04441600036621094,0.0,0.0
2017-01-30,55.22999954223633,55.63999938964844,54.970001220703125,55.400001525878906,9982,0.044183999633789064,0.0,0.0
2017-01-31,55.70000076293945,55.93999862670898,54.93999862670898,55.220001220703125,578,0.04456000061035156,0.0,0.0
2017-02-01,55.65999984741211,55.65999984741211,55.65999984741211,55.65999984741211,34772,0.04452799987792969,0.0,0.0
2017-02-02,56.560001373291016,57.43000030517578,56.34000015258789,56.52999877929688,31371,0.04524800109863281,0.0,0.0
2017-02-03,56.810001373291016,57.290000915527344,56.38999938964844,56.83000183105469,26703,0.04544800109863281,0.0,0.0
2017-02-06,55.720001220703125,57.11000061035156,55.650001525878906,56.79999923706055,26706,0.0445760009765625,0.0,0.0
2017-02-07,55.04999923706055,55.97999954223633,54.63999938964844,55.93000030517578,32659,0.04403999938964844,0.0,0.0
2017-02-08,55.119998931884766,55.66999816894531,54.209999084472656,54.54999923706055,44864,0.04409599914550782,0.0,0.0
2017-02-09,55.630001068115234,55.91999816894531,55.20000076293945,55.2599983215332,29628,0.04450400085449219,0.0,0.0
2017-02-10,56.70000076293945,56.869998931884766,55.58000183105469,55.68999862670898,30763,0.045360000610351565,0.0,0.0
2017-02-13,55.59000015258789,56.79999923706055,55.43000030517578,56.77000045776367,25049,0.04447200012207032,0.0,0.0
2017-02-14,55.970001220703125,56.45000076293945,55.54999923706055,55.709999084472656,25975,0.0447760009765625,0.0,0.0
2017-02-15,55.75,56.25,55.54999923706055,55.84000015258789,26608,0.0446,0.0,0.0
2017-02-16,55.650001525878906,56.22999954223633,55.130001068115234,55.66999816894531,32712,0.044520001220703126,0.0,0.0
2017-02-17,55.810001373291016,55.869998931884766,55.11000061035156,55.66999816894531,27599,0.04464800109863282,0.0,0.0
2017-02-21,56.65999984741211,57.29999923706055,55.709999084472656,55.90999984741211,57648,0.04532799987792969,0.0,0.0
2017-02-22,55.84000015258789,56.9900016784668,55.58000183105469,56.68999862670898,36358,0.044672000122070316,0.0,0.0
2017-02-23,56.58000183105469,57.34999847412109,56.150001525878906,56.18999862670898,36155,0.04526400146484375,0.0,0.0
2017-02-24,55.9900016784668,56.650001525878906,55.75,56.5099983215332,18720,0.04479200134277344,0.0,0.0
2017-02-27,55.93000030517578,56.7599983215332,55.90999984741211,56.040000915527344,10972,0.04474400024414063,0.0,0.0
2017-02-28,55.59000015258789,56.06999969482422,55.27000045776367,55.97999954223633,685,0.04447200012207032,0.0,0.0
2017-03-01,55.59999847412109,55.59999847412109,55.59999847412109,55.59999847412109,25932,0.04447999877929687,0.0,0.0
2017-03-02,55.08000183105469,56.43999862670898,55.0099983215332,56.310001373291016,34925,0.04406400146484375,0.0,0.0
2017-03-03,55.900001525878906,55.93999862670898,55.09000015258789,55.18000030517578,24688,0.044720001220703125,0.0,0.0
2017-03-06,56.0099983215332,56.2400016784668,55.31999969482422,55.79999923706055,25402,0.044807998657226566,0.0,0.0
2017-03-07,55.91999816894531,56.63999938964844,55.54999923706055,55.9900016784668,28162,0.04473599853515625,0.0,0.0
2017-03-08,53.11000061035156,55.7599983215332,52.93999862670898,55.61000061035156,43000,0.042488000488281254,0.0,0.0
2017-03-09,52.18999862670898,53.84999847412109,51.47999954223633,53.130001068115234,61215,0.04175199890136718,0.0,0.0
2017-03-10,51.369998931884766,53.0099983215332,51.150001525878906,52.43999862670898,41261,0.041095999145507815,0.0,0.0
2017-03-13,51.34999847412109,51.68999862670898,50.84000015258789,51.369998931884766,28880,0.04107999877929687,0.0,0.0
2017-03-14,50.91999816894531,51.83000183105469,50.25,51.400001525878906,49660,0.040735998535156255,0.0,0.0
2017-03-15,51.810001373291016,52.040000915527344,51.36000061035156,51.790000915527344,36290,0.041448001098632815,0.0,0.0
2017-03-16,51.7400016784668,52.59000015258789,51.5,52.09000015258789,28932,0.04139200134277344,0.0,0.0
2017-03-17,51.7599983215332,52.16999816894531,51.52999877929688,51.720001220703125,20151,0.041407998657226566,0.0,0.0
2017-03-20,51.619998931884766,51.93000030517578,51.0099983215332,51.75,25177,0.041295999145507814,0.0,0.0
2017-03-21,50.959999084472656,52.209999084472656,50.72999954223633,51.65999984741211,30377,0.040767999267578126,0.0,0.0
2017-03-22,50.63999938964844,50.970001220703125,49.63999938964844,50.869998931884766,39102,0.04051199951171875,0.0,0.0
2017-03-23,50.560001373291016,51.09000015258789,50.2599983215332,50.7599983215332,35569,0.040448001098632815,0.0,0.0
2017-03-24,50.79999923706055,51.04999923706055,50.400001525878906,50.59999847412109,27105,0.04063999938964844,0.0,0.0
2017-03-27,50.75,51.09999847412109,50.02999877929688,51.02000045776367,27398,0.040600000000000004,0.0,0.0
2017-03-28,51.33000183105469,51.869998931884766,50.790000915527344,50.86000061035156,27375,0.04106400146484375,0.0,0.0
2017-03-29,52.41999816894531,52.459999084472656,51.34000015258789,51.34000015258789,17105,0.041935998535156255,0.0,0.0
2017-03-30,52.959999084472656,53.09000015258789,52.02999877929688,52.400001525878906,14493,0.04236799926757813,0.0,0.0
2017-03-31,52.83000183105469,53.31999969482422,52.400001525878906,52.650001525878906,31997,0.04226400146484375,0.0,0.0
2017-04-03,53.119998931884766,53.720001220703125,53.040000915527344,53.63999938964844,18746,0.042495999145507814,0.0,0.0
2017-04-04,54.16999816894531,54.36000061035156,52.75,53.13999938964844,27204,0.04333599853515625,0.0,0.0
2017-04-05,54.36000061035156,55.08000183105469,53.97999954223633,54.27000045776367,33157,0.043488000488281255,0.0,0.0
2017-04-06,54.88999938964844,54.9900016784668,54.02000045776367,54.150001525878906,21011,0.04391199951171875,0.0,0.0
2017-04-07,55.2400016784668,56.06999969482422,54.56999969482422,54.75,34387,0.044192001342773436,0.0,0.0
2017-04-10,55.97999954223633,56.04999923706055,55.2400016784668,55.2400016784668,29224,0.04478399963378907,0.0,0.0
2017-04-11,56.22999954223633,56.27999877929688,55.459999084472656,56.04999923706055,32054,0.04498399963378907,0.0,0.0
2017-04-12,55.86000061035156,56.630001068115234,55.5099983215332,56.27999877929688,33978,0.044688000488281254,0.0,0.0
2017-04-13,55.88999938964844,56.060001373291016,55.58000183105469,55.66999816894531,27171,0.04471199951171875,0.0,0.0
2017-04-17,55.36000061035156,55.970001220703125,55.29999923706055,55.84999847412109,18101,0.04428800048828125,0.0,0.0
2017-04-18,54.88999938964844,55.4900016784668,54.619998931884766,55.47999954223633,38436,0.04391199951171875,0.0,0.0
2017-04-19,52.93000030517578,55.220001220703125,52.59000015258789,54.7400016784668,43655,0.042344000244140624,0.0,0.0
2017-04-20,52.9900016784668,53.540000915527344,52.68999862670898,53.060001373291016,48381,0.04239200134277344,0.0,0.0
2017-04-21,51.959999084472656,53.27999877929688,51.56999969482422,53.02999877929688,36665,0.04156799926757813,0.0,0.0
2017-04-24,51.59999847412109,52.58000183105469,51.43000030517578,52.04999923706055,27284,0.04127999877929687,0.0,0.0
2017-04-25,52.09999847412109,52.380001068115234,51.310001373291016,51.650001525878906,31348,0.04167999877929687,0.0,0.0
2017-04-26,51.81999969482422,52.43999862670898,51.400001525878906,51.86000061035156,24549,0.041455999755859375,0.0,0.0
2017-04-27,51.43999862670898,51.75,50.43000030517578,51.470001220703125,20588,0.041151998901367184,0.0,0.0
2017-04-28,51.72999954223633,52.09999847412109,51.40999984741211,51.43000030517578,33680,0.04138399963378907,0.0,0.0
2017-05-01,51.52000045776367,51.97999954223633,51.220001220703125,51.84999847412109,12936,0.04121600036621094,0.0,0.0
2017-05-02,50.459999084472656,52.13999938964844,50.15999984741211,51.38999938964844,38556,0.04036799926757813,0.0,0.0
2017-05-03,50.790000915527344,51.119998931884766,50.209999084472656,51.04999923706055,34131,0.040632000732421875,0.0,0.0
2017-05-04,48.380001068115234,50.720001220703125,48.18000030517578,50.619998931884766,52061,0.03870400085449219,0.0,0.0
2017-05-05,49.09999847412109,49.619998931884766,46.650001525878906,48.38999938964844,54485,0.039279998779296874,0.0,0.0
2017-05-08,49.34000015258789,49.880001068115234,48.4900016784668,49.290000915527344,35179,0.03947200012207031,0.0,0.0
2017-05-09,48.72999954223633,49.709999084472656,48.40999984741211,49.43999862670898,33410,0.03898399963378906,0.0,0.0
2017-05-10,50.220001220703125,50.619998931884766,48.84999847412109,48.9900016784668,37961,0.0401760009765625,0.0,0.0
2017-05-11,50.77000045776367,51.150001525878906,50.2400016784668,50.27999877929688,31243,0.04061600036621094,0.0,0.0
2017-05-12,50.84000015258789,51.08000183105469,50.34000015258789,50.77000045776367,29339,0.04067200012207031,0.0,0.0
2017-05-15,51.81999969482422,52.619998931884766,50.650001525878906,50.84000015258789,31972,0.041455999755859375,0.0,0.0
2017-05-16,51.650001525878906,52.34999847412109,51.18999862670898,51.86000061035156,29359,0.041320001220703124,0.0,0.0
2017-05-17,52.209999084472656,52.59999847412109,51.04999923706055,51.2400016784668,32800,0.041767999267578126,0.0,0.0
2017-05-18,52.5099983215332,52.7400016784668,51.11000061035156,52.09999847412109,41239,0.04200799865722656,0.0,0.0
2017-05-19,53.61000061035156,53.790000915527344,52.52999877929688,52.52999877929688,34681,0.04288800048828125,0.0,0.0
2017-05-22,53.869998931884766,54.369998931884766,53.650001525878906,53.869998931884766,41324,0.04309599914550782,0.0,0.0
2017-05-23,54.150001525878906,54.470001220703125,53.209999084472656,53.84999847412109,39671,0.043320001220703126,0.0,0.0
2017-05-24,53.959999084472656,54.619998931884766,53.66999816894531,54.20000076293945,52627,0.043167999267578125,0.0,0.0
2017-05-25,51.459999084472656,54.65999984741211,51.02999877929688,53.90999984741211,72089,0.04116799926757813,0.0,0.0
2017-05-26,52.150001525878906,52.2599983215332,50.709999084472656,51.369998931884766,28004,0.04172000122070313,0.0,0.0
2017-05-30,51.84000015258789,52.59999847412109,51.20000076293945,52.29999923706055,18705,0.041472000122070314,0.0,0.0
2017-05-31,50.310001373291016,51.75,49.83000183105469,51.66999816894531,545,0.040248001098632816,0.0,0.0
2017-06-01,50.33000183105469,50.33000183105469,50.33000183105469,50.33000183105469,43640,0.040264001464843754,0.0,0.0
2017-06-02,49.95000076293945,50.5099983215332,48.959999084472656,50.400001525878906,44207,0.03996000061035156,0.0,0.0
2017-06-05,49.470001220703125,50.72999954223633,49.04999923706055,49.959999084472656,38387,0.039576000976562505,0.0,0.0
2017-06-06,50.119998931884766,50.29999923706055,48.9900016784668,49.47999954223633,41397,0.040095999145507814,0.0,0.0
2017-06-07,48.060001373291016,50.130001068115234,47.970001220703125,49.9900016784668,50234,0.03844800109863281,0.0,0.0
2017-06-08,47.86000061035156,48.58000183105469,47.560001373291016,48.22999954223633,40901,0.03828800048828125,0.0,0.0
2017-06-09,48.150001525878906,48.540000915527344,47.43999862670898,47.90999984741211,29536,0.03852000122070313,0.0,0.0
2017-06-12,48.290000915527344,49.119998931884766,48.0099983215332,48.18000030517578,28229,0.03863200073242188,0.0,0.0
2017-06-13,48.720001220703125,48.810001373291016,47.880001068115234,48.27000045776367,26775,0.0389760009765625,0.0,0.0
2017-06-14,47.0,48.68000030517578,46.77000045776367,48.18000030517578,44939,0.0376,0.0,0.0
2017-06-15,46.91999816894531,47.18999862670898,46.70000076293945,46.9900016784668,26749,0.037535998535156254,0.0,0.0
2017-06-16,47.369998931884766,47.59999847412109,46.81999969482422,46.84000015258789,19728,0.037895999145507814,0.0,0.0
2017-06-19,46.90999984741211,47.75,46.77000045776367,47.29999923706055,19703,0.03752799987792969,0.0,0.0
2017-06-20,46.02000045776367,47.220001220703125,45.43000030517578,46.900001525878906,30670,0.03681600036621094,0.0,0.0
2017-06-21,44.81999969482422,46.61000061035156,44.36000061035156,45.84000015258789,40210,0.035855999755859375,0.0,0.0
2017-06-22,45.220001220703125,45.77999877929688,44.54999923706055,44.84000015258789,28351,0.036176000976562504,0.0,0.0
2017-06-23,45.540000915527344,45.7400016784668,45.040000915527344,45.290000915527344,27319,0.03643200073242188,0.0,0.0
2017-06-26,45.83000183105469,46.220001220703125,45.040000915527344,45.68999862670898,22998,0.03666400146484375,0.0,0.0
2017-06-27,46.650001525878906,47.040000915527344,45.81999969482422,45.959999084472656,29887,0.03732000122070313,0.0,0.0
2017-06-28,47.310001373291016,47.470001220703125,46.18999862670898,46.25,13352,0.037848001098632816,0.0,0.0
2017-06-29,47.41999816894531,48.0,47.18999862670898,47.43999862670898,9980,0.03793599853515625,0.0,0.0
2017-06-30,47.91999816894531,48.20000076293945,47.47999954223633,47.47999954223633,23479,0.03833599853515625,0.0,0.0
2017-07-03,49.68000030517578,49.70000076293945,48.540000915527344,48.88999938964844,17462,0.039744000244140626,0.0,0.0
2017-07-05,47.790000915527344,49.88999938964844,47.27999877929688,49.59999847412109,40863,0.038232000732421875,0.0,0.0
2017-07-06,48.11000061035156,49.16999816894531,47.77999877929688,48.29999923706055,25556,0.03848800048828125,0.0,0.0
2017-07-07,46.709999084472656,47.9900016784668,46.27999877929688,47.97999954223633,28644,0.037367999267578125,0.0,0.0
2017-07-10,46.880001068115234,47.369998931884766,46.119998931884766,46.900001525878906,21447,0.03750400085449219,0.0,0.0
2017-07-11,47.52000045776367,48.16999816894531,46.29999923706055,47.02000045776367,22689,0.03801600036621094,0.0,0.0
2017-07-12,47.7400016784668,48.75,47.34999847412109,48.209999084472656,31345,0.03819200134277344,0.0,0.0
2017-07-13,48.41999816894531,48.52999877929688,47.18000030517578,47.650001525878906,22846,0.03873599853515625,0.0,0.0
2017-07-14,48.90999984741211,49.08000183105469,48.15999984741211,48.400001525878906,22014,0.03912799987792969,0.0,0.0
2017-07-17,48.41999816894531,49.25,48.310001373291016,49.060001373291016,17905,0.03873599853515625,0.0,0.0
2017-07-18,48.84000015258789,49.400001525878906,48.2400016784668,48.40999984741211,20301,0.039072000122070315,0.0,0.0
2017-07-19,49.70000076293945,49.79999923706055,48.59999847412109,48.70000076293945,20340,0.039760000610351565,0.0,0.0
2017-07-20,49.29999923706055,50.18000030517578,49.18999862670898,49.59999847412109,26566,0.03943999938964844,0.0,0.0
2017-07-21,48.060001373291016,49.63999938964844,47.810001373291016,49.27000045776367,27053,0.03844800109863281,0.0,0.0
2017-07-24,48.59999847412109,48.7599983215332,47.68000030517578,47.88999938964844,25408,0.03887999877929687,0.0,0.0
2017-07-25,50.20000076293945,50.900001525878906,48.650001525878906,48.7400016784668,27529,0.04016000061035156,0.0,0.0
2017-07-26,50.970001220703125,51.02999877929688,50.08000183105469,50.7599983215332,26137,0.040776000976562504,0.0,0.0
2017-07-27,51.4900016784668,51.63999938964844,50.5099983215332,50.869998931884766,21851,0.04119200134277344,0.0,0.0
2017-07-28,52.52000045776367,52.66999816894531,51.310001373291016,51.58000183105469,12631,0.04201600036621094,0.0,0.0
2017-07-31,52.650001525878906,52.84999847412109,52.25,52.7599983215332,844,0.04212000122070313,0.0,0.0
2017-08-01,52.630001068115234,52.630001068115234,52.630001068115234,52.630001068115234,33859,0.04210400085449219,0.0,0.0
2017-08-02,52.36000061035156,52.41999816894531,51.18999862670898,51.56999969482422,34625,0.04188800048828125,0.0,0.0
2017-08-03,52.0099983215332,52.869998931884766,51.790000915527344,52.290000915527344,34779,0.041607998657226565,0.0,0.0
2017-08-04,52.41999816894531,52.52000045776367,51.43999862670898,51.90999984741211,26969,0.041935998535156255,0.0,0.0
2017-08-07,52.369998931884766,52.560001373291016,51.369998931884766,52.380001068115234,29496,0.04189599914550782,0.0,0.0
2017-08-08,52.13999938964844,52.72999954223633,51.81999969482422,52.2400016784668,24795,0.04171199951171875,0.0,0.0
2017-08-09,52.70000076293945,52.81999969482422,51.83000183105469,51.83000183105469,26143,0.042160000610351564,0.0,0.0
2017-08-10,51.900001525878906,53.630001068115234,51.68000030517578,52.77999877929688,52899,0.04152000122070313,0.0,0.0
2017-08-11,52.09999847412109,52.27000045776367,51.310001373291016,51.91999816894531,25318,0.04167999877929687,0.0,0.0
2017-08-14,50.72999954223633,52.38999938964844,50.58000183105469,52.0099983215332,29797,0.040583999633789065,0.0,0.0
2017-08-15,50.79999923706055,51.09999847412109,50.02999877929688,50.650001525878906,35111,0.04063999938964844,0.0,0.0
2017-08-16,50.27000045776367,51.34999847412109,50.150001525878906,50.959999084472656,33911,0.04021600036621094,0.0,0.0
2017-08-17,51.02999877929688,51.11000061035156,49.9900016784668,50.380001068115234,43863,0.04082399902343751,0.0,0.0
2017-08-18,52.720001220703125,52.95000076293945,50.77999877929688,50.86000061035156,41235,0.0421760009765625,0.0,0.0
2017-08-21,51.65999984741211,52.900001525878906,51.290000915527344,52.900001525878906,33088,0.04132799987792969,0.0,0.0
2017-08-22,51.869998931884766,52.27000045776367,51.400001525878906,51.68000030517578,36291,0.04149599914550781,0.0,0.0
2017-08-23,52.56999969482422,52.619998931884766,51.45000076293945,51.630001068115234,31540,0.04205599975585938,0.0,0.0
2017-08-24,52.040000915527344,52.709999084472656,51.61000061035156,52.54999923706055,38326,0.041632000732421875,0.0,0.0
2017-08-25,52.40999984741211,52.790000915527344,51.91999816894531,52.20000076293945,32957,0.04192799987792969,0.0,0.0
2017-08-28,51.88999938964844,53.15999984741211,51.52000045776367,52.66999816894531,23706,0.04151199951171875,0.0,0.0
2017-08-29,52.0,52.150001525878906,51.369998931884766,52.150001525878906,20366,0.041600000000000005,0.0,0.0
2017-08-30,50.86000061035156,52.02000045776367,50.630001068115234,51.880001068115234,20366,0.04068800048828125,0.0,0.0
2017-08-31,52.380001068115234,52.380001068115234,50.130001068115234,50.5099983215332,9938,0.04190400085449219,0.0,0.0
2017-09-01,52.31999969482422,52.31999969482422,52.31999969482422,52.31999969482422,43495,0.04185599975585938,0.0,0.0
2017-09-05,53.380001068115234,53.650001525878906,51.97999954223633,52.79999923706055,24873,0.04270400085449219,0.0,0.0
2017-09-06,54.20000076293945,54.29999923706055,53.09000015258789,53.18000030517578,30783,0.043360000610351564,0.0,0.0
2017-09-07,54.4900016784668,54.66999816894531,53.88999938964844,54.08000183105469,34793,0.04359200134277344,0.0,0.0
2017-09-08,53.77999877929688,54.86000061035156,53.560001373291016,54.540000915527344,28912,0.04302399902343751,0.0,0.0
2017-09-11,53.84000015258789,54.11000061035156,53.040000915527344,53.75,30263,0.04307200012207031,0.0,0.0
2017-09-12,54.27000045776367,54.43999862670898,53.43000030517578,53.86000061035156,22720,0.04341600036621094,0.0,0.0
2017-09-13,55.15999984741211,55.20000076293945,54.02999877929688,54.2599983215332,24868,0.04412799987792969,0.0,0.0
2017-09-14,55.470001220703125,56.0,54.93000030517578,55.06999969482422,27549,0.0443760009765625,0.0,0.0
2017-09-15,55.619998931884766,55.84999847412109,54.869998931884766,55.27000045776367,22004,0.044495999145507815,0.0,0.0
2017-09-18,55.47999954223633,55.93999862670898,54.81999969482422,55.52999877929688,23767,0.04438399963378906,0.0,0.0
2017-09-19,55.13999938964844,55.880001068115234,54.88999938964844,55.45000076293945,19337,0.04411199951171875,0.0,0.0
2017-09-20,56.290000915527344,56.47999954223633,55.27999877929688,55.40999984741211,27031,0.045032000732421876,0.0,0.0
2017-09-21,56.43000030517578,56.52999877929688,55.77999877929688,56.18000030517578,23549,0.04514400024414063,0.0,0.0
2017-09-22,56.86000061035156,56.900001525878906,56.22999954223633,56.5,18348,0.04548800048828125,0.0,0.0
2017-09-25,59.02000045776367,59.220001220703125,56.70000076293945,56.88999938964844,23811,0.04721600036621094,0.0,0.0
2017-09-26,58.43999862670898,59.4900016784668,57.77999877929688,59.20000076293945,28328,0.046751998901367185,0.0,0.0
2017-09-27,57.900001525878906,58.86000061035156,57.56999969482422,58.59999847412109,15305,0.04632000122070313,0.0,0.0
2017-09-28,57.40999984741211,58.619998931884766,56.84999847412109,57.66999816894531,7005,0.04592799987792969,0.0,0.0
2017-09-29,57.540000915527344,57.7599983215332,57.209999084472656,57.52999877929688,27369,0.04603200073242188,0.0,0.0
2017-10-02,56.119998931884766,56.75,55.5099983215332,56.619998931884766,19371,0.04489599914550781,0.0,0.0
2017-10-03,56.0,56.38999938964844,55.68999862670898,56.08000183105469,21948,0.0448,0.0,0.0
2017-10-04,55.79999923706055,56.18999862670898,55.38999938964844,55.70000076293945,25898,0.04463999938964844,0.0,0.0
2017-10-05,57.0,57.2400016784668,55.70000076293945,55.77000045776367,32050,0.0456,0.0,0.0
2017-10-06,55.619998931884766,57.27000045776367,55.13999938964844,56.97999954223633,33642,0.044495999145507815,0.0,0.0
2017-10-09,55.790000915527344,55.97999954223633,55.060001373291016,55.4900016784668,23056,0.04463200073242188,0.0,0.0
2017-10-10,56.61000061035156,56.90999984741211,55.68999862670898,55.70000076293945,21094,0.04528800048828125,0.0,0.0
2017-10-11,56.93999862670898,57.09000015258789,56.15999984741211,56.540000915527344,21840,0.045551998901367186,0.0,0.0
2017-10-12,56.25,56.81999969482422,55.880001068115234,56.65999984741211,22286,0.045000000000000005,0.0,0.0
2017-10-13,57.16999816894531,57.560001373291016,56.380001068115234,56.470001220703125,23433,0.04573599853515625,0.0,0.0
2017-10-16,57.81999969482422,58.470001220703125,57.119998931884766,57.119998931884766,22799,0.046255999755859374,0.0,0.0
2017-10-17,57.880001068115234,58.34999847412109,57.18000030517578,57.84000015258789,31599,0.04630400085449219,0.0,0.0
2017-10-18,58.150001525878906,58.540000915527344,57.75,58.06999969482422,25606,0.04652000122070313,0.0,0.0
2017-10-19,57.22999954223633,58.27999877929688,57.040000915527344,58.20000076293945,29999,0.04578399963378906,0.0,0.0
2017-10-20,57.75,57.900001525878906,56.59999847412109,57.290000915527344,28185,0.046200000000000005,0.0,0.0
2017-10-23,57.369998931884766,58.02999877929688,57.27999877929688,57.970001220703125,25947,0.045895999145507814,0.0,0.0
2017-10-24,58.33000183105469,58.47999954223633,57.02999877929688,57.36000061035156,32802,0.04666400146484375,0.0,0.0
2017-10-25,58.43999862670898,58.72999954223633,57.86000061035156,58.459999084472656,26265,0.046751998901367185,0.0,0.0
2017-10-26,59.29999923706055,59.54999923706055,58.040000915527344,58.47999954223633,26572,0.04743999938964844,0.0,0.0
2017-10-27,60.43999862670898,60.65999984741211,58.81999969482422,59.4900016784668,15873,0.04835199890136718,0.0,0.0
2017-10-30,60.900001525878906,61.0,60.15999984741211,60.650001525878906,14987,0.04872000122070313,0.0,0.0
2017-10-31,61.369998931884766,61.380001068115234,60.54999923706055,60.869998931884766,1113,0.049095999145507815,0.0,0.0
2017-11-01,61.290000915527344,61.290000915527344,61.290000915527344,61.290000915527344,30560,0.04903200073242188,0.0,0.0
2017-11-02,60.619998931884766,60.81999969482422,60.040000915527344,60.43999862670898,27721,0.04849599914550781,0.0,0.0
2017-11-03,62.06999969482422,62.220001220703125,60.59999847412109,60.72999954223633,25695,0.049655999755859374,0.0,0.0
2017-11-06,64.2699966430664,64.44000244140625,62.130001068115234,62.130001068115234,32269,0.05141599731445313,0.0,0.0
2017-11-07,63.68999862670898,64.63999938964844,63.4900016784668,64.08999633789062,34317,0.05095199890136719,0.0,0.0
2017-11-08,63.4900016784668,64.63999938964844,62.95000076293945,63.630001068115234,41527,0.05079200134277344,0.0,0.0
2017-11-09,63.93000030517578,64.23999786376953,63.27000045776367,63.5,24929,0.051144000244140626,0.0,0.0
2017-11-10,63.52000045776367,64.2699966430664,63.34999847412109,63.83000183105469,24446,0.05081600036621094,0.0,0.0
2017-11-13,63.15999984741211,63.72999954223633,62.619998931884766,63.619998931884766,29816,0.05052799987792969,0.0,0.0
2017-11-14,62.209999084472656,63.209999084472656,61.209999084472656,63.15999984741211,46259,0.04976799926757813,0.0,0.0
2017-11-15,61.869998931884766,62.119998931884766,61.310001373291016,61.5,27356,0.04949599914550781,0.0,0.0
2017-11-16,61.36000061035156,62.150001525878906,61.25,61.869998931884766,28684,0.049088000488281255,0.0,0.0
2017-11-17,62.720001220703125,62.900001525878906,61.09000015258789,61.45000076293945,30936,0.0501760009765625,0.0,0.0
2017-11-20,62.220001220703125,62.79999923706055,61.43999862670898,62.720001220703125,23428,0.049776000976562505,0.0,0.0
2017-11-21,62.56999969482422,62.84000015258789,62.040000915527344,62.130001068115234,30389,0.05005599975585938,0.0,0.0
2017-11-22,63.31999969482422,63.40999984741211,62.630001068115234,62.709999084472656,29926,0.050655999755859375,0.0,0.0
2017-11-24,63.86000061035156,63.95000076293945,62.88999938964844,63.22999954223633,21047,0.05108800048828125,0.0,0.0
2017-11-27,63.84000015258789,63.97999954223633,63.09999847412109,63.84999847412109,22019,0.05107200012207031,0.0,0.0
2017-11-28,63.61000061035156,63.900001525878906,63.11000061035156,63.709999084472656,15235,0.05088800048828125,0.0,0.0
2017-11-29,63.11000061035156,64.04000091552734,62.54999923706055,63.34000015258789,10166,0.050488000488281254,0.0,0.0
2017-11-30,63.56999969482422,64.19999694824219,63.20000076293945,63.34000015258789,2034,0.050855999755859374,0.0,0.0
2017-12-01,63.4900016784668,63.4900016784668,63.4900016784668,63.4900016784668,28073,0.05079200134277344,0.0,0.0
2017-12-04,62.45000076293945,63.63999938964844,62.31999969482422,63.4900016784668,27437,0.049960000610351565,0.0,0.0
2017-12-05,62.86000061035156,63.130001068115234,62.13999938964844,62.38999938964844,21380,0.050288000488281255,0.0,0.0
2017-12-06,61.220001220703125,62.91999816894531,61.13999938964844,62.77000045776367,25263,0.0489760009765625,0.0,0.0
2017-12-07,62.20000076293945,62.25,61.15999984741211,61.2400016784668,19281,0.04976000061035157,0.0,0.0
2017-12-08,63.400001525878906,63.630001068115234,61.93999862670898,61.93999862670898,28508,0.05072000122070313,0.0,0.0
2017-12-11,64.69000244140625,64.91999816894531,62.9900016784668,63.34000015258789,44515,0.051752001953125,0.0,0.0
2017-12-12,63.34000015258789,65.81999969482422,63.09000015258789,64.73999786376953,55976,0.050672000122070314,0.0,0.0
2017-12-13,62.43999862670898,64.30999755859375,62.36000061035156,63.900001525878906,34080,0.04995199890136719,0.0,0.0
2017-12-14,63.310001373291016,63.5,62.02000045776367,62.84000015258789,29866,0.050648001098632815,0.0,0.0
2017-12-15,63.22999954223633,63.66999816894531,63.08000183105469,63.41999816894531,21478,0.05058399963378907,0.0,0.0
2017-12-18,63.40999984741211,63.90999984741211,63.0,63.31999969482422,20560,0.05072799987792969,0.0,0.0
2017-12-19,63.79999923706055,63.90999984741211,63.29999923706055,63.43999862670898,22157,0.05103999938964844,0.0,0.0
2017-12-20,64.55999755859375,64.5999984741211,63.68000030517578,63.84999847412109,26006,0.051647998046875004,0.0,0.0
2017-12-21,64.9000015258789,64.91999816894531,64.19000244140625,64.4800033569336,17911,0.05192000122070313,0.0,0.0
2017-12-22,65.25,65.27999877929688,64.38999938964844,64.5999984741211,14337,0.0522,0.0,0.0
2017-12-26,67.0199966430664,67.08000183105469,65.01000213623047,65.06999969482422,9850,0.05361599731445313,0.0,0.0
2017-12-27,66.44000244140625,66.94000244140625,66.05000305175781,66.72000122070312,11890,0.053152001953125,0.0,0.0
2017-12-28,66.72000122070312,66.77999877929688,66.29000091552734,66.41999816894531,2057,0.053376000976562504,0.0,0.0
2017-12-29,66.5999984741211,66.5999984741211,66.5999984741211,66.5999984741211,12234,0.05327999877929688,0.0,0.0
2018-01-02,66.56999969482422,67.27999877929688,66.2300033569336,66.41999816894531,24294,0.05325599975585938,0.0,0.0
2018-01-03,67.83999633789062,68.01000213623047,66.4000015258789,66.48999786376953,25878,0.0542719970703125,0.0,0.0
2018-01-04,68.06999969482422,68.26000213623047,67.52999877929688,68.0,22840,0.05445599975585938,0.0,0.0
2018-01-05,67.62000274658203,68.08999633789062,67.2699966430664,68.05999755859375,18290,0.054096002197265625,0.0,0.0
2018-01-08,67.77999877929688,67.9800033569336,67.44999694824219,67.81999969482422,17704,0.054223999023437504,0.0,0.0
2018-01-09,68.81999969482422,69.19999694824219,67.69000244140625,67.93000030517578,25548,0.055055999755859376,0.0,0.0
2018-01-10,69.19999694824219,69.36000061035156,68.75,69.16999816894531,21538,0.055359997558593756,0.0,0.0
2018-01-11,69.26000213623047,70.02999877929688,69.0,69.08000183105469,33268,0.05540800170898438,0.0,0.0
2018-01-12,69.87000274658203,69.91999816894531,68.61000061035156,69.12999725341797,23032,0.05589600219726563,0.0,0.0
2018-01-16,69.1500015258789,70.37000274658203,68.83999633789062,69.91000366210938,33284,0.05532000122070313,0.0,0.0
2018-01-17,69.37999725341797,69.58999633789062,68.54000091552734,69.38999938964844,20500,0.05550399780273438,0.0,0.0
2018-01-18,69.30999755859375,69.66000366210938,68.80000305175781,69.43000030517578,20117,0.055447998046875,0.0,0.0
2018-01-19,68.61000061035156,69.1500015258789,68.2699966430664,69.13999938964844,22077,0.054888000488281255,0.0,0.0
2018-01-22,69.02999877929688,69.51000213623047,68.38999938964844,68.77999877929688,23250,0.055223999023437505,0.0,0.0
2018-01-23,69.95999908447266,70.23999786376953,69.12000274658203,69.25,23749,0.05596799926757813,0.0,0.0
2018-01-24,70.52999877929688,70.91000366210938,69.54000091552734,69.87999725341797,23732,0.056423999023437504,0.0,0.0
2018-01-25,70.41999816894531,71.26000213623047,69.97000122070312,70.70999908447266,24111,0.05633599853515625,0.0,0.0
2018-01-26,70.5199966430664,70.83000183105469,69.83999633789062,70.0999984741211,30361,0.056415997314453126,0.0,0.0
2018-01-29,69.45999908447266,70.63999938964844,69.08000183105469,70.5199966430664,17623,0.055567999267578126,0.0,0.0
2018-01-30,69.0199966430664,69.5199966430664,68.41999816894531,69.5199966430664,12571,0.055215997314453126,0.0,0.0
2018-01-31,69.05000305175781,69.06999969482422,68.30000305175781,68.37999725341797,1494,0.055240002441406255,0.0,0.0
2018-02-01,69.08000183105469,69.08000183105469,69.08000183105469,69.08000183105469,29317,0.055264001464843754,0.0,0.0
2018-02-02,68.58000183105469,70.01000213623047,67.95999908447266,69.75,27547,0.05486400146484375,0.0,0.0
2018-02-05,67.62000274658203,68.45999908447266,67.0,68.19999694824219,32399,0.054096002197265625,0.0,0.0
2018-02-06,66.86000061035156,67.58999633789062,66.55000305175781,66.98999786376953,32169,0.05348800048828125,0.0,0.0
2018-02-07,65.51000213623047,67.72000122070312,65.16000366210938,67.2300033569336,56412,0.05240800170898438,0.0,0.0
2018-02-08,64.80999755859375,65.58999633789062,64.11000061035156,65.44000244140625,37936,0.051847998046875,0.0,0.0
2018-02-09,62.790000915527344,64.62999725341797,61.77000045776367,64.37999725341797,34853,0.05023200073242188,0.0,0.0
2018-02-12,62.59000015258789,64.41000366210938,62.560001373291016,62.63999938964844,33192,0.05007200012207032,0.0,0.0
2018-02-13,62.720001220703125,63.09999847412109,61.7599983215332,62.7400016784668,38693,0.0501760009765625,0.0,0.0
2018-02-14,64.36000061035156,64.55999755859375,61.959999084472656,62.470001220703125,40865,0.051488000488281255,0.0,0.0
2018-02-15,64.33000183105469,65.0999984741211,63.119998931884766,64.31999969482422,36176,0.05146400146484375,0.0,0.0
2018-02-16,64.83999633789062,65.19999694824219,64.19000244140625,64.41000366210938,27034,0.0518719970703125,0.0,0.0
2018-02-20,65.25,65.83000183105469,64.77999877929688,64.86000061035156,34029,0.0522,0.0,0.0
2018-02-21,65.41999816894531,65.52999877929688,64.4000015258789,65.11000061035156,26015,0.052335998535156254,0.0,0.0
2018-02-22,66.38999938964844,66.55000305175781,64.63999938964844,65.01000213623047,29052,0.05311199951171875,0.0,0.0
2018-02-23,67.30999755859375,67.37000274658203,65.80000305175781,66.25,20948,0.053847998046875005,0.0,0.0
2018-02-26,67.5,67.9000015258789,66.73999786376953,67.30000305175781,20385,0.054,0.0,0.0
2018-02-27,66.62999725341797,67.62999725341797,66.37000274658203,67.55999755859375,9005,0.05330399780273438,0.0,0.0
2018-02-28,65.77999877929688,66.87999725341797,65.54000091552734,66.33000183105469,1241,0.0526239990234375,0.0,0.0
2018-03-01,65.70999908447266,65.70999908447266,65.70999908447266,65.70999908447266,44819,0.05256799926757813,0.0,0.0
2018-03-02,64.37000274658203,64.68000030517578,63.20000076293945,64.23999786376953,39587,0.051496002197265626,0.0,0.0
2018-03-05,65.54000091552734,65.87000274658203,64.0999984741211,64.69000244140625,31209,0.05243200073242188,0.0,0.0
2018-03-06,65.79000091552734,66.1500015258789,65.30999755859375,65.58999633789062,24251,0.05263200073242188,0.0,0.0
2018-03-07,64.33999633789062,65.77999877929688,63.84000015258789,65.43000030517578,36313,0.051471997070312504,0.0,0.0
2018-03-08,63.61000061035156,64.55000305175781,63.43000030517578,64.55000305175781,44008,0.05088800048828125,0.0,0.0
2018-03-09,65.48999786376953,65.62000274658203,63.70000076293945,63.84999847412109,33619,0.05239199829101563,0.0,0.0
2018-03-12,64.94999694824219,65.83000183105469,64.18000030517578,65.54000091552734,19165,0.051959997558593755,0.0,0.0
2018-03-13,64.63999938964844,65.66000366210938,64.04000091552734,64.91999816894531,34247,0.05171199951171875,0.0,0.0
2018-03-14,64.88999938964844,65.19000244140625,64.06999969482422,64.66999816894531,29439,0.05191199951171875,0.0,0.0
2018-03-15,65.12000274658203,65.38999938964844,64.61000061035156,64.8499984741211,22542,0.05209600219726563,0.0,0.0
2018-03-16,66.20999908447266,66.41999816894531,64.88999938964844,65.05000305175781,29187,0.05296799926757813,0.0,0.0
2018-03-19,66.05000305175781,66.3499984741211,65.38999938964844,66.12000274658203,28050,0.052840002441406256,0.0,0.0
2018-03-20,67.41999816894531,67.88999938964844,66.16999816894531,66.19999694824219,35782,0.05393599853515625,0.0,0.0
2018-03-21,69.47000122070312,69.8499984741211,67.47000122070312,67.55999755859375,43370,0.055576000976562505,0.0,0.0
2018-03-22,68.91000366210938,69.91000366210938,68.58000183105469,69.7699966430664,37699,0.0551280029296875,0.0,0.0
2018-03-23,70.44999694824219,70.56999969482422,68.80000305175781,68.9000015258789,49285,0.05635999755859375,0.0,0.0
2018-03-26,70.12000274658203,71.05000305175781,69.66999816894531,70.63999938964844,28882,0.056096002197265626,0.0,0.0
2018-03-27,70.11000061035156,71.02999877929688,69.45999908447266,70.20999908447266,15583,0.056088000488281255,0.0,0.0
2018-03-28,69.52999877929688,70.25,68.77999877929688,69.68000030517578,16988,0.0556239990234375,0.0,0.0
2018-03-29,70.2699966430664,70.43000030517578,69.12999725341797,69.80999755859375,37805,0.05621599731445313,0.0,0.0
2018-04-02,67.63999938964844,70.02999877929688,67.4800033569336,69.41999816894531,25064,0.05411199951171875,0.0,0.0
2018-04-03,68.12000274658203,68.41999816894531,67.58999633789062,67.6500015258789,22815,0.05449600219726563,0.0,0.0
2018-04-04,68.0199966430664,68.2699966430664,66.69999694824219,68.13999938964844,39674,0.05441599731445313,0.0,0.0
2018-04-05,68.33000183105469,68.91999816894531,67.7300033569336,68.3499984741211,28888,0.05466400146484375,0.0,0.0
2018-04-06,67.11000061035156,68.62000274658203,66.86000061035156,68.58999633789062,30749,0.053688000488281255,0.0,0.0
2018-04-09,68.6500015258789,68.80000305175781,67.02999877929688,67.02999877929688,23967,0.054920001220703125,0.0,0.0
2018-04-10,71.04000091552734,71.31999969482422,68.4800033569336,68.55999755859375,45123,0.05683200073242188,0.0,0.0
2018-04-11,72.05999755859375,73.08000183105469,70.55999755859375,71.02999877929688,50064,0.057647998046875,0.0,0.0
2018-04-12,72.0199966430664,72.45999908447266,71.08999633789062,71.93000030517578,38029,0.057615997314453125,0.0,0.0
2018-04-13,72.58000183105469,72.86000061035156,71.61000061035156,72.16999816894531,36895,0.05806400146484375,0.0,0.0
2018-04-16,71.41999816894531,72.87999725341797,71.12999725341797,72.62000274658203,33532,0.05713599853515625,0.0,0.0
2018-04-17,71.58000183105469,71.87999725341797,70.83000183105469,71.5999984741211,36784,0.057264001464843756,0.0,0.0
2018-04-18,73.4800033569336,73.91999816894531,71.6500015258789,71.7699966430664,34300,0.05878400268554688,0.0,0.0
2018-04-19,73.77999877929688,74.73999786376953,73.45999908447266,73.76000213623047,37579,0.0590239990234375,0.0,0.0
2018-04-20,74.05999755859375,74.19999694824219,72.83000183105469,74.0,32478,0.059247998046875,0.0,0.0
2018-04-23,74.70999908447266,75.11000061035156,73.12999725341797,73.87999725341797,41835,0.05976799926757813,0.0,0.0
2018-04-24,73.86000061035156,75.45999908447266,73.69999694824219,74.9000015258789,46897,0.05908800048828125,0.0,0.0
2018-04-25,74.0,74.18000030517578,73.18000030517578,73.94999694824219,38845,0.0592,0.0,0.0
2018-04-26,74.73999786376953,74.94999694824219,74.05999755859375,74.06999969482422,26826,0.05979199829101563,0.0,0.0
2018-04-27,74.63999938964844,75.01000213623047,74.37999725341797,74.70999908447266,15535,0.05971199951171875,0.0,0.0
2018-04-30,75.16999816894531,75.36000061035156,73.55000305175781,74.37999725341797,1630,0.060135998535156256,0.0,0.0
2018-05-01,75.16999816894531,75.16999816894531,75.16999816894531,75.16999816894531,39208,0.060135998535156256,0.0,0.0
2018-05-02,73.36000061035156,73.62000274658203,72.37000274658203,73.20999908447266,34769,0.05868800048828125,0.0,0.0
2018-05-03,73.62000274658203,74.08000183105469,72.4800033569336,73.13999938964844,35839,0.05889600219726563,0.0,0.0
2018-05-04,74.87000274658203,75.05000305175781,73.25,73.76000213623047,30457,0.05989600219726563,0.0,0.0
2018-05-07,76.16999816894531,76.33000183105469,74.8499984741211,74.9800033569336,21266,0.06093599853515625,0.0,0.0
2018-05-08,74.8499984741211,76.18000030517578,73.0999984741211,75.66000366210938,50813,0.05987999877929688,0.0,0.0
2018-05-09,77.20999908447266,77.41000366210938,75.86000061035156,75.86000061035156,34902,0.06176799926757813,0.0,0.0
2018-05-10,77.47000122070312,77.97000122070312,76.5,77.29000091552734,32445,0.0619760009765625,0.0,0.0
2018-05-11,77.12000274658203,77.58999633789062,76.94999694824219,77.41000366210938,25651,0.06169600219726563,0.0,0.0
2018-05-14,78.2300033569336,78.5199966430664,76.54000091552734,77.08999633789062,29917,0.06258400268554688,0.0,0.0
2018-05-15,78.43000030517578,79.44999694824219,77.9000015258789,78.52999877929688,41100,0.06274400024414063,0.0,0.0
2018-05-16,79.27999877929688,79.33000183105469,77.62999725341797,78.12999725341797,31226,0.0634239990234375,0.0,0.0
2018-05-17,79.30000305175781,80.5,79.12000274658203,79.23999786376953,38385,0.06344000244140625,0.0,0.0
2018-05-18,78.51000213623047,79.86000061035156,78.33000183105469,79.51000213623047,30828,0.06280800170898437,0.0,0.0
2018-05-21,79.22000122070312,79.58999633789062,78.11000061035156,78.52999877929688,19520,0.0633760009765625,0.0,0.0
2018-05-22,79.56999969482422,80.48999786376953,79.16999816894531,79.48999786376953,29522,0.06365599975585938,0.0,0.0
2018-05-23,79.80000305175781,79.8499984741211,78.2300033569336,79.48999786376953,30786,0.06384000244140625,0.0,0.0
2018-05-24,78.79000091552734,79.83999633789062,78.56999969482422,79.70999908447266,25431,0.06303200073242188,0.0,0.0
2018-05-25,76.44000244140625,78.86000061035156,76.0,78.86000061035156,42387,0.061152001953125,0.0,0.0
2018-05-29,75.38999938964844,76.18000030517578,74.51000213623047,75.5,19800,0.060311999511718756,0.0,0.0
2018-05-30,77.5,77.72000122070312,74.87999725341797,75.4000015258789,9673,0.062,0.0,0.0
2018-05-31,77.58999633789062,78.72000122070312,77.08000183105469,77.54000091552734,1039,0.0620719970703125,0.0,0.0
2018-06-01,77.58999633789062,77.58999633789062,77.58999633789062,77.58999633789062,35684,0.0620719970703125,0.0,0.0
2018-06-04,75.29000091552734,76.93000030517578,75.19999694824219,76.61000061035156,31642,0.06023200073242188,0.0,0.0
2018-06-05,75.37999725341797,75.7300033569336,73.81999969482422,75.5199966430664,43436,0.06030399780273438,0.0,0.0
2018-06-06,75.36000061035156,76.26000213623047,74.47000122070312,75.08999633789062,37262,0.06028800048828125,0.0,0.0
2018-06-07,77.31999969482422,77.37000274658203,75.41999816894531,75.91000366210938,36710,0.06185599975585938,0.0,0.0
2018-06-08,76.45999908447266,77.58000183105469,76.13999938964844,77.26000213623047,21902,0.06116799926757813,0.0,0.0
2018-06-11,76.45999908447266,76.81999969482422,75.52999877929688,76.38999938964844,22516,0.06116799926757813,0.0,0.0
2018-06-12,75.87999725341797,77.06999969482422,75.44999694824219,76.44999694824219,26330,0.060703997802734375,0.0,0.0
2018-06-13,76.73999786376953,76.87000274658203,75.19999694824219,75.4800033569336,30468,0.061391998291015625,0.0,0.0
2018-06-14,75.94000244140625,76.91000366210938,75.7699966430664,76.55000305175781,24181,0.060752001953125,0.0,0.0
2018-06-15,73.44000244140625,76.91000366210938,73.06999969482422,76.55000305175781,30144,0.058752001953125,0.0,0.0
2018-06-18,75.33999633789062,75.54000091552734,72.44000244140625,73.05000305175781,31861,0.0602719970703125,0.0,0.0
2018-06-19,75.08000183105469,75.52999877929688,74.44999694824219,75.41999816894531,33282,0.06006400146484375,0.0,0.0
2018-06-20,74.73999786376953,75.8499984741211,74.11000061035156,75.0199966430664,47160,0.05979199829101563,0.0,0.0
2018-06-21,73.05000305175781,74.68000030517578,72.94000244140625,74.36000061035156,49077,0.05844000244140625,0.0,0.0
2018-06-22,75.55000305175781,75.80999755859375,73.18000030517578,73.37000274658203,59882,0.06044000244140625,0.0,0.0
2018-06-25,74.7300033569336,75.12999725341797,73.73999786376953,75.06999969482422,41565,0.05978400268554688,0.0,0.0
2018-06-26,76.30999755859375,76.69999694824219,74.12999725341797,74.75,41470,0.061047998046875,0.0,0.0
2018-06-27,77.62000274658203,78.16999816894531,76.27999877929688,76.4800033569336,24472,0.062096002197265625,0.0,0.0
2018-06-28,77.8499984741211,78.4000015258789,77.11000061035156,77.51000213623047,14662,0.06227999877929688,0.0,0.0
2018-06-29,79.44000244140625,79.69999694824219,77.7699966430664,77.7699966430664,37117,0.063552001953125,0.0,0.0
2018-07-02,77.30000305175781,78.93000030517578,77.18000030517578,78.9000015258789,30859,0.06184000244140625,0.0,0.0
2018-07-03,77.76000213623047,78.55999755859375,76.68000030517578,77.41999816894531,22785,0.06220800170898438,0.0,0.0
2018-07-05,77.38999938964844,78.48999786376953,77.30999755859375,78.11000061035156,27678,0.06191199951171875,0.0,0.0
2018-07-06,77.11000061035156,77.69999694824219,76.37000274658203,77.58000183105469,25487,0.061688000488281255,0.0,0.0
2018-07-09,78.06999969482422,78.30999755859375,77.06999969482422,77.23999786376953,14925,0.06245599975585938,0.0,0.0
2018-07-10,78.86000061035156,79.5,78.20999908447266,78.25,19767,0.06308800048828125,0.0,0.0
2018-07-11,73.4000015258789,78.88999938964844,73.04000091552734,78.83000183105469,48913,0.05872000122070313,0.0,0.0
2018-07-12,74.44999694824219,75.12999725341797,72.68000030517578,73.77999877929688,46443,0.05955999755859375,0.0,0.0
2018-07-13,75.33000183105469,75.91999816894531,73.2300033569336,74.33000183105469,27308,0.06026400146484375,0.0,0.0
2018-07-16,71.83999633789062,75.37000274658203,71.52999877929688,75.0,27134,0.0574719970703125,0.0,0.0
2018-07-17,72.16000366210938,72.77999877929688,71.36000061035156,71.9000015258789,28197,0.0577280029296875,0.0,0.0
2018-07-18,72.9000015258789,73.2699966430664,71.19999694824219,71.63999938964844,25625,0.058320001220703126,0.0,0.0
2018-07-19,72.58000183105469,73.80000305175781,71.83000183105469,72.9800033569336,31672,0.05806400146484375,0.0,0.0
2018-07-20,73.06999969482422,73.47000122070312,72.29000091552734,72.58999633789062,24861,0.05845599975585938,0.0,0.0
2018-07-23,73.05999755859375,74.48999786376953,72.52999877929688,72.91999816894531,29479,0.058447998046875005,0.0,0.0
2018-07-24,73.44000244140625,74.01000213623047,72.68000030517578,73.0,21747,0.058752001953125,0.0,0.0
2018-07-25,73.93000030517578,74.30000305175781,73.08000183105469,73.66000366210938,25329,0.059144000244140627,0.0,0.0
2018-07-26,74.54000091552734,74.81999969482422,73.77999877929688,74.3499984741211,26293,0.05963200073242188,0.0,0.0
2018-07-27,74.29000091552734,74.8499984741211,73.83000183105469,74.47000122070312,15109,0.05943200073242188,0.0,0.0
2018-07-30,74.97000122070312,75.2699966430664,74.1500015258789,74.3499984741211,9053,0.059976000976562506,0.0,0.0
2018-07-31,74.25,75.0999984741211,74.18000030517578,74.88999938964844,1463,0.0594,0.0,0.0
2018-08-01,74.25,74.25,74.25,74.25,23660,0.0594,0.0,0.0
2018-08-02,73.44999694824219,73.73999786376953,71.83999633789062,72.5999984741211,21038,0.058759997558593756,0.0,0.0
2018-08-03,73.20999908447266,73.7300033569336,72.4800033569336,73.44000244140625,15946,0.05856799926757813,0.0,0.0
2018-08-06,73.75,74.45999908447266,73.13999938964844,73.29000091552734,20253,0.059000000000000004,0.0,0.0
2018-08-07,74.6500015258789,74.9000015258789,73.5999984741211,73.66000366210938,18289,0.05972000122070313,0.0,0.0
2018-08-08,72.27999877929688,74.86000061035156,71.66000366210938,74.52999877929688,23735,0.0578239990234375,0.0,0.0
2018-08-09,72.06999969482422,72.87999725341797,71.8499984741211,72.12999725341797,15939,0.057655999755859375,0.0,0.0
2018-08-10,72.80999755859375,73.13999938964844,71.41000366210938,72.0,16195,0.058247998046875006,0.0,0.0
2018-08-13,72.61000061035156,73.08999633789062,71.04000091552734,72.98999786376953,17644,0.05808800048828125,0.0,0.0
2018-08-14,72.45999908447266,73.93000030517578,72.0999984741211,72.87999725341797,20737,0.057967999267578126,0.0,0.0
2018-08-15,70.76000213623047,72.44000244140625,70.30000305175781,72.16999816894531,25245,0.056608001708984376,0.0,0.0
2018-08-16,71.43000030517578,71.51000213623047,70.4000015258789,70.7699966430664,18403,0.057144000244140625,0.0,0.0
2018-08-17,71.83000183105469,72.4800033569336,71.2699966430664,71.3499984741211,15051,0.057464001464843754,0.0,0.0
2018-08-20,72.20999908447266,72.73999786376953,71.44999694824219,71.77999877929688,18514,0.05776799926757813,0.0,0.0
2018-08-21,72.62999725341797,72.94999694824219,72.05999755859375,72.12999725341797,15578,0.058103997802734376,0.0,0.0
2018-08-22,74.77999877929688,74.98999786376953,72.68000030517578,72.75,19801,0.059823999023437505,0.0,0.0
2018-08-23,74.7300033569336,74.88999938964844,74.20999908447266,74.88999938964844,14222,0.05978400268554688,0.0,0.0
2018-08-24,75.81999969482422,76.4000015258789,74.69999694824219,74.73999786376953,19745,0.06065599975585938,0.0,0.0
2018-08-27,76.20999908447266,76.3499984741211,75.4000015258789,75.61000061035156,9993,0.06096799926757813,0.0,0.0
2018-08-28,75.94999694824219,76.95999908447266,75.7300033569336,76.29000091552734,17281,0.06075999755859375,0.0,0.0
2018-08-29,77.13999938964844,77.41999816894531,75.69999694824219,75.91000366210938,8895,0.061711999511718754,0.0,0.0
2018-08-30,77.7699966430664,78.0,77.20999908447266,77.30999755859375,9125,0.062215997314453125,0.0,0.0
2018-08-31,77.41999816894531,77.79000091552734,77.0999984741211,77.5,17690,0.06193599853515625,0.0,0.0
2018-09-04,78.16999816894531,79.70999908447266,77.45999908447266,78.19000244140625,36059,0.06253599853515625,0.0,0.0
2018-09-05,77.2699966430664,78.05999755859375,76.91999816894531,77.88999938964844,27811,0.06181599731445313,0.0,0.0
2018-09-06,76.5,77.75,75.63999938964844,77.13999938964844,31739,0.061200000000000004,0.0,0.0
2018-09-07,76.83000183105469,77.08000183105469,75.88999938964844,76.58000183105469,17798,0.06146400146484375,0.0,0.0
2018-09-10,77.37000274658203,77.91000366210938,76.8499984741211,76.8499984741211,23036,0.061896002197265626,0.0,0.0
2018-09-11,79.05999755859375,79.5199966430664,77.36000061035156,77.36000061035156,29921,0.063247998046875,0.0,0.0
2018-09-12,79.73999786376953,80.11000061035156,78.75,79.47000122070312,29906,0.06379199829101563,0.0,0.0
2018-09-13,78.18000030517578,79.7699966430664,77.87000274658203,79.7699966430664,28501,0.06254400024414063,0.0,0.0
2018-09-14,78.08999633789062,78.93000030517578,77.37999725341797,78.36000061035156,24296,0.0624719970703125,0.0,0.0
2018-09-17,78.05000305175781,78.88999938964844,77.7300033569336,78.06999969482422,21749,0.06244000244140625,0.0,0.0
2018-09-18,79.02999877929688,79.72000122070312,77.5,77.88999938964844,22637,0.0632239990234375,0.0,0.0
2018-09-19,79.4000015258789,79.5,78.5199966430664,78.86000061035156,19118,0.06352000122070313,0.0,0.0
2018-09-20,78.69999694824219,79.81999969482422,78.5199966430664,79.33000183105469,22855,0.06295999755859376,0.0,0.0
2018-09-21,78.80000305175781,80.12000274658203,78.23999786376953,78.69999694824219,36594,0.06304000244140626,0.0,0.0
2018-09-24,81.19999694824219,81.4800033569336,79.0999984741211,79.0999984741211,21939,0.06495999755859376,0.0,0.0
2018-09-25,81.87000274658203,82.54000091552734,81.16999816894531,81.44999694824219,30081,0.06549600219726563,0.0,0.0
2018-09-26,81.33999633789062,82.19000244140625,81.12000274658203,81.51000213623047,17271,0.0650719970703125,0.0,0.0
2018-09-27,81.72000122070312,82.41999816894531,81.33999633789062,81.80999755859375,14317,0.0653760009765625,0.0,0.0
2018-09-28,82.72000122070312,82.8499984741211,81.54000091552734,81.54000091552734,38868,0.0661760009765625,0.0,0.0
2018-10-01,84.9800033569336,85.44000244140625,82.55999755859375,82.91999816894531,34024,0.06798400268554688,0.0,0.0
2018-10-02,84.80000305175781,85.37000274658203,84.31999969482422,85.05999755859375,25338,0.06784000244140626,0.0,0.0
2018-10-03,86.29000091552734,86.72000122070312,84.01000213623047,84.70999908447266,31424,0.06903200073242188,0.0,0.0
2018-10-04,84.58000183105469,86.41999816894531,84.1500015258789,86.12999725341797,35552,0.06766400146484375,0.0,0.0
2018-10-05,84.16000366210938,85.11000061035156,83.91999816894531,84.70999908447266,27778,0.0673280029296875,0.0,0.0
2018-10-08,83.91000366210938,84.30999755859375,82.66000366210938,84.11000061035156,31603,0.0671280029296875,0.0,0.0
2018-10-09,85.0,85.44000244140625,83.72000122070312,83.7699966430664,39232,0.068,0.0,0.0
2018-10-10,83.08999633789062,85.16000366210938,82.27999877929688,84.87999725341797,31715,0.0664719970703125,0.0,0.0
2018-10-11,80.26000213623047,82.61000061035156,79.80000305175781,82.58999633789062,48195,0.06420800170898437,0.0,0.0
2018-10-12,80.43000030517578,81.47000122070312,79.22000122070312,80.27999877929688,37537,0.06434400024414062,0.0,0.0
2018-10-15,80.77999877929688,81.91000366210938,79.8499984741211,80.97000122070312,31577,0.0646239990234375,0.0,0.0
2018-10-16,81.41000366210938,81.73999786376953,79.80000305175781,80.69999694824219,33816,0.0651280029296875,0.0,0.0
2018-10-17,80.05000305175781,81.83999633789062,79.16999816894531,81.5999984741211,38202,0.06404000244140626,0.0,0.0
2018-10-18,79.29000091552734,80.33000183105469,78.69000244140625,80.33000183105469,41270,0.06343200073242188,0.0,0.0
2018-10-19,79.77999877929688,80.88999938964844,79.22000122070312,79.33999633789062,34401,0.06382399902343751,0.0,0.0
2018-10-22,79.83000183105469,80.38999938964844,78.97000122070312,80.08000183105469,37080,0.06386400146484375,0.0,0.0
2018-10-23,76.44000244140625,80.12000274658203,75.87999725341797,80.0199966430664,60226,0.061152001953125,0.0,0.0
2018-10-24,76.16999816894531,77.55999755859375,75.12999725341797,76.19000244140625,57413,0.06093599853515625,0.0,0.0
2018-10-25,76.88999938964844,77.05000305175781,75.37000274658203,75.69999694824219,33325,0.061511999511718755,0.0,0.0
2018-10-26,77.62000274658203,77.91000366210938,75.7699966430664,76.62000274658203,33549,0.062096002197265625,0.0,0.0
2018-10-29,77.33999633789062,78.01000213623047,76.55000305175781,77.69000244140625,17057,0.061871997070312504,0.0,0.0
2018-10-30,75.91000366210938,77.31999969482422,75.11000061035156,76.83999633789062,19196,0.060728002929687504,0.0,0.0
2018-10-31,75.47000122070312,76.88999938964844,75.47000122070312,76.18000030517578,2451,0.060376000976562504,0.0,0.0
2018-11-01,75.5,75.5,75.5,75.5,33938,0.0604,0.0,0.0
2018-11-02,72.83000183105469,73.4800033569336,72.16999816894531,72.66000366210938,36090,0.05826400146484375,0.0,0.0
2018-11-05,73.16999816894531,74.12000274658203,72.2300033569336,72.75,28438,0.05853599853515625,0.0,0.0
2018-11-06,72.12999725341797,73.2699966430664,71.18000030517578,72.72000122070312,32871,0.05770399780273438,0.0,0.0
2018-11-07,72.06999969482422,73.52999877929688,71.3499984741211,71.75,36648,0.057655999755859375,0.0,0.0
2018-11-08,70.6500015258789,73.05999755859375,70.51000213623047,72.13999938964844,39896,0.05652000122070313,0.0,0.0
2018-11-09,70.18000030517578,70.9800033569336,69.16000366210938,70.94999694824219,32611,0.05614400024414063,0.0,0.0
2018-11-12,70.12000274658203,71.86000061035156,68.88999938964844,70.54000091552734,39814,0.056096002197265626,0.0,0.0
2018-11-13,65.47000122070312,69.66999816894531,64.63999938964844,69.13999938964844,56981,0.0523760009765625,0.0,0.0
2018-11-14,66.12000274658203,67.62000274658203,65.01000213623047,65.27999877929688,47372,0.052896002197265625,0.0,0.0
2018-11-15,66.62000274658203,67.4000015258789,65.75,65.91999816894531,35140,0.05329600219726563,0.0,0.0
2018-11-16,66.76000213623047,68.37999725341797,66.0999984741211,66.75,37139,0.053408001708984375,0.0,0.0
2018-11-19,66.79000091552734,67.62000274658203,65.2699966430664,67.01000213623047,29353,0.05343200073242188,0.0,0.0
2018-11-20,62.52999877929688,66.95999908447266,61.7599983215332,66.91000366210938,44030,0.05002399902343751,0.0,0.0
2018-11-21,63.47999954223633,64.45999908447266,62.40999984741211,62.40999984741211,41292,0.050783999633789066,0.0,0.0
2018-11-23,58.79999923706055,62.810001373291016,58.43000030517578,62.619998931884766,56080,0.04703999938964844,0.0,0.0
2018-11-26,60.47999954223633,61.09000015258789,58.59999847412109,59.150001525878906,35607,0.04838399963378907,0.0,0.0
2018-11-27,60.209999084472656,61.400001525878906,58.95000076293945,60.40999984741211,47106,0.04816799926757813,0.0,0.0
2018-11-28,58.7599983215332,61.2599983215332,58.560001373291016,60.83000183105469,18435,0.04700799865722657,0.0,0.0
2018-11-29,59.5099983215332,60.369998931884766,57.52000045776367,58.77000045776367,8794,0.04760799865722656,0.0,0.0
2018-11-30,58.709999084472656,59.88999938964844,58.25,59.22999954223633,39344,0.04696799926757813,0.0,0.0
2018-12-03,61.68999862670898,62.59000015258789,59.5,59.88999938964844,33207,0.04935199890136718,0.0,0.0
2018-12-04,62.08000183105469,63.560001373291016,61.2400016784668,61.86000061035156,35475,0.04966400146484375,0.0,0.0
2018-12-06,60.060001373291016,61.959999084472656,58.38999938964844,61.70000076293945,60772,0.04804800109863282,0.0,0.0
2018-12-07,61.66999816894531,63.709999084472656,59.09999847412109,60.310001373291016,59861,0.04933599853515625,0.0,0.0
2018-12-10,59.970001220703125,62.310001373291016,59.560001373291016,61.45000076293945,34114,0.0479760009765625,0.0,0.0
2018-12-11,60.20000076293945,61.09000015258789,59.619998931884766,59.88999938964844,31823,0.04816000061035156,0.0,0.0
2018-12-12,60.150001525878906,61.41999816894531,59.9900016784668,60.5099983215332,31651,0.048120001220703125,0.0,0.0
2018-12-13,61.45000076293945,62.02000045776367,59.34000015258789,60.310001373291016,29600,0.04916000061035156,0.0,0.0
2018-12-14,60.27999877929688,61.75,59.91999816894531,61.65999984741211,24871,0.048223999023437505,0.0,0.0
2018-12-17,59.61000061035156,61.18999862670898,58.630001068115234,60.369998931884766,32165,0.04768800048828125,0.0,0.0
2018-12-18,56.2599983215332,59.220001220703125,55.66999816894531,58.810001373291016,41690,0.045007998657226565,0.0,0.0
2018-12-19,57.2400016784668,58.09999847412109,56.02999877929688,56.209999084472656,47399,0.04579200134277344,0.0,0.0
2018-12-20,54.34999847412109,56.7400016784668,54.27999877929688,56.54999923706055,40553,0.04347999877929687,0.0,0.0
2018-12-21,53.81999969482422,55.29999923706055,52.810001373291016,54.81999969482422,40930,0.04305599975585938,0.0,0.0
2018-12-24,50.470001220703125,54.63999938964844,50.380001068115234,53.58000183105469,19160,0.0403760009765625,0.0,0.0
2018-12-26,54.470001220703125,55.27999877929688,49.959999084472656,51.130001068115234,16444,0.0435760009765625,0.0,0.0
2018-12-27,52.15999984741211,54.91999816894531,51.9900016784668,54.91999816894531,8946,0.04172799987792969,0.0,0.0
2018-12-28,52.20000076293945,53.5099983215332,51.630001068115234,53.02999877929688,31833,0.041760000610351566,0.0,0.0
2018-12-31,53.79999923706055,54.790000915527344,52.65999984741211,53.060001373291016,21966,0.04303999938964844,0.0,0.0
2019-01-02,54.90999984741211,56.560001373291016,52.5,54.25,43517,0.04392799987792969,0.0,0.0
2019-01-03,55.95000076293945,56.290000915527344,53.93000030517578,54.77000045776367,36535,0.04476000061035156,0.0,0.0
2019-01-04,57.060001373291016,58.29999923706055,55.36000061035156,55.58000183105469,42426,0.04564800109863282,0.0,0.0
2019-01-07,57.33000183105469,58.91999816894531,57.27999877929688,57.369998931884766,41677,0.045864001464843755,0.0,0.0
2019-01-08,58.720001220703125,58.86000061035156,57.11000061035156,57.630001068115234,34135,0.0469760009765625,0.0,0.0
2019-01-09,61.43999862670898,61.68000030517578,58.619998931884766,58.650001525878906,38989,0.049151998901367185,0.0,0.0
2019-01-10,61.68000030517578,61.900001525878906,60.45000076293945,61.33000183105469,31333,0.04934400024414063,0.0,0.0
2019-01-11,60.47999954223633,62.470001220703125,60.08000183105469,61.25,31369,0.04838399963378907,0.0,0.0
2019-01-14,58.9900016784668,61.02000045776367,58.90999984741211,60.540000915527344,31241,0.04719200134277344,0.0,0.0
2019-01-15,60.63999938964844,60.84999847412109,59.11000061035156,59.2599983215332,29948,0.04851199951171875,0.0,0.0
2019-01-16,61.31999969482422,61.43000030517578,60.040000915527344,60.63999938964844,32025,0.04905599975585938,0.0,0.0
2019-01-17,61.18000030517578,61.540000915527344,60.040000915527344,61.18000030517578,30131,0.048944000244140626,0.0,0.0
2019-01-18,62.70000076293945,62.9900016784668,61.060001373291016,61.18999862670898,39637,0.050160000610351564,0.0,0.0
2019-01-22,61.5,63.119998931884766,60.58000183105469,62.7400016784668,53602,0.0492,0.0,0.0
2019-01-23,61.13999938964844,62.29999923706055,60.220001220703125,61.56999969482422,35364,0.048911999511718755,0.0,0.0
2019-01-24,61.09000015258789,61.5,60.40999984741211,61.02000045776367,35861,0.04887200012207032,0.0,0.0
2019-01-25,61.63999938964844,61.90999984741211,60.709999084472656,61.13999938964844,30262,0.04931199951171875,0.0,0.0
2019-01-28,59.93000030517578,61.66999816894531,59.47999954223633,61.33000183105469,34315,0.047944000244140625,0.0,0.0
2019-01-29,61.31999969482422,61.790000915527344,59.7599983215332,59.97999954223633,18715,0.04905599975585938,0.0,0.0
2019-01-30,61.650001525878906,62.63999938964844,61.06999969482422,61.25,12039,0.049320001220703125,0.0,0.0
2019-01-31,61.88999938964844,62.31999969482422,61.63999938964844,61.68999862670898,1288,0.04951199951171875,0.0,0.0
2019-02-01,61.869998931884766,61.869998931884766,61.869998931884766,61.869998931884766,30044,0.04949599914550781,0.0,0.0
2019-02-04,62.5099983215332,63.630001068115234,61.27999877929688,62.70000076293945,36025,0.05000799865722656,0.0,0.0
2019-02-05,61.97999954223633,63.02000045776367,61.720001220703125,62.77999877929688,27285,0.049583999633789066,0.0,0.0
2019-02-06,62.68999862670898,62.79999923706055,61.04999923706055,62.040000915527344,26542,0.050151998901367185,0.0,0.0
2019-02-07,61.630001068115234,62.900001525878906,60.61000061035156,62.65999984741211,33982,0.04930400085449219,0.0,0.0
2019-02-08,62.09999847412109,62.34999847412109,61.04999923706055,61.59999847412109,36111,0.04967999877929687,0.0,0.0
2019-02-11,61.5099983215332,62.34000015258789,60.900001525878906,62.0,35285,0.04920799865722657,0.0,0.0
2019-02-12,62.41999816894531,63.31999969482422,61.540000915527344,61.59999847412109,36801,0.049935998535156255,0.0,0.0
2019-02-13,63.61000061035156,63.959999084472656,62.650001525878906,62.650001525878906,33859,0.05088800048828125,0.0,0.0
2019-02-14,64.56999969482422,64.80999755859375,63.27999877929688,63.630001068115234,39526,0.051655999755859376,0.0,0.0
2019-02-15,66.25,66.4000015258789,64.43000030517578,64.61000061035156,36154,0.053000000000000005,0.0,0.0
2019-02-19,66.44999694824219,66.83000183105469,65.58000183105469,66.30999755859375,46238,0.053159997558593755,0.0,0.0
2019-02-20,67.08000183105469,67.37000274658203,65.62999725341797,66.36000061035156,29155,0.05366400146484375,0.0,0.0
2019-02-21,67.06999969482422,67.31999969482422,66.69999694824219,67.1500015258789,27113,0.05365599975585938,0.0,0.0
2019-02-22,67.12000274658203,67.7300033569336,66.83000183105469,66.88999938964844,23973,0.05369600219726563,0.0,0.0
2019-02-25,64.76000213623047,67.47000122070312,64.55999755859375,66.80000305175781,31914,0.05180800170898438,0.0,0.0
2019-02-26,65.20999908447266,65.72000122070312,64.33999633789062,64.72000122070312,18661,0.052167999267578126,0.0,0.0
2019-02-27,66.38999938964844,66.69999694824219,65.30000305175781,65.54000091552734,10200,0.05311199951171875,0.0,0.0
2019-02-28,66.02999877929688,66.36000061035156,65.75,66.31999969482422,28959,0.052823999023437505,0.0,0.0
2019-03-01,65.06999969482422,67.13999938964844,64.58999633789062,66.41000366210938,38355,0.05205599975585938,0.0,0.0
2019-03-04,65.66999816894531,66.33999633789062,65.01000213623047,65.01000213623047,28931,0.05253599853515625,0.0,0.0
2019-03-05,65.86000061035156,66.22000122070312,65.04000091552734,65.72000122070312,28346,0.052688000488281254,0.0,0.0
2019-03-06,65.98999786376953,66.16999816894531,65.2300033569336,65.62999725341797,41210,0.05279199829101563,0.0,0.0
2019-03-07,66.30000305175781,66.98999786376953,65.76000213623047,65.93000030517578,35738,0.053040002441406255,0.0,0.0
2019-03-08,65.73999786376953,66.08000183105469,64.01000213623047,66.06999969482422,49867,0.05259199829101563,0.0,0.0
2019-03-11,66.58000183105469,66.77999877929688,65.6500015258789,65.7300033569336,37538,0.05326400146484375,0.0,0.0
2019-03-12,66.66999816894531,67.38999938964844,66.3499984741211,66.68000030517578,37897,0.053335998535156255,0.0,0.0
2019-03-13,67.55000305175781,67.75,66.70999908447266,66.87999725341797,36739,0.054040002441406255,0.0,0.0
2019-03-14,67.2300033569336,68.12999725341797,67.02999877929688,67.58999633789062,32817,0.05378400268554688,0.0,0.0
2019-03-15,67.16000366210938,67.70999908447266,66.13999938964844,67.12999725341797,34969,0.053728002929687504,0.0,0.0
2019-03-18,67.54000091552734,67.69000244140625,66.69999694824219,67.05000305175781,31752,0.05403200073242188,0.0,0.0
2019-03-19,67.61000061035156,68.22000122070312,67.13999938964844,67.44999694824219,30329,0.05408800048828125,0.0,0.0
2019-03-20,68.5,68.56999969482422,67.19000244140625,67.5199966430664,35132,0.0548,0.0,0.0
2019-03-21,67.86000061035156,68.69999694824219,67.61000061035156,68.31999969482422,35417,0.05428800048828125,0.0,0.0
2019-03-22,67.02999877929688,67.97000122070312,66.20999908447266,67.70999908447266,45565,0.0536239990234375,0.0,0.0
2019-03-25,67.20999908447266,67.63999938964844,66.37000274658203,66.93000030517578,36691,0.05376799926757813,0.0,0.0
2019-03-26,67.97000122070312,68.22000122070312,67.25,67.25,38187,0.054376000976562505,0.0,0.0
2019-03-27,67.83000183105469,68.3499984741211,67.19999694824219,67.87000274658203,26692,0.05426400146484375,0.0,0.0
2019-03-28,67.81999969482422,68.0,66.55000305175781,67.87000274658203,11876,0.054255999755859374,0.0,0.0
2019-03-29,68.38999938964844,68.87999725341797,67.81999969482422,68.0,43566,0.054711999511718755,0.0,0.0
2019-04-01,69.01000213623047,69.19000244140625,67.54000091552734,67.54000091552734,49439,0.05520800170898438,0.0,0.0
2019-04-02,69.37000274658203,69.5199966430664,68.69000244140625,69.20999908447266,46166,0.05549600219726563,0.0,0.0
2019-04-03,69.30999755859375,69.95999908447266,68.80000305175781,69.79000091552734,46550,0.055447998046875,0.0,0.0
2019-04-04,69.4000015258789,70.01000213623047,68.87999725341797,69.48999786376953,37531,0.05552000122070313,0.0,0.0
2019-04-05,70.33999633789062,70.47000122070312,68.93000030517578,69.26000213623047,36491,0.0562719970703125,0.0,0.0
2019-04-08,71.0999984741211,71.19000244140625,70.44000244140625,70.5,40966,0.05687999877929688,0.0,0.0
2019-04-09,70.61000061035156,71.33999633789062,70.30000305175781,71.08000183105469,37189,0.05648800048828125,0.0,0.0
2019-04-10,71.7300033569336,71.79000091552734,70.58000183105469,70.83000183105469,46506,0.05738400268554688,0.0,0.0
2019-04-11,70.83000183105469,71.68000030517578,70.58000183105469,71.66000366210938,39968,0.05666400146484375,0.0,0.0
2019-04-12,71.55000305175781,71.86000061035156,70.9000015258789,70.91999816894531,32729,0.05724000244140625,0.0,0.0
2019-04-15,71.18000030517578,71.6500015258789,70.77999877929688,71.62000274658203,28582,0.056944000244140626,0.0,0.0
2019-04-16,71.72000122070312,71.94000244140625,70.75,71.2699966430664,43907,0.0573760009765625,0.0,0.0
2019-04-17,71.62000274658203,72.26000213623047,71.45999908447266,71.83999633789062,40910,0.057296002197265626,0.0,0.0
2019-04-18,71.97000122070312,72.02999877929688,71.20999908447266,71.55000305175781,38122,0.0575760009765625,0.0,0.0
2019-04-22,74.04000091552734,74.51000213623047,71.9000015258789,72.05000305175781,48893,0.05923200073242188,0.0,0.0
2019-04-23,74.51000213623047,74.7300033569336,73.98999786376953,74.19999694824219,50165,0.05960800170898438,0.0,0.0
2019-04-24,74.56999969482422,74.72000122070312,74.0,74.31999969482422,46326,0.059655999755859376,0.0,0.0
2019-04-25,74.3499984741211,75.58999633789062,74.0,74.52999877929688,62237,0.059479998779296876,0.0,0.0
2019-04-26,72.1500015258789,74.41000366210938,71.29000091552734,74.30000305175781,32803,0.05772000122070313,0.0,0.0
2019-04-29,72.04000091552734,72.5,71.11000061035156,71.69999694824219,16694,0.057632000732421876,0.0,0.0
2019-04-30,72.80000305175781,73.19999694824219,71.7300033569336,72.0999984741211,43783,0.05824000244140625,0.0,0.0
2019-05-01,72.18000030517578,72.36000061035156,71.29000091552734,71.5199966430664,32617,0.05774400024414063,0.0,0.0
2019-05-02,70.75,72.22000122070312,69.68000030517578,72.1500015258789,51722,0.056600000000000004,0.0,0.0
2019-05-03,70.8499984741211,71.54000091552734,69.95999908447266,70.31999969482422,39000,0.05667999877929688,0.0,0.0
2019-05-06,71.23999786376953,71.79000091552734,68.76000213623047,70.5999984741211,36208,0.05699199829101563,0.0,0.0
2019-05-07,69.87999725341797,71.30999755859375,69.38999938964844,71.16000366210938,48729,0.055903997802734376,0.0,0.0
2019-05-08,70.37000274658203,70.80000305175781,69.31999969482422,69.81999969482422,45312,0.056296002197265625,0.0,0.0
2019-05-09,70.38999938964844,70.63999938964844,69.4000015258789,70.2300033569336,46554,0.05631199951171875,0.0,0.0
2019-05-10,70.62000274658203,71.2300033569336,70.16999816894531,70.30000305175781,50395,0.05649600219726563,0.0,0.0
2019-05-13,70.2300033569336,72.56999969482422,69.7300033569336,70.9000015258789,62747,0.05618400268554688,0.0,0.0
2019-05-14,71.23999786376953,71.63999938964844,69.93000030517578,69.98999786376953,57905,0.05699199829101563,0.0,0.0
2019-05-15,71.7699966430664,72.25,70.41999816894531,70.9800033569336,48596,0.05741599731445313,0.0,0.0
2019-05-16,72.62000274658203,73.3499984741211,71.81999969482422,71.94999694824219,56835,0.05809600219726563,0.0,0.0
2019-05-17,72.20999908447266,73.2300033569336,71.77999877929688,72.86000061035156,43365,0.05776799926757813,0.0,0.0
2019-05-20,71.97000122070312,73.38999938964844,71.58999633789062,73.0999984741211,48963,0.0575760009765625,0.0,0.0
2019-05-21,72.18000030517578,72.5199966430664,71.61000061035156,72.02999877929688,55652,0.05774400024414063,0.0,0.0
2019-05-22,70.98999786376953,72.0199966430664,70.41999816894531,71.87999725341797,57458,0.056791998291015625,0.0,0.0
2019-05-23,67.76000213623047,70.7300033569336,67.0,70.69999694824219,80487,0.05420800170898438,0.0,0.0
2019-05-24,68.69000244140625,69.30000305175781,67.31999969482422,68.01000213623047,66452,0.054952001953125,0.0,0.0
2019-05-28,70.11000061035156,70.58000183105469,68.55000305175781,69.0999984741211,65297,0.056088000488281255,0.0,0.0
2019-05-29,69.44999694824219,70.08999633789062,68.06999969482422,70.05000305175781,32769,0.055559997558593754,0.0,0.0
2019-05-30,66.87000274658203,69.94999694824219,66.30000305175781,69.7300033569336,19076,0.05349600219726563,0.0,0.0
2019-05-31,64.48999786376953,66.7300033569336,64.41999816894531,66.70999908447266,67969,0.05159199829101563,0.0,0.0
2019-06-03,61.27999877929688,62.83000183105469,60.459999084472656,61.59999847412109,60640,0.04902399902343751,0.0,0.0
2019-06-04,61.970001220703125,62.09999847412109,60.220001220703125,60.84000015258789,58666,0.0495760009765625,0.0,0.0
2019-06-05,60.630001068115234,62.2599983215332,59.45000076293945,61.47999954223633,67012,0.04850400085449219,0.0,0.0
2019-06-06,61.66999816894531,62.41999816894531,60.13999938964844,60.58000183105469,51701,0.04933599853515625,0.0,0.0
2019-06-07,63.290000915527344,63.58000183105469,61.77999877929688,62.220001220703125,44888,0.05063200073242188,0.0,0.0
2019-06-10,62.290000915527344,64.12999725341797,62.04999923706055,63.68999862670898,34096,0.049832000732421874,0.0,0.0
2019-06-11,62.290000915527344,62.869998931884766,62.0099983215332,62.36000061035156,41448,0.049832000732421874,0.0,0.0
2019-06-12,59.970001220703125,62.11000061035156,59.56999969482422,62.11000061035156,47691,0.0479760009765625,0.0,0.0
2019-06-13,61.310001373291016,62.63999938964844,59.7599983215332,59.81999969482422,72728,0.04904800109863282,0.0,0.0
2019-06-14,62.0099983215332,62.56999969482422,60.7400016784668,61.380001068115234,38166,0.049607998657226565,0.0,0.0
2019-06-17,60.93999862670898,62.34999847412109,60.720001220703125,61.970001220703125,46699,0.04875199890136719,0.0,0.0
2019-06-18,62.13999938964844,62.83000183105469,60.25,61.02000045776367,46430,0.04971199951171875,0.0,0.0
2019-06-19,61.81999969482422,62.52000045776367,61.38999938964844,62.25,51499,0.049455999755859376,0.0,0.0
2019-06-20,64.44999694824219,64.80999755859375,62.16999816894531,62.209999084472656,64896,0.05155999755859375,0.0,0.0
2019-06-21,65.19999694824219,65.75,63.9900016784668,64.73999786376953,51282,0.052159997558593754,0.0,0.0
2019-06-24,64.86000061035156,65.80000305175781,64.0999984741211,65.54000091552734,39427,0.05188800048828125,0.0,0.0
2019-06-25,65.05000305175781,65.95999908447266,64.18000030517578,64.72000122070312,37722,0.052040002441406254,0.0,0.0
2019-06-26,66.48999786376953,66.86000061035156,65.61000061035156,65.7699966430664,26217,0.053191998291015626,0.0,0.0
2019-06-27,66.55000305175781,66.79000091552734,65.6500015258789,66.08999633789062,13127,0.05324000244140625,0.0,0.0
2019-06-28,66.55000305175781,66.77999877929688,66.05999755859375,66.6500015258789,32575,0.05324000244140625,0.0,0.0
2019-07-01,65.05999755859375,66.73999786376953,64.22000122070312,65.27999877929688,46308,0.052047998046875,0.0,0.0
2019-07-02,62.400001525878906,65.5,62.22999954223633,65.19000244140625,47774,0.04992000122070313,0.0,0.0
2019-07-03,63.81999969482422,64.0,62.06999969482422,62.75,35881,0.05105599975585938,0.0,0.0
2019-07-05,64.2300033569336,64.5199966430664,62.90999984741211,63.880001068115234,34614,0.051384002685546874,0.0,0.0
2019-07-08,64.11000061035156,65.12999725341797,63.79999923706055,64.37000274658203,29582,0.05128800048828125,0.0,0.0
2019-07-09,64.16000366210938,65.0199966430664,63.7400016784668,63.91999816894531,28731,0.051328002929687505,0.0,0.0
2019-07-10,67.01000213623047,67.12999725341797,64.48999786376953,64.48999786376953,40838,0.05360800170898438,0.0,0.0
2019-07-11,66.5199966430664,67.63999938964844,66.44000244140625,66.72000122070312,37676,0.053215997314453124,0.0,0.0
2019-07-12,66.72000122070312,67.2699966430664,66.51000213623047,66.77999877929688,31996,0.053376000976562504,0.0,0.0
2019-07-15,66.4800033569336,67.45999908447266,66.06999969482422,66.6500015258789,35583,0.05318400268554688,0.0,0.0
2019-07-16,64.3499984741211,67.08000183105469,63.84999847412109,66.12999725341797,41087,0.051479998779296876,0.0,0.0
2019-07-17,63.65999984741211,65.27999877929688,63.22999954223633,64.33000183105469,34392,0.05092799987792969,0.0,0.0
2019-07-18,61.93000030517578,64.45999908447266,61.290000915527344,63.630001068115234,48628,0.04954400024414063,0.0,0.0
2019-07-19,62.470001220703125,63.34000015258789,61.84000015258789,62.58000183105469,36709,0.049976000976562504,0.0,0.0
2019-07-22,63.2599983215332,64.0199966430664,62.77000045776367,62.90999984741211,33851,0.050607998657226566,0.0,0.0
2019-07-23,63.83000183105469,64.44999694824219,62.65999984741211,63.290000915527344,31220,0.05106400146484375,0.0,0.0
2019-07-24,63.18000030517578,64.66000366210938,62.59000015258789,64.23999786376953,42616,0.05054400024414063,0.0,0.0
2019-07-25,63.38999938964844,64.2300033569336,63.02999877929688,63.150001525878906,27929,0.05071199951171875,0.0,0.0
2019-07-26,63.459999084472656,63.959999084472656,63.02000045776367,63.2400016784668,26232,0.05076799926757813,0.0,0.0
2019-07-29,63.709999084472656,63.90999984741211,62.90999984741211,63.119998931884766,14517,0.050967999267578126,0.0,0.0
2019-07-30,64.72000122070312,65.04000091552734,63.84999847412109,63.84999847412109,11005,0.0517760009765625,0.0,0.0
2019-07-31,65.16999816894531,65.36000061035156,64.54000091552734,64.61000061035156,34287,0.052135998535156255,0.0,0.0
2019-08-01,60.5,64.5199966430664,60.02999877929688,64.29000091552734,63060,0.048400000000000006,0.0,0.0
2019-08-02,61.88999938964844,62.93000030517578,60.88999938964844,61.09999847412109,47421,0.04951199951171875,0.0,0.0
2019-08-05,59.810001373291016,61.54999923706055,59.66999816894531,61.54999923706055,47722,0.04784800109863281,0.0,0.0
2019-08-06,58.93999862670898,60.540000915527344,58.56999969482422,60.0,34335,0.04715199890136718,0.0,0.0
2019-08-07,56.22999954223633,59.18999862670898,55.880001068115234,58.560001373291016,52628,0.04498399963378907,0.0,0.0
2019-08-08,57.380001068115234,58.0099983215332,56.77000045776367,57.369998931884766,36965,0.04590400085449219,0.0,0.0
2019-08-09,58.52999877929688,59.09999847412109,57.119998931884766,57.650001525878906,34015,0.04682399902343751,0.0,0.0
2019-08-12,58.56999969482422,58.869998931884766,57.880001068115234,58.36000061035156,30960,0.04685599975585938,0.0,0.0
2019-08-13,61.29999923706055,61.5,57.97999954223633,58.400001525878906,45522,0.04903999938964844,0.0,0.0
2019-08-14,59.47999954223633,61.08000183105469,58.22999954223633,60.97999954223633,45545,0.047583999633789065,0.0,0.0
2019-08-15,58.22999954223633,59.41999816894531,57.68999862670898,59.04999923706055,45864,0.046583999633789064,0.0,0.0
2019-08-16,58.63999938964844,59.5,58.290000915527344,58.41999816894531,25244,0.046911999511718754,0.0,0.0
2019-08-19,59.7400016784668,59.91999816894531,58.59000015258789,58.630001068115234,30652,0.04779200134277344,0.0,0.0
2019-08-20,60.02999877929688,60.31999969482422,58.959999084472656,59.7400016784668,30782,0.04802399902343751,0.0,0.0
2019-08-21,60.29999923706055,61.40999984741211,60.04999923706055,60.060001373291016,33717,0.04823999938964844,0.0,0.0
2019-08-22,59.91999816894531,60.88999938964844,59.470001220703125,60.41999816894531,33800,0.04793599853515625,0.0,0.0
2019-08-23,59.34000015258789,60.27999877929688,58.31999969482422,60.040000915527344,41613,0.04747200012207031,0.0,0.0
2019-08-26,58.70000076293945,60.16999816894531,58.27000045776367,58.400001525878906,26628,0.04696000061035156,0.0,0.0
2019-08-27,59.5099983215332,60.13999938964844,58.5099983215332,58.709999084472656,30198,0.04760799865722656,0.0,0.0
2019-08-28,60.4900016784668,61.04999923706055,59.81999969482422,60.13999938964844,17141,0.04839200134277344,0.0,0.0
2019-08-29,61.08000183105469,61.18000030517578,60.0099983215332,60.4900016784668,10658,0.04886400146484375,0.0,0.0
2019-08-30,60.43000030517578,61.13999938964844,60.29999923706055,61.02999877929688,41940,0.04834400024414063,0.0,0.0
2019-09-03,58.2599983215332,59.25,57.220001220703125,59.06999969482422,51149,0.04660799865722656,0.0,0.0
2019-09-04,60.70000076293945,60.959999084472656,58.09000015258789,58.2400016784668,36192,0.04856000061035157,0.0,0.0
2019-09-05,60.95000076293945,62.38999938964844,60.25,60.5099983215332,37813,0.048760000610351566,0.0,0.0
2019-09-06,61.540000915527344,61.880001068115234,59.40999984741211,60.810001373291016,37585,0.04923200073242188,0.0,0.0
2019-09-09,62.59000015258789,62.9900016784668,61.540000915527344,61.540000915527344,31505,0.05007200012207032,0.0,0.0
2019-09-10,62.380001068115234,63.77000045776367,62.16999816894531,62.7400016784668,32170,0.04990400085449219,0.0,0.0
2019-09-11,60.810001373291016,63.25,60.52000045776367,62.68000030517578,37485,0.04864800109863281,0.0,0.0
2019-09-12,60.380001068115234,61.38999938964844,58.90999984741211,61.02999877929688,44952,0.04830400085449219,0.0,0.0
2019-09-13,60.220001220703125,60.79999923706055,59.59999847412109,60.40999984741211,26153,0.0481760009765625,0.0,0.0
2019-09-16,69.0199966430664,71.0,64.77999877929688,67.0,69899,0.055215997314453126,0.0,0.0
2019-09-17,64.55000305175781,69.25,63.560001373291016,68.16999816894531,87185,0.05164000244140625,0.0,0.0
2019-09-18,63.59999847412109,64.98999786376953,63.06999969482422,64.25,37459,0.05087999877929687,0.0,0.0
2019-09-19,64.4000015258789,65.56999969482422,63.470001220703125,63.650001525878906,36971,0.051520001220703125,0.0,0.0
2019-09-20,64.27999877929688,65.2699966430664,64.05000305175781,64.9800033569336,23355,0.0514239990234375,0.0,0.0
2019-09-23,64.7699966430664,65.31999969482422,63.540000915527344,65.31999969482422,25895,0.051815997314453126,0.0,0.0
2019-09-24,63.09999847412109,64.52999877929688,62.34999847412109,64.4800033569336,30503,0.050479998779296875,0.0,0.0
2019-09-25,62.38999938964844,62.810001373291016,61.220001220703125,62.43000030517578,25272,0.04991199951171875,0.0,0.0
2019-09-26,62.7400016784668,62.91999816894531,61.459999084472656,62.58000183105469,11043,0.05019200134277344,0.0,0.0
2019-09-27,61.90999984741211,62.720001220703125,60.77000045776367,62.52999877929688,9063,0.04952799987792969,0.0,0.0
2019-09-30,60.77999877929688,62.08000183105469,60.77000045776367,61.880001068115234,34510,0.04862399902343751,0.0,0.0
2019-10-01,58.88999938964844,60.09000015258789,58.40999984741211,59.52999877929688,41174,0.04711199951171875,0.0,0.0
2019-10-02,57.68999862670898,59.4900016784668,57.22999954223633,59.220001220703125,40386,0.04615199890136718,0.0,0.0
2019-10-03,57.709999084472656,57.9900016784668,56.150001525878906,57.5,49093,0.04616799926757813,0.0,0.0
2019-10-04,58.369998931884766,58.95000076293945,57.59999847412109,57.59999847412109,41717,0.046695999145507816,0.0,0.0
2019-10-07,58.34999847412109,59.66999816894531,57.70000076293945,57.70000076293945,28765,0.04667999877929687,0.0,0.0
2019-10-08,58.2400016784668,58.93000030517578,57.369998931884766,58.470001220703125,38868,0.04659200134277344,0.0,0.0
2019-10-09,58.31999969482422,59.34000015258789,57.95000076293945,58.09999847412109,36036,0.04665599975585938,0.0,0.0
2019-10-10,59.09999847412109,59.52999877929688,57.11000061035156,58.38999938964844,36561,0.047279998779296874,0.0,0.0
2019-10-11,60.5099983215332,60.68999862670898,59.209999084472656,59.58000183105469,51613,0.048407998657226566,0.0,0.0
2019-10-14,59.34999847412109,60.75,58.5099983215332,60.560001373291016,39154,0.04747999877929687,0.0,0.0
2019-10-15,58.7400016784668,59.68000030517578,58.0,59.290000915527344,49695,0.04699200134277344,0.0,0.0
2019-10-16,59.41999816894531,59.72999954223633,58.34999847412109,58.7599983215332,43443,0.047535998535156256,0.0,0.0
2019-10-17,59.90999984741211,60.02999877929688,58.63999938964844,59.09999847412109,44951,0.04792799987792969,0.0,0.0
2019-10-18,59.41999816894531,60.27000045776367,59.0,59.880001068115234,33528,0.047535998535156256,0.0,0.0
2019-10-21,58.959999084472656,59.540000915527344,58.2599983215332,59.36000061035156,35588,0.04716799926757813,0.0,0.0
2019-10-22,59.70000076293945,60.2599983215332,58.77000045776367,59.04999923706055,37803,0.047760000610351565,0.0,0.0
2019-10-23,61.16999816894531,61.29999923706055,58.84999847412109,59.630001068115234,37010,0.048935998535156254,0.0,0.0
2019-10-24,61.66999816894531,61.90999984741211,60.65999984741211,61.09000015258789,35367,0.04933599853515625,0.0,0.0
2019-10-25,62.02000045776367,62.11000061035156,60.93999862670898,61.52000045776367,31392,0.04961600036621094,0.0,0.0
2019-10-28,61.56999969482422,62.34000015258789,61.20000076293945,61.9900016784668,24870,0.04925599975585938,0.0,0.0
2019-10-29,61.59000015258789,61.97999954223633,60.66999816894531,61.650001525878906,16903,0.049272000122070315,0.0,0.0
2019-10-30,60.61000061035156,61.90999984741211,60.470001220703125,61.310001373291016,13275,0.04848800048828125,0.0,0.0
2019-10-31,60.22999954223633,61.02999877929688,60.06999969482422,60.68999862670898,36213,0.04818399963378907,0.0,0.0
2019-11-01,61.68999862670898,61.810001373291016,59.400001525878906,59.54999923706055,28361,0.04935199890136718,0.0,0.0
2019-11-04,62.130001068115234,62.77999877929688,61.290000915527344,62.0,28961,0.04970400085449219,0.0,0.0
2019-11-05,62.959999084472656,63.16999816894531,61.900001525878906,62.060001373291016,27103,0.05036799926757813,0.0,0.0
2019-11-06,61.7400016784668,63.31999969482422,61.59000015258789,62.93999862670898,34901,0.04939200134277344,0.0,0.0
2019-11-07,62.290000915527344,62.900001525878906,61.63999938964844,61.77999877929688,33158,0.049832000732421874,0.0,0.0
2019-11-08,62.5099983215332,62.68999862670898,60.65999984741211,62.34000015258789,34325,0.05000799865722656,0.0,0.0
2019-11-11,62.18000030517578,62.75,61.58000183105469,62.5099983215332,23316,0.04974400024414063,0.0,0.0
2019-11-12,62.060001373291016,62.84999847412109,61.79999923706055,62.16999816894531,30687,0.049648001098632814,0.0,0.0
2019-11-13,62.369998931884766,62.72999954223633,61.22999954223633,61.970001220703125,33278,0.04989599914550782,0.0,0.0
2019-11-14,62.27999877929688,63.20000076293945,62.13999938964844,62.54999923706055,27803,0.04982399902343751,0.0,0.0
2019-11-15,63.29999923706055,63.63999938964844,61.70000076293945,62.33000183105469,32240,0.05063999938964844,0.0,0.0
2019-11-18,62.43999862670898,63.58000183105469,61.93999862670898,63.29999923706055,29294,0.04995199890136719,0.0,0.0
2019-11-19,60.90999984741211,62.54999923706055,60.630001068115234,62.33000183105469,32258,0.04872799987792969,0.0,0.0
2019-11-20,62.400001525878906,62.79999923706055,60.29999923706055,60.7400016784668,39331,0.04992000122070313,0.0,0.0
2019-11-21,63.970001220703125,64.02999877929688,61.93000030517578,62.43999862670898,36374,0.051176000976562504,0.0,0.0
2019-11-22,63.38999938964844,64.30000305175781,62.9900016784668,63.66999816894531,33785,0.05071199951171875,0.0,0.0
2019-11-25,63.650001525878906,63.790000915527344,62.959999084472656,63.459999084472656,25178,0.05092000122070313,0.0,0.0
2019-11-26,64.2699966430664,64.30999755859375,63.45000076293945,63.5099983215332,23433,0.05141599731445313,0.0,0.0
2019-11-27,64.05999755859375,64.5999984741211,63.52999877929688,64.13999938964844,15263,0.051247998046875,0.0,0.0
2019-11-29,62.43000030517578,64.04000091552734,62.400001525878906,64.04000091552734,47386,0.04994400024414063,0.0,0.0
2019-12-02,60.91999816894531,62.08000183105469,60.5,60.79999923706055,39023,0.048735998535156255,0.0,0.0
2019-12-03,60.81999969482422,61.59000015258789,60.29999923706055,60.90999984741211,32863,0.04865599975585938,0.0,0.0
2019-12-04,63.0,63.52999877929688,60.9900016784668,61.15999984741211,41730,0.0504,0.0,0.0
2019-12-05,63.38999938964844,63.900001525878906,62.75,63.04999923706055,38903,0.05071199951171875,0.0,0.0
2019-12-06,64.38999938964844,64.86000061035156,62.83000183105469,63.290000915527344,43303,0.05151199951171875,0.0,0.0
2019-12-09,64.25,64.5,63.61000061035156,64.4000015258789,32410,0.0514,0.0,0.0
2019-12-10,64.33999633789062,64.68000030517578,63.77000045776367,64.0,31170,0.051471997070312504,0.0,0.0
2019-12-11,63.720001220703125,64.25,63.0099983215332,64.16000366210938,31647,0.050976000976562505,0.0,0.0
2019-12-12,64.19999694824219,64.83999633789062,63.869998931884766,63.88999938964844,32866,0.05135999755859375,0.0,0.0
2019-12-13,65.22000122070312,65.77999877929688,64.38999938964844,64.41000366210938,34575,0.052176000976562505,0.0,0.0
2019-12-16,65.33999633789062,65.6500015258789,64.87999725341797,64.9800033569336,31476,0.0522719970703125,0.0,0.0
2019-12-17,66.0999984741211,66.2300033569336,65.12000274658203,65.37000274658203,35092,0.052879998779296875,0.0,0.0
2019-12-18,66.16999816894531,66.41999816894531,65.56999969482422,65.83000183105469,31943,0.05293599853515625,0.0,0.0
2019-12-19,66.54000091552734,66.77999877929688,66.04000091552734,66.12000274658203,29280,0.053232000732421875,0.0,0.0
2019-12-20,66.13999938964844,66.70999908447266,65.7300033569336,66.5199966430664,33986,0.05291199951171875,0.0,0.0
2019-12-23,66.38999938964844,66.5999984741211,65.80999755859375,66.20999908447266,21599,0.05311199951171875,0.0,0.0
2019-12-24,67.19999694824219,67.25,66.37000274658203,66.51000213623047,18562,0.05375999755859375,0.0,0.0
2019-12-26,67.91999816894531,67.94999694824219,67.19000244140625,67.37000274658203,10745,0.054335998535156256,0.0,0.0
2019-12-27,68.16000366210938,68.29000091552734,67.58000183105469,67.91999816894531,8223,0.0545280029296875,0.0,0.0
2019-12-30,68.44000244140625,68.91000366210938,68.18000030517578,68.20999908447266,34100,0.054752001953125004,0.0,0.0
2019-12-31,66.0,66.91999816894531,65.63999938964844,66.68000030517578,30892,0.0528,0.0,0.0
2020-01-02,66.25,66.56999969482422,65.7300033569336,66.47000122070312,25810,0.053000000000000005,0.0,0.0
2020-01-03,68.5999984741211,69.4800033569336,66.22000122070312,66.29000091552734,78848,0.054879998779296876,0.0,0.0
2020-01-06,68.91000366210938,70.72000122070312,68.19000244140625,69.06999969482422,51933,0.0551280029296875,0.0,0.0
2020-01-07,68.2699966430664,68.73999786376953,67.6500015258789,68.58000183105469,41178,0.05461599731445313,0.0,0.0
2020-01-08,65.44000244140625,71.98999786376953,64.94000244140625,68.47000122070312,85232,0.052352001953125005,0.0,0.0
2020-01-09,65.37000274658203,66.08999633789062,64.55000305175781,65.79000091552734,50520,0.05229600219726563,0.0,0.0
2020-01-10,64.9800033569336,65.66000366210938,64.86000061035156,65.41000366210938,46595,0.05198400268554688,0.0,0.0
2020-01-13,64.19999694824219,65.25,63.91999816894531,65.18000030517578,35430,0.05135999755859375,0.0,0.0
2020-01-14,64.48999786376953,65.04000091552734,63.90999984741211,64.22000122070312,34682,0.05159199829101563,0.0,0.0
2020-01-15,64.0,64.61000061035156,63.54999923706055,64.45999908447266,34164,0.0512,0.0,0.0
2020-01-16,64.62000274658203,64.95999908447266,63.91999816894531,64.30999755859375,38391,0.051696002197265625,0.0,0.0
2020-01-17,64.8499984741211,65.13999938964844,64.48999786376953,64.75,35541,0.05187999877929688,0.0,0.0
2020-01-21,64.58999633789062,66.0,64.05999755859375,65.4000015258789,50484,0.0516719970703125,0.0,0.0
2020-01-22,63.209999084472656,64.58999633789062,62.52999877929688,64.54000091552734,35127,0.05056799926757813,0.0,0.0
2020-01-23,62.040000915527344,62.77999877929688,61.25,62.630001068115234,43330,0.049632000732421876,0.0,0.0
2020-01-24,60.68999862670898,62.459999084472656,60.220001220703125,62.119998931884766,43263,0.04855199890136718,0.0,0.0
2020-01-27,59.31999969482422,60.4900016784668,58.5,60.27999877929688,39367,0.04745599975585938,0.0,0.0
2020-01-28,59.5099983215332,60.11000061035156,58.5,58.95000076293945,41537,0.04760799865722656,0.0,0.0
2020-01-29,59.810001373291016,60.61000061035156,59.25,59.66999816894531,21453,0.04784800109863281,0.0,0.0
2020-01-30,58.290000915527344,59.61000061035156,57.72999954223633,59.61000061035156,17435,0.04663200073242188,0.0,0.0
2020-01-31,58.15999984741211,59.52999877929688,57.97999954223633,59.06999969482422,68547,0.04652799987792969,0.0,0.0
2020-02-03,54.45000076293945,56.7599983215332,54.06999969482422,55.84999847412109,66338,0.04356000061035156,0.0,0.0
2020-02-04,53.959999084472656,55.63999938964844,53.68999862670898,54.150001525878906,52393,0.043167999267578125,0.0,0.0
2020-02-05,55.27999877929688,56.470001220703125,53.880001068115234,53.880001068115234,56117,0.04422399902343751,0.0,0.0
2020-02-06,54.93000030517578,56.560001373291016,54.2400016784668,55.56999969482422,50605,0.04394400024414063,0.0,0.0
2020-02-07,54.470001220703125,55.470001220703125,54.209999084472656,55.36000061035156,43796,0.0435760009765625,0.0,0.0
2020-02-10,53.27000045776367,54.70000076293945,53.11000061035156,54.2400016784668,35920,0.04261600036621094,0.0,0.0
2020-02-11,54.0099983215332,54.65999984741211,53.34999847412109,53.34999847412109,36294,0.04320799865722656,0.0,0.0
2020-02-12,55.790000915527344,56.29999923706055,54.18000030517578,54.18000030517578,43350,0.04463200073242188,0.0,0.0
2020-02-13,56.34000015258789,56.83000183105469,54.970001220703125,56.34000015258789,48775,0.04507200012207031,0.0,0.0
2020-02-14,57.31999969482422,57.52999877929688,56.15999984741211,56.400001525878906,41913,0.04585599975585938,0.0,0.0
2020-02-18,57.75,57.81999969482422,56.290000915527344,57.34000015258789,47337,0.046200000000000005,0.0,0.0
2020-02-19,59.119998931884766,59.40999984741211,57.540000915527344,57.70000076293945,36217,0.04729599914550781,0.0,0.0
2020-02-20,59.310001373291016,60.02000045776367,58.900001525878906,59.34000015258789,34207,0.047448001098632814,0.0,0.0
2020-02-21,58.5,59.27000045776367,57.7400016784668,59.15999984741211,39006,0.0468,0.0,0.0
2020-02-24,56.29999923706055,58.119998931884766,55.13999938964844,58.02000045776367,28258,0.04503999938964844,0.0,0.0
2020-02-25,54.95000076293945,56.970001220703125,54.61000061035156,56.220001220703125,27751,0.04396000061035157,0.0,0.0
2020-02-26,53.43000030517578,55.43999862670898,53.040000915527344,55.08000183105469,26216,0.04274400024414063,0.0,0.0
2020-02-27,52.18000030517578,53.43999862670898,51.04999923706055,53.43999862670898,9616,0.04174400024414063,0.0,0.0
2020-02-28,50.52000045776367,51.4900016784668,50.119998931884766,51.369998931884766,53362,0.04041600036621094,0.0,0.0
2020-03-02,51.900001525878906,52.77999877929688,48.380001068115234,49.040000915527344,47286,0.04152000122070313,0.0,0.0
2020-03-03,51.86000061035156,53.869998931884766,51.2400016784668,52.97999954223633,42862,0.04148800048828125,0.0,0.0
2020-03-04,51.130001068115234,53.02999877929688,51.040000915527344,51.72999954223633,39712,0.04090400085449219,0.0,0.0
2020-03-05,49.9900016784668,52.0099983215332,49.70000076293945,51.650001525878906,39679,0.03999200134277344,0.0,0.0
2020-03-06,45.27000045776367,50.43000030517578,45.15999984741211,50.119998931884766,69464,0.03621600036621094,0.0,0.0
2020-03-09,34.36000061035156,39.2400016784668,31.25,39.2400016784668,76517,0.02748800048828125,0.0,0.0
2020-03-10,37.220001220703125,38.209999084472656,33.439998626708984,33.459999084472656,67054,0.0297760009765625,0.0,0.0
2020-03-11,35.790000915527344,39.619998931884766,35.36000061035156,37.79999923706055,60513,0.028632000732421878,0.0,0.0
2020-03-12,33.220001220703125,36.52999877929688,32.47999954223633,36.130001068115234,67484,0.0265760009765625,0.0,0.0
2020-03-13,33.849998474121094,35.9900016784668,32.16999816894531,32.86000061035156,50707,0.027079998779296878,0.0,0.0
2020-03-16,30.049999237060547,34.54999923706055,29.34000015258789,34.459999084472656,43527,0.024039999389648438,0.0,0.0
2020-03-17,28.729999542236328,31.21999931335449,28.459999084472656,29.700000762939453,32969,0.022983999633789064,0.0,0.0
2020-03-18,24.8799991607666,29.190000534057617,24.51000022888184,28.65999984741211,47500,0.01990399932861328,0.0,0.0
2020-03-19,28.46999931335449,29.3799991607666,24.979999542236328,26.440000534057617,41724,0.022775999450683593,0.0,0.0
2020-03-20,26.979999542236328,30.93000030517578,26.790000915527344,28.0,51866,0.021583999633789062,0.0,0.0
2020-03-23,27.030000686645508,27.520000457763672,24.68000030517578,26.5,31642,0.021624000549316406,0.0,0.0
2020-03-24,27.149999618530277,28.63999938964844,26.690000534057617,27.63999938964844,30946,0.021719999694824223,0.0,0.0
2020-03-25,27.38999938964844,28.280000686645508,25.729999542236328,27.600000381469727,27352,0.021911999511718756,0.0,0.0
2020-03-26,26.34000015258789,27.670000076293945,26.040000915527344,27.59000015258789,26819,0.021072000122070313,0.0,0.0
2020-03-27,24.93000030517578,27.0,24.170000076293945,26.709999084472656,23547,0.019944000244140624,0.0,0.0
2020-03-30,22.76000022888184,24.25,21.690000534057617,24.0,9112,0.018208000183105474,0.0,0.0
2020-03-31,22.739999771118164,23.86000061035156,22.57999992370605,22.959999084472656,40694,0.01819199981689453,0.0,0.0
2020-04-01,24.739999771118164,26.270000457763672,24.540000915527344,25.93000030517578,43466,0.019791999816894532,0.0,0.0
2020-04-02,29.940000534057617,32.599998474121094,25.43000030517578,25.6299991607666,65518,0.023952000427246094,0.0,0.0
2020-04-03,34.11000061035156,35.0,28.280000686645508,29.959999084472656,55373,0.027288000488281252,0.0,0.0
2020-04-06,33.04999923706055,34.22999954223633,30.549999237060547,31.25,36779,0.026439999389648437,0.0,0.0
2020-04-07,31.8700008392334,34.18000030517578,31.729999542236328,33.310001373291016,36246,0.02549600067138672,0.0,0.0
2020-04-08,32.84000015258789,33.869998931884766,31.549999237060547,32.40999984741211,39293,0.026272000122070312,0.0,0.0
2020-04-09,31.479999542236328,36.43000030517578,31.239999771118164,33.65999984741211,48214,0.025183999633789065,0.0,0.0
2020-04-13,31.739999771118164,33.22999954223633,30.63999938964844,33.0,28098,0.025391999816894533,0.0,0.0
2020-04-14,29.600000381469727,32.380001068115234,29.399999618530277,32.09000015258789,32146,0.023680000305175784,0.0,0.0
2020-04-15,27.690000534057617,30.420000076293945,27.170000076293945,30.01000022888184,32129,0.022152000427246094,0.0,0.0
2020-04-16,27.81999969482422,29.01000022888184,27.200000762939453,28.059999465942383,30922,0.022255999755859377,0.0,0.0
2020-04-17,28.07999992370605,29.0,27.600000381469727,28.46999931335449,44417,0.022463999938964842,0.0,0.0
2020-04-20,25.56999969482422,28.239999771118164,25.3799991607666,28.049999237060547,46467,0.020455999755859378,0.0,0.0
2020-04-21,19.32999992370605,27.229999542236328,17.520000457763672,25.959999084472656,83111,0.015463999938964842,0.0,0.0
2020-04-22,20.3700008392334,22.459999084472656,16.0,19.559999465942383,51051,0.01629600067138672,0.0,0.0
2020-04-23,21.32999992370605,23.18000030517578,20.059999465942383,21.299999237060547,44993,0.017063999938964843,0.0,0.0
2020-04-24,21.440000534057617,22.670000076293945,20.51000022888184,21.790000915527344,36158,0.017152000427246093,0.0,0.0
2020-04-27,19.989999771118164,21.90999984741211,19.11000061035156,21.299999237060547,25906,0.01599199981689453,0.0,0.0
2020-04-28,20.459999084472656,21.270000457763672,18.729999542236328,20.170000076293945,21996,0.016367999267578127,0.0,0.0
2020-04-29,22.540000915527344,23.82999992370605,20.350000381469727,20.75,14425,0.018032000732421876,0.0,0.0
2020-04-30,25.270000457763672,25.809999465942383,23.11000061035156,23.11000061035156,42900,0.020216000366210938,0.0,0.0
2020-05-01,26.440000534057617,27.950000762939453,25.75,26.71999931335449,28681,0.021152000427246093,0.0,0.0
2020-05-04,27.200000762939453,28.07999992370605,25.479999542236328,26.209999084472656,30309,0.021760000610351563,0.0,0.0
2020-05-05,30.96999931335449,31.690000534057617,27.799999237060547,27.940000534057617,38518,0.02477599945068359,0.0,0.0
2020-05-06,29.71999931335449,32.4900016784668,28.670000076293945,31.8799991607666,37505,0.023775999450683594,0.0,0.0
2020-05-07,29.459999084472656,31.84000015258789,29.06999969482422,30.1200008392334,36701,0.023567999267578126,0.0,0.0
2020-05-08,30.96999931335449,31.1299991607666,29.399999618530277,29.43000030517578,20277,0.02477599945068359,0.0,0.0
2020-05-11,29.6299991607666,31.450000762939453,29.36000061035156,30.68000030517578,33638,0.023703999328613282,0.0,0.0
2020-05-12,29.979999542236328,30.68000030517578,29.450000762939453,30.06999969482422,25820,0.023983999633789065,0.0,0.0
2020-05-13,29.190000534057617,30.540000915527344,28.8700008392334,29.46999931335449,25072,0.023352000427246094,0.0,0.0
2020-05-14,31.1299991607666,31.489999771118164,28.899999618530277,29.38999938964844,25953,0.024903999328613282,0.0,0.0
2020-05-15,32.5,32.900001525878906,30.959999084472656,31.350000381469727,29410,0.026000000000000002,0.0,0.0
2020-05-18,34.810001373291016,35.720001220703125,32.709999084472656,32.709999084472656,28869,0.027848001098632814,0.0,0.0
2020-05-19,34.650001525878906,35.86000061035156,34.20000076293945,35.439998626708984,24952,0.027720001220703127,0.0,0.0
2020-05-20,35.75,36.400001525878906,34.369998931884766,34.43000030517578,25571,0.0286,0.0,0.0
2020-05-21,36.060001373291016,36.97999954223633,35.709999084472656,35.79999923706055,29933,0.028848001098632815,0.0,0.0
2020-05-22,35.130001068115234,36.22999954223633,33.54999923706055,35.939998626708984,31482,0.02810400085449219,0.0,0.0
2020-05-26,36.16999816894531,36.68000030517578,34.459999084472656,35.130001068115234,29328,0.02893599853515625,0.0,0.0
2020-05-27,34.7400016784668,36.18000030517578,34.0,36.09999847412109,16676,0.02779200134277344,0.0,0.0
2020-05-28,35.290000915527344,35.88999938964844,33.38999938964844,34.34000015258789,9367,0.028232000732421877,0.0,0.0
2020-05-29,35.33000183105469,35.36000061035156,34.18000030517578,35.029998779296875,32101,0.02826400146484375,0.0,0.0
2020-06-01,38.31999969482422,38.68000030517578,37.16999816894531,37.540000915527344,26475,0.030655999755859375,0.0,0.0
2020-06-02,39.56999969482422,39.790000915527344,38.34000015258789,38.47999954223633,27662,0.03165599975585938,0.0,0.0
2020-06-03,39.790000915527344,40.52999877929688,38.75,39.52000045776367,34099,0.03183200073242188,0.0,0.0
2020-06-04,39.9900016784668,40.09999847412109,39.060001373291016,39.380001068115234,22661,0.03199200134277344,0.0,0.0
2020-06-05,42.29999923706055,42.47999954223633,39.720001220703125,39.93000030517578,28827,0.03383999938964844,0.0,0.0
2020-06-08,40.79999923706055,43.43000030517578,40.68000030517578,42.40999984741211,28718,0.03263999938964844,0.0,0.0
2020-06-09,41.18000030517578,41.43000030517578,39.84999847412109,40.95000076293945,26258,0.032944000244140625,0.0,0.0
2020-06-10,41.72999954223633,41.9900016784668,40.130001068115234,40.869998931884766,23565,0.03338399963378907,0.0,0.0
2020-06-11,38.54999923706055,41.310001373291016,37.83000183105469,41.310001373291016,36881,0.03083999938964844,0.0,0.0
2020-06-12,38.72999954223633,39.43999862670898,37.0,38.380001068115234,29653,0.030983999633789065,0.0,0.0
2020-06-15,39.720001220703125,39.880001068115234,37.2400016784668,38.68999862670898,30674,0.0317760009765625,0.0,0.0
2020-06-16,40.959999084472656,41.65999984741211,38.970001220703125,39.77000045776367,35087,0.032767999267578125,0.0,0.0
2020-06-17,40.709999084472656,41.45000076293945,40.02999877929688,40.709999084472656,29078,0.03256799926757813,0.0,0.0
2020-06-18,41.5099983215332,41.63999938964844,40.04999923706055,40.58000183105469,31042,0.03320799865722657,0.0,0.0
2020-06-19,42.18999862670898,42.93000030517578,41.0099983215332,41.41999816894531,34079,0.03375199890136718,0.0,0.0
2020-06-22,43.08000183105469,43.16999816894531,41.5099983215332,41.54999923706055,24433,0.034464001464843755,0.0,0.0
2020-06-23,42.630001068115234,43.93000030517578,42.209999084472656,43.16999816894531,27036,0.03410400085449219,0.0,0.0
2020-06-24,40.310001373291016,42.88999938964844,39.619998931884766,42.33000183105469,28537,0.032248001098632816,0.0,0.0
2020-06-25,41.04999923706055,41.63999938964844,39.470001220703125,40.43000030517578,32530,0.03283999938964844,0.0,0.0
2020-06-26,41.02000045776367,41.77999877929688,40.290000915527344,41.470001220703125,13481,0.03281600036621094,0.0,0.0
2020-06-29,41.709999084472656,41.93999862670898,40.060001373291016,40.310001373291016,9783,0.03336799926757813,0.0,0.0
2020-06-30,41.150001525878906,41.619998931884766,40.93999862670898,41.54999923706055,29381,0.03292000122070313,0.0,0.0
2020-07-01,42.02999877929688,42.619998931884766,41.02999877929688,41.720001220703125,26731,0.03362399902343751,0.0,0.0
2020-07-02,43.13999938964844,43.220001220703125,41.75,42.02000045776367,21825,0.03451199951171875,0.0,0.0
2020-07-06,43.09999847412109,43.709999084472656,42.75,42.75,28969,0.03447999877929687,0.0,0.0
2020-07-07,43.08000183105469,43.45000076293945,42.459999084472656,43.150001525878906,18827,0.034464001464843755,0.0,0.0
2020-07-08,43.290000915527344,43.459999084472656,42.77999877929688,42.959999084472656,19171,0.034632000732421876,0.0,0.0
2020-07-09,42.34999847412109,43.5,41.93000030517578,43.380001068115234,23249,0.03387999877929687,0.0,0.0
2020-07-10,43.2400016784668,43.40999984741211,41.31999969482422,42.400001525878906,24083,0.03459200134277344,0.0,0.0
2020-07-13,42.720001220703125,43.33000183105469,42.18999862670898,43.11000061035156,22911,0.0341760009765625,0.0,0.0
2020-07-14,42.900001525878906,43.20000076293945,41.79999923706055,42.31999969482422,21724,0.034320001220703125,0.0,0.0
2020-07-15,43.790000915527344,43.84000015258789,42.70000076293945,43.150001525878906,23596,0.035032000732421874,0.0,0.0
2020-07-16,43.369998931884766,43.810001373291016,43.13999938964844,43.63999938964844,20484,0.03469599914550781,0.0,0.0
2020-07-17,43.13999938964844,43.459999084472656,42.630001068115234,43.34000015258789,21774,0.03451199951171875,0.0,0.0
2020-07-20,43.27999877929688,43.43000030517578,42.369998931884766,43.09000015258789,18019,0.034623999023437504,0.0,0.0
2020-07-21,44.31999969482422,44.880001068115234,43.119998931884766,43.18000030517578,24167,0.03545599975585938,0.0,0.0
2020-07-22,44.290000915527344,44.400001525878906,43.619998931884766,43.900001525878906,19676,0.03543200073242188,0.0,0.0
2020-07-23,43.310001373291016,44.77000045776367,43.130001068115234,44.34999847412109,25759,0.034648001098632815,0.0,0.0
2020-07-24,43.34000015258789,43.900001525878906,42.79999923706055,43.36000061035156,21918,0.034672000122070314,0.0,0.0
2020-07-27,43.40999984741211,43.77000045776367,42.380001068115234,43.400001525878906,22507,0.03472799987792969,0.0,0.0
2020-07-28,43.220001220703125,43.81999969482422,43.0099983215332,43.619998931884766,17828,0.0345760009765625,0.0,0.0
2020-07-29,43.75,43.93999862670898,43.20000076293945,43.29999923706055,10911,0.035,0.0,0.0
2020-07-30,42.93999862670898,43.81999969482422,41.380001068115234,43.79999923706055,8373,0.034351998901367184,0.0,0.0
2020-07-31,43.29999923706055,43.52000045776367,43.06999969482422,43.31999969482422,23641,0.034639999389648436,0.0,0.0
2020-08-03,44.150001525878906,44.45000076293945,42.88999938964844,43.54999923706055,26883,0.035320001220703126,0.0,0.0
2020-08-04,44.43000030517578,44.81999969482422,43.2400016784668,43.90999984741211,27305,0.035544000244140624,0.0,0.0
2020-08-05,45.16999816894531,46.2400016784668,44.25,44.400001525878906,29337,0.036135998535156255,0.0,0.0
2020-08-06,45.09000015258789,45.709999084472656,44.84999847412109,45.2400016784668,23131,0.03607200012207031,0.0,0.0
2020-08-07,44.400001525878906,45.25,44.2599983215332,45.119998931884766,20363,0.035520001220703125,0.0,0.0
2020-08-10,44.9900016784668,45.2599983215332,44.400001525878906,44.61000061035156,13672,0.03599200134277344,0.0,0.0
2020-08-11,44.5,45.77999877929688,44.40999984741211,44.9900016784668,19786,0.0356,0.0,0.0
2020-08-12,45.43000030517578,45.619998931884766,44.5099983215332,44.58000183105469,16995,0.036344000244140626,0.0,0.0
2020-08-13,44.959999084472656,45.58000183105469,44.81999969482422,45.43000030517578,13877,0.03596799926757813,0.0,0.0
2020-08-14,44.79999923706055,45.41999816894531,44.47999954223633,45.04999923706055,16681,0.035839999389648436,0.0,0.0
2020-08-17,45.369998931884766,45.41999816894531,44.5,44.959999084472656,19441,0.036295999145507817,0.0,0.0
2020-08-18,45.459999084472656,45.540000915527344,44.77000045776367,45.380001068115234,18063,0.036367999267578124,0.0,0.0
2020-08-19,45.369998931884766,45.4900016784668,44.810001373291016,45.040000915527344,18063,0.036295999145507817,0.0,0.0
2020-08-20,44.900001525878906,45.27000045776367,44.0099983215332,45.27000045776367,24042,0.03592000122070313,0.0,0.0
2020-08-21,44.34999847412109,45.119998931884766,43.59999847412109,44.90999984741211,25495,0.03547999877929687,0.0,0.0
2020-08-24,45.130001068115234,45.16999816894531,44.27999877929688,44.41999816894531,21033,0.03610400085449219,0.0,0.0
2020-08-25,45.86000061035156,46.040000915527344,44.9900016784668,44.9900016784668,23808,0.036688000488281254,0.0,0.0
2020-08-26,45.63999938964844,46.09000015258789,45.54999923706055,45.97999954223633,16657,0.036511999511718754,0.0,0.0
2020-08-27,45.09000015258789,45.81999969482422,44.560001373291016,45.619998931884766,10776,0.03607200012207031,0.0,0.0
2020-08-28,45.04999923706055,45.290000915527344,44.81999969482422,45.04999923706055,21040,0.03603999938964844,0.0,0.0
2020-08-31,45.27999877929688,46.5099983215332,45.220001220703125,45.709999084472656,18967,0.03622399902343751,0.0,0.0
2020-09-01,45.58000183105469,46.220001220703125,45.470001220703125,45.56999969482422,19914,0.03646400146484375,0.0,0.0
2020-09-02,44.43000030517578,46.040000915527344,44.20000076293945,45.84999847412109,31416,0.035544000244140624,0.0,0.0
2020-09-03,44.06999969482422,44.61000061035156,43.15999984741211,44.369998931884766,30615,0.03525599975585938,0.0,0.0
2020-09-04,42.65999984741211,44.540000915527344,42.29999923706055,43.869998931884766,32210,0.034127999877929686,0.0,0.0
2020-09-08,39.77999877929688,42.45000076293945,39.29999923706055,42.220001220703125,52172,0.03182399902343751,0.0,0.0
2020-09-09,40.790000915527344,41.20000076293945,39.27999877929688,39.79999923706055,30286,0.032632000732421874,0.0,0.0
2020-09-10,40.060001373291016,40.95000076293945,39.720001220703125,40.63999938964844,24171,0.03204800109863282,0.0,0.0
2020-09-11,39.83000183105469,40.34999847412109,39.380001068115234,39.95000076293945,24576,0.03186400146484375,0.0,0.0
2020-09-14,39.61000061035156,40.09000015258789,39.310001373291016,39.77000045776367,22118,0.03168800048828125,0.0,0.0
2020-09-15,40.52999877929688,40.81999969482422,39.38999938964844,39.65999984741211,25333,0.032423999023437504,0.0,0.0
2020-09-16,42.220001220703125,42.43999862670898,40.58000183105469,40.75,29327,0.033776000976562505,0.0,0.0
2020-09-17,43.29999923706055,43.5099983215332,41.52000045776367,42.2599983215332,27245,0.034639999389648436,0.0,0.0
2020-09-18,43.150001525878906,43.810001373291016,42.52999877929688,43.2599983215332,26032,0.034520001220703124,0.0,0.0
2020-09-21,41.43999862670898,43.27999877929688,40.97999954223633,43.02000045776367,24298,0.033151998901367184,0.0,0.0
2020-09-22,41.720001220703125,42.18999862670898,41.209999084472656,41.790000915527344,19914,0.0333760009765625,0.0,0.0
2020-09-23,41.77000045776367,42.63999938964844,41.25,41.7400016784668,23779,0.03341600036621094,0.0,0.0
2020-09-24,41.93999862670898,42.02000045776367,41.119998931884766,41.5,21940,0.03355199890136718,0.0,0.0
2020-09-25,41.91999816894531,42.33000183105469,41.52999877929688,41.93000030517578,17141,0.03353599853515625,0.0,0.0
2020-09-28,42.43000030517578,42.619998931884766,41.47999954223633,41.84999847412109,11999,0.033944000244140626,0.0,0.0
2020-09-29,41.02999877929688,42.52000045776367,40.43999862670898,42.43000030517578,8209,0.03282399902343751,0.0,0.0
2020-09-30,40.95000076293945,40.970001220703125,40.41999816894531,40.75,35524,0.032760000610351565,0.0,0.0
2020-10-01,40.93000030517578,42.560001373291016,39.91999816894531,42.02000045776367,36595,0.03274400024414063,0.0,0.0
2020-10-02,39.27000045776367,40.81999969482422,38.790000915527344,40.790000915527344,37290,0.031416000366210936,0.0,0.0
2020-10-05,41.290000915527344,41.77999877929688,39.209999084472656,39.220001220703125,30456,0.03303200073242188,0.0,0.0
2020-10-06,42.650001525878906,42.84000015258789,41.220001220703125,41.52000045776367,37426,0.034120001220703126,0.0,0.0
2020-10-07,41.9900016784668,42.41999816894531,41.36000061035156,41.93999862670898,30170,0.03359200134277344,0.0,0.0
2020-10-08,43.34000015258789,43.470001220703125,41.86000061035156,42.060001373291016,33351,0.034672000122070314,0.0,0.0
2020-10-09,42.84999847412109,43.560001373291016,42.61000061035156,43.40999984741211,26041,0.03427999877929687,0.0,0.0
2020-10-12,41.720001220703125,42.810001373291016,41.34999847412109,42.68999862670898,24754,0.0333760009765625,0.0,0.0
2020-10-13,42.45000076293945,42.66999816894531,41.650001525878906,41.83000183105469,22528,0.033960000610351565,0.0,0.0
2020-10-14,43.31999969482422,43.43000030517578,42.130001068115234,42.41999816894531,28837,0.034655999755859375,0.0,0.0
2020-10-15,43.15999984741211,43.59999847412109,41.560001373291016,43.40999984741211,40144,0.03452799987792969,0.0,0.0
2020-10-16,42.93000030517578,43.20000076293945,42.27000045776367,43.040000915527344,24159,0.034344000244140624,0.0,0.0
2020-10-19,42.619998931884766,43.220001220703125,42.369998931884766,42.7400016784668,26265,0.034095999145507816,0.0,0.0
2020-10-20,43.15999984741211,43.310001373291016,42.18999862670898,42.43000030517578,31677,0.03452799987792969,0.0,0.0
2020-10-21,41.72999954223633,43.040000915527344,41.459999084472656,42.81999969482422,31681,0.03338399963378907,0.0,0.0
2020-10-22,42.459999084472656,42.790000915527344,41.470001220703125,41.720001220703125,30590,0.033967999267578125,0.0,0.0
2020-10-23,41.77000045776367,42.79999923706055,41.5,42.43999862670898,26207,0.03341600036621094,0.0,0.0
2020-10-26,40.459999084472656,41.630001068115234,40.220001220703125,41.630001068115234,28463,0.03236799926757813,0.0,0.0
2020-10-27,41.20000076293945,41.470001220703125,40.400001525878906,40.52000045776367,26720,0.032960000610351564,0.0,0.0
2020-10-28,39.119998931884766,40.709999084472656,38.7400016784668,40.709999084472656,21228,0.03129599914550781,0.0,0.0
2020-10-29,37.650001525878906,39.5,36.68000030517578,39.31999969482422,14205,0.030120001220703126,0.0,0.0
2020-10-30,37.459999084472656,38.02000045776367,37.0,37.619998931884766,43651,0.029967999267578125,0.0,0.0
2020-11-02,38.970001220703125,39.34000015258789,35.72999954223633,37.41999816894531,40454,0.0311760009765625,0.0,0.0
2020-11-03,39.709999084472656,40.43999862670898,38.650001525878906,39.220001220703125,39534,0.031767999267578124,0.0,0.0
2020-11-04,41.22999954223633,41.34000015258789,39.40999984741211,40.150001525878906,39329,0.03298399963378906,0.0,0.0
2020-11-05,40.93000030517578,41.52000045776367,40.34000015258789,41.16999816894531,30961,0.03274400024414063,0.0,0.0
2020-11-06,39.45000076293945,40.77999877929688,39.33000183105469,40.77000045776367,33078,0.031560000610351566,0.0,0.0
2020-11-09,42.400001525878906,43.4900016784668,39.61000061035156,39.70000076293945,55156,0.03392000122070313,0.0,0.0
2020-11-10,43.61000061035156,44.06999969482422,41.54999923706055,42.130001068115234,41973,0.03488800048828125,0.0,0.0
2020-11-11,43.79999923706055,45.310001373291016,43.61000061035156,43.959999084472656,43047,0.03503999938964844,0.0,0.0
2020-11-12,43.52999877929688,44.47999954223633,43.27999877929688,43.77999877929688,36578,0.03482399902343751,0.0,0.0
2020-11-13,42.77999877929688,43.34000015258789,42.630001068115234,43.33000183105469,34737,0.03422399902343751,0.0,0.0
2020-11-16,43.81999969482422,44.68000030517578,42.63999938964844,42.72999954223633,37770,0.03505599975585938,0.0,0.0
2020-11-17,43.75,44.22999954223633,43.08000183105469,43.900001525878906,27858,0.035,0.0,0.0
2020-11-18,44.34000015258789,44.880001068115234,43.4900016784668,43.77999877929688,28668,0.035472000122070316,0.0,0.0
2020-11-19,44.20000076293945,44.58000183105469,43.790000915527344,44.15999984741211,25836,0.035360000610351563,0.0,0.0
2020-11-20,44.959999084472656,45.18999862670898,44.0,44.220001220703125,24489,0.03596799926757813,0.0,0.0
2020-11-23,46.060001373291016,46.119998931884766,44.900001525878906,45.130001068115234,35378,0.036848001098632815,0.0,0.0
2020-11-24,47.86000061035156,48.02999877929688,45.84000015258789,45.84000015258789,31692,0.03828800048828125,0.0,0.0
2020-11-25,48.61000061035156,49.04999923706055,47.59999847412109,47.86000061035156,24897,0.038888000488281255,0.0,0.0
2020-11-27,48.18000030517578,49.06999969482422,47.36000061035156,48.900001525878906,12454,0.038544000244140626,0.0,0.0
2020-11-30,47.59000015258789,47.95000076293945,46.84999847412109,47.75,37651,0.038072000122070314,0.0,0.0
2020-12-01,47.41999816894531,48.29999923706055,46.88999938964844,47.70000076293945,31987,0.03793599853515625,0.0,0.0
2020-12-02,48.25,48.75,46.77000045776367,47.13999938964844,35514,0.0386,0.0,0.0
2020-12-03,48.709999084472656,48.93000030517578,47.68000030517578,48.08000183105469,36526,0.03896799926757813,0.0,0.0
2020-12-04,49.25,49.86000061035156,48.77000045776367,48.81999969482422,31658,0.039400000000000004,0.0,0.0
2020-12-07,48.790000915527344,49.43000030517578,48.38999938964844,49.22999954223633,23896,0.03903200073242188,0.0,0.0
2020-12-08,48.84000015258789,49.0,48.11000061035156,48.68000030517578,27102,0.039072000122070315,0.0,0.0
2020-12-09,48.86000061035156,49.540000915527344,48.380001068115234,48.83000183105469,36534,0.03908800048828125,0.0,0.0
2020-12-10,50.25,51.06999969482422,48.86000061035156,48.97999954223633,30919,0.0402,0.0,0.0
2020-12-11,49.970001220703125,50.7400016784668,49.75,50.34000015258789,25222,0.0399760009765625,0.0,0.0
2020-12-14,50.290000915527344,50.79999923706055,49.18000030517578,50.060001373291016,28782,0.04023200073242188,0.0,0.0
2020-12-15,50.7599983215332,50.880001068115234,49.790000915527344,50.33000183105469,24071,0.040607998657226564,0.0,0.0
2020-12-16,51.08000183105469,51.20000076293945,50.36000061035156,50.720001220703125,25996,0.04086400146484375,0.0,0.0
2020-12-17,51.5,51.880001068115234,51.0099983215332,51.08000183105469,24947,0.0412,0.0,0.0
2020-12-18,52.2599983215332,52.470001220703125,51.13999938964844,51.45000076293945,24749,0.041807998657226564,0.0,0.0
2020-12-21,50.90999984741211,52.34000015258789,49.209999084472656,52.310001373291016,33507,0.04072799987792969,0.0,0.0
2020-12-22,50.08000183105469,50.93000030517578,49.560001373291016,50.900001525878906,22381,0.04006400146484375,0.0,0.0
2020-12-23,51.20000076293945,51.59000015258789,49.18000030517578,49.79999923706055,18879,0.040960000610351564,0.0,0.0
2020-12-24,51.290000915527344,51.7599983215332,50.63999938964844,51.09999847412109,11666,0.04103200073242188,0.0,0.0
2020-12-28,50.86000061035156,52.02000045776367,50.52000045776367,51.20000076293945,9704,0.04068800048828125,0.0,0.0
2020-12-29,51.09000015258789,51.630001068115234,50.869998931884766,51.060001373291016,5788,0.04087200012207032,0.0,0.0
2020-12-30,51.34000015258789,51.52000045776367,51.04999923706055,51.04999923706055,23958,0.041072000122070317,0.0,0.0
2020-12-31,51.79999923706055,51.90999984741211,50.900001525878906,51.5099983215332,18326,0.04143999938964844,0.0,0.0
2021-01-04,51.09000015258789,53.31999969482422,50.58000183105469,51.65999984741211,50232,0.04087200012207032,0.0,0.0
2021-01-05,53.59999847412109,53.880001068115234,50.619998931884766,50.7400016784668,62791,0.04287999877929687,0.0,0.0
2021-01-06,54.29999923706055,54.720001220703125,53.150001525878906,53.59000015258789,49186,0.04343999938964844,0.0,0.0
2021-01-07,54.380001068115234,54.900001525878906,53.93999862670898,54.13999938964844,30800,0.043504000854492186,0.0,0.0
2021-01-08,55.9900016784668,56.29999923706055,54.36000061035156,54.459999084472656,37597,0.04479200134277344,0.0,0.0
2021-01-11,55.65999984741211,56.27999877929688,54.97999954223633,56.209999084472656,33199,0.04452799987792969,0.0,0.0
2021-01-12,56.58000183105469,56.77999877929688,55.52999877929688,55.560001373291016,27874,0.04526400146484375,0.0,0.0
2021-01-13,56.060001373291016,57.41999816894531,55.77999877929688,56.72999954223633,32953,0.044848001098632816,0.0,0.0
2021-01-14,56.41999816894531,56.540000915527344,55.2400016784668,55.93999862670898,33446,0.04513599853515625,0.0,0.0
2021-01-15,55.09999847412109,56.63999938964844,54.650001525878906,56.43000030517578,30604,0.04407999877929687,0.0,0.0
2021-01-19,55.900001525878906,56.08000183105469,54.5,54.7400016784668,36910,0.044720001220703125,0.0,0.0
2021-01-20,56.08000183105469,56.619998931884766,55.650001525878906,55.900001525878906,33793,0.044864001464843754,0.0,0.0
2021-01-21,56.09999847412109,56.2400016784668,55.5099983215332,55.77999877929688,22792,0.044879998779296874,0.0,0.0
2021-01-22,55.40999984741211,56.16999816894531,54.4900016784668,56.150001525878906,33071,0.04432799987792969,0.0,0.0
2021-01-25,55.880001068115234,56.02000045776367,55.09000015258789,55.20000076293945,24457,0.04470400085449219,0.0,0.0
2021-01-26,55.90999984741211,56.34000015258789,55.400001525878906,55.97999954223633,19102,0.04472799987792969,0.0,0.0
2021-01-27,55.810001373291016,56.47999954223633,55.20000076293945,56.08000183105469,20094,0.04464800109863282,0.0,0.0
2021-01-28,55.52999877929688,56.59000015258789,55.220001220703125,55.66999816894531,6141,0.04442399902343751,0.0,0.0
2021-01-29,55.880001068115234,56.34999847412109,55.43000030517578,55.52000045776367,37454,0.04470400085449219,0.0,0.0
2021-02-01,56.34999847412109,56.52999877929688,54.619998931884766,54.900001525878906,34234,0.04507999877929687,0.0,0.0
2021-02-02,57.459999084472656,58.04999923706055,56.220001220703125,56.290000915527344,34815,0.04596799926757813,0.0,0.0
2021-02-03,58.459999084472656,58.93999862670898,57.52999877929688,57.790000915527344,34146,0.046767999267578124,0.0,0.0
2021-02-04,58.84000015258789,59.04999923706055,58.060001373291016,58.66999816894531,24732,0.047072000122070315,0.0,0.0
2021-02-05,59.34000015258789,59.790000915527344,59.08000183105469,59.09999847412109,23510,0.04747200012207031,0.0,0.0
2021-02-08,60.560001373291016,60.70000076293945,59.54999923706055,59.560001373291016,21098,0.048448001098632815,0.0,0.0
2021-02-09,61.09000015258789,61.27000045776367,60.040000915527344,60.63999938964844,31230,0.04887200012207032,0.0,0.0
2021-02-10,61.470001220703125,61.68000030517578,60.88999938964844,61.22999954223633,28344,0.0491760009765625,0.0,0.0
2021-02-11,61.13999938964844,61.5,60.72999954223633,61.209999084472656,26169,0.048911999511718755,0.0,0.0
2021-02-12,62.43000030517578,62.83000183105469,60.34000015258789,60.86000061035156,36933,0.04994400024414063,0.0,0.0
2021-02-16,63.34999847412109,63.810001373291016,62.68999862670898,62.77000045776367,65492,0.050679998779296874,0.0,0.0
2021-02-17,64.33999633789062,64.94999694824219,62.75,63.54999923706055,47339,0.051471997070312504,0.0,0.0
2021-02-18,63.93000030517578,65.48999786376953,63.22999954223633,64.87000274658203,43309,0.051144000244140626,0.0,0.0
2021-02-19,62.90999984741211,63.93000030517578,62.11000061035156,63.650001525878906,54254,0.05032799987792969,0.0,0.0
2021-02-22,65.23999786376953,65.83999633789062,62.59000015258789,62.72999954223633,32173,0.052191998291015625,0.0,0.0
2021-02-23,65.37000274658203,66.79000091552734,64.4800033569336,65.66000366210938,34643,0.05229600219726563,0.0,0.0
2021-02-24,67.04000091552734,67.29000091552734,64.80000305175781,65.2300033569336,27000,0.05363200073242188,0.0,0.0
2021-02-25,66.87999725341797,67.69999694824219,66.48999786376953,67.33999633789062,11746,0.05350399780273438,0.0,0.0
2021-02-26,66.12999725341797,66.87999725341797,65.69999694824219,66.70999908447266,42394,0.05290399780273438,0.0,0.0
2021-03-01,63.68999862670898,65.91000366210938,63.18000030517578,64.70999908447266,33869,0.05095199890136719,0.0,0.0
2021-03-02,62.70000076293945,64.12999725341797,62.369998931884766,63.38999938964844,37996,0.050160000610351564,0.0,0.0
2021-03-03,64.06999969482422,64.69999694824219,62.34000015258789,62.470001220703125,35401,0.05125599975585938,0.0,0.0
2021-03-04,66.73999786376953,67.7300033569336,63.36000061035156,63.93999862670898,67790,0.053391998291015624,0.0,0.0
2021-03-05,69.36000061035156,69.69000244140625,66.66000366210938,67.26000213623047,40754,0.05548800048828125,0.0,0.0
2021-03-08,68.23999786376953,71.36000061035156,67.80999755859375,69.9000015258789,37511,0.05459199829101563,0.0,0.0
2021-03-09,67.5199966430664,69.31999969482422,67.13999938964844,68.0999984741211,30989,0.054015997314453126,0.0,0.0
2021-03-10,67.9000015258789,68.43000030517578,66.5199966430664,67.33000183105469,37089,0.05432000122070313,0.0,0.0
2021-03-11,69.62999725341797,69.83000183105469,68.0,68.26000213623047,30629,0.05570399780273438,0.0,0.0
2021-03-12,69.22000122070312,69.9000015258789,69.02999877929688,69.58999633789062,27364,0.055376000976562506,0.0,0.0
2021-03-15,68.87999725341797,70.0199966430664,67.83000183105469,69.12000274658203,30212,0.05510399780273438,0.0,0.0
2021-03-16,68.38999938964844,68.95999908447266,67.36000061035156,68.86000061035156,27321,0.054711999511718755,0.0,0.0
2021-03-17,68.0,68.87999725341797,66.95999908447266,68.38999938964844,37607,0.054400000000000004,0.0,0.0
2021-03-18,63.27999877929688,68.1500015258789,61.41999816894531,67.93000030517578,61688,0.050623999023437505,0.0,0.0
2021-03-19,64.52999877929688,64.9000015258789,62.08000183105469,62.83000183105469,54241,0.051623999023437506,0.0,0.0
2021-03-22,64.62000274658203,65.06999969482422,63.45000076293945,64.66000366210938,29644,0.051696002197265625,0.0,0.0
2021-03-23,60.790000915527344,64.33999633789062,60.2599983215332,64.30999755859375,43200,0.048632000732421875,0.0,0.0
2021-03-24,64.41000366210938,64.55999755859375,60.34000015258789,60.34999847412109,36451,0.051528002929687504,0.0,0.0
2021-03-25,61.95000076293945,64.1500015258789,60.97999954223633,64.1500015258789,27894,0.04956000061035157,0.0,0.0
2021-03-26,64.56999969482422,64.87999725341797,61.7400016784668,61.7400016784668,23364,0.051655999755859376,0.0,0.0
2021-03-29,64.9800033569336,65.44999694824219,63.13999938964844,64.04000091552734,18231,0.05198400268554688,0.0,0.0
2021-03-30,64.13999938964844,65.6500015258789,63.63999938964844,65.30999755859375,4695,0.051311999511718755,0.0,0.0
2021-03-31,63.540000915527344,64.69000244140625,63.540000915527344,64.4800033569336,38444,0.050832000732421875,0.0,0.0
2021-04-01,64.86000061035156,65.16000366210938,62.369998931884766,62.9900016784668,66715,0.05188800048828125,0.0,0.0
2021-04-05,62.150001525878906,64.80999755859375,61.2400016784668,64.80999755859375,37285,0.04972000122070313,0.0,0.0
2021-04-06,62.7400016784668,64.2699966430664,62.08000183105469,62.29999923706055,44319,0.05019200134277344,0.0,0.0
2021-04-07,63.15999984741211,63.52000045776367,61.59999847412109,62.68000030517578,42225,0.05052799987792969,0.0,0.0
2021-04-08,63.20000076293945,63.41999816894531,62.380001068115234,62.97999954223633,32283,0.05056000061035156,0.0,0.0
2021-04-09,62.95000076293945,63.459999084472656,62.56999969482422,63.290000915527344,29073,0.05036000061035156,0.0,0.0
2021-04-12,63.27999877929688,64.30999755859375,62.40999984741211,63.02000045776367,36366,0.050623999023437505,0.0,0.0
2021-04-13,63.66999816894531,64.18000030517578,63.22999954223633,63.2400016784668,26957,0.050935998535156256,0.0,0.0
2021-04-14,66.58000183105469,66.9000015258789,63.88999938964844,64.01000213623047,35988,0.05326400146484375,0.0,0.0
2021-04-15,66.94000244140625,67.02999877929688,65.95999908447266,66.3499984741211,23442,0.053552001953125004,0.0,0.0
2021-04-16,66.7699966430664,67.37999725341797,66.44999694824219,66.86000061035156,24035,0.05341599731445313,0.0,0.0
2021-04-19,67.05000305175781,67.2300033569336,66.19000244140625,66.69000244140625,19740,0.05364000244140625,0.0,0.0
2021-04-20,66.56999969482422,68.08000183105469,65.5,67.12000274658203,40194,0.05325599975585938,0.0,0.0
2021-04-21,65.31999969482422,66.5199966430664,64.95999908447266,66.36000061035156,32764,0.05225599975585938,0.0,0.0
2021-04-22,65.4000015258789,65.83999633789062,64.58000183105469,65.11000061035156,26722,0.05232000122070313,0.0,0.0
2021-04-23,66.11000061035156,66.30999755859375,65.16999816894531,65.62000274658203,22397,0.05288800048828125,0.0,0.0
2021-04-26,65.6500015258789,66.25,64.56999969482422,66.0199966430664,27250,0.052520001220703126,0.0,0.0
2021-04-27,66.41999816894531,66.80000305175781,65.69999694824219,65.7699966430664,33604,0.05313599853515625,0.0,0.0
2021-04-28,67.2699966430664,67.86000061035156,66.16000366210938,66.66000366210938,24119,0.05381599731445313,0.0,0.0
2021-04-29,68.55999755859375,68.94999694824219,67.04000091552734,67.04000091552734,10592,0.054847998046875006,0.0,0.0
2021-04-30,67.25,68.31999969482422,67.1500015258789,68.31999969482422,31012,0.0538,0.0,0.0
2021-05-03,67.55999755859375,67.83000183105469,66.08000183105469,66.7699966430664,17852,0.054047998046875004,0.0,0.0
2021-05-04,68.87999725341797,69.43000030517578,67.37999725341797,67.6500015258789,27613,0.05510399780273438,0.0,0.0
2021-05-05,68.95999908447266,69.95999908447266,68.33999633789062,69.5,32004,0.05516799926757813,0.0,0.0
2021-05-06,68.08999633789062,69.37000274658203,67.93000030517578,68.56999969482422,25171,0.0544719970703125,0.0,0.0
2021-05-07,68.27999877929688,68.61000061035156,67.37999725341797,68.29000091552734,29163,0.0546239990234375,0.0,0.0
2021-05-10,68.31999969482422,70.26000213623047,67.41000366210938,68.62000274658203,31833,0.05465599975585938,0.0,0.0
2021-05-11,68.55000305175781,68.75,67.12999725341797,68.23999786376953,40504,0.05484000244140625,0.0,0.0
2021-05-12,69.31999969482422,69.9000015258789,68.19000244140625,68.72000122070312,31702,0.05545599975585938,0.0,0.0
2021-05-13,67.05000305175781,69.0199966430664,66.47000122070312,69.0199966430664,38726,0.05364000244140625,0.0,0.0
2021-05-14,68.70999908447266,68.86000061035156,66.5,67.01000213623047,31042,0.05496799926757813,0.0,0.0
2021-05-17,69.45999908447266,69.62999725341797,68.19999694824219,68.86000061035156,26662,0.055567999267578126,0.0,0.0
2021-05-18,68.70999908447266,70.23999786376953,67.27999877929688,69.52999877929688,43138,0.05496799926757813,0.0,0.0
2021-05-19,66.66000366210938,68.5999984741211,65.29000091552734,68.58000183105469,42607,0.0533280029296875,0.0,0.0
2021-05-20,65.11000061035156,67.1500015258789,64.79000091552734,66.7300033569336,35448,0.05208800048828125,0.0,0.0
2021-05-21,66.44000244140625,66.94000244140625,64.55999755859375,65.04000091552734,33829,0.053152001953125,0.0,0.0
2021-05-24,68.45999908447266,68.63999938964844,66.47000122070312,66.63999938964844,29400,0.05476799926757813,0.0,0.0
2021-05-25,68.6500015258789,68.88999938964844,67.83999633789062,68.38999938964844,20377,0.054920001220703125,0.0,0.0
2021-05-26,68.87000274658203,69.16000366210938,68.02999877929688,68.62999725341797,21097,0.055096002197265626,0.0,0.0
2021-05-27,69.45999908447266,69.51000213623047,68.11000061035156,68.87999725341797,6546,0.055567999267578126,0.0,0.0
2021-05-28,69.62999725341797,69.83000183105469,69.41999816894531,69.62000274658203,31275,0.05570399780273438,0.0,0.0
2021-06-01,70.25,71.3499984741211,68.7699966430664,69.02999877929688,39925,0.0562,0.0,0.0
2021-06-02,71.3499984741211,71.48999786376953,70.37000274658203,70.55999755859375,22202,0.05707999877929688,0.0,0.0
2021-06-03,71.30999755859375,71.9800033569336,70.66000366210938,71.2699966430664,25178,0.057047998046875,0.0,0.0
2021-06-04,71.88999938964844,72.16999816894531,70.76000213623047,71.3499984741211,24006,0.05751199951171875,0.0,0.0
2021-06-07,71.48999786376953,72.26000213623047,71.0999984741211,71.69999694824219,21019,0.05719199829101563,0.0,0.0
2021-06-08,72.22000122070312,72.41000366210938,70.72000122070312,71.38999938964844,29742,0.057776000976562505,0.0,0.0
2021-06-09,72.22000122070312,72.87999725341797,71.81999969482422,72.13999938964844,31013,0.057776000976562505,0.0,0.0
2021-06-10,72.5199966430664,72.91999816894531,70.94999694824219,72.08999633789062,37080,0.05801599731445313,0.0,0.0
2021-06-11,72.69000244140625,73.08000183105469,71.87999725341797,72.38999938964844,36538,0.058152001953125004,0.0,0.0
2021-06-14,72.86000061035156,73.63999938964844,72.48999786376953,72.48999786376953,25816,0.058288000488281255,0.0,0.0
2021-06-15,73.98999786376953,74.33000183105469,72.77999877929688,73.0999984741211,32191,0.05919199829101563,0.0,0.0
2021-06-16,74.38999938964844,74.95999908447266,73.88999938964844,74.30000305175781,42294,0.059511999511718754,0.0,0.0
2021-06-17,73.08000183105469,74.48999786376953,72.0,73.9800033569336,42085,0.058464001464843755,0.0,0.0
2021-06-18,73.51000213623047,73.75,72.18000030517578,73.06999969482422,26417,0.05880800170898438,0.0,0.0
2021-06-21,74.9000015258789,74.94999694824219,72.9800033569336,73.33000183105469,38734,0.05992000122070313,0.0,0.0
2021-06-22,74.80999755859375,75.29000091552734,74.33999633789062,74.80999755859375,39381,0.059847998046875,0.0,0.0
2021-06-23,75.19000244140625,76.0,74.7300033569336,74.76000213623047,32883,0.060152001953125006,0.0,0.0
2021-06-24,75.55999755859375,75.7699966430664,74.5199966430664,75.37000274658203,26664,0.060447998046875,0.0,0.0
2021-06-25,76.18000030517578,76.20999908447266,74.94999694824219,75.61000061035156,31417,0.06094400024414063,0.0,0.0
2021-06-28,74.68000030517578,76.58999633789062,74.5199966430664,76.16000366210938,27711,0.05974400024414063,0.0,0.0
2021-06-29,74.76000213623047,75.51000213623047,73.91000366210938,74.5999984741211,4089,0.05980800170898438,0.0,0.0
2021-06-30,75.12999725341797,75.5999984741211,74.54000091552734,75.13999938964844,33596,0.06010399780273438,0.0,0.0
2021-07-01,75.83999633789062,76.75,74.55000305175781,74.69999694824219,52210,0.060671997070312504,0.0,0.0
2021-07-02,76.16999816894531,76.43000030517578,75.2300033569336,75.58999633789062,31167,0.06093599853515625,0.0,0.0
2021-07-06,74.52999877929688,77.83000183105469,74.12000274658203,76.08999633789062,58679,0.059623999023437506,0.0,0.0
2021-07-07,73.43000030517578,75.98999786376953,72.58999633789062,74.95999908447266,51166,0.05874400024414063,0.0,0.0
2021-07-08,74.12000274658203,74.38999938964844,72.0999984741211,73.47000122070312,42366,0.05929600219726563,0.0,0.0
2021-07-09,75.55000305175781,75.79000091552734,73.81999969482422,74.36000061035156,31967,0.06044000244140625,0.0,0.0
2021-07-12,75.16000366210938,75.83999633789062,74.23999786376953,75.63999938964844,32255,0.0601280029296875,0.0,0.0
2021-07-13,76.48999786376953,76.61000061035156,74.95999908447266,75.2300033569336,32219,0.061191998291015626,0.0,0.0
2021-07-14,74.76000213623047,76.70999908447266,73.76000213623047,76.4000015258789,49772,0.05980800170898438,0.0,0.0
2021-07-15,73.47000122070312,74.63999938964844,73.16000366210938,74.55000305175781,41748,0.0587760009765625,0.0,0.0
2021-07-16,73.58999633789062,74.06999969482422,72.33999633789062,73.26000213623047,33536,0.0588719970703125,0.0,0.0
2021-07-19,68.62000274658203,73.29000091552734,67.8499984741211,73.0,58659,0.05489600219726563,0.0,0.0
2021-07-20,69.3499984741211,69.7300033569336,67.41999816894531,68.76000213623047,43067,0.05547999877929688,0.0,0.0
2021-07-21,72.2300033569336,72.36000061035156,68.63999938964844,68.73999786376953,43341,0.05778400268554688,0.0,0.0
2021-07-22,73.79000091552734,73.9000015258789,71.75,72.0999984741211,34425,0.05903200073242188,0.0,0.0
2021-07-23,74.0999984741211,74.20999908447266,73.33000183105469,73.70999908447266,23724,0.05927999877929688,0.0,0.0
2021-07-26,74.5,74.83000183105469,72.75,74.16999816894531,31628,0.0596,0.0,0.0
2021-07-27,74.4800033569336,75.05000305175781,74.0199966430664,74.79000091552734,26028,0.05958400268554688,0.0,0.0
2021-07-28,74.73999786376953,75.30999755859375,74.44000244140625,74.66000366210938,20863,0.05979199829101563,0.0,0.0
2021-07-29,76.05000305175781,76.13999938964844,74.62999725341797,74.80999755859375,9158,0.060840002441406256,0.0,0.0
2021-07-30,76.33000183105469,76.38999938964844,75.51000213623047,75.80000305175781,27919,0.06106400146484375,0.0,0.0
2021-08-02,72.88999938964844,75.33000183105469,72.30999755859375,75.18000030517578,38106,0.058311999511718754,0.0,0.0
2021-08-03,72.41000366210938,73.52999877929688,71.04000091552734,73.2300033569336,41458,0.0579280029296875,0.0,0.0
2021-08-04,70.37999725341797,72.81999969482422,70.12000274658203,72.33000183105469,44616,0.05630399780273438,0.0,0.0
2021-08-05,71.29000091552734,71.5,69.75,70.25,32444,0.05703200073242188,0.0,0.0
2021-08-06,70.69999694824219,72.43000030517578,70.27999877929688,71.26000213623047,35762,0.056559997558593755,0.0,0.0
2021-08-09,69.04000091552734,70.05999755859375,67.61000061035156,70.05999755859375,42738,0.055232000732421876,0.0,0.0
2021-08-10,70.62999725341797,71.2300033569336,68.97000122070312,69.29000091552734,30525,0.05650399780273438,0.0,0.0
2021-08-11,71.44000244140625,71.62999725341797,69.06999969482422,70.91000366210938,34214,0.057152001953125,0.0,0.0
2021-08-12,71.30999755859375,71.88999938964844,70.68000030517578,71.58000183105469,22952,0.057047998046875,0.0,0.0
2021-08-13,70.58999633789062,71.38999938964844,70.0,71.12000274658203,26874,0.0564719970703125,0.0,0.0
2021-08-16,69.51000213623047,70.4000015258789,68.13999938964844,70.22000122070312,33537,0.055608001708984375,0.0,0.0
2021-08-17,69.02999877929688,70.01000213623047,68.81999969482422,69.6500015258789,29163,0.055223999023437505,0.0,0.0
2021-08-18,68.2300033569336,70.04000091552734,67.22000122070312,69.01000213623047,34264,0.054584002685546876,0.0,0.0
2021-08-19,66.44999694824219,67.6500015258789,65.55999755859375,67.41999816894531,35816,0.053159997558593755,0.0,0.0
2021-08-20,65.18000030517578,66.91999816894531,64.80000305175781,66.5999984741211,27104,0.05214400024414063,0.0,0.0
2021-08-23,68.75,68.91000366210938,64.83000183105469,65.18000030517578,29582,0.055,0.0,0.0
2021-08-24,71.05000305175781,71.30000305175781,68.5199966430664,68.68000030517578,38685,0.05684000244140625,0.0,0.0
2021-08-25,72.25,72.41000366210938,70.51000213623047,71.12999725341797,32345,0.057800000000000004,0.0,0.0
2021-08-26,71.06999969482422,72.12999725341797,70.68000030517578,71.83999633789062,24373,0.05685599975585938,0.0,0.0
2021-08-27,72.69999694824219,72.73999786376953,71.16000366210938,71.41999816894531,13316,0.05815999755859375,0.0,0.0
2021-08-30,73.41000366210938,73.69999694824219,71.98999786376953,73.58999633789062,3291,0.0587280029296875,0.0,0.0
2021-08-31,72.98999786376953,73.48999786376953,72.91000366210938,73.02999877929688,28933,0.05839199829101563,0.0,0.0
2021-09-01,71.58999633789062,72.37000274658203,70.41000366210938,71.69999694824219,32339,0.057271997070312504,0.0,0.0
2021-09-02,73.02999877929688,73.45999908447266,70.91999816894531,71.23999786376953,30185,0.058423999023437506,0.0,0.0
2021-09-03,72.61000061035156,73.69999694824219,72.4000015258789,72.80999755859375,27095,0.05808800048828125,0.0,0.0
2021-09-07,71.69000244140625,72.7699966430664,71.0999984741211,72.69000244140625,35294,0.057352001953125,0.0,0.0
2021-09-08,72.5999984741211,72.94999694824219,71.55999755859375,71.58000183105469,31671,0.05807999877929688,0.0,0.0
2021-09-09,71.44999694824219,73.19000244140625,70.88999938964844,72.62000274658203,35106,0.05715999755859375,0.0,0.0
2021-09-10,72.91999816894531,73.13999938964844,70.95999908447266,71.30999755859375,26654,0.05833599853515625,0.0,0.0
2021-09-13,73.51000213623047,73.93000030517578,72.69999694824219,73.05000305175781,26510,0.05880800170898438,0.0,0.0
2021-09-14,73.5999984741211,74.2699966430664,73.08000183105469,73.7300033569336,27690,0.05887999877929688,0.0,0.0
2021-09-15,75.45999908447266,76.12999725341797,73.77999877929688,73.83999633789062,35197,0.060367999267578125,0.0,0.0
2021-09-16,75.66999816894531,75.86000061035156,74.4800033569336,75.45999908447266,27363,0.06053599853515625,0.0,0.0
2021-09-17,75.33999633789062,75.77999877929688,74.58000183105469,75.01000213623047,26771,0.0602719970703125,0.0,0.0
2021-09-20,73.91999816894531,75.38999938964844,73.51000213623047,75.38999938964844,28251,0.059135998535156255,0.0,0.0
2021-09-21,74.36000061035156,75.16999816894531,73.25,74.2300033569336,25140,0.059488000488281255,0.0,0.0
2021-09-22,76.19000244140625,76.26000213623047,74.51000213623047,74.61000061035156,26605,0.060952001953125,0.0,0.0
2021-09-23,77.25,77.33999633789062,75.5999984741211,75.87000274658203,26832,0.0618,0.0,0.0
2021-09-24,78.08999633789062,78.25,76.87000274658203,77.18000030517578,20417,0.0624719970703125,0.0,0.0
2021-09-27,79.52999877929688,79.87999725341797,78.20999908447266,78.2300033569336,20799,0.0636239990234375,0.0,0.0
2021-09-28,79.08999633789062,80.73999786376953,78.08000183105469,79.41999816894531,21656,0.0632719970703125,0.0,0.0
2021-09-29,78.63999938964844,79.41000366210938,77.52999877929688,78.25,8319,0.06291199951171875,0.0,0.0
2021-09-30,78.5199966430664,79.16000366210938,77.63999938964844,78.33000183105469,51076,0.06281599731445313,0.0,0.0
2021-10-01,79.27999877929688,79.41000366210938,77.56999969482422,78.41000366210938,31697,0.0634239990234375,0.0,0.0
2021-10-04,81.26000213623047,82.0,78.76000213623047,79.36000061035156,43286,0.06500800170898438,0.0,0.0
2021-10-05,82.55999755859375,83.11000061035156,81.19999694824219,81.27999877929688,44439,0.066047998046875,0.0,0.0
2021-10-06,81.08000183105469,83.44000244140625,80.58999633789062,82.66000366210938,41389,0.06486400146484375,0.0,0.0
2021-10-07,81.94999694824219,82.5,79.08000183105469,80.80000305175781,43830,0.06555999755859375,0.0,0.0
2021-10-08,82.38999938964844,83.43000030517578,81.95999908447266,82.38999938964844,48729,0.06591199951171875,0.0,0.0
2021-10-11,83.6500015258789,84.5999984741211,82.55999755859375,82.58999633789062,46216,0.06692000122070313,0.0,0.0
2021-10-12,83.41999816894531,84.2300033569336,82.72000122070312,83.61000061035156,47351,0.06673599853515626,0.0,0.0
2021-10-13,83.18000030517578,83.69000244140625,82.20999908447266,83.16000366210938,39594,0.06654400024414063,0.0,0.0
2021-10-14,84.0,84.52999877929688,83.19000244140625,83.3499984741211,37348,0.06720000000000001,0.0,0.0
2021-10-15,84.86000061035156,85.0999984741211,84.16999816894531,84.19999694824219,33044,0.06788800048828125,0.0,0.0
2021-10-18,84.33000183105469,86.02999877929688,83.95999908447266,85.05000305175781,40153,0.06746400146484376,0.0,0.0
2021-10-19,85.08000183105469,85.4000015258789,83.70999908447266,84.11000061035156,45141,0.06806400146484376,0.0,0.0
2021-10-20,85.81999969482422,85.88999938964844,83.62999725341797,85.0999984741211,43107,0.06865599975585938,0.0,0.0
2021-10-21,84.61000061035156,86.12000274658203,83.36000061035156,85.87999725341797,49004,0.06768800048828125,0.0,0.0
2021-10-22,85.52999877929688,85.94000244140625,83.83000183105469,84.6500015258789,41174,0.0684239990234375,0.0,0.0
2021-10-25,85.98999786376953,86.72000122070312,85.44000244140625,85.70999908447266,43061,0.06879199829101562,0.0,0.0
2021-10-26,86.4000015258789,86.52999877929688,85.27999877929688,86.02999877929688,32042,0.06912000122070312,0.0,0.0
2021-10-27,84.58000183105469,86.2699966430664,84.05000305175781,86.12999725341797,25643,0.06766400146484375,0.0,0.0
2021-10-28,84.31999969482422,84.56999969482422,82.30999755859375,84.18000030517578,10576,0.06745599975585938,0.0,0.0
2021-10-29,84.37999725341797,84.55999755859375,84.05999755859375,84.19000244140625,35155,0.06750399780273438,0.0,0.0
2021-11-01,84.70999908447266,85.11000061035156,83.02999877929688,83.7300033569336,36245,0.06776799926757812,0.0,0.0
2021-11-02,84.72000122070312,85.22000122070312,83.76000213623047,84.41999816894531,40105,0.0677760009765625,0.0,0.0
2021-11-03,81.98999786376953,84.18000030517578,81.08000183105469,84.04000091552734,50062,0.06559199829101563,0.0,0.0
2021-11-04,80.54000091552734,84.5,80.19000244140625,81.31999969482422,72626,0.06443200073242188,0.0,0.0
2021-11-05,82.73999786376953,83.1500015258789,80.2699966430664,81.0,43130,0.06619199829101563,0.0,0.0
2021-11-08,83.43000030517578,83.98999786376953,82.5,82.56999969482422,27655,0.06674400024414062,0.0,0.0
2021-11-09,84.77999877929688,85.13999938964844,83.18000030517578,83.58999633789062,34996,0.0678239990234375,0.0,0.0
2021-11-10,82.63999938964844,85.5,82.08999633789062,85.16000366210938,36273,0.06611199951171876,0.0,0.0
2021-11-11,82.87000274658203,83.43000030517578,81.66000366210938,82.63999938964844,31162,0.06629600219726563,0.0,0.0
2021-11-12,82.16999816894531,82.87000274658203,81.26000213623047,82.66999816894531,27167,0.06573599853515626,0.0,0.0
2021-11-15,82.05000305175781,82.48999786376953,80.68000030517578,81.91999816894531,32804,0.06564000244140625,0.0,0.0
2021-11-16,82.43000030517578,83.13999938964844,81.55000305175781,82.11000061035156,25767,0.06594400024414063,0.0,0.0
2021-11-17,80.27999877929688,82.36000061035156,79.7699966430664,82.33000183105469,38038,0.0642239990234375,0.0,0.0
2021-11-18,81.23999786376953,81.41999816894531,79.2699966430664,80.27999877929688,30490,0.06499199829101562,0.0,0.0
2021-11-19,78.88999938964844,82.2300033569336,78.05000305175781,81.01000213623047,44180,0.06311199951171875,0.0,0.0
2021-11-22,79.69999694824219,80.08999633789062,77.54000091552734,78.66999816894531,39085,0.06375999755859375,0.0,0.0
2021-11-23,82.30999755859375,82.58999633789062,78.56999969482422,79.41999816894531,41865,0.06584799804687501,0.0,0.0
2021-11-24,82.25,83.0,81.63999938964844,82.19999694824219,30734,0.0658,0.0,0.0
2021-11-26,72.72000122070312,82.55999755859375,72.11000061035156,82.2699966430664,29171,0.0581760009765625,0.0,0.0
2021-11-29,73.44000244140625,77.0,72.63999938964844,73.58999633789062,12507,0.058752001953125,0.0,0.0
2021-11-30,70.56999969482422,74.56999969482422,70.22000122070312,74.56999969482422,77840,0.056455999755859375,0.0,0.0
2021-12-01,68.87000274658203,72.86000061035156,68.1500015258789,70.13999938964844,56808,0.055096002197265626,0.0,0.0
2021-12-02,69.66999816894531,70.70999908447266,65.7699966430664,68.80999755859375,81072,0.055735998535156255,0.0,0.0
2021-12-03,69.87999725341797,72.5999984741211,69.2300033569336,70.5,43639,0.055903997802734376,0.0,0.0
2021-12-06,73.08000183105469,73.77999877929688,70.29000091552734,70.30000305175781,32294,0.058464001464843755,0.0,0.0
2021-12-07,75.44000244140625,76.26000213623047,73.2300033569336,73.54000091552734,34533,0.060352001953125005,0.0,0.0
2021-12-08,75.81999969482422,76.37000274658203,74.4000015258789,75.2699966430664,31080,0.06065599975585938,0.0,0.0
2021-12-09,74.41999816894531,76.69999694824219,73.83000183105469,76.0199966430664,27715,0.05953599853515625,0.0,0.0
2021-12-10,75.1500015258789,75.69999694824219,73.80000305175781,74.0999984741211,24682,0.06012000122070313,0.0,0.0
2021-12-13,74.38999938964844,76.38999938964844,74.19000244140625,75.54000091552734,27562,0.059511999511718754,0.0,0.0
2021-12-14,73.69999694824219,75.1500015258789,72.56999969482422,74.30000305175781,31237,0.058959997558593755,0.0,0.0
2021-12-15,73.87999725341797,74.56999969482422,72.4800033569336,73.26000213623047,29294,0.05910399780273438,0.0,0.0
2021-12-16,75.0199966430664,75.58999633789062,74.0,74.56999969482422,26965,0.060015997314453125,0.0,0.0
2021-12-17,73.5199966430664,74.95999908447266,72.62000274658203,74.51000213623047,26087,0.058815997314453125,0.0,0.0
2021-12-20,71.5199966430664,73.06999969482422,69.26000213623047,73.05999755859375,36842,0.05721599731445313,0.0,0.0
2021-12-21,73.9800033569336,74.26000213623047,71.23999786376953,72.0999984741211,27386,0.059184002685546876,0.0,0.0
2021-12-22,75.29000091552734,75.69000244140625,73.58999633789062,74.04000091552734,28541,0.06023200073242188,0.0,0.0
2021-12-23,76.8499984741211,76.9800033569336,74.79000091552734,75.66999816894531,27624,0.06147999877929688,0.0,0.0
2021-12-27,78.5999984741211,79.05999755859375,75.76000213623047,76.30000305175781,15723,0.06287999877929688,0.0,0.0
2021-12-28,78.94000244140625,79.8499984741211,78.47000122070312,78.87000274658203,8523,0.06315200195312501,0.0,0.0
2021-12-29,79.2300033569336,80.16000366210938,78.13999938964844,79.0,7057,0.06338400268554688,0.0,0.0
2021-12-30,79.31999969482422,79.62000274658203,78.66000366210938,79.25,24512,0.06345599975585937,0.0,0.0
2021-12-31,77.77999877929688,79.68000030517578,77.13999938964844,79.1500015258789,21740,0.062223999023437504,0.0,0.0
2022-01-03,78.9800033569336,79.27999877929688,77.04000091552734,77.94000244140625,27224,0.06318400268554687,0.0,0.0
2022-01-04,80.0,80.55000305175781,78.5999984741211,78.94999694824219,31321,0.064,0.0,0.0
2022-01-05,80.80000305175781,81.48999786376953,79.55000305175781,80.08000183105469,35152,0.06464000244140625,0.0,0.0
2022-01-06,81.98999786376953,82.83999633789062,79.62999725341797,80.1500015258789,41582,0.06559199829101563,0.0,0.0
2022-01-07,81.75,82.98999786376953,81.44000244140625,82.05999755859375,29501,0.0654,0.0,0.0
2022-01-10,80.87000274658203,82.2699966430664,80.48999786376953,81.79000091552734,30035,0.06469600219726562,0.0,0.0
2022-01-11,83.72000122070312,83.97000122070312,80.87999725341797,80.95999908447266,37934,0.0669760009765625,0.0,0.0
2022-01-12,84.66999816894531,85.19999694824219,83.51000213623047,83.69000244140625,32298,0.06773599853515626,0.0,0.0
2022-01-13,84.47000122070312,85.08999633789062,83.79000091552734,84.77999877929688,27107,0.06757600097656251,0.0,0.0
2022-01-14,86.05999755859375,86.5,84.02999877929688,84.12999725341797,31970,0.068847998046875,0.0,0.0
2022-01-18,87.51000213623047,88.55000305175781,85.55000305175781,86.5,45875,0.07000800170898437,0.0,0.0
2022-01-19,88.44000244140625,89.16999816894531,87.62999725341797,88.44999694824219,37483,0.070752001953125,0.0,0.0
2022-01-20,88.37999725341797,89.51000213623047,87.02999877929688,87.7300033569336,30524,0.07070399780273438,0.0,0.0
2022-01-21,87.88999938964844,88.22000122070312,85.70999908447266,87.3499984741211,29566,0.07031199951171875,0.0,0.0
2022-01-24,86.2699966430664,88.87999725341797,85.0199966430664,87.6500015258789,34253,0.06901599731445313,0.0,0.0
2022-01-25,88.19999694824219,88.36000061035156,86.19000244140625,87.16999816894531,29496,0.07055999755859375,0.0,0.0
2022-01-26,89.95999908447266,90.4800033569336,87.80000305175781,88.0199966430664,29805,0.07196799926757813,0.0,0.0
2022-01-27,89.33999633789062,91.04000091552734,88.9800033569336,89.77999877929688,15201,0.0714719970703125,0.0,0.0
2022-01-28,90.02999877929688,91.69000244140624,89.41000366210938,89.88999938964844,10824,0.07202399902343751,0.0,0.0
2022-01-31,91.20999908447266,91.3000030517578,90.75,90.8000030517578,33664,0.07296799926757813,0.0,0.0
2022-02-01,89.16000366210938,89.95999908447266,87.72000122070312,89.37999725341797,36248,0.07132800292968751,0.0,0.0
2022-02-02,89.47000122070312,90.51000213623048,88.27999877929688,89.29000091552734,38172,0.0715760009765625,0.0,0.0
2022-02-03,91.11000061035156,91.29000091552734,88.01000213623047,89.05999755859375,33059,0.07288800048828126,0.0,0.0
2022-02-04,93.2699966430664,93.6999969482422,90.88999938964844,91.04000091552734,33357,0.07461599731445313,0.0,0.0
2022-02-07,92.69000244140624,93.98999786376952,92.1500015258789,92.7300033569336,37016,0.07415200195312499,0.0,0.0
2022-02-08,90.77999877929688,93.01000213623048,89.93000030517578,93.01000213623048,39288,0.0726239990234375,0.0,0.0
2022-02-09,91.5500030517578,92.05999755859376,90.05999755859375,91.2699966430664,34759,0.07324000244140624,0.0,0.0
2022-02-10,91.41000366210938,93.08999633789062,90.9000015258789,91.72000122070312,43235,0.0731280029296875,0.0,0.0
2022-02-11,94.44000244140624,95.63999938964844,90.5199966430664,91.26000213623048,53045,0.07555200195312499,0.0,0.0
2022-02-14,96.4800033569336,96.77999877929688,93.45999908447266,95.30999755859376,48449,0.07718400268554688,0.0,0.0
2022-02-15,93.27999877929688,96.23999786376952,92.05999755859376,95.76000213623048,45181,0.0746239990234375,0.0,0.0
2022-02-16,94.80999755859376,96.06999969482422,91.13999938964844,93.58999633789062,45148,0.07584799804687502,0.0,0.0
2022-02-17,92.97000122070312,94.51000213623048,91.81999969482422,92.08999633789062,38045,0.07437600097656251,0.0,0.0
2022-02-18,93.54000091552734,94.1500015258789,90.26000213623048,92.9800033569336,42436,0.07483200073242188,0.0,0.0
2022-02-22,96.83999633789062,99.44000244140624,92.55999755859376,94.27999877929688,59945,0.0774719970703125,0.0,0.0
2022-02-23,96.83999633789062,98.6999969482422,95.8000030517578,96.62999725341795,33549,0.0774719970703125,0.0,0.0
2022-02-24,99.08000183105467,105.75,97.48999786376952,97.55999755859376,21282,0.07926400146484375,0.0,0.0
2022-02-25,97.93000030517578,101.98999786376952,96.0,99.6500015258789,7025,0.07834400024414064,0.0,0.0
2022-02-28,100.98999786376952,104.4800033569336,99.9000015258789,100.4800033569336,38241,0.08079199829101562,0.0,0.0
2022-03-01,104.97000122070312,107.5999984741211,97.69000244140624,98.11000061035156,56428,0.0839760009765625,0.0,0.0
2022-03-02,112.93000030517578,115.0500030517578,106.48999786376952,107.54000091552734,59273,0.09034400024414063,0.0,0.0
2022-03-03,110.45999908447266,119.7699966430664,109.41999816894533,114.25,37420,0.08836799926757813,0.0,0.0
2022-03-04,118.11000061035156,118.97000122070312,109.61000061035156,110.58000183105467,34984,0.09448800048828125,0.0,0.0
2022-03-07,123.20999908447266,137.0,119.06999969482422,121.23999786376952,29504,0.09856799926757813,0.0,0.0
2022-03-08,127.9800033569336,133.1300048828125,121.37000274658205,124.25,38358,0.10238400268554688,0.0,0.0
2022-03-09,111.13999938964844,131.6300048828125,108.0,129.57000732421875,42740,0.08891199951171876,0.0,0.0
2022-03-10,109.33000183105467,118.33000183105467,108.9499969482422,112.73999786376952,30414,0.08746400146484375,0.0,0.0
2022-03-11,112.66999816894533,113.87999725341795,107.12999725341795,109.72000122070312,18819,0.09013599853515626,0.0,0.0
2022-03-14,106.9000015258789,113.04000091552734,103.4499969482422,112.9000015258789,19364,0.08552000122070313,0.0,0.0
2022-03-15,99.91000366210938,106.45999908447266,97.5,106.0,26067,0.0799280029296875,0.0,0.0
2022-03-16,98.0199966430664,103.68000030517578,96.9499969482422,99.04000091552734,18514,0.07841599731445313,0.0,0.0
2022-03-17,106.63999938964844,107.56999969482422,97.87999725341795,98.0999984741211,15091,0.08531199951171875,0.0,0.0
2022-03-18,107.93000030517578,109.56999969482422,105.8000030517578,107.23999786376952,10489,0.08634400024414063,0.0,0.0
2022-03-21,115.62000274658205,116.7300033569336,107.08999633789062,107.37000274658205,11620,0.09249600219726564,0.0,0.0
2022-03-22,115.4800033569336,119.41999816894533,112.7699966430664,116.8499984741211,14222,0.09238400268554688,0.0,0.0
2022-03-23,121.5999984741211,122.29000091552734,114.41999816894533,114.73999786376952,14286,0.09727999877929688,0.0,0.0
2022-03-24,119.02999877929688,123.6999969482422,116.9499969482422,121.2699966430664,12778,0.0952239990234375,0.0,0.0
2022-03-25,120.6500015258789,120.87000274658205,115.20999908447266,118.27999877929688,14026,0.09652000122070313,0.0,0.0
2022-03-28,112.4800033569336,120.30999755859376,109.05999755859376,120.30999755859376,15212,0.08998400268554688,0.0,0.0
2022-03-29,110.2300033569336,114.70999908447266,104.9800033569336,109.7300033569336,7152,0.08818400268554688,0.0,0.0
2022-03-30,113.4499969482422,114.6500015258789,110.9000015258789,111.0,4472,0.09075999755859376,0.0,0.0
2022-03-31,107.91000366210938,109.36000061035156,107.37000274658205,108.70999908447266,22850,0.08632800292968751,0.0,0.0
2022-04-01,104.38999938964844,106.1999969482422,102.37000274658205,105.98999786376952,17144,0.08351199951171875,0.0,0.0
2022-04-04,107.52999877929688,108.5500030517578,102.91000366210938,104.25,18406,0.0860239990234375,0.0,0.0
2022-04-05,106.63999938964844,109.8499984741211,104.55999755859376,108.23999786376952,15613,0.08531199951171875,0.0,0.0
2022-04-06,101.06999969482422,108.66000366210938,100.54000091552734,105.79000091552734,20212,0.08085599975585937,0.0,0.0
2022-04-07,100.58000183105467,103.5,98.4499969482422,102.1500015258789,19577,0.08046400146484374,0.0,0.0
2022-04-08,102.77999877929688,103.25,99.70999908447266,101.69000244140624,16735,0.08222399902343751,0.0,0.0
2022-04-11,98.4800033569336,103.08999633789062,97.62000274658205,103.06999969482422,23852,0.07878400268554688,0.0,0.0
2022-04-12,104.63999938964844,105.5999984741211,98.9800033569336,99.25,22697,0.08371199951171876,0.0,0.0
2022-04-13,108.77999877929688,109.0,104.06999969482422,104.9800033569336,22260,0.0870239990234375,0.0,0.0
2022-04-14,111.6999969482422,112.38999938964844,106.63999938964844,108.37000274658205,17418,0.08935999755859377,0.0,0.0
2022-04-18,113.16000366210938,114.81999969482422,110.72000122070312,111.88999938964844,13187,0.0905280029296875,0.0,0.0
2022-04-19,107.25,114.0500030517578,106.7699966430664,112.6500015258789,18972,0.0858,0.0,0.0
2022-04-20,106.8000030517578,108.9800033569336,104.66999816894533,107.72000122070312,15985,0.08544000244140625,0.0,0.0
2022-04-21,108.33000183105467,109.79000091552734,106.77999877929688,107.01000213623048,13203,0.08666400146484374,0.0,0.0
2022-04-22,106.6500015258789,108.7300033569336,105.52999877929688,108.63999938964844,11040,0.08532000122070313,0.0,0.0
2022-04-25,102.31999969482422,105.9499969482422,99.47000122070312,105.73999786376952,15464,0.08185599975585937,0.0,0.0
2022-04-26,104.98999786376952,106.1500015258789,101.12000274658205,102.56999969482422,13279,0.08399199829101561,0.0,0.0
2022-04-27,105.31999969482422,106.3499984741211,103.2699966430664,105.37000274658205,8064,0.08425599975585937,0.0,0.0
2022-04-28,107.58999633789062,107.93000030517578,103.3000030517578,104.76000213623048,8567,0.0860719970703125,0.0,0.0
2022-04-29,109.33999633789062,109.7699966430664,107.6500015258789,107.6500015258789,32573,0.0874719970703125,0.0,0.0
2022-05-02,107.58000183105467,108.41000366210938,103.12999725341795,106.1999969482422,23606,0.08606400146484375,0.0,0.0
2022-05-03,104.97000122070312,108.3000030517578,104.62000274658205,107.37000274658205,23410,0.0839760009765625,0.0,0.0
2022-05-04,110.13999938964844,111.0,105.5,106.0999984741211,21158,0.08811199951171876,0.0,0.0
2022-05-05,110.9000015258789,113.98999786376952,109.2300033569336,110.13999938964844,26443,0.08872000122070313,0.0,0.0
2022-05-06,112.38999938964844,113.5199966430664,109.87999725341795,111.1500015258789,23902,0.08991199951171876,0.0,0.0
2022-05-09,105.94000244140624,113.22000122070312,104.9499969482422,113.0500030517578,28134,0.08475200195312499,0.0,0.0
2022-05-10,102.45999908447266,106.91000366210938,101.6999969482422,105.55999755859376,25904,0.08196799926757813,0.0,0.0
2022-05-11,107.51000213623048,108.26000213623048,100.93000030517578,101.6999969482422,31560,0.08600800170898439,0.0,0.0
2022-05-12,107.4499969482422,108.69000244140624,104.69000244140624,107.55999755859376,27037,0.08595999755859376,0.0,0.0
2022-05-13,111.5500030517578,111.69000244140624,107.80999755859376,108.0,25050,0.08924000244140624,0.0,0.0
2022-05-16,114.23999786376952,114.77999877929688,109.04000091552734,111.41000366210938,20871,0.09139199829101562,0.0,0.0
2022-05-17,111.93000030517578,115.66000366210938,111.12000274658205,114.29000091552734,23254,0.08954400024414062,0.0,0.0
2022-05-18,109.11000061035156,114.12999725341795,108.3499984741211,112.88999938964844,21217,0.08728800048828125,0.0,0.0
2022-05-19,112.04000091552734,112.2699966430664,105.6999969482422,109.3000030517578,26098,0.08963200073242188,0.0,0.0
2022-05-20,112.5500030517578,113.22000122070312,110.54000091552734,111.5,16942,0.09004000244140624,0.0,0.0
2022-05-23,113.41999816894533,114.36000061035156,111.86000061035156,112.73999786376952,20660,0.09073599853515626,0.0,0.0
2022-05-24,113.55999755859376,114.62999725341795,111.72000122070312,113.36000061035156,20941,0.09084799804687502,0.0,0.0
2022-05-25,114.02999877929688,115.31999969482422,113.04000091552734,113.91999816894533,12885,0.0912239990234375,0.0,0.0
2022-05-26,117.4000015258789,118.0,113.83999633789062,114.4499969482422,11590,0.09392000122070313,0.0,0.0
2022-05-27,119.43000030517578,119.7300033569336,116.68000030517578,117.54000091552734,4384,0.09554400024414063,0.0,0.0
2022-05-31,122.83999633789062,124.12999725341795,119.36000061035156,119.47000122070312,41020,0.0982719970703125,0.0,0.0
2022-06-01,116.29000091552734,118.58000183105467,115.43000030517578,116.62999725341795,21546,0.09303200073242188,0.0,0.0
2022-06-02,117.61000061035156,118.44000244140624,112.4800033569336,115.81999969482422,22117,0.09408800048828125,0.0,0.0
2022-06-03,119.72000122070312,121.44000244140624,116.08000183105467,118.26000213623048,11028,0.09577600097656251,0.0,0.0
2022-06-06,119.51000213623048,121.88999938964844,118.76000213623048,121.3499984741211,16523,0.0956080017089844,0.0,0.0
2022-06-07,120.56999969482422,121.37999725341795,118.55999755859376,120.08000183105467,20488,0.09645599975585938,0.0,0.0
2022-06-08,123.58000183105467,124.41000366210938,120.45999908447266,121.02999877929688,21778,0.09886400146484374,0.0,0.0
2022-06-09,123.06999969482422,124.33000183105467,122.5,123.88999938964844,21008,0.09845599975585938,0.0,0.0
2022-06-10,122.01000213623048,124.33000183105467,119.87000274658205,122.94000244140624,26036,0.09760800170898438,0.0,0.0
2022-06-13,122.2699966430664,123.61000061035156,118.9499969482422,121.69000244140624,21136,0.09781599731445313,0.0,0.0
2022-06-14,121.16999816894533,125.18000030517578,118.94000244140624,122.5,27702,0.09693599853515626,0.0,0.0
2022-06-15,118.51000213623048,121.8499984741211,117.75,121.0,22360,0.09480800170898439,0.0,0.0
2022-06-16,119.80999755859376,120.27999877929688,115.58000183105467,119.12000274658205,24329,0.09584799804687502,0.0,0.0
2022-06-17,113.12000274658205,121.25,111.72000122070312,119.33999633789062,26686,0.09049600219726564,0.0,0.0
2022-06-21,114.6500015258789,116.25,111.56999969482422,113.8000030517578,22868,0.09172000122070313,0.0,0.0
2022-06-22,111.73999786376952,114.56999969482422,107.02999877929688,114.56999969482422,33112,0.08939199829101561,0.0,0.0
2022-06-23,110.0500030517578,112.69000244140624,108.11000061035156,110.22000122070312,21806,0.08804000244140624,0.0,0.0
2022-06-24,113.12000274658205,113.98999786376952,109.2699966430664,109.80999755859376,13431,0.09049600219726564,0.0,0.0
2022-06-27,115.08999633789062,116.04000091552734,111.25,112.45999908447266,11252,0.09207199707031251,0.0,0.0
2022-06-28,117.9800033569336,118.23999786376952,115.4000015258789,115.83999633789062,6673,0.09438400268554688,0.0,0.0
2022-06-29,116.26000213623048,120.37999725341795,115.41000366210938,117.95999908447266,4346,0.09300800170898439,0.0,0.0
2022-06-30,114.80999755859376,116.33000183105467,114.80999755859376,116.04000091552734,24733,0.09184799804687502,0.0,0.0
2022-07-01,111.62999725341795,112.41999816894533,108.01000213623048,109.45999908447266,17090,0.08930399780273436,0.0,0.0
2022-07-05,102.7699966430664,114.69000244140624,101.11000061035156,111.61000061035156,43356,0.08221599731445313,0.0,0.0
2022-07-06,100.69000244140624,105.8000030517578,98.51000213623048,104.0,28820,0.080552001953125,0.0,0.0
2022-07-07,104.6500015258789,106.3499984741211,98.47000122070312,99.95999908447266,22837,0.08372000122070312,0.0,0.0
2022-07-08,107.0199966430664,107.4499969482422,103.75,104.48999786376952,20610,0.08561599731445313,0.0,0.0
2022-07-11,107.0999984741211,107.66000366210938,103.66000366210938,106.76000213623048,17691,0.08567999877929688,0.0,0.0
2022-07-12,99.48999786376952,106.51000213623048,98.91000366210938,106.2300033569336,22827,0.07959199829101561,0.0,0.0
2022-07-13,99.56999969482422,101.1999969482422,97.3000030517578,99.30999755859376,22358,0.07965599975585938,0.0,0.0
2022-07-14,99.0999984741211,100.37000274658205,94.5,99.8499984741211,27515,0.07927999877929688,0.0,0.0
2022-07-15,101.16000366210938,102.62000274658205,98.20999908447266,99.5999984741211,19146,0.0809280029296875,0.0,0.0
2022-07-18,106.2699966430664,106.47000122070312,99.4800033569336,100.91999816894533,20217,0.08501599731445313,0.0,0.0
2022-07-19,107.3499984741211,107.5999984741211,103.58999633789062,105.58999633789062,21900,0.08587999877929688,0.0,0.0
2022-07-20,106.91999816894533,107.43000030517578,105.08999633789062,107.1500015258789,23989,0.08553599853515627,0.0,0.0
2022-07-21,103.86000061035156,106.8000030517578,101.5199966430664,106.79000091552734,26598,0.08308800048828126,0.0,0.0
2022-07-22,103.1999969482422,105.68000030517578,101.91000366210938,104.25,17586,0.08255999755859376,0.0,0.0
2022-07-25,105.1500015258789,105.3499984741211,101.66999816894533,103.44000244140624,14999,0.08412000122070312,0.0,0.0
2022-07-26,104.4000015258789,107.3499984741211,103.9800033569336,104.80999755859376,20242,0.08352000122070313,0.0,0.0
2022-07-27,106.62000274658205,107.8000030517578,103.72000122070312,104.77999877929688,11024,0.08529600219726564,0.0,0.0
2022-07-28,107.13999938964844,108.9800033569336,105.95999908447266,107.48999786376952,6831,0.08571199951171875,0.0,0.0
2022-07-29,110.01000213623048,110.43000030517578,108.02999877929688,108.0500030517578,24476,0.08800800170898439,0.0,0.0
2022-08-01,100.02999877929688,104.37000274658205,99.0999984741211,103.87000274658205,25670,0.0800239990234375,0.0,0.0
2022-08-02,100.54000091552734,102.41000366210938,98.47000122070312,100.0,17357,0.08043200073242188,0.0,0.0
2022-08-03,96.77999877929688,102.37000274658205,96.4800033569336,99.63999938964844,22263,0.07742399902343751,0.0,0.0
2022-08-04,94.12000274658205,97.62999725341795,93.1500015258789,97.01000213623048,21011,0.07529600219726564,0.0,0.0
2022-08-05,94.91999816894533,96.4000015258789,92.75,93.58999633789062,16576,0.07593599853515627,0.0,0.0
2022-08-08,96.6500015258789,96.7300033569336,92.98999786376952,94.2699966430664,17288,0.07732000122070314,0.0,0.0
2022-08-09,96.30999755859376,98.38999938964844,94.91000366210938,96.54000091552734,20553,0.07704799804687501,0.0,0.0
2022-08-10,97.4000015258789,97.9800033569336,93.61000061035156,96.45999908447266,29520,0.07792000122070313,0.0,0.0
2022-08-11,99.5999984741211,100.16000366210938,96.6500015258789,97.2699966430664,20958,0.07967999877929688,0.0,0.0
2022-08-12,98.1500015258789,100.3499984741211,96.94000244140624,99.29000091552734,20095,0.07852000122070313,0.0,0.0
2022-08-15,95.0999984741211,98.04000091552734,92.72000122070312,97.76000213623048,20714,0.07607999877929687,0.0,0.0
2022-08-16,92.33999633789062,95.9499969482422,91.72000122070312,93.63999938964844,22549,0.0738719970703125,0.0,0.0
2022-08-17,93.6500015258789,94.45999908447266,91.5199966430664,92.7699966430664,21011,0.07492000122070312,0.0,0.0
2022-08-18,96.58999633789062,97.41000366210938,93.0500030517578,93.18000030517578,21327,0.0772719970703125,0.0,0.0
2022-08-19,96.72000122070312,97.87000274658205,94.25,96.62999725341795,22212,0.0773760009765625,0.0,0.0
2022-08-22,96.4800033569336,97.25,92.36000061035156,95.66000366210938,26974,0.07718400268554688,0.0,0.0
2022-08-23,100.22000122070312,100.4499969482422,96.51000213623048,96.58000183105467,22624,0.08017600097656251,0.0,0.0
2022-08-24,101.22000122070312,102.0,99.06999969482422,100.16000366210938,24490,0.0809760009765625,0.0,0.0
2022-08-25,99.33999633789062,102.47000122070312,99.12000274658205,101.5999984741211,20704,0.07947199707031251,0.0,0.0
2022-08-26,100.98999786376952,101.16999816894533,98.13999938964844,99.87999725341795,14241,0.08079199829101562,0.0,0.0
2022-08-29,105.08999633789062,105.4800033569336,100.29000091552734,100.83000183105467,6048,0.0840719970703125,0.0,0.0
2022-08-30,99.30999755859376,105.37000274658205,97.66999816894533,105.0,7116,0.07944799804687501,0.0,0.0
2022-08-31,96.48999786376952,100.3000030517578,95.76000213623048,99.70999908447266,24672,0.07719199829101561,0.0,0.0
2022-09-01,92.36000061035156,95.66000366210938,91.80999755859376,94.77999877929688,22870,0.07388800048828126,0.0,0.0
2022-09-02,93.0199966430664,95.31999969482422,92.0,92.0,22869,0.07441599731445313,0.0,0.0
2022-09-06,92.83000183105467,96.98999786376952,92.27999877929688,93.08999633789062,34757,0.07426400146484374,0.0,0.0
2022-09-07,88.0,93.79000091552734,87.4000015258789,92.8000030517578,28966,0.0704,0.0,0.0
2022-09-08,89.1500015258789,89.83000183105469,87.2300033569336,87.63999938964844,21562,0.07132000122070313,0.0,0.0
2022-09-09,92.83999633789062,93.0999984741211,88.31999969482422,88.45999908447266,22448,0.0742719970703125,0.0,0.0
2022-09-12,94.0,95.16999816894533,91.20999908447266,92.3000030517578,22758,0.0752,0.0,0.0
2022-09-13,93.16999816894533,95.51000213623048,91.06999969482422,94.20999908447266,27762,0.07453599853515626,0.0,0.0
2022-09-14,94.0999984741211,95.80999755859376,91.9499969482422,93.48999786376952,30880,0.07527999877929688,0.0,0.0
2022-09-15,90.83999633789062,94.6500015258789,90.05000305175781,94.43000030517578,29483,0.07267199707031251,0.0,0.0
2022-09-16,91.3499984741211,92.63999938964844,90.22000122070312,90.6500015258789,20652,0.07307999877929688,0.0,0.0
2022-09-19,92.0,92.58000183105467,88.4800033569336,91.6500015258789,17627,0.0736,0.0,0.0
2022-09-20,90.62000274658205,93.0199966430664,89.80000305175781,91.97000122070312,24688,0.07249600219726564,0.0,0.0
2022-09-21,89.83000183105469,93.51000213623048,89.30000305175781,90.69000244140624,27621,0.07186400146484376,0.0,0.0
2022-09-22,90.45999908447266,92.8000030517578,89.29000091552734,89.91999816894531,22375,0.07236799926757813,0.0,0.0
2022-09-23,86.1500015258789,90.70999908447266,85.45999908447266,90.3499984741211,18951,0.06892000122070313,0.0,0.0
2022-09-26,84.05999755859375,87.66000366210938,83.62999725341797,86.72000122070312,14034,0.06724799804687501,0.0,0.0
2022-09-27,86.2699966430664,87.12999725341797,83.91000366210938,83.91000366210938,10008,0.06901599731445313,0.0,0.0
2022-09-28,89.31999969482422,89.48999786376953,84.2699966430664,85.83000183105469,9937,0.07145599975585938,0.0,0.0
2022-09-29,88.48999786376953,90.0999984741211,87.44999694824219,88.94999694824219,7456,0.07079199829101562,0.0,0.0
2022-09-30,87.95999908447266,89.5199966430664,87.8499984741211,88.55999755859375,33026,0.07036799926757813,0.0,0.0
2022-10-03,88.86000061035156,89.83000183105469,86.51000213623047,86.51000213623047,38251,0.07108800048828125,0.0,0.0
2022-10-04,91.8000030517578,92.38999938964844,88.69000244140625,88.88999938964844,38971,0.07344000244140624,0.0,0.0
2022-10-05,93.37000274658205,93.97000122070312,90.9000015258789,91.6500015258789,39563,0.07469600219726565,0.0,0.0
2022-10-06,94.41999816894533,95.01000213623048,92.7300033569336,93.83000183105467,26200,0.07553599853515626,0.0,0.0
2022-10-07,97.91999816894533,98.58999633789062,93.93000030517578,94.98999786376952,36871,0.07833599853515627,0.0,0.0
2022-10-10,96.19000244140624,98.76000213623048,95.62000274658205,98.6999969482422,24699,0.07695200195312499,0.0,0.0
2022-10-11,94.29000091552734,96.4499969482422,93.11000061035156,96.1500015258789,31431,0.07543200073242187,0.0,0.0
2022-10-12,92.4499969482422,95.16999816894533,91.58000183105467,93.69000244140624,29821,0.07395999755859377,0.0,0.0
2022-10-13,94.56999969482422,94.9000015258789,91.08999633789062,92.47000122070312,32826,0.07565599975585938,0.0,0.0
2022-10-14,91.62999725341795,95.11000061035156,91.2699966430664,94.75,29344,0.07330399780273436,0.0,0.0
2022-10-17,91.62000274658205,93.2300033569336,90.83999633789062,91.70999908447266,23783,0.07329600219726563,0.0,0.0
2022-10-18,90.02999877929688,92.6500015258789,88.7699966430664,92.0199966430664,40941,0.07202399902343751,0.0,0.0
2022-10-19,92.41000366210938,92.83999633789062,89.37999725341797,90.79000091552734,43364,0.0739280029296875,0.0,0.0
2022-10-20,92.37999725341795,94.7699966430664,91.91999816894533,92.51000213623048,40748,0.07390399780273436,0.0,0.0
2022-10-21,93.5,93.8000030517578,91.0199966430664,92.79000091552734,26861,0.0748,0.0,0.0
2022-10-24,93.26000213623048,94.44000244140624,91.20999908447266,93.61000061035156,28074,0.07460800170898439,0.0,0.0
2022-10-25,93.5199966430664,94.37000274658205,91.62999725341795,93.55999755859376,22553,0.07481599731445313,0.0,0.0
2022-10-26,95.69000244140624,96.19000244140624,92.04000091552734,93.25,15637,0.07655200195312499,0.0,0.0
2022-10-27,96.95999908447266,97.27999877929688,95.08000183105467,96.16000366210938,14677,0.07756799926757812,0.0,0.0
2022-10-28,95.7699966430664,96.88999938964844,95.0,96.77999877929688,12135,0.07661599731445314,0.0,0.0
2022-10-31,94.83000183105467,96.0,94.31999969482422,96.0,23096,0.07586400146484375,0.0,0.0
2022-11-01,94.6500015258789,95.5500030517578,92.36000061035156,92.8000030517578,21355,0.07572000122070313,0.0,0.0
2022-11-02,96.16000366210938,96.47000122070312,93.98999786376952,94.66999816894533,28689,0.0769280029296875,0.0,0.0
2022-11-03,94.66999816894533,95.94000244140624,94.16000366210938,95.66000366210938,21292,0.07573599853515627,0.0,0.0
2022-11-04,98.56999969482422,98.81999969482422,94.33999633789062,94.4800033569336,31256,0.07885599975585939,0.0,0.0
2022-11-07,97.91999816894533,99.55999755859376,96.6999969482422,97.77999877929688,22568,0.07833599853515627,0.0,0.0
2022-11-08,95.36000061035156,98.2699966430664,94.9800033569336,98.0,28901,0.07628800048828126,0.0,0.0
2022-11-09,92.6500015258789,95.69000244140624,92.3000030517578,95.01000213623048,26729,0.07412000122070313,0.0,0.0
2022-11-10,93.66999816894533,94.30999755859376,91.69000244140624,92.54000091552734,31486,0.07493599853515627,0.0,0.0
2022-11-11,95.98999786376952,96.91999816894533,93.2699966430664,93.2699966430664,23629,0.07679199829101561,0.0,0.0
2022-11-14,93.13999938964844,96.91999816894533,92.48999786376952,95.97000122070312,22959,0.07451199951171876,0.0,0.0
2022-11-15,93.86000061035156,95.75,91.52999877929688,92.52999877929688,30904,0.07508800048828125,0.0,0.0
2022-11-16,92.86000061035156,94.77999877929688,91.68000030517578,93.76000213623048,22376,0.07428800048828126,0.0,0.0
2022-11-17,89.77999877929688,92.87999725341795,89.54000091552734,92.8000030517578,29012,0.0718239990234375,0.0,0.0
2022-11-18,87.62000274658203,90.61000061035156,85.79000091552734,89.9800033569336,34614,0.07009600219726562,0.0,0.0
2022-11-21,87.44999694824219,88.04000091552734,82.31999969482422,87.80000305175781,39835,0.06995999755859375,0.0,0.0
2022-11-22,88.36000061035156,89.87999725341797,87.37000274658203,87.6500015258789,23782,0.07068800048828125,0.0,0.0
2022-11-23,85.41000366210938,89.54000091552734,84.12000274658203,88.41000366210938,27071,0.0683280029296875,0.0,0.0
2022-11-25,83.62999725341797,86.9000015258789,83.55999755859375,84.94000244140625,12021,0.06690399780273437,0.0,0.0
2022-11-28,83.19000244140625,84.05000305175781,80.63999938964844,83.80000305175781,12583,0.06655200195312501,0.0,0.0
2022-11-29,83.02999877929688,86.0,82.19000244140625,82.33000183105469,12182,0.0664239990234375,0.0,0.0
2022-11-30,85.43000030517578,85.81999969482422,83.51000213623047,83.58000183105469,23710,0.06834400024414063,0.0,0.0
2022-12-01,86.87999725341797,89.41000366210938,86.25,86.5999984741211,23123,0.06950399780273438,0.0,0.0
2022-12-02,85.56999969482422,87.88999938964844,85.19000244140625,87.12999725341797,23562,0.06845599975585938,0.0,0.0
2022-12-05,82.68000030517578,88.43000030517578,82.54000091552734,85.5199966430664,25039,0.06614400024414063,0.0,0.0
2022-12-06,79.3499984741211,83.66999816894531,78.70999908447266,83.08999633789062,26680,0.06347999877929687,0.0,0.0
2022-12-07,77.16999816894531,80.4800033569336,76.94000244140625,79.79000091552734,26919,0.06173599853515625,0.0,0.0
2022-12-08,76.1500015258789,79.18000030517578,75.76000213623047,77.48999786376953,33131,0.06092000122070313,0.0,0.0
2022-12-09,76.0999984741211,77.47000122070312,75.11000061035156,76.7300033569336,24479,0.060879998779296875,0.0,0.0
2022-12-12,77.98999786376953,78.58000183105469,75.26000213623047,76.66999816894531,23020,0.062391998291015625,0.0,0.0
2022-12-13,80.68000030517578,81.27999877929688,78.04000091552734,78.19000244140625,30052,0.06454400024414063,0.0,0.0
2022-12-14,82.69999694824219,83.13999938964844,80.12999725341797,80.33999633789062,27330,0.06615999755859375,0.0,0.0
2022-12-15,81.20999908447266,83.19000244140625,80.83000183105469,82.83999633789062,26470,0.06496799926757812,0.0,0.0
2022-12-16,79.04000091552734,81.76000213623047,78.27999877929688,81.33999633789062,24439,0.06323200073242188,0.0,0.0
2022-12-19,79.80000305175781,80.88999938964844,78.62999725341797,79.08999633789062,19676,0.06384000244140625,0.0,0.0
2022-12-20,79.98999786376953,80.9000015258789,78.30000305175781,80.27999877929688,19646,0.06399199829101562,0.0,0.0
2022-12-21,82.19999694824219,82.54000091552734,79.5999984741211,79.94999694824219,17234,0.06575999755859376,0.0,0.0
2022-12-22,80.9800033569336,83.86000061035156,80.68000030517578,82.37000274658203,16647,0.06478400268554688,0.0,0.0
2022-12-23,83.91999816894531,84.37000274658203,81.33999633789062,81.7300033569336,8621,0.06713599853515625,0.0,0.0
2022-12-27,84.33000183105469,85.66999816894531,83.66000366210938,84.45999908447266,7512,0.06746400146484376,0.0,0.0
2022-12-28,83.26000213623047,84.63999938964844,81.94999694824219,84.5999984741211,5384,0.06660800170898439,0.0,0.0
2022-12-29,82.26000213623047,82.91000366210938,81.30000305175781,82.86000061035156,20599,0.06580800170898438,0.0,0.0
2022-12-30,85.91000366210938,86.27999877929688,82.87999725341797,83.66000366210938,19375,0.0687280029296875,0.0,0.0
2023-01-03,82.0999984741211,87.0199966430664,81.7699966430664,86.04000091552734,27559,0.06567999877929688,0.0,0.0
2023-01-04,77.83999633789062,82.66999816894531,77.72000122070312,82.2300033569336,24772,0.0622719970703125,0.0,0.0
2023-01-05,78.69000244140625,79.95999908447266,77.61000061035156,78.08999633789062,28051,0.062952001953125,0.0,0.0
2023-01-06,78.56999969482422,80.56999969482422,78.05000305175781,78.80999755859375,23767,0.06285599975585938,0.0,0.0
2023-01-09,79.6500015258789,81.37000274658203,78.33999633789062,78.4800033569336,29985,0.06372000122070313,0.0,0.0
2023-01-10,80.0999984741211,80.87999725341797,78.80999755859375,79.70999908447266,21541,0.06407999877929688,0.0,0.0
2023-01-11,82.66999816894531,82.97000122070312,79.30000305175781,79.58999633789062,29995,0.06613599853515625,0.0,0.0
2023-01-12,84.02999877929688,84.61000061035156,82.37999725341797,82.86000061035156,29360,0.06722399902343751,0.0,0.0
2023-01-13,85.27999877929688,85.48999786376953,83.48999786376953,83.94999694824219,17857,0.06822399902343751,0.0,0.0
2023-01-17,85.91999816894531,86.81999969482422,83.86000061035156,85.44000244140625,36658,0.06873599853515626,0.0,0.0
2023-01-18,84.9800033569336,87.83999633789062,84.4000015258789,86.72000122070312,26461,0.06798400268554688,0.0,0.0
2023-01-19,86.16000366210938,86.8499984741211,83.73999786376953,84.58999633789062,28822,0.06892800292968751,0.0,0.0
2023-01-20,87.62999725341797,87.7699966430664,85.58000183105469,86.36000061035156,24374,0.07010399780273438,0.0,0.0
2023-01-23,88.19000244140625,89.0999984741211,86.93000030517578,87.80999755859375,21194,0.070552001953125,0.0,0.0
2023-01-24,86.12999725341797,88.70999908447266,85.80999755859375,88.02999877929688,26572,0.06890399780273437,0.0,0.0
2023-01-25,86.12000274658203,87.01000213623047,85.41000366210938,86.30000305175781,19993,0.06889600219726563,0.0,0.0
2023-01-26,87.47000122070312,88.01000213623047,85.77999877929688,86.12999725341797,14187,0.06997600097656251,0.0,0.0
2023-01-27,86.66000366210938,88.91000366210938,85.68000030517578,87.5999984741211,10012,0.06932800292968751,0.0,0.0
2023-01-30,84.9000015258789,87.37000274658203,84.75,86.80000305175781,5879,0.06792000122070313,0.0,0.0
2023-01-31,84.48999786376953,85.16000366210938,83.69000244140625,85.16000366210938,30498,0.06759199829101563,0.0,0.0
2023-02-01,82.83999633789062,86.19999694824219,82.37000274658203,85.5199966430664,28085,0.0662719970703125,0.0,0.0
2023-02-02,82.16999816894531,83.5999984741211,81.23999786376953,83.08999633789062,24611,0.06573599853515626,0.0,0.0
2023-02-03,79.94000244140625,84.19000244140625,79.62000274658203,82.1500015258789,24743,0.063952001953125,0.0,0.0
2023-02-06,80.98999786376953,81.4000015258789,79.08999633789062,79.75,31365,0.06479199829101563,0.0,0.0
2023-02-07,83.69000244140625,84.0999984741211,81.18000030517578,81.4000015258789,24432,0.066952001953125,0.0,0.0
2023-02-08,85.08999633789062,85.16000366210938,83.5,84.02999877929688,29853,0.0680719970703125,0.0,0.0
2023-02-09,84.5,85.5,83.05999755859375,85.06999969482422,30520,0.06760000000000001,0.0,0.0
2023-02-10,86.38999938964844,86.91000366210938,83.94000244140625,84.2300033569336,30882,0.06911199951171876,0.0,0.0
2023-02-13,86.61000061035156,86.94999694824219,85.08999633789062,86.5999984741211,19426,0.06928800048828125,0.0,0.0
2023-02-14,85.58000183105469,86.4000015258789,84.12000274658203,85.75,19585,0.06846400146484376,0.0,0.0
2023-02-15,85.37999725341797,85.8499984741211,83.9000015258789,85.29000091552734,21161,0.06830399780273438,0.0,0.0
2023-02-16,85.13999938964844,86.19999694824219,84.5999984741211,85.13999938964844,20089,0.06811199951171876,0.0,0.0
2023-02-17,83.0,84.8499984741211,81.79000091552734,84.66999816894531,27191,0.0664,0.0,0.0
2023-02-21,83.05000305175781,84.29000091552734,82.54000091552734,83.01000213623047,31936,0.06644000244140626,0.0,0.0
2023-02-22,80.5999984741211,83.2300033569336,80.4000015258789,82.73999786376953,20309,0.06447999877929687,0.0,0.0
2023-02-23,82.20999908447266,82.75,80.33999633789062,80.47000122070312,14474,0.06576799926757813,0.0,0.0
2023-02-24,83.16000366210938,83.37999725341797,81.06999969482422,82.3499984741211,13365,0.0665280029296875,0.0,0.0
2023-02-27,82.44999694824219,83.62999725341797,81.73999786376953,83.12000274658203,5691,0.06595999755859375,0.0,0.0
2023-02-28,83.88999938964844,84.12000274658203,82.61000061035156,82.63999938964844,24882,0.06711199951171876,0.0,0.0
2023-03-01,84.30999755859375,84.48999786376953,82.61000061035156,83.0999984741211,26723,0.067447998046875,0.0,0.0
2023-03-02,84.75,85.08999633789062,83.83999633789062,84.30999755859375,17997,0.0678,0.0,0.0
2023-03-03,85.83000183105469,86.0,82.36000061035156,84.41000366210938,27594,0.06866400146484375,0.0,0.0
2023-03-06,86.18000030517578,86.36000061035156,84.3499984741211,85.93000030517578,24587,0.06894400024414063,0.0,0.0
2023-03-07,83.29000091552734,86.76000213623047,82.6500015258789,86.2300033569336,26092,0.06663200073242188,0.0,0.0
2023-03-08,82.66000366210938,83.58999633789062,82.05000305175781,82.9800033569336,23661,0.0661280029296875,0.0,0.0
2023-03-09,81.58999633789062,84.01000213623047,81.41000366210938,82.62000274658203,25018,0.0652719970703125,0.0,0.0
2023-03-10,82.77999877929688,83.08000183105469,80.7300033569336,81.47000122070312,26753,0.06622399902343751,0.0,0.0
2023-03-13,80.7699966430664,83.47000122070312,78.33999633789062,82.54000091552734,38195,0.06461599731445312,0.0,0.0
2023-03-14,77.44999694824219,80.87999725341797,76.87999725341797,80.69000244140625,33198,0.06195999755859375,0.0,0.0
2023-03-15,73.69000244140625,78.70999908447266,71.62999725341797,77.56999969482422,46598,0.058952001953125,0.0,0.0
2023-03-16,74.69999694824219,75.5199966430664,71.86000061035156,74.3499984741211,29873,0.05975999755859375,0.0,0.0
2023-03-17,72.97000122070312,75.9000015258789,71.3499984741211,74.55000305175781,34734,0.0583760009765625,0.0,0.0
2023-03-20,73.79000091552734,73.8499984741211,70.12999725341797,72.88999938964844,22185,0.05903200073242188,0.0,0.0
2023-03-21,75.31999969482422,75.4000015258789,72.80999755859375,73.73999786376953,18784,0.06025599975585938,0.0,0.0
2023-03-22,76.69000244140625,77.08999633789062,74.5199966430664,75.08999633789062,19933,0.061352001953125006,0.0,0.0
2023-03-23,75.91000366210938,77.43000030517578,75.12000274658203,75.73999786376953,18685,0.060728002929687504,0.0,0.0
2023-03-24,74.98999786376953,76.27999877929688,72.69000244140625,75.41999816894531,18941,0.059991998291015626,0.0,0.0
2023-03-27,78.12000274658203,78.43000030517578,74.80000305175781,75.23999786376953,13874,0.06249600219726563,0.0,0.0
2023-03-28,78.6500015258789,79.20999908447266,77.55000305175781,78.18000030517578,17782,0.06292000122070313,0.0,0.0
2023-03-29,78.27999877929688,79.69999694824219,77.94999694824219,79.0199966430664,11027,0.0626239990234375,0.0,0.0
2023-03-30,79.2699966430664,79.55000305175781,77.8499984741211,78.22000122070312,6818,0.06341599731445313,0.0,0.0
2023-03-31,79.7699966430664,79.7699966430664,79.06999969482422,79.27999877929688,38477,0.06381599731445313,0.0,0.0
2023-04-03,84.93000030517578,86.23999786376953,83.29000091552734,83.29000091552734,37587,0.06794400024414063,0.0,0.0
2023-04-04,84.94000244140625,86.05000305175781,83.87000274658203,84.77999877929688,32987,0.06795200195312501,0.0,0.0
2023-04-05,84.98999786376953,85.55000305175781,84.01000213623047,85.0999984741211,28362,0.06799199829101563,0.0,0.0
2023-04-06,85.12000274658203,85.44000244140625,84.05000305175781,84.83000183105469,0,0.06809600219726562,0.0,0.0
2023-04-10,84.18000030517578,85.63999938964844,84.08000183105469,84.94999694824219,14242,0.06734400024414063,0.0,0.0
2023-04-11,85.61000061035156,85.68000030517578,83.75,84.27999877929688,28189,0.06848800048828126,0.0,0.0
2023-04-12,87.33000183105469,87.48999786376953,85.41000366210938,85.55000305175781,36337,0.06986400146484376,0.0,0.0
2023-04-13,86.08999633789062,87.47000122070312,86.05999755859375,87.1500015258789,26363,0.06887199707031251,0.0,0.0
2023-04-14,86.30999755859375,86.86000061035156,85.54000091552734,86.33999633789062,28360,0.069047998046875,0.0,0.0
2023-04-17,84.76000213623047,86.51000213623047,84.3499984741211,86.2699966430664,30271,0.06780800170898438,0.0,0.0
2023-04-18,84.7699966430664,85.4000015258789,83.81999969482422,84.81999969482422,27241,0.06781599731445313,0.0,0.0
2023-04-19,83.12000274658203,85.1500015258789,82.41000366210938,84.86000061035156,30732,0.06649600219726563,0.0,0.0
2023-04-20,81.0999984741211,83.04000091552734,80.7699966430664,83.0,26114,0.06487999877929687,0.0,0.0
2023-04-21,81.66000366210938,82.04000091552734,80.44999694824219,80.83000183105469,17805,0.0653280029296875,0.0,0.0
2023-04-24,82.7300033569336,82.98999786376953,80.48999786376953,81.5999984741211,16684,0.06618400268554687,0.0,0.0
2023-04-25,80.7699966430664,83.05000305175781,80.3499984741211,82.58000183105469,17134,0.06461599731445312,0.0,0.0
2023-04-26,77.69000244140625,81.47000122070312,77.4800033569336,81.0,15436,0.062152001953125,0.0,0.0
2023-04-27,78.37000274658203,78.62999725341797,77.38999938964844,77.87000274658203,8926,0.06269600219726562,0.0,0.0
2023-04-28,79.54000091552734,79.5999984741211,77.97000122070312,78.30999755859375,26788,0.06363200073242188,0.0,0.0
2023-05-01,79.30999755859375,80.19000244140625,78.12999725341797,80.18000030517578,12551,0.06344799804687501,0.0,0.0
2023-05-02,75.31999969482422,79.77999877929688,75.08999633789062,79.26000213623047,35700,0.06025599975585938,0.0,0.0
2023-05-03,72.33000183105469,75.55000305175781,71.68000030517578,75.2699966430664,34878,0.05786400146484375,0.0,0.0
2023-05-04,72.5,73.7300033569336,68.19999694824219,71.88999938964844,30132,0.058,0.0,0.0
2023-05-05,75.30000305175781,75.7300033569336,72.41000366210938,72.6500015258789,20363,0.06024000244140625,0.0,0.0
2023-05-08,77.01000213623047,77.41999816894531,74.95999908447266,75.41000366210938,17211,0.06160800170898438,0.0,0.0
2023-05-09,77.44000244140625,77.48999786376953,75.06999969482422,76.8499984741211,24836,0.061952001953125,0.0,0.0
2023-05-10,76.41000366210938,77.5999984741211,75.68000030517578,77.25,30289,0.0611280029296875,0.0,0.0
2023-05-11,74.9800033569336,77.4000015258789,74.62000274658203,76.63999938964844,32136,0.05998400268554688,0.0,0.0
2023-05-12,74.16999816894531,75.83999633789062,74.02999877929688,75.45999908447266,26553,0.059335998535156254,0.0,0.0
2023-05-15,75.2300033569336,75.75,73.48999786376953,74.25,24312,0.06018400268554688,0.0,0.0
2023-05-16,74.91000366210938,75.94999694824219,74.5,75.44999694824219,23070,0.0599280029296875,0.0,0.0
2023-05-17,76.95999908447266,77.30999755859375,74.08999633789062,74.68000030517578,31285,0.061567999267578125,0.0,0.0
2023-05-18,75.86000061035156,76.9800033569336,75.4800033569336,76.79000091552734,20152,0.060688000488281255,0.0,0.0
2023-05-19,75.58000183105469,77.5,75.0999984741211,75.9000015258789,22388,0.06046400146484375,0.0,0.0
2023-05-22,75.98999786376953,76.45999908447266,74.55000305175781,75.73999786376953,22801,0.06079199829101563,0.0,0.0
2023-05-23,76.83999633789062,77.73999786376953,75.6500015258789,75.97000122070312,30676,0.061471997070312506,0.0,0.0
2023-05-24,78.36000061035156,78.66000366210938,77.04000091552734,77.58999633789062,33849,0.06268800048828126,0.0,0.0
2023-05-25,76.26000213623047,78.5,75.12000274658203,78.26000213623047,36272,0.06100800170898438,0.0,0.0
2023-05-26,76.94999694824219,77.3499984741211,75.72000122070312,76.12000274658203,15522,0.06155999755859375,0.0,0.0
2023-05-30,73.54000091552734,77.73999786376953,73.16000366210938,77.37000274658203,13840,0.058832000732421875,0.0,0.0
2023-05-31,72.66000366210938,73.7699966430664,71.55000305175781,73.6500015258789,34611,0.058128002929687506,0.0,0.0
2023-06-01,74.27999877929688,75.25,72.01000213623047,72.08999633789062,31338,0.0594239990234375,0.0,0.0
2023-06-02,76.12999725341797,76.48999786376953,74.18000030517578,74.41000366210938,26080,0.06090399780273438,0.0,0.0
2023-06-05,76.70999908447266,78.72000122070312,76.30000305175781,77.5,34658,0.061367999267578126,0.0,0.0
2023-06-06,76.29000091552734,76.76000213623047,74.7300033569336,76.47000122070312,27997,0.061032000732421876,0.0,0.0
2023-06-07,76.94999694824219,77.62000274658203,75.51000213623047,76.06999969482422,35446,0.06155999755859375,0.0,0.0
2023-06-08,75.95999908447266,77.66000366210938,73.56999969482422,76.80000305175781,45284,0.06076799926757813,0.0,0.0
2023-06-09,74.79000091552734,76.55000305175781,74.72000122070312,75.52999877929688,25616,0.059832000732421876,0.0,0.0
2023-06-12,71.83999633789062,74.87999725341797,71.56999969482422,74.87999725341797,33191,0.0574719970703125,0.0,0.0
2023-06-13,74.29000091552734,74.6500015258789,71.94999694824219,72.0,28142,0.05943200073242188,0.0,0.0
2023-06-14,73.19999694824219,75.4800033569336,73.02999877929688,74.06999969482422,26201,0.05855999755859375,0.0,0.0
2023-06-15,75.66999816894531,75.95999908447266,72.91000366210938,73.47000122070312,21211,0.06053599853515625,0.0,0.0
2023-06-16,76.61000061035156,76.73999786376953,75.08000183105469,75.58000183105469,20871,0.06128800048828125,0.0,0.0
2023-06-20,75.9000015258789,77.1500015258789,74.5199966430664,76.2300033569336,34421,0.060720001220703125,0.0,0.0
2023-06-21,77.12000274658203,77.23999786376953,75.37999725341797,75.5,22470,0.06169600219726563,0.0,0.0
2023-06-22,74.13999938964844,77.19000244140625,73.58000183105469,76.95999908447266,30975,0.059311999511718755,0.0,0.0
2023-06-23,73.8499984741211,74.37000274658203,72.0999984741211,74.1500015258789,15800,0.05907999877929688,0.0,0.0
2023-06-26,74.18000030517578,74.83000183105469,73.43000030517578,74.44999694824219,20960,0.059344000244140625,0.0,0.0
2023-06-27,72.26000213623047,74.88999938964844,72.08999633789062,74.2300033569336,15262,0.057808001708984376,0.0,0.0
2023-06-28,74.02999877929688,74.20999908447266,71.58000183105469,72.55999755859375,12437,0.0592239990234375,0.0,0.0
2023-06-29,74.33999633789062,74.97000122070312,73.41000366210938,73.75,6372,0.059471997070312504,0.0,0.0
2023-06-30,74.9000015258789,75.12999725341797,74.25,74.25,29055,0.05992000122070313,0.0,0.0
2023-07-03,74.6500015258789,76.58000183105469,74.58000183105469,75.12999725341797,24066,0.05972000122070313,0.0,0.0
2023-07-05,76.6500015258789,76.94000244140625,74.77999877929688,74.94000244140625,35538,0.06132000122070313,0.0,0.0
2023-07-06,76.5199966430664,77.08000183105469,75.01000213623047,76.54000091552734,29695,0.06121599731445313,0.0,0.0
2023-07-07,78.47000122070312,78.52999877929688,76.0199966430664,76.4800033569336,26656,0.06277600097656251,0.0,0.0
2023-07-10,77.69000244140625,78.77999877929688,77.33999633789062,78.48999786376953,21082,0.062152001953125,0.0,0.0
2023-07-11,79.4000015258789,79.5,77.63999938964844,77.86000061035156,22736,0.06352000122070313,0.0,0.0
2023-07-12,80.11000061035156,80.56999969482422,79.22000122070312,79.27999877929688,25367,0.06408800048828125,0.0,0.0
2023-07-13,81.36000061035156,81.75,79.87000274658203,80.1500015258789,28794,0.06508800048828126,0.0,0.0
2023-07-14,79.87000274658203,81.69000244140625,79.56999969482422,81.61000061035156,23286,0.06389600219726563,0.0,0.0
2023-07-17,78.5,80.62000274658203,78.26000213623047,79.44999694824219,29152,0.06280000000000001,0.0,0.0
2023-07-18,79.62999725341797,80.01000213623047,78.19999694824219,78.52999877929688,30304,0.06370399780273438,0.0,0.0
2023-07-19,79.45999908447266,80.94999694824219,79.18000030517578,79.80000305175781,33372,0.06356799926757813,0.0,0.0
2023-07-20,79.63999938964844,80.2699966430664,78.66999816894531,79.5,24867,0.06371199951171876,0.0,0.0
2023-07-21,81.06999969482422,81.23999786376953,79.66000366210938,79.66000366210938,23563,0.06485599975585937,0.0,0.0
2023-07-24,82.73999786376953,83.16000366210938,80.41999816894531,80.98999786376953,28032,0.06619199829101563,0.0,0.0
2023-07-25,83.63999938964844,83.87999725341797,82.23999786376953,82.83000183105469,22083,0.06691199951171875,0.0,0.0
2023-07-26,82.91999816894531,83.86000061035156,82.5999984741211,83.2699966430664,19315,0.06633599853515626,0.0,0.0
2023-07-27,84.23999786376953,84.51000213623047,82.98999786376953,83.02999877929688,18467,0.06739199829101562,0.0,0.0
2023-07-28,84.98999786376953,85.0999984741211,83.22000122070312,84.05000305175781,11121,0.06799199829101563,0.0,0.0
2023-07-31,85.55999755859375,85.66000366210938,84.5199966430664,84.87999725341797,23446,0.068447998046875,0.0,0.0
2023-08-01,84.91000366210938,85.79000091552734,84.26000213623047,85.3499984741211,27179,0.06792800292968751,0.0,0.0
2023-08-02,83.19999694824219,85.9800033569336,82.75,85.7300033569336,32246,0.06655999755859375,0.0,0.0
2023-08-03,85.13999938964844,85.41999816894531,82.37000274658203,83.44000244140625,30333,0.06811199951171876,0.0,0.0
2023-08-04,86.23999786376953,86.6500015258789,85.11000061035156,85.31999969482422,22130,0.06899199829101563,0.0,0.0
2023-08-07,85.33999633789062,86.70999908447266,85.04000091552734,86.13999938964844,19591,0.0682719970703125,0.0,0.0
2023-08-08,86.16999816894531,86.3499984741211,83.31999969482422,85.83999633789062,26377,0.06893599853515625,0.0,0.0
2023-08-09,87.55000305175781,87.66000366210938,85.94000244140625,86.01000213623047,29154,0.07004000244140625,0.0,0.0
2023-08-10,86.4000015258789,88.0999984741211,86.1500015258789,87.37000274658203,28721,0.06912000122070312,0.0,0.0
2023-08-11,86.80999755859375,87.3499984741211,85.8499984741211,86.38999938964844,33204,0.069447998046875,0.0,0.0
2023-08-14,86.20999908447266,86.69999694824219,85.5,86.63999938964844,24768,0.06896799926757813,0.0,0.0
2023-08-15,84.88999938964844,86.66999816894531,84.29000091552734,86.30000305175781,29945,0.06791199951171875,0.0,0.0
2023-08-16,83.44999694824219,85.36000061035156,83.12000274658203,85.12000274658203,31925,0.06675999755859376,0.0,0.0
2023-08-17,84.12000274658203,84.88999938964844,83.05000305175781,83.3499984741211,33977,0.06729600219726563,0.0,0.0
2023-08-18,84.80000305175781,85.06999969482422,83.31999969482422,83.83000183105469,26072,0.06784000244140626,0.0,0.0
2023-08-21,84.45999908447266,85.87000274658203,84.30999755859375,85.05999755859375,27958,0.06756799926757813,0.0,0.0
2023-08-22,84.02999877929688,84.6500015258789,83.83999633789062,84.38999938964844,27081,0.06722399902343751,0.0,0.0
2023-08-23,83.20999908447266,84.23999786376953,81.97000122070312,83.9800033569336,35103,0.06656799926757813,0.0,0.0
2023-08-24,83.36000061035156,83.61000061035156,81.97000122070312,82.98999786376953,27997,0.06668800048828126,0.0,0.0
2023-08-25,84.4800033569336,84.97000122070312,82.69000244140625,83.19999694824219,20715,0.06758400268554687,0.0,0.0
2023-08-28,84.41999816894531,85.22000122070312,84.11000061035156,84.87000274658203,14607,0.06753599853515625,0.0,0.0
2023-08-29,85.48999786376953,85.6500015258789,83.77999877929688,84.37999725341797,14579,0.06839199829101562,0.0,0.0
2023-08-30,85.86000061035156,86.20999908447266,85.12999725341797,85.62999725341797,12280,0.06868800048828125,0.0,0.0
2023-08-31,86.86000061035156,86.9000015258789,85.8499984741211,85.8499984741211,33559,0.06948800048828126,0.0,0.0
2023-09-01,88.55000305175781,88.95999908447266,86.73999786376953,86.81999969482422,33224,0.07084000244140626,0.0,0.0
2023-09-05,90.04000091552734,91.18000030517578,88.06999969482422,88.69999694824219,46893,0.07203200073242187,0.0,0.0
2023-09-06,90.5999984741211,91.11000061035156,89.25,89.9800033569336,25396,0.07247999877929688,0.0,0.0
2023-09-07,89.91999816894531,90.86000061035156,89.47000122070312,90.61000061035156,22300,0.07193599853515625,0.0,0.0
2023-09-08,90.6500015258789,91.0199966430664,89.30000305175781,89.80000305175781,27150,0.07252000122070312,0.0,0.0
2023-09-11,90.63999938964844,91.4499969482422,90.12000274658205,90.66000366210938,29901,0.07251199951171876,0.0,0.0
2023-09-12,92.05999755859376,92.41999816894533,90.54000091552734,90.55999755859376,31070,0.07364799804687501,0.0,0.0
2023-09-13,91.87999725341795,92.83000183105467,91.62999725341795,91.93000030517578,31803,0.07350399780273437,0.0,0.0
2023-09-14,93.6999969482422,94.20999908447266,92.02999877929688,92.1999969482422,36699,0.07495999755859377,0.0,0.0
2023-09-15,93.93000030517578,94.61000061035156,92.66999816894533,94.12999725341795,35162,0.07514400024414063,0.0,0.0
2023-09-18,94.43000030517578,94.9499969482422,93.77999877929688,94.1999969482422,33918,0.07554400024414062,0.0,0.0
2023-09-19,94.33999633789062,95.9499969482422,94.16999816894533,94.62999725341795,43614,0.0754719970703125,0.0,0.0
2023-09-20,93.52999877929688,94.7300033569336,92.76000213623048,94.4800033569336,43515,0.0748239990234375,0.0,0.0
2023-09-21,93.3000030517578,94.5999984741211,92.1999969482422,93.22000122070312,38711,0.07464000244140624,0.0,0.0
2023-09-22,93.2699966430664,94.62999725341795,92.8000030517578,93.31999969482422,31511,0.07461599731445313,0.0,0.0
2023-09-25,93.29000091552734,94.25,92.54000091552734,93.75,18626,0.07463200073242188,0.0,0.0
2023-09-26,93.95999908447266,94.20999908447266,91.8000030517578,93.26000213623048,18509,0.07516799926757813,0.0,0.0
2023-09-27,96.5500030517578,97.04000091552734,94.1500015258789,94.16000366210938,23665,0.07724000244140625,0.0,0.0
2023-09-28,95.37999725341795,97.62999725341795,94.75,96.62000274658205,9192,0.07630399780273436,0.0,0.0
2023-09-29,95.30999755859376,96.23999786376952,94.95999908447266,95.0999984741211,47666,0.07624799804687502,0.0,0.0
2023-10-02,90.70999908447266,93.31999969482422,90.3499984741211,92.19000244140624,38153,0.07256799926757813,0.0,0.0
2023-10-03,90.91999816894533,91.55999755859376,89.5199966430664,90.44000244140624,50094,0.07273599853515626,0.0,0.0
2023-10-04,85.80999755859375,91.19000244140624,85.7300033569336,90.95999908447266,49185,0.068647998046875,0.0,0.0
2023-10-05,84.06999969482422,86.51000213623047,83.83999633789062,86.02999877929688,44895,0.06725599975585937,0.0,0.0
2023-10-06,84.58000183105469,84.95999908447266,83.44999694824219,84.22000122070312,41254,0.06766400146484375,0.0,0.0
2023-10-09,88.1500015258789,89.0,86.06999969482422,86.3499984741211,37096,0.07052000122070314,0.0,0.0
2023-10-10,87.6500015258789,88.47000122070312,86.91999816894531,88.11000061035156,29704,0.07012000122070312,0.0,0.0
2023-10-11,85.81999969482422,88.25,85.22000122070312,87.75,37902,0.06865599975585938,0.0,0.0
2023-10-12,86.0,87.63999938964844,85.18000030517578,85.5999984741211,40488,0.0688,0.0,0.0
2023-10-13,90.88999938964844,90.98999786376952,86.27999877929688,86.41000366210938,44455,0.07271199951171875,0.0,0.0
2023-10-16,89.6500015258789,91.38999938964844,89.48999786376953,90.91999816894533,28811,0.07172000122070313,0.0,0.0
2023-10-17,89.9000015258789,90.91999816894533,88.87000274658203,90.05999755859375,27054,0.07192000122070313,0.0,0.0
2023-10-18,91.5,92.97000122070312,90.5999984741211,90.9000015258789,35456,0.0732,0.0,0.0
2023-10-19,92.37999725341795,93.47000122070312,89.52999877929688,91.33999633789062,34880,0.07390399780273436,0.0,0.0
2023-10-20,92.16000366210938,93.79000091552734,91.68000030517578,92.8499984741211,30081,0.07372800292968751,0.0,0.0
2023-10-23,89.83000183105469,92.43000030517578,89.62000274658203,92.12999725341795,36158,0.07186400146484376,0.0,0.0
2023-10-24,88.06999969482422,90.66999816894533,87.3499984741211,90.3499984741211,42436,0.07045599975585938,0.0,0.0
2023-10-25,90.12999725341795,90.33999633789062,86.66999816894531,88.13999938964844,47506,0.07210399780273437,0.0,0.0
2023-10-26,87.93000030517578,90.36000061035156,87.55000305175781,90.04000091552734,22662,0.07034400024414063,0.0,0.0
2023-10-27,90.4800033569336,90.73999786376952,87.83999633789062,88.26000213623047,21249,0.07238400268554687,0.0,0.0
2023-10-30,87.44999694824219,90.3000030517578,87.22000122070312,90.3000030517578,15413,0.06995999755859375,0.0,0.0
2023-10-31,87.41000366210938,88.52999877929688,87.41000366210938,87.80999755859375,35673,0.0699280029296875,0.0,0.0
2023-11-01,84.62999725341797,87.22000122070312,84.55999755859375,85.44999694824219,36235,0.06770399780273438,0.0,0.0
2023-11-02,86.8499984741211,87.02999877929688,84.61000061035156,84.94000244140625,31512,0.06947999877929688,0.0,0.0
2023-11-03,84.88999938964844,87.77999877929688,84.55000305175781,86.86000061035156,36172,0.06791199951171875,0.0,0.0
2023-11-06,85.18000030517578,86.44999694824219,84.91000366210938,85.38999938964844,26524,0.06814400024414063,0.0,0.0
2023-11-07,81.61000061035156,85.31999969482422,81.41999816894531,85.2300033569336,38007,0.06528800048828125,0.0,0.0
2023-11-08,79.54000091552734,81.93000030517578,79.16000366210938,81.47000122070312,36137,0.06363200073242188,0.0,0.0
2023-11-09,80.01000213623047,81.4800033569336,79.44000244140625,79.77999877929688,32592,0.06400800170898438,0.0,0.0
2023-11-10,81.43000030517578,82.05000305175781,79.61000061035156,79.69999694824219,20653,0.06514400024414063,0.0,0.0
2023-11-13,82.5199966430664,82.81999969482422,80.41000366210938,81.44999694824219,22380,0.06601599731445312,0.0,0.0
2023-11-14,82.47000122070312,83.97000122070312,82.05000305175781,82.75,25753,0.0659760009765625,0.0,0.0
2023-11-15,81.18000030517578,83.01000213623047,80.80000305175781,82.37999725341797,32261,0.06494400024414063,0.0,0.0
2023-11-16,77.41999816894531,81.16000366210938,76.5999984741211,80.94000244140625,37692,0.06193599853515625,0.0,0.0
2023-11-17,80.61000061035156,80.80000305175781,77.27999877929688,77.52999877929688,35037,0.06448800048828125,0.0,0.0
2023-11-20,82.31999969482422,82.93000030517578,79.97000122070312,80.47000122070312,24121,0.06585599975585937,0.0,0.0
2023-11-21,82.44999694824219,82.52999877929688,81.41000366210938,82.12999725341797,22699,0.06595999755859375,0.0,0.0
2023-11-22,81.95999908447266,82.62999725341797,78.41000366210938,82.4000015258789,40651,0.06556799926757813,0.0,0.0
2023-11-23,81.37000274658203,81.62999725341797,80.18000030517578,81.62999725341797,40651,0.06509600219726563,0.0,0.0
2023-11-24,80.58000183105469,82.19999694824219,80.18000030517578,81.62999725341797,19356,0.06446400146484375,0.0,0.0
2023-11-27,79.9800033569336,81.18000030517578,79.12999725341797,80.33999633789062,15161,0.06398400268554688,0.0,0.0
2023-11-28,81.68000030517578,82.18000030517578,79.83000183105469,80.13999938964844,15095,0.06534400024414062,0.0,0.0
2023-11-29,83.0999984741211,83.23999786376953,80.95999908447266,81.93000030517578,8045,0.06647999877929688,0.0,0.0
2023-11-30,82.83000183105469,84.70999908447266,82.66999816894531,82.87000274658203,59320,0.06626400146484375,0.0,0.0
2023-12-01,78.87999725341797,81.5199966430664,78.75,80.47000122070312,29551,0.06310399780273437,0.0,0.0
2023-12-04,78.02999877929688,79.66000366210938,77.5199966430664,79.43000030517578,32582,0.0624239990234375,0.0,0.0
2023-12-05,77.19999694824219,79.06999969482422,76.9800033569336,78.19999694824219,30931,0.06175999755859375,0.0,0.0
2023-12-06,74.30000305175781,77.62999725341797,74.11000061035156,77.05999755859375,34004,0.05944000244140625,0.0,0.0
2023-12-07,74.05000305175781,75.4800033569336,73.61000061035156,74.30000305175781,26600,0.05924000244140625,0.0,0.0
2023-12-08,75.83999633789062,76.36000061035156,74.2300033569336,74.5,21497,0.060671997070312504,0.0,0.0
2023-12-11,76.02999877929688,76.4800033569336,75.0,75.66000366210938,20413,0.060823999023437506,0.0,0.0
2023-12-12,73.23999786376953,76.63999938964844,72.86000061035156,76.25,29568,0.05859199829101563,0.0,0.0
2023-12-13,74.26000213623047,74.69999694824219,72.30000305175781,73.36000061035156,27711,0.05940800170898438,0.0,0.0
2023-12-14,76.61000061035156,77.3499984741211,74.45999908447266,74.70999908447266,28386,0.06128800048828125,0.0,0.0
2023-12-15,76.55000305175781,77.22000122070312,75.33000183105469,76.5999984741211,19442,0.061240002441406254,0.0,0.0
2023-12-18,77.94999694824219,79.51000213623047,75.77999877929688,76.97000122070312,30258,0.062359997558593755,0.0,0.0
2023-12-19,79.2300033569336,79.66000366210938,77.43000030517578,78.05000305175781,25735,0.06338400268554688,0.0,0.0
2023-12-20,79.69999694824219,80.61000061035156,79.08000183105469,79.25,26913,0.06375999755859375,0.0,0.0
2023-12-21,79.38999938964844,80.12000274658203,77.8499984741211,79.13999938964844,22237,0.06351199951171875,0.0,0.0
2023-12-22,79.06999969482422,80.37000274658203,78.83000183105469,79.44000244140625,12334,0.06325599975585938,0.0,0.0
2023-12-26,81.06999969482422,81.70999908447266,78.80999755859375,79.19000244140625,10247,0.06485599975585937,0.0,0.0
2023-12-27,79.6500015258789,81.31999969482422,79.48999786376953,80.73999786376953,8282,0.06372000122070313,0.0,0.0
2023-12-28,78.38999938964844,79.95999908447266,78.33999633789062,79.83999633789062,24301,0.06271199951171876,0.0,0.0
2023-12-29,77.04000091552734,77.97000122070312,76.75,77.41999816894531,20115,0.06163200073242188,0.0,0.0
2024-01-02,75.88999938964844,79.04000091552734,75.5999984741211,77.20999908447266,28591,0.06071199951171875,0.0,0.0
2024-01-03,78.25,78.66999816894531,74.79000091552734,75.98999786376953,32172,0.0626,0.0,0.0
2024-01-04,77.58999633789062,79.4000015258789,76.5,78.5,33154,0.0620719970703125,0.0,0.0
2024-01-05,78.76000213623047,79.25,77.5,77.5999984741211,30994,0.06300800170898438,0.0,0.0
2024-01-08,76.12000274658203,78.94999694824219,75.26000213623047,78.5999984741211,32539,0.060896002197265625,0.0,0.0
2024-01-09,77.58999633789062,78.18000030517578,75.95999908447266,76.36000061035156,27914,0.0620719970703125,0.0,0.0
2024-01-10,76.80000305175781,78.7300033569336,76.37999725341797,77.45999908447266,34395,0.06144000244140625,0.0,0.0
2024-01-11,77.41000366210938,79.08999633789062,76.6500015258789,76.73999786376953,35565,0.0619280029296875,0.0,0.0
2024-01-12,78.29000091552734,80.73999786376953,77.93000030517578,78.45999908447266,31824,0.06263200073242188,0.0,0.0
2024-01-16,78.29000091552734,79.38999938964844,76.83000183105469,78.08000183105469,46742,0.06263200073242188,0.0,0.0
2024-01-17,77.87999725341797,78.18000030517578,76.5,77.86000061035156,35892,0.06230399780273438,0.0,0.0
2024-01-18,79.0999984741211,79.30000305175781,77.33999633789062,78.05000305175781,28190,0.06327999877929688,0.0,0.0
2024-01-19,78.55999755859375,79.75,78.33000183105469,78.9800033569336,23734,0.062847998046875,0.0,0.0
2024-01-22,80.05999755859375,80.55000305175781,77.81999969482422,78.8499984741211,27825,0.064047998046875,0.0,0.0
2024-01-23,79.55000305175781,80.44000244140625,78.69999694824219,79.91000366210938,27835,0.06364000244140626,0.0,0.0
2024-01-24,80.04000091552734,80.73999786376953,79.05000305175781,79.73999786376953,22429,0.06403200073242188,0.0,0.0
2024-01-25,82.43000030517578,82.55999755859375,80.06999969482422,80.30999755859375,21420,0.06594400024414063,0.0,0.0
2024-01-26,83.55000305175781,83.83000183105469,81.31999969482422,82.38999938964844,19128,0.06684000244140625,0.0,0.0
2024-01-29,82.4000015258789,84.79000091552734,82.04000091552734,84.12999725341797,12802,0.06592000122070313,0.0,0.0
2024-01-30,82.87000274658203,83.25,81.33999633789062,82.56999969482422,7284,0.06629600219726563,0.0,0.0
2024-01-31,81.70999908447266,82.80000305175781,81.70999908447266,82.58999633789062,33486,0.06536799926757812,0.0,0.0
2024-02-01,78.69999694824219,81.55000305175781,78.58000183105469,80.66999816894531,48919,0.06295999755859376,0.0,0.0
2024-02-02,77.33000183105469,79.44000244140625,76.86000061035156,78.91999816894531,32405,0.061864001464843756,0.0,0.0
2024-02-05,77.98999786376953,78.33000183105469,76.62000274658203,77.66000366210938,24879,0.062391998291015625,0.0,0.0
2024-02-06,78.58999633789062,79.06999969482422,77.6500015258789,77.94000244140625,24904,0.0628719970703125,0.0,0.0
2024-02-07,79.20999908447266,79.47000122070312,78.48999786376953,78.69999694824219,26342,0.06336799926757813,0.0,0.0
2024-02-08,81.62999725341797,81.88999938964844,79.0199966430664,79.37999725341797,32568,0.06530399780273438,0.0,0.0
2024-02-09,82.19000244140625,82.45999908447266,81.20999908447266,81.7300033569336,26408,0.065752001953125,0.0,0.0
2024-02-12,82.0,82.20999908447266,80.79000091552734,81.76000213623047,22915,0.0656,0.0,0.0
2024-02-13,82.7699966430664,83.2300033569336,81.95999908447266,82.05000305175781,29306,0.06621599731445313,0.0,0.0
2024-02-14,81.5999984741211,83.61000061035156,81.38999938964844,82.66000366210938,28305,0.06527999877929688,0.0,0.0
2024-02-15,82.86000061035156,83.25,80.72000122070312,81.5199966430664,31230,0.06628800048828125,0.0,0.0
2024-02-16,83.47000122070312,83.66000366210938,81.9000015258789,82.83000183105469,34125,0.0667760009765625,0.0,0.0
2024-02-20,82.33999633789062,83.62999725341797,82.05000305175781,83.30000305175781,34581,0.06587199707031251,0.0,0.0
2024-02-21,83.02999877929688,83.16999816894531,81.66999816894531,82.55999755859375,23038,0.0664239990234375,0.0,0.0
2024-02-22,83.66999816894531,83.97000122070312,82.33999633789062,83.16000366210938,27885,0.06693599853515625,0.0,0.0
2024-02-23,81.62000274658203,83.4800033569336,81.44000244140625,83.41999816894531,19427,0.06529600219726563,0.0,0.0
2024-02-26,82.52999877929688,83.05999755859375,81.0199966430664,81.58999633789062,15694,0.0660239990234375,0.0,0.0
2024-02-27,83.6500015258789,83.73999786376953,82.0999984741211,82.55000305175781,10882,0.06692000122070313,0.0,0.0
2024-02-28,83.68000030517578,84.30000305175781,82.62000274658203,83.4000015258789,6015,0.06694400024414063,0.0,0.0
2024-02-29,83.62000274658203,83.73999786376953,83.04000091552734,83.6500015258789,27327,0.06689600219726563,0.0,0.0
2024-03-01,83.55000305175781,84.3499984741211,81.80999755859375,81.97000122070312,30885,0.06684000244140625,0.0,0.0
2024-03-04,82.80000305175781,84.06999969482422,82.58000183105469,83.58999633789062,26396,0.06624000244140625,0.0,0.0
2024-03-05,82.04000091552734,83.13999938964844,81.7300033569336,82.97000122070312,37442,0.06563200073242188,0.0,0.0
2024-03-06,82.95999908447266,84.05999755859375,81.88999938964844,82.08000183105469,35173,0.06636799926757812,0.0,0.0
2024-03-07,82.95999908447266,83.47000122070312,82.06999969482422,82.83999633789062,32447,0.06636799926757812,0.0,0.0
2024-03-08,82.08000183105469,83.83999633789062,81.70999908447266,83.33999633789062,26605,0.06566400146484375,0.0,0.0
2024-03-11,82.20999908447266,82.7300033569336,81.08000183105469,81.91000366210938,28619,0.06576799926757813,0.0,0.0
2024-03-12,81.91999816894531,83.01000213623047,81.69000244140625,82.43000030517578,29951,0.06553599853515625,0.0,0.0
2024-03-13,84.02999877929688,84.22000122070312,81.97000122070312,82.38999938964844,34043,0.06722399902343751,0.0,0.0
2024-03-14,85.41999816894531,85.68000030517578,83.94000244140625,83.9800033569336,34250,0.06833599853515625,0.0,0.0
2024-03-15,85.33999633789062,85.55000305175781,84.62999725341797,85.12999725341797,23623,0.0682719970703125,0.0,0.0
2024-03-18,86.88999938964844,87.18000030517578,85.26000213623047,85.37999725341797,33687,0.06951199951171876,0.0,0.0
2024-03-19,87.37999725341797,87.70999908447266,86.48999786376953,86.8499984741211,30045,0.06990399780273437,0.0,0.0
2024-03-20,85.94999694824219,87.3499984741211,85.58000183105469,87.22000122070312,35304,0.06875999755859376,0.0,0.0
2024-03-21,85.77999877929688,86.63999938964844,85.05000305175781,86.16000366210938,23829,0.0686239990234375,0.0,0.0
2024-03-22,85.43000030517578,86.1500015258789,85.11000061035156,85.55000305175781,14778,0.06834400024414063,0.0,0.0
2024-03-25,86.75,87.18000030517578,85.4000015258789,85.5999984741211,21176,0.0694,0.0,0.0
2024-03-26,86.25,87.05000305175781,85.80999755859375,86.7699966430664,12736,0.069,0.0,0.0
2024-03-27,86.08999633789062,86.36000061035156,85.18000030517578,85.97000122070312,8449,0.06887199707031251,0.0,0.0
2024-03-28,87.4800033569336,87.4800033569336,86.31999969482422,86.52999877929688,30759,0.06998400268554687,0.0,0.0
2024-04-01,87.41999816894531,87.98999786376953,86.4000015258789,86.93000030517578,29598,0.06993599853515625,0.0,0.0
2024-04-02,88.91999816894531,89.27999877929688,87.6500015258789,87.80000305175781,40754,0.07113599853515626,0.0,0.0
2024-04-03,89.3499984741211,89.9800033569336,88.68000030517578,89.20999908447266,35138,0.07147999877929688,0.0,0.0
2024-04-04,90.6500015258789,91.3000030517578,88.7300033569336,89.5,38764,0.07252000122070312,0.0,0.0
2024-04-05,91.16999816894533,91.91000366210938,90.56999969482422,91.01000213623048,37391,0.07293599853515627,0.0,0.0
2024-04-08,90.37999725341795,91.0999984741211,88.80000305175781,90.30999755859376,39142,0.07230399780273437,0.0,0.0
2024-04-09,89.41999816894531,90.94000244140624,89.2699966430664,90.5500030517578,33993,0.07153599853515626,0.0,0.0
2024-04-10,90.4800033569336,90.66000366210938,88.83000183105469,89.51000213623047,51136,0.07238400268554687,0.0,0.0
2024-04-11,89.73999786376953,90.91999816894533,89.37000274658203,90.54000091552734,47337,0.07179199829101562,0.0,0.0
2024-04-12,90.4499969482422,92.18000030517578,90.01000213623047,90.29000091552734,43560,0.07235999755859376,0.0,0.0
2024-04-15,90.0999984741211,91.1500015258789,88.7300033569336,90.37000274658205,35488,0.07207999877929688,0.0,0.0
2024-04-16,90.0199966430664,90.83000183105467,89.41000366210938,90.43000030517578,34348,0.07201599731445313,0.0,0.0
2024-04-17,87.29000091552734,90.1500015258789,87.13999938964844,90.05000305175781,45933,0.06983200073242188,0.0,0.0
2024-04-18,87.11000061035156,87.79000091552734,86.0999984741211,87.44000244140625,38630,0.06968800048828125,0.0,0.0
2024-04-19,87.29000091552734,90.77999877929688,86.16000366210938,86.95999908447266,45203,0.06983200073242188,0.0,0.0
2024-04-22,87.0,87.25,85.79000091552734,87.04000091552734,32395,0.06960000000000001,0.0,0.0
2024-04-23,88.41999816894531,88.48999786376953,86.04000091552734,87.2300033569336,35381,0.07073599853515625,0.0,0.0
2024-04-24,88.0199966430664,88.80000305175781,87.6500015258789,88.45999908447266,26662,0.07041599731445312,0.0,0.0
2024-04-25,89.01000213623047,89.26000213623047,87.29000091552734,88.11000061035156,24588,0.07120800170898438,0.0,0.0
2024-04-26,89.5,89.83000183105469,88.80000305175781,89.20999908447266,15475,0.0716,0.0,0.0
2024-04-29,88.4000015258789,89.30000305175781,88.0999984741211,89.25,15093,0.07072000122070313,0.0,0.0
2024-04-30,87.86000061035156,88.70999908447266,87.47000122070312,88.31999969482422,39816,0.07028800048828125,0.0,0.0
2024-05-01,83.44000244140625,85.95999908447266,83.29000091552734,85.95999908447266,48165,0.066752001953125,0.0,0.0
2024-05-02,83.66999816894531,84.41999816894531,83.02999877929688,83.55999755859375,39951,0.06693599853515625,0.0,0.0
2024-05-03,82.95999908447266,84.4000015258789,82.80000305175781,83.80000305175781,31511,0.06636799926757812,0.0,0.0
2024-05-06,83.33000183105469,83.81999969482422,82.76000213623047,82.9800033569336,23246,0.06666400146484375,0.0,0.0
2024-05-07,83.16000366210938,83.87000274658203,82.4000015258789,83.58999633789062,33414,0.0665280029296875,0.0,0.0
2024-05-08,83.58000183105469,83.81999969482422,81.72000122070312,83.04000091552734,35419,0.06686400146484375,0.0,0.0
2024-05-09,83.87999725341797,84.33000183105469,83.45999908447266,83.77999877929688,25231,0.06710399780273438,0.0,0.0
2024-05-10,82.79000091552734,84.5199966430664,82.70999908447266,84.20999908447266,25062,0.06623200073242187,0.0,0.0
2024-05-13,83.36000061035156,83.83000183105469,82.26000213623047,82.69999694824219,29242,0.06668800048828126,0.0,0.0
2024-05-14,82.37999725341797,83.62000274658203,82.0999984741211,83.5,33169,0.06590399780273438,0.0,0.0
2024-05-15,82.75,83.06999969482422,81.05999755859375,82.7699966430664,41744,0.06620000000000001,0.0,0.0
2024-05-16,83.2699966430664,83.77999877929688,82.30999755859375,82.93000030517578,27576,0.06661599731445313,0.0,0.0
2024-05-17,83.9800033569336,84.04000091552734,83.08999633789062,83.44000244140625,23516,0.06718400268554688,0.0,0.0
2024-05-20,83.70999908447266,84.5,83.12000274658203,84.0,22320,0.06696799926757813,0.0,0.0
2024-05-21,82.87999725341797,83.73999786376953,82.05999755859375,83.69999694824219,29726,0.06630399780273438,0.0,0.0
2024-05-22,81.9000015258789,82.63999938964844,81.58000183105469,82.4800033569336,32042,0.06552000122070313,0.0,0.0
2024-05-23,81.36000061035156,82.97000122070312,80.93000030517578,81.69000244140625,27035,0.06508800048828126,0.0,0.0
2024-05-24,82.12000274658203,82.44999694824219,80.66000366210938,81.54000091552734,17991,0.06569600219726562,0.0,0.0
2024-05-28,84.22000122070312,84.62999725341797,82.06999969482422,82.1500015258789,23477,0.0673760009765625,0.0,0.0
2024-05-29,83.5999984741211,85.01000213623047,83.30000305175781,84.62000274658203,15987,0.06687999877929687,0.0,0.0
2024-05-30,81.86000061035156,83.76000213623047,81.81999969482422,83.5,9220,0.06548800048828125,0.0,0.0
2024-05-31,81.62000274658203,82.12000274658203,81.18000030517578,81.77999877929688,33414,0.06529600219726563,0.0,0.0
2024-06-03,78.36000061035156,81.62999725341797,78.08999633789062,81.19000244140625,42771,0.06268800048828126,0.0,0.0
2024-06-04,77.5199966430664,78.20999908447266,76.75,78.16000366210938,41209,0.062015997314453127,0.0,0.0
2024-06-05,78.41000366210938,78.5999984741211,77.13999938964844,77.16999816894531,37039,0.0627280029296875,0.0,0.0
2024-06-06,79.87000274658203,80.06999969482422,78.37000274658203,78.58000183105469,36186,0.06389600219726563,0.0,0.0
2024-06-07,79.62000274658203,80.37999725341797,79.33000183105469,80.0199966430664,26371,0.06369600219726562,0.0,0.0
2024-06-10,81.62999725341797,82.16000366210938,79.3499984741211,79.41000366210938,36413,0.06530399780273438,0.0,0.0
2024-06-11,81.91999816894531,82.36000061035156,81.19999694824219,81.97000122070312,35178,0.06553599853515625,0.0,0.0
2024-06-12,82.5999984741211,83.33999633789062,81.97000122070312,82.12000274658203,40802,0.06607999877929688,0.0,0.0
2024-06-13,82.75,83.04000091552734,81.80000305175781,82.54000091552734,39191,0.06620000000000001,0.0,0.0
2024-06-14,82.62000274658203,83.38999938964844,81.91999816894531,82.13999938964844,39346,0.06609600219726562,0.0,0.0
2024-06-17,84.25,84.55000305175781,82.11000061035156,82.62000274658203,32978,0.0674,0.0,0.0
2024-06-18,85.33000183105469,85.4800033569336,83.66000366210938,84.4000015258789,45690,0.06826400146484375,0.0,0.0
2024-06-20,85.70999908447266,85.97000122070312,84.88999938964844,85.37999725341797,52543,0.06856799926757813,0.0,0.0
2024-06-21,85.23999786376953,86.2300033569336,84.83999633789062,85.68000030517578,25055,0.06819199829101563,0.0,0.0
2024-06-24,86.01000213623047,86.16999816894531,84.7300033569336,85.08999633789062,28043,0.06880800170898438,0.0,0.0
2024-06-25,85.01000213623047,86.31999969482422,84.76000213623047,86.1500015258789,26591,0.06800800170898438,0.0,0.0
2024-06-26,85.25,85.81999969482422,84.4800033569336,84.88999938964844,18107,0.0682,0.0,0.0
2024-06-27,86.38999938964844,86.51000213623047,84.88999938964844,85.25,11216,0.06911199951171876,0.0,0.0
2024-06-28,86.41000366210938,87.2300033569336,86.29000091552734,86.54000091552734,38920,0.0691280029296875,0.0,0.0
2024-07-01,86.5999984741211,86.87999725341797,84.87999725341797,84.9000015258789,55468,0.06927999877929687,0.0,0.0
2024-07-02,86.23999786376953,87.44999694824219,86.16999816894531,86.69000244140625,52311,0.06899199829101563,0.0,0.0
2024-07-03,87.33999633789062,87.37999725341797,85.88999938964844,86.5,39021,0.0698719970703125,0.0,0.0
2024-07-05,86.54000091552734,87.94999694824219,86.48999786376953,87.02999877929688,51456,0.06923200073242188,0.0,0.0
2024-07-08,85.75,86.91000366210938,85.55000305175781,86.75,36568,0.06860000000000001,0.0,0.0
2024-07-09,84.66000366210938,85.8499984741211,84.54000091552734,85.68000030517578,44667,0.0677280029296875,0.0,0.0
2024-07-10,85.08000183105469,85.6500015258789,84.0,85.01000213623047,51274,0.06806400146484376,0.0,0.0
2024-07-11,85.4000015258789,85.88999938964844,84.6500015258789,85.41999816894531,47743,0.06832000122070313,0.0,0.0
2024-07-12,85.02999877929688,86.33999633789062,84.95999908447266,85.58999633789062,48430,0.0680239990234375,0.0,0.0
2024-07-15,84.8499984741211,85.36000061035156,84.41000366210938,85.02999877929688,36586,0.06787999877929687,0.0,0.0
2024-07-16,83.7300033569336,84.87000274658203,83.30000305175781,84.86000061035156,45546,0.06698400268554688,0.0,0.0
2024-07-17,85.08000183105469,85.19999694824219,83.44000244140625,83.83999633789062,44273,0.06806400146484376,0.0,0.0
2024-07-18,85.11000061035156,85.81999969482422,84.22000122070312,85.19999694824219,45867,0.06808800048828126,0.0,0.0
2024-07-19,82.62999725341797,85.3499984741211,82.56999969482422,84.80000305175781,45739,0.06610399780273438,0.0,0.0
2024-07-22,82.4000015258789,83.20999908447266,81.58999633789062,82.83000183105469,36408,0.06592000122070313,0.0,0.0
2024-07-23,81.01000213623047,82.77999877929688,80.5199966430664,82.20999908447266,45436,0.06480800170898438,0.0,0.0
2024-07-24,81.70999908447266,82.22000122070312,80.94000244140625,81.48999786376953,47261,0.06536799926757812,0.0,0.0
2024-07-25,82.37000274658203,82.5199966430664,80.08999633789062,81.52999877929688,51868,0.06589600219726563,0.0,0.0
2024-07-26,81.12999725341797,82.69000244140625,80.31999969482422,82.44999694824219,27491,0.06490399780273438,0.0,0.0
2024-07-29,79.77999877929688,81.72000122070312,79.37999725341797,81.0199966430664,22531,0.06382399902343751,0.0,0.0
2024-07-30,78.62999725341797,79.94999694824219,78.41999816894531,79.83999633789062,15035,0.06290399780273438,0.0,0.0
2024-07-31,80.72000122070312,80.83999633789062,79.0,79.05999755859375,54838,0.0645760009765625,0.0,0.0
2024-08-01,79.5199966430664,81.80000305175781,79.44000244140625,81.51000213623047,44000,0.06361599731445312,0.0,0.0
2024-08-02,76.80999755859375,80.44999694824219,76.41999816894531,80.04000091552734,58894,0.061447998046875,0.0,0.0
2024-08-05,76.30000305175781,77.75,75.05000305175781,77.44000244140625,59442,0.061040002441406255,0.0,0.0
2024-08-06,76.4800033569336,77.80000305175781,75.58999633789062,77.2300033569336,45238,0.06118400268554688,0.0,0.0
2024-08-07,78.33000183105469,78.86000061035156,75.94999694824219,76.19999694824219,49730,0.06266400146484376,0.0,0.0
2024-08-08,79.16000366210938,79.37000274658203,77.62999725341797,78.4800033569336,40462,0.0633280029296875,0.0,0.0
2024-08-09,79.66000366210938,79.81999969482422,78.7699966430664,79.01000213623047,32227,0.0637280029296875,0.0,0.0
2024-08-12,82.30000305175781,82.4000015258789,79.4800033569336,79.66999816894531,45234,0.06584000244140625,0.0,0.0
2024-08-13,80.69000244140625,82.30000305175781,80.55000305175781,81.98999786376953,50485,0.06455200195312501,0.0,0.0
2024-08-14,79.76000213623047,81.44000244140625,79.61000061035156,80.9800033569336,50327,0.06380800170898437,0.0,0.0
2024-08-15,81.04000091552734,81.41000366210938,79.6500015258789,79.98999786376953,33165,0.06483200073242187,0.0,0.0
2024-08-16,79.68000030517578,81.0,78.63999938964844,80.95999908447266,33753,0.06374400024414063,0.0,0.0
2024-08-19,77.66000366210938,79.75,77.5,79.6500015258789,45853,0.0621280029296875,0.0,0.0
2024-08-20,77.19999694824219,78.33999633789062,76.54000091552734,77.73999786376953,39162,0.06175999755859375,0.0,0.0
2024-08-21,76.05000305175781,78.19999694824219,75.6500015258789,77.08000183105469,45081,0.060840002441406256,0.0,0.0
2024-08-22,77.22000122070312,77.69999694824219,75.77999877929688,76.16000366210938,33822,0.0617760009765625,0.0,0.0
2024-08-23,79.0199966430664,79.26000213623047,77.05000305175781,77.12000274658203,19275,0.06321599731445313,0.0,0.0
2024-08-26,81.43000030517578,81.58000183105469,79.23999786376953,79.31999969482422,25997,0.06514400024414063,0.0,0.0
2024-08-27,79.55000305175781,81.56999969482422,79.4800033569336,81.22000122070312,21261,0.06364000244140626,0.0,0.0
2024-08-28,78.6500015258789,80.01000213623047,77.93000030517578,79.83999633789062,16512,0.06292000122070313,0.0,0.0
2024-08-29,79.94000244140625,80.79000091552734,78.11000061035156,78.36000061035156,9726,0.063952001953125,0.0,0.0
2024-08-30,78.80000305175781,80.5,78.5999984741211,79.5199966430664,50268,0.06304000244140626,0.0,0.0
2024-09-03,73.75,77.61000061035156,73.5199966430664,76.88999938964844,70646,0.059000000000000004,0.0,0.0
2024-09-04,72.69999694824219,74.79000091552734,72.3499984741211,73.68000030517578,56979,0.05815999755859375,0.0,0.0
2024-09-05,72.69000244140625,74.18000030517578,72.36000061035156,72.62000274658203,47879,0.058152001953125004,0.0,0.0
2024-09-06,71.05999755859375,73.5199966430664,70.62000274658203,72.8499984741211,36035,0.056847998046875,0.0,0.0
2024-09-09,71.83999633789062,72.22000122070312,70.6500015258789,71.5199966430664,35995,0.0574719970703125,0.0,0.0
2024-09-10,69.19000244140625,72.26000213623047,68.69000244140625,71.9000015258789,47963,0.055352001953125,0.0,0.0
2024-09-11,70.61000061035156,71.08000183105469,69.01000213623047,69.68000030517578,42995,0.05648800048828125,0.0,0.0
2024-09-12,71.97000122070312,72.86000061035156,70.58999633789062,70.72000122070312,42690,0.0575760009765625,0.0,0.0
2024-09-13,71.61000061035156,73.2300033569336,71.4800033569336,72.37000274658203,34281,0.057288000488281254,0.0,0.0
2024-09-16,72.75,73.37999725341797,71.5199966430664,72.0199966430664,36417,0.0582,0.0,0.0
2024-09-17,73.69999694824219,74.2699966430664,72.16999816894531,73.01000213623047,38565,0.058959997558593755,0.0,0.0
2024-09-18,73.6500015258789,74.08999633789062,72.30999755859375,73.68000030517578,35693,0.05892000122070313,0.0,0.0
2024-09-19,74.87999725341797,75.19000244140625,72.87999725341797,72.9000015258789,36126,0.05990399780273438,0.0,0.0
2024-09-20,74.48999786376953,75.01000213623047,74.0,74.87999725341797,27358,0.05959199829101563,0.0,0.0
2024-09-23,73.9000015258789,75.16000366210938,73.11000061035156,74.76000213623047,29116,0.05912000122070313,0.0,0.0
2024-09-24,75.16999816894531,75.87000274658203,73.97000122070312,74.27999877929688,31341,0.060135998535156256,0.0,0.0
2024-09-25,73.45999908447266,75.31999969482422,73.04000091552734,75.12999725341797,31571,0.05876799926757813,0.0,0.0
2024-09-26,71.5999984741211,73.7699966430664,70.7699966430664,73.47000122070312,18234,0.057279998779296876,0.0,0.0
2024-09-27,71.9800033569336,72.36000061035156,70.93000030517578,71.23999786376953,7872,0.05758400268554688,0.0,0.0
2024-09-30,71.7699966430664,73.0999984741211,71.38999938964844,71.83999633789062,41928,0.05741599731445313,0.0,0.0
2024-10-01,73.55999755859375,75.44999694824219,69.91000366210938,72.0,90111,0.058847998046875,0.0,0.0
2024-10-02,73.9000015258789,76.12999725341797,73.58999633789062,74.4000015258789,53911,0.05912000122070313,0.0,0.0
2024-10-03,77.62000274658203,77.97000122070312,74.30999755859375,74.7300033569336,68997,0.062096002197265625,0.0,0.0
2024-10-04,78.05000305175781,79.30000305175781,77.38999938964844,77.98999786376953,57481,0.06244000244140625,0.0,0.0
2024-10-07,80.93000030517578,81.16000366210938,77.26000213623047,78.01000213623047,55050,0.06474400024414063,0.0,0.0
2024-10-08,77.18000030517578,82.08000183105469,76.37000274658203,81.16000366210938,66184,0.061744000244140625,0.0,0.0
2024-10-09,76.58000183105469,78.0199966430664,75.1500015258789,77.5199966430664,46931,0.06126400146484375,0.0,0.0
2024-10-10,79.4000015258789,79.72000122070312,76.73999786376953,76.75,43562,0.06352000122070313,0.0,0.0
2024-10-11,79.04000091552734,79.48999786376953,78.05000305175781,79.2300033569336,44341,0.06323200073242188,0.0,0.0
2024-10-14,77.45999908447266,78.5999984741211,75.38999938964844,78.5999984741211,35593,0.06196799926757813,0.0,0.0
2024-10-15,74.25,75.62999725341797,73.33000183105469,75.20999908447266,47877,0.0594,0.0,0.0
2024-10-16,74.22000122070312,74.91999816894531,73.41999816894531,74.72000122070312,40980,0.0593760009765625,0.0,0.0
2024-10-17,74.44999694824219,74.91000366210938,73.25,74.5,36901,0.05955999755859375,0.0,0.0
2024-10-18,73.05999755859375,74.94000244140625,72.48999786376953,74.5199966430664,34009,0.058447998046875005,0.0,0.0
2024-10-21,74.29000091552734,74.55999755859375,72.80000305175781,73.13999938964844,29891,0.05943200073242188,0.0,0.0
2024-10-22,76.04000091552734,76.31999969482422,73.56999969482422,74.13999938964844,36505,0.06083200073242188,0.0,0.0
2024-10-23,74.95999908447266,76.01000213623047,74.44000244140625,75.6500015258789,28090,0.05996799926757813,0.0,0.0
2024-10-24,74.37999725341797,76.52999877929688,74.0,75.20999908447266,23845,0.059503997802734375,0.0,0.0
2024-10-25,76.05000305175781,76.13999938964844,74.16999816894531,74.55000305175781,20056,0.060840002441406256,0.0,0.0
2024-10-28,71.41999816894531,74.0,71.16999816894531,74.0,28003,0.05713599853515625,0.0,0.0
2024-10-29,71.12000274658203,72.56999969482422,70.7300033569336,72.11000061035156,16776,0.05689600219726563,0.0,0.0
2024-10-30,72.55000305175781,73.08000183105469,71.16000366210938,71.31999969482422,11034,0.05804000244140625,0.0,0.0
2024-10-31,73.16000366210938,73.36000061035156,72.37000274658203,72.76000213623047,36772,0.0585280029296875,0.0,0.0
2024-11-01,73.0999984741211,74.94999694824219,72.88999938964844,74.12999725341797,32059,0.058479998779296875,0.0,0.0
2024-11-04,75.08000183105469,75.38999938964844,73.7300033569336,73.7300033569336,31292,0.06006400146484375,0.0,0.0
2024-11-05,75.52999877929688,76.2300033569336,74.91999816894531,75.19999694824219,40233,0.0604239990234375,0.0,0.0
2024-11-06,74.91999816894531,76.01000213623047,73.3499984741211,75.48999786376953,57996,0.05993599853515625,0.0,0.0
2024-11-07,75.62999725341797,76.06999969482422,74.05000305175781,75.11000061035156,41262,0.060503997802734376,0.0,0.0
2024-11-08,73.87000274658203,75.62000274658203,73.44000244140625,75.5199966430664,35855,0.05909600219726563,0.0,0.0
2024-11-11,71.83000183105469,74.12999725341797,71.58999633789062,73.73999786376953,33838,0.057464001464843754,0.0,0.0
2024-11-12,71.88999938964844,72.81999969482422,71.55999755859375,71.91999816894531,38295,0.05751199951171875,0.0,0.0
2024-11-13,72.27999877929688,72.62000274658203,70.75,71.77999877929688,43666,0.0578239990234375,0.0,0.0
2024-11-14,72.55999755859375,73.22000122070312,71.80000305175781,71.98999786376953,32367,0.058047998046875,0.0,0.0
2024-11-15,71.04000091552734,72.47000122070312,70.83999633789062,72.43000030517578,30126,0.05683200073242188,0.0,0.0
2024-11-18,73.30000305175781,73.45999908447266,70.69999694824219,70.87999725341797,30425,0.058640002441406255,0.0,0.0
2024-11-19,73.30999755859375,73.87000274658203,72.61000061035156,73.18000030517578,32668,0.058647998046875004,0.0,0.0
2024-11-20,72.80999755859375,73.94000244140625,72.69999694824219,73.33999633789062,26041,0.058247998046875006,0.0,0.0
2024-11-21,74.2300033569336,74.37000274658203,72.91000366210938,73.12000274658203,35756,0.059384002685546874,0.0,0.0
2024-11-22,75.16999816894531,75.41999816894531,73.51000213623047,74.29000091552734,29569,0.060135998535156256,0.0,0.0
2024-11-25,73.01000213623047,75.30999755859375,72.8499984741211,75.20999908447266,29335,0.05840800170898438,0.0,0.0
2024-11-26,72.80999755859375,74.33000183105469,72.12000274658203,73.12000274658203,17616,0.058247998046875006,0.0,0.0
2024-11-27,72.83000183105469,73.3499984741211,72.2699966430664,72.94000244140625,10246,0.05826400146484375,0.0,0.0
2024-11-29,72.94000244140625,73.5,72.12000274658203,72.91999816894531,45282,0.058352001953125,0.0,0.0
2024-12-02,71.83000183105469,72.87999725341797,71.5199966430664,71.73999786376953,31283,0.057464001464843754,0.0,0.0
2024-12-03,73.62000274658203,73.9000015258789,71.69000244140625,71.86000061035156,40365,0.05889600219726563,0.0,0.0
2024-12-04,72.30999755859375,74.26000213623047,72.25,73.80999755859375,36988,0.057847998046875,0.0,0.0
2024-12-05,72.08999633789062,72.9000015258789,71.80000305175781,72.44999694824219,32373,0.0576719970703125,0.0,0.0
2024-12-06,71.12000274658203,72.2300033569336,70.83000183105469,72.16999816894531,27572,0.05689600219726563,0.0,0.0
2024-12-09,72.13999938964844,72.6500015258789,70.95999908447266,71.04000091552734,25921,0.05771199951171875,0.0,0.0
2024-12-10,72.19000244140625,72.72000122070312,71.52999877929688,71.93000030517578,32220,0.057752001953125,0.0,0.0
2024-12-11,73.5199966430664,73.73999786376953,72.0199966430664,72.02999877929688,35954,0.058815997314453125,0.0,0.0
2024-12-12,73.41000366210938,73.9800033569336,72.43000030517578,73.58999633789062,36231,0.0587280029296875,0.0,0.0
2024-12-13,74.48999786376953,74.58999633789062,73.2699966430664,73.43000030517578,26225,0.05959199829101563,0.0,0.0
2024-12-16,73.91000366210938,74.54000091552734,73.69999694824219,74.51000213623047,25458,0.0591280029296875,0.0,0.0
2024-12-17,73.19000244140625,74.18000030517578,72.45999908447266,73.86000061035156,26356,0.058552001953125,0.0,0.0
2024-12-18,73.38999938964844,74.19000244140625,72.80000305175781,73.33999633789062,25873,0.05871199951171875,0.0,0.0
2024-12-19,72.87999725341797,73.87000274658203,72.52999877929688,72.93000030517578,27742,0.058303997802734375,0.0,0.0
2024-12-20,72.94000244140625,73.27999877929688,71.97000122070312,72.70999908447266,25362,0.058352001953125,0.0,0.0
2024-12-23,72.62999725341797,73.37000274658203,71.9800033569336,72.83000183105469,20997,0.058103997802734376,0.0,0.0
2024-12-24,73.58000183105469,73.80999755859375,72.77999877929688,72.83999633789062,8922,0.05886400146484375,0.0,0.0
2024-12-26,73.26000213623047,74.18000030517578,72.9800033569336,73.77999877929688,5773,0.05860800170898438,0.0,0.0
2024-12-27,74.16999816894531,74.33999633789062,73.06999969482422,73.13999938964844,5515,0.059335998535156254,0.0,0.0
2024-12-30,74.38999938964844,75.04000091552734,73.76000213623047,74.2300033569336,30436,0.059511999511718754,0.0,0.0
2024-12-31,74.63999938964844,74.87999725341797,73.83999633789062,74.0999984741211,20588,0.05971199951171875,0.0,0.0
2025-01-02,75.93000030517578,76.54000091552734,74.7300033569336,74.87999725341797,41474,0.06074400024414063,0.0,0.0
2025-01-03,76.51000213623047,76.73999786376953,75.52999877929688,75.9000015258789,38822,0.061208001708984376,0.0,0.0
2025-01-06,76.30000305175781,77.5,75.94000244140625,76.58999633789062,49229,0.061040002441406255,0.0,0.0
2025-01-07,77.05000305175781,77.2699966430664,75.91999816894531,76.23999786376953,37188,0.06164000244140625,0.0,0.0
2025-01-08,76.16000366210938,77.88999938964844,76.02999877929688,77.23999786376953,46650,0.0609280029296875,0.0,0.0
2025-01-09,76.91999816894531,77.2699966430664,75.69999694824219,76.16000366210938,31706,0.061535998535156254,0.0,0.0
2025-01-10,79.76000213623047,80.76000213623047,77.04000091552734,77.20999908447266,92049,0.06380800170898437,0.0,0.0
2025-01-13,81.01000213623047,81.66999816894531,79.54000091552734,79.55000305175781,77109,0.06480800170898438,0.0,0.0
2025-01-14,79.91999816894531,81.13999938964844,79.86000061035156,80.91000366210938,67129,0.06393599853515625,0.0,0.0
2025-01-15,82.02999877929688,82.62999725341797,79.62999725341797,80.31999969482422,69122,0.0656239990234375,0.0,0.0
2025-01-16,81.29000091552734,82.55000305175781,80.38999938964844,82.44000244140625,69075,0.06503200073242188,0.0,0.0
2025-01-17,80.79000091552734,81.93000030517578,80.55999755859375,81.30999755859375,42284,0.06463200073242188,0.0,0.0
2025-01-21,79.29000091552734,81.23999786376953,78.47000122070312,80.94000244140625,83935,0.06343200073242188,0.0,0.0
2025-01-22,79.0,79.9000015258789,78.80999755859375,79.30999755859375,40868,0.0632,0.0,0.0
2025-01-23,78.29000091552734,79.58999633789062,77.80000305175781,78.91000366210938,46348,0.06263200073242188,0.0,0.0
2025-01-24,78.5,78.95999908447266,77.61000061035156,77.87999725341797,30464,0.06280000000000001,0.0,0.0
2025-01-27,77.08000183105469,78.98999786376953,76.31999969482422,78.55000305175781,40623,0.06166400146484375,0.0,0.0
2025-01-28,77.48999786376953,78.13999938964844,76.83000183105469,77.06999969482422,29822,0.06199199829101563,0.0,0.0
2025-01-29,76.58000183105469,77.69999694824219,76.30000305175781,77.62999725341797,19845,0.06126400146484375,0.0,0.0
2025-01-30,76.87000274658203,77.55000305175781,75.98999786376953,76.86000061035156,8389,0.06149600219726563,0.0,0.0
2025-01-31,76.76000213623047,77.08000183105469,76.51000213623047,77.0,50618,0.061408001708984375,0.0,0.0
2025-02-03,75.95999908447266,77.52999877929688,75.04000091552734,76.81999969482422,75087,0.06076799926757813,0.0,0.0
2025-02-04,76.19999694824219,76.66999816894531,74.12999725341797,75.5199966430664,62716,0.06095999755859375,0.0,0.0
2025-02-05,74.61000061035156,76.3499984741211,74.55000305175781,76.08000183105469,30739,0.059688000488281254,0.0,0.0
2025-02-06,74.29000091552734,75.38999938964844,74.08999633789062,74.5999984741211,41460,0.05943200073242188,0.0,0.0
2025-02-07,74.66000366210938,75.08999633789062,74.19000244140625,74.19999694824219,35634,0.0597280029296875,0.0,0.0
2025-02-10,75.87000274658203,76.06999969482422,74.54000091552734,74.54000091552734,27341,0.060696002197265626,0.0,0.0
2025-02-11,77.0,77.2699966430664,75.88999938964844,76.05000305175781,37979,0.0616,0.0,0.0
2025-02-12,75.18000030517578,76.88999938964844,74.94999694824219,76.81999969482422,47048,0.06014400024414063,0.0,0.0
2025-02-13,75.0199966430664,75.33000183105469,74.05000305175781,74.97000122070312,37759,0.060015997314453125,0.0,0.0
2025-02-14,74.73999786376953,75.83000183105469,74.48999786376953,75.23999786376953,41397,0.05979199829101563,0.0,0.0
2025-02-18,75.83999633789062,76.05000305175781,74.19000244140625,74.63999938964844,50542,0.060671997070312504,0.0,0.0
2025-02-19,76.04000091552734,76.81999969482422,75.75,75.80000305175781,30426,0.06083200073242188,0.0,0.0
2025-02-20,76.4800033569336,77.13999938964844,75.70999908447266,76.04000091552734,33347,0.06118400268554688,0.0,0.0
2025-02-21,74.43000030517578,76.75,74.20999908447266,76.55999755859375,28100,0.05954400024414063,0.0,0.0
2025-02-24,74.77999877929688,74.91000366210938,73.91000366210938,73.91000366210938,17858,0.059823999023437505,0.0,0.0
2025-02-25,73.0199966430664,75.25,72.69999694824219,74.88999938964844,19080,0.05841599731445313,0.0,0.0
2025-02-26,72.52999877929688,73.33999633789062,72.38999938964844,73.13999938964844,11916,0.0580239990234375,0.0,0.0
2025-02-27,74.04000091552734,74.26000213623047,72.4800033569336,72.69000244140625,7925,0.05923200073242188,0.0,0.0
2025-02-28,73.18000030517578,73.73999786376953,72.97000122070312,73.7300033569336,36432,0.05854400024414063,0.0,0.0
2025-03-03,71.62000274658203,73.66000366210938,71.16999816894531,73.06999969482422,51816,0.057296002197265626,0.0,0.0
2025-03-04,71.04000091552734,71.45999908447266,69.75,71.44999694824219,58867,0.05683200073242188,0.0,0.0
2025-03-05,69.30000305175781,71.16000366210938,68.33999633789062,71.13999938964844,51721,0.055440002441406254,0.0,0.0
2025-03-06,69.45999908447266,69.87999725341797,68.7300033569336,69.44999694824219,49024,0.055567999267578126,0.0,0.0
2025-03-07,70.36000061035156,71.37999725341797,69.27999877929688,69.37999725341797,46468,0.05628800048828125,0.0,0.0
2025-03-10,69.27999877929688,70.86000061035156,69.05999755859375,70.44000244140625,33488,0.055423999023437504,0.0,0.0
2025-03-11,69.55999755859375,70.43000030517578,68.62999725341797,69.41000366210938,26933,0.055647998046875,0.0,0.0
2025-03-12,70.94999694824219,71.08999633789062,69.47000122070312,69.8499984741211,30577,0.056759997558593754,0.0,0.0
2025-03-13,69.87999725341797,71.23999786376953,69.68000030517578,70.9800033569336,33450,0.055903997802734376,0.0,0.0
2025-03-14,70.58000183105469,70.75,69.94000244140625,70.08000183105469,24740,0.056464001464843754,0.0,0.0
2025-03-17,71.06999969482422,71.79000091552734,70.68000030517578,70.68000030517578,29314,0.05685599975585938,0.0,0.0
2025-03-18,70.55999755859375,72.19000244140625,70.26000213623047,70.93000030517578,32008,0.056447998046875,0.0,0.0
2025-03-19,70.77999877929688,71.22000122070312,69.9000015258789,70.36000061035156,26898,0.0566239990234375,0.0,0.0
2025-03-20,72.0,72.29000091552734,70.52999877929688,70.86000061035156,33049,0.057600000000000005,0.0,0.0
2025-03-21,72.16000366210938,72.54000091552734,71.51000213623047,72.2300033569336,23983,0.0577280029296875,0.0,0.0
2025-03-24,73.0,73.16000366210938,71.80000305175781,72.19999694824219,31456,0.0584,0.0,0.0
2025-03-25,73.0199966430664,73.56999969482422,72.5,73.08999633789062,30415,0.05841599731445313,0.0,0.0
2025-03-26,73.79000091552734,74.16999816894531,73.08999633789062,73.18000030517578,27419,0.05903200073242188,0.0,0.0
2025-03-27,74.02999877929688,74.06999969482422,73.2300033569336,73.98999786376953,19183,0.0592239990234375,0.0,0.0
2025-03-28,73.62999725341797,74.20999908447266,73.12000274658203,74.05999755859375,12292,0.05890399780273438,0.0,0.0
2025-03-31,74.73999786376953,74.79000091552734,73.37000274658203,73.41999816894531,53426,0.05979199829101563,0.0,0.0
2025-04-01,74.48999786376953,75.27999877929688,74.33999633789062,74.62999725341797,54055,0.05959199829101563,0.0,0.0
2025-04-02,74.94999694824219,75.45999908447266,73.70999908447266,74.4000015258789,61062,0.059959997558593756,0.0,0.0
2025-04-03,70.13999938964844,73.62000274658203,69.47000122070312,73.58999633789062,100212,0.05611199951171875,0.0,0.0
2025-04-04,65.58000183105469,70.05000305175781,64.01000213623047,69.80999755859375,121211,0.05246400146484375,0.0,0.0
2025-04-07,64.20999908447266,67.41000366210938,62.5099983215332,64.79000091552734,114411,0.05136799926757813,0.0,0.0
2025-04-08,62.81999969482422,65.19000244140625,61.27999877929688,64.44000244140625,89690,0.05025599975585938,0.0,0.0
2025-04-09,65.4800033569336,66.0199966430664,58.38999938964844,61.54999923706055,127044,0.052384002685546875,0.0,0.0
2025-04-10,63.33000183105469,66.2300033569336,62.0099983215332,65.80999755859375,78111,0.050664001464843754,0.0,0.0
2025-04-11,64.76000213623047,65.05000305175781,62.7599983215332,63.45000076293945,58543,0.05180800170898438,0.0,0.0
2025-04-14,64.87999725341797,65.9000015258789,64.04000091552734,64.88999938964844,43786,0.05190399780273438,0.0,0.0
2025-04-15,64.66999816894531,65.38999938964844,64.2300033569336,64.93000030517578,40096,0.05173599853515625,0.0,0.0
2025-04-16,65.8499984741211,66.30999755859375,63.79999923706055,64.86000061035156,50308,0.052679998779296876,0.0,0.0
2025-04-17,67.95999908447266,68.12999725341797,65.94999694824219,66.01000213623047,39781,0.054367999267578127,0.0,0.0
2025-04-21,66.26000213623047,67.77999877929688,65.68000030517578,67.77999877929688,38512,0.05300800170898438,0.0,0.0
2025-04-22,67.44000244140625,68.04000091552734,66.55000305175781,66.5999984741211,46152,0.053952001953125,0.0,0.0
2025-04-23,66.12000274658203,68.63999938964844,65.29000091552734,67.76000213623047,58914,0.052896002197265625,0.0,0.0
2025-04-24,66.55000305175781,67.02999877929688,65.80999755859375,66.22000122070312,36169,0.05324000244140625,0.0,0.0
2025-04-25,66.87000274658203,67.18000030517578,65.55999755859375,66.56999969482422,30729,0.05349600219726563,0.0,0.0
2025-04-28,65.86000061035156,67.52999877929688,65.25,67.20999908447266,21525,0.052688000488281254,0.0,0.0
2025-04-29,64.25,65.80999755859375,63.88999938964844,65.75,17528,0.0514,0.0,0.0
2025-04-30,63.119998931884766,63.75,63.0,63.54999923706055,79025,0.050495999145507814,0.0,0.0
2025-05-01,62.130001068115234,62.36000061035156,59.310001373291016,61.13999938964844,66984,0.04970400085449219,0.0,0.0
2025-05-02,61.290000915527344,62.720001220703125,60.70000076293945,61.880001068115234,58444,0.04903200073242188,0.0,0.0
2025-05-05,60.22999954223633,60.77000045776367,58.40999984741211,59.5099983215332,49504,0.04818399963378907,0.0,0.0
2025-05-06,62.150001525878906,62.79999923706055,60.18999862670898,60.27999877929688,63444,0.04972000122070313,0.0,0.0
2025-05-07,61.119998931884766,63.209999084472656,60.84999847412109,62.06999969482422,60579,0.04889599914550782,0.0,0.0
2025-05-08,62.84000015258789,63.209999084472656,60.77999877929688,60.93000030517578,56931,0.050272000122070316,0.0,0.0
2025-05-09,63.90999984741211,64.2699966430664,62.84999847412109,63.25,51994,0.05112799987792969,0.0,0.0
2025-05-12,64.95999908447266,66.37999725341797,63.88999938964844,64.2300033569336,62946,0.05196799926757813,0.0,0.0
2025-05-13,66.62999725341797,66.80000305175781,64.6500015258789,64.91999816894531,55567,0.05330399780273438,0.0,0.0
2025-05-14,66.08999633789062,66.58999633789062,65.68000030517578,66.5199966430664,49980,0.0528719970703125,0.0,0.0
2025-05-15,64.52999877929688,65.83999633789062,63.43999862670898,65.76000213623047,70642,0.051623999023437506,0.0,0.0
2025-05-16,65.41000366210938,65.54000091552734,64.16999816894531,64.62999725341797,38629,0.0523280029296875,0.0,0.0
2025-05-19,65.54000091552734,66.01000213623047,64.43000030517578,65.30999755859375,43539,0.05243200073242188,0.0,0.0
2025-05-20,65.37999725341797,66.0,64.8499984741211,65.56999969482422,42663,0.05230399780273438,0.0,0.0
2025-05-21,64.91000366210938,67.48999786376953,64.61000061035156,65.61000061035156,58658,0.0519280029296875,0.0,0.0
2025-05-22,64.44000244140625,65.0199966430664,63.52999877929688,64.63999938964844,45811,0.051552001953125,0.0,0.0
2025-05-23,64.77999877929688,65.04000091552734,63.310001373291016,64.0199966430664,29810,0.051823999023437504,0.0,0.0
2025-05-27,64.08999633789062,65.41000366210938,63.470001220703125,65.0199966430664,34117,0.051271997070312506,0.0,0.0
2025-05-28,64.9000015258789,65.61000061035156,64.02999877929688,64.31999969482422,17817,0.05192000122070313,0.0,0.0
2025-05-29,64.1500015258789,66.12999725341797,63.77999877929688,65.30000305175781,10456,0.051320001220703126,0.0,0.0
2025-05-30,63.900001525878906,64.5199966430664,63.70000076293945,63.81999969482422,63546,0.05112000122070313,0.0,0.0
2025-06-02,64.62999725341797,65.70999908447266,62.970001220703125,63.040000915527344,57349,0.05170399780273438,0.0,0.0
2025-06-03,65.62999725341797,65.94000244140625,64.5199966430664,65.02999877929688,43536,0.052503997802734376,0.0,0.0
2025-06-04,64.86000061035156,65.95999908447266,64.27999877929688,65.61000061035156,56182,0.05188800048828125,0.0,0.0
2025-06-05,65.33999633789062,65.86000061035156,64.62999725341797,64.91000366210938,38658,0.0522719970703125,0.0,0.0
2025-06-06,66.47000122070312,66.66999816894531,64.81999969482422,65.19999694824219,39490,0.053176000976562506,0.0,0.0
2025-06-09,67.04000091552734,67.12999725341797,66.08000183105469,66.5999984741211,35213,0.05363200073242188,0.0,0.0
2025-06-10,66.87000274658203,68.0,66.4800033569336,67.11000061035156,40266,0.05349600219726563,0.0,0.0
2025-06-11,69.7699966430664,69.95999908447266,66.47000122070312,66.56999969482422,58118,0.05581599731445313,0.0,0.0
2025-06-12,69.36000061035156,70.61000061035156,68.37000274658203,70.36000061035156,60336,0.05548800048828125,0.0,0.0
2025-06-13,74.2300033569336,78.52999877929688,69.91999816894531,70.2699966430664,175031,0.059384002685546874,0.0,0.0
2025-06-16,73.2300033569336,78.4800033569336,70.63999938964844,76.80999755859375,100509,0.05858400268554688,0.0,0.0
2025-06-17,76.44999694824219,77.08000183105469,72.52999877929688,72.80999755859375,88748,0.061159997558593755,0.0,0.0
2025-06-18,76.69999694824219,77.43000030517578,74.44000244140625,77.19000244140625,0,0.061359997558593754,0.0,0.0
2025-06-20,77.01000213623047,79.0199966430664,75.52999877929688,76.12000274658203,98821,0.06160800170898438,0.0,0.0
2025-06-23,71.4800033569336,81.4000015258789,69.54000091552734,80.01000213623047,100475,0.05718400268554688,0.0,0.0
2025-06-24,67.13999938964844,70.7300033569336,66.80999755859375,70.5999984741211,62358,0.053711999511718754,0.0,0.0
2025-06-25,67.68000030517578,68.76000213623047,67.31999969482422,67.91999816894531,23618,0.05414400024414063,0.0,0.0
2025-06-26,67.7300033569336,69.04000091552734,67.38999938964844,67.75,13057,0.05418400268554688,0.0,0.0
2025-06-27,67.7699966430664,68.41000366210938,67.20999908447266,67.95999908447266,8218,0.054215997314453125,0.0,0.0
2025-06-30,67.61000061035156,68.12000274658203,67.11000061035156,67.16999816894531,32957,0.05408800048828125,0.0,0.0
2025-07-01,67.11000061035156,67.4800033569336,66.33999633789062,66.58999633789062,29256,0.053688000488281255,0.0,0.0
2025-07-02,69.11000061035156,69.19999694824219,66.94000244140625,67.20999908447266,50268,0.05528800048828125,0.0,0.0
2025-07-03,68.80000305175781,69.12999725341797,68.30999755859375,69.0199966430664,0,0.05504000244140625,0.0,0.0
2025-07-04,68.29000091552734,68.91000366210938,67.75,68.80999755859375,0,0.05463200073242188,0.0,0.0
2025-07-07,69.58000183105469,69.93000030517578,67.36000061035156,67.61000061035156,59456,0.05566400146484375,0.0,0.0
2025-07-08,70.1500015258789,70.66000366210938,69.05000305175781,69.54000091552734,34109,0.056120001220703125,0.0,0.0
2025-07-09,70.19000244140625,70.69999694824219,69.61000061035156,69.9000015258789,42186,0.056152001953125,0.0,0.0
2025-07-10,68.63999938964844,70.48999786376953,68.52999877929688,70.19000244140625,52295,0.054911999511718754,0.0,0.0
2025-07-11,70.36000061035156,70.69000244140625,68.55999755859375,68.98999786376953,40262,0.05628800048828125,0.0,0.0
2025-07-14,69.20999908447266,71.51000213623047,69.0199966430664,70.52999877929688,62179,0.05536799926757813,0.0,0.0
2025-07-15,68.70999908447266,69.4000015258789,68.55999755859375,69.0999984741211,51233,0.05496799926757813,0.0,0.0
2025-07-16,68.5199966430664,69.06999969482422,67.70999908447266,68.9000015258789,55511,0.05481599731445313,0.0,0.0
2025-07-17,69.5199966430664,69.62000274658203,68.29000091552734,68.69000244140625,50817,0.05561599731445313,0.0,0.0
2025-07-18,69.27999877929688,70.77999877929688,69.13999938964844,69.55999755859375,52366,0.055423999023437504,0.0,0.0
2025-07-21,69.20999908447266,69.62000274658203,68.41999816894531,69.22000122070312,41204,0.05536799926757813,0.0,0.0
2025-07-22,68.58999633789062,69.0999984741211,68.11000061035156,69.02999877929688,50140,0.054871997070312505,0.0,0.0
2025-07-23,68.51000213623047,69.08000183105469,68.0,68.72000122070312,37734,0.05480800170898438,0.0,0.0
2025-07-24,69.18000030517578,69.52999877929688,68.5,68.72000122070312,39597,0.05534400024414063,0.0,0.0
2025-07-25,68.44000244140625,69.88999938964844,68.30000305175781,69.26000213623047,27384,0.054752001953125004,0.0,0.0
2025-07-28,70.04000091552734,70.44999694824219,68.38999938964844,68.47000122070312,31485,0.05603200073242188,0.0,0.0
2025-07-29,72.51000213623047,73.06999969482422,69.88999938964844,70.38999938964844,24345,0.058008001708984375,0.0,0.0
2025-07-30,73.23999786376953,73.62999725341797,71.75,72.68000030517578,15242,0.05859199829101563,0.0,0.0
2025-07-31,72.52999877929688,73.48999786376953,72.41999816894531,73.4000015258789,56020,0.0580239990234375,0.0,0.0
2025-08-01,69.66999816894531,71.98999786376953,69.41000366210938,71.7699966430664,68855,0.055735998535156255,0.0,0.0
2025-08-04,68.76000213623047,69.9800033569336,67.98999786376953,69.0,41788,0.05500800170898438,0.0,0.0
2025-08-05,67.63999938964844,68.8499984741211,67.52999877929688,68.75,47388,0.05411199951171875,0.0,0.0
2025-08-06,66.88999938964844,69.19000244140625,66.22000122070312,67.76000213623047,62159,0.053511999511718755,0.0,0.0
2025-08-07,66.43000030517578,67.63999938964844,66.2699966430664,66.87999725341797,44063,0.05314400024414063,0.0,0.0
2025-08-08,66.58999633789062,67.19000244140625,65.5,66.37999725341797,52157,0.0532719970703125,0.0,0.0
2025-08-11,66.62999725341797,67.11000061035156,65.83000183105469,66.2300033569336,31132,0.05330399780273438,0.0,0.0
2025-08-12,66.12000274658203,67.04000091552734,65.97000122070312,66.72000122070312,33110,0.052896002197265625,0.0,0.0
2025-08-13,65.62999725341797,66.33000183105469,65.0,66.05000305175781,40497,0.052503997802734376,0.0,0.0
2025-08-14,66.83999633789062,66.9800033569336,65.56999969482422,65.7699966430664,34810,0.0534719970703125,0.0,0.0
2025-08-15,65.8499984741211,67.08000183105469,65.7300033569336,66.80000305175781,35864,0.052679998779296876,0.0,0.0
2025-08-18,66.5999984741211,66.80999755859375,65.30999755859375,65.94999694824219,35004,0.05327999877929688,0.0,0.0
2025-08-19,65.79000091552734,66.58000183105469,65.5999984741211,66.55999755859375,32562,0.05263200073242188,0.0,0.0
2025-08-20,66.83999633789062,67.05000305175781,65.81999969482422,65.93000030517578,39505,0.0534719970703125,0.0,0.0
2025-08-21,67.66999816894531,67.77999877929688,66.73999786376953,66.94999694824219,29950,0.05413599853515625,0.0,0.0
2025-08-22,67.7300033569336,68.0199966430664,67.41999816894531,67.62000274658203,27481,0.05418400268554688,0.0,0.0
2025-08-25,68.80000305175781,69.05999755859375,67.58000183105469,67.83999633789062,19094,0.05504000244140625,0.0,0.0
2025-08-26,67.22000122070312,68.7300033569336,67.11000061035156,68.7300033569336,21046,0.0537760009765625,0.0,0.0
2025-08-27,68.05000305175781,68.0999984741211,66.91999816894531,67.23999786376953,16597,0.05444000244140625,0.0,0.0
2025-08-28,68.62000274658203,68.66000366210938,67.4000015258789,67.70999908447266,8829,0.05489600219726563,0.0,0.0
2025-08-29,68.12000274658203,68.36000061035156,68.02999877929688,68.26000213623047,0,0.05449600219726563,0.0,0.0
2025-09-02,69.13999938964844,69.51000213623047,67.08999633789062,67.43000030517578,55307,0.05531199951171875,0.0,0.0
2025-09-03,67.5999984741211,69.2300033569336,67.37999725341797,69.05999755859375,45108,0.054079998779296874,0.0,0.0
2025-09-04,66.98999786376953,67.48999786376953,66.31999969482422,67.44000244140625,42152,0.05359199829101563,0.0,0.0
2025-09-05,65.5,67.05000305175781,65.08000183105469,66.83999633789062,38287,0.0524,0.0,0.0
2025-09-08,66.0199966430664,67.02999877929688,65.5199966430664,65.80999755859375,29078,0.05281599731445313,0.0,0.0
2025-09-09,66.38999938964844,67.38999938964844,66.13999938964844,66.16999816894531,38860,0.05311199951171875,0.0,0.0
2025-09-10,67.48999786376953,67.7699966430664,66.44000244140625,66.44000244140625,38789,0.05399199829101563,0.0,0.0
2025-09-11,66.37000274658203,67.61000061035156,66.16000366210938,67.58000183105469,34565,0.05309600219726563,0.0,0.0
2025-09-12,66.98999786376953,68.1500015258789,65.72000122070312,66.30999755859375,50762,0.05359199829101563,0.0,0.0
2025-09-15,67.44000244140625,67.83999633789062,66.79000091552734,67.22000122070312,26320,0.053952001953125,0.0,0.0
2025-09-16,68.47000122070312,68.69000244140625,67.0,67.48999786376953,34128,0.0547760009765625,0.0,0.0
2025-09-17,67.94999694824219,68.58999633789062,67.62000274658203,68.41000366210938,30515,0.054359997558593755,0.0,0.0
2025-09-18,67.44000244140625,68.41000366210938,67.19000244140625,67.88999938964844,29610,0.053952001953125,0.0,0.0
2025-09-19,66.68000030517578,67.55999755859375,66.43000030517578,67.45999908447266,24400,0.05334400024414063,0.0,0.0
2025-09-22,66.56999969482422,67.30000305175781,65.94000244140625,66.66999816894531,23634,0.05325599975585938,0.0,0.0
2025-09-23,67.62999725341797,68.08000183105469,66.12000274658203,66.58999633789062,27893,0.05410399780273438,0.0,0.0
2025-09-24,69.30999755859375,69.36000061035156,67.5199966430664,67.86000061035156,28459,0.055447998046875,0.0,0.0
2025-09-25,69.41999816894531,69.66999816894531,68.44000244140625,69.08999633789062,21388,0.055535998535156256,0.0,0.0
2025-09-26,70.12999725341797,70.7699966430664,69.11000061035156,69.69999694824219,11917,0.056103997802734375,0.0,0.0
2025-09-29,67.97000122070312,69.93000030517578,67.55000305175781,69.47000122070312,8229,0.054376000976562505,0.0,0.0
2025-09-30,67.0199966430664,67.58999633789062,66.91000366210938,67.58999633789062,46335,0.05361599731445313,0.0,0.0
2025-10-01,65.3499984741211,66.56999969482422,65.04000091552734,66.08999633789062,44601,0.05227999877929688,0.0,0.0
2025-10-02,64.11000061035156,66.12000274658203,64.0,65.4000015258789,52074,0.05128800048828125,0.0,0.0
2025-10-03,64.52999877929688,65.0,64.20999908447266,64.30000305175781,38970,0.051623999023437506,0.0,0.0
2025-10-06,65.47000122070312,65.7699966430664,64.76000213623047,64.81999969482422,38055,0.0523760009765625,0.0,0.0
2025-10-07,65.44999694824219,65.83000183105469,64.5199966430664,65.54000091552734,36191,0.05235999755859375,0.0,0.0
2025-10-08,66.25,66.52999877929688,65.77999877929688,65.80999755859375,38630,0.053000000000000005,0.0,0.0
2025-10-09,65.22000122070312,66.55999755859375,64.95999908447266,66.08999633789062,40845,0.052176000976562505,0.0,0.0
2025-10-10,62.72999954223633,65.3499984741211,62.130001068115234,65.16999816894531,54929,0.05018399963378906,0.0,0.0
2025-10-13,63.31999969482422,63.95000076293945,62.66999816894531,62.66999816894531,35368,0.050655999755859375,0.0,0.0
2025-10-14,62.38999938964844,63.619998931884766,61.5,63.43999862670898,44016,0.04991199951171875,0.0,0.0
2025-10-15,61.90999984741211,63.02000045776367,61.790000915527344,62.27999877929688,40209,0.04952799987792969,0.0,0.0
2025-10-16,61.060001373291016,62.75,60.84000015258789,62.43999862670898,46229,0.04884800109863281,0.0,0.0
2025-10-17,61.290000915527344,61.45000076293945,60.150001525878906,61.11000061035156,50372,0.04903200073242188,0.0,0.0
2025-10-20,61.0099983215332,61.54999923706055,60.06999969482422,61.43000030517578,33883,0.04880799865722656,0.0,0.0
2025-10-21,61.31999969482422,62.09000015258789,60.34000015258789,60.90999984741211,45150,0.04905599975585938,0.0,0.0
2025-10-22,62.59000015258789,63.91999816894531,61.400001525878906,61.619998931884766,46114,0.05007200012207032,0.0,0.0
2025-10-23,65.98999786376953,66.33999633789062,63.84999847412109,64.25,87705,0.05279199829101563,0.0,0.0
2025-10-24,65.94000244140625,66.7699966430664,65.44000244140625,65.87000274658203,38354,0.052752001953125,0.0,0.0
2025-10-27,65.62000274658203,66.5999984741211,65.08000183105469,66.26000213623047,32237,0.05249600219726563,0.0,0.0
2025-10-28,64.4000015258789,65.79000091552734,64.0,65.79000091552734,33807,0.051520001220703125,0.0,0.0
2025-10-29,64.91999816894531,65.37999725341797,63.93000030517578,64.48999786376953,16478,0.05193599853515625,0.0,0.0
2025-10-30,65.0,65.16000366210938,64.05999755859375,64.8499984741211,10024,0.052000000000000005,0.0,0.0
2025-10-31,65.06999969482422,65.5,64.5199966430664,64.75,44972,0.05205599975585938,0.0,0.0
2025-11-03,64.88999938964844,65.30999755859375,64.33000183105469,65.06999969482422,0,0.05191199951171875,0.0,0.0
2025-11-04,64.44000244140625,64.83999633789062,63.83000183105469,64.81999969482422,36655,0.051552001953125,0.0,0.0
2025-11-05,63.52000045776367,64.94000244140625,63.43000030517578,64.26000213623047,42320,0.05081600036621094,0.0,0.0
2025-11-06,63.380001068115234,64.33000183105469,62.83000183105469,63.58000183105469,43138,0.05070400085449219,0.0,0.0
2025-11-07,63.630001068115234,64.37999725341797,63.2400016784668,63.63999938964844,36620,0.05090400085449219,0.0,0.0
2025-11-10,64.05999755859375,64.30999755859375,63.33000183105469,63.68999862670898,30891,0.051247998046875,0.0,0.0
2025-11-11,65.16000366210938,65.29000091552734,63.61000061035156,63.970001220703125,41959,0.0521280029296875,0.0,0.0
2025-11-12,62.709999084472656,65.20999908447266,62.560001373291016,65.20999908447266,42279,0.050167999267578124,0.0,0.0
2025-11-13,63.0099983215332,63.43999862670898,62.34000015258789,62.66999816894531,36603,0.05040799865722657,0.0,0.0
2025-11-14,64.38999938964844,64.8499984741211,63.04999923706055,63.04999923706055,58912,0.05151199951171875,0.0,0.0
2025-11-17,64.19999694824219,64.72000122070312,63.65999984741211,64.0199966430664,33667,0.05135999755859375,0.0,0.0
2025-11-18,64.88999938964844,65.08000183105469,63.61000061035156,64.0,36791,0.05191199951171875,0.0,0.0
2025-11-19,63.5099983215332,64.86000061035156,62.869998931884766,64.7300033569336,38776,0.050807998657226565,0.0,0.0
2025-11-20,63.380001068115234,64.38999938964844,62.95000076293945,63.59000015258789,42345,0.05070400085449219,0.0,0.0
2025-11-21,62.560001373291016,63.13999938964844,61.869998931884766,63.130001068115234,43029,0.05004800109863281,0.0,0.0
2025-11-24,63.369998931884766,63.52999877929688,61.93000030517578,62.560001373291016,30888,0.05069599914550781,0.0,0.0
2025-11-25,62.47999954223633,63.40999984741211,61.61000061035156,63.40999984741211,26580,0.049983999633789064,0.0,0.0
2025-11-26,63.130001068115234,63.20000076293945,62.119998931884766,62.59999847412109,21288,0.05050400085449219,0.0,0.0
2025-11-28,63.20000076293945,63.459999084472656,62.810001373291016,63.0099983215332,31795,0.05056000061035156,0.0,0.0
2025-12-01,63.16999816894531,63.810001373291016,62.68999862670898,62.68999862670898,31203,0.05053599853515625,0.0,0.0
2025-12-02,62.45000076293945,63.43000030517578,62.16999816894531,63.29999923706055,39539,0.049960000610351565,0.0,0.0
2025-12-03,62.66999816894531,63.34999847412109,62.16999816894531,62.43000030517578,40622,0.050135998535156254,0.0,0.0
2025-12-04,63.2599983215332,63.61000061035156,62.52999877929688,62.7599983215332,32164,0.050607998657226566,0.0,0.0
2025-12-05,63.75,64.08000183105469,63.06999969482422,63.29999923706055,26349,0.051000000000000004,0.0,0.0
2025-12-08,62.4900016784668,63.959999084472656,62.34999847412109,63.900001525878906,38815,0.04999200134277344,0.0,0.0
2025-12-09,61.93999862670898,62.77999877929688,61.83000183105469,62.5,32575,0.04955199890136718,0.0,0.0
2025-12-10,62.209999084472656,62.72999954223633,61.34999847412109,62.13999938964844,45191,0.04976799926757813,0.0,0.0
2025-12-11,61.27999877929688,62.619998931884766,60.75,62.619998931884766,48635,0.04902399902343751,0.0,0.0
2025-12-12,61.119998931884766,61.84999847412109,60.810001373291016,61.59999847412109,42931,0.04889599914550782,0.0,0.0
2025-12-15,60.560001373291016,61.5,60.130001068115234,61.15999984741211,42976,0.048448001098632815,0.0,0.0
2025-12-16,58.91999816894531,60.40999984741211,58.720001220703125,60.33000183105469,48212,0.04713599853515625,0.0,0.0
2025-12-17,59.68000030517578,60.65999984741211,58.90999984741211,58.93999862670898,50078,0.047744000244140626,0.0,0.0
2025-12-18,59.81999969482422,60.720001220703125,59.54999923706055,60.63999938964844,31064,0.04785599975585938,0.0,0.0
2025-12-19,60.470001220703125,60.63999938964844,59.40999984741211,59.77000045776367,36104,0.0483760009765625,0.0,0.0
2025-12-22,62.06999969482422,62.15999984741211,60.560001373291016,60.56999969482422,35138,0.049655999755859374,0.0,0.0
2025-12-23,62.380001068115234,62.54999923706055,61.72999954223633,61.9900016784668,26231,0.04990400085449219,0.0,0.0
2025-12-24,62.2400016784668,62.720001220703125,62.02000045776367,62.43000030517578,14966,0.04979200134277344,0.0,0.0
2025-12-26,60.63999938964844,62.68999862670898,60.59000015258789,62.34999847412109,9687,0.04851199951171875,0.0,0.0
2025-12-29,61.93999862670898,62.150001525878906,60.95000076293945,61.040000915527344,9170,0.04955199890136718,0.0,0.0
2025-12-30,61.91999816894531,62.33000183105469,61.5099983215332,61.70000076293945,30567,0.04953599853515625,0.0,0.0
2025-12-31,60.84999847412109,61.90999984741211,60.619998931884766,61.27000045776367,30919,0.04867999877929687,0.0,0.0
2026-01-02,60.75,61.36000061035156,60.0,60.91999816894531,33381,0.048600000000000004,0.0,0.0
2026-01-05,61.7599983215332,61.880001068115234,59.7599983215332,60.88999938964844,45681,0.049407998657226566,0.0,0.0
2026-01-06,60.70000076293945,62.31999969482422,60.400001525878906,61.790000915527344,48263,0.04856000061035157,0.0,0.0
2026-01-07,59.959999084472656,60.90999984741211,59.45000076293945,60.61000061035156,71788,0.04796799926757813,0.0,0.0
2026-01-08,61.9900016784668,63.0099983215332,59.95000076293945,60.34999847412109,64136,0.04959200134277344,0.0,0.0
2026-01-09,63.34000015258789,63.90999984741211,61.84000015258789,62.66999816894531,56568,0.050672000122070314,0.0,0.0
2026-01-12,63.869998931884766,64.27999877929688,62.7599983215332,63.40999984741211,56900,0.05109599914550782,0.0,0.0
2026-01-13,65.47000122070312,65.91000366210938,63.84999847412109,64.16999816894531,80180,0.0523760009765625,0.0,0.0
2026-01-14,66.5199966430664,66.80999755859375,63.470001220703125,65.44000244140625,96568,0.053215997314453124,0.0,0.0
2026-01-15,63.7599983215332,65.69000244140625,63.27999877929688,65.69000244140625,54944,0.051007998657226564,0.0,0.0
2026-01-16,64.12999725341797,64.7699966430664,63.45000076293945,63.79999923706055,35235,0.051303997802734376,0.0,0.0
2026-01-20,64.91999816894531,65.12000274658203,63.2599983215332,63.560001373291016,78657,0.05193599853515625,0.0,0.0
2026-01-21,65.23999786376953,65.41000366210938,63.630001068115234,64.01000213623047,52906,0.052191998291015625,0.0,0.0
2026-01-22,64.05999755859375,65.37000274658203,63.560001373291016,65.13999938964844,49453,0.051247998046875,0.0,0.0
2026-01-23,65.87999725341797,66.20999908447266,64.23999786376953,64.27999877929688,34015,0.052703997802734374,0.0,0.0
2026-01-26,65.58999633789062,66.51000213623047,65.27999877929688,66.06999969482422,25795,0.052471997070312505,0.0,0.0
2026-01-27,67.56999969482422,67.77999877929688,65.0,65.7300033569336,34327,0.054055999755859375,0.0,0.0
2026-01-28,68.4000015258789,68.69999694824219,67.12999725341797,67.7699966430664,23555,0.05472000122070313,0.0,0.0
2026-01-29,70.70999908447266,71.87999725341797,68.61000061035156,68.66999816894531,26980,0.05656799926757813,0.0,0.0
2026-01-30,70.69000244140625,70.91999816894531,69.11000061035156,70.16000366210938,85305,0.056552001953125,0.0,0.0
2026-02-02,66.30000305175781,68.80999755859375,65.45999908447266,68.72000122070312,80104,0.053040002441406255,0.0,0.0
2026-02-03,67.33000183105469,68.2699966430664,65.19000244140625,66.30000305175781,83736,0.053864001464843755,0.0,0.0
2026-02-04,69.45999908447266,69.75,66.98999786376953,67.94000244140625,98236,0.055567999267578126,0.0,0.0
2026-02-05,67.55000305175781,68.94000244140625,66.91999816894531,68.83000183105469,65248,0.054040002441406255,0.0,0.0
2026-02-06,68.05000305175781,68.81999969482422,66.58000183105469,67.41000366210938,79538,0.05444000244140625,0.0,0.0
2026-02-09,69.04000091552734,69.44000244140625,67.02999877929688,67.51000213623047,51346,0.055232000732421876,0.0,0.0
2026-02-10,68.80000305175781,69.5,68.48999786376953,69.1500015258789,45779,0.05504000244140625,0.0,0.0
2026-02-11,69.4000015258789,70.72000122070312,69.01000213623047,69.11000061035156,49482,0.05552000122070313,0.0,0.0
2026-02-12,67.5199966430664,69.83999633789062,67.08999633789062,69.63999938964844,48058,0.054015997314453126,0.0,0.0
2026-02-13,67.75,68.05000305175781,66.88999938964844,67.58999633789062,42167,0.054200000000000005,0.0,0.0
2026-02-17,67.41999816894531,69.02999877929688,66.83000183105469,68.05999755859375,74745,0.05393599853515625,0.0,0.0
2026-02-18,70.3499984741211,70.68000030517578,67.33999633789062,67.51000213623047,56115,0.056279998779296875,0.0,0.0
2026-02-19,71.66000366210938,72.12999725341797,70.05000305175781,70.05000305175781,73081,0.057328002929687503,0.0,0.0
2026-02-20,71.76000213623047,72.31999969482422,71.08000183105469,71.73999786376953,40579,0.05740800170898438,0.0,0.0
2026-02-23,71.48999786376953,72.4800033569336,70.73999786376953,71.23999786376953,28933,0.05719199829101563,0.0,0.0
2026-02-24,70.7699966430664,72.23999786376953,70.70999908447266,71.47000122070312,37988,0.056615997314453125,0.0,0.0
2026-02-25,70.8499984741211,71.76000213623047,70.44999694824219,71.22000122070312,18491,0.05667999877929688,0.0,0.0
2026-02-26,70.75,72.58999633789062,69.31999969482422,71.11000061035156,17725,0.056600000000000004,0.0,0.0
2026-02-27,72.4800033569336,72.98999786376953,70.44000244140625,70.5,79435,0.057984002685546876,0.0,0.0
2026-03-02,77.73999786376953,82.11000061035156,75.79000091552734,77.0,143671,0.06219199829101563,0.0,0.0
2026-03-03,81.4000015258789,85.05000305175781,77.37000274658203,78.05000305175781,229556,0.06512000122070313,0.0,0.0
2026-03-04,81.4000015258789,84.44999694824219,80.30000305175781,81.9000015258789,152390,0.06512000122070313,0.0,0.0
2026-03-05,85.41000366210938,86.27999877929688,81.5199966430664,82.43000030517578,146018,0.0683280029296875,0.0,0.0
2026-03-06,92.69000244140624,94.5500030517578,83.16999816894531,84.83999633789062,197523,0.07415200195312499,0.0,0.0
2026-03-09,98.95999908447266,119.4000015258789,83.87999725341797,98.36000061035156,235965,0.07916799926757813,0.0,0.0
2026-03-10,87.80000305175781,95.08000183105467,81.16000366210938,92.4499969482422,144614,0.07024000244140625,0.0,0.0
2026-03-11,91.9800033569336,93.25,86.31999969482422,91.3000030517578,101940,0.07358400268554688,0.0,0.0
2026-03-12,100.45999908447266,101.8000030517578,93.6999969482422,93.73999786376952,92219,0.08036799926757814,0.0,0.0
2026-03-13,103.13999938964844,103.9000015258789,97.5500030517578,101.66000366210938,71698,0.08251199951171875,0.0,0.0
2026-03-16,100.20999908447266,106.51000213623048,99.55999755859376,105.51000213623048,77839,0.08016799926757813,0.0,0.0
2026-03-17,103.41999816894533,104.9800033569336,100.76000213623048,101.37000274658205,65199,0.08273599853515627,0.0,0.0
2026-03-18,107.37999725341795,111.86000061035156,100.33999633789062,103.4499969482422,73104,0.08590399780273436,0.0,0.0
2026-03-19,108.6500015258789,119.12000274658205,103.75,109.66000366210938,87485,0.08692000122070313,0.0,0.0
2026-03-20,112.19000244140624,113.11000061035156,105.0999984741211,107.66999816894533,57217,0.089752001953125,0.0,0.0
2026-03-23,99.94000244140624,115.0999984741211,96.25,114.9000015258789,113332,0.07995200195312499,0.0,0.0
2026-03-24,104.48999786376952,105.04000091552734,98.08999633789062,100.5,68614,0.08359199829101562,0.0,0.0
2026-03-25,102.22000122070312,103.4000015258789,97.1500015258789,99.98999786376952,53714,0.0817760009765625,0.0,0.0
2026-03-26,108.01000213623048,109.05999755859376,102.77999877929688,103.08000183105467,28970,0.0864080017089844,0.0,0.0
2026-03-27,112.56999969482422,114.80999755859376,105.25,106.22000122070312,18402,0.09005599975585937,0.0,0.0
2026-03-30,112.77999877929688,116.87000274658205,111.5,116.13999938964844,15053,0.0902239990234375,0.0,0.0
2026-03-31,118.3499984741211,119.2699966430664,111.0,114.7300033569336,69949,0.09467999877929688,0.0,0.0
2026-04-01,101.16000366210938,105.9000015258789,98.45999908447266,103.9000015258789,61629,0.0809280029296875,0.0,0.0
2026-04-02,109.02999877929688,109.70999908447266,99.0199966430664,100.3000030517578,0,0.0872239990234375,0.0,0.0
2026-04-06,109.7699966430664,111.87000274658205,106.8499984741211,109.1999969482422,27863,0.08781599731445312,0.0,0.0
2026-04-07,109.2699966430664,111.8000030517578,104.56999969482422,109.58999633789062,65194,0.08741599731445313,0.0,0.0
2026-04-08,94.75,104.0,90.01000213623047,103.4000015258789,82140,0.0758,0.0,0.0
2026-04-09,95.91999816894533,99.5199966430664,94.33999633789062,96.52999877929688,54501,0.07673599853515627,0.0,0.0
2026-04-10,95.1999969482422,98.25,94.23999786376952,96.37999725341795,35012,0.07615999755859376,0.0,0.0
2026-04-13,99.36000061035156,103.86000061035156,97.63999938964844,99.70999908447266,50559,0.07948800048828125,0.0,0.0
2026-04-14,94.79000091552734,99.41000366210938,94.43000030517578,98.41999816894533,40991,0.07583200073242188,0.0,0.0
2026-04-15,94.93000030517578,96.88999938964844,91.0,95.5199966430664,41928,0.07594400024414062,0.0,0.0
2026-04-16,99.38999938964844,99.83999633789062,94.41999816894533,94.91000366210938,36540,0.07951199951171875,0.0,0.0
2026-04-17,90.37999725341795,98.97000122070312,86.08000183105469,98.25,85233,0.07230399780273437,0.0,0.0
2026-04-20,95.4800033569336,97.80999755859376,92.7699966430664,96.20999908447266,46389,0.07638400268554688,0.0,0.0
2026-04-21,98.4800033569336,101.1500015258789,93.87000274658205,93.98999786376952,50039,0.07878400268554688,0.0,0.0
2026-04-22,101.91000366210938,102.30999755859376,96.54000091552734,98.9000015258789,39837,0.08152800292968751,0.0,0.0
2026-04-23,105.06999969482422,107.36000061035156,101.27999877929688,101.58000183105467,54489,0.08405599975585938,0.0,0.0
2026-04-24,105.33000183105467,107.45999908447266,103.4000015258789,106.27999877929688,52646,0.08426400146484374,0.0,0.0
2026-04-27,108.2300033569336,109.79000091552734,105.8499984741211,106.5,29439,0.08658400268554688,0.0,0.0
2026-04-28,111.26000213623048,112.69000244140624,107.91999816894533,108.3000030517578,23451,0.08900800170898439,0.0,0.0
2026-04-29,118.02999877929688,120.3000030517578,110.20999908447266,111.01000213623048,18031,0.09442399902343751,0.0,0.0
2026-04-30,114.01000213623048,126.0999984741211,113.0,119.9800033569336,58572,0.0912080017089844,0.0,0.0
2026-05-01,108.16999816894533,112.43000030517578,106.2699966430664,111.01000213623048,40576,0.08653599853515627,0.0,0.0
2026-05-04,114.44000244140624,115.25,105.66000366210938,107.12999725341795,67567,0.09155200195312499,0.0,0.0
2026-05-05,109.87000274658205,114.4499969482422,109.5999984741211,113.81999969482422,39713,0.08789600219726564,0.0,0.0
2026-05-06,101.2699966430664,110.4499969482422,96.7300033569336,110.4499969482422,61814,0.08101599731445312,0.0,0.0
2026-05-07,100.05999755859376,103.41000366210938,96.06999969482422,101.52999877929688,62847,0.08004799804687501,0.0,0.0
2026-05-08,101.29000091552734,103.95999908447266,99.54000091552734,103.55999755859376,34316,0.08103200073242188,0.0,0.0
2026-05-11,104.20999908447266,106.0,102.81999969482422,104.0,35359,0.08336799926757812,0.0,0.0
2026-05-12,107.7699966430664,108.41999816894533,104.11000061035156,104.5,30738,0.08621599731445313,0.0,0.0
2026-05-13,105.62999725341795,108.30999755859376,105.30999755859376,107.73999786376952,27718,0.08450399780273436,0.0,0.0
2026-05-14,105.72000122070312,107.08000183105467,103.86000061035156,105.63999938964844,27529,0.08457600097656251,0.0,0.0
2026-05-15,109.26000213623048,109.7300033569336,106.0500030517578,106.56999969482422,26518,0.08740800170898438,0.0,0.0
2026-05-18,112.0999984741211,112.69000244140624,106.87000274658205,109.61000061035156,46404,0.08967999877929687,0.0,0.0
2026-05-19,111.27999877929688,111.79000091552734,108.9000015258789,109.5500030517578,29390,0.08902399902343751,0.0,0.0
2026-05-20,105.0199966430664,111.5,103.27999877929688,111.20999908447266,53332,0.08401599731445313,0.0,0.0
2026-05-21,102.58000183105467,109.30999755859376,102.16000366210938,105.20999908447266,51232,0.08206400146484374,0.0,0.0
2026-05-22,103.54000091552734,106.3499984741211,101.37999725341795,104.5199966430664,35039,0.08283200073242188,0.0,0.0
2026-05-26,99.58000183105467,100.75,95.93000030517578,100.5500030517578,37926,0.07966400146484375,0.0,0.0
2026-05-27,94.29000091552734,99.86000061035156,94.1500015258789,99.4000015258789,20553,0.07543200073242187,0.0,0.0
2026-05-28,93.70999908447266,98.16000366210938,92.55999755859376,94.97000122070312,9881,0.07496799926757813,0.0,0.0
2026-05-29,92.0500030517578,94.01000213623048,91.45999908447266,93.37000274658205,39308,0.07364000244140624,0.0,0.0
2026-06-01,94.9800033569336,97.8000030517578,92.37000274658205,92.41000366210938,57796,0.07598400268554688,0.0,0.0
2026-06-02,96.0,96.26000213623048,92.81999969482422,95.4000015258789,57796,0.07680000000000001,0.0,0.0
2026-06-03,97.68000030517578,99.0,96.04000091552734,96.06999969482422,23102,0.07814400024414063,0.0,0.0
