Date,Close,High,Low,Open,Volume,Spread,SwapLong,SwapShort
2016-06-03,2.3980000019073486,2.4539999961853027,2.38700008392334,2.4040000438690186,135938,0.003597000002861023,0.0,0.0
2016-06-06,2.4660000801086426,2.4800000190734863,2.3989999294281006,2.438999891281128,150658,0.003699000120162964,0.0,0.0
2016-06-07,2.4739999771118164,2.490999937057495,2.407999992370605,2.444000005722046,169660,0.0037109999656677246,0.0,0.0
2016-06-08,2.4679999351501465,2.500999927520752,2.453000068664551,2.4809999465942383,163427,0.0037019999027252198,0.0,0.0
2016-06-09,2.617000102996826,2.630000114440918,2.450999975204468,2.4649999141693115,280217,0.00392550015449524,0.0,0.0
2016-06-10,2.555999994277954,2.608999967575073,2.5510001182556152,2.5929999351501465,165068,0.003833999991416931,0.0,0.0
2016-06-13,2.5850000381469727,2.634999990463257,2.569999933242798,2.595000028610229,163311,0.003877500057220459,0.0,0.0
2016-06-14,2.6040000915527344,2.621000051498413,2.5350000858306885,2.575999975204468,158697,0.003906000137329102,0.0,0.0
2016-06-15,2.595000028610229,2.634000062942505,2.5859999656677246,2.6070001125335693,107729,0.0038925000429153437,0.0,0.0
2016-06-16,2.5799999237060547,2.638999938964844,2.552999973297119,2.5920000076293945,149526,0.003869999885559082,0.0,0.0
2016-06-17,2.622999906539917,2.6559998989105225,2.553999900817871,2.5840001106262207,127814,0.003934499859809875,0.0,0.0
2016-06-20,2.746999979019165,2.759000062942505,2.650000095367432,2.6519999504089355,158498,0.004120499968528747,0.0,0.0
2016-06-21,2.7679998874664307,2.7860000133514404,2.7100000381469727,2.743000030517578,124578,0.004151999831199646,0.0,0.0
2016-06-22,2.677000045776367,2.775000095367432,2.657000064849853,2.765000104904175,142665,0.004015500068664551,0.0,0.0
2016-06-23,2.697999954223633,2.720000028610229,2.614000082015991,2.6700000762939453,141679,0.00404699993133545,0.0,0.0
2016-06-24,2.6619999408721924,2.703000068664551,2.625,2.703000068664551,46173,0.003992999911308289,0.0,0.0
2016-06-27,2.7160000801086426,2.736000061035156,2.63100004196167,2.635999917984009,45353,0.004074000120162964,0.0,0.0
2016-06-28,2.9170000553131104,2.934000015258789,2.720999956130981,2.7260000705718994,176680,0.004375500082969666,0.0,0.0
2016-06-29,2.86299991607666,2.9739999771118164,2.844000101089477,2.878999948501587,147245,0.004294499874114991,0.0,0.0
2016-06-30,2.924000024795532,2.944999933242798,2.8510000705718994,2.86299991607666,160700,0.004386000037193298,0.0,0.0
2016-07-01,2.986999988555908,2.997999906539917,2.8910000324249268,2.930999994277954,114642,0.004480499982833863,0.0,0.0
2016-07-05,2.763999938964844,2.944999933242798,2.752000093460083,2.914999961853028,176555,0.004145999908447266,0.0,0.0
2016-07-06,2.7860000133514404,2.802000045776367,2.697000026702881,2.7679998874664307,135881,0.004179000020027161,0.0,0.0
2016-07-07,2.7769999504089355,2.8410000801086426,2.7249999046325684,2.802999973297119,138168,0.004165499925613403,0.0,0.0
2016-07-08,2.8010001182556152,2.825000047683716,2.747999906539917,2.757999897003174,98786,0.0042015001773834226,0.0,0.0
2016-07-11,2.70199990272522,2.871000051498413,2.696000099182129,2.819000005722046,151030,0.004052999854087831,0.0,0.0
2016-07-12,2.733999967575073,2.750999927520752,2.687000036239624,2.7170000076293945,143029,0.0041009999513626095,0.0,0.0
2016-07-13,2.736999988555908,2.799000024795532,2.70199990272522,2.73799991607666,131498,0.004105499982833862,0.0,0.0
2016-07-14,2.726999998092652,2.7690000534057617,2.7090001106262207,2.750999927520752,126994,0.004090499997138978,0.0,0.0
2016-07-15,2.75600004196167,2.7780001163482666,2.6689999103546143,2.7300000190734863,122444,0.004134000062942505,0.0,0.0
2016-07-18,2.7219998836517334,2.799000024795532,2.7079999446868896,2.775000095367432,89832,0.0040829998254776,0.0,0.0
2016-07-19,2.7279999256134038,2.7869999408721924,2.71399998664856,2.7330000400543213,105285,0.0040919998884201055,0.0,0.0
2016-07-20,2.657999992370605,2.7300000190734863,2.6480000019073486,2.7219998836517334,125798,0.003986999988555908,0.0,0.0
2016-07-21,2.691999912261963,2.7100000381469727,2.625,2.664999961853028,120585,0.004037999868392945,0.0,0.0
2016-07-22,2.7769999504089355,2.7950000762939453,2.6600000858306885,2.687999963760376,95596,0.004165499925613403,0.0,0.0
2016-07-25,2.746999979019165,2.818000078201294,2.7279999256134038,2.7790000438690186,46357,0.004120499968528747,0.0,0.0
2016-07-26,2.711999893188477,2.7720000743865967,2.681999921798706,2.7330000400543213,54031,0.004067999839782716,0.0,0.0
2016-07-27,2.671999931335449,2.75,2.6540000438690186,2.690999984741211,125801,0.004007999897003174,0.0,0.0
2016-07-28,2.872999906539917,2.8929998874664307,2.651000022888184,2.6730000972747803,249336,0.004309499859809876,0.0,0.0
2016-07-29,2.875999927520752,2.9110000133514404,2.836999893188477,2.8570001125335693,116827,0.004313999891281128,0.0,0.0
2016-08-01,2.7709999084472656,2.875999927520752,2.7679998874664307,2.8399999141693115,128411,0.004156499862670898,0.0,0.0
2016-08-02,2.7330000400543213,2.799000024795532,2.7279999256134038,2.7739999294281006,107781,0.004099500060081482,0.0,0.0
2016-08-03,2.83899998664856,2.865999937057495,2.7219998836517334,2.733999967575073,155704,0.0042584999799728405,0.0,0.0
2016-08-04,2.8340001106262207,2.884999990463257,2.809999942779541,2.8420000076293945,148296,0.004251000165939331,0.0,0.0
2016-08-05,2.7720000743865967,2.8320000171661377,2.75600004196167,2.8289999961853027,145174,0.004158000111579895,0.0,0.0
2016-08-08,2.747999906539917,2.760999917984009,2.7049999237060547,2.749000072479248,175884,0.0041219998598098755,0.0,0.0
2016-08-09,2.615000009536743,2.74399995803833,2.6050000190734863,2.73799991607666,221206,0.003922500014305115,0.0,0.0
2016-08-10,2.561000108718872,2.650000095367432,2.5510001182556152,2.61899995803833,187743,0.003841500163078308,0.0,0.0
2016-08-11,2.5510001182556152,2.6050000190734863,2.5290000438690186,2.569999933242798,181826,0.003826500177383423,0.0,0.0
2016-08-12,2.5859999656677246,2.625,2.5230000019073486,2.5350000858306885,134470,0.003878999948501587,0.0,0.0
2016-08-15,2.5899999141693115,2.635999917984009,2.561000108718872,2.565000057220459,102325,0.0038849998712539675,0.0,0.0
2016-08-16,2.617000102996826,2.630000114440918,2.5799999237060547,2.5910000801086426,98534,0.00392550015449524,0.0,0.0
2016-08-17,2.61899995803833,2.6480000019073486,2.5850000381469727,2.627000093460083,122020,0.003928499937057495,0.0,0.0
2016-08-18,2.674000024795532,2.697000026702881,2.601999998092652,2.615000009536743,146982,0.004011000037193298,0.0,0.0
2016-08-19,2.5840001106262207,2.6700000762939453,2.569000005722046,2.6600000858306885,122687,0.003876000165939331,0.0,0.0
2016-08-22,2.678999900817871,2.696000099182129,2.595999956130981,2.595999956130981,143253,0.004018499851226807,0.0,0.0
2016-08-23,2.760999917984009,2.765000104904175,2.6519999504089355,2.6710000038146973,131600,0.004141499876976013,0.0,0.0
2016-08-24,2.7960000038146973,2.819000005722046,2.749000072479248,2.760999917984009,108008,0.004194000005722046,0.0,0.0
2016-08-25,2.845999956130981,2.86299991607666,2.749000072479248,2.789999961853028,68929,0.004268999934196472,0.0,0.0
2016-08-26,2.871000051498413,2.907000064849853,2.796999931335449,2.8399999141693115,49829,0.004306500077247619,0.0,0.0
2016-08-29,2.8529999256134038,2.8959999084472656,2.8310000896453857,2.8469998836517334,119653,0.004279499888420106,0.0,0.0
2016-08-30,2.82699990272522,2.943000078201294,2.815000057220459,2.8929998874664307,133443,0.00424049985408783,0.0,0.0
2016-08-31,2.88700008392334,2.900000095367432,2.808000087738037,2.8340001106262207,140178,0.00433050012588501,0.0,0.0
2016-09-01,2.7920000553131104,2.890000104904175,2.7850000858306885,2.878999948501587,157509,0.004188000082969666,0.0,0.0
2016-09-02,2.7920000553131104,2.825000047683716,2.7699999809265137,2.805000066757202,88815,0.004188000082969666,0.0,0.0
2016-09-06,2.7170000076293945,2.7699999809265137,2.7079999446868896,2.763999938964844,126923,0.0040755000114440915,0.0,0.0
2016-09-07,2.6760001182556152,2.743000030517578,2.664999961853028,2.7249999046325684,139254,0.004014000177383423,0.0,0.0
2016-09-08,2.805999994277954,2.821000099182129,2.678999900817871,2.680999994277954,212586,0.004208999991416931,0.0,0.0
2016-09-09,2.796999931335449,2.844000101089477,2.782999992370605,2.809999942779541,149669,0.004195499897003174,0.0,0.0
2016-09-12,2.914999961853028,2.924000024795532,2.819999933242798,2.819999933242798,189734,0.004372499942779542,0.0,0.0
2016-09-13,2.9089999198913574,2.941999912261963,2.88700008392334,2.9019999504089355,140057,0.004363499879837036,0.0,0.0
2016-09-14,2.888999938964844,2.9779999256134038,2.851999998092652,2.8989999294281006,175313,0.004333499908447266,0.0,0.0
2016-09-15,2.927000045776367,2.944000005722046,2.8340001106262207,2.8949999809265137,152767,0.004390500068664551,0.0,0.0
2016-09-16,2.947999954223633,2.963000059127808,2.865999937057495,2.9179999828338623,123997,0.004421999931335449,0.0,0.0
2016-09-19,2.934000015258789,2.9579999446868896,2.890000104904175,2.9560000896453857,106540,0.004401000022888184,0.0,0.0
2016-09-20,3.046999931335449,3.072000026702881,2.934999942779541,2.936000108718872,172079,0.0045704998970031736,0.0,0.0
2016-09-21,3.056999921798706,3.0980000495910645,3.0290000438690186,3.078000068664551,129474,0.0045854998826980594,0.0,0.0
2016-09-22,2.990000009536743,3.0910000801086426,2.9809999465942383,3.0739998817443848,132427,0.004485000014305115,0.0,0.0
2016-09-23,2.9549999237060547,3.0209999084472656,2.933000087738037,2.994999885559082,93791,0.004432499885559082,0.0,0.0
2016-09-26,2.996999979019165,3.0179998874664307,2.943000078201294,2.9489998817443848,44209,0.004495499968528748,0.0,0.0
2016-09-27,2.996000051498413,3.0230000019073486,2.976999998092652,3.010999917984009,45160,0.0044940000772476195,0.0,0.0
2016-09-28,2.95199990272522,2.99399995803833,2.9049999713897705,2.99399995803833,137838,0.00442799985408783,0.0,0.0
2016-09-29,2.9590001106262207,3.032000064849853,2.9560000896453857,3.009999990463257,131811,0.0044385001659393315,0.0,0.0
2016-09-30,2.9059998989105225,2.976999998092652,2.8919999599456787,2.9660000801086426,168142,0.0043589998483657836,0.0,0.0
2016-10-03,2.9230000972747803,2.937000036239624,2.865999937057495,2.9049999713897705,126404,0.004384500145912171,0.0,0.0
2016-10-04,2.96399998664856,2.990000009536743,2.878000020980835,2.907000064849853,145549,0.00444599997997284,0.0,0.0
2016-10-05,3.0409998893737797,3.058000087738037,2.921999931335449,2.9730000495910645,171022,0.00456149983406067,0.0,0.0
2016-10-06,3.049000024795532,3.071000099182129,2.9719998836517334,3.0299999713897705,202362,0.004573500037193297,0.0,0.0
2016-10-07,3.193000078201294,3.2179999351501465,3.015000104904175,3.032999992370605,283581,0.004789500117301941,0.0,0.0
2016-10-11,3.236999988555908,3.299999952316284,3.2090001106262207,3.2720000743865967,187557,0.004855499982833862,0.0,0.0
2016-10-12,3.2100000381469727,3.259999990463257,3.184000015258789,3.2230000495910645,171806,0.004815000057220459,0.0,0.0
2016-10-13,3.3410000801086426,3.365999937057495,3.1640000343322754,3.2109999656677246,267945,0.005011500120162964,0.0,0.0
2016-10-14,3.2850000858306885,3.361999988555908,3.263999938964844,3.345000028610229,166446,0.0049275001287460325,0.0,0.0
2016-10-17,3.24399995803833,3.2709999084472656,3.2109999656677246,3.259999990463257,128893,0.004865999937057495,0.0,0.0
2016-10-18,3.263000011444092,3.316999912261963,3.247999906539917,3.252000093460083,116938,0.004894500017166138,0.0,0.0
2016-10-19,3.1700000762939453,3.260999917984009,3.1440000534057617,3.259999990463257,156842,0.004755000114440918,0.0,0.0
2016-10-20,3.1410000324249268,3.200999975204468,3.1010000705718994,3.1730000972747803,161637,0.0047115000486373905,0.0,0.0
2016-10-21,2.993000030517578,3.121000051498413,2.9549999237060547,3.119999885559082,170372,0.0044895000457763675,0.0,0.0
2016-10-24,2.8310000896453857,3.0439999103546143,2.82699990272522,3.006999969482422,162042,0.0042465001344680784,0.0,0.0
2016-10-25,2.7739999294281006,2.878999948501587,2.755000114440918,2.8510000705718994,99283,0.004160999894142151,0.0,0.0
2016-10-26,2.7309999465942383,2.776000022888184,2.627000093460083,2.756999969482422,83053,0.0040964999198913575,0.0,0.0
2016-10-27,2.763999938964844,2.7929999828338623,2.684000015258789,2.746000051498413,191943,0.004145999908447266,0.0,0.0
2016-10-28,3.1050000190734863,3.125,3.0160000324249268,3.0810000896453857,157123,0.00465750002861023,0.0,0.0
2016-10-31,3.026000022888184,3.1630001068115234,2.9779999256134038,3.150000095367432,154845,0.004539000034332276,0.0,0.0
2016-11-01,2.9019999504089355,3.0290000438690186,2.8499999046325684,2.9790000915527344,228839,0.004352999925613403,0.0,0.0
2016-11-02,2.7920000553131104,2.888999938964844,2.7690000534057617,2.851999998092652,193678,0.004188000082969666,0.0,0.0
2016-11-03,2.7690000534057617,2.8399999141693115,2.7249999046325684,2.7730000019073486,170347,0.004153500080108643,0.0,0.0
2016-11-04,2.7669999599456787,2.819999933242798,2.740999937057495,2.815000057220459,120816,0.004150499939918518,0.0,0.0
2016-11-07,2.815999984741211,2.875,2.7809998989105225,2.8480000495910645,141836,0.004223999977111817,0.0,0.0
2016-11-08,2.632999897003174,2.8559999465942383,2.6070001125335693,2.8320000171661377,211752,0.003949499845504761,0.0,0.0
2016-11-09,2.690000057220459,2.743000030517578,2.5460000038146973,2.611999988555908,209317,0.0040350000858306884,0.0,0.0
2016-11-10,2.631999969482422,2.7279999256134038,2.575000047683716,2.690999984741211,185153,0.003947999954223633,0.0,0.0
2016-11-14,2.749000072479248,2.7780001163482666,2.6440000534057617,2.6670000553131104,138940,0.004123500108718872,0.0,0.0
2016-11-15,2.7090001106262207,2.822000026702881,2.694000005722046,2.746000051498413,150875,0.004063500165939331,0.0,0.0
2016-11-16,2.763999938964844,2.782000064849853,2.6689999103546143,2.7100000381469727,125531,0.004145999908447266,0.0,0.0
2016-11-17,2.703000068664551,2.7980000972747803,2.680999994277954,2.7669999599456787,140196,0.004054500102996826,0.0,0.0
2016-11-18,2.8429999351501465,2.851999998092652,2.690000057220459,2.696000099182129,134225,0.00426449990272522,0.0,0.0
2016-11-21,2.950000047683716,2.9730000495910645,2.8910000324249268,2.8980000019073486,112524,0.004425000071525574,0.0,0.0
2016-11-22,2.9820001125335693,3.013999938964844,2.9130001068115234,2.9730000495910645,112524,0.004473000168800354,0.0,0.0
2016-11-23,3.026000022888184,3.062000036239624,2.914999961853028,2.947999954223633,65480,0.004539000034332276,0.0,0.0
2016-11-25,3.0850000381469727,3.121000051498413,3.000999927520752,3.010999917984009,36482,0.004627500057220459,0.0,0.0
2016-11-28,3.2320001125335693,3.265000104904175,3.130000114440918,3.130000114440918,173469,0.004848000168800354,0.0,0.0
2016-11-29,3.315000057220459,3.367000102996826,3.2769999504089355,3.358999967575073,163396,0.004972500085830688,0.0,0.0
2016-11-30,3.351999998092652,3.365000009536743,3.2850000858306885,3.325000047683716,168555,0.005027999997138978,0.0,0.0
2016-12-01,3.505000114440918,3.546999931335449,3.315999984741211,3.3480000495910645,210764,0.005257500171661377,0.0,0.0
2016-12-02,3.436000108718872,3.568000078201294,3.378000020980835,3.5390000343322754,168563,0.005154000163078308,0.0,0.0
2016-12-05,3.6540000438690186,3.6559998989105225,3.450000047683716,3.470999956130981,192188,0.005481000065803528,0.0,0.0
2016-12-06,3.634999990463257,3.732000112533569,3.5739998817443848,3.5999999046325684,225250,0.0054524999856948855,0.0,0.0
2016-12-07,3.6029999256134033,3.747999906539917,3.555999994277954,3.632999897003174,252203,0.005404499888420105,0.0,0.0
2016-12-08,3.694999933242798,3.7300000190734863,3.503000020980835,3.569000005722046,233852,0.005542499899864197,0.0,0.0
2016-12-09,3.746000051498413,3.776999950408936,3.66100001335144,3.7100000381469727,206662,0.00561900007724762,0.0,0.0
2016-12-12,3.506999969482422,3.6010000705718994,3.4719998836517334,3.5829999446868896,245756,0.005260499954223633,0.0,0.0
2016-12-13,3.4739999771118164,3.57699990272522,3.447999954223633,3.525000095367432,163184,0.005210999965667725,0.0,0.0
2016-12-14,3.539999961853028,3.572000026702881,3.444000005722046,3.476999998092652,140162,0.005309999942779542,0.0,0.0
2016-12-15,3.434000015258789,3.58899998664856,3.3940000534057617,3.566999912261963,190798,0.005151000022888184,0.0,0.0
2016-12-16,3.414999961853028,3.434000015258789,3.3429999351501465,3.4200000762939453,120428,0.005122499942779542,0.0,0.0
2016-12-19,3.3919999599456787,3.450000047683716,3.3299999237060547,3.3529999256134038,119326,0.005087999939918518,0.0,0.0
2016-12-20,3.263000011444092,3.407999992370605,3.242000102996826,3.401000022888184,165294,0.004894500017166138,0.0,0.0
2016-12-21,3.5420000553131104,3.5929999351501465,3.306999921798706,3.311000108718872,169031,0.005313000082969666,0.0,0.0
2016-12-22,3.5380001068115234,3.625999927520752,3.496999979019165,3.572000026702881,119586,0.005307000160217285,0.0,0.0
2016-12-23,3.661999940872192,3.714999914169312,3.5339999198913574,3.5409998893737797,58296,0.005492999911308288,0.0,0.0
2016-12-27,3.760999917984009,3.7780001163482666,3.686000108718872,3.736000061035156,59667,0.005641499876976013,0.0,0.0
2016-12-28,3.930000066757202,3.99399995803833,3.6640000343322754,3.734999895095825,149568,0.005895000100135803,0.0,0.0
2016-12-29,3.802000045776367,3.884000062942505,3.753999948501587,3.871999979019165,132571,0.005703000068664551,0.0,0.0
2016-12-30,3.723999977111816,3.857000112533569,3.690000057220459,3.799999952316284,96920,0.005585999965667724,0.0,0.0
2017-01-03,3.32699990272522,3.568000078201294,3.2669999599456787,3.568000078201294,254134,0.004990499854087831,0.0,0.0
2017-01-04,3.2669999599456787,3.3580000400543213,3.236000061035156,3.316999912261963,171528,0.004900499939918518,0.0,0.0
2017-01-05,3.2730000019073486,3.345999956130981,3.171999931335449,3.259999990463257,208432,0.004909500002861023,0.0,0.0
2017-01-06,3.2850000858306885,3.3580000400543213,3.21399998664856,3.303999900817871,140075,0.0049275001287460325,0.0,0.0
2017-01-09,3.1029999256134038,3.275000095367432,3.0980000495910645,3.253000020980835,163393,0.004654499888420106,0.0,0.0
2017-01-10,3.2780001163482666,3.32699990272522,3.109999895095825,3.115000009536743,178594,0.0049170001745224,0.0,0.0
2017-01-11,3.2239999771118164,3.351999998092652,3.213000059127808,3.2739999294281006,145250,0.004835999965667724,0.0,0.0
2017-01-12,3.385999917984009,3.450000047683716,3.2939999103546143,3.2950000762939453,202396,0.005078999876976013,0.0,0.0
2017-01-13,3.4189999103546143,3.434999942779541,3.3320000171661377,3.3970000743865967,155200,0.005128499865531921,0.0,0.0
2017-01-17,3.4119999408721924,3.513000011444092,3.3540000915527344,3.4730000495910645,137695,0.005117999911308289,0.0,0.0
2017-01-18,3.302000045776367,3.437000036239624,3.282000064849853,3.3970000743865967,128820,0.0049530000686645505,0.0,0.0
2017-01-19,3.368000030517578,3.4040000438690186,3.256999969482422,3.325000047683716,145476,0.005052000045776367,0.0,0.0
2017-01-20,3.2039999961853027,3.3469998836517334,3.188999891281128,3.3010001182556152,138918,0.004805999994277954,0.0,0.0
2017-01-23,3.243000030517578,3.2780001163482666,3.1449999809265137,3.180000066757202,108564,0.004864500045776367,0.0,0.0
2017-01-24,3.2790000438690186,3.3499999046325684,3.259000062942505,3.2799999713897705,99030,0.004918500065803528,0.0,0.0
2017-01-25,3.3320000171661377,3.365000009536743,3.255000114440918,3.2920000553131104,51139,0.004998000025749206,0.0,0.0
2017-01-26,3.381999969482422,3.49399995803833,3.3499999046325684,3.361999988555908,75883,0.005072999954223633,0.0,0.0
2017-01-27,3.3910000324249268,3.4179999828338623,3.244999885559082,3.3499999046325684,188600,0.00508650004863739,0.0,0.0
2017-01-30,3.2320001125335693,3.3420000076293945,3.2160000801086426,3.299999952316284,135654,0.004848000168800354,0.0,0.0
2017-01-31,3.117000102996826,3.234999895095825,3.109999895095825,3.2239999771118164,198006,0.0046755001544952395,0.0,0.0
2017-02-01,3.1679999828338623,3.2279999256134038,3.11299991607666,3.134000062942505,136176,0.0047519999742507936,0.0,0.0
2017-02-02,3.187000036239624,3.2090001106262207,3.118000030517578,3.174000024795532,149327,0.004780500054359436,0.0,0.0
2017-02-03,3.062999963760376,3.200999975204468,3.0420000553131104,3.193000078201294,179658,0.004594499945640564,0.0,0.0
2017-02-06,3.049999952316284,3.0859999656677246,3.00600004196167,3.015000104904175,124252,0.004574999928474426,0.0,0.0
2017-02-07,3.130000114440918,3.1559998989105225,3.0510001182556152,3.059999942779541,177005,0.004695000171661377,0.0,0.0
2017-02-08,3.125999927520752,3.1640000343322754,3.059999942779541,3.140000104904175,159476,0.004688999891281128,0.0,0.0
2017-02-09,3.1410000324249268,3.188999891281128,3.109999895095825,3.1429998874664307,162281,0.0047115000486373905,0.0,0.0
2017-02-10,3.0339999198913574,3.121000051498413,3.005000114440918,3.1050000190734863,188162,0.004550999879837037,0.0,0.0
2017-02-13,2.944000005722046,2.99399995803833,2.9210000038146973,2.9779999256134038,162673,0.004416000008583069,0.0,0.0
2017-02-14,2.9049999713897705,2.953000068664551,2.88700008392334,2.9230000972747803,142943,0.004357499957084656,0.0,0.0
2017-02-15,2.924999952316284,2.99399995803833,2.9130001068115234,2.938999891281128,126121,0.004387499928474426,0.0,0.0
2017-02-16,2.8540000915527344,2.953000068664551,2.8310000896453857,2.934000015258789,138783,0.004281000137329101,0.0,0.0
2017-02-17,2.8340001106262207,2.8989999294281006,2.8299999237060547,2.8399999141693115,126492,0.004251000165939331,0.0,0.0
2017-02-21,2.563999891281128,2.825999975204468,2.555999994277954,2.7909998893737797,205024,0.003845999836921692,0.0,0.0
2017-02-22,2.5920000076293945,2.640000104904175,2.5220000743865967,2.5840001106262207,69600,0.0038880000114440917,0.0,0.0
2017-02-23,2.617000102996826,2.7039999961853027,2.569000005722046,2.5980000495910645,67942,0.00392550015449524,0.0,0.0
2017-02-24,2.627000093460083,2.6700000762939453,2.586999893188477,2.619999885559082,143588,0.003940500140190125,0.0,0.0
2017-02-27,2.693000078201294,2.720999956130981,2.6589999198913574,2.7149999141693115,127547,0.004039500117301941,0.0,0.0
2017-02-28,2.7739999294281006,2.7880001068115234,2.6530001163482666,2.690999984741211,183619,0.004160999894142151,0.0,0.0
2017-03-01,2.799000024795532,2.828000068664551,2.743000030517578,2.7699999809265137,154834,0.004198500037193298,0.0,0.0
2017-03-02,2.803999900817871,2.8350000381469727,2.7300000190734863,2.7909998893737797,173316,0.004205999851226807,0.0,0.0
2017-03-03,2.82699990272522,2.8399999141693115,2.775000095367432,2.815999984741211,155244,0.00424049985408783,0.0,0.0
2017-03-06,2.901000022888184,2.95199990272522,2.8570001125335693,2.9110000133514404,216887,0.004351500034332276,0.0,0.0
2017-03-07,2.8239998817443848,2.890000104904175,2.815000057220459,2.871999979019165,166482,0.004235999822616577,0.0,0.0
2017-03-08,2.901000022888184,2.9489998817443848,2.8329999446868896,2.8350000381469727,200061,0.004351500034332276,0.0,0.0
2017-03-09,2.9739999771118164,2.990000009536743,2.888999938964844,2.9130001068115234,178683,0.004460999965667725,0.0,0.0
2017-03-10,3.007999897003174,3.0429999828338623,2.9660000801086426,2.986999988555908,162566,0.004511999845504761,0.0,0.0
2017-03-13,3.0429999828338623,3.08899998664856,2.990000009536743,3.0829999446868896,140782,0.004564499974250793,0.0,0.0
2017-03-14,2.937999963760376,3.062999963760376,2.927000045776367,3.0179998874664307,156658,0.004406999945640564,0.0,0.0
2017-03-15,2.9809999465942383,3.00600004196167,2.9230000972747803,2.9489998817443848,119225,0.004471499919891358,0.0,0.0
2017-03-16,2.9019999504089355,2.9760000705718994,2.888000011444092,2.9739999771118164,175334,0.004352999925613403,0.0,0.0
2017-03-17,2.947999954223633,2.9649999141693115,2.881999969482422,2.907999992370605,102589,0.004421999931335449,0.0,0.0
2017-03-20,3.0409998893737797,3.0850000381469727,2.9019999504089355,2.9130001068115234,133705,0.00456149983406067,0.0,0.0
2017-03-21,3.0929999351501465,3.11299991607666,3.032999992370605,3.0799999237060547,138763,0.00463949990272522,0.0,0.0
2017-03-22,3.010999917984009,3.095000028610229,3.006999969482422,3.0820000171661377,125475,0.004516499876976013,0.0,0.0
2017-03-23,3.0510001182556152,3.062999963760376,2.986000061035156,3.0199999809265137,147427,0.004576500177383423,0.0,0.0
2017-03-24,3.075999975204468,3.0920000076293945,3.0160000324249268,3.049999952316284,102120,0.004613999962806702,0.0,0.0
2017-03-27,3.052000045776367,3.132999897003174,3.0429999828338623,3.11899995803833,59543,0.004578000068664551,0.0,0.0
2017-03-28,3.095999956130981,3.1040000915527344,3.010999917984009,3.0460000038146973,53195,0.004643999934196471,0.0,0.0
2017-03-29,3.174999952316284,3.183000087738037,3.0820000171661377,3.08899998664856,158644,0.004762499928474427,0.0,0.0
2017-03-30,3.190999984741211,3.236999988555908,3.1410000324249268,3.2100000381469727,133288,0.004786499977111816,0.0,0.0
2017-03-31,3.190000057220459,3.242000102996826,3.1630001068115234,3.1989998817443848,114819,0.004785000085830688,0.0,0.0
2017-04-03,3.128000020980835,3.239000082015991,3.125,3.2170000076293945,124588,0.004692000031471253,0.0,0.0
2017-04-04,3.2929999828338623,3.3010001182556152,3.121000051498413,3.1449999809265137,232924,0.004939499974250794,0.0,0.0
2017-04-05,3.2660000324249268,3.3469998836517334,3.253999948501587,3.2929999828338623,165274,0.00489900004863739,0.0,0.0
2017-04-06,3.3310000896453857,3.336999893188477,3.234999895095825,3.2690000534057617,165907,0.004996500134468079,0.0,0.0
2017-04-07,3.260999917984009,3.3399999141693115,3.246000051498413,3.306999921798706,170783,0.004891499876976013,0.0,0.0
2017-04-10,3.23799991607666,3.2929999828338623,3.2279999256134038,3.240000009536743,141822,0.00485699987411499,0.0,0.0
2017-04-11,3.150000095367432,3.2679998874664307,3.1410000324249268,3.243000030517578,201474,0.004725000143051148,0.0,0.0
2017-04-12,3.187000036239624,3.197000026702881,3.131999969482422,3.1679999828338623,174009,0.004780500054359436,0.0,0.0
2017-04-13,3.226999998092652,3.243000030517578,3.1489999294281006,3.181999921798706,182106,0.004840499997138978,0.0,0.0
2017-04-17,3.1630001068115234,3.249000072479248,3.157999992370605,3.2290000915527344,147638,0.004744500160217285,0.0,0.0
2017-04-18,3.1449999809265137,3.181999921798706,3.114000082015991,3.1640000343322754,138628,0.004717499971389771,0.0,0.0
2017-04-19,3.184999942779541,3.2230000495910645,3.1429998874664307,3.150000095367432,158318,0.004777499914169312,0.0,0.0
2017-04-20,3.1589999198913574,3.219000101089477,3.134000062942505,3.190999984741211,125995,0.004738499879837036,0.0,0.0
2017-04-21,3.1010000705718994,3.184999942779541,3.0820000171661377,3.1679999828338623,114899,0.00465150010585785,0.0,0.0
2017-04-24,3.065999984741211,3.1489999294281006,3.0309998989105225,3.094000101089477,67850,0.004598999977111816,0.0,0.0
2017-04-25,3.0429999828338623,3.0829999446868896,3.0220000743865967,3.063999891281128,64754,0.004564499974250793,0.0,0.0
2017-04-26,3.1419999599456787,3.1700000762939453,3.0309998989105225,3.052000045776367,199772,0.004712999939918518,0.0,0.0
2017-04-27,3.239000082015991,3.2660000324249268,3.2070000171661377,3.255000114440918,139117,0.004858500123023987,0.0,0.0
2017-04-28,3.276000022888184,3.2980000972747803,3.2290000915527344,3.240000009536743,117649,0.004914000034332277,0.0,0.0
2017-05-01,3.2149999141693115,3.312999963760376,3.197999954223633,3.249000072479248,128608,0.0048224998712539675,0.0,0.0
2017-05-02,3.194999933242798,3.2730000019073486,3.177999973297119,3.2309999465942383,141615,0.004792499899864197,0.0,0.0
2017-05-03,3.2279999256134038,3.2330000400543213,3.174999952316284,3.184999942779541,89628,0.004841999888420105,0.0,0.0
2017-05-04,3.186000108718872,3.253999948501587,3.164999961853028,3.220000028610229,140033,0.004779000163078308,0.0,0.0
2017-05-05,3.2660000324249268,3.282000064849853,3.183000087738037,3.1989998817443848,150649,0.00489900004863739,0.0,0.0
2017-05-08,3.171999931335449,3.265000104904175,3.140000104904175,3.243000030517578,196689,0.004757999897003174,0.0,0.0
2017-05-09,3.226999998092652,3.246000051498413,3.1730000972747803,3.177999973297119,170982,0.004840499997138978,0.0,0.0
2017-05-10,3.2920000553131104,3.3489999771118164,3.20199990272522,3.21399998664856,223188,0.0049380000829696655,0.0,0.0
2017-05-11,3.375999927520752,3.388000011444092,3.2730000019073486,3.2780001163482666,199191,0.005063999891281128,0.0,0.0
2017-05-12,3.424000024795532,3.430999994277954,3.3499999046325684,3.368000030517578,150243,0.005136000037193298,0.0,0.0
2017-05-15,3.3489999771118164,3.407999992370605,3.3340001106262207,3.38700008392334,142311,0.0050234999656677244,0.0,0.0
2017-05-16,3.2300000190734863,3.36899995803833,3.2160000801086426,3.358999967575073,203407,0.00484500002861023,0.0,0.0
2017-05-17,3.191999912261963,3.2690000534057617,3.164999961853028,3.2309999465942383,147282,0.004787999868392945,0.0,0.0
2017-05-18,3.181999921798706,3.242000102996826,3.1610000133514404,3.2090001106262207,153415,0.00477299988269806,0.0,0.0
2017-05-19,3.25600004196167,3.2699999809265137,3.180999994277954,3.184000015258789,143461,0.004884000062942505,0.0,0.0
2017-05-22,3.3299999237060547,3.3340001106262207,3.2790000438690186,3.2909998893737797,132558,0.004994999885559082,0.0,0.0
2017-05-23,3.219000101089477,3.3329999446868896,3.2109999656677246,3.325000047683716,131858,0.004828500151634216,0.0,0.0
2017-05-24,3.2090001106262207,3.252000093460083,3.1760001182556152,3.233999967575073,51800,0.004813500165939331,0.0,0.0
2017-05-25,3.184000015258789,3.256999969482422,3.1449999809265137,3.2039999961853027,45800,0.004776000022888183,0.0,0.0
2017-05-26,3.236000061035156,3.263000011444092,3.1670000553131104,3.186000108718872,140943,0.004854000091552734,0.0,0.0
2017-05-30,3.1449999809265137,3.255000114440918,3.1410000324249268,3.25,215155,0.004717499971389771,0.0,0.0
2017-05-31,3.071000099182129,3.171999931335449,3.061000108718872,3.1459999084472656,208510,0.004606500148773194,0.0,0.0
2017-06-01,3.007999897003174,3.128000020980835,2.98799991607666,3.0799999237060547,236236,0.004511999845504761,0.0,0.0
2017-06-02,2.999000072479248,3.0510001182556152,2.989000082015991,3.0510001182556152,147329,0.004498500108718872,0.0,0.0
2017-06-05,2.9820001125335693,3.046999931335449,2.934999942779541,3.026000022888184,148450,0.004473000168800354,0.0,0.0
2017-06-06,3.0420000553131104,3.062999963760376,2.9719998836517334,2.9820001125335693,139905,0.004563000082969665,0.0,0.0
2017-06-07,3.0199999809265137,3.095000028610229,3.009999990463257,3.061000108718872,179726,0.0045299999713897705,0.0,0.0
2017-06-08,3.0280001163482666,3.068000078201294,2.9779999256134038,3.0190000534057617,205114,0.0045420001745224,0.0,0.0
2017-06-09,3.0390000343322754,3.065999984741211,3.0280001163482666,3.0339999198913574,138973,0.004558500051498413,0.0,0.0
2017-06-12,3.0239999294281006,3.086999893188477,3.000999927520752,3.032000064849853,163496,0.004535999894142151,0.0,0.0
2017-06-13,2.9660000801086426,3.065000057220459,2.9489998817443848,3.010999917984009,224042,0.004449000120162964,0.0,0.0
2017-06-14,2.933000087738037,2.989000082015991,2.9159998893737797,2.961999893188477,164623,0.004399500131607056,0.0,0.0
2017-06-15,3.055999994277954,3.065999984741211,2.928999900817871,2.943000078201294,195042,0.004583999991416931,0.0,0.0
2017-06-16,3.0369999408721924,3.0820000171661377,3.0209999084472656,3.049000024795532,121174,0.0045554999113082886,0.0,0.0
2017-06-19,2.8940000534057617,2.970999956130981,2.877000093460083,2.9660000801086426,155300,0.004341000080108643,0.0,0.0
2017-06-20,2.907000064849853,2.9130001068115234,2.878999948501587,2.8970000743865967,112908,0.00436050009727478,0.0,0.0
2017-06-21,2.8929998874664307,2.947999954223633,2.878000020980835,2.8970000743865967,141997,0.004339499831199646,0.0,0.0
2017-06-22,2.8940000534057617,2.961999893188477,2.8550000190734863,2.8959999084472656,150925,0.004341000080108643,0.0,0.0
2017-06-23,2.928999900817871,2.940000057220459,2.8949999809265137,2.8980000019073486,99800,0.004393499851226806,0.0,0.0
2017-06-26,3.0269999504089355,3.052000045776367,2.9749999046325684,2.990000009536743,61783,0.0045404999256134036,0.0,0.0
2017-06-27,3.0369999408721924,3.059999942779541,3.01200008392334,3.049000024795532,48460,0.0045554999113082886,0.0,0.0
2017-06-28,3.066999912261963,3.0799999237060547,3.0160000324249268,3.0199999809265137,119296,0.0046004998683929444,0.0,0.0
2017-06-29,3.0420000553131104,3.121999979019165,3.032000064849853,3.0799999237060547,156622,0.004563000082969665,0.0,0.0
2017-06-30,3.0350000858306885,3.052000045776367,2.9739999771118164,3.0369999408721924,152129,0.004552500128746033,0.0,0.0
2017-07-03,2.950999975204468,3.049999952316284,2.934999942779541,2.9489998817443848,142576,0.004426499962806703,0.0,0.0
2017-07-05,2.8399999141693115,3.0199999809265137,2.8320000171661377,2.95199990272522,239392,0.004259999871253967,0.0,0.0
2017-07-06,2.888000011444092,2.8929998874664307,2.8489999771118164,2.8570001125335693,147746,0.004332000017166138,0.0,0.0
2017-07-07,2.864000082015991,2.947000026702881,2.8469998836517334,2.8989999294281006,156392,0.004296000123023987,0.0,0.0
2017-07-10,2.928999900817871,2.946000099182129,2.869999885559082,2.8980000019073486,164958,0.004393499851226806,0.0,0.0
2017-07-11,3.046999931335449,3.052999973297119,2.9210000038146973,2.924999952316284,203416,0.0045704998970031736,0.0,0.0
2017-07-12,2.984999895095825,3.0429999828338623,2.970000028610229,3.0350000858306885,180109,0.004477499842643738,0.0,0.0
2017-07-13,2.9609999656677246,3.0199999809265137,2.947000026702881,2.992000102996826,172378,0.004441499948501587,0.0,0.0
2017-07-14,2.9800000190734863,3.0,2.927999973297119,2.9590001106262207,151634,0.00447000002861023,0.0,0.0
2017-07-17,3.0199999809265137,3.049000024795532,2.9800000190734863,2.9820001125335693,114340,0.0045299999713897705,0.0,0.0
2017-07-18,3.088000059127808,3.094000101089477,3.0199999809265137,3.0220000743865967,133413,0.004632000088691712,0.0,0.0
2017-07-19,3.065999984741211,3.1029999256134038,3.062000036239624,3.0820000171661377,101880,0.004598999977111816,0.0,0.0
2017-07-20,3.0429999828338623,3.114000082015991,3.0169999599456787,3.065999984741211,177683,0.004564499974250793,0.0,0.0
2017-07-21,2.970000028610229,3.0439999103546143,2.937999963760376,3.0299999713897705,158256,0.004455000042915344,0.0,0.0
2017-07-24,2.8989999294281006,2.9549999237060547,2.880000114440918,2.9140000343322754,128436,0.0043484998941421505,0.0,0.0
2017-07-25,2.944000005722046,2.950000047683716,2.8989999294281006,2.907000064849853,50576,0.004416000008583069,0.0,0.0
2017-07-26,2.924000024795532,2.9649999141693115,2.8949999809265137,2.944000005722046,45379,0.004386000037193298,0.0,0.0
2017-07-27,2.969000101089477,2.997999906539917,2.9040000438690186,2.9260001182556152,175911,0.004453500151634216,0.0,0.0
2017-07-28,2.940999984741211,2.9830000400543213,2.9230000972747803,2.9579999446868896,83193,0.004411499977111816,0.0,0.0
2017-07-31,2.7939999103546143,2.900000095367432,2.7809998989105225,2.900000095367432,176226,0.004190999865531921,0.0,0.0
2017-08-01,2.819000005722046,2.8350000381469727,2.760999917984009,2.809999942779541,151158,0.004228500008583069,0.0,0.0
2017-08-02,2.811000108718872,2.836999893188477,2.7850000858306885,2.815000057220459,111069,0.004216500163078308,0.0,0.0
2017-08-03,2.799999952316284,2.845999956130981,2.789999961853028,2.811000108718872,125787,0.004199999928474426,0.0,0.0
2017-08-04,2.7739999294281006,2.799999952316284,2.753000020980835,2.7920000553131104,100740,0.004160999894142151,0.0,0.0
2017-08-07,2.8010001182556152,2.812000036239624,2.763999938964844,2.7720000743865967,144959,0.0042015001773834226,0.0,0.0
2017-08-08,2.822000026702881,2.8320000171661377,2.782999992370605,2.805000066757202,134191,0.004233000040054322,0.0,0.0
2017-08-09,2.882999897003174,2.8989999294281006,2.799999952316284,2.811000108718872,184358,0.004324499845504761,0.0,0.0
2017-08-10,2.984999895095825,2.994999885559082,2.871999979019165,2.877000093460083,262157,0.004477499842643738,0.0,0.0
2017-08-11,2.9830000400543213,2.996999979019165,2.961999893188477,2.9760000705718994,137469,0.004474500060081482,0.0,0.0
2017-08-14,2.9590001106262207,3.0179998874664307,2.924999952316284,3.005000114440918,130569,0.0044385001659393315,0.0,0.0
2017-08-15,2.934999942779541,2.9719998836517334,2.9189999103546143,2.9609999656677246,103177,0.004402499914169311,0.0,0.0
2017-08-16,2.890000104904175,2.933000087738037,2.882999897003174,2.9200000762939453,135731,0.004335000157356262,0.0,0.0
2017-08-17,2.928999900817871,2.938999891281128,2.8559999465942383,2.8910000324249268,158462,0.004393499851226806,0.0,0.0
2017-08-18,2.8929998874664307,2.927999973297119,2.884999990463257,2.9170000553131104,83316,0.004339499831199646,0.0,0.0
2017-08-21,2.961999893188477,2.9800000190734863,2.867000102996826,2.8940000534057617,171194,0.004442999839782716,0.0,0.0
2017-08-22,2.938999891281128,3.00600004196167,2.927000045776367,2.963000059127808,151718,0.004408499836921692,0.0,0.0
2017-08-23,2.927999973297119,2.9570000171661377,2.900000095367432,2.934999942779541,104361,0.004391999959945679,0.0,0.0
2017-08-24,2.9489998817443848,2.9820001125335693,2.9170000553131104,2.9260001182556152,105193,0.004423499822616577,0.0,0.0
2017-08-25,2.8919999599456787,2.95199990272522,2.88100004196167,2.947000026702881,53985,0.004337999939918518,0.0,0.0
2017-08-28,2.924999952316284,2.9670000076293945,2.8489999771118164,2.924000024795532,48077,0.004387499928474426,0.0,0.0
2017-08-29,2.9609999656677246,2.997999906539917,2.900000095367432,2.914999961853028,106590,0.004441499948501587,0.0,0.0
2017-08-30,2.938999891281128,2.9800000190734863,2.927999973297119,2.9730000495910645,106590,0.004408499836921692,0.0,0.0
2017-08-31,3.039999961853028,3.0450000762939453,2.907999992370605,2.944999933242798,96502,0.004559999942779541,0.0,0.0
2017-09-01,3.069999933242798,3.088000059127808,2.997999906539917,3.0269999504089355,241062,0.004604999899864197,0.0,0.0
2017-09-05,2.9719998836517334,3.059000015258789,2.9649999141693115,3.013000011444092,179193,0.0044579998254776,0.0,0.0
2017-09-06,3.0,3.0309998989105225,2.9600000381469727,2.970000028610229,145052,0.0045000000000000005,0.0,0.0
2017-09-07,2.9809999465942383,3.0299999713897705,2.9679999351501465,3.007999897003174,137126,0.004471499919891358,0.0,0.0
2017-09-08,2.890000104904175,2.9749999046325684,2.884999990463257,2.9719998836517334,204842,0.004335000157356262,0.0,0.0
2017-09-11,2.950000047683716,2.953000068664551,2.8989999294281006,2.9100000858306885,164090,0.004425000071525574,0.0,0.0
2017-09-12,3.000999927520752,3.0429999828338623,2.936000108718872,2.950000047683716,248747,0.004501499891281128,0.0,0.0
2017-09-13,3.058000087738037,3.078000068664551,2.994999885559082,2.996000051498413,191192,0.004587000131607056,0.0,0.0
2017-09-14,3.069999933242798,3.1059999465942383,3.0360000133514404,3.059000015258789,204316,0.004604999899864197,0.0,0.0
2017-09-15,3.0239999294281006,3.0739998817443848,3.00600004196167,3.065000057220459,144121,0.004535999894142151,0.0,0.0
2017-09-18,3.1459999084472656,3.157000064849853,3.049000024795532,3.049000024795532,209884,0.004718999862670899,0.0,0.0
2017-09-19,3.121999979019165,3.1659998893737797,3.111999988555908,3.151000022888184,156610,0.004682999968528748,0.0,0.0
2017-09-20,3.094000101089477,3.1480000019073486,3.07699990272522,3.118000030517578,172959,0.004641000151634216,0.0,0.0
2017-09-21,2.946000099182129,3.0910000801086426,2.941999912261963,3.0810000896453857,271675,0.004419000148773194,0.0,0.0
2017-09-22,2.9590001106262207,2.9779999256134038,2.944999933242798,2.9570000171661377,109531,0.0044385001659393315,0.0,0.0
2017-09-25,2.9189999103546143,2.986000061035156,2.9110000133514404,2.931999921798706,73229,0.004378499865531921,0.0,0.0
2017-09-26,2.9179999828338623,2.9549999237060547,2.8980000019073486,2.9210000038146973,54994,0.004376999974250793,0.0,0.0
2017-09-27,2.9739999771118164,2.989000082015991,2.9119999408721924,2.9170000553131104,195939,0.004460999965667725,0.0,0.0
2017-09-28,3.0169999599456787,3.0810000896453857,3.000999927520752,3.059000015258789,192444,0.0045254999399185186,0.0,0.0
2017-09-29,3.006999969482422,3.0439999103546143,2.992000102996826,3.0220000743865967,117984,0.004510499954223633,0.0,0.0
2017-10-02,2.9159998893737797,3.025000095367432,2.888999938964844,3.0179998874664307,251481,0.004373999834060669,0.0,0.0
2017-10-03,2.8949999809265137,2.934999942779541,2.880000114440918,2.924999952316284,151617,0.00434249997138977,0.0,0.0
2017-10-04,2.940000057220459,2.976999998092652,2.8980000019073486,2.9049999713897705,160561,0.004410000085830689,0.0,0.0
2017-10-05,2.9230000972747803,2.994999885559082,2.8940000534057617,2.934000015258789,180003,0.004384500145912171,0.0,0.0
2017-10-06,2.86299991607666,2.9170000553131104,2.8559999465942383,2.8949999809265137,226636,0.004294499874114991,0.0,0.0
2017-10-09,2.8329999446868896,2.885999917984009,2.82699990272522,2.858999967575073,174730,0.004249499917030335,0.0,0.0
2017-10-10,2.8910000324249268,2.8959999084472656,2.8329999446868896,2.8359999656677246,201266,0.00433650004863739,0.0,0.0
2017-10-11,2.888999938964844,2.961999893188477,2.875999927520752,2.881999969482422,224270,0.004333499908447266,0.0,0.0
2017-10-12,2.989000082015991,3.007999897003174,2.8949999809265137,2.9059998989105225,308993,0.004483500123023987,0.0,0.0
2017-10-13,3.0,3.0360000133514404,2.983999967575073,2.994999885559082,179590,0.0045000000000000005,0.0,0.0
2017-10-16,2.946000099182129,2.976999998092652,2.907999992370605,2.9600000381469727,179558,0.004419000148773194,0.0,0.0
2017-10-17,2.961999893188477,3.026000022888184,2.9210000038146973,2.9549999237060547,202672,0.004442999839782716,0.0,0.0
2017-10-18,2.8540000915527344,2.940999984741211,2.8510000705718994,2.9230000972747803,205285,0.004281000137329101,0.0,0.0
2017-10-19,2.872999906539917,2.9100000858306885,2.7730000019073486,2.868000030517578,295772,0.004309499859809876,0.0,0.0
2017-10-20,2.914999961853028,2.940000057220459,2.8559999465942383,2.885999917984009,225039,0.004372499942779542,0.0,0.0
2017-10-23,2.990999937057495,3.0169999599456787,2.947999954223633,3.000999927520752,178926,0.004486499905586243,0.0,0.0
2017-10-24,2.9739999771118164,3.003999948501587,2.9600000381469727,2.970999956130981,112764,0.004460999965667725,0.0,0.0
2017-10-25,2.9189999103546143,2.999000072479248,2.9130001068115234,2.990999937057495,65776,0.004378499865531921,0.0,0.0
2017-10-26,2.890000104904175,2.940999984741211,2.867000102996826,2.928999900817871,50113,0.004335000157356262,0.0,0.0
2017-10-27,2.752000093460083,2.8989999294281006,2.7230000495910645,2.8989999294281006,241052,0.004128000140190125,0.0,0.0
2017-10-30,2.9660000801086426,3.00600004196167,2.936000108718872,2.937999963760376,124090,0.004449000120162964,0.0,0.0
2017-10-31,2.8959999084472656,3.005000114440918,2.881999969482422,2.98799991607666,194986,0.0043439998626708986,0.0,0.0
2017-11-01,2.8929998874664307,2.928999900817871,2.8469998836517334,2.9059998989105225,189880,0.004339499831199646,0.0,0.0
2017-11-02,2.934999942779541,2.9570000171661377,2.88100004196167,2.900000095367432,184935,0.004402499914169311,0.0,0.0
2017-11-03,2.983999967575073,2.997999906539917,2.930000066757202,2.934999942779541,143210,0.004475999951362609,0.0,0.0
2017-11-06,3.134000062942505,3.1429998874664307,3.0510001182556152,3.0850000381469727,267645,0.0047010000944137575,0.0,0.0
2017-11-07,3.1519999504089355,3.1760001182556152,3.088000059127808,3.125,247518,0.004727999925613404,0.0,0.0
2017-11-08,3.174999952316284,3.190000057220459,3.114000082015991,3.151000022888184,210306,0.004762499928474427,0.0,0.0
2017-11-09,3.200000047683716,3.2170000076293945,3.1519999504089355,3.1519999504089355,247726,0.004800000071525574,0.0,0.0
2017-11-10,3.213000059127808,3.2239999771118164,3.1710000038146973,3.2079999446868896,179748,0.004819500088691712,0.0,0.0
2017-11-13,3.1670000553131104,3.2309999465942383,3.127000093460083,3.200000047683716,208595,0.004750500082969665,0.0,0.0
2017-11-14,3.101999998092652,3.1489999294281006,3.063999891281128,3.1410000324249268,219937,0.004652999997138978,0.0,0.0
2017-11-15,3.0799999237060547,3.1530001163482666,3.052000045776367,3.078000068664551,192702,0.004619999885559082,0.0,0.0
2017-11-16,3.052999973297119,3.109999895095825,3.0460000038146973,3.086999893188477,186922,0.004579499959945678,0.0,0.0
2017-11-17,3.0969998836517334,3.134000062942505,3.059000015258789,3.072000026702881,191293,0.0046454998254776,0.0,0.0
2017-11-20,3.046999931335449,3.08899998664856,3.026000022888184,3.069999933242798,160174,0.0045704998970031736,0.0,0.0
2017-11-21,3.0169999599456787,3.063999891281128,3.01200008392334,3.032000064849853,133594,0.0045254999399185186,0.0,0.0
2017-11-22,2.9679999351501465,3.0269999504089355,2.9549999237060547,3.013000011444092,139397,0.00445199990272522,0.0,0.0
2017-11-24,2.812999963760376,2.986000061035156,2.796999931335449,2.9609999656677246,94878,0.004219499945640564,0.0,0.0
2017-11-27,2.927999973297119,2.950000047683716,2.875999927520752,2.927000045776367,56306,0.004391999959945679,0.0,0.0
2017-11-28,3.0739998817443848,3.101999998092652,2.944999933242798,2.947000026702881,271472,0.0046109998226165775,0.0,0.0
2017-11-29,3.178999900817871,3.2179999351501465,3.127000093460083,3.13100004196167,230343,0.004768499851226807,0.0,0.0
2017-11-30,3.025000095367432,3.194000005722046,3.007999897003174,3.174999952316284,317425,0.004537500143051148,0.0,0.0
2017-12-01,3.061000108718872,3.117000102996826,3.0290000438690186,3.032000064849853,213443,0.004591500163078308,0.0,0.0
2017-12-04,2.984999895095825,3.127000093460083,2.953000068664551,3.0910000801086426,238226,0.004477499842643738,0.0,0.0
2017-12-05,2.9140000343322754,2.997999906539917,2.875,2.9760000705718994,240838,0.004371000051498413,0.0,0.0
2017-12-06,2.921999931335449,2.9609999656677246,2.884000062942505,2.9100000858306885,178775,0.004382999897003174,0.0,0.0
2017-12-07,2.763000011444092,2.921999931335449,2.746999979019165,2.9100000858306885,392520,0.004144500017166138,0.0,0.0
2017-12-08,2.7720000743865967,2.819999933242798,2.756999969482422,2.7690000534057617,233766,0.004158000111579895,0.0,0.0
2017-12-11,2.828000068664551,2.8480000495910645,2.7929999828338623,2.8310000896453857,196702,0.0042420001029968265,0.0,0.0
2017-12-12,2.677999973297119,2.844000101089477,2.6730000972747803,2.8010001182556152,312864,0.004016999959945679,0.0,0.0
2017-12-13,2.7149999141693115,2.750999927520752,2.6559998989105225,2.696000099182129,256783,0.004072499871253968,0.0,0.0
2017-12-14,2.684000015258789,2.7170000076293945,2.6429998874664307,2.7039999961853027,205087,0.004026000022888184,0.0,0.0
2017-12-15,2.611999988555908,2.7320001125335693,2.5810000896453857,2.686000108718872,190914,0.003917999982833862,0.0,0.0
2017-12-18,2.744999885559082,2.7780001163482666,2.634000062942505,2.650000095367432,231827,0.0041174998283386235,0.0,0.0
2017-12-19,2.691999912261963,2.7690000534057617,2.687999963760376,2.733999967575073,219344,0.004037999868392945,0.0,0.0
2017-12-20,2.63700008392334,2.75600004196167,2.609999895095825,2.7219998836517334,183119,0.00395550012588501,0.0,0.0
2017-12-21,2.5980000495910645,2.6689999103546143,2.568000078201294,2.6540000438690186,177652,0.0038970000743865966,0.0,0.0
2017-12-22,2.6670000553131104,2.681999921798706,2.5829999446868896,2.619999885559082,68187,0.004000500082969666,0.0,0.0
2017-12-26,2.6429998874664307,2.7799999713897705,2.630000114440918,2.7079999446868896,81462,0.003964499831199646,0.0,0.0
2017-12-27,2.73799991607666,2.76200008392334,2.5980000495910645,2.638999938964844,175025,0.0041069998741149905,0.0,0.0
2017-12-28,2.9140000343322754,2.944999933242798,2.733999967575073,2.749000072479248,313122,0.004371000051498413,0.0,0.0
2017-12-29,2.953000068664551,3.007999897003174,2.9200000762939453,2.930000066757202,272657,0.004429500102996827,0.0,0.0
2018-01-02,3.055999994277954,3.0969998836517334,2.9230000972747803,3.0299999713897705,320176,0.004583999991416931,0.0,0.0
2018-01-03,3.007999897003174,3.055999994277954,2.9590001106262207,3.039999961853028,269889,0.004511999845504761,0.0,0.0
2018-01-04,2.880000114440918,3.069999933242798,2.8399999141693115,3.015000104904175,319705,0.004320000171661377,0.0,0.0
2018-01-05,2.7950000762939453,2.88700008392334,2.746000051498413,2.877000093460083,230946,0.004192500114440918,0.0,0.0
2018-01-08,2.8350000381469727,2.86899995803833,2.7839999198913574,2.812000036239624,228242,0.0042525000572204595,0.0,0.0
2018-01-09,2.9230000972747803,2.9660000801086426,2.825000047683716,2.838000059127808,288553,0.004384500145912171,0.0,0.0
2018-01-10,2.9059998989105225,2.989000082015991,2.86899995803833,2.961999893188477,254155,0.0043589998483657836,0.0,0.0
2018-01-11,3.0840001106262207,3.138999938964844,2.884000062942505,2.9059998989105225,405113,0.004626000165939331,0.0,0.0
2018-01-12,3.200000047683716,3.2239999771118164,3.069999933242798,3.13700008392334,415933,0.004800000071525574,0.0,0.0
2018-01-16,3.128999948501587,3.1760001182556152,3.0390000343322754,3.13100004196167,332451,0.004693499922752381,0.0,0.0
2018-01-17,3.2320001125335693,3.2880001068115234,3.0980000495910645,3.125,283967,0.004848000168800354,0.0,0.0
2018-01-18,3.188999891281128,3.259999990463257,3.069999933242798,3.250999927520752,293577,0.004783499836921692,0.0,0.0
2018-01-19,3.184999942779541,3.246000051498413,3.132999897003174,3.197999954223633,224665,0.004777499914169312,0.0,0.0
2018-01-22,3.2239999771118164,3.2690000534057617,3.1429998874664307,3.252000093460083,201676,0.004835999965667724,0.0,0.0
2018-01-23,3.444000005722046,3.628000020980835,3.249000072479248,3.253999948501587,291378,0.005166000008583069,0.0,0.0
2018-01-24,3.509000062942505,3.624000072479248,3.4040000438690186,3.5409998893737797,213630,0.005263500094413757,0.0,0.0
2018-01-25,3.447000026702881,3.5810000896453857,3.3980000019073486,3.438999891281128,84785,0.005170500040054322,0.0,0.0
2018-01-26,3.505000114440918,3.611000061035156,3.4100000858306885,3.437000036239624,75224,0.005257500171661377,0.0,0.0
2018-01-29,3.63100004196167,3.66100001335144,3.296999931335449,3.390000104904175,265222,0.005446500062942505,0.0,0.0
2018-01-30,3.194999933242798,3.259000062942505,3.1610000133514404,3.187000036239624,257758,0.004792499899864197,0.0,0.0
2018-01-31,2.994999885559082,3.183000087738037,2.9489998817443848,3.164999961853028,334638,0.004492499828338623,0.0,0.0
2018-02-01,2.8559999465942383,2.9779999256134038,2.836999893188477,2.9560000896453857,359410,0.004283999919891358,0.0,0.0
2018-02-02,2.845999956130981,2.9200000762939453,2.8399999141693115,2.8910000324249268,184073,0.004268999934196472,0.0,0.0
2018-02-05,2.746999979019165,2.880000114440918,2.736000061035156,2.825000047683716,200176,0.004120499968528747,0.0,0.0
2018-02-06,2.759000062942505,2.7850000858306885,2.694999933242798,2.7669999599456787,185164,0.004138500094413757,0.0,0.0
2018-02-07,2.70199990272522,2.782000064849853,2.687999963760376,2.760999917984009,220437,0.004052999854087831,0.0,0.0
2018-02-08,2.697000026702881,2.757999897003174,2.680999994277954,2.70199990272522,191585,0.0040455000400543215,0.0,0.0
2018-02-09,2.5840001106262207,2.7039999961853027,2.575999975204468,2.694000005722046,236204,0.003876000165939331,0.0,0.0
2018-02-12,2.552000045776367,2.6070001125335693,2.5380001068115234,2.553999900817871,196427,0.003828000068664551,0.0,0.0
2018-02-13,2.594000101089477,2.6419999599456787,2.562000036239624,2.565999984741211,203096,0.0038910001516342155,0.0,0.0
2018-02-14,2.586999893188477,2.622999906539917,2.552999973297119,2.6080000400543213,175161,0.0038804998397827155,0.0,0.0
2018-02-15,2.5799999237060547,2.622999906539917,2.5299999713897705,2.61299991607666,163821,0.003869999885559082,0.0,0.0
2018-02-16,2.558000087738037,2.58899998664856,2.5390000343322754,2.5840001106262207,112338,0.0038370001316070557,0.0,0.0
2018-02-20,2.615999937057495,2.6619999408721924,2.562000036239624,2.568000078201294,147855,0.003923999905586242,0.0,0.0
2018-02-21,2.6589999198913574,2.680000066757202,2.565000057220459,2.638000011444092,125222,0.003988499879837036,0.0,0.0
2018-02-22,2.634000062942505,2.6700000762939453,2.6070001125335693,2.657000064849853,60419,0.003951000094413758,0.0,0.0
2018-02-23,2.625,2.632999897003174,2.555000066757202,2.61899995803833,66996,0.0039375,0.0,0.0
2018-02-26,2.638999938964844,2.680000066757202,2.5859999656677246,2.634999990463257,158112,0.003958499908447266,0.0,0.0
2018-02-27,2.683000087738037,2.70199990272522,2.632999897003174,2.681999921798706,122830,0.004024500131607055,0.0,0.0
2018-02-28,2.6670000553131104,2.7100000381469727,2.6589999198913574,2.693000078201294,133147,0.004000500082969666,0.0,0.0
2018-03-01,2.697999954223633,2.7309999465942383,2.6419999599456787,2.6679999828338623,206388,0.00404699993133545,0.0,0.0
2018-03-02,2.694999933242798,2.7279999256134038,2.686000108718872,2.693000078201294,137999,0.004042499899864197,0.0,0.0
2018-03-05,2.7039999961853027,2.7260000705718994,2.6730000972747803,2.7170000076293945,118016,0.0040559999942779545,0.0,0.0
2018-03-06,2.749000072479248,2.756999969482422,2.70199990272522,2.7060000896453857,132005,0.004123500108718872,0.0,0.0
2018-03-07,2.7769999504089355,2.7890000343322754,2.74399995803833,2.75,144973,0.004165499925613403,0.0,0.0
2018-03-08,2.75600004196167,2.7929999828338623,2.736999988555908,2.7860000133514404,148183,0.004134000062942505,0.0,0.0
2018-03-09,2.7320001125335693,2.752000093460083,2.711999893188477,2.742000102996826,131468,0.004098000168800354,0.0,0.0
2018-03-12,2.7780001163482666,2.803999900817871,2.7179999351501465,2.7309999465942383,163455,0.0041670001745224,0.0,0.0
2018-03-13,2.7860000133514404,2.811000108718872,2.776000022888184,2.7880001068115234,146848,0.004179000020027161,0.0,0.0
2018-03-14,2.7309999465942383,2.7980000972747803,2.7100000381469727,2.7869999408721924,146222,0.0040964999198913575,0.0,0.0
2018-03-15,2.680999994277954,2.75,2.6640000343322754,2.73799991607666,147708,0.004021499991416932,0.0,0.0
2018-03-16,2.687999963760376,2.700999975204468,2.6670000553131104,2.684999942779541,78672,0.004031999945640564,0.0,0.0
2018-03-19,2.651000022888184,2.7100000381469727,2.640000104904175,2.683000087738037,115506,0.003976500034332276,0.0,0.0
2018-03-20,2.674999952316284,2.694999933242798,2.650000095367432,2.6600000858306885,126457,0.004012499928474427,0.0,0.0
2018-03-21,2.638000011444092,2.7079999446868896,2.634000062942505,2.677000045776367,135651,0.003957000017166138,0.0,0.0
2018-03-22,2.617000102996826,2.6670000553131104,2.611000061035156,2.6480000019073486,103060,0.00392550015449524,0.0,0.0
2018-03-23,2.5910000801086426,2.627000093460083,2.5789999961853027,2.61899995803833,57008,0.003886500120162964,0.0,0.0
2018-03-26,2.618000030517578,2.6419999599456787,2.565000057220459,2.588000059127808,52520,0.003927000045776367,0.0,0.0
2018-03-27,2.690999984741211,2.7070000171661377,2.622999906539917,2.63100004196167,148928,0.004036499977111817,0.0,0.0
2018-03-28,2.697999954223633,2.7309999465942383,2.690000057220459,2.7179999351501465,85532,0.00404699993133545,0.0,0.0
2018-03-29,2.7330000400543213,2.763999938964844,2.697999954223633,2.7060000896453857,160014,0.004099500060081482,0.0,0.0
2018-04-02,2.683000087738037,2.759000062942505,2.650000095367432,2.7300000190734863,165214,0.004024500131607055,0.0,0.0
2018-04-03,2.697000026702881,2.7070000171661377,2.6670000553131104,2.678999900817871,112561,0.0040455000400543215,0.0,0.0
2018-04-04,2.7179999351501465,2.746000051498413,2.674999952316284,2.696000099182129,139580,0.00407699990272522,0.0,0.0
2018-04-05,2.674999952316284,2.7149999141693115,2.651000022888184,2.711999893188477,160236,0.004012499928474427,0.0,0.0
2018-04-06,2.700999975204468,2.7170000076293945,2.674999952316284,2.680000066757202,135394,0.0040514999628067025,0.0,0.0
2018-04-09,2.693000078201294,2.7039999961853027,2.640000104904175,2.678999900817871,220804,0.004039500117301941,0.0,0.0
2018-04-10,2.6559998989105225,2.7260000705718994,2.6429998874664307,2.6989998817443848,219226,0.003983999848365784,0.0,0.0
2018-04-11,2.674999952316284,2.690000057220459,2.621000051498413,2.6610000133514404,180073,0.004012499928474427,0.0,0.0
2018-04-12,2.686000108718872,2.700000047683716,2.6470000743865967,2.674999952316284,179513,0.004029000163078308,0.0,0.0
2018-04-13,2.734999895095825,2.759999990463257,2.674000024795532,2.688999891281128,167242,0.004102499842643738,0.0,0.0
2018-04-16,2.752000093460083,2.7790000438690186,2.739000082015991,2.753000020980835,116448,0.004128000140190125,0.0,0.0
2018-04-17,2.73799991607666,2.760999917984009,2.7109999656677246,2.746999979019165,94016,0.0041069998741149905,0.0,0.0
2018-04-18,2.739000082015991,2.789999961853028,2.733999967575073,2.740999937057495,128915,0.004108500123023987,0.0,0.0
2018-04-19,2.6600000858306885,2.750999927520752,2.657999992370605,2.74399995803833,233754,0.0039900001287460326,0.0,0.0
2018-04-20,2.739000082015991,2.746000051498413,2.657999992370605,2.674999952316284,162640,0.004108500123023987,0.0,0.0
2018-04-23,2.740000009536743,2.756999969482422,2.7060000896453857,2.744999885559082,110246,0.004110000014305115,0.0,0.0
2018-04-24,2.7809998989105225,2.7890000343322754,2.7279999256134038,2.744999885559082,63431,0.004171499848365783,0.0,0.0
2018-04-25,2.7860000133514404,2.7980000972747803,2.755000114440918,2.782000064849853,57673,0.004179000020027161,0.0,0.0
2018-04-26,2.821000099182129,2.83899998664856,2.7790000438690186,2.7869999408721924,159934,0.0042315001487731934,0.0,0.0
2018-04-27,2.7709999084472656,2.8340001106262207,2.7679998874664307,2.825999975204468,129328,0.004156499862670898,0.0,0.0
2018-04-30,2.763000011444092,2.7780001163482666,2.7279999256134038,2.763000011444092,128248,0.004144500017166138,0.0,0.0
2018-05-01,2.802000045776367,2.819999933242798,2.759000062942505,2.763999938964844,166920,0.004203000068664551,0.0,0.0
2018-05-02,2.753999948501587,2.811000108718872,2.744999885559082,2.805000066757202,126751,0.00413099992275238,0.0,0.0
2018-05-03,2.7260000705718994,2.7730000019073486,2.700000047683716,2.759000062942505,161671,0.004089000105857849,0.0,0.0
2018-05-04,2.7109999656677246,2.742000102996826,2.70199990272522,2.7309999465942383,113276,0.004066499948501587,0.0,0.0
2018-05-07,2.740999937057495,2.7699999809265137,2.694999933242798,2.7100000381469727,160122,0.0041114999055862425,0.0,0.0
2018-05-08,2.7320001125335693,2.7730000019073486,2.7060000896453857,2.736000061035156,153614,0.004098000168800354,0.0,0.0
2018-05-09,2.736999988555908,2.759000062942505,2.7249999046325684,2.739000082015991,117167,0.004105499982833862,0.0,0.0
2018-05-10,2.813999891281128,2.819999933242798,2.7090001106262207,2.736000061035156,242955,0.004220999836921692,0.0,0.0
2018-05-11,2.805999994277954,2.819999933242798,2.7929999828338623,2.808000087738037,119502,0.004208999991416931,0.0,0.0
2018-05-14,2.8420000076293945,2.8469998836517334,2.7980000972747803,2.825000047683716,130605,0.004263000011444092,0.0,0.0
2018-05-15,2.8359999656677246,2.864000082015991,2.8239998817443848,2.8340001106262207,107086,0.004253999948501587,0.0,0.0
2018-05-16,2.815000057220459,2.844000101089477,2.809000015258789,2.82699990272522,105943,0.004222500085830689,0.0,0.0
2018-05-17,2.858999967575073,2.861999988555908,2.7799999713897705,2.816999912261963,182971,0.00428849995136261,0.0,0.0
2018-05-18,2.8469998836517334,2.869999885559082,2.8320000171661377,2.8529999256134038,110778,0.0042704998254776,0.0,0.0
2018-05-21,2.809999942779541,2.8469998836517334,2.805999994277954,2.825999975204468,127049,0.004214999914169312,0.0,0.0
2018-05-22,2.907999992370605,2.9170000553131104,2.815999984741211,2.82699990272522,181131,0.004361999988555907,0.0,0.0
2018-05-23,2.9140000343322754,2.938999891281128,2.8980000019073486,2.9019999504089355,111803,0.004371000051498413,0.0,0.0
2018-05-24,2.940000057220459,2.940999984741211,2.9040000438690186,2.924000024795532,66352,0.004410000085830689,0.0,0.0
2018-05-25,2.938999891281128,2.96399998664856,2.9119999408721924,2.930999994277954,77032,0.004408499836921692,0.0,0.0
2018-05-29,2.875,2.9600000381469727,2.838000059127808,2.9600000381469727,212197,0.0043125,0.0,0.0
2018-05-30,2.884999990463257,2.9059998989105225,2.867000102996826,2.901000022888184,103499,0.004327499985694885,0.0,0.0
2018-05-31,2.95199990272522,2.98799991607666,2.88700008392334,2.8910000324249268,192343,0.00442799985408783,0.0,0.0
2018-06-01,2.961999893188477,2.9830000400543213,2.931999921798706,2.950999975204468,90936,0.004442999839782716,0.0,0.0
2018-06-04,2.930000066757202,2.9800000190734863,2.9230000972747803,2.9739999771118164,100049,0.004395000100135803,0.0,0.0
2018-06-05,2.890000104904175,2.930999994277954,2.874000072479248,2.9200000762939453,122194,0.004335000157356262,0.0,0.0
2018-06-06,2.8959999084472656,2.9119999408721924,2.872999906539917,2.888000011444092,106066,0.0043439998626708986,0.0,0.0
2018-06-07,2.930000066757202,2.986999988555908,2.8959999084472656,2.900000095367432,213147,0.004395000100135803,0.0,0.0
2018-06-08,2.890000104904175,2.936000108718872,2.875,2.934000015258789,158581,0.004335000157356262,0.0,0.0
2018-06-11,2.9489998817443848,2.9660000801086426,2.9119999408721924,2.927000045776367,192022,0.004423499822616577,0.0,0.0
2018-06-12,2.938999891281128,2.98799991607666,2.9170000553131104,2.9539999961853027,170252,0.004408499836921692,0.0,0.0
2018-06-13,2.963000059127808,2.9790000915527344,2.9159998893737797,2.940999984741211,163496,0.0044445000886917125,0.0,0.0
2018-06-14,2.9649999141693115,2.9760000705718994,2.930000066757202,2.9579999446868896,128821,0.004447499871253967,0.0,0.0
2018-06-15,3.0220000743865967,3.0339999198913574,2.930000066757202,2.9579999446868896,169685,0.004533000111579895,0.0,0.0
2018-06-18,2.950999975204468,3.052999973297119,2.944999933242798,3.0510001182556152,164885,0.004426499962806703,0.0,0.0
2018-06-19,2.900000095367432,2.9549999237060547,2.88700008392334,2.95199990272522,148888,0.004350000143051148,0.0,0.0
2018-06-20,2.96399998664856,2.969000101089477,2.9119999408721924,2.9179999828338623,141781,0.00444599997997284,0.0,0.0
2018-06-21,2.9749999046325684,3.01200008392334,2.947000026702881,2.9660000801086426,129672,0.004462499856948853,0.0,0.0
2018-06-22,2.944999933242798,2.990999937057495,2.9260001182556152,2.9820001125335693,101303,0.004417499899864197,0.0,0.0
2018-06-25,2.9230000972747803,2.943000078201294,2.8970000743865967,2.9260001182556152,54241,0.004384500145912171,0.0,0.0
2018-06-26,2.938999891281128,2.9549999237060547,2.907000064849853,2.930999994277954,39903,0.004408499836921692,0.0,0.0
2018-06-27,2.996000051498413,3.006999969482422,2.950000047683716,2.9539999961853027,161502,0.0044940000772476195,0.0,0.0
2018-06-28,2.940000057220459,3.0209999084472656,2.930000066757202,2.98799991607666,157118,0.004410000085830689,0.0,0.0
2018-06-29,2.924000024795532,2.9539999961853027,2.9100000858306885,2.950999975204468,116419,0.004386000037193298,0.0,0.0
2018-07-02,2.861999988555908,2.927000045776367,2.851999998092652,2.9200000762939453,165518,0.0042929999828338625,0.0,0.0
2018-07-03,2.869999885559082,2.9030001163482666,2.851999998092652,2.861000061035156,121584,0.004304999828338623,0.0,0.0
2018-07-05,2.836999893188477,2.884000062942505,2.825999975204468,2.8420000076293945,128995,0.004255499839782716,0.0,0.0
2018-07-06,2.8580000400543213,2.861999988555908,2.8239998817443848,2.8299999237060547,105972,0.004287000060081482,0.0,0.0
2018-07-09,2.828000068664551,2.865000009536743,2.816999912261963,2.83899998664856,126582,0.0042420001029968265,0.0,0.0
2018-07-10,2.7880001068115234,2.8350000381469727,2.782000064849853,2.8289999961853027,127274,0.004182000160217286,0.0,0.0
2018-07-11,2.8289999961853027,2.8320000171661377,2.7799999713897705,2.7869999408721924,111015,0.004243499994277954,0.0,0.0
2018-07-12,2.796999931335449,2.82699990272522,2.7890000343322754,2.822000026702881,114889,0.004195499897003174,0.0,0.0
2018-07-13,2.752000093460083,2.812000036239624,2.75,2.802000045776367,134285,0.004128000140190125,0.0,0.0
2018-07-16,2.759000062942505,2.7780001163482666,2.734999895095825,2.765000104904175,110054,0.004138500094413757,0.0,0.0
2018-07-17,2.740000009536743,2.7880001068115234,2.7309999465942383,2.7679998874664307,109351,0.004110000014305115,0.0,0.0
2018-07-18,2.720999956130981,2.753999948501587,2.720000028610229,2.74399995803833,111413,0.004081499934196472,0.0,0.0
2018-07-19,2.7690000534057617,2.776000022888184,2.7039999961853027,2.7309999465942383,134437,0.004153500080108643,0.0,0.0
2018-07-20,2.756999969482422,2.7839999198913574,2.753999948501587,2.7669999599456787,92132,0.004135499954223633,0.0,0.0
2018-07-23,2.720999956130981,2.740999937057495,2.713000059127808,2.736999988555908,109970,0.004081499934196472,0.0,0.0
2018-07-24,2.7320001125335693,2.74399995803833,2.7100000381469727,2.7230000495910645,78517,0.004098000168800354,0.0,0.0
2018-07-25,2.775000095367432,2.7799999713897705,2.734999895095825,2.739000082015991,45441,0.004162500143051149,0.0,0.0
2018-07-26,2.7799999713897705,2.799000024795532,2.7690000534057617,2.7769999504089355,44274,0.004169999957084656,0.0,0.0
2018-07-27,2.822000026702881,2.8310000896453857,2.7690000534057617,2.775000095367432,104665,0.004233000040054322,0.0,0.0
2018-07-30,2.796999931335449,2.813999891281128,2.7660000324249268,2.7939999103546143,124253,0.004195499897003174,0.0,0.0
2018-07-31,2.782000064849853,2.8310000896453857,2.7720000743865967,2.8010001182556152,154916,0.00417300009727478,0.0,0.0
2018-08-01,2.757999897003174,2.7880001068115234,2.74399995803833,2.7799999713897705,118788,0.0041369998455047605,0.0,0.0
2018-08-02,2.815999984741211,2.828000068664551,2.740000009536743,2.744999885559082,175996,0.004223999977111817,0.0,0.0
2018-08-03,2.8529999256134038,2.861999988555908,2.813999891281128,2.819000005722046,150124,0.004279499888420106,0.0,0.0
2018-08-06,2.859999895095825,2.865000009536743,2.822000026702881,2.8510000705718994,99786,0.004289999842643738,0.0,0.0
2018-08-07,2.8970000743865967,2.900000095367432,2.8570001125335693,2.861000061035156,153532,0.004345500111579895,0.0,0.0
2018-08-08,2.9489998817443848,2.950999975204468,2.884000062942505,2.8929998874664307,195739,0.004423499822616577,0.0,0.0
2018-08-09,2.9549999237060547,2.9590001106262207,2.930000066757202,2.943000078201294,177236,0.004432499885559082,0.0,0.0
2018-08-10,2.944000005722046,2.9549999237060547,2.9170000553131104,2.946000099182129,140737,0.004416000008583069,0.0,0.0
2018-08-13,2.930000066757202,2.946000099182129,2.8970000743865967,2.936000108718872,126594,0.004395000100135803,0.0,0.0
2018-08-14,2.9590001106262207,2.9739999771118164,2.921999931335449,2.9260001182556152,123286,0.0044385001659393315,0.0,0.0
2018-08-15,2.940000057220459,2.963000059127808,2.930000066757202,2.95199990272522,93169,0.004410000085830689,0.0,0.0
2018-08-16,2.907999992370605,2.9489998817443848,2.8910000324249268,2.938999891281128,125459,0.004361999988555907,0.0,0.0
2018-08-17,2.946000099182129,2.9679999351501465,2.907999992370605,2.907999992370605,119417,0.004419000148773194,0.0,0.0
2018-08-20,2.940999984741211,2.9539999961853027,2.9030001163482666,2.940000057220459,123494,0.004411499977111816,0.0,0.0
2018-08-21,2.9800000190734863,2.990999937057495,2.953000068664551,2.953000068664551,112317,0.00447000002861023,0.0,0.0
2018-08-22,2.9560000896453857,2.993000030517578,2.953000068664551,2.990999937057495,96252,0.004434000134468079,0.0,0.0
2018-08-23,2.96399998664856,2.9820001125335693,2.934999942779541,2.9579999446868896,106844,0.00444599997997284,0.0,0.0
2018-08-24,2.9170000553131104,2.9790000915527344,2.9110000133514404,2.9719998836517334,101424,0.004375500082969666,0.0,0.0
2018-08-27,2.875999927520752,2.914999961853028,2.874000072479248,2.907999992370605,61681,0.004313999891281128,0.0,0.0
2018-08-28,2.851999998092652,2.882999897003174,2.845000028610229,2.875999927520752,41928,0.0042779999971389775,0.0,0.0
2018-08-29,2.8949999809265137,2.9049999713897705,2.8429999351501465,2.8570001125335693,137941,0.00434249997138977,0.0,0.0
2018-08-30,2.874000072479248,2.890000104904175,2.8410000801086426,2.875,116910,0.004311000108718872,0.0,0.0
2018-08-31,2.9159998893737797,2.930999994277954,2.881999969482422,2.885999917984009,121714,0.004373999834060669,0.0,0.0
2018-09-04,2.822999954223633,2.874000072479248,2.812000036239624,2.861999988555908,217010,0.004234499931335449,0.0,0.0
2018-09-05,2.7950000762939453,2.8429999351501465,2.7860000133514404,2.815000057220459,138639,0.004192500114440918,0.0,0.0
2018-09-06,2.7720000743865967,2.796999931335449,2.765000104904175,2.7929999828338623,141042,0.004158000111579895,0.0,0.0
2018-09-07,2.776000022888184,2.7850000858306885,2.759000062942505,2.7769999504089355,112500,0.004164000034332276,0.0,0.0
2018-09-10,2.803999900817871,2.813999891281128,2.752000093460083,2.7699999809265137,160402,0.004205999851226807,0.0,0.0
2018-09-11,2.828000068664551,2.8359999656677246,2.7850000858306885,2.806999921798706,135665,0.0042420001029968265,0.0,0.0
2018-09-12,2.8289999961853027,2.86899995803833,2.818000078201294,2.828000068664551,156788,0.004243499994277954,0.0,0.0
2018-09-13,2.816999912261963,2.8559999465942383,2.805000066757202,2.8239998817443848,143259,0.004225499868392944,0.0,0.0
2018-09-14,2.7669999599456787,2.813999891281128,2.76200008392334,2.809999942779541,151714,0.004150499939918518,0.0,0.0
2018-09-17,2.813999891281128,2.8299999237060547,2.7720000743865967,2.7739999294281006,174821,0.004220999836921692,0.0,0.0
2018-09-18,2.933000087738037,2.937000036239624,2.811000108718872,2.813999891281128,238589,0.004399500131607056,0.0,0.0
2018-09-19,2.907999992370605,2.947999954223633,2.8980000019073486,2.9260001182556152,148133,0.004361999988555907,0.0,0.0
2018-09-20,2.9760000705718994,2.990999937057495,2.885999917984009,2.9040000438690186,192073,0.0044640001058578495,0.0,0.0
2018-09-21,2.976999998092652,2.989000082015991,2.937999963760376,2.961999893188477,118893,0.004465499997138978,0.0,0.0
2018-09-24,3.0380001068115234,3.0480000972747803,2.950999975204468,2.9730000495910645,80660,0.004557000160217285,0.0,0.0
2018-09-25,3.0820000171661377,3.086999893188477,3.0199999809265137,3.0429999828338623,62946,0.004623000025749207,0.0,0.0
2018-09-26,3.0209999084472656,3.088000059127808,2.9809999465942383,3.0789999961853027,227062,0.004531499862670899,0.0,0.0
2018-09-27,3.055999994277954,3.111000061035156,2.963000059127808,2.9719998836517334,250438,0.004583999991416931,0.0,0.0
2018-09-28,3.007999897003174,3.062000036239624,2.976999998092652,3.056999921798706,166734,0.004511999845504761,0.0,0.0
2018-10-01,3.094000101089477,3.117000102996826,3.000999927520752,3.006999969482422,202839,0.004641000151634216,0.0,0.0
2018-10-02,3.1659998893737797,3.194000005722046,3.108999967575073,3.114000082015991,239367,0.00474899983406067,0.0,0.0
2018-10-03,3.2300000190734863,3.260999917984009,3.1549999713897705,3.1640000343322754,207041,0.00484500002861023,0.0,0.0
2018-10-04,3.164999961853028,3.25,3.128999948501587,3.23799991607666,242158,0.004747499942779542,0.0,0.0
2018-10-05,3.1429998874664307,3.2239999771118164,3.108999967575073,3.188999891281128,199270,0.004714499831199646,0.0,0.0
2018-10-08,3.2669999599456787,3.2939999103546143,3.174000024795532,3.181999921798706,233743,0.004900499939918518,0.0,0.0
2018-10-09,3.2660000324249268,3.368000030517578,3.236999988555908,3.2809998989105225,287648,0.00489900004863739,0.0,0.0
2018-10-10,3.2839999198913574,3.3580000400543213,3.250999927520752,3.305999994277954,236725,0.004925999879837036,0.0,0.0
2018-10-11,3.2219998836517334,3.2869999408721924,3.1530001163482666,3.276000022888184,264678,0.0048329998254776005,0.0,0.0
2018-10-12,3.1610000133514404,3.2699999809265137,3.138000011444092,3.233999967575073,176415,0.0047415000200271605,0.0,0.0
2018-10-15,3.242000102996826,3.2730000019073486,3.177000045776367,3.2239999771118164,159110,0.00486300015449524,0.0,0.0
2018-10-16,3.239000082015991,3.311000108718872,3.2100000381469727,3.257999897003174,132488,0.004858500123023987,0.0,0.0
2018-10-17,3.319999933242798,3.3399999141693115,3.240000009536743,3.253000020980835,157395,0.004979999899864197,0.0,0.0
2018-10-18,3.197999954223633,3.322999954223633,3.193000078201294,3.319000005722046,183520,0.0047969999313354494,0.0,0.0
2018-10-19,3.25,3.257999897003174,3.1549999713897705,3.2260000705718994,142392,0.004875,0.0,0.0
2018-10-22,3.138000011444092,3.246999979019165,3.125999927520752,3.226999998092652,172062,0.004707000017166138,0.0,0.0
2018-10-23,3.211999893188477,3.240000009536743,3.111000061035156,3.134000062942505,178745,0.0048179998397827155,0.0,0.0
2018-10-24,3.1659998893737797,3.25,3.1589999198913574,3.2160000801086426,113607,0.00474899983406067,0.0,0.0
2018-10-25,3.20199990272522,3.2330000400543213,3.1530001163482666,3.184999942779541,63881,0.0048029998540878305,0.0,0.0
2018-10-26,3.184999942779541,3.203000068664551,3.101999998092652,3.1689999103546143,64445,0.004777499914169312,0.0,0.0
2018-10-29,3.184999942779541,3.1989998817443848,3.0999999046325684,3.138999938964844,144076,0.004777499914169312,0.0,0.0
2018-10-30,3.187000036239624,3.2809998989105225,3.1659998893737797,3.184000015258789,146788,0.004780500054359436,0.0,0.0
2018-10-31,3.260999917984009,3.2939999103546143,3.2070000171661377,3.2100000381469727,175407,0.004891499876976013,0.0,0.0
2018-11-01,3.236999988555908,3.318000078201294,3.2160000801086426,3.2839999198913574,152755,0.004855499982833862,0.0,0.0
2018-11-02,3.2839999198913574,3.312999963760376,3.1659998893737797,3.239000082015991,168964,0.004925999879837036,0.0,0.0
2018-11-05,3.566999912261963,3.575999975204468,3.437000036239624,3.470999956130981,307244,0.005350499868392944,0.0,0.0
2018-11-06,3.555000066757202,3.5810000896453857,3.513999938964844,3.549999952316284,178558,0.005332500100135804,0.0,0.0
2018-11-07,3.555000066757202,3.559999942779541,3.486000061035156,3.5429999828338623,173381,0.005332500100135804,0.0,0.0
2018-11-08,3.5429999828338623,3.568000078201294,3.493000030517578,3.5299999713897705,166771,0.005314499974250793,0.0,0.0
2018-11-09,3.7190001010894775,3.8239998817443848,3.552000045776367,3.555000066757202,288059,0.005578500151634217,0.0,0.0
2018-11-12,3.788000106811523,3.953999996185303,3.734999895095825,3.744999885559082,243969,0.005682000160217284,0.0,0.0
2018-11-13,4.10099983215332,4.110000133514404,3.901999950408936,3.934000015258789,345403,0.006151499748229981,0.0,0.0
2018-11-14,4.836999893188477,4.928999900817871,4.050000190734863,4.072000026702881,459196,0.007255499839782715,0.0,0.0
2018-11-15,4.038000106811523,4.800000190734863,3.881999969482422,4.671999931335449,362508,0.0060570001602172855,0.0,0.0
2018-11-16,4.271999835968018,4.389999866485596,3.9070000648498535,3.9070000648498535,270717,0.006407999753952027,0.0,0.0
2018-11-19,4.699999809265137,4.77899980545044,4.427000045776367,4.625,264570,0.007049999713897705,0.0,0.0
2018-11-20,4.5229997634887695,4.671999931335449,4.27400016784668,4.583000183105469,238948,0.0067844996452331545,0.0,0.0
2018-11-21,4.451000213623047,4.863999843597412,4.420000076293945,4.535999774932861,197741,0.0066765003204345705,0.0,0.0
2018-11-23,4.308000087738037,4.563000202178955,4.2220001220703125,4.241000175476074,121022,0.006462000131607056,0.0,0.0
2018-11-26,4.248000144958496,4.2820000648498535,3.990000009536743,4.067999839782715,67981,0.006372000217437744,0.0,0.0
2018-11-27,4.26200008392334,4.324999809265137,4.104000091552734,4.223999977111816,62830,0.00639300012588501,0.0,0.0
2018-11-28,4.715000152587891,4.806000232696533,4.190000057220459,4.198999881744385,294417,0.007072500228881836,0.0,0.0
2018-11-29,4.645999908447266,4.673999786376953,4.452000141143799,4.671000003814697,191435,0.006968999862670898,0.0,0.0
2018-11-30,4.611999988555908,4.776000022888184,4.4730000495910645,4.584000110626221,167700,0.006917999982833862,0.0,0.0
2018-12-03,4.339000225067139,4.535999774932861,4.243000030517578,4.526999950408936,190568,0.006508500337600708,0.0,0.0
2018-12-04,4.456999778747559,4.573999881744385,4.357999801635742,4.392000198364258,159868,0.006685499668121338,0.0,0.0
2018-12-06,4.327000141143799,4.488999843597412,4.270999908447266,4.449999809265137,132563,0.0064905002117156985,0.0,0.0
2018-12-07,4.48799991607666,4.570000171661377,4.230999946594238,4.3480000495910645,182159,0.00673199987411499,0.0,0.0
2018-12-10,4.545000076293945,4.665999889373779,4.389999866485596,4.590000152587891,190053,0.006817500114440918,0.0,0.0
2018-12-11,4.4070000648498535,4.586999893188477,4.3480000495910645,4.506999969482422,175748,0.00661050009727478,0.0,0.0
2018-12-12,4.136000156402588,4.4070000648498535,4.080999851226807,4.36299991607666,198284,0.006204000234603882,0.0,0.0
2018-12-13,4.124000072479248,4.307000160217285,4.050000190734863,4.0960001945495605,193403,0.006186000108718872,0.0,0.0
2018-12-14,3.82699990272522,4.093999862670898,3.786999940872192,4.072999954223633,163126,0.0057404998540878304,0.0,0.0
2018-12-17,3.5280001163482666,3.742000102996826,3.5160000324249268,3.619999885559082,142406,0.0052920001745224,0.0,0.0
2018-12-18,3.838000059127808,3.849999904632568,3.565999984741211,3.595999956130981,149555,0.005757000088691712,0.0,0.0
2018-12-19,3.7260000705718994,3.892999887466431,3.562999963760376,3.83899998664856,136944,0.00558900010585785,0.0,0.0
2018-12-20,3.5829999446868896,3.937999963760376,3.572000026702881,3.732000112533569,151305,0.005374499917030335,0.0,0.0
2018-12-21,3.815999984741211,3.828999996185303,3.595000028610229,3.680999994277954,99255,0.005723999977111816,0.0,0.0
2018-12-24,3.4670000076293945,3.845999956130981,3.4489998817443848,3.757999897003174,44120,0.005200500011444092,0.0,0.0
2018-12-26,3.5429999828338623,3.5859999656677246,3.315000057220459,3.4560000896453857,42121,0.005314499974250793,0.0,0.0
2018-12-27,3.641999959945679,3.6659998893737793,3.440999984741211,3.5,144895,0.0054629999399185185,0.0,0.0
2018-12-28,3.302999973297119,3.5269999504089355,3.2780001163482666,3.506999969482422,132470,0.004954499959945679,0.0,0.0
2018-12-31,2.940000057220459,3.140000104904175,2.930000066757202,3.125,160853,0.004410000085830689,0.0,0.0
2019-01-02,2.9579999446868896,3.0390000343322754,2.9049999713897705,2.9210000038146973,147676,0.004436999917030335,0.0,0.0
2019-01-03,2.944999933242798,3.010999917984009,2.878000020980835,2.963000059127808,115803,0.004417499899864197,0.0,0.0
2019-01-04,3.0439999103546143,3.049000024795532,2.8940000534057617,2.9140000343322754,122576,0.004565999865531922,0.0,0.0
2019-01-07,2.944000005722046,2.99399995803833,2.9100000858306885,2.961999893188477,109247,0.004416000008583069,0.0,0.0
2019-01-08,2.9670000076293945,3.052999973297119,2.947999954223633,2.950000047683716,132229,0.004450500011444092,0.0,0.0
2019-01-09,2.983999967575073,3.0190000534057617,2.938999891281128,3.007999897003174,120962,0.004475999951362609,0.0,0.0
2019-01-10,2.969000101089477,3.08899998664856,2.9609999656677246,2.990000009536743,154176,0.004453500151634216,0.0,0.0
2019-01-11,3.0989999771118164,3.1659998893737797,2.990999937057495,2.994999885559082,135464,0.004648499965667725,0.0,0.0
2019-01-14,3.5910000801086426,3.618000030517578,3.2809998989105225,3.325000047683716,224296,0.005386500120162964,0.0,0.0
2019-01-15,3.500999927520752,3.721999883651733,3.433000087738037,3.63100004196167,184629,0.005251499891281128,0.0,0.0
2019-01-16,3.384000062942505,3.696000099182129,3.338000059127808,3.4560000896453857,191996,0.005076000094413758,0.0,0.0
2019-01-17,3.4130001068115234,3.5929999351501465,3.367000102996826,3.4119999408721924,158111,0.0051195001602172855,0.0,0.0
2019-01-18,3.4820001125335693,3.499000072479248,3.200999975204468,3.436000108718872,160238,0.005223000168800354,0.0,0.0
2019-01-22,3.039999961853028,3.361000061035156,3.026000022888184,3.32699990272522,183142,0.004559999942779541,0.0,0.0
2019-01-23,2.9800000190734863,3.1670000553131104,2.9570000171661377,3.058000087738037,132844,0.00447000002861023,0.0,0.0
2019-01-24,3.0989999771118164,3.1559998989105225,2.98799991607666,3.025000095367432,97939,0.004648499965667725,0.0,0.0
2019-01-25,3.177999973297119,3.2070000171661377,3.046999931335449,3.1600000858306885,52017,0.0047669999599456786,0.0,0.0
2019-01-28,2.9110000133514404,2.9830000400543213,2.888000011444092,2.9260001182556152,45802,0.004366500020027161,0.0,0.0
2019-01-29,2.950000047683716,2.970000028610229,2.7890000343322754,2.924999952316284,163697,0.004425000071525574,0.0,0.0
2019-01-30,2.8540000915527344,2.9189999103546143,2.845999956130981,2.9089999198913574,92035,0.004281000137329101,0.0,0.0
2019-01-31,2.813999891281128,2.9179999828338623,2.802000045776367,2.868000030517578,130106,0.004220999836921692,0.0,0.0
2019-02-01,2.733999967575073,2.8499999046325684,2.7300000190734863,2.8320000171661377,124495,0.0041009999513626095,0.0,0.0
2019-02-04,2.6600000858306885,2.7330000400543213,2.6549999713897705,2.7049999237060547,116490,0.0039900001287460326,0.0,0.0
2019-02-05,2.6619999408721924,2.7079999446868896,2.638999938964844,2.6659998893737797,82246,0.003992999911308289,0.0,0.0
2019-02-06,2.6619999408721924,2.720000028610229,2.651000022888184,2.684999942779541,98332,0.003992999911308289,0.0,0.0
2019-02-07,2.5510001182556152,2.690999984741211,2.549000024795532,2.681999921798706,211794,0.003826500177383423,0.0,0.0
2019-02-08,2.5829999446868896,2.619999885559082,2.558000087738037,2.572999954223633,147876,0.0038744999170303345,0.0,0.0
2019-02-11,2.6419999599456787,2.74399995803833,2.638000011444092,2.650000095367432,202418,0.003962999939918518,0.0,0.0
2019-02-12,2.687999963760376,2.697999954223633,2.618000030517578,2.6470000743865967,169233,0.004031999945640564,0.0,0.0
2019-02-13,2.575000047683716,2.6689999103546143,2.558000087738037,2.664999961853028,185480,0.0038625000715255737,0.0,0.0
2019-02-14,2.572999954223633,2.61299991607666,2.565999984741211,2.5910000801086426,101556,0.0038594999313354495,0.0,0.0
2019-02-15,2.625,2.63700008392334,2.5429999828338623,2.572000026702881,98409,0.0039375,0.0,0.0
2019-02-19,2.6619999408721924,2.6730000972747803,2.5999999046325684,2.621000051498413,151748,0.003992999911308289,0.0,0.0
2019-02-20,2.635999917984009,2.688999891281128,2.63100004196167,2.6600000858306885,110138,0.003953999876976013,0.0,0.0
2019-02-21,2.697000026702881,2.7079999446868896,2.638999938964844,2.6459999084472656,97901,0.0040455000400543215,0.0,0.0
2019-02-22,2.7170000076293945,2.7260000705718994,2.674999952316284,2.700999975204468,35118,0.0040755000114440915,0.0,0.0
2019-02-25,2.8359999656677246,2.8510000705718994,2.7330000400543213,2.756999969482422,80154,0.004253999948501587,0.0,0.0
2019-02-26,2.8550000190734863,2.907999992370605,2.815999984741211,2.8429999351501465,143686,0.0042825000286102295,0.0,0.0
2019-02-27,2.799000024795532,2.812000036239624,2.7320001125335693,2.7679998874664307,94052,0.004198500037193298,0.0,0.0
2019-02-28,2.812000036239624,2.8429999351501465,2.7869999408721924,2.808000087738037,118344,0.004218000054359436,0.0,0.0
2019-03-01,2.858999967575073,2.871999979019165,2.7799999713897705,2.805000066757202,134663,0.00428849995136261,0.0,0.0
2019-03-04,2.8570001125335693,2.888000011444092,2.821000099182129,2.845000028610229,103657,0.004285500168800354,0.0,0.0
2019-03-05,2.884000062942505,2.8919999599456787,2.8410000801086426,2.8559999465942383,103057,0.004326000094413757,0.0,0.0
2019-03-06,2.8410000801086426,2.8959999084472656,2.822000026702881,2.888999938964844,119633,0.004261500120162964,0.0,0.0
2019-03-07,2.865999937057495,2.871000051498413,2.812000036239624,2.845000028610229,116999,0.004298999905586243,0.0,0.0
2019-03-08,2.865000009536743,2.8949999809265137,2.8559999465942383,2.865000009536743,85877,0.0042975000143051145,0.0,0.0
2019-03-11,2.7720000743865967,2.8410000801086426,2.7660000324249268,2.8350000381469727,136894,0.004158000111579895,0.0,0.0
2019-03-12,2.7839999198913574,2.7980000972747803,2.752000093460083,2.7790000438690186,90018,0.004175999879837036,0.0,0.0
2019-03-13,2.819999933242798,2.83899998664856,2.76200008392334,2.7909998893737797,101209,0.004229999899864197,0.0,0.0
2019-03-14,2.8550000190734863,2.8570001125335693,2.8239998817443848,2.8329999446868896,85276,0.0042825000286102295,0.0,0.0
2019-03-15,2.7950000762939453,2.8559999465942383,2.789999961853028,2.8489999771118164,82709,0.004192500114440918,0.0,0.0
2019-03-18,2.8499999046325684,2.8570001125335693,2.7730000019073486,2.7860000133514404,102225,0.004274999856948853,0.0,0.0
2019-03-19,2.874000072479248,2.8970000743865967,2.8350000381469727,2.845000028610229,109752,0.004311000108718872,0.0,0.0
2019-03-20,2.819999933242798,2.871999979019165,2.813999891281128,2.86299991607666,114170,0.004229999899864197,0.0,0.0
2019-03-21,2.821000099182129,2.83899998664856,2.7960000038146973,2.8299999237060547,83786,0.0042315001487731934,0.0,0.0
2019-03-22,2.753000020980835,2.8239998817443848,2.720999956130981,2.821000099182129,92637,0.004129500031471252,0.0,0.0
2019-03-25,2.755000114440918,2.7660000324249268,2.7060000896453857,2.7239999771118164,49167,0.004132500171661377,0.0,0.0
2019-03-26,2.740000009536743,2.7699999809265137,2.7279999256134038,2.759000062942505,37149,0.004110000014305115,0.0,0.0
2019-03-27,2.713000059127808,2.7320001125335693,2.6710000038146973,2.7309999465942383,135190,0.004069500088691712,0.0,0.0
2019-03-28,2.711999893188477,2.752000093460083,2.7070000171661377,2.7230000495910645,78720,0.004067999839782716,0.0,0.0
2019-03-29,2.6619999408721924,2.7279999256134038,2.6559998989105225,2.720000028610229,115412,0.003992999911308289,0.0,0.0
2019-04-01,2.7079999446868896,2.7330000400543213,2.657000064849853,2.6630001068115234,129455,0.004061999917030335,0.0,0.0
2019-04-02,2.684000015258789,2.7219998836517334,2.6730000972747803,2.7060000896453857,106553,0.004026000022888184,0.0,0.0
2019-04-03,2.677000045776367,2.697000026702881,2.657999992370605,2.691999912261963,96798,0.004015500068664551,0.0,0.0
2019-04-04,2.6429998874664307,2.684999942779541,2.635999917984009,2.6730000972747803,123663,0.003964499831199646,0.0,0.0
2019-04-05,2.6640000343322754,2.680000066757202,2.631999969482422,2.6440000534057617,120318,0.003996000051498414,0.0,0.0
2019-04-08,2.7079999446868896,2.720999956130981,2.6530001163482666,2.6589999198913574,154202,0.004061999917030335,0.0,0.0
2019-04-09,2.6989998817443848,2.7249999046325684,2.680000066757202,2.7090001106262207,117345,0.004048499822616577,0.0,0.0
2019-04-10,2.700000047683716,2.7290000915527344,2.686000108718872,2.7049999237060547,127471,0.0040500000715255734,0.0,0.0
2019-04-11,2.6640000343322754,2.7100000381469727,2.6519999504089355,2.70199990272522,161210,0.003996000051498414,0.0,0.0
2019-04-12,2.6600000858306885,2.687999963760376,2.651000022888184,2.674000024795532,88007,0.0039900001287460326,0.0,0.0
2019-04-15,2.5899999141693115,2.6530001163482666,2.5850000381469727,2.6459999084472656,137630,0.0038849998712539675,0.0,0.0
2019-04-16,2.572000026702881,2.594000101089477,2.569999933242798,2.58899998664856,103427,0.0038580000400543213,0.0,0.0
2019-04-17,2.5169999599456787,2.5820000171661377,2.503000020980835,2.572000026702881,144893,0.0037754999399185183,0.0,0.0
2019-04-18,2.490000009536743,2.5209999084472656,2.4779999256134038,2.50600004196167,168002,0.003735000014305115,0.0,0.0
2019-04-22,2.5239999294281006,2.5350000858306885,2.483999967575073,2.49399995803833,105447,0.003785999894142151,0.0,0.0
2019-04-23,2.4549999237060547,2.5350000858306885,2.447000026702881,2.5280001163482666,119946,0.003682499885559082,0.0,0.0
2019-04-24,2.461999893188477,2.486999988555908,2.450000047683716,2.453000068664551,44970,0.003692999839782716,0.0,0.0
2019-04-25,2.513999938964844,2.5199999809265137,2.438999891281128,2.4749999046325684,53338,0.0037709999084472663,0.0,0.0
2019-04-26,2.565999984741211,2.5799999237060547,2.476999998092652,2.500999927520752,156419,0.0038489999771118165,0.0,0.0
2019-04-29,2.5929999351501465,2.5980000495910645,2.5460000038146973,2.578000068664551,92362,0.00388949990272522,0.0,0.0
2019-04-30,2.575000047683716,2.614000082015991,2.565000057220459,2.5929999351501465,94247,0.0038625000715255737,0.0,0.0
2019-05-01,2.619999885559082,2.625999927520752,2.561000108718872,2.572000026702881,105388,0.003929999828338623,0.0,0.0
2019-05-02,2.58899998664856,2.618000030517578,2.563999891281128,2.61299991607666,120839,0.00388349997997284,0.0,0.0
2019-05-03,2.566999912261963,2.611000061035156,2.552999973297119,2.58899998664856,89976,0.003850499868392944,0.0,0.0
2019-05-06,2.5239999294281006,2.5739998817443848,2.5160000324249268,2.565000057220459,95205,0.003785999894142151,0.0,0.0
2019-05-07,2.5369999408721924,2.555999994277954,2.513999938964844,2.515000104904175,115816,0.0038054999113082888,0.0,0.0
2019-05-08,2.609999895095825,2.615000009536743,2.5360000133514404,2.5420000553131104,167088,0.0039149998426437375,0.0,0.0
2019-05-09,2.595000028610229,2.6070001125335693,2.561000108718872,2.6040000915527344,123682,0.0038925000429153437,0.0,0.0
2019-05-10,2.61899995803833,2.6470000743865967,2.5739998817443848,2.5899999141693115,132054,0.003928499937057495,0.0,0.0
2019-05-13,2.621000051498413,2.6530001163482666,2.5980000495910645,2.615999937057495,116272,0.00393150007724762,0.0,0.0
2019-05-14,2.6589999198913574,2.6700000762939453,2.621999979019165,2.624000072479248,92883,0.003988499879837036,0.0,0.0
2019-05-15,2.6010000705718994,2.6689999103546143,2.595000028610229,2.651000022888184,123118,0.0039015001058578494,0.0,0.0
2019-05-16,2.638999938964844,2.6470000743865967,2.5859999656677246,2.6040000915527344,113105,0.003958499908447266,0.0,0.0
2019-05-17,2.63100004196167,2.6600000858306885,2.615999937057495,2.635999917984009,79764,0.003946500062942505,0.0,0.0
2019-05-20,2.6730000972747803,2.700000047683716,2.625,2.625999927520752,123606,0.00400950014591217,0.0,0.0
2019-05-21,2.61299991607666,2.6679999828338623,2.608999967575073,2.6670000553131104,144131,0.00391949987411499,0.0,0.0
2019-05-22,2.5429999828338623,2.624000072479248,2.5380001068115234,2.61899995803833,162715,0.0038144999742507936,0.0,0.0
2019-05-23,2.578000068664551,2.58899998664856,2.539999961853028,2.5510001182556152,118323,0.003867000102996826,0.0,0.0
2019-05-24,2.5980000495910645,2.6040000915527344,2.5420000553131104,2.5789999961853027,55425,0.0038970000743865966,0.0,0.0
2019-05-28,2.5820000171661377,2.61299991607666,2.5350000858306885,2.5969998836517334,47430,0.0038730000257492067,0.0,0.0
2019-05-29,2.632999897003174,2.6429998874664307,2.5799999237060547,2.5820000171661377,151085,0.003949499845504761,0.0,0.0
2019-05-30,2.546999931335449,2.628000020980835,2.5339999198913574,2.61899995803833,167474,0.0038204998970031738,0.0,0.0
2019-05-31,2.4539999961853027,2.572999954223633,2.444000005722046,2.558000087738037,198412,0.003680999994277954,0.0,0.0
2019-06-03,2.4030001163482666,2.4749999046325684,2.381999969482422,2.444000005722046,204389,0.0036045001745224,0.0,0.0
2019-06-04,2.4159998893737797,2.440999984741211,2.38100004196167,2.4130001068115234,132766,0.0036239998340606696,0.0,0.0
2019-06-05,2.378000020980835,2.4260001182556152,2.3550000190734863,2.4189999103546143,109975,0.0035670000314712525,0.0,0.0
2019-06-06,2.3239998817443848,2.3919999599456787,2.305000066757202,2.371000051498413,177943,0.0034859998226165773,0.0,0.0
2019-06-07,2.336999893188477,2.3550000190734863,2.305999994277954,2.3340001106262207,154549,0.0035054998397827156,0.0,0.0
2019-06-10,2.3570001125335693,2.365000009536743,2.3239998817443848,2.3350000381469727,169928,0.003535500168800354,0.0,0.0
2019-06-11,2.3989999294281006,2.4059998989105225,2.3359999656677246,2.361000061035156,163811,0.0035984998941421507,0.0,0.0
2019-06-12,2.385999917984009,2.4059998989105225,2.367000102996826,2.3970000743865967,148266,0.0035789998769760133,0.0,0.0
2019-06-13,2.325000047683716,2.384000062942505,2.319999933242798,2.38100004196167,180143,0.003487500071525574,0.0,0.0
2019-06-14,2.38700008392334,2.3989999294281006,2.322999954223633,2.328000068664551,132413,0.00358050012588501,0.0,0.0
2019-06-17,2.385999917984009,2.4179999828338623,2.3570001125335693,2.388999938964844,120282,0.0035789998769760133,0.0,0.0
2019-06-18,2.328000068664551,2.4040000438690186,2.318000078201294,2.372999906539917,121404,0.0034920001029968262,0.0,0.0
2019-06-19,2.276000022888184,2.3580000400543213,2.2679998874664307,2.3320000171661377,173674,0.003414000034332276,0.0,0.0
2019-06-20,2.184999942779541,2.302999973297119,2.1589999198913574,2.2799999713897705,210065,0.0032774999141693116,0.0,0.0
2019-06-21,2.186000108718872,2.2219998836517334,2.180999994277954,2.213000059127808,92237,0.003279000163078308,0.0,0.0
2019-06-24,2.302999973297119,2.315999984741211,2.194999933242798,2.197000026702881,67645,0.0034544999599456787,0.0,0.0
2019-06-25,2.308000087738037,2.315000057220459,2.255000114440918,2.302999973297119,55013,0.0034620001316070558,0.0,0.0
2019-06-26,2.2909998893737797,2.3239998817443848,2.265000104904175,2.2890000343322754,125467,0.00343649983406067,0.0,0.0
2019-06-27,2.3239998817443848,2.33899998664856,2.265000104904175,2.2709999084472656,108695,0.0034859998226165773,0.0,0.0
2019-06-28,2.308000087738037,2.364000082015991,2.299999952316284,2.319999933242798,116429,0.0034620001316070558,0.0,0.0
2019-07-01,2.2669999599456787,2.3310000896453857,2.2170000076293945,2.3299999237060547,149170,0.003400499939918518,0.0,0.0
2019-07-02,2.240000009536743,2.296999931335449,2.2320001125335693,2.2660000324249268,96732,0.003360000014305115,0.0,0.0
2019-07-03,2.289999961853028,2.2960000038146973,2.236999988555908,2.240000009536743,91186,0.0034349999427795417,0.0,0.0
2019-07-05,2.4179999828338623,2.444999933242798,2.263000011444092,2.2869999408721924,237736,0.0036269999742507934,0.0,0.0
2019-07-08,2.4030001163482666,2.4670000076293945,2.36899995803833,2.4600000381469727,201734,0.0036045001745224,0.0,0.0
2019-07-09,2.424999952316284,2.437000036239624,2.359999895095825,2.3970000743865967,202653,0.0036374999284744264,0.0,0.0
2019-07-10,2.444000005722046,2.489000082015991,2.4159998893737797,2.428999900817871,193978,0.003666000008583069,0.0,0.0
2019-07-11,2.4159998893737797,2.486999988555908,2.3929998874664307,2.444999933242798,213620,0.0036239998340606696,0.0,0.0
2019-07-12,2.453000068664551,2.4809999465942383,2.3970000743865967,2.4100000858306885,171931,0.0036795001029968264,0.0,0.0
2019-07-15,2.407999992370605,2.469000101089477,2.382999897003174,2.461999893188477,150758,0.0036119999885559076,0.0,0.0
2019-07-16,2.305999994277954,2.407999992370605,2.2980000972747803,2.3949999809265137,148940,0.003458999991416931,0.0,0.0
2019-07-17,2.303999900817871,2.345999956130981,2.289999961853028,2.318000078201294,135144,0.003455999851226807,0.0,0.0
2019-07-18,2.2869999408721924,2.3550000190734863,2.2660000324249268,2.309000015258789,173293,0.003430499911308289,0.0,0.0
2019-07-19,2.250999927520752,2.299999952316284,2.242000102996826,2.289999961853028,109057,0.003376499891281128,0.0,0.0
2019-07-22,2.312000036239624,2.322000026702881,2.2330000400543213,2.242000102996826,168620,0.003468000054359436,0.0,0.0
2019-07-23,2.299999952316284,2.328000068664551,2.2890000343322754,2.319000005722046,106903,0.0034499999284744263,0.0,0.0
2019-07-24,2.220000028610229,2.296999931335449,2.211999893188477,2.289999961853028,116590,0.0033300000429153436,0.0,0.0
2019-07-25,2.24399995803833,2.260999917984009,2.2219998836517334,2.2309999465942383,47529,0.003365999937057495,0.0,0.0
2019-07-26,2.1689999103546143,2.242000102996826,2.164999961853028,2.240000009536743,45839,0.0032534998655319213,0.0,0.0
2019-07-29,2.1410000324249268,2.181999921798706,2.119999885559082,2.174999952316284,157689,0.00321150004863739,0.0,0.0
2019-07-30,2.13700008392334,2.1419999599456787,2.1070001125335693,2.115999937057495,91715,0.00320550012588501,0.0,0.0
2019-07-31,2.2330000400543213,2.2679998874664307,2.127000093460083,2.138000011444092,221834,0.003349500060081482,0.0,0.0
2019-08-01,2.20199990272522,2.3329999446868896,2.164999961853028,2.23799991607666,251301,0.0033029998540878304,0.0,0.0
2019-08-02,2.121000051498413,2.20199990272522,2.07699990272522,2.1689999103546143,206336,0.0031815000772476196,0.0,0.0
2019-08-05,2.069999933242798,2.108999967575073,2.0290000438690186,2.078000068664551,179226,0.003104999899864197,0.0,0.0
2019-08-06,2.111000061035156,2.132999897003174,2.072999954223633,2.0910000801086426,142248,0.0031665000915527338,0.0,0.0
2019-08-07,2.0829999446868896,2.1449999809265137,2.0739998817443848,2.1029999256134038,203419,0.0031244999170303347,0.0,0.0
2019-08-08,2.128000020980835,2.1549999713897705,2.0859999656677246,2.088000059127808,191128,0.0031920000314712526,0.0,0.0
2019-08-09,2.11899995803833,2.1449999809265137,2.063999891281128,2.124000072479248,171907,0.0031784999370574954,0.0,0.0
2019-08-12,2.1050000190734863,2.157000064849853,2.095000028610229,2.124000072479248,167913,0.0031575000286102294,0.0,0.0
2019-08-13,2.1470000743865967,2.174999952316284,2.0859999656677246,2.1059999465942383,199867,0.003220500111579895,0.0,0.0
2019-08-14,2.1429998874664307,2.203000068664551,2.121999979019165,2.1589999198913574,127365,0.003214499831199646,0.0,0.0
2019-08-15,2.2320001125335693,2.2669999599456787,2.138000011444092,2.1589999198913574,206773,0.003348000168800354,0.0,0.0
2019-08-16,2.200000047683716,2.2239999771118164,2.1700000762939453,2.220000028610229,111985,0.0033000000715255736,0.0,0.0
2019-08-19,2.2100000381469727,2.220999956130981,2.134000062942505,2.1640000343322754,144757,0.003315000057220459,0.0,0.0
2019-08-20,2.2179999351501465,2.2309999465942383,2.187000036239624,2.20199990272522,107837,0.00332699990272522,0.0,0.0
2019-08-21,2.1700000762939453,2.23799991607666,2.157000064849853,2.21399998664856,193526,0.003255000114440918,0.0,0.0
2019-08-22,2.1589999198913574,2.194999933242798,2.1449999809265137,2.1689999103546143,113108,0.0032384998798370363,0.0,0.0
2019-08-23,2.1519999504089355,2.1670000553131104,2.119999885559082,2.150000095367432,81623,0.0032279999256134033,0.0,0.0
2019-08-26,2.2300000190734863,2.236999988555908,2.1589999198913574,2.1689999103546143,52780,0.0033450000286102295,0.0,0.0
2019-08-27,2.20199990272522,2.2330000400543213,2.174999952316284,2.2309999465942383,63224,0.0033029998540878304,0.0,0.0
2019-08-28,2.250999927520752,2.2769999504089355,2.194999933242798,2.200999975204468,184099,0.003376499891281128,0.0,0.0
2019-08-29,2.2960000038146973,2.309999942779541,2.2179999351501465,2.234999895095825,200414,0.003444000005722046,0.0,0.0
2019-08-30,2.2850000858306885,2.299000024795532,2.256999969482422,2.2880001068115234,124710,0.003427500128746033,0.0,0.0
2019-09-03,2.3580000400543213,2.365000009536743,2.2690000534057617,2.2880001068115234,221621,0.003537000060081482,0.0,0.0
2019-09-04,2.444999933242798,2.4570000171661377,2.33899998664856,2.345999956130981,218505,0.003667499899864197,0.0,0.0
2019-09-05,2.434999942779541,2.4679999351501465,2.388000011444092,2.441999912261963,229804,0.0036524999141693115,0.0,0.0
2019-09-06,2.496000051498413,2.505000114440918,2.4030001163482666,2.434999942779541,201585,0.0037440000772476197,0.0,0.0
2019-09-09,2.5850000381469727,2.6080000400543213,2.496000051498413,2.5269999504089355,276719,0.003877500057220459,0.0,0.0
2019-09-10,2.5799999237060547,2.6480000019073486,2.571000099182129,2.6059999465942383,259973,0.003869999885559082,0.0,0.0
2019-09-11,2.552000045776367,2.5999999046325684,2.5290000438690186,2.5810000896453857,211021,0.003828000068664551,0.0,0.0
2019-09-12,2.5739998817443848,2.5850000381469727,2.51200008392334,2.546999931335449,218446,0.0038609998226165772,0.0,0.0
2019-09-13,2.614000082015991,2.638999938964844,2.552999973297119,2.572999954223633,184455,0.003921000123023987,0.0,0.0
2019-09-16,2.680999994277954,2.700000047683716,2.6410000324249268,2.687999963760376,197192,0.004021499991416932,0.0,0.0
2019-09-17,2.6679999828338623,2.7100000381469727,2.628000020980835,2.686000108718872,180756,0.004001999974250794,0.0,0.0
2019-09-18,2.63700008392334,2.696000099182129,2.6029999256134038,2.6630001068115234,157922,0.00395550012588501,0.0,0.0
2019-09-19,2.5380001068115234,2.638999938964844,2.5299999713897705,2.638999938964844,199308,0.0038070001602172852,0.0,0.0
2019-09-20,2.5339999198913574,2.5789999961853027,2.50600004196167,2.552000045776367,130294,0.0038009998798370363,0.0,0.0
2019-09-23,2.5269999504089355,2.546999931335449,2.493000030517578,2.5220000743865967,114580,0.0037904999256134033,0.0,0.0
2019-09-24,2.503000020980835,2.5899999141693115,2.49399995803833,2.5350000858306885,56840,0.0037545000314712527,0.0,0.0
2019-09-25,2.502000093460083,2.5190000534057617,2.4549999237060547,2.496999979019165,60510,0.0037530001401901245,0.0,0.0
2019-09-26,2.427999973297119,2.539999961853028,2.390000104904175,2.513999938964844,242116,0.003641999959945679,0.0,0.0
2019-09-27,2.4040000438690186,2.450999975204468,2.380000114440918,2.4489998817443848,132791,0.003606000065803528,0.0,0.0
2019-09-30,2.3299999237060547,2.3919999599456787,2.3239998817443848,2.380000114440918,173793,0.003494999885559082,0.0,0.0
2019-10-01,2.282999992370605,2.3340001106262207,2.2679998874664307,2.325000047683716,232340,0.003424499988555908,0.0,0.0
2019-10-02,2.246999979019165,2.303999900817871,2.244999885559082,2.2869999408721924,165877,0.0033704999685287475,0.0,0.0
2019-10-03,2.3289999961853027,2.3489999771118164,2.2070000171661377,2.253999948501587,275743,0.003493499994277954,0.0,0.0
2019-10-04,2.351999998092652,2.3980000019073486,2.263000011444092,2.3359999656677246,204658,0.0035279999971389777,0.0,0.0
2019-10-07,2.302999973297119,2.3420000076293945,2.2869999408721924,2.3329999446868896,207410,0.0034544999599456787,0.0,0.0
2019-10-08,2.2880001068115234,2.322999954223633,2.2660000324249268,2.2929999828338623,182127,0.0034320001602172853,0.0,0.0
2019-10-09,2.233999967575073,2.305999994277954,2.2290000915527344,2.2880001068115234,197120,0.0033509999513626093,0.0,0.0
2019-10-10,2.2179999351501465,2.2739999294281006,2.20199990272522,2.239000082015991,216640,0.00332699990272522,0.0,0.0
2019-10-11,2.21399998664856,2.26200008392334,2.187000036239624,2.203000068664551,264184,0.00332099997997284,0.0,0.0
2019-10-14,2.2799999713897705,2.312999963760376,2.2279999256134038,2.23799991607666,171686,0.003419999957084656,0.0,0.0
2019-10-15,2.33899998664856,2.3489999771118164,2.2660000324249268,2.2850000858306885,177882,0.0035084999799728403,0.0,0.0
2019-10-16,2.302999973297119,2.384000062942505,2.2769999504089355,2.3420000076293945,191283,0.0034544999599456787,0.0,0.0
2019-10-17,2.318000078201294,2.365000009536743,2.2839999198913574,2.2920000553131104,159780,0.003477000117301941,0.0,0.0
2019-10-18,2.319999933242798,2.359999895095825,2.2890000343322754,2.319000005722046,150021,0.0034799998998641967,0.0,0.0
2019-10-21,2.23799991607666,2.322000026702881,2.213000059127808,2.319999933242798,215761,0.0033569998741149903,0.0,0.0
2019-10-22,2.2720000743865967,2.311000108718872,2.2309999465942383,2.236000061035156,234962,0.003408000111579895,0.0,0.0
2019-10-23,2.282000064849853,2.305000066757202,2.250999927520752,2.2739999294281006,146417,0.0034230000972747796,0.0,0.0
2019-10-24,2.315999984741211,2.3420000076293945,2.2690000534057617,2.2850000858306885,125646,0.0034739999771118166,0.0,0.0
2019-10-25,2.299999952316284,2.3359999656677246,2.2730000019073486,2.3310000896453857,63898,0.0034499999284744263,0.0,0.0
2019-10-28,2.446000099182129,2.470000028610229,2.345999956130981,2.365999937057495,80627,0.0036690001487731934,0.0,0.0
2019-10-29,2.5969998836517334,2.640000104904175,2.4489998817443848,2.4590001106262207,307266,0.0038954998254776,0.0,0.0
2019-10-30,2.690999984741211,2.7230000495910645,2.615999937057495,2.628000020980835,214545,0.004036499977111817,0.0,0.0
2019-10-31,2.632999897003174,2.73799991607666,2.6059999465942383,2.686000108718872,222320,0.003949499845504761,0.0,0.0
2019-11-01,2.71399998664856,2.7179999351501465,2.575000047683716,2.63700008392334,239446,0.00407099997997284,0.0,0.0
2019-11-04,2.821000099182129,2.8420000076293945,2.7809998989105225,2.7960000038146973,255674,0.0042315001487731934,0.0,0.0
2019-11-05,2.861999988555908,2.9049999713897705,2.816999912261963,2.822000026702881,218498,0.0042929999828338625,0.0,0.0
2019-11-06,2.828000068664551,2.8910000324249268,2.819999933242798,2.872999906539917,189258,0.0042420001029968265,0.0,0.0
2019-11-07,2.7720000743865967,2.881999969482422,2.753000020980835,2.822999954223633,301600,0.004158000111579895,0.0,0.0
2019-11-08,2.7890000343322754,2.822000026702881,2.755000114440918,2.7920000553131104,175962,0.004183500051498413,0.0,0.0
2019-11-11,2.63700008392334,2.7160000801086426,2.618000030517578,2.7160000801086426,250309,0.00395550012588501,0.0,0.0
2019-11-12,2.621000051498413,2.684999942779541,2.6070001125335693,2.63700008392334,199639,0.00393150007724762,0.0,0.0
2019-11-13,2.5999999046325684,2.680000066757202,2.569999933242798,2.621999979019165,206266,0.0038999998569488525,0.0,0.0
2019-11-14,2.6470000743865967,2.696000099182129,2.625,2.674000024795532,223572,0.003970500111579895,0.0,0.0
2019-11-15,2.687999963760376,2.7239999771118164,2.6059999465942383,2.635999917984009,173528,0.004031999945640564,0.0,0.0
2019-11-18,2.565999984741211,2.650000095367432,2.532999992370605,2.6410000324249268,186990,0.0038489999771118165,0.0,0.0
2019-11-19,2.509999990463257,2.559999942779541,2.500999927520752,2.546999931335449,205951,0.0037649999856948853,0.0,0.0
2019-11-20,2.559000015258789,2.5810000896453857,2.505000114440918,2.513999938964844,146056,0.003838500022888184,0.0,0.0
2019-11-21,2.566999912261963,2.595000028610229,2.526000022888184,2.565999984741211,131312,0.003850499868392944,0.0,0.0
2019-11-22,2.664999961853028,2.674999952316284,2.556999921798706,2.5850000381469727,84146,0.003997499942779542,0.0,0.0
2019-11-25,2.5309998989105225,2.7090001106262207,2.509999990463257,2.688999891281128,70298,0.003796499848365784,0.0,0.0
2019-11-26,2.470000028610229,2.532000064849853,2.4210000038146973,2.5199999809265137,241556,0.0037050000429153435,0.0,0.0
2019-11-27,2.500999927520752,2.558000087738037,2.48799991607666,2.5290000438690186,145157,0.003751499891281128,0.0,0.0
2019-11-29,2.2809998989105225,2.513000011444092,2.2699999809265137,2.496999979019165,244118,0.0034214998483657836,0.0,0.0
2019-12-02,2.3289999961853027,2.36899995803833,2.2890000343322754,2.315000057220459,219035,0.003493499994277954,0.0,0.0
2019-12-03,2.440999984741211,2.509999990463257,2.3399999141693115,2.345000028610229,307305,0.0036614999771118163,0.0,0.0
2019-12-04,2.3989999294281006,2.463000059127808,2.368000030517578,2.438999891281128,195334,0.0035984998941421507,0.0,0.0
2019-12-05,2.427000045776367,2.463000059127808,2.3959999084472656,2.4059998989105225,179532,0.0036405000686645507,0.0,0.0
2019-12-06,2.3340001106262207,2.437000036239624,2.328000068664551,2.4170000553131104,251411,0.003501000165939331,0.0,0.0
2019-12-09,2.2320001125335693,2.257999897003174,2.157999992370605,2.2100000381469727,322558,0.003348000168800354,0.0,0.0
2019-12-10,2.263999938964844,2.2890000343322754,2.2160000801086426,2.253000020980835,270886,0.0033959999084472664,0.0,0.0
2019-12-11,2.243000030517578,2.302999973297119,2.240000009536743,2.265000104904175,220222,0.0033645000457763674,0.0,0.0
2019-12-12,2.328000068664551,2.3480000495910645,2.24399995803833,2.247999906539917,258895,0.0034920001029968262,0.0,0.0
2019-12-13,2.2960000038146973,2.3420000076293945,2.253000020980835,2.3410000801086426,170403,0.003444000005722046,0.0,0.0
2019-12-16,2.3410000801086426,2.377000093460083,2.2850000858306885,2.2960000038146973,163027,0.003511500120162964,0.0,0.0
2019-12-17,2.319000005722046,2.361999988555908,2.282000064849853,2.3489999771118164,162318,0.003478500008583069,0.0,0.0
2019-12-18,2.2860000133514404,2.32699990272522,2.256999969482422,2.318000078201294,186142,0.0034290000200271607,0.0,0.0
2019-12-19,2.2730000019073486,2.302000045776367,2.2320001125335693,2.282000064849853,231822,0.003409500002861023,0.0,0.0
2019-12-20,2.328000068664551,2.345000028610229,2.2790000438690186,2.2890000343322754,153378,0.0034920001029968262,0.0,0.0
2019-12-23,2.21399998664856,2.2690000534057617,2.191999912261963,2.253999948501587,127886,0.00332099997997284,0.0,0.0
2019-12-24,2.171999931335449,2.2230000495910645,2.1619999408721924,2.20199990272522,49762,0.0032579998970031737,0.0,0.0
2019-12-26,2.2939999103546143,2.296999931335449,2.184000015258789,2.184000015258789,53813,0.0034409998655319214,0.0,0.0
2019-12-27,2.157999992370605,2.2860000133514404,2.138000011444092,2.2720000743865967,223903,0.0032369999885559077,0.0,0.0
2019-12-30,2.186000108718872,2.257999897003174,2.181999921798706,2.246999979019165,124329,0.003279000163078308,0.0,0.0
2019-12-31,2.188999891281128,2.2070000171661377,2.151000022888184,2.190999984741211,116886,0.003283499836921692,0.0,0.0
2020-01-02,2.121999979019165,2.187999963760376,2.115999937057495,2.184000015258789,164570,0.003182999968528748,0.0,0.0
2020-01-03,2.130000114440918,2.1630001068115234,2.0829999446868896,2.128999948501587,144669,0.003195000171661377,0.0,0.0
2020-01-06,2.134999990463257,2.1730000972747803,2.0989999771118164,2.111999988555908,154678,0.0032024999856948852,0.0,0.0
2020-01-07,2.1619999408721924,2.177999973297119,2.101999998092652,2.1489999294281006,163006,0.0032429999113082887,0.0,0.0
2020-01-08,2.1410000324249268,2.184999942779541,2.115000009536743,2.1530001163482666,242559,0.00321150004863739,0.0,0.0
2020-01-09,2.1659998893737797,2.1700000762939453,2.1050000190734863,2.151000022888184,230026,0.0032489998340606697,0.0,0.0
2020-01-10,2.20199990272522,2.233999967575073,2.13700008392334,2.1659998893737797,282652,0.0033029998540878304,0.0,0.0
2020-01-13,2.181999921798706,2.2260000705718994,2.1630001068115234,2.2100000381469727,232949,0.003272999882698059,0.0,0.0
2020-01-14,2.187000036239624,2.255000114440918,2.1730000972747803,2.187999963760376,281854,0.0032805000543594362,0.0,0.0
2020-01-15,2.119999885559082,2.188999891281128,2.1040000915527344,2.180999994277954,218920,0.003179999828338623,0.0,0.0
2020-01-16,2.07699990272522,2.1700000762939453,2.071000099182129,2.134000062942505,206418,0.0031154998540878303,0.0,0.0
2020-01-17,2.003000020980835,2.078000068664551,1.99399995803833,2.07699990272522,213282,0.0030045000314712525,0.0,0.0
2020-01-21,1.8949999809265137,1.9700000286102293,1.830000042915344,1.9700000286102293,255723,0.0028424999713897708,0.0,0.0
2020-01-22,1.9049999713897705,1.9420000314712524,1.8949999809265137,1.9119999408721924,240000,0.0028574999570846558,0.0,0.0
2020-01-23,1.9259999990463257,1.9800000190734863,1.9129999876022337,1.9149999618530276,179792,0.0028889999985694885,0.0,0.0
2020-01-24,1.89300000667572,1.9450000524520876,1.871999979019165,1.937999963760376,142191,0.0028395000100135803,0.0,0.0
2020-01-27,1.9019999504089355,1.9759999513626096,1.888000011444092,1.934999942779541,72170,0.0028529999256134034,0.0,0.0
2020-01-28,1.934000015258789,1.9520000219345093,1.8830000162124636,1.9019999504089355,59297,0.0029010000228881835,0.0,0.0
2020-01-29,1.8769999742507932,1.937999963760376,1.8580000400543213,1.9270000457763672,171881,0.00281549996137619,0.0,0.0
2020-01-30,1.8289999961853027,1.8860000371932983,1.815000057220459,1.878999948501587,219698,0.002743499994277954,0.0,0.0
2020-01-31,1.840999960899353,1.8559999465942385,1.812000036239624,1.8320000171661377,135678,0.0027614999413490297,0.0,0.0
2020-02-03,1.819000005722046,1.8799999952316284,1.8140000104904173,1.8519999980926516,163786,0.0027285000085830687,0.0,0.0
2020-02-04,1.871999979019165,1.888000011444092,1.8040000200271609,1.8229999542236328,184043,0.0028079999685287475,0.0,0.0
2020-02-05,1.8609999418258667,1.8839999437332156,1.825000047683716,1.8760000467300413,195459,0.0027914999127388,0.0,0.0
2020-02-06,1.861999988555908,1.906000018119812,1.8320000171661377,1.8650000095367432,186209,0.002792999982833862,0.0,0.0
2020-02-07,1.8580000400543213,1.8980000019073489,1.8420000076293943,1.8630000352859497,272131,0.002787000060081482,0.0,0.0
2020-02-10,1.7660000324249268,1.812999963760376,1.758999943733215,1.812999963760376,337225,0.00264900004863739,0.0,0.0
2020-02-11,1.787999987602234,1.7999999523162842,1.753000020980835,1.7680000066757202,278434,0.0026819999814033514,0.0,0.0
2020-02-12,1.843999981880188,1.8550000190734863,1.7890000343322754,1.7899999618530271,303309,0.002765999972820282,0.0,0.0
2020-02-13,1.825999975204468,1.86899995803833,1.8229999542236328,1.8459999561309812,280375,0.002738999962806702,0.0,0.0
2020-02-14,1.837000012397766,1.8539999723434448,1.7949999570846558,1.8279999494552608,188948,0.002755500018596649,0.0,0.0
2020-02-18,1.9809999465942385,1.9830000400543213,1.8739999532699585,1.8799999952316284,322723,0.002971499919891358,0.0,0.0
2020-02-19,1.955000042915344,1.9780000448226929,1.9450000524520876,1.968999981880188,269977,0.0029325000643730162,0.0,0.0
2020-02-20,1.919999957084656,2.025000095367432,1.906999945640564,1.9670000076293943,266245,0.002879999935626984,0.0,0.0
2020-02-21,1.9049999713897705,1.924999952316284,1.8609999418258667,1.9149999618530276,146813,0.0028574999570846558,0.0,0.0
2020-02-24,1.8270000219345093,1.8839999437332156,1.8240000009536743,1.8839999437332156,75204,0.002740500032901764,0.0,0.0
2020-02-25,1.847000002861023,1.861999988555908,1.819000005722046,1.8359999656677248,70528,0.0027705000042915345,0.0,0.0
2020-02-26,1.8209999799728396,1.8799999952316284,1.809999942779541,1.8480000495910645,163415,0.0027314999699592593,0.0,0.0
2020-02-27,1.7519999742507937,1.830999970436096,1.718999981880188,1.8279999494552608,276100,0.0026279999613761907,0.0,0.0
2020-02-28,1.684000015258789,1.75,1.6419999599456787,1.7480000257492063,218418,0.0025260000228881836,0.0,0.0
2020-03-02,1.75600004196167,1.7649999856948853,1.6799999475479126,1.6950000524520874,197987,0.002634000062942505,0.0,0.0
2020-03-03,1.7999999523162842,1.83899998664856,1.75600004196167,1.7630000114440918,207501,0.0026999999284744265,0.0,0.0
2020-03-04,1.8270000219345093,1.8450000286102293,1.784999966621399,1.8049999475479128,138206,0.002740500032901764,0.0,0.0
2020-03-05,1.7719999551773071,1.847000002861023,1.75600004196167,1.8289999961853027,152639,0.0026579999327659607,0.0,0.0
2020-03-06,1.7079999446868896,1.7669999599456787,1.7050000429153442,1.7669999599456787,213508,0.0025619999170303346,0.0,0.0
2020-03-09,1.777999997138977,1.830000042915344,1.6100000143051147,1.6779999732971191,291353,0.0026669999957084655,0.0,0.0
2020-03-10,1.9359999895095823,1.955000042915344,1.7940000295639038,1.8350000381469729,350204,0.0029039999842643736,0.0,0.0
2020-03-11,1.878000020980835,1.9980000257492063,1.8600000143051147,1.937999963760376,318547,0.0028170000314712523,0.0,0.0
2020-03-12,1.840999960899353,1.8830000162124636,1.75,1.8830000162124636,280154,0.0027614999413490297,0.0,0.0
2020-03-13,1.86899995803833,1.950999975204468,1.7949999570846558,1.809999942779541,222420,0.002803499937057495,0.0,0.0
2020-03-16,1.815000057220459,1.8539999723434448,1.777999997138977,1.8539999723434448,167169,0.0027225000858306886,0.0,0.0
2020-03-17,1.7289999723434448,1.8200000524520876,1.7109999656677246,1.7970000505447388,163792,0.0025934999585151674,0.0,0.0
2020-03-18,1.6039999723434448,1.7280000448226929,1.5549999475479126,1.7209999561309814,216851,0.0024059999585151672,0.0,0.0
2020-03-19,1.6540000438690186,1.6829999685287476,1.6019999980926514,1.631999969482422,189477,0.0024810000658035277,0.0,0.0
2020-03-20,1.6039999723434448,1.7000000476837158,1.5740000009536743,1.6469999551773071,160481,0.0024059999585151672,0.0,0.0
2020-03-23,1.6019999980926514,1.628000020980835,1.5190000534057615,1.5329999923706057,138581,0.002402999997138977,0.0,0.0
2020-03-24,1.652999997138977,1.687000036239624,1.5829999446868896,1.590000033378601,92341,0.002479499995708466,0.0,0.0
2020-03-25,1.659000039100647,1.715999960899353,1.6380000114440918,1.6729999780654907,42555,0.0024885000586509706,0.0,0.0
2020-03-26,1.6369999647140503,1.6799999475479126,1.6119999885559082,1.656999945640564,48026,0.0024554999470710755,0.0,0.0
2020-03-27,1.633999943733215,1.649999976158142,1.597000002861023,1.6399999856948853,114350,0.0024509999155998227,0.0,0.0
2020-03-30,1.690000057220459,1.7079999446868896,1.6130000352859497,1.6299999952316284,102306,0.0025350000858306884,0.0,0.0
2020-03-31,1.6399999856948853,1.7309999465942385,1.6360000371932983,1.7020000219345093,142553,0.002459999978542328,0.0,0.0
2020-04-01,1.587000012397766,1.6790000200271606,1.5800000429153442,1.6430000066757202,143668,0.0023805000185966488,0.0,0.0
2020-04-02,1.5520000457763672,1.6239999532699585,1.5210000276565552,1.590999960899353,165320,0.002328000068664551,0.0,0.0
2020-04-03,1.621000051498413,1.659000039100647,1.5299999713897705,1.5509999990463257,155164,0.00243150007724762,0.0,0.0
2020-04-06,1.7309999465942385,1.7549999952316284,1.6299999952316284,1.649999976158142,187962,0.002596499919891358,0.0,0.0
2020-04-07,1.8519999980926516,1.9119999408721924,1.746999979019165,1.758999943733215,261927,0.0027779999971389775,0.0,0.0
2020-04-08,1.7829999923706057,1.9179999828338623,1.7710000276565552,1.9049999713897705,227400,0.0026744999885559085,0.0,0.0
2020-04-09,1.7330000400543213,1.825000047683716,1.7209999561309814,1.7910000085830688,202175,0.002599500060081482,0.0,0.0
2020-04-13,1.7239999771118164,1.812999963760376,1.6979999542236328,1.7519999742507937,196125,0.0025859999656677245,0.0,0.0
2020-04-14,1.649999976158142,1.7369999885559082,1.6330000162124634,1.725000023841858,198543,0.0024749999642372134,0.0,0.0
2020-04-15,1.5980000495910645,1.6660000085830688,1.5859999656677246,1.6390000581741333,152700,0.0023970000743865965,0.0,0.0
2020-04-16,1.6859999895095823,1.718999981880188,1.5549999475479126,1.590999960899353,235589,0.0025289999842643737,0.0,0.0
2020-04-17,1.753000020980835,1.805999994277954,1.6610000133514404,1.6890000104904177,196982,0.0026295000314712526,0.0,0.0
2020-04-20,1.924000024795532,1.9700000286102293,1.7009999752044678,1.77400004863739,229817,0.002886000037193298,0.0,0.0
2020-04-21,1.8209999799728396,1.9739999771118164,1.7790000438690186,1.9429999589920044,283417,0.0027314999699592593,0.0,0.0
2020-04-22,1.9390000104904173,1.9520000219345093,1.77400004863739,1.8359999656677248,162988,0.002908500015735626,0.0,0.0
2020-04-23,1.815000057220459,1.9529999494552608,1.805999994277954,1.909999966621399,93520,0.0027225000858306886,0.0,0.0
2020-04-24,1.746000051498413,1.83899998664856,1.7020000219345093,1.8179999589920044,77810,0.0026190000772476196,0.0,0.0
2020-04-27,1.819000005722046,1.850000023841858,1.593000054359436,1.7009999752044678,67072,0.0027285000085830687,0.0,0.0
2020-04-28,1.7940000295639038,1.9229999780654907,1.7020000219345093,1.830999970436096,157779,0.002691000044345856,0.0,0.0
2020-04-29,1.86899995803833,1.9730000495910645,1.8600000143051147,1.9490000009536743,159446,0.002803499937057495,0.0,0.0
2020-04-30,1.9490000009536743,1.9529999494552608,1.825000047683716,1.878000020980835,169439,0.0029235000014305114,0.0,0.0
2020-05-01,1.8899999856948853,2.0160000324249268,1.871999979019165,1.9359999895095823,181684,0.002834999978542328,0.0,0.0
2020-05-04,1.993000030517578,2.00600004196167,1.934999942779541,1.9609999656677248,187907,0.002989500045776367,0.0,0.0
2020-05-05,2.134000062942505,2.1619999408721924,1.9809999465942385,1.991000056266785,307829,0.0032010000944137575,0.0,0.0
2020-05-06,1.944000005722046,2.111000061035156,1.9290000200271609,2.086999893188477,265466,0.002916000008583069,0.0,0.0
2020-05-07,1.8940000534057615,1.9889999628067017,1.8860000371932983,1.955999970436096,228869,0.002841000080108642,0.0,0.0
2020-05-08,1.8229999542236328,1.9270000457763672,1.8109999895095823,1.901000022888184,188400,0.0027344999313354493,0.0,0.0
2020-05-11,1.825999975204468,1.8899999856948853,1.8029999732971191,1.838000059127808,224967,0.002738999962806702,0.0,0.0
2020-05-12,1.7200000286102295,1.8489999771118164,1.684999942779541,1.847000002861023,228490,0.0025800000429153443,0.0,0.0
2020-05-13,1.616000056266785,1.741000056266785,1.5950000286102295,1.6950000524520874,254680,0.0024240000844001773,0.0,0.0
2020-05-14,1.680999994277954,1.715000033378601,1.6100000143051147,1.6430000066757202,206529,0.002521499991416931,0.0,0.0
2020-05-15,1.6460000276565552,1.7319999933242798,1.633999943733215,1.6749999523162842,169709,0.0024690000414848328,0.0,0.0
2020-05-18,1.7829999923706057,1.8509999513626096,1.7020000219345093,1.725000023841858,224943,0.0026744999885559085,0.0,0.0
2020-05-19,1.830000042915344,1.85699999332428,1.7630000114440918,1.7690000534057615,241438,0.002745000064373016,0.0,0.0
2020-05-20,1.7710000276565552,1.8890000581741333,1.743000030517578,1.8040000200271609,158342,0.002656500041484833,0.0,0.0
2020-05-21,1.7100000381469729,1.784999966621399,1.6920000314712524,1.777999997138977,99424,0.0025650000572204593,0.0,0.0
2020-05-22,1.7309999465942385,1.7599999904632568,1.6799999475479126,1.72599995136261,53714,0.002596499919891358,0.0,0.0
2020-05-26,1.7929999828338623,1.809000015258789,1.6920000314712524,1.746000051498413,44873,0.0026894999742507935,0.0,0.0
2020-05-27,1.722000002861023,1.815000057220459,1.7109999656677246,1.77400004863739,161456,0.0025830000042915344,0.0,0.0
2020-05-28,1.8270000219345093,1.8960000276565552,1.8109999895095823,1.878000020980835,160769,0.002740500032901764,0.0,0.0
2020-05-29,1.8489999771118164,1.8650000095367432,1.7630000114440918,1.819000005722046,221374,0.0027734999656677246,0.0,0.0
2020-06-01,1.77400004863739,1.8480000495910645,1.7419999837875366,1.830000042915344,205239,0.002661000072956085,0.0,0.0
2020-06-02,1.7769999504089355,1.8009999990463257,1.7580000162124634,1.7799999713897705,142957,0.002665499925613403,0.0,0.0
2020-06-03,1.8209999799728396,1.8609999418258667,1.7710000276565552,1.77400004863739,200601,0.0027314999699592593,0.0,0.0
2020-06-04,1.8220000267028809,1.8539999723434448,1.7949999570846558,1.809000015258789,114332,0.002733000040054321,0.0,0.0
2020-06-05,1.781999945640564,1.8639999628067017,1.7769999504089355,1.8209999799728396,207229,0.002672999918460846,0.0,0.0
2020-06-08,1.7890000343322754,1.815999984741211,1.75,1.809999942779541,206086,0.0026835000514984133,0.0,0.0
2020-06-09,1.7669999599456787,1.8289999961853027,1.75600004196167,1.809000015258789,207732,0.002650499939918518,0.0,0.0
2020-06-10,1.7799999713897705,1.807999968528748,1.6740000247955322,1.7630000114440918,203929,0.0026699999570846556,0.0,0.0
2020-06-11,1.812999963760376,1.8329999446868896,1.7660000324249268,1.7869999408721924,213619,0.002719499945640564,0.0,0.0
2020-06-12,1.7309999465942385,1.8220000267028809,1.7269999980926514,1.8170000314712524,148103,0.002596499919891358,0.0,0.0
2020-06-15,1.6690000295639038,1.7610000371932983,1.6610000133514404,1.753000020980835,191894,0.0025035000443458556,0.0,0.0
2020-06-16,1.6139999628067017,1.684999942779541,1.597000002861023,1.6729999780654907,167095,0.0024209999442100527,0.0,0.0
2020-06-17,1.6380000114440918,1.6480000019073486,1.6019999980926514,1.6130000352859497,150270,0.002457000017166138,0.0,0.0
2020-06-18,1.6380000114440918,1.6610000133514404,1.6109999418258667,1.6380000114440918,124793,0.002457000017166138,0.0,0.0
2020-06-19,1.6690000295639038,1.684000015258789,1.6299999952316284,1.6369999647140503,123844,0.0025035000443458556,0.0,0.0
2020-06-22,1.6640000343322754,1.712000012397766,1.6430000066757202,1.6710000038146973,121433,0.002496000051498413,0.0,0.0
2020-06-23,1.6369999647140503,1.662999987602234,1.6139999628067017,1.659999966621399,85194,0.0024554999470710755,0.0,0.0
2020-06-24,1.597000002861023,1.656000018119812,1.5850000381469729,1.6269999742507937,43229,0.0023955000042915346,0.0,0.0
2020-06-25,1.4819999933242798,1.5980000495910645,1.440000057220459,1.5950000286102295,62675,0.00222299998998642,0.0,0.0
2020-06-26,1.4950000047683716,1.5670000314712524,1.4320000410079956,1.440999984741211,117328,0.0022425000071525573,0.0,0.0
2020-06-29,1.7089999914169312,1.753000020980835,1.5579999685287476,1.5670000314712524,273247,0.002563499987125397,0.0,0.0
2020-06-30,1.7510000467300415,1.784000039100647,1.687999963760376,1.6970000267028809,186911,0.0026265000700950625,0.0,0.0
2020-07-01,1.6710000038146973,1.7580000162124634,1.6549999713897705,1.753999948501587,173543,0.002506500005722046,0.0,0.0
2020-07-02,1.7339999675750732,1.7380000352859497,1.6720000505447388,1.6929999589920044,142222,0.00260099995136261,0.0,0.0
2020-07-06,1.830000042915344,1.8639999628067017,1.7139999866485596,1.7280000448226929,249486,0.002745000064373016,0.0,0.0
2020-07-07,1.8760000467300413,1.924000024795532,1.8289999961853027,1.8289999961853027,203760,0.002814000070095062,0.0,0.0
2020-07-08,1.8240000009536743,1.8860000371932983,1.807999968528748,1.878999948501587,187548,0.0027360000014305117,0.0,0.0
2020-07-09,1.7790000438690186,1.8910000324249268,1.7719999551773071,1.8200000524520876,179261,0.002668500065803528,0.0,0.0
2020-07-10,1.8049999475479128,1.8350000381469729,1.7369999885559082,1.7760000228881836,166223,0.0027074999213218694,0.0,0.0
2020-07-13,1.7389999628067017,1.815000057220459,1.725000023841858,1.784999966621399,158853,0.0026084999442100524,0.0,0.0
2020-07-14,1.746000051498413,1.7710000276565552,1.7079999446868896,1.7289999723434448,138354,0.0026190000772476196,0.0,0.0
2020-07-15,1.777999997138977,1.7920000553131104,1.7280000448226929,1.743000030517578,93856,0.0026669999957084655,0.0,0.0
2020-07-16,1.7230000495910645,1.807999968528748,1.7029999494552612,1.7829999923706057,136973,0.0025845000743865967,0.0,0.0
2020-07-17,1.718000054359436,1.75,1.690000057220459,1.72599995136261,110717,0.002577000081539154,0.0,0.0
2020-07-20,1.6410000324249268,1.7070000171661377,1.6050000190734863,1.7000000476837158,165622,0.0024615000486373903,0.0,0.0
2020-07-21,1.6749999523162842,1.680999994277954,1.621999979019165,1.6440000534057615,131339,0.0025124999284744263,0.0,0.0
2020-07-22,1.680999994277954,1.6979999542236328,1.621999979019165,1.6690000295639038,118416,0.002521499991416931,0.0,0.0
2020-07-23,1.784999966621399,1.8049999475479128,1.6770000457763672,1.694000005722046,122590,0.0026774999499320985,0.0,0.0
2020-07-24,1.807999968528748,1.8179999589920044,1.746000051498413,1.784000039100647,71797,0.0027119999527931223,0.0,0.0
2020-07-27,1.7339999675750732,1.7999999523162842,1.7139999866485596,1.7960000038146973,37484,0.00260099995136261,0.0,0.0
2020-07-28,1.7999999523162842,1.8029999732971191,1.718999981880188,1.7309999465942385,32525,0.0026999999284744265,0.0,0.0
2020-07-29,1.8539999723434448,1.89300000667572,1.7690000534057615,1.7960000038146973,165738,0.002780999958515167,0.0,0.0
2020-07-30,1.8289999961853027,1.9279999732971191,1.8179999589920044,1.9210000038146973,165711,0.002743499994277954,0.0,0.0
2020-07-31,1.7990000247955322,1.861999988555908,1.781000018119812,1.8350000381469729,112248,0.0026985000371932983,0.0,0.0
2020-08-03,2.1010000705718994,2.1540000438690186,1.8519999980926516,1.8589999675750728,381969,0.003151500105857849,0.0,0.0
2020-08-04,2.193000078201294,2.197999954223633,2.055999994277954,2.0969998836517334,230889,0.003289500117301941,0.0,0.0
2020-08-05,2.190999984741211,2.260999917984009,2.1630001068115234,2.177999973297119,182428,0.0032864999771118164,0.0,0.0
2020-08-06,2.164999961853028,2.2839999198913574,2.135999917984009,2.2060000896453857,161993,0.0032474999427795415,0.0,0.0
2020-08-07,2.23799991607666,2.25600004196167,2.140000104904175,2.1530001163482666,206250,0.0033569998741149903,0.0,0.0
2020-08-10,2.1530001163482666,2.275000095367432,2.118000030517578,2.256999969482422,207909,0.0032295001745224,0.0,0.0
2020-08-11,2.1710000038146973,2.2309999465942383,2.134999990463257,2.164999961853028,166067,0.003256500005722046,0.0,0.0
2020-08-12,2.1519999504089355,2.164999961853028,2.0850000381469727,2.1489999294281006,175924,0.0032279999256134033,0.0,0.0
2020-08-13,2.181999921798706,2.2049999237060547,2.138999938964844,2.151000022888184,173306,0.003272999882698059,0.0,0.0
2020-08-14,2.3559999465942383,2.378999948501587,2.1710000038146973,2.190999984741211,229933,0.0035339999198913574,0.0,0.0
2020-08-17,2.33899998664856,2.3959999084472656,2.302000045776367,2.3919999599456787,143939,0.0035084999799728403,0.0,0.0
2020-08-18,2.4170000553131104,2.4649999141693115,2.305999994277954,2.344000101089477,141594,0.0036255000829696657,0.0,0.0
2020-08-19,2.4260001182556152,2.4549999237060547,2.375,2.4170000553131104,112840,0.003639000177383423,0.0,0.0
2020-08-20,2.351999998092652,2.440000057220459,2.345000028610229,2.430000066757202,146657,0.0035279999971389777,0.0,0.0
2020-08-21,2.447999954223633,2.4679999351501465,2.2799999713897705,2.3550000190734863,134959,0.0036719999313354493,0.0,0.0
2020-08-24,2.513000011444092,2.553999900817871,2.390000104904175,2.4600000381469727,101297,0.0037695000171661377,0.0,0.0
2020-08-25,2.489000082015991,2.552000045776367,2.450999975204468,2.513999938964844,43866,0.003733500123023987,0.0,0.0
2020-08-26,2.4609999656677246,2.556999921798706,2.3980000019073486,2.4800000190734863,37633,0.003691499948501587,0.0,0.0
2020-08-27,2.5789999961853027,2.5980000495910645,2.388000011444092,2.424000024795532,209678,0.0038684999942779543,0.0,0.0
2020-08-28,2.657000064849853,2.743000030517578,2.621000051498413,2.7100000381469727,152901,0.00398550009727478,0.0,0.0
2020-08-31,2.630000114440918,2.6530001163482666,2.496999979019165,2.628999948501587,203888,0.003945000171661377,0.0,0.0
2020-09-01,2.5269999504089355,2.674999952316284,2.503999948501587,2.628000020980835,228380,0.0037904999256134033,0.0,0.0
2020-09-02,2.486000061035156,2.578000068664551,2.414999961853028,2.5160000324249268,257129,0.003729000091552734,0.0,0.0
2020-09-03,2.486999988555908,2.566999912261963,2.4549999237060547,2.489000082015991,146077,0.0037304999828338624,0.0,0.0
2020-09-04,2.588000059127808,2.6050000190734863,2.430999994277954,2.4830000400543213,165241,0.003882000088691712,0.0,0.0
2020-09-08,2.400000095367432,2.5859999656677246,2.3559999465942383,2.5859999656677246,223470,0.003600000143051148,0.0,0.0
2020-09-09,2.4059998989105225,2.4800000190734863,2.328000068664551,2.367000102996826,201385,0.0036089998483657838,0.0,0.0
2020-09-10,2.322999954223633,2.407000064849853,2.305000066757202,2.381999969482422,139971,0.003484499931335449,0.0,0.0
2020-09-11,2.2690000534057617,2.3350000381469727,2.246000051498413,2.313999891281128,123018,0.0034035000801086427,0.0,0.0
2020-09-14,2.309999942779541,2.3989999294281006,2.2839999198913574,2.305999994277954,151170,0.0034649999141693117,0.0,0.0
2020-09-15,2.361999988555908,2.382999897003174,2.275000095367432,2.305000066757202,114514,0.0035429999828338623,0.0,0.0
2020-09-16,2.2669999599456787,2.388999938964844,2.2330000400543213,2.3559999465942383,119392,0.003400499939918518,0.0,0.0
2020-09-17,2.0420000553131104,2.275000095367432,1.986999988555908,2.253999948501587,238359,0.0030630000829696656,0.0,0.0
2020-09-18,2.0480000972747803,2.0739998817443848,1.9259999990463257,1.9989999532699585,151869,0.0030720001459121704,0.0,0.0
2020-09-21,1.8350000381469729,2.0380001068115234,1.7949999570846558,1.991000056266785,256631,0.0027525000572204594,0.0,0.0
2020-09-22,1.8339999914169312,1.8969999551773071,1.807999968528748,1.888000011444092,102265,0.0027509999871253967,0.0,0.0
2020-09-23,2.125,2.2070000171661377,1.815000057220459,1.8450000286102293,100575,0.0031875000000000002,0.0,0.0
2020-09-24,2.247999906539917,2.319999933242798,2.1689999103546143,2.194999933242798,60475,0.0033719998598098757,0.0,0.0
2020-09-25,2.138999938964844,2.259999990463257,2.1010000705718994,2.177999973297119,40394,0.0032084999084472663,0.0,0.0
2020-09-28,2.1010000705718994,2.1760001182556152,2.0199999809265137,2.1050000190734863,113191,0.003151500105857849,0.0,0.0
2020-09-29,2.561000108718872,2.7890000343322754,2.490000009536743,2.7690000534057617,196454,0.003841500163078308,0.0,0.0
2020-09-30,2.5269999504089355,2.5789999961853027,2.424999952316284,2.502000093460083,145933,0.0037904999256134033,0.0,0.0
2020-10-01,2.5269999504089355,2.5920000076293945,2.440999984741211,2.549999952316284,155886,0.0037904999256134033,0.0,0.0
2020-10-02,2.437999963760376,2.5510001182556152,2.372999906539917,2.484999895095825,163725,0.003656999945640564,0.0,0.0
2020-10-05,2.615000009536743,2.726999998092652,2.446000099182129,2.4549999237060547,195405,0.003922500014305115,0.0,0.0
2020-10-06,2.5199999809265137,2.703000068664551,2.505000114440918,2.622999906539917,149529,0.0037799999713897707,0.0,0.0
2020-10-07,2.6059999465942383,2.686000108718872,2.4660000801086426,2.510999917984009,211070,0.003908999919891357,0.0,0.0
2020-10-08,2.627000093460083,2.651000022888184,2.507999897003174,2.5899999141693115,198488,0.003940500140190125,0.0,0.0
2020-10-09,2.740999937057495,2.821000099182129,2.618000030517578,2.631999969482422,207342,0.0041114999055862425,0.0,0.0
2020-10-12,2.88100004196167,2.9549999237060547,2.825000047683716,2.8910000324249268,179699,0.004321500062942505,0.0,0.0
2020-10-13,2.8550000190734863,2.884000062942505,2.750999927520752,2.8340001106262207,178430,0.0042825000286102295,0.0,0.0
2020-10-14,2.635999917984009,2.7709999084472656,2.609999895095825,2.760999917984009,184592,0.003953999876976013,0.0,0.0
2020-10-15,2.775000095367432,2.8289999961853027,2.638999938964844,2.6449999809265137,150327,0.004162500143051149,0.0,0.0
2020-10-16,2.7730000019073486,2.851999998092652,2.6700000762939453,2.7780001163482666,146431,0.004159500002861023,0.0,0.0
2020-10-19,2.7950000762939453,2.890000104904175,2.638000011444092,2.6410000324249268,150451,0.004192500114440918,0.0,0.0
2020-10-20,2.9130001068115234,2.950000047683716,2.8239998817443848,2.8310000896453857,119808,0.004369500160217285,0.0,0.0
2020-10-21,3.0230000019073486,3.052999973297119,2.890000104904175,2.8970000743865967,154373,0.004534500002861023,0.0,0.0
2020-10-22,3.006999969482422,3.065999984741211,2.9800000190734863,3.025000095367432,93193,0.004510499954223633,0.0,0.0
2020-10-23,2.970999956130981,3.00600004196167,2.9179999828338623,2.984999895095825,73245,0.004456499934196472,0.0,0.0
2020-10-26,3.0239999294281006,3.0799999237060547,2.907000064849853,2.940999984741211,35714,0.004535999894142151,0.0,0.0
2020-10-27,3.0190000534057617,3.0910000801086426,2.986000061035156,3.0160000324249268,57585,0.004528500080108642,0.0,0.0
2020-10-28,2.996000051498413,3.0510001182556152,2.9670000076293945,3.0199999809265137,102026,0.0044940000772476195,0.0,0.0
2020-10-29,3.3010001182556152,3.345999956130981,3.151000022888184,3.282999992370605,168764,0.004951500177383423,0.0,0.0
2020-10-30,3.3540000915527344,3.3959999084472656,3.25600004196167,3.312999963760376,146433,0.005031000137329102,0.0,0.0
2020-11-02,3.24399995803833,3.3929998874664307,3.21399998664856,3.374000072479248,156206,0.004865999937057495,0.0,0.0
2020-11-03,3.059000015258789,3.240999937057495,3.0409998893737797,3.236000061035156,184775,0.004588500022888184,0.0,0.0
2020-11-04,3.0460000038146973,3.0910000801086426,3.002000093460083,3.055999994277954,145538,0.004569000005722046,0.0,0.0
2020-11-05,2.941999912261963,3.11299991607666,2.924999952316284,3.062000036239624,173752,0.004412999868392944,0.0,0.0
2020-11-06,2.888000011444092,2.970999956130981,2.865999937057495,2.934000015258789,186660,0.004332000017166138,0.0,0.0
2020-11-09,2.858999967575073,2.928999900817871,2.821000099182129,2.871999979019165,125977,0.00428849995136261,0.0,0.0
2020-11-10,2.9489998817443848,3.01200008392334,2.8550000190734863,2.859999895095825,158192,0.004423499822616577,0.0,0.0
2020-11-11,3.0309998989105225,3.056999921798706,2.9110000133514404,2.947999954223633,139900,0.004546499848365784,0.0,0.0
2020-11-12,2.9760000705718994,3.063999891281128,2.940999984741211,3.032000064849853,126609,0.0044640001058578495,0.0,0.0
2020-11-13,2.994999885559082,3.086999893188477,2.9489998817443848,2.9489998817443848,127125,0.004492499828338623,0.0,0.0
2020-11-16,2.697000026702881,2.88700008392334,2.674999952316284,2.871000051498413,189362,0.0040455000400543215,0.0,0.0
2020-11-17,2.691999912261963,2.7320001125335693,2.6489999294281006,2.684000015258789,110709,0.004037999868392945,0.0,0.0
2020-11-18,2.711999893188477,2.782999992370605,2.687000036239624,2.694000005722046,124471,0.004067999839782716,0.0,0.0
2020-11-19,2.5920000076293945,2.74399995803833,2.525000095367432,2.7149999141693115,159959,0.0038880000114440917,0.0,0.0
2020-11-20,2.650000095367432,2.678999900817871,2.5799999237060547,2.5989999771118164,76190,0.003975000143051148,0.0,0.0
2020-11-23,2.7109999656677246,2.7279999256134038,2.6489999294281006,2.7049999237060547,38777,0.004066499948501587,0.0,0.0
2020-11-24,2.775000095367432,2.7799999713897705,2.693000078201294,2.7090001106262207,41700,0.004162500143051149,0.0,0.0
2020-11-25,2.8959999084472656,2.9140000343322754,2.700000047683716,2.765000104904175,112015,0.0043439998626708986,0.0,0.0
2020-11-27,2.8429999351501465,2.963000059127808,2.828000068664551,2.950000047683716,94072,0.00426449990272522,0.0,0.0
2020-11-30,2.881999969482422,2.996000051498413,2.822999954223633,2.8310000896453857,146181,0.0043229999542236325,0.0,0.0
2020-12-01,2.880000114440918,2.9719998836517334,2.8329999446868896,2.934000015258789,137665,0.004320000171661377,0.0,0.0
2020-12-02,2.7799999713897705,2.934000015258789,2.740000009536743,2.88100004196167,142878,0.004169999957084656,0.0,0.0
2020-12-03,2.506999969482422,2.7679998874664307,2.483999967575073,2.759999990463257,269563,0.003760499954223633,0.0,0.0
2020-12-04,2.575000047683716,2.622999906539917,2.461999893188477,2.510999917984009,142533,0.0038625000715255737,0.0,0.0
2020-12-07,2.4059998989105225,2.4830000400543213,2.38100004196167,2.4560000896453857,236673,0.0036089998483657838,0.0,0.0
2020-12-08,2.3989999294281006,2.4800000190734863,2.368000030517578,2.430999994277954,177627,0.0035984998941421507,0.0,0.0
2020-12-09,2.441999912261963,2.5239999294281006,2.4210000038146973,2.4539999961853027,185147,0.0036629998683929445,0.0,0.0
2020-12-10,2.552999973297119,2.594000101089477,2.38100004196167,2.430000066757202,215458,0.0038294999599456786,0.0,0.0
2020-12-11,2.5910000801086426,2.630000114440918,2.526000022888184,2.568000078201294,177710,0.003886500120162964,0.0,0.0
2020-12-14,2.681999921798706,2.7079999446868896,2.611999988555908,2.657999992370605,142936,0.004022999882698059,0.0,0.0
2020-12-15,2.681999921798706,2.700000047683716,2.595999956130981,2.6689999103546143,137598,0.004022999882698059,0.0,0.0
2020-12-16,2.677000045776367,2.691999912261963,2.618000030517578,2.6659998893737797,128968,0.004015500068664551,0.0,0.0
2020-12-17,2.635999917984009,2.7239999771118164,2.6059999465942383,2.684999942779541,154243,0.003953999876976013,0.0,0.0
2020-12-18,2.700000047683716,2.720000028610229,2.6480000019073486,2.657999992370605,121682,0.0040500000715255734,0.0,0.0
2020-12-21,2.7049999237060547,2.7300000190734863,2.631999969482422,2.7300000190734863,104274,0.004057499885559082,0.0,0.0
2020-12-22,2.7799999713897705,2.805999994277954,2.690000057220459,2.703000068664551,112742,0.004169999957084656,0.0,0.0
2020-12-23,2.6080000400543213,2.7929999828338623,2.565999984741211,2.7679998874664307,98707,0.003912000060081482,0.0,0.0
2020-12-24,2.5179998874664307,2.631999969482422,2.515000104904175,2.611000061035156,39990,0.003776999831199646,0.0,0.0
2020-12-28,2.305000066757202,2.3429999351501465,2.23799991607666,2.311000108718872,49279,0.0034575001001358034,0.0,0.0
2020-12-29,2.4670000076293945,2.489000082015991,2.282000064849853,2.3399999141693115,143530,0.003700500011444092,0.0,0.0
2020-12-30,2.421999931335449,2.4730000495910645,2.38700008392334,2.444000005722046,81788,0.003632999897003174,0.0,0.0
2020-12-31,2.5390000343322754,2.546999931335449,2.428999900817871,2.433000087738037,111108,0.003808500051498413,0.0,0.0
2021-01-04,2.5810000896453857,2.6700000762939453,2.565999984741211,2.625999927520752,128377,0.0038715001344680785,0.0,0.0
2021-01-05,2.70199990272522,2.7320001125335693,2.5910000801086426,2.5989999771118164,149828,0.004052999854087831,0.0,0.0
2021-01-06,2.7160000801086426,2.7699999809265137,2.6059999465942383,2.687999963760376,144690,0.004074000120162964,0.0,0.0
2021-01-07,2.7290000915527344,2.755000114440918,2.6630001068115234,2.7219998836517334,135480,0.004093500137329102,0.0,0.0
2021-01-08,2.700000047683716,2.7300000190734863,2.625999927520752,2.674999952316284,148730,0.0040500000715255734,0.0,0.0
2021-01-11,2.746999979019165,2.811000108718872,2.58899998664856,2.5999999046325684,177248,0.004120499968528747,0.0,0.0
2021-01-12,2.753000020980835,2.8989999294281006,2.7179999351501465,2.7939999103546143,201432,0.004129500031471252,0.0,0.0
2021-01-13,2.726999998092652,2.825999975204468,2.7079999446868896,2.736999988555908,169240,0.004090499997138978,0.0,0.0
2021-01-14,2.6659998893737797,2.7909998893737797,2.6600000858306885,2.742000102996826,163043,0.00399899983406067,0.0,0.0
2021-01-15,2.736999988555908,2.799999952316284,2.635999917984009,2.671999931335449,150994,0.004105499982833862,0.0,0.0
2021-01-19,2.5460000038146973,2.6730000972747803,2.5230000019073486,2.6519999504089355,211313,0.003819000005722046,0.0,0.0
2021-01-20,2.5390000343322754,2.566999912261963,2.4539999961853027,2.5439999103546143,133437,0.003808500051498413,0.0,0.0
2021-01-21,2.490999937057495,2.5510001182556152,2.4579999446868896,2.532000064849853,100319,0.0037364999055862426,0.0,0.0
2021-01-22,2.446000099182129,2.503999948501587,2.4140000343322754,2.492000102996826,63833,0.0036690001487731934,0.0,0.0
2021-01-25,2.601999998092652,2.61899995803833,2.503999948501587,2.5420000553131104,42988,0.0039029999971389776,0.0,0.0
2021-01-26,2.6559998989105225,2.686000108718872,2.595000028610229,2.6029999256134038,32233,0.003983999848365784,0.0,0.0
2021-01-27,2.759999990463257,2.7730000019073486,2.650000095367432,2.650000095367432,153190,0.004139999985694885,0.0,0.0
2021-01-28,2.6640000343322754,2.700999975204468,2.5910000801086426,2.674999952316284,159820,0.003996000051498414,0.0,0.0
2021-01-29,2.563999891281128,2.7100000381469727,2.553999900817871,2.680000066757202,133177,0.003845999836921692,0.0,0.0
2021-02-01,2.8499999046325684,2.868000030517578,2.711999893188477,2.7300000190734863,243658,0.004274999856948853,0.0,0.0
2021-02-02,2.845000028610229,3.005000114440918,2.811000108718872,2.8289999961853027,236392,0.004267500042915344,0.0,0.0
2021-02-03,2.7890000343322754,2.8940000534057617,2.747999906539917,2.82699990272522,158484,0.004183500051498413,0.0,0.0
2021-02-04,2.934999942779541,2.976999998092652,2.733999967575073,2.776000022888184,186926,0.004402499914169311,0.0,0.0
2021-02-05,2.86299991607666,3.056999921798706,2.8510000705718994,2.9570000171661377,270029,0.004294499874114991,0.0,0.0
2021-02-08,2.881999969482422,2.984999895095825,2.844000101089477,2.9089999198913574,194660,0.0043229999542236325,0.0,0.0
2021-02-09,2.8350000381469727,2.927000045776367,2.7880001068115234,2.882999897003174,196927,0.0042525000572204595,0.0,0.0
2021-02-10,2.9110000133514404,2.9820001125335693,2.740999937057495,2.819000005722046,266986,0.004366500020027161,0.0,0.0
2021-02-11,2.868000030517578,3.0450000762939453,2.83899998664856,2.9749999046325684,261922,0.004302000045776367,0.0,0.0
2021-02-12,2.9119999408721924,2.986999988555908,2.8340001106262207,2.869999885559082,190054,0.004367999911308288,0.0,0.0
2021-02-16,3.128999948501587,3.21399998664856,2.9760000705718994,3.0460000038146973,288942,0.004693499922752381,0.0,0.0
2021-02-17,3.219000101089477,3.315999984741211,3.049000024795532,3.0980000495910645,218620,0.004828500151634216,0.0,0.0
2021-02-18,3.0820000171661377,3.2980000972747803,3.0409998893737797,3.2669999599456787,171654,0.004623000025749207,0.0,0.0
2021-02-19,3.069000005722046,3.1480000019073486,2.990999937057495,3.066999912261963,67064,0.004603500008583069,0.0,0.0
2021-02-22,2.953000068664551,3.0299999713897705,2.888999938964844,3.009999990463257,39814,0.004429500102996827,0.0,0.0
2021-02-23,2.878999948501587,2.96399998664856,2.8540000915527344,2.9489998817443848,45697,0.0043184999227523805,0.0,0.0
2021-02-24,2.8540000915527344,2.885999917984009,2.822000026702881,2.878000020980835,113572,0.004281000137329101,0.0,0.0
2021-02-25,2.7769999504089355,2.8550000190734863,2.760999917984009,2.805999994277954,123990,0.004165499925613403,0.0,0.0
2021-02-26,2.7709999084472656,2.7860000133514404,2.697000026702881,2.7699999809265137,132989,0.004156499862670898,0.0,0.0
2021-03-01,2.7769999504089355,2.809000015258789,2.7239999771118164,2.799999952316284,75971,0.004165499925613403,0.0,0.0
2021-03-02,2.83899998664856,2.8570001125335693,2.756999969482422,2.782999992370605,109635,0.0042584999799728405,0.0,0.0
2021-03-03,2.815999984741211,2.88700008392334,2.8010001182556152,2.8480000495910645,93789,0.004223999977111817,0.0,0.0
2021-03-04,2.746000051498413,2.825999975204468,2.684000015258789,2.802999973297119,138699,0.00411900007724762,0.0,0.0
2021-03-05,2.700999975204468,2.755000114440918,2.680999994277954,2.743000030517578,116201,0.0040514999628067025,0.0,0.0
2021-03-08,2.6640000343322754,2.733999967575073,2.622999906539917,2.690999984741211,130867,0.003996000051498414,0.0,0.0
2021-03-09,2.6619999408721924,2.690000057220459,2.624000072479248,2.6619999408721924,96803,0.003992999911308289,0.0,0.0
2021-03-10,2.691999912261963,2.7070000171661377,2.615000009536743,2.6530001163482666,93180,0.004037999868392945,0.0,0.0
2021-03-11,2.6679999828338623,2.71399998664856,2.635999917984009,2.688999891281128,119770,0.004001999974250794,0.0,0.0
2021-03-12,2.5999999046325684,2.693000078201294,2.5840001106262207,2.6689999103546143,104726,0.0038999998569488525,0.0,0.0
2021-03-15,2.483999967575073,2.561000108718872,2.4779999256134038,2.558000087738037,136038,0.003725999951362609,0.0,0.0
2021-03-16,2.562000036239624,2.565999984741211,2.4790000915527344,2.49399995803833,99293,0.0038430000543594363,0.0,0.0
2021-03-17,2.5280001163482666,2.565000057220459,2.489000082015991,2.562000036239624,91676,0.0037920001745224,0.0,0.0
2021-03-18,2.4809999465942383,2.526000022888184,2.421999931335449,2.5230000019073486,143768,0.0037214999198913576,0.0,0.0
2021-03-19,2.5350000858306885,2.553999900817871,2.4560000896453857,2.489000082015991,74375,0.003802500128746033,0.0,0.0
2021-03-22,2.5820000171661377,2.5920000076293945,2.4779999256134038,2.506999969482422,108225,0.0038730000257492067,0.0,0.0
2021-03-23,2.507999897003174,2.5810000896453857,2.502000093460083,2.578000068664551,89372,0.0037619998455047606,0.0,0.0
2021-03-24,2.5179998874664307,2.5450000762939453,2.503000020980835,2.515000104904175,48420,0.003776999831199646,0.0,0.0
2021-03-25,2.569999933242798,2.5850000381469727,2.484999895095825,2.5199999809265137,39046,0.003854999899864197,0.0,0.0
2021-03-26,2.556999921798706,2.586999893188477,2.5460000038146973,2.569999933242798,35201,0.003835499882698059,0.0,0.0
2021-03-29,2.5859999656677246,2.6070001125335693,2.5299999713897705,2.562999963760376,103898,0.003878999948501587,0.0,0.0
2021-03-30,2.622999906539917,2.687999963760376,2.5969998836517334,2.6429998874664307,100807,0.003934499859809875,0.0,0.0
2021-03-31,2.6080000400543213,2.6559998989105225,2.575000047683716,2.621000051498413,92080,0.003912000060081482,0.0,0.0
2021-04-01,2.638999938964844,2.6630001068115234,2.578000068664551,2.6050000190734863,116692,0.003958499908447266,0.0,0.0
2021-04-05,2.510999917984009,2.615999937057495,2.48799991607666,2.5929999351501465,146892,0.003766499876976013,0.0,0.0
2021-04-06,2.4560000896453857,2.568000078201294,2.453000068664551,2.510999917984009,142675,0.003684000134468079,0.0,0.0
2021-04-07,2.5199999809265137,2.5460000038146973,2.4579999446868896,2.46399998664856,132266,0.0037799999713897707,0.0,0.0
2021-04-08,2.5220000743865967,2.5350000858306885,2.4779999256134038,2.509999990463257,140798,0.003783000111579895,0.0,0.0
2021-04-09,2.526000022888184,2.552000045776367,2.503000020980835,2.5199999809265137,121593,0.003789000034332276,0.0,0.0
2021-04-12,2.561000108718872,2.6050000190734863,2.5299999713897705,2.5299999713897705,144317,0.003841500163078308,0.0,0.0
2021-04-13,2.61899995803833,2.638000011444092,2.5290000438690186,2.553999900817871,166000,0.003928499937057495,0.0,0.0
2021-04-14,2.618000030517578,2.6659998893737797,2.608999967575073,2.619999885559082,129020,0.003927000045776367,0.0,0.0
2021-04-15,2.657999992370605,2.684999942779541,2.5829999446868896,2.617000102996826,135586,0.003986999988555908,0.0,0.0
2021-04-16,2.680000066757202,2.700000047683716,2.657999992370605,2.6630001068115234,94879,0.004020000100135803,0.0,0.0
2021-04-19,2.749000072479248,2.753000020980835,2.694000005722046,2.7070000171661377,105072,0.004123500108718872,0.0,0.0
2021-04-20,2.726999998092652,2.759000062942505,2.719000101089477,2.740999937057495,96682,0.004090499997138978,0.0,0.0
2021-04-21,2.691999912261963,2.7249999046325684,2.6659998893737797,2.7239999771118164,99733,0.004037999868392945,0.0,0.0
2021-04-22,2.749000072479248,2.7790000438690186,2.657000064849853,2.696000099182129,126330,0.004123500108718872,0.0,0.0
2021-04-23,2.7300000190734863,2.763999938964844,2.720000028610229,2.746999979019165,50602,0.004095000028610229,0.0,0.0
2021-04-26,2.789999961853028,2.799999952316284,2.700000047683716,2.7100000381469727,34308,0.004184999942779542,0.0,0.0
2021-04-27,2.872999906539917,2.875999927520752,2.782999992370605,2.7860000133514404,41283,0.004309499859809876,0.0,0.0
2021-04-28,2.924999952316284,2.936000108718872,2.868000030517578,2.872999906539917,131127,0.004387499928474426,0.0,0.0
2021-04-29,2.9110000133514404,2.970999956130981,2.882999897003174,2.950999975204468,123113,0.004366500020027161,0.0,0.0
2021-04-30,2.930999994277954,2.961999893188477,2.8910000324249268,2.9059998989105225,101566,0.004396499991416931,0.0,0.0
2021-05-03,2.9660000801086426,2.9749999046325684,2.900000095367432,2.937999963760376,101038,0.004449000120162964,0.0,0.0
2021-05-04,2.9670000076293945,3.000999927520752,2.931999921798706,2.9609999656677246,102051,0.004450500011444092,0.0,0.0
2021-05-05,2.937999963760376,2.990999937057495,2.9130001068115234,2.9749999046325684,90213,0.004406999945640564,0.0,0.0
2021-05-06,2.927999973297119,2.970999956130981,2.907999992370605,2.947999954223633,83813,0.004391999959945679,0.0,0.0
2021-05-07,2.9579999446868896,2.989000082015991,2.9049999713897705,2.930000066757202,102868,0.004436999917030335,0.0,0.0
2021-05-10,2.931999921798706,2.970999956130981,2.8980000019073486,2.970000028610229,92283,0.004397999882698059,0.0,0.0
2021-05-11,2.9549999237060547,2.970000028610229,2.88100004196167,2.927000045776367,107218,0.004432499885559082,0.0,0.0
2021-05-12,2.969000101089477,2.98799991607666,2.9260001182556152,2.953000068664551,90583,0.004453500151634216,0.0,0.0
2021-05-13,2.9730000495910645,2.997999906539917,2.937000036239624,2.9830000400543213,96118,0.004459500074386597,0.0,0.0
2021-05-14,2.9609999656677246,3.0160000324249268,2.944999933242798,2.976999998092652,84204,0.004441499948501587,0.0,0.0
2021-05-17,3.108999967575073,3.150000095367432,3.0190000534057617,3.0190000534057617,169013,0.004663499951362609,0.0,0.0
2021-05-18,3.01200008392334,3.134999990463257,3.003000020980835,3.121000051498413,129179,0.00451800012588501,0.0,0.0
2021-05-19,2.96399998664856,3.015000104904175,2.940000057220459,3.009000062942505,100252,0.00444599997997284,0.0,0.0
2021-05-20,2.924999952316284,2.984999895095825,2.907000064849853,2.961999893188477,85088,0.004387499928474426,0.0,0.0
2021-05-21,2.9059998989105225,2.9830000400543213,2.8940000534057617,2.947999954223633,58274,0.0043589998483657836,0.0,0.0
2021-05-24,2.885999917984009,2.8940000534057617,2.8320000171661377,2.8499999046325684,43513,0.0043289998769760136,0.0,0.0
2021-05-25,2.9130001068115234,2.940000057220459,2.872999906539917,2.885999917984009,38344,0.004369500160217285,0.0,0.0
2021-05-26,2.983999967575073,3.0280001163482666,2.924999952316284,2.946000099182129,120871,0.004475999951362609,0.0,0.0
2021-05-27,2.9579999446868896,3.0239999294281006,2.9140000343322754,3.0209999084472656,123065,0.004436999917030335,0.0,0.0
2021-05-28,2.986000061035156,3.0420000553131104,2.9549999237060547,2.963000059127808,110003,0.004479000091552734,0.0,0.0
2021-06-01,3.1040000915527344,3.150000095367432,3.015000104904175,3.0360000133514404,193404,0.004656000137329102,0.0,0.0
2021-06-02,3.075000047683716,3.125999927520752,3.049999952316284,3.0929999351501465,114984,0.004612500071525574,0.0,0.0
2021-06-03,3.0409998893737797,3.0899999141693115,3.032000064849853,3.072999954223633,100521,0.00456149983406067,0.0,0.0
2021-06-04,3.0969998836517334,3.121000051498413,3.009999990463257,3.062999963760376,118036,0.0046454998254776,0.0,0.0
2021-06-07,3.069999933242798,3.115000009536743,3.032999992370605,3.108999967575073,138844,0.004604999899864197,0.0,0.0
2021-06-08,3.128000020980835,3.197999954223633,3.0920000076293945,3.0920000076293945,208576,0.004692000031471253,0.0,0.0
2021-06-09,3.128999948501587,3.1679999828338623,3.1059999465942383,3.128000020980835,131717,0.004693499922752381,0.0,0.0
2021-06-10,3.1489999294281006,3.200000047683716,3.13100004196167,3.1540000438690186,151565,0.004723499894142151,0.0,0.0
2021-06-11,3.2960000038146973,3.3299999237060547,3.1489999294281006,3.1530001163482666,194488,0.004944000005722046,0.0,0.0
2021-06-14,3.351999998092652,3.364000082015991,3.2730000019073486,3.315000057220459,113120,0.005027999997138978,0.0,0.0
2021-06-15,3.240000009536743,3.36899995803833,3.213000059127808,3.3510000705718994,154414,0.004860000014305115,0.0,0.0
2021-06-16,3.250999927520752,3.2739999294281006,3.187000036239624,3.2219998836517334,111287,0.004876499891281128,0.0,0.0
2021-06-17,3.253000020980835,3.263999938964844,3.187000036239624,3.24399995803833,150052,0.004879500031471253,0.0,0.0
2021-06-18,3.2149999141693115,3.257999897003174,3.1659998893737797,3.2179999351501465,104935,0.0048224998712539675,0.0,0.0
2021-06-21,3.190999984741211,3.21399998664856,3.13700008392334,3.2060000896453857,103038,0.004786499977111816,0.0,0.0
2021-06-22,3.257999897003174,3.2809998989105225,3.187999963760376,3.197999954223633,77088,0.004886999845504761,0.0,0.0
2021-06-23,3.3329999446868896,3.382999897003174,3.25,3.256999969482422,75394,0.004999499917030335,0.0,0.0
2021-06-24,3.4179999828338623,3.441999912261963,3.3010001182556152,3.315999984741211,49402,0.005126999974250794,0.0,0.0
2021-06-25,3.496000051498413,3.510999917984009,3.414999961853028,3.424999952316284,39078,0.00524400007724762,0.0,0.0
2021-06-28,3.617000102996826,3.63100004196167,3.484999895095825,3.502000093460083,163568,0.005425500154495239,0.0,0.0
2021-06-29,3.630000114440918,3.811000108718872,3.571000099182129,3.5829999446868896,205478,0.005445000171661377,0.0,0.0
2021-06-30,3.650000095367432,3.813999891281128,3.6040000915527344,3.651000022888184,187005,0.005475000143051148,0.0,0.0
2021-07-01,3.66100001335144,3.763999938964844,3.5910000801086426,3.746000051498413,149422,0.00549150002002716,0.0,0.0
2021-07-02,3.700000047683716,3.740999937057495,3.5980000495910645,3.663000106811523,111464,0.005550000071525574,0.0,0.0
2021-07-06,3.63700008392334,3.822000026702881,3.608000040054321,3.703999996185303,152231,0.00545550012588501,0.0,0.0
2021-07-07,3.595999956130981,3.7070000171661377,3.5199999809265137,3.67300009727478,124615,0.005393999934196472,0.0,0.0
2021-07-08,3.687999963760376,3.7200000286102295,3.539999961853028,3.5789999961853027,148554,0.005531999945640564,0.0,0.0
2021-07-09,3.674000024795532,3.742000102996826,3.6570000648498535,3.686000108718872,115679,0.005511000037193298,0.0,0.0
2021-07-12,3.749000072479248,3.763000011444092,3.622999906539917,3.67300009727478,127071,0.0056235001087188725,0.0,0.0
2021-07-13,3.696000099182129,3.7690000534057617,3.67300009727478,3.74399995803833,104041,0.005544000148773194,0.0,0.0
2021-07-14,3.660000085830689,3.755000114440918,3.624000072479248,3.694000005722046,137354,0.005490000128746034,0.0,0.0
2021-07-15,3.614000082015991,3.686000108718872,3.6050000190734863,3.670000076293945,117594,0.005421000123023987,0.0,0.0
2021-07-16,3.674000024795532,3.687999963760376,3.5840001106262207,3.617000102996826,89982,0.005511000037193298,0.0,0.0
2021-07-19,3.7790000438690186,3.788000106811523,3.686000108718872,3.703000068664551,124163,0.005668500065803528,0.0,0.0
2021-07-20,3.875999927520752,3.934000015258789,3.740000009536743,3.7720000743865967,118404,0.005813999891281128,0.0,0.0
2021-07-21,3.9590001106262207,3.964999914169312,3.891000032424927,3.927000045776367,111932,0.005938500165939331,0.0,0.0
2021-07-22,4.002999782562256,4.00600004196167,3.875999927520752,3.921999931335449,102159,0.006004499673843384,0.0,0.0
2021-07-23,4.059999942779541,4.071000099182129,3.9760000705718994,3.996000051498413,73870,0.006089999914169312,0.0,0.0
2021-07-26,4.102000236511231,4.186999797821045,4.010000228881836,4.025000095367432,49424,0.0061530003547668475,0.0,0.0
2021-07-27,3.970999956130981,4.113999843597412,3.934000015258789,4.09499979019165,46964,0.0059564999341964716,0.0,0.0
2021-07-28,4.044000148773193,4.064000129699707,3.874000072479248,3.947000026702881,134730,0.00606600022315979,0.0,0.0
2021-07-29,4.059000015258789,4.0970001220703125,3.927000045776367,3.940999984741211,118446,0.006088500022888184,0.0,0.0
2021-07-30,3.9140000343322754,4.054999828338623,3.8550000190734863,4.051000118255615,161866,0.0058710000514984135,0.0,0.0
2021-08-02,3.934999942779541,4.041999816894531,3.927999973297119,3.973000049591065,110953,0.005902499914169312,0.0,0.0
2021-08-03,4.026999950408936,4.077000141143799,3.9149999618530273,3.9590001106262207,120858,0.006040499925613405,0.0,0.0
2021-08-04,4.1579999923706055,4.204999923706055,4.056000232696533,4.065999984741211,142586,0.006236999988555908,0.0,0.0
2021-08-05,4.139999866485596,4.204999923706055,4.116000175476074,4.151999950408936,125228,0.006209999799728394,0.0,0.0
2021-08-06,4.139999866485596,4.190999984741211,4.0980000495910645,4.158999919891357,153153,0.006209999799728394,0.0,0.0
2021-08-09,4.059999942779541,4.184999942779541,4.001999855041504,4.168000221252441,179998,0.006089999914169312,0.0,0.0
2021-08-10,4.089000225067139,4.125999927520752,4.015999794006348,4.039000034332275,157513,0.006133500337600708,0.0,0.0
2021-08-11,4.059000015258789,4.129000186920166,3.9790000915527344,4.110000133514404,161899,0.006088500022888184,0.0,0.0
2021-08-12,3.933000087738037,4.066999912261963,3.900000095367432,4.057000160217285,186993,0.005899500131607056,0.0,0.0
2021-08-13,3.861000061035156,3.953000068664551,3.845999956130981,3.9149999618530273,123011,0.005791500091552734,0.0,0.0
2021-08-16,3.946000099182129,3.98799991607666,3.816999912261963,3.8329999446868896,101673,0.005919000148773193,0.0,0.0
2021-08-17,3.836999893188477,3.953999996185303,3.802999973297119,3.937999963760376,131222,0.0057554998397827154,0.0,0.0
2021-08-18,3.8519999980926514,3.875,3.7890000343322754,3.825999975204468,95512,0.005777999997138977,0.0,0.0
2021-08-19,3.829999923706055,3.88100004196167,3.733999967575073,3.825999975204468,121756,0.005744999885559082,0.0,0.0
2021-08-20,3.8510000705718994,3.950999975204468,3.8329999446868896,3.86299991607666,108518,0.005776500105857849,0.0,0.0
2021-08-23,3.944999933242798,3.953000068664551,3.838000059127808,3.861999988555908,85497,0.005917499899864197,0.0,0.0
2021-08-24,3.8959999084472656,3.9700000286102295,3.884000062942505,3.928999900817871,57633,0.005843999862670898,0.0,0.0
2021-08-25,3.8970000743865967,3.990999937057495,3.858000040054321,3.900000095367432,39372,0.0058455001115798955,0.0,0.0
2021-08-26,4.184000015258789,4.2170000076293945,3.8959999084472656,3.9170000553131104,76860,0.006276000022888184,0.0,0.0
2021-08-27,4.369999885559082,4.396999835968018,4.197000026702881,4.202000141143799,210959,0.006554999828338623,0.0,0.0
2021-08-30,4.304999828338623,4.526000022888184,4.2220001220703125,4.499000072479248,167098,0.006457499742507935,0.0,0.0
2021-08-31,4.376999855041504,4.416999816894531,4.215000152587891,4.311999797821045,147419,0.006565499782562256,0.0,0.0
2021-09-01,4.614999771118164,4.705999851226807,4.377999782562256,4.402999877929688,241159,0.006922499656677246,0.0,0.0
2021-09-02,4.640999794006348,4.727000236511231,4.577000141143799,4.638999938964844,176845,0.006961499691009522,0.0,0.0
2021-09-03,4.711999893188477,4.7179999351501465,4.585999965667725,4.626999855041504,110953,0.007067999839782715,0.0,0.0
2021-09-07,4.567999839782715,4.77400016784668,4.557000160217285,4.710000038146973,163663,0.006851999759674072,0.0,0.0
2021-09-08,4.914000034332275,5.010000228881836,4.585000038146973,4.5980000495910645,244742,0.007371000051498413,0.0,0.0
2021-09-09,5.031000137329102,5.046999931335449,4.820000171661377,4.916999816894531,234848,0.007546500205993652,0.0,0.0
2021-09-10,4.938000202178955,5.058000087738037,4.913000106811523,5.001999855041504,151036,0.0074070003032684325,0.0,0.0
2021-09-13,5.230999946594238,5.289000034332275,4.879000186920166,4.945000171661377,201770,0.007846499919891357,0.0,0.0
2021-09-14,5.260000228881836,5.36899995803833,5.171000003814697,5.198999881744385,200943,0.007890000343322753,0.0,0.0
2021-09-15,5.460000038146973,5.650000095367432,5.265999794006348,5.28000020980835,279117,0.008190000057220459,0.0,0.0
2021-09-16,5.335000038146973,5.599999904632568,5.228000164031982,5.409999847412109,221139,0.008002500057220458,0.0,0.0
2021-09-17,5.105000019073486,5.394000053405762,5.044000148773193,5.269999980926514,164579,0.00765750002861023,0.0,0.0
2021-09-20,4.985000133514404,5.171999931335449,4.90500020980835,5.014999866485596,156870,0.007477500200271606,0.0,0.0
2021-09-21,4.804999828338623,5.046000003814697,4.735000133514404,4.961999893188477,163097,0.0072074997425079345,0.0,0.0
2021-09-22,4.804999828338623,4.8979997634887695,4.74399995803833,4.810999870300293,108777,0.0072074997425079345,0.0,0.0
2021-09-23,4.97599983215332,5.037000179290772,4.741000175476074,4.757999897003174,105201,0.00746399974822998,0.0,0.0
2021-09-24,5.139999866485596,5.183000087738037,4.989999771118164,5.035999774932861,47436,0.007709999799728394,0.0,0.0
2021-09-27,5.705999851226807,5.85099983215332,5.176000118255615,5.190999984741211,63065,0.00855899977684021,0.0,0.0
2021-09-28,5.841000080108643,6.28000020980835,5.602000236511231,5.800000190734863,338968,0.008761500120162965,0.0,0.0
2021-09-29,5.477000236511231,5.954999923706055,5.421000003814697,5.85699987411499,226344,0.008215500354766847,0.0,0.0
2021-09-30,5.867000102996826,5.99399995803833,5.341000080108643,5.456999778747559,243240,0.008800500154495239,0.0,0.0
2021-10-01,5.61899995803833,6.010000228881836,5.5329999923706055,5.974999904632568,178941,0.008428499937057495,0.0,0.0
2021-10-04,5.765999794006348,6.064000129699707,5.627999782562256,5.627999782562256,209582,0.008648999691009521,0.0,0.0
2021-10-05,6.311999797821045,6.392000198364258,5.789999961853027,5.829999923706055,219522,0.009467999696731568,0.0,0.0
2021-10-06,5.675000190734863,6.466000080108643,5.663000106811523,6.321000099182129,274653,0.008512500286102296,0.0,0.0
2021-10-07,5.677000045776367,5.835000038146973,5.39300012588501,5.710000038146973,239503,0.00851550006866455,0.0,0.0
2021-10-08,5.565000057220459,5.875999927520752,5.547999858856201,5.761000156402588,163349,0.008347500085830689,0.0,0.0
2021-10-11,5.34499979019165,5.798999786376953,5.308000087738037,5.695000171661377,188699,0.008017499685287475,0.0,0.0
2021-10-12,5.505000114440918,5.5229997634887695,5.168000221252441,5.4079999923706055,215447,0.008257500171661377,0.0,0.0
2021-10-13,5.590000152587891,5.692999839782715,5.349999904632568,5.455999851226807,198786,0.008385000228881835,0.0,0.0
2021-10-14,5.686999797821045,5.964000225067139,5.604000091552734,5.676000118255615,169162,0.008530499696731567,0.0,0.0
2021-10-15,5.409999847412109,5.789000034332275,5.400000095367432,5.640999794006348,184583,0.008114999771118164,0.0,0.0
2021-10-18,4.988999843597412,5.369999885559082,4.954999923706055,5.298999786376953,167896,0.007483499765396118,0.0,0.0
2021-10-19,5.0879998207092285,5.099999904632568,4.824999809265137,4.985000133514404,152725,0.007631999731063843,0.0,0.0
2021-10-20,5.170000076293945,5.2210001945495605,4.912000179290772,5.065999984741211,140026,0.007755000114440918,0.0,0.0
2021-10-21,5.114999771118164,5.227000236511231,5.00600004196167,5.151000022888184,107707,0.007672499656677247,0.0,0.0
2021-10-22,5.28000020980835,5.379000186920166,5.120999813079834,5.196000099182129,74365,0.007920000314712525,0.0,0.0
2021-10-25,5.8979997634887695,6.007999897003174,5.461999893188477,5.4679999351501465,50883,0.008846999645233155,0.0,0.0
2021-10-26,5.881999969482422,6.091000080108643,5.59499979019165,5.959000110626221,50705,0.008822999954223632,0.0,0.0
2021-10-27,6.202000141143799,6.290999889373779,5.769999980926514,5.857999801635742,187421,0.0093030002117157,0.0,0.0
2021-10-28,5.7820000648498535,6.205999851226807,5.7129998207092285,6.138000011444092,165632,0.00867300009727478,0.0,0.0
2021-10-29,5.426000118255615,5.836999893188477,5.401000022888184,5.73199987411499,154410,0.008139000177383423,0.0,0.0
2021-11-01,5.185999870300293,5.497000217437744,5.116000175476074,5.309999942779541,163258,0.00777899980545044,0.0,0.0
2021-11-02,5.541999816894531,5.565000057220459,5.205999851226807,5.21999979019165,153757,0.008312999725341797,0.0,0.0
2021-11-03,5.670000076293945,5.864999771118164,5.465000152587891,5.552999973297119,141498,0.008505000114440919,0.0,0.0
2021-11-04,5.716000080108643,5.875999927520752,5.534999847412109,5.860000133514404,147035,0.008574000120162965,0.0,0.0
2021-11-05,5.515999794006348,5.760000228881836,5.500999927520752,5.670000076293945,133344,0.008273999691009521,0.0,0.0
2021-11-08,5.427000045776367,5.663000106811523,5.380000114440918,5.605000019073486,154221,0.008140500068664552,0.0,0.0
2021-11-09,4.979000091552734,5.4670000076293945,4.909999847412109,5.409999847412109,202741,0.0074685001373291015,0.0,0.0
2021-11-10,4.880000114440918,5.046000003814697,4.724999904632568,4.961999893188477,170388,0.007320000171661377,0.0,0.0
2021-11-11,5.14900016784668,5.176000118255615,4.888999938964844,4.916999816894531,135953,0.00772350025177002,0.0,0.0
2021-11-12,4.790999889373779,5.140999794006348,4.751999855041504,5.129000186920166,137099,0.007186499834060669,0.0,0.0
2021-11-15,5.017000198364258,5.065000057220459,4.7129998207092285,4.902999877929688,117666,0.007525500297546387,0.0,0.0
2021-11-16,5.177000045776367,5.394000053405762,5.02400016784668,5.058000087738037,141140,0.007765500068664551,0.0,0.0
2021-11-17,4.815999984741211,5.164999961853027,4.800000190734863,5.158999919891357,145607,0.007223999977111817,0.0,0.0
2021-11-18,4.901999950408936,5.0320000648498535,4.829999923706055,4.895999908447266,111027,0.007352999925613405,0.0,0.0
2021-11-19,5.065000057220459,5.156000137329102,4.8379998207092285,4.894999980926514,110058,0.007597500085830689,0.0,0.0
2021-11-22,4.789000034332275,4.956999778747559,4.6479997634887695,4.909999847412109,96186,0.007183500051498413,0.0,0.0
2021-11-23,4.9670000076293945,5.081999778747559,4.756999969482422,4.796000003814697,47431,0.007450500011444092,0.0,0.0
2021-11-24,5.067999839782715,5.150000095367432,4.880000114440918,4.992000102996826,40864,0.007601999759674073,0.0,0.0
2021-11-26,5.447000026702881,5.561999797821045,4.982999801635742,5.025000095367432,141778,0.008170500040054322,0.0,0.0
2021-11-29,4.854000091552734,5.199999809265137,4.817999839782715,5.198999881744385,172471,0.007281000137329101,0.0,0.0
2021-11-30,4.566999912261963,4.900000095367432,4.48199987411499,4.873000144958496,171822,0.006850499868392945,0.0,0.0
2021-12-01,4.257999897003174,4.664000034332275,4.21999979019165,4.605999946594238,171938,0.006386999845504761,0.0,0.0
2021-12-02,4.056000232696533,4.335000038146973,4.041999816894531,4.264999866485596,145506,0.0060840003490448,0.0,0.0
2021-12-03,4.131999969482422,4.284999847412109,4.065999984741211,4.105000019073486,124765,0.006197999954223633,0.0,0.0
2021-12-06,3.6570000648498535,3.885999917984009,3.630000114440918,3.825999975204468,176715,0.00548550009727478,0.0,0.0
2021-12-07,3.7079999446868896,3.828999996185303,3.6570000648498535,3.680000066757202,162973,0.005561999917030334,0.0,0.0
2021-12-08,3.815000057220459,3.930999994277954,3.723000049591065,3.733999967575073,146872,0.005722500085830688,0.0,0.0
2021-12-09,3.813999891281128,3.924000024795532,3.724999904632568,3.818000078201294,141107,0.005720999836921692,0.0,0.0
2021-12-10,3.924999952316284,3.964999914169312,3.759999990463257,3.79800009727478,133283,0.005887499928474427,0.0,0.0
2021-12-13,3.7939999103546143,4.085000038146973,3.7699999809265137,3.974999904632568,162586,0.005690999865531922,0.0,0.0
2021-12-14,3.746999979019165,3.839999914169312,3.686000108718872,3.802000045776367,116826,0.005620499968528748,0.0,0.0
2021-12-15,3.802000045776367,3.9260001182556152,3.766000032424927,3.785000085830689,110311,0.005703000068664551,0.0,0.0
2021-12-16,3.766000032424927,3.9760000705718994,3.7290000915527344,3.813999891281128,122851,0.0056490000486373905,0.0,0.0
2021-12-17,3.690000057220459,3.813999891281128,3.617000102996826,3.7829999923706055,101625,0.005535000085830689,0.0,0.0
2021-12-20,3.8340001106262207,3.924000024795532,3.641999959945679,3.6449999809265137,128582,0.005751000165939331,0.0,0.0
2021-12-21,3.86899995803833,3.947000026702881,3.7190001010894775,3.839999914169312,128438,0.005803499937057495,0.0,0.0
2021-12-22,3.9760000705718994,4.040999889373779,3.815999984741211,3.869999885559082,86619,0.005964000105857849,0.0,0.0
2021-12-23,3.7309999465942383,4.00600004196167,3.5989999771118164,3.9700000286102295,82233,0.005596499919891358,0.0,0.0
2021-12-27,4.059999942779541,4.086999893188477,3.766999959945679,3.9579999446868896,38911,0.006089999914169312,0.0,0.0
2021-12-28,4.054999828338623,4.15399980545044,3.954999923706055,4.065000057220459,35643,0.006082499742507934,0.0,0.0
2021-12-29,4.02400016784668,4.261000156402588,3.9049999713897705,4.079999923706055,141906,0.0060360002517700195,0.0,0.0
2021-12-30,3.561000108718872,3.9660000801086426,3.5360000133514404,3.8529999256134033,124667,0.0053415001630783086,0.0,0.0
2021-12-31,3.7300000190734863,3.7939999103546143,3.572000026702881,3.58899998664856,93098,0.00559500002861023,0.0,0.0
2022-01-03,3.815000057220459,3.858000040054321,3.638000011444092,3.70199990272522,99069,0.005722500085830688,0.0,0.0
2022-01-04,3.7170000076293945,3.944000005722046,3.7090001106262207,3.816999912261963,133394,0.005575500011444092,0.0,0.0
2022-01-05,3.881999969482422,3.8970000743865967,3.7170000076293945,3.746999979019165,96811,0.005822999954223633,0.0,0.0
2022-01-06,3.812000036239624,3.930999994277954,3.8010001182556152,3.8420000076293945,116579,0.005718000054359436,0.0,0.0
2022-01-07,3.9159998893737793,3.9800000190734863,3.799999952316284,3.859999895095825,127012,0.005873999834060669,0.0,0.0
2022-01-10,4.078999996185303,4.2129998207092285,3.9769999980926514,4.144000053405762,177628,0.006118499994277955,0.0,0.0
2022-01-11,4.249000072479248,4.261000156402588,4.006999969482422,4.11899995803833,121623,0.006373500108718872,0.0,0.0
2022-01-12,4.85699987411499,4.879000186920166,4.185999870300293,4.224999904632568,217499,0.007285499811172486,0.0,0.0
2022-01-13,4.269999980926514,4.843999862670898,4.244999885559082,4.790999889373779,221612,0.0064049999713897705,0.0,0.0
2022-01-14,4.26200008392334,4.304999828338623,4.0970001220703125,4.263000011444092,108856,0.00639300012588501,0.0,0.0
2022-01-18,4.2829999923706055,4.389999866485596,4.216000080108643,4.355999946594238,119454,0.006424499988555908,0.0,0.0
2022-01-19,4.031000137329102,4.385000228881836,4.010000228881836,4.327000141143799,116542,0.0060465002059936525,0.0,0.0
2022-01-20,3.802000045776367,4.037000179290772,3.7809998989105225,4.014999866485596,104199,0.005703000068664551,0.0,0.0
2022-01-21,3.999000072479248,4.044000148773193,3.8329999446868896,3.838000059127808,70256,0.005998500108718872,0.0,0.0
2022-01-24,4.026999950408936,4.067999839782715,3.875999927520752,3.9149999618530273,47100,0.006040499925613405,0.0,0.0
2022-01-25,4.052999973297119,4.078999996185303,3.888999938964844,3.9590001106262207,23443,0.006079499959945679,0.0,0.0
2022-01-26,4.276999950408936,4.389999866485596,4.011000156402588,4.039999961853027,44321,0.006415499925613404,0.0,0.0
2022-01-27,6.264999866485596,7.34600019454956,4.230000019073486,4.230000019073486,193252,0.009397499799728393,0.0,0.0
2022-01-28,4.638999938964844,4.875999927520752,4.285999774932861,4.3420000076293945,263418,0.006958499908447266,0.0,0.0
2022-01-31,4.874000072479248,5.057000160217285,4.695000171661377,4.867000102996826,156746,0.007311000108718872,0.0,0.0
2022-02-01,4.750999927520752,4.973999977111816,4.619999885559082,4.921000003814697,140785,0.0071264998912811284,0.0,0.0
2022-02-02,5.500999927520752,5.572000026702881,4.85699987411499,4.89300012588501,305898,0.008251499891281128,0.0,0.0
2022-02-03,4.888000011444092,5.453999996185303,4.815999984741211,5.420000076293945,205841,0.007332000017166138,0.0,0.0
2022-02-04,4.572000026702881,5.086999893188477,4.486999988555908,4.928999900817871,152119,0.006858000040054321,0.0,0.0
2022-02-07,4.23199987411499,4.4679999351501465,4.119999885559082,4.383999824523926,192859,0.006347999811172485,0.0,0.0
2022-02-08,4.248000144958496,4.38100004196167,4.172999858856201,4.276000022888184,154444,0.006372000217437744,0.0,0.0
2022-02-09,4.008999824523926,4.258999824523926,3.983000040054321,4.210999965667725,154599,0.006013499736785889,0.0,0.0
2022-02-10,3.9590001106262207,4.067999839782715,3.881999969482422,4.034999847412109,141740,0.005938500165939331,0.0,0.0
2022-02-11,3.940999984741211,4.056000232696533,3.875999927520752,3.944000005722046,177373,0.0059114999771118166,0.0,0.0
2022-02-14,4.195000171661377,4.229000091552734,4.039999961853027,4.103000164031982,121204,0.006292500257492065,0.0,0.0
2022-02-15,4.306000232696533,4.427999973297119,4.1570000648498535,4.183000087738037,141954,0.0064590003490448,0.0,0.0
2022-02-16,4.7170000076293945,4.739999771118164,4.369999885559082,4.39300012588501,155480,0.0070755000114440915,0.0,0.0
2022-02-17,4.486000061035156,4.793000221252441,4.401999950408936,4.642000198364258,117789,0.006729000091552735,0.0,0.0
2022-02-18,4.431000232696533,4.65399980545044,4.370999813079834,4.517000198364258,73219,0.0066465003490448,0.0,0.0
2022-02-22,4.498000144958496,4.861000061035156,4.447999954223633,4.593999862670898,42641,0.006747000217437744,0.0,0.0
2022-02-23,4.623000144958496,4.703999996185303,4.452000141143799,4.504000186920166,47180,0.006934500217437745,0.0,0.0
2022-02-24,4.567999839782715,4.940000057220459,4.293000221252441,4.603000164031982,184107,0.006851999759674072,0.0,0.0
2022-02-25,4.46999979019165,4.716000080108643,4.416999816894531,4.572999954223633,114859,0.006704999685287476,0.0,0.0
2022-02-28,4.401999950408936,4.683000087738037,4.366000175476074,4.619999885559082,107186,0.0066029999256134045,0.0,0.0
2022-03-01,4.572999954223633,4.626999855041504,4.340000152587891,4.4079999923706055,112546,0.0068594999313354495,0.0,0.0
2022-03-02,4.76200008392334,4.910999774932861,4.599999904632568,4.599999904632568,141694,0.00714300012588501,0.0,0.0
2022-03-03,4.7220001220703125,4.935999870300293,4.627999782562256,4.795000076293945,137151,0.007083000183105469,0.0,0.0
2022-03-04,5.015999794006348,5.045000076293945,4.728000164031982,4.75,125385,0.007523999691009521,0.0,0.0
2022-03-07,4.833000183105469,5.184000015258789,4.781000137329102,5.040999889373779,130864,0.007249500274658203,0.0,0.0
2022-03-08,4.526999950408936,4.881999969482422,4.506999969482422,4.817999839782715,159168,0.006790499925613405,0.0,0.0
2022-03-09,4.526000022888184,4.625,4.449999809265137,4.568999767303467,95126,0.006789000034332276,0.0,0.0
2022-03-10,4.63100004196167,4.671000003814697,4.499000072479248,4.519999980926514,81807,0.006946500062942505,0.0,0.0
2022-03-11,4.724999904632568,4.796999931335449,4.622000217437744,4.6570000648498535,84506,0.007087499856948853,0.0,0.0
2022-03-14,4.6579999923706055,4.758999824523926,4.50600004196167,4.704999923706055,73961,0.006986999988555908,0.0,0.0
2022-03-15,4.567999839782715,4.682000160217285,4.459000110626221,4.678999900817871,86943,0.006851999759674072,0.0,0.0
2022-03-16,4.748000144958496,4.776000022888184,4.593999862670898,4.625,80521,0.007122000217437744,0.0,0.0
2022-03-17,4.989999771118164,5.000999927520752,4.690999984741211,4.747000217437744,93844,0.007484999656677246,0.0,0.0
2022-03-18,4.86299991607666,4.956999778747559,4.810999870300293,4.929999828338623,67268,0.007294499874114991,0.0,0.0
2022-03-21,4.900000095367432,4.97599983215332,4.748000144958496,4.908999919891357,75457,0.007350000143051148,0.0,0.0
2022-03-22,5.186999797821045,5.203999996185303,4.876999855041504,4.947999954223633,122753,0.007780499696731567,0.0,0.0
2022-03-23,5.23199987411499,5.329999923706055,5.0920000076293945,5.146999835968018,74535,0.007847999811172485,0.0,0.0
2022-03-24,5.401000022888184,5.464000225067139,5.063000202178955,5.114999771118164,84230,0.008101500034332276,0.0,0.0
2022-03-25,5.571000099182129,5.577000141143799,5.34499979019165,5.401000022888184,29472,0.008356500148773193,0.0,0.0
2022-03-28,5.507999897003174,5.651999950408936,5.419000148773193,5.551000118255615,33907,0.00826199984550476,0.0,0.0
2022-03-29,5.335999965667725,5.491000175476074,5.255000114440918,5.453000068664551,111300,0.008003999948501588,0.0,0.0
2022-03-30,5.605000019073486,5.624000072479248,5.269999980926514,5.328999996185303,117845,0.008407500028610229,0.0,0.0
2022-03-31,5.642000198364258,5.831999778747559,5.453999996185303,5.574999809265137,159717,0.008463000297546387,0.0,0.0
2022-04-01,5.71999979019165,5.777999877929688,5.505000114440918,5.626999855041504,178521,0.008579999685287476,0.0,0.0
2022-04-04,5.711999893188477,5.85699987411499,5.650000095367432,5.744999885559082,137180,0.008567999839782715,0.0,0.0
2022-04-05,6.0320000648498535,6.201000213623047,5.770999908447266,5.7820000648498535,158216,0.00904800009727478,0.0,0.0
2022-04-06,6.02899980545044,6.394000053405762,6.0,6.078000068664551,166720,0.00904349970817566,0.0,0.0
2022-04-07,6.359000205993652,6.440000057220459,6.0,6.116000175476074,199510,0.00953850030899048,0.0,0.0
2022-04-08,6.277999877929688,6.538000106811523,6.256999969482422,6.410999774932861,188342,0.009416999816894533,0.0,0.0
2022-04-11,6.64300012588501,6.7220001220703125,6.247000217437744,6.394000053405762,177957,0.009964500188827516,0.0,0.0
2022-04-12,6.679999828338623,6.947000026702881,6.599999904632568,6.704999923706055,234248,0.010019999742507935,0.0,0.0
2022-04-13,6.997000217437744,7.091000080108643,6.651999950408936,6.703999996185303,210551,0.010495500326156617,0.0,0.0
2022-04-14,7.300000190734863,7.34600019454956,6.949999809265137,7.046000003814697,214218,0.010950000286102294,0.0,0.0
2022-04-18,7.820000171661377,8.0649995803833,7.364999771118164,7.367000102996826,191084,0.011730000257492065,0.0,0.0
2022-04-19,7.176000118255615,7.939000129699707,6.953999996185303,7.776000022888184,236995,0.010764000177383423,0.0,0.0
2022-04-20,6.936999797821045,7.409999847412109,6.790999889373779,7.252999782562256,157958,0.010405499696731567,0.0,0.0
2022-04-21,6.956999778747559,7.145999908447266,6.703000068664551,6.824999809265137,145263,0.010435499668121339,0.0,0.0
2022-04-22,6.533999919891357,7.079999923706055,6.438000202178955,6.938000202178955,80599,0.009800999879837036,0.0,0.0
2022-04-25,6.669000148773193,6.966000080108643,6.34499979019165,6.414000034332275,32516,0.01000350022315979,0.0,0.0
2022-04-26,6.849999904632568,7.050000190734863,6.662000179290772,6.835999965667725,41407,0.010274999856948852,0.0,0.0
2022-04-27,7.267000198364258,7.343999862670898,6.800000190734863,6.857999801635742,155327,0.010900500297546387,0.0,0.0
2022-04-28,6.888000011444092,7.421999931335449,6.879000186920166,7.394999980926514,139569,0.010332000017166137,0.0,0.0
2022-04-29,7.24399995803833,7.335000038146973,6.804999828338623,6.939000129699707,109239,0.010865999937057495,0.0,0.0
2022-05-02,7.474999904632568,7.617000102996826,7.218999862670898,7.4120001792907715,110917,0.011212499856948853,0.0,0.0
2022-05-03,7.953999996185303,8.168999671936035,7.539000034332275,7.539999961853027,153339,0.011930999994277955,0.0,0.0
2022-05-04,8.414999961853027,8.473999977111816,7.729000091552734,7.815000057220459,132317,0.01262249994277954,0.0,0.0
2022-05-05,8.782999992370605,8.913000106811523,8.116999626159668,8.354999542236328,160163,0.013174499988555908,0.0,0.0
2022-05-06,8.043000221252441,8.996000289916992,7.956999778747559,8.843000411987305,168297,0.012064500331878662,0.0,0.0
2022-05-09,7.026000022888184,8.286999702453613,6.961999893188477,7.842999935150146,202616,0.010539000034332276,0.0,0.0
2022-05-10,7.385000228881836,7.4629998207092285,6.429999828338623,7.03000020980835,185464,0.011077500343322754,0.0,0.0
2022-05-11,7.639999866485596,7.72100019454956,7.296000003814697,7.311999797821045,120930,0.011459999799728393,0.0,0.0
2022-05-12,7.738999843597412,7.789999961853027,7.255000114440918,7.63700008392334,107056,0.011608499765396118,0.0,0.0
2022-05-13,7.663000106811523,7.919000148773193,7.514999866485596,7.672999858856201,85042,0.011494500160217285,0.0,0.0
2022-05-16,7.955999851226807,8.182999610900879,7.663000106811523,7.699999809265137,93521,0.011933999776840211,0.0,0.0
2022-05-17,8.303999900817871,8.371999740600586,8.015000343322754,8.015999794006348,76666,0.012455999851226807,0.0,0.0
2022-05-18,8.368000030517578,8.54800033569336,8.15999984741211,8.317999839782715,80717,0.012552000045776368,0.0,0.0
2022-05-19,8.307999610900879,8.5,7.90500020980835,8.239999771118164,90577,0.01246199941635132,0.0,0.0
2022-05-20,8.083000183105469,8.189000129699707,7.836999893188477,8.112000465393066,85458,0.012124500274658204,0.0,0.0
2022-05-23,8.744000434875488,8.821999549865723,7.85099983215332,8.079000473022461,65546,0.013116000652313232,0.0,0.0
2022-05-24,8.795999526977539,8.930000305175781,8.604999542236328,8.72700023651123,31660,0.013193999290466309,0.0,0.0
2022-05-25,8.970999717712402,9.39900016784668,8.765000343322754,8.831000328063965,37393,0.013456499576568604,0.0,0.0
2022-05-26,8.907999992370605,9.401000022888184,8.78499984741211,8.984000205993652,163265,0.013361999988555908,0.0,0.0
2022-05-27,8.72700023651123,8.895000457763672,8.28499984741211,8.810999870300293,107093,0.013090500354766846,0.0,0.0
2022-05-31,8.145000457763672,8.916000366210938,8.118000030517578,8.87399959564209,125484,0.012217500686645509,0.0,0.0
2022-06-01,8.696000099182129,8.791000366210938,8.145999908447266,8.270999908447266,111962,0.013044000148773193,0.0,0.0
2022-06-02,8.484999656677246,9.057000160217283,8.376999855041504,8.782999992370605,119011,0.01272749948501587,0.0,0.0
2022-06-03,8.52299976348877,8.692999839782715,8.267000198364258,8.411999702453613,75228,0.012784499645233155,0.0,0.0
2022-06-06,9.321999549865724,9.399999618530272,8.732000350952148,8.75,129103,0.013982999324798587,0.0,0.0
2022-06-07,9.29300022125244,9.543999671936035,9.199999809265137,9.359000205993652,140029,0.01393950033187866,0.0,0.0
2022-06-08,8.699000358581543,9.663999557495115,8.427000045776367,9.335000038146973,250296,0.013048500537872315,0.0,0.0
2022-06-09,8.963000297546387,9.03600025177002,8.015999794006348,8.628999710083008,244480,0.01344450044631958,0.0,0.0
2022-06-10,8.850000381469727,9.14900016784668,8.621999740600586,8.996999740600586,134611,0.01327500057220459,0.0,0.0
2022-06-13,8.609000205993652,8.949999809265137,8.381999969482422,8.920000076293945,167556,0.012913500308990479,0.0,0.0
2022-06-14,7.189000129699707,8.888999938964844,7.007999897003174,8.685999870300293,273717,0.01078350019454956,0.0,0.0
2022-06-15,7.420000076293945,7.697999954223633,7.201000213623047,7.269000053405762,123589,0.011130000114440918,0.0,0.0
2022-06-16,7.464000225067139,8.027000427246094,7.329999923706055,7.539999961853027,137433,0.011196000337600709,0.0,0.0
2022-06-17,6.943999767303467,7.5879998207092285,6.88100004196167,7.453999996185303,103759,0.0104159996509552,0.0,0.0
2022-06-21,6.808000087738037,6.97599983215332,6.553999900817871,6.800000190734863,120010,0.010212000131607056,0.0,0.0
2022-06-22,6.857999801635742,6.929999828338623,6.574999809265137,6.843999862670898,92473,0.010286999702453614,0.0,0.0
2022-06-23,6.238999843597412,6.840000152587891,6.175000190734863,6.828999996185303,78031,0.009358499765396119,0.0,0.0
2022-06-24,6.21999979019165,6.336999893188477,6.020999908447266,6.228000164031982,26571,0.009329999685287476,0.0,0.0
2022-06-27,6.500999927520752,6.538000106811523,6.010000228881836,6.125999927520752,33103,0.009751499891281127,0.0,0.0
2022-06-28,6.551000118255615,6.764999866485596,6.386000156402588,6.448999881744385,90792,0.009826500177383422,0.0,0.0
2022-06-29,6.498000144958496,6.833000183105469,6.40500020980835,6.631999969482422,82205,0.009747000217437744,0.0,0.0
2022-06-30,5.423999786376953,6.602000236511231,5.35699987411499,6.427999973297119,182579,0.00813599967956543,0.0,0.0
2022-07-01,5.730000019073486,5.949999809265137,5.590000152587891,5.701000213623047,106967,0.008595000028610229,0.0,0.0
2022-07-05,5.5229997634887695,5.9070000648498535,5.324999809265137,5.711999893188477,110174,0.008284499645233154,0.0,0.0
2022-07-06,5.510000228881836,5.736999988555908,5.380000114440918,5.460000038146973,73506,0.008265000343322754,0.0,0.0
2022-07-07,6.296999931335449,6.38100004196167,5.48799991607666,5.539000034332275,127670,0.009445499897003174,0.0,0.0
2022-07-08,6.033999919891357,6.304999828338623,6.01200008392334,6.188000202178955,107326,0.009050999879837037,0.0,0.0
2022-07-11,6.426000118255615,6.689000129699707,6.23199987411499,6.446000099182129,109392,0.009639000177383422,0.0,0.0
2022-07-12,6.163000106811523,6.785999774932861,6.013999938964844,6.525000095367432,132046,0.009244500160217285,0.0,0.0
2022-07-13,6.689000129699707,6.797999858856201,6.201000213623047,6.251999855041504,116805,0.010033500194549561,0.0,0.0
2022-07-14,6.599999904632568,6.8979997634887695,6.537000179290772,6.5980000495910645,121044,0.009899999856948853,0.0,0.0
2022-07-15,7.015999794006348,7.144000053405762,6.420000076293945,6.669000148773193,105875,0.010523999691009521,0.0,0.0
2022-07-18,7.479000091552734,7.553999900817871,7.078000068664551,7.168000221252441,91133,0.011218500137329102,0.0,0.0
2022-07-19,7.263999938964844,7.540999889373779,7.109000205993652,7.432000160217285,96160,0.010895999908447265,0.0,0.0
2022-07-20,8.006999969482422,8.039999961853027,7.173999786376953,7.311999797821045,120860,0.012010499954223633,0.0,0.0
2022-07-21,7.932000160217285,8.175999641418457,7.605999946594238,7.873000144958496,96422,0.011898000240325928,0.0,0.0
2022-07-22,8.298999786376953,8.416999816894531,7.75,7.892000198364258,52813,0.01244849967956543,0.0,0.0
2022-07-25,8.72700023651123,8.87399959564209,8.347000122070312,8.390000343322754,33164,0.013090500354766846,0.0,0.0
2022-07-26,8.993000030517578,9.751999855041504,8.75,8.814000129699707,38204,0.013489500045776367,0.0,0.0
2022-07-27,8.687000274658203,9.137999534606934,8.487000465393066,8.880999565124512,105217,0.013030500411987306,0.0,0.0
2022-07-28,8.133999824523926,8.845000267028809,8.102999687194824,8.579999923706055,89237,0.012200999736785888,0.0,0.0
2022-07-29,8.229000091552734,8.387999534606934,8.010000228881836,8.154999732971191,77774,0.012343500137329102,0.0,0.0
2022-08-01,8.282999992370605,8.29800033569336,7.752999782562256,7.909999847412109,104021,0.01242449998855591,0.0,0.0
2022-08-02,7.705999851226807,8.232999801635742,7.625,8.227999687194824,106080,0.01155899977684021,0.0,0.0
2022-08-03,8.265999794006348,8.479999542236328,7.550000190734863,7.671000003814697,134210,0.012398999691009521,0.0,0.0
2022-08-04,8.121999740600586,8.449999809265137,7.824999809265137,8.281000137329102,102540,0.012182999610900878,0.0,0.0
2022-08-05,8.064000129699707,8.248000144958496,7.8979997634887695,8.151000022888184,111704,0.012096000194549561,0.0,0.0
2022-08-08,7.589000225067139,7.916999816894531,7.532000064849853,7.875999927520752,117789,0.011383500337600709,0.0,0.0
2022-08-09,7.833000183105469,7.888999938964844,7.623000144958496,7.665999889373779,88511,0.011749500274658204,0.0,0.0
2022-08-10,8.20199966430664,8.267000198364258,7.704999923706055,7.857999801635742,111811,0.012302999496459962,0.0,0.0
2022-08-11,8.87399959564209,8.994000434875488,8.178000450134277,8.222000122070312,141751,0.013310999393463136,0.0,0.0
2022-08-12,8.767999649047852,8.918999671936035,8.515999794006348,8.717000007629395,68126,0.013151999473571778,0.0,0.0
2022-08-15,8.727999687194824,8.935999870300293,8.402999877929688,8.678999900817871,80221,0.013091999530792237,0.0,0.0
2022-08-16,9.32900047302246,9.41100025177002,8.78499984741211,8.809000015258789,104087,0.01399350070953369,0.0,0.0
2022-08-17,9.244000434875488,9.677000045776367,9.121000289916992,9.362000465393066,88675,0.013866000652313233,0.0,0.0
2022-08-18,9.187999725341797,9.663000106811523,8.913000106811523,9.166000366210938,112102,0.013781999588012695,0.0,0.0
2022-08-19,9.336000442504885,9.395000457763672,8.869999885559082,9.201000213623049,69809,0.014004000663757328,0.0,0.0
2022-08-22,9.68000030517578,9.982000350952148,9.157999992370604,9.173999786376951,92412,0.014520000457763669,0.0,0.0
2022-08-23,9.192999839782717,10.027999877929688,9.050000190734863,9.81700038909912,118634,0.013789499759674076,0.0,0.0
2022-08-24,9.329999923706056,9.454999923706056,9.100000381469728,9.25,50496,0.013994999885559085,0.0,0.0
2022-08-25,9.375,9.418999671936035,9.175000190734863,9.23900032043457,25827,0.0140625,0.0,0.0
2022-08-26,9.29599952697754,9.66800022125244,9.185999870300291,9.371999740600586,33977,0.013943999290466311,0.0,0.0
2022-08-29,9.352999687194824,9.682000160217283,9.034000396728516,9.670000076293944,89284,0.014029499530792237,0.0,0.0
2022-08-30,9.041999816894531,9.300000190734863,8.864999771118164,9.26200008392334,76599,0.013562999725341798,0.0,0.0
2022-08-31,9.126999855041504,9.284000396728516,8.814000129699707,9.08199977874756,86294,0.013690499782562256,0.0,0.0
2022-09-01,9.26200008392334,9.394000053405762,9.010000228881836,9.133000373840332,94244,0.01389300012588501,0.0,0.0
2022-09-02,8.78600025177002,9.239999771118164,8.619000434875488,9.1899995803833,103166,0.01317900037765503,0.0,0.0
2022-09-06,8.145000457763672,9.12600040435791,7.822999954223633,9.027999877929688,149360,0.012217500686645509,0.0,0.0
2022-09-07,7.842000007629394,8.298999786376953,7.750999927520752,8.038999557495117,127189,0.011763000011444091,0.0,0.0
2022-09-08,7.914999961853027,8.064000129699707,7.771999835968018,7.841000080108643,105989,0.011872499942779542,0.0,0.0
2022-09-09,7.995999813079834,8.204999923706055,7.888000011444092,7.974999904632568,90496,0.011993999719619751,0.0,0.0
2022-09-12,8.24899959564209,8.406000137329102,7.855000019073486,8.026000022888184,106172,0.012373499393463135,0.0,0.0
2022-09-13,8.284000396728516,8.456000328063965,8.154999732971191,8.380999565124512,108829,0.012426000595092773,0.0,0.0
2022-09-14,9.11400032043457,9.23799991607666,8.324999809265137,8.390999794006348,137213,0.013671000480651856,0.0,0.0
2022-09-15,8.324000358581543,9.116999626159668,8.204000473022461,9.072999954223633,127214,0.012486000537872315,0.0,0.0
2022-09-16,7.763999938964844,8.319000244140625,7.717000007629394,8.29800033569336,96572,0.011645999908447266,0.0,0.0
2022-09-19,7.751999855041504,7.922999858856201,7.403999805450439,7.736999988555908,87547,0.011627999782562256,0.0,0.0
2022-09-20,7.717000007629394,7.985000133514404,7.646999835968018,7.863999843597412,80107,0.011575500011444091,0.0,0.0
2022-09-21,7.778999805450439,8.123000144958496,7.559999942779541,7.735000133514404,98568,0.011668499708175658,0.0,0.0
2022-09-22,7.089000225067139,7.776000022888184,7.060999870300293,7.730999946594238,136340,0.010633500337600708,0.0,0.0
2022-09-23,6.828000068664551,7.282000064849853,6.736999988555908,7.182000160217285,73669,0.010242000102996826,0.0,0.0
2022-09-26,6.902999877929688,6.96999979019165,6.526000022888184,6.843999862670898,24604,0.010354499816894533,0.0,0.0
2022-09-27,6.651000022888184,7.119999885559082,6.617000102996826,6.935999870300293,36366,0.009976500034332276,0.0,0.0
2022-09-28,6.868000030517578,6.901000022888184,6.455999851226807,6.665999889373779,98396,0.010302000045776367,0.0,0.0
2022-09-29,6.874000072479248,7.138999938964844,6.598999977111816,7.02899980545044,85719,0.010311000108718871,0.0,0.0
2022-09-30,6.765999794006348,7.044000148773193,6.704999923706055,6.894999980926514,97372,0.010148999691009521,0.0,0.0
2022-10-03,6.46999979019165,6.828999996185303,6.304999828338623,6.800000190734863,104483,0.009704999685287475,0.0,0.0
2022-10-04,6.836999893188477,6.886000156402588,6.309999942779541,6.526000022888184,121681,0.010255499839782715,0.0,0.0
2022-10-05,6.929999828338623,7.021999835968018,6.626999855041504,6.829999923706055,80869,0.010394999742507936,0.0,0.0
2022-10-06,6.9720001220703125,7.188000202178955,6.855999946594238,6.921000003814697,109938,0.010458000183105469,0.0,0.0
2022-10-07,6.748000144958496,6.926000118255615,6.599999904632568,6.855999946594238,124707,0.010122000217437744,0.0,0.0
2022-10-10,6.434999942779541,6.901000022888184,6.410999774932861,6.646999835968018,114235,0.009652499914169312,0.0,0.0
2022-10-11,6.5960001945495605,6.671000003814697,6.361999988555908,6.51200008392334,106885,0.00989400029182434,0.0,0.0
2022-10-12,6.434999942779541,6.802999973297119,6.39900016784668,6.60099983215332,112382,0.009652499914169312,0.0,0.0
2022-10-13,6.741000175476074,6.776999950408936,6.336999893188477,6.439000129699707,131392,0.010111500263214111,0.0,0.0
2022-10-14,6.453000068664551,6.742000102996826,6.408999919891357,6.684000015258789,96729,0.009679500102996827,0.0,0.0
2022-10-17,5.999000072479248,6.314000129699707,5.912000179290772,6.263000011444092,132424,0.008998500108718872,0.0,0.0
2022-10-18,5.744999885559082,6.09499979019165,5.672999858856201,5.978000164031982,102085,0.008617499828338624,0.0,0.0
2022-10-19,5.461999893188477,5.783999919891357,5.427000045776367,5.685999870300293,107157,0.008192999839782715,0.0,0.0
2022-10-20,5.357999801635742,5.565000057220459,5.252999782562256,5.455999851226807,104216,0.008036999702453614,0.0,0.0
2022-10-21,4.959000110626221,5.375,4.902999877929688,5.322000026702881,101734,0.0074385001659393315,0.0,0.0
2022-10-24,5.198999881744385,5.258999824523926,4.75,4.96999979019165,69672,0.007798499822616578,0.0,0.0
2022-10-25,5.61299991607666,5.739999771118164,5.11899995803833,5.186999797821045,39947,0.008419499874114991,0.0,0.0
2022-10-26,5.605999946594238,5.748000144958496,5.3470001220703125,5.729000091552734,36778,0.008408999919891358,0.0,0.0
2022-10-27,5.185999870300293,5.703000068664551,4.947999954223633,5.703000068664551,118808,0.00777899980545044,0.0,0.0
2022-10-28,5.684000015258789,5.889999866485596,5.546999931335449,5.8480000495910645,84706,0.008526000022888183,0.0,0.0
2022-10-31,6.355000019073486,6.400000095367432,5.822999954223633,5.831999778747559,128751,0.00953250002861023,0.0,0.0
2022-11-01,5.714000225067139,6.309000015258789,5.613999843597412,6.269999980926514,136649,0.008571000337600708,0.0,0.0
2022-11-02,6.26800012588501,6.302999973297119,5.787000179290772,5.828999996185303,104854,0.009402000188827515,0.0,0.0
2022-11-03,5.974999904632568,6.2179999351501465,5.874000072479248,6.202000141143799,98527,0.008962499856948853,0.0,0.0
2022-11-04,6.400000095367432,6.510000228881836,5.89300012588501,5.934999942779541,117251,0.009600000143051148,0.0,0.0
2022-11-07,6.943999767303467,7.22100019454956,6.565999984741211,6.980000019073486,171262,0.0104159996509552,0.0,0.0
2022-11-08,6.138000011444092,6.822999954223633,6.061999797821045,6.686999797821045,146540,0.009207000017166138,0.0,0.0
2022-11-09,5.864999771118164,6.349999904632568,5.715000152587891,6.190000057220459,134654,0.008797499656677246,0.0,0.0
2022-11-10,6.238999843597412,6.26200008392334,5.763999938964844,5.949999809265137,101637,0.009358499765396119,0.0,0.0
2022-11-11,5.879000186920166,6.505000114440918,5.775000095367432,6.164999961853027,110492,0.008818500280380248,0.0,0.0
2022-11-14,5.933000087738037,6.415999889373779,5.889999866485596,6.11899995803833,110910,0.008899500131607056,0.0,0.0
2022-11-15,6.033999919891357,6.203000068664551,5.841000080108643,6.065000057220459,76925,0.009050999879837037,0.0,0.0
2022-11-16,6.199999809265137,6.25,5.727000236511231,6.138000011444092,112921,0.009299999713897705,0.0,0.0
2022-11-17,6.36899995803833,6.546999931335449,6.162000179290772,6.204999923706055,106768,0.009553499937057496,0.0,0.0
2022-11-18,6.302999973297119,6.474999904632568,6.045000076293945,6.382999897003174,102563,0.009454499959945678,0.0,0.0
2022-11-21,6.776000022888184,6.836999893188477,6.144999980926514,6.333000183105469,107821,0.010164000034332276,0.0,0.0
2022-11-22,6.77899980545044,6.97599983215332,6.456999778747559,6.703000068664551,73116,0.010168499708175661,0.0,0.0
2022-11-23,7.308000087738037,7.604000091552734,6.88700008392334,6.900000095367432,59054,0.010962000131607056,0.0,0.0
2022-11-25,7.02400016784668,7.400000095367432,6.800000190734863,7.331999778747559,35506,0.01053600025177002,0.0,0.0
2022-11-28,6.711999893188477,6.980000019073486,6.5,6.869999885559082,105914,0.010067999839782715,0.0,0.0
2022-11-29,7.235000133514404,7.421000003814697,7.0920000076293945,7.318999767303467,101680,0.010852500200271606,0.0,0.0
2022-11-30,6.929999828338623,7.304999828338623,6.806000232696533,7.263999938964844,107306,0.010394999742507936,0.0,0.0
2022-12-01,6.73799991607666,7.2129998207092285,6.708000183105469,6.966000080108643,94563,0.01010699987411499,0.0,0.0
2022-12-02,6.281000137329102,6.839000225067139,6.2210001945495605,6.828999996185303,115609,0.009421500205993652,0.0,0.0
2022-12-05,5.577000141143799,6.052000045776367,5.556000232696533,5.900000095367432,167674,0.008365500211715698,0.0,0.0
2022-12-06,5.468999862670898,5.673999786376953,5.336999893188477,5.642000198364258,131231,0.008203499794006348,0.0,0.0
2022-12-07,5.7230000495910645,5.849999904632568,5.382999897003174,5.388000011444092,172964,0.008584500074386598,0.0,0.0
2022-12-08,5.961999893188477,6.164000034332275,5.769999980926514,5.814000129699707,154504,0.008942999839782716,0.0,0.0
2022-12-09,6.244999885559082,6.390999794006348,5.794000148773193,5.929999828338623,160027,0.009367499828338623,0.0,0.0
2022-12-12,6.586999893188477,7.058000087738037,6.486999988555908,6.949999809265137,171431,0.009880499839782715,0.0,0.0
2022-12-13,6.934999942779541,7.105000019073486,6.499000072479248,6.533999919891357,168109,0.010402499914169312,0.0,0.0
2022-12-14,6.429999828338623,6.960999965667725,6.336999893188477,6.951000213623047,139039,0.009644999742507935,0.0,0.0
2022-12-15,6.96999979019165,7.035999774932861,6.357999801635742,6.370999813079834,139782,0.010454999685287476,0.0,0.0
2022-12-16,6.599999904632568,6.888000011444092,6.218999862670898,6.888000011444092,116642,0.009899999856948853,0.0,0.0
2022-12-19,5.85099983215332,6.275000095367432,5.764999866485596,6.15399980545044,121279,0.00877649974822998,0.0,0.0
2022-12-20,5.326000213623047,5.906000137329102,5.25600004196167,5.831999778747559,123996,0.00798900032043457,0.0,0.0
2022-12-21,5.331999778747559,5.609000205993652,5.264999866485596,5.388999938964844,89444,0.007997999668121338,0.0,0.0
2022-12-22,4.999000072479248,5.652999877929688,4.974999904632568,5.465000152587891,66757,0.007498500108718872,0.0,0.0
2022-12-23,5.078999996185303,5.244999885559082,4.824999809265137,5.0929999351501465,42105,0.007618499994277954,0.0,0.0
2022-12-27,5.2820000648498535,5.367000102996826,5.080999851226807,5.2829999923706055,41154,0.00792300009727478,0.0,0.0
2022-12-28,4.709000110626221,5.183000087738037,4.5879998207092285,5.183000087738037,115022,0.007063500165939331,0.0,0.0
2022-12-29,4.559000015258789,4.789999961853027,4.421999931335449,4.767000198364258,78441,0.0068385000228881835,0.0,0.0
2022-12-30,4.474999904632568,4.614999771118164,4.377999782562256,4.558000087738037,62281,0.006712499856948852,0.0,0.0
2023-01-03,3.98799991607666,4.394000053405762,3.8940000534057617,4.39300012588501,116837,0.0059819998741149905,0.0,0.0
2023-01-04,4.171999931335449,4.218999862670898,3.900000095367432,4.007999897003174,99759,0.006257999897003174,0.0,0.0
2023-01-05,3.7200000286102295,4.175000190734863,3.651000022888184,4.15500020980835,116682,0.005580000042915345,0.0,0.0
2023-01-06,3.7100000381469727,3.83899998664856,3.5199999809265137,3.763999938964844,105050,0.005565000057220459,0.0,0.0
2023-01-09,3.910000085830689,4.127999782562256,3.7809998989105225,3.809999942779541,130276,0.005865000128746033,0.0,0.0
2023-01-10,3.638999938964844,3.91100001335144,3.5460000038146973,3.91100001335144,112231,0.0054584999084472665,0.0,0.0
2023-01-11,3.671000003814697,3.776999950408936,3.421999931335449,3.575000047683716,133203,0.005506500005722045,0.0,0.0
2023-01-12,3.694999933242798,3.946000099182129,3.607000112533569,3.694000005722046,123743,0.005542499899864197,0.0,0.0
2023-01-13,3.4189999103546143,3.759999990463257,3.384000062942505,3.677000045776367,112096,0.005128499865531921,0.0,0.0
2023-01-17,3.5859999656677246,3.7890000343322754,3.5209999084472656,3.556999921798706,143310,0.005378999948501587,0.0,0.0
2023-01-18,3.311000108718872,3.6440000534057617,3.2739999294281006,3.628000020980835,119853,0.004966500163078308,0.0,0.0
2023-01-19,3.275000095367432,3.3959999084472656,3.186000108718872,3.2929999828338623,99670,0.004912500143051148,0.0,0.0
2023-01-20,3.174000024795532,3.388999938964844,3.0910000801086426,3.203000068664551,106735,0.0047610000371932975,0.0,0.0
2023-01-23,3.447000026702881,3.563999891281128,3.243000030517578,3.450000047683716,130377,0.005170500040054322,0.0,0.0
2023-01-24,3.257999897003174,3.595000028610229,3.2239999771118164,3.450000047683716,62585,0.004886999845504761,0.0,0.0
2023-01-25,3.066999912261963,3.250999927520752,2.992000102996826,3.242000102996826,40750,0.0046004998683929444,0.0,0.0
2023-01-26,2.944000005722046,3.003000020980835,2.760999917984009,3.003000020980835,47669,0.004416000008583069,0.0,0.0
2023-01-27,3.108999967575073,3.1760001182556152,2.8320000171661377,2.875999927520752,128689,0.004663499951362609,0.0,0.0
2023-01-30,2.677000045776367,2.7730000019073486,2.611999988555908,2.720000028610229,167291,0.004015500068664551,0.0,0.0
2023-01-31,2.684000015258789,2.753000020980835,2.614000082015991,2.684999942779541,145544,0.004026000022888184,0.0,0.0
2023-02-01,2.4679999351501465,2.7799999713897705,2.463000059127808,2.7300000190734863,210664,0.0037019999027252198,0.0,0.0
2023-02-02,2.4560000896453857,2.5969998836517334,2.430999994277954,2.503999948501587,160777,0.003684000134468079,0.0,0.0
2023-02-03,2.4100000858306885,2.515000104904175,2.3410000801086426,2.4570000171661377,145394,0.0036150001287460327,0.0,0.0
2023-02-06,2.4570000171661377,2.5,2.365000009536743,2.421999931335449,138819,0.0036855000257492066,0.0,0.0
2023-02-07,2.5840001106262207,2.615000009536743,2.4230000972747803,2.499000072479248,228475,0.003876000165939331,0.0,0.0
2023-02-08,2.3959999084472656,2.657000064849853,2.367000102996826,2.5989999771118164,204605,0.0035939998626708983,0.0,0.0
2023-02-09,2.430000066757202,2.5290000438690186,2.3499999046325684,2.4110000133514404,227981,0.003645000100135803,0.0,0.0
2023-02-10,2.513999938964844,2.58899998664856,2.4100000858306885,2.46399998664856,230687,0.0037709999084472663,0.0,0.0
2023-02-13,2.4049999713897705,2.609999895095825,2.375999927520752,2.5799999237060547,251399,0.003607499957084656,0.0,0.0
2023-02-14,2.566999912261963,2.622999906539917,2.414999961853028,2.427000045776367,169804,0.003850499868392944,0.0,0.0
2023-02-15,2.470999956130981,2.6070001125335693,2.446000099182129,2.6029999256134038,147505,0.0037064999341964717,0.0,0.0
2023-02-16,2.388999938964844,2.559000015258789,2.3580000400543213,2.46399998664856,141459,0.003583499908447266,0.0,0.0
2023-02-17,2.275000095367432,2.4200000762939453,2.220000028610229,2.3910000324249268,133999,0.0034125001430511484,0.0,0.0
2023-02-21,2.072999954223633,2.2950000762939453,2.056999921798706,2.2249999046325684,108507,0.0031094999313354492,0.0,0.0
2023-02-22,2.174000024795532,2.302000045776367,1.9670000076293943,2.065999984741211,57853,0.003261000037193298,0.0,0.0
2023-02-23,2.313999891281128,2.377000093460083,2.095000028610229,2.1610000133514404,57085,0.003470999836921692,0.0,0.0
2023-02-24,2.450999975204468,2.57699990272522,2.306999921798706,2.345000028610229,168130,0.0036764999628067026,0.0,0.0
2023-02-27,2.7309999465942383,2.740000009536743,2.553999900817871,2.650000095367432,238896,0.0040964999198913575,0.0,0.0
2023-02-28,2.746999979019165,2.7880001068115234,2.568000078201294,2.7230000495910645,160843,0.004120499968528747,0.0,0.0
2023-03-01,2.811000108718872,2.83899998664856,2.6640000343322754,2.7690000534057617,157116,0.004216500163078308,0.0,0.0
2023-03-02,2.765000104904175,2.86299991607666,2.7100000381469727,2.811000108718872,134243,0.004147500157356263,0.0,0.0
2023-03-03,3.009000062942505,3.0269999504089355,2.7720000743865967,2.7890000343322754,185066,0.004513500094413757,0.0,0.0
2023-03-06,2.572000026702881,2.8299999237060547,2.532000064849853,2.8299999237060547,246373,0.0038580000400543213,0.0,0.0
2023-03-07,2.687000036239624,2.697999954223633,2.50600004196167,2.6029999256134038,149484,0.0040305000543594365,0.0,0.0
2023-03-08,2.5510001182556152,2.694000005722046,2.5190000534057617,2.6619999408721924,132610,0.003826500177383423,0.0,0.0
2023-03-09,2.5429999828338623,2.6440000534057617,2.4649999141693115,2.5899999141693115,138147,0.0038144999742507936,0.0,0.0
2023-03-10,2.430000066757202,2.562000036239624,2.424999952316284,2.49399995803833,127165,0.003645000100135803,0.0,0.0
2023-03-13,2.6059999465942383,2.632999897003174,2.3910000324249268,2.4260001182556152,146573,0.003908999919891357,0.0,0.0
2023-03-14,2.572999954223633,2.674000024795532,2.5299999713897705,2.624000072479248,93916,0.0038594999313354495,0.0,0.0
2023-03-15,2.438999891281128,2.595000028610229,2.384000062942505,2.57699990272522,132196,0.003658499836921692,0.0,0.0
2023-03-16,2.513999938964844,2.553999900817871,2.428999900817871,2.4830000400543213,114147,0.0037709999084472663,0.0,0.0
2023-03-17,2.338000059127808,2.5339999198913574,2.32699990272522,2.5269999504089355,118455,0.003507000088691712,0.0,0.0
2023-03-20,2.2230000495910645,2.427000045776367,2.2109999656677246,2.3469998836517334,110519,0.003334500074386597,0.0,0.0
2023-03-21,2.3480000495910645,2.3580000400543213,2.127000093460083,2.246000051498413,138551,0.0035220000743865967,0.0,0.0
2023-03-22,2.1710000038146973,2.325999975204468,2.1519999504089355,2.322000026702881,121562,0.003256500005722046,0.0,0.0
2023-03-23,2.1540000438690186,2.260999917984009,2.135999917984009,2.2149999141693115,87692,0.003231000065803528,0.0,0.0
2023-03-24,2.2160000801086426,2.23799991607666,2.1410000324249268,2.1530001163482666,55636,0.003324000120162964,0.0,0.0
2023-03-27,2.088000059127808,2.1429998874664307,2.059000015258789,2.130000114440918,39811,0.003132000088691712,0.0,0.0
2023-03-28,2.0299999713897705,2.121999979019165,1.9980000257492063,2.08899998664856,62598,0.003044999957084656,0.0,0.0
2023-03-29,1.991000056266785,2.0829999446868896,1.944000005722046,2.0239999294281006,155175,0.0029865000844001774,0.0,0.0
2023-03-30,2.1040000915527344,2.190000057220459,2.0799999237060547,2.183000087738037,153725,0.0031560001373291016,0.0,0.0
2023-03-31,2.2160000801086426,2.240999937057495,2.0739998817443848,2.1070001125335693,164651,0.003324000120162964,0.0,0.0
2023-04-03,2.0969998836517334,2.1600000858306885,2.015000104904175,2.0850000381469727,173583,0.0031454998254776003,0.0,0.0
2023-04-04,2.1059999465942383,2.1659998893737797,2.075999975204468,2.114000082015991,149115,0.0031589999198913575,0.0,0.0
2023-04-05,2.1549999713897705,2.197000026702881,2.065000057220459,2.095999956130981,147112,0.0032324999570846557,0.0,0.0
2023-04-06,2.010999917984009,2.180999994277954,1.9919999837875368,2.1410000324249268,0,0.0030164998769760133,0.0,0.0
2023-04-10,2.171999931335449,2.2230000495910645,2.010999917984009,2.0190000534057617,256800,0.0032579998970031737,0.0,0.0
2023-04-11,2.186000108718872,2.246999979019165,2.125999927520752,2.181999921798706,220673,0.003279000163078308,0.0,0.0
2023-04-12,2.0929999351501465,2.2290000915527344,2.069000005722046,2.220999956130981,247319,0.0031394999027252197,0.0,0.0
2023-04-13,2.006999969482422,2.130000114440918,1.995000004768372,2.0840001106262207,224382,0.003010499954223633,0.0,0.0
2023-04-14,2.114000082015991,2.131999969482422,1.9459999799728396,2.015000104904175,226788,0.003171000123023987,0.0,0.0
2023-04-17,2.275000095367432,2.313999891281128,2.1459999084472656,2.150000095367432,191441,0.0034125001430511484,0.0,0.0
2023-04-18,2.365999937057495,2.384999990463257,2.2290000915527344,2.289999961853028,120611,0.003548999905586243,0.0,0.0
2023-04-19,2.2219998836517334,2.382999897003174,2.177000045776367,2.372999906539917,147565,0.0033329998254776,0.0,0.0
2023-04-20,2.249000072479248,2.2709999084472656,2.140000104904175,2.178999900817871,115594,0.003373500108718872,0.0,0.0
2023-04-21,2.2330000400543213,2.2739999294281006,2.1640000343322754,2.191999912261963,82961,0.003349500060081482,0.0,0.0
2023-04-24,2.2730000019073486,2.2860000133514404,2.180999994277954,2.220000028610229,56324,0.003409500002861023,0.0,0.0
2023-04-25,2.306999921798706,2.312000036239624,2.1700000762939453,2.26200008392334,66131,0.0034604998826980593,0.0,0.0
2023-04-26,2.117000102996826,2.2739999294281006,2.1010000705718994,2.239000082015991,149625,0.0031755001544952395,0.0,0.0
2023-04-27,2.3550000190734863,2.375999927520752,2.2679998874664307,2.313999891281128,105218,0.0035325000286102297,0.0,0.0
2023-04-28,2.4100000858306885,2.5290000438690186,2.2850000858306885,2.3580000400543213,176420,0.0036150001287460327,0.0,0.0
2023-05-01,2.318000078201294,2.4100000858306885,2.289999961853028,2.3980000019073486,108993,0.003477000117301941,0.0,0.0
2023-05-02,2.21399998664856,2.345000028610229,2.186000108718872,2.313999891281128,127225,0.00332099997997284,0.0,0.0
2023-05-03,2.1700000762939453,2.240999937057495,2.1029999256134038,2.2239999771118164,130327,0.003255000114440918,0.0,0.0
2023-05-04,2.1010000705718994,2.188999891281128,2.0810000896453857,2.157000064849853,113278,0.003151500105857849,0.0,0.0
2023-05-05,2.13700008392334,2.1670000553131104,2.0309998989105225,2.0859999656677246,120689,0.00320550012588501,0.0,0.0
2023-05-08,2.23799991607666,2.255000114440918,2.140000104904175,2.1480000019073486,125345,0.0033569998741149903,0.0,0.0
2023-05-09,2.2669999599456787,2.296999931335449,2.184000015258789,2.249000072479248,134534,0.003400499939918518,0.0,0.0
2023-05-10,2.190999984741211,2.265000104904175,2.1600000858306885,2.26200008392334,126485,0.0032864999771118164,0.0,0.0
2023-05-11,2.190000057220459,2.255000114440918,2.164999961853028,2.181999921798706,119033,0.0032850000858306886,0.0,0.0
2023-05-12,2.2660000324249268,2.3350000381469727,2.1470000743865967,2.190999984741211,159351,0.0033990000486373902,0.0,0.0
2023-05-15,2.375,2.384000062942505,2.25,2.265000104904175,142753,0.0035625,0.0,0.0
2023-05-16,2.375999927520752,2.470000028610229,2.3410000801086426,2.372999906539917,135427,0.003563999891281128,0.0,0.0
2023-05-17,2.365000009536743,2.434999942779541,2.322000026702881,2.361999988555908,139262,0.0035475000143051147,0.0,0.0
2023-05-18,2.5920000076293945,2.634000062942505,2.351999998092652,2.380000114440918,186293,0.0038880000114440917,0.0,0.0
2023-05-19,2.5850000381469727,2.684999942779541,2.556999921798706,2.615000009536743,162128,0.003877500057220459,0.0,0.0
2023-05-22,2.400000095367432,2.569000005722046,2.367000102996826,2.568000078201294,114478,0.003600000143051148,0.0,0.0
2023-05-23,2.321000099182129,2.407000064849853,2.318000078201294,2.400000095367432,58742,0.0034815001487731936,0.0,0.0
2023-05-24,2.3980000019073486,2.414999961853028,2.316999912261963,2.3469998836517334,33040,0.003597000002861023,0.0,0.0
2023-05-25,2.306999921798706,2.440999984741211,2.257999897003174,2.4130001068115234,48663,0.0034604998826980593,0.0,0.0
2023-05-26,2.180999994277954,2.2980000972747803,2.1429998874664307,2.2920000553131104,140560,0.0032714999914169314,0.0,0.0
2023-05-30,2.32699990272522,2.447999954223633,2.256999969482422,2.4170000553131104,183534,0.00349049985408783,0.0,0.0
2023-05-31,2.2660000324249268,2.4100000858306885,2.246999979019165,2.319999933242798,151831,0.0033990000486373902,0.0,0.0
2023-06-01,2.157999992370605,2.282999992370605,2.135999917984009,2.255000114440918,210624,0.0032369999885559077,0.0,0.0
2023-06-02,2.171999931335449,2.2330000400543213,2.138000011444092,2.1630001068115234,155169,0.0032579998970031737,0.0,0.0
2023-06-05,2.244999885559082,2.316999912261963,2.184000015258789,2.21399998664856,149918,0.0033674998283386233,0.0,0.0
2023-06-06,2.26200008392334,2.2909998893737797,2.1730000972747803,2.2720000743865967,147732,0.0033930001258850096,0.0,0.0
2023-06-07,2.3289999961853027,2.345999956130981,2.25,2.263999938964844,182391,0.003493499994277954,0.0,0.0
2023-06-08,2.351999998092652,2.380000114440918,2.2769999504089355,2.3340001106262207,217008,0.0035279999971389777,0.0,0.0
2023-06-09,2.253999948501587,2.338000059127808,2.25,2.319999933242798,169479,0.0033809999227523806,0.0,0.0
2023-06-12,2.2660000324249268,2.3239998817443848,2.2060000896453857,2.303999900817871,174479,0.0033990000486373902,0.0,0.0
2023-06-13,2.3399999141693115,2.369999885559082,2.275000095367432,2.2839999198913574,179755,0.003509999871253967,0.0,0.0
2023-06-14,2.3420000076293945,2.390000104904175,2.2939999103546143,2.3320000171661377,141175,0.003513000011444092,0.0,0.0
2023-06-15,2.532999992370605,2.568000078201294,2.315000057220459,2.345999956130981,260280,0.0037994999885559077,0.0,0.0
2023-06-16,2.631999969482422,2.6530001163482666,2.5220000743865967,2.552000045776367,194535,0.003947999954223633,0.0,0.0
2023-06-20,2.492000102996826,2.696000099182129,2.483999967575073,2.628999948501587,198217,0.0037380001544952395,0.0,0.0
2023-06-21,2.5969998836517334,2.601999998092652,2.447999954223633,2.486999988555908,125413,0.0038954998254776,0.0,0.0
2023-06-22,2.6080000400543213,2.631999969482422,2.5290000438690186,2.5899999141693115,109156,0.003912000060081482,0.0,0.0
2023-06-23,2.7290000915527344,2.740000009536743,2.5199999809265137,2.611999988555908,84433,0.004093500137329102,0.0,0.0
2023-06-26,2.7909998893737797,2.815999984741211,2.720000028610229,2.757999897003174,31600,0.00418649983406067,0.0,0.0
2023-06-27,2.763000011444092,2.809000015258789,2.7239999771118164,2.7769999504089355,71154,0.004144500017166138,0.0,0.0
2023-06-28,2.6029999256134038,2.83899998664856,2.5929999351501465,2.7880001068115234,137907,0.003904499888420106,0.0,0.0
2023-06-29,2.700999975204468,2.746000051498413,2.615999937057495,2.6619999408721924,118610,0.0040514999628067025,0.0,0.0
2023-06-30,2.7980000972747803,2.828000068664551,2.634000062942505,2.677000045776367,147265,0.004197000145912171,0.0,0.0
2023-07-03,2.7090001106262207,2.746000051498413,2.6700000762939453,2.7290000915527344,79618,0.004063500165939331,0.0,0.0
2023-07-05,2.657000064849853,2.7929999828338623,2.6480000019073486,2.6989998817443848,124912,0.00398550009727478,0.0,0.0
2023-07-06,2.608999967575073,2.687000036239624,2.5859999656677246,2.6519999504089355,109301,0.003913499951362609,0.0,0.0
2023-07-07,2.5820000171661377,2.674999952316284,2.5360000133514404,2.634999990463257,103593,0.0038730000257492067,0.0,0.0
2023-07-10,2.6689999103546143,2.691999912261963,2.569999933242798,2.569999933242798,124495,0.004003499865531921,0.0,0.0
2023-07-11,2.7309999465942383,2.747999906539917,2.630000114440918,2.6670000553131104,130580,0.0040964999198913575,0.0,0.0
2023-07-12,2.631999969482422,2.75,2.618000030517578,2.739000082015991,149633,0.003947999954223633,0.0,0.0
2023-07-13,2.5450000762939453,2.6659998893737797,2.5390000343322754,2.6589999198913574,148019,0.0038175001144409183,0.0,0.0
2023-07-14,2.5390000343322754,2.6059999465942383,2.492000102996826,2.558000087738037,134591,0.003808500051498413,0.0,0.0
2023-07-17,2.51200008392334,2.5799999237060547,2.483999967575073,2.5480000972747803,110913,0.00376800012588501,0.0,0.0
2023-07-18,2.628999948501587,2.6470000743865967,2.5290000438690186,2.5369999408721924,134874,0.00394349992275238,0.0,0.0
2023-07-19,2.6029999256134038,2.657000064849853,2.5840001106262207,2.619999885559082,102069,0.003904499888420106,0.0,0.0
2023-07-20,2.756999969482422,2.7890000343322754,2.617000102996826,2.628999948501587,165848,0.004135499954223633,0.0,0.0
2023-07-21,2.713000059127808,2.7860000133514404,2.687000036239624,2.74399995803833,94148,0.004069500088691712,0.0,0.0
2023-07-24,2.684999942779541,2.7669999599456787,2.6640000343322754,2.720999956130981,54167,0.004027499914169312,0.0,0.0
2023-07-25,2.7300000190734863,2.753999948501587,2.6559998989105225,2.703000068664551,35545,0.004095000028610229,0.0,0.0
2023-07-26,2.664999961853028,2.739000082015991,2.625,2.720000028610229,37310,0.003997499942779542,0.0,0.0
2023-07-27,2.492000102996826,2.650000095367432,2.463000059127808,2.627000093460083,166760,0.0037380001544952395,0.0,0.0
2023-07-28,2.638000011444092,2.684999942779541,2.563999891281128,2.601999998092652,136505,0.003957000017166138,0.0,0.0
2023-07-31,2.634000062942505,2.693000078201294,2.6050000190734863,2.6589999198913574,97877,0.003951000094413758,0.0,0.0
2023-08-01,2.559999942779541,2.674999952316284,2.5309998989105225,2.6440000534057617,135522,0.0038399999141693116,0.0,0.0
2023-08-02,2.476999998092652,2.5810000896453857,2.4570000171661377,2.578000068664551,147612,0.003715499997138978,0.0,0.0
2023-08-03,2.565000057220459,2.5859999656677246,2.4739999771118164,2.483999967575073,139151,0.0038475000858306887,0.0,0.0
2023-08-04,2.57699990272522,2.61899995803833,2.5290000438690186,2.555999994277954,104012,0.0038654998540878305,0.0,0.0
2023-08-07,2.7249999046325684,2.753999948501587,2.571000099182129,2.5789999961853027,228905,0.004087499856948853,0.0,0.0
2023-08-08,2.7769999504089355,2.8010001182556152,2.691999912261963,2.734999895095825,186795,0.004165499925613403,0.0,0.0
2023-08-09,2.9590001106262207,3.0179998874664307,2.7709999084472656,2.796999931335449,312252,0.0044385001659393315,0.0,0.0
2023-08-10,2.763000011444092,2.997999906539917,2.746999979019165,2.9739999771118164,230514,0.004144500017166138,0.0,0.0
2023-08-11,2.7699999809265137,2.8329999446868896,2.700999975204468,2.7799999713897705,163958,0.00415499997138977,0.0,0.0
2023-08-14,2.7950000762939453,2.82699990272522,2.749000072479248,2.776000022888184,93502,0.004192500114440918,0.0,0.0
2023-08-15,2.6589999198913574,2.86299991607666,2.6470000743865967,2.809999942779541,158887,0.003988499879837036,0.0,0.0
2023-08-16,2.5920000076293945,2.674000024795532,2.568000078201294,2.6640000343322754,142515,0.0038880000114440917,0.0,0.0
2023-08-17,2.621000051498413,2.6700000762939453,2.575000047683716,2.6050000190734863,119544,0.00393150007724762,0.0,0.0
2023-08-18,2.5510001182556152,2.635999917984009,2.5239999294281006,2.622999906539917,128027,0.003826500177383423,0.0,0.0
2023-08-21,2.631999969482422,2.6600000858306885,2.555000066757202,2.559999942779541,102634,0.003947999954223633,0.0,0.0
2023-08-22,2.559999942779541,2.635999917984009,2.539999961853028,2.618000030517578,111965,0.0038399999141693116,0.0,0.0
2023-08-23,2.496999979019165,2.5899999141693115,2.4730000495910645,2.559999942779541,93844,0.0037454999685287474,0.0,0.0
2023-08-24,2.5190000534057617,2.565000057220459,2.424999952316284,2.483999967575073,76080,0.0037785000801086426,0.0,0.0
2023-08-25,2.539999961853028,2.555000066757202,2.4679999351501465,2.5169999599456787,31329,0.0038099999427795416,0.0,0.0
2023-08-28,2.5789999961853027,2.694999933242798,2.5439999103546143,2.634999990463257,58220,0.0038684999942779543,0.0,0.0
2023-08-29,2.555999994277954,2.5989999771118164,2.515000104904175,2.5789999961853027,145380,0.003833999991416931,0.0,0.0
2023-08-30,2.7960000038146973,2.812999963760376,2.6470000743865967,2.680000066757202,146876,0.004194000005722046,0.0,0.0
2023-08-31,2.7679998874664307,2.865000009536743,2.7079999446868896,2.802999973297119,176016,0.004151999831199646,0.0,0.0
2023-09-01,2.765000104904175,2.859999895095825,2.734999895095825,2.765000104904175,127248,0.004147500157356263,0.0,0.0
2023-09-05,2.5820000171661377,2.7079999446868896,2.565999984741211,2.700000047683716,178329,0.0038730000257492067,0.0,0.0
2023-09-06,2.509999990463257,2.614000082015991,2.503000020980835,2.5840001106262207,116663,0.0037649999856948853,0.0,0.0
2023-09-07,2.5789999961853027,2.614000082015991,2.5,2.5160000324249268,140334,0.0038684999942779543,0.0,0.0
2023-09-08,2.6050000190734863,2.6589999198913574,2.572000026702881,2.5789999961853027,101228,0.003907500028610229,0.0,0.0
2023-09-11,2.6080000400543213,2.638999938964844,2.5409998893737797,2.609999895095825,110879,0.003912000060081482,0.0,0.0
2023-09-12,2.743000030517578,2.782000064849853,2.6040000915527344,2.619999885559082,202189,0.004114500045776367,0.0,0.0
2023-09-13,2.680000066757202,2.7769999504089355,2.640000104904175,2.746999979019165,191712,0.004020000100135803,0.0,0.0
2023-09-14,2.7079999446868896,2.822999954223633,2.697000026702881,2.7149999141693115,154082,0.004061999917030335,0.0,0.0
2023-09-15,2.6440000534057617,2.736000061035156,2.63700008392334,2.7039999961853027,127780,0.003966000080108643,0.0,0.0
2023-09-18,2.7279999256134038,2.744999885559082,2.5999999046325684,2.624000072479248,128308,0.0040919998884201055,0.0,0.0
2023-09-19,2.8480000495910645,2.871999979019165,2.7100000381469727,2.7290000915527344,164806,0.0042720000743865965,0.0,0.0
2023-09-20,2.7330000400543213,2.8239998817443848,2.693000078201294,2.819000005722046,140309,0.004099500060081482,0.0,0.0
2023-09-21,2.609999895095825,2.759000062942505,2.595000028610229,2.7320001125335693,99971,0.0039149998426437375,0.0,0.0
2023-09-22,2.63700008392334,2.683000087738037,2.601999998092652,2.624000072479248,52641,0.00395550012588501,0.0,0.0
2023-09-25,2.638999938964844,2.6710000038146973,2.6059999465942383,2.657000064849853,36175,0.003958499908447266,0.0,0.0
2023-09-26,2.6559998989105225,2.6670000553131104,2.552000045776367,2.638000011444092,57087,0.003983999848365784,0.0,0.0
2023-09-27,2.763999938964844,2.7809998989105225,2.640000104904175,2.6559998989105225,136011,0.004145999908447266,0.0,0.0
2023-09-28,2.944999933242798,2.9809999465942383,2.868000030517578,2.8910000324249268,123674,0.004417499899864197,0.0,0.0
2023-09-29,2.928999900817871,2.996999979019165,2.8550000190734863,2.9489998817443848,114663,0.004393499851226806,0.0,0.0
2023-10-02,2.8399999141693115,2.9579999446868896,2.8350000381469727,2.9579999446868896,124338,0.004259999871253967,0.0,0.0
2023-10-03,2.9489998817443848,2.9660000801086426,2.819999933242798,2.8420000076293945,128578,0.004423499822616577,0.0,0.0
2023-10-04,2.961999893188477,3.055000066757202,2.934999942779541,2.940000057220459,155568,0.004442999839782716,0.0,0.0
2023-10-05,3.1659998893737797,3.2049999237060547,2.9649999141693115,2.98799991607666,220407,0.00474899983406067,0.0,0.0
2023-10-06,3.338000059127808,3.364000082015991,3.1659998893737797,3.183000087738037,247997,0.005007000088691712,0.0,0.0
2023-10-09,3.375999927520752,3.470999956130981,3.322000026702881,3.3499999046325684,208300,0.005063999891281128,0.0,0.0
2023-10-10,3.381999969482422,3.4489998817443848,3.3359999656677246,3.371000051498413,170101,0.005072999954223633,0.0,0.0
2023-10-11,3.377000093460083,3.4539999961853027,3.2249999046325684,3.4049999713897705,211414,0.005065500140190125,0.0,0.0
2023-10-12,3.344000101089477,3.427999973297119,3.299000024795532,3.384999990463257,160315,0.005016000151634216,0.0,0.0
2023-10-13,3.236000061035156,3.3480000495910645,3.203000068664551,3.345999956130981,139194,0.004854000091552734,0.0,0.0
2023-10-16,3.108999967575073,3.184999942779541,3.052999973297119,3.184999942779541,165019,0.004663499951362609,0.0,0.0
2023-10-17,3.0789999961853027,3.13700008392334,3.0239999294281006,3.124000072479248,133591,0.004618499994277954,0.0,0.0
2023-10-18,3.055999994277954,3.157999992370605,3.0369999408721924,3.061000108718872,122851,0.004583999991416931,0.0,0.0
2023-10-19,2.9570000171661377,3.0920000076293945,2.943000078201294,3.072000026702881,138650,0.004435500025749207,0.0,0.0
2023-10-20,2.8989999294281006,2.976999998092652,2.880000114440918,2.9590001106262207,144044,0.0043484998941421505,0.0,0.0
2023-10-23,2.9260001182556152,2.950999975204468,2.861000061035156,2.9049999713897705,99128,0.004389000177383423,0.0,0.0
2023-10-24,2.970999956130981,2.996999979019165,2.875999927520752,2.9179999828338623,65427,0.004456499934196472,0.0,0.0
2023-10-25,3.009999990463257,3.0339999198913574,2.9539999961853027,2.9749999046325684,31461,0.0045149999856948855,0.0,0.0
2023-10-26,3.21399998664856,3.2790000438690186,2.976999998092652,3.0280001163482666,88611,0.00482099997997284,0.0,0.0
2023-10-27,3.1640000343322754,3.401000022888184,3.135999917984009,3.250999927520752,140955,0.004746000051498413,0.0,0.0
2023-10-30,3.351999998092652,3.4049999713897705,3.321000099182129,3.400000095367432,119526,0.005027999997138978,0.0,0.0
2023-10-31,3.575000047683716,3.630000114440918,3.318000078201294,3.3299999237060547,238330,0.005362500071525574,0.0,0.0
2023-11-01,3.49399995803833,3.608000040054321,3.427999973297119,3.5999999046325684,151262,0.0052409999370574955,0.0,0.0
2023-11-02,3.4719998836517334,3.5199999809265137,3.401000022888184,3.50600004196167,118508,0.0052079998254776,0.0,0.0
2023-11-03,3.515000104904175,3.575999975204468,3.45199990272522,3.509999990463257,110113,0.005272500157356262,0.0,0.0
2023-11-06,3.263999938964844,3.407000064849853,3.249000072479248,3.372999906539917,185742,0.004895999908447266,0.0,0.0
2023-11-07,3.140000104904175,3.2950000762939453,3.0989999771118164,3.2730000019073486,186182,0.004710000157356262,0.0,0.0
2023-11-08,3.1059999465942383,3.187999963760376,3.058000087738037,3.1760001182556152,172750,0.004658999919891357,0.0,0.0
2023-11-09,3.0409998893737797,3.1619999408721924,3.0220000743865967,3.121999979019165,142578,0.00456149983406067,0.0,0.0
2023-11-10,3.032999992370605,3.07699990272522,2.989000082015991,3.0380001068115234,106720,0.0045494999885559075,0.0,0.0
2023-11-13,3.197000026702881,3.246000051498413,3.061000108718872,3.063999891281128,165652,0.004795500040054321,0.0,0.0
2023-11-14,3.1059999465942383,3.263999938964844,3.0859999656677246,3.2330000400543213,146724,0.004658999919891357,0.0,0.0
2023-11-15,3.190000057220459,3.275000095367432,3.069999933242798,3.1059999465942383,153744,0.004785000085830688,0.0,0.0
2023-11-16,3.062000036239624,3.265000104904175,3.0280001163482666,3.151000022888184,179663,0.004593000054359436,0.0,0.0
2023-11-17,2.9600000381469727,3.111999988555908,2.8929998874664307,3.055000066757202,159777,0.004440000057220459,0.0,0.0
2023-11-20,2.881999969482422,2.9579999446868896,2.864000082015991,2.9570000171661377,113704,0.0043229999542236325,0.0,0.0
2023-11-21,2.845999956130981,2.9210000038146973,2.8410000801086426,2.885999917984009,103671,0.004268999934196472,0.0,0.0
2023-11-22,2.8970000743865967,2.921999931335449,2.819000005722046,2.867000102996826,59224,0.004345500111579895,0.0,0.0
2023-11-23,2.934000015258789,2.937999963760376,2.858999967575073,2.8970000743865967,59224,0.004401000022888184,0.0,0.0
2023-11-24,2.8550000190734863,2.950999975204468,2.7980000972747803,2.8970000743865967,34118,0.0042825000286102295,0.0,0.0
2023-11-27,2.7939999103546143,2.819999933242798,2.7090001106262207,2.7780001163482666,67039,0.004190999865531921,0.0,0.0
2023-11-28,2.7060000896453857,2.815000057220459,2.6689999103546143,2.789999961853028,187190,0.004059000134468078,0.0,0.0
2023-11-29,2.803999900817871,2.869999885559082,2.759999990463257,2.7920000553131104,141591,0.004205999851226807,0.0,0.0
2023-11-30,2.802000045776367,2.8550000190734863,2.760999917984009,2.799000024795532,147752,0.004203000068664551,0.0,0.0
2023-12-01,2.813999891281128,2.844000101089477,2.753999948501587,2.809000015258789,133190,0.004220999836921692,0.0,0.0
2023-12-04,2.694000005722046,2.752000093460083,2.6489999294281006,2.7279999256134038,161786,0.004041000008583069,0.0,0.0
2023-12-05,2.7100000381469727,2.7860000133514404,2.674999952316284,2.6989998817443848,119974,0.004065000057220459,0.0,0.0
2023-12-06,2.569000005722046,2.756999969482422,2.5409998893737797,2.6989998817443848,218374,0.003853500008583069,0.0,0.0
2023-12-07,2.5850000381469727,2.621000051498413,2.489000082015991,2.569000005722046,248396,0.003877500057220459,0.0,0.0
2023-12-08,2.5810000896453857,2.609999895095825,2.5380001068115234,2.559000015258789,190998,0.0038715001344680785,0.0,0.0
2023-12-11,2.430999994277954,2.490000009536743,2.2939999103546143,2.490000009536743,330300,0.0036464999914169313,0.0,0.0
2023-12-12,2.311000108718872,2.4609999656677246,2.276000022888184,2.437999963760376,223455,0.003466500163078308,0.0,0.0
2023-12-13,2.3350000381469727,2.384999990463257,2.234999895095825,2.2780001163482666,255188,0.0035025000572204592,0.0,0.0
2023-12-14,2.3919999599456787,2.421999931335449,2.328000068664551,2.3529999256134038,159486,0.003587999939918518,0.0,0.0
2023-12-15,2.490999937057495,2.5439999103546143,2.380000114440918,2.407999992370605,189244,0.0037364999055862426,0.0,0.0
2023-12-18,2.503000020980835,2.5969998836517334,2.48799991607666,2.503000020980835,154295,0.0037545000314712527,0.0,0.0
2023-12-19,2.492000102996826,2.565000057220459,2.384999990463257,2.5190000534057617,170435,0.0037380001544952395,0.0,0.0
2023-12-20,2.447000026702881,2.5899999141693115,2.4100000858306885,2.556999921798706,125263,0.0036705000400543216,0.0,0.0
2023-12-21,2.572000026702881,2.6040000915527344,2.407999992370605,2.427000045776367,84545,0.0038580000400543213,0.0,0.0
2023-12-22,2.609999895095825,2.619999885559082,2.5280001163482666,2.5840001106262207,42835,0.0039149998426437375,0.0,0.0
2023-12-26,2.549999952316284,2.5810000896453857,2.4539999961853027,2.5450000762939453,50762,0.003824999928474426,0.0,0.0
2023-12-27,2.61899995803833,2.7219998836517334,2.562000036239624,2.5799999237060547,129265,0.003928499937057495,0.0,0.0
2023-12-28,2.556999921798706,2.575999975204468,2.4119999408721924,2.4549999237060547,116059,0.003835499882698059,0.0,0.0
2023-12-29,2.513999938964844,2.561000108718872,2.489000082015991,2.5390000343322754,89598,0.0037709999084472663,0.0,0.0
2024-01-02,2.568000078201294,2.674999952316284,2.5239999294281006,2.6050000190734863,132454,0.003852000117301941,0.0,0.0
2024-01-03,2.6679999828338623,2.719000101089477,2.5369999408721924,2.575000047683716,166472,0.004001999974250794,0.0,0.0
2024-01-04,2.821000099182129,2.86299991607666,2.680999994277954,2.687999963760376,206311,0.0042315001487731934,0.0,0.0
2024-01-05,2.8929998874664307,2.9059998989105225,2.680999994277954,2.845000028610229,187503,0.004339499831199646,0.0,0.0
2024-01-08,2.9800000190734863,3.01200008392334,2.694000005722046,2.950000047683716,237672,0.00447000002861023,0.0,0.0
2024-01-09,3.190000057220459,3.3919999599456787,2.884000062942505,2.943000078201294,351780,0.004785000085830688,0.0,0.0
2024-01-10,3.0390000343322754,3.2260000705718994,2.9560000896453857,3.1670000553131104,258013,0.004558500051498413,0.0,0.0
2024-01-11,3.0969998836517334,3.2309999465942383,2.944999933242798,3.0290000438690186,235033,0.0046454998254776,0.0,0.0
2024-01-12,3.312999963760376,3.377000093460083,3.101999998092652,3.118000030517578,265883,0.004969499945640564,0.0,0.0
2024-01-16,2.900000095367432,3.188999891281128,2.822000026702881,3.11299991607666,228164,0.004350000143051148,0.0,0.0
2024-01-17,2.869999885559082,2.9579999446868896,2.75600004196167,2.8429999351501465,150330,0.004304999828338623,0.0,0.0
2024-01-18,2.697000026702881,2.9600000381469727,2.6659998893737797,2.875999927520752,151819,0.0040455000400543215,0.0,0.0
2024-01-19,2.5190000534057617,2.71399998664856,2.513999938964844,2.711999893188477,138427,0.0037785000801086426,0.0,0.0
2024-01-22,2.4189999103546143,2.470000028610229,2.311000108718872,2.380000114440918,121583,0.0036284998655319216,0.0,0.0
2024-01-23,2.450000047683716,2.49399995803833,2.325000047683716,2.437000036239624,69155,0.003675000071525574,0.0,0.0
2024-01-24,2.6410000324249268,2.696000099182129,2.494999885559082,2.497999906539917,65497,0.00396150004863739,0.0,0.0
2024-01-25,2.571000099182129,2.884000062942505,2.526000022888184,2.683000087738037,44984,0.0038565001487731935,0.0,0.0
2024-01-26,2.711999893188477,2.803999900817871,2.424000024795532,2.6070001125335693,73015,0.004067999839782716,0.0,0.0
2024-01-29,2.490000009536743,2.759999990463257,2.4110000133514404,2.680000066757202,164621,0.003735000014305115,0.0,0.0
2024-01-30,2.07699990272522,2.11899995803833,2.0460000038146973,2.059999942779541,139745,0.0031154998540878303,0.0,0.0
2024-01-31,2.0999999046325684,2.157999992370605,2.0369999408721924,2.0899999141693115,142856,0.0031499998569488527,0.0,0.0
2024-02-01,2.049999952316284,2.1679999828338623,2.032999992370605,2.134000062942505,161340,0.0030749999284744264,0.0,0.0
2024-02-02,2.0789999961853027,2.0999999046325684,2.0209999084472656,2.053999900817871,125062,0.003118499994277954,0.0,0.0
2024-02-05,2.0820000171661377,2.127000093460083,2.0409998893737797,2.109999895095825,136031,0.0031230000257492065,0.0,0.0
2024-02-06,2.009000062942505,2.101999998092652,1.996999979019165,2.068000078201294,137680,0.0030135000944137573,0.0,0.0
2024-02-07,1.9670000076293943,2.039999961853028,1.955999970436096,2.003000020980835,204064,0.0029505000114440913,0.0,0.0
2024-02-08,1.9170000553131104,1.993000030517578,1.8669999837875368,1.9700000286102293,237169,0.0028755000829696654,0.0,0.0
2024-02-09,1.847000002861023,1.8849999904632568,1.8170000314712524,1.8849999904632568,247314,0.0027705000042915345,0.0,0.0
2024-02-12,1.7680000066757202,1.8630000352859497,1.7319999933242798,1.8049999475479128,242152,0.0026520000100135805,0.0,0.0
2024-02-13,1.6890000104904177,1.7860000133514404,1.6540000438690186,1.753999948501587,286586,0.0025335000157356265,0.0,0.0
2024-02-14,1.6089999675750732,1.684999942779541,1.590000033378601,1.6690000295639038,208956,0.0024134999513626097,0.0,0.0
2024-02-15,1.5809999704360962,1.6690000295639038,1.5729999542236328,1.6109999418258667,183342,0.0023714999556541444,0.0,0.0
2024-02-16,1.6089999675750732,1.6369999647140503,1.5750000476837158,1.5889999866485596,170384,0.0024134999513626097,0.0,0.0
2024-02-20,1.5759999752044678,1.7089999914169312,1.5219999551773071,1.5329999923706057,201471,0.002363999962806702,0.0,0.0
2024-02-21,1.7730000019073486,1.7920000553131104,1.6770000457763672,1.718999981880188,170658,0.002659500002861023,0.0,0.0
2024-02-22,1.7319999933242798,1.784000039100647,1.6610000133514404,1.784000039100647,87803,0.00259799998998642,0.0,0.0
2024-02-23,1.6030000448226929,1.722000002861023,1.5809999704360962,1.722000002861023,47590,0.0024045000672340395,0.0,0.0
2024-02-26,1.659000039100647,1.7300000190734863,1.593999981880188,1.659999966621399,110505,0.0024885000586509706,0.0,0.0
2024-02-27,1.6150000095367432,1.7200000286102295,1.5110000371932983,1.625,179943,0.002422500014305115,0.0,0.0
2024-02-28,1.8849999904632568,1.906000018119812,1.781999945640564,1.8170000314712524,149429,0.0028274999856948853,0.0,0.0
2024-02-29,1.8600000143051147,1.9179999828338623,1.8289999961853027,1.868000030517578,141543,0.0027900000214576724,0.0,0.0
2024-03-01,1.8350000381469729,1.888000011444092,1.809999942779541,1.8519999980926516,105501,0.0027525000572204594,0.0,0.0
2024-03-04,1.9160000085830688,1.9889999628067017,1.870000004768372,1.8730000257492063,185412,0.0028740000128746035,0.0,0.0
2024-03-05,1.9570000171661377,2.009000062942505,1.8899999856948853,1.9279999732971191,142113,0.0029355000257492068,0.0,0.0
2024-03-06,1.9290000200271609,1.9830000400543213,1.9210000038146973,1.950000047683716,107219,0.0028935000300407414,0.0,0.0
2024-03-07,1.8179999589920044,1.955000042915344,1.781999945640564,1.9290000200271609,173658,0.002726999938488007,0.0,0.0
2024-03-08,1.8049999475479128,1.837000012397766,1.7549999952316284,1.7960000038146973,143794,0.0027074999213218694,0.0,0.0
2024-03-11,1.758999943733215,1.840999960899353,1.746000051498413,1.8049999475479128,159954,0.002638499915599823,0.0,0.0
2024-03-12,1.7139999866485596,1.8229999542236328,1.690999984741211,1.7580000162124634,199589,0.0025709999799728394,0.0,0.0
2024-03-13,1.6579999923706057,1.7170000076293943,1.6510000228881836,1.7130000591278076,176633,0.0024869999885559087,0.0,0.0
2024-03-14,1.741000056266785,1.7669999599456787,1.6430000066757202,1.6679999828338623,168141,0.0026115000844001775,0.0,0.0
2024-03-15,1.6549999713897705,1.77400004863739,1.6460000276565552,1.756999969482422,154729,0.002482499957084656,0.0,0.0
2024-03-18,1.7029999494552612,1.7619999647140503,1.684000015258789,1.6890000104904177,137349,0.002554499924182892,0.0,0.0
2024-03-19,1.74399995803833,1.7690000534057615,1.7009999752044678,1.7170000076293943,128064,0.0026159999370574953,0.0,0.0
2024-03-20,1.6990000009536743,1.7649999856948853,1.6859999895095823,1.75,115068,0.0025485000014305115,0.0,0.0
2024-03-21,1.6829999685287476,1.7130000591278076,1.6510000228881836,1.6990000009536743,77701,0.0025244999527931212,0.0,0.0
2024-03-22,1.659000039100647,1.712000012397766,1.6469999551773071,1.684000015258789,44514,0.0024885000586509706,0.0,0.0
2024-03-25,1.6150000095367432,1.6749999523162842,1.5889999866485596,1.6640000343322754,84776,0.002422500014305115,0.0,0.0
2024-03-26,1.5750000476837158,1.6469999551773071,1.4809999465942385,1.6080000400543213,123173,0.0023625000715255737,0.0,0.0
2024-03-27,1.718000054359436,1.7890000343322754,1.7039999961853027,1.7890000343322754,144888,0.002577000081539154,0.0,0.0
2024-03-28,1.7630000114440918,1.7860000133514404,1.6859999895095823,1.7170000076293943,155745,0.0026445000171661376,0.0,0.0
2024-04-01,1.837000012397766,1.8530000448226929,1.7059999704360962,1.7549999952316284,169145,0.002755500018596649,0.0,0.0
2024-04-02,1.861999988555908,1.88100004196167,1.777999997138977,1.837000012397766,170434,0.002792999982833862,0.0,0.0
2024-04-03,1.840999960899353,1.906000018119812,1.8359999656677248,1.8519999980926516,133034,0.0027614999413490297,0.0,0.0
2024-04-04,1.77400004863739,1.8530000448226929,1.7690000534057615,1.843999981880188,179437,0.002661000072956085,0.0,0.0
2024-04-05,1.784999966621399,1.8229999542236328,1.7549999952316284,1.7790000438690186,191179,0.0026774999499320985,0.0,0.0
2024-04-08,1.843999981880188,1.850000023841858,1.746000051498413,1.7699999809265137,216676,0.002765999972820282,0.0,0.0
2024-04-09,1.871999979019165,1.924000024795532,1.838000059127808,1.847000002861023,215016,0.0028079999685287475,0.0,0.0
2024-04-10,1.8849999904632568,1.9429999589920044,1.8669999837875368,1.888000011444092,174388,0.0028274999856948853,0.0,0.0
2024-04-11,1.7640000581741333,1.8919999599456787,1.753999948501587,1.8739999532699585,230318,0.0026460000872612,0.0,0.0
2024-04-12,1.7699999809265137,1.784999966621399,1.7309999465942385,1.7669999599456787,162917,0.0026549999713897706,0.0,0.0
2024-04-15,1.690999984741211,1.7920000553131104,1.6779999732971191,1.7719999551773071,170569,0.0025364999771118166,0.0,0.0
2024-04-16,1.7319999933242798,1.8020000457763672,1.64900004863739,1.6950000524520874,231556,0.00259799998998642,0.0,0.0
2024-04-17,1.712000012397766,1.7239999771118164,1.659999966621399,1.6799999475479126,152348,0.002568000018596649,0.0,0.0
2024-04-18,1.756999969482422,1.7799999713897705,1.7130000591278076,1.722000002861023,160729,0.002635499954223633,0.0,0.0
2024-04-19,1.7519999742507937,1.805999994277954,1.7239999771118164,1.741000056266785,154111,0.0026279999613761907,0.0,0.0
2024-04-22,1.7910000085830688,1.7999999523162842,1.7209999561309814,1.7649999856948853,107242,0.0026865000128746034,0.0,0.0
2024-04-23,1.812000036239624,1.8480000495910645,1.7450000047683716,1.7979999780654907,71346,0.002718000054359436,0.0,0.0
2024-04-24,1.652999997138977,1.840000033378601,1.633999943733215,1.8359999656677248,58154,0.002479499995708466,0.0,0.0
2024-04-25,1.6380000114440918,1.6749999523162842,1.5829999446868896,1.6440000534057615,75479,0.002457000017166138,0.0,0.0
2024-04-26,1.6139999628067017,1.628000020980835,1.4819999933242798,1.621999979019165,119516,0.0024209999442100527,0.0,0.0
2024-04-29,2.0299999713897705,2.055999994277954,1.9160000085830688,1.9229999780654907,158855,0.003044999957084656,0.0,0.0
2024-04-30,1.991000056266785,2.0920000076293945,1.950999975204468,2.049999952316284,150370,0.0029865000844001774,0.0,0.0
2024-05-01,1.932000041007996,1.9700000286102293,1.9129999876022337,1.9539999961853027,135918,0.0028980000615119943,0.0,0.0
2024-05-02,2.0350000858306885,2.049999952316284,1.9270000457763672,1.930999994277954,153739,0.0030525001287460326,0.0,0.0
2024-05-03,2.1419999599456787,2.1600000858306885,2.01200008392334,2.0309998989105225,209456,0.0032129999399185183,0.0,0.0
2024-05-06,2.194999933242798,2.26200008392334,2.132999897003174,2.1700000762939453,196381,0.003292499899864197,0.0,0.0
2024-05-07,2.2070000171661377,2.2300000190734863,2.1419999599456787,2.2060000896453857,149430,0.0033105000257492067,0.0,0.0
2024-05-08,2.187000036239624,2.2739999294281006,2.1670000553131104,2.219000101089477,149910,0.0032805000543594362,0.0,0.0
2024-05-09,2.3010001182556152,2.315999984741211,2.1530001163482666,2.186000108718872,207677,0.0034515001773834228,0.0,0.0
2024-05-10,2.252000093460083,2.344000101089477,2.242000102996826,2.306999921798706,142992,0.0033780001401901246,0.0,0.0
2024-05-13,2.38100004196167,2.384000062942505,2.21399998664856,2.25,164690,0.003571500062942505,0.0,0.0
2024-05-14,2.344000101089477,2.3970000743865967,2.305999994277954,2.361999988555908,147573,0.0035160001516342156,0.0,0.0
2024-05-15,2.4159998893737797,2.424000024795532,2.312999963760376,2.3429999351501465,180743,0.0036239998340606696,0.0,0.0
2024-05-16,2.494999885559082,2.575000047683716,2.388999938964844,2.4049999713897705,229617,0.003742499828338623,0.0,0.0
2024-05-17,2.625999927520752,2.6540000438690186,2.484999895095825,2.486999988555908,185798,0.003938999891281128,0.0,0.0
2024-05-20,2.750999927520752,2.75600004196167,2.625,2.6589999198913574,211255,0.004126499891281128,0.0,0.0
2024-05-21,2.6710000038146973,2.7980000972747803,2.640000104904175,2.7330000400543213,174162,0.004006500005722046,0.0,0.0
2024-05-22,2.8420000076293945,2.8510000705718994,2.608999967575073,2.664999961853028,184820,0.004263000011444092,0.0,0.0
2024-05-23,2.657000064849853,2.924000024795532,2.640000104904175,2.799000024795532,116689,0.00398550009727478,0.0,0.0
2024-05-24,2.5199999809265137,2.7090001106262207,2.493000030517578,2.6760001182556152,51814,0.0037799999713897707,0.0,0.0
2024-05-28,2.5899999141693115,2.621000051498413,2.4749999046325684,2.503000020980835,86031,0.0038849998712539675,0.0,0.0
2024-05-29,2.493000030517578,2.6689999103546143,2.4170000553131104,2.594000101089477,161403,0.0037395000457763673,0.0,0.0
2024-05-30,2.572000026702881,2.681999921798706,2.562000036239624,2.6619999408721924,160060,0.0038580000400543213,0.0,0.0
2024-05-31,2.586999893188477,2.624000072479248,2.5179998874664307,2.569999933242798,139119,0.0038804998397827155,0.0,0.0
2024-06-03,2.75600004196167,2.799000024795532,2.628000020980835,2.6449999809265137,233692,0.004134000062942505,0.0,0.0
2024-06-04,2.5859999656677246,2.8289999961853027,2.572999954223633,2.7720000743865967,221922,0.003878999948501587,0.0,0.0
2024-06-05,2.756999969482422,2.7869999408721924,2.6050000190734863,2.617000102996826,201665,0.004135499954223633,0.0,0.0
2024-06-06,2.821000099182129,2.877000093460083,2.7239999771118164,2.76200008392334,194237,0.0042315001487731934,0.0,0.0
2024-06-07,2.9179999828338623,2.9670000076293945,2.7909998893737797,2.813999891281128,209110,0.004376999974250793,0.0,0.0
2024-06-10,2.9059998989105225,3.095999956130981,2.861999988555908,2.9800000190734863,269719,0.0043589998483657836,0.0,0.0
2024-06-11,3.128999948501587,3.1589999198913574,2.9660000801086426,2.984999895095825,227818,0.004693499922752381,0.0,0.0
2024-06-12,3.0450000762939453,3.131999969482422,2.994999885559082,3.130000114440918,224795,0.004567500114440918,0.0,0.0
2024-06-13,2.9590001106262207,3.0910000801086426,2.8980000019073486,3.0280001163482666,209730,0.0044385001659393315,0.0,0.0
2024-06-14,2.88100004196167,3.0,2.869999885559082,2.9210000038146973,154123,0.004321500062942505,0.0,0.0
2024-06-17,2.7880001068115234,2.8480000495910645,2.759000062942505,2.845999956130981,152241,0.004182000160217286,0.0,0.0
2024-06-18,2.9089999198913574,2.9159998893737797,2.7720000743865967,2.7720000743865967,147414,0.004363499879837036,0.0,0.0
2024-06-20,2.740999937057495,2.947999954223633,2.7230000495910645,2.9030001163482666,186686,0.0041114999055862425,0.0,0.0
2024-06-21,2.7049999237060547,2.7699999809265137,2.671999931335449,2.7249999046325684,79372,0.004057499885559082,0.0,0.0
2024-06-24,2.811000108718872,2.8340001106262207,2.634999990463257,2.6700000762939453,45418,0.004216500163078308,0.0,0.0
2024-06-25,2.75600004196167,2.844000101089477,2.6989998817443848,2.815999984741211,78233,0.004134000062942505,0.0,0.0
2024-06-26,2.628000020980835,2.746000051498413,2.61299991607666,2.736999988555908,141345,0.003942000031471253,0.0,0.0
2024-06-27,2.684999942779541,2.7839999198913574,2.6730000972747803,2.733999967575073,139995,0.004027499914169312,0.0,0.0
2024-06-28,2.6010000705718994,2.765000104904175,2.594000101089477,2.70199990272522,151326,0.0039015001058578494,0.0,0.0
2024-07-01,2.4779999256134038,2.601999998092652,2.470999956130981,2.575999975204468,181931,0.0037169998884201056,0.0,0.0
2024-07-02,2.434999942779541,2.483999967575073,2.414999961853028,2.4760000705718994,154263,0.0036524999141693115,0.0,0.0
2024-07-03,2.4179999828338623,2.4800000190734863,2.4100000858306885,2.4660000801086426,125894,0.0036269999742507934,0.0,0.0
2024-07-05,2.319000005722046,2.440000057220459,2.315000057220459,2.4210000038146973,156544,0.003478500008583069,0.0,0.0
2024-07-08,2.365999937057495,2.390000104904175,2.2679998874664307,2.2699999809265137,162309,0.003548999905586243,0.0,0.0
2024-07-09,2.344000101089477,2.447999954223633,2.3310000896453857,2.372999906539917,155187,0.0035160001516342156,0.0,0.0
2024-07-10,2.3289999961853027,2.384999990463257,2.2920000553131104,2.345999956130981,146358,0.003493499994277954,0.0,0.0
2024-07-11,2.2679998874664307,2.3429999351501465,2.260999917984009,2.325999975204468,122365,0.003401999831199646,0.0,0.0
2024-07-12,2.3289999961853027,2.3499999046325684,2.249000072479248,2.2669999599456787,129723,0.003493499994277954,0.0,0.0
2024-07-15,2.157999992370605,2.2850000858306885,2.1470000743865967,2.2730000019073486,189516,0.0032369999885559077,0.0,0.0
2024-07-16,2.187999963760376,2.2179999351501465,2.1489999294281006,2.1700000762939453,131219,0.003281999945640564,0.0,0.0
2024-07-17,2.0350000858306885,2.2079999446868896,2.015000104904175,2.180999994277954,212196,0.0030525001287460326,0.0,0.0
2024-07-18,2.125,2.134000062942505,2.0239999294281006,2.046999931335449,159464,0.0031875000000000002,0.0,0.0
2024-07-19,2.128000020980835,2.1429998874664307,2.056999921798706,2.08899998664856,101992,0.0031920000314712526,0.0,0.0
2024-07-22,2.250999927520752,2.2699999809265137,2.0899999141693115,2.1040000915527344,148699,0.003376499891281128,0.0,0.0
2024-07-23,2.187000036239624,2.265000104904175,2.122999906539917,2.244999885559082,112276,0.0032805000543594362,0.0,0.0
2024-07-24,2.117000102996826,2.1700000762939453,2.101999998092652,2.1530001163482666,65013,0.0031755001544952395,0.0,0.0
2024-07-25,2.0409998893737797,2.1549999713897705,2.0350000858306885,2.125999927520752,44964,0.0030614998340606696,0.0,0.0
2024-07-26,2.00600004196167,2.0840001106262207,1.99399995803833,2.052000045776367,58506,0.003009000062942505,0.0,0.0
2024-07-29,1.906999945640564,2.055999994277954,1.8559999465942385,2.0160000324249268,162676,0.002860499918460846,0.0,0.0
2024-07-30,2.125999927520752,2.134999990463257,1.991000056266785,2.065000057220459,157477,0.003188999891281128,0.0,0.0
2024-07-31,2.0360000133514404,2.1489999294281006,2.0230000019073486,2.119999885559082,167713,0.0030540000200271608,0.0,0.0
2024-08-01,1.968000054359436,2.125999927520752,1.965000033378601,2.0460000038146973,215979,0.002952000081539154,0.0,0.0
2024-08-02,1.9670000076293943,2.0230000019073486,1.919999957084656,1.9850000143051147,164207,0.0029505000114440913,0.0,0.0
2024-08-05,1.9420000314712524,1.9739999771118164,1.8819999694824217,1.950000047683716,150595,0.002913000047206879,0.0,0.0
2024-08-06,2.009999990463257,2.032999992370605,1.899999976158142,1.9570000171661377,154471,0.0030149999856948855,0.0,0.0
2024-08-07,2.111999988555908,2.119999885559082,2.009999990463257,2.025000095367432,226781,0.0031679999828338624,0.0,0.0
2024-08-08,2.127000093460083,2.178999900817871,2.0280001163482666,2.0999999046325684,232204,0.0031905001401901245,0.0,0.0
2024-08-09,2.1429998874664307,2.187000036239624,2.1040000915527344,2.151000022888184,183426,0.003214499831199646,0.0,0.0
2024-08-12,2.188999891281128,2.25600004196167,2.1549999713897705,2.1730000972747803,181250,0.003283499836921692,0.0,0.0
2024-08-13,2.1480000019073486,2.239000082015991,2.134000062942505,2.174999952316284,202099,0.003222000002861023,0.0,0.0
2024-08-14,2.219000101089477,2.276000022888184,2.1440000534057617,2.1600000858306885,189925,0.003328500151634216,0.0,0.0
2024-08-15,2.197000026702881,2.3010001182556152,2.188999891281128,2.2279999256134038,165423,0.0032955000400543212,0.0,0.0
2024-08-16,2.122999906539917,2.2160000801086426,2.111000061035156,2.2049999237060547,140820,0.0031844998598098756,0.0,0.0
2024-08-19,2.234999895095825,2.253999948501587,2.0969998836517334,2.125,179074,0.003352499842643738,0.0,0.0
2024-08-20,2.197999954223633,2.2780001163482666,2.1730000972747803,2.246000051498413,129952,0.0032969999313354494,0.0,0.0
2024-08-21,2.177000045776367,2.2279999256134038,2.13100004196167,2.200999975204468,124659,0.0032655000686645508,0.0,0.0
2024-08-22,2.052999973297119,2.200000047683716,2.0309998989105225,2.187999963760376,153777,0.003079499959945679,0.0,0.0
2024-08-23,2.0220000743865967,2.0739998817443848,2.005000114440918,2.061000108718872,62492,0.003033000111579895,0.0,0.0
2024-08-26,1.955999970436096,2.0220000743865967,1.944000005722046,2.003999948501587,50432,0.002933999955654144,0.0,0.0
2024-08-27,1.9040000438690183,1.9739999771118164,1.875,1.955999970436096,68871,0.0028560000658035276,0.0,0.0
2024-08-28,1.9299999475479128,2.0,1.8559999465942385,1.924000024795532,165219,0.002894999921321869,0.0,0.0
2024-08-29,2.13700008392334,2.1489999294281006,2.026000022888184,2.0969998836517334,154737,0.00320550012588501,0.0,0.0
2024-08-30,2.127000093460083,2.1710000038146973,2.0929999351501465,2.1449999809265137,131106,0.0031905001401901245,0.0,0.0
2024-09-03,2.203000068664551,2.2249999046325684,2.075000047683716,2.1459999084472656,221115,0.003304500102996826,0.0,0.0
2024-09-04,2.1449999809265137,2.2699999809265137,2.13100004196167,2.197000026702881,150022,0.0032174999713897707,0.0,0.0
2024-09-05,2.253999948501587,2.2860000133514404,2.117000102996826,2.138999938964844,196899,0.0033809999227523806,0.0,0.0
2024-09-06,2.275000095367432,2.2939999103546143,2.2320001125335693,2.260999917984009,121498,0.0034125001430511484,0.0,0.0
2024-09-09,2.1700000762939453,2.246999979019165,2.1410000324249268,2.220000028610229,121498,0.003255000114440918,0.0,0.0
2024-09-10,2.2320001125335693,2.257999897003174,2.125,2.1489999294281006,183556,0.003348000168800354,0.0,0.0
2024-09-11,2.2699999809265137,2.325000047683716,2.21399998664856,2.236000061035156,198836,0.0034049999713897704,0.0,0.0
2024-09-12,2.3570001125335693,2.3940000534057617,2.2290000915527344,2.2860000133514404,231423,0.003535500168800354,0.0,0.0
2024-09-13,2.305000066757202,2.407000064849853,2.2939999103546143,2.36299991607666,173713,0.0034575001001358034,0.0,0.0
2024-09-16,2.372999906539917,2.3970000743865967,2.265000104904175,2.2980000972747803,163817,0.0035594998598098755,0.0,0.0
2024-09-17,2.3239998817443848,2.436000108718872,2.306999921798706,2.3910000324249268,171895,0.0034859998226165773,0.0,0.0
2024-09-18,2.2839999198913574,2.377000093460083,2.275000095367432,2.312000036239624,137696,0.003425999879837036,0.0,0.0
2024-09-19,2.3480000495910645,2.361000061035156,2.2230000495910645,2.2880001068115234,190187,0.0035220000743865967,0.0,0.0
2024-09-20,2.434000015258789,2.4600000381469727,2.313999891281128,2.3580000400543213,161905,0.0036510000228881837,0.0,0.0
2024-09-23,2.61299991607666,2.6459999084472656,2.4579999446868896,2.461999893188477,124650,0.00391949987411499,0.0,0.0
2024-09-24,2.5510001182556152,2.674000024795532,2.5350000858306885,2.634000062942505,61695,0.003826500177383423,0.0,0.0
2024-09-25,2.63700008392334,2.657999992370605,2.562999963760376,2.5829999446868896,91605,0.00395550012588501,0.0,0.0
2024-09-26,2.5850000381469727,2.690000057220459,2.5239999294281006,2.640000104904175,187374,0.003877500057220459,0.0,0.0
2024-09-27,2.9019999504089355,2.931999921798706,2.720000028610229,2.74399995803833,224258,0.004352999925613403,0.0,0.0
2024-09-30,2.9230000972747803,2.947999954223633,2.865000009536743,2.8989999294281006,156783,0.004384500145912171,0.0,0.0
2024-10-01,2.8959999084472656,2.941999912261963,2.825000047683716,2.907000064849853,161084,0.0043439998626708986,0.0,0.0
2024-10-02,2.885999917984009,3.0,2.869999885559082,2.8980000019073486,162673,0.0043289998769760136,0.0,0.0
2024-10-03,2.970000028610229,2.98799991607666,2.900000095367432,2.9210000038146973,133170,0.004455000042915344,0.0,0.0
2024-10-04,2.8540000915527344,3.0190000534057617,2.8310000896453857,2.970999956130981,173745,0.004281000137329101,0.0,0.0
2024-10-07,2.746000051498413,2.83899998664856,2.7049999237060547,2.82699990272522,216871,0.00411900007724762,0.0,0.0
2024-10-08,2.7330000400543213,2.7809998989105225,2.6989998817443848,2.7330000400543213,162513,0.004099500060081482,0.0,0.0
2024-10-09,2.6600000858306885,2.7239999771118164,2.631999969482422,2.7090001106262207,190644,0.0039900001287460326,0.0,0.0
2024-10-10,2.674999952316284,2.700000047683716,2.588000059127808,2.6470000743865967,188461,0.004012499928474427,0.0,0.0
2024-10-11,2.631999969482422,2.726999998092652,2.615000009536743,2.687000036239624,150928,0.003947999954223633,0.0,0.0
2024-10-14,2.49399995803833,2.625,2.4760000705718994,2.624000072479248,139692,0.003740999937057495,0.0,0.0
2024-10-15,2.497999906539917,2.549999952316284,2.444999933242798,2.4820001125335693,156441,0.0037469998598098756,0.0,0.0
2024-10-16,2.367000102996826,2.496999979019165,2.3580000400543213,2.48799991607666,173482,0.0035505001544952394,0.0,0.0
2024-10-17,2.3469998836517334,2.4170000553131104,2.338000059127808,2.377000093460083,135847,0.0035204998254776,0.0,0.0
2024-10-18,2.257999897003174,2.369999885559082,2.247999906539917,2.3489999771118164,164160,0.0033869998455047607,0.0,0.0
2024-10-21,2.312000036239624,2.36899995803833,2.2100000381469727,2.220000028610229,154025,0.003468000054359436,0.0,0.0
2024-10-22,2.311000108718872,2.375,2.2709999084472656,2.364000082015991,198772,0.003466500163078308,0.0,0.0
2024-10-23,2.3420000076293945,2.441999912261963,2.257999897003174,2.3010001182556152,145225,0.003513000011444092,0.0,0.0
2024-10-24,2.5220000743865967,2.5820000171661377,2.372999906539917,2.400000095367432,139719,0.003783000111579895,0.0,0.0
2024-10-25,2.559999942779541,2.5789999961853027,2.4600000381469727,2.5309998989105225,67455,0.0038399999141693116,0.0,0.0
2024-10-28,2.309000015258789,2.5160000324249268,2.2679998874664307,2.505000114440918,89409,0.0034635000228881835,0.0,0.0
2024-10-29,2.345999956130981,2.3910000324249268,2.200000047683716,2.259000062942505,143883,0.0035189999341964716,0.0,0.0
2024-10-30,2.845000028610229,2.9189999103546143,2.7699999809265137,2.9049999713897705,162834,0.004267500042915344,0.0,0.0
2024-10-31,2.7070000171661377,2.8299999237060547,2.687999963760376,2.812999963760376,185486,0.0040605000257492065,0.0,0.0
2024-11-01,2.6630001068115234,2.7239999771118164,2.631999969482422,2.70199990272522,166422,0.003994500160217285,0.0,0.0
2024-11-04,2.7809998989105225,2.7950000762939453,2.513999938964844,2.559999942779541,201168,0.004171499848365783,0.0,0.0
2024-11-05,2.6700000762939453,2.818000078201294,2.651000022888184,2.7890000343322754,153934,0.004005000114440918,0.0,0.0
2024-11-06,2.746999979019165,2.7960000038146973,2.6600000858306885,2.678999900817871,157298,0.004120499968528747,0.0,0.0
2024-11-07,2.693000078201294,2.7780001163482666,2.6559998989105225,2.7109999656677246,165551,0.004039500117301941,0.0,0.0
2024-11-08,2.6689999103546143,2.747999906539917,2.6429998874664307,2.694000005722046,158000,0.004003499865531921,0.0,0.0
2024-11-11,2.9200000762939453,2.9560000896453857,2.7690000534057617,2.7699999809265137,252383,0.004380000114440918,0.0,0.0
2024-11-12,2.907000064849853,3.013000011444092,2.8550000190734863,2.95199990272522,245266,0.00436050009727478,0.0,0.0
2024-11-13,2.9830000400543213,3.0199999809265137,2.8299999237060547,2.9140000343322754,218400,0.004474500060081482,0.0,0.0
2024-11-14,2.7850000858306885,2.984999895095825,2.759000062942505,2.9809999465942383,209678,0.004177500128746033,0.0,0.0
2024-11-15,2.822999954223633,2.8429999351501465,2.687999963760376,2.765000104904175,181092,0.004234499931335449,0.0,0.0
2024-11-18,2.9730000495910645,2.976999998092652,2.8320000171661377,2.924999952316284,188338,0.004459500074386597,0.0,0.0
2024-11-19,2.997999906539917,3.058000087738037,2.9049999713897705,2.950999975204468,211932,0.004496999859809876,0.0,0.0
2024-11-20,3.193000078201294,3.236999988555908,2.941999912261963,2.961999893188477,225693,0.004789500117301941,0.0,0.0
2024-11-21,3.33899998664856,3.450999975204468,3.194999933242798,3.2160000801086426,192156,0.00500849997997284,0.0,0.0
2024-11-22,3.128999948501587,3.562999963760376,3.071000099182129,3.390000104904175,95807,0.004693499922752381,0.0,0.0
2024-11-25,3.36899995803833,3.4609999656677246,3.263999938964844,3.3559999465942383,108485,0.005053499937057495,0.0,0.0
2024-11-26,3.430999994277954,3.5,3.255000114440918,3.3299999237060547,222049,0.005146499991416931,0.0,0.0
2024-11-27,3.2039999961853027,3.470000028610229,3.188999891281128,3.4679999351501465,214291,0.004805999994277954,0.0,0.0
2024-11-29,3.36299991607666,3.384000062942505,3.174999952316284,3.194999933242798,163060,0.0050444998741149905,0.0,0.0
2024-12-02,3.213000059127808,3.2790000438690186,3.1480000019073486,3.220000028610229,208653,0.004819500088691712,0.0,0.0
2024-12-03,3.0420000553131104,3.2170000076293945,3.0299999713897705,3.2070000171661377,184347,0.004563000082969665,0.0,0.0
2024-12-04,3.0429999828338623,3.088000059127808,2.976999998092652,3.0480000972747803,171700,0.004564499974250793,0.0,0.0
2024-12-05,3.0789999961853027,3.1549999713897705,3.0350000858306885,3.071000099182129,183885,0.004618499994277954,0.0,0.0
2024-12-06,3.075999975204468,3.1080000400543213,3.003999948501587,3.086999893188477,188687,0.004613999962806702,0.0,0.0
2024-12-09,3.181999921798706,3.3239998817443848,3.13700008392334,3.259999990463257,258430,0.00477299988269806,0.0,0.0
2024-12-10,3.1630001068115234,3.193000078201294,3.069000005722046,3.188999891281128,233880,0.004744500160217285,0.0,0.0
2024-12-11,3.378000020980835,3.4040000438690186,3.180999994277954,3.193000078201294,276534,0.005067000031471252,0.0,0.0
2024-12-12,3.4549999237060547,3.559000015258789,3.282000064849853,3.364000082015991,328089,0.005182499885559082,0.0,0.0
2024-12-13,3.2799999713897705,3.489000082015991,3.263999938964844,3.4579999446868896,213643,0.004919999957084656,0.0,0.0
2024-12-16,3.21399998664856,3.253000020980835,3.1449999809265137,3.2100000381469727,172230,0.00482099997997284,0.0,0.0
2024-12-17,3.308000087738037,3.3940000534057617,3.0910000801086426,3.226999998092652,229155,0.004962000131607055,0.0,0.0
2024-12-18,3.374000072479248,3.440999984741211,3.312000036239624,3.368000030517578,193391,0.005061000108718872,0.0,0.0
2024-12-19,3.5840001106262207,3.6459999084472656,3.3910000324249268,3.4049999713897705,195546,0.005376000165939331,0.0,0.0
2024-12-20,3.747999906539917,3.828000068664551,3.553999900817871,3.631999969482422,221930,0.005621999859809876,0.0,0.0
2024-12-23,3.6559998989105225,3.944000005722046,3.5810000896453857,3.86899995803833,125622,0.005483999848365784,0.0,0.0
2024-12-24,3.946000099182129,3.9579999446868896,3.6659998893737793,3.694999933242798,66852,0.005919000148773193,0.0,0.0
2024-12-26,3.714999914169312,4.010000228881836,3.651999950408936,3.9700000286102295,67209,0.005572499871253968,0.0,0.0
2024-12-27,3.513999938964844,3.88700008392334,3.369999885559082,3.7070000171661377,189959,0.005270999908447266,0.0,0.0
2024-12-30,3.936000108718872,4.201000213623047,3.6480000019073486,3.6570000648498535,374324,0.005904000163078308,0.0,0.0
2024-12-31,3.632999897003174,4.01200008392334,3.57699990272522,3.9149999618530273,184552,0.005449499845504761,0.0,0.0
2025-01-02,3.660000085830689,3.8010001182556152,3.5409998893737797,3.6559998989105225,156670,0.005490000128746034,0.0,0.0
2025-01-03,3.3540000915527344,3.680000066757202,3.3299999237060547,3.6689999103546143,188094,0.005031000137329102,0.0,0.0
2025-01-06,3.671999931335449,3.7260000705718994,3.502000093460083,3.553999900817871,228124,0.0055079998970031735,0.0,0.0
2025-01-07,3.4489998817443848,3.73799991607666,3.427000045776367,3.704999923706055,182148,0.005173499822616577,0.0,0.0
2025-01-08,3.651000022888184,3.694000005722046,3.427000045776367,3.447999954223633,189259,0.005476500034332276,0.0,0.0
2025-01-09,3.700999975204468,3.829999923706055,3.552000045776367,3.681999921798706,145203,0.005551499962806702,0.0,0.0
2025-01-10,3.989000082015991,4.01800012588501,3.684999942779541,3.7090001106262207,229112,0.005983500123023987,0.0,0.0
2025-01-13,3.934000015258789,4.36899995803833,3.8450000286102295,4.3470001220703125,195514,0.0059010000228881835,0.0,0.0
2025-01-14,3.9679999351501465,4.059000015258789,3.736000061035156,3.930000066757202,167416,0.00595199990272522,0.0,0.0
2025-01-15,4.083000183105469,4.140999794006348,3.858999967575073,3.954999923706055,169338,0.006124500274658203,0.0,0.0
2025-01-16,4.257999897003174,4.328000068664551,4.01800012588501,4.130000114440918,193018,0.006386999845504761,0.0,0.0
2025-01-17,3.947999954223633,4.308000087738037,3.910000085830689,4.28000020980835,204277,0.00592199993133545,0.0,0.0
2025-01-21,3.75600004196167,3.9140000343322754,3.7190001010894775,3.815000057220459,209907,0.005634000062942505,0.0,0.0
2025-01-22,3.9600000381469727,4.008999824523926,3.7109999656677246,3.78600001335144,128783,0.005940000057220459,0.0,0.0
2025-01-23,3.944999933242798,4.047999858856201,3.861000061035156,4.000999927520752,120839,0.005917499899864197,0.0,0.0
2025-01-24,4.026999950408936,4.050000190734863,3.808000087738037,3.933000087738037,87568,0.006040499925613405,0.0,0.0
2025-01-27,3.697000026702881,3.82699990272522,3.608999967575073,3.785000085830689,66940,0.005545500040054321,0.0,0.0
2025-01-28,3.470999956130981,3.7200000286102295,3.361000061035156,3.6989998817443848,63816,0.005206499934196472,0.0,0.0
2025-01-29,3.5350000858306885,3.588000059127808,3.312999963760376,3.3350000381469727,167840,0.005302500128746033,0.0,0.0
2025-01-30,3.046999931335449,3.240000009536743,3.0350000858306885,3.174999952316284,201741,0.0045704998970031736,0.0,0.0
2025-01-31,3.0439999103546143,3.118000030517578,2.990000009536743,3.0810000896453857,138212,0.004565999865531922,0.0,0.0
2025-02-03,3.351999998092652,3.407000064849853,3.2300000190734863,3.2300000190734863,273510,0.005027999997138978,0.0,0.0
2025-02-04,3.253000020980835,3.3499999046325684,3.1679999828338623,3.32699990272522,182531,0.004879500031471253,0.0,0.0
2025-02-05,3.359999895095825,3.375,3.1610000133514404,3.2290000915527344,170256,0.005039999842643738,0.0,0.0
2025-02-06,3.407999992370605,3.434000015258789,3.302999973297119,3.3550000190734863,177672,0.005111999988555908,0.0,0.0
2025-02-07,3.309000015258789,3.434999942779541,3.2960000038146973,3.380000114440918,188698,0.0049635000228881836,0.0,0.0
2025-02-10,3.444000005722046,3.486999988555908,3.351999998092652,3.4059998989105225,203924,0.005166000008583069,0.0,0.0
2025-02-11,3.5190000534057617,3.575999975204468,3.430999994277954,3.441999912261963,219162,0.005278500080108643,0.0,0.0
2025-02-12,3.565000057220459,3.5829999446868896,3.469000101089477,3.509999990463257,194725,0.005347500085830689,0.0,0.0
2025-02-13,3.628000020980835,3.78600001335144,3.5829999446868896,3.5910000801086426,305899,0.0054420000314712525,0.0,0.0
2025-02-14,3.724999904632568,3.8010001182556152,3.634999990463257,3.650000095367432,201102,0.005587499856948852,0.0,0.0
2025-02-18,4.006999969482422,4.017000198364258,3.553999900817871,3.614000082015991,300505,0.006010499954223633,0.0,0.0
2025-02-19,4.28000020980835,4.394000053405762,3.947000026702881,4.013000011444092,338827,0.006420000314712525,0.0,0.0
2025-02-20,4.151999950408936,4.47599983215332,4.033999919891357,4.38100004196167,211817,0.006227999925613405,0.0,0.0
2025-02-21,4.234000205993652,4.443999767303467,4.1479997634887695,4.173999786376953,164320,0.006351000308990479,0.0,0.0
2025-02-24,3.99399995803833,4.090000152587891,3.9059998989105225,4.065000057220459,82872,0.005990999937057495,0.0,0.0
2025-02-25,4.173999786376953,4.185999870300293,3.934999942779541,3.986999988555908,91529,0.00626099967956543,0.0,0.0
2025-02-26,3.9059998989105225,4.211999893188477,3.859999895095825,4.130000114440918,172826,0.005858999848365784,0.0,0.0
2025-02-27,3.934000015258789,4.065000057220459,3.878000020980835,3.9660000801086426,171402,0.0059010000228881835,0.0,0.0
2025-02-28,3.8340001106262207,3.953999996185303,3.813999891281128,3.938999891281128,141989,0.005751000165939331,0.0,0.0
2025-03-03,4.122000217437744,4.172999858856201,3.742000102996826,3.7790000438690186,269838,0.006183000326156617,0.0,0.0
2025-03-04,4.349999904632568,4.551000118255615,4.056000232696533,4.168000221252441,350513,0.006524999856948853,0.0,0.0
2025-03-05,4.449999809265137,4.51800012588501,4.227000236511231,4.316999912261963,224571,0.006674999713897705,0.0,0.0
2025-03-06,4.302000045776367,4.4710001945495605,4.254000186920166,4.466000080108643,202475,0.006453000068664551,0.0,0.0
2025-03-07,4.39900016784668,4.426000118255615,4.131999969482422,4.285999774932861,211901,0.00659850025177002,0.0,0.0
2025-03-10,4.491000175476074,4.901000022888184,4.447000026702881,4.4670000076293945,221480,0.006736500263214111,0.0,0.0
2025-03-11,4.453000068664551,4.5879998207092285,4.334000110626221,4.460999965667725,192161,0.006679500102996826,0.0,0.0
2025-03-12,4.084000110626221,4.379000186920166,4.02899980545044,4.3460001945495605,224052,0.006126000165939331,0.0,0.0
2025-03-13,4.111000061035156,4.195000171661377,3.954999923706055,4.0320000648498535,227071,0.006166500091552734,0.0,0.0
2025-03-14,4.104000091552734,4.140999794006348,3.961999893188477,4.039999961853027,144405,0.006156000137329102,0.0,0.0
2025-03-17,4.01800012588501,4.2179999351501465,3.9769999980926514,4.124000072479248,153362,0.006027000188827515,0.0,0.0
2025-03-18,4.052000045776367,4.127999782562256,3.9700000286102295,4.002999782562256,171724,0.006078000068664551,0.0,0.0
2025-03-19,4.247000217437744,4.258999824523926,4.046000003814697,4.052000045776367,149299,0.006370500326156617,0.0,0.0
2025-03-20,3.974999904632568,4.247000217437744,3.954999923706055,4.209000110626221,185932,0.005962499856948852,0.0,0.0
2025-03-21,3.9800000190734863,4.045000076293945,3.864000082015991,3.9609999656677246,125273,0.005970000028610229,0.0,0.0
2025-03-24,3.9140000343322754,4.01200008392334,3.861999988555908,3.880000114440918,78987,0.0058710000514984135,0.0,0.0
2025-03-25,3.839999914169312,3.990000009536743,3.796000003814697,3.908999919891357,50289,0.005759999871253968,0.0,0.0
2025-03-26,3.861000061035156,3.930000066757202,3.812999963760376,3.865999937057495,52751,0.005791500091552734,0.0,0.0
2025-03-27,3.950000047683716,4.015999794006348,3.688999891281128,3.858999967575073,181918,0.005925000071525574,0.0,0.0
2025-03-28,4.065000057220459,4.099999904632568,3.8359999656677246,3.9149999618530273,176361,0.0060975000858306885,0.0,0.0
2025-03-31,4.11899995803833,4.252999782562256,4.054999828338623,4.176000118255615,171857,0.0061784999370574955,0.0,0.0
2025-04-01,3.950999975204468,4.1479997634887695,3.934000015258789,4.131999969482422,156694,0.005926499962806702,0.0,0.0
2025-04-02,4.054999828338623,4.089000225067139,3.934999942779541,3.950000047683716,141243,0.006082499742507934,0.0,0.0
2025-04-03,4.138000011444092,4.203000068664551,3.9679999351501465,4.011000156402588,165412,0.006207000017166138,0.0,0.0
2025-04-04,3.836999893188477,4.152999877929688,3.811000108718872,4.11899995803833,246548,0.0057554998397827154,0.0,0.0
2025-04-07,3.6549999713897705,3.938999891281128,3.5999999046325684,3.811000108718872,298843,0.0054824999570846555,0.0,0.0
2025-04-08,3.4649999141693115,3.7829999923706055,3.461999893188477,3.630000114440918,278152,0.005197499871253968,0.0,0.0
2025-04-09,3.815999984741211,3.828999996185303,3.3359999656677246,3.4809999465942383,359064,0.005723999977111816,0.0,0.0
2025-04-10,3.556999921798706,3.750999927520752,3.4660000801086426,3.746999979019165,260676,0.005335499882698059,0.0,0.0
2025-04-11,3.5269999504089355,3.575999975204468,3.3940000534057617,3.5199999809265137,181628,0.005290499925613403,0.0,0.0
2025-04-14,3.325000047683716,3.61299991607666,3.312000036239624,3.5,160225,0.004987500071525573,0.0,0.0
2025-04-15,3.3289999961853027,3.378000020980835,3.2160000801086426,3.345000028610229,143589,0.0049934999942779544,0.0,0.0
2025-04-16,3.246999979019165,3.318000078201294,3.2039999961853027,3.318000078201294,150410,0.004870499968528748,0.0,0.0
2025-04-17,3.244999885559082,3.3340001106262207,3.190999984741211,3.26200008392334,145610,0.004867499828338623,0.0,0.0
2025-04-21,3.0160000324249268,3.2249999046325684,2.99399995803833,3.197999954223633,175116,0.00452400004863739,0.0,0.0
2025-04-22,3.006999969482422,3.095000028610229,2.9549999237060547,3.0510001182556152,133976,0.004510499954223633,0.0,0.0
2025-04-23,3.0220000743865967,3.0739998817443848,2.9670000076293945,3.0460000038146973,86140,0.004533000111579895,0.0,0.0
2025-04-24,2.930000066757202,3.0160000324249268,2.8580000400543213,3.010999917984009,66984,0.004395000100135803,0.0,0.0
2025-04-25,2.937000036239624,2.9830000400543213,2.868000030517578,2.938999891281128,58815,0.004405500054359436,0.0,0.0
2025-04-28,3.1700000762939453,3.187000036239624,2.858999967575073,2.884000062942505,229473,0.004755000114440918,0.0,0.0
2025-04-29,3.385999917984009,3.4570000171661377,3.306999921798706,3.319999933242798,156565,0.005078999876976013,0.0,0.0
2025-04-30,3.325999975204468,3.3989999294281006,3.259999990463257,3.380000114440918,145962,0.0049889999628067025,0.0,0.0
2025-05-01,3.4790000915527344,3.539999961853028,3.3399999141693115,3.3529999256134038,159640,0.005218500137329101,0.0,0.0
2025-05-02,3.630000114440918,3.67300009727478,3.4179999828338623,3.446000099182129,140954,0.005445000171661377,0.0,0.0
2025-05-05,3.549999952316284,3.746999979019165,3.5309998989105225,3.671000003814697,161317,0.005324999928474426,0.0,0.0
2025-05-06,3.463000059127808,3.6480000019073486,3.4230000972747803,3.568000078201294,200855,0.005194500088691712,0.0,0.0
2025-05-07,3.621000051498413,3.6559998989105225,3.486999988555908,3.486999988555908,162366,0.0054315000772476195,0.0,0.0
2025-05-08,3.5920000076293945,3.723000049591065,3.5269999504089355,3.631999969482422,158746,0.005388000011444092,0.0,0.0
2025-05-09,3.795000076293945,3.815000057220459,3.61299991607666,3.621000051498413,174974,0.005692500114440917,0.0,0.0
2025-05-12,3.6459999084472656,3.839999914169312,3.608000040054321,3.775000095367432,163731,0.005468999862670899,0.0,0.0
2025-05-13,3.6470000743865967,3.7279999256134033,3.569999933242798,3.677000045776367,130015,0.005470500111579895,0.0,0.0
2025-05-14,3.492000102996826,3.634999990463257,3.4539999961853027,3.621999979019165,119947,0.005238000154495239,0.0,0.0
2025-05-15,3.361999988555908,3.499000072479248,3.3350000381469727,3.4670000076293945,152653,0.005042999982833862,0.0,0.0
2025-05-16,3.3340001106262207,3.4489998817443848,3.305000066757202,3.371999979019165,141334,0.005001000165939331,0.0,0.0
2025-05-19,3.11299991607666,3.2699999809265137,3.0980000495910645,3.2690000534057617,182905,0.00466949987411499,0.0,0.0
2025-05-20,3.427000045776367,3.453000068664551,3.1070001125335693,3.1070001125335693,230771,0.005140500068664551,0.0,0.0
2025-05-21,3.368000030517578,3.513000011444092,3.3359999656677246,3.414999961853028,135733,0.005052000045776367,0.0,0.0
2025-05-22,3.253000020980835,3.38100004196167,3.23799991607666,3.3559999465942383,91988,0.004879500031471253,0.0,0.0
2025-05-23,3.3340001106262207,3.3499999046325684,3.2170000076293945,3.282999992370605,60597,0.005001000165939331,0.0,0.0
2025-05-27,3.3980000019073486,3.444999933242798,3.21399998664856,3.375999927520752,55895,0.005097000002861023,0.0,0.0
2025-05-28,3.2039999961853027,3.510999917984009,3.1519999504089355,3.4049999713897705,204259,0.004805999994277954,0.0,0.0
2025-05-29,3.5220000743865967,3.575999975204468,3.437000036239624,3.5350000858306885,180662,0.005283000111579895,0.0,0.0
2025-05-30,3.447000026702881,3.563999891281128,3.440000057220459,3.5350000858306885,131545,0.005170500040054322,0.0,0.0
2025-06-02,3.694000005722046,3.75,3.500999927520752,3.500999927520752,199977,0.005541000008583069,0.0,0.0
2025-06-03,3.721999883651733,3.763999938964844,3.630000114440918,3.747999906539917,139410,0.005582999825477599,0.0,0.0
2025-06-04,3.7160000801086426,3.740000009536743,3.66100001335144,3.7290000915527344,126093,0.005574000120162964,0.0,0.0
2025-06-05,3.677000045776367,3.7909998893737793,3.619999885559082,3.703000068664551,208764,0.005515500068664551,0.0,0.0
2025-06-06,3.783999919891357,3.816999912261963,3.6489999294281006,3.6530001163482666,180631,0.005675999879837036,0.0,0.0
2025-06-09,3.634999990463257,3.7690000534057617,3.5810000896453857,3.7190001010894775,215678,0.0054524999856948855,0.0,0.0
2025-06-10,3.532999992370605,3.661999940872192,3.515000104904175,3.611999988555908,179312,0.005299499988555907,0.0,0.0
2025-06-11,3.506999969482422,3.625999927520752,3.453000068664551,3.526000022888184,211742,0.005260499954223633,0.0,0.0
2025-06-12,3.492000102996826,3.6440000534057617,3.4660000801086426,3.5190000534057617,220853,0.005238000154495239,0.0,0.0
2025-06-13,3.5810000896453857,3.622999906539917,3.499000072479248,3.5409998893737797,133290,0.005371500134468079,0.0,0.0
2025-06-16,3.747999906539917,3.759999990463257,3.634000062942505,3.703999996185303,171746,0.005621999859809876,0.0,0.0
2025-06-17,3.8510000705718994,3.88100004196167,3.7200000286102295,3.746000051498413,163883,0.005776500105857849,0.0,0.0
2025-06-18,3.989000082015991,4.001999855041504,3.813999891281128,3.861999988555908,0,0.005983500123023987,0.0,0.0
2025-06-20,3.846999883651733,4.1479997634887695,3.818000078201294,3.984999895095825,194501,0.0057704998254776,0.0,0.0
2025-06-23,3.697999954223633,3.9489998817443848,3.6659998893737793,3.9489998817443848,102698,0.005546999931335449,0.0,0.0
2025-06-24,3.5369999408721924,3.684000015258789,3.5299999713897705,3.680999994277954,70983,0.005305499911308288,0.0,0.0
2025-06-25,3.4059998989105225,3.586999893188477,3.371999979019165,3.549000024795532,74500,0.005108999848365784,0.0,0.0
2025-06-26,3.260999917984009,3.424999952316284,3.1989998817443848,3.3940000534057617,230496,0.004891499876976013,0.0,0.0
2025-06-27,3.739000082015991,3.750999927520752,3.513000011444092,3.5299999713897705,153056,0.005608500123023987,0.0,0.0
2025-06-30,3.4560000896453857,3.73799991607666,3.4210000038146973,3.734999895095825,212922,0.005184000134468078,0.0,0.0
2025-07-01,3.414999961853028,3.4679999351501465,3.2929999828338623,3.453000068664551,177010,0.005122499942779542,0.0,0.0
2025-07-02,3.48799991607666,3.5199999809265137,3.365999937057495,3.4170000553131104,115605,0.005231999874114991,0.0,0.0
2025-07-03,3.4089999198913574,3.5739998817443848,3.3919999599456787,3.5,0,0.005113499879837036,0.0,0.0
2025-07-04,3.38700008392334,3.434999942779541,3.365999937057495,3.4030001163482666,0,0.00508050012588501,0.0,0.0
2025-07-07,3.4119999408721924,3.4719998836517334,3.275000095367432,3.344000101089477,163396,0.005117999911308289,0.0,0.0
2025-07-08,3.3399999141693115,3.469000101089477,3.325000047683716,3.4059998989105225,130237,0.005009999871253968,0.0,0.0
2025-07-09,3.21399998664856,3.358999967575073,3.1489999294281006,3.3480000495910645,217203,0.00482099997997284,0.0,0.0
2025-07-10,3.336999893188477,3.3980000019073486,3.190999984741211,3.2079999446868896,163043,0.005005499839782716,0.0,0.0
2025-07-11,3.313999891281128,3.4179999828338623,3.2929999828338623,3.365000009536743,130290,0.004970999836921692,0.0,0.0
2025-07-14,3.4660000801086426,3.499000072479248,3.382999897003174,3.4040000438690186,149455,0.005199000120162964,0.0,0.0
2025-07-15,3.5230000019073486,3.5420000553131104,3.401000022888184,3.447000026702881,132955,0.005284500002861023,0.0,0.0
2025-07-16,3.5510001182556152,3.5980000495910645,3.490999937057495,3.5190000534057617,116044,0.005326500177383423,0.0,0.0
2025-07-17,3.5420000553131104,3.628999948501587,3.510999917984009,3.556999921798706,108569,0.005313000082969666,0.0,0.0
2025-07-18,3.565000057220459,3.628000020980835,3.49399995803833,3.5190000534057617,123961,0.005347500085830689,0.0,0.0
2025-07-21,3.325000047683716,3.4749999046325684,3.2869999408721924,3.46399998664856,176972,0.004987500071525573,0.0,0.0
2025-07-22,3.252000093460083,3.3310000896453857,3.2100000381469727,3.316999912261963,124612,0.004878000140190125,0.0,0.0
2025-07-23,3.07699990272522,3.2669999599456787,3.061000108718872,3.253000020980835,158442,0.00461549985408783,0.0,0.0
2025-07-24,3.094000101089477,3.1659998893737797,3.065000057220459,3.069999933242798,75361,0.004641000151634216,0.0,0.0
2025-07-25,3.109999895095825,3.1449999809265137,3.068000078201294,3.109999895095825,39115,0.004664999842643738,0.0,0.0
2025-07-28,2.98799991607666,3.140000104904175,2.983999967575073,3.0929999351501465,69852,0.00448199987411499,0.0,0.0
2025-07-29,3.0810000896453857,3.111999988555908,3.010999917984009,3.0339999198913574,117204,0.004621500134468079,0.0,0.0
2025-07-30,3.0450000762939453,3.186000108718872,3.013999938964844,3.1640000343322754,126252,0.004567500114440918,0.0,0.0
2025-07-31,3.1059999465942383,3.114000082015991,2.9719998836517334,3.026000022888184,168396,0.004658999919891357,0.0,0.0
2025-08-01,3.0829999446868896,3.13100004196167,3.0510001182556152,3.0999999046325684,102378,0.004624499917030334,0.0,0.0
2025-08-04,2.931999921798706,3.078000068664551,2.8949999809265137,3.065000057220459,167435,0.004397999882698059,0.0,0.0
2025-08-05,3.009999990463257,3.0409998893737797,2.928999900817871,2.946000099182129,134125,0.0045149999856948855,0.0,0.0
2025-08-06,3.07699990272522,3.095999956130981,2.944999933242798,3.015000104904175,133710,0.00461549985408783,0.0,0.0
2025-08-07,3.066999912261963,3.1480000019073486,3.0350000858306885,3.0989999771118164,171662,0.0046004998683929444,0.0,0.0
2025-08-08,2.990000009536743,3.1059999465942383,2.9600000381469727,3.0859999656677246,164260,0.004485000014305115,0.0,0.0
2025-08-11,2.9539999961853027,3.0,2.88100004196167,2.8949999809265137,156872,0.004430999994277954,0.0,0.0
2025-08-12,2.808000087738037,2.984999895095825,2.7739999294281006,2.9779999256134038,219061,0.004212000131607056,0.0,0.0
2025-08-13,2.828000068664551,2.8510000705718994,2.763999938964844,2.7839999198913574,179251,0.0042420001029968265,0.0,0.0
2025-08-14,2.8410000801086426,2.851999998092652,2.7739999294281006,2.818000078201294,138654,0.004261500120162964,0.0,0.0
2025-08-15,2.9159998893737797,2.9660000801086426,2.8359999656677246,2.8499999046325684,132775,0.004373999834060669,0.0,0.0
2025-08-18,2.890000104904175,2.921999931335449,2.799000024795532,2.877000093460083,143784,0.004335000157356262,0.0,0.0
2025-08-19,2.7660000324249268,2.9119999408721924,2.7249999046325684,2.9049999713897705,171271,0.00414900004863739,0.0,0.0
2025-08-20,2.752000093460083,2.7769999504089355,2.7249999046325684,2.756999969482422,121113,0.004128000140190125,0.0,0.0
2025-08-21,2.825999975204468,2.8489999771118164,2.740000009536743,2.765000104904175,115270,0.004238999962806703,0.0,0.0
2025-08-22,2.697999954223633,2.819000005722046,2.688999891281128,2.812999963760376,79364,0.00404699993133545,0.0,0.0
2025-08-25,2.696000099182129,2.7170000076293945,2.621999979019165,2.638999938964844,60316,0.004044000148773193,0.0,0.0
2025-08-26,2.7170000076293945,2.742000102996826,2.6540000438690186,2.7109999656677246,70243,0.0040755000114440915,0.0,0.0
2025-08-27,2.867000102996826,2.9059998989105225,2.6760001182556152,2.73799991607666,162239,0.004300500154495239,0.0,0.0
2025-08-28,2.944000005722046,2.999000072479248,2.8499999046325684,2.874000072479248,186265,0.004416000008583069,0.0,0.0
2025-08-29,2.996999979019165,3.0230000019073486,2.9210000038146973,2.984999895095825,0,0.004495499968528748,0.0,0.0
2025-09-02,3.009000062942505,3.065000057220459,2.86899995803833,2.9719998836517334,226571,0.004513500094413757,0.0,0.0
2025-09-03,3.063999891281128,3.13100004196167,2.96399998664856,2.992000102996826,187561,0.004595999836921692,0.0,0.0
2025-09-04,3.0739998817443848,3.130000114440918,3.0220000743865967,3.075000047683716,165913,0.0046109998226165775,0.0,0.0
2025-09-05,3.0480000972747803,3.130000114440918,3.0209999084472656,3.078000068664551,130911,0.004572000145912171,0.0,0.0
2025-09-08,3.0899999141693115,3.197999954223633,3.055999994277954,3.086999893188477,200532,0.004634999871253967,0.0,0.0
2025-09-09,3.117000102996826,3.164999961853028,3.0460000038146973,3.0980000495910645,181519,0.0046755001544952395,0.0,0.0
2025-09-10,3.0290000438690186,3.117000102996826,3.007999897003174,3.1070001125335693,171976,0.004543500065803528,0.0,0.0
2025-09-11,2.934000015258789,3.062000036239624,2.9110000133514404,3.0290000438690186,199072,0.004401000022888184,0.0,0.0
2025-09-12,2.940999984741211,3.0,2.8970000743865967,2.9179999828338623,160049,0.004411499977111816,0.0,0.0
2025-09-15,3.0429999828338623,3.049999952316284,2.9159998893737797,2.950999975204468,152709,0.004564499974250793,0.0,0.0
2025-09-16,3.1029999256134038,3.138000011444092,2.86899995803833,3.0450000762939453,166585,0.004654499888420106,0.0,0.0
2025-09-17,3.0999999046325684,3.1679999828338623,3.068000078201294,3.117000102996826,132465,0.004649999856948852,0.0,0.0
2025-09-18,2.938999891281128,3.1070001125335693,2.924999952316284,3.075999975204468,180476,0.004408499836921692,0.0,0.0
2025-09-19,2.888000011444092,2.9489998817443848,2.8570001125335693,2.938999891281128,142217,0.004332000017166138,0.0,0.0
2025-09-22,2.805999994277954,2.944999933242798,2.803999900817871,2.9089999198913574,163184,0.004208999991416931,0.0,0.0
2025-09-23,2.8529999256134038,2.869999885559082,2.7720000743865967,2.805999994277954,70892,0.004279499888420106,0.0,0.0
2025-09-24,2.8580000400543213,2.9140000343322754,2.815999984741211,2.86299991607666,55699,0.004287000060081482,0.0,0.0
2025-09-25,2.9040000438690186,2.9679999351501465,2.8480000495910645,2.878999948501587,74214,0.004356000065803528,0.0,0.0
2025-09-26,2.8350000381469727,2.944000005722046,2.7880001068115234,2.9119999408721924,168752,0.0042525000572204595,0.0,0.0
2025-09-29,3.2669999599456787,3.299000024795532,3.132999897003174,3.1489999294281006,166628,0.004900499939918518,0.0,0.0
2025-09-30,3.302999973297119,3.3510000705718994,3.244999885559082,3.2790000438690186,162025,0.004954499959945679,0.0,0.0
2025-10-01,3.4760000705718994,3.492000102996826,3.318000078201294,3.3310000896453857,240703,0.005214000105857849,0.0,0.0
2025-10-02,3.441999912261963,3.5850000381469727,3.4019999504089355,3.4570000171661377,259354,0.005162999868392944,0.0,0.0
2025-10-03,3.3239998817443848,3.450999975204468,3.306999921798706,3.4130001068115234,217261,0.004985999822616577,0.0,0.0
2025-10-06,3.3570001125335693,3.484999895095825,3.2960000038146973,3.299999952316284,165229,0.005035500168800354,0.0,0.0
2025-10-07,3.497999906539917,3.5239999294281006,3.3550000190734863,3.3980000019073486,230258,0.005246999859809876,0.0,0.0
2025-10-08,3.3329999446868896,3.549999952316284,3.315999984741211,3.5239999294281006,242687,0.004999499917030335,0.0,0.0
2025-10-09,3.2690000534057617,3.3929998874664307,3.234999895095825,3.3359999656677246,198680,0.004903500080108643,0.0,0.0
2025-10-10,3.1059999465942383,3.253000020980835,3.08899998664856,3.239000082015991,195346,0.004658999919891357,0.0,0.0
2025-10-13,3.118000030517578,3.138000011444092,3.0290000438690186,3.0999999046325684,195346,0.004677000045776368,0.0,0.0
2025-10-14,3.0280001163482666,3.1059999465942383,3.003999948501587,3.1029999256134038,150478,0.0045420001745224,0.0,0.0
2025-10-15,3.0160000324249268,3.0409998893737797,2.96399998664856,3.0290000438690186,149150,0.00452400004863739,0.0,0.0
2025-10-16,2.937999963760376,3.066999912261963,2.921999931335449,3.0360000133514404,161360,0.004406999945640564,0.0,0.0
2025-10-17,3.007999897003174,3.0239999294281006,2.8929998874664307,2.9260001182556152,128236,0.004511999845504761,0.0,0.0
2025-10-20,3.3970000743865967,3.430000066757202,3.135999917984009,3.1600000858306885,266597,0.005095500111579895,0.0,0.0
2025-10-21,3.4739999771118164,3.503999948501587,3.3570001125335693,3.4210000038146973,197775,0.005210999965667725,0.0,0.0
2025-10-22,3.450000047683716,3.572000026702881,3.385999917984009,3.486999988555908,202361,0.005175000071525574,0.0,0.0
2025-10-23,3.344000101089477,3.506999969482422,3.289999961853028,3.438999891281128,157089,0.005016000151634216,0.0,0.0
2025-10-24,3.303999900817871,3.3970000743865967,3.200000047683716,3.2850000858306885,108141,0.004955999851226807,0.0,0.0
2025-10-27,3.441999912261963,3.469000101089477,3.260999917984009,3.4100000858306885,67444,0.005162999868392944,0.0,0.0
2025-10-28,3.345000028610229,3.434999942779541,3.239000082015991,3.4110000133514404,85022,0.005017500042915343,0.0,0.0
2025-10-29,3.375999927520752,3.4049999713897705,3.193000078201294,3.2709999084472656,153684,0.005063999891281128,0.0,0.0
2025-10-30,3.9560000896453857,4.071000099182129,3.78600001335144,3.79800009727478,201075,0.005934000134468079,0.0,0.0
2025-10-31,4.124000072479248,4.1570000648498535,4.014999866485596,4.060999870300293,238492,0.006186000108718872,0.0,0.0
2025-11-03,4.265999794006348,4.297999858856201,4.086999893188477,4.159999847412109,0,0.006398999691009522,0.0,0.0
2025-11-04,4.3429999351501465,4.395999908447266,4.183000087738037,4.25600004196167,231288,0.00651449990272522,0.0,0.0
2025-11-05,4.23199987411499,4.35099983215332,4.205999851226807,4.320000171661377,156270,0.006347999811172485,0.0,0.0
2025-11-06,4.35699987411499,4.420000076293945,4.191999912261963,4.238999843597412,193866,0.006535499811172485,0.0,0.0
2025-11-07,4.315000057220459,4.419000148773193,4.26800012588501,4.413000106811523,178319,0.006472500085830689,0.0,0.0
2025-11-10,4.3379998207092285,4.508999824523926,4.26200008392334,4.480000019073486,189080,0.0065069997310638426,0.0,0.0
2025-11-11,4.565000057220459,4.580999851226807,4.276000022888184,4.375,243691,0.006847500085830688,0.0,0.0
2025-11-12,4.5329999923706055,4.581999778747559,4.460999965667725,4.526000022888184,170351,0.006799499988555909,0.0,0.0
2025-11-13,4.645999908447266,4.688000202178955,4.453999996185303,4.534999847412109,201019,0.006968999862670898,0.0,0.0
2025-11-14,4.565999984741211,4.635000228881836,4.375999927520752,4.5970001220703125,227908,0.0068489999771118165,0.0,0.0
2025-11-17,4.361000061035156,4.540999889373779,4.322999954223633,4.531000137329102,191623,0.006541500091552735,0.0,0.0
2025-11-18,4.370999813079834,4.401000022888184,4.235000133514404,4.3420000076293945,204812,0.006556499719619751,0.0,0.0
2025-11-19,4.550000190734863,4.602000236511231,4.349999904632568,4.374000072479248,152272,0.006825000286102295,0.0,0.0
2025-11-20,4.473999977111816,4.611999988555908,4.458000183105469,4.565999984741211,105538,0.006710999965667725,0.0,0.0
2025-11-21,4.579999923706055,4.675000190734863,4.460999965667725,4.488999843597412,80707,0.0068699998855590826,0.0,0.0
2025-11-24,4.548999786376953,4.576000213623047,4.443999767303467,4.465000152587891,78483,0.00682349967956543,0.0,0.0
2025-11-25,4.423999786376953,4.546999931335449,4.267000198364258,4.500999927520752,240457,0.00663599967956543,0.0,0.0
2025-11-26,4.558000087738037,4.644000053405762,4.441999912261963,4.482999801635742,155159,0.006837000131607056,0.0,0.0
2025-11-28,4.849999904632568,4.870999813079834,4.526999950408936,4.618000030517578,127694,0.007274999856948853,0.0,0.0
2025-12-01,4.921000003814697,4.952000141143799,4.757999897003174,4.869999885559082,209469,0.007381500005722046,0.0,0.0
2025-12-02,4.840000152587891,4.984000205993652,4.804999828338623,4.901999950408936,172375,0.007260000228881836,0.0,0.0
2025-12-03,4.994999885559082,5.039000034332275,4.818999767303467,4.827000141143799,186366,0.007492499828338623,0.0,0.0
2025-12-04,5.063000202178955,5.090000152587891,4.870999813079834,5.010000228881836,209843,0.007594500303268433,0.0,0.0
2025-12-05,5.289000034332275,5.495999813079834,5.026999950408936,5.077000141143799,376679,0.007933500051498413,0.0,0.0
2025-12-08,4.912000179290772,5.204999923706055,4.849999904632568,5.099999904632568,301953,0.0073680002689361585,0.0,0.0
2025-12-09,4.573999881744385,4.877999782562256,4.551000118255615,4.868000030517578,249501,0.006860999822616578,0.0,0.0
2025-12-10,4.59499979019165,4.696000099182129,4.454999923706055,4.578000068664551,271105,0.006892499685287476,0.0,0.0
2025-12-11,4.230999946594238,4.63100004196167,4.196000099182129,4.625999927520752,287859,0.006346499919891358,0.0,0.0
2025-12-12,4.11299991607666,4.256999969482422,4.065000057220459,4.230999946594238,199844,0.006169499874114991,0.0,0.0
2025-12-15,4.01200008392334,4.2179999351501465,3.993000030517578,4.171000003814697,169239,0.00601800012588501,0.0,0.0
2025-12-16,3.885999917984009,4.045000076293945,3.8420000076293945,4.037000179290772,155859,0.005828999876976013,0.0,0.0
2025-12-17,4.02400016784668,4.113999843597412,3.920000076293945,3.936000108718872,153559,0.0060360002517700195,0.0,0.0
2025-12-18,3.9079999923706055,4.2179999351501465,3.877000093460083,4.117000102996826,158058,0.005861999988555909,0.0,0.0
2025-12-19,3.983999967575073,4.03000020980835,3.839999914169312,3.941999912261963,145508,0.005975999951362609,0.0,0.0
2025-12-22,3.964999914169312,4.139999866485596,3.796999931335449,4.080999851226807,157602,0.0059474998712539685,0.0,0.0
2025-12-23,4.4079999923706055,4.448999881744385,3.943000078201294,3.990000009536743,126794,0.0066119999885559085,0.0,0.0
2025-12-24,4.242000102996826,4.5929999351501465,4.179999828338623,4.414999961853027,57070,0.006363000154495239,0.0,0.0
2025-12-26,4.366000175476074,4.421000003814697,4.196000099182129,4.196000099182129,46351,0.006549000263214111,0.0,0.0
2025-12-29,4.686999797821045,4.7210001945495605,4.35099983215332,4.449999809265137,163457,0.007030499696731567,0.0,0.0
2025-12-30,3.971999883651733,4.176000118255615,3.9159998893737793,3.947000026702881,136981,0.0059579998254776,0.0,0.0
2025-12-31,3.686000108718872,3.983000040054321,3.678999900817871,3.9760000705718994,132231,0.005529000163078308,0.0,0.0
2026-01-02,3.618000030517578,3.703000068664551,3.562999963760376,3.678999900817871,133024,0.0054270000457763675,0.0,0.0
2026-01-05,3.5230000019073486,3.5299999713897705,3.3550000190734863,3.506999969482422,228737,0.005284500002861023,0.0,0.0
2026-01-06,3.3499999046325684,3.502000093460083,3.3239998817443848,3.492000102996826,145165,0.005024999856948853,0.0,0.0
2026-01-07,3.525000095367432,3.5910000801086426,3.4189999103546143,3.424999952316284,151941,0.005287500143051148,0.0,0.0
2026-01-08,3.407000064849853,3.634000062942505,3.3550000190734863,3.562999963760376,193218,0.00511050009727478,0.0,0.0
2026-01-09,3.1689999103546143,3.496000051498413,3.13100004196167,3.4100000858306885,322218,0.004753499865531922,0.0,0.0
2026-01-12,3.4089999198913574,3.430999994277954,3.181999921798706,3.289999961853028,248893,0.005113499879837036,0.0,0.0
2026-01-13,3.4189999103546143,3.499000072479248,3.2980000972747803,3.3580000400543213,187132,0.005128499865531921,0.0,0.0
2026-01-14,3.119999885559082,3.443000078201294,3.068000078201294,3.384000062942505,215332,0.004679999828338623,0.0,0.0
2026-01-15,3.128000020980835,3.2179999351501465,3.00600004196167,3.101999998092652,180723,0.004692000031471253,0.0,0.0
2026-01-16,3.1029999256134038,3.2300000190734863,3.0199999809265137,3.1459999084472656,139667,0.004654499888420106,0.0,0.0
2026-01-20,3.9070000648498535,3.990000009536743,3.380000114440918,3.5,410520,0.0058605000972747805,0.0,0.0
2026-01-21,4.875,5.098999977111816,3.8340001106262207,3.9030001163482666,367003,0.0073125,0.0,0.0
2026-01-22,5.045000076293945,5.650000095367432,4.769000053405762,5.039000034332275,310947,0.007567500114440918,0.0,0.0
2026-01-23,5.275000095367432,5.434000015258789,4.659999847412109,4.872000217437744,107108,0.007912500143051148,0.0,0.0
2026-01-26,6.800000190734863,7.439000129699707,5.728000164031982,5.790999889373779,99498,0.010200000286102295,0.0,0.0
2026-01-27,6.953999996185303,7.309999942779541,5.771999835968018,6.645999908447266,77676,0.010430999994277955,0.0,0.0
2026-01-28,7.460000038146973,7.827000141143799,5.900000095367432,6.5,235065,0.01119000005722046,0.0,0.0
2026-01-29,3.9179999828338623,3.930000066757202,3.7279999256134033,3.742000102996826,234642,0.005876999974250794,0.0,0.0
2026-01-30,4.354000091552734,4.425000190734863,3.818000078201294,3.878999948501587,351649,0.0065310001373291016,0.0,0.0
2026-02-02,3.236999988555908,3.736000061035156,3.1549999713897705,3.7079999446868896,554857,0.004855499982833862,0.0,0.0
2026-02-03,3.311000108718872,3.3970000743865967,3.1689999103546143,3.263000011444092,238550,0.004966500163078308,0.0,0.0
2026-02-04,3.4649999141693115,3.5480000972747803,3.263999938964844,3.369999885559082,194662,0.005197499871253968,0.0,0.0
2026-02-05,3.509000062942505,3.572999954223633,3.328000068664551,3.4719998836517334,202389,0.005263500094413757,0.0,0.0
2026-02-06,3.421999931335449,3.658999919891357,3.38700008392334,3.5169999599456787,215129,0.005132999897003174,0.0,0.0
2026-02-09,3.138000011444092,3.265000104904175,3.111000061035156,3.25,211763,0.004707000017166138,0.0,0.0
2026-02-10,3.115000009536743,3.21399998664856,3.061000108718872,3.1410000324249268,175754,0.004672500014305115,0.0,0.0
2026-02-11,3.1589999198913574,3.249000072479248,3.055000066757202,3.1589999198913574,174848,0.004738499879837036,0.0,0.0
2026-02-12,3.2170000076293945,3.315999984741211,3.180000066757202,3.2219998836517334,222258,0.004825500011444092,0.0,0.0
2026-02-13,3.243000030517578,3.2780001163482666,3.114000082015991,3.219000101089477,125822,0.004864500045776367,0.0,0.0
2026-02-17,3.0309998989105225,3.1710000038146973,2.9679999351501465,3.049999952316284,183610,0.004546499848365784,0.0,0.0
2026-02-18,3.010999917984009,3.055999994277954,2.921999931335449,3.049999952316284,142497,0.004516499876976013,0.0,0.0
2026-02-19,2.996000051498413,3.095000028610229,2.9609999656677246,3.0220000743865967,120477,0.0044940000772476195,0.0,0.0
2026-02-20,3.046999931335449,3.1549999713897705,2.9489998817443848,2.970999956130981,90717,0.0045704998970031736,0.0,0.0
2026-02-23,2.984999895095825,3.253000020980835,2.976999998092652,3.240000009536743,55412,0.004477499842643738,0.0,0.0
2026-02-24,2.914999961853028,3.013999938964844,2.9049999713897705,2.9809999465942383,69623,0.004372499942779542,0.0,0.0
2026-02-25,2.969000101089477,3.0169999599456787,2.8949999809265137,2.9200000762939453,133499,0.004453500151634216,0.0,0.0
2026-02-26,2.82699990272522,2.8910000324249268,2.775000095367432,2.8910000324249268,139781,0.00424049985408783,0.0,0.0
2026-02-27,2.858999967575073,2.8940000534057617,2.818000078201294,2.8320000171661377,109106,0.00428849995136261,0.0,0.0
2026-03-02,2.9600000381469727,3.069999933242798,2.867000102996826,2.928999900817871,174543,0.004440000057220459,0.0,0.0
2026-03-03,3.053999900817871,3.187999963760376,2.9730000495910645,2.9800000190734863,225190,0.004580999851226807,0.0,0.0
2026-03-04,2.9170000553131104,3.075999975204468,2.8910000324249268,3.0409998893737797,155742,0.004375500082969666,0.0,0.0
2026-03-05,3.003000020980835,3.0460000038146973,2.9200000762939453,2.937000036239624,148177,0.0045045000314712525,0.0,0.0
2026-03-06,3.186000108718872,3.2799999713897705,2.950999975204468,3.0220000743865967,196840,0.004779000163078308,0.0,0.0
2026-03-09,3.119999885559082,3.49399995803833,3.0209999084472656,3.303999900817871,233306,0.004679999828338623,0.0,0.0
2026-03-10,3.0199999809265137,3.1470000743865967,2.9609999656677246,3.0269999504089355,205911,0.0045299999713897705,0.0,0.0
2026-03-11,3.2090001106262207,3.2279999256134038,3.0190000534057617,3.063999891281128,141651,0.004813500165939331,0.0,0.0
2026-03-12,3.2330000400543213,3.2920000553131104,3.1449999809265137,3.2309999465942383,150134,0.004849500060081482,0.0,0.0
2026-03-13,3.13100004196167,3.316999912261963,3.108999967575073,3.252000093460083,129471,0.004696500062942505,0.0,0.0
2026-03-16,3.0230000019073486,3.180000066757202,2.992000102996826,3.180000066757202,130165,0.004534500002861023,0.0,0.0
2026-03-17,3.032999992370605,3.0969998836517334,3.00600004196167,3.0360000133514404,101786,0.0045494999885559075,0.0,0.0
2026-03-18,3.065000057220459,3.2109999656677246,2.9230000972747803,3.0439999103546143,141167,0.004597500085830689,0.0,0.0
2026-03-19,3.1659998893737797,3.2699999809265137,3.1029999256134038,3.1640000343322754,154492,0.00474899983406067,0.0,0.0
2026-03-20,3.095000028610229,3.1689999103546143,3.0450000762939453,3.119999885559082,106682,0.004642500042915344,0.0,0.0
2026-03-23,2.8910000324249268,3.1530001163482666,2.875,3.1080000400543213,119426,0.00433650004863739,0.0,0.0
2026-03-24,2.943000078201294,2.9739999771118164,2.875999927520752,2.9100000858306885,52369,0.004414500117301941,0.0,0.0
2026-03-25,2.95199990272522,2.984999895095825,2.864000082015991,2.900000095367432,30840,0.00442799985408783,0.0,0.0
2026-03-26,2.999000072479248,3.025000095367432,2.9179999828338623,2.983999967575073,61382,0.004498500108718872,0.0,0.0
2026-03-27,3.095000028610229,3.124000072479248,2.9649999141693115,2.970000028610229,132398,0.004642500042915344,0.0,0.0
2026-03-30,2.88700008392334,3.056999921798706,2.8510000705718994,3.055000066757202,126193,0.00433050012588501,0.0,0.0
2026-03-31,2.884000062942505,2.976999998092652,2.802999973297119,2.88700008392334,154156,0.004326000094413757,0.0,0.0
2026-04-01,2.819000005722046,2.8989999294281006,2.7850000858306885,2.880000114440918,126772,0.004228500008583069,0.0,0.0
2026-04-02,2.799999952316284,2.888999938964844,2.7790000438690186,2.812999963760376,0,0.004199999928474426,0.0,0.0
2026-04-06,2.811000108718872,2.868000030517578,2.7690000534057617,2.838000059127808,100084,0.004216500163078308,0.0,0.0
2026-04-07,2.869999885559082,2.888000011444092,2.75600004196167,2.803999900817871,135271,0.004304999828338623,0.0,0.0
2026-04-08,2.7239999771118164,2.844000101089477,2.70199990272522,2.8429999351501465,223335,0.0040859999656677245,0.0,0.0
2026-04-09,2.6700000762939453,2.73799991607666,2.6549999713897705,2.7309999465942383,170766,0.004005000114440918,0.0,0.0
2026-04-10,2.6480000019073486,2.688999891281128,2.628000020980835,2.6710000038146973,151051,0.003972000002861023,0.0,0.0
2026-04-13,2.627000093460083,2.7230000495910645,2.615000009536743,2.690999984741211,155024,0.003940500140190125,0.0,0.0
2026-04-14,2.5989999771118164,2.6600000858306885,2.561000108718872,2.628000020980835,174530,0.0038984999656677248,0.0,0.0
2026-04-15,2.609999895095825,2.628000020980835,2.569999933242798,2.5989999771118164,114648,0.0039149998426437375,0.0,0.0
2026-04-16,2.6470000743865967,2.678999900817871,2.588000059127808,2.614000082015991,108047,0.003970500111579895,0.0,0.0
2026-04-17,2.674000024795532,2.7070000171661377,2.622999906539917,2.6670000553131104,109843,0.004011000037193298,0.0,0.0
2026-04-20,2.688999891281128,2.746000051498413,2.671999931335449,2.687999963760376,92530,0.004033499836921692,0.0,0.0
2026-04-21,2.697000026702881,2.720000028610229,2.6429998874664307,2.674999952316284,94189,0.0040455000400543215,0.0,0.0
2026-04-22,2.7219998836517334,2.763000011444092,2.6760001182556152,2.700999975204468,78929,0.0040829998254776,0.0,0.0
2026-04-23,2.614000082015991,2.740000009536743,2.568000078201294,2.7179999351501465,79279,0.003921000123023987,0.0,0.0
2026-04-24,2.5230000019073486,2.594000101089477,2.494999885559082,2.594000101089477,50988,0.003784500002861023,0.0,0.0
2026-04-27,2.549999952316284,2.630000114440918,2.505000114440918,2.505000114440918,65552,0.003824999928474426,0.0,0.0
2026-04-28,2.559000015258789,2.578000068664551,2.4830000400543213,2.5390000343322754,102074,0.003838500022888184,0.0,0.0
2026-04-29,2.6470000743865967,2.691999912261963,2.615000009536743,2.680000066757202,98371,0.003970500111579895,0.0,0.0
2026-04-30,2.7669999599456787,2.7939999103546143,2.5920000076293945,2.6489999294281006,172760,0.004150499939918518,0.0,0.0
2026-05-01,2.7799999713897705,2.821000099182129,2.746000051498413,2.755000114440918,111530,0.004169999957084656,0.0,0.0
2026-05-04,2.867000102996826,2.882999897003174,2.752000093460083,2.782999992370605,125100,0.004300500154495239,0.0,0.0
2026-05-05,2.7880001068115234,2.868000030517578,2.759999990463257,2.8510000705718994,115367,0.004182000160217286,0.0,0.0
2026-05-06,2.7300000190734863,2.7890000343322754,2.690000057220459,2.7809998989105225,107146,0.004095000028610229,0.0,0.0
2026-05-07,2.7690000534057617,2.812999963760376,2.6760001182556152,2.7260000705718994,166306,0.004153500080108643,0.0,0.0
2026-05-08,2.756999969482422,2.845000028610229,2.734999895095825,2.7880001068115234,124590,0.004135499954223633,0.0,0.0
2026-05-11,2.9100000858306885,2.936000108718872,2.750999927520752,2.752000093460083,162409,0.004365000128746033,0.0,0.0
2026-05-12,2.8429999351501465,2.944999933242798,2.803999900817871,2.9260001182556152,140080,0.00426449990272522,0.0,0.0
2026-05-13,2.864000082015991,2.927000045776367,2.812999963760376,2.8329999446868896,132794,0.004296000123023987,0.0,0.0
2026-05-14,2.8940000534057617,2.921999931335449,2.7980000972747803,2.867000102996826,144509,0.004341000080108643,0.0,0.0
2026-05-15,2.9600000381469727,2.9820001125335693,2.8940000534057617,2.9200000762939453,144038,0.004440000057220459,0.0,0.0
2026-05-18,3.0239999294281006,3.0899999141693115,2.9670000076293945,2.99399995803833,149997,0.004535999894142151,0.0,0.0
2026-05-19,3.114000082015991,3.132999897003174,3.00600004196167,3.0309998989105225,144723,0.004671000123023987,0.0,0.0
2026-05-20,3.003999948501587,3.138000011444092,2.984999895095825,3.11299991607666,149151,0.004505999922752381,0.0,0.0
2026-05-21,3.0179998874664307,3.065999984741211,2.9800000190734863,3.0299999713897705,73478,0.004526999831199646,0.0,0.0
2026-05-22,2.907000064849853,3.009999990463257,2.888000011444092,3.0,63029,0.00436050009727478,0.0,0.0
2026-05-26,2.8940000534057617,2.989000082015991,2.858999967575073,2.900000095367432,55626,0.004341000080108643,0.0,0.0
2026-05-27,3.039999961853028,3.055000066757202,2.8570001125335693,2.9100000858306885,188474,0.004559999942779541,0.0,0.0
2026-05-28,3.2850000858306885,3.305999994277954,3.056999921798706,3.088000059127808,200655,0.0049275001287460325,0.0,0.0
2026-05-29,3.289999961853028,3.388000011444092,3.2720000743865967,3.299000024795532,167682,0.004934999942779542,0.0,0.0
2026-06-01,3.178999900817871,3.3959999084472656,3.1600000858306885,3.3350000381469727,171269,0.004768499851226807,0.0,0.0
2026-06-02,3.1670000553131104,3.2279999256134038,3.0989999771118164,3.194000005722046,171269,0.004750500082969665,0.0,0.0
2026-06-03,3.187000036239624,3.249000072479248,3.1429998874664307,3.171999931335449,66752,0.004780500054359436,0.0,0.0
