entry_time,exit_time,net_pnl,return_pct,pnl,entry_i,exit_i,side,units,entry_reference,entry_price,exit_reference,exit_price,stop_reference,bars_held,exit_reason,reference_pnl,price_pnl,spread_slippage_cost,commission_cost,costs,cash_after,fold_id,candidate_id
2023-01-03 03:30:00+00:00,2023-01-03 07:15:00+00:00,-80.7424000000012,-0.0807424000000012,-80.7424000000012,18,33,-1,0.19,10933.349,10931.999,10951.597,10952.947,10989.50603125,15,signal_exit,-69.34239999999846,-79.60240000000121,10.260000000002748,1.1400000000000001,11.400000000002748,99919.2576,0,TREND_08_SHORT_P65
2023-01-03 19:30:00+00:00,2023-01-03 20:15:00+00:00,-169.37600000000324,-0.16951286875854774,-169.37600000000324,82,85,-1,0.16,10821.669,10820.319,10871.599,10872.949,10929.38290625,3,signal_exit,-159.77600000000095,-168.41600000000327,8.640000000002317,0.96,9.600000000002318,99749.8816,0,TREND_08_SHORT_P65
2023-01-04 00:15:00+00:00,2023-01-04 00:45:00+00:00,-3.4560000000020956,-0.0034646657665828202,-3.4560000000020956,94,96,-1,0.16,10867.099,10865.749,10865.179,10866.529,10968.69790625,2,signal_exit,6.144000000000233,-2.4960000000020957,8.640000000002328,0.96,9.600000000002328,99746.4256,0,TREND_08_SHORT_P65
2023-01-05 21:00:00+00:00,2023-01-05 23:30:00+00:00,-120.55680000000547,-0.12086327833285834,-120.55680000000547,266,269,-1,0.28,10744.159,10742.809,10762.687,10764.037,10845.18790625,3,signal_exit,-103.7568000000014,-118.87680000000546,15.120000000004055,1.6800000000000002,16.800000000004054,99625.8688,0,TREND_08_SHORT_P65
2023-01-06 09:45:00+00:00,2023-01-06 13:30:00+00:00,-248.9406250000054,-0.2498754871586178,-248.9406250000054,310,325,-1,0.37,10716.629,10715.279,10747.269625,10748.619625000001,10747.269625,15,atr_stop,-226.740625,-246.72062500000538,19.98000000000539,2.2199999999999998,22.20000000000539,99376.928175,0,TREND_08_SHORT_P65
2023-01-10 02:00:00+00:00,2023-01-10 06:30:00+00:00,39.75999999999695,0.040009286592136054,39.75999999999695,457,475,-1,0.35000000000000003,11096.049,11094.699,11087.369,11088.719000000001,11159.257281250002,18,signal_exit,60.760000000002044,41.859999999996944,18.9000000000051,2.1,21.0000000000051,99416.68817499999,0,TREND_08_SHORT_P65
2023-01-10 14:00:00+00:00,2023-01-10 14:15:00+00:00,-309.876000000003,-0.31169414882794955,-309.876000000003,505,506,-1,0.34,11049.307,11047.957,11091.877,11093.227,11099.23184375,1,signal_exit,-289.47599999999807,-307.836000000003,18.36000000000496,2.04,20.400000000004958,99106.81217499998,0,TREND_08_SHORT_P65
2023-01-13 13:15:00+00:00,2023-01-13 14:30:00+00:00,-194.25250000000526,-0.19600317650919874,-194.25250000000526,769,774,-1,0.2,11337.679,11336.329,11383.242125,11384.592125000001,11383.242125,5,atr_stop,-182.25250000000236,-193.05250000000527,10.80000000000291,1.2000000000000002,12.00000000000291,98912.55967499997,0,TREND_08_SHORT_P65
2023-01-16 08:45:00+00:00,2023-01-16 11:30:00+00:00,-273.4938750000133,-0.2765006546172099,-273.4938750000133,840,851,-1,0.51,11478.629,11477.279,11502.442125000001,11503.792125000002,11502.442125000001,11,atr_stop,-242.89387500000595,-270.43387500001336,27.54000000000741,3.06,30.60000000000741,98639.06579999995,0,TREND_08_SHORT_P65
2023-01-18 23:30:00+00:00,2023-01-19 03:30:00+00:00,96.06239999999876,0.09738778365437319,96.06239999999876,1057,1073,-1,0.36,11417.159,11415.809,11400.817,11402.167,11503.5861875,16,signal_exit,117.66240000000398,98.22239999999876,19.440000000005227,2.16,21.600000000005227,98735.12819999995,0,TREND_08_SHORT_P65
2023-01-19 05:30:00+00:00,2023-01-19 06:30:00+00:00,17.57279999999853,0.0177979208822241,17.57279999999853,1081,1085,-1,0.42,11403.419,11402.069,11398.327,11399.677,11434.767749999999,4,signal_exit,42.77280000000465,20.092799999998533,22.680000000006117,2.52,25.200000000006117,98752.70099999996,0,TREND_08_SHORT_P65
2023-01-19 13:15:00+00:00,2023-01-19 14:30:00+00:00,-339.62625000000696,-0.34391590970256813,-339.62625000000696,1112,1117,-1,0.4,11298.419,11297.069,11337.87228125,11339.22228125,11337.87228125,5,atr_stop,-315.62625000000116,-337.226250000007,21.60000000000582,2.4000000000000004,24.00000000000582,98413.07474999996,0,TREND_08_SHORT_P65
2023-01-24 10:45:00+00:00,2023-01-24 13:45:00+00:00,400.42799999999454,0.4068849601714072,400.42799999999454,1365,1377,-1,0.42,11830.159,11828.809,11779.489,11780.839,11854.76290625,12,signal_exit,425.62800000000067,402.9479999999945,22.680000000006146,2.52,25.200000000006145,98813.50274999996,0,TREND_08_SHORT_P65
2023-01-24 14:15:00+00:00,2023-01-24 14:30:00+00:00,-314.28485937501557,-0.3180586161085315,-314.28485937501557,1379,1380,-1,0.41000000000000003,11789.149,11787.798999999999,11824.476421875,11825.826421875001,11824.476421875,1,atr_stop,-289.6848593750096,-311.82485937501554,22.140000000005955,2.46,24.600000000005956,98499.21789062495,0,TREND_08_SHORT_P65
2023-01-25 07:15:00+00:00,2023-01-25 07:30:00+00:00,-121.41920000001475,-0.1232692021319809,-121.41920000001475,1440,1441,-1,0.37,11769.739,11768.389,11783.147,11784.497000000001,11800.4224375,1,signal_exit,-99.21920000000937,-119.19920000001476,19.98000000000539,2.2199999999999998,22.20000000000539,98377.79869062493,0,TREND_08_SHORT_P65
2023-01-25 10:45:00+00:00,2023-01-25 15:00:00+00:00,999.8639999999872,1.0163512635044056,999.8639999999872,1454,1471,-1,0.36,11705.919,11704.569,11564.049,11565.399000000001,11734.88134375,17,signal_exit,1021.4639999999927,1002.0239999999873,19.440000000005398,2.16,21.600000000005398,99377.66269062491,0,TREND_08_SHORT_P65
2023-01-27 07:00:00+00:00,2023-01-27 07:15:00+00:00,53.201599999988915,0.05353476682744305,53.201599999988915,1617,1618,-1,0.41000000000000003,11973.407,11972.056999999999,11963.919,11965.269,11997.345125,1,signal_exit,77.80159999999488,55.66159999998891,22.14000000000597,2.46,24.60000000000597,99430.8642906249,0,TREND_08_SHORT_P65
2023-01-30 05:30:00+00:00,2023-01-30 15:30:00+00:00,817.673999999994,0.8223543120474418,817.673999999994,1700,1740,-1,0.39,12107.389,12106.038999999999,11999.559,12000.909,12153.455249999999,40,signal_exit,841.0739999999995,820.0139999999939,21.06000000000563,2.34,23.40000000000563,100248.5382906249,0,TREND_08_SHORT_P65
2023-01-31 04:15:00+00:00,2023-01-31 07:45:00+00:00,-434.6072500000102,-0.433529762538846,-434.6072500000102,1784,1798,-1,0.44,11871.839,11870.489,11918.2261875,11919.5761875,11918.2261875,14,atr_stop,-408.20725000000385,-431.9672500000102,23.760000000006357,2.64,26.400000000006358,99813.93104062488,0,TREND_08_SHORT_P65
2023-01-31 10:00:00+00:00,2023-01-31 11:45:00+00:00,56.111999999996335,0.056216601645674484,56.111999999996335,1807,1814,-1,0.42,11861.989,11860.639,11852.309,11853.659,11902.047125,7,signal_exit,81.31200000000244,58.63199999999633,22.68000000000611,2.52,25.20000000000611,99870.04304062489,0,TREND_08_SHORT_P65
2023-02-03 03:15:00+00:00,2023-02-03 04:00:00+00:00,-68.90800000000134,-0.06899766727042575,-68.90800000000134,2047,2050,-1,0.23,12583.409,12582.059,12595.389,12596.739,12686.8049375,3,signal_exit,-55.107999999998,-67.52800000000134,12.420000000003341,1.3800000000000001,13.800000000003342,99801.13504062488,0,TREND_08_SHORT_P65
2023-02-03 04:30:00+00:00,2023-02-03 05:30:00+00:00,-57.62880000000448,-0.05774363185002475,-57.62880000000448,2052,2056,-1,0.23,12599.089,12597.739,12608.617,12609.967,12694.25915625,4,signal_exit,-43.82880000000114,-56.248800000004486,12.420000000003348,1.3800000000000001,13.80000000000335,99743.50624062488,0,TREND_08_SHORT_P65
2023-02-03 08:30:00+00:00,2023-02-03 09:00:00+00:00,-181.9228125000017,-0.18239063309156636,-181.9228125000017,2068,2070,-1,0.23,12533.349,12531.999,12569.8974375,12571.2474375,12569.8974375,2,atr_stop,-168.12281249999836,-180.5428125000017,12.420000000003341,1.3800000000000001,13.800000000003342,99561.58342812487,0,TREND_08_SHORT_P65
2023-02-06 01:15:00+00:00,2023-02-06 06:00:00+00:00,57.42000000000161,0.05767284732012528,57.42000000000161,2128,2147,-1,0.22,12537.699,12536.349,12521.649,12522.999,12650.282437500002,19,signal_exit,70.6200000000048,58.7400000000016,11.880000000003193,1.32,13.200000000003193,99619.00342812487,0,TREND_08_SHORT_P65
2023-02-06 10:00:00+00:00,2023-02-06 12:30:00+00:00,-91.78400000000575,-0.09213503131079598,-91.78400000000575,2163,2173,-1,0.22,12437.329,12435.979,12455.189,12456.539,12479.069,10,signal_exit,-78.58400000000256,-90.46400000000575,11.880000000003193,1.32,13.200000000003193,99527.21942812485,0,TREND_08_SHORT_P65
2023-02-08 16:00:00+00:00,2023-02-08 17:30:00+00:00,67.91999999999535,0.06824263793388186,67.91999999999535,2365,2371,-1,0.2,12565.529,12564.179,12545.549,12546.899000000001,12643.537437500001,6,signal_exit,79.91999999999825,69.11999999999534,10.80000000000291,1.2000000000000002,12.00000000000291,99595.13942812484,0,TREND_08_SHORT_P65
2023-02-10 01:15:00+00:00,2023-02-10 06:00:00+00:00,69.68279999998917,0.0699660650109109,69.68279999998917,2484,2503,-1,0.33,12373.677,12372.327,12360.119,12361.469000000001,12458.8554375,19,signal_exit,89.48279999999396,71.66279999998916,17.820000000004796,1.98,19.800000000004797,99664.82222812482,0,TREND_08_SHORT_P65
2023-02-10 11:00:00+00:00,2023-02-10 11:15:00+00:00,256.85879999999304,0.25772262896537734,256.85879999999304,2523,2524,-1,0.33,12278.297,12276.947,12236.379,12237.729000000001,12320.24465625,1,signal_exit,276.6587999999978,258.83879999999306,17.820000000004768,1.98,19.80000000000477,99921.6810281248,0,TREND_08_SHORT_P65
2023-02-15 06:45:00+00:00,2023-02-15 08:30:00+00:00,-173.22581250000457,-0.17336158751297123,-173.22581250000457,2773,2780,-1,0.26,12494.399,12493.048999999999,12524.71165625,12526.06165625,12524.71165625,7,atr_stop,-157.6258125000008,-171.66581250000456,14.040000000003772,1.56,15.600000000003773,99748.4552156248,0,TREND_08_SHORT_P65
2023-02-16 10:15:00+00:00,2023-02-16 13:45:00+00:00,1130.8619999999928,1.1337137979284237,1130.8619999999928,2876,2890,-1,0.41000000000000003,12683.069,12681.719,12542.159,12543.509,12710.34509375,14,signal_exit,1155.4619999999989,1133.3219999999928,22.14000000000601,2.46,24.600000000006013,100879.31721562479,0,TREND_08_SHORT_P65
2023-02-17 02:45:00+00:00,2023-02-17 07:15:00+00:00,97.09000000000053,0.09624371246731897,97.09000000000053,2935,2953,-1,0.35000000000000003,12379.867,12378.517,12362.997,12364.347,12446.34090625,18,signal_exit,118.0900000000056,99.19000000000052,18.90000000000508,2.1,21.00000000000508,100976.40721562479,0,TREND_08_SHORT_P65
2023-02-17 08:45:00+00:00,2023-02-17 08:45:00+00:00,-248.84343750000667,-0.24643720683052922,-248.84343750000667,2959,2959,-1,0.35000000000000003,12304.089,12302.739,12336.6380625,12337.9880625,12336.6380625,0,atr_stop,-227.84343750000153,-246.74343750000665,18.90000000000512,2.1,21.000000000005123,100727.56377812478,0,TREND_08_SHORT_P65
2023-02-21 01:30:00+00:00,2023-02-21 02:15:00+00:00,-86.46160000001635,-0.08583708049414118,-86.46160000001635,3072,3075,-1,0.46,12307.309,12305.958999999999,12313.707,12315.057,12340.0436875,3,signal_exit,-58.86160000000964,-83.70160000001636,24.840000000006718,2.7600000000000002,27.60000000000672,100641.10217812475,0,TREND_08_SHORT_P65
2023-02-21 05:15:00+00:00,2023-02-21 07:15:00+00:00,210.7079999999945,0.2093657516061999,210.7079999999945,3087,3095,-1,0.54,12316.687,12315.337,12294.177,12295.527,12342.03465625,8,signal_exit,243.10800000000242,213.94799999999452,29.160000000007898,3.24,32.4000000000079,100851.81017812475,0,TREND_08_SHORT_P65
2023-02-21 07:45:00+00:00,2023-02-21 08:30:00+00:00,368.0319999999945,0.3649235441089013,368.0319999999945,3097,3100,-1,0.62,12295.579,12294.229,12262.899,12264.249,12321.55525,3,signal_exit,405.2320000000036,371.75199999999455,33.480000000009056,3.7199999999999998,37.200000000009055,101219.84217812475,0,TREND_08_SHORT_P65
2023-02-22 01:45:00+00:00,2023-02-22 05:45:00+00:00,-87.63039999999513,-0.08657432980954943,-87.63039999999513,3137,3153,-1,0.44,12086.779,12085.429,12093.737,12095.087,12151.104000000001,16,signal_exit,-61.230399999988734,-84.99039999999515,23.760000000006414,2.64,26.400000000006415,101132.21177812474,0,TREND_08_SHORT_P65
2023-02-24 07:45:00+00:00,2023-02-24 14:15:00+00:00,1041.7919999999879,1.0301287608399081,1041.7919999999879,3289,3303,-1,0.32,12127.507,12126.157,11961.727,11963.077000000001,12156.581375,14,signal_exit,1060.9919999999927,1043.711999999988,17.280000000004748,1.92,19.20000000000475,102174.00377812472,0,TREND_08_SHORT_P65
2023-02-27 00:45:00+00:00,2023-02-27 02:45:00+00:00,-111.70879999999572,-0.10933191993002078,-111.70879999999572,3326,3334,-1,0.28,11990.119,11988.769,12007.067,12008.417,12059.926656250002,8,signal_exit,-94.90879999999161,-110.02879999999571,15.120000000004097,1.6800000000000002,16.800000000004097,102062.29497812473,0,TREND_08_SHORT_P65
2023-02-28 08:00:00+00:00,2023-02-28 08:45:00+00:00,-287.11475000002423,-0.2813132411548871,-287.11475000002423,3423,3426,-1,0.52,12015.907,12014.556999999999,12040.5141875,12041.864187500001,12040.5141875,3,atr_stop,-255.91475000001668,-283.9947500000242,28.080000000007544,3.12,31.200000000007545,101775.18022812471,0,TREND_08_SHORT_P65
2023-03-02 04:00:00+00:00,2023-03-02 05:00:00+00:00,-13.499999999998181,-0.013264530674117706,-13.499999999998181,3533,3537,-1,0.25,11880.119,11878.769,11879.819,11881.169,11963.38275,4,signal_exit,1.500000000005457,-11.999999999998181,13.500000000003638,1.5,15.000000000003638,101761.68022812471,0,TREND_08_SHORT_P65
2023-03-02 08:15:00+00:00,2023-03-02 08:45:00+00:00,-266.1496250000008,-0.26154208971722814,-266.1496250000008,3550,3552,-1,0.28,11819.897,11818.547,11864.42371875,11865.77371875,11864.42371875,2,atr_stop,-249.34962499999676,-264.46962500000086,15.120000000004097,1.6800000000000002,16.800000000004097,101495.53060312472,0,TREND_08_SHORT_P65
2023-03-08 01:45:00+00:00,2023-03-08 05:15:00+00:00,41.98399999999208,0.041365368258589635,41.98399999999208,3778,3792,-1,0.32,12160.929,12159.579,12151.369,12152.719000000001,12223.8074375,14,signal_exit,61.18399999999675,43.90399999999208,17.28000000000467,1.92,19.20000000000467,101537.5146031247,0,TREND_08_SHORT_P65
2023-03-08 06:00:00+00:00,2023-03-08 06:45:00+00:00,-47.77600000000385,-0.04705256001857425,-47.77600000000385,3795,3798,-1,0.4,12141.217,12139.867,12144.189,12145.539,12181.52715625,3,signal_exit,-23.77599999999802,-45.37600000000384,21.60000000000582,2.4000000000000004,24.00000000000582,101489.7386031247,0,TREND_08_SHORT_P65
2023-03-09 09:30:00+00:00,2023-03-09 11:45:00+00:00,-193.77000000001246,-0.19092570605364295,-193.77000000001246,3873,3878,-1,0.45,12140.417,12139.067,12158.947,12160.297,12166.76903125,5,signal_exit,-166.7700000000059,-191.07000000001247,24.300000000006577,2.7,27.000000000006576,101295.96860312468,0,TREND_08_SHORT_P65
2023-03-10 03:30:00+00:00,2023-03-10 07:15:00+00:00,10.608000000001045,0.010472282506683904,10.608000000001045,3914,3929,-1,0.24,11939.109,11937.759,11933.899,11935.249,12032.778218750002,15,signal_exit,25.008000000004536,12.048000000001046,12.96000000000349,1.44,14.40000000000349,101306.57660312467,0,TREND_08_SHORT_P65
2023-03-15 10:15:00+00:00,2023-03-15 18:00:00+00:00,-262.6148437500015,-0.25922783352833334,-262.6148437500015,4135,4146,-1,0.25,12083.899,12082.548999999999,12133.421968749999,12134.77196875,12133.421968749999,11,atr_stop,-247.61484374999782,-261.1148437500015,13.500000000003695,1.5,15.000000000003695,101043.96175937467,0,TREND_08_SHORT_P65
2023-03-22 08:15:00+00:00,2023-03-22 09:15:00+00:00,-231.71946875000998,-0.22932539927702456,-231.71946875000998,4449,4453,-1,0.49,12687.749,12686.399,12708.39384375,12709.74384375,12708.39384375,4,atr_stop,-202.31946875000287,-228.77946875000998,26.460000000007113,2.94,29.400000000007115,100812.24229062465,0,TREND_08_SHORT_P65
2023-03-28 03:15:00+00:00,2023-03-28 05:15:00+00:00,-134.79840000001658,-0.13371233189260445,-134.79840000001658,4688,4696,-1,0.36,12671.817,12670.466999999999,12687.539,12688.889000000001,12735.170124999999,8,signal_exit,-113.1984000000113,-132.63840000001656,19.440000000005256,2.16,21.600000000005256,100677.44389062464,0,TREND_08_SHORT_P65
2023-03-28 09:30:00+00:00,2023-03-28 13:00:00+00:00,-273.38575000000765,-0.2715461770136043,-273.38575000000765,4713,4723,-1,0.44,12640.497,12639.146999999999,12668.5635625,12669.9135625,12668.5635625,10,atr_stop,-246.9857500000013,-270.74575000000766,23.760000000006357,2.64,26.400000000006358,100404.05814062462,0,TREND_08_SHORT_P65
2023-03-31 09:30:00+00:00,2023-03-31 13:30:00+00:00,-348.56046875000754,-0.34715774960193174,-348.56046875000754,4906,4918,-1,0.65,12959.289,12957.939,12983.10134375,12984.45134375,12983.10134375,12,atr_stop,-309.5604687499981,-344.66046875000757,35.10000000000946,3.9000000000000004,39.00000000000946,100055.49767187462,0,TREND_08_SHORT_P65
2023-04-05 09:30:00+00:00,2023-04-05 12:30:00+00:00,-213.15800000001477,-0.21303976788866946,-213.15800000001477,5100,5108,-1,0.55,13069.909,13068.559,13086.287,13087.637,13093.58525,8,signal_exit,-180.15800000000675,-209.85800000001475,29.700000000008004,3.3000000000000003,33.000000000008,99842.33967187461,0,TREND_08_SHORT_P65
2023-04-06 00:30:00+00:00,2023-04-06 04:00:00+00:00,229.38239999999,0.2297446161156083,229.38239999999,5133,5147,-1,0.39,12947.667,12946.317,12915.259,12916.609,13002.848250000001,14,signal_exit,252.7823999999957,231.72239999999,21.060000000005715,2.34,23.400000000005715,100071.7220718746,0,TREND_08_SHORT_P65
2023-04-06 06:45:00+00:00,2023-04-06 07:15:00+00:00,-242.4364687500141,-0.24226271291293333,-242.4364687500141,5158,5160,-1,0.51,12906.899,12905.548999999999,12927.66728125,12929.01728125,12927.66728125,2,atr_stop,-211.83646875000667,-239.37646875001408,27.54000000000741,3.06,30.60000000000741,99829.28560312458,0,TREND_08_SHORT_P65
2023-04-10 05:15:00+00:00,2023-04-10 09:15:00+00:00,-53.59999999999491,-0.05369165939249922,-53.59999999999491,5241,5257,-1,0.5,13025.049,13023.699,13027.409,13028.759,13048.922125000001,16,signal_exit,-23.59999999998763,-50.59999999999491,27.000000000007276,3.0,30.000000000007276,99775.68560312458,0,TREND_08_SHORT_P65
2023-04-12 02:45:00+00:00,2023-04-12 03:45:00+00:00,-54.86999999999549,-0.05499335801935815,-54.86999999999549,5359,5363,-1,0.31,12963.549,12962.199,12969.399,12970.749,13021.750562500001,4,signal_exit,-36.26999999999098,-53.00999999999549,16.740000000004514,1.8599999999999999,18.600000000004513,99720.81560312459,0,TREND_08_SHORT_P65
2023-04-12 04:30:00+00:00,2023-04-12 04:45:00+00:00,-19.74720000000605,-0.019802485449574785,-19.74720000000605,5366,5367,-1,0.33,12965.217,12963.867,12965.209,12966.559000000001,13012.794343750002,1,signal_exit,0.05279999999875145,-17.767200000006053,17.820000000004804,1.98,19.800000000004804,99701.06840312458,0,TREND_08_SHORT_P65
2023-04-12 07:45:00+00:00,2023-04-12 09:00:00+00:00,-99.62880000001284,-0.0999275149160694,-99.62880000001284,5379,5384,-1,0.48,12944.839,12943.489,12952.217,12953.567000000001,12970.65759375,5,signal_exit,-70.82880000000587,-96.74880000001285,25.92000000000698,2.88,28.80000000000698,99601.43960312456,0,TREND_08_SHORT_P65
2023-04-13 02:00:00+00:00,2023-04-13 03:15:00+00:00,-69.64440000000445,-0.06992308572798948,-69.64440000000445,5421,5426,-1,0.21,12849.247,12847.896999999999,12862.829,12864.179,12937.16325,5,signal_exit,-57.0444000000014,-68.38440000000446,11.340000000003059,1.26,12.600000000003059,99531.79520312455,0,TREND_08_SHORT_P65
2023-04-13 07:00:00+00:00,2023-04-13 07:15:00+00:00,-25.576000000001006,-0.025696311362419906,-25.576000000001006,5441,5442,-1,0.23,12860.749,12859.399,12863.309,12864.659,12896.0605625,1,signal_exit,-11.775999999997657,-24.196000000001003,12.420000000003347,1.3800000000000001,13.800000000003347,99506.21920312455,0,TREND_08_SHORT_P65
2023-04-14 12:45:00+00:00,2023-04-14 14:30:00+00:00,-241.3254375000116,-0.24252296935067738,-241.3254375000116,5525,5528,-1,0.42,13037.127,13035.777,13062.856218750001,13064.206218750001,13062.856218750001,3,atr_stop,-216.1254375000055,-238.8054375000116,22.680000000006117,2.52,25.200000000006117,99264.89376562454,0,TREND_08_SHORT_P65
2023-04-19 03:00:00+00:00,2023-04-19 05:00:00+00:00,-45.855200000009134,-0.04619478071298637,-45.855200000009134,5684,5692,-1,0.43,13071.267,13069.917,13073.599,13074.949,13121.6848125,8,signal_exit,-20.05520000000288,-43.275200000009136,23.220000000006255,2.58,25.800000000006257,99219.03856562453,0,TREND_08_SHORT_P65
2023-04-19 07:45:00+00:00,2023-04-19 10:15:00+00:00,332.83999999998855,0.3354598117576442,332.83999999998855,5703,5713,-1,0.53,13028.609,13027.259,12994.209,12995.559000000001,13050.74821875,10,signal_exit,364.6399999999962,336.0199999999885,28.62000000000768,3.18,31.800000000007678,99551.87856562453,0,TREND_08_SHORT_P65
2023-04-19 12:45:00+00:00,2023-04-19 14:30:00+00:00,-360.11093750001965,-0.36173193583949775,-360.11093750001965,5719,5722,-1,0.5,13000.687,12999.337,13033.698093750001,13035.048093750001,13033.698093750001,3,atr_stop,-330.11093750001237,-357.11093750001965,27.000000000007276,3.0,30.000000000007276,99191.76762812451,0,TREND_08_SHORT_P65
2023-04-20 06:30:00+00:00,2023-04-20 08:45:00+00:00,535.787999999998,0.540153697037336,535.787999999998,5763,5772,-1,0.55,13018.347,13016.997,12966.639,12967.989,13047.27809375,9,signal_exit,568.788000000006,539.0879999999979,29.700000000008117,3.3000000000000003,33.000000000008114,99727.55562812451,0,TREND_08_SHORT_P65
2023-04-21 13:15:00+00:00,2023-04-21 13:30:00+00:00,-45.500000000005095,-0.04562430083985082,-45.500000000005095,5854,5855,-1,0.35000000000000003,12952.399,12951.048999999999,12955.899,12957.249,12989.4949375,1,signal_exit,-24.500000000000004,-43.4000000000051,18.900000000005097,2.1,21.000000000005098,99682.0556281245,0,TREND_08_SHORT_P65
2023-04-24 06:15:00+00:00,2023-04-24 09:15:00+00:00,-17.85560000000827,-0.017912551950795098,-17.85560000000827,5899,5911,-1,0.49,12954.027,12952.677,12952.849,12954.199,12976.323875,12,signal_exit,11.544399999998861,-14.915600000008272,26.460000000007135,2.94,29.400000000007136,99664.20002812448,0,TREND_08_SHORT_P65
2023-04-25 08:30:00+00:00,2023-04-25 11:00:00+00:00,-124.55800000001017,-0.12497767499750245,-124.55800000001017,5972,5982,-1,0.41000000000000003,12902.509,12901.159,12914.699,12916.049,12926.14415625,10,signal_exit,-99.95800000000419,-122.09800000001016,22.14000000000597,2.46,24.60000000000597,99539.64202812448,0,TREND_08_SHORT_P65
2023-05-01 14:30:00+00:00,2023-05-01 14:45:00+00:00,-250.80287499999872,-0.25196280586295006,-250.80287499999872,6248,6249,-1,0.43,13223.719,13222.368999999999,13249.882124999998,13251.232124999999,13249.882124999998,1,atr_stop,-225.0028749999925,-248.22287499999874,23.220000000006223,2.58,25.80000000000622,99288.83915312449,0,TREND_08_SHORT_P65
2023-05-03 02:15:00+00:00,2023-05-03 05:00:00+00:00,-50.0159999999986,-0.05037424188519648,-50.0159999999986,6336,6347,-1,0.48,13114.689,13113.339,13116.899,13118.249,13167.92696875,11,signal_exit,-21.21599999999162,-47.1359999999986,25.920000000006983,2.88,28.800000000006982,99238.82315312448,0,TREND_08_SHORT_P65
2023-05-04 04:30:00+00:00,2023-05-04 07:15:00+00:00,-25.52000000001921,-0.02571574227622804,-25.52000000001921,6409,6420,-1,0.44,13076.247,13074.896999999999,13076.147,13077.497000000001,13133.69215625,11,signal_exit,0.8799999999871944,-22.88000000001921,23.760000000006404,2.64,26.400000000006404,99213.30315312445,0,TREND_08_SHORT_P65
2023-05-08 15:15:00+00:00,2023-05-08 17:00:00+00:00,-419.6556000000033,-0.4229831954615125,-419.6556000000033,6570,6573,-1,0.39,13206.727,13205.377,13257.529,13258.879,13235.494968750001,3,signal_exit,-396.2555999999975,-417.31560000000326,21.060000000005743,2.34,23.400000000005743,98793.64755312445,0,TREND_08_SHORT_P65
2023-05-09 09:30:00+00:00,2023-05-09 14:15:00+00:00,495.86519999998023,0.5019201257179394,495.86519999998023,6619,6630,-1,0.87,13236.617,13235.267,13205.119,13206.469000000001,13254.39996875,11,signal_exit,548.0651999999928,501.08519999998026,46.98000000001258,5.22,52.20000000001258,99289.51275312444,0,TREND_08_SHORT_P65
2023-05-19 18:00:00+00:00,2023-05-21 23:00:00+00:00,207.58399999999662,0.20906941150586358,207.58399999999662,7156,7164,-1,0.26,13797.439,13796.089,13754.519,13755.869,13842.29165625,8,signal_exit,223.1840000000004,209.14399999999662,14.040000000003772,1.56,15.600000000003773,99497.09675312444,0,TREND_08_SHORT_P65
2023-05-22 01:00:00+00:00,2023-05-22 01:15:00+00:00,-45.19999999999891,-0.04542846120641156,-45.19999999999891,7168,7169,-1,0.25,13798.047,13796.697,13804.087,13805.437,13851.47996875,1,signal_exit,-30.199999999995274,-43.69999999999891,13.500000000003634,1.5,15.000000000003634,99451.89675312444,0,TREND_08_SHORT_P65
2023-05-23 08:45:00+00:00,2023-05-23 14:15:00+00:00,825.2400000000051,0.8297880954935924,825.2400000000051,7263,7277,-1,0.6900000000000001,13848.959,13847.609,13786.159,13787.509,13872.479156250001,14,signal_exit,866.640000000015,829.3800000000052,37.26000000000977,4.140000000000001,41.40000000000977,100277.13675312445,0,TREND_08_SHORT_P65
2023-05-24 03:00:00+00:00,2023-05-24 07:30:00+00:00,73.92,0.07371570668395334,73.92,7304,7322,-1,0.48,13684.289,13682.939,13673.589,13674.939,13737.03103125,18,signal_exit,102.72000000000698,76.8,25.92000000000698,2.88,28.80000000000698,100351.05675312445,0,TREND_08_SHORT_P65
2023-05-24 09:15:00+00:00,2023-05-24 10:00:00+00:00,-321.11337500001434,-0.3199900283960053,-321.11337500001434,7329,7332,-1,0.58,13650.037,13648.687,13674.7191875,13676.069187500001,13674.7191875,3,atr_stop,-286.3133750000059,-317.6333750000143,31.320000000008406,3.4799999999999995,34.8000000000084,100029.94337812443,0,TREND_08_SHORT_P65
2023-05-31 03:45:00+00:00,2023-05-31 04:00:00+00:00,-4.920000000008949,-0.004918527226803274,-4.920000000008949,7625,7626,-1,0.41000000000000003,14345.207,14343.857,14342.807,14344.157000000001,14421.55246875,1,signal_exit,19.67999999999702,-2.4600000000089497,22.14000000000597,2.46,24.60000000000597,100025.02337812443,0,TREND_08_SHORT_P65
2023-05-31 04:30:00+00:00,2023-05-31 05:15:00+00:00,-33.29200000001671,-0.033283671301093345,-33.29200000001671,7628,7631,-1,0.41000000000000003,14341.219,14339.868999999999,14342.279,14343.629,14411.964624999999,3,signal_exit,-8.692000000010742,-30.832000000016713,22.14000000000597,2.46,24.60000000000597,99991.73137812442,0,TREND_08_SHORT_P65
2023-05-31 06:15:00+00:00,2023-05-31 06:45:00+00:00,23.615999999987473,0.02361795287920581,23.615999999987473,7635,7637,-1,0.41000000000000003,14320.607,14319.257,14314.727,14316.077000000001,14363.02575,2,signal_exit,48.21599999999344,26.075999999987474,22.14000000000597,2.46,24.60000000000597,100015.34737812441,0,TREND_08_SHORT_P65
2023-05-31 07:30:00+00:00,2023-05-31 10:00:00+00:00,-281.509843750009,-0.2814666459995533,-281.509843750009,7640,7650,-1,0.41000000000000003,14299.897,14298.547,14331.227468750001,14332.577468750002,14331.227468750001,10,atr_stop,-256.909843750003,-279.04984375000896,22.140000000005955,2.46,24.600000000005956,99733.83753437441,0,TREND_08_SHORT_P65
2023-05-31 15:15:00+00:00,2023-05-31 15:30:00+00:00,167.8839999999956,0.16833203669931227,167.8839999999956,7663,7664,-1,0.38,14284.297,14282.947,14259.207,14260.557,14327.733875000002,1,signal_exit,190.6840000000011,170.16399999999558,20.520000000005524,2.2800000000000002,22.800000000005525,99901.7215343744,0,TREND_08_SHORT_P65
2023-06-07 09:00:00+00:00,2023-06-07 10:45:00+00:00,-190.74000000000964,-0.1909276407557996,-190.74000000000964,7972,7979,-1,0.55,14518.929,14517.579,14533.269,14534.619,14539.446812499998,7,signal_exit,-157.7400000000016,-187.44000000000963,29.700000000008032,3.3000000000000003,33.00000000000803,99710.9815343744,0,TREND_08_SHORT_P65
2023-06-08 02:15:00+00:00,2023-06-08 08:45:00+00:00,225.36000000000257,0.2260132199403853,225.36000000000257,8014,8040,-1,0.36,14306.199,14304.849,14271.899,14273.249,14369.66290625,26,signal_exit,246.96000000000788,227.5200000000026,19.440000000005284,2.16,21.600000000005284,99936.3415343744,0,TREND_08_SHORT_P65
2023-06-15 10:00:00+00:00,2023-06-15 15:00:00+00:00,-217.5600000000061,-0.21769858357800048,-217.5600000000061,8366,8374,-1,0.28,14927.707,14926.357,14963.557,14964.907000000001,14963.557,8,atr_stop,-200.7600000000021,-215.8800000000061,15.120000000004012,1.6800000000000002,16.80000000000401,99718.7815343744,0,TREND_08_SHORT_P65
2023-06-21 14:45:00+00:00,2023-06-21 16:00:00+00:00,836.9060000000013,0.8392661714498673,836.9060000000013,8625,8626,-1,0.35000000000000003,15000.217,14998.867,14877.659,14879.009,15033.98090625,1,signal_exit,857.9060000000064,839.0060000000012,18.900000000005207,2.1,21.00000000000521,100555.6875343744,0,TREND_08_SHORT_P65
2023-06-22 01:45:00+00:00,2023-06-22 05:15:00+00:00,64.95999999999798,0.06460102018375813,64.95999999999798,8645,8659,-1,0.28,14858.849,14857.499,14844.249,14845.599,14928.475875,14,signal_exit,81.76000000000205,66.63999999999798,15.120000000004069,1.6800000000000002,16.80000000000407,100620.64753437441,0,TREND_08_SHORT_P65
2023-06-22 07:15:00+00:00,2023-06-22 08:45:00+00:00,-282.7746250000066,-0.2810304166482372,-282.7746250000066,8667,8673,-1,0.38,14801.179,14799.829,14835.3861875,14836.7361875,14835.3861875,6,atr_stop,-259.97462500000114,-280.49462500000664,20.520000000005496,2.2800000000000002,22.800000000005497,100337.8729093744,0,TREND_08_SHORT_P65
2023-06-26 11:30:00+00:00,2023-06-26 14:00:00+00:00,-341.79609375001314,-0.34064514608429547,-341.79609375001314,8813,8815,-1,0.45,14854.147,14852.797,14889.124343750002,14890.474343750002,14889.124343750002,2,atr_stop,-314.7960937500066,-339.0960937500131,24.30000000000649,2.7,27.00000000000649,99996.07681562439,0,TREND_08_SHORT_P65
2023-06-27 02:45:00+00:00,2023-06-27 03:15:00+00:00,-71.98200000000355,-0.07198482409737536,-71.98200000000355,8842,8844,-1,0.27,14710.367,14709.017,14720.697,14722.047,14788.1104375,2,signal_exit,-55.781999999999606,-70.36200000000355,14.580000000003942,1.62,16.200000000003943,99924.09481562438,0,TREND_08_SHORT_P65
2023-06-27 04:00:00+00:00,2023-06-27 04:15:00+00:00,7.2899999999980345,0.007295537691333834,7.2899999999980345,8847,8848,-1,0.27,14718.117,14716.767,14713.767,14715.117,14793.97746875,1,signal_exit,23.490000000001963,8.909999999998035,14.580000000003928,1.62,16.20000000000393,99931.38481562438,0,TREND_08_SHORT_P65
2023-06-27 05:00:00+00:00,2023-06-27 06:15:00+00:00,-75.20800000000573,-0.07525963954043682,-75.20800000000573,8851,8856,-1,0.28,14708.297,14706.947,14718.727,14720.077000000001,14771.59590625,5,signal_exit,-58.408000000001635,-73.52800000000572,15.120000000004083,1.6800000000000002,16.800000000004083,99856.17681562438,0,TREND_08_SHORT_P65
2023-06-29 08:45:00+00:00,2023-06-29 09:00:00+00:00,-195.69300000000328,-0.1959748572803194,-195.69300000000328,8995,8996,-1,0.37,14956.597,14955.247,14980.042,14981.392,14980.042,1,atr_stop,-173.49299999999783,-193.47300000000325,19.98000000000542,2.2199999999999998,22.200000000005417,99660.48381562438,0,TREND_08_SHORT_P65
2023-07-05 08:30:00+00:00,2023-07-05 12:00:00+00:00,70.51999999998434,0.07051999999998433,70.51999999998434,87,97,-1,0.43,15142.719,15141.368999999999,15131.519,15132.869,15160.95025,10,signal_exit,96.31999999999063,73.09999999998435,23.22000000000628,2.58,25.80000000000628,100070.51999999999,1,TREND_08_SHORT_P65
2023-07-06 05:00:00+00:00,2023-07-06 10:00:00+00:00,12.796799999988366,0.012787782056082416,12.796799999988366,137,157,-1,0.43,15142.767,15141.417,15138.279,15139.629,15179.8154375,20,signal_exit,38.596799999994616,15.376799999988364,23.22000000000625,2.58,25.80000000000625,100083.31679999999,1,TREND_08_SHORT_P65
2023-07-07 08:45:00+00:00,2023-07-07 09:15:00+00:00,-82.48000000000175,-0.08241133751075061,-82.48000000000175,216,218,-1,0.4,15041.409,15040.059,15048.719,15050.069,15065.47603125,2,signal_exit,-58.47999999999593,-80.08000000000175,21.600000000005814,2.4000000000000004,24.000000000005812,100000.83679999999,1,TREND_08_SHORT_P65
2023-07-10 05:15:00+00:00,2023-07-10 05:30:00+00:00,-52.128000000004974,-0.052127563796551125,-52.128000000004974,267,268,-1,0.3,14981.039,14979.689,14986.727,14988.077000000001,15037.291343750001,1,signal_exit,-34.12800000000061,-50.32800000000498,16.200000000004366,1.7999999999999998,18.000000000004366,99948.7088,1,TREND_08_SHORT_P65
2023-07-10 06:15:00+00:00,2023-07-10 09:15:00+00:00,102.54080000000076,0.10259342139695632,102.54080000000076,271,283,-1,0.32,14994.589,14993.239,14975.567,14976.917,15038.0968125,12,signal_exit,121.7408000000054,104.46080000000075,17.280000000004648,1.92,19.20000000000465,100051.24959999998,1,TREND_08_SHORT_P65
2023-07-17 05:15:00+00:00,2023-07-17 07:15:00+00:00,-74.08800000001897,-0.07405004964577572,-74.08800000001897,590,598,-1,0.42,15539.327,15537.976999999999,15545.147,15546.497000000001,15586.925906249999,8,signal_exit,-48.88800000001283,-71.56800000001896,22.680000000006125,2.52,25.200000000006124,99977.16159999996,1,TREND_08_SHORT_P65
2023-07-20 05:30:00+00:00,2023-07-20 05:45:00+00:00,-34.0480000000028,-0.03405577779475869,-34.0480000000028,787,788,-1,0.32,15756.039,15754.689,15758.359,15759.709,15803.461343750001,1,signal_exit,-14.847999999998137,-32.1280000000028,17.280000000004662,1.92,19.200000000004664,99943.11359999995,1,TREND_08_SHORT_P65
2023-07-20 07:45:00+00:00,2023-07-20 08:30:00+00:00,70.60199999998389,0.07064218579636479,70.60199999998389,796,799,-1,0.41000000000000003,15726.889,15725.538999999999,15715.279,15716.629,15759.991656249998,3,signal_exit,95.20199999998987,73.0619999999839,22.14000000000597,2.46,24.60000000000597,100013.71559999994,1,TREND_08_SHORT_P65
2023-07-20 09:45:00+00:00,2023-07-20 11:15:00+00:00,-248.87640624999997,-0.24884227603878772,-248.87640624999997,804,810,-1,0.41000000000000003,15703.529,15702.179,15730.87978125,15732.22978125,15730.87978125,6,atr_stop,-224.27640624999404,-246.41640625,22.140000000005955,2.46,24.600000000005956,99764.83919374994,1,TREND_08_SHORT_P65
2023-07-21 03:15:00+00:00,2023-07-21 07:15:00+00:00,-51.08480000000447,-0.051205214595489296,-51.08480000000447,843,859,-1,0.32,15478.727,15477.377,15483.709,15485.059000000001,15543.0995,16,signal_exit,-31.884799999999817,-49.16480000000447,17.28000000000465,1.92,19.20000000000465,99713.75439374993,1,TREND_08_SHORT_P65
2023-07-28 04:30:00+00:00,2023-07-28 08:00:00+00:00,-21.47199999999968,-0.021533639095777095,-21.47199999999968,1172,1186,-1,0.22,15531.529,15530.179,15533.409,15534.759,15614.7515,14,signal_exit,-8.27199999999648,-20.15199999999968,11.880000000003202,1.32,13.200000000003202,99692.28239374992,1,TREND_08_SHORT_P65
2023-08-01 09:30:00+00:00,2023-08-01 12:45:00+00:00,358.3999999999942,0.3595062640701098,358.3999999999942,1349,1362,-1,0.5,15708.529,15707.179,15669.689,15671.039,15732.269625,13,signal_exit,388.40000000000146,361.3999999999942,27.000000000007276,3.0,30.000000000007276,100050.68239374991,1,TREND_08_SHORT_P65
2023-08-01 14:00:00+00:00,2023-08-01 14:15:00+00:00,-229.3984000000017,-0.22928219429549038,-229.3984000000017,1367,1368,-1,0.49,15672.099,15670.749,15692.507,15693.857,15709.61446875,1,signal_exit,-199.9983999999946,-226.4584000000017,26.460000000007085,2.94,29.400000000007086,99821.28399374991,1,TREND_08_SHORT_P65
2023-08-02 04:15:00+00:00,2023-08-02 09:00:00+00:00,845.6623999999931,0.8471764398992727,845.6623999999931,1417,1436,-1,0.44,15625.607,15624.257,15526.509,15527.859,15677.2029375,19,signal_exit,872.0623999999997,848.3023999999932,23.76000000000647,2.64,26.40000000000647,100666.9463937499,1,TREND_08_SHORT_P65
2023-08-03 00:00:00+00:00,2023-08-03 00:45:00+00:00,-9.982000000008119,-0.00991586648607022,-9.982000000008119,1489,1492,-1,0.31,15397.889,15396.538999999999,15396.499,15397.849,15483.692906249998,3,signal_exit,8.61799999999639,-8.12200000000812,16.74000000000451,1.8599999999999999,18.60000000000451,100656.96439374989,1,TREND_08_SHORT_P65
2023-08-04 13:30:00+00:00,2023-08-04 13:45:00+00:00,-309.75281250000694,-0.3077311285569033,-309.75281250000694,1632,1633,-1,0.3,15378.069,15376.719,15426.69446875,15428.04446875,15426.69446875,1,atr_stop,-291.7528125000026,-307.952812500007,16.200000000004366,1.7999999999999998,18.000000000004366,100347.2115812499,1,TREND_08_SHORT_P65
2023-08-07 02:45:00+00:00,2023-08-07 05:00:00+00:00,-114.17000000001427,-0.11377496016177016,-114.17000000001427,1678,1687,-1,0.35000000000000003,15336.989,15335.639,15350.299,15351.649000000001,15406.1080625,9,signal_exit,-93.17000000000917,-112.07000000001428,18.900000000005107,2.1,21.00000000000511,100233.04158124988,1,TREND_08_SHORT_P65
2023-08-08 07:00:00+00:00,2023-08-08 08:45:00+00:00,-288.14909375001287,-0.28747914779822026,-288.14909375001287,1784,1791,-1,0.49,15330.089,15328.739,15356.49196875,15357.84196875,15356.49196875,7,atr_stop,-258.74909375000567,-285.2090937500128,26.460000000007142,2.94,29.400000000007143,99944.89248749986,1,TREND_08_SHORT_P65
2023-08-11 10:00:00+00:00,2023-08-11 12:45:00+00:00,-27.31800000000971,-0.027333062570882624,-27.31800000000971,2063,2074,-1,0.29,15099.899,15098.548999999999,15101.609,15102.959,15136.4049375,11,signal_exit,-9.918000000005486,-25.57800000000971,15.660000000004223,1.7399999999999998,17.400000000004223,99917.57448749986,1,TREND_08_SHORT_P65
2023-08-14 04:15:00+00:00,2023-08-14 06:45:00+00:00,-272.53600000000995,-0.2727608245075098,-272.53600000000995,2129,2139,-1,0.38,14974.889,14973.538999999999,15007.749,15009.099,15030.75228125,10,signal_exit,-249.73600000000445,-270.25600000001,20.520000000005524,2.2800000000000002,22.800000000005525,99645.03848749986,1,TREND_08_SHORT_P65
2023-08-14 14:30:00+00:00,2023-08-14 14:45:00+00:00,-214.1356000000074,-0.21489840663453602,-214.1356000000074,2170,2171,-1,0.31,14997.939,14996.589,15029.477,15030.827000000001,15057.073218750002,1,signal_exit,-195.5356000000029,-212.2756000000074,16.7400000000045,1.8599999999999999,18.6000000000045,99430.90288749986,1,TREND_08_SHORT_P65
2023-08-15 09:00:00+00:00,2023-08-15 11:00:00+00:00,-61.0632000000075,-0.06141269789041026,-61.0632000000075,2237,2245,-1,0.33,15136.487,15135.136999999999,15142.739,15144.089,15175.968875,8,signal_exit,-41.26320000000269,-59.083200000007494,17.820000000004804,1.98,19.800000000004804,99369.83968749984,1,TREND_08_SHORT_P65
2023-08-15 13:15:00+00:00,2023-08-15 14:15:00+00:00,-264.32000000001284,-0.26599620250093126,-264.32000000001284,2254,2258,-1,0.4,15118.829,15117.479,15148.869,15150.219000000001,15168.4068125,4,signal_exit,-240.320000000007,-261.92000000001286,21.60000000000585,2.4000000000000004,24.000000000005848,99105.51968749984,1,TREND_08_SHORT_P65
2023-08-17 02:15:00+00:00,2023-08-17 04:00:00+00:00,-246.175999999998,-0.2483978700442132,-246.175999999998,2388,2395,-1,0.4,14837.127,14835.777,14864.899,14866.249,14907.116687500002,7,signal_exit,-222.17599999999223,-243.77599999999802,21.600000000005792,2.4000000000000004,24.00000000000579,98859.34368749984,1,TREND_08_SHORT_P65
2023-08-17 05:30:00+00:00,2023-08-17 06:00:00+00:00,27.359999999994763,0.02767568444160556,27.359999999994763,2401,2403,-1,0.4,14879.029,14877.679,14872.609,14873.959,14921.59134375,2,signal_exit,51.360000000000596,29.75999999999476,21.600000000005835,2.4000000000000004,24.000000000005834,98886.70368749984,1,TREND_08_SHORT_P65
2023-08-18 03:00:00+00:00,2023-08-18 05:45:00+00:00,162.2719999999981,0.16409890708138825,162.2719999999981,2480,2491,-1,0.44,14722.769,14721.419,14701.329,14702.679,14783.7368125,11,signal_exit,188.6720000000045,164.91199999999807,23.760000000006414,2.64,26.400000000006415,99048.97568749984,1,TREND_08_SHORT_P65
2023-08-25 00:15:00+00:00,2023-08-25 06:45:00+00:00,2.499999999996362,0.0025240038906448447,2.499999999996362,2914,2940,-1,0.25,14796.799,14795.449,14793.299,14794.649000000001,14900.08415625,26,signal_exit,17.5,3.999999999996362,13.500000000003638,1.5,15.000000000003638,99051.47568749984,1,TREND_08_SHORT_P65
2023-08-30 09:00:00+00:00,2023-08-30 13:30:00+00:00,-223.71240625001187,-0.22585469292331206,-223.71240625001187,3216,3234,-1,0.37,15369.129,15367.779,15396.360406250002,15397.710406250002,15396.360406250002,18,atr_stop,-201.51240625000648,-221.49240625001184,19.98000000000536,2.2199999999999998,22.20000000000536,98827.76328124983,1,TREND_08_SHORT_P65
2023-09-05 02:15:00+00:00,2023-09-05 02:30:00+00:00,-258.70319999998793,-0.26177178498288506,-258.70319999998793,3532,3533,-1,0.87,15468.369,15467.019,15480.237,15481.587,15497.020250000001,1,signal_exit,-206.50319999997518,-253.4831999999879,46.98000000001272,5.22,52.20000000001272,98569.06008124985,1,TREND_08_SHORT_P65
2023-09-05 08:15:00+00:00,2023-09-05 08:45:00+00:00,537.2639999999948,0.5450635316570246,537.2639999999948,3556,3558,-1,0.91,15467.109,15465.759,15434.589,15435.939,15492.804625,2,signal_exit,591.864000000008,542.7239999999948,49.140000000013174,5.46,54.600000000013175,99106.32408124984,1,TREND_08_SHORT_P65
2023-09-06 06:00:00+00:00,2023-09-06 07:00:00+00:00,-105.96960000001766,-0.10692516444575338,-105.96960000001766,3636,3640,-1,0.44,15478.077,15476.726999999999,15487.119,15488.469000000001,15503.1429375,4,signal_exit,-79.56960000001128,-103.32960000001768,23.7600000000064,2.64,26.4000000000064,99000.35448124981,1,TREND_08_SHORT_P65
2023-09-06 08:45:00+00:00,2023-09-06 11:00:00+00:00,-47.64399999999812,-0.048125080207689214,-47.64399999999812,3647,3656,-1,0.43,15454.779,15453.429,15457.319,15458.669,15480.101968750001,9,signal_exit,-21.843999999991865,-45.063999999998124,23.22000000000626,2.58,25.800000000006257,98952.71048124983,1,TREND_08_SHORT_P65
2023-09-06 23:45:00+00:00,2023-09-07 01:00:00+00:00,-70.00400000000127,-0.07074490396426893,-70.00400000000127,3700,3705,-1,0.43,15364.599,15363.249,15369.739,15371.089,15434.812125,5,signal_exit,-44.20399999999499,-67.42400000000126,23.220000000006266,2.58,25.800000000006264,98882.70648124983,1,TREND_08_SHORT_P65
2023-09-07 07:00:00+00:00,2023-09-07 09:15:00+00:00,395.55999999998403,0.40002950371811496,395.55999999998403,3729,3738,-1,0.44,15321.249,15319.899,15273.299,15274.649000000001,15341.01228125,9,signal_exit,421.9599999999904,398.199999999984,23.760000000006357,2.64,26.400000000006358,99278.26648124981,1,TREND_08_SHORT_P65
2023-09-08 11:15:00+00:00,2023-09-08 12:30:00+00:00,9.968399999982067,0.010040868312164525,9.968399999982067,3835,3840,-1,0.39,15224.317,15222.966999999999,15220.039,15221.389000000001,15261.00278125,5,signal_exit,33.368399999987744,12.308399999982067,21.06000000000568,2.34,23.40000000000568,99288.2348812498,1,TREND_08_SHORT_P65
2023-09-08 13:00:00+00:00,2023-09-08 13:15:00+00:00,-132.19440000000816,-0.13314205873245166,-132.19440000000816,3842,3843,-1,0.39,15230.809,15229.458999999999,15244.757,15246.107,15273.58915625,1,signal_exit,-108.79440000000248,-129.85440000000818,21.0600000000057,2.34,23.4000000000057,99156.04048124979,1,TREND_08_SHORT_P65
2023-09-12 13:30:00+00:00,2023-09-12 13:45:00+00:00,-145.20000000001605,-0.14643585937406717,-145.20000000001605,4022,4023,-1,0.55,15411.527,15410.177,15421.727,15423.077000000001,15442.058796875,1,signal_exit,-112.20000000000802,-141.90000000001604,29.700000000008018,3.3000000000000003,33.000000000008015,99010.84048124978,1,TREND_08_SHORT_P65
2023-09-13 01:00:00+00:00,2023-09-13 01:45:00+00:00,-15.420000000001892,-0.015574052219991065,-15.420000000001892,4061,4064,-1,0.5,15300.177,15298.827,15298.719,15300.069,15357.68059375,3,signal_exit,14.580000000005386,-12.420000000001892,27.000000000007276,3.0,30.000000000007276,98995.42048124978,1,TREND_08_SHORT_P65
2023-09-13 03:30:00+00:00,2023-09-13 05:45:00+00:00,-176.89000000001784,-0.17868503324709012,-176.89000000001784,4071,4080,-1,0.49,15271.659,15270.309,15286.709,15288.059000000001,15312.94696875,9,signal_exit,-147.4900000000107,-173.95000000001784,26.460000000007142,2.94,29.400000000007143,98818.53048124976,1,TREND_08_SHORT_P65
2023-09-15 10:00:00+00:00,2023-09-15 14:45:00+00:00,982.463999999992,0.9942102915468964,982.463999999992,4275,4294,-1,0.43,15455.259,15453.909,15338.019,15339.369,15482.41290625,19,signal_exit,1008.2639999999982,985.0439999999919,23.22000000000628,2.58,25.80000000000628,99800.99448124976,1,TREND_08_SHORT_P65
2023-09-18 00:30:00+00:00,2023-09-18 01:45:00+00:00,-133.82999999999737,-0.13409686015217098,-133.82999999999737,4326,4331,-1,0.45,15216.019,15214.669,15227.889,15229.239,15284.2143125,5,signal_exit,-106.82999999999083,-131.12999999999738,24.30000000000655,2.7,27.000000000006548,99667.16448124975,1,TREND_08_SHORT_P65
2023-09-18 13:45:00+00:00,2023-09-18 14:30:00+00:00,-343.32650000001223,-0.34447302859168005,-343.32650000001223,4379,4382,-1,0.44,15172.989,15171.639,15209.003375,15210.353375,15209.003375,3,atr_stop,-316.9265000000058,-340.68650000001224,23.76000000000647,2.64,26.40000000000647,99323.83798124973,1,TREND_08_SHORT_P65
2023-09-19 07:15:00+00:00,2023-09-19 08:00:00+00:00,-246.1200000000114,-0.24779549904875176,-246.1200000000114,4442,4445,-1,0.6,15196.809,15195.458999999999,15214.319,15215.669,15214.319,3,atr_stop,-210.12000000000262,-242.52000000001138,32.40000000000876,3.5999999999999996,36.00000000000876,99077.71798124972,1,TREND_08_SHORT_P65
2023-09-21 02:45:00+00:00,2023-09-21 07:15:00+00:00,-17.487600000007156,-0.017650386339455912,-17.487600000007156,4602,4620,-1,0.39,14924.517,14923.167,14923.759,14925.109,14996.0085625,18,signal_exit,5.912399999998525,-15.147600000007152,21.060000000005676,2.34,23.400000000005676,99060.23038124971,1,TREND_08_SHORT_P65
2023-09-21 10:45:00+00:00,2023-09-21 15:00:00+00:00,883.4903999999946,0.8918719415447909,883.4903999999946,4634,4651,-1,0.39,14878.847,14877.497,14762.579,14763.929,14910.9523125,17,signal_exit,906.8904000000001,885.8303999999945,21.06000000000563,2.34,23.40000000000563,99943.7207812497,1,TREND_08_SHORT_P65
2023-09-22 04:15:00+00:00,2023-09-22 06:30:00+00:00,-104.17399999999928,-0.10423266132747702,-104.17399999999928,4697,4706,-1,0.49,14722.027,14720.677,14729.657,14731.007,14765.3729375,9,signal_exit,-74.77399999999216,-101.23399999999928,26.460000000007128,2.94,29.40000000000713,99839.54678124971,1,TREND_08_SHORT_P65
2023-09-26 03:30:00+00:00,2023-09-26 05:15:00+00:00,-104.80799999999951,-0.10497643807381835,-104.80799999999951,4869,4876,-1,0.33,14694.209,14692.859,14707.089,14708.439,14746.797750000002,7,signal_exit,-85.00799999999474,-102.82799999999952,17.820000000004782,1.98,19.800000000004783,99734.7387812497,1,TREND_08_SHORT_P65
2023-09-28 05:15:00+00:00,2023-09-28 05:30:00+00:00,-60.84200000000295,-0.06100381947502663,-60.84200000000295,5054,5055,-1,0.29,14558.109,14556.759,14565.599,14566.949,14611.11603125,1,signal_exit,-43.44199999999873,-59.10200000000295,15.660000000004224,1.7399999999999998,17.400000000004223,99673.8967812497,1,TREND_08_SHORT_P65
2023-09-28 10:30:00+00:00,2023-09-28 10:45:00+00:00,-266.69125000000844,-0.26756378411220844,-266.69125000000844,5075,5076,-1,0.29,14538.659,14537.309,14581.64025,14582.99025,14581.64025,1,atr_stop,-249.29125000000423,-264.95125000000843,15.660000000004203,1.7399999999999998,17.4000000000042,99407.2055312497,1,TREND_08_SHORT_P65
2023-10-02 11:45:00+00:00,2023-10-02 14:30:00+00:00,-279.75500000000926,-0.28142326152812475,-279.75500000000926,5258,5269,-1,0.32,14743.409,14742.059,14784.12071875,14785.47071875,14784.12071875,11,atr_stop,-260.5550000000047,-277.8350000000093,17.280000000004577,1.92,19.20000000000458,99127.45053124968,1,TREND_08_SHORT_P65
2023-10-03 13:00:00+00:00,2023-10-03 14:45:00+00:00,-275.7788437500032,-0.27820633161857083,-275.7788437500032,5352,5359,-1,0.27,14745.317,14743.966999999999,14793.387156249999,14794.73715625,14793.387156249999,7,atr_stop,-259.57884374999924,-274.1588437500032,14.580000000003963,1.62,16.200000000003964,98851.67168749968,1,TREND_08_SHORT_P65
2023-10-03 19:45:00+00:00,2023-10-04 01:15:00+00:00,-100.4744000000044,-0.10164157902926987,-100.4744000000044,5379,5394,-1,0.26,14559.557,14558.207,14575.879,14577.229000000001,14651.9360625,15,signal_exit,-84.87440000000062,-98.91440000000439,14.040000000003772,1.56,15.600000000003773,98751.19728749967,1,TREND_08_SHORT_P65
2023-10-04 07:30:00+00:00,2023-10-04 09:00:00+00:00,-241.80000000001093,-0.24485779073244607,-241.80000000001093,5419,5425,-1,0.3,14463.559,14462.208999999999,14500.859,14502.209,14508.81196875,6,signal_exit,-223.80000000000652,-240.0000000000109,16.200000000004394,1.7999999999999998,18.000000000004395,98509.39728749967,1,TREND_08_SHORT_P65
2023-10-05 11:00:00+00:00,2023-10-05 11:15:00+00:00,-162.0555999999984,-0.16450775708944718,-162.0555999999984,5522,5523,-1,0.31,14729.679,14728.329,14752.817,14754.167,14768.50165625,1,signal_exit,-143.45559999999386,-160.1955999999984,16.740000000004528,1.8599999999999999,18.600000000004528,98347.34168749968,1,TREND_08_SHORT_P65
2023-10-06 01:45:00+00:00,2023-10-06 03:15:00+00:00,-88.99200000000943,-0.0904874483367156,-88.99200000000943,5574,5580,-1,0.36,14718.489,14717.139,14727.849,14729.199,14779.12978125,6,signal_exit,-67.39200000000419,-86.83200000000943,19.44000000000524,2.16,21.60000000000524,98258.34968749966,1,TREND_08_SHORT_P65
2023-10-13 01:15:00+00:00,2023-10-13 02:15:00+00:00,9.655999999995549,0.009827154670015771,9.655999999995549,6017,6021,-1,0.34,15203.189,15201.839,15198.769,15200.119,15276.2068125,4,signal_exit,30.0560000000005,11.695999999995548,18.360000000004952,2.04,20.40000000000495,98268.00568749965,1,TREND_08_SHORT_P65
2023-10-13 10:45:00+00:00,2023-10-13 13:30:00+00:00,-228.3408125000015,-0.23236536744842884,-228.3408125000015,6055,6066,-1,0.34,15128.227,15126.877,15158.80653125,15160.15653125,15158.80653125,11,atr_stop,-207.94081249999658,-226.30081250000148,18.360000000004902,2.04,20.4000000000049,98039.66487499965,1,TREND_08_SHORT_P65
2023-10-16 09:30:00+00:00,2023-10-16 09:45:00+00:00,-62.92800000000061,-0.06418626591618165,-62.92800000000061,6139,6140,-1,0.3,14998.919,14997.569,15006.407,15007.757,15036.6393125,1,signal_exit,-44.927999999996246,-61.12800000000061,16.200000000004366,1.7999999999999998,18.000000000004366,97976.73687499965,1,TREND_08_SHORT_P65
2023-10-16 11:45:00+00:00,2023-10-16 12:00:00+00:00,-71.77200000000158,-0.07325412367179517,-71.77200000000158,6148,6149,-1,0.3,14996.687,14995.337,15005.649,15006.999,15038.9041875,1,signal_exit,-53.77199999999721,-69.97200000000157,16.20000000000436,1.7999999999999998,18.00000000000436,97904.96487499966,1,TREND_08_SHORT_P65
2023-10-17 12:45:00+00:00,2023-10-17 13:15:00+00:00,110.24999999999348,0.11260920234306337,110.24999999999348,6241,6243,-1,0.45,15115.159,15113.809,15099.909,15101.259,15153.64025,2,signal_exit,137.25,112.94999999999347,24.300000000006534,2.7,27.000000000006533,98015.21487499964,1,TREND_08_SHORT_P65
2023-10-18 11:30:00+00:00,2023-10-18 14:30:00+00:00,-295.73059375001026,-0.30171906894981576,-295.73059375001026,6325,6337,-1,0.37,15039.759,15038.409,15076.72259375,15078.072593750001,15076.72259375,12,atr_stop,-273.53059375000487,-293.51059375001023,19.98000000000536,2.2199999999999998,22.20000000000536,97719.48428124964,1,TREND_08_SHORT_P65
2023-10-19 04:15:00+00:00,2023-10-19 06:00:00+00:00,-134.31600000000054,-0.13745058213101213,-134.31600000000054,6385,6392,-1,0.39,14886.039,14884.689,14900.259,14901.609,14946.776031250001,7,signal_exit,-110.91599999999491,-131.97600000000057,21.060000000005658,2.34,23.400000000005658,97585.16828124964,1,TREND_08_SHORT_P65
2023-10-19 07:15:00+00:00,2023-10-19 08:00:00+00:00,-128.70000000000567,-0.1318847958832024,-128.70000000000567,6397,6400,-1,0.39,14877.839,14876.489,14891.339,14892.689,14910.04478125,3,signal_exit,-105.30000000000001,-126.36000000000568,21.060000000005672,2.34,23.400000000005672,97456.46828124965,1,TREND_08_SHORT_P65
2023-10-19 09:30:00+00:00,2023-10-19 09:45:00+00:00,-78.20399999999835,-0.08024505851608474,-78.20399999999835,6406,6407,-1,0.38,14883.109,14881.759,14890.399,14891.749,14923.32196875,1,signal_exit,-55.40399999999281,-75.92399999999834,20.52000000000553,2.2800000000000002,22.800000000005532,97378.26428124965,1,TREND_08_SHORT_P65
2023-10-20 01:45:00+00:00,2023-10-20 03:30:00+00:00,65.80799999999232,0.06757976277942732,65.80799999999232,6464,6471,-1,0.24,14748.909,14747.559,14732.199,14733.549,14867.074312499999,7,signal_exit,80.2079999999958,67.24799999999232,12.96000000000349,1.44,14.40000000000349,97444.07228124964,1,TREND_08_SHORT_P65
2023-10-20 04:00:00+00:00,2023-10-20 05:30:00+00:00,9.983999999996156,0.010245877215783494,9.983999999996156,6473,6479,-1,0.24,14748.769,14747.419,14743.689,14745.039,14823.08821875,6,signal_exit,24.38399999999965,11.423999999996157,12.960000000003491,1.44,14.400000000003491,97454.05628124964,1,TREND_08_SHORT_P65
2023-10-23 09:15:00+00:00,2023-10-23 10:15:00+00:00,422.3999999999954,0.4334350114488421,422.3999999999954,6583,6587,-1,0.32,14563.529,14562.179,14494.529,14495.879,14594.9699375,4,signal_exit,441.6,424.31999999999533,17.28000000000469,1.92,19.200000000004692,97876.45628124963,1,TREND_08_SHORT_P65
2023-10-25 06:45:00+00:00,2023-10-25 09:45:00+00:00,-28.86400000000722,-0.02949023809879879,-28.86400000000722,6751,6763,-1,0.4,14669.919,14668.569,14670.527,14671.877,14710.1049375,12,signal_exit,-4.864000000001398,-26.46400000000722,21.600000000005824,2.4000000000000004,24.000000000005826,97847.59228124963,1,TREND_08_SHORT_P65
2023-10-25 10:30:00+00:00,2023-10-25 11:45:00+00:00,-74.72400000000512,-0.0763677452432566,-74.72400000000512,6766,6771,-1,0.39,14661.519,14660.169,14668.099,14669.449,14695.933843750001,5,signal_exit,-51.32399999999944,-72.38400000000512,21.06000000000568,2.34,23.40000000000568,97772.86828124963,1,TREND_08_SHORT_P65
2023-10-26 03:30:00+00:00,2023-10-26 09:15:00+00:00,-154.49280000000263,-0.15801193389928445,-154.49280000000263,6827,6850,-1,0.28,14218.779,14217.429,14243.367,14244.717,14290.749,23,signal_exit,-137.69279999999856,-152.81280000000262,15.120000000004069,1.6800000000000002,16.80000000000407,97618.37548124963,1,TREND_08_SHORT_P65
2023-10-31 04:00:00+00:00,2023-10-31 07:30:00+00:00,-116.62000000000249,-0.11946521279941058,-116.62000000000249,7096,7110,-1,0.34,14260.659,14259.309,14274.809,14276.159,14303.2668125,14,signal_exit,-96.21999999999753,-114.5800000000025,18.360000000004973,2.04,20.400000000004972,97501.75548124962,1,TREND_08_SHORT_P65
2023-11-01 11:45:00+00:00,2023-11-01 12:30:00+00:00,-160.65399999999897,-0.16477036665344352,-160.65399999999897,7216,7219,-1,0.37,14340.209,14338.859,14358.919,14360.269,14372.797437500001,3,signal_exit,-138.45399999999356,-158.43399999999895,19.98000000000539,2.2199999999999998,22.20000000000539,97341.10148124963,1,TREND_08_SHORT_P65
2023-11-10 01:45:00+00:00,2023-11-10 05:30:00+00:00,-81.40960000000503,-0.08363332524615677,-81.40960000000503,7795,7810,-1,0.41000000000000003,15166.489,15165.139,15173.417,15174.767,15238.10603125,15,signal_exit,-56.80959999999905,-78.94960000000502,22.14000000000597,2.46,24.60000000000597,97259.69188124963,1,TREND_08_SHORT_P65
2023-11-13 05:00:00+00:00,2023-11-13 07:00:00+00:00,-223.9608000000083,-0.23027093307416177,-223.9608000000083,7897,7905,-1,0.42,15444.117,15442.767,15467.779,15469.129,15474.364656250002,8,signal_exit,-198.7608000000022,-221.44080000000832,22.680000000006117,2.52,25.200000000006117,97035.73108124963,1,TREND_08_SHORT_P65
2023-11-16 05:00:00+00:00,2023-11-16 06:00:00+00:00,-105.69400000001377,-0.10892276362767281,-105.69400000001377,8164,8168,-1,0.43,15785.809,15784.458999999999,15795.099,15796.449,15824.017593749999,4,signal_exit,-79.89400000000751,-103.11400000001376,23.22000000000625,2.58,25.80000000000625,96930.03708124963,1,TREND_08_SHORT_P65
2023-11-20 05:15:00+00:00,2023-11-20 07:15:00+00:00,-62.93400000000817,-0.06492724226160672,-62.93400000000817,8343,8351,-1,0.51,15790.339,15788.989,15793.509,15794.859,15820.787281249999,8,signal_exit,-32.33400000000074,-59.87400000000817,27.540000000007424,3.06,30.600000000007423,96867.10308124962,1,TREND_08_SHORT_P65
2023-11-21 11:30:00+00:00,2023-11-21 15:30:00+00:00,1394.5919999999796,1.4396961978208762,1394.5919999999796,8457,8473,-1,0.48,16021.309,16019.958999999999,15873.039,15874.389000000001,16043.2980625,16,signal_exit,1423.3919999999869,1397.4719999999797,25.92000000000712,2.88,28.80000000000712,98261.69508124959,1,TREND_08_SHORT_P65
2023-11-27 05:00:00+00:00,2023-11-27 07:00:00+00:00,-513.593625000033,-0.522679386484589,-513.593625000033,8754,8762,-1,0.87,15904.189,15902.839,15930.705875000001,15932.055875000002,15930.705875000001,8,atr_stop,-461.3936250000202,-508.373625000033,46.98000000001275,5.22,52.20000000001275,97748.10145624955,1,TREND_08_SHORT_P65
2023-11-28 04:00:00+00:00,2023-11-28 05:30:00+00:00,-78.1840000000059,-0.07998518522121861,-78.1840000000059,8839,8845,-1,0.58,15954.329,15952.979,15958.069,15959.419,15984.822750000001,6,signal_exit,-43.38399999999747,-74.7040000000059,31.320000000008434,3.4799999999999995,34.80000000000843,97669.91745624955,1,TREND_08_SHORT_P65
2023-11-28 08:00:00+00:00,2023-11-28 09:00:00+00:00,-38.41600000001141,-0.03933247923263531,-38.41600000001141,8855,8859,-1,0.56,15930.389,15929.038999999999,15930.819,15932.169,15950.831968749999,4,signal_exit,-4.81600000000326,-35.05600000001141,30.24000000000815,3.3600000000000003,33.60000000000815,97631.50145624955,1,TREND_08_SHORT_P65
2023-11-29 23:30:00+00:00,2023-11-30 01:15:00+00:00,-10.988000000007162,-0.011254564188927365,-10.988000000007162,8999,9006,-1,0.41000000000000003,16011.209,16009.859,16009.549,16010.899000000001,16076.45275,7,signal_exit,13.611999999998808,-8.528000000007161,22.14000000000597,2.46,24.60000000000597,97620.51345624955,1,TREND_08_SHORT_P65
2023-12-01 14:15:00+00:00,2023-12-01 14:45:00+00:00,-59.76999999999686,-0.0612268855016665,-59.76999999999686,9147,9149,-1,0.43,15894.869,15893.519,15898.819,15900.169,15924.636968750001,2,signal_exit,-33.96999999999062,-57.189999999996864,23.220000000006245,2.58,25.800000000006243,97560.74345624956,1,TREND_08_SHORT_P65
2023-12-01 15:15:00+00:00,2023-12-01 15:30:00+00:00,250.57199999999327,0.2568369111622858,250.57199999999327,9151,9152,-1,0.42,15880.409,15879.059,15847.579,15848.929,15920.67696875,1,signal_exit,275.77199999999937,253.09199999999325,22.680000000006117,2.52,25.200000000006117,97811.31545624956,1,TREND_08_SHORT_P65
2023-12-05 07:00:00+00:00,2023-12-05 08:15:00+00:00,-62.920000000003206,-0.06432793558343153,-62.920000000003206,9296,9301,-1,0.44,15766.239,15764.889,15770.389,15771.739,15783.960874999999,5,signal_exit,-36.5199999999968,-60.280000000003206,23.760000000006407,2.64,26.400000000006408,97748.39545624955,1,TREND_08_SHORT_P65
2023-12-05 08:45:00+00:00,2023-12-05 09:15:00+00:00,-214.72080000000523,-0.21966682828682382,-214.72080000000523,9303,9305,-1,0.42,15759.207,15757.857,15781.769,15783.119,15782.76246875,2,signal_exit,-189.52079999999913,-212.20080000000524,22.680000000006117,2.52,25.200000000006117,97533.67465624955,1,TREND_08_SHORT_P65
2023-12-06 12:45:00+00:00,2023-12-06 13:00:00+00:00,-99.90240000001273,-0.10242862309054958,-99.90240000001273,9408,9409,-1,0.39,15904.169,15902.819,15913.977,15915.327000000001,15934.92509375,1,signal_exit,-76.50240000000704,-97.56240000001273,21.060000000005687,2.34,23.400000000005686,97433.77225624955,1,TREND_08_SHORT_P65
2023-12-07 00:15:00+00:00,2023-12-07 02:30:00+00:00,33.4599999999995,0.034341275335209386,33.4599999999995,9447,9456,-1,0.35000000000000003,15795.779,15794.429,15787.999,15789.349,15875.5665,9,signal_exit,54.46000000000459,35.5599999999995,18.900000000005093,2.1,21.000000000005095,97467.23225624954,1,TREND_08_SHORT_P65
2023-12-07 03:00:00+00:00,2023-12-07 03:45:00+00:00,-23.54400000000838,-0.024155810578584225,-23.54400000000838,9458,9461,-1,0.36,15788.859,15787.509,15789.129,15790.479000000001,15835.9855625,3,signal_exit,-1.9440000000031432,-21.384000000008385,19.44000000000524,2.16,21.60000000000524,97443.68825624953,1,TREND_08_SHORT_P65
2023-12-08 13:30:00+00:00,2023-12-08 14:30:00+00:00,-281.9531250000066,-0.28934980812564187,-281.9531250000066,9589,9593,-1,0.45,15955.149,15953.798999999999,15983.477125,15984.827125,15983.477125,4,atr_stop,-254.95312500000003,-279.25312500000655,24.30000000000652,2.7,27.00000000000652,97161.73513124952,1,TREND_08_SHORT_P65
2023-12-14 10:15:00+00:00,2023-12-14 10:30:00+00:00,-87.04799999997617,-0.08959082490899184,-87.04799999997617,9932,9933,-1,0.39,16618.119,16616.769,16626.279,16627.628999999997,16648.05728125,1,signal_exit,-63.64799999999887,-84.70799999997617,21.059999999977293,2.34,23.399999999977293,97074.68713124954,1,TREND_08_SHORT_P65
2023-12-20 13:15:00+00:00,2023-12-20 14:30:00+00:00,-414.0804687499716,-0.4265586436452948,-414.0804687499716,10300,10305,-1,0.65,16768.729,16767.379,16797.58134375,16798.93134375,16797.58134375,5,atr_stop,-375.0804687500095,-410.1804687499716,35.09999999996211,3.9000000000000004,38.99999999996211,96660.60666249957,1,TREND_08_SHORT_P65
2023-12-21 02:45:00+00:00,2023-12-21 05:45:00+00:00,-161.13999999998273,-0.16670700253581025,-161.13999999998273,10347,10359,-1,0.35000000000000003,16619.219,16617.869000000002,16639.239,16640.589,16681.427593750002,12,signal_exit,-140.14000000000308,-159.0399999999827,18.899999999979627,2.1,20.99999999997963,96499.46666249959,1,TREND_08_SHORT_P65
2024-01-02 11:45:00+00:00,2024-01-02 14:45:00+00:00,396.2400000000279,0.39624000000002796,396.2400000000279,50,62,-1,0.24,16675.649,16674.299000000003,16590.099,16591.448999999997,16708.03103125,12,signal_exit,410.6400000000139,397.680000000028,12.95999999998594,1.44,14.399999999985939,100396.24000000002,2,TREND_08_SHORT_P65
2024-01-02 19:30:00+00:00,2024-01-02 21:00:00+00:00,-130.49999999997817,-0.1299849476434358,-130.49999999997817,81,87,-1,0.25,16523.669,16522.319000000003,16546.769,16548.119,16600.04165625,6,signal_exit,-115.49999999999272,-128.99999999997817,13.499999999985448,1.5,14.999999999985448,100265.74000000005,2,TREND_08_SHORT_P65
2024-01-03 00:00:00+00:00,2024-01-03 01:30:00+00:00,48.336000000012575,0.04820789234688993,48.336000000012575,92,98,-1,0.24,16548.519,16547.169,16535.449,16536.799,16626.11665625,6,signal_exit,62.735999999998604,49.77600000001257,12.959999999986032,1.44,14.399999999986031,100314.07600000006,2,TREND_08_SHORT_P65
2024-01-03 10:15:00+00:00,2024-01-03 15:15:00+00:00,582.692000000011,0.5808676341693171,582.692000000011,133,153,-1,0.34,16483.359,16482.009000000002,16394.669,16396.019,16510.66446875,20,signal_exit,603.0919999999912,584.732000000011,18.359999999980232,2.04,20.39999999998023,100896.76800000007,2,TREND_08_SHORT_P65
2024-01-04 02:00:00+00:00,2024-01-04 02:15:00+00:00,3.496000000002679,0.003464927637724408,3.496000000002679,189,190,-1,0.46,16389.209,16387.859,16385.829,16387.179,16449.405875,1,signal_exit,31.095999999975902,6.256000000002679,24.839999999973223,2.7600000000000002,27.599999999973225,100900.26400000007,2,TREND_08_SHORT_P65
2024-01-04 12:00:00+00:00,2024-01-04 13:45:00+00:00,616.5899999999954,0.6110885894213269,616.5899999999954,229,236,-1,0.45,16362.509,16361.159,16290.999,16292.349,16391.255875,7,signal_exit,643.590000000002,619.2899999999954,24.30000000000655,2.7,27.000000000006548,101516.85400000006,2,TREND_08_SHORT_P65
2024-01-04 20:45:00+00:00,2024-01-04 21:00:00+00:00,295.9379999999952,0.29151612598238613,295.9379999999952,264,265,-1,0.41000000000000003,16321.919,16320.569,16282.829,16284.179,16396.54790625,1,signal_exit,320.5380000000012,298.39799999999525,22.140000000005955,2.46,24.600000000005956,101812.79200000006,2,TREND_08_SHORT_P65
2024-01-05 01:00:00+00:00,2024-01-05 03:15:00+00:00,26.18999999999214,0.025723683130104244,26.18999999999214,274,283,-1,0.45,16297.209,16295.859,16291.299,16292.649000000001,16355.899625000002,9,signal_exit,53.18999999999869,28.889999999992142,24.30000000000655,2.7,27.000000000006548,101838.98200000005,2,TREND_08_SHORT_P65
2024-01-05 08:15:00+00:00,2024-01-05 14:15:00+00:00,-229.93300000000514,-0.225780929349829,-229.93300000000514,303,327,-1,0.44,16260.909,16259.559,16284.03775,16285.38775,16284.03775,24,atr_stop,-203.5329999999987,-227.29300000000515,23.760000000006443,2.64,26.400000000006443,101609.04900000003,2,TREND_08_SHORT_P65
2024-01-08 09:15:00+00:00,2024-01-08 11:30:00+00:00,-255.47437499999998,-0.2514287630031848,-255.47437499999998,392,401,-1,0.39,16269.779,16268.429,16299.532125,16300.882125,16299.532125,9,atr_stop,-232.07437499999432,-253.134375,21.060000000005687,2.34,23.400000000005686,101353.57462500002,2,TREND_08_SHORT_P65
2024-01-09 09:30:00+00:00,2024-01-09 13:45:00+00:00,626.6040000000261,0.6182357181958406,626.6040000000261,481,498,-1,0.47000000000000003,16576.299,16574.949,16506.639,16507.988999999998,16595.774,17,signal_exit,654.8039999999986,629.424000000026,25.379999999972597,2.8200000000000003,28.199999999972597,101980.17862500004,2,TREND_08_SHORT_P65
2024-01-09 14:45:00+00:00,2024-01-09 15:00:00+00:00,-311.0207999999821,-0.304981619167057,-311.0207999999821,502,503,-1,0.48,16520.889,16519.539,16550.287,16551.637,16560.36478125,1,signal_exit,-282.22080000001006,-308.1407999999821,25.91999999997205,2.88,28.799999999972048,101669.15782500006,2,TREND_08_SHORT_P65
2024-01-16 04:45:00+00:00,2024-01-16 08:15:00+00:00,1007.4012000000632,0.9908621469394597,1007.4012000000632,890,904,-1,0.78,16753.164,16751.814000000002,16685.587,16686.936999999998,16783.369859375,14,signal_exit,1054.2012000000177,1012.0812000000633,42.119999999954416,4.68,46.799999999954416,102676.55902500013,2,TREND_08_SHORT_P65
2024-01-17 06:30:00+00:00,2024-01-17 11:30:00+00:00,-259.90040624997897,-0.25312535667142616,-259.90040624997897,986,1006,-1,0.38,16715.24,16713.890000000003,16746.437421875,16747.787421875,16746.437421875,20,atr_stop,-237.1004062500011,-257.620406249979,20.519999999977898,2.2800000000000002,22.7999999999779,102416.65861875015,2,TREND_08_SHORT_P65
2024-01-17 14:15:00+00:00,2024-01-17 14:45:00+00:00,719.1172000000207,0.7021486637998623,719.1172000000207,1017,1019,-1,0.37,16702.332,16700.982,16602.154,16603.503999999997,16752.725906249998,2,signal_exit,741.3171999999992,721.3372000000207,19.979999999978418,2.2199999999999998,22.199999999978417,103135.77581875017,2,TREND_08_SHORT_P65
2024-01-22 14:15:00+00:00,2024-01-22 14:30:00+00:00,-391.37414062497953,-0.3794746658160372,-391.37414062497953,1284,1285,-1,0.47000000000000003,17384.021,17382.671000000002,17422.656546875,17424.006546875,17422.656546875,1,atr_stop,-363.1741406250069,-388.5541406249795,25.379999999972597,2.8200000000000003,28.199999999972597,102744.40167812518,2,TREND_08_SHORT_P65
2024-01-22 23:15:00+00:00,2024-01-23 01:00:00+00:00,-124.3129999999587,-0.12099248033912641,-124.3129999999587,1313,1320,-1,0.43,17331.098,17329.748000000003,17342.553,17343.903,17409.432140625002,7,signal_exit,-98.51299999998373,-121.7329999999587,23.21999999997496,2.58,25.799999999974958,102620.08867812523,2,TREND_08_SHORT_P65
2024-01-23 08:45:00+00:00,2024-01-23 09:15:00+00:00,-289.2842656249686,-0.2818982806888114,-289.2842656249686,1351,1353,-1,0.47000000000000003,17309.864,17308.514000000003,17337.638921875,17338.988921875,17337.638921875,2,atr_stop,-261.0842656249959,-286.46426562496856,25.379999999972654,2.8200000000000003,28.199999999972654,102330.80441250026,2,TREND_08_SHORT_P65
2024-01-25 03:00:00+00:00,2024-01-25 03:45:00+00:00,-39.830399999973594,-0.038923176875865634,-39.830399999973594,1506,1509,-1,0.36,17482.265,17480.915,17484.797,17486.146999999997,17555.93,3,signal_exit,-18.23039999999455,-37.6703999999736,19.439999999979047,2.16,21.599999999979048,102290.97401250029,2,TREND_08_SHORT_P65
2024-01-26 06:30:00+00:00,2024-01-26 09:45:00+00:00,-365.24812499998956,-0.3570677946182769,-365.24812499998956,1609,1622,-1,0.4,17371.253,17369.903000000002,17413.909015625002,17415.259015625,17413.909015625002,13,atr_stop,-341.24812500001286,-362.8481249999896,21.599999999976717,2.4000000000000004,23.999999999976716,101925.7258875003,2,TREND_08_SHORT_P65
2024-01-29 00:00:00+00:00,2024-01-29 03:00:00+00:00,-422.3771999999884,-0.41439704875507466,-422.3771999999884,1672,1684,-1,0.37,17367.709,17366.359,17421.787,17423.137,17448.841109375,12,signal_exit,-400.1772000000099,-420.1571999999884,19.979999999978475,2.2199999999999998,22.199999999978473,101503.34868750031,2,TREND_08_SHORT_P65
2024-01-30 07:30:00+00:00,2024-01-30 08:30:00+00:00,-235.5839999999822,-0.23209480578347988,-235.5839999999822,1791,1795,-1,0.6,17571.976,17570.626,17588.608,17589.958,17595.729828125,4,signal_exit,-199.5840000000171,-231.9839999999822,32.399999999965075,3.5999999999999996,35.99999999996508,101267.76468750033,2,TREND_08_SHORT_P65
2024-01-31 13:45:00+00:00,2024-01-31 15:45:00+00:00,794.6934000000188,0.7847446840091152,794.6934000000188,1905,1913,-1,0.37,17306.71,17305.36,17196.319,17197.668999999998,17355.79765625,8,signal_exit,816.8933999999972,796.9134000000188,19.979999999978418,2.2199999999999998,22.199999999978417,102062.45808750034,2,TREND_08_SHORT_P65
2024-02-06 12:15:00+00:00,2024-02-06 13:00:00+00:00,-286.6719374999694,-0.2808789273468207,-286.6719374999694,2255,2258,-1,0.39,17604.389,17603.039,17638.1418125,17639.491812499997,17638.1418125,3,atr_stop,-263.2719374999921,-284.33193749996934,21.059999999977265,2.34,23.399999999977265,101775.78615000038,2,TREND_08_SHORT_P65
2024-02-08 11:45:00+00:00,2024-02-08 14:30:00+00:00,-242.57801562496854,-0.2383455090854807,-242.57801562496854,2431,2442,-1,0.47000000000000003,17730.765,17729.415,17753.571171875,17754.921171874998,17753.571171875,11,atr_stop,-214.37801562499592,-239.75801562496855,25.379999999972625,2.8200000000000003,28.199999999972626,101533.20813437541,2,TREND_08_SHORT_P65
2024-02-13 02:30:00+00:00,2024-02-13 03:00:00+00:00,-60.19519999993675,-0.05928621886966345,-60.19519999993675,2661,2663,-1,0.52,17853.543,17852.193000000003,17856.331,17857.680999999997,17909.846203125002,2,signal_exit,-28.995199999967006,-57.07519999993674,28.079999999969736,3.12,31.199999999969737,101473.01293437548,2,TREND_08_SHORT_P65
2024-02-13 09:00:00+00:00,2024-02-13 12:15:00+00:00,680.8942000000221,0.671010133936172,680.8942000000221,2687,2700,-1,0.49,17815.71,17814.36,17743.231,17744.581,17837.833828125,13,signal_exit,710.2941999999938,683.8342000000222,26.459999999971615,2.94,29.399999999971616,102153.9071343755,2,TREND_08_SHORT_P65
2024-02-13 13:00:00+00:00,2024-02-13 13:45:00+00:00,1468.8240000000385,1.4378539609531675,1468.8240000000385,2703,2706,-1,0.49,17755.875,17754.525,17602.995,17604.344999999998,17792.647109375,3,signal_exit,1498.22400000001,1471.7640000000385,26.459999999971387,2.94,29.39999999997139,103622.73113437554,2,TREND_08_SHORT_P65
2024-02-14 01:30:00+00:00,2024-02-14 02:45:00+00:00,11.472000000028638,0.01107092997303074,11.472000000028638,2746,2751,-1,0.24,17603.919,17602.569000000003,17598.529,17599.878999999997,17682.0699375,5,signal_exit,25.872000000014665,12.91200000002864,12.959999999986026,1.44,14.399999999986026,103634.20313437557,2,TREND_08_SHORT_P65
2024-02-19 02:45:00+00:00,2024-02-19 03:15:00+00:00,-33.76759999998379,-0.03258345119535448,-33.76759999998379,3018,3020,-1,0.29,17710.321,17708.971,17713.143,17714.493,17778.80334375,2,signal_exit,-16.367600000000674,-32.02759999998379,15.659999999983118,1.7399999999999998,17.399999999983116,103600.43553437559,2,TREND_08_SHORT_P65
2024-02-20 01:15:00+00:00,2024-02-20 02:00:00+00:00,449.9498000000462,0.4343126529142328,449.9498000000462,3088,3091,-1,0.47000000000000003,17674.487,17673.137000000002,17623.62,17624.969999999998,17704.439265625002,3,signal_exit,478.1498000000189,452.76980000004625,25.379999999972654,2.8200000000000003,28.199999999972654,104050.38533437563,2,TREND_08_SHORT_P65
2024-02-20 06:15:00+00:00,2024-02-20 08:30:00+00:00,501.2612000000788,0.4817485282627538,501.2612000000788,3108,3117,-1,0.74,17638.753,17637.403000000002,17601.884,17603.233999999997,17673.500812500002,9,signal_exit,545.6612000000357,505.70120000007887,39.959999999956835,4.4399999999999995,44.39999999995683,104551.64653437572,2,TREND_08_SHORT_P65
2024-02-21 08:45:00+00:00,2024-02-21 12:30:00+00:00,-29.534399999971505,-0.02824862255063658,-29.534399999971505,3207,3222,-1,0.36,17468.898,17467.548000000003,17470.0,17471.35,17499.362375,15,signal_exit,-7.934399999992457,-27.374399999971505,19.439999999979047,2.16,21.599999999979048,104522.11213437574,2,TREND_08_SHORT_P65
2024-02-21 13:00:00+00:00,2024-02-21 16:15:00+00:00,-233.42639999997746,-0.22332728954030295,-233.42639999997746,3224,3237,-1,0.38,17428.085,17426.735,17455.799,17457.148999999998,17472.279062499998,13,signal_exit,-210.62639999999953,-231.1463999999775,20.519999999977955,2.2800000000000002,22.799999999977956,104288.68573437576,2,TREND_08_SHORT_P65
2024-02-23 09:45:00+00:00,2024-02-23 11:15:00+00:00,-280.5375624999713,-0.26900095683869585,-280.5375624999713,3389,3395,-1,0.52,17955.121,17953.771,17979.095765625,17980.445765624998,17979.095765625,6,atr_stop,-249.33756250000152,-277.41756249997127,28.079999999969743,3.12,31.199999999969744,104008.14817187579,2,TREND_08_SHORT_P65
2024-02-26 02:45:00+00:00,2024-02-26 05:15:00+00:00,60.5698000000378,0.058235629673883675,60.5698000000378,3450,3460,-1,0.43,17915.686,17914.336000000003,17905.643,17906.993,17976.760296875,10,signal_exit,86.36980000001277,63.1498000000378,23.219999999974974,2.58,25.799999999974972,104068.71797187583,2,TREND_08_SHORT_P65
2024-02-27 01:30:00+00:00,2024-02-27 03:00:00+00:00,98.98280000002735,0.0951129233923849,98.98280000002735,3534,3540,-1,0.58,17914.62,17913.27,17903.087,17904.436999999998,17972.169140625,6,signal_exit,133.78279999999359,102.46280000002734,31.319999999966242,3.4799999999999995,34.79999999996624,104167.70077187585,2,TREND_08_SHORT_P65
2024-02-27 06:00:00+00:00,2024-02-27 06:30:00+00:00,-15.574399999979068,-0.014951275572537153,-15.574399999979068,3552,3554,-1,0.62,17893.586,17892.236,17891.842,17893.192,17922.766781249997,2,signal_exit,21.625599999984846,-11.85439999997907,33.479999999963916,3.7199999999999998,37.199999999963914,104152.12637187587,2,TREND_08_SHORT_P65
2024-02-28 08:45:00+00:00,2024-02-28 16:45:00+00:00,-153.48479999998352,-0.14736597834975065,-153.48479999998352,3652,3684,-1,0.48,17914.287,17912.937,17927.275,17928.625,17937.23684375,32,signal_exit,-124.68480000001145,-150.60479999998353,25.919999999972077,2.88,28.799999999972076,103998.64157187588,2,TREND_08_SHORT_P65
2024-02-29 03:15:00+00:00,2024-02-29 04:15:00+00:00,-115.34399999997173,-0.11090914098166832,-115.34399999997173,3719,3723,-1,0.54,17863.774,17862.424000000003,17871.454,17872.804,17909.7605625,4,signal_exit,-82.94400000000316,-112.10399999997172,29.159999999968562,3.24,32.399999999968564,103883.29757187591,2,TREND_08_SHORT_P65
2024-02-29 12:30:00+00:00,2024-02-29 13:30:00+00:00,-428.29637499995766,-0.4122860796786156,-428.29637499995766,3756,3760,-1,0.52,17830.951,17829.601000000002,17869.13334375,17870.48334375,17869.13334375,4,atr_stop,-397.0963749999879,-425.17637499995766,28.079999999969743,3.12,31.199999999969744,103455.00119687595,2,TREND_08_SHORT_P65
2024-03-01 10:30:00+00:00,2024-03-01 10:30:00+00:00,-195.90315624997805,-0.18936074040265324,-195.90315624997805,3837,3837,-1,0.29,18002.008,18000.658000000003,18032.78440625,18034.13440625,18032.78440625,0,atr_stop,-178.50315624999493,-194.16315624997804,15.659999999983114,1.7399999999999998,17.399999999983113,103259.09804062598,2,TREND_08_SHORT_P65
2024-03-05 03:15:00+00:00,2024-03-05 04:45:00+00:00,-179.88899999995206,-0.17421128347371098,-179.88899999995206,3986,3992,-1,0.61,18162.175,18160.825,18173.92,18175.269999999997,18208.759453125,6,signal_exit,-143.2889999999876,-176.22899999995204,32.93999999996444,3.66,36.59999999996444,103079.20904062602,2,TREND_08_SHORT_P65
2024-03-05 07:45:00+00:00,2024-03-05 13:15:00+00:00,-96.52799999994167,-0.09364449038592995,-96.52799999994167,4004,4026,-1,0.6,18133.11,18131.760000000002,18138.154,18139.503999999997,18159.782890625,22,signal_exit,-60.5279999999766,-92.92799999994168,32.399999999965075,3.5999999999999996,35.99999999996508,102982.68104062608,2,TREND_08_SHORT_P65
2024-03-07 01:45:00+00:00,2024-03-07 06:00:00+00:00,-6.999599999993807,-0.0067968710168193275,-6.999599999993807,4158,4175,-1,0.38,17957.032,17955.682,17954.953,17956.303,18049.902390625,17,signal_exit,15.800399999984075,-4.7195999999938065,20.51999999997788,2.2800000000000002,22.79999999997788,102975.68144062608,2,TREND_08_SHORT_P65
2024-03-08 02:30:00+00:00,2024-03-08 03:00:00+00:00,6.99720000004425,0.006795002375467365,6.99720000004425,4250,4252,-1,0.42,18247.562,18246.212000000003,18243.729,18245.078999999998,18301.1473125,2,signal_exit,32.1972000000198,9.51720000004425,22.67999999997555,2.52,25.19999999997555,102982.67864062614,2,TREND_08_SHORT_P65
2024-03-11 01:30:00+00:00,2024-03-11 02:45:00+00:00,64.58880000000586,0.06271812003006681,64.58880000000586,4338,4343,-1,0.24,18018.231,18016.881,18001.775,18003.125,18133.637015625,5,signal_exit,78.9887999999919,66.02880000000586,12.959999999986039,1.44,14.399999999986038,103047.26744062614,2,TREND_08_SHORT_P65
2024-03-11 14:30:00+00:00,2024-03-11 14:45:00+00:00,-398.7128906249878,-0.38692233237016066,-398.7128906249878,4390,4391,-1,0.21,17912.709,17911.359,18004.640640625,18005.990640624997,18004.640640625,1,atr_stop,-386.11289062500003,-397.4528906249878,11.339999999987754,1.26,12.599999999987753,102648.55455000115,2,TREND_08_SHORT_P65
2024-03-13 14:00:00+00:00,2024-03-13 14:45:00+00:00,-270.2113593749945,-0.2632393223261335,-270.2113593749945,4566,4569,-1,0.27,18079.386,18078.036,18126.425140625,18127.775140625,18126.425140625,3,atr_stop,-254.01135937501027,-268.5913593749945,14.579999999984238,1.62,16.19999999998424,102378.34319062615,2,TREND_08_SHORT_P65
2024-03-15 19:30:00+00:00,2024-03-18 01:30:00+00:00,-37.962599999979425,-0.03708069384292918,-37.962599999979425,4766,4783,-1,0.31,17842.253,17840.903000000002,17845.376,17846.726,17947.524484375,17,signal_exit,-19.362599999997474,-36.102599999979425,16.73999999998195,1.8599999999999999,18.59999999998195,102340.38059062618,2,TREND_08_SHORT_P65
2024-03-19 02:00:00+00:00,2024-03-19 02:45:00+00:00,-132.3785999999727,-0.12935128757191455,-132.3785999999727,4874,4877,-1,0.37,17922.143,17920.793,17937.032,17938.381999999998,17982.481046875,3,signal_exit,-110.17859999999418,-130.15859999997267,19.97999999997849,2.2199999999999998,22.199999999978488,102208.00199062622,2,TREND_08_SHORT_P65
2024-03-22 00:45:00+00:00,2024-03-22 02:30:00+00:00,205.3688000000476,0.20093221274287565,205.3688000000476,5136,5143,-1,0.49,18342.309,18340.959000000003,18318.353,18319.702999999998,18401.245640625002,7,signal_exit,234.76880000001913,208.3088000000476,26.45999999997153,2.94,29.39999999997153,102413.37079062626,2,TREND_08_SHORT_P65
2024-03-22 03:00:00+00:00,2024-03-22 06:00:00+00:00,-514.4808593749716,-0.5023571193909587,-514.4808593749716,5145,5157,-1,0.49,18295.586,18294.236,18345.084046875,18346.434046874998,18345.084046875,12,atr_stop,-485.080859375,-511.54085937497155,26.459999999971558,2.94,29.39999999997156,101898.88993125128,2,TREND_08_SHORT_P65
2024-03-25 10:15:00+00:00,2024-03-25 13:30:00+00:00,531.694800000029,0.5217866459180769,531.694800000029,5263,5276,-1,0.54,18274.82,18273.47,18222.589,18223.939,18303.985859375,13,signal_exit,564.0947999999976,534.934800000029,29.15999999996859,3.24,32.39999999996859,102430.5847312513,2,TREND_08_SHORT_P65
2024-03-27 01:45:00+00:00,2024-03-27 02:00:00+00:00,-111.34799999994344,-0.1087058131046395,-111.34799999994344,5407,5408,-1,0.54,18256.898,18255.548000000003,18264.208,18265.557999999997,18297.768546875,1,signal_exit,-78.94799999997485,-108.10799999994343,29.159999999968576,3.24,32.39999999996858,102319.23673125137,2,TREND_08_SHORT_P65
2024-03-28 09:45:00+00:00,2024-03-28 10:00:00+00:00,-212.98795312497256,-0.20816022473310694,-212.98795312497256,5528,5529,-1,0.41000000000000003,18246.174,18244.824,18269.148140625,18270.498140624997,18269.148140625,1,atr_stop,-188.38795312499644,-210.52795312497258,22.13999999997614,2.46,24.59999999997614,102106.24877812639,2,TREND_08_SHORT_P65
2024-04-01 12:30:00+00:00,2024-04-01 14:30:00+00:00,-217.44610937497742,-0.21296062873436952,-217.44610937497742,5620,5628,-1,0.37,18318.854,18317.504,18345.238609375,18346.588609374998,18345.238609375,8,atr_stop,-195.24610937499895,-215.2261093749774,19.979999999978446,2.2199999999999998,22.199999999978445,101888.8026687514,2,TREND_08_SHORT_P65
2024-04-01 20:00:00+00:00,2024-04-01 23:00:00+00:00,-176.33999999997906,-0.17307102977083202,-176.33999999997906,5650,5655,-1,0.3,18258.22,18256.870000000003,18284.61,18285.96,18340.030078125,5,signal_exit,-158.3399999999965,-174.53999999997905,16.199999999982538,1.7999999999999998,17.99999999998254,101712.46266875144,2,TREND_08_SHORT_P65
2024-04-02 20:30:00+00:00,2024-04-03 00:00:00+00:00,-185.40199999998092,-0.18228051424119232,-185.40199999998092,5741,5748,-1,0.41000000000000003,18102.587,18101.237,18122.197,18123.547,18175.4845,7,signal_exit,-160.80200000000477,-182.94199999998094,22.13999999997617,2.46,24.59999999997617,101527.06066875147,2,TREND_08_SHORT_P65
2024-04-03 09:15:00+00:00,2024-04-03 13:00:00+00:00,-283.25939062496786,-0.2789989080341326,-283.25939062496786,5785,5800,-1,0.41000000000000003,18077.643,18076.293,18109.186828125,18110.536828124998,18109.186828125,15,atr_stop,-258.65939062499166,-280.7993906249678,22.13999999997617,2.46,24.59999999997617,101243.8012781265,2,TREND_08_SHORT_P65
2024-04-05 02:45:00+00:00,2024-04-05 04:00:00+00:00,-57.721999999990075,-0.057012873154991636,-57.721999999990075,5937,5942,-1,0.31,17887.354,17886.004,17893.664,17895.014,17975.35540625,5,signal_exit,-39.12200000000812,-55.861999999990076,16.739999999981954,1.8599999999999999,18.599999999981954,101186.07927812652,2,TREND_08_SHORT_P65
2024-04-09 09:00:00+00:00,2024-04-09 09:15:00+00:00,-226.87673437497625,-0.22421733897937515,-226.87673437497625,6140,6141,-1,0.43,18083.286,18081.936,18106.667015625,18108.017015625,18106.667015625,1,atr_stop,-201.07673437500125,-224.29673437497627,23.219999999975016,2.58,25.799999999975014,100959.20254375155,2,TREND_08_SHORT_P65
2024-04-09 20:15:00+00:00,2024-04-09 20:15:00+00:00,-616.7039999999722,-0.6108447615092029,-616.7039999999722,6185,6185,-1,0.33,18040.886,18039.536,18131.325999999997,18132.675999999996,18131.325999999997,0,atr_stop,-596.9039999999915,-614.7239999999722,17.819999999980723,1.98,19.799999999980724,100342.49854375157,2,TREND_08_SHORT_P65
2024-04-10 18:00:00+00:00,2024-04-11 00:00:00+00:00,35.16600000001344,0.035045968069730975,35.16600000001344,6265,6282,-1,0.15,18008.376,18007.026,17993.654,17995.003999999997,18131.444671875,17,signal_exit,44.166000000004715,36.066000000013446,8.099999999991269,0.8999999999999999,8.99999999999127,100377.66454375158,2,TREND_08_SHORT_P65
2024-04-12 11:30:00+00:00,2024-04-12 13:45:00+00:00,567.2318000000042,0.5650976266266536,567.2318000000042,6417,6426,-1,0.31,18235.797,18234.447,18141.308,18142.658,18266.642859375,9,signal_exit,585.8317999999862,569.0918000000041,16.739999999982047,1.8599999999999999,18.599999999982046,100944.89634375159,2,TREND_08_SHORT_P65
2024-04-15 00:30:00+00:00,2024-04-15 01:45:00+00:00,-11.521799999956711,-0.01141395000369417,-11.521799999956711,6462,6467,-1,0.37,18062.132,18060.782000000003,18060.689,18062.038999999997,18157.597468750002,5,signal_exit,10.678200000021752,-9.301799999956712,19.979999999978464,2.2199999999999998,22.199999999978463,100933.37454375163,2,TREND_08_SHORT_P65
2024-04-16 00:45:00+00:00,2024-04-16 01:00:00+00:00,-4.2767999999912,-0.004237250581706583,-4.2767999999912,6552,6553,-1,0.27,17702.697,17701.347,17700.489,17701.839,17813.626765625002,1,signal_exit,11.923199999993086,-2.656799999991199,14.579999999984285,1.62,16.199999999984286,100929.09774375164,2,TREND_08_SHORT_P65
2024-04-16 04:15:00+00:00,2024-04-16 07:15:00+00:00,-194.86979999998178,-0.19307593583639843,-194.86979999998178,6566,6578,-1,0.27,17652.91,17651.56,17685.997,17687.346999999998,17723.29734375,12,signal_exit,-178.6697999999975,-193.24979999998178,14.579999999984267,1.62,16.199999999984268,100734.22794375166,2,TREND_08_SHORT_P65
2024-04-17 07:15:00+00:00,2024-04-17 08:15:00+00:00,-280.7469999999785,-0.2787007015696225,-280.7469999999785,6667,6671,-1,0.32,17651.987,17650.637000000002,17692.85371875,17694.20371875,17692.85371875,4,atr_stop,-261.54699999999724,-278.82699999997857,17.279999999981328,1.92,19.19999999998133,100453.48094375167,2,TREND_08_SHORT_P65
2024-04-18 02:15:00+00:00,2024-04-18 02:30:00+00:00,-9.895199999982724,-0.009850529724822062,-9.895199999982724,6736,6737,-1,0.28,17544.465,17543.115,17543.232,17544.582,17632.763750000002,1,signal_exit,6.9048000000009795,-8.215199999982724,15.119999999983705,1.6800000000000002,16.799999999983704,100443.58574375168,2,TREND_08_SHORT_P65
2024-04-18 10:45:00+00:00,2024-04-18 14:45:00+00:00,598.229400000017,0.5955874589405835,598.229400000017,6770,6786,-1,0.29,17545.864,17544.514000000003,17439.721,17441.071,17584.642281250002,16,signal_exit,615.6294000000001,599.969400000017,15.659999999983143,1.7399999999999998,17.39999999998314,101041.81514375171,2,TREND_08_SHORT_P65
2024-04-19 00:15:00+00:00,2024-04-19 02:15:00+00:00,981.8516000000137,0.9717279906374783,981.8516000000137,6817,6825,-1,0.38,17372.12,17370.77,17239.929,17241.279,17476.6940625,8,signal_exit,1004.6515999999917,984.1316000000137,20.51999999997804,2.2800000000000002,22.79999999997804,102023.66674375172,2,TREND_08_SHORT_P65
2024-04-19 07:45:00+00:00,2024-04-19 10:30:00+00:00,-97.86919999998442,-0.09592793821633377,-97.86919999998442,6847,6858,-1,0.26,17274.787,17273.437,17290.608,17291.958,17377.386375000002,11,signal_exit,-82.26919999999956,-96.30919999998441,14.039999999984857,1.56,15.599999999984858,101925.79754375173,2,TREND_08_SHORT_P65
2024-04-22 01:45:00+00:00,2024-04-22 03:15:00+00:00,-127.88599999999744,-0.1254697074556638,-127.88599999999744,6912,6918,-1,0.22,17072.743,17071.393,17098.808,17100.158,17183.151515625,6,signal_exit,-114.68600000001025,-126.56599999999744,11.879999999987191,1.32,13.199999999987192,101797.91154375173,2,TREND_08_SHORT_P65
2024-04-29 11:15:00+00:00,2024-04-29 11:45:00+00:00,-174.61919999997946,-0.17153514974119075,-174.61919999997946,7392,7394,-1,0.42,17750.12,17748.77,17767.908,17769.257999999998,17778.910703125,2,signal_exit,-149.4192000000039,-172.09919999997948,22.679999999975564,2.52,25.199999999975564,101623.29234375176,2,TREND_08_SHORT_P65
2024-04-30 10:15:00+00:00,2024-04-30 11:45:00+00:00,-240.81337499998972,-0.23696671249875717,-240.81337499998972,7477,7483,-1,0.44,17740.0,17738.65,17764.36515625,17765.71515625,17764.36515625,6,atr_stop,-214.4133750000154,-238.17337499998973,23.759999999974326,2.64,26.399999999974327,101382.47896875176,2,TREND_08_SHORT_P65
2024-05-01 10:30:00+00:00,2024-05-01 12:15:00+00:00,-209.4023749999772,-0.20654690744395734,-209.4023749999772,7567,7574,-1,0.28,17312.31,17310.960000000003,17346.70328125,17348.05328125,17346.70328125,7,atr_stop,-192.6023749999935,-207.7223749999772,15.119999999983719,1.6800000000000002,16.79999999998372,101173.07659375179,2,TREND_08_SHORT_P65
2024-05-02 15:15:00+00:00,2024-05-02 15:30:00+00:00,-257.3310937499843,-0.25434740388815696,-257.3310937499843,7675,7676,-1,0.18,17340.776,17339.426000000003,17409.256859375,17410.606859375,17409.256859375,1,atr_stop,-246.53109374999474,-256.25109374998425,9.719999999989511,1.08,10.799999999989511,100915.74550000181,2,TREND_08_SHORT_P65
2024-05-08 12:30:00+00:00,2024-05-08 13:15:00+00:00,442.1718000000362,0.43815937523845416,442.1718000000362,8020,8023,-1,0.5700000000000001,18051.419,18050.069000000003,18009.632,18010.982,18077.379703125003,3,signal_exit,476.3718000000031,445.5918000000362,30.77999999996689,3.4200000000000004,34.19999999996689,101357.91730000183,2,TREND_08_SHORT_P65
2024-05-08 20:00:00+00:00,2024-05-08 20:45:00+00:00,-179.3183999999729,-0.17691602666738068,-179.3183999999729,8050,8053,-1,0.48,18068.408,18067.058,18084.087,18085.436999999998,18131.42471875,3,signal_exit,-150.51840000000084,-176.43839999997292,25.919999999972077,2.88,28.799999999972076,101178.59890000186,2,TREND_08_SHORT_P65
2024-05-09 08:45:00+00:00,2024-05-09 11:15:00+00:00,-249.17324999996143,-0.24627070616606142,-249.17324999996143,8094,8104,-1,0.51,18031.221,18029.871000000003,18052.64975,18053.99975,18052.64975,10,atr_stop,-218.5732499999911,-246.11324999996143,27.53999999997032,3.06,30.59999999997032,100929.4256500019,2,TREND_08_SHORT_P65
2024-05-17 02:00:00+00:00,2024-05-17 02:30:00+00:00,-108.3015999999686,-0.10730428643825991,-108.3015999999686,8601,8603,-1,0.62,18560.976,18559.626,18566.71,18568.059999999998,18608.458968749997,2,signal_exit,-71.1016000000047,-104.5815999999686,33.47999999996391,3.7199999999999998,37.19999999996391,100821.12405000193,2,TREND_08_SHORT_P65
2024-05-17 09:30:00+00:00,2024-05-17 10:00:00+00:00,-273.28476562496445,-0.27105903470132875,-273.28476562496445,8631,8633,-1,0.61,18530.232,18528.882,18549.632390625,18550.982390625,18549.632390625,2,atr_stop,-236.684765625,-269.6247656249645,32.93999999996447,3.66,36.59999999996447,100547.83928437697,2,TREND_08_SHORT_P65
2024-05-20 14:00:00+00:00,2024-05-20 14:30:00+00:00,-298.99634374996793,-0.2973672491403062,-298.99634374996793,8738,8740,-1,0.58,18561.576,18560.226000000002,18584.351546875,18585.701546875,18584.351546875,2,atr_stop,-264.1963437500017,-295.5163437499679,31.319999999966228,3.4799999999999995,34.799999999966225,100248.842940627,2,TREND_08_SHORT_P65
2024-05-21 14:45:00+00:00,2024-05-21 15:15:00+00:00,-288.49285937499434,-0.28777674725468505,-288.49285937499434,8830,8832,-1,0.49,18618.142,18616.792,18644.580046875002,18645.930046875,18644.580046875002,2,atr_stop,-259.09285937502284,-285.5528593749943,26.459999999971444,2.94,29.399999999971445,99960.350081252,2,TREND_08_SHORT_P65
2024-05-24 01:00:00+00:00,2024-05-24 02:30:00+00:00,-138.06239999997607,-0.1381171633430186,-138.06239999997607,9042,9048,-1,0.28,18628.965,18627.615,18650.619,18651.968999999997,18722.605078125,6,signal_exit,-121.26239999999235,-136.38239999997606,15.119999999983705,1.6800000000000002,16.799999999983704,99822.28768125204,2,TREND_08_SHORT_P65
2024-05-27 03:30:00+00:00,2024-05-27 03:45:00+00:00,-41.773599999968,-0.04184796899601975,-41.773599999968,9141,9142,-1,0.47000000000000003,18775.521,18774.171000000002,18776.965,18778.315,18814.062093750003,1,signal_exit,-13.57359999999535,-38.953599999968,25.379999999972647,2.8200000000000003,28.199999999972647,99780.51408125207,2,TREND_08_SHORT_P65
2024-05-29 09:30:00+00:00,2024-05-29 15:00:00+00:00,-32.709799999987595,-0.03278175132807168,-32.709799999987595,9330,9352,-1,0.41000000000000003,18763.887,18762.537,18764.876,18766.226,18798.948718749998,22,signal_exit,-8.109800000011456,-30.249799999987598,22.13999999997614,2.46,24.59999999997614,99747.80428125209,2,TREND_08_SHORT_P65
2024-05-30 03:30:00+00:00,2024-05-30 04:30:00+00:00,173.1840000000282,0.17362186691519851,173.1840000000282,9395,9399,-1,0.44,18641.909,18640.559,18619.229,18620.578999999998,18693.689546874997,4,signal_exit,199.5840000000026,175.82400000002818,23.75999999997441,2.64,26.399999999974412,99920.98828125211,2,TREND_08_SHORT_P65
2024-05-31 03:30:00+00:00,2024-05-31 09:30:00+00:00,-149.23440000000292,-0.14935240590289814,-149.23440000000292,9484,9508,-1,0.42,18490.831,18489.481,18505.597,18506.947,18552.524828125,24,signal_exit,-124.03440000002739,-146.71440000000294,22.67999999997555,2.52,25.19999999997555,99771.75388125211,2,TREND_08_SHORT_P65
2024-06-04 09:00:00+00:00,2024-06-04 13:30:00+00:00,153.80400000000662,0.1541558547553082,153.80400000000662,9684,9702,-1,0.3,18570.82,18569.47,18542.186,18543.536,18602.22703125,18,signal_exit,171.80399999998917,155.60400000000664,16.199999999982538,1.7999999999999998,17.99999999998254,99925.55788125213,2,TREND_08_SHORT_P65
2024-06-04 14:45:00+00:00,2024-06-04 15:45:00+00:00,-168.2057999999843,-0.16833110924421749,-168.2057999999843,9707,9711,-1,0.29,18568.653,18567.303,18594.654,18596.003999999997,18632.980812499998,4,signal_exit,-150.80580000000117,-166.46579999998428,15.659999999983114,1.7399999999999998,17.399999999983113,99757.35208125215,2,TREND_08_SHORT_P65
2024-06-10 01:30:00+00:00,2024-06-10 02:00:00+00:00,-86.44859999997456,-0.08665887595889911,-86.44859999997456,10010,10012,-1,0.27,18982.699,18981.349000000002,18995.708,18997.057999999997,19066.60821875,2,signal_exit,-70.24859999999026,-84.82859999997456,14.579999999984295,1.62,16.199999999984296,99670.90348125217,2,TREND_08_SHORT_P65
2024-06-11 10:15:00+00:00,2024-06-11 15:15:00+00:00,-278.93015624999254,-0.2798511365982135,-278.93015624999254,10134,10154,-1,0.51,19033.197,19031.847,19057.543093750002,19058.89309375,19057.543093750002,20,atr_stop,-248.33015625002227,-275.8701562499926,27.53999999997032,3.06,30.59999999997032,99391.97332500218,2,TREND_08_SHORT_P65
2024-06-13 15:30:00+00:00,2024-06-13 17:30:00+00:00,332.45640000000975,0.3344901895778941,332.45640000000975,10333,10341,-1,0.27,19546.653,19545.303,19482.087,19483.436999999998,19606.307140625,8,signal_exit,348.65639999999405,334.07640000000976,14.579999999984295,1.62,16.199999999984296,99724.42972500219,2,TREND_08_SHORT_P65
2024-06-21 00:30:00+00:00,2024-06-21 02:45:00+00:00,162.87480000001844,0.16332487480666297,162.87480000001844,10794,10803,-1,0.33,19801.586,19800.236,19773.908,19775.257999999998,19903.16084375,9,signal_exit,182.67479999999924,164.85480000001846,17.81999999998078,1.98,19.79999999998078,99887.30452500221,2,TREND_08_SHORT_P65
2024-06-21 09:30:00+00:00,2024-06-21 10:30:00+00:00,-247.31489062498852,-0.24759391776668135,-247.31489062498852,10830,10834,-1,0.33,19700.908,19699.558,19735.379953125,19736.729953125,19735.379953125,4,atr_stop,-227.5148906250077,-245.3348906249885,17.81999999998081,1.98,19.79999999998081,99639.98963437721,2,TREND_08_SHORT_P65
2024-06-24 00:00:00+00:00,2024-06-24 00:30:00+00:00,-86.73539999998859,-0.08704878464786957,-86.73539999998859,10881,10883,-1,0.37,19739.887,19738.537,19748.608,19749.958,19821.866296875,2,signal_exit,-64.53540000001013,-84.51539999998859,19.97999999997846,2.2199999999999998,22.19999999997846,99553.25423437722,2,TREND_08_SHORT_P65
2024-06-24 02:45:00+00:00,2024-06-24 06:30:00+00:00,-329.5799999999895,-0.3310589920285907,-329.5799999999895,10892,10907,-1,0.36,19668.589,19667.239,19711.364,19712.714,19725.833296875,15,signal_exit,-307.9800000000105,-327.41999999998956,19.43999999997908,2.16,21.59999999997908,99223.67423437723,2,TREND_08_SHORT_P65
2024-06-24 11:15:00+00:00,2024-06-24 14:15:00+00:00,386.613000000014,0.3896378590927721,386.613000000014,10926,10938,-1,0.37,19677.209,19675.859,19621.964,19623.314,19713.370406249996,12,signal_exit,408.8129999999924,388.833000000014,19.979999999978418,2.2199999999999998,22.199999999978417,99610.28723437725,2,TREND_08_SHORT_P65
2024-06-25 02:00:00+00:00,2024-06-25 02:45:00+00:00,-126.57479999998003,-0.12707000804259994,-126.57479999998003,10978,10981,-1,0.33,19484.387,19483.037,19500.565,19501.914999999997,19554.094890624998,3,signal_exit,-106.77479999999923,-124.59479999998004,17.81999999998081,1.98,19.79999999998081,99483.71243437726,2,TREND_08_SHORT_P65
2024-06-25 08:30:00+00:00,2024-06-25 09:15:00+00:00,-202.1224218749904,-0.20317137039725677,-202.1224218749904,11004,11007,-1,0.33,19481.487,19480.137000000002,19509.111609375002,19510.461609375,19509.111609375002,3,atr_stop,-182.3224218750096,-200.1424218749904,17.81999999998078,1.98,19.79999999998078,99281.59001250226,2,TREND_08_SHORT_P65
2024-06-28 14:00:00+00:00,2024-06-28 14:45:00+00:00,-281.6060624999832,-0.28364378780045857,-281.6060624999832,11293,11296,-1,0.36,19829.853,19828.503,19865.964953125,19867.314953125,19865.964953125,3,atr_stop,-260.0060625000042,-279.4460624999832,19.439999999979023,2.16,21.599999999979023,98999.98395000228,2,TREND_08_SHORT_P65
2024-07-01 02:00:00+00:00,2024-07-01 03:00:00+00:00,-55.441799999983346,-0.056001827260884186,-55.441799999983346,11334,11338,-1,0.27,19738.631,19737.281000000003,19745.898,19747.248,19830.411546875002,4,signal_exit,-39.24179999999906,-53.82179999998334,14.579999999984281,1.62,16.199999999984282,98944.5421500023,2,TREND_08_SHORT_P65
2024-07-01 10:00:00+00:00,2024-07-01 12:00:00+00:00,-225.40212499997958,-0.22780652687064293,-225.40212499997958,11366,11374,-1,0.26,19682.264,19680.914,19722.6105625,19723.960562499997,19722.6105625,8,atr_stop,-209.8021249999947,-223.84212499997957,14.039999999984872,1.56,15.599999999984872,98719.14002500231,2,TREND_08_SHORT_P65
2024-07-01 15:00:00+00:00,2024-07-01 15:15:00+00:00,291.5450000000019,0.29532773474947527,291.5450000000019,11386,11387,-1,0.25,19642.708,19641.358,19581.399,19582.749,19709.396671874998,1,signal_exit,306.54499999998734,293.0450000000019,13.499999999985448,1.5,14.999999999985448,99010.68502500231,2,TREND_08_SHORT_P65
2024-07-03 14:00:00+00:00,2024-07-03 14:30:00+00:00,-293.2851718749679,-0.29328517187496783,-293.2851718749679,148,150,-1,0.41000000000000003,19976.82,19975.47,20009.586484375,20010.936484374997,20009.586484375,2,atr_stop,-268.6851718749917,-290.82517187496785,22.13999999997617,2.46,24.59999999997617,99706.71482812504,3,TREND_08_SHORT_P65
2024-07-09 14:15:00+00:00,2024-07-09 14:30:00+00:00,-42.44219999998707,-0.042567042824697573,-42.44219999998707,480,481,-1,0.5700000000000001,20496.175,20494.825,20496.898,20498.248,20522.851484375,1,signal_exit,-8.24220000002024,-39.022199999987066,30.779999999966826,3.4200000000000004,34.19999999996683,99664.27262812505,3,TREND_08_SHORT_P65
2024-07-10 00:45:00+00:00,2024-07-10 02:15:00+00:00,-137.26959999993736,-0.13773200403732255,-137.26959999993736,515,521,-1,0.52,20474.687,20473.337000000003,20484.886,20486.235999999997,20541.017390625002,6,signal_exit,-106.06959999996764,-134.14959999993735,28.079999999969715,3.12,31.199999999969716,99527.00302812511,3,TREND_08_SHORT_P65
2024-07-12 01:00:00+00:00,2024-07-12 02:45:00+00:00,-106.43879999997094,-0.10694464493208206,-106.43879999997094,694,701,-1,0.26,20206.062,20204.712000000003,20223.531,20224.880999999998,20323.657703125,7,signal_exit,-90.83879999998608,-104.87879999997094,14.039999999984857,1.56,15.599999999984858,99420.56422812513,3,TREND_08_SHORT_P65
2024-07-16 09:00:00+00:00,2024-07-16 11:00:00+00:00,-229.95103124999213,-0.23129121528857824,-229.95103124999213,904,912,-1,0.34,20378.597,20377.247000000003,20409.413328125003,20410.763328125002,20409.413328125003,8,atr_stop,-209.55103125001187,-227.9110312499921,18.359999999980232,2.04,20.39999999998023,99190.61319687514,3,TREND_08_SHORT_P65
2024-07-17 00:15:00+00:00,2024-07-17 01:00:00+00:00,28.923000000023457,0.029159009172185092,28.923000000023457,958,961,-1,0.31,20371.354,20370.004,20363.689,20365.038999999997,20478.073609375,3,signal_exit,47.52300000000541,30.783000000023456,16.739999999981954,1.8599999999999999,18.599999999981954,99219.53619687517,3,TREND_08_SHORT_P65
2024-07-17 07:45:00+00:00,2024-07-17 09:00:00+00:00,501.3072000000392,0.5052504972461537,501.3072000000392,988,993,-1,0.31,20245.365,20244.015000000003,20161.509,20162.858999999997,20281.179140625,5,signal_exit,519.9072000000211,503.1672000000392,16.739999999981933,1.8599999999999999,18.599999999981932,99720.8433968752,3,TREND_08_SHORT_P65
2024-07-17 13:30:00+00:00,2024-07-17 14:45:00+00:00,570.2512000000105,0.5718475501961905,570.2512000000105,1011,1016,-1,0.31,20104.53,20103.18,20009.554,20010.904,20173.825390625,5,signal_exit,588.8511999999923,572.1112000000104,16.739999999981933,1.8599999999999999,18.599999999981932,100291.09459687522,3,TREND_08_SHORT_P65
2024-07-18 01:00:00+00:00,2024-07-18 03:00:00+00:00,-90.98999999998777,-0.09072590180187619,-90.98999999998777,1050,1058,-1,0.3,19864.554,19863.204,19876.719,19878.069,19967.481890625,8,signal_exit,-72.99000000000524,-89.18999999998776,16.199999999982523,1.7999999999999998,17.999999999982524,100200.10459687524,3,TREND_08_SHORT_P65
2024-07-21 23:15:00+00:00,2024-07-22 02:30:00+00:00,-117.60939999999133,-0.11737452817355541,-117.60939999999133,1205,1218,-1,0.17,19566.198,19564.848,19597.789,19599.139,19715.15190625,13,signal_exit,-107.40940000000118,-116.58939999999131,9.17999999999013,1.02,10.19999999999013,100082.49519687526,3,TREND_08_SHORT_P65
2024-07-23 07:30:00+00:00,2024-07-23 07:45:00+00:00,-270.34631249998466,-0.27012347360862493,-270.34631249998466,1327,1328,-1,0.33,19727.831,19726.481,19765.7925625,19767.142562499997,19765.7925625,1,atr_stop,-250.54631250000384,-268.36631249998464,17.81999999998081,1.98,19.79999999998081,99812.14888437527,3,TREND_08_SHORT_P65
2024-07-23 09:15:00+00:00,2024-07-23 09:30:00+00:00,159.75540000001695,0.16005606710770384,159.75540000001695,1334,1335,-1,0.31,19739.175,19737.825,19710.408,19711.757999999998,19788.709921875,1,signal_exit,178.35539999999892,161.61540000001696,16.73999999998196,1.8599999999999999,18.59999999998196,99971.9042843753,3,TREND_08_SHORT_P65
2024-07-24 05:45:00+00:00,2024-07-24 14:45:00+00:00,940.9660000000054,0.9412304454293262,940.9660000000054,1409,1445,-1,0.26,19564.708,19563.358,19380.753,19382.103,19629.01815625,36,signal_exit,956.5659999999901,942.5260000000053,14.039999999984843,1.56,15.599999999984844,100912.8702843753,3,TREND_08_SHORT_P65
2024-07-25 04:45:00+00:00,2024-07-25 05:15:00+00:00,-20.34479999997246,-0.020160758427185985,-20.34479999997246,1494,1496,-1,0.28,19103.754,19102.404000000002,19104.387,19105.736999999997,19183.41321875,2,signal_exit,-3.5447999999887547,-18.66479999997246,15.119999999983705,1.6800000000000002,16.799999999983704,100892.52548437534,3,TREND_08_SHORT_P65
2024-07-25 06:45:00+00:00,2024-07-25 07:00:00+00:00,30.800000000016304,0.030527533979497947,30.800000000016304,1502,1503,-1,0.28,19080.81,19079.460000000003,19072.31,19073.66,19135.586875,1,signal_exit,47.60000000000001,32.480000000016304,15.119999999983705,1.6800000000000002,16.799999999983704,100923.32548437535,3,TREND_08_SHORT_P65
2024-07-30 00:45:00+00:00,2024-07-30 04:45:00+00:00,31.477800000016874,0.0311898164759644,31.477800000016874,1745,1761,-1,0.23,18987.808,18986.458000000002,18977.965,18979.315,19113.59925,16,signal_exit,45.27780000000348,32.85780000001687,12.419999999986608,1.3800000000000001,13.799999999986609,100954.80328437536,3,TREND_08_SHORT_P65
2024-08-02 02:30:00+00:00,2024-08-02 03:30:00+00:00,392.7488000000105,0.3890342878423455,392.7488000000105,2019,2023,-1,0.16,18751.565,18750.215,18625.831,18627.180999999997,18916.015703125,4,signal_exit,402.3488000000013,393.7088000000105,8.639999999990778,0.96,9.599999999990779,101347.55208437538,3,TREND_08_SHORT_P65
2024-08-02 04:00:00+00:00,2024-08-02 13:30:00+00:00,164.39700000000596,0.1622111206624307,164.39700000000596,2025,2062,-1,0.15,18634.198,18632.848,18576.399,18577.749,18792.289875,37,signal_exit,173.3969999999972,165.29700000000594,8.099999999991269,0.8999999999999999,8.99999999999127,101511.94908437539,3,TREND_08_SHORT_P65
2024-08-05 03:30:00+00:00,2024-08-05 07:00:00+00:00,1418.15760000001,1.3970351399924912,1418.15760000001,2111,2125,-1,0.12,18019.553,18018.203,17425.654,17427.003999999997,18197.996593750002,14,signal_exit,1425.357600000003,1418.8776000000098,6.479999999993197,0.72,7.199999999993197,102930.1066843754,3,TREND_08_SHORT_P65
2024-08-06 14:00:00+00:00,2024-08-06 14:15:00+00:00,-7.045999999996275,-0.006845421837171617,-7.045999999996275,2242,2243,-1,0.1,17969.119,17967.769,17969.642,17970.992,18136.1149375,1,signal_exit,-1.0460000000020955,-6.445999999996276,5.39999999999418,0.6000000000000001,5.999999999994181,102923.06068437539,3,TREND_08_SHORT_P65
2024-08-08 03:45:00+00:00,2024-08-08 13:30:00+00:00,102.3264000000176,0.09942028474436111,102.3264000000176,2379,2418,-1,0.16,17912.419,17911.069000000003,17877.442,17878.791999999998,18080.756343750003,39,signal_exit,111.92640000000829,103.28640000001761,8.639999999990678,0.96,9.599999999990679,103025.38708437541,3,TREND_08_SHORT_P65
2024-08-09 12:45:00+00:00,2024-08-09 15:15:00+00:00,-201.47039999998188,-0.19555413059014498,-201.47039999998188,2504,2514,-1,0.17,18392.953,18391.603000000003,18449.209,18450.558999999997,18488.09190625,10,signal_exit,-191.2703999999918,-200.4503999999819,9.179999999990088,1.02,10.199999999990087,102823.91668437544,3,TREND_08_SHORT_P65
2024-08-16 11:30:00+00:00,2024-08-16 15:15:00+00:00,157.5048000000113,0.1531791484693997,157.5048000000113,2943,2958,-1,0.29,19494.321,19492.971,19464.165,19465.515,19535.662874999998,15,signal_exit,174.90479999999442,159.2448000000113,15.659999999983114,1.7399999999999998,17.399999999983113,102981.42148437545,3,TREND_08_SHORT_P65
2024-08-19 11:00:00+00:00,2024-08-19 12:15:00+00:00,-297.2879999999853,-0.28868119677789694,-297.2879999999853,3030,3035,-1,0.36,19484.531,19483.181,19522.821,19524.171,19538.951703125,5,signal_exit,-275.6880000000063,-295.1279999999853,19.439999999979023,2.16,21.599999999979023,102684.13348437546,3,TREND_08_SHORT_P65
2024-08-20 21:00:00+00:00,2024-08-21 03:15:00+00:00,-32.26199999998498,-0.03141868067172617,-32.26199999998498,3159,3177,-1,0.3,19718.643,19717.293,19721.02,19722.37,19812.09565625,18,signal_exit,-14.262000000002445,-30.461999999984982,16.199999999982538,1.7999999999999998,17.99999999998254,102651.87148437549,3,TREND_08_SHORT_P65
2024-08-22 15:45:00+00:00,2024-08-22 16:30:00+00:00,416.5112000000187,0.40575119963927336,416.5112000000187,3316,3319,-1,0.28,19799.686,19798.336000000003,19722.309,19723.659,19861.677171875002,3,signal_exit,433.3112000000024,418.1912000000186,15.119999999983747,1.6800000000000002,16.799999999983747,103068.38268437551,3,TREND_08_SHORT_P65
2024-08-23 01:15:00+00:00,2024-08-23 02:45:00+00:00,-29.66399999998743,-0.028780892090668555,-29.66399999998743,3347,3353,-1,0.24,19565.409,19564.059,19568.589,19569.939,19687.755171875,6,signal_exit,-15.2640000000014,-28.22399999998743,12.959999999986032,1.44,14.399999999986031,103038.71868437552,3,TREND_08_SHORT_P65
2024-08-27 00:15:00+00:00,2024-08-27 04:30:00+00:00,-284.0143999999875,-0.2756385207680718,-284.0143999999875,3521,3538,-1,0.29,19474.119,19472.769,19520.087,19521.436999999998,19576.015874999997,17,signal_exit,-266.61440000000437,-282.2743999999875,15.659999999983143,1.7399999999999998,17.39999999998314,102754.70428437553,3,TREND_08_SHORT_P65
2024-08-29 03:30:00+00:00,2024-08-29 04:00:00+00:00,-86.43999999999068,-0.08412266922667248,-86.43999999999068,3712,3714,-1,0.2,19177.587,19176.237,19196.197,19197.547,19287.511375,2,signal_exit,-74.44000000000234,-85.23999999999069,10.799999999988344,1.2000000000000002,11.999999999988344,102668.26428437553,3,TREND_08_SHORT_P65
2024-09-02 09:15:00+00:00,2024-09-02 10:00:00+00:00,-124.88559999999984,-0.12163992531721941,-124.88559999999984,3913,3916,-1,0.29,19500.565,19499.215,19519.097,19520.447,19537.567187499997,3,signal_exit,-107.48560000001672,-123.14559999999983,15.659999999983114,1.7399999999999998,17.399999999983113,102543.37868437554,3,TREND_08_SHORT_P65
2024-09-03 05:30:00+00:00,2024-09-03 08:00:00+00:00,-540.6652343749715,-0.5272551395435465,-540.6652343749715,3974,3984,-1,0.49,19506.186,19504.836000000003,19558.355921875,19559.705921875,19558.355921875,10,atr_stop,-511.265234375,-537.7252343749715,26.4599999999715,2.94,29.399999999971502,102002.71345000056,3,TREND_08_SHORT_P65
2024-09-04 01:30:00+00:00,2024-09-04 01:45:00+00:00,316.0500000000102,0.3098446985480742,316.0500000000102,4047,4048,-1,0.25,18906.742,18905.392,18840.532,18841.881999999998,19014.632312499998,1,signal_exit,331.0499999999957,317.5500000000102,13.499999999985505,1.5,14.999999999985505,102318.76345000058,3,TREND_08_SHORT_P65
2024-09-04 04:15:00+00:00,2024-09-04 10:00:00+00:00,-59.99999999998603,-0.058640270832930684,-59.99999999998603,4058,4081,-1,0.24,18850.399,18849.049000000003,18859.899,18861.249,18957.2543125,23,signal_exit,-45.599999999999994,-58.55999999998603,12.959999999986039,1.44,14.399999999986038,102258.7634500006,3,TREND_08_SHORT_P65
2024-09-05 14:15:00+00:00,2024-09-05 14:30:00+00:00,-431.9851562499971,-0.42244316445427793,-431.9851562499971,4187,4188,-1,0.25,18862.364,18861.014000000003,18945.761031250004,18947.111031250002,18945.761031250004,1,atr_stop,-416.98515625001164,-430.4851562499971,13.499999999985448,1.5,14.999999999985448,101826.7782937506,3,TREND_08_SHORT_P65
2024-09-06 00:45:00+00:00,2024-09-06 03:30:00+00:00,126.75600000002018,0.12448199002658573,126.75600000002018,4222,4233,-1,0.2,18870.342,18868.992000000002,18835.653,18837.002999999997,19003.401296875003,11,signal_exit,138.75600000000853,127.95600000002017,10.799999999988358,1.2000000000000002,11.999999999988358,101953.5342937506,3,TREND_08_SHORT_P65
2024-09-06 08:30:00+00:00,2024-09-06 12:45:00+00:00,-103.24399999999441,-0.10126573905964427,-103.24399999999441,4253,4270,-1,0.2,18709.964,18708.614,18732.775,18734.125,18781.05790625,17,signal_exit,-91.24400000000605,-102.04399999999443,10.799999999988373,1.2000000000000002,11.999999999988372,101850.2902937506,3,TREND_08_SHORT_P65
2024-09-06 20:15:00+00:00,2024-09-09 02:45:00+00:00,-83.65199999997567,-0.08213231377025192,-83.65199999997567,4300,4319,-1,0.2,18467.919,18466.569000000003,18485.832,18487.181999999997,18637.206421875002,19,signal_exit,-71.65199999998731,-82.45199999997568,10.799999999988373,1.2000000000000002,11.999999999988372,101766.63829375061,3,TREND_08_SHORT_P65
2024-09-10 10:30:00+00:00,2024-09-10 11:30:00+00:00,-328.5153281249953,-0.32281240063834266,-328.5153281249953,4439,4443,-1,0.27,18578.499,18577.149,18636.335171875002,18637.685171875,18636.335171875002,4,atr_stop,-312.31532812501104,-326.8953281249953,14.579999999984238,1.62,16.19999999998424,101438.12296562562,3,TREND_08_SHORT_P65
2024-09-16 11:30:00+00:00,2024-09-16 14:45:00+00:00,651.1334000000348,0.6419020590717011,651.1334000000348,4798,4811,-1,0.37,19455.199,19453.849000000002,19364.208,19365.557999999997,19489.039078125,13,signal_exit,673.3334000000133,653.3534000000349,19.979999999978418,2.2199999999999998,22.199999999978417,102089.25636562565,3,TREND_08_SHORT_P65
2024-09-18 09:30:00+00:00,2024-09-18 10:30:00+00:00,-255.1632187499866,-0.24994130414285426,-255.1632187499866,4968,4972,-1,0.33,19417.31,19415.960000000003,19452.971093750002,19454.32109375,19452.971093750002,4,atr_stop,-235.36321875000579,-253.1832187499866,17.81999999998081,1.98,19.79999999998081,101834.09314687566,3,TREND_08_SHORT_P65
2024-09-20 09:45:00+00:00,2024-09-20 13:30:00+00:00,-278.7649218749856,-0.27374419829410374,-278.7649218749856,5147,5162,-1,0.33,19784.076,19782.726000000002,19823.313109375,19824.663109375,19823.313109375,15,atr_stop,-258.96492187500485,-276.78492187498557,17.819999999980723,1.98,19.799999999980724,101555.32822500067,3,TREND_08_SHORT_P65
2024-09-25 05:00:00+00:00,2024-09-25 05:15:00+00:00,-33.83039999998175,-0.03331228463466623,-33.83039999998175,5395,5396,-1,0.32,19900.989,19899.639000000003,19903.275,19904.625,19943.075171875003,1,signal_exit,-14.630400000000373,-31.910399999981752,17.279999999981378,1.92,19.19999999998138,101521.49782500068,3,TREND_08_SHORT_P65
2024-09-27 03:00:00+00:00,2024-09-27 06:00:00+00:00,-291.873399999985,-0.2874991073349868,-291.873399999985,5565,5577,-1,0.29,20080.376,20079.026,20127.699,20129.049,20144.997484375,12,signal_exit,-274.4734000000019,-290.133399999985,15.659999999983086,1.7399999999999998,17.399999999983084,101229.6244250007,3,TREND_08_SHORT_P65
2024-09-27 06:45:00+00:00,2024-09-27 11:30:00+00:00,-9.452799999994461,-0.009337977942413367,-9.452799999994461,5580,5599,-1,0.28,20080.099,20078.749,20078.787,20080.137,20126.661890625,19,signal_exit,7.347199999989244,-7.772799999994461,15.119999999983705,1.6800000000000002,16.799999999983704,101220.17162500072,3,TREND_08_SHORT_P65
2024-09-30 13:30:00+00:00,2024-09-30 14:30:00+00:00,-460.2423437499726,-0.4546942930062132,-460.2423437499726,5696,5700,-1,0.35000000000000003,19944.131,19942.781000000003,20006.87990625,20008.22990625,20006.87990625,4,atr_stop,-439.2423437499929,-458.14234374997255,18.899999999979627,2.1,20.99999999997963,100759.92928125073,3,TREND_08_SHORT_P65
2024-10-02 01:00:00+00:00,2024-10-02 03:30:00+00:00,-189.6161999999937,-0.1881861185816426,-189.6161999999937,5824,5834,-1,0.19,19724.443,19723.093,19771.342,19772.692,19863.796203125,10,signal_exit,-178.21620000000476,-188.47619999999372,10.259999999988963,1.1400000000000001,11.399999999988964,100570.31308125073,3,TREND_08_SHORT_P65
2024-10-03 08:30:00+00:00,2024-10-03 11:45:00+00:00,-309.34687499997744,-0.30759263397147446,-309.34687499997744,5943,5956,-1,0.25,19674.509,19673.159,19733.378374999997,19734.728374999995,19733.378374999997,13,atr_stop,-294.346874999992,-307.84687499997744,13.499999999985448,1.5,14.999999999985448,100260.96620625076,3,TREND_08_SHORT_P65
2024-10-07 10:15:00+00:00,2024-10-07 12:45:00+00:00,-70.15799999998592,-0.06997538788491342,-70.15799999998592,6128,6138,-1,0.22,19888.608,19887.258,19901.553,19902.903,19944.248546875002,10,signal_exit,-56.95799999999872,-68.83799999998593,11.879999999987206,1.32,13.199999999987206,100190.80820625076,3,TREND_08_SHORT_P65
2024-10-08 03:00:00+00:00,2024-10-08 08:45:00+00:00,-290.5385999999851,-0.289985284280658,-290.5385999999851,6188,6211,-1,0.33,19790.154,19788.804,19831.175,19832.524999999998,19881.4661875,23,signal_exit,-270.7386000000042,-288.55859999998506,17.819999999980837,1.98,19.799999999980837,99900.26960625077,3,TREND_08_SHORT_P65
2024-10-08 09:15:00+00:00,2024-10-08 10:15:00+00:00,-310.12479999997186,-0.3104343974468787,-310.12479999997186,6213,6217,-1,0.32,19807.775,19806.425000000003,19853.232,19854.582,19871.262265625002,4,signal_exit,-290.9247999999905,-308.2047999999719,17.279999999981385,1.92,19.199999999981387,99590.1448062508,3,TREND_08_SHORT_P65
2024-10-09 07:00:00+00:00,2024-10-09 07:15:00+00:00,36.402600000032685,0.03655241195888679,36.402600000032685,6293,6294,-1,0.39,20038.075,20036.725000000002,20030.408,20031.757999999998,20072.00171875,1,signal_exit,59.80260000000999,38.74260000003269,21.0599999999773,2.34,23.3999999999773,99626.54740625083,3,TREND_08_SHORT_P65
2024-10-10 08:45:00+00:00,2024-10-10 11:30:00+00:00,-13.2783999999582,-0.013328174413002972,-13.2783999999582,6386,6397,-1,0.43,20229.953,20228.603000000003,20228.497,20229.846999999998,20258.999484375,11,signal_exit,12.521600000016772,-10.698399999958202,23.219999999974974,2.58,25.799999999974972,99613.26900625088,3,TREND_08_SHORT_P65
2024-10-10 12:15:00+00:00,2024-10-10 12:45:00+00:00,-309.23507812495814,-0.3104356289176226,-309.23507812495814,6400,6402,-1,0.45,20211.365,20210.015000000003,20242.724453125,20244.074453125,20242.724453125,2,atr_stop,-282.2350781249843,-306.5350781249581,24.299999999973807,2.7,26.999999999973806,99304.03392812591,3,TREND_08_SHORT_P65
2024-10-11 09:30:00+00:00,2024-10-11 15:00:00+00:00,-287.39934374998677,-0.2894135639625679,-287.39934374998677,6478,6500,-1,0.38,20199.975,20198.625,20234.790703125,20236.140703125,20234.790703125,22,atr_stop,-264.5993437500088,-285.1193437499868,20.519999999977983,2.2800000000000002,22.799999999977985,99016.63458437592,3,TREND_08_SHORT_P65
2024-10-14 04:15:00+00:00,2024-10-14 04:30:00+00:00,-35.35459999998173,-0.03570571767903776,-35.35459999998173,6546,6547,-1,0.43,20232.942,20231.592,20234.053,20235.403,20277.443875,1,signal_exit,-9.554600000006758,-32.77459999998173,23.219999999974974,2.58,25.799999999974972,98981.27998437594,3,TREND_08_SHORT_P65
2024-10-15 09:45:00+00:00,2024-10-15 11:30:00+00:00,-266.76356249999776,-0.2695091057037311,-266.76356249999776,6657,6664,-1,0.38,20400.019,20398.669,20432.119468750003,20433.46946875,20432.119468750003,7,atr_stop,-243.96356250001992,-264.4835624999978,20.51999999997787,2.2800000000000002,22.79999999997787,98714.51642187595,3,TREND_08_SHORT_P65
2024-10-16 02:00:00+00:00,2024-10-16 02:45:00+00:00,-63.21419999999037,-0.06403739013402246,-63.21419999999037,6715,6718,-1,0.29,20181.376,20180.026,20189.275,20190.625,20265.0125625,3,signal_exit,-45.814200000007254,-61.474199999990375,15.659999999983121,1.7399999999999998,17.39999999998312,98651.30222187596,3,TREND_08_SHORT_P65
2024-10-16 10:30:00+00:00,2024-10-16 12:45:00+00:00,-97.18239999998013,-0.0985110158823934,-97.18239999998013,6749,6758,-1,0.28,20181.954,20180.604000000003,20196.308,20197.658,20222.634156250002,9,signal_exit,-80.38239999999644,-95.50239999998013,15.11999999998369,1.6800000000000002,16.79999999998369,98554.11982187598,3,TREND_08_SHORT_P65
2024-10-18 02:00:00+00:00,2024-10-18 05:30:00+00:00,-64.14119999998759,-0.06508221078521592,-64.14119999998759,6893,6907,-1,0.27,20194.554,20193.204,20203.432,20204.782,20274.6674375,14,signal_exit,-47.941200000003306,-62.521199999987594,14.579999999984288,1.62,16.19999999998429,98489.978621876,3,TREND_08_SHORT_P65
2024-10-21 06:15:00+00:00,2024-10-21 12:00:00+00:00,863.2400000000345,0.8764749592587452,863.2400000000345,6991,7014,-1,0.5,20300.199,20298.849000000002,20210.875,20212.225,20341.01478125,23,signal_exit,893.2400000000052,866.2400000000345,26.999999999970782,3.0,29.999999999970782,99353.21862187603,3,TREND_08_SHORT_P65
2024-10-22 14:30:00+00:00,2024-10-22 14:45:00+00:00,-290.63679999998305,-0.2925288219459751,-290.63679999998305,7113,7114,-1,0.32,20242.92,20241.57,20285.332,20286.681999999997,20304.588984374997,1,signal_exit,-271.43680000000165,-288.7167999999831,17.27999999998144,1.92,19.199999999981443,99062.58182187604,3,TREND_08_SHORT_P65
2024-10-23 11:00:00+00:00,2024-10-23 16:00:00+00:00,606.4056000000337,0.6121439486509738,606.4056000000337,7188,7208,-1,0.36,20326.954,20325.604000000003,20239.731,20241.081,20360.103375000002,20,signal_exit,628.0056000000128,608.5656000000338,19.439999999979023,2.16,21.599999999979023,99668.98742187607,3,TREND_08_SHORT_P65
2024-10-29 00:45:00+00:00,2024-10-29 07:45:00+00:00,-191.08439999998168,-0.19171901405114616,-191.08439999998168,7458,7486,-1,0.26,20373.306,20371.956000000002,20407.053,20408.403,20455.57475,28,signal_exit,-175.48439999999684,-189.52439999998168,14.039999999984843,1.56,15.599999999984844,99477.90302187609,3,TREND_08_SHORT_P65
2024-10-30 20:00:00+00:00,2024-10-30 22:00:00+00:00,467.93240000001623,0.47038828301106594,467.93240000001623,7619,7620,-1,0.29,20395.632,20394.282000000003,20311.954,20313.304,20498.47434375,1,signal_exit,485.3323999999993,469.67240000001624,15.659999999983086,1.7399999999999998,17.399999999983084,99945.83542187611,3,TREND_08_SHORT_P65
2024-10-31 07:30:00+00:00,2024-10-31 11:45:00+00:00,-248.36109374996596,-0.248495690392323,-248.36109374996596,7658,7675,-1,0.3,20196.897,20195.547000000002,20235.290515624998,20236.640515624997,20235.290515624998,17,atr_stop,-230.3610937499834,-246.56109374996595,16.199999999982538,1.7999999999999998,17.99999999998254,99697.47432812615,3,TREND_08_SHORT_P65
2024-10-31 19:45:00+00:00,2024-10-31 20:00:00+00:00,382.6666000000108,0.3838277775629215,382.6666000000108,7707,7708,-1,0.29,19953.353,19952.003,19884.376,19885.726,20064.584640625,1,signal_exit,400.0665999999939,384.4066000000108,15.659999999983086,1.7399999999999998,17.399999999983084,100080.14092812616,3,TREND_08_SHORT_P65
2024-11-04 09:00:00+00:00,2024-11-04 16:00:00+00:00,-256.3406249999789,-0.25613535574862273,-256.3406249999789,7838,7866,-1,0.25,20047.487,20046.137000000002,20095.755125,20097.105125,20095.755125,28,atr_stop,-241.34062499999345,-254.84062499997893,13.499999999985477,1.5,14.999999999985477,99823.80030312618,3,TREND_08_SHORT_P65
2024-11-04 23:15:00+00:00,2024-11-05 06:00:00+00:00,8.954400000007011,0.008970205474862677,8.954400000007011,7888,7915,-1,0.28,19990.064,19988.714,19985.465,19986.815,20098.393375,27,signal_exit,25.754399999990714,10.63440000000701,15.119999999983703,1.6800000000000002,16.799999999983704,99832.7547031262,3,TREND_08_SHORT_P65
2024-11-08 12:45:00+00:00,2024-11-08 14:30:00+00:00,-354.0683124999714,-0.35466146712355917,-354.0683124999714,8205,8212,-1,0.41000000000000003,21067.408,21066.058,21107.5870625,21108.937062499997,21107.5870625,7,atr_stop,-329.46831249999525,-351.60831249997136,22.139999999976112,2.46,24.599999999976113,99478.68639062623,3,TREND_08_SHORT_P65
2024-11-11 20:00:00+00:00,2024-11-11 21:00:00+00:00,-417.36359999995494,-0.41955077528977364,-417.36359999995494,8323,8327,-1,0.41000000000000003,21065.419,21064.069000000003,21113.317,21114.666999999998,21138.762828125004,4,signal_exit,-392.7635999999788,-414.9035999999549,22.139999999976112,2.46,24.599999999976113,99061.32279062628,3,TREND_08_SHORT_P65
2024-11-11 23:30:00+00:00,2024-11-12 00:45:00+00:00,-4.928199999965873,-0.004974898235895762,-4.928199999965873,8330,8335,-1,0.41000000000000003,21097.186,21095.836000000003,21094.787,21096.137,21174.485375,5,signal_exit,19.671800000010265,-2.468199999965873,22.139999999976137,2.46,24.599999999976138,99056.39459062631,3,TREND_08_SHORT_P65
2024-11-13 00:45:00+00:00,2024-11-13 03:15:00+00:00,-79.12359999997832,-0.07987732677630262,-79.12359999997832,8424,8434,-1,0.38,21037.564,21036.214,21044.975,21046.324999999997,21115.995875,10,signal_exit,-56.32360000000045,-76.84359999997832,20.519999999977877,2.2800000000000002,22.799999999977878,98977.27099062633,3,TREND_08_SHORT_P65
2024-11-14 15:00:00+00:00,2024-11-14 19:00:00+00:00,339.9200000000205,0.3434323826044998,339.9200000000205,8570,8574,-1,0.28,20981.809,20980.459000000003,20918.109,20919.459,21037.59040625,4,signal_exit,356.7200000000041,341.60000000002043,15.11999999998369,1.6800000000000002,16.79999999998369,99317.19099062636,3,TREND_08_SHORT_P65
2024-11-15 03:15:00+00:00,2024-11-15 03:30:00+00:00,-31.976999999964466,-0.03219684294432218,-31.976999999964466,8596,8597,-1,0.33,20813.097,20811.747000000003,20814.942,20816.291999999998,20899.777703125,1,signal_exit,-12.176999999983673,-29.99699999996447,17.819999999980794,1.98,19.799999999980795,99285.21399062639,3,TREND_08_SHORT_P65
2024-11-15 04:30:00+00:00,2024-11-15 04:45:00+00:00,2.7812000000174164,0.002801222748313754,2.7812000000174164,8601,8602,-1,0.34,20804.798,20803.448,20801.389,20802.738999999998,20878.467609375,1,signal_exit,23.181199999997627,4.821200000017416,18.35999999998021,2.04,20.39999999998021,99287.9951906264,3,TREND_08_SHORT_P65
2024-11-15 06:30:00+00:00,2024-11-15 08:30:00+00:00,239.82240000002,0.24154219202389654,239.82240000002,8609,8617,-1,0.34,20728.087,20726.737,20689.819,20691.168999999998,20783.81965625,8,signal_exit,260.2224000000002,241.86240000002002,18.359999999980204,2.04,20.399999999980203,99527.81759062642,3,TREND_08_SHORT_P65
2024-11-15 10:45:00+00:00,2024-11-15 14:45:00+00:00,745.4528000000118,0.7489893961768324,745.4528000000118,8626,8642,-1,0.32,20716.619,20715.269,20597.142,20598.492,20769.110875,16,signal_exit,764.6527999999932,747.3728000000119,17.279999999981328,1.92,19.19999999998133,100273.27039062642,3,TREND_08_SHORT_P65
2024-11-18 08:45:00+00:00,2024-11-18 13:45:00+00:00,459.4560000000243,0.45820386450961353,459.4560000000243,8707,8727,-1,0.32,20535.032,20533.682,20460.242,20461.591999999997,20575.857,20,signal_exit,478.65600000000563,461.37600000002425,17.279999999981385,1.92,19.199999999981387,100732.72639062644,3,TREND_08_SHORT_P65
2024-11-21 03:30:00+00:00,2024-11-21 05:00:00+00:00,25.568400000003457,0.025382416336924136,25.568400000003457,8953,8959,-1,0.22,20601.442,20600.092,20592.631,20593.981,20694.214734375,6,signal_exit,38.768399999990656,26.888400000003458,11.879999999987199,1.32,13.199999999987199,100758.29479062645,3,TREND_08_SHORT_P65
2024-11-21 07:45:00+00:00,2024-11-21 11:00:00+00:00,-303.36567187499327,-0.3010825783677469,-303.36567187499327,8970,8983,-1,0.21,20566.697,20565.347,20635.926921875,20637.276921875,20635.926921875,13,atr_stop,-290.76567187500547,-302.1056718749933,11.33999999998781,1.26,12.59999999998781,100454.92911875145,3,TREND_08_SHORT_P65
2024-11-22 10:15:00+00:00,2024-11-22 12:00:00+00:00,-240.3534374999926,-0.23926495156435978,-240.3534374999926,9069,9076,-1,0.17,20635.664,20634.314000000002,20703.3561875,20704.7061875,20703.3561875,7,atr_stop,-230.1534375000025,-239.3334374999926,9.179999999990116,1.02,10.199999999990116,100214.57568125146,3,TREND_08_SHORT_P65
2024-11-27 08:30:00+00:00,2024-11-27 13:15:00+00:00,-161.09719999995156,-0.16075226473277407,-161.09719999995156,9329,9348,-1,0.41000000000000003,20864.008,20862.658000000003,20880.654,20882.003999999997,20894.606281250002,19,signal_exit,-136.49719999997544,-158.63719999995158,22.13999999997614,2.46,24.59999999997614,100053.47848125151,3,TREND_08_SHORT_P65
2024-12-03 14:00:00+00:00,2024-12-03 14:15:00+00:00,327.54480000000564,0.32736972764158573,327.54480000000564,9682,9683,-1,0.44,21137.586,21136.236,21097.365,21098.715,21170.53584375,1,signal_exit,353.9447999999801,330.1848000000056,23.759999999974468,2.64,26.39999999997447,100381.02328125152,3,TREND_08_SHORT_P65
2024-12-06 02:00:00+00:00,2024-12-06 03:45:00+00:00,-167.6603999999719,-0.16702399967592915,-167.6603999999719,9901,9908,-1,0.62,21415.765,21414.415,21426.286,21427.636,21468.58171875,7,signal_exit,-130.46040000000792,-163.94039999997187,33.47999999996395,3.7199999999999998,37.19999999996395,100213.36288125154,3,TREND_08_SHORT_P65
2024-12-09 12:45:00+00:00,2024-12-09 15:30:00+00:00,423.8320000000182,0.42292962516609744,423.8320000000182,10033,10044,-1,0.4,21571.654,21570.304,21515.675,21517.024999999998,21610.68978125,11,signal_exit,447.83199999999493,426.23200000001816,21.599999999976774,2.4000000000000004,23.999999999976772,100637.19488125156,3,TREND_08_SHORT_P65
2024-12-10 01:45:00+00:00,2024-12-10 02:45:00+00:00,-75.38079999999665,-0.07490351861351403,-75.38079999999665,10078,10082,-1,0.44,21426.153,21424.803,21431.719,21433.069,21491.077765625,4,signal_exit,-48.98080000002229,-72.74079999999667,23.759999999974376,2.64,26.399999999974376,100561.81408125156,3,TREND_08_SHORT_P65
2024-12-11 00:45:00+00:00,2024-12-11 02:45:00+00:00,-36.95999999995721,-0.036753513585280395,-36.95999999995721,10163,10171,-1,0.42,21379.254,21377.904000000002,21380.654,21382.003999999997,21451.9849375,8,signal_exit,-11.759999999981666,-34.439999999957216,22.67999999997555,2.52,25.19999999997555,100524.85408125161,3,TREND_08_SHORT_P65
2024-12-12 11:30:00+00:00,2024-12-12 15:30:00+00:00,156.429000000025,0.15561226268837708,156.429000000025,10295,10311,-1,0.39,21696.265,21694.915,21673.21,21674.559999999998,21720.96375,16,signal_exit,179.82900000000228,158.769000000025,21.059999999977293,2.34,23.399999999977293,100681.28308125165,3,TREND_08_SHORT_P65
2024-12-17 06:45:00+00:00,2024-12-17 07:00:00+00:00,-58.82339999996854,-0.05842535792129007,-58.82339999996854,10543,10544,-1,0.51,22070.075,22068.725000000002,22072.842,22074.192,22095.400625000002,1,signal_exit,-28.22339999999822,-55.763399999968534,27.539999999970313,3.06,30.59999999997031,100622.45968125168,3,TREND_08_SHORT_P65
2024-12-18 15:00:00+00:00,2024-12-18 15:45:00+00:00,-408.78199999996633,-0.40625323739341274,-408.78199999996633,10665,10668,-1,0.34,21974.032,21972.682,22031.146999999997,22032.496999999996,22031.146999999997,3,atr_stop,-388.38199999998614,-406.74199999996637,18.359999999980232,2.04,20.39999999998023,100213.6776812517,3,TREND_08_SHORT_P65
2024-12-18 18:45:00+00:00,2024-12-18 19:15:00+00:00,1364.4928000000302,1.3615834001622558,1364.4928000000302,10680,10682,-1,0.44,21965.299,21963.949,21807.243,21808.592999999997,22038.061421874998,2,signal_exit,1390.8928000000044,1367.13280000003,23.759999999974298,2.64,26.3999999999743,101578.17048125173,3,TREND_08_SHORT_P65
2024-12-19 03:30:00+00:00,2024-12-19 04:00:00+00:00,-55.00499999998865,-0.054150414148422685,-55.00499999998865,10708,10710,-1,0.15,21168.275,21166.925000000003,21183.61,21184.96,21359.136171875,2,signal_exit,-46.00499999999739,-54.10499999998864,8.099999999991255,0.8999999999999999,8.999999999991255,101523.16548125174,3,TREND_08_SHORT_P65
2024-12-19 20:45:00+00:00,2024-12-20 00:30:00+00:00,323.1744000000134,0.31832577172713744,323.1744000000134,10777,10785,-1,0.12,21178.187,21176.837000000003,21040.531,21041.880999999998,21352.658015625002,8,signal_exit,330.37440000000646,323.89440000001343,6.4799999999930264,0.72,7.199999999993026,101846.33988125176,3,TREND_08_SHORT_P65
2024-12-20 01:45:00+00:00,2024-12-20 04:45:00+00:00,154.63800000000367,0.15183461691436786,154.63800000000367,10790,10802,-1,0.18,21002.298,21000.948,20956.343,20957.693,21153.763234374997,12,signal_exit,165.4379999999932,155.71800000000366,9.71999999998954,1.08,10.79999999998954,102000.97788125176,3,TREND_08_SHORT_P65
2024-12-20 09:00:00+00:00,2024-12-20 13:45:00+00:00,-40.168799999987534,-0.03938079892405692,-40.168799999987534,10819,10838,-1,0.18,20917.231,20915.881,20925.389,20926.738999999998,20986.70178125,19,signal_exit,-29.368799999998014,-39.088799999987536,9.719999999989522,1.08,10.799999999989522,101960.80908125178,3,TREND_08_SHORT_P65
2024-12-23 12:00:00+00:00,2024-12-23 12:15:00+00:00,-221.75071874998216,-0.21748622902086887,-221.75071874998216,10920,10921,-1,0.18,21323.398,21322.048000000003,21381.995421875,21383.345421874998,21381.995421875,1,atr_stop,-210.9507187499927,-220.67071874998217,9.719999999989483,1.08,10.799999999989483,101739.0583625018,3,TREND_08_SHORT_P65
2024-12-23 14:00:00+00:00,2024-12-23 14:30:00+00:00,-263.36373437499304,-0.2588619735761793,-263.36373437499304,10928,10930,-1,0.17,21302.375,21301.025,21376.834921875,21378.184921875,21376.834921875,2,atr_stop,-253.163734375003,-262.34373437499306,9.17999999999006,1.02,10.199999999990059,101475.69462812682,3,TREND_08_SHORT_P65
2024-12-23 15:45:00+00:00,2024-12-23 16:30:00+00:00,-369.1823593749872,-0.36381358189063134,-369.1823593749872,10935,10938,-1,0.17,21289.021,21287.671000000002,21394.604046875,21395.954046875,21394.604046875,3,atr_stop,-358.9823593749971,-368.1623593749872,9.179999999990116,1.02,10.199999999990116,101106.51226875183,3,TREND_08_SHORT_P65
2024-12-26 14:15:00+00:00,2024-12-26 15:30:00+00:00,-386.596799999967,-0.3823658746850566,-386.596799999967,11095,11100,-1,0.38,21706.775,21705.425000000003,21754.643,21755.993,21773.938125,5,signal_exit,-363.79679999998916,-384.31679999996703,20.51999999997787,2.2800000000000002,22.79999999997787,100719.91546875186,3,TREND_08_SHORT_P65
2024-12-27 00:15:00+00:00,2024-12-27 04:30:00+00:00,305.21400000003854,0.3030324227135899,305.21400000003854,11128,11145,-1,0.35000000000000003,21769.899,21768.549000000003,21723.297,21724.646999999997,21859.237203125,17,signal_exit,326.2140000000182,307.31400000003856,18.899999999979627,2.1,20.99999999997963,101025.1294687519,3,TREND_08_SHORT_P65
2024-12-27 09:00:00+00:00,2024-12-27 10:45:00+00:00,-102.85259999998772,-0.10180892669066173,-102.85259999998772,11163,11170,-1,0.37,21676.732,21675.382,21687.631,21688.981,21711.7135625,7,signal_exit,-80.65260000000927,-100.63259999998772,19.979999999978446,2.2199999999999998,22.199999999978445,100922.27686875191,3,TREND_08_SHORT_P65
2024-12-30 13:15:00+00:00,2024-12-30 13:45:00+00:00,195.6544000000156,0.1938664148991224,195.6544000000156,11269,11271,-1,0.19,21235.096,21233.746000000003,21180.608,21181.958,21301.64303125,2,signal_exit,207.05440000000456,196.7944000000156,10.259999999988963,1.1400000000000001,11.399999999988964,101117.93126875193,3,TREND_08_SHORT_P65
2024-12-31 00:30:00+00:00,2024-12-31 00:45:00+00:00,32.25060000000697,0.03189404648151979,32.25060000000697,11307,11308,-1,0.23,21170.498,21169.148,21160.487,21161.837,21305.00971875,1,signal_exit,46.05059999999358,33.630600000006964,12.419999999986615,1.3800000000000001,13.799999999986616,101150.18186875193,3,TREND_08_SHORT_P65
2024-12-31 01:15:00+00:00,2024-12-31 08:00:00+00:00,-39.72099999997925,-0.03926933127171189,-39.72099999997925,11310,11337,-1,0.23,21176.519,21175.169,21182.154,21183.503999999997,21294.833921875,27,signal_exit,-25.920999999992638,-38.34099999997925,12.419999999986615,1.3800000000000001,13.799999999986616,101110.46086875195,3,TREND_08_SHORT_P65
2025-01-02 03:45:00+00:00,2025-01-02 04:45:00+00:00,-53.81759999999078,-0.053817599999990785,-53.81759999999078,18,22,-1,0.12,21100.319,21098.969,21119.743,21121.092999999997,21203.102593749998,4,signal_exit,-46.617599999997765,-53.097599999990784,6.479999999993019,0.72,7.199999999993019,99946.1824,4,TREND_08_SHORT_P65
2025-01-02 23:30:00+00:00,2025-01-03 02:00:00+00:00,-147.8377999999948,-0.1479174055976697,-147.8377999999948,90,100,-1,0.11,20968.299,20966.949,21032.498,21033.847999999998,21185.634,10,signal_exit,-141.23780000000116,-147.17779999999476,5.939999999993603,0.66,6.599999999993603,99798.34460000001,4,TREND_08_SHORT_P65
2025-01-08 00:30:00+00:00,2025-01-08 03:00:00+00:00,-80.1199999999837,-0.08028189277198063,-80.1199999999837,361,371,-1,0.2,21218.589,21217.239,21235.619,21236.968999999997,21374.572281250003,10,signal_exit,-68.11999999999534,-78.91999999998372,10.799999999988373,1.2000000000000002,11.999999999988372,99718.22460000002,4,TREND_08_SHORT_P65
2025-01-08 11:45:00+00:00,2025-01-08 11:45:00+00:00,-230.88437499998255,-0.23153678871252445,-230.88437499998255,406,406,-1,0.2,21132.32,21130.97,21187.04109375,21188.391093749997,21187.04109375,0,atr_stop,-218.8843749999942,-229.68437499998257,10.799999999988358,1.2000000000000002,11.999999999988358,99487.34022500002,4,TREND_08_SHORT_P65
2025-01-09 23:45:00+00:00,2025-01-10 03:45:00+00:00,-278.0062187499867,-0.2794387890170241,-278.0062187499867,509,525,-1,0.19,21060.386,21059.036,21130.545531249998,21131.895531249997,21130.545531249998,16,atr_stop,-266.6062187499978,-276.86621874998673,10.259999999988906,1.1400000000000001,11.399999999988907,99209.33400625002,4,TREND_08_SHORT_P65
2025-01-13 00:15:00+00:00,2025-01-13 05:15:00+00:00,426.95040000000506,0.43035305526101786,426.95040000000506,600,620,-1,0.16,20860.765,20859.415,20724.343,20725.693,21039.26046875,20,signal_exit,436.55039999999576,427.9104000000051,8.639999999990664,0.96,9.599999999990665,99636.28440625004,4,TREND_08_SHORT_P65
2025-01-13 09:30:00+00:00,2025-01-13 12:15:00+00:00,-241.7332031249847,-0.24261563401878636,-241.7332031249847,637,648,-1,0.15,20543.764,20542.414,20621.341734374997,20622.691734374996,20621.341734374997,11,atr_stop,-232.73320312499342,-240.83320312498472,8.099999999991297,0.8999999999999999,8.999999999991298,99394.55120312505,4,TREND_08_SHORT_P65
2025-01-16 15:00:00+00:00,2025-01-16 15:30:00+00:00,-1.2095999999926426,-0.0012169681188264289,-1.2095999999926426,926,928,-1,0.16,21215.264,21213.914,21212.642,21213.992,21301.06978125,2,signal_exit,8.390399999998044,-0.24959999999264254,8.639999999990687,0.96,9.599999999990686,99393.34160312507,4,TREND_08_SHORT_P65
2025-01-17 03:00:00+00:00,2025-01-17 03:15:00+00:00,24.38400000000489,0.024532830476079116,24.38400000000489,967,968,-1,0.24,21104.743,21103.393,21096.663,21098.013,21184.249953125,1,signal_exit,38.78399999999092,25.824000000004887,12.959999999986032,1.44,14.399999999986031,99417.72560312507,4,TREND_08_SHORT_P65
2025-01-23 08:30:00+00:00,2025-01-23 15:30:00+00:00,-289.0332343749838,-0.29072605777444815,-289.0332343749838,1328,1356,-1,0.43,21757.132,21755.782000000003,21787.740515625002,21789.090515625,21787.740515625002,28,atr_stop,-263.2332343750088,-286.45323437498377,23.21999999997496,2.58,25.799999999974958,99128.6923687501,4,TREND_08_SHORT_P65
2025-01-27 04:00:00+00:00,2025-01-27 08:00:00+00:00,1044.903200000009,1.0540875452215797,1044.903200000009,1488,1504,-1,0.22,21388.942,21387.592,21148.464,21149.814,21490.166687499997,16,signal_exit,1058.1031999999964,1046.2232000000092,11.879999999987149,1.32,13.19999999998715,100173.5955687501,4,TREND_08_SHORT_P65
2025-01-30 12:30:00+00:00,2025-01-30 13:00:00+00:00,-239.4799687499853,-0.23906496256853224,-239.4799687499853,1789,1791,-1,0.22,21469.198,21467.848,21520.625265625,21521.975265625,21520.625265625,2,atr_stop,-226.27996874999812,-238.1599687499853,11.879999999987177,1.32,13.199999999987178,99934.1156000001,4,TREND_08_SHORT_P65
2025-02-04 05:45:00+00:00,2025-02-04 09:30:00+00:00,-111.76799999999496,-0.11184168622391336,-111.76799999999496,2029,2044,-1,0.15,21243.92,21242.57,21278.176,21279.525999999998,21344.661874999998,15,signal_exit,-102.76800000000365,-110.86799999999495,8.099999999991297,0.8999999999999999,8.999999999991298,99822.34760000011,4,TREND_08_SHORT_P65
2025-02-05 12:00:00+00:00,2025-02-05 14:15:00+00:00,-317.2479374999917,-0.3178125391032091,-317.2479374999917,2143,2152,-1,0.26,21388.009,21386.659,21446.01821875,21447.368218749998,21446.01821875,9,atr_stop,-301.6479375000069,-315.68793749999173,14.039999999984843,1.56,15.599999999984844,99505.09966250011,4,TREND_08_SHORT_P65
2025-02-10 01:45:00+00:00,2025-02-10 02:45:00+00:00,-41.311599999983734,-0.04151706811018108,-41.311599999983734,2369,2373,-1,0.22,21579.397,21578.047000000002,21585.786,21587.136,21707.351843750002,4,signal_exit,-28.111599999996546,-39.99159999998374,11.879999999987195,1.32,13.199999999987195,99463.78806250013,4,TREND_08_SHORT_P65
2025-02-11 03:45:00+00:00,2025-02-11 06:30:00+00:00,-46.83839999997988,-0.04709090706514013,-46.83839999997988,2466,2477,-1,0.48,21681.075,21679.725000000002,21682.954,21684.304,21726.72296875,11,signal_exit,-18.038400000007822,-43.95839999997988,25.91999999997206,2.88,28.79999999997206,99416.94966250015,4,TREND_08_SHORT_P65
2025-02-11 08:15:00+00:00,2025-02-11 09:00:00+00:00,-368.92949999997626,-0.3710931599213365,-368.92949999997626,2484,2487,-1,0.48,21652.799,21651.449,21688.22915625,21689.579156249998,21688.22915625,3,atr_stop,-340.1295000000042,-366.04949999997626,25.91999999997205,2.88,28.799999999972048,99048.02016250016,4,TREND_08_SHORT_P65
2025-02-12 09:30:00+00:00,2025-02-12 10:45:00+00:00,-220.3619999999693,-0.2224799644035681,-220.3619999999693,2578,2583,-1,0.32,21662.299,21660.949,21693.730562499997,21695.080562499996,21693.730562499997,5,atr_stop,-201.16199999998793,-218.44199999996928,17.279999999981356,1.92,19.199999999981358,98827.65816250019,4,TREND_08_SHORT_P65
2025-02-17 15:15:00+00:00,2025-02-17 16:15:00+00:00,-334.75637499997185,-0.3387274182390715,-334.75637499997185,2868,2872,-1,0.46,22138.863,22137.513000000003,22172.2495625,22173.5995625,22172.2495625,4,atr_stop,-307.15637499999866,-331.99637499997186,24.8399999999732,2.7600000000000002,27.599999999973203,98492.9017875002,4,TREND_08_SHORT_P65
2025-02-19 10:45:00+00:00,2025-02-19 12:00:00+00:00,-246.04703124998895,-0.24981194257108885,-246.04703124998895,3015,3020,-1,0.38,22129.231,22127.881,22158.605609375,22159.955609375,22158.605609375,5,atr_stop,-223.24703125001108,-243.76703124998897,20.519999999977898,2.2800000000000002,22.7999999999779,98246.85475625022,4,TREND_08_SHORT_P65
2025-02-20 02:45:00+00:00,2025-02-20 05:30:00+00:00,-19.25079999997368,-0.019594316833586974,-19.25079999997368,3072,3083,-1,0.38,22100.142,22098.792,22099.675,22101.024999999998,22167.824109375,11,signal_exit,3.549200000004203,-16.97079999997368,20.51999999997788,2.2800000000000002,22.79999999997788,98227.60395625024,4,TREND_08_SHORT_P65
2025-02-24 02:00:00+00:00,2025-02-24 04:00:00+00:00,-248.14159999999222,-0.252619009327065,-248.14159999999222,3247,3255,-1,0.28,21679.965,21678.615,21721.276,21722.626,21785.48890625,8,signal_exit,-231.3416000000085,-246.46159999999222,15.119999999983719,1.6800000000000002,16.79999999998372,97979.46235625025,4,TREND_08_SHORT_P65
2025-02-24 08:30:00+00:00,2025-02-24 09:00:00+00:00,-271.27743749997563,-0.276871735133246,-271.27743749997563,3273,3275,-1,0.27,21672.976,21671.626,21720.212562499997,21721.562562499996,21720.212562499997,2,atr_stop,-255.0774374999914,-269.65743749997563,14.579999999984238,1.62,16.19999999998424,97708.18491875028,4,TREND_08_SHORT_P65
2025-02-24 14:45:00+00:00,2025-02-24 15:00:00+00:00,736.840000000019,0.7541231070997193,736.840000000019,3298,3299,-1,0.26,21643.631,21642.281000000003,21498.931,21500.281,21714.870140625,1,signal_exit,752.4400000000039,738.400000000019,14.039999999984957,1.56,15.599999999984957,98445.0249187503,4,TREND_08_SHORT_P65
2025-02-25 03:00:00+00:00,2025-02-25 03:45:00+00:00,19.1590000000174,0.01946162339420393,19.1590000000174,3340,3343,-1,0.23,21372.575,21371.225000000002,21365.41,21366.76,21465.36234375,3,signal_exit,32.959000000004025,20.539000000017403,12.419999999986622,1.3800000000000001,13.799999999986623,98464.18391875032,4,TREND_08_SHORT_P65
2025-02-25 07:45:00+00:00,2025-02-25 08:15:00+00:00,-139.22819999998583,-0.1413998415046762,-139.22819999998583,3359,3361,-1,0.23,21308.309,21306.959000000003,21335.576,21336.926,21361.740328125,2,signal_exit,-125.42819999999921,-137.84819999998584,12.41999999998663,1.3800000000000001,13.79999999998663,98324.95571875034,4,TREND_08_SHORT_P65
2025-02-27 02:30:00+00:00,2025-02-27 05:00:00+00:00,153.39360000000684,0.15600678269184823,153.39360000000684,3516,3526,-1,0.24,21148.876,21147.526,21113.919,21115.269,21289.974984375,10,signal_exit,167.7935999999929,154.83360000000684,12.959999999986053,1.44,14.399999999986052,98478.34931875035,4,TREND_08_SHORT_P65
2025-02-28 02:15:00+00:00,2025-02-28 03:30:00+00:00,197.33100000001434,0.20038008492740075,197.33100000001434,3604,3609,-1,0.15,20583.575,20582.225000000002,20514.798,20516.147999999997,20726.411484375,5,signal_exit,206.3310000000056,198.23100000001432,8.099999999991269,0.8999999999999999,8.99999999999127,98675.68031875037,4,TREND_08_SHORT_P65
2025-02-28 04:45:00+00:00,2025-02-28 05:15:00+00:00,-52.133999999993115,-0.05283368691412671,-52.133999999993115,3614,3616,-1,0.15,20573.408,20572.058,20587.786,20589.136,20699.87628125,2,signal_exit,-43.13400000000183,-51.23399999999311,8.099999999991276,0.8999999999999999,8.999999999991276,98623.54631875038,4,TREND_08_SHORT_P65
2025-02-28 13:45:00+00:00,2025-02-28 15:15:00+00:00,-195.56999999999823,-0.19829950077836161,-195.56999999999823,3650,3656,-1,0.15,20582.853,20581.503,20645.043,20646.393,20662.533078124998,6,signal_exit,-186.57000000000696,-194.66999999999825,8.099999999991297,0.8999999999999999,8.999999999991298,98427.97631875038,4,TREND_08_SHORT_P65
2025-03-04 02:30:00+00:00,2025-03-04 03:00:00+00:00,-15.251999999991966,-0.015495594413726135,-15.251999999991966,3783,3785,-1,0.12,20477.287,20475.937,20480.642,20481.992,20664.101609375,2,signal_exit,-8.051999999998953,-14.531999999991967,6.479999999993014,0.72,7.199999999993014,98412.72431875039,4,TREND_08_SHORT_P65
2025-03-04 12:30:00+00:00,2025-03-04 14:30:00+00:00,-285.491062499992,-0.29009568069197117,-285.491062499992,3823,3831,-1,0.12,20270.086,20268.736,20386.040609375,20387.390609374997,20386.040609375,8,atr_stop,-278.291062499999,-284.77106249999196,6.47999999999297,0.72,7.199999999992969,98127.2332562504,4,TREND_08_SHORT_P65
2025-03-06 09:15:00+00:00,2025-03-06 15:15:00+00:00,114.60959999999993,0.11679693414029856,114.60959999999993,3988,4012,-1,0.14,20408.619,20407.269,20364.687,20366.037,20474.122046875,24,signal_exit,123.00959999999179,115.44959999999993,7.5599999999918595,0.8400000000000001,8.39999999999186,98241.8428562504,4,TREND_08_SHORT_P65
2025-03-07 02:45:00+00:00,2025-03-07 03:45:00+00:00,62.10440000002099,0.06321583369613037,62.10440000002099,4051,4055,-1,0.17,20168.097,20166.747000000003,20146.831,20148.180999999997,20334.534734375,4,signal_exit,72.30440000001109,63.124400000020984,9.179999999990102,1.02,10.199999999990101,98303.94725625042,4,TREND_08_SHORT_P65
2025-03-07 13:00:00+00:00,2025-03-07 13:30:00+00:00,-272.1686718749926,-0.27686443878548056,-272.1686718749926,4092,4094,-1,0.17,20090.686,20089.336000000003,20167.735609375002,20169.085609375,20167.735609375002,2,atr_stop,-261.9686718750025,-271.1486718749926,9.179999999990116,1.02,10.199999999990116,98031.77858437544,4,TREND_08_SHORT_P65
2025-03-07 14:30:00+00:00,2025-03-07 14:30:00+00:00,-356.722249999994,-0.3638842986950043,-356.722249999994,4098,4098,-1,0.16,20003.987,20002.637000000002,20112.462703125002,20113.812703125,20112.462703125002,0,atr_stop,-347.12225000000325,-355.76224999999397,8.63999999999072,0.96,9.599999999990722,97675.05633437545,4,TREND_08_SHORT_P65
2025-03-10 09:00:00+00:00,2025-03-10 09:30:00+00:00,-212.08240624999203,-0.21713056967580416,-212.08240624999203,4169,4171,-1,0.13,19929.22,19927.870000000003,20007.79015625,20009.14015625,20007.79015625,2,atr_stop,-204.2824062499996,-211.30240624999206,7.01999999999245,0.78,7.79999999999245,97462.97392812546,4,TREND_08_SHORT_P65
2025-03-13 04:00:00+00:00,2025-03-13 09:45:00+00:00,-332.30109375000006,-0.3409511123629955,-332.30109375000006,4416,4439,-1,0.18,19498.887,19497.537,19588.192859375,19589.542859375,19588.192859375,23,atr_stop,-321.50109375001045,-331.22109375,9.719999999989568,1.08,10.799999999989568,97130.67283437547,4,TREND_08_SHORT_P65
2025-03-14 00:30:00+00:00,2025-03-14 01:15:00+00:00,-122.58699999999114,-0.1262083298949479,-122.58699999999114,4491,4494,-1,0.17,19363.464,19362.114,19396.519,19397.869,19525.13478125,3,signal_exit,-112.387000000001,-121.56699999999113,9.17999999999013,1.02,10.19999999999013,97008.08583437548,4,TREND_08_SHORT_P65
2025-03-17 01:30:00+00:00,2025-03-17 03:00:00+00:00,50.498800000008195,0.05205627919122758,50.498800000008195,4584,4590,-1,0.22,19599.82,19598.47,19585.343,19586.693,19707.380234375,6,signal_exit,63.698799999995394,51.81880000000819,11.879999999987206,1.32,13.199999999987206,97058.58463437548,4,TREND_08_SHORT_P65
2025-03-18 13:15:00+00:00,2025-03-18 13:45:00+00:00,822.1710000000164,0.8470873576996569,822.1710000000164,4720,4722,-1,0.21,19693.375,19692.025,19494.62,19495.969999999998,19757.532499999998,2,signal_exit,834.7710000000042,823.4310000000164,11.339999999987754,1.26,12.599999999987753,97880.7556343755,4,TREND_08_SHORT_P65
2025-03-18 23:15:00+00:00,2025-03-19 00:00:00+00:00,-1.1717999999820314,-0.001197170978490585,-1.1717999999820314,4753,4756,-1,0.21,19498.053,19496.703,19495.332,19496.681999999997,19653.454015625,3,signal_exit,11.428200000005745,0.0882000000179687,11.339999999987777,1.26,12.599999999987777,97879.58383437552,4,TREND_08_SHORT_P65
2025-03-20 10:15:00+00:00,2025-03-20 10:30:00+00:00,243.0626000000147,0.2483281911080731,243.0626000000147,4886,4887,-1,0.17,19649.465,19648.115,19574.976,19576.325999999997,19704.207265625,1,signal_exit,253.2626000000048,244.08260000001468,9.179999999990116,1.02,10.199999999990116,98122.64643437554,4,TREND_08_SHORT_P65
2025-03-21 00:00:00+00:00,2025-03-21 01:45:00+00:00,-163.57479999999688,-0.16670443159051543,-163.57479999999688,4934,4941,-1,0.19,19684.675,19683.325,19724.721,19726.071,19825.454140625,7,signal_exit,-152.17480000000796,-162.4347999999969,10.259999999988935,1.1400000000000001,11.399999999988935,97959.07163437553,4,TREND_08_SHORT_P65
2025-03-21 08:45:00+00:00,2025-03-21 10:00:00+00:00,-233.66674999998563,-0.23853508011195557,-233.66674999998563,4969,4974,-1,0.19,19573.953,19572.603000000003,19632.44425,19633.79425,19632.44425,5,atr_stop,-222.2667499999967,-232.52674999998564,10.259999999988935,1.1400000000000001,11.399999999988935,97725.40488437554,4,TREND_08_SHORT_P65
2025-03-25 08:30:00+00:00,2025-03-25 09:30:00+00:00,-271.4563124999925,-0.27777455905265147,-271.4563124999925,5146,5150,-1,0.43,20094.076,20092.726000000002,20122.640687500003,20123.9906875,20122.640687500003,4,atr_stop,-245.65631250001752,-268.8763124999925,23.21999999997496,2.58,25.799999999974958,97453.94857187556,4,TREND_08_SHORT_P65
2025-03-27 02:00:00+00:00,2025-03-27 03:45:00+00:00,-289.8611999999837,-0.29743402319527495,-289.8611999999837,5298,5305,-1,0.27,19891.242,19889.892,19941.92,19943.269999999997,19979.902859374997,7,signal_exit,-273.6611999999994,-288.2411999999837,14.579999999984295,1.62,16.199999999984296,97164.08737187558,4,TREND_08_SHORT_P65
2025-03-27 08:15:00+00:00,2025-03-27 08:30:00+00:00,-276.12893749998557,-0.2841882684938508,-276.12893749998557,5323,5324,-1,0.26,19841.585,19840.235,19891.68671875,19893.036718749998,19891.68671875,1,atr_stop,-260.5289375000008,-274.5689374999856,14.039999999984843,1.56,15.599999999984844,96887.95843437559,4,TREND_08_SHORT_P65
2025-03-28 01:30:00+00:00,2025-03-28 01:45:00+00:00,4.351600000018952,0.004491373407322222,4.351600000018952,5385,5386,-1,0.22,19797.909,19796.559,19793.92,19795.269999999997,19903.254625,1,signal_exit,17.551600000006147,5.671600000018953,11.879999999987195,1.32,13.199999999987195,96892.3100343756,4,TREND_08_SHORT_P65
2025-03-28 07:15:00+00:00,2025-03-28 13:15:00+00:00,-58.70339999999866,-0.06058623226050838,-58.70339999999866,5408,5432,-1,0.21,19737.297,19735.947,19748.274,19749.624,19781.334265625,24,signal_exit,-46.10340000001088,-57.443399999998654,11.339999999987775,1.26,12.599999999987775,96833.6066343756,4,TREND_08_SHORT_P65
2025-03-28 14:00:00+00:00,2025-03-28 14:15:00+00:00,542.2280000000144,0.5599584884278445,542.2280000000144,5435,5436,-1,0.2,19666.309,19664.959000000003,19527.752,19529.102,19761.450171875,1,signal_exit,554.2280000000028,543.4280000000144,10.799999999988358,1.2000000000000002,11.999999999988358,97375.8346343756,4,TREND_08_SHORT_P65
2025-03-28 19:30:00+00:00,2025-03-30 23:15:00+00:00,688.7916000000106,0.7073537316381097,688.7916000000106,5457,5461,-1,0.21,19279.852,19278.502,19112.854,19114.203999999998,19417.323249999998,4,signal_exit,701.3915999999982,690.0516000000106,11.33999999998764,1.26,12.59999999998764,98064.62623437561,4,TREND_08_SHORT_P65
2025-03-31 05:30:00+00:00,2025-03-31 06:30:00+00:00,-170.48800000000048,-0.17385269953768262,-170.48800000000048,5482,5486,-1,0.2,19022.974,19021.624,19062.596,19063.946,19115.95634375,4,signal_exit,-158.48800000001214,-169.2880000000005,10.799999999988358,1.2000000000000002,11.999999999988358,97894.1382343756,4,TREND_08_SHORT_P65
2025-03-31 10:30:00+00:00,2025-03-31 14:45:00+00:00,804.6614000000133,0.8219709724330112,804.6614000000133,5502,5519,-1,0.19,19039.941,19038.591,18825.188,18826.537999999997,19111.980765625,17,signal_exit,816.0614000000023,805.8014000000134,10.259999999988963,1.1400000000000001,11.399999999988964,98698.79963437561,4,TREND_08_SHORT_P65
2025-04-02 11:15:00+00:00,2025-04-02 14:45:00+00:00,-152.13599999998695,-0.15414169226329663,-152.13599999998695,5683,5697,-1,0.2,19323.708,19322.358,19358.742,19360.091999999997,19383.143234375,14,signal_exit,-140.1359999999986,-150.93599999998696,10.799999999988358,1.2000000000000002,11.999999999988358,98546.66363437561,4,TREND_08_SHORT_P65
2025-04-04 01:15:00+00:00,2025-04-04 02:45:00+00:00,86.97000000001351,0.08825260723456511,86.97000000001351,5821,5827,-1,0.15,18533.232,18531.882,18501.242,18502.591999999997,18701.5895,6,signal_exit,95.97000000000479,87.87000000001352,8.099999999991269,0.8999999999999999,8.99999999999127,98633.63363437563,4,TREND_08_SHORT_P65
2025-04-04 05:00:00+00:00,2025-04-04 07:00:00+00:00,-362.27574999998563,-0.36729433627367236,-362.27574999998563,5836,5844,-1,0.16,18405.732,18404.382,18515.943171875,18517.293171874997,18515.943171875,8,atr_stop,-352.6757499999949,-361.3157499999856,8.63999999999072,0.96,9.599999999990722,98271.35788437564,4,TREND_08_SHORT_P65
2025-04-07 03:45:00+00:00,2025-04-07 06:30:00+00:00,95.71100000000223,0.09739460414560884,95.71100000000223,5920,5931,-1,0.05,16738.897,16737.547000000002,16640.186,16641.536,17153.8391875,11,signal_exit,98.71099999999934,96.01100000000224,2.699999999997104,0.30000000000000004,2.9999999999971037,98367.06888437565,4,TREND_08_SHORT_P65
2025-04-09 04:00:00+00:00,2025-04-09 07:30:00+00:00,144.34240000000457,0.1467385392662966,144.34240000000457,6099,6113,-1,0.08,16910.689,16909.339,16817.475,16818.824999999997,17232.101578125,14,signal_exit,149.14239999999992,144.8224000000046,4.319999999995332,0.48,4.7999999999953324,98511.41128437564,4,TREND_08_SHORT_P65
2025-04-09 12:45:00+00:00,2025-04-09 14:00:00+00:00,-414.7462499999974,-0.42101340808400134,-414.7462499999974,6134,6139,-1,0.06,16780.519,16779.169,17123.140875,17124.490875,17123.140875,5,atr_stop,-411.14625000000086,-414.3862499999974,3.2399999999965416,0.36,3.5999999999965415,98096.66503437565,4,TREND_08_SHORT_P65
2025-04-10 16:45:00+00:00,2025-04-10 18:15:00+00:00,274.1120000000003,0.2794304983802907,274.1120000000003,6239,6245,-1,0.05,18257.92,18256.57,17980.808,17982.158,18528.501484374996,6,signal_exit,277.11199999999735,274.41200000000026,2.6999999999970896,0.30000000000000004,2.9999999999970894,98370.77703437566,4,TREND_08_SHORT_P65
2025-04-11 03:00:00+00:00,2025-04-11 04:30:00+00:00,-191.8923999999944,-0.19507053393807963,-191.8923999999944,6273,6279,-1,0.07,18231.865,18230.515000000003,18365.931,18367.281,18637.802812500002,6,signal_exit,-187.69239999999846,-191.4723999999944,3.779999999995937,0.42000000000000004,4.199999999995937,98178.88463437566,4,TREND_08_SHORT_P65
2025-04-15 00:45:00+00:00,2025-04-15 03:15:00+00:00,-234.84959999999148,-0.2392058138311371,-234.84959999999148,6442,6452,-1,0.12,18695.532,18694.182,18790.386,18791.735999999997,18904.29465625,10,signal_exit,-227.64959999999846,-234.12959999999146,6.479999999992998,0.72,7.199999999992998,97944.03503437567,4,TREND_08_SHORT_P65
2025-04-15 13:00:00+00:00,2025-04-15 14:15:00+00:00,-254.29490624999514,-0.2596328670354908,-254.29490624999514,6491,6496,-1,0.14,18749.308,18747.958000000002,18837.127609375002,18838.477609375,18837.127609375002,5,atr_stop,-245.89490625000326,-253.45490624999516,7.559999999991902,0.8400000000000001,8.399999999991902,97689.74012812568,4,TREND_08_SHORT_P65
2025-04-16 06:45:00+00:00,2025-04-16 09:15:00+00:00,-290.4487499999908,-0.29731755824004713,-290.4487499999908,6555,6565,-1,0.15,18407.954,18406.604000000003,18501.77025,18503.12025,18501.77025,10,atr_stop,-281.44874999999956,-289.54874999999083,8.099999999991269,0.8999999999999999,8.99999999999127,97399.2913781257,4,TREND_08_SHORT_P65
2025-04-16 15:00:00+00:00,2025-04-16 15:30:00+00:00,-345.35418749999553,-0.3545756674545545,-345.35418749999553,6588,6590,-1,0.12,18387.553,18386.203,18528.450578125,18529.800578125,18528.450578125,2,atr_stop,-338.1541875000024,-344.6341874999955,6.479999999993083,0.72,7.199999999993083,97053.9371906257,4,TREND_08_SHORT_P65
2025-04-16 17:30:00+00:00,2025-04-16 18:45:00+00:00,455.6968000000077,0.4695294319744741,455.6968000000077,6598,6603,-1,0.13,18460.199,18458.849000000002,18281.931,18283.281,18617.907750000002,5,signal_exit,463.49680000000006,456.4768000000077,7.019999999992365,0.78,7.799999999992365,97509.6339906257,4,TREND_08_SHORT_P65
2025-04-17 15:00:00+00:00,2025-04-17 15:30:00+00:00,373.1286000000134,0.38265818948298475,373.1286000000134,6677,6679,-1,0.13,18352.898,18351.548000000003,18206.387,18207.736999999997,18476.613937500002,2,signal_exit,380.9286000000059,373.9086000000134,7.0199999999924785,0.78,7.799999999992479,97882.76259062572,4,TREND_08_SHORT_P65
2025-04-17 16:00:00+00:00,2025-04-17 16:15:00+00:00,-302.0653999999926,-0.30859917722522634,-302.0653999999926,6681,6682,-1,0.13,18180.897,18179.547000000002,18294.076,18295.426,18320.441531250002,1,signal_exit,-294.2654000000003,-301.28539999999265,7.019999999992365,0.78,7.799999999992365,97580.69719062572,4,TREND_08_SHORT_P65
2025-04-21 03:30:00+00:00,2025-04-21 07:00:00+00:00,103.86560000001685,0.10644072341183776,103.86560000001685,6720,6734,-1,0.16,18159.989,18158.639000000003,18124.531,18125.880999999998,18291.50634375,14,signal_exit,113.46560000000756,104.82560000001686,8.639999999990692,0.96,9.599999999990693,97684.56279062574,4,TREND_08_SHORT_P65
2025-04-21 12:45:00+00:00,2025-04-21 15:00:00+00:00,306.9568000000063,0.3142326599320801,306.9568000000063,6757,6766,-1,0.16,17973.299,17971.949,17874.375,17875.725,18046.49915625,9,signal_exit,316.556799999997,307.91680000000633,8.639999999990664,0.96,9.599999999990665,97991.51959062576,4,TREND_08_SHORT_P65
2025-04-30 12:45:00+00:00,2025-04-30 13:45:00+00:00,1050.0380000000146,1.0715600741642801,1050.0380000000146,7380,7384,-1,0.22,19440.754,19439.404000000002,19199.109,19200.459,19497.792984375,4,signal_exit,1063.2380000000019,1051.3580000000147,11.879999999987149,1.32,13.19999999998715,99041.55759062577,4,TREND_08_SHORT_P65
2025-05-02 10:15:00+00:00,2025-05-02 13:30:00+00:00,-328.14271874998894,-0.33131821301349107,-328.14271874998894,7548,7561,-1,0.21,19810.831,19809.481,19885.96021875,19887.310218749997,19885.96021875,13,atr_stop,-315.54271875000126,-326.88271874998895,11.339999999987697,1.26,12.599999999987697,98713.41487187578,4,TREND_08_SHORT_P65
2025-05-05 02:00:00+00:00,2025-05-05 06:45:00+00:00,208.02580000000484,0.2107371123468985,208.02580000000484,7604,7623,-1,0.23,20007.087,20005.737,19958.864,19960.214,20101.839265625,19,signal_exit,221.8257999999915,209.40580000000483,12.419999999986658,1.3800000000000001,13.799999999986658,98921.44067187578,4,TREND_08_SHORT_P65
2025-05-05 10:15:00+00:00,2025-05-05 14:45:00+00:00,-329.39287499998824,-0.33298430831854786,-329.39287499998824,7637,7655,-1,0.24,19894.564,19893.214,19960.187515625,19961.537515624997,19960.187515625,18,atr_stop,-314.9928750000021,-327.9528749999882,12.95999999998611,1.44,14.39999999998611,98592.04779687579,4,TREND_08_SHORT_P65
2025-05-06 03:15:00+00:00,2025-05-06 09:15:00+00:00,499.90520000003636,0.507044139127697,499.90520000003636,7698,7722,-1,0.38,19859.131,19857.781000000003,19790.354,19791.703999999998,19924.364359375,24,signal_exit,522.7052000000142,502.18520000003633,20.51999999997787,2.2800000000000002,22.79999999997787,99091.95299687583,4,TREND_08_SHORT_P65
2025-05-07 13:30:00+00:00,2025-05-07 16:00:00+00:00,227.23520000001653,0.2293175107843326,227.23520000001653,7828,7838,-1,0.16,19832.665,19831.315000000002,19758.654,19760.003999999997,19902.603046875003,10,signal_exit,236.8352000000072,228.1952000000165,8.639999999990692,0.96,9.599999999990693,99319.18819687585,4,TREND_08_SHORT_P65
2025-05-08 15:15:00+00:00,2025-05-08 16:15:00+00:00,-244.42242187498996,-0.24609788532552507,-244.42242187498996,7924,7928,-1,0.15,19964.687,19963.337000000003,20043.161140625,20044.511140625,20043.161140625,4,atr_stop,-235.4224218749987,-243.52242187499,8.099999999991297,0.8999999999999999,8.999999999991298,99074.76577500087,4,TREND_08_SHORT_P65
2025-05-09 04:15:00+00:00,2025-05-09 07:00:00+00:00,-94.64279999998631,-0.09552664521551374,-94.64279999998631,7969,7980,-1,0.21,20093.175,20091.825,20112.709,20114.058999999997,20177.2775,11,signal_exit,-82.04279999999854,-93.38279999998632,11.339999999987782,1.26,12.599999999987782,98980.12297500088,4,TREND_08_SHORT_P65
2025-05-16 03:00:00+00:00,2025-05-16 04:00:00+00:00,-193.39039999998175,-0.19538306701116728,-193.39039999998175,8409,8413,-1,0.28,21289.087,21287.737,21320.621,21321.970999999998,21370.598796875,4,signal_exit,-176.59039999999806,-191.71039999998175,15.11999999998369,1.6800000000000002,16.79999999998369,98786.7325750009,4,TREND_08_SHORT_P65
2025-05-19 04:00:00+00:00,2025-05-19 07:00:00+00:00,61.99160000001255,0.06275296123692244,61.99160000001255,8502,8514,-1,0.22,21185.087,21183.737,21167.998,21169.347999999998,21268.623562499997,12,signal_exit,75.19159999999975,63.31160000001255,11.879999999987206,1.32,13.199999999987206,98848.72417500091,4,TREND_08_SHORT_P65
2025-05-19 07:30:00+00:00,2025-05-19 14:30:00+00:00,-307.3543593749798,-0.3109340681330822,-307.3543593749798,8516,8544,-1,0.21,21159.653,21158.303,21229.832609374997,21231.182609374995,21229.832609374997,28,atr_stop,-294.754359374992,-306.09435937497983,11.33999999998781,1.26,12.59999999998781,98541.36981562593,4,TREND_08_SHORT_P65
2025-05-20 07:15:00+00:00,2025-05-20 08:15:00+00:00,-91.99079999998474,-0.09335246726537544,-91.99079999998474,8604,8608,-1,0.23,21336.61,21335.260000000002,21353.608,21354.958,21389.592890625,4,signal_exit,-78.19079999999813,-90.61079999998475,12.419999999986615,1.3800000000000001,13.799999999986616,98449.37901562595,4,TREND_08_SHORT_P65
2025-05-20 15:15:00+00:00,2025-05-20 17:00:00+00:00,-249.33119999998368,-0.2532582759718674,-249.33119999998368,8636,8643,-1,0.24,21312.61,21311.260000000002,21361.554,21362.904,21384.36859375,7,signal_exit,-234.93119999999763,-247.89119999998368,12.959999999986053,1.44,14.399999999986052,98200.04781562596,4,TREND_08_SHORT_P65
2025-05-21 03:30:00+00:00,2025-05-21 14:45:00+00:00,51.68380000001722,0.052631135268951565,51.68380000001722,8678,8723,-1,0.29,21303.808,21302.458000000002,21291.897,21293.247,21384.331828125003,45,signal_exit,69.08380000000034,53.423800000017216,15.659999999983121,1.7399999999999998,17.39999999998312,98251.73161562599,4,TREND_08_SHORT_P65
2025-05-22 02:15:00+00:00,2025-05-22 02:45:00+00:00,49.85280000001426,0.05073986908958014,49.85280000001426,8762,8764,-1,0.16,21126.465,21125.115,21107.886,21109.235999999997,21268.068046875,2,signal_exit,59.452800000004935,50.812800000014256,8.639999999990678,0.96,9.599999999990679,98301.58441562601,4,TREND_08_SHORT_P65
2025-05-22 13:15:00+00:00,2025-05-22 13:45:00+00:00,-229.08024999998972,-0.23303820722911478,-229.08024999998972,8806,8808,-1,0.16,20997.386,20996.036,21065.973578125,21067.323578124997,21065.973578125,2,atr_stop,-219.48024999999907,-228.12024999998974,8.639999999990664,0.96,9.599999999990665,98072.50416562603,4,TREND_08_SHORT_P65
2025-05-23 07:30:00+00:00,2025-05-23 08:00:00+00:00,-248.66625,-0.2535534828192512,-248.66625,8872,8874,-1,0.21,21057.609,21056.259000000002,21113.815250000003,21115.165250000002,21113.815250000003,2,atr_stop,-236.06625000001222,-247.40625,11.339999999987782,1.26,12.599999999987782,97823.83791562602,4,TREND_08_SHORT_P65
2025-05-23 19:45:00+00:00,2025-05-23 20:45:00+00:00,11.447800000016725,0.01170246459752536,11.447800000016725,8921,8925,-1,0.17,20988.042,20986.692000000003,20981.675,20983.024999999998,21164.821375,4,signal_exit,21.647800000006832,12.467800000016725,9.179999999990107,1.02,10.199999999990107,97835.28571562604,4,TREND_08_SHORT_P65
2025-05-28 08:30:00+00:00,2025-05-28 11:30:00+00:00,-272.7616249999712,-0.2787967786927067,-272.7616249999712,9126,9138,-1,0.38,21377.776,21376.426000000003,21410.6656875,21412.0156875,21410.6656875,12,atr_stop,-249.96162499999338,-270.48162499997125,20.51999999997787,2.2800000000000002,22.79999999997787,97562.52409062607,4,TREND_08_SHORT_P65
2025-05-29 23:00:00+00:00,2025-05-30 01:45:00+00:00,-0.2609999999898718,-0.00026752075391922847,-0.2609999999898718,9266,9277,-1,0.15,21309.132,21307.782000000003,21306.219,21307.569,21461.97075,11,signal_exit,8.739000000001397,0.6390000000101281,8.099999999991269,0.8999999999999999,8.99999999999127,97562.26309062609,4,TREND_08_SHORT_P65
2025-05-30 02:15:00+00:00,2025-05-30 03:00:00+00:00,-106.90919999998208,-0.10958048390151999,-106.90919999998208,9279,9282,-1,0.19,21269.609,21268.259000000002,21294.743,21296.092999999997,21386.32275,3,signal_exit,-95.50919999999314,-105.76919999998209,10.259999999988949,1.1400000000000001,11.39999999998895,97455.3538906261,4,TREND_08_SHORT_P65
2025-06-02 09:00:00+00:00,2025-06-02 11:15:00+00:00,-113.93399999999706,-0.11690891823948933,-113.93399999999706,9395,9404,-1,0.17,21165.71,21164.36,21196.22,21197.57,21229.47578125,9,signal_exit,-103.73400000000694,-112.91399999999705,9.179999999990102,1.02,10.199999999990101,97341.4198906261,4,TREND_08_SHORT_P65
2025-06-03 08:45:00+00:00,2025-06-03 11:45:00+00:00,-221.33507812499386,-0.22738016188143592,-221.33507812499386,9483,9495,-1,0.21,21385.209,21383.859,21434.907828125,21436.257828125,21434.907828125,12,atr_stop,-208.73507812500608,-220.07507812499387,11.339999999987782,1.26,12.599999999987782,97120.0848125011,4,TREND_08_SHORT_P65
2025-06-06 03:00:00+00:00,2025-06-06 03:45:00+00:00,0.4200000000213916,0.00043245431759273974,0.4200000000213916,9727,9730,-1,0.21,21551.664,21550.314000000002,21548.564,21549.913999999997,21678.786500000002,3,signal_exit,13.020000000009166,1.6800000000213915,11.339999999987775,1.26,12.599999999987775,97120.50481250111,4,TREND_08_SHORT_P65
2025-06-12 02:00:00+00:00,2025-06-12 05:30:00+00:00,-113.1199999999878,-0.11647385916946683,-113.1199999999878,10079,10093,-1,0.28,21777.331,21775.981,21794.531,21795.880999999998,21887.79646875,14,signal_exit,-96.32000000000409,-111.43999999998779,15.119999999983705,1.6800000000000002,16.799999999983704,97007.38481250113,4,TREND_08_SHORT_P65
2025-06-12 09:15:00+00:00,2025-06-12 10:30:00+00:00,-337.21185937498115,-0.347614627511869,-337.21185937498115,10108,10113,-1,0.27,21734.753,21733.403000000002,21794.199640625,21795.549640625,21794.199640625,5,atr_stop,-321.01185937499685,-335.59185937498114,14.579999999984295,1.62,16.199999999984296,96670.17295312615,4,TREND_08_SHORT_P65
2025-06-13 07:30:00+00:00,2025-06-13 10:00:00+00:00,-120.17039999999193,-0.12430969794401908,-120.17039999999193,10190,10200,-1,0.21,21557.208,21555.858,21582.82,21584.17,21677.225656249997,10,signal_exit,-107.57040000000416,-118.91039999999194,11.339999999987782,1.26,12.599999999987782,96550.00255312615,4,TREND_08_SHORT_P65
2025-06-18 01:00:00+00:00,2025-06-18 01:15:00+00:00,-315.87919999998064,-0.3271664336064308,-315.87919999998064,10431,10432,-1,0.26,21672.264,21670.914,21730.01,21731.359999999997,21775.788765625,1,signal_exit,-300.2791999999958,-314.3191999999807,14.0399999999849,1.56,15.5999999999849,96234.12335312617,4,TREND_08_SHORT_P65
2025-06-18 02:00:00+00:00,2025-06-18 05:15:00+00:00,-19.764999999973952,-0.020538452797504374,-19.764999999973952,10435,10448,-1,0.25,21744.789,21743.439000000002,21745.742,21747.091999999997,21845.892515625,13,signal_exit,-4.764999999988504,-18.264999999973952,13.499999999985448,1.5,14.999999999985448,96214.3583531262,4,TREND_08_SHORT_P65
2025-06-18 12:15:00+00:00,2025-06-18 12:45:00+00:00,-237.9217999999868,-0.2472830501314217,-237.9217999999868,10476,10478,-1,0.29,21732.287,21730.937,21770.308,21771.658,21785.692234375,2,signal_exit,-220.5218000000037,-236.1817999999868,15.659999999983086,1.7399999999999998,17.399999999983084,95976.43655312622,4,TREND_08_SHORT_P65
2025-06-19 03:00:00+00:00,2025-06-19 06:30:00+00:00,-184.05519999998114,-0.1917712374100286,-184.05519999998114,10528,10542,-1,0.23,21610.775,21609.425000000003,21647.787,21649.137,21732.265468750003,14,signal_exit,-170.25519999999455,-182.67519999998115,12.4199999999866,1.3800000000000001,13.799999999986602,95792.38135312623,4,TREND_08_SHORT_P65
2025-06-19 09:30:00+00:00,2025-06-19 10:15:00+00:00,-50.74519999998475,-0.05297415022278143,-50.74519999998475,10554,10557,-1,0.22,21593.71,21592.36,21602.243,21603.592999999997,21657.500859375,3,signal_exit,-37.54519999999757,-49.425199999984756,11.879999999987184,1.32,13.199999999987185,95741.63615312624,4,TREND_08_SHORT_P65
2025-06-19 12:30:00+00:00,2025-06-19 15:00:00+00:00,531.0360000000071,0.5546552381355635,531.0360000000071,10566,10576,-1,0.22,21580.876,21579.526,21457.186,21458.536,21640.149359375002,10,signal_exit,544.2359999999943,532.356000000007,11.879999999987263,1.32,13.199999999987263,96272.67215312624,4,TREND_08_SHORT_P65
2025-06-19 16:45:00+00:00,2025-06-19 17:15:00+00:00,-14.796599999992178,-0.015369470555940824,-14.796599999992178,10583,10585,-1,0.21,21486.031,21484.681,21486.554,21487.904,21565.187171875,2,signal_exit,-2.1966000000044006,-13.536599999992177,11.339999999987777,1.26,12.599999999987777,96257.87555312624,4,TREND_08_SHORT_P65
2025-06-19 23:00:00+00:00,2025-06-19 23:15:00+00:00,-33.17579999999304,-0.03446554353018397,-33.17579999999304,10588,10589,-1,0.21,21602.265,21600.915,21607.164,21608.514,21683.48109375,1,signal_exit,-20.575800000005255,-31.915799999993034,11.339999999987779,1.26,12.599999999987778,96224.69975312625,4,TREND_08_SHORT_P65
2025-06-30 15:15:00+00:00,2025-06-30 17:30:00+00:00,34.03800000000541,0.03537345409996932,34.03800000000541,11187,11196,-1,0.31,22625.798,22624.448,22617.308,22618.658,22674.73253125,9,signal_exit,52.63799999998737,35.89800000000541,16.73999999998196,1.8599999999999999,18.59999999998196,96258.73775312626,4,TREND_08_SHORT_P65
2025-07-01 09:45:00+00:00,2025-07-01 13:30:00+00:00,475.408000000015,0.4938855537658189,475.408000000015,11254,11269,-1,0.43,22618.999,22617.649,22560.719,22562.069,22655.322359375,15,signal_exit,501.2079999999901,477.98800000001506,23.219999999975016,2.58,25.799999999975014,96734.14575312629,4,TREND_08_SHORT_P65
2025-07-01 14:00:00+00:00,2025-07-01 15:15:00+00:00,-437.17024999996414,-0.45192961244074004,-437.17024999996414,11271,11276,-1,0.44,22579.608,22578.258,22626.2864375,22627.636437499998,22626.2864375,5,atr_stop,-410.7702499999898,-434.53024999996416,23.759999999974355,2.64,26.399999999974355,96296.97550312632,4,TREND_08_SHORT_P65
2025-07-04 08:45:00+00:00,2025-07-04 09:30:00+00:00,-39.15839999998686,-0.03915839999998687,-39.15839999998686,203,206,-1,0.48,22770.853,22769.503,22771.932,22773.282,22804.664406249998,3,signal_exit,-10.358400000014807,-36.27839999998687,25.91999999997206,2.88,28.79999999997206,99960.84160000001,5,TREND_08_SHORT_P65
2025-07-04 13:45:00+00:00,2025-07-04 16:45:00+00:00,-70.9019999999793,-0.07092977496497918,-70.9019999999793,223,235,-1,0.45,22730.02,22728.670000000002,22734.898,22736.248,22782.27515625,12,signal_exit,-43.9020000000055,-68.20199999997931,24.299999999973807,2.7,26.999999999973806,99889.93960000003,5,TREND_08_SHORT_P65
2025-07-06 23:00:00+00:00,2025-07-06 23:15:00+00:00,28.98900000000576,0.029020940563273454,28.98900000000576,240,241,-1,0.45,22804.819,22803.469,22798.598,22799.948,22854.380484375,1,signal_exit,55.98899999997957,31.689000000005763,24.299999999973807,2.7,26.999999999973806,99918.92860000003,5,TREND_08_SHORT_P65
2025-07-07 06:30:00+00:00,2025-07-07 07:00:00+00:00,-132.35039999995524,-0.13245778538097255,-132.35039999995524,270,272,-1,0.42,22742.076,22740.726000000002,22754.832,22756.181999999997,22800.2169375,2,signal_exit,-107.1503999999797,-129.83039999995526,22.679999999975564,2.52,25.199999999975564,99786.57820000008,5,TREND_08_SHORT_P65
2025-07-08 20:45:00+00:00,2025-07-09 09:30:00+00:00,-118.89919999996665,-0.11915349954345521,-118.89919999996665,416,460,-1,0.32,22681.308,22679.958000000002,22696.886,22698.235999999997,22765.121671875,44,signal_exit,-99.6991999999853,-116.97919999996667,17.27999999998137,1.92,19.199999999981372,99667.6790000001,5,TREND_08_SHORT_P65
2025-07-11 05:45:00+00:00,2025-07-11 06:30:00+00:00,-34.353399999997634,-0.03446794421689864,-34.353399999997634,623,626,-1,0.29,22784.119,22782.769,22787.042,22788.392,22847.008218749997,3,signal_exit,-16.95340000001452,-32.61339999999764,15.659999999983121,1.7399999999999998,17.39999999998312,99633.32560000011,5,TREND_08_SHORT_P65
2025-07-11 08:30:00+00:00,2025-07-11 15:00:00+00:00,-195.81519999998682,-0.19653584663642562,-195.81519999998682,634,660,-1,0.28,22749.808,22748.458000000002,22781.775,22783.125,22815.25425,26,signal_exit,-179.0152000000031,-194.1351999999868,15.119999999983719,1.6800000000000002,16.79999999998372,99437.51040000013,5,TREND_08_SHORT_P65
2025-07-16 03:00:00+00:00,2025-07-16 06:00:00+00:00,15.629600000001957,0.015718012183862897,15.629600000001957,879,891,-1,0.28,22855.599,22854.249,22849.808,22851.158,22928.257281249997,12,signal_exit,32.42959999998566,17.309600000001957,15.119999999983705,1.6800000000000002,16.799999999983704,99453.14000000013,5,TREND_08_SHORT_P65
2025-07-16 08:45:00+00:00,2025-07-16 12:45:00+00:00,-139.10079999996876,-0.1398656693996475,-139.10079999996876,902,918,-1,0.34,22809.842,22808.492000000002,22827.298,22828.647999999997,22853.831921875,16,signal_exit,-118.70079999998852,-137.06079999996874,18.359999999980218,2.04,20.399999999980217,99314.03920000016,5,TREND_08_SHORT_P65
2025-07-18 11:45:00+00:00,2025-07-18 13:00:00+00:00,-53.089799999958196,-0.05345649057032625,-53.089799999958196,1092,1097,-1,0.5700000000000001,23097.375,23096.025,23099.032,23100.381999999998,23123.293125,5,signal_exit,-18.889799999991375,-49.669799999958194,30.77999999996682,3.4200000000000004,34.19999999996682,99260.9494000002,5,TREND_08_SHORT_P65
2025-07-21 00:15:00+00:00,2025-07-21 01:00:00+00:00,-151.85939999996586,-0.15299007406024825,-151.85939999996586,1135,1138,-1,0.5700000000000001,23089.589,23088.239,23099.91,23101.26,23156.0499375,3,signal_exit,-117.65939999999901,-148.43939999996584,30.779999999966833,3.4200000000000004,34.199999999966835,99109.09000000023,5,TREND_08_SHORT_P65
2025-07-22 05:45:00+00:00,2025-07-22 07:45:00+00:00,-154.67699999998905,-0.15606742025377157,-154.67699999998905,1246,1254,-1,0.47000000000000003,23146.298,23144.948,23159.753,23161.103,23176.823546875,8,signal_exit,-126.47700000001642,-151.85699999998906,25.37999999997264,2.8200000000000003,28.19999999997264,98954.41300000023,5,TREND_08_SHORT_P65
2025-07-22 20:15:00+00:00,2025-07-23 00:45:00+00:00,-62.69439999996553,-0.06335685099760571,-62.69439999996553,1304,1315,-1,0.31,23077.487,23076.137000000002,23084.599,23085.948999999997,23165.112234375003,11,signal_exit,-44.09439999998358,-60.834399999965534,16.739999999981954,1.8599999999999999,18.599999999981954,98891.71860000027,5,TREND_08_SHORT_P65
2025-07-24 08:00:00+00:00,2025-07-24 08:15:00+00:00,-41.03999999995809,-0.041499936072460955,-41.03999999995809,1433,1434,-1,0.36,23208.097,23206.747000000003,23210.797,23212.146999999997,23234.062078125004,1,signal_exit,-19.439999999979047,-38.879999999958095,19.439999999979047,2.16,21.599999999979048,98850.6786000003,5,TREND_08_SHORT_P65
2025-07-24 14:00:00+00:00,2025-07-24 14:30:00+00:00,-260.41804687496335,-0.26344588682971626,-260.41804687496335,1457,1459,-1,0.35000000000000003,23208.819,23207.469,23243.021578124997,23244.371578124996,23243.021578124997,2,atr_stop,-239.4180468749837,-258.31804687496333,18.899999999979627,2.1,20.99999999997963,98590.26055312534,5,TREND_08_SHORT_P65
2025-07-25 08:15:00+00:00,2025-07-25 10:00:00+00:00,0.42300000001094284,0.00042904846547495374,0.42300000001094284,1523,1530,-1,0.47000000000000003,23232.832,23231.482,23229.787,23231.137,23258.900828125,7,signal_exit,28.622999999983588,3.243000000010943,25.379999999972643,2.8200000000000003,28.199999999972643,98590.68355312535,5,TREND_08_SHORT_P65
2025-07-25 10:30:00+00:00,2025-07-25 12:00:00+00:00,-210.65279999996537,-0.21366400192007556,-210.65279999996537,1532,1538,-1,0.48,23223.41,23222.06,23242.353,23243.702999999998,23251.187109375,6,signal_exit,-181.8527999999933,-207.77279999996537,25.919999999972077,2.88,28.799999999972076,98380.03075312538,5,TREND_08_SHORT_P65
2025-07-28 18:30:00+00:00,2025-07-28 23:00:00+00:00,-496.9919531249791,-0.5051756431873148,-496.9919531249791,1653,1664,-1,0.45,23324.275,23322.925000000003,23376.496328125002,23377.846328125,23376.496328125002,11,atr_stop,-469.99195312500524,-494.29195312497905,24.299999999973807,2.7,26.999999999973806,97883.03880000039,5,TREND_08_SHORT_P65
2025-07-30 00:45:00+00:00,2025-07-30 02:15:00+00:00,-92.11999999998575,-0.09411232132689508,-92.11999999998575,1760,1766,-1,0.49,23335.92,23334.57,23342.32,23343.67,23406.726640625,6,signal_exit,-62.72000000001427,-89.17999999998575,26.459999999971487,2.94,29.399999999971488,97790.9188000004,5,TREND_08_SHORT_P65
2025-08-01 03:00:00+00:00,2025-08-01 05:45:00+00:00,4.259200000016135,0.00435541464614618,4.259200000016135,1947,1958,-1,0.22,23192.543,23191.193000000003,23188.575,23189.925,23312.4895625,11,signal_exit,17.45920000000333,5.579200000016136,11.879999999987195,1.32,13.199999999987195,97795.17800000042,5,TREND_08_SHORT_P65
2025-08-01 08:30:00+00:00,2025-08-01 09:45:00+00:00,403.7660000000102,0.4128690271416127,403.7660000000102,1969,1974,-1,0.22,23054.497,23053.147,22959.732,22961.082,23109.46528125,5,signal_exit,416.96599999999745,405.08600000001024,11.879999999987206,1.32,13.199999999987206,98198.94400000043,5,TREND_08_SHORT_P65
2025-08-01 13:15:00+00:00,2025-08-01 14:00:00+00:00,239.53440000002436,0.24392767400841225,239.53440000002436,1988,1991,-1,0.21,23000.686,22999.336000000003,22940.654,22942.003999999997,23080.003109375,3,signal_exit,252.13440000001214,240.79440000002435,11.339999999987782,1.26,12.599999999987782,98438.47840000044,5,TREND_08_SHORT_P65
2025-08-01 14:30:00+00:00,2025-08-01 14:45:00+00:00,646.7120000000112,0.6569707400109595,646.7120000000112,1993,1994,-1,0.2,22960.386,22959.036,22795.708,22797.057999999997,23058.502406249998,1,signal_exit,658.7119999999996,647.9120000000113,10.799999999988358,1.2000000000000002,11.999999999988358,99085.19040000044,5,TREND_08_SHORT_P65
2025-08-11 09:15:00+00:00,2025-08-11 10:00:00+00:00,-256.2103124999843,-0.2585757886377167,-256.2103124999843,2506,2509,-1,0.36,23574.286,23572.936,23606.870765625,23608.220765625,23606.870765625,3,atr_stop,-234.61031250000522,-254.05031249998427,19.43999999997905,2.16,21.59999999997905,98828.98008750046,5,TREND_08_SHORT_P65
2025-08-12 02:15:00+00:00,2025-08-12 07:30:00+00:00,-314.1487999999764,-0.31787113427846536,-314.1487999999764,2567,2588,-1,0.49,23536.02,23534.670000000002,23565.076,23566.426,23599.136015625,21,signal_exit,-284.74880000000485,-311.20879999997635,26.4599999999715,2.94,29.399999999971502,98514.83128750048,5,TREND_08_SHORT_P65
2025-08-12 11:15:00+00:00,2025-08-12 13:30:00+00:00,-461.7111093749645,-0.4686716744482171,-461.7111093749645,2603,2612,-1,0.47000000000000003,23542.375,23541.025,23588.493203125,23589.843203124998,23588.493203125,9,atr_stop,-433.51110937499186,-458.89110937496446,25.379999999972597,2.8200000000000003,28.199999999972597,98053.12017812551,5,TREND_08_SHORT_P65
2025-08-15 11:15:00+00:00,2025-08-15 12:15:00+00:00,-153.87119999997785,-0.15692636778967559,-153.87119999997785,2870,2874,-1,0.28,23795.343,23793.993000000002,23819.82,23821.17,23831.128624999998,4,signal_exit,-137.07119999999415,-152.19119999997784,15.11999999998369,1.6800000000000002,16.79999999998369,97899.24897812553,5,TREND_08_SHORT_P65
2025-08-15 15:00:00+00:00,2025-08-15 15:00:00+00:00,-283.3703437499856,-0.289450988345479,-283.3703437499856,2885,2885,-1,0.26,23717.464,23716.114,23768.958296875,23770.308296875,23768.958296875,0,atr_stop,-267.7703437500008,-281.81034374998563,14.039999999984843,1.56,15.599999999984844,97615.87863437555,5,TREND_08_SHORT_P65
2025-08-18 00:00:00+00:00,2025-08-18 00:45:00+00:00,-82.11839999999385,-0.08412401870352655,-82.11839999999385,2914,2917,-1,0.32,23759.389,23758.039,23769.22,23770.57,23856.615328125,3,signal_exit,-62.91840000001248,-80.19839999999387,17.279999999981385,1.92,19.199999999981387,97533.76023437554,5,TREND_08_SHORT_P65
2025-08-18 07:30:00+00:00,2025-08-18 17:45:00+00:00,392.21720000002045,0.4021348085601486,392.21720000002045,2944,2985,-1,0.34,23715.598,23714.248000000003,23654.919,23656.269,23741.630265625,41,signal_exit,412.61720000000065,394.2572000000204,18.359999999980232,2.04,20.39999999998023,97925.97743437556,5,TREND_08_SHORT_P65
2025-08-19 23:45:00+00:00,2025-08-20 10:15:00+00:00,234.5970000000077,0.23956564554816043,234.5970000000077,3091,3133,-1,0.33,23383.264,23381.914,23344.719,23346.069,23484.812359375,42,signal_exit,254.39699999998848,236.57700000000773,17.81999999998075,1.98,19.799999999980752,98160.57443437557,5,TREND_08_SHORT_P65
2025-08-21 13:30:00+00:00,2025-08-21 14:15:00+00:00,16.97460000001316,0.017292686088915862,16.97460000001316,3235,3238,-1,0.19,23158.643,23157.293,23151.176,23152.525999999998,23215.522375,3,signal_exit,28.374600000002104,18.114600000013162,10.259999999988942,1.1400000000000001,11.399999999988943,98177.54903437557,5,TREND_08_SHORT_P65
2025-08-22 09:00:00+00:00,2025-08-22 09:15:00+00:00,-180.31999999998996,-0.18366724548893892,-180.31999999998996,3306,3307,-1,0.23,23123.599,23122.249,23159.799,23161.148999999998,23180.9905625,1,signal_exit,-166.52000000000336,-178.93999999998996,12.4199999999866,1.3800000000000001,13.799999999986602,97997.22903437557,5,TREND_08_SHORT_P65
2025-08-27 08:45:00+00:00,2025-08-27 12:30:00+00:00,-220.3859999999558,-0.22489003227085996,-220.3859999999558,3572,3587,-1,0.46,23520.398,23519.048000000003,23541.353,23542.702999999998,23547.171046875003,15,signal_exit,-192.7859999999826,-217.6259999999558,24.8399999999732,2.7600000000000002,27.599999999973203,97776.84303437562,5,TREND_08_SHORT_P65
2025-08-27 13:45:00+00:00,2025-08-27 15:15:00+00:00,-45.10119999996198,-0.04612666823790337,-45.10119999996198,3592,3598,-1,0.47000000000000003,23501.221,23499.871000000003,23503.019,23504.369,23533.2319375,6,signal_exit,-16.901199999989334,-42.28119999996198,25.379999999972643,2.8200000000000003,28.199999999972643,97731.74183437566,5,TREND_08_SHORT_P65
2025-08-29 09:30:00+00:00,2025-08-29 14:15:00+00:00,52.88440000000861,0.05411179521350486,52.88440000000861,3753,3772,-1,0.29,23616.499,23615.149,23604.381,23605.731,23647.157203125,19,signal_exit,70.28439999999172,54.624400000008606,15.659999999983114,1.7399999999999998,17.399999999983113,97784.62623437567,5,TREND_08_SHORT_P65
2025-09-02 00:45:00+00:00,2025-09-02 02:00:00+00:00,-307.4870937499768,-0.3144534121478099,-307.4870937499768,3883,3888,-1,0.38,23392.547,23391.197,23430.005828125,23431.355828124997,23430.005828125,5,atr_stop,-284.6870937499989,-305.2070937499768,20.519999999977927,2.2800000000000002,22.799999999977928,97477.13914062569,5,TREND_08_SHORT_P65
2025-09-05 21:00:00+00:00,2025-09-08 01:15:00+00:00,-507.14039999999454,-0.5202659869493779,-507.14039999999454,4231,4241,-1,0.26,23654.693,23653.343,23749.22,23750.57,23787.663312499997,10,signal_exit,-491.54040000000975,-505.5803999999946,14.039999999984843,1.56,15.599999999984844,96969.9987406257,5,TREND_08_SHORT_P65
2025-09-12 09:30:00+00:00,2025-09-12 10:45:00+00:00,-265.89131249995904,-0.2741995627030606,-265.89131249995904,4630,4635,-1,0.44,23971.577,23970.227000000003,23998.791921875,24000.141921874998,23998.791921875,5,atr_stop,-239.49131249998462,-263.25131249995906,23.75999999997444,2.64,26.39999999997444,96704.10742812573,5,TREND_08_SHORT_P65
2025-09-16 19:15:00+00:00,2025-09-17 00:45:00+00:00,-265.423199999935,-0.2744694171312298,-265.423199999935,4847,4862,-1,0.61,24271.919,24270.569000000003,24290.675,24292.024999999998,24321.478609375,15,signal_exit,-228.82319999997054,-261.763199999935,32.93999999996447,3.66,36.59999999996447,96438.6842281258,5,TREND_08_SHORT_P65
2025-09-19 08:00:00+00:00,2025-09-19 09:30:00+00:00,-259.4290156249865,-0.2690092857460673,-259.4290156249865,5069,5075,-1,0.29,24425.62,24424.27,24467.349140625,24468.699140624998,24467.349140625,6,atr_stop,-242.02901562500338,-257.6890156249865,15.659999999983114,1.7399999999999998,17.399999999983113,96179.25521250082,5,TREND_08_SHORT_P65
2025-09-22 08:15:00+00:00,2025-09-22 08:30:00+00:00,418.9344000000204,0.4355766730303915,418.9344000000204,5159,5160,-1,0.48,24554.958,24553.608,24508.319,24509.668999999998,24586.177453124998,1,signal_exit,447.7343999999924,421.8144000000204,25.919999999971992,2.88,28.79999999997199,96598.18961250084,5,TREND_08_SHORT_P65
2025-09-22 14:15:00+00:00,2025-09-22 14:30:00+00:00,-458.3013749999841,-0.47444095674922976,-458.3013749999841,5183,5184,-1,0.42,24550.511,24549.161,24602.0706875,24603.420687499998,24602.0706875,1,atr_stop,-433.10137500000855,-455.7813749999841,22.679999999975564,2.52,25.199999999975564,96139.88823750085,5,TREND_08_SHORT_P65
2025-09-24 01:15:00+00:00,2025-09-24 03:45:00+00:00,-67.50999999996246,-0.07022059338491006,-67.50999999996246,5309,5319,-1,0.43,24583.219,24581.869000000002,24588.069,24589.418999999998,24653.592046875,10,signal_exit,-41.70999999998749,-64.92999999996245,23.21999999997496,2.58,25.799999999974958,96072.3782375009,5,TREND_08_SHORT_P65
2025-09-25 00:00:00+00:00,2025-09-25 02:45:00+00:00,-261.3959999999811,-0.2720823662278694,-261.3959999999811,5393,5404,-1,0.36,24512.142,24510.792,24545.447,24546.797,24593.645359375,11,signal_exit,-239.79600000000207,-259.2359999999811,19.43999999997905,2.16,21.59999999997905,95810.98223750092,5,TREND_08_SHORT_P65
2025-09-25 08:30:00+00:00,2025-09-25 09:00:00+00:00,-229.13953124997863,-0.23915789808101165,-229.13953124997863,5427,5429,-1,0.35000000000000003,24492.903,24491.553,24522.63721875,24523.987218749997,24522.63721875,2,atr_stop,-208.13953124999904,-227.0395312499786,18.89999999997957,2.1,20.999999999979572,95581.84270625094,5,TREND_08_SHORT_P65
2025-09-25 23:00:00+00:00,2025-09-25 23:15:00+00:00,-119.85539999998886,-0.12539557368478155,-119.85539999998886,5478,5479,-1,0.21,24398.499,24397.149,24424.036,24425.386,24534.458453125,1,signal_exit,-107.25540000000109,-118.59539999998887,11.339999999987782,1.26,12.599999999987782,95461.98730625094,5,TREND_08_SHORT_P65
2025-09-29 23:30:00+00:00,2025-09-30 04:00:00+00:00,-342.04799999998534,-0.3583080654948692,-342.04799999998534,5658,5676,-1,0.42,24588.749,24587.399,24626.469,24627.819,24667.0065,18,signal_exit,-316.8480000000098,-339.52799999998535,22.679999999975564,2.52,25.199999999975564,95119.93930625096,5,TREND_08_SHORT_P65
2025-10-03 13:15:00+00:00,2025-10-03 16:45:00+00:00,147.7560000000216,0.15533651627373524,147.7560000000216,5980,5994,-1,0.35000000000000003,24934.044,24932.694000000003,24909.936,24911.286,24967.5461875,14,signal_exit,168.75600000000122,149.85600000002162,18.8999999999796,2.1,20.9999999999796,95267.69530625099,5,TREND_08_SHORT_P65
2025-10-06 03:30:00+00:00,2025-10-06 04:15:00+00:00,-137.62839999998073,-0.14446492019939758,-137.62839999998073,6030,6033,-1,0.38,24873.555,24872.205,24888.664,24890.014,24948.89765625,3,signal_exit,-114.82840000000287,-135.34839999998076,20.519999999977884,2.2800000000000002,22.799999999977885,95130.066906251,5,TREND_08_SHORT_P65
2025-10-07 02:30:00+00:00,2025-10-07 03:45:00+00:00,-64.6159999999858,-0.06792384584745823,-64.6159999999858,6115,6120,-1,0.4,24932.931,24931.581000000002,24938.008,24939.358,24982.83053125,5,signal_exit,-40.61600000000908,-62.215999999985804,21.599999999976724,2.4000000000000004,23.999999999976723,95065.45090625102,5,TREND_08_SHORT_P65
2025-10-08 01:00:00+00:00,2025-10-08 02:30:00+00:00,-348.58079999998387,-0.3666745349409193,-348.58079999998387,6198,6204,-1,0.36,24834.761,24833.411,24880.175,24881.524999999998,24929.119515625,6,signal_exit,-326.9808000000048,-346.4207999999839,19.43999999997908,2.16,21.59999999997908,94716.87010625104,5,TREND_08_SHORT_P65
2025-10-08 13:45:00+00:00,2025-10-08 14:30:00+00:00,-339.86399999997724,-0.3588209783734685,-339.86399999997724,6249,6252,-1,0.34,24864.838,24863.488,24911.818,24913.167999999998,24911.818,3,atr_stop,-319.4639999999971,-337.8239999999773,18.359999999980175,2.04,20.399999999980174,94377.00610625105,5,TREND_08_SHORT_P65
2025-10-10 11:45:00+00:00,2025-10-10 14:30:00+00:00,-370.49343749996854,-0.3925674831037355,-370.49343749996854,6419,6430,-1,0.36,25106.947,25105.597,25155.404421875,25156.754421874997,25155.404421875,11,atr_stop,-348.8934374999895,-368.33343749996857,19.43999999997908,2.16,21.59999999997908,94006.51266875108,5,TREND_08_SHORT_P65
2025-10-14 11:30:00+00:00,2025-10-14 13:45:00+00:00,3.617600000015372,0.003848244017691241,3.617600000015372,6596,6605,-1,0.19,24400.649,24399.299000000003,24396.697,24398.047,24524.069,9,signal_exit,15.017600000004316,4.757600000015373,10.259999999988944,1.1400000000000001,11.399999999988944,94010.13026875109,5,TREND_08_SHORT_P65
2025-10-17 02:15:00+00:00,2025-10-17 04:00:00+00:00,138.55200000001207,0.14737986172758946,138.55200000001207,6826,6833,-1,0.15,24648.25,24646.9,24599.066,24600.415999999997,24838.839375,7,signal_exit,147.55200000000332,139.45200000001205,8.099999999991269,0.8999999999999999,8.99999999999127,94148.6822687511,5,TREND_08_SHORT_P65
2025-10-17 06:30:00+00:00,2025-10-17 12:15:00+00:00,-136.04699999998627,-0.14450228799977757,-136.04699999998627,6843,6866,-1,0.15,24508.25,24506.9,24550.599,24551.948999999997,24604.765625,23,signal_exit,-127.04699999999502,-135.1469999999863,8.099999999991269,0.8999999999999999,8.99999999999127,94012.63526875112,5,TREND_08_SHORT_P65
2025-10-22 13:45:00+00:00,2025-10-22 15:15:00+00:00,307.55200000002054,0.3271390054335046,307.55200000002054,7139,7145,-1,0.32,25101.947,25100.597,25050.892,25052.242,25163.22121875,6,signal_exit,326.7520000000019,309.4720000000205,17.279999999981385,1.92,19.199999999981387,94320.18726875113,5,TREND_08_SHORT_P65
2025-10-23 01:15:00+00:00,2025-10-23 02:15:00+00:00,-260.65599999999114,-0.27635229270409656,-260.65599999999114,7178,7182,-1,0.2,24849.283,24847.933,24911.447,24912.797,25010.186828125,4,signal_exit,-248.65600000000273,-259.4559999999911,10.799999999988358,1.2000000000000002,11.999999999988358,94059.53126875113,5,TREND_08_SHORT_P65
2025-10-23 12:30:00+00:00,2025-10-23 14:30:00+00:00,-244.31312499998896,-0.2597430815404837,-244.31312499998896,7223,7231,-1,0.2,24864.029,24862.679,24922.10728125,24923.457281249997,24922.10728125,8,atr_stop,-232.3131250000006,-243.11312499998897,10.799999999988358,1.2000000000000002,11.999999999988358,93815.21814375113,5,TREND_08_SHORT_P65
2025-10-30 19:15:00+00:00,2025-10-30 22:00:00+00:00,-396.1689374999975,-0.4222864321361552,-396.1689374999975,7695,7699,-1,0.12,25810.838,25809.488,25972.908390625,25974.258390625,25972.908390625,4,atr_stop,-388.96893750000453,-395.4489374999975,6.47999999999297,0.72,7.199999999992969,93419.04920625113,5,TREND_08_SHORT_P65
2025-10-31 14:00:00+00:00,2025-10-31 14:45:00+00:00,-188.57292187499885,-0.20185703395317844,-188.57292187499885,7763,7766,-1,0.13,25966.37,25965.02,26035.898046875,26037.248046875,26035.898046875,3,atr_stop,-180.77292187500643,-187.79292187499888,7.01999999999245,0.78,7.79999999999245,93230.47628437614,5,TREND_08_SHORT_P65
2025-11-04 05:00:00+00:00,2025-11-04 05:45:00+00:00,517.7574000000225,0.5553520915421837,517.7574000000225,7901,7904,-1,0.27,25794.664,25793.314000000002,25695.783,25697.132999999998,25867.254,3,signal_exit,533.9574000000066,519.3774000000224,14.579999999984238,1.62,16.19999999998424,93748.23368437617,5,TREND_08_SHORT_P65
2025-11-04 14:15:00+00:00,2025-11-04 14:45:00+00:00,-476.8188749999833,-0.508616382688657,-476.8188749999833,7938,7940,-1,0.24,25587.338,25585.988,25683.675265625,25685.025265624998,25683.675265625,2,atr_stop,-462.41887499999723,-475.3788749999832,12.959999999985996,1.44,14.399999999985996,93271.41480937619,5,TREND_08_SHORT_P65
2025-11-06 08:45:00+00:00,2025-11-06 09:15:00+00:00,-297.0572812499928,-0.3184869467854699,-297.0572812499928,8094,8096,-1,0.19,25535.392,25534.042,25610.56496875,25611.91496875,25610.56496875,2,atr_stop,-285.65728125000385,-295.9172812499928,10.259999999988963,1.1400000000000001,11.399999999988964,92974.35752812619,5,TREND_08_SHORT_P65
2025-11-07 00:30:00+00:00,2025-11-07 06:45:00+00:00,-32.44799999998795,-0.03489994538566392,-32.44799999998795,8150,8175,-1,0.15,25211.381,25210.031000000003,25219.197,25220.547,25401.1106875,25,signal_exit,-23.447999999996682,-31.54799999998795,8.099999999991269,0.8999999999999999,8.99999999999127,92941.9095281262,5,TREND_08_SHORT_P65
2025-11-12 21:00:00+00:00,2025-11-12 23:15:00+00:00,327.5520000000217,0.3524265873845614,327.5520000000217,8499,8501,-1,0.24,25530.411,25529.061,25459.171,25460.520999999997,25658.439125,2,signal_exit,341.9520000000077,328.99200000002173,12.95999999998594,1.44,14.399999999985939,93269.46152812622,5,TREND_08_SHORT_P65
2025-11-13 09:45:00+00:00,2025-11-13 14:45:00+00:00,987.1920000000016,1.0584300411151242,987.1920000000016,8543,8563,-1,0.18,25469.832,25468.482,25192.612,25193.962,25536.424890624996,20,signal_exit,997.9919999999911,988.2720000000015,9.719999999989568,1.08,10.799999999989568,94256.65352812623,5,TREND_08_SHORT_P65
2025-11-14 00:30:00+00:00,2025-11-14 03:00:00+00:00,5.933200000004728,0.006294728040853115,5.933200000004728,8595,8605,-1,0.14,25044.338,25042.988,25039.219,25040.569,25229.653390625,10,signal_exit,14.333199999996578,6.773200000004728,7.559999999991851,0.8400000000000001,8.39999999999185,94262.58672812623,5,TREND_08_SHORT_P65
2025-11-14 05:30:00+00:00,2025-11-14 12:45:00+00:00,1072.0740000000092,1.1373271593873224,1072.0740000000092,8615,8644,-1,0.15,24962.772,24961.422000000002,24602.414,24603.764,25070.177,29,signal_exit,1081.0740000000005,1072.9740000000093,8.099999999991269,0.8999999999999999,8.99999999999127,95334.66072812624,5,TREND_08_SHORT_P65
2025-11-18 02:15:00+00:00,2025-11-18 15:00:00+00:00,1210.755000000006,1.2700050440760642,1210.755000000006,8780,8831,-1,0.15,24843.066,24841.716,24436.481,24437.831,24990.958421875,51,signal_exit,1219.7549999999974,1211.655000000006,8.099999999991269,0.8999999999999999,8.99999999999127,96545.41572812625,5,TREND_08_SHORT_P65
2025-11-19 00:00:00+00:00,2025-11-19 03:00:00+00:00,-151.0261999999912,-0.15643021355388215,-151.0261999999912,8860,8872,-1,0.13,24509.566,24508.216,24564.653,24566.002999999997,24769.711078124998,12,signal_exit,-143.2261999999988,-150.24619999999123,7.019999999992422,0.78,7.799999999992422,96394.38952812625,5,TREND_08_SHORT_P65
2025-11-21 01:00:00+00:00,2025-11-21 02:30:00+00:00,-5.891999999994004,-0.0061123889355353175,-5.891999999994004,9042,9048,-1,0.1,24108.903,24107.553,24108.849,24110.198999999997,24404.349640624998,6,signal_exit,0.10800000000017462,-5.291999999994005,5.399999999994179,0.6000000000000001,5.999999999994179,96388.49752812626,5,TREND_08_SHORT_P65
2025-11-21 16:15:00+00:00,2025-11-21 16:30:00+00:00,-206.8379999999945,-0.21458784533874387,-206.8379999999945,9103,9104,-1,0.09,23989.636,23988.286,24101.546,24102.895999999997,24232.206625,1,signal_exit,-201.43799999999973,-206.2979999999945,4.859999999994756,0.54,5.399999999994756,96181.65952812626,5,TREND_08_SHORT_P65
2025-12-01 05:30:00+00:00,2025-12-01 08:00:00+00:00,-599.2224999999908,-0.6230111883490231,-599.2224999999908,9527,9537,-1,0.32,25155.131,25153.781000000003,25245.759515625003,25247.109515625,25245.759515625003,10,atr_stop,-580.0225000000094,-597.3024999999907,17.279999999981328,1.92,19.19999999998133,95582.43702812625,5,TREND_08_SHORT_P65
2025-12-02 03:30:00+00:00,2025-12-02 07:30:00+00:00,-67.19999999998602,-0.07030580312595675,-67.19999999998602,9608,9624,-1,0.24,25324.37,25323.02,25335.37,25336.719999999998,25398.216328125,16,signal_exit,-52.79999999999999,-65.75999999998602,12.959999999986032,1.44,14.399999999986031,95515.23702812627,5,TREND_08_SHORT_P65
2025-12-05 14:15:00+00:00,2025-12-05 14:30:00+00:00,-249.6218749999866,-0.26134246510478815,-249.6218749999866,9918,9919,-1,0.23,25611.925,25610.575,25663.190625,25664.540624999998,25663.190625,1,atr_stop,-235.82187500000003,-248.2418749999866,12.419999999986572,1.3800000000000001,13.799999999986573,95265.61515312629,5,TREND_08_SHORT_P65
2025-12-09 09:45:00+00:00,2025-12-09 10:00:00+00:00,-12.935999999966592,-0.013578876259995553,-12.935999999966592,10078,10079,-1,0.35000000000000003,25624.294,25622.944000000003,25623.142,25624.492,25661.551109375003,1,signal_exit,8.06400000001304,-10.83599999996659,18.89999999997963,2.1,20.999999999979632,95252.67915312632,5,TREND_08_SHORT_P65
2025-12-11 02:15:00+00:00,2025-12-11 03:15:00+00:00,907.0464000000185,0.9522529004584415,907.0464000000185,10226,10230,-1,0.23,25609.0,25607.65,25408.816,25410.165999999997,25727.683671875,4,signal_exit,920.8464000000052,908.4264000000186,12.419999999986658,1.3800000000000001,13.799999999986658,96159.72555312634,5,TREND_08_SHORT_P65
2025-12-11 07:30:00+00:00,2025-12-11 09:45:00+00:00,-350.3162499999919,-0.3643066241973093,-350.3162499999919,10247,10256,-1,0.2,25494.272,25492.922000000002,25578.8510625,25580.2010625,25578.8510625,9,atr_stop,-338.3162500000035,-349.11624999999185,10.799999999988358,1.2000000000000002,11.999999999988358,95809.40930312633,5,TREND_08_SHORT_P65
2025-12-12 10:30:00+00:00,2025-12-12 13:30:00+00:00,-19.51359999999637,-0.020367101876453825,-19.51359999999637,10348,10360,-1,0.16,25566.599,25565.249,25569.697,25571.047,25615.719390624996,12,signal_exit,-9.913600000005681,-18.55359999999637,8.639999999990687,0.96,9.599999999990686,95789.89570312634,5,TREND_08_SHORT_P65
2025-12-12 14:45:00+00:00,2025-12-12 15:15:00+00:00,360.34880000001056,0.3761866503298109,360.34880000001056,10365,10367,-1,0.16,25534.881,25533.531000000003,25419.272,25420.622,25608.81334375,2,signal_exit,369.94880000000126,361.3088000000106,8.639999999990664,0.96,9.599999999990665,96150.24450312636,5,TREND_08_SHORT_P65
2025-12-14 23:45:00+00:00,2025-12-15 02:00:00+00:00,-299.86199999998325,-0.31186816169794884,-299.86199999998325,10394,10403,-1,0.18,25167.197,25165.847,25247.492,25248.841999999997,25345.30965625,9,signal_exit,-289.0619999999937,-298.7819999999832,9.719999999989511,1.08,10.799999999989511,95850.38250312638,5,TREND_08_SHORT_P65
2025-12-15 21:00:00+00:00,2025-12-16 01:45:00+00:00,775.9334000000083,0.8095256166293332,775.9334000000083,10479,10491,-1,0.19,25063.248,25061.898,24856.055,24857.405,25212.84753125,12,signal_exit,787.3333999999975,777.0734000000084,10.259999999989077,1.1400000000000001,11.399999999989078,96626.31590312638,5,TREND_08_SHORT_P65
2025-12-16 08:00:00+00:00,2025-12-16 09:00:00+00:00,-316.19893749998914,-0.3272389457722856,-316.19893749998914,10516,10520,-1,0.17,24859.925,24858.575,24949.9246875,24951.274687499998,24949.9246875,4,atr_stop,-305.99893749999904,-315.17893749998916,9.179999999990116,1.02,10.199999999990116,96310.1169656264,5,TREND_08_SHORT_P65
2025-12-17 15:15:00+00:00,2025-12-17 15:45:00+00:00,578.1088000000198,0.6002576034731116,578.1088000000198,10634,10636,-1,0.17,25068.381,25067.031000000003,24895.349,24896.698999999997,25159.316078125,2,signal_exit,588.3088000000098,579.1288000000197,9.17999999999006,1.02,10.199999999990059,96888.22576562643,5,TREND_08_SHORT_P65
2025-12-17 20:30:00+00:00,2025-12-17 21:00:00+00:00,240.44120000000203,0.2481634874619664,240.44120000000203,10655,10657,-1,0.19,24719.263,24717.913,24652.989,24654.339,24885.121671874997,2,signal_exit,251.84119999999095,241.581200000002,10.259999999988935,1.1400000000000001,11.399999999988935,97128.66696562643,5,TREND_08_SHORT_P65
2025-12-18 03:15:00+00:00,2025-12-18 05:15:00+00:00,-239.93959999998827,-0.24703273245261595,-239.93959999998827,10675,10683,-1,0.19,24690.544,24689.194000000003,24750.686,24752.036,24803.506890625,8,signal_exit,-228.53959999999933,-238.7995999999883,10.259999999988963,1.1400000000000001,11.399999999988964,96888.72736562643,5,TREND_08_SHORT_P65
2025-12-29 12:30:00+00:00,2025-12-29 14:00:00+00:00,567.6696000000468,0.5858984996859821,567.6696000000468,11234,11240,-1,0.41000000000000003,25551.294,25549.944000000003,25479.066,25480.415999999997,25598.319000000003,6,signal_exit,592.2696000000229,570.1296000000468,22.139999999976112,2.46,24.599999999976113,97456.39696562648,5,TREND_08_SHORT_P65
2025-12-30 14:00:00+00:00,2025-12-30 14:15:00+00:00,-53.97719999997148,-0.05538599997597859,-53.97719999997148,11329,11330,-1,0.31,25501.577,25500.227000000003,25507.283,25508.632999999998,25543.34965625,1,signal_exit,-35.377199999989536,-52.11719999997148,16.739999999981947,1.8599999999999999,18.599999999981947,97402.41976562652,5,TREND_08_SHORT_P65
2025-12-30 14:45:00+00:00,2025-12-30 14:45:00+00:00,-302.8656406249802,-0.3109426247866811,-302.8656406249802,11332,11332,-1,0.31,25478.381,25477.031000000003,25524.230296875,25525.580296875,25524.230296875,0,atr_stop,-284.2656406249982,-301.0056406249802,16.73999999998199,1.8599999999999999,18.59999999998199,97099.55412500154,5,TREND_08_SHORT_P65
2025-12-30 20:15:00+00:00,2025-12-31 01:00:00+00:00,553.6440000000478,0.5701818149312115,553.6440000000478,11354,11366,-1,0.39,25482.329,25480.979000000003,25408.349,25409.698999999997,25555.4236875,12,signal_exit,577.044000000025,555.9840000000477,21.05999999997732,2.34,23.39999999997732,97653.19812500158,5,TREND_08_SHORT_P65
2025-12-31 02:15:00+00:00,2025-12-31 04:45:00+00:00,-41.567999999976024,-0.04256696226862601,-41.567999999976024,11371,11381,-1,0.4,25411.903,25410.553,25414.099,25415.448999999997,25463.663390625,10,signal_exit,-17.5679999999993,-39.16799999997602,21.599999999976717,2.4000000000000004,23.999999999976716,97611.63012500161,5,TREND_08_SHORT_P65
2025-12-31 07:30:00+00:00,2025-12-31 12:15:00+00:00,-64.17839999999909,-0.06574872268582353,-64.17839999999909,11392,11411,-1,0.39,25393.708,25392.358,25398.936,25400.286,25432.442921874997,19,signal_exit,-40.7784000000218,-61.83839999999909,21.059999999977293,2.34,23.399999999977293,97547.4517250016,5,TREND_08_SHORT_P65
2026-01-07 07:15:00+00:00,2026-01-07 12:00:00+00:00,10.611600000029723,0.010611600000029723,10.611600000029723,299,318,-1,0.37,25589.5,25588.15,25585.066,25586.415999999997,25621.69453125,19,signal_exit,32.811600000008184,12.831600000029722,19.97999999997846,2.2199999999999998,22.19999999997846,100010.61160000003,6,TREND_08_SHORT_P65
2026-01-08 03:30:00+00:00,2026-01-08 06:15:00+00:00,660.9492000000264,0.6608790701566175,660.9492000000264,373,384,-1,0.38,25607.711,25606.361,25517.744,25519.093999999997,25668.362875,11,signal_exit,683.7492000000042,663.2292000000264,20.519999999977813,2.2800000000000002,22.799999999977814,100671.56080000006,6,TREND_08_SHORT_P65
2026-01-12 05:00:00+00:00,2026-01-12 09:15:00+00:00,137.06160000001606,0.13614728818232047,137.06160000001606,557,574,-1,0.26,25557.305,25555.955,25527.947,25529.297,25623.305234375002,17,signal_exit,152.66160000000093,138.62160000001606,14.039999999984872,1.56,15.599999999984872,100808.62240000008,6,TREND_08_SHORT_P65
2026-01-12 10:00:00+00:00,2026-01-12 10:15:00+00:00,20.8200000000179,0.020652995254122113,20.8200000000179,577,578,-1,0.25,25530.186,25528.836000000003,25523.022,25524.372,25589.03740625,1,signal_exit,35.82000000000335,22.3200000000179,13.499999999985448,1.5,14.999999999985448,100829.4424000001,6,TREND_08_SHORT_P65
2026-01-13 03:15:00+00:00,2026-01-13 05:30:00+00:00,-151.58219999998448,-0.1503352556474956,-151.58219999998448,639,648,-1,0.33,25719.555,25718.205,25739.522,25740.872,25770.484453125002,9,signal_exit,-131.78220000000366,-149.60219999998446,17.81999999998081,1.98,19.79999999998081,100677.86020000011,6,TREND_08_SHORT_P65
2026-01-14 08:45:00+00:00,2026-01-14 09:15:00+00:00,-121.7375999999934,-0.12091794537364758,-121.7375999999934,750,752,-1,0.27,25690.783,25689.433,25710.327,25711.677,25731.535343749998,2,signal_exit,-105.5376000000091,-120.1175999999934,14.579999999984295,1.62,16.199999999984296,100556.12260000012,6,TREND_08_SHORT_P65
2026-01-14 09:45:00+00:00,2026-01-14 10:30:00+00:00,441.92520000001434,0.439481146024234,441.92520000001434,754,757,-1,0.27,25690.969,25689.619000000002,25606.131,25607.481,25731.958375000002,3,signal_exit,458.12519999999864,443.54520000001435,14.579999999984295,1.62,16.199999999984296,100998.04780000013,6,TREND_08_SHORT_P65
2026-01-14 13:00:00+00:00,2026-01-14 13:30:00+00:00,-101.15039999999078,-0.10015084667803911,-101.15039999999078,767,769,-1,0.26,25615.029,25613.679,25631.481,25632.831,25673.354859375,2,signal_exit,-85.5504000000059,-99.59039999999078,14.039999999984886,1.56,15.599999999984886,100896.89740000015,6,TREND_08_SHORT_P65
2026-01-19 03:45:00+00:00,2026-01-19 07:30:00+00:00,95.70680000001683,0.09485603865557188,95.70680000001683,997,1012,-1,0.19,25230.696,25229.346,25202.51,25203.859999999997,25329.242015625,15,signal_exit,107.10680000000576,96.84680000001681,10.259999999988949,1.1400000000000001,11.39999999998895,100992.60420000016,6,TREND_08_SHORT_P65
2026-01-19 10:15:00+00:00,2026-01-19 11:30:00+00:00,-81.5099999999917,-0.08070888026471108,-81.5099999999917,1023,1028,-1,0.19,25138.159,25136.809,25156.609,25157.959,25211.750015625003,5,signal_exit,-70.11000000000277,-80.36999999999172,10.259999999988949,1.1400000000000001,11.39999999998895,100911.09420000017,6,TREND_08_SHORT_P65
2026-01-21 01:45:00+00:00,2026-01-21 03:15:00+00:00,22.199600000000938,0.021999166866630712,22.199600000000938,1154,1160,-1,0.23,25069.942,25068.592,25062.116,25063.466,25175.183328125,6,signal_exit,35.99959999998755,23.57960000000094,12.419999999986612,1.3800000000000001,13.799999999986612,100933.29380000016,6,TREND_08_SHORT_P65
2026-01-23 09:30:00+00:00,2026-01-23 09:45:00+00:00,263.56400000000906,0.2611269186580421,263.56400000000906,1363,1364,-1,0.28,25467.52,25466.170000000002,25417.455,25418.805,25516.36609375,1,signal_exit,280.3639999999927,265.244000000009,15.11999999998369,1.6800000000000002,16.79999999998369,101196.85780000017,6,TREND_08_SHORT_P65
2026-01-30 08:00:00+00:00,2026-01-30 10:15:00+00:00,-93.81599999999379,-0.09270643579211373,-93.81599999999379,1802,1811,-1,0.15,25591.283,25589.933,25619.555,25620.905,25709.824484375,9,signal_exit,-84.81600000000253,-92.91599999999379,8.099999999991255,0.8999999999999999,8.999999999991255,101103.04180000018,6,TREND_08_SHORT_P65
2026-02-06 04:15:00+00:00,2026-02-06 04:45:00+00:00,75.93400000000695,0.07510555434149838,75.93400000000695,2232,2234,-1,0.1,24417.044,24415.694000000003,24376.077,24377.427,24612.666890625,2,signal_exit,81.9340000000011,76.53400000000694,5.399999999994165,0.6000000000000001,5.999999999994165,101178.97580000019,6,TREND_08_SHORT_P65
2026-02-06 05:15:00+00:00,2026-02-06 05:45:00+00:00,-189.46399999999414,-0.18725629361430418,-189.46399999999414,2236,2238,-1,0.1,24374.399,24373.049000000003,24466.131,24467.481,24556.076812500003,2,signal_exit,-183.46399999999997,-188.86399999999412,5.399999999994151,0.6000000000000001,5.9999999999941505,100989.5118000002,6,TREND_08_SHORT_P65
2026-02-09 08:00:00+00:00,2026-02-09 11:00:00+00:00,359.30560000000753,0.3557850648011617,359.30560000000753,2336,2348,-1,0.16,25073.033,25071.683,24957.75,24959.1,25158.8976875,12,signal_exit,368.90559999999823,360.26560000000757,8.639999999990664,0.96,9.599999999990665,101348.8174000002,6,TREND_08_SHORT_P65
2026-02-09 11:30:00+00:00,2026-02-09 12:15:00+00:00,-110.96000000000001,-0.10948327059611034,-110.96000000000001,2350,2353,-1,0.16,24977.261,24975.911,25008.936,25010.286,25071.365453124996,3,signal_exit,-101.36000000000934,-110.0,8.639999999990664,0.96,9.599999999990665,101237.85740000021,6,TREND_08_SHORT_P65
2026-02-09 12:45:00+00:00,2026-02-09 13:00:00+00:00,-79.83999999998139,-0.0788637788772298,-79.83999999998139,2355,2356,-1,0.16,24991.899,24990.549000000003,25013.849,25015.198999999997,25091.5105625,1,signal_exit,-70.2399999999907,-78.87999999998138,8.639999999990678,0.96,9.599999999990679,101158.01740000023,6,TREND_08_SHORT_P65
2026-02-13 06:45:00+00:00,2026-02-13 07:00:00+00:00,-173.75359999998793,-0.17176453677707954,-173.75359999998793,2687,2688,-1,0.17,24592.175,24590.825,24640.279,24641.628999999997,24699.32828125,1,signal_exit,-163.55359999999786,-172.73359999998794,9.179999999990088,1.02,10.199999999990087,100984.26380000025,6,TREND_08_SHORT_P65
2026-02-23 03:15:00+00:00,2026-02-23 07:30:00+00:00,-157.29,-0.15575694081556457,-157.29,3194,3211,-1,0.14,24792.261,24790.911,24845.436,24846.786,24918.584593749998,17,signal_exit,-148.89000000000817,-156.45000000000002,7.559999999991845,0.8400000000000001,8.399999999991845,100826.97380000025,6,TREND_08_SHORT_P65
2026-02-23 13:30:00+00:00,2026-02-23 14:30:00+00:00,-205.0429062499947,-0.20336116271496607,-205.0429062499947,3235,3239,-1,0.14,24869.697,24868.347,24939.926609375,24941.276609375,24939.926609375,4,atr_stop,-196.64290625000288,-204.20290624999473,7.559999999991845,0.8400000000000001,8.399999999991845,100621.93089375026,6,TREND_08_SHORT_P65
2026-03-02 05:45:00+00:00,2026-03-02 06:00:00+00:00,212.24900000000943,0.21093711690359987,212.24900000000943,3649,3650,-1,0.19,24695.949,24694.599000000002,24637.094,24638.444,24829.874390625002,1,signal_exit,223.64899999999835,213.38900000000942,10.259999999988935,1.1400000000000001,11.399999999988935,100834.17989375026,6,TREND_08_SHORT_P65
2026-03-02 06:30:00+00:00,2026-03-02 07:00:00+00:00,273.01320000000874,0.27075461940354434,273.01320000000874,3652,3654,-1,0.18,24629.692,24628.342,24550.855,24552.204999999998,24762.371375,2,signal_exit,283.81319999999835,274.0932000000088,9.719999999989568,1.08,10.799999999989568,101107.19309375028,6,TREND_08_SHORT_P65
2026-03-02 13:00:00+00:00,2026-03-02 13:15:00+00:00,-78.64199999999359,-0.07778081617504093,-78.64199999999359,3678,3679,-1,0.17,24589.964,24588.614,24610.094,24611.444,24712.585953125,1,signal_exit,-68.44200000000347,-77.62199999999358,9.179999999990102,1.02,10.199999999990101,101028.55109375028,6,TREND_08_SHORT_P65
2026-03-03 03:00:00+00:00,2026-03-03 09:15:00+00:00,897.7500000000088,0.8886101901698404,897.7500000000088,3727,3752,-1,0.15,24824.653,24823.303,24522.403,24523.752999999997,24935.0605,25,signal_exit,906.7500000000001,898.6500000000088,8.099999999991269,0.8999999999999999,8.99999999999127,101926.3010937503,6,TREND_08_SHORT_P65
2026-03-03 13:15:00+00:00,2026-03-03 15:30:00+00:00,565.2270000000076,0.5545447975004215,565.2270000000076,3768,3777,-1,0.15,24514.029,24512.679,24322.62,24323.969999999998,24652.87571875,9,signal_exit,574.226999999999,566.1270000000077,8.099999999991269,0.8999999999999999,8.99999999999127,102491.52809375031,6,TREND_08_SHORT_P65
2026-03-04 06:45:00+00:00,2026-03-04 07:30:00+00:00,-102.67519999998855,-0.10017920691559037,-102.67519999998855,3831,3834,-1,0.16,24537.436,24536.086000000003,24566.522,24567.872,24677.92646875,3,signal_exit,-93.07519999999786,-101.71519999998854,8.639999999990678,0.96,9.599999999990679,102388.85289375033,6,TREND_08_SHORT_P65
2026-03-05 04:00:00+00:00,2026-03-05 07:00:00+00:00,-147.516799999997,-0.1440750587889448,-147.516799999997,3909,3921,-1,0.16,25013.87,25012.52,25056.969,25058.319,25114.040156249997,12,signal_exit,-137.91680000000633,-146.55679999999703,8.639999999990692,0.96,9.599999999990693,102241.33609375033,6,TREND_08_SHORT_P65
2026-03-09 02:30:00+00:00,2026-03-09 05:45:00+00:00,-427.64476562499203,-0.41826993069893237,-427.64476562499203,4085,4098,-1,0.11,24020.522,24019.172000000002,24211.905984375,24213.255984375,24211.905984375,13,atr_stop,-421.04476562499843,-426.98476562499206,5.939999999993631,0.66,6.599999999993631,101813.69132812534,6,TREND_08_SHORT_P65
2026-03-11 09:15:00+00:00,2026-03-11 10:15:00+00:00,-160.3067999999947,-0.1574511226425901,-160.3067999999947,4290,4294,-1,0.19,24909.822,24908.472,24949.008,24950.358,24978.001140625,4,signal_exit,-148.90680000000575,-159.1667999999947,10.259999999988963,1.1400000000000001,11.399999999988964,101653.38452812533,6,TREND_08_SHORT_P65
2026-03-12 04:15:00+00:00,2026-03-12 05:15:00+00:00,-117.73859999998544,-0.1158235906718971,-117.73859999998544,4359,4363,-1,0.21,24716.175,24714.825,24741.208,24742.557999999997,24820.234609375,4,signal_exit,-105.13859999999767,-116.47859999998545,11.339999999987782,1.26,12.599999999987782,101535.64592812533,6,TREND_08_SHORT_P65
2026-03-12 05:45:00+00:00,2026-03-12 06:30:00+00:00,-65.2159999999887,-0.0642296598439464,-65.2159999999887,4365,4368,-1,0.2,24752.849,24751.499,24766.153,24767.502999999997,24850.590015625,3,signal_exit,-53.21600000000036,-64.01599999998871,10.799999999988344,1.2000000000000002,11.999999999988344,101470.42992812533,6,TREND_08_SHORT_P65
2026-03-13 00:00:00+00:00,2026-03-13 01:15:00+00:00,-482.56399999998695,-0.4755710607925897,-482.56399999998695,4422,4427,-1,0.2,24511.914,24510.564000000002,24629.555,24630.905,24683.158375,5,signal_exit,-470.56399999999854,-481.3639999999869,10.799999999988358,1.2000000000000002,11.999999999988358,100987.86592812533,6,TREND_08_SHORT_P65
2026-03-17 03:45:00+00:00,2026-03-17 05:15:00+00:00,-314.0816000000003,-0.31100924562911064,-314.0816000000003,4615,4621,-1,0.28,24571.314,24569.964,24624.4,24625.75,24654.128296875,6,signal_exit,-297.2816000000167,-312.40160000000037,15.11999999998369,1.6800000000000002,16.79999999998369,100673.78432812534,6,TREND_08_SHORT_P65
2026-03-19 01:45:00+00:00,2026-03-19 05:15:00+00:00,77.7952000000146,0.07727453628489545,77.7952000000146,4785,4799,-1,0.23,24433.5,24432.15,24413.588,24414.938,24539.904375,14,signal_exit,91.59520000000121,79.1752000000146,12.419999999986615,1.3800000000000001,13.799999999986616,100751.57952812535,6,TREND_08_SHORT_P65
2026-03-20 07:15:00+00:00,2026-03-20 07:30:00+00:00,-243.36403124998864,-0.2415486014113081,-243.36403124998864,4896,4897,-1,0.17,24304.349,24302.999,24372.926656249998,24374.276656249996,24372.926656249998,1,atr_stop,-233.16403124999852,-242.34403124998866,9.179999999990144,1.02,10.199999999990144,100508.21549687537,6,TREND_08_SHORT_P65
2026-03-23 07:15:00+00:00,2026-03-23 07:30:00+00:00,275.18400000001714,0.273792543862817,275.18400000001714,4985,4986,-1,0.15,23681.577,23680.227000000003,23586.849,23588.198999999997,23801.063640625,1,signal_exit,284.1840000000084,276.0840000000171,8.099999999991269,0.8999999999999999,8.99999999999127,100783.3994968754,6,TREND_08_SHORT_P65
2026-03-24 01:15:00+00:00,2026-03-24 01:45:00+00:00,49.29400000000286,0.04891083278207056,49.29400000000286,5050,5052,-1,0.07,24064.108,24062.758,24025.898,24027.248,24232.220578125,2,signal_exit,53.493999999998785,49.71400000000286,3.7799999999959226,0.42000000000000004,4.1999999999959226,100832.69349687539,6,TREND_08_SHORT_P65
2026-03-24 04:00:00+00:00,2026-03-24 06:15:00+00:00,-27.019999999994912,-0.026796864253985454,-27.019999999994912,5061,5070,-1,0.07,24059.319,24057.969,24075.619,24076.968999999997,24180.545171875,9,signal_exit,-22.819999999998984,-26.59999999999491,3.779999999995926,0.42000000000000004,4.199999999995926,100805.67349687539,6,TREND_08_SHORT_P65
2026-03-26 00:00:00+00:00,2026-03-26 00:30:00+00:00,-277.6439999999741,-0.2754249739808346,-277.6439999999741,5223,5225,-1,0.2,24113.098,24111.748000000003,24179.509,24180.858999999997,24245.657140625004,2,signal_exit,-265.64399999998574,-276.44399999997404,10.799999999988302,1.2000000000000002,11.999999999988301,100528.0294968754,6,TREND_08_SHORT_P65
2026-03-26 09:15:00+00:00,2026-03-26 13:45:00+00:00,42.62460000001316,0.04240071173516637,42.62460000001316,5260,5278,-1,0.19,23962.892,23961.542,23948.675,23950.024999999998,24062.37934375,18,signal_exit,54.024600000002096,43.76460000001316,10.259999999988935,1.1400000000000001,11.399999999988935,100570.65409687541,6,TREND_08_SHORT_P65
2026-03-27 02:15:00+00:00,2026-03-27 02:45:00+00:00,-1.5041999999918336,-0.0014956649268114556,-1.5041999999918336,5321,5323,-1,0.23,23673.442,23672.092,23670.769,23672.119,23781.4348125,2,signal_exit,12.29579999999478,-0.12419999999183347,12.419999999986613,1.3800000000000001,13.799999999986614,100569.14989687542,6,TREND_08_SHORT_P65
2026-03-31 08:00:00+00:00,2026-03-31 09:00:00+00:00,-257.28639999999666,-0.25583034187305015,-257.28639999999666,5514,5518,-1,0.16,23109.62,23108.27,23187.022,23188.372,23244.170390624997,4,signal_exit,-247.686400000006,-256.3263999999966,8.639999999990636,0.96,9.599999999990636,100311.86349687542,6,TREND_08_SHORT_P65
2026-04-02 07:30:00+00:00,2026-04-02 11:15:00+00:00,-4.071599999993923,-0.004058941642651018,-4.071599999993923,5690,5705,-1,0.18,23614.925,23613.575,23613.056,23614.406,23727.721093750002,15,signal_exit,6.728399999995599,-2.991599999993923,9.719999999989522,1.08,10.799999999989522,100307.79189687544,6,TREND_08_SHORT_P65
2026-04-07 07:30:00+00:00,2026-04-07 07:45:00+00:00,-2.4815999999965426,-0.0024739852737939135,-2.4815999999965426,5868,5869,-1,0.22,24069.208,24067.858,24066.772,24068.122,24144.547140625,1,signal_exit,10.718399999990652,-1.1615999999965425,11.879999999987195,1.32,13.199999999987195,100305.31029687544,6,TREND_08_SHORT_P65
2026-04-08 16:00:00+00:00,2026-04-08 17:00:00+00:00,-237.42679999999064,-0.2367041179547466,-237.42679999999064,5991,5995,-1,0.13,24814.506,24813.156000000003,24902.824,24904.174,24922.38365625,4,signal_exit,-229.62679999999818,-236.64679999999066,7.0199999999924785,0.78,7.799999999992479,100067.88349687545,6,TREND_08_SHORT_P65
2026-04-13 03:45:00+00:00,2026-04-13 07:30:00+00:00,-158.32099999998564,-0.15821359907640006,-158.32099999998564,6209,6224,-1,0.17,24900.805,24899.455,24944.37,24945.719999999998,25001.38703125,15,signal_exit,-148.12099999999555,-157.30099999998566,9.179999999990116,1.02,10.199999999990116,99909.56249687547,6,TREND_08_SHORT_P65
2026-04-20 06:45:00+00:00,2026-04-20 07:15:00+00:00,-137.11179999998157,-0.1372359127328473,-137.11179999998157,6666,6668,-1,0.17,26457.381,26456.031000000003,26494.708,26496.057999999997,26534.135296875,2,signal_exit,-126.91179999999152,-136.0917999999816,9.179999999990073,1.02,10.199999999990073,99772.4506968755,6,TREND_08_SHORT_P65
2026-04-23 10:15:00+00:00,2026-04-23 10:30:00+00:00,-148.41119999998494,-0.1487496788576254,-148.41119999998494,6947,6948,-1,0.21,26762.175,26760.825,26794.511,26795.860999999997,26831.57453125,1,signal_exit,-135.81119999999717,-147.15119999998495,11.339999999987782,1.26,12.599999999987782,99624.03949687551,6,TREND_08_SHORT_P65
2026-04-27 14:00:00+00:00,2026-04-27 14:45:00+00:00,156.1950000000118,0.15678444759802226,156.1950000000118,7140,7143,-1,0.27,27282.469,27281.119000000002,27250.544,27251.894,27342.981968750002,3,signal_exit,172.3949999999961,157.8150000000118,14.579999999984295,1.62,16.199999999984296,99780.23449687552,6,TREND_08_SHORT_P65
2026-05-01 10:30:00+00:00,2026-05-01 13:00:00+00:00,-166.89431249999,-0.16726189644825504,-166.89431249999,7482,7492,-1,0.18,27434.892,27433.542,27478.25153125,27479.60153125,27478.25153125,10,atr_stop,-156.0943125000005,-165.81431249999002,9.719999999989511,1.08,10.799999999989511,99613.34018437554,6,TREND_08_SHORT_P65
2026-05-12 07:30:00+00:00,2026-05-12 10:45:00+00:00,112.53960000000545,0.11297643447323875,112.53960000000545,8093,8106,-1,0.18,29143.055,29141.705,29108.794,29110.144,29224.037578125,13,signal_exit,123.33959999999497,113.61960000000546,9.719999999989511,1.08,10.799999999989511,99725.87978437556,6,TREND_08_SHORT_P65
2026-05-12 12:00:00+00:00,2026-05-12 12:15:00+00:00,186.03000000000785,0.18654134754412455,186.03000000000785,8111,8112,-1,0.18,29100.197,29098.847,29045.522,29046.872,29176.908796875,1,signal_exit,196.82999999999737,187.11000000000783,9.71999999998954,1.08,10.79999999998954,99911.90978437557,6,TREND_08_SHORT_P65
2026-05-12 12:45:00+00:00,2026-05-12 13:45:00+00:00,-120.59999999998954,-0.12070633046677004,-120.59999999998954,8114,8118,-1,0.18,29064.186,29062.836000000003,29094.686,29096.036,29146.225531250002,4,signal_exit,-109.80000000000001,-119.51999999998952,9.719999999989511,1.08,10.799999999989511,99791.3097843756,6,TREND_08_SHORT_P65
2026-05-19 07:45:00+00:00,2026-05-19 08:00:00+00:00,-19.520599999992697,-0.0195614227753618,-19.520599999992697,8539,8540,-1,0.11,28918.149,28916.799000000003,28924.022,28925.372,29047.643375,1,signal_exit,-12.920599999999101,-18.8605999999927,5.939999999993599,0.66,6.599999999993599,99771.78918437561,6,TREND_08_SHORT_P65
2026-05-26 04:00:00+00:00,2026-05-26 04:15:00+00:00,49.44240000001576,0.049555490990191145,49.44240000001576,8956,8957,-1,0.21,29744.699,29743.349000000002,29729.927,29731.277,29829.741578125002,1,signal_exit,62.04240000000354,50.702400000015764,11.339999999987775,1.26,12.599999999987775,99821.23158437562,6,TREND_08_SHORT_P65
2026-05-26 05:45:00+00:00,2026-05-26 07:15:00+00:00,-200.64799999998436,-0.2010073376327592,-200.64799999998436,8963,8969,-1,0.35000000000000003,29737.894,29736.544,29763.558,29764.908,29813.585796875,6,signal_exit,-179.64800000000469,-198.54799999998434,18.899999999979656,2.1,20.999999999979657,99620.58358437564,6,TREND_08_SHORT_P65
2026-06-01 11:15:00+00:00,2026-06-01 11:45:00+00:00,-79.65199999997566,-0.07995536377531139,-79.65199999997566,9338,9340,-1,0.2,30422.364,30421.014000000003,30439.277,30440.626999999997,30486.837359375,2,signal_exit,-67.65199999998732,-78.45199999997567,10.799999999988344,1.2000000000000002,11.999999999988344,99540.93158437565,6,TREND_08_SHORT_P65
2026-06-02 04:00:00+00:00,2026-06-02 06:00:00+00:00,-404.70051562498713,-0.40656693601661104,-404.70051562498713,9398,9406,-1,0.21,30320.12,30318.77,30413.477265625,30414.827265624997,30413.477265625,8,atr_stop,-392.10051562499933,-403.44051562498714,11.33999999998781,1.26,12.59999999998781,99136.23106875065,6,TREND_08_SHORT_P65
2026-06-05 05:30:00+00:00,2026-06-05 09:00:00+00:00,73.32440000000614,0.073963271762022,73.32440000000614,9671,9685,-1,0.17,30120.958,30119.608,30096.392,30097.742,30239.051046875,14,signal_exit,83.52439999999626,74.34440000000615,9.179999999990116,1.02,10.199999999990116,99209.55546875067,6,TREND_08_SHORT_P65
2026-06-09 02:15:00+00:00,2026-06-09 02:30:00+00:00,-211.40879999999194,-0.213093183414759,-211.40879999999194,9836,9837,-1,0.12,29332.088,29330.738,29417.175,29418.524999999998,29510.561671875,1,signal_exit,-204.20879999999886,-210.68879999999191,6.479999999993055,0.72,7.199999999993055,98998.14666875068,6,TREND_08_SHORT_P65
2026-06-10 09:45:00+00:00,2026-06-10 13:30:00+00:00,-257.20437499999656,-0.25980726271634796,-257.20437499999656,9954,9969,-1,0.08,28736.37,28735.02,28894.122734375,28895.472734375,28894.122734375,15,atr_stop,-252.40437500000115,-256.72437499999654,4.319999999995389,0.48,4.799999999995389,98740.94229375068,6,TREND_08_SHORT_P65
2026-06-12 08:15:00+00:00,2026-06-12 08:45:00+00:00,-249.8485781249982,-0.2530344275849707,-249.8485781249982,10126,10128,-1,0.09,29244.976,29243.626,29380.780765625,29382.130765625,29380.780765625,2,atr_stop,-244.44857812500337,-249.30857812499818,4.8599999999948125,0.54,5.3999999999948125,98491.09371562567,6,TREND_08_SHORT_P65
2026-06-19 04:45:00+00:00,2026-06-19 07:00:00+00:00,139.16160000001315,0.1412935878261397,139.16160000001315,10557,10566,-1,0.16,30216.486,30215.136000000002,30169.998,30171.347999999998,30311.934125,9,signal_exit,148.76160000000382,140.12160000001313,8.639999999990692,0.96,9.599999999990693,98630.25531562569,6,TREND_08_SHORT_P65
2026-06-19 07:30:00+00:00,2026-06-19 08:00:00+00:00,-109.68319999998437,-0.11120644436029112,-109.68319999998437,10568,10570,-1,0.16,30210.61,30209.260000000002,30241.886,30243.235999999997,30303.4384375,2,signal_exit,-100.08319999999367,-108.72319999998436,8.639999999990692,0.96,9.599999999990693,98520.5721156257,6,TREND_08_SHORT_P65
2026-06-26 06:45:00+00:00,2026-06-26 09:30:00+00:00,-198.44299999999456,-0.2014229066464392,-198.44299999999456,11001,11012,-1,0.07,29254.38,29252.905000000002,29393.0,29394.35,29474.537812500002,11,signal_exit,-194.0679999999986,-198.02299999999454,3.954999999995948,0.42000000000000004,4.374999999995948,98322.1291156257,6,TREND_08_SHORT_P65
2026-07-01 05:45:00+00:00,2026-07-01 06:15:00+00:00,-79.61599999999396,-0.08097465007736604,-79.61599999999396,11273,11275,-1,0.16,30439.25,30437.9,30461.13,30462.48,30523.03125,2,signal_exit,-70.01600000000326,-78.65599999999395,8.639999999990692,0.96,9.599999999990693,98242.51311562571,6,TREND_08_SHORT_P65
2026-07-01 07:30:00+00:00,2026-07-01 08:15:00+00:00,12.000000000009313,0.012214671245111587,12.000000000009313,11280,11283,-1,0.16,30450.5,30449.15,30443.75,30445.1,30532.18125,3,signal_exit,21.6,12.960000000009314,8.639999999990687,0.96,9.599999999990686,98254.51311562573,6,TREND_08_SHORT_P65
2026-07-01 09:45:00+00:00,2026-07-01 13:00:00+00:00,68.00000000000989,0.06920801685718764,68.00000000000989,11289,11302,-1,0.17,30405.5,30404.15,30382.5,30383.85,30486.671875,13,signal_exit,78.2,69.0200000000099,9.179999999990102,1.02,10.199999999990101,98322.51311562574,6,TREND_08_SHORT_P65
2026-07-01 16:30:00+00:00,2026-07-01 16:45:00+00:00,315.79200000001345,0.32117974815050443,315.79200000001345,11316,11317,-1,0.17,30233.63,30232.280000000002,30137.75,30139.1,30339.21671875,1,signal_exit,325.99200000000354,316.8120000000134,9.179999999990116,1.02,10.199999999990116,98638.30511562576,6,TREND_08_SHORT_P65
