entry_time,exit_time,net_pnl,return_pct,pnl,entry_i,exit_i,side,units,entry_reference,entry_price,exit_reference,exit_price,stop_reference,bars_held,exit_reason,reference_pnl,price_pnl,spread_slippage_cost,commission_cost,costs,cash_after,fold_id,candidate_id
2023-01-03 09:15:00+00:00,2023-01-03 11:30:00+00:00,-197.37971875000633,-0.19737971875000634,-197.37971875000633,41,50,1,0.19,11062.917,11065.742,11017.07496875,11014.249968749999,11017.07496875,9,atr_stop,-174.19971875000084,-195.66971875000635,21.470000000005513,1.71,23.180000000005514,99802.62028125,0,TREND_03_LONG_P55
2023-01-04 03:00:00+00:00,2023-01-04 05:45:00+00:00,34.23599999999489,0.0343037085634783,34.23599999999489,105,116,1,0.27,10873.689,10876.514000000001,10886.129,10883.304,10816.40009375,11,signal_exit,67.17600000000276,36.665999999994895,30.510000000007864,2.43,32.94000000000786,99836.85628125,0,TREND_03_LONG_P55
2023-01-04 08:45:00+00:00,2023-01-04 09:00:00+00:00,-193.9469062500063,-0.1942638354954199,-193.9469062500063,128,129,1,0.27,10952.829,10955.654,10923.01290625,10920.18790625,10923.01290625,1,atr_stop,-161.00690624999842,-191.5169062500063,30.510000000007864,2.43,32.94000000000786,99642.909375,0,TREND_03_LONG_P55
2023-01-05 12:00:00+00:00,2023-01-05 13:00:00+00:00,-112.41360000000775,-0.11281645699138111,-112.41360000000775,230,234,1,0.26,10938.327,10941.152,10922.809,10919.983999999999,10895.05059375,4,signal_exit,-80.69360000000016,-110.07360000000774,29.380000000007584,2.34,31.720000000007584,99530.495775,0,TREND_03_LONG_P55
2023-01-06 20:00:00+00:00,2023-01-09 05:00:00+00:00,140.93999999999505,0.1416048407099327,140.93999999999505,351,380,1,0.25,11060.409,11063.234,11094.697,11091.872,10939.193374999999,29,signal_exit,171.44000000000233,143.18999999999505,28.250000000007276,2.25,30.500000000007276,99671.43577499999,0,TREND_03_LONG_P55
2023-01-10 21:00:00+00:00,2023-01-11 01:00:00+00:00,20.633599999990256,0.020701618111099454,20.633599999990256,533,542,1,0.31,11209.149,11211.974,11218.577,11215.751999999999,11106.38134375,9,signal_exit,58.45359999999927,23.423599999990255,35.03000000000901,2.79,37.82000000000901,99692.06937499998,0,TREND_03_LONG_P55
2023-01-11 01:45:00+00:00,2023-01-11 04:00:00+00:00,-36.432000000010085,-0.036544531805201175,-36.432000000010085,545,554,1,0.33,11201.819,11204.644,11202.399,11199.573999999999,11146.396656249999,9,signal_exit,3.8279999999995207,-33.462000000010086,37.290000000009606,2.97,40.260000000009605,99655.63737499996,0,TREND_03_LONG_P55
2023-01-11 15:30:00+00:00,2023-01-11 15:30:00+00:00,-384.1530000000098,-0.38548045059855296,-384.1530000000098,600,600,1,0.32,11311.729,11314.554,11257.80509375,11254.980093749999,11257.80509375,0,atr_stop,-345.1130000000005,-381.2730000000098,36.16000000000929,2.88,39.04000000000929,99271.48437499996,0,TREND_03_LONG_P55
2023-01-12 00:15:00+00:00,2023-01-12 04:15:00+00:00,-30.34800000000432,-0.03057071241663332,-30.34800000000432,628,644,1,0.45,11388.399,11391.224,11391.127,11388.302,11323.608375,16,signal_exit,24.55200000000878,-26.298000000004322,50.8500000000131,4.05,54.900000000013094,99241.13637499996,0,TREND_03_LONG_P55
2023-01-12 04:45:00+00:00,2023-01-12 06:45:00+00:00,-4.435200000023469,-0.004469114484203699,-4.435200000023469,646,654,1,0.48,11394.199,11397.024000000001,11399.837,11397.011999999999,11367.10790625,8,signal_exit,54.1247999999905,-0.11520000002346933,54.24000000001397,4.32,58.56000000001397,99236.70117499994,0,TREND_03_LONG_P55
2023-01-13 20:15:00+00:00,2023-01-13 20:30:00+00:00,182.59999999997441,0.18400450421862236,182.59999999997441,797,798,1,0.44,11503.049,11505.874000000002,11529.899,11527.073999999999,11427.5443125,1,signal_exit,236.2799999999872,186.5599999999744,49.72000000001282,3.96,53.68000000001282,99419.30117499991,0,TREND_03_LONG_P55
2023-01-16 00:15:00+00:00,2023-01-16 06:15:00+00:00,9.077999999982932,0.0091310237475957,9.077999999982932,806,830,1,0.51,11524.609,11527.434000000001,11531.599,11528.774,11454.6824375,24,signal_exit,71.29799999999777,13.667999999982932,57.63000000001484,4.59,62.220000000014835,99428.37917499989,0,TREND_03_LONG_P55
2023-01-18 14:30:00+00:00,2023-01-18 15:30:00+00:00,-371.0581250000166,-0.37319136455692614,-371.0581250000166,1028,1032,1,0.38,11626.329,11629.154,11583.605562499999,11580.780562499998,11583.605562499999,4,atr_stop,-324.6981250000055,-367.63812500001666,42.94000000001114,3.42,46.36000000001114,99057.32104999987,0,TREND_03_LONG_P55
2023-01-20 13:30:00+00:00,2023-01-20 13:45:00+00:00,-79.48800000000469,-0.08024444751527511,-79.48800000000469,1198,1199,1,0.46,11367.719,11370.544,11365.179,11362.354,11329.679624999999,1,signal_exit,-23.367999999991298,-75.34800000000469,51.98000000001339,4.140000000000001,56.12000000001339,98977.83304999986,0,TREND_03_LONG_P55
2023-01-23 01:30:00+00:00,2023-01-23 06:00:00+00:00,-25.267200000024168,-0.02552814021222321,-25.267200000024168,1239,1257,1,0.48,11600.849,11603.674,11604.317,11601.491999999998,11544.6080625,18,signal_exit,33.2927999999898,-20.947200000024168,54.24000000001397,4.32,58.56000000001397,98952.56584999982,0,TREND_03_LONG_P55
2023-01-23 23:30:00+00:00,2023-01-24 01:15:00+00:00,-82.13399999999943,-0.08300340602031957,-82.13399999999943,1320,1327,1,0.39,11857.309,11860.134,11852.879,11850.054,11774.947437499999,7,signal_exit,-34.553999999988086,-78.62399999999944,44.070000000011355,3.5100000000000002,47.58000000001135,98870.43184999982,0,TREND_03_LONG_P55
2023-01-26 00:30:00+00:00,2023-01-26 07:30:00+00:00,60.455999999991846,0.06114669357539774,60.455999999991846,1502,1530,1,0.33,11852.649,11855.474,11867.909,11865.083999999999,11762.4718125,28,signal_exit,100.71600000000144,63.425999999991845,37.2900000000096,2.97,40.2600000000096,98930.88784999981,0,TREND_03_LONG_P55
2023-01-26 09:30:00+00:00,2023-01-26 09:45:00+00:00,-125.12000000000408,-0.1264721288963994,-125.12000000000408,1538,1539,1,0.4,11874.407,11877.232,11864.867,11862.042,11843.1204375,1,signal_exit,-76.31999999999243,-121.52000000000409,45.200000000011656,3.6,48.80000000001166,98805.7678499998,0,TREND_03_LONG_P55
2023-01-26 13:45:00+00:00,2023-01-26 15:00:00+00:00,-156.86600000001732,-0.15876198668701266,-156.86600000001732,1555,1560,1,0.41000000000000003,11930.619,11933.444000000001,11917.589,11914.764,11883.74946875,5,signal_exit,-106.84600000000539,-153.17600000001732,46.330000000011935,3.6900000000000004,50.02000000001193,98648.90184999978,0,TREND_03_LONG_P55
2023-01-27 03:00:00+00:00,2023-01-27 03:15:00+00:00,-37.145999999999404,-0.03765475266666589,-37.145999999999404,1601,1602,1,0.41000000000000003,11987.219,11990.044,11988.789,11985.964,11935.602749999998,1,signal_exit,12.874000000012531,-33.455999999999406,46.330000000011935,3.6900000000000004,50.02000000001193,98611.75584999978,0,TREND_03_LONG_P55
2023-01-31 19:30:00+00:00,2023-01-31 21:00:00+00:00,389.13599999998456,0.394614208666872,389.13599999998456,1845,1851,1,0.44,12047.899,12050.724,12098.219,12095.393999999998,11978.439156249999,6,signal_exit,442.8159999999974,393.0959999999846,49.72000000001282,3.96,53.68000000001282,99000.89184999977,0,TREND_03_LONG_P55
2023-02-02 03:15:00+00:00,2023-02-02 06:15:00+00:00,37.59119999998883,0.03797056702978471,37.59119999998883,1958,1970,1,0.23,12460.227,12463.052000000001,12474.499,12471.673999999999,12345.85746875,12,signal_exit,65.65119999999553,39.661199999988824,25.990000000006702,2.0700000000000003,28.060000000006703,99038.48304999975,0,TREND_03_LONG_P55
2023-02-02 10:15:00+00:00,2023-02-02 11:00:00+00:00,-188.40090625000371,-0.19022999994344544,-188.40090625000371,1986,1989,1,0.23,12543.289,12546.114000000001,12508.432281250001,12505.60728125,12508.432281250001,3,atr_stop,-160.340906249997,-186.33090625000372,25.990000000006717,2.0700000000000003,28.060000000006717,98850.08214374974,0,TREND_03_LONG_P55
2023-02-02 14:00:00+00:00,2023-02-02 15:45:00+00:00,622.5999999999952,0.6298426733673302,622.5999999999952,2001,2008,1,0.22,12608.919,12611.744,12756.519,12753.694,12558.978687499999,7,signal_exit,649.4400000000016,624.5799999999953,24.86000000000638,1.98,26.84000000000638,99472.68214374973,0,TREND_03_LONG_P55
2023-02-03 13:00:00+00:00,2023-02-03 13:30:00+00:00,-273.8394375000094,-0.27529109660909634,-273.8394375000094,2086,2088,1,0.23,12679.869,12682.694000000001,12626.4386875,12623.6136875,12626.4386875,2,atr_stop,-245.77943750000273,-271.76943750000936,25.99000000000663,2.0700000000000003,28.06000000000663,99198.84270624972,0,TREND_03_LONG_P55
2023-02-08 01:30:00+00:00,2023-02-08 02:30:00+00:00,6.257999999994498,0.0063085413390616425,6.257999999994498,2307,2311,1,0.21,12708.077,12710.902,12715.667,12712.841999999999,12586.5385625,4,signal_exit,31.87800000000061,8.147999999994498,23.730000000006115,1.89,25.620000000006115,99205.10070624971,0,TREND_03_LONG_P55
2023-02-08 04:45:00+00:00,2023-02-08 06:15:00+00:00,39.017999999999084,0.0393306389714103,39.017999999999084,2320,2326,1,0.21,12736.507,12739.332,12751.897,12749.072,12671.058249999998,6,signal_exit,64.6380000000052,40.907999999999085,23.73000000000612,1.89,25.620000000006122,99244.1187062497,0,TREND_03_LONG_P55
2023-02-13 09:15:00+00:00,2023-02-13 15:00:00+00:00,728.5979999999904,0.7341472819730005,728.5979999999904,2605,2628,1,0.39,12320.559,12323.384,12420.069,12417.243999999999,12287.538843749999,23,signal_exit,776.1780000000017,732.1079999999904,44.070000000011305,3.5100000000000002,47.5800000000113,99972.71670624969,0,TREND_03_LONG_P55
2023-02-14 00:30:00+00:00,2023-02-14 01:30:00+00:00,-117.76000000000334,-0.11779213757491269,-117.76000000000334,2659,2663,1,0.46,12486.559,12489.384,12479.859,12477.034,12417.9111875,4,signal_exit,-61.63999999998997,-113.62000000000336,51.98000000001339,4.140000000000001,56.12000000001339,99854.95670624968,0,TREND_03_LONG_P55
2023-02-14 10:30:00+00:00,2023-02-14 13:30:00+00:00,-389.5734375000138,-0.3901393084031365,-389.5734375000138,2699,2711,1,0.5,12534.089,12536.914,12501.23165625,12498.40665625,12501.23165625,12,atr_stop,-328.5734374999993,-385.0734375000138,56.50000000001455,4.5,61.00000000001455,99465.38326874966,0,TREND_03_LONG_P55
2023-02-16 03:00:00+00:00,2023-02-16 05:30:00+00:00,-153.20000000000587,-0.15402343505385024,-153.20000000000587,2847,2857,1,0.4,12744.059,12746.884,12731.009,12728.184,12692.426187499997,10,signal_exit,-104.39999999999418,-149.60000000000585,45.20000000001167,3.6,48.80000000001167,99312.18326874965,0,TREND_03_LONG_P55
2023-02-16 06:00:00+00:00,2023-02-16 06:45:00+00:00,-222.449600000014,-0.2239902423633574,-222.449600000014,2859,2862,1,0.41000000000000003,12730.307,12733.132000000001,12709.279,12706.454,12698.961374999999,3,signal_exit,-172.429600000002,-218.759600000014,46.33000000001198,3.6900000000000004,50.020000000011976,99089.73366874963,0,TREND_03_LONG_P55
2023-02-20 05:00:00+00:00,2023-02-20 06:30:00+00:00,-23.704800000010145,-0.023922559000162127,-23.704800000010145,3029,3035,1,0.42,12359.109,12361.934000000001,12362.387,12359.562,12310.8336875,6,signal_exit,27.535200000002078,-19.924800000010144,47.46000000001222,3.78,51.24000000001222,99066.02886874962,0,TREND_03_LONG_P55
2023-02-23 04:30:00+00:00,2023-02-23 05:45:00+00:00,-89.88840000001453,-0.09073584661307628,-89.88840000001453,3212,3217,1,0.29,12169.377,12172.202000000001,12159.979,12157.153999999999,12111.28778125,5,signal_exit,-54.50840000000607,-87.27840000001451,32.770000000008444,2.61,35.380000000008444,98976.14046874961,0,TREND_03_LONG_P55
2023-02-23 07:45:00+00:00,2023-02-23 08:15:00+00:00,5.589599999981001,0.005647421664967672,5.589599999981001,3225,3227,1,0.34,12149.897,12152.722000000002,12156.819,12153.993999999999,12120.9695,2,signal_exit,47.0695999999909,8.649599999981001,38.4200000000099,3.06,41.4800000000099,98981.73006874959,0,TREND_03_LONG_P55
2023-02-27 08:45:00+00:00,2023-02-27 13:00:00+00:00,-87.36000000001418,-0.088258711925258,-87.36000000001418,3358,3367,1,0.39,12038.517,12041.342,12033.417,12030.591999999999,12013.181999999999,9,signal_exit,-39.78000000000284,-83.85000000001419,44.07000000001135,3.5100000000000002,47.580000000011346,98894.37006874957,0,TREND_03_LONG_P55
2023-02-27 14:45:00+00:00,2023-02-27 16:00:00+00:00,-147.47600000001546,-0.14912476807071304,-147.47600000001546,3374,3375,1,0.35000000000000003,12092.037,12094.862000000001,12077.069,12074.243999999999,12050.71340625,1,signal_exit,-104.77600000000531,-144.32600000001548,39.55000000001017,3.1500000000000004,42.70000000001017,98746.89406874956,0,TREND_03_LONG_P55
2023-03-03 02:15:00+00:00,2023-03-03 03:00:00+00:00,-21.524800000004035,-0.02179795142216629,-21.524800000004035,3591,3594,1,0.22,11994.679,11997.504,11995.887,11993.062,11930.360875,3,signal_exit,5.31520000000237,-19.544800000004038,24.86000000000641,1.98,26.84000000000641,98725.36926874955,0,TREND_03_LONG_P55
2023-03-03 03:30:00+00:00,2023-03-03 06:00:00+00:00,11.783199999994688,0.011935331401920147,11.783199999994688,3596,3606,1,0.22,12006.899,12009.724,12015.677,12012.851999999999,11945.693374999999,10,signal_exit,38.62320000000109,13.763199999994688,24.8600000000064,1.98,26.840000000006402,98737.15246874954,0,TREND_03_LONG_P55
2023-03-03 10:15:00+00:00,2023-03-03 15:15:00+00:00,755.207999999988,0.7648671053573399,755.207999999988,3623,3631,1,0.36,12064.307,12067.132000000001,12175.297,12172.472,12033.24153125,8,signal_exit,799.1279999999983,758.447999999988,40.680000000010295,3.2399999999999998,43.9200000000103,99492.36046874954,0,TREND_03_LONG_P55
2023-03-06 01:00:00+00:00,2023-03-06 07:15:00+00:00,206.69599999999312,0.20775062429533586,206.69599999999312,3650,3675,1,0.28,12276.579,12279.404,12319.589,12316.764,12212.68790625,25,signal_exit,240.85600000000125,209.2159999999931,31.640000000008143,2.5200000000000005,34.16000000000815,99699.05646874954,0,TREND_03_LONG_P55
2023-03-07 05:15:00+00:00,2023-03-07 05:45:00+00:00,-85.47000000001617,-0.08572799284896598,-85.47000000001617,3732,3734,1,0.37,12347.647,12350.472000000002,12342.197,12339.372,12311.99934375,2,signal_exit,-40.33000000000539,-82.14000000001616,41.81000000001077,3.33,45.140000000010765,99613.58646874952,0,TREND_03_LONG_P55
2023-03-10 10:45:00+00:00,2023-03-10 11:00:00+00:00,-93.34,-0.09370207750654812,-93.34,3943,3944,1,0.26,11994.649,11997.474,11982.799,11979.974,11942.1749375,1,signal_exit,-61.61999999999244,-91.0,29.380000000007563,2.34,31.720000000007563,99520.24646874952,0,TREND_03_LONG_P55
2023-03-10 14:15:00+00:00,2023-03-10 14:30:00+00:00,-337.6085937500066,-0.33923609087525675,-337.6085937500066,3949,3950,1,0.25,12008.589,12011.414,11947.16728125,11944.34228125,11947.16728125,1,atr_stop,-307.1085937499993,-335.3585937500066,28.250000000007333,2.25,30.500000000007333,99182.63787499952,0,TREND_03_LONG_P55
2023-03-13 05:45:00+00:00,2023-03-13 07:30:00+00:00,-150.09240000000952,-0.15132930845131573,-150.09240000000952,3991,3998,1,0.19,12048.627,12051.452000000001,12015.229,12012.403999999999,11964.364031250001,7,signal_exit,-126.91240000000398,-148.38240000000954,21.470000000005555,1.71,23.180000000005556,99032.54547499951,0,TREND_03_LONG_P55
2023-03-14 16:00:00+00:00,2023-03-14 19:00:00+00:00,-312.1770000000054,-0.3152266747286766,-312.1770000000054,4085,4089,1,0.16,12196.289,12199.114000000001,12104.8336875,12102.0086875,12104.8336875,4,atr_stop,-292.6570000000007,-310.73700000000537,18.080000000004645,1.44,19.520000000004647,98720.3684749995,0,TREND_03_LONG_P55
2023-03-15 02:15:00+00:00,2023-03-15 04:00:00+00:00,-30.630000000006113,-0.031027031678637858,-30.630000000006113,4107,4114,1,0.15,12213.249,12216.074,12209.139,12206.313999999998,12111.7586875,7,signal_exit,-12.330000000001746,-29.280000000006112,16.950000000004366,1.3499999999999999,18.300000000004367,98689.7384749995,0,TREND_03_LONG_P55
2023-03-15 07:15:00+00:00,2023-03-15 07:45:00+00:00,-88.32000000000836,-0.08949258693433661,-88.32000000000836,4123,4125,1,0.23,12213.849,12216.674,12200.749,12197.923999999999,12168.411187500002,2,signal_exit,-60.260000000001675,-86.25000000000837,25.990000000006695,2.0700000000000003,28.060000000006696,98601.41847499949,0,TREND_03_LONG_P55
2023-03-16 01:45:00+00:00,2023-03-16 05:45:00+00:00,-24.479600000007633,-0.024826823364832693,-24.479600000007633,4165,4181,1,0.19,12305.689,12308.514000000001,12305.347,12302.521999999999,12187.17540625,16,signal_exit,-1.2996000000021013,-22.76960000000763,21.47000000000553,1.71,23.18000000000553,98576.93887499948,0,TREND_03_LONG_P55
2023-03-17 00:30:00+00:00,2023-03-17 08:00:00+00:00,104.80799999999392,0.10632101300375714,104.80799999999392,4224,4254,1,0.22,12570.869,12573.694000000001,12600.789,12597.964,12479.3080625,30,signal_exit,131.6480000000003,106.78799999999391,24.860000000006394,1.98,26.840000000006395,98681.74687499947,0,TREND_03_LONG_P55
2023-03-21 01:15:00+00:00,2023-03-21 01:30:00+00:00,-37.57440000000293,-0.03807634257589558,-37.57440000000293,4357,4358,1,0.24,12555.437,12558.262,12553.709,12550.884,12468.55528125,1,signal_exit,-8.29439999999595,-35.414400000002935,27.120000000006986,2.16,29.280000000006986,98644.17247499948,0,TREND_03_LONG_P55
2023-03-21 05:30:00+00:00,2023-03-21 05:45:00+00:00,-53.820000000013536,-0.05455973591714581,-53.820000000013536,4374,4375,1,0.3,12568.839,12571.664,12565.969,12563.143999999998,12526.6468125,1,signal_exit,-17.220000000004802,-51.12000000001353,33.90000000000873,2.6999999999999997,36.600000000008734,98590.35247499945,0,TREND_03_LONG_P55
2023-03-21 11:45:00+00:00,2023-03-21 15:00:00+00:00,-243.04500000000482,-0.24652006398053627,-243.04500000000482,4395,4400,1,0.3,12649.449,12652.274000000001,12615.041500000001,12612.2165,12615.041500000001,5,atr_stop,-206.44499999999607,-240.34500000000483,33.90000000000876,2.6999999999999997,36.60000000000876,98347.30747499944,0,TREND_03_LONG_P55
2023-03-21 19:00:00+00:00,2023-03-21 19:15:00+00:00,36.53999999999432,0.03715404207612195,36.53999999999432,4408,4409,1,0.3,12708.599,12711.424,12720.789,12717.964,12653.83446875,1,signal_exit,73.14000000000306,39.239999999994325,33.90000000000873,2.6999999999999997,36.600000000008734,98383.84747499943,0,TREND_03_LONG_P55
2023-03-22 02:30:00+00:00,2023-03-22 06:15:00+00:00,-99.75800000000766,-0.10139672574337716,-99.75800000000766,4426,4441,1,0.31,12746.617,12749.442000000001,12736.627,12733.802,12692.582859375001,15,signal_exit,-61.937999999998645,-96.96800000000766,35.03000000000902,2.79,37.82000000000902,98284.08947499942,0,TREND_03_LONG_P55
2023-03-23 07:15:00+00:00,2023-03-23 12:15:00+00:00,23.750399999987565,0.024165050647418335,23.750399999987565,4513,4529,1,0.24,12669.269,12672.094000000001,12680.317,12677.491999999998,12640.40509375,16,signal_exit,53.03039999999455,25.910399999987565,27.120000000006986,2.16,29.280000000006986,98307.83987499941,0,TREND_03_LONG_P55
2023-03-27 02:30:00+00:00,2023-03-27 08:15:00+00:00,-86.68800000000279,-0.08818014932504721,-86.68800000000279,4620,4643,1,0.24,12800.309,12803.134,12788.349,12785.524,12719.646343749999,23,signal_exit,-57.40799999999581,-84.52800000000279,27.120000000006982,2.16,29.280000000006982,98221.1518749994,0,TREND_03_LONG_P55
2023-03-30 03:15:00+00:00,2023-03-30 05:00:00+00:00,-49.07000000002191,-0.049958689206242024,-49.07000000002191,4817,4824,1,0.35000000000000003,12820.799,12823.624000000002,12819.889,12817.063999999998,12770.385250000001,7,signal_exit,-6.370000000011715,-45.92000000002191,39.55000000001019,3.1500000000000004,42.70000000001019,98172.08187499938,0,TREND_03_LONG_P55
2023-03-30 08:30:00+00:00,2023-03-30 16:00:00+00:00,792.3959999999826,0.807150041912043,792.3959999999826,4838,4856,1,0.46,12870.079,12872.904,12962.309,12959.483999999999,12845.8518125,18,signal_exit,848.5159999999961,796.5359999999827,51.98000000001343,4.140000000000001,56.120000000013434,98964.47787499936,0,TREND_03_LONG_P55
2023-03-31 02:00:00+00:00,2023-03-31 05:15:00+00:00,-74.21000000000299,-0.0749865018170829,-74.21000000000299,4876,4889,1,0.41000000000000003,13011.219,13014.044,13008.269,13005.444,12960.212125,13,signal_exit,-24.189999999991052,-70.520000000003,46.33000000001194,3.6900000000000004,50.02000000001194,98890.26787499935,0,TREND_03_LONG_P55
2023-03-31 07:00:00+00:00,2023-03-31 07:45:00+00:00,-243.8700000000128,-0.2466066734779936,-243.8700000000128,4896,4899,1,0.55,12987.889,12990.714,12971.819,12968.993999999999,12961.15478125,3,signal_exit,-176.7699999999968,-238.9200000000128,62.15000000001601,4.95,67.10000000001601,98646.39787499933,0,TREND_03_LONG_P55
2023-04-03 04:30:00+00:00,2023-04-03 05:00:00+00:00,-117.31200000001533,-0.11892172702410106,-117.31200000001533,4951,4953,1,0.39,13101.539,13104.364000000001,13092.599,13089.774,13045.335406250002,2,signal_exit,-69.73200000000398,-113.80200000001534,44.07000000001136,3.5100000000000002,47.58000000001136,98529.0858749993,0,TREND_03_LONG_P55
2023-04-04 13:30:00+00:00,2023-04-04 16:00:00+00:00,-344.40775000001076,-0.34954932032653774,-344.40775000001076,5048,5050,1,0.46,13190.699,13193.524000000001,13159.363375,13156.538375,13159.363375,2,atr_stop,-288.28774999999735,-340.2677500000108,51.98000000001343,4.140000000000001,56.120000000013434,98184.6781249993,0,TREND_03_LONG_P55
2023-04-06 23:00:00+00:00,2023-04-10 02:45:00+00:00,-152.00240000001781,-0.15481274971080825,-152.00240000001781,5216,5231,1,0.46,13038.619,13041.444000000001,13028.197,13025.372,12972.1505625,15,signal_exit,-95.88240000000442,-147.86240000001783,51.980000000013405,4.140000000000001,56.120000000013405,98032.67572499927,0,TREND_03_LONG_P55
2023-04-11 12:00:00+00:00,2023-04-11 12:00:00+00:00,-228.29115625001185,-0.23287251374267595,-228.29115625001185,5328,5328,1,0.37,13068.109,13070.934000000001,13043.35884375,13040.53384375,13043.35884375,0,atr_stop,-183.1511562500011,-224.96115625001187,41.810000000010774,3.33,45.14000000001077,97804.38456874926,0,TREND_03_LONG_P55
2023-04-13 08:45:00+00:00,2023-04-13 09:45:00+00:00,-103.12280000000348,-0.10543780880039769,-103.12280000000348,5448,5452,1,0.23,12884.567,12887.392,12868.249,12865.423999999999,12860.490281249999,4,signal_exit,-75.06279999999678,-101.05280000000349,25.990000000006702,2.0700000000000003,28.060000000006703,97701.26176874925,0,TREND_03_LONG_P55
2023-04-13 17:15:00+00:00,2023-04-13 19:15:00+00:00,255.32639999999316,0.2613337795005447,255.32639999999316,5470,5474,1,0.21,13033.417,13036.242,13100.309,13097.483999999999,12981.362,4,signal_exit,280.9463999999993,257.21639999999314,23.730000000006157,1.89,25.620000000006158,97956.58816874924,0,TREND_03_LONG_P55
2023-04-14 01:15:00+00:00,2023-04-14 06:15:00+00:00,-7.0320000000036105,-0.007178690204981032,-7.0320000000036105,5483,5503,1,0.2,13086.867,13089.692000000001,13091.209,13088.384,13029.419968749999,20,signal_exit,17.368000000002215,-5.23200000000361,22.600000000005824,1.8,24.400000000005825,97949.55616874924,0,TREND_03_LONG_P55
2023-04-24 12:45:00+00:00,2023-04-24 14:45:00+00:00,383.7679999999879,0.39180167323966797,383.7679999999879,5921,5925,1,0.49,12991.849,12994.674,13037.109,13034.284,12963.40540625,4,signal_exit,443.5480000000021,388.1779999999879,55.370000000014215,4.41,59.78000000001421,98333.32416874923,0,TREND_03_LONG_P55
2023-04-27 07:45:00+00:00,2023-04-27 16:15:00+00:00,1224.7799999999809,1.2455390991340263,1224.7799999999809,6099,6121,1,0.5,12904.779,12907.604000000001,13033.357,13030.532,12876.851968750001,22,signal_exit,1285.7799999999952,1229.2799999999809,56.500000000014325,4.5,61.000000000014325,99558.10416874921,0,TREND_03_LONG_P55
2023-04-28 04:00:00+00:00,2023-04-28 05:45:00+00:00,-121.15600000001398,-0.12169375965080324,-121.15600000001398,6149,6156,1,0.35000000000000003,13138.307,13141.132000000001,13127.099,13124.274,13074.309500000001,7,signal_exit,-78.45600000000378,-118.00600000001397,39.550000000010186,3.1500000000000004,42.700000000010185,99436.9481687492,0,TREND_03_LONG_P55
2023-05-01 03:15:00+00:00,2023-05-01 06:15:00+00:00,76.07399999998468,0.07650476146038142,76.07399999998468,6211,6223,1,0.31,13232.789,13235.614000000001,13251.159,13248.333999999999,13165.6061875,12,signal_exit,113.89399999999368,78.86399999998467,35.03000000000901,2.79,37.82000000000901,99513.02216874917,0,TREND_03_LONG_P55
2023-05-01 07:00:00+00:00,2023-05-01 08:45:00+00:00,-73.11200000000055,-0.07346978154881167,-73.11200000000055,6226,6233,1,0.38,13260.809,13263.634,13257.289,13254.464,13230.6824375,7,signal_exit,-26.751999999989494,-69.69200000000056,42.94000000001107,3.42,46.36000000001107,99439.91016874916,0,TREND_03_LONG_P55
2023-05-03 12:45:00+00:00,2023-05-03 14:00:00+00:00,-374.1712500000053,-0.37627874901037023,-374.1712500000053,6374,6375,1,0.6,13151.109,13153.934000000001,13126.028062500001,13123.2030625,13126.028062500001,1,atr_stop,-300.9712499999878,-368.7712500000053,67.80000000001752,5.3999999999999995,73.20000000001752,99065.73891874916,0,TREND_03_LONG_P55
2023-05-08 01:30:00+00:00,2023-05-08 05:30:00+00:00,9.113999999989176,0.009199951566973334,9.113999999989176,6523,6539,1,0.31,13238.699,13241.524000000001,13246.269,13243.444,13178.764312500001,16,signal_exit,46.93399999999819,11.903999999989175,35.03000000000902,2.79,37.82000000000902,99074.85291874915,0,TREND_03_LONG_P55
2023-05-09 01:45:00+00:00,2023-05-09 02:00:00+00:00,-39.763200000008084,-0.04013450318479677,-39.763200000008084,6588,6589,1,0.38,13263.859,13266.684000000001,13264.727,13261.902,13224.21259375,1,signal_exit,6.596800000002986,-36.34320000000808,42.94000000001107,3.42,46.36000000001107,99035.08971874914,0,TREND_03_LONG_P55
2023-05-09 05:15:00+00:00,2023-05-09 06:30:00+00:00,-50.40000000001375,-0.050891053002673374,-50.40000000001375,6602,6607,1,0.63,13277.189,13280.014000000001,13279.289,13276.464,13248.05009375,5,signal_exit,26.460000000004584,-44.730000000013746,71.19000000001833,5.67,76.86000000001833,98984.68971874911,0,TREND_03_LONG_P55
2023-05-11 03:15:00+00:00,2023-05-11 04:00:00+00:00,-54.95000000001346,-0.05551363565026678,-54.95000000001346,6723,6726,1,0.25,13374.709,13377.534000000001,13369.819,13366.993999999999,13294.38509375,3,signal_exit,-24.450000000006185,-52.70000000001346,28.250000000007276,2.25,30.500000000007276,98929.7397187491,0,TREND_03_LONG_P55
2023-05-11 06:45:00+00:00,2023-05-11 07:00:00+00:00,-42.6920000000106,-0.04315385860852481,-42.6920000000106,6737,6738,1,0.26,13373.619,13376.444000000001,13371.509,13368.684,13340.29415625,1,signal_exit,-10.972000000003028,-40.3520000000106,29.38000000000757,2.34,31.72000000000757,98887.04771874909,0,TREND_03_LONG_P55
2023-05-12 03:15:00+00:00,2023-05-12 05:15:00+00:00,-56.49000000001834,-0.05712578270178024,-56.49000000001834,6791,6799,1,0.35000000000000003,13426.789,13429.614000000001,13424.819,13421.993999999999,13377.0543125,8,signal_exit,-13.79000000000815,-53.340000000018335,39.550000000010186,3.1500000000000004,42.700000000010185,98830.55771874907,0,TREND_03_LONG_P55
2023-05-12 05:45:00+00:00,2023-05-12 06:45:00+00:00,-75.69000000000852,-0.07658562467633372,-75.69000000000852,6801,6805,1,0.45,13425.139,13427.964,13422.829,13420.003999999999,13394.731656249998,4,signal_exit,-20.78999999999542,-71.64000000000851,50.8500000000131,4.05,54.900000000013094,98754.86771874907,0,TREND_03_LONG_P55
2023-05-15 07:15:00+00:00,2023-05-15 14:30:00+00:00,-120.74880000000586,-0.12227123866328785,-120.74880000000586,6871,6892,1,0.48,13364.857,13367.682,13358.379,13355.554,13338.78621875,21,signal_exit,-62.18879999999189,-116.42880000000586,54.24000000001397,4.32,58.56000000001397,98634.11891874905,0,TREND_03_LONG_P55
2023-05-18 02:15:00+00:00,2023-05-18 06:00:00+00:00,8.93919999998245,0.00906298966115996,8.93919999998245,7044,7059,1,0.37,13575.799,13578.624000000002,13583.107,13580.282,13533.416812500001,15,signal_exit,54.07919999999321,12.269199999982447,41.81000000001076,3.33,45.14000000001076,98643.05811874905,0,TREND_03_LONG_P55
2023-05-18 10:15:00+00:00,2023-05-18 13:45:00+00:00,-94.55200000001236,-0.09585266495508303,-94.55200000001236,7076,7086,1,0.53,13599.119,13601.944000000001,13596.299,13593.474,13580.130875,10,signal_exit,-29.891999999996916,-89.78200000001235,59.890000000015434,4.7700000000000005,64.66000000001543,98548.50611874904,0,TREND_03_LONG_P55
2023-05-19 04:15:00+00:00,2023-05-19 05:30:00+00:00,-87.0240000000014,-0.0883057525957209,-87.0240000000014,7117,7122,1,0.24,13883.719,13886.544,13871.689,13868.864,13817.10196875,5,signal_exit,-57.74399999999441,-84.8640000000014,27.12000000000699,2.16,29.28000000000699,98461.48211874903,0,TREND_03_LONG_P55
2023-05-19 06:30:00+00:00,2023-05-19 08:00:00+00:00,-146.38000000001324,-0.14866727257210316,-146.38000000001324,7126,7132,1,0.26,13870.189,13873.014000000001,13848.139,13845.313999999998,13831.759625,6,signal_exit,-114.6600000000057,-144.04000000001326,29.38000000000757,2.34,31.72000000000757,98315.10211874903,0,TREND_03_LONG_P55
2023-05-23 02:15:00+00:00,2023-05-23 05:15:00+00:00,-193.54400000001743,-0.19686090522109922,-193.54400000001743,7237,7249,1,0.52,13890.717,13893.542000000001,13878.207,13875.382,13848.040125,12,signal_exit,-130.1040000000023,-188.86400000001743,58.76000000001514,4.68,63.44000000001514,98121.55811874902,0,TREND_03_LONG_P55
2023-05-25 04:30:00+00:00,2023-05-25 08:15:00+00:00,61.69999999998618,0.06288118654344584,61.69999999998618,7374,7389,1,0.25,13789.699,13792.524000000001,13808.139,13805.313999999998,13716.75196875,15,signal_exit,92.19999999999345,63.94999999998618,28.25000000000727,2.25,30.50000000000727,98183.258118749,0,TREND_03_LONG_P55
2023-05-25 10:45:00+00:00,2023-05-25 15:15:00+00:00,-67.10000000000582,-0.0683415902931749,-67.10000000000582,7399,7409,1,0.25,13842.109,13844.934000000001,13834.789,13831.964,13812.01290625,10,signal_exit,-36.599999999998545,-64.85000000000582,28.250000000007276,2.25,30.500000000007276,98116.158118749,0,TREND_03_LONG_P55
2023-05-26 13:00:00+00:00,2023-05-26 13:30:00+00:00,-294.2089687500092,-0.29985781586956456,-294.2089687500092,7469,7471,1,0.37,13990.009,13992.834,13956.35103125,13953.52603125,13956.35103125,2,atr_stop,-249.06896874999836,-290.87896875000916,41.8100000000108,3.33,45.1400000000108,97821.949149999,0,TREND_03_LONG_P55
2023-05-29 01:30:00+00:00,2023-05-29 08:15:00+00:00,-60.5280000000028,-0.0618756838582207,-60.5280000000028,7492,7519,1,0.2,14377.809,14380.634,14368.777,14365.952,14299.957124999999,27,signal_exit,-36.12799999999698,-58.7280000000028,22.60000000000582,1.8,24.40000000000582,97761.421149999,0,TREND_03_LONG_P55
2023-05-30 09:00:00+00:00,2023-05-30 09:15:00+00:00,301.81119999999106,0.3087221896425901,301.81119999999106,7582,7583,1,0.73,14386.817,14389.642,14413.589,14410.764,14365.23965625,1,signal_exit,390.87120000001227,308.3811999999911,82.49000000002115,6.57,89.06000000002115,98063.23234999899,0,TREND_03_LONG_P55
2023-06-02 02:15:00+00:00,2023-06-02 07:00:00+00:00,137.84319999999602,0.140565629641921,137.84319999999602,7749,7768,1,0.32,14443.219,14446.044,14470.857,14468.032,14383.796656249999,19,signal_exit,176.8832000000053,140.723199999996,36.16000000000929,2.88,39.04000000000929,98201.07554999898,0,TREND_03_LONG_P55
2023-06-02 10:15:00+00:00,2023-06-02 14:00:00+00:00,-254.50237500000722,-0.2591645494457213,-254.50237500000722,7781,7788,1,0.41000000000000003,14515.619,14518.444000000001,14490.682125000001,14487.857125,14490.682125000001,7,atr_stop,-204.48237499999524,-250.81237500000722,46.33000000001198,3.6900000000000004,50.020000000011976,97946.57317499896,0,TREND_03_LONG_P55
2023-06-07 15:15:00+00:00,2023-06-07 15:15:00+00:00,-356.7645312500193,-0.3642440155742825,-356.7645312500193,7989,7989,1,0.53,14568.829,14571.654,14541.27196875,14538.446968749999,14541.27196875,0,atr_stop,-292.1045312500039,-351.9945312500193,59.89000000001539,4.7700000000000005,64.66000000001539,97589.80864374895,0,TREND_03_LONG_P55
2023-06-09 01:30:00+00:00,2023-06-09 05:15:00+00:00,-1.6936000000032072,-0.0017354271143062536,-1.6936000000032072,8075,8090,1,0.29,14471.989,14474.814,14477.797,14474.972,14410.568062499999,15,signal_exit,33.686400000005236,0.9163999999967927,32.770000000008444,2.61,35.380000000008444,97588.11504374896,0,TREND_03_LONG_P55
2023-06-12 08:00:00+00:00,2023-06-12 08:30:00+00:00,-144.91000000001253,-0.14849144276948997,-144.91000000001253,8165,8167,1,0.43,14598.919,14601.744,14588.169,14585.344,14575.890875000001,2,signal_exit,-92.45,-141.04000000001253,48.59000000001252,3.87,52.46000000001252,97443.20504374895,0,TREND_03_LONG_P55
2023-06-12 09:45:00+00:00,2023-06-12 11:15:00+00:00,-157.92000000000303,-0.16206363484154887,-157.92000000000303,8172,8178,1,0.42,14618.819,14621.644,14606.119,14603.294,14596.281500000001,6,signal_exit,-106.67999999999083,-154.14000000000306,47.46000000001223,3.78,51.24000000001223,97285.28504374895,0,TREND_03_LONG_P55
2023-06-13 03:30:00+00:00,2023-06-13 12:00:00+00:00,54.24999999999236,0.055763829006201984,54.24999999999236,8211,8241,1,0.35000000000000003,14814.449,14817.274000000001,14828.299,14825.474,14756.3961875,30,signal_exit,96.95000000000256,57.39999999999237,39.55000000001019,3.1500000000000004,42.70000000001019,97339.53504374895,0,TREND_03_LONG_P55
2023-06-14 09:45:00+00:00,2023-06-14 10:15:00+00:00,-127.4240000000177,-0.13090672761355124,-127.4240000000177,8300,8302,1,0.32,14940.637,14943.462000000001,14926.827,14924.001999999999,14914.180125,2,signal_exit,-88.38400000000838,-124.5440000000177,36.16000000000932,2.88,39.04000000000932,97212.11104374894,0,TREND_03_LONG_P55
2023-06-14 17:45:00+00:00,2023-06-14 19:00:00+00:00,-318.16125000001483,-0.32728560935872575,-318.16125000001483,8320,8321,1,0.3,14971.667,14974.492,14924.740124999998,14921.915124999998,14924.740124999998,1,atr_stop,-281.5612500000061,-315.4612500000148,33.900000000008674,2.6999999999999997,36.60000000000868,96893.94979374892,0,TREND_03_LONG_P55
2023-06-16 02:00:00+00:00,2023-06-16 04:30:00+00:00,-13.400000000005823,-0.013829552854981579,-13.400000000005823,8398,8408,1,0.2,15144.359,15147.184000000001,15147.109,15144.284,15060.15321875,10,signal_exit,11.000000000000002,-11.600000000005823,22.600000000005824,1.8,24.400000000005825,96880.54979374893,0,TREND_03_LONG_P55
2023-06-16 10:00:00+00:00,2023-06-16 14:30:00+00:00,370.33199999998396,0.3822562947757746,370.33199999998396,8430,8440,1,0.27,15209.129,15211.954000000002,15283.809,15280.983999999999,15178.098531250002,10,signal_exit,403.27199999999186,372.7619999999839,30.51000000000795,2.43,32.94000000000795,97250.88179374891,0,TREND_03_LONG_P55
2023-06-23 02:15:00+00:00,2023-06-23 05:15:00+00:00,-391.9004375000069,-0.40297880108805084,-391.9004375000069,8711,8723,1,0.26,15030.527,15033.352,14961.26153125,14958.43653125,14961.26153125,12,atr_stop,-360.1804374999993,-389.56043750000686,29.380000000007556,2.34,31.720000000007555,96858.9813562489,0,TREND_03_LONG_P55
2023-06-28 02:45:00+00:00,2023-06-28 06:15:00+00:00,5.327999999988824,0.00550078054237671,5.327999999988824,8906,8920,1,0.24,14875.879,14878.704000000002,14883.089,14880.264,14810.48353125,14,signal_exit,34.607999999995805,7.4879999999888245,27.120000000006982,2.16,29.280000000006982,96864.3093562489,0,TREND_03_LONG_P55
2023-06-29 02:45:00+00:00,2023-06-29 03:45:00+00:00,-88.57080000001598,-0.09143801322556182,-88.57080000001598,8971,8975,1,0.27,15005.039,15007.864000000001,14994.737,14991.911999999998,14934.771812500001,4,signal_exit,-55.630800000008094,-86.14080000001597,30.510000000007878,2.43,32.94000000000788,96775.73855624888,0,TREND_03_LONG_P55
2023-06-30 09:15:00+00:00,2023-06-30 14:15:00+00:00,979.9499999999899,1.0125988337773466,979.9499999999899,9062,9074,1,0.47000000000000003,14992.907,14995.732,15103.257,15100.431999999999,14968.997468749998,12,signal_exit,1037.2900000000036,984.17999999999,53.110000000013656,4.23,57.34000000001366,97755.68855624886,0,TREND_03_LONG_P55
2023-07-05 08:30:00+00:00,2023-07-05 12:00:00+00:00,43.85999999997809,0.04385999999997808,43.85999999997809,87,97,-1,0.43,15142.719,15139.893999999998,15131.519,15134.344000000001,15160.95025,10,signal_exit,96.31999999999063,47.7299999999781,48.59000000001253,3.87,52.46000000001253,100043.85999999999,1,TREND_08_SHORT_P65
2023-07-06 05:00:00+00:00,2023-07-06 10:00:00+00:00,-13.863200000017898,-0.013857122266191948,-13.863200000017898,137,157,-1,0.43,15142.767,15139.942,15138.279,15141.104000000001,15179.8154375,20,signal_exit,38.596799999994616,-9.993200000017897,48.59000000001251,3.87,52.460000000012506,100029.99679999996,1,TREND_08_SHORT_P65
2023-07-07 08:45:00+00:00,2023-07-07 09:15:00+00:00,-107.28000000000756,-0.10724782908321316,-107.28000000000756,216,218,-1,0.4,15041.409,15038.583999999999,15048.719,15051.544,15065.47603125,2,signal_exit,-58.47999999999593,-103.68000000000757,45.200000000011634,3.6,48.800000000011636,99922.71679999995,1,TREND_08_SHORT_P65
2023-07-10 05:15:00+00:00,2023-07-10 05:30:00+00:00,-70.72800000000933,-0.07078270313804096,-70.72800000000933,267,268,-1,0.3,14981.039,14978.214,14986.727,14989.552000000001,15037.291343750001,1,signal_exit,-34.12800000000061,-68.02800000000934,33.90000000000873,2.6999999999999997,36.600000000008734,99851.98879999993,1,TREND_08_SHORT_P65
2023-07-10 06:15:00+00:00,2023-07-10 09:15:00+00:00,82.70079999999611,0.08282338789029324,82.70079999999611,271,283,-1,0.32,14994.589,14991.764,14975.567,14978.392,15038.0968125,12,signal_exit,121.7408000000054,85.5807999999961,36.16000000000929,2.88,39.04000000000929,99934.68959999993,1,TREND_08_SHORT_P65
2023-07-17 05:15:00+00:00,2023-07-17 07:15:00+00:00,-100.12800000002505,-0.10019343673433007,-100.12800000002505,590,598,-1,0.42,15539.327,15536.501999999999,15545.147,15547.972000000002,15586.925906249999,8,signal_exit,-48.88800000001283,-96.34800000002505,47.46000000001222,3.78,51.24000000001222,99834.5615999999,1,TREND_08_SHORT_P65
2023-07-20 05:30:00+00:00,2023-07-20 05:45:00+00:00,-53.888000000007445,-0.05397729918013433,-53.888000000007445,787,788,-1,0.32,15756.039,15753.214,15758.359,15761.184000000001,15803.461343750001,1,signal_exit,-14.847999999998137,-51.00800000000745,36.16000000000931,2.88,39.040000000009314,99780.6735999999,1,TREND_08_SHORT_P65
2023-07-20 07:45:00+00:00,2023-07-20 08:30:00+00:00,45.18199999997793,0.04528131387557398,45.18199999997793,796,799,-1,0.41000000000000003,15726.889,15724.063999999998,15715.279,15718.104000000001,15759.991656249998,3,signal_exit,95.20199999998987,48.87199999997793,46.330000000011935,3.6900000000000004,50.02000000001193,99825.85559999986,1,TREND_08_SHORT_P65
2023-07-20 09:45:00+00:00,2023-07-20 11:15:00+00:00,-267.6062500000059,-0.2680730842641596,-267.6062500000059,804,810,-1,0.4,15703.529,15700.704,15730.87978125,15733.70478125,15730.87978125,6,atr_stop,-218.80624999999418,-264.0062500000059,45.2000000000117,3.6,48.8000000000117,99558.24934999985,1,TREND_08_SHORT_P65
2023-07-21 03:15:00+00:00,2023-07-21 07:15:00+00:00,-70.92480000000913,-0.07123950095855039,-70.92480000000913,843,859,-1,0.32,15478.727,15475.902,15483.709,15486.534000000001,15543.0995,16,signal_exit,-31.884799999999817,-68.04480000000913,36.16000000000932,2.88,39.04000000000932,99487.32454999984,1,TREND_08_SHORT_P65
2023-07-28 04:30:00+00:00,2023-07-28 08:00:00+00:00,-35.11200000000289,-0.035292938229891255,-35.11200000000289,1172,1186,-1,0.22,15531.529,15528.704,15533.409,15536.234,15614.7515,14,signal_exit,-8.27199999999648,-33.13200000000288,24.8600000000064,1.98,26.840000000006402,99452.21254999984,1,TREND_08_SHORT_P65
2023-08-01 09:30:00+00:00,2023-08-01 12:45:00+00:00,327.39999999998696,0.3292033345516429,327.39999999998696,1349,1362,-1,0.5,15708.529,15705.704,15669.689,15672.514000000001,15732.269625,13,signal_exit,388.40000000000146,331.89999999998696,56.500000000014495,4.5,61.000000000014495,99779.61254999983,1,TREND_08_SHORT_P65
2023-08-01 14:00:00+00:00,2023-08-01 14:15:00+00:00,-254.47680000000867,-0.2550388736701996,-254.47680000000867,1367,1368,-1,0.48,15672.099,15669.274,15692.507,15695.332,15709.61446875,1,signal_exit,-195.91679999999468,-250.15680000000867,54.24000000001399,4.32,58.56000000001399,99525.13574999981,1,TREND_08_SHORT_P65
2023-08-02 04:15:00+00:00,2023-08-02 09:00:00+00:00,799.7827999999872,0.8035988034309098,799.7827999999872,1417,1436,-1,0.43,15625.607,15622.782,15526.509,15529.334,15677.2029375,19,signal_exit,852.2427999999996,803.6527999999871,48.59000000001254,3.87,52.460000000012535,100324.9185499998,1,TREND_08_SHORT_P65
2023-08-03 00:00:00+00:00,2023-08-03 00:45:00+00:00,-29.202000000012628,-0.029107424578131078,-29.202000000012628,1489,1492,-1,0.31,15397.889,15395.063999999998,15396.499,15399.324,15483.692906249998,3,signal_exit,8.61799999999639,-26.41200000001263,35.03000000000902,2.79,37.82000000000902,100295.71654999978,1,TREND_08_SHORT_P65
2023-08-04 13:30:00+00:00,2023-08-04 13:45:00+00:00,-328.3528125000114,-0.3273846818137241,-328.3528125000114,1632,1633,-1,0.3,15378.069,15375.243999999999,15426.69446875,15429.51946875,15426.69446875,1,atr_stop,-291.7528125000026,-325.65281250001135,33.90000000000873,2.6999999999999997,36.600000000008734,99967.36373749976,1,TREND_08_SHORT_P65
2023-08-07 02:45:00+00:00,2023-08-07 05:00:00+00:00,-135.87000000001936,-0.13591435736646498,-135.87000000001936,1678,1687,-1,0.35000000000000003,15336.989,15334.163999999999,15350.299,15353.124000000002,15406.1080625,9,signal_exit,-93.17000000000917,-132.72000000001938,39.550000000010215,3.1500000000000004,42.70000000001021,99831.49373749975,1,TREND_08_SHORT_P65
2023-08-08 07:00:00+00:00,2023-08-08 08:45:00+00:00,-318.52909375001997,-0.3190667411904814,-318.52909375001997,1784,1791,-1,0.49,15330.089,15327.264,15356.49196875,15359.316968750001,15356.49196875,7,atr_stop,-258.74909375000567,-314.11909375002,55.37000000001433,4.41,59.780000000014326,99512.96464374973,1,TREND_08_SHORT_P65
2023-08-11 10:00:00+00:00,2023-08-11 12:45:00+00:00,-45.29800000001392,-0.045519697018552276,-45.29800000001392,2063,2074,-1,0.29,15099.899,15097.073999999999,15101.609,15104.434000000001,15136.4049375,11,signal_exit,-9.918000000005486,-42.68800000001392,32.77000000000844,2.61,35.38000000000844,99467.66664374972,1,TREND_08_SHORT_P65
2023-08-14 04:15:00+00:00,2023-08-14 06:45:00+00:00,-296.0960000000154,-0.29768065341323785,-296.0960000000154,2129,2139,-1,0.38,14974.889,14972.063999999998,15007.749,15010.574,15030.75228125,10,signal_exit,-249.73600000000445,-292.67600000001545,42.940000000011,3.42,46.360000000011,99171.5706437497,1,TREND_08_SHORT_P65
2023-08-14 14:30:00+00:00,2023-08-14 14:45:00+00:00,-233.35560000001195,-0.23530493515957965,-233.35560000001195,2170,2171,-1,0.31,14997.939,14995.114,15029.477,15032.302000000001,15057.073218750002,1,signal_exit,-195.5356000000029,-230.56560000001193,35.03000000000904,2.79,37.82000000000904,98938.21504374969,1,TREND_08_SHORT_P65
2023-08-15 09:00:00+00:00,2023-08-15 11:00:00+00:00,-81.5232000000123,-0.08239809052949196,-81.5232000000123,2237,2245,-1,0.33,15136.487,15133.661999999998,15142.739,15145.564,15175.968875,8,signal_exit,-41.26320000000269,-78.5532000000123,37.290000000009606,2.97,40.260000000009605,98856.69184374968,1,TREND_08_SHORT_P65
2023-08-15 13:15:00+00:00,2023-08-15 14:15:00+00:00,-289.12000000001865,-0.29246376204556207,-289.12000000001865,2254,2258,-1,0.4,15118.829,15116.003999999999,15148.869,15151.694000000001,15168.4068125,4,signal_exit,-240.320000000007,-285.5200000000186,45.20000000001161,3.6,48.800000000011615,98567.57184374965,1,TREND_08_SHORT_P65
2023-08-17 02:15:00+00:00,2023-08-17 04:00:00+00:00,-264.20160000000374,-0.2680410961313107,-264.20160000000374,2388,2395,-1,0.39,14837.127,14834.302,14864.899,14867.724,14907.116687500002,7,signal_exit,-216.62159999999238,-260.69160000000375,44.07000000001136,3.5100000000000002,47.58000000001136,98303.37024374964,1,TREND_08_SHORT_P65
2023-08-17 05:30:00+00:00,2023-08-17 06:00:00+00:00,2.495999999989218,0.002539078765865527,2.495999999989218,2401,2403,-1,0.39,14879.029,14876.204,14872.609,14875.434000000001,14921.59134375,2,signal_exit,50.076000000000576,6.005999999989218,44.07000000001136,3.5100000000000002,47.58000000001136,98305.86624374962,1,TREND_08_SHORT_P65
2023-08-18 03:00:00+00:00,2023-08-18 05:45:00+00:00,134.9919999999917,0.13731835663324377,134.9919999999917,2480,2491,-1,0.44,14722.769,14719.944,14701.329,14704.154,14783.7368125,11,signal_exit,188.6720000000045,138.95199999999167,49.72000000001282,3.96,53.68000000001282,98440.85824374962,1,TREND_08_SHORT_P65
2023-08-25 00:15:00+00:00,2023-08-25 06:45:00+00:00,-13.000000000007276,-0.013205898680625019,-13.000000000007276,2914,2940,-1,0.25,14796.799,14793.974,14793.299,14796.124000000002,14900.08415625,26,signal_exit,17.5,-10.750000000007276,28.250000000007276,2.25,30.500000000007276,98427.85824374962,1,TREND_08_SHORT_P65
2023-08-30 09:00:00+00:00,2023-08-30 13:30:00+00:00,-246.65240625001724,-0.25059206880149726,-246.65240625001724,3216,3234,-1,0.37,15369.129,15366.304,15396.360406250002,15399.185406250002,15396.360406250002,18,atr_stop,-201.51240625000648,-243.32240625001725,41.810000000010774,3.33,45.14000000001077,98181.20583749961,1,TREND_08_SHORT_P65
2023-09-05 02:15:00+00:00,2023-09-05 02:30:00+00:00,-309.0496000000005,-0.31477470394029444,-309.0496000000005,3532,3533,-1,0.86,15468.369,15465.544,15480.237,15483.062,15497.020250000001,1,signal_exit,-204.12959999997548,-301.3096000000005,97.18000000002502,7.74,104.92000000002501,97872.15623749961,1,TREND_08_SHORT_P65
2023-09-05 08:15:00+00:00,2023-09-05 08:45:00+00:00,475.55999999998164,0.4858991752935053,475.55999999998164,3556,3558,-1,0.9,15467.109,15464.284,15434.589,15437.414,15492.804625,2,signal_exit,585.3600000000079,483.65999999998166,101.7000000000262,8.1,109.80000000002619,98347.7162374996,1,TREND_08_SHORT_P65
2023-09-06 06:00:00+00:00,2023-09-06 07:00:00+00:00,-130.22120000002352,-0.13240897194354032,-130.22120000002352,3636,3640,-1,0.43,15478.077,15475.251999999999,15487.119,15489.944000000001,15503.1429375,4,signal_exit,-77.76120000001102,-126.35120000002352,48.59000000001251,3.87,52.460000000012506,98217.49503749958,1,TREND_08_SHORT_P65
2023-09-06 08:45:00+00:00,2023-09-06 11:00:00+00:00,-74.30400000000438,-0.07565250974038282,-74.30400000000438,3647,3656,-1,0.43,15454.779,15451.954,15457.319,15460.144,15480.101968750001,9,signal_exit,-21.843999999991865,-70.43400000000437,48.59000000001251,3.87,52.460000000012506,98143.19103749958,1,TREND_08_SHORT_P65
2023-09-06 23:45:00+00:00,2023-09-07 01:00:00+00:00,-94.41600000000733,-0.09620229279475116,-94.41600000000733,3700,3705,-1,0.42,15364.599,15361.774,15369.739,15372.564,15434.812125,5,signal_exit,-43.17599999999511,-90.63600000000733,47.460000000012215,3.78,51.240000000012216,98048.77503749957,1,TREND_08_SHORT_P65
2023-09-07 07:00:00+00:00,2023-09-07 09:15:00+00:00,368.2799999999776,0.3756089761030934,368.2799999999776,3729,3738,-1,0.44,15321.249,15318.423999999999,15273.299,15276.124000000002,15341.01228125,9,signal_exit,421.9599999999904,372.2399999999776,49.72000000001276,3.96,53.68000000001276,98417.05503749955,1,TREND_08_SHORT_P65
2023-09-08 11:15:00+00:00,2023-09-08 12:30:00+00:00,-13.847200000023005,-0.014069919075252606,-13.847200000023005,3835,3840,-1,0.38,15224.317,15221.491999999998,15220.039,15222.864000000001,15261.00278125,5,signal_exit,32.51279999998806,-10.427200000023005,42.94000000001107,3.42,46.36000000001107,98403.20783749952,1,TREND_08_SHORT_P65
2023-09-08 13:00:00+00:00,2023-09-08 13:15:00+00:00,-152.36480000001353,-0.15483722873305594,-152.36480000001353,3842,3843,-1,0.38,15230.809,15227.983999999999,15244.757,15247.582,15273.58915625,1,signal_exit,-106.00480000000243,-148.94480000001352,42.94000000001108,3.42,46.360000000011084,98250.8430374995,1,TREND_08_SHORT_P65
2023-09-12 13:30:00+00:00,2023-09-12 13:45:00+00:00,-179.30000000002403,-0.18249207279737076,-179.30000000002403,4022,4023,-1,0.55,15411.527,15408.702,15421.727,15424.552000000001,15442.058796875,1,signal_exit,-112.20000000000802,-174.35000000002404,62.15000000001602,4.95,67.10000000001602,98071.54303749946,1,TREND_08_SHORT_P65
2023-09-13 01:00:00+00:00,2023-09-13 01:45:00+00:00,-45.49160000000899,-0.04638613668249763,-45.49160000000899,4061,4064,-1,0.49,15300.177,15297.351999999999,15298.719,15301.544,15357.68059375,3,signal_exit,14.288400000005277,-41.08160000000899,55.370000000014265,4.41,59.78000000001427,98026.05143749945,1,TREND_08_SHORT_P65
2023-09-13 03:30:00+00:00,2023-09-13 05:45:00+00:00,-207.27000000002496,-0.21144379168651764,-207.27000000002496,4071,4080,-1,0.49,15271.659,15268.833999999999,15286.709,15289.534000000001,15312.94696875,9,signal_exit,-147.4900000000107,-202.86000000002494,55.370000000014244,4.41,59.78000000001424,97818.78143749942,1,TREND_08_SHORT_P65
2023-09-15 10:00:00+00:00,2023-09-15 14:45:00+00:00,955.8039999999858,0.9771170586608561,955.8039999999858,4275,4294,-1,0.43,15455.259,15452.434,15338.019,15340.844000000001,15482.41290625,19,signal_exit,1008.2639999999982,959.6739999999857,48.59000000001254,3.87,52.460000000012535,98774.58543749941,1,TREND_08_SHORT_P65
2023-09-18 00:30:00+00:00,2023-09-18 01:45:00+00:00,-161.73000000000397,-0.1637364503061774,-161.73000000000397,4326,4331,-1,0.45,15216.019,15213.194,15227.889,15230.714,15284.2143125,5,signal_exit,-106.82999999999083,-157.68000000000396,50.850000000013125,4.05,54.90000000001312,98612.85543749941,1,TREND_08_SHORT_P65
2023-09-18 13:45:00+00:00,2023-09-18 14:30:00+00:00,-370.6065000000186,-0.3758196620063477,-370.6065000000186,4379,4382,-1,0.44,15172.989,15170.163999999999,15209.003375,15211.828375000001,15209.003375,3,atr_stop,-316.9265000000058,-366.6465000000186,49.72000000001282,3.96,53.68000000001282,98242.2489374994,1,TREND_08_SHORT_P65
2023-09-19 07:15:00+00:00,2023-09-19 08:00:00+00:00,-278.5980000000197,-0.28358267752732386,-278.5980000000197,4442,4445,-1,0.59,15196.809,15193.983999999999,15214.319,15217.144,15214.319,3,atr_stop,-206.61800000000255,-273.28800000001974,66.67000000001718,5.31,71.98000000001718,97963.65093749939,1,TREND_08_SHORT_P65
2023-09-21 02:45:00+00:00,2023-09-21 07:15:00+00:00,-41.66760000001283,-0.04253373532045746,-41.66760000001283,4602,4620,-1,0.39,14924.517,14921.692,14923.759,14926.584,14996.0085625,18,signal_exit,5.912399999998525,-38.15760000001283,44.070000000011355,3.5100000000000002,47.58000000001135,97921.98333749938,1,TREND_08_SHORT_P65
2023-09-21 10:45:00+00:00,2023-09-21 15:00:00+00:00,859.3103999999888,0.877545951084627,859.3103999999888,4634,4651,-1,0.39,14878.847,14876.021999999999,14762.579,14765.404,14910.9523125,17,signal_exit,906.8904000000001,862.8203999999888,44.070000000011305,3.5100000000000002,47.5800000000113,98781.29373749936,1,TREND_08_SHORT_P65
2023-09-22 04:15:00+00:00,2023-09-22 06:30:00+00:00,-131.80800000000627,-0.13343417059334312,-131.80800000000627,4697,4706,-1,0.48,14722.027,14719.202,14729.657,14732.482,14765.3729375,9,signal_exit,-73.24799999999232,-127.48800000000628,54.240000000013964,4.32,58.560000000013964,98649.48573749936,1,TREND_08_SHORT_P65
2023-09-26 03:30:00+00:00,2023-09-26 05:15:00+00:00,-125.26800000000432,-0.12698292247902365,-125.26800000000432,4869,4876,-1,0.33,14694.209,14691.384,14707.089,14709.914,14746.797750000002,7,signal_exit,-85.00799999999474,-122.29800000000432,37.290000000009584,2.97,40.26000000000958,98524.21773749935,1,TREND_08_SHORT_P65
2023-09-28 05:15:00+00:00,2023-09-28 05:30:00+00:00,-78.82200000000718,-0.08000266514169611,-78.82200000000718,5054,5055,-1,0.29,14558.109,14555.284,14565.599,14568.424,14611.11603125,1,signal_exit,-43.44199999999873,-76.21200000000717,32.77000000000844,2.61,35.38000000000844,98445.39573749935,1,TREND_08_SHORT_P65
2023-09-28 10:30:00+00:00,2023-09-28 10:45:00+00:00,-274.85500000001224,-0.2791953833299649,-274.85500000001224,5075,5076,-1,0.28,14538.659,14535.833999999999,14581.64025,14584.465250000001,14581.64025,1,atr_stop,-240.6950000000041,-272.33500000001226,31.640000000008172,2.5200000000000005,34.160000000008175,98170.54073749934,1,TREND_08_SHORT_P65
2023-10-02 11:45:00+00:00,2023-10-02 14:30:00+00:00,-299.595000000014,-0.30517810918563504,-299.595000000014,5258,5269,-1,0.32,14743.409,14740.583999999999,14784.12071875,14786.945718750001,14784.12071875,11,atr_stop,-260.5550000000047,-296.715000000014,36.16000000000929,2.88,39.04000000000929,97870.94573749932,1,TREND_08_SHORT_P65
2023-10-03 13:00:00+00:00,2023-10-03 14:45:00+00:00,-292.518843750007,-0.2988822081423172,-292.518843750007,5352,5359,-1,0.27,14745.317,14742.491999999998,14793.387156249999,14796.21215625,14793.387156249999,7,atr_stop,-259.57884374999924,-290.0888437500071,30.510000000007835,2.43,32.940000000007835,97578.42689374932,1,TREND_08_SHORT_P65
2023-10-03 19:45:00+00:00,2023-10-04 01:15:00+00:00,-116.59440000000818,-0.11948788652533299,-116.59440000000818,5379,5394,-1,0.26,14559.557,14556.732,14575.879,14578.704000000002,14651.9360625,15,signal_exit,-84.87440000000062,-114.25440000000818,29.380000000007556,2.34,31.720000000007555,97461.83249374932,1,TREND_08_SHORT_P65
2023-10-04 07:30:00+00:00,2023-10-04 09:00:00+00:00,-251.72000000001478,-0.25827546390137773,-251.72000000001478,5419,5425,-1,0.29,14463.559,14460.733999999999,14500.859,14503.684000000001,14508.81196875,6,signal_exit,-216.3400000000063,-249.11000000001476,32.77000000000845,2.61,35.38000000000845,97210.11249374932,1,TREND_08_SHORT_P65
2023-10-05 11:00:00+00:00,2023-10-05 11:15:00+00:00,-175.42800000000278,-0.18046270650214807,-175.42800000000278,5522,5523,-1,0.3,14729.679,14726.854,14752.817,14755.642,14768.50165625,1,signal_exit,-138.82799999999406,-172.7280000000028,33.90000000000873,2.6999999999999997,36.600000000008734,97034.6844937493,1,TREND_08_SHORT_P65
2023-10-06 01:45:00+00:00,2023-10-06 03:15:00+00:00,-111.31200000001468,-0.11471362078493187,-111.31200000001468,5574,5580,-1,0.36,14718.489,14715.663999999999,14727.849,14730.674,14779.12978125,6,signal_exit,-67.39200000000419,-108.07200000001467,40.68000000001048,3.2399999999999998,43.92000000001048,96923.3724937493,1,TREND_08_SHORT_P65
2023-10-13 01:15:00+00:00,2023-10-13 02:15:00+00:00,-11.424000000009402,-0.011786630722890034,-11.424000000009402,6017,6021,-1,0.34,15203.189,15200.364,15198.769,15201.594000000001,15276.2068125,4,signal_exit,30.0560000000005,-8.364000000009403,38.4200000000099,3.06,41.4800000000099,96911.94849374928,1,TREND_08_SHORT_P65
2023-10-13 10:45:00+00:00,2023-10-13 13:30:00+00:00,-242.08490625000627,-0.24979882255243324,-242.08490625000627,6055,6066,-1,0.33,15128.227,15125.402,15158.80653125,15161.631531250001,15158.80653125,11,atr_stop,-201.82490624999664,-239.11490625000624,37.2900000000096,2.97,40.2600000000096,96669.86358749928,1,TREND_08_SHORT_P65
2023-10-16 09:30:00+00:00,2023-10-16 09:45:00+00:00,-81.52800000000497,-0.08433652120157502,-81.52800000000497,6139,6140,-1,0.3,14998.919,14996.094,15006.407,15009.232,15036.6393125,1,signal_exit,-44.927999999996246,-78.82800000000498,33.90000000000873,2.6999999999999997,36.600000000008734,96588.33558749927,1,TREND_08_SHORT_P65
2023-10-16 11:45:00+00:00,2023-10-16 12:00:00+00:00,-90.37200000000593,-0.093564092858954,-90.37200000000593,6148,6149,-1,0.3,14996.687,14993.862,15005.649,15008.474,15038.9041875,1,signal_exit,-53.77199999999721,-87.67200000000594,33.900000000008724,2.6999999999999997,36.60000000000873,96497.96358749925,1,TREND_08_SHORT_P65
2023-10-17 12:45:00+00:00,2023-10-17 13:15:00+00:00,80.51999999998719,0.08344217536463959,80.51999999998719,6241,6243,-1,0.44,15115.159,15112.333999999999,15099.909,15102.734,15153.64025,2,signal_exit,134.20000000000002,84.4799999999872,49.72000000001282,3.96,53.68000000001282,96578.48358749924,1,TREND_08_SHORT_P65
2023-10-18 11:30:00+00:00,2023-10-18 14:30:00+00:00,-310.05787500001526,-0.3210423931735329,-310.05787500001526,6325,6337,-1,0.36,15039.759,15036.934,15076.72259375,15079.547593750001,15076.72259375,12,atr_stop,-266.13787500000467,-306.81787500001525,40.68000000001058,3.2399999999999998,43.92000000001058,96268.42571249923,1,TREND_08_SHORT_P65
2023-10-19 04:15:00+00:00,2023-10-19 06:00:00+00:00,-154.4320000000061,-0.16041812136952302,-154.4320000000061,6385,6392,-1,0.38,14886.039,14883.214,14900.259,14903.084,14946.776031250001,7,signal_exit,-108.07199999999504,-151.01200000000608,42.94000000001104,3.42,46.36000000001104,96113.99371249921,1,TREND_08_SHORT_P65
2023-10-19 07:15:00+00:00,2023-10-19 08:00:00+00:00,-148.9600000000111,-0.1549826349382457,-148.9600000000111,6397,6400,-1,0.38,14877.839,14875.014,14891.339,14894.164,14910.04478125,3,signal_exit,-102.6,-145.54000000001108,42.94000000001108,3.42,46.360000000011084,95965.0337124992,1,TREND_08_SHORT_P65
2023-10-19 09:30:00+00:00,2023-10-19 09:45:00+00:00,-99.08600000000378,-0.10325219110207855,-99.08600000000378,6406,6407,-1,0.37,14883.109,14880.284,14890.399,14893.224,14923.32196875,1,signal_exit,-53.945999999993,-95.75600000000377,41.81000000001077,3.33,45.140000000010765,95865.9477124992,1,TREND_08_SHORT_P65
2023-10-20 01:45:00+00:00,2023-10-20 03:30:00+00:00,50.92799999998883,0.05312418143794006,50.92799999998883,6464,6471,-1,0.24,14748.909,14746.083999999999,14732.199,14735.024000000001,14867.074312499999,7,signal_exit,80.2079999999958,53.087999999988824,27.120000000006982,2.16,29.280000000006982,95916.87571249918,1,TREND_08_SHORT_P65
2023-10-20 04:00:00+00:00,2023-10-20 05:30:00+00:00,-4.692000000007029,-0.004891735646259799,-4.692000000007029,6473,6479,-1,0.23,14748.769,14745.944,14743.689,14746.514000000001,14823.08821875,6,signal_exit,23.367999999999665,-2.622000000007029,25.990000000006695,2.0700000000000003,28.060000000006696,95912.18371249917,1,TREND_08_SHORT_P65
2023-10-23 09:15:00+00:00,2023-10-23 10:15:00+00:00,402.5599999999907,0.4197172709639073,402.5599999999907,6583,6587,-1,0.32,14563.529,14560.704,14494.529,14497.354000000001,14594.9699375,4,signal_exit,441.6,405.4399999999907,36.16000000000935,2.88,39.04000000000935,96314.74371249916,1,TREND_08_SHORT_P65
2023-10-25 06:45:00+00:00,2023-10-25 09:45:00+00:00,-53.66400000001303,-0.05571732626959047,-53.66400000001303,6751,6763,-1,0.4,14669.919,14667.094,14670.527,14673.352,14710.1049375,12,signal_exit,-4.864000000001398,-50.06400000001304,45.20000000001164,3.6,48.80000000001164,96261.07971249914,1,TREND_08_SHORT_P65
2023-10-25 10:30:00+00:00,2023-10-25 11:45:00+00:00,-98.90400000001078,-0.10274557515395132,-98.90400000001078,6766,6771,-1,0.39,14661.519,14658.694,14668.099,14670.924,14695.933843750001,5,signal_exit,-51.32399999999944,-95.39400000001079,44.070000000011355,3.5100000000000002,47.58000000001135,96162.17571249913,1,TREND_08_SHORT_P65
2023-10-26 03:30:00+00:00,2023-10-26 09:15:00+00:00,-171.8528000000067,-0.17871143069163037,-171.8528000000067,6827,6850,-1,0.28,14218.779,14215.954,14243.367,14246.192000000001,14290.749,23,signal_exit,-137.69279999999856,-169.33280000000673,31.640000000008172,2.5200000000000005,34.160000000008175,95990.32291249912,1,TREND_08_SHORT_P65
2023-10-31 04:00:00+00:00,2023-10-31 07:30:00+00:00,-137.70000000000744,-0.14345196038722483,-137.70000000000744,7096,7110,-1,0.34,14260.659,14257.833999999999,14274.809,14277.634,14303.2668125,14,signal_exit,-96.21999999999753,-134.64000000000743,38.42000000000991,3.06,41.48000000000991,95852.62291249911,1,TREND_08_SHORT_P65
2023-11-01 11:45:00+00:00,2023-11-01 12:30:00+00:00,-178.63200000000418,-0.18636109745590562,-178.63200000000418,7216,7219,-1,0.36,14340.209,14337.384,14358.919,14361.744,14372.797437500001,3,signal_exit,-134.71199999999374,-175.39200000000417,40.68000000001044,3.2399999999999998,43.92000000001044,95673.99091249911,1,TREND_08_SHORT_P65
2023-11-10 01:45:00+00:00,2023-11-10 05:30:00+00:00,-106.82960000001098,-0.11166002273043517,-106.82960000001098,7795,7810,-1,0.41000000000000003,15166.489,15163.663999999999,15173.417,15176.242,15238.10603125,15,signal_exit,-56.80959999999905,-103.13960000001099,46.330000000011935,3.6900000000000004,50.02000000001193,95567.1613124991,1,TREND_08_SHORT_P65
2023-11-13 05:00:00+00:00,2023-11-13 07:00:00+00:00,-250.0008000000144,-0.2615969717699642,-250.0008000000144,7897,7905,-1,0.42,15444.117,15441.292,15467.779,15470.604000000001,15474.364656250002,8,signal_exit,-198.7608000000022,-246.22080000001444,47.46000000001223,3.78,51.24000000001223,95317.16051249909,1,TREND_08_SHORT_P65
2023-11-16 05:00:00+00:00,2023-11-16 06:00:00+00:00,-129.27600000001956,-0.13562720427773067,-129.27600000001956,8164,8168,-1,0.42,15785.809,15782.983999999999,15795.099,15797.924,15824.017593749999,4,signal_exit,-78.03600000000733,-125.49600000001956,47.46000000001223,3.78,51.24000000001223,95187.88451249908,1,TREND_08_SHORT_P65
2023-11-20 05:15:00+00:00,2023-11-20 07:15:00+00:00,-92.70000000001528,-0.09738634330910347,-92.70000000001528,8343,8351,-1,0.5,15790.339,15787.514,15793.509,15796.334,15820.787281249999,8,signal_exit,-31.700000000000728,-88.20000000001528,56.50000000001455,4.5,61.00000000001455,95095.18451249907,1,TREND_08_SHORT_P65
2023-11-21 11:30:00+00:00,2023-11-21 15:30:00+00:00,1336.3979999999733,1.4053266806841525,1336.3979999999733,8457,8473,-1,0.47000000000000003,16021.309,16018.483999999999,15873.039,15875.864000000001,16043.2980625,16,signal_exit,1393.737999999987,1340.6279999999733,53.11000000001377,4.23,57.340000000013774,96431.58251249904,1,TREND_08_SHORT_P65
2023-11-27 05:00:00+00:00,2023-11-27 07:00:00+00:00,-554.4868750000446,-0.5750054707732029,-554.4868750000446,8754,8762,-1,0.85,15904.189,15901.364,15930.705875000001,15933.530875000002,15930.705875000001,8,atr_stop,-450.7868750000198,-546.8368750000445,96.05000000002474,7.6499999999999995,103.70000000002474,95877.09563749899,1,TREND_08_SHORT_P65
2023-11-28 04:00:00+00:00,2023-11-28 05:30:00+00:00,-112.17600000001411,-0.11699978942221981,-112.17600000001411,8839,8845,-1,0.5700000000000001,15954.329,15951.503999999999,15958.069,15960.894,15984.822750000001,6,signal_exit,-42.63599999999752,-107.04600000001412,64.4100000000166,5.130000000000001,69.54000000001659,95764.91963749897,1,TREND_08_SHORT_P65
2023-11-28 08:00:00+00:00,2023-11-28 09:00:00+00:00,-71.83000000001921,-0.07500658933555093,-71.83000000001921,8855,8859,-1,0.55,15930.389,15927.563999999998,15930.819,15933.644,15950.831968749999,4,signal_exit,-4.730000000003201,-66.88000000001922,62.15000000001602,4.95,67.10000000001602,95693.08963749894,1,TREND_08_SHORT_P65
2023-11-29 23:30:00+00:00,2023-11-30 01:15:00+00:00,-35.52000000001281,-0.037118667747659075,-35.52000000001281,8999,9006,-1,0.4,16011.209,16008.384,16009.549,16012.374000000002,16076.45275,7,signal_exit,13.279999999998838,-31.92000000001281,45.20000000001165,3.6,48.80000000001165,95657.56963749892,1,TREND_08_SHORT_P65
2023-12-01 14:15:00+00:00,2023-12-01 14:45:00+00:00,-84.42000000000307,-0.08825229442888691,-84.42000000000307,9147,9149,-1,0.42,15894.869,15892.044,15898.819,15901.644,15924.636968750001,2,signal_exit,-33.179999999990834,-80.64000000000307,47.460000000012236,3.78,51.24000000001224,95573.14963749892,1,TREND_08_SHORT_P65
2023-12-01 15:15:00+00:00,2023-12-01 15:30:00+00:00,224.53199999998722,0.2349320921740244,224.53199999998722,9151,9152,-1,0.42,15880.409,15877.583999999999,15847.579,15850.404,15920.67696875,1,signal_exit,275.77199999999937,228.3119999999872,47.46000000001217,3.78,51.240000000012174,95797.68163749891,1,TREND_08_SHORT_P65
2023-12-05 07:00:00+00:00,2023-12-05 08:15:00+00:00,-88.1500000000094,-0.09201684058866001,-88.1500000000094,9296,9301,-1,0.43,15766.239,15763.413999999999,15770.389,15773.214,15783.960874999999,5,signal_exit,-35.68999999999687,-84.2800000000094,48.59000000001252,3.87,52.46000000001252,95709.5316374989,1,TREND_08_SHORT_P65
2023-12-05 08:45:00+00:00,2023-12-05 09:15:00+00:00,-235.02840000001112,-0.24556425674527824,-235.02840000001112,9303,9305,-1,0.41000000000000003,15759.207,15756.382,15781.769,15784.594000000001,15782.76246875,2,signal_exit,-185.00839999999917,-231.33840000001112,46.33000000001195,3.6900000000000004,50.02000000001195,95474.5032374989,1,TREND_08_SHORT_P65
2023-12-06 12:45:00+00:00,2023-12-06 13:00:00+00:00,-120.90080000001791,-0.12663150464294062,-120.90080000001791,9408,9409,-1,0.38,15904.169,15901.344,15913.977,15916.802000000001,15934.92509375,1,signal_exit,-74.54080000000687,-117.48080000001792,42.940000000011054,3.42,46.360000000011055,95353.60243749888,1,TREND_08_SHORT_P65
2023-12-07 00:15:00+00:00,2023-12-07 02:30:00+00:00,11.42399999999456,0.011980669537349272,11.42399999999456,9447,9456,-1,0.34,15795.779,15792.954,15787.999,15790.824,15875.5665,9,signal_exit,52.90400000000446,14.483999999994559,38.4200000000099,3.06,41.4800000000099,95365.02643749888,1,TREND_08_SHORT_P65
2023-12-07 03:00:00+00:00,2023-12-07 03:45:00+00:00,-44.59000000001325,-0.04675718307406648,-44.59000000001325,9458,9461,-1,0.35000000000000003,15788.859,15786.034,15789.129,15791.954000000002,15835.9855625,3,signal_exit,-1.8900000000030561,-41.44000000001324,39.550000000010186,3.1500000000000004,42.700000000010185,95320.43643749887,1,TREND_08_SHORT_P65
2023-12-08 13:30:00+00:00,2023-12-08 14:30:00+00:00,-302.9675000000129,-0.31784107513887344,-302.9675000000129,9589,9593,-1,0.44,15955.149,15952.323999999999,15983.477125,15986.302125,15983.477125,4,atr_stop,-249.28750000000002,-299.00750000001284,49.72000000001282,3.96,53.68000000001282,95017.46893749885,1,TREND_08_SHORT_P65
2023-12-14 10:15:00+00:00,2023-12-14 10:30:00+00:00,-108.37600000000997,-0.11405902642102389,-108.37600000000997,9932,9933,-1,0.38,16618.119,16615.293999999998,16626.279,16629.104,16648.05728125,1,signal_exit,-62.015999999998904,-104.95600000000998,42.940000000011075,3.42,46.36000000001108,94909.09293749883,1,TREND_08_SHORT_P65
2023-12-20 13:15:00+00:00,2023-12-20 14:30:00+00:00,-440.3995312500275,-0.46402248469495644,-440.3995312500275,10300,10305,-1,0.63,16768.729,16765.904,16797.58134375,16800.40634375,16797.58134375,5,atr_stop,-363.53953125000925,-434.72953125002755,71.1900000000183,5.67,76.8600000000183,94468.6934062488,1,TREND_08_SHORT_P65
2023-12-21 02:45:00+00:00,2023-12-21 05:45:00+00:00,-177.6160000000129,-0.18801572626415108,-177.6160000000129,10347,10359,-1,0.34,16619.219,16616.394,16639.239,16642.064000000002,16681.427593750002,12,signal_exit,-136.13600000000298,-174.5560000000129,38.42000000000991,3.06,41.48000000000991,94291.07740624879,1,TREND_08_SHORT_P65
2024-01-04 09:45:00+00:00,2024-01-04 11:30:00+00:00,-76.04960000002409,-0.07604960000002407,-76.04960000002409,220,227,1,0.44,16404.899,16407.724000000002,16402.357,16399.532,16381.534937500002,7,signal_exit,-22.369600000011268,-72.08960000002408,49.72000000001281,3.96,53.68000000001281,99923.95039999999,2,TREND_04_LONG_P65
2024-01-08 19:30:00+00:00,2024-01-09 02:00:00+00:00,200.68799999999786,0.2008407385783237,200.68799999999786,433,451,1,0.37,16598.609,16601.434,16631.829,16629.004,16539.888687500003,18,signal_exit,245.82800000000864,204.01799999999784,41.8100000000108,3.33,45.1400000000108,100124.6384,2,TREND_04_LONG_P65
2024-01-10 02:30:00+00:00,2024-01-10 03:45:00+00:00,-125.3580000000015,-0.12520195029238826,-125.3580000000015,538,543,1,0.51,16680.509,16683.334,16674.319,16671.494,16622.934937499995,5,signal_exit,-63.13799999998664,-120.76800000000149,57.63000000001485,4.59,62.22000000001485,99999.2804,2,TREND_04_LONG_P65
2024-01-10 09:30:00+00:00,2024-01-10 10:30:00+00:00,-317.205000000021,-0.3172072826236268,-317.205000000021,566,570,1,0.48,16745.319,16748.144,16718.3768125,16715.551812499998,16718.3768125,4,atr_stop,-258.645000000007,-312.88500000002097,54.24000000001399,4.32,58.56000000001399,99682.07539999997,2,TREND_04_LONG_P65
2024-01-11 02:45:00+00:00,2024-01-11 03:45:00+00:00,20.719999999991852,0.020786084074641827,20.719999999991852,628,632,1,0.56,16841.859,16844.684,16849.809,16846.984,16795.07478125,4,signal_exit,89.04000000000815,25.75999999999185,63.2800000000163,5.040000000000001,68.32000000001631,99702.79539999996,2,TREND_04_LONG_P65
2024-01-11 04:15:00+00:00,2024-01-11 04:45:00+00:00,-158.00399999999837,-0.15847499497491363,-158.00399999999837,634,636,1,0.5700000000000001,16858.299,16861.124,16850.539,16847.714,16819.211656249998,2,signal_exit,-88.46399999998177,-152.87399999999838,64.41000000001661,5.130000000000001,69.5400000000166,99544.79139999996,2,TREND_04_LONG_P65
2024-01-11 09:00:00+00:00,2024-01-11 09:00:00+00:00,-339.16603125000665,-0.34071700435549535,-339.16603125000665,653,653,1,0.5700000000000001,16893.489,16896.314000000002,16869.837593750002,16867.01259375,16869.837593750002,0,atr_stop,-269.6260312499901,-334.03603125000666,64.41000000001657,5.130000000000001,69.54000000001656,99205.62536874996,2,TREND_04_LONG_P65
2024-01-11 23:45:00+00:00,2024-01-12 00:30:00+00:00,3.068000000004541,0.0030925665642454274,3.068000000004541,705,708,1,0.26,16807.389,16810.214,16814.079,16811.254,16698.098374999998,3,signal_exit,34.78800000001211,5.408000000004541,29.38000000000757,2.34,31.72000000000757,99208.69336874995,2,TREND_04_LONG_P65
2024-01-12 14:45:00+00:00,2024-01-12 15:00:00+00:00,-329.3775000000104,-0.3320046750094201,-329.3775000000104,765,766,1,0.24,16897.259,16900.084,16834.738687499997,16831.913687499997,16834.738687499997,1,atr_stop,-300.0975000000035,-327.21750000001043,27.12000000000694,2.16,29.28000000000694,98879.31586874994,2,TREND_04_LONG_P65
2024-01-16 23:45:00+00:00,2024-01-17 02:45:00+00:00,-298.64180000002136,-0.3020265637723782,-298.64180000002136,959,971,1,0.37,16831.343,16834.168,16797.086,16794.261,16740.58971875,12,signal_exit,-253.50180000001058,-295.3118000000213,41.810000000010746,3.33,45.140000000010744,98580.67406874993,2,TREND_04_LONG_P65
2024-01-18 01:45:00+00:00,2024-01-18 02:45:00+00:00,19.568999999981756,0.019850746796815758,19.568999999981756,1056,1060,1,0.33,16723.132,16725.957000000002,16732.197,16729.372,16657.2448125,4,signal_exit,59.82899999999136,22.538999999981755,37.290000000009606,2.97,40.260000000009605,98600.2430687499,2,TREND_04_LONG_P65
2024-01-18 09:30:00+00:00,2024-01-18 10:45:00+00:00,-4.989600000003266,-0.0050604337724849445,-4.989600000003266,1087,1092,1,0.33,16792.299,16795.124,16797.643,16794.818,16759.65290625,5,signal_exit,35.27040000000634,-2.0196000000032654,37.290000000009606,2.97,40.260000000009605,98595.2534687499,2,TREND_04_LONG_P65
2024-01-18 11:15:00+00:00,2024-01-18 14:45:00+00:00,405.42959999997623,0.4112060020500668,405.42959999997623,1094,1108,1,0.34,16838.076,16840.901,16903.798,16900.972999999998,16801.401234375,14,signal_exit,446.90959999998597,408.4895999999762,38.42000000000979,3.06,41.480000000009795,99000.68306874987,2,TREND_04_LONG_P65
2024-01-19 01:30:00+00:00,2024-01-19 04:15:00+00:00,179.2205999999856,0.1810296600433837,179.2205999999856,1144,1155,1,0.37,17009.265,17012.09,17039.584,17036.759,16935.978437499998,11,signal_exit,224.36059999999637,182.5505999999856,41.810000000010774,3.33,45.14000000001077,99179.90366874986,2,TREND_04_LONG_P65
2024-01-19 09:15:00+00:00,2024-01-19 14:15:00+00:00,-285.1970625000168,-0.2875552929074665,-285.1970625000168,1175,1195,1,0.36,17101.789,17104.614,17068.278296875,17065.453296875,17068.278296875,20,atr_stop,-241.27706250000628,-281.9570625000168,40.680000000010494,3.2399999999999998,43.920000000010496,98894.70660624985,2,TREND_04_LONG_P65
2024-01-22 04:45:00+00:00,2024-01-22 05:00:00+00:00,-21.096000000034834,-0.02133177874123106,-21.096000000034834,1246,1247,1,0.45,17420.864,17423.689000000002,17424.62,17421.795,17371.904390625,1,signal_exit,33.80399999997826,-17.046000000034837,50.8500000000131,4.05,54.900000000013094,98873.61060624981,2,TREND_04_LONG_P65
2024-01-22 12:15:00+00:00,2024-01-22 13:30:00+00:00,-362.9927500000192,-0.3671280413189183,-362.9927500000192,1276,1281,1,0.47000000000000003,17427.553,17430.378,17395.03675,17392.21175,17395.03675,5,atr_stop,-305.6527500000055,-358.7627500000192,53.11000000001371,4.23,57.34000000001372,98510.6178562498,2,TREND_04_LONG_P65
2024-01-23 04:30:00+00:00,2024-01-23 05:00:00+00:00,-94.76000000002009,-0.09619267654812322,-94.76000000002009,1334,1336,1,0.46,17348.819,17351.644,17344.619,17341.793999999998,17312.535796875,2,signal_exit,-38.640000000006694,-90.62000000002008,51.98000000001339,4.140000000000001,56.12000000001339,98415.85785624977,2,TREND_04_LONG_P65
2024-01-24 08:00:00+00:00,2024-01-24 12:00:00+00:00,42.38940000000556,0.04307171722459732,42.38940000000556,1437,1453,1,0.53,17510.676,17513.501,17520.775,17517.95,17489.243656249997,16,signal_exit,107.04940000002098,47.159400000005554,59.89000000001543,4.7700000000000005,64.66000000001543,98458.24725624979,2,TREND_04_LONG_P65
2024-01-24 12:30:00+00:00,2024-01-24 14:45:00+00:00,-16.837800000021236,-0.01710146226369313,-16.837800000021236,1455,1464,1,0.5700000000000001,17527.697,17530.522,17532.32,17529.495,17499.385984375,9,signal_exit,52.702199999995365,-11.707800000021235,64.4100000000166,5.130000000000001,69.54000000001659,98441.40945624976,2,TREND_04_LONG_P65
2024-01-25 14:00:00+00:00,2024-01-25 14:45:00+00:00,-326.1605000000168,-0.3313244922046469,-326.1605000000168,1550,1553,1,0.32,17587.665,17590.49,17542.802421875,17539.977421875,17542.802421875,3,atr_stop,-287.12050000000744,-323.2805000000168,36.16000000000935,2.88,39.04000000000935,98115.24895624975,2,TREND_04_LONG_P65
2024-01-30 02:45:00+00:00,2024-01-30 04:30:00+00:00,-106.59240000001621,-0.10863999340973642,-106.59240000001621,1772,1779,1,0.58,17604.521,17607.346,17601.432,17598.607,17558.776078125,7,signal_exit,-35.83239999999932,-101.37240000001621,65.5400000000169,5.22,70.7600000000169,98008.65655624973,2,TREND_04_LONG_P65
2024-01-30 12:15:00+00:00,2024-01-30 12:45:00+00:00,-202.6079999999935,-0.20672459670305907,-202.6079999999935,1810,1812,1,0.56,17579.421,17582.246,17567.431,17564.606,17547.917953124997,2,signal_exit,-134.2879999999772,-197.56799999999348,63.28000000001629,5.040000000000001,68.3200000000163,97806.04855624973,2,TREND_04_LONG_P65
2024-01-31 19:00:00+00:00,2024-01-31 19:00:00+00:00,-516.8563125000136,-0.5284502544878518,-516.8563125000136,1926,1926,1,0.33,17281.842,17284.667,17209.6304375,17206.8054375,17209.6304375,0,atr_stop,-476.5963125000039,-513.8863125000136,37.290000000009684,2.97,40.26000000000968,97289.19224374973,2,TREND_04_LONG_P65
2024-02-01 10:45:00+00:00,2024-02-01 11:45:00+00:00,-86.88500000001659,-0.08930591157785922,-86.88500000001659,1982,1986,1,0.25,17248.72,17251.545000000002,17237.443,17234.618,17208.882109375,4,signal_exit,-56.38500000000931,-84.63500000001659,28.250000000007276,2.25,30.500000000007276,97202.3072437497,2,TREND_04_LONG_P65
2024-02-01 15:00:00+00:00,2024-02-01 16:00:00+00:00,-180.44,-0.18563345368697784,-180.44,1999,2003,1,0.26,17207.787,17210.612,17179.187,17176.362,17152.205515625,4,signal_exit,-148.71999999999244,-178.10000000000002,29.380000000007584,2.34,31.720000000007584,97021.8672437497,2,TREND_04_LONG_P65
2024-02-01 21:00:00+00:00,2024-02-01 23:00:00+00:00,651.0564000000019,0.6710408885085067,651.0564000000019,2023,2024,1,0.23,17342.586,17345.411,17490.22,17487.395,17244.008265625,1,signal_exit,679.1164000000084,653.1264000000018,25.990000000006603,2.0700000000000003,28.060000000006603,97672.9236437497,2,TREND_04_LONG_P65
2024-02-04 23:45:00+00:00,2024-02-05 02:45:00+00:00,-223.44560000000524,-0.22876923477277727,-223.44560000000524,2116,2128,1,0.28,17617.354,17620.179,17583.553,17580.728,17514.088609374998,12,signal_exit,-189.2855999999971,-220.92560000000526,31.640000000008172,2.5200000000000005,34.160000000008175,97449.4780437497,2,TREND_04_LONG_P65
2024-02-06 02:00:00+00:00,2024-02-06 02:15:00+00:00,-28.36319999999425,-0.02910554327162293,-28.36319999999425,2214,2215,1,0.38,17630.264,17633.089,17632.632,17629.807,17574.421578125,1,signal_exit,17.996800000016812,-24.94319999999425,42.94000000001106,3.42,46.36000000001106,97421.11484374969,2,TREND_04_LONG_P65
2024-02-07 03:00:00+00:00,2024-02-07 05:15:00+00:00,-226.5759999999931,-0.23257381150214754,-226.5759999999931,2307,2316,1,0.34,17599.619,17602.444,17572.399,17569.574,17543.542359375,9,signal_exit,-185.09599999998318,-223.51599999999308,38.42000000000991,3.06,41.48000000000991,97194.5388437497,2,TREND_04_LONG_P65
2024-02-07 13:30:00+00:00,2024-02-07 15:15:00+00:00,466.88599999998195,0.4803623799795476,466.88599999998195,2349,2356,1,0.35000000000000003,17648.289,17651.114,17721.087,17718.262,17614.0005625,7,signal_exit,509.5859999999921,470.0359999999819,39.550000000010186,3.1500000000000004,42.700000000010185,97661.42484374969,2,TREND_04_LONG_P65
2024-02-07 19:45:00+00:00,2024-02-08 00:15:00+00:00,-19.761000000022616,-0.02023419178210701,-19.761000000022616,2374,2385,1,0.35000000000000003,17750.287,17753.112,17753.564,17750.738999999998,17671.7179375,11,signal_exit,22.938999999987573,-16.611000000022617,39.550000000010186,3.1500000000000004,42.700000000010185,97641.66384374967,2,TREND_04_LONG_P65
2024-02-08 15:45:00+00:00,2024-02-08 16:00:00+00:00,252.55119999997902,0.25865106150190365,252.55119999997902,2447,2448,1,0.44,17774.72,17777.545000000002,17809.519,17806.694,17732.514218750002,1,signal_exit,306.2311999999918,256.511199999979,49.72000000001282,3.96,53.68000000001282,97894.21504374966,2,TREND_04_LONG_P65
2024-02-09 00:15:00+00:00,2024-02-09 02:00:00+00:00,-298.30679999999967,-0.3047236242373301,-298.30679999999967,2474,2481,1,0.62,17790.121,17792.946,17772.164,17769.339,17732.263578125,7,signal_exit,-222.6667999999816,-292.7267999999996,70.06000000001802,5.58,75.64000000001802,97595.90824374967,2,TREND_04_LONG_P65
2024-02-09 08:30:00+00:00,2024-02-09 09:00:00+00:00,-298.72406250000347,-0.3060825682916216,-298.72406250000347,2507,2509,1,0.6,17840.21,17843.035,17821.416328125,17818.591328125,17821.416328125,2,atr_stop,-225.524062499986,-293.3240625000035,67.80000000001749,5.3999999999999995,73.2000000000175,97297.18418124967,2,TREND_04_LONG_P65
2024-02-09 13:00:00+00:00,2024-02-09 14:30:00+00:00,-386.2538750000391,-0.3969836108314374,-386.2538750000391,2525,2531,1,0.56,17833.421,17836.246,17805.034046874996,17802.209046874996,17805.034046874996,6,atr_stop,-317.93387500002285,-381.21387500003914,63.28000000001629,5.040000000000001,68.3200000000163,96910.93030624963,2,TREND_04_LONG_P65
2024-02-09 21:00:00+00:00,2024-02-12 03:15:00+00:00,-157.45920000004568,-0.16247826690184128,-157.45920000004568,2557,2575,1,0.59,17957.075,17959.9,17949.831,17947.005999999998,17901.145703125,18,signal_exit,-85.47920000002851,-152.14920000004568,66.67000000001717,5.31,71.98000000001717,96753.47110624959,2,TREND_04_LONG_P65
2024-02-15 01:45:00+00:00,2024-02-15 02:45:00+00:00,94.48799999998883,0.09765851180287585,94.48799999998883,2836,2840,1,0.4,17781.487,17784.312,17799.398,17796.573,17714.449265625,4,signal_exit,143.28800000000047,98.08799999998882,45.20000000001164,3.6,48.80000000001164,96847.95910624957,2,TREND_04_LONG_P65
2024-02-15 09:30:00+00:00,2024-02-15 11:15:00+00:00,-43.74400000002933,-0.04516770451717918,-43.74400000002933,2867,2874,1,0.4,17835.699,17838.524,17836.331,17833.505999999998,17809.656109375002,7,signal_exit,5.055999999982305,-40.14400000002934,45.20000000001164,3.6,48.80000000001164,96804.21510624954,2,TREND_04_LONG_P65
2024-02-15 14:00:00+00:00,2024-02-15 14:30:00+00:00,-348.50000000002336,-0.3600049849250053,-348.50000000002336,2885,2887,1,0.4,17831.107,17833.932,17793.6445,17790.819499999998,17793.6445,2,atr_stop,-299.70000000001164,-344.90000000002334,45.2000000000117,3.6,48.8000000000117,96455.71510624951,2,TREND_04_LONG_P65
2024-02-16 00:45:00+00:00,2024-02-16 03:00:00+00:00,-23.52840000002005,-0.02439295584932697,-23.52840000002005,2921,2930,1,0.42,17870.454,17873.279000000002,17873.753,17870.928,17798.67103125,9,signal_exit,27.711599999992174,-19.748400000020048,47.46000000001222,3.78,51.24000000001222,96432.18670624949,2,TREND_04_LONG_P65
2024-02-16 08:45:00+00:00,2024-02-16 13:00:00+00:00,-165.11880000001807,-0.1712278914746597,-165.11880000001807,2953,2970,1,0.42,17942.41,17945.235,17928.853,17926.028,17917.5,17,signal_exit,-113.87880000000587,-161.3388000000181,47.46000000001223,3.78,51.24000000001223,96267.06790624947,2,TREND_04_LONG_P65
2024-02-22 03:30:00+00:00,2024-02-22 04:15:00+00:00,-12.484800000007963,-0.012968921014781915,-12.484800000007963,3275,3278,1,0.24,17731.72,17734.545000000002,17735.219,17732.394,17645.2953125,3,signal_exit,16.79519999999902,-10.324800000007963,27.120000000006982,2.16,29.280000000006982,96254.58310624947,2,TREND_04_LONG_P65
2024-02-22 10:30:00+00:00,2024-02-22 12:15:00+00:00,53.385600000000565,0.055462917481104775,53.385600000000565,3303,3310,1,0.24,17819.064,17821.889,17836.286,17833.461,17783.036109375,7,signal_exit,82.66560000000753,55.54560000000056,27.120000000006968,2.16,29.280000000006968,96307.96870624946,2,TREND_04_LONG_P65
2024-02-22 16:30:00+00:00,2024-02-23 03:00:00+00:00,364.4763999999883,0.37844884997178563,364.4763999999883,3327,3362,1,0.23,17904.819,17907.644,17990.153,17987.327999999998,17839.331421875,35,signal_exit,392.53639999999507,366.54639999998835,25.990000000006717,2.0700000000000003,28.060000000006717,96672.44510624945,2,TREND_04_LONG_P65
2024-02-26 10:45:00+00:00,2024-02-26 14:45:00+00:00,-266.31393750001024,-0.27548070932447555,-266.31393750001024,3482,3498,1,0.39,17949.589,17952.414,17921.5461875,17918.7211875,17921.5461875,16,atr_stop,-218.7339374999989,-262.80393750001025,44.07000000001136,3.5100000000000002,47.58000000001136,96406.13116874943,2,TREND_04_LONG_P65
2024-02-28 00:00:00+00:00,2024-02-28 01:15:00+00:00,-79.40379999999526,-0.082363848686145,-79.40379999999526,3617,3622,1,0.43,17959.819,17962.644,17956.686,17953.861,17890.557125,5,signal_exit,-26.94379999998273,-75.53379999999525,48.59000000001252,3.87,52.46000000001252,96326.72736874943,2,TREND_04_LONG_P65
2024-02-29 23:00:00+00:00,2024-03-01 00:45:00+00:00,-47.15279999999593,-0.0489509000129214,-47.15279999999593,3791,3798,1,0.27,18033.119,18035.944,18030.487,18027.662,17933.730015625,7,signal_exit,-14.212799999988057,-44.72279999999592,30.510000000007864,2.43,32.94000000000786,96279.57456874943,2,TREND_04_LONG_P65
2024-03-01 01:15:00+00:00,2024-03-01 02:45:00+00:00,182.55439999999484,0.18960864837394972,182.55439999999484,3800,3806,1,0.28,18040.699,18043.524,18079.398,18076.573,17967.389859375002,6,signal_exit,216.71440000000297,185.07439999999482,31.640000000008143,2.5200000000000005,34.16000000000815,96462.12896874943,2,TREND_04_LONG_P65
2024-03-04 02:00:00+00:00,2024-03-04 03:15:00+00:00,11.264400000009044,0.011677536169306755,11.264400000009044,3892,3897,1,0.42,18309.654,18312.479,18317.095,18314.27,18255.955015625,5,signal_exit,62.50440000002126,15.044400000009045,47.460000000012215,3.78,51.240000000012216,96473.39336874944,2,TREND_04_LONG_P65
2024-03-06 09:30:00+00:00,2024-03-06 15:00:00+00:00,-58.80000000003057,-0.06094944724840333,-58.80000000003057,4100,4122,1,0.35000000000000003,18022.865,18025.690000000002,18020.565,18017.739999999998,17995.25453125,22,signal_exit,-16.100000000020376,-55.650000000030566,39.550000000010186,3.1500000000000004,42.700000000010185,96414.59336874941,2,TREND_04_LONG_P65
2024-03-07 13:45:00+00:00,2024-03-07 16:30:00+00:00,770.4492000000022,0.7991001912473197,770.4492000000022,4206,4217,1,0.31,18134.51,18137.335,18264.876,18262.051,18080.074765625,11,signal_exit,808.2692000000113,773.2392000000021,35.03000000000918,2.79,37.82000000000918,97185.04256874941,2,TREND_04_LONG_P65
2024-03-07 20:00:00+00:00,2024-03-07 21:00:00+00:00,-562.4155468750165,-0.5787058707899002,-562.4155468750165,4231,4235,1,0.35000000000000003,18303.975,18306.8,18229.729921874998,18226.904921874997,18229.729921874998,4,atr_stop,-519.7155468750061,-559.2655468750164,39.5500000000103,3.1500000000000004,42.7000000000103,96622.6270218744,2,TREND_04_LONG_P65
2024-03-08 08:30:00+00:00,2024-03-08 11:30:00+00:00,-280.3861875000096,-0.29018688079815197,-280.3861875000096,4274,4286,1,0.41000000000000003,18304.286,18307.111,18276.1925625,18273.3675625,18276.1925625,12,atr_stop,-230.36618749999764,-276.69618750000956,46.33000000001192,3.6900000000000004,50.02000000001192,96342.24083437439,2,TREND_04_LONG_P65
2024-03-11 23:30:00+00:00,2024-03-12 02:15:00+00:00,-15.892200000011945,-0.01649556815616613,-15.892200000011945,4419,4430,1,0.27,18022.286,18025.111,18025.443,18022.618,17924.136078125,11,signal_exit,17.047799999995917,-13.462200000011945,30.510000000007864,2.43,32.94000000000786,96326.34863437439,2,TREND_04_LONG_P65
2024-03-12 20:00:00+00:00,2024-03-13 00:45:00+00:00,-102.71000000000276,-0.10662710821714917,-102.71000000000276,4501,4513,1,0.25,18213.707,18216.532,18199.265,18196.44,18088.9960625,12,signal_exit,-72.20999999999549,-100.46000000000276,28.250000000007276,2.25,30.500000000007276,96223.63863437438,2,TREND_04_LONG_P65
2024-03-15 10:00:00+00:00,2024-03-15 12:00:00+00:00,-219.41481249999543,-0.2280258942750196,-219.41481249999543,4728,4736,1,0.26,18039.964,18042.789,18003.868843750002,18001.04384375,18003.868843750002,8,atr_stop,-187.6948124999879,-217.07481249999546,29.380000000007556,2.34,31.720000000007555,96004.22382187439,2,TREND_04_LONG_P65
2024-03-18 09:15:00+00:00,2024-03-18 13:45:00+00:00,998.3828000000045,1.039936328064479,998.3828000000045,4814,4832,1,0.34,17933.298,17936.123,18086.219,18083.394,17902.71378125,18,signal_exit,1039.8628000000144,1001.4428000000045,38.42000000000996,3.06,41.480000000009966,97002.6066218744,2,TREND_04_LONG_P65
2024-03-19 09:00:00+00:00,2024-03-19 09:45:00+00:00,-342.51885937499713,-0.3531027374451586,-342.51885937499713,4902,4905,1,0.33,17974.499,17977.324,17928.702203125,17925.877203125,17928.702203125,3,atr_stop,-302.25885937498754,-339.5488593749971,37.29000000000957,2.97,40.26000000000957,96660.0877624994,2,TREND_04_LONG_P65
2024-03-19 22:45:00+00:00,2024-03-20 01:00:00+00:00,-179.12320000002626,-0.18531247399665568,-179.12320000002626,4950,4959,1,0.32,18023.186,18026.011000000002,18001.298,17998.472999999998,17939.884984375,9,signal_exit,-140.08320000001697,-176.24320000002626,36.16000000000929,2.88,39.04000000000929,96480.96456249937,2,TREND_04_LONG_P65
2024-03-20 11:00:00+00:00,2024-03-20 13:30:00+00:00,-260.6991406250112,-0.2702078506440853,-260.6991406250112,4999,5009,1,0.35000000000000003,18037.296,18040.121,18006.153265625,18003.328265624998,18006.153265625,10,atr_stop,-217.99914062500102,-257.5491406250112,39.550000000010186,3.1500000000000004,42.700000000010185,96220.26542187437,2,TREND_04_LONG_P65
2024-03-21 11:30:00+00:00,2024-03-21 12:15:00+00:00,103.82079999999145,0.10789909957615769,103.82079999999145,5090,5093,1,0.32,18384.386,18387.211,18406.708,18403.882999999998,18350.31365625,3,signal_exit,142.86080000000075,106.70079999999145,36.160000000009305,2.88,39.04000000000931,96324.08622187436,2,TREND_04_LONG_P65
2024-03-21 12:45:00+00:00,2024-03-21 18:00:00+00:00,-231.04000000000931,-0.23985693408793757,-231.04000000000931,5095,5116,1,0.32,18406.909,18409.734,18376.909,18374.084,18368.10759375,21,signal_exit,-192.0,-228.16000000000932,36.16000000000932,2.88,39.04000000000932,96093.04622187435,2,TREND_04_LONG_P65
2024-03-25 00:15:00+00:00,2024-03-25 02:00:00+00:00,-80.05620000004507,-0.08331112723307682,-80.05620000004507,5223,5230,1,0.49,18356.489,18359.314000000002,18354.42,18351.594999999998,18299.588843750003,7,signal_exit,-20.276200000030805,-75.64620000004507,55.370000000014265,4.41,59.78000000001427,96012.9900218743,2,TREND_04_LONG_P65
2024-03-25 18:30:00+00:00,2024-03-25 20:00:00+00:00,-538.4736000000312,-0.5608341120064616,-538.4736000000312,5296,5302,1,0.48,18328.31,18331.135000000002,18278.319,18275.494,18267.2084375,6,signal_exit,-479.91360000001737,-534.1536000000312,54.24000000001388,4.32,58.56000000001388,95474.51642187426,2,TREND_04_LONG_P65
2024-03-26 07:15:00+00:00,2024-03-26 07:45:00+00:00,-264.37573437501095,-0.27690712064653056,-264.37573437501095,5340,5342,1,0.47000000000000003,18366.498,18369.323,18344.472921875,18341.647921875,18344.472921875,2,atr_stop,-207.03573437499728,-260.14573437501093,53.110000000013656,4.23,57.34000000001366,95210.14068749924,2,TREND_04_LONG_P65
2024-03-26 13:15:00+00:00,2024-03-26 14:30:00+00:00,-71.98080000003159,-0.0756020309184171,-71.98080000003159,5364,5369,1,0.46,18328.453,18331.278000000002,18326.729,18323.904,18292.077375,5,signal_exit,-15.860800000018207,-67.84080000003159,51.98000000001338,4.140000000000001,56.120000000013384,95138.1598874992,2,TREND_04_LONG_P65
2024-03-27 10:45:00+00:00,2024-03-27 13:30:00+00:00,-338.65832812503567,-0.3559647658999279,-338.65832812503567,5443,5454,1,0.51,18312.687,18315.512000000002,18285.585203125,18282.760203125,18285.585203125,11,atr_stop,-276.4383281250208,-334.06832812503563,57.63000000001483,4.59,62.220000000014835,94799.50155937417,2,TREND_04_LONG_P65
2024-04-03 19:45:00+00:00,2024-04-03 20:00:00+00:00,-580.935843750028,-0.6128047449555208,-580.935843750028,5827,5828,1,0.37,18208.489,18211.314000000002,18136.08415625,18133.25915625,18136.08415625,1,atr_stop,-535.7958437500173,-577.605843750028,41.810000000010746,3.33,45.140000000010744,94218.56571562415,2,TREND_04_LONG_P65
2024-04-04 00:15:00+00:00,2024-04-04 00:30:00+00:00,85.83640000000219,0.09110348830726049,85.83640000000219,5838,5839,1,0.34,18194.119,18196.944,18212.842,18210.017,18120.340406249998,1,signal_exit,127.3164000000121,88.89640000000219,38.42000000000991,3.06,41.48000000000991,94304.40211562415,2,TREND_04_LONG_P65
2024-04-04 02:15:00+00:00,2024-04-04 04:30:00+00:00,45.3882000000075,0.04812946053606089,45.3882000000075,5846,5855,1,0.33,18233.565,18236.39,18246.542,18243.717,18172.13515625,9,signal_exit,85.6482000000171,48.3582000000075,37.2900000000096,2.97,40.2600000000096,94349.79031562415,2,TREND_04_LONG_P65
2024-04-04 14:45:00+00:00,2024-04-04 15:15:00+00:00,-295.81354687500675,-0.31352856841062904,-295.81354687500675,5896,5898,1,0.33,18335.342,18338.167,18296.621765625,18293.796765625,18296.621765625,2,atr_stop,-255.55354687499712,-292.8435468750067,37.2900000000096,2.97,40.2600000000096,94053.97676874914,2,TREND_04_LONG_P65
2024-04-04 18:30:00+00:00,2024-04-04 18:45:00+00:00,-511.7160937500092,-0.5440664088113651,-511.7160937500092,5911,5912,1,0.45,18337.187,18340.012000000002,18286.429656250002,18283.60465625,18286.429656250002,1,atr_stop,-456.81609374999607,-507.6660937500092,50.850000000013154,4.05,54.90000000001315,93542.26067499914,2,TREND_04_LONG_P65
2024-04-08 01:00:00+00:00,2024-04-08 03:15:00+00:00,-12.493200000008946,-0.013355674654277387,-12.493200000008946,6019,6028,1,0.29,18122.686,18125.511000000002,18126.632,18123.807,18023.0875625,9,signal_exit,22.886799999999493,-9.883200000008946,32.77000000000844,2.61,35.38000000000844,93529.76747499914,2,TREND_04_LONG_P65
2024-04-10 02:30:00+00:00,2024-04-10 02:45:00+00:00,-33.16140000001368,-0.03545545006179754,-33.16140000001368,6203,6204,1,0.27,18181.54,18184.365,18181.499,18178.674,18119.32359375,1,signal_exit,-0.221400000005815,-30.731400000013675,30.51000000000786,2.43,32.94000000000786,93496.60607499913,2,TREND_04_LONG_P65
2024-04-11 14:00:00+00:00,2024-04-11 15:15:00+00:00,-187.7017187500061,-0.20075778857623938,-187.7017187500061,6338,6343,1,0.14,18067.376,18070.201,18006.439671875,18003.614671875,18006.439671875,5,atr_stop,-170.62171875000206,-186.44171875000612,15.820000000004057,1.2600000000000002,17.08000000000406,93308.90435624911,2,TREND_04_LONG_P65
2024-04-12 00:30:00+00:00,2024-04-12 01:45:00+00:00,-10.625600000008271,-0.011387551995509686,-10.625600000008271,6373,6378,1,0.29,18312.708,18315.533,18316.976,18314.150999999998,18234.41096875,5,signal_exit,24.754400000000167,-8.015600000008272,32.77000000000844,2.61,35.38000000000844,93298.27875624911,2,TREND_04_LONG_P65
2024-04-15 09:15:00+00:00,2024-04-15 09:45:00+00:00,-24.486000000013448,-0.026244857168250146,-24.486000000013448,6497,6499,1,0.33,18104.508,18107.333000000002,18106.898,18104.073,18064.591046875,2,signal_exit,15.77399999999616,-21.51600000001345,37.29000000000961,2.97,40.26000000000961,93273.7927562491,2,TREND_04_LONG_P65
2024-04-15 14:30:00+00:00,2024-04-15 14:30:00+00:00,-375.8241093749933,-0.40292572894202816,-375.8241093749933,6518,6518,1,0.33,18163.599,18166.424,18112.755953125,18109.930953125,18112.755953125,0,atr_stop,-335.56410937498373,-372.8541093749933,37.29000000000957,2.97,40.26000000000957,92897.9686468741,2,TREND_04_LONG_P65
2024-04-17 14:30:00+00:00,2024-04-17 14:45:00+00:00,-417.1382656249983,-0.4490284036356424,-417.1382656249983,6696,6697,1,0.29,17791.876,17794.701,17726.055609375002,17723.230609375,17726.055609375002,1,atr_stop,-381.75826562498986,-414.5282656249983,32.77000000000845,2.61,35.38000000000845,92480.8303812491,2,TREND_04_LONG_P65
2024-04-22 14:00:00+00:00,2024-04-22 15:15:00+00:00,-290.96484375000364,-0.3146217897812021,-290.96484375000364,6961,6966,1,0.25,17152.286,17155.111,17100.19303125,17097.36803125,17100.19303125,5,atr_stop,-260.46484374999636,-288.71484375000364,28.250000000007276,2.25,30.500000000007276,92189.8655374991,2,TREND_04_LONG_P65
2024-04-23 09:30:00+00:00,2024-04-23 13:15:00+00:00,-159.5008000000101,-0.173013377414171,-159.5008000000101,7032,7047,1,0.32,17250.031,17252.856,17231.209,17228.384,17215.01146875,15,signal_exit,-120.46080000000075,-156.6208000000101,36.16000000000935,2.88,39.04000000000935,92030.3647374991,2,TREND_04_LONG_P65
2024-04-23 20:15:00+00:00,2024-04-23 23:00:00+00:00,261.99359999999814,0.2846816925558104,261.99359999999814,7075,7079,1,0.36,17494.121,17496.946,17536.609,17533.784,17409.897171875,4,signal_exit,305.91360000000856,265.23359999999815,40.68000000001041,3.2399999999999998,43.92000000001041,92292.3583374991,2,TREND_04_LONG_P65
2024-04-24 03:15:00+00:00,2024-04-24 04:45:00+00:00,-1.320000000030268,-0.0014302375882553884,-1.320000000030268,7096,7102,1,0.4,17593.364,17596.189000000002,17599.299,17596.474,17537.647515625,6,signal_exit,47.47999999998138,2.279999999969732,45.20000000001165,3.6,48.80000000001165,92291.03833749906,2,TREND_04_LONG_P65
2024-04-26 15:15:00+00:00,2024-04-26 19:45:00+00:00,28.59840000000084,0.03098719064728621,28.59840000000084,7322,7340,1,0.18,17700.82,17703.645,17714.864,17712.039,17621.747812499998,18,signal_exit,50.558400000006074,30.218400000000837,20.340000000005237,1.6199999999999999,21.960000000005238,92319.63673749907,2,TREND_04_LONG_P65
2024-04-29 02:00:00+00:00,2024-04-29 04:00:00+00:00,88.14139999997889,0.09547416250195985,88.14139999997889,7355,7363,1,0.37,17755.843,17758.668,17773.854,17771.029,17691.025421875,8,signal_exit,133.28139999998967,91.4713999999789,41.810000000010774,3.33,45.14000000001077,92407.77813749904,2,TREND_04_LONG_P65
2024-05-03 20:00:00+00:00,2024-05-03 20:45:00+00:00,-29.343400000000404,-0.031754253366354734,-29.343400000000404,7783,7786,1,0.23,17897.354,17900.179,17897.075,17894.25,17791.279078125,3,signal_exit,-1.283399999993708,-27.273400000000404,25.990000000006695,2.0700000000000003,28.060000000006696,92378.43473749905,2,TREND_04_LONG_P65
2024-05-06 16:00:00+00:00,2024-05-06 17:45:00+00:00,28.39680000000168,0.030739641866300866,28.39680000000168,7856,7863,1,0.36,17991.421,17994.246,18001.465,17998.64,17950.99896875,7,signal_exit,72.31680000001215,31.63680000000168,40.680000000010466,3.2399999999999998,43.92000000001047,92406.83153749905,2,TREND_04_LONG_P65
2024-05-08 01:15:00+00:00,2024-05-08 03:00:00+00:00,-107.58800000000456,-0.11642862135830827,-107.58800000000456,7975,7982,1,0.52,18101.654,18104.479,18097.409,18094.584,18051.68634375,7,signal_exit,-44.14799999998941,-102.90800000000455,58.76000000001514,4.68,63.44000000001514,92299.24353749905,2,TREND_04_LONG_P65
2024-05-09 23:00:00+00:00,2024-05-10 02:00:00+00:00,20.840400000004156,0.022579166633729976,20.840400000004156,8144,8156,1,0.42,18124.208,18127.033,18132.789,18129.964,18050.169328124997,12,signal_exit,72.08040000001637,24.620400000004157,47.460000000012215,3.78,51.240000000012216,92320.08393749905,2,TREND_04_LONG_P65
2024-05-10 10:00:00+00:00,2024-05-10 13:30:00+00:00,-244.4543281250025,-0.264789976025692,-244.4543281250025,8188,8202,1,0.43,18193.22,18196.045000000002,18170.895078125002,18168.070078125,18170.895078125002,14,atr_stop,-191.99432812498998,-240.5843281250025,48.59000000001251,3.87,52.460000000012506,92075.62960937405,2,TREND_04_LONG_P65
2024-05-13 14:00:00+00:00,2024-05-13 14:30:00+00:00,-270.98596874999754,-0.29430802689011315,-270.98596874999754,8293,8295,1,0.42,18229.154,18231.979,18202.993765625,18200.168765625,18202.993765625,2,atr_stop,-219.74596874998534,-267.20596874999757,47.46000000001223,3.78,51.24000000001223,91804.64364062405,2,TREND_04_LONG_P65
2024-05-15 01:15:00+00:00,2024-05-15 01:30:00+00:00,-52.85800000000774,-0.057576608223571156,-52.85800000000774,8420,8421,1,0.38,18323.753,18326.578,18322.898,18320.073,18270.7455,1,signal_exit,-6.497999999996683,-49.43800000000774,42.940000000011054,3.42,46.360000000011055,91751.78564062405,2,TREND_04_LONG_P65
2024-05-16 00:15:00+00:00,2024-05-16 03:15:00+00:00,31.778999999997907,0.03463583817809364,31.778999999997907,8505,8517,1,0.45,18616.41,18619.235,18626.041,18623.216,18559.016328125,12,signal_exit,86.679000000011,35.828999999997905,50.8500000000131,4.05,54.900000000013094,91783.56464062406,2,TREND_04_LONG_P65
2024-05-17 16:00:00+00:00,2024-05-17 16:45:00+00:00,-409.14240000000274,-0.445768696827137,-409.14240000000274,8657,8660,1,0.51,18578.099,18580.924,18544.087,18541.262,18539.003765625,3,signal_exit,-346.9223999999878,-404.5524000000027,57.63000000001489,4.59,62.22000000001489,91374.42224062406,2,TREND_04_LONG_P65
2024-05-22 02:15:00+00:00,2024-05-22 02:45:00+00:00,-91.07640000003725,-0.09967384500686417,-91.07640000003725,8869,8871,1,0.81,18724.932,18727.757,18725.41,18722.585,18692.5216875,2,signal_exit,7.743599999986328,-83.78640000003726,91.53000000002359,7.290000000000001,98.8200000000236,91283.34584062402,2,TREND_04_LONG_P65
2024-05-23 04:15:00+00:00,2024-05-23 08:00:00+00:00,-95.77820000001638,-0.10492406815065711,-95.77820000001638,8966,8981,1,0.37,18871.432,18874.257,18864.589,18861.764,18808.760671875,15,signal_exit,-50.638200000005604,-92.44820000001637,41.81000000001077,3.33,45.140000000010765,91187.56764062401,2,TREND_04_LONG_P65
2024-05-23 14:15:00+00:00,2024-05-23 14:30:00+00:00,-248.37862500000108,-0.27238211460895306,-248.37862500000108,9006,9007,1,0.36,18917.099,18919.924,18888.70196875,18885.87696875,18888.70196875,1,atr_stop,-204.45862499999055,-245.13862500000107,40.68000000001052,3.2399999999999998,43.920000000010525,90939.18901562401,2,TREND_04_LONG_P65
2024-05-24 15:15:00+00:00,2024-05-24 16:00:00+00:00,309.16999999998006,0.3399744415434169,309.16999999998006,9099,9102,1,0.25,18722.953,18725.778000000002,18790.887,18788.061999999998,18672.630265625,3,signal_exit,339.66999999998734,311.41999999998006,28.250000000007276,2.25,30.500000000007276,91248.359015624,2,TREND_04_LONG_P65
2024-05-24 20:30:00+00:00,2024-05-27 01:45:00+00:00,-155.80699999999675,-0.17075046793259993,-155.80699999999675,9120,9134,1,0.37,18789.497,18792.322,18774.542,18771.717,18716.50746875,14,signal_exit,-110.66699999998599,-152.47699999999676,41.810000000010774,3.33,45.14000000001077,91092.55201562401,2,TREND_04_LONG_P65
2024-05-27 15:00:00+00:00,2024-05-27 17:30:00+00:00,534.6447999999879,0.5869248233470138,534.6447999999879,9187,9197,1,0.43,18813.886,18816.711,18882.154,18879.328999999998,18788.70225,10,signal_exit,587.1048000000003,538.5147999999878,48.59000000001254,3.87,52.460000000012535,91627.196815624,2,TREND_04_LONG_P65
2024-05-28 03:30:00+00:00,2024-05-28 06:15:00+00:00,78.5375999999803,0.0857142886931452,78.5375999999803,9217,9228,1,0.72,18841.943,18844.768,18853.497,18850.672,18810.195109375,11,signal_exit,166.37760000000125,85.01759999998029,81.36000000002096,6.4799999999999995,87.84000000002096,91705.73441562399,2,TREND_04_LONG_P65
2024-05-28 08:00:00+00:00,2024-05-28 08:00:00+00:00,-402.22650000002494,-0.4386056145377723,-402.22650000002494,9235,9235,1,0.78,18867.865,18870.690000000002,18848.18125,18845.35625,18848.18125,0,atr_stop,-307.0665000000023,-395.20650000002496,88.14000000002267,7.0200000000000005,95.16000000002266,91303.50791562397,2,TREND_04_LONG_P65
2024-06-03 03:00:00+00:00,2024-06-03 04:00:00+00:00,44.250799999990264,0.04846560774081499,44.250799999990264,9571,9575,1,0.22,18575.597,18578.422000000002,18591.754,18588.929,18492.552703125002,4,signal_exit,71.09079999999668,46.23079999999027,24.86000000000641,1.98,26.84000000000641,91347.75871562395,2,TREND_04_LONG_P65
2024-06-03 15:15:00+00:00,2024-06-03 15:45:00+00:00,-292.95096875001155,-0.32069858403642015,-292.95096875001155,9620,9622,1,0.22,18645.065,18647.89,18584.585234374998,18581.760234374997,18584.585234374998,2,atr_stop,-266.1109687500051,-290.97096875001154,24.860000000006437,1.98,26.840000000006437,91054.80774687394,2,TREND_04_LONG_P65
2024-06-04 02:30:00+00:00,2024-06-04 02:45:00+00:00,17.74639999999315,0.01948980008757683,17.74639999999315,9658,9659,1,0.28,18615.62,18618.445,18624.889,18622.064,18540.176328125,1,signal_exit,51.906400000001305,20.266399999993155,31.64000000000815,2.5200000000000005,34.160000000008154,91072.55414687394,2,TREND_04_LONG_P65
2024-06-05 02:15:00+00:00,2024-06-05 02:30:00+00:00,-87.04640000001062,-0.09557917949641526,-87.04640000001062,9746,9747,1,0.32,18680.954,18683.779000000002,18673.453,18670.628,18611.043765625003,1,signal_exit,-48.0064000000013,-84.16640000001063,36.160000000009326,2.88,39.04000000000933,90985.50774687393,2,TREND_04_LONG_P65
2024-06-05 03:30:00+00:00,2024-06-05 04:15:00+00:00,-71.24480000002775,-0.07830345926983692,-71.24480000002775,9751,9754,1,0.32,18709.919,18712.744000000002,18704.887,18702.061999999998,18647.381656250003,3,signal_exit,-32.20480000001844,-68.36480000002776,36.16000000000932,2.88,39.04000000000932,90914.2629468739,2,TREND_04_LONG_P65
2024-06-05 20:45:00+00:00,2024-06-05 21:00:00+00:00,204.89039999999193,0.22536661834867475,204.89039999999193,9820,9821,1,0.33,18992.721,18995.546000000002,19029.865,19027.04,18923.5219375,1,signal_exit,245.15040000000158,207.86039999999196,37.29000000000963,2.97,40.260000000009626,91119.15334687389,2,TREND_04_LONG_P65
2024-06-06 02:15:00+00:00,2024-06-06 03:15:00+00:00,93.55939999998198,0.10267808310709223,93.55939999998198,9835,9839,1,0.43,19035.275,19038.100000000002,19052.254,19049.429,18985.65640625,4,signal_exit,146.01939999999448,97.42939999998198,48.590000000012495,3.87,52.46000000001249,91212.71274687388,2,TREND_04_LONG_P65
2024-06-07 00:45:00+00:00,2024-06-07 02:45:00+00:00,21.681000000003408,0.0237697129567572,21.681000000003408,9918,9926,1,0.45,19039.389,19042.214,19047.898,19045.073,18982.42071875,8,signal_exit,76.5810000000165,25.731000000003405,50.8500000000131,4.05,54.900000000013094,91234.39374687389,2,TREND_04_LONG_P65
2024-06-12 02:00:00+00:00,2024-06-12 03:00:00+00:00,46.73679999998771,0.0512271722105778,46.73679999998771,10190,10194,1,0.44,19212.421,19215.246,19223.832,19221.006999999998,19154.475921874997,4,signal_exit,100.4168000000005,50.696799999987704,49.7200000000128,3.96,53.680000000012804,91281.13054687389,2,TREND_04_LONG_P65
2024-06-14 08:45:00+00:00,2024-06-14 09:00:00+00:00,-234.4597500000073,-0.2568545641309839,-234.4597500000073,10395,10396,1,0.42,19628.798,19631.623,19606.986125,19604.161125,19606.986125,1,atr_stop,-183.21974999999512,-230.67975000000732,47.4600000000122,3.78,51.2400000000122,91046.67079687388,2,TREND_04_LONG_P65
2024-06-17 01:00:00+00:00,2024-06-17 02:45:00+00:00,-196.20000000000587,-0.21549387614373097,-196.20000000000587,10453,10460,1,0.4,19692.642,19695.467,19674.217,19671.392,19625.192703124998,7,signal_exit,-147.3999999999942,-192.60000000000585,45.20000000001164,3.6,48.80000000001164,90850.47079687387,2,TREND_04_LONG_P65
2024-06-17 09:30:00+00:00,2024-06-17 09:30:00+00:00,-256.11482812500344,-0.28190809126089444,-256.11482812500344,10487,10487,1,0.39,19708.221,19711.046000000002,19681.485765625002,19678.660765625,19681.485765625002,0,atr_stop,-208.53482812499203,-252.60482812500342,44.07000000001139,3.5100000000000002,47.58000000001139,90594.35596874886,2,TREND_04_LONG_P65
2024-06-18 03:15:00+00:00,2024-06-18 03:30:00+00:00,-52.43240000000399,-0.05787601163376104,-52.43240000000399,10551,10552,1,0.38,19888.519,19891.344,19887.72,19884.895,19829.695328125003,1,signal_exit,-6.072399999992922,-49.012400000003986,42.94000000001106,3.42,46.36000000001106,90541.92356874885,2,TREND_04_LONG_P65
2024-06-18 10:30:00+00:00,2024-06-18 13:30:00+00:00,-260.4112031250033,-0.2876139503787679,-260.4112031250033,10580,10592,1,0.37,19936.995,19939.82,19907.904296875,19905.079296875,19907.904296875,12,atr_stop,-215.27120312499247,-257.08120312500324,41.810000000010774,3.33,45.14000000001077,90281.51236562386,2,TREND_04_LONG_P65
2024-06-25 16:00:00+00:00,2024-06-25 16:15:00+00:00,284.58279999999775,0.31521713864017775,284.58279999999775,11034,11035,1,0.29,19598.842,19601.667,19654.008,19651.183,19534.889109375003,1,signal_exit,319.96280000000627,287.19279999999776,32.77000000000851,2.61,35.38000000000851,90566.09516562386,2,TREND_04_LONG_P65
2024-06-26 01:45:00+00:00,2024-06-26 02:45:00+00:00,51.06739999999075,0.05638688507724729,51.06739999999075,11066,11070,1,0.37,19716.884,19719.709,19729.885,19727.059999999998,19655.244625,4,signal_exit,96.20740000000151,54.397399999990746,41.81000000001077,3.33,45.140000000010765,90617.16256562386,2,TREND_04_LONG_P65
2024-06-26 08:45:00+00:00,2024-06-26 11:00:00+00:00,-251.6844375000021,-0.27774477855421176,-251.6844375000021,11094,11103,1,0.36,19785.453,19788.278000000002,19756.596828125003,19753.771828125,19756.596828125003,9,atr_stop,-207.76443749999163,-248.4444375000021,40.680000000010466,3.2399999999999998,43.92000000001047,90365.47812812387,2,TREND_04_LONG_P65
2024-06-27 23:30:00+00:00,2024-06-28 04:15:00+00:00,284.1360000000029,0.31442980868993275,284.1360000000029,11235,11254,1,0.3,19828.086,19830.911,19881.542,19878.717,19737.214203125,19,signal_exit,320.7360000000117,286.83600000000297,33.90000000000873,2.6999999999999997,36.600000000008734,90649.61412812387,2,TREND_04_LONG_P65
2024-07-01 20:15:00+00:00,2024-07-01 23:00:00+00:00,24.959999999989527,0.027534590455852517,24.959999999989527,11407,11411,1,0.24,19796.031,19798.856,19807.331,19804.505999999998,19693.151156249998,4,end_of_test,54.2399999999965,27.119999999989524,27.120000000006975,2.16,29.280000000006975,90674.57412812386,2,TREND_04_LONG_P65
2024-07-03 14:00:00+00:00,2024-07-03 14:30:00+00:00,-318.7051718750037,-0.3187051718750037,-318.7051718750037,148,150,-1,0.41000000000000003,19976.82,19973.995,20009.586484375,20012.411484375,20009.586484375,2,atr_stop,-268.6851718749917,-315.01517187500366,46.33000000001198,3.6900000000000004,50.020000000011976,99681.294828125,3,TREND_08_SHORT_P65
2024-07-09 14:15:00+00:00,2024-07-09 14:30:00+00:00,-77.78220000003684,-0.07803088847727394,-77.78220000003684,480,481,-1,0.5700000000000001,20496.175,20493.35,20496.898,20499.723,20522.851484375,1,signal_exit,-8.24220000002024,-72.65220000003684,64.4100000000166,5.130000000000001,69.54000000001659,99603.51262812495,3,TREND_08_SHORT_P65
2024-07-10 00:45:00+00:00,2024-07-10 02:15:00+00:00,-169.50959999998278,-0.17018435949428404,-169.50959999998278,515,521,-1,0.52,20474.687,20471.862,20484.886,20487.711,20541.017390625002,6,signal_exit,-106.06959999996764,-164.82959999998278,58.76000000001514,4.68,63.44000000001514,99434.00302812498,3,TREND_08_SHORT_P65
2024-07-12 01:00:00+00:00,2024-07-12 02:45:00+00:00,-122.55879999999365,-0.12325642764812335,-122.55879999999365,694,701,-1,0.26,20206.062,20203.237,20223.531,20226.356,20323.657703125,7,signal_exit,-90.83879999998608,-120.21879999999365,29.38000000000757,2.34,31.72000000000757,99311.44422812498,3,TREND_08_SHORT_P65
2024-07-16 09:00:00+00:00,2024-07-16 11:00:00+00:00,-251.0310312500218,-0.2527715040306804,-251.0310312500218,904,912,-1,0.34,20378.597,20375.772,20409.413328125003,20412.238328125004,20409.413328125003,8,atr_stop,-209.55103125001187,-247.9710312500218,38.420000000009935,3.06,41.48000000000994,99060.41319687496,3,TREND_08_SHORT_P65
2024-07-17 00:15:00+00:00,2024-07-17 01:00:00+00:00,9.702999999996392,0.009795032835884124,9.702999999996392,958,961,-1,0.31,20371.354,20368.529,20363.689,20366.514,20478.073609375,3,signal_exit,47.52300000000541,12.49299999999639,35.03000000000902,2.79,37.82000000000902,99070.11619687495,3,TREND_08_SHORT_P65
2024-07-17 07:45:00+00:00,2024-07-17 09:00:00+00:00,482.08720000001216,0.486612127356341,482.08720000001216,988,993,-1,0.31,20245.365,20242.54,20161.509,20164.334,20281.179140625,5,signal_exit,519.9072000000211,484.8772000000121,35.03000000000901,2.79,37.82000000000901,99552.20339687496,3,TREND_08_SHORT_P65
2024-07-17 13:30:00+00:00,2024-07-17 14:45:00+00:00,551.0311999999833,0.5535097980737217,551.0311999999833,1011,1016,-1,0.31,20104.53,20101.704999999998,20009.554,20012.379,20173.825390625,5,signal_exit,588.8511999999923,553.8211999999833,35.03000000000907,2.79,37.82000000000907,100103.23459687494,3,TREND_08_SHORT_P65
2024-07-18 01:00:00+00:00,2024-07-18 03:00:00+00:00,-109.59000000001394,-0.10947698187910022,-109.59000000001394,1050,1058,-1,0.3,19864.554,19861.729,19876.719,19879.544,19967.481890625,8,signal_exit,-72.99000000000524,-106.89000000001396,33.90000000000872,2.6999999999999997,36.60000000000872,99993.64459687492,3,TREND_08_SHORT_P65
2024-07-21 23:15:00+00:00,2024-07-22 02:30:00+00:00,-128.14940000000615,-0.12815754492862158,-128.14940000000615,1205,1218,-1,0.17,19566.198,19563.373,19597.789,19600.614,19715.15190625,13,signal_exit,-107.40940000000118,-126.61940000000615,19.210000000004968,1.53,20.74000000000497,99865.49519687491,3,TREND_08_SHORT_P65
2024-07-23 07:30:00+00:00,2024-07-23 07:45:00+00:00,-290.8063125000135,-0.29119798778018147,-290.8063125000135,1327,1328,-1,0.33,19727.831,19725.005999999998,19765.7925625,19768.6175625,19765.7925625,1,atr_stop,-250.54631250000384,-287.8363125000135,37.290000000009655,2.97,40.260000000009654,99574.68888437489,3,TREND_08_SHORT_P65
2024-07-23 09:15:00+00:00,2024-07-23 09:30:00+00:00,140.53539999998986,0.1411356656742138,140.53539999998986,1334,1335,-1,0.31,19739.175,19736.35,19710.408,19713.233,19788.709921875,1,signal_exit,178.35539999999892,143.32539999998988,35.03000000000904,2.79,37.82000000000904,99715.22428437487,3,TREND_08_SHORT_P65
2024-07-24 05:45:00+00:00,2024-07-24 14:45:00+00:00,924.8459999999827,0.9274872584776442,924.8459999999827,1409,1445,-1,0.26,19564.708,19561.882999999998,19380.753,19383.578,19629.01815625,36,signal_exit,956.5659999999901,927.1859999999826,29.3800000000075,2.34,31.7200000000075,100640.07028437486,3,TREND_08_SHORT_P65
2024-07-25 04:45:00+00:00,2024-07-25 05:15:00+00:00,-37.7047999999969,-0.037464997682787646,-37.7047999999969,1494,1496,-1,0.28,19103.754,19100.929,19104.387,19107.212,19183.41321875,2,signal_exit,-3.5447999999887547,-35.184799999996905,31.64000000000815,2.5200000000000005,34.160000000008154,100602.36548437487,3,TREND_08_SHORT_P65
2024-07-25 06:45:00+00:00,2024-07-25 07:00:00+00:00,13.439999999991853,0.013359526821543073,13.439999999991853,1502,1503,-1,0.28,19080.81,19077.985,19072.31,19075.135000000002,19135.586875,1,signal_exit,47.60000000000001,15.959999999991853,31.640000000008158,2.5200000000000005,34.16000000000816,100615.80548437487,3,TREND_08_SHORT_P65
2024-07-30 00:45:00+00:00,2024-07-30 04:45:00+00:00,17.21779999999679,0.01711242077435898,17.21779999999679,1745,1761,-1,0.23,18987.808,18984.983,18977.965,18980.79,19113.59925,16,signal_exit,45.27780000000348,19.28779999999679,25.99000000000669,2.0700000000000003,28.060000000006692,100633.02328437487,3,TREND_08_SHORT_P65
2024-08-02 02:30:00+00:00,2024-08-02 03:30:00+00:00,382.82879999999653,0.3804206487150603,382.82879999999653,2019,2023,-1,0.16,18751.565,18748.739999999998,18625.831,18628.656,18916.015703125,4,signal_exit,402.3488000000013,384.2687999999966,18.080000000004702,1.44,19.520000000004703,101015.85208437486,3,TREND_08_SHORT_P65
2024-08-02 04:00:00+00:00,2024-08-02 13:30:00+00:00,155.09699999999282,0.15353728825694204,155.09699999999282,2025,2062,-1,0.15,18634.198,18631.373,18576.399,18579.224000000002,18792.289875,37,signal_exit,173.3969999999972,156.44699999999284,16.950000000004366,1.3499999999999999,18.300000000004367,101170.94908437485,3,TREND_08_SHORT_P65
2024-08-05 03:30:00+00:00,2024-08-05 07:00:00+00:00,1410.7175999999997,1.3943900030269412,1410.7175999999997,2111,2125,-1,0.12,18019.553,18016.728,17425.654,17428.479,18197.996593750002,14,signal_exit,1425.357600000003,1411.7975999999996,13.560000000003356,1.08,14.640000000003356,102581.66668437485,3,TREND_08_SHORT_P65
2024-08-06 14:00:00+00:00,2024-08-06 14:15:00+00:00,-13.246000000005006,-0.012912638708396639,-13.246000000005006,2242,2243,-1,0.1,17969.119,17966.293999999998,17969.642,17972.467,18136.1149375,1,signal_exit,-1.0460000000020955,-12.346000000005008,11.300000000002912,0.9,12.200000000002913,102568.42068437485,3,TREND_08_SHORT_P65
2024-08-08 03:45:00+00:00,2024-08-08 13:30:00+00:00,92.40640000000364,0.09009244695729308,92.40640000000364,2379,2418,-1,0.16,17912.419,17909.594,17877.442,17880.267,18080.756343750003,39,signal_exit,111.92640000000829,93.84640000000364,18.080000000004645,1.44,19.520000000004647,102660.82708437486,3,TREND_08_SHORT_P65
2024-08-09 12:45:00+00:00,2024-08-09 15:15:00+00:00,-212.0103999999967,-0.20651538276206333,-212.0103999999967,2504,2514,-1,0.17,18392.953,18390.128,18449.209,18452.034,18488.09190625,10,signal_exit,-191.2703999999918,-210.48039999999673,19.210000000004925,1.53,20.740000000004926,102448.81668437486,3,TREND_08_SHORT_P65
2024-08-16 11:30:00+00:00,2024-08-16 15:15:00+00:00,139.52479999998596,0.13618976237649974,139.52479999998596,2943,2958,-1,0.29,19494.321,19491.496,19464.165,19466.99,19535.662874999998,15,signal_exit,174.90479999999442,142.13479999998597,32.77000000000845,2.61,35.38000000000845,102588.34148437486,3,TREND_08_SHORT_P65
2024-08-19 11:00:00+00:00,2024-08-19 12:15:00+00:00,-319.6080000000168,-0.3115441729299191,-319.6080000000168,3030,3035,-1,0.36,19484.531,19481.706,19522.821,19525.646,19538.951703125,5,signal_exit,-275.6880000000063,-316.36800000001676,40.680000000010466,3.2399999999999998,43.92000000001047,102268.73348437485,3,TREND_08_SHORT_P65
2024-08-20 21:00:00+00:00,2024-08-21 03:15:00+00:00,-50.86200000001118,-0.04973367545202087,-50.86200000001118,3159,3177,-1,0.3,19718.643,19715.818,19721.02,19723.845,19812.09565625,18,signal_exit,-14.262000000002445,-48.162000000011176,33.90000000000873,2.6999999999999997,36.600000000008734,102217.87148437483,3,TREND_08_SHORT_P65
2024-08-22 15:45:00+00:00,2024-08-22 16:30:00+00:00,384.89579999999444,0.3765445263246654,384.89579999999444,3316,3319,-1,0.27,19799.686,19796.861,19722.309,19725.134000000002,19861.677171875002,3,signal_exit,417.8358000000022,387.3257999999944,30.510000000007835,2.43,32.940000000007835,102602.76728437483,3,TREND_08_SHORT_P65
2024-08-23 01:15:00+00:00,2024-08-23 02:45:00+00:00,-44.544000000008374,-0.043414033733173873,-44.544000000008374,3347,3353,-1,0.24,19565.409,19562.584,19568.589,19571.414,19687.755171875,6,signal_exit,-15.2640000000014,-42.38400000000838,27.12000000000698,2.16,29.28000000000698,102558.22328437482,3,TREND_08_SHORT_P65
2024-08-27 00:15:00+00:00,2024-08-27 04:30:00+00:00,-301.99440000001283,-0.29446141940528625,-301.99440000001283,3521,3538,-1,0.29,19474.119,19471.293999999998,19520.087,19522.912,19576.015874999997,17,signal_exit,-266.61440000000437,-299.3844000000128,32.77000000000845,2.61,35.38000000000845,102256.22888437481,3,TREND_08_SHORT_P65
2024-08-29 03:30:00+00:00,2024-08-29 04:00:00+00:00,-98.84000000000817,-0.09665914837498113,-98.84000000000817,3712,3714,-1,0.2,19177.587,19174.762,19196.197,19199.022,19287.511375,2,signal_exit,-74.44000000000234,-97.04000000000816,22.60000000000582,1.8,24.40000000000582,102157.38888437481,3,TREND_08_SHORT_P65
2024-09-02 09:15:00+00:00,2024-09-02 10:00:00+00:00,-142.86560000002515,-0.1398485234990934,-142.86560000002515,3913,3916,-1,0.29,19500.565,19497.739999999998,19519.097,19521.922000000002,19537.567187499997,3,signal_exit,-107.48560000001672,-140.25560000002514,32.77000000000842,2.61,35.38000000000842,102014.5232843748,3,TREND_08_SHORT_P65
2024-09-03 05:30:00+00:00,2024-09-03 08:00:00+00:00,-559.3912500000139,-0.5483447179777136,-559.3912500000139,3974,3984,-1,0.48,19506.186,19503.361,19558.355921875,19561.180921875002,19558.355921875,10,atr_stop,-500.83124999999995,-555.071250000014,54.24000000001399,4.32,58.56000000001399,101455.13203437478,3,TREND_08_SHORT_P65
2024-09-04 01:30:00+00:00,2024-09-04 01:45:00+00:00,288.5279999999888,0.2843897535929779,288.5279999999888,4047,4048,-1,0.24,18906.742,18903.916999999998,18840.532,18843.357,19014.632312499998,1,signal_exit,317.80799999999584,290.6879999999888,27.120000000007053,2.16,29.280000000007053,101743.66003437477,3,TREND_08_SHORT_P65
2024-09-04 04:15:00+00:00,2024-09-04 10:00:00+00:00,-71.7600000000067,-0.07053019320885656,-71.7600000000067,4058,4081,-1,0.23,18850.399,18847.574,18859.899,18862.724000000002,18957.2543125,23,signal_exit,-43.7,-69.6900000000067,25.990000000006702,2.0700000000000003,28.060000000006703,101671.90003437476,3,TREND_08_SHORT_P65
2024-09-05 14:15:00+00:00,2024-09-05 14:30:00+00:00,-429.5857500000181,-0.4225216110398029,-429.5857500000181,4187,4188,-1,0.24,18862.364,18859.539,18945.761031250004,18948.586031250004,18945.761031250004,1,atr_stop,-400.30575000001113,-427.4257500000181,27.120000000006996,2.16,29.280000000006996,101242.31428437475,3,TREND_08_SHORT_P65
2024-09-06 00:45:00+00:00,2024-09-06 03:30:00+00:00,114.3560000000027,0.11295277158401724,114.3560000000027,4222,4233,-1,0.2,18870.342,18867.517,18835.653,18838.478,19003.401296875003,11,signal_exit,138.75600000000853,116.1560000000027,22.60000000000582,1.8,24.40000000000582,101356.67028437476,3,TREND_08_SHORT_P65
2024-09-06 08:30:00+00:00,2024-09-06 12:45:00+00:00,-115.6440000000119,-0.11409609222121386,-115.6440000000119,4253,4270,-1,0.2,18709.964,18707.139,18732.775,18735.600000000002,18781.05790625,17,signal_exit,-91.24400000000605,-113.84400000001189,22.600000000005835,1.8,24.400000000005836,101241.02628437476,3,TREND_08_SHORT_P65
2024-09-06 20:15:00+00:00,2024-09-09 02:45:00+00:00,-96.05199999999314,-0.09487458150630927,-96.05199999999314,4300,4319,-1,0.2,18467.919,18465.094,18485.832,18488.657,18637.206421875002,19,signal_exit,-71.65199999998731,-94.25199999999313,22.60000000000582,1.8,24.40000000000582,101144.97428437478,3,TREND_08_SHORT_P65
2024-09-10 10:30:00+00:00,2024-09-10 11:30:00+00:00,-332.46809375001817,-0.32870451162038505,-332.46809375001817,4439,4443,-1,0.26,18578.499,18575.674,18636.335171875002,18639.160171875003,18636.335171875002,4,atr_stop,-300.7480937500106,-330.12809375001814,29.380000000007556,2.34,31.720000000007555,100812.50619062476,3,TREND_08_SHORT_P65
2024-09-16 11:30:00+00:00,2024-09-16 14:45:00+00:00,628.1934000000026,0.623130426707339,628.1934000000026,4798,4811,-1,0.37,19455.199,19452.374,19364.208,19367.033,19489.039078125,13,signal_exit,673.3334000000133,631.5234000000025,41.810000000010746,3.33,45.140000000010744,101440.69959062476,3,TREND_08_SHORT_P65
2024-09-18 09:30:00+00:00,2024-09-18 10:30:00+00:00,-275.6232187500154,-0.27170871244216926,-275.6232187500154,4968,4972,-1,0.33,19417.31,19414.485,19452.971093750002,19455.796093750003,19452.971093750002,4,atr_stop,-235.36321875000579,-272.65321875001536,37.29000000000957,2.97,40.26000000000957,101165.07637187475,3,TREND_08_SHORT_P65
2024-09-20 09:45:00+00:00,2024-09-20 13:30:00+00:00,-299.22492187501445,-0.29577887212291276,-299.22492187501445,5147,5162,-1,0.33,19784.076,19781.251,19823.313109375,19826.138109375002,19823.313109375,15,atr_stop,-258.96492187500485,-296.2549218750144,37.29000000000957,2.97,40.26000000000957,100865.85144999973,3,TREND_08_SHORT_P65
2024-09-25 05:00:00+00:00,2024-09-25 05:15:00+00:00,-51.99320000000939,-0.05154688058701708,-51.99320000000939,5395,5396,-1,0.31,19900.989,19898.164,19903.275,19906.100000000002,19943.075171875003,1,signal_exit,-14.17320000000036,-49.20320000000938,35.030000000009025,2.79,37.820000000009024,100813.85824999971,3,TREND_08_SHORT_P65
2024-09-27 03:00:00+00:00,2024-09-27 06:00:00+00:00,-299.16880000001,-0.2967536459701073,-299.16880000001,5565,5577,-1,0.28,20080.376,20077.551,20127.699,20130.524,20144.997484375,12,signal_exit,-265.0088000000018,-296.64880000001,31.640000000008172,2.5200000000000005,34.160000000008175,100514.68944999971,3,TREND_08_SHORT_P65
2024-09-27 06:45:00+00:00,2024-09-27 11:30:00+00:00,-26.812800000018914,-0.026675503995221256,-26.812800000018914,5580,5599,-1,0.28,20080.099,20077.273999999998,20078.787,20081.612,20126.661890625,19,signal_exit,7.347199999989244,-24.29280000001891,31.640000000008154,2.5200000000000005,34.160000000008154,100487.8766499997,3,TREND_08_SHORT_P65
2024-09-30 13:30:00+00:00,2024-09-30 14:30:00+00:00,-468.1725625000029,-0.4658995473958045,-468.1725625000029,5696,5700,-1,0.34,19944.131,19941.306,20006.87990625,20009.70490625,20006.87990625,4,atr_stop,-426.6925624999931,-465.112562500003,38.42000000000991,3.06,41.48000000000991,100019.7040874997,3,TREND_08_SHORT_P65
2024-10-02 01:00:00+00:00,2024-10-02 03:30:00+00:00,-201.39620000001028,-0.20135652453422964,-201.39620000001028,5824,5834,-1,0.19,19724.443,19721.618,19771.342,19774.167,19863.796203125,10,signal_exit,-178.21620000000476,-199.6862000000103,21.47000000000554,1.71,23.180000000005542,99818.3078874997,3,TREND_08_SHORT_P65
2024-10-03 08:30:00+00:00,2024-10-03 11:45:00+00:00,-324.8468749999993,-0.32543817048683915,-324.8468749999993,5943,5956,-1,0.25,19674.509,19671.683999999997,19733.378374999997,19736.203374999997,19733.378374999997,13,atr_stop,-294.346874999992,-322.5968749999993,28.250000000007276,2.25,30.500000000007276,99493.4610124997,3,TREND_08_SHORT_P65
2024-10-07 10:15:00+00:00,2024-10-07 12:45:00+00:00,-83.79800000000512,-0.08422463059102678,-83.79800000000512,6128,6138,-1,0.22,19888.608,19885.783,19901.553,19904.378,19944.248546875002,10,signal_exit,-56.95799999999872,-81.81800000000513,24.86000000000641,1.98,26.84000000000641,99409.66301249969,3,TREND_08_SHORT_P65
2024-10-08 03:00:00+00:00,2024-10-08 08:45:00+00:00,-310.9986000000139,-0.3128454423599738,-310.9986000000139,6188,6211,-1,0.33,19790.154,19787.328999999998,19831.175,19834.0,19881.4661875,23,signal_exit,-270.7386000000042,-308.02860000001385,37.29000000000963,2.97,40.260000000009626,99098.66441249967,3,TREND_08_SHORT_P65
2024-10-08 09:15:00+00:00,2024-10-08 10:15:00+00:00,-329.9647999999998,-0.3329659405161268,-329.9647999999998,6213,6217,-1,0.32,19807.775,19804.95,19853.232,19856.057,19871.262265625002,4,signal_exit,-290.9247999999905,-327.0847999999998,36.16000000000929,2.88,39.04000000000929,98768.69961249967,3,TREND_08_SHORT_P65
2024-10-09 07:00:00+00:00,2024-10-09 07:15:00+00:00,12.222599999998637,0.012374973091628926,12.222599999998637,6293,6294,-1,0.39,20038.075,20035.25,20030.408,20033.233,20072.00171875,1,signal_exit,59.80260000000999,15.732599999998639,44.07000000001135,3.5100000000000002,47.580000000011346,98780.92221249966,3,TREND_08_SHORT_P65
2024-10-10 08:45:00+00:00,2024-10-10 11:30:00+00:00,-39.00959999999584,-0.03949102633004129,-39.00959999999584,6386,6397,-1,0.42,20229.953,20227.128,20228.497,20231.322,20258.999484375,11,signal_exit,12.23040000001638,-35.22959999999584,47.46000000001222,3.78,51.24000000001222,98741.91261249967,3,TREND_08_SHORT_P65
2024-10-10 12:15:00+00:00,2024-10-10 12:45:00+00:00,-329.6431874999975,-0.3338432270333279,-329.6431874999975,6400,6402,-1,0.44,20211.365,20208.54,20242.724453125,20245.549453125,20242.724453125,2,atr_stop,-275.96318749998466,-325.6831874999975,49.72000000001282,3.96,53.68000000001282,98412.26942499967,3,TREND_08_SHORT_P65
2024-10-11 09:30:00+00:00,2024-10-11 15:00:00+00:00,-310.95934375001985,-0.3159761943982026,-310.95934375001985,6478,6500,-1,0.38,20199.975,20197.149999999998,20234.790703125,20237.615703125,20234.790703125,22,atr_stop,-264.5993437500088,-307.5393437500199,42.94000000001108,3.42,46.360000000011084,98101.31008124964,3,TREND_08_SHORT_P65
2024-10-14 04:15:00+00:00,2024-10-14 04:30:00+00:00,-60.57240000001883,-0.061744741176087706,-60.57240000001883,6546,6547,-1,0.42,20232.942,20230.117,20234.053,20236.878,20277.443875,1,signal_exit,-9.3324000000066,-56.79240000001883,47.46000000001223,3.78,51.24000000001223,98040.73768124962,3,TREND_08_SHORT_P65
2024-10-15 09:45:00+00:00,2024-10-15 11:30:00+00:00,-282.68346875003016,-0.28833266194823176,-282.68346875003016,6657,6664,-1,0.37,20400.019,20397.194,20432.119468750003,20434.944468750004,20432.119468750003,7,atr_stop,-237.5434687500194,-279.3534687500301,41.81000000001072,3.33,45.140000000010716,97758.0542124996,3,TREND_08_SHORT_P65
2024-10-16 02:00:00+00:00,2024-10-16 02:45:00+00:00,-81.1942000000157,-0.0830562766966714,-81.1942000000157,6715,6718,-1,0.29,20181.376,20178.551,20189.275,20192.100000000002,20265.0125625,3,signal_exit,-45.814200000007254,-78.58420000001568,32.77000000000843,2.61,35.38000000000843,97676.86001249959,3,TREND_08_SHORT_P65
2024-10-16 10:30:00+00:00,2024-10-16 12:45:00+00:00,-114.54240000000459,-0.11726666887668866,-114.54240000000459,6749,6758,-1,0.28,20181.954,20179.129,20196.308,20199.133,20222.634156250002,9,signal_exit,-80.38239999999644,-112.02240000000458,31.640000000008143,2.5200000000000005,34.16000000000815,97562.31761249958,3,TREND_08_SHORT_P65
2024-10-18 02:00:00+00:00,2024-10-18 05:30:00+00:00,-77.88560000001077,-0.07983164187361633,-77.88560000001077,6893,6907,-1,0.26,20194.554,20191.729,20203.432,20206.257,20274.6674375,14,signal_exit,-46.16560000000318,-75.54560000001077,29.380000000007584,2.34,31.720000000007584,97484.43201249957,3,TREND_08_SHORT_P65
2024-10-21 06:15:00+00:00,2024-10-21 12:00:00+00:00,815.5951999999908,0.8366414853762641,815.5951999999908,6991,7014,-1,0.49,20300.199,20297.374,20210.875,20213.7,20341.01478125,23,signal_exit,875.3752000000052,820.0051999999909,55.37000000001433,4.41,59.780000000014326,98300.02721249957,3,TREND_08_SHORT_P65
2024-10-22 14:30:00+00:00,2024-10-22 14:45:00+00:00,-310.476800000011,-0.3158460977114884,-310.476800000011,7113,7114,-1,0.32,20242.92,20240.094999999998,20285.332,20288.157,20304.588984374997,1,signal_exit,-271.43680000000165,-307.596800000011,36.16000000000935,2.88,39.04000000000935,97989.55041249955,3,TREND_08_SHORT_P65
2024-10-23 11:00:00+00:00,2024-10-23 16:00:00+00:00,584.0856000000023,0.5960692722246599,584.0856000000023,7188,7208,-1,0.36,20326.954,20324.129,20239.731,20242.556,20360.103375000002,20,signal_exit,628.0056000000128,587.3256000000023,40.68000000001052,3.2399999999999998,43.920000000010525,98573.63601249956,3,TREND_08_SHORT_P65
2024-10-29 00:45:00+00:00,2024-10-29 07:45:00+00:00,-207.20440000000437,-0.2102026549712846,-207.20440000000437,7458,7486,-1,0.26,20373.306,20370.481,20407.053,20409.878,20455.57475,28,signal_exit,-175.48439999999684,-204.8644000000044,29.380000000007556,2.34,31.720000000007555,98366.43161249955,3,TREND_08_SHORT_P65
2024-10-30 20:00:00+00:00,2024-10-30 22:00:00+00:00,449.95239999999086,0.4574247460480358,449.95239999999086,7619,7620,-1,0.29,20395.632,20392.807,20311.954,20314.779000000002,20498.47434375,1,signal_exit,485.3323999999993,452.5623999999909,32.77000000000845,2.61,35.38000000000845,98816.38401249955,3,TREND_08_SHORT_P65
2024-10-31 07:30:00+00:00,2024-10-31 11:45:00+00:00,-266.9610937499922,-0.27015873573781407,-266.9610937499922,7658,7675,-1,0.3,20196.897,20194.072,20235.290515624998,20238.115515625,20235.290515624998,17,atr_stop,-230.3610937499834,-264.26109374999214,33.90000000000873,2.6999999999999997,36.600000000008734,98549.42291874955,3,TREND_08_SHORT_P65
2024-10-31 19:45:00+00:00,2024-10-31 20:00:00+00:00,364.68659999998545,0.37005452614436557,364.68659999998545,7707,7708,-1,0.29,19953.353,19950.528,19884.376,19887.201,20064.584640625,1,signal_exit,400.0665999999939,367.29659999998546,32.77000000000845,2.61,35.38000000000845,98914.10951874954,3,TREND_08_SHORT_P65
2024-11-04 09:00:00+00:00,2024-11-04 16:00:00+00:00,-271.8406250000007,-0.27482492267543723,-271.8406250000007,7838,7866,-1,0.25,20047.487,20044.662,20095.755125,20098.580125,20095.755125,28,atr_stop,-241.34062499999345,-269.5906250000007,28.250000000007276,2.25,30.500000000007276,98642.26889374954,3,TREND_08_SHORT_P65
2024-11-04 23:15:00+00:00,2024-11-05 06:00:00+00:00,-8.40560000001744,-0.008521296290408077,-8.40560000001744,7888,7915,-1,0.28,19990.064,19987.238999999998,19985.465,19988.29,20098.393375,27,signal_exit,25.754399999990714,-5.8856000000174395,31.640000000008154,2.5200000000000005,34.160000000008154,98633.86329374953,3,TREND_08_SHORT_P65
2024-11-08 12:45:00+00:00,2024-11-08 14:30:00+00:00,-379.4883125000072,-0.3847444476242629,-379.4883125000072,8205,8212,-1,0.41000000000000003,21067.408,21064.583,21107.5870625,21110.4120625,21107.5870625,7,atr_stop,-329.46831249999525,-375.79831250000717,46.33000000001192,3.6900000000000004,50.02000000001192,98254.37498124952,3,TREND_08_SHORT_P65
2024-11-11 20:00:00+00:00,2024-11-11 21:00:00+00:00,-442.7835999999908,-0.45065026375109496,-442.7835999999908,8323,8327,-1,0.41000000000000003,21065.419,21062.594,21113.317,21116.142,21138.762828125004,4,signal_exit,-392.7635999999788,-439.0935999999908,46.33000000001198,3.6900000000000004,50.020000000011976,97811.59138124953,3,TREND_08_SHORT_P65
2024-11-11 23:30:00+00:00,2024-11-12 00:45:00+00:00,-30.34820000000167,-0.03102720196189285,-30.34820000000167,8330,8335,-1,0.41000000000000003,21097.186,21094.361,21094.787,21097.612,21174.485375,5,signal_exit,19.671800000010265,-26.65820000000167,46.330000000011935,3.6900000000000004,50.02000000001193,97781.24318124952,3,TREND_08_SHORT_P65
2024-11-13 00:45:00+00:00,2024-11-13 03:15:00+00:00,-99.9814000000112,-0.10225008063630714,-99.9814000000112,8424,8434,-1,0.37,21037.564,21034.738999999998,21044.975,21047.8,21115.995875,10,signal_exit,-54.84140000000043,-96.6514000000112,41.81000000001077,3.33,45.140000000010765,97681.26178124952,3,TREND_08_SHORT_P65
2024-11-14 15:00:00+00:00,2024-11-14 19:00:00+00:00,322.559999999996,0.3302168646452858,322.559999999996,8570,8574,-1,0.28,20981.809,20978.984,20918.109,20920.934,21037.59040625,4,signal_exit,356.7200000000041,325.079999999996,31.640000000008115,2.5200000000000005,34.16000000000812,98003.82178124951,3,TREND_08_SHORT_P65
2024-11-15 03:15:00+00:00,2024-11-15 03:30:00+00:00,-50.847999999993476,-0.05188369093757313,-50.847999999993476,8596,8597,-1,0.32,20813.097,20810.272,20814.942,20817.767,20899.777703125,1,signal_exit,-11.807999999984167,-47.96799999999348,36.16000000000931,2.88,39.040000000009314,97952.97378124952,3,TREND_08_SHORT_P65
2024-11-15 04:30:00+00:00,2024-11-15 04:45:00+00:00,-18.298800000012275,-0.018681209251367403,-18.298800000012275,8601,8602,-1,0.34,20804.798,20801.972999999998,20801.389,20804.214,20878.467609375,1,signal_exit,23.181199999997627,-15.238800000012272,38.4200000000099,3.06,41.4800000000099,97934.67498124951,3,TREND_08_SHORT_P65
2024-11-15 06:30:00+00:00,2024-11-15 08:30:00+00:00,212.30879999999055,0.2167861383525692,212.30879999999055,8609,8617,-1,0.33,20728.087,20725.262,20689.819,20692.644,20783.81965625,8,signal_exit,252.56880000000024,215.27879999999058,37.290000000009655,2.97,40.260000000009654,98146.9837812495,3,TREND_08_SHORT_P65
2024-11-15 10:45:00+00:00,2024-11-15 14:45:00+00:00,725.612799999984,0.739312378276681,725.612799999984,8626,8642,-1,0.32,20716.619,20713.793999999998,20597.142,20599.967,20769.110875,16,signal_exit,764.6527999999932,728.4927999999841,36.16000000000918,2.88,39.04000000000918,98872.59658124948,3,TREND_08_SHORT_P65
2024-11-18 08:45:00+00:00,2024-11-18 13:45:00+00:00,425.87799999999646,0.4307341110941971,425.87799999999646,8707,8727,-1,0.31,20535.032,20532.207,20460.242,20463.067,20575.857,20,signal_exit,463.6980000000054,428.6679999999964,35.030000000008954,2.79,37.82000000000895,99298.47458124948,3,TREND_08_SHORT_P65
2024-11-21 03:30:00+00:00,2024-11-21 05:00:00+00:00,11.928399999984249,0.012012671947164724,11.928399999984249,8953,8959,-1,0.22,20601.442,20598.617,20592.631,20595.456000000002,20694.214734375,6,signal_exit,38.768399999990656,13.90839999998425,24.86000000000641,1.98,26.84000000000641,99310.40298124946,3,TREND_08_SHORT_P65
2024-11-21 07:45:00+00:00,2024-11-21 11:00:00+00:00,-301.31968750001107,-0.30341200765936116,-301.31968750001107,8970,8983,-1,0.2,20566.697,20563.872,20635.926921875,20638.751921875002,20635.926921875,13,atr_stop,-276.9196875000053,-299.5196875000111,22.60000000000582,1.8,24.40000000000582,99009.08329374946,3,TREND_08_SHORT_P65
2024-11-22 10:15:00+00:00,2024-11-22 12:00:00+00:00,-250.89343750000742,-0.25340446467485533,-250.89343750000742,9069,9076,-1,0.17,20635.664,20632.839,20703.3561875,20706.181187500002,20703.3561875,7,atr_stop,-230.1534375000025,-249.36343750000745,19.210000000004953,1.53,20.740000000004954,98758.18985624945,3,TREND_08_SHORT_P65
2024-11-27 08:30:00+00:00,2024-11-27 13:15:00+00:00,-186.51719999998738,-0.1888625138547783,-186.51719999998738,9329,9348,-1,0.41000000000000003,20864.008,20861.183,20880.654,20883.479,20894.606281250002,19,signal_exit,-136.49719999997544,-182.82719999998739,46.33000000001195,3.6900000000000004,50.02000000001195,98571.67265624946,3,TREND_08_SHORT_P65
2024-12-03 14:00:00+00:00,2024-12-03 14:15:00+00:00,293.44059999996796,0.2976926251655361,293.44059999996796,9682,9683,-1,0.43,21137.586,21134.761,21097.365,21100.190000000002,21170.53584375,1,signal_exit,345.9005999999805,297.31059999996796,48.59000000001254,3.87,52.460000000012535,98865.11325624943,3,TREND_08_SHORT_P65
2024-12-06 02:00:00+00:00,2024-12-06 03:45:00+00:00,-202.7762000000256,-0.20510389693728265,-202.7762000000256,9901,9908,-1,0.61,21415.765,21412.94,21426.286,21429.111,21468.58171875,7,signal_exit,-128.3562000000078,-197.2862000000256,68.9300000000178,5.49,74.4200000000178,98662.33705624941,3,TREND_08_SHORT_P65
2024-12-09 12:45:00+00:00,2024-12-09 15:30:00+00:00,399.03199999998327,0.40444207172235036,399.03199999998327,10033,10044,-1,0.4,21571.654,21568.828999999998,21515.675,21518.5,21610.68978125,11,signal_exit,447.83199999999493,402.6319999999833,45.20000000001164,3.6,48.80000000001164,99061.36905624939,3,TREND_08_SHORT_P65
2024-12-10 01:45:00+00:00,2024-12-10 02:45:00+00:00,-100.3276000000343,-0.10127822879478468,-100.3276000000343,10078,10082,-1,0.43,21426.153,21423.327999999998,21431.719,21434.544,21491.077765625,4,signal_exit,-47.86760000002177,-96.45760000003429,48.59000000001252,3.87,52.46000000001252,98961.04145624935,3,TREND_08_SHORT_P65
2024-12-11 00:45:00+00:00,2024-12-11 02:45:00+00:00,-61.49999999999404,-0.062145667724387454,-61.49999999999404,10163,10171,-1,0.41000000000000003,21379.254,21376.429,21380.654,21383.479,21451.9849375,8,signal_exit,-11.479999999982104,-57.80999999999404,46.330000000011935,3.6900000000000004,50.02000000001193,98899.54145624935,3,TREND_08_SHORT_P65
2024-12-12 11:30:00+00:00,2024-12-12 15:30:00+00:00,132.24899999999096,0.1337205390972359,132.24899999999096,10295,10311,-1,0.39,21696.265,21693.44,21673.21,21676.035,21720.96375,16,signal_exit,179.82900000000228,135.75899999999095,44.07000000001133,3.5100000000000002,47.58000000001133,99031.79045624933,3,TREND_08_SHORT_P65
2024-12-17 06:45:00+00:00,2024-12-17 07:00:00+00:00,-88.6700000000128,-0.08953690485802718,-88.6700000000128,10543,10544,-1,0.5,22070.075,22067.25,22072.842,22075.667,22095.400625000002,1,signal_exit,-27.669999999998257,-84.1700000000128,56.50000000001455,4.5,61.00000000001455,98943.12045624932,3,TREND_08_SHORT_P65
2024-12-18 15:00:00+00:00,2024-12-18 15:45:00+00:00,-429.86199999999604,-0.4344536517726591,-429.86199999999604,10665,10668,-1,0.34,21974.032,21971.207,22031.146999999997,22033.971999999998,22031.146999999997,3,atr_stop,-388.38199999998614,-426.8019999999961,38.42000000000996,3.06,41.480000000009966,98513.25845624933,3,TREND_08_SHORT_P65
2024-12-18 18:45:00+00:00,2024-12-18 19:15:00+00:00,1337.2127999999918,1.3573937365942075,1337.2127999999918,10680,10682,-1,0.44,21965.299,21962.474,21807.243,21810.068,22038.061421874998,2,signal_exit,1390.8928000000044,1341.1727999999919,49.72000000001253,3.96,53.680000000012534,99850.47125624932,3,TREND_08_SHORT_P65
2024-12-19 03:30:00+00:00,2024-12-19 04:00:00+00:00,-64.30500000000174,-0.06440129845253695,-64.30500000000174,10708,10710,-1,0.15,21168.275,21165.45,21183.61,21186.435,21359.136171875,2,signal_exit,-46.00499999999739,-62.955000000001746,16.95000000000436,1.3499999999999999,18.30000000000436,99786.16625624931,3,TREND_08_SHORT_P65
2024-12-19 20:45:00+00:00,2024-12-20 00:30:00+00:00,315.7344000000029,0.31641099347298485,315.7344000000029,10777,10785,-1,0.12,21178.187,21175.362,21040.531,21043.356,21352.658015625002,8,signal_exit,330.37440000000646,316.81440000000293,13.560000000003527,1.08,14.640000000003527,100101.90065624933,3,TREND_08_SHORT_P65
2024-12-20 01:45:00+00:00,2024-12-20 04:45:00+00:00,135.50699999998866,0.13536905804148586,135.50699999998866,10790,10802,-1,0.17,21002.298,20999.472999999998,20956.343,20959.168,21153.763234374997,12,signal_exit,156.2469999999936,137.03699999998864,19.210000000004953,1.53,20.740000000004954,100237.40765624931,3,TREND_08_SHORT_P65
2024-12-20 09:00:00+00:00,2024-12-20 13:45:00+00:00,-51.32880000000325,-0.05120723011515666,-51.32880000000325,10819,10838,-1,0.18,20917.231,20914.406,20925.389,20928.214,20986.70178125,19,signal_exit,-29.368799999998014,-49.708800000003244,20.34000000000523,1.6199999999999999,21.96000000000523,100186.07885624931,3,TREND_08_SHORT_P65
2024-12-23 12:00:00+00:00,2024-12-23 12:15:00+00:00,-219.971234374998,-0.219562674661238,-219.971234374998,10920,10921,-1,0.17,21323.398,21320.573,21381.995421875,21384.820421875,21381.995421875,1,atr_stop,-199.2312343749931,-218.44123437499803,19.210000000004925,1.53,20.740000000004926,99966.10762187431,3,TREND_08_SHORT_P65
2024-12-23 14:00:00+00:00,2024-12-23 14:30:00+00:00,-273.9037343750079,-0.2739965983381682,-273.9037343750079,10928,10930,-1,0.17,21302.375,21299.55,21376.834921875,21379.659921875,21376.834921875,2,atr_stop,-253.163734375003,-272.3737343750079,19.210000000004925,1.53,20.740000000004926,99692.2038874993,3,TREND_08_SHORT_P65
2024-12-23 15:45:00+00:00,2024-12-23 16:30:00+00:00,-379.72235937500204,-0.38089473857304956,-379.72235937500204,10935,10938,-1,0.17,21289.021,21286.196,21394.604046875,21397.429046875,21394.604046875,3,atr_stop,-358.9823593749971,-378.19235937500207,19.21000000000498,1.53,20.740000000004983,99312.4815281243,3,TREND_08_SHORT_P65
2024-12-26 14:15:00+00:00,2024-12-26 15:30:00+00:00,-399.36320000000023,-0.40212790361794,-399.36320000000023,11095,11100,-1,0.37,21706.775,21703.95,21754.643,21757.468,21773.938125,5,signal_exit,-354.2231999999895,-396.0332000000002,41.81000000001069,3.33,45.14000000001069,98913.11832812431,3,TREND_08_SHORT_P65
2024-12-27 00:15:00+00:00,2024-12-27 04:30:00+00:00,275.41360000000776,0.27843991237479615,275.41360000000776,11128,11145,-1,0.34,21769.899,21767.074,21723.297,21726.122,21859.237203125,17,signal_exit,316.8936000000176,278.4736000000077,38.42000000000991,3.06,41.48000000000991,99188.53192812433,3,TREND_08_SHORT_P65
2024-12-27 09:00:00+00:00,2024-12-27 10:45:00+00:00,-125.79260000002006,-0.1268217177477473,-125.79260000002006,11163,11170,-1,0.37,21676.732,21673.907,21687.631,21690.456000000002,21711.7135625,7,signal_exit,-80.65260000000927,-122.46260000002005,41.810000000010774,3.33,45.14000000001077,99062.73932812431,3,TREND_08_SHORT_P65
2024-12-30 13:15:00+00:00,2024-12-30 13:45:00+00:00,174.19679999999906,0.17584492532859314,174.19679999999906,11269,11271,-1,0.18,21235.096,21232.271,21180.608,21183.433,21301.64303125,2,signal_exit,196.15680000000427,175.81679999999906,20.340000000005205,1.6199999999999999,21.960000000005206,99236.93612812432,3,TREND_08_SHORT_P65
2024-12-31 00:30:00+00:00,2024-12-31 00:45:00+00:00,17.208399999987453,0.017340720775346968,17.208399999987453,11307,11308,-1,0.22,21170.498,21167.673,21160.487,21163.312,21305.00971875,1,signal_exit,44.048399999993855,19.18839999998745,24.860000000006405,1.98,26.840000000006405,99254.1445281243,3,TREND_08_SHORT_P65
2024-12-31 01:15:00+00:00,2024-12-31 08:00:00+00:00,-51.63399999999936,-0.05202200900071083,-51.63399999999936,11310,11337,-1,0.22,21176.519,21173.694,21182.154,21184.979,21294.833921875,27,signal_exit,-24.79399999999296,-49.65399999999936,24.860000000006398,1.98,26.8400000000064,99202.5105281243,3,TREND_08_SHORT_P65
2025-01-02 03:45:00+00:00,2025-01-02 04:45:00+00:00,-61.25760000000125,-0.061257600000001244,-61.25760000000125,18,22,-1,0.12,21100.319,21097.494,21119.743,21122.568,21203.102593749998,4,signal_exit,-46.617599999997765,-60.17760000000125,13.560000000003484,1.08,14.640000000003484,99938.7424,4,TREND_08_SHORT_P65
2025-01-02 23:30:00+00:00,2025-01-03 02:00:00+00:00,-154.65780000000439,-0.1547525977273098,-154.65780000000439,90,100,-1,0.11,20968.299,20965.474,21032.498,21035.323,21185.634,10,signal_exit,-141.23780000000116,-153.66780000000438,12.430000000003218,0.99,13.420000000003219,99784.0846,4,TREND_08_SHORT_P65
2025-01-08 00:30:00+00:00,2025-01-08 03:00:00+00:00,-92.52000000000118,-0.09272019718463315,-92.52000000000118,361,371,-1,0.2,21218.589,21215.764,21235.619,21238.444,21374.572281250003,10,signal_exit,-68.11999999999534,-90.72000000000116,22.60000000000582,1.8,24.40000000000582,99691.56460000001,4,TREND_08_SHORT_P65
2025-01-08 11:45:00+00:00,2025-01-08 11:45:00+00:00,-243.284375,-0.2440370717183026,-243.284375,406,406,-1,0.2,21132.32,21129.495,21187.04109375,21189.86609375,21187.04109375,0,atr_stop,-218.8843749999942,-241.484375,22.600000000005792,1.8,24.400000000005793,99448.28022500002,4,TREND_08_SHORT_P65
2025-01-09 23:45:00+00:00,2025-01-10 03:45:00+00:00,-289.7862187500034,-0.29139389650013764,-289.7862187500034,509,525,-1,0.19,21060.386,21057.560999999998,21130.545531249998,21133.37053125,21130.545531249998,16,atr_stop,-266.6062187499978,-288.07621875000336,21.47000000000554,1.71,23.180000000005542,99158.49400625002,4,TREND_08_SHORT_P65
2025-01-13 00:15:00+00:00,2025-01-13 05:15:00+00:00,417.03039999999095,0.42056951769931605,417.03039999999095,600,620,-1,0.16,20860.765,20857.94,20724.343,20727.168,21039.26046875,20,signal_exit,436.55039999999576,418.470399999991,18.08000000000476,1.44,19.52000000000476,99575.52440625001,4,TREND_08_SHORT_P65
2025-01-13 09:30:00+00:00,2025-01-13 12:15:00+00:00,-251.03320312499784,-0.2521033201902388,-251.03320312499784,637,648,-1,0.15,20543.764,20540.939,20621.341734374997,20624.166734374998,20621.341734374997,11,atr_stop,-232.73320312499342,-249.68320312499782,16.950000000004394,1.3499999999999999,18.300000000004395,99324.49120312501,4,TREND_08_SHORT_P65
2025-01-16 15:00:00+00:00,2025-01-16 15:30:00+00:00,-11.129600000006615,-0.011205292738168539,-11.129600000006615,926,928,-1,0.16,21215.264,21212.439,21212.642,21215.467,21301.06978125,2,signal_exit,8.390399999998044,-9.689600000006614,18.08000000000466,1.44,19.52000000000466,99313.361603125,4,TREND_08_SHORT_P65
2025-01-17 03:00:00+00:00,2025-01-17 03:15:00+00:00,9.503999999983934,0.00956970929849673,9.503999999983934,967,968,-1,0.24,21104.743,21101.917999999998,21096.663,21099.488,21184.249953125,1,signal_exit,38.78399999999092,11.663999999983934,27.120000000006982,2.16,29.280000000006982,99322.86560312498,4,TREND_08_SHORT_P65
2025-01-23 08:30:00+00:00,2025-01-23 15:30:00+00:00,-315.6932343750213,-0.3178454754179874,-315.6932343750213,1328,1356,-1,0.43,21757.132,21754.307,21787.740515625002,21790.565515625003,21787.740515625002,28,atr_stop,-263.2332343750088,-311.8232343750213,48.59000000001248,3.87,52.46000000001248,99007.17236874996,4,TREND_08_SHORT_P65
2025-01-27 04:00:00+00:00,2025-01-27 08:00:00+00:00,1031.2631999999899,1.0416045376582148,1031.2631999999899,1488,1504,-1,0.22,21388.942,21386.117,21148.464,21151.289,21490.166687499997,16,signal_exit,1058.1031999999964,1033.2431999999899,24.860000000006494,1.98,26.840000000006494,100038.43556874995,4,TREND_08_SHORT_P65
2025-01-30 12:30:00+00:00,2025-01-30 13:00:00+00:00,-253.11996875000455,-0.2530227180292634,-253.11996875000455,1789,1791,-1,0.22,21469.198,21466.373,21520.625265625,21523.450265625,21520.625265625,2,atr_stop,-226.27996874999812,-251.13996875000453,24.86000000000641,1.98,26.84000000000641,99785.31559999994,4,TREND_08_SHORT_P65
2025-02-04 05:45:00+00:00,2025-02-04 09:30:00+00:00,-121.06800000000803,-0.121328473304952,-121.06800000000803,2029,2044,-1,0.15,21243.92,21241.094999999998,21278.176,21281.001,21344.661874999998,15,signal_exit,-102.76800000000365,-119.71800000000803,16.95000000000438,1.3499999999999999,18.30000000000438,99664.24759999993,4,TREND_08_SHORT_P65
2025-02-05 12:00:00+00:00,2025-02-05 14:15:00+00:00,-333.3679375000145,-0.3344909990571329,-333.3679375000145,2143,2152,-1,0.26,21388.009,21385.183999999997,21446.01821875,21448.84321875,21446.01821875,9,atr_stop,-301.6479375000069,-331.02793750001445,29.380000000007556,2.34,31.720000000007555,99330.87966249992,4,TREND_08_SHORT_P65
2025-02-10 01:45:00+00:00,2025-02-10 02:45:00+00:00,-54.951600000002955,-0.05532176920884419,-54.951600000002955,2369,2373,-1,0.22,21579.397,21576.572,21585.786,21588.611,21707.351843750002,4,signal_exit,-28.111599999996546,-52.97160000000295,24.860000000006405,1.98,26.840000000006405,99275.92806249991,4,TREND_08_SHORT_P65
2025-02-11 03:45:00+00:00,2025-02-11 06:30:00+00:00,-76.59840000002178,-0.07715707271132101,-76.59840000002178,2466,2477,-1,0.48,21681.075,21678.25,21682.954,21685.779000000002,21726.72296875,11,signal_exit,-18.038400000007822,-72.27840000002179,54.240000000013964,4.32,58.560000000013964,99199.32966249988,4,TREND_08_SHORT_P65
2025-02-11 08:15:00+00:00,2025-02-11 09:00:00+00:00,-398.6895000000182,-0.4019074537665288,-398.6895000000182,2484,2487,-1,0.48,21652.799,21649.974,21688.22915625,21691.05415625,21688.22915625,3,atr_stop,-340.1295000000042,-394.36950000001815,54.240000000013936,4.32,58.560000000013936,98800.64016249985,4,TREND_08_SHORT_P65
2025-02-12 09:30:00+00:00,2025-02-12 10:45:00+00:00,-232.6956874999973,-0.23552042488517982,-232.6956874999973,2578,2583,-1,0.31,21662.299,21659.474,21693.730562499997,21696.555562499998,21693.730562499997,5,atr_stop,-194.87568749998826,-229.90568749999727,35.03000000000901,2.79,37.82000000000901,98567.94447499985,4,TREND_08_SHORT_P65
2025-02-17 15:15:00+00:00,2025-02-17 16:15:00+00:00,-363.2763750000121,-0.3685542768847647,-363.2763750000121,2868,2872,-1,0.46,22138.863,22136.038,22172.2495625,22175.0745625,22172.2495625,4,atr_stop,-307.15637499999866,-359.1363750000121,51.98000000001343,4.140000000000001,56.120000000013434,98204.66809999984,4,TREND_08_SHORT_P65
2025-02-19 10:45:00+00:00,2025-02-19 12:00:00+00:00,-269.60703125002215,-0.2745358611420454,-269.60703125002215,3015,3020,-1,0.38,22129.231,22126.406,22158.605609375,22161.430609375002,22158.605609375,5,atr_stop,-223.24703125001108,-266.1870312500222,42.94000000001111,3.42,46.36000000001111,97935.06106874981,4,TREND_08_SHORT_P65
2025-02-20 02:45:00+00:00,2025-02-20 05:30:00+00:00,-41.684200000006676,-0.04256310206489239,-41.684200000006676,3072,3083,-1,0.37,22100.142,22097.317,22099.675,22102.5,22167.824109375,11,signal_exit,3.455800000004092,-38.35420000000668,41.81000000001077,3.33,45.140000000010765,97893.37686874981,4,TREND_08_SHORT_P65
2025-02-24 02:00:00+00:00,2025-02-24 04:00:00+00:00,-265.50160000001665,-0.2712150796023586,-265.50160000001665,3247,3255,-1,0.28,21679.965,21677.14,21721.276,21724.101000000002,21785.48890625,8,signal_exit,-231.3416000000085,-262.98160000001667,31.640000000008172,2.5200000000000005,34.160000000008175,97627.87526874979,4,TREND_08_SHORT_P65
2025-02-24 08:30:00+00:00,2025-02-24 09:00:00+00:00,-288.0174374999992,-0.2950155749135637,-288.0174374999992,3273,3275,-1,0.27,21672.976,21670.150999999998,21720.212562499997,21723.037562499998,21720.212562499997,2,atr_stop,-255.0774374999914,-285.5874374999992,30.510000000007835,2.43,32.940000000007835,97339.8578312498,4,TREND_08_SHORT_P65
2025-02-24 14:45:00+00:00,2025-02-24 15:00:00+00:00,720.7199999999964,0.7404161214714841,720.7199999999964,3298,3299,-1,0.26,21643.631,21640.806,21498.931,21501.756,21714.870140625,1,signal_exit,752.4400000000039,723.0599999999963,29.380000000007612,2.34,31.720000000007612,98060.5778312498,4,TREND_08_SHORT_P65
2025-02-25 03:00:00+00:00,2025-02-25 03:45:00+00:00,4.898999999997323,0.00499589142583669,4.898999999997323,3340,3343,-1,0.23,21372.575,21369.75,21365.41,21368.235,21465.36234375,3,signal_exit,32.959000000004025,6.968999999997323,25.990000000006702,2.0700000000000003,28.060000000006703,98065.47683124979,4,TREND_08_SHORT_P65
2025-02-25 07:45:00+00:00,2025-02-25 08:15:00+00:00,-153.4882000000059,-0.15651603903800623,-153.4882000000059,3359,3361,-1,0.23,21308.309,21305.484,21335.576,21338.401,21361.740328125,2,signal_exit,-125.42819999999921,-151.4182000000059,25.990000000006688,2.0700000000000003,28.06000000000669,97911.98863124978,4,TREND_08_SHORT_P65
2025-02-27 02:30:00+00:00,2025-02-27 05:00:00+00:00,138.51359999998587,0.14146745657638252,138.51359999998587,3516,3526,-1,0.24,21148.876,21146.051,21113.919,21116.744000000002,21289.974984375,10,signal_exit,167.7935999999929,140.6735999999859,27.120000000006996,2.16,29.280000000006996,98050.50223124977,4,TREND_08_SHORT_P65
2025-02-28 02:15:00+00:00,2025-02-28 03:30:00+00:00,188.03100000000123,0.19176954296117177,188.03100000000123,3604,3609,-1,0.15,20583.575,20580.75,20514.798,20517.623,20726.411484375,5,signal_exit,206.3310000000056,189.38100000000125,16.950000000004337,1.3499999999999999,18.30000000000434,98238.53323124978,4,TREND_08_SHORT_P65
2025-02-28 04:45:00+00:00,2025-02-28 05:15:00+00:00,-61.43400000000619,-0.06253554280517695,-61.43400000000619,3614,3616,-1,0.15,20573.408,20570.583,20587.786,20590.611,20699.87628125,2,signal_exit,-43.13400000000183,-60.0840000000062,16.950000000004366,1.3499999999999999,18.300000000004367,98177.09923124977,4,TREND_08_SHORT_P65
2025-02-28 13:45:00+00:00,2025-02-28 15:15:00+00:00,-204.87000000001134,-0.20867391846387048,-204.87000000001134,3650,3656,-1,0.15,20582.853,20580.028,20645.043,20647.868000000002,20662.533078124998,6,signal_exit,-186.57000000000696,-203.52000000001132,16.950000000004366,1.3499999999999999,18.300000000004367,97972.22923124976,4,TREND_08_SHORT_P65
2025-03-04 02:30:00+00:00,2025-03-04 03:00:00+00:00,-22.69200000000244,-0.023161665482206335,-22.69200000000244,3783,3785,-1,0.12,20477.287,20474.462,20480.642,20483.467,20664.101609375,2,signal_exit,-8.051999999998953,-21.612000000002443,13.56000000000349,1.08,14.64000000000349,97949.53723124976,4,TREND_08_SHORT_P65
2025-03-04 12:30:00+00:00,2025-03-04 14:30:00+00:00,-292.9310625000025,-0.2990632429517451,-292.9310625000025,3823,3831,-1,0.12,20270.086,20267.261,20386.040609375,20388.865609375,20386.040609375,8,atr_stop,-278.291062499999,-291.85106250000246,13.56000000000347,1.08,14.64000000000347,97656.60616874977,4,TREND_08_SHORT_P65
2025-03-06 09:15:00+00:00,2025-03-06 15:15:00+00:00,105.9295999999877,0.10847151478615001,105.9295999999877,3988,4012,-1,0.14,20408.619,20405.793999999998,20364.687,20367.512000000002,20474.122046875,24,signal_exit,123.00959999999179,107.18959999998769,15.8200000000041,1.2600000000000002,17.0800000000041,97762.53576874976,4,TREND_08_SHORT_P65
2025-03-07 02:45:00+00:00,2025-03-07 03:45:00+00:00,51.564400000006145,0.0527445402213973,51.564400000006145,4051,4055,-1,0.17,20168.097,20165.272,20146.831,20149.656,20334.534734375,4,signal_exit,72.30440000001109,53.09440000000615,19.21000000000494,1.53,20.74000000000494,97814.10016874976,4,TREND_08_SHORT_P65
2025-03-07 13:00:00+00:00,2025-03-07 13:30:00+00:00,-282.7086718750074,-0.2890265016876665,-282.7086718750074,4092,4094,-1,0.17,20090.686,20087.861,20167.735609375002,20170.560609375003,20167.735609375002,2,atr_stop,-261.9686718750025,-281.1786718750074,19.210000000004925,1.53,20.740000000004926,97531.39149687476,4,TREND_08_SHORT_P65
2025-03-07 14:30:00+00:00,2025-03-07 14:30:00+00:00,-366.64225000000795,-0.3759222998594831,-366.64225000000795,4098,4098,-1,0.16,20003.987,20001.162,20112.462703125002,20115.287703125003,20112.462703125002,0,atr_stop,-347.12225000000325,-365.2022500000079,18.080000000004645,1.44,19.520000000004647,97164.74924687475,4,TREND_08_SHORT_P65
2025-03-10 09:00:00+00:00,2025-03-10 09:30:00+00:00,-220.1424062500034,-0.22656612398666195,-220.1424062500034,4169,4171,-1,0.13,19929.22,19926.395,20007.79015625,20010.61515625,20007.79015625,2,atr_stop,-204.2824062499996,-218.9724062500034,14.690000000003778,1.17,15.860000000003778,96944.60684062474,4,TREND_08_SHORT_P65
2025-03-13 04:00:00+00:00,2025-03-13 09:45:00+00:00,-343.4610937500157,-0.3542859215620523,-343.4610937500157,4416,4439,-1,0.18,19498.887,19496.061999999998,19588.192859375,19591.017859375002,19588.192859375,23,atr_stop,-321.50109375001045,-341.8410937500157,20.34000000000526,1.6199999999999999,21.960000000005262,96601.14574687472,4,TREND_08_SHORT_P65
2025-03-14 00:30:00+00:00,2025-03-14 01:15:00+00:00,-133.12700000000592,-0.13781099486008208,-133.12700000000592,4491,4494,-1,0.17,19363.464,19360.639,19396.519,19399.344,19525.13478125,3,signal_exit,-112.387000000001,-131.59700000000595,19.210000000004953,1.53,20.740000000004954,96468.01874687472,4,TREND_08_SHORT_P65
2025-03-17 01:30:00+00:00,2025-03-17 03:00:00+00:00,36.85879999998898,0.03820831035900497,36.85879999998898,4584,4590,-1,0.22,19599.82,19596.995,19585.343,19588.168,19707.380234375,6,signal_exit,63.698799999995394,38.838799999988986,24.86000000000641,1.98,26.84000000000641,96504.8775468747,4,TREND_08_SHORT_P65
2025-03-18 13:15:00+00:00,2025-03-18 13:45:00+00:00,770.6199999999984,0.7985295868861032,770.6199999999984,4720,4722,-1,0.2,19693.375,19690.55,19494.62,19497.445,19757.532499999998,2,signal_exit,795.0200000000041,772.4199999999984,22.600000000005707,1.8,24.400000000005708,97275.49754687471,4,TREND_08_SHORT_P65
2025-03-18 23:15:00+00:00,2025-03-19 00:00:00+00:00,-14.191800000000368,-0.014589285439698401,-14.191800000000368,4753,4756,-1,0.21,19498.053,19495.228,19495.332,19498.157,19653.454015625,3,signal_exit,11.428200000005745,-12.301800000000368,23.730000000006115,1.89,25.620000000006115,97261.30574687471,4,TREND_08_SHORT_P65
2025-03-20 10:15:00+00:00,2025-03-20 10:30:00+00:00,232.52259999999987,0.23906999624819605,232.52259999999987,4886,4887,-1,0.17,19649.465,19646.64,19574.976,19577.801,19704.207265625,1,signal_exit,253.2626000000048,234.05259999999984,19.210000000004953,1.53,20.740000000004954,97493.82834687471,4,TREND_08_SHORT_P65
2025-03-21 00:00:00+00:00,2025-03-21 01:45:00+00:00,-175.35480000001348,-0.1798624620382288,-175.35480000001348,4934,4941,-1,0.19,19684.675,19681.85,19724.721,19727.546000000002,19825.454140625,7,signal_exit,-152.17480000000796,-173.6448000000135,21.47000000000554,1.71,23.180000000005542,97318.4735468747,4,TREND_08_SHORT_P65
2025-03-21 08:45:00+00:00,2025-03-21 10:00:00+00:00,-245.4467500000022,-0.25220982312446527,-245.4467500000022,4969,4974,-1,0.19,19573.953,19571.128,19632.44425,19635.26925,19632.44425,5,atr_stop,-222.2667499999967,-243.73675000000222,21.470000000005513,1.71,23.180000000005514,97073.02679687469,4,TREND_08_SHORT_P65
2025-03-25 08:30:00+00:00,2025-03-25 09:30:00+00:00,-291.18337500002934,-0.29996321801042686,-291.18337500002934,5146,5150,-1,0.42,20094.076,20091.251,20122.640687500003,20125.465687500004,20122.640687500003,4,atr_stop,-239.94337500001708,-287.40337500002937,47.460000000012286,3.78,51.24000000001229,96781.84342187467,4,TREND_08_SHORT_P65
2025-03-27 02:00:00+00:00,2025-03-27 03:45:00+00:00,-306.6012000000072,-0.3167961976747274,-306.6012000000072,5298,5305,-1,0.27,19891.242,19888.416999999998,19941.92,19944.745,19979.902859374997,7,signal_exit,-273.6611999999994,-304.1712000000073,30.510000000007892,2.43,32.94000000000789,96475.24222187467,4,TREND_08_SHORT_P65
2025-03-27 08:15:00+00:00,2025-03-27 08:30:00+00:00,-292.24893750000837,-0.30292635786069494,-292.24893750000837,5323,5324,-1,0.26,19841.585,19838.76,19891.68671875,19894.51171875,19891.68671875,1,atr_stop,-260.5289375000008,-289.90893750000834,29.380000000007556,2.34,31.720000000007555,96182.99328437466,4,TREND_08_SHORT_P65
2025-03-28 01:30:00+00:00,2025-03-28 01:45:00+00:00,-9.288400000000257,-0.009657008669441355,-9.288400000000257,5385,5386,-1,0.22,19797.909,19795.084,19793.92,19796.745,19903.254625,1,signal_exit,17.551600000006147,-7.3084000000002565,24.8600000000064,1.98,26.840000000006402,96173.70488437466,4,TREND_08_SHORT_P65
2025-03-28 07:15:00+00:00,2025-03-28 13:15:00+00:00,-71.72340000001698,-0.07457693356645334,-71.72340000001698,5408,5432,-1,0.21,19737.297,19734.471999999998,19748.274,19751.099000000002,19781.334265625,24,signal_exit,-46.10340000001088,-69.833400000017,23.730000000006115,1.89,25.620000000006115,96101.98148437464,4,TREND_08_SHORT_P65
2025-03-28 14:00:00+00:00,2025-03-28 14:15:00+00:00,529.8279999999971,0.5513184970969017,529.8279999999971,5435,5436,-1,0.2,19666.309,19663.484,19527.752,19530.577,19761.450171875,1,signal_exit,554.2280000000028,531.6279999999971,22.600000000005707,1.8,24.400000000005708,96631.80948437465,4,TREND_08_SHORT_P65
2025-03-28 19:30:00+00:00,2025-03-30 23:15:00+00:00,675.7715999999922,0.6993262400920521,675.7715999999922,5457,5461,-1,0.21,19279.852,19277.027,19112.854,19115.679,19417.323249999998,4,signal_exit,701.3915999999982,677.6615999999923,23.73000000000593,1.89,25.62000000000593,97307.58108437463,4,TREND_08_SHORT_P65
2025-03-31 05:30:00+00:00,2025-03-31 06:30:00+00:00,-173.74360000001698,-0.17855093926275414,-173.74360000001698,5482,5486,-1,0.19,19022.974,19020.148999999998,19062.596,19065.421000000002,19115.95634375,4,signal_exit,-150.56360000001152,-172.033600000017,21.470000000005484,1.71,23.180000000005485,97133.83748437461,4,TREND_08_SHORT_P65
2025-03-31 10:30:00+00:00,2025-03-31 14:45:00+00:00,792.8813999999968,0.8162772320485571,792.8813999999968,5502,5519,-1,0.19,19039.941,19037.115999999998,18825.188,18828.013,19111.980765625,17,signal_exit,816.0614000000023,794.5913999999968,21.470000000005484,1.71,23.180000000005485,97926.71888437461,4,TREND_08_SHORT_P65
2025-04-02 11:15:00+00:00,2025-04-02 14:45:00+00:00,-156.3092000000042,-0.15961854106902507,-156.3092000000042,5683,5697,-1,0.19,19323.708,19320.882999999998,19358.742,19361.567,19383.143234375,14,signal_exit,-133.1291999999987,-154.59920000000423,21.47000000000554,1.71,23.180000000005542,97770.40968437461,4,TREND_08_SHORT_P65
2025-04-04 01:15:00+00:00,2025-04-04 02:45:00+00:00,77.67000000000046,0.0794412136051563,77.67000000000046,5821,5827,-1,0.15,18533.232,18530.407,18501.242,18504.067,18701.5895,6,signal_exit,95.97000000000479,79.02000000000045,16.950000000004337,1.3499999999999999,18.30000000000434,97848.0796843746,4,TREND_08_SHORT_P65
2025-04-04 05:00:00+00:00,2025-04-04 07:00:00+00:00,-372.1957499999996,-0.38038125142627166,-372.1957499999996,5836,5844,-1,0.16,18405.732,18402.907,18515.943171875,18518.768171875,18515.943171875,8,atr_stop,-352.6757499999949,-370.7557499999995,18.080000000004645,1.44,19.520000000004647,97475.88393437461,4,TREND_08_SHORT_P65
2025-04-07 03:45:00+00:00,2025-04-07 06:30:00+00:00,92.61099999999789,0.09500914099157902,92.61099999999789,5920,5931,-1,0.05,16738.897,16736.072,16640.186,16643.011000000002,17153.8391875,11,signal_exit,98.71099999999934,93.06099999999788,5.650000000001469,0.45,6.10000000000147,97568.4949343746,4,TREND_08_SHORT_P65
2025-04-09 04:00:00+00:00,2025-04-09 07:30:00+00:00,139.38239999999755,0.1428559496523415,139.38239999999755,6099,6113,-1,0.08,16910.689,16907.863999999998,16817.475,16820.3,17232.101578125,14,signal_exit,149.14239999999992,140.10239999999757,9.040000000002351,0.72,9.760000000002352,97707.8773343746,4,TREND_08_SHORT_P65
2025-04-09 12:45:00+00:00,2025-04-09 14:00:00+00:00,-418.4662500000026,-0.4282830222254579,-418.4662500000026,6134,6139,-1,0.06,16780.519,16777.694,17123.140875,17125.965875,17123.140875,5,atr_stop,-411.14625000000086,-417.92625000000265,6.780000000001792,0.54,7.320000000001792,97289.41108437459,4,TREND_08_SHORT_P65
2025-04-10 16:45:00+00:00,2025-04-10 18:15:00+00:00,271.01199999999585,0.2785626893814372,271.01199999999585,6239,6245,-1,0.05,18257.92,18255.094999999998,17980.808,17983.633,18528.501484374996,6,signal_exit,277.11199999999735,271.4619999999959,5.650000000001455,0.45,6.100000000001455,97560.42308437458,4,TREND_08_SHORT_P65
2025-04-11 03:00:00+00:00,2025-04-11 04:30:00+00:00,-196.2324000000005,-0.20113934912960563,-196.2324000000005,6273,6279,-1,0.07,18231.865,18229.04,18365.931,18368.756,18637.802812500002,6,signal_exit,-187.69239999999846,-195.6024000000005,7.910000000002043,0.6300000000000001,8.540000000002044,97364.19068437457,4,TREND_08_SHORT_P65
2025-04-15 00:45:00+00:00,2025-04-15 03:15:00+00:00,-242.28960000000194,-0.24884877930679045,-242.28960000000194,6442,6452,-1,0.12,18695.532,18692.707,18790.386,18793.211,18904.29465625,10,signal_exit,-227.64959999999846,-241.20960000000196,13.560000000003498,1.08,14.640000000003498,97121.90108437458,4,TREND_08_SHORT_P65
2025-04-15 13:00:00+00:00,2025-04-15 14:15:00+00:00,-262.9749062500074,-0.270767873480512,-262.9749062500074,6491,6496,-1,0.14,18749.308,18746.483,18837.127609375002,18839.952609375003,18837.127609375002,5,atr_stop,-245.89490625000326,-261.7149062500074,15.820000000004143,1.2600000000000002,17.080000000004144,96858.92617812457,4,TREND_08_SHORT_P65
2025-04-16 06:45:00+00:00,2025-04-16 09:15:00+00:00,-299.74875000000395,-0.3094694127093283,-299.74875000000395,6555,6565,-1,0.15,18407.954,18405.129,18501.77025,18504.595250000002,18501.77025,10,atr_stop,-281.44874999999956,-298.39875000000393,16.950000000004366,1.3499999999999999,18.300000000004367,96559.17742812456,4,TREND_08_SHORT_P65
2025-04-16 15:00:00+00:00,2025-04-16 15:30:00+00:00,-352.79418750000593,-0.36536577557593025,-352.79418750000593,6588,6590,-1,0.12,18387.553,18384.728,18528.450578125,18531.275578125,18528.450578125,2,atr_stop,-338.1541875000024,-351.7141875000059,13.56000000000347,1.08,14.64000000000347,96206.38324062456,4,TREND_08_SHORT_P65
2025-04-16 17:30:00+00:00,2025-04-16 18:45:00+00:00,447.6367999999963,0.46528804526452155,447.6367999999963,6598,6603,-1,0.13,18460.199,18457.374,18281.931,18284.756,18617.907750000002,5,signal_exit,463.49680000000006,448.80679999999626,14.690000000003806,1.17,15.860000000003806,96654.02004062456,4,TREND_08_SHORT_P65
2025-04-17 15:00:00+00:00,2025-04-17 15:30:00+00:00,365.0686000000021,0.37770658669609447,365.0686000000021,6677,6679,-1,0.13,18352.898,18350.073,18206.387,18209.212,18476.613937500002,2,signal_exit,380.9286000000059,366.23860000000207,14.690000000003806,1.17,15.860000000003806,97019.08864062456,4,TREND_08_SHORT_P65
2025-04-17 16:00:00+00:00,2025-04-17 16:15:00+00:00,-310.125400000004,-0.31965400247034065,-310.125400000004,6681,6682,-1,0.13,18180.897,18178.072,18294.076,18296.901,18320.441531250002,1,signal_exit,-294.2654000000003,-308.95540000000403,14.69000000000375,1.17,15.86000000000375,96708.96324062455,4,TREND_08_SHORT_P65
2025-04-21 03:30:00+00:00,2025-04-21 07:00:00+00:00,93.94560000000288,0.09714259862992632,93.94560000000288,6720,6734,-1,0.16,18159.989,18157.164,18124.531,18127.356,18291.50634375,14,signal_exit,113.46560000000756,95.38560000000288,18.080000000004674,1.44,19.520000000004675,96802.90884062456,4,TREND_08_SHORT_P65
2025-04-21 12:45:00+00:00,2025-04-21 15:00:00+00:00,297.03679999999235,0.3068469775934431,297.03679999999235,6757,6766,-1,0.16,17973.299,17970.474,17874.375,17877.2,18046.49915625,9,signal_exit,316.556799999997,298.4767999999924,18.08000000000459,1.44,19.52000000000459,97099.94564062454,4,TREND_08_SHORT_P65
2025-04-30 12:45:00+00:00,2025-04-30 13:45:00+00:00,1036.3979999999956,1.0673517818802867,1036.3979999999956,7380,7384,-1,0.22,19440.754,19437.929,19199.109,19201.934,19497.792984375,4,signal_exit,1063.2380000000019,1038.3779999999956,24.860000000006266,1.98,26.840000000006267,98136.34364062453,4,TREND_08_SHORT_P65
2025-05-02 10:15:00+00:00,2025-05-02 13:30:00+00:00,-341.16271875000734,-0.3476415628437777,-341.16271875000734,7548,7561,-1,0.21,19810.831,19808.005999999998,19885.96021875,19888.78521875,19885.96021875,13,atr_stop,-315.54271875000126,-339.27271875000736,23.7300000000061,1.89,25.6200000000061,97795.18092187452,4,TREND_08_SHORT_P65
2025-05-05 02:00:00+00:00,2025-05-05 06:45:00+00:00,193.76579999998475,0.19813430291087467,193.76579999998475,7604,7623,-1,0.23,20007.087,20004.262,19958.864,19961.689000000002,20101.839265625,19,signal_exit,221.8257999999915,195.83579999998474,25.990000000006745,2.0700000000000003,28.060000000006745,97988.9467218745,4,TREND_08_SHORT_P65
2025-05-05 10:15:00+00:00,2025-05-05 14:45:00+00:00,-329.92817187500884,-0.3366993757076047,-329.92817187500884,7637,7655,-1,0.23,19894.564,19891.738999999998,19960.187515625,19963.012515625,19960.187515625,18,atr_stop,-301.868171875002,-327.8581718750088,25.990000000006773,2.0700000000000003,28.060000000006774,97659.01854999948,4,TREND_08_SHORT_P65
2025-05-06 03:15:00+00:00,2025-05-06 09:15:00+00:00,463.80980000000295,0.4749277710204936,463.80980000000295,7698,7722,-1,0.37,19859.131,19856.306,19790.354,19793.179,19924.364359375,24,signal_exit,508.94980000001374,467.139800000003,41.810000000010746,3.33,45.140000000010744,98122.82834999949,4,TREND_08_SHORT_P65
2025-05-07 13:30:00+00:00,2025-05-07 16:00:00+00:00,217.3152000000025,0.22147262125878542,217.3152000000025,7828,7838,-1,0.16,19832.665,19829.84,19758.654,19761.479,19902.603046875003,10,signal_exit,236.8352000000072,218.7552000000025,18.080000000004702,1.44,19.520000000004703,98340.14354999948,4,TREND_08_SHORT_P65
2025-05-08 15:15:00+00:00,2025-05-08 16:15:00+00:00,-253.72242187500308,-0.2580049334034193,-253.72242187500308,7924,7928,-1,0.15,19964.687,19961.862,20043.161140625,20045.986140625002,20043.161140625,4,atr_stop,-235.4224218749987,-252.37242187500306,16.950000000004366,1.3499999999999999,18.300000000004367,98086.42112812448,4,TREND_08_SHORT_P65
2025-05-09 04:15:00+00:00,2025-05-09 07:00:00+00:00,-107.66280000000462,-0.10976320550973218,-107.66280000000462,7969,7980,-1,0.21,20093.175,20090.35,20112.709,20115.534,20177.2775,11,signal_exit,-82.04279999999854,-105.77280000000464,23.7300000000061,1.89,25.6200000000061,97978.75832812447,4,TREND_08_SHORT_P65
2025-05-16 03:00:00+00:00,2025-05-16 04:00:00+00:00,-210.7504000000062,-0.21509805145133282,-210.7504000000062,8409,8413,-1,0.28,21289.087,21286.262,21320.621,21323.446,21370.598796875,4,signal_exit,-176.59039999999806,-208.23040000000623,31.640000000008172,2.5200000000000005,34.160000000008175,97768.00792812447,4,TREND_08_SHORT_P65
2025-05-19 04:00:00+00:00,2025-05-19 07:00:00+00:00,48.35159999999334,0.04945544153414652,48.35159999999334,8502,8514,-1,0.22,21185.087,21182.262,21167.998,21170.823,21268.623562499997,12,signal_exit,75.19159999999975,50.331599999993344,24.86000000000641,1.98,26.84000000000641,97816.35952812446,4,TREND_08_SHORT_P65
2025-05-19 07:30:00+00:00,2025-05-19 14:30:00+00:00,-320.3743593749981,-0.3275263574728347,-320.3743593749981,8516,8544,-1,0.21,21159.653,21156.827999999998,21229.832609374997,21232.657609374997,21229.832609374997,28,atr_stop,-294.754359374992,-318.4843593749981,23.7300000000061,1.89,25.6200000000061,97495.98516874945,4,TREND_08_SHORT_P65
2025-05-20 07:15:00+00:00,2025-05-20 08:15:00+00:00,-106.25080000000482,-0.10897966702536749,-106.25080000000482,8604,8608,-1,0.23,21336.61,21333.785,21353.608,21356.433,21389.592890625,4,signal_exit,-78.19079999999813,-104.18080000000482,25.990000000006688,2.0700000000000003,28.06000000000669,97389.73436874944,4,TREND_08_SHORT_P65
2025-05-20 15:15:00+00:00,2025-05-20 17:00:00+00:00,-264.21120000000457,-0.2712926590390055,-264.21120000000457,8636,8643,-1,0.24,21312.61,21309.785,21361.554,21364.379,21384.36859375,7,signal_exit,-234.93119999999763,-262.0512000000046,27.120000000006968,2.16,29.280000000006968,97125.52316874944,4,TREND_08_SHORT_P65
2025-05-21 03:30:00+00:00,2025-05-21 14:45:00+00:00,32.54159999999219,0.033504684390171284,32.54159999999219,8678,8723,-1,0.28,21303.808,21300.983,21291.897,21294.722,21384.331828125003,45,signal_exit,66.70160000000034,35.06159999999218,31.640000000008158,2.5200000000000005,34.16000000000816,97158.06476874943,4,TREND_08_SHORT_P65
2025-05-22 02:15:00+00:00,2025-05-22 02:45:00+00:00,39.932800000000285,0.041100859815442245,39.932800000000285,8762,8764,-1,0.16,21126.465,21123.64,21107.886,21110.711,21268.068046875,2,signal_exit,59.452800000004935,41.37280000000028,18.080000000004652,1.44,19.520000000004654,97197.99756874943,4,TREND_08_SHORT_P65
2025-05-22 13:15:00+00:00,2025-05-22 13:45:00+00:00,-224.06273437500352,-0.23052196545152176,-224.06273437500352,8806,8808,-1,0.15,20997.386,20994.560999999998,21065.973578125,21068.798578125,21065.973578125,2,atr_stop,-205.76273437499913,-222.7127343750035,16.950000000004366,1.3499999999999999,18.300000000004367,96973.93483437442,4,TREND_08_SHORT_P65
2025-05-23 07:30:00+00:00,2025-05-23 08:00:00+00:00,-261.68625000001833,-0.2698521519694571,-261.68625000001833,8872,8874,-1,0.21,21057.609,21054.784,21113.815250000003,21116.640250000004,21113.815250000003,2,atr_stop,-236.06625000001222,-259.79625000001835,23.73000000000613,1.89,25.62000000000613,96712.24858437439,4,TREND_08_SHORT_P65
2025-05-23 19:45:00+00:00,2025-05-23 20:45:00+00:00,0.9078000000018803,0.000938660834888862,0.9078000000018803,8921,8925,-1,0.17,20988.042,20985.217,20981.675,20984.5,21164.821375,4,signal_exit,21.647800000006832,2.4378000000018805,19.210000000004953,1.53,20.740000000004954,96713.1563843744,4,TREND_08_SHORT_P65
2025-05-28 08:30:00+00:00,2025-05-28 11:30:00+00:00,-296.3216250000044,-0.30639225941743753,-296.3216250000044,9126,9138,-1,0.38,21377.776,21374.951,21410.6656875,21413.4906875,21410.6656875,12,atr_stop,-249.96162499999338,-292.90162500000446,42.94000000001108,3.42,46.360000000011084,96416.83475937438,4,TREND_08_SHORT_P65
2025-05-29 23:00:00+00:00,2025-05-30 01:45:00+00:00,-9.56100000000297,-0.009916318061948592,-9.56100000000297,9266,9277,-1,0.15,21309.132,21306.307,21306.219,21309.044,21461.97075,11,signal_exit,8.739000000001397,-8.211000000002969,16.950000000004366,1.3499999999999999,18.300000000004367,96407.27375937438,4,TREND_08_SHORT_P65
2025-05-30 02:15:00+00:00,2025-05-30 03:00:00+00:00,-118.68919999999866,-0.12311228745689705,-118.68919999999866,9279,9282,-1,0.19,21269.609,21266.784,21294.743,21297.568,21386.32275,3,signal_exit,-95.50919999999314,-116.97919999999866,21.470000000005513,1.71,23.180000000005514,96288.58455937439,4,TREND_08_SHORT_P65
2025-06-02 09:00:00+00:00,2025-06-02 11:15:00+00:00,-124.47400000001188,-0.12927181406769722,-124.47400000001188,9395,9404,-1,0.17,21165.71,21162.885,21196.22,21199.045000000002,21229.47578125,9,signal_exit,-103.73400000000694,-122.94400000001188,19.21000000000494,1.53,20.74000000000494,96164.11055937437,4,TREND_08_SHORT_P65
2025-06-03 08:45:00+00:00,2025-06-03 11:45:00+00:00,-223.19531250001165,-0.23209834854366454,-223.19531250001165,9483,9495,-1,0.2,21385.209,21382.384,21434.907828125,21437.732828125,21434.907828125,12,atr_stop,-198.79531250000582,-221.39531250001164,22.60000000000582,1.8,24.40000000000582,95940.91524687437,4,TREND_08_SHORT_P65
2025-06-06 03:00:00+00:00,2025-06-06 03:45:00+00:00,-12.599999999996944,-0.013133082968381875,-12.599999999996944,9727,9730,-1,0.21,21551.664,21548.839,21548.564,21551.389,21678.786500000002,3,signal_exit,13.020000000009166,-10.709999999996944,23.730000000006108,1.89,25.620000000006108,95928.31524687436,4,TREND_08_SHORT_P65
2025-06-12 02:00:00+00:00,2025-06-12 05:30:00+00:00,-125.82000000001182,-0.13116043962224325,-125.82000000001182,10079,10093,-1,0.27,21777.331,21774.505999999998,21794.531,21797.356,21887.79646875,14,signal_exit,-92.88000000000393,-123.39000000001181,30.510000000007878,2.43,32.94000000000788,95802.49524687436,4,TREND_08_SHORT_P65
2025-06-12 09:15:00+00:00,2025-06-12 10:30:00+00:00,-340.84253125000464,-0.3557762565282713,-340.84253125000464,10108,10113,-1,0.26,21734.753,21731.928,21794.199640625,21797.024640625,21794.199640625,5,atr_stop,-309.122531249997,-338.5025312500046,29.380000000007612,2.34,31.720000000007612,95461.65271562435,4,TREND_08_SHORT_P65
2025-06-13 07:30:00+00:00,2025-06-13 10:00:00+00:00,-133.19040000001024,-0.1395224115769062,-133.19040000001024,10190,10200,-1,0.21,21557.208,21554.382999999998,21582.82,21585.645,21677.225656249997,10,signal_exit,-107.57040000000416,-131.30040000001026,23.7300000000061,1.89,25.6200000000061,95328.46231562433,4,TREND_08_SHORT_P65
2025-06-18 01:00:00+00:00,2025-06-18 01:15:00+00:00,-331.9992000000033,-0.34826870373801116,-331.9992000000033,10431,10432,-1,0.26,21672.264,21669.439,21730.01,21732.835,21775.788765625,1,signal_exit,-300.2791999999958,-329.6592000000033,29.3800000000075,2.34,31.7200000000075,94996.46311562433,4,TREND_08_SHORT_P65
2025-06-18 02:00:00+00:00,2025-06-18 05:15:00+00:00,-35.26499999999578,-0.0371224347132516,-35.26499999999578,10435,10448,-1,0.25,21744.789,21741.964,21745.742,21748.567,21845.892515625,13,signal_exit,-4.764999999988504,-33.01499999999578,28.250000000007276,2.25,30.500000000007276,94961.19811562433,4,TREND_08_SHORT_P65
2025-06-18 12:15:00+00:00,2025-06-18 12:45:00+00:00,-247.07760000001178,-0.26018795561021796,-247.07760000001178,10476,10478,-1,0.28,21732.287,21729.462,21770.308,21773.133,21785.692234375,2,signal_exit,-212.9176000000036,-244.5576000000118,31.6400000000082,2.5200000000000005,34.1600000000082,94714.12051562432,4,TREND_08_SHORT_P65
2025-06-19 03:00:00+00:00,2025-06-19 06:30:00+00:00,-189.69280000000117,-0.2002793236819518,-189.69280000000117,10528,10542,-1,0.22,21610.775,21607.95,21647.787,21650.612,21732.265468750003,14,signal_exit,-162.85279999999474,-187.71280000000115,24.86000000000641,1.98,26.84000000000641,94524.42771562432,4,TREND_08_SHORT_P65
2025-06-19 09:30:00+00:00,2025-06-19 10:15:00+00:00,-64.38520000000398,-0.06811487946132415,-64.38520000000398,10554,10557,-1,0.22,21593.71,21590.885,21602.243,21605.068,21657.500859375,3,signal_exit,-37.54519999999757,-62.40520000000398,24.86000000000641,1.98,26.84000000000641,94460.04251562431,4,TREND_08_SHORT_P65
2025-06-19 12:30:00+00:00,2025-06-19 15:00:00+00:00,517.3959999999878,0.5477405961514438,517.3959999999878,10566,10576,-1,0.22,21580.876,21578.051,21457.186,21460.011000000002,21640.149359375002,10,signal_exit,544.2359999999943,519.3759999999878,24.860000000006494,1.98,26.840000000006494,94977.4385156243,4,TREND_08_SHORT_P65
2025-06-19 16:45:00+00:00,2025-06-19 17:15:00+00:00,-27.816600000010514,-0.029287587067779827,-27.816600000010514,10583,10585,-1,0.21,21486.031,21483.206,21486.554,21489.379,21565.187171875,2,signal_exit,-2.1966000000044006,-25.926600000010513,23.73000000000611,1.89,25.62000000000611,94949.62191562427,4,TREND_08_SHORT_P65
2025-06-19 23:00:00+00:00,2025-06-19 23:15:00+00:00,-46.19580000001137,-0.04865295834570321,-46.19580000001137,10588,10589,-1,0.21,21602.265,21599.44,21607.164,21609.989,21683.48109375,1,signal_exit,-20.575800000005255,-44.30580000001137,23.73000000000611,1.89,25.62000000000611,94903.42611562426,4,TREND_08_SHORT_P65
2025-06-30 15:15:00+00:00,2025-06-30 17:30:00+00:00,14.339999999979046,0.015110097271417905,14.339999999979046,11187,11196,-1,0.3,22625.798,22622.972999999998,22617.308,22620.133,22674.73253125,9,signal_exit,50.93999999998777,17.039999999979045,33.900000000008724,2.6999999999999997,36.60000000000873,94917.76611562422,4,TREND_08_SHORT_P65
2025-07-01 09:45:00+00:00,2025-07-01 13:30:00+00:00,438.31199999997807,0.4617807792337291,438.31199999997807,11254,11269,-1,0.42,22618.999,22616.174,22560.719,22563.544,22655.322359375,15,signal_exit,489.5519999999902,442.09199999997804,47.460000000012144,3.78,51.240000000012145,95356.0781156242,4,TREND_08_SHORT_P65
2025-07-01 14:00:00+00:00,2025-07-01 15:15:00+00:00,-453.89456250000256,-0.4759996126829292,-453.89456250000256,11271,11276,-1,0.43,22579.608,22576.783,22626.2864375,22629.1114375,22626.2864375,5,atr_stop,-401.43456249999,-450.02456250000256,48.59000000001254,3.87,52.460000000012535,94902.1835531242,4,TREND_08_SHORT_P65
2025-07-04 08:30:00+00:00,2025-07-04 10:00:00+00:00,291.4176000000047,0.2914176000000047,291.4176000000047,202,208,-1,0.48,22767.365,22764.54,22730.909,22733.734,22800.98546875,6,signal_exit,349.9776000000187,295.73760000000476,54.240000000013936,4.32,58.560000000013936,100291.4176,5,TREND_07_SHORT_P55
2025-07-04 13:45:00+00:00,2025-07-04 16:45:00+00:00,-98.80200000001862,-0.09851491021303363,-98.80200000001862,223,235,-1,0.45,22730.02,22727.195,22734.898,22737.723,22782.27515625,12,signal_exit,-43.9020000000055,-94.75200000001861,50.85000000001311,4.05,54.90000000001311,100192.61559999999,5,TREND_07_SHORT_P55
2025-07-06 23:00:00+00:00,2025-07-06 23:15:00+00:00,1.0889999999664735,0.0010869064485890848,1.0889999999664735,240,241,-1,0.45,22804.819,22801.994,22798.598,22801.423000000003,22854.380484375,1,signal_exit,55.98899999997957,5.138999999966473,50.8500000000131,4.05,54.900000000013094,100193.70459999997,5,TREND_07_SHORT_P55
2025-07-07 06:30:00+00:00,2025-07-07 07:00:00+00:00,-158.3903999999919,-0.15808418366436164,-158.3903999999919,270,272,-1,0.42,22742.076,22739.251,22754.832,22757.657,22800.2169375,2,signal_exit,-107.1503999999797,-154.61039999999193,47.46000000001223,3.78,51.24000000001223,100035.31419999998,5,TREND_07_SHORT_P55
2025-07-08 20:45:00+00:00,2025-07-09 09:30:00+00:00,-138.7391999999946,-0.13869022265738498,-138.7391999999946,416,460,-1,0.32,22681.308,22678.483,22696.886,22699.711,22765.121671875,44,signal_exit,-99.6991999999853,-135.85919999999462,36.16000000000932,2.88,39.04000000000932,99896.57499999998,5,TREND_07_SHORT_P55
2025-07-11 05:45:00+00:00,2025-07-11 06:30:00+00:00,-52.333400000022955,-0.05238758185655811,-52.333400000022955,623,626,-1,0.29,22784.119,22781.293999999998,22787.042,22789.867000000002,22847.008218749997,3,signal_exit,-16.95340000001452,-49.723400000022956,32.77000000000844,2.61,35.38000000000844,99844.24159999996,5,TREND_07_SHORT_P55
2025-07-11 08:30:00+00:00,2025-07-11 15:00:00+00:00,-213.17520000001124,-0.21350775626504565,-213.17520000001124,634,660,-1,0.28,22749.808,22746.983,22781.775,22784.600000000002,22815.25425,26,signal_exit,-179.0152000000031,-210.65520000001126,31.640000000008172,2.5200000000000005,34.160000000008175,99631.06639999995,5,TREND_07_SHORT_P55
2025-07-16 03:00:00+00:00,2025-07-16 06:00:00+00:00,-1.7304000000224917,-0.0017368076670737035,-1.7304000000224917,879,891,-1,0.28,22855.599,22852.773999999998,22849.808,22852.633,22928.257281249997,12,signal_exit,32.42959999998566,0.7895999999775086,31.640000000008154,2.5200000000000005,34.160000000008154,99629.33599999994,5,TREND_07_SHORT_P55
2025-07-16 08:45:00+00:00,2025-07-16 12:45:00+00:00,-160.18079999999844,-0.16077674150111623,-160.18079999999844,902,918,-1,0.34,22809.842,22807.017,22827.298,22830.123,22853.831921875,16,signal_exit,-118.70079999998852,-157.12079999999844,38.42000000000992,3.06,41.48000000000992,99469.15519999994,5,TREND_07_SHORT_P55
2025-07-18 11:45:00+00:00,2025-07-18 13:15:00+00:00,-30.79140000000233,-0.030955726866374704,-30.79140000000233,1092,1098,-1,0.5700000000000001,23097.375,23094.55,23093.976,23096.801,23123.293125,6,signal_exit,38.74860000001428,-25.661400000002327,64.41000000001661,5.130000000000001,69.5400000000166,99438.36379999993,5,TREND_07_SHORT_P55
2025-07-21 00:15:00+00:00,2025-07-21 01:00:00+00:00,-187.19940000001563,-0.1882567178765423,-187.19940000001563,1135,1138,-1,0.5700000000000001,23089.589,23086.764,23099.91,23102.735,23156.0499375,3,signal_exit,-117.65939999999901,-182.06940000001563,64.41000000001662,5.130000000000001,69.54000000001662,99251.16439999992,5,TREND_07_SHORT_P55
2025-07-22 05:45:00+00:00,2025-07-22 07:45:00+00:00,-183.8170000000301,-0.1852038725301144,-183.8170000000301,1246,1254,-1,0.47000000000000003,23146.298,23143.472999999998,23159.753,23162.578,23176.823546875,8,signal_exit,-126.47700000001642,-179.5870000000301,53.11000000001367,4.23,57.340000000013674,99067.34739999988,5,TREND_07_SHORT_P55
2025-07-22 20:15:00+00:00,2025-07-23 00:45:00+00:00,-81.9143999999926,-0.08268556911012305,-81.9143999999926,1304,1315,-1,0.31,23077.487,23074.662,23084.599,23087.424,23165.112234375003,11,signal_exit,-44.09439999998358,-79.1243999999926,35.030000000009025,2.79,37.820000000009024,98985.43299999989,5,TREND_07_SHORT_P55
2025-07-24 08:00:00+00:00,2025-07-24 08:15:00+00:00,-63.35999999998952,-0.06400941843633658,-63.35999999998952,1433,1434,-1,0.36,23208.097,23205.272,23210.797,23213.622,23234.062078125004,1,signal_exit,-19.439999999979047,-60.119999999989524,40.68000000001048,3.2399999999999998,43.92000000001048,98922.0729999999,5,TREND_07_SHORT_P55
2025-07-24 14:00:00+00:00,2025-07-24 14:30:00+00:00,-282.11804687499387,-0.28519221071620093,-282.11804687499387,1457,1459,-1,0.35000000000000003,23208.819,23205.994,23243.021578124997,23245.846578124998,23243.021578124997,2,atr_stop,-239.4180468749837,-278.9680468749939,39.550000000010186,3.1500000000000004,42.700000000010185,98639.9549531249,5,TREND_07_SHORT_P55
2025-07-28 18:30:00+00:00,2025-07-28 23:00:00+00:00,-524.8919531250183,-0.5321291492625421,-524.8919531250183,1653,1664,-1,0.45,23324.275,23321.45,23376.496328125002,23379.321328125003,23376.496328125002,11,atr_stop,-469.99195312500524,-520.8419531250183,50.8500000000131,4.05,54.900000000013094,98115.0629999999,5,TREND_07_SHORT_P55
2025-07-30 00:45:00+00:00,2025-07-30 02:15:00+00:00,-122.5000000000285,-0.12485340808477965,-122.5000000000285,1760,1766,-1,0.49,23335.92,23333.094999999998,23342.32,23345.145,23406.726640625,6,signal_exit,-62.72000000001427,-118.09000000002851,55.370000000014244,4.41,59.78000000001424,97992.56299999986,5,TREND_07_SHORT_P55
2025-08-01 03:00:00+00:00,2025-08-01 05:45:00+00:00,-9.380800000003074,-0.009572971369269205,-9.380800000003074,1947,1958,-1,0.22,23192.543,23189.718,23188.575,23191.4,23312.4895625,11,signal_exit,17.45920000000333,-7.400800000003074,24.860000000006405,1.98,26.840000000006405,97983.18219999985,5,TREND_07_SHORT_P55
2025-08-01 08:30:00+00:00,2025-08-01 09:45:00+00:00,390.12599999999105,0.3981560827486491,390.12599999999105,1969,1974,-1,0.22,23054.497,23051.672,22959.732,22962.557,23109.46528125,5,signal_exit,416.96599999999745,392.10599999999107,24.86000000000638,1.98,26.84000000000638,98373.30819999984,5,TREND_07_SHORT_P55
2025-08-01 13:15:00+00:00,2025-08-01 14:00:00+00:00,226.514400000006,0.23026002087831215,226.514400000006,1988,1991,-1,0.21,23000.686,22997.861,22940.654,22943.479,23080.003109375,3,signal_exit,252.13440000001214,228.40440000000598,23.730000000006157,1.89,25.620000000006158,98599.82259999984,5,TREND_07_SHORT_P55
2025-08-01 14:30:00+00:00,2025-08-01 14:45:00+00:00,634.3119999999938,0.6433196158711899,634.3119999999938,1993,1994,-1,0.2,22960.386,22957.560999999998,22795.708,22798.533,23058.502406249998,1,signal_exit,658.7119999999996,636.1119999999937,22.600000000005934,1.8,24.400000000005935,99234.13459999984,5,TREND_07_SHORT_P55
2025-08-12 02:15:00+00:00,2025-08-12 07:30:00+00:00,-344.5288000000191,-0.34718779116558107,-344.5288000000191,2567,2588,-1,0.49,23536.02,23533.195,23565.076,23567.901,23599.136015625,21,signal_exit,-284.74880000000485,-340.1188000000191,55.37000000001427,4.41,59.78000000001427,98889.60579999983,5,TREND_07_SHORT_P55
2025-08-12 11:15:00+00:00,2025-08-12 13:30:00+00:00,-490.8511093750056,-0.49636269191701693,-490.8511093750056,2603,2612,-1,0.47000000000000003,23542.375,23539.55,23588.493203125,23591.318203125,23588.493203125,9,atr_stop,-433.51110937499186,-486.6211093750056,53.11000000001371,4.23,57.34000000001372,98398.75469062482,5,TREND_07_SHORT_P55
2025-08-15 15:00:00+00:00,2025-08-15 15:00:00+00:00,-299.4903437500084,-0.3043639573403494,-299.4903437500084,2885,2885,-1,0.26,23717.464,23714.639,23768.958296875,23771.783296875,23768.958296875,0,atr_stop,-267.7703437500008,-297.15034375000835,29.380000000007556,2.34,31.720000000007555,98099.26434687481,5,TREND_07_SHORT_P55
2025-08-18 00:00:00+00:00,2025-08-18 00:45:00+00:00,-101.9584000000218,-0.10393390886143777,-101.9584000000218,2914,2917,-1,0.32,23759.389,23756.564,23769.22,23772.045000000002,23856.615328125,3,signal_exit,-62.91840000001248,-99.0784000000218,36.16000000000932,2.88,39.04000000000932,97997.3059468748,5,TREND_07_SHORT_P55
2025-08-18 07:30:00+00:00,2025-08-18 17:45:00+00:00,371.1371999999908,0.37872183976280693,371.1371999999908,2944,2985,-1,0.34,23715.598,23712.773,23654.919,23657.744000000002,23741.630265625,41,signal_exit,412.61720000000065,374.19719999999074,38.42000000000991,3.06,41.48000000000991,98368.4431468748,5,TREND_07_SHORT_P55
2025-08-19 23:45:00+00:00,2025-08-20 10:15:00+00:00,220.62599999997823,0.22428534288233026,220.62599999997823,3091,3133,-1,0.34,23383.264,23380.439,23344.719,23347.544,23484.812359375,42,signal_exit,262.1059999999881,223.68599999997824,38.42000000000988,3.06,41.48000000000988,98589.06914687477,5,TREND_07_SHORT_P55
2025-08-21 13:30:00+00:00,2025-08-21 14:15:00+00:00,5.194599999996571,0.005268941115832858,5.194599999996571,3235,3238,-1,0.19,23158.643,23155.818,23151.176,23154.001,23215.522375,3,signal_exit,28.374600000002104,6.904599999996572,21.470000000005534,1.71,23.180000000005535,98594.26374687477,5,TREND_07_SHORT_P55
2025-08-22 09:00:00+00:00,2025-08-22 09:15:00+00:00,-194.58000000001007,-0.19735428067048966,-194.58000000001007,3306,3307,-1,0.23,23123.599,23120.773999999998,23159.799,23162.624,23180.9905625,1,signal_exit,-166.52000000000336,-192.51000000001008,25.990000000006717,2.0700000000000003,28.060000000006717,98399.68374687475,5,TREND_07_SHORT_P55
2025-08-25 13:30:00+00:00,2025-08-25 13:45:00+00:00,-101.75760000000128,-0.10341252748511315,-101.75760000000128,3413,3414,-1,0.27,23398.465,23395.64,23411.209,23414.034,23436.36046875,1,signal_exit,-68.8175999999934,-99.32760000000127,30.510000000007864,2.43,32.94000000000786,98297.92614687476,5,TREND_07_SHORT_P55
2025-08-27 08:45:00+00:00,2025-08-27 12:30:00+00:00,-248.90599999999597,-0.25321592200031334,-248.90599999999597,3572,3587,-1,0.46,23520.398,23517.573,23541.353,23544.178,23547.171046875003,15,signal_exit,-192.7859999999826,-244.76599999999598,51.980000000013376,4.140000000000001,56.12000000001338,98049.02014687475,5,TREND_07_SHORT_P55
2025-08-27 13:45:00+00:00,2025-08-27 15:15:00+00:00,-74.241200000003,-0.07571845173851989,-74.241200000003,3592,3598,-1,0.47000000000000003,23501.221,23498.396,23503.019,23505.844,23533.2319375,6,signal_exit,-16.901199999989334,-70.01120000000302,53.110000000013684,4.23,57.34000000001369,97974.77894687475,5,TREND_07_SHORT_P55
2025-08-29 09:30:00+00:00,2025-08-29 14:15:00+00:00,36.10799999998271,0.036854382717782595,36.10799999998271,3753,3772,-1,0.3,23616.499,23613.674,23604.381,23607.206000000002,23647.157203125,19,signal_exit,72.70799999999144,38.80799999998271,33.90000000000873,2.6999999999999997,36.600000000008734,98010.88694687473,5,TREND_07_SHORT_P55
2025-09-01 00:30:00+00:00,2025-09-01 00:45:00+00:00,-48.73820000002293,-0.049727332869093116,-48.73820000002293,3806,3807,-1,0.31,23486.297,23483.471999999998,23488.058,23490.883,23584.103171875,1,signal_exit,-10.918200000013893,-45.94820000002292,35.030000000009025,2.79,37.820000000009024,97962.14874687471,5,TREND_07_SHORT_P55
2025-09-02 00:45:00+00:00,2025-09-02 02:00:00+00:00,-331.04709375000994,-0.3379336794718597,-331.04709375000994,3883,3888,-1,0.38,23392.547,23389.721999999998,23430.005828125,23432.830828125,23430.005828125,5,atr_stop,-284.6870937499989,-327.62709375001,42.94000000001108,3.42,46.360000000011084,97631.10165312469,5,TREND_07_SHORT_P55
2025-09-05 21:00:00+00:00,2025-09-08 01:15:00+00:00,-523.2604000000172,-0.5359566686639659,-523.2604000000172,4231,4241,-1,0.26,23654.693,23651.868,23749.22,23752.045000000002,23787.663312499997,10,signal_exit,-491.54040000000975,-520.9204000000173,29.3800000000075,2.34,31.7200000000075,97107.84125312467,5,TREND_07_SHORT_P55
2025-09-12 09:30:00+00:00,2025-09-12 10:45:00+00:00,-293.1713124999975,-0.30190282135487595,-293.1713124999975,4630,4635,-1,0.44,23971.577,23968.752,23998.791921875,24001.616921875,23998.791921875,5,atr_stop,-239.49131249998462,-289.21131249999746,49.720000000012845,3.96,53.680000000012846,96814.66994062468,5,TREND_07_SHORT_P55
2025-09-16 19:15:00+00:00,2025-09-17 00:45:00+00:00,-303.2431999999883,-0.31322030038006,-303.2431999999883,4847,4862,-1,0.61,24271.919,24269.094,24290.675,24293.5,24321.478609375,15,signal_exit,-228.82319999997054,-297.7531999999883,68.93000000001774,5.49,74.42000000001774,96511.4267406247,5,TREND_07_SHORT_P55
2025-09-22 08:00:00+00:00,2025-09-22 08:30:00+00:00,526.6559999999778,0.5456928964643435,526.6559999999778,5158,5160,-1,0.48,24569.279,24566.453999999998,24508.319,24511.144,24598.637671874996,2,signal_exit,585.2159999999916,530.9759999999777,54.24000000001388,4.32,58.56000000001388,97038.08274062467,5,TREND_07_SHORT_P55
2025-09-22 14:15:00+00:00,2025-09-22 14:30:00+00:00,-484.3413750000208,-0.4991250458797996,-484.3413750000208,5183,5184,-1,0.42,24550.511,24547.685999999998,24602.0706875,24604.8956875,24602.0706875,1,atr_stop,-433.10137500000855,-480.5613750000208,47.46000000001226,3.78,51.24000000001226,96553.74136562465,5,TREND_07_SHORT_P55
2025-09-24 01:15:00+00:00,2025-09-24 04:00:00+00:00,-142.19239999999076,-0.14726762317945197,-142.19239999999076,5309,5320,-1,0.43,24583.219,24580.394,24593.653,24596.478,24653.592046875,11,signal_exit,-89.73239999997823,-138.32239999999075,48.59000000001252,3.87,52.46000000001252,96411.54896562466,5,TREND_07_SHORT_P55
2025-09-25 00:00:00+00:00,2025-09-25 02:45:00+00:00,-283.7160000000126,-0.29427594831110016,-283.7160000000126,5393,5404,-1,0.36,24512.142,24509.317,24545.447,24548.272,24593.645359375,11,signal_exit,-239.79600000000207,-280.4760000000126,40.68000000001055,3.2399999999999998,43.92000000001055,96127.83296562465,5,TREND_07_SHORT_P55
2025-09-25 08:30:00+00:00,2025-09-25 09:00:00+00:00,-250.8395312500092,-0.26094370746889667,-250.8395312500092,5427,5429,-1,0.35000000000000003,24492.903,24490.077999999998,24522.63721875,24525.46221875,24522.63721875,2,atr_stop,-208.13953124999904,-247.68953125000922,39.550000000010186,3.1500000000000004,42.700000000010185,95876.99343437464,5,TREND_07_SHORT_P55
2025-09-25 23:00:00+00:00,2025-09-25 23:15:00+00:00,-132.8754000000072,-0.138589452214057,-132.8754000000072,5478,5479,-1,0.21,24398.499,24395.674,24424.036,24426.861,24534.458453125,1,signal_exit,-107.25540000000109,-130.98540000000722,23.73000000000613,1.89,25.62000000000613,95744.11803437462,5,TREND_07_SHORT_P55
2025-09-29 23:30:00+00:00,2025-09-30 04:00:00+00:00,-368.08800000002196,-0.3844497265804556,-368.08800000002196,5658,5676,-1,0.42,24588.749,24585.924,24626.469,24629.294,24667.0065,18,signal_exit,-316.8480000000098,-364.308000000022,47.4600000000122,3.78,51.2400000000122,95376.0300343746,5,TREND_07_SHORT_P55
2025-10-03 13:15:00+00:00,2025-10-03 16:45:00+00:00,126.05599999999103,0.13216737995338976,126.05599999999103,5980,5994,-1,0.35000000000000003,24934.044,24931.219,24909.936,24912.761000000002,24967.5461875,14,signal_exit,168.75600000000122,129.20599999999104,39.550000000010186,3.1500000000000004,42.700000000010185,95502.0860343746,5,TREND_07_SHORT_P55
2025-10-06 03:30:00+00:00,2025-10-06 04:15:00+00:00,-161.18840000001396,-0.1687799782111529,-161.18840000001396,6030,6033,-1,0.38,24873.555,24870.73,24888.664,24891.489,24948.89765625,3,signal_exit,-114.82840000000287,-157.76840000001394,42.94000000001107,3.42,46.36000000001107,95340.89763437459,5,TREND_07_SHORT_P55
2025-10-08 01:00:00+00:00,2025-10-08 02:30:00+00:00,-370.9008000000153,-0.38902591563842087,-370.9008000000153,6198,6204,-1,0.36,24834.761,24831.935999999998,24880.175,24883.0,24929.119515625,6,signal_exit,-326.9808000000048,-367.6608000000153,40.680000000010466,3.2399999999999998,43.92000000001047,94969.99683437457,5,TREND_07_SHORT_P55
2025-10-08 08:15:00+00:00,2025-10-08 08:45:00+00:00,-297.1665000000189,-0.31290566484725724,-297.1665000000189,6227,6229,-1,0.36,24850.011,24847.185999999998,24885.184125,24888.009125,24885.184125,2,atr_stop,-253.24650000000835,-293.9265000000189,40.68000000001055,3.2399999999999998,43.92000000001055,94672.83033437455,5,TREND_07_SHORT_P55
2025-10-08 13:45:00+00:00,2025-10-08 14:30:00+00:00,-360.9440000000069,-0.38125405010623464,-360.9440000000069,6249,6252,-1,0.34,24864.838,24862.013,24911.818,24914.643,24911.818,3,atr_stop,-319.4639999999971,-357.88400000000695,38.42000000000985,3.06,41.48000000000985,94311.88633437455,5,TREND_07_SHORT_P55
2025-10-10 11:45:00+00:00,2025-10-10 14:30:00+00:00,-392.8134375,-0.4165046981536498,-392.8134375,6419,6430,-1,0.36,25106.947,25104.122,25155.404421875,25158.229421875,25155.404421875,11,atr_stop,-348.8934374999895,-389.5734375,40.68000000001052,3.2399999999999998,43.920000000010525,93919.07289687455,5,TREND_07_SHORT_P55
2025-10-14 11:15:00+00:00,2025-10-14 14:00:00+00:00,-15.568600000003208,-0.016576611671942198,-15.568600000003208,6595,6606,-1,0.19,24444.753,24441.928,24442.75,24445.575,24566.880265625,11,signal_exit,7.611400000002323,-13.858600000003207,21.47000000000553,1.71,23.18000000000553,93903.50429687455,5,TREND_07_SHORT_P55
2025-10-17 02:15:00+00:00,2025-10-17 04:15:00+00:00,184.81799999999055,0.19681693604925665,184.81799999999055,6826,6834,-1,0.15,24648.25,24645.425,24580.544,24583.369000000002,24838.839375,8,signal_exit,203.11799999999494,186.16799999999057,16.950000000004366,1.3499999999999999,18.300000000004367,94088.32229687454,5,TREND_07_SHORT_P55
2025-10-17 06:30:00+00:00,2025-10-17 12:15:00+00:00,-145.3469999999994,-0.1544793194859928,-145.3469999999994,6843,6866,-1,0.15,24508.25,24505.425,24550.599,24553.424,24604.765625,23,signal_exit,-127.04699999999502,-143.9969999999994,16.950000000004366,1.3499999999999999,18.300000000004367,93942.97529687453,5,TREND_07_SHORT_P55
2025-10-22 13:45:00+00:00,2025-10-22 15:15:00+00:00,287.71199999999254,0.30626238852961335,287.71199999999254,7139,7145,-1,0.32,25101.947,25099.122,25050.892,25053.717,25163.22121875,6,signal_exit,326.7520000000019,290.59199999999254,36.16000000000935,2.88,39.04000000000935,94230.68729687452,5,TREND_07_SHORT_P55
2025-10-23 01:15:00+00:00,2025-10-23 02:15:00+00:00,-273.05600000000845,-0.28977396624492757,-273.05600000000845,7178,7182,-1,0.2,24849.283,24846.458,24911.447,24914.272,25010.186828125,4,signal_exit,-248.65600000000273,-271.2560000000085,22.600000000005764,1.8,24.400000000005765,93957.63129687452,5,TREND_07_SHORT_P55
2025-10-23 12:30:00+00:00,2025-10-23 14:30:00+00:00,-256.7131250000064,-0.2732222188412554,-256.7131250000064,7223,7231,-1,0.2,24864.029,24861.203999999998,24922.10728125,24924.93228125,24922.10728125,8,atr_stop,-232.3131250000006,-254.91312500000643,22.60000000000582,1.8,24.40000000000582,93700.91817187452,5,TREND_07_SHORT_P55
2025-10-30 19:15:00+00:00,2025-10-30 22:00:00+00:00,-403.6089375000081,-0.4307417102996503,-403.6089375000081,7695,7699,-1,0.12,25810.838,25808.013,25972.908390625,25975.733390625002,25972.908390625,4,atr_stop,-388.96893750000453,-402.52893750000806,13.560000000003527,1.08,14.640000000003527,93297.30923437452,5,TREND_07_SHORT_P55
2025-10-31 14:00:00+00:00,2025-10-31 14:45:00+00:00,-196.63292187501025,-0.21075947794061645,-196.63292187501025,7763,7766,-1,0.13,25966.37,25963.545,26035.898046875,26038.723046875002,26035.898046875,3,atr_stop,-180.77292187500643,-195.46292187501024,14.690000000003806,1.17,15.860000000003806,93100.6763124995,5,TREND_07_SHORT_P55
2025-11-04 04:45:00+00:00,2025-11-04 05:45:00+00:00,423.88920000000184,0.45530195567772835,423.88920000000184,7900,7904,-1,0.27,25780.381,25777.556,25695.783,25698.608,25854.152250000003,4,signal_exit,456.8292000000096,426.3192000000018,30.510000000007835,2.43,32.940000000007835,93524.56551249951,5,TREND_07_SHORT_P55
2025-11-04 14:00:00+00:00,2025-11-04 14:45:00+00:00,-502.23525000001183,-0.5370089101701182,-502.23525000001183,7937,7940,-1,0.24,25586.772,25583.947,25685.304343750002,25688.129343750003,25685.304343750002,3,atr_stop,-472.9552500000049,-500.07525000001186,27.12000000000694,2.16,29.28000000000694,93022.3302624995,5,TREND_07_SHORT_P55
2025-11-06 08:15:00+00:00,2025-11-06 09:15:00+00:00,-327.37890625001114,-0.3519358258669519,-327.37890625001114,8092,8096,-1,0.19,25530.447,25527.622,25610.49934375,25613.324343750002,25610.49934375,4,atr_stop,-304.19890625000556,-325.6689062500111,21.47000000000554,1.71,23.180000000005542,92694.9513562495,5,TREND_07_SHORT_P55
2025-11-07 00:30:00+00:00,2025-11-07 06:45:00+00:00,-41.748000000001035,-0.045038051575811505,-41.748000000001035,8150,8175,-1,0.15,25211.381,25208.556,25219.197,25222.022,25401.1106875,25,signal_exit,-23.447999999996682,-40.39800000000104,16.95000000000436,1.3499999999999999,18.30000000000436,92653.20335624949,5,TREND_07_SHORT_P55
2025-11-12 21:00:00+00:00,2025-11-12 23:15:00+00:00,312.67200000000076,0.3374648567710972,312.67200000000076,8499,8501,-1,0.24,25530.411,25527.586,25459.171,25461.996,25658.439125,2,signal_exit,341.9520000000077,314.83200000000073,27.12000000000694,2.16,29.28000000000694,92965.8753562495,5,TREND_07_SHORT_P55
2025-11-13 09:30:00+00:00,2025-11-13 10:30:00+00:00,-263.9165625000026,-0.283885416545224,-263.9165625000026,8542,8546,-1,0.18,25454.655,25451.829999999998,25521.865156249998,25524.69015625,25521.865156249998,4,atr_stop,-241.9565624999974,-262.2965625000026,20.340000000005205,1.6199999999999999,21.960000000005206,92701.9587937495,5,TREND_07_SHORT_P55
2025-11-14 00:30:00+00:00,2025-11-14 03:15:00+00:00,-14.887600000005625,-0.016059639077453277,-14.887600000005625,8595,8606,-1,0.14,25044.338,25041.513,25043.555,25046.38,25229.653390625,11,signal_exit,2.192399999998452,-13.627600000005623,15.820000000004075,1.2600000000000002,17.080000000004077,92687.07119374948,5,TREND_07_SHORT_P55
2025-11-14 05:30:00+00:00,2025-11-14 12:45:00+00:00,1062.7739999999962,1.1466259385609612,1062.7739999999962,8615,8644,-1,0.15,24962.772,24959.947,24602.414,24605.239,25070.177,29,signal_exit,1081.0740000000005,1064.1239999999962,16.950000000004366,1.3499999999999999,18.300000000004367,93749.84519374947,5,TREND_07_SHORT_P55
2025-11-18 02:15:00+00:00,2025-11-18 15:00:00+00:00,1121.3579999999934,1.1961171751084203,1121.3579999999934,8780,8831,-1,0.14,24843.066,24840.240999999998,24436.481,24439.306,24990.958421875,51,signal_exit,1138.4379999999976,1122.6179999999936,15.820000000004029,1.2600000000000002,17.08000000000403,94871.20319374946,5,TREND_07_SHORT_P55
2025-11-19 00:00:00+00:00,2025-11-19 03:00:00+00:00,-159.0862000000026,-0.16768649984875908,-159.0862000000026,8860,8872,-1,0.13,24509.566,24506.740999999998,24564.653,24567.478,24769.711078124998,12,signal_exit,-143.2261999999988,-157.9162000000026,14.690000000003778,1.17,15.860000000003778,94712.11699374946,5,TREND_07_SHORT_P55
2025-11-21 01:00:00+00:00,2025-11-21 02:45:00+00:00,-52.74400000000461,-0.055688756279711774,-52.74400000000461,9042,9049,-1,0.1,24108.903,24106.077999999998,24129.175,24132.0,24404.349640624998,7,signal_exit,-40.54400000000169,-51.844000000004606,11.300000000002917,0.9,12.200000000002918,94659.37299374945,5,TREND_07_SHORT_P55
2025-11-21 16:15:00+00:00,2025-11-21 16:30:00+00:00,-212.41800000000237,-0.22440250054691233,-212.41800000000237,9103,9104,-1,0.09,23989.636,23986.810999999998,24101.546,24104.371,24232.206625,1,signal_exit,-201.43799999999973,-211.60800000000236,10.17000000000263,0.8099999999999999,10.980000000002631,94446.95499374944,5,TREND_07_SHORT_P55
2025-12-01 05:30:00+00:00,2025-12-01 08:00:00+00:00,-619.0625000000188,-0.6554605175370541,-619.0625000000188,9527,9537,-1,0.32,25155.131,25152.306,25245.759515625003,25248.584515625003,25245.759515625003,10,atr_stop,-580.0225000000094,-616.1825000000186,36.16000000000929,2.88,39.04000000000929,93827.89249374943,5,TREND_07_SHORT_P55
2025-12-05 14:00:00+00:00,2025-12-05 14:15:00+00:00,-241.49503125001473,-0.25738085427646423,-241.49503125001473,9917,9918,-1,0.22,25573.816,25570.990999999998,25622.601234375,25625.426234375,25622.601234375,1,atr_stop,-214.65503125000836,-239.51503125001472,24.86000000000635,1.98,26.840000000006352,93586.39746249942,5,TREND_07_SHORT_P55
2025-12-09 09:45:00+00:00,2025-12-09 10:00:00+00:00,-33.646399999997236,-0.03595223335044982,-33.646399999997236,10078,10079,-1,0.34,25624.294,25621.469,25623.142,25625.967,25661.551109375003,1,signal_exit,7.833600000012668,-30.586399999997237,38.42000000000991,3.06,41.48000000000991,93552.75106249942,5,TREND_07_SHORT_P55
2025-12-11 02:15:00+00:00,2025-12-11 03:15:00+00:00,853.9695999999984,0.9128214726999213,853.9695999999984,10226,10230,-1,0.22,25609.0,25606.175,25408.816,25411.641,25727.683671875,4,signal_exit,880.8096000000048,855.9495999999984,24.86000000000638,1.98,26.84000000000638,94406.72066249941,5,TREND_07_SHORT_P55
2025-12-11 07:30:00+00:00,2025-12-11 09:45:00+00:00,-344.5804375000089,-0.3649956645903117,-344.5804375000089,10247,10256,-1,0.19,25494.272,25491.447,25578.8510625,25581.676062500002,25578.8510625,9,atr_stop,-321.4004375000033,-342.87043750000885,21.47000000000554,1.71,23.180000000005542,94062.14022499941,5,TREND_07_SHORT_P55
2025-12-12 10:30:00+00:00,2025-12-12 13:45:00+00:00,-11.657600000009408,-0.012393509197349844,-11.657600000009408,10348,10361,-1,0.16,25566.599,25563.773999999998,25564.142,25566.967,25615.719390624996,13,signal_exit,7.862399999995251,-10.217600000009407,18.08000000000466,1.44,19.52000000000466,94050.48262499941,5,TREND_07_SHORT_P55
2025-12-12 14:45:00+00:00,2025-12-12 15:15:00+00:00,350.4287999999965,0.37259649309534704,350.4287999999965,10365,10367,-1,0.16,25534.881,25532.056,25419.272,25422.097,25608.81334375,2,signal_exit,369.94880000000126,351.86879999999655,18.080000000004702,1.44,19.520000000004703,94400.9114249994,5,TREND_07_SHORT_P55
2025-12-14 23:45:00+00:00,2025-12-15 02:00:00+00:00,-311.02199999999897,-0.3294692766256848,-311.02199999999897,10394,10403,-1,0.18,25167.197,25164.372,25247.492,25250.317,25345.30965625,9,signal_exit,-289.0619999999937,-309.40199999999896,20.34000000000526,1.6199999999999999,21.960000000005262,94089.8894249994,5,TREND_07_SHORT_P55
2025-12-15 21:00:00+00:00,2025-12-16 01:45:00+00:00,723.9347999999924,0.7694076424407457,723.9347999999924,10479,10491,-1,0.18,25063.248,25060.423,24856.055,24858.88,25212.84753125,12,signal_exit,745.8947999999974,725.5547999999923,20.340000000005148,1.6199999999999999,21.96000000000515,94813.8242249994,5,TREND_07_SHORT_P55
2025-12-16 08:00:00+00:00,2025-12-16 09:00:00+00:00,-326.73893750000394,-0.34461107351247755,-326.73893750000394,10516,10520,-1,0.17,24859.925,24857.1,24949.9246875,24952.7496875,24949.9246875,4,atr_stop,-305.99893749999904,-325.20893750000397,19.210000000004925,1.53,20.740000000004926,94487.08528749939,5,TREND_07_SHORT_P55
2025-12-17 15:15:00+00:00,2025-12-17 15:45:00+00:00,534.1824000000046,0.5653496436837139,534.1824000000046,10634,10636,-1,0.16,25068.381,25065.556,24895.349,24898.174,25159.316078125,2,signal_exit,553.7024000000093,535.6224000000046,18.080000000004702,1.44,19.520000000004703,95021.26768749939,5,TREND_07_SHORT_P55
2025-12-17 20:30:00+00:00,2025-12-17 21:00:00+00:00,228.66119999998546,0.24064212735194565,228.66119999998546,10655,10657,-1,0.19,24719.263,24716.438,24652.989,24655.814000000002,24885.121671874997,2,signal_exit,251.84119999999095,230.37119999998544,21.470000000005513,1.71,23.180000000005514,95249.92888749938,5,TREND_07_SHORT_P55
2025-12-18 03:15:00+00:00,2025-12-18 05:30:00+00:00,-186.62039999999718,-0.19592707541064555,-186.62039999999718,10675,10684,-1,0.18,24690.544,24687.719,24736.283,24739.108,24803.506890625,9,signal_exit,-164.66039999999194,-185.00039999999717,20.340000000005233,1.6199999999999999,21.960000000005234,95063.30848749938,5,TREND_07_SHORT_P55
2025-12-29 12:30:00+00:00,2025-12-29 14:00:00+00:00,542.249600000011,0.5704089291940809,542.249600000011,11234,11240,-1,0.41000000000000003,25551.294,25548.469,25479.066,25481.891,25598.319000000003,6,signal_exit,592.2696000000229,545.9396000000111,46.330000000011864,3.6900000000000004,50.02000000001186,95605.55808749939,5,TREND_07_SHORT_P55
2025-12-30 14:00:00+00:00,2025-12-30 14:15:00+00:00,-70.83599999999859,-0.07409192667979472,-70.83599999999859,11329,11330,-1,0.3,25501.577,25498.752,25507.283,25510.108,25543.34965625,1,signal_exit,-34.23599999998987,-68.1359999999986,33.90000000000873,2.6999999999999997,36.600000000008734,95534.72208749938,5,TREND_07_SHORT_P55
2025-12-30 14:45:00+00:00,2025-12-30 14:45:00+00:00,-311.69578125000703,-0.3262643931329258,-311.69578125000703,11332,11332,-1,0.3,25478.381,25475.556,25524.230296875,25527.055296875,25524.230296875,0,atr_stop,-275.09578124999825,-308.995781250007,33.90000000000873,2.6999999999999997,36.600000000008734,95223.02630624936,5,TREND_07_SHORT_P55
2025-12-30 20:15:00+00:00,2025-12-31 01:15:00+00:00,514.3223999999983,0.540123980460222,514.3223999999983,11354,11367,-1,0.38,25482.329,25479.504,25408.555,25411.38,25555.4236875,13,signal_exit,560.6824000000096,517.7423999999984,42.940000000011196,3.42,46.3600000000112,95737.34870624935,5,TREND_07_SHORT_P55
2025-12-31 02:15:00+00:00,2025-12-31 04:45:00+00:00,-64.70880000001068,-0.06758992271506968,-64.70880000001068,11371,11381,-1,0.39,25411.903,25409.077999999998,25414.099,25416.924,25463.663390625,10,signal_exit,-17.128799999999323,-61.19880000001068,44.070000000011355,3.5100000000000002,47.58000000001135,95672.63990624933,5,TREND_07_SHORT_P55
2025-12-31 07:00:00+00:00,2025-12-31 12:15:00+00:00,-123.45840000003314,-0.1290425351709866,-123.45840000003314,11390,11411,-1,0.39,25389.208,25386.382999999998,25398.936,25401.761000000002,25427.5026875,21,signal_exit,-75.8784000000218,-119.94840000003315,44.07000000001135,3.5100000000000002,47.580000000011346,95549.1815062493,5,TREND_07_SHORT_P55
2026-01-05 11:30:00+00:00,2026-01-05 13:45:00+00:00,-27.795000000007423,-0.02779500000000742,-27.795000000007423,138,147,1,0.17,25367.283,25370.108,25365.208,25362.382999999998,25314.37425,9,signal_exit,-7.055000000002474,-26.265000000007422,19.210000000004946,1.53,20.740000000004947,99972.20499999999,6,TREND_06_LONG_T30
2026-01-05 14:30:00+00:00,2026-01-05 14:30:00+00:00,-247.93649999999948,-0.24800543311013248,-247.93649999999948,150,150,1,0.17,25460.925,25463.75,25394.1025,25391.2775,25394.1025,0,atr_stop,-227.19649999999461,-246.4064999999995,19.210000000004896,1.53,20.740000000004898,99724.26849999999,6,TREND_06_LONG_T30
2026-01-06 05:00:00+00:00,2026-01-06 08:00:00+00:00,-370.10810937502805,-0.37113143564951606,-370.10810937502805,201,213,1,0.37,25463.969,25466.794,25420.054390625,25417.229390624998,25420.054390625,12,atr_stop,-324.9681093750172,-366.778109375028,41.8100000000108,3.33,45.1400000000108,99354.16039062497,6,TREND_06_LONG_T30
2026-01-06 23:45:00+00:00,2026-01-07 01:15:00+00:00,45.374399999976745,0.045669350756506674,45.374399999976745,269,275,1,0.36,25636.381,25639.206000000002,25648.783,25645.958,25555.047875000004,6,signal_exit,89.2943999999872,48.61439999997674,40.680000000010466,3.2399999999999998,43.92000000001047,99399.53479062495,6,TREND_06_LONG_T30
2026-01-07 01:45:00+00:00,2026-01-07 04:30:00+00:00,-307.41840000002185,-0.309275491728978,-307.41840000002185,277,288,1,0.36,25635.772,25638.597,25599.175,25596.35,25578.477390625,11,signal_exit,-263.4984000000113,-304.17840000002184,40.68000000001052,3.2399999999999998,43.920000000010525,99092.11639062493,6,TREND_06_LONG_T30
2026-01-09 10:15:00+00:00,2026-01-09 10:45:00+00:00,-11.3650000000016,-0.011469126317981073,-11.3650000000016,489,491,1,0.25,25549.87,25552.695,25553.697,25550.872,25502.661015625,2,signal_exit,19.135000000005675,-9.1150000000016,28.250000000007276,2.25,30.500000000007276,99080.75139062492,6,TREND_06_LONG_T30
2026-01-09 11:45:00+00:00,2026-01-09 12:30:00+00:00,-256.77851562500655,-0.2591608481173701,-256.77851562500655,495,498,1,0.25,25592.664,25595.489,25547.408296875,25544.583296875,25547.408296875,3,atr_stop,-226.2785156249993,-254.52851562500655,28.250000000007248,2.25,30.500000000007248,98823.97287499992,6,TREND_06_LONG_T30
2026-01-09 21:00:00+00:00,2026-01-11 23:30:00+00:00,-176.26440000001952,-0.1783619853281674,-176.26440000001952,532,535,1,0.26,25760.505,25763.33,25732.708,25729.882999999998,25639.717421875,3,signal_exit,-144.54440000001196,-173.92440000001955,29.380000000007584,2.34,31.720000000007584,98647.7084749999,6,TREND_06_LONG_T30
2026-01-12 19:45:00+00:00,2026-01-12 23:00:00+00:00,-511.95285937501774,-0.5189708583091527,-511.95285937501774,616,622,1,0.29,25838.401,25841.226000000002,25756.233265625,25753.408265625,25756.233265625,6,atr_stop,-476.5728593750093,-509.3428593750177,32.77000000000845,2.61,35.38000000000845,98135.75561562489,6,TREND_06_LONG_T30
2026-01-15 07:00:00+00:00,2026-01-15 09:15:00+00:00,291.03599999998124,0.29656469059035123,291.03599999998124,832,841,1,0.2,25538.294,25541.119000000002,25617.153,25614.327999999998,25470.190093750003,9,signal_exit,315.43599999998696,292.8359999999812,22.600000000005764,1.8,24.400000000005765,98426.79161562488,6,TREND_06_LONG_T30
2026-01-15 10:45:00+00:00,2026-01-15 15:00:00+00:00,135.0799999999901,0.1372390563409837,135.0799999999901,847,864,1,0.2,25663.044,25665.869000000002,25702.914,25700.089,25592.117984375003,17,signal_exit,159.47999999999593,136.8799999999901,22.60000000000582,1.8,24.40000000000582,98561.87161562488,6,TREND_06_LONG_T30
2026-01-15 15:30:00+00:00,2026-01-15 17:30:00+00:00,53.127999999999886,0.05390319717871263,53.127999999999886,866,874,1,0.2,25697.339,25700.164,25716.721,25713.896,25611.804234375002,8,signal_exit,77.52800000000572,54.927999999999884,22.600000000005835,1.8,24.400000000005836,98614.9996156249,6,TREND_06_LONG_T30
2026-01-16 02:15:00+00:00,2026-01-16 05:15:00+00:00,93.7599999999907,0.09507681424270374,93.7599999999907,902,914,1,0.32,25632.088,25634.913,25652.838,25650.013,25555.619796875,12,signal_exit,132.80000000000004,96.63999999999069,36.16000000000935,2.88,39.04000000000935,98708.75961562489,6,TREND_06_LONG_T30
2026-01-16 06:00:00+00:00,2026-01-16 12:15:00+00:00,145.40459999999845,0.14730668338474587,145.40459999999845,917,942,1,0.33,25653.588,25656.413,25681.719,25678.894,25610.486046875,25,signal_exit,185.6646000000081,148.37459999999848,37.29000000000963,2.97,40.260000000009626,98854.16421562489,6,TREND_06_LONG_T30
2026-01-21 06:30:00+00:00,2026-01-21 07:00:00+00:00,-140.82719999999625,-0.14245955253115894,-140.82719999999625,1173,1175,1,0.24,25076.747,25079.572,25053.508,25050.683,25017.742859374997,2,signal_exit,-111.54719999998925,-138.66719999999623,27.120000000006982,2.16,29.280000000006982,98713.33701562489,6,TREND_06_LONG_T30
2026-01-22 02:45:00+00:00,2026-01-22 05:30:00+00:00,-15.181400000007418,-0.015379279496553162,-15.181400000007418,1247,1258,1,0.13,25424.32,25427.145,25424.581,25421.755999999998,25280.001796875,11,signal_exit,0.6785999999963679,-14.011400000007418,14.690000000003787,1.17,15.860000000003787,98698.15561562487,6,TREND_06_LONG_T30
2026-01-22 09:00:00+00:00,2026-01-22 14:30:00+00:00,-184.72207812500307,-0.1871585917414649,-184.72207812500307,1272,1294,1,0.13,25541.222,25544.047000000002,25476.275046875002,25473.450046875,25476.275046875002,22,atr_stop,-168.86207812499927,-183.55207812500305,14.690000000003778,1.17,15.860000000003778,98513.43353749986,6,TREND_06_LONG_T30
2026-01-23 06:30:00+00:00,2026-01-23 08:00:00+00:00,-297.4290312500182,-0.30191723155888145,-297.4290312500182,1351,1357,1,0.26,25586.966,25589.791,25535.868109375,25533.043109374998,25535.868109375,6,atr_stop,-265.7090312500106,-295.0890312500182,29.380000000007612,2.34,31.720000000007612,98216.00450624984,6,TREND_06_LONG_T30
2026-01-26 07:30:00+00:00,2026-01-26 09:30:00+00:00,-47.340400000006184,-0.048200291019773404,-47.340400000006184,1444,1452,1,0.19,25563.827,25566.652000000002,25557.469,25554.644,25485.635203125003,8,signal_exit,-24.160400000000664,-45.63040000000619,21.470000000005527,1.71,23.180000000005528,98168.66410624984,6,TREND_06_LONG_T30
2026-01-26 18:30:00+00:00,2026-01-27 01:15:00+00:00,3.5491999999931427,0.003615410306645077,3.5491999999931427,1488,1508,1,0.19,25773.119,25775.944,25780.153,25777.327999999998,25689.215328125,20,signal_exit,26.72919999999867,5.259199999993143,21.470000000005527,1.71,23.180000000005528,98172.21330624983,6,TREND_06_LONG_T30
2026-01-27 03:00:00+00:00,2026-01-27 10:45:00+00:00,116.99159999999655,0.11916976918411662,116.99159999999655,1515,1546,1,0.33,25841.599,25844.424,25865.425,25862.6,25789.94915625,31,signal_exit,157.25160000000616,119.96159999999655,37.29000000000961,2.97,40.26000000000961,98289.20490624983,6,TREND_06_LONG_T30
2026-01-28 04:00:00+00:00,2026-01-28 06:15:00+00:00,713.8799999999895,0.7263056005803509,713.8799999999895,1608,1617,1,0.36,26070.529,26073.354,26175.779,26172.953999999998,26023.713296874997,9,signal_exit,757.8000000000001,717.1199999999895,40.68000000001052,3.2399999999999998,43.920000000010525,99003.08490624982,6,TREND_06_LONG_T30
2026-01-28 10:45:00+00:00,2026-01-28 12:30:00+00:00,-240.22680000000219,-0.24264577232869364,-240.22680000000219,1635,1642,1,0.33,26178.447,26181.272,26148.149,26145.324,26124.970671875002,7,signal_exit,-199.9667999999925,-237.25680000000216,37.290000000009655,2.97,40.260000000009654,98762.85810624981,6,TREND_06_LONG_T30
2026-01-29 07:00:00+00:00,2026-01-29 10:00:00+00:00,-236.82560000000828,-0.2397921693854075,-236.82560000000828,1709,1721,1,0.29,26118.181,26121.006,26083.449,26080.624,26034.11521875,12,signal_exit,-201.4455999999998,-234.21560000000827,32.77000000000845,2.61,35.38000000000845,98526.03250624982,6,TREND_06_LONG_T30
2026-02-02 19:30:00+00:00,2026-02-03 01:30:00+00:00,129.15759999999108,0.1310898213543697,129.15759999999108,1937,1954,1,0.13,25807.023,25809.848,25862.799,25859.974,25691.333078125,17,signal_exit,145.01759999999487,130.3275999999911,14.690000000003778,1.17,15.860000000003778,98655.19010624981,6,TREND_06_LONG_T30
2026-02-03 02:00:00+00:00,2026-02-03 02:15:00+00:00,-129.04960000000196,-0.1308087287257953,-129.04960000000196,1956,1957,1,0.16,25848.375,25851.2,25814.147,25811.322,25761.4321875,1,signal_exit,-109.52959999999732,-127.60960000000196,18.080000000004645,1.44,19.520000000004647,98526.14050624981,6,TREND_06_LONG_T30
2026-02-03 06:00:00+00:00,2026-02-03 07:45:00+00:00,64.58859999998661,0.0655547854286341,64.58859999998661,1972,1979,1,0.19,25876.864,25879.689000000002,25899.961,25897.136,25803.76509375,7,signal_exit,87.76859999999215,66.29859999998662,21.470000000005527,1.71,23.180000000005528,98590.7291062498,6,TREND_06_LONG_T30
2026-02-04 05:00:00+00:00,2026-02-04 06:45:00+00:00,124.05579999999348,0.12582907249453482,124.05579999999348,2057,2064,1,0.17,25330.038,25332.863,25372.625,25369.8,25223.16253125,7,signal_exit,144.79579999999842,125.58579999999348,19.21000000000494,1.53,20.74000000000494,98714.78490624978,6,TREND_06_LONG_T30
2026-02-04 08:00:00+00:00,2026-02-04 08:15:00+00:00,-260.90989062500347,-0.2643068015321025,-260.90989062500347,2069,2070,1,0.17,25396.744,25399.569,25326.105796875,25323.280796875,25326.105796875,1,atr_stop,-240.16989062499854,-259.3798906250035,19.210000000004953,1.53,20.740000000004954,98453.87501562478,6,TREND_06_LONG_T30
2026-02-06 20:00:00+00:00,2026-02-08 23:15:00+00:00,415.4687999999953,0.42199334453220844,415.4687999999953,2295,2301,1,0.12,24979.985,24982.81,25159.197,25156.372,24811.501796875,6,signal_exit,430.10879999999884,416.54879999999537,13.56000000000347,1.08,14.64000000000347,98869.34381562479,6,TREND_06_LONG_T30
2026-02-08 23:45:00+00:00,2026-02-09 05:15:00+00:00,-202.41360000000685,-0.20472837402205807,-202.41360000000685,2303,2325,1,0.12,25187.631,25190.456000000002,25109.392,25106.567,25015.819437500002,22,signal_exit,-187.77360000000337,-201.33360000000687,13.560000000003498,1.08,14.640000000003498,98666.93021562479,6,TREND_06_LONG_T30
2026-02-09 05:45:00+00:00,2026-02-09 06:15:00+00:00,-31.442999999997124,-0.03186782028313053,-31.442999999997124,2327,2329,1,0.15,25112.403,25115.228,25108.022,25105.197,25013.55175,2,signal_exit,-13.142999999992751,-30.092999999997122,16.950000000004373,1.3499999999999999,18.300000000004374,98635.48721562479,6,TREND_06_LONG_T30
2026-02-09 20:15:00+00:00,2026-02-10 01:45:00+00:00,-267.4820000000089,-0.27118231738975707,-267.4820000000089,2385,2400,1,0.19,25312.069,25314.894,25247.779,25244.953999999998,25189.960875,15,signal_exit,-244.30200000000335,-265.77200000000886,21.470000000005513,1.71,23.180000000005514,98368.00521562478,6,TREND_06_LONG_T30
2026-02-16 09:15:00+00:00,2026-02-16 11:00:00+00:00,-235.13273437500305,-0.23903375275282557,-235.13273437500305,2786,2793,1,0.21,24828.631,24831.456000000002,24778.747015625002,24775.922015625,24778.747015625002,7,atr_stop,-209.51273437499694,-233.24273437500307,23.73000000000613,1.89,25.62000000000613,98132.87248124977,6,TREND_06_LONG_T30
2026-02-18 01:15:00+00:00,2026-02-18 02:00:00+00:00,57.72759999999748,0.05882595560527129,57.72759999999748,2919,2922,1,0.14,24652.534,24655.359,24679.251,24676.426,24491.726890625,3,signal_exit,74.80760000000156,58.987599999997485,15.820000000004072,1.2600000000000002,17.080000000004073,98190.60008124977,6,TREND_06_LONG_T30
2026-02-18 07:45:00+00:00,2026-02-18 12:45:00+00:00,107.27919999999783,0.10925607941211027,107.27919999999783,2945,2965,1,0.14,24775.023,24777.848,24819.437,24816.612,24717.714484375003,20,signal_exit,124.3592000000019,108.53919999999782,15.820000000004086,1.2600000000000002,17.080000000004087,98297.87928124976,6,TREND_06_LONG_T30
2026-02-19 06:15:00+00:00,2026-02-19 06:45:00+00:00,11.440199999991165,0.011638297879508146,11.440199999991165,3028,3030,1,0.23,24928.827,24931.652000000002,24937.414,24934.589,24859.320671875,2,signal_exit,39.50019999999786,13.510199999991165,25.990000000006695,2.0700000000000003,28.060000000006696,98309.31948124974,6,TREND_06_LONG_T30
2026-02-19 08:45:00+00:00,2026-02-19 08:45:00+00:00,-289.33712500001747,-0.294313017857073,-289.33712500001747,3038,3038,1,0.23,24943.338,24946.163,24886.538624999997,24883.713624999997,24886.538624999997,0,atr_stop,-261.2771250000107,-287.2671250000174,25.990000000006717,2.0700000000000003,28.060000000006717,98019.98235624972,6,TREND_06_LONG_T30
2026-02-20 04:45:00+00:00,2026-02-20 08:15:00+00:00,19.627999999989406,0.02002448840344841,19.627999999989406,3111,3125,1,0.28,24844.544,24847.369000000002,24854.149,24851.324,24773.33571875,14,signal_exit,53.78799999999756,22.14799999998941,31.64000000000815,2.5200000000000005,34.160000000008154,98039.61035624972,6,TREND_06_LONG_T30
2026-02-23 09:45:00+00:00,2026-02-23 11:45:00+00:00,-201.02031250000815,-0.20503989333449418,-201.02031250000815,3220,3228,1,0.14,24938.87,24941.695,24873.177031249998,24870.352031249997,24873.177031249998,8,atr_stop,-183.9403125000041,-199.76031250000815,15.820000000004057,1.2600000000000002,17.08000000000406,97838.5900437497,6,TREND_06_LONG_T30
2026-02-24 02:00:00+00:00,2026-02-24 07:45:00+00:00,29.567999999992317,0.030221204114624544,29.567999999992317,3278,3301,1,0.22,24771.149,24773.974000000002,24783.969,24781.144,24670.308140625002,23,signal_exit,56.407999999998715,31.547999999992314,24.8600000000064,1.98,26.840000000006402,97868.15804374969,6,TREND_06_LONG_T30
2026-02-24 23:15:00+00:00,2026-02-25 03:15:00+00:00,246.19199999998867,0.25155474969696917,246.19199999998867,3356,3372,1,0.23,24968.622,24971.447,25028.242,25025.416999999998,24840.517859375,16,signal_exit,274.2519999999953,248.26199999998866,25.99000000000663,2.0700000000000003,28.06000000000663,98114.35004374967,6,TREND_06_LONG_T30
2026-02-25 12:15:00+00:00,2026-02-25 14:45:00+00:00,705.7411999999806,0.719304770082345,705.7411999999806,3408,3418,1,0.23,25061.133,25063.958000000002,25220.655,25217.829999999998,25011.050265625,10,signal_exit,733.8011999999871,707.8111999999805,25.990000000006603,2.0700000000000003,28.060000000006603,98820.09124374964,6,TREND_06_LONG_T30
2026-02-25 19:45:00+00:00,2026-02-25 23:30:00+00:00,-532.3345000000161,-0.5386905570517636,-532.3345000000161,3438,3446,1,0.32,25316.003,25318.828,25238.925734375,25236.100734375,25238.925734375,8,atr_stop,-493.29450000000656,-529.454500000016,36.160000000009404,2.88,39.04000000000941,98287.75674374963,6,TREND_06_LONG_T30
2026-02-26 09:45:00+00:00,2026-02-26 11:00:00+00:00,-241.58740000000773,-0.24579602587722188,-241.58740000000773,3487,3492,1,0.29,25346.261,25349.086,25310.708,25307.882999999998,25299.04709375,5,signal_exit,-206.20739999999932,-238.97740000000772,32.770000000008395,2.61,35.380000000008394,98046.16934374963,6,TREND_06_LONG_T30
2026-02-27 09:15:00+00:00,2026-02-27 09:45:00+00:00,-224.35599999999692,-0.22882688992509775,-224.35599999999692,3574,3576,1,0.2,25038.742,25041.567,24988.753,24985.928,24979.673953125,2,signal_exit,-199.95599999999104,-222.5559999999969,22.600000000005878,1.8,24.40000000000588,97821.81334374964,6,TREND_06_LONG_T30
2026-03-02 23:30:00+00:00,2026-03-03 00:30:00+00:00,-65.22479999999749,-0.06667715284605798,-65.22479999999749,3713,3717,1,0.12,24925.599,24928.424,24904.522,24901.697,24746.882203125,4,signal_exit,-50.58479999999399,-64.14479999999747,13.560000000003484,1.08,14.640000000003484,97756.58854374965,6,TREND_06_LONG_T30
2026-03-04 20:00:00+00:00,2026-03-05 01:15:00+00:00,7.887599999989324,0.008068612169766272,7.887599999989324,3884,3898,1,0.14,25154.112,25156.937,25163.029,25160.203999999998,24995.934187500003,14,signal_exit,24.967599999993404,9.147599999989325,15.820000000004079,1.2600000000000002,17.08000000000408,97764.47614374963,6,TREND_06_LONG_T30
2026-03-06 02:15:00+00:00,2026-03-06 02:45:00+00:00,-43.01960000000356,-0.044003304366658676,-43.01960000000356,3991,3993,1,0.13,25073.169,25075.994000000002,25062.723,25059.898,24920.80790625,2,signal_exit,-27.159599999999774,-41.849600000003555,14.690000000003781,1.17,15.860000000003781,97721.45654374962,6,TREND_06_LONG_T30
2026-03-09 09:00:00+00:00,2026-03-09 13:45:00+00:00,128.51799999999787,0.13151461771597797,128.51799999999787,4111,4130,1,0.1,24286.577,24289.402000000002,24356.936,24354.111,24154.564109375002,19,signal_exit,140.71800000000076,129.41799999999785,11.30000000000291,0.9,12.20000000000291,97849.97454374962,6,TREND_06_LONG_T30
2026-03-09 19:00:00+00:00,2026-03-09 19:30:00+00:00,582.0379999999947,0.5948269304247598,582.0379999999947,4151,4153,1,0.1,24625.52,24628.345,24922.639,24919.814,24454.909453125,2,signal_exit,594.2379999999976,582.9379999999948,11.300000000002797,0.9,12.200000000002797,98432.01254374962,6,TREND_06_LONG_T30
2026-03-10 01:45:00+00:00,2026-03-10 05:15:00+00:00,-39.06240000000137,-0.03968465033937967,-39.06240000000137,4171,4185,1,0.13,24921.049,24923.874,24912.125,24909.3,24756.366578125,14,signal_exit,-23.20239999999758,-37.892400000001366,14.690000000003785,1.17,15.860000000003785,98392.95014374961,6,TREND_06_LONG_T30
2026-03-10 08:00:00+00:00,2026-03-10 11:15:00+00:00,-183.1362000000026,-0.1861273594626904,-183.1362000000026,4196,4209,1,0.13,25045.853,25048.678,24981.516,24978.691,24943.80925,13,signal_exit,-167.2761999999988,-181.96620000000257,14.690000000003778,1.17,15.860000000003778,98209.8139437496,6,TREND_06_LONG_T30
2026-03-12 08:30:00+00:00,2026-03-12 09:15:00+00:00,-86.00540000001727,-0.08757312181578665,-86.00540000001727,4376,4379,1,0.19,24835.686,24838.511000000002,24819.153,24816.327999999998,24756.671937500003,3,signal_exit,-62.82540000001173,-84.29540000001727,21.470000000005534,1.71,23.180000000005535,98123.80854374959,6,TREND_06_LONG_T30
2026-03-12 10:45:00+00:00,2026-03-12 12:00:00+00:00,-147.13600000001549,-0.1499493366428121,-147.13600000001549,4385,4390,1,0.19,24869.631,24872.456000000002,24837.011,24834.185999999998,24789.635687500002,5,signal_exit,-123.95600000000995,-145.4260000000155,21.470000000005555,1.71,23.180000000005556,97976.67254374958,6,TREND_06_LONG_T30
2026-03-16 05:45:00+00:00,2026-03-16 08:15:00+00:00,-40.477000000005944,-0.04131289515055916,-40.477000000005944,4534,4544,1,0.17,24522.566,24525.391,24516.761,24513.935999999998,24435.907171875,10,signal_exit,-19.737000000000993,-38.94700000000594,19.21000000000495,1.53,20.74000000000495,97936.19554374958,6,TREND_06_LONG_T30
2026-03-16 13:15:00+00:00,2026-03-16 14:00:00+00:00,251.7563999999973,0.25706164978354085,251.7563999999973,4564,4567,1,0.17,24642.003,24644.828,24722.149,24719.324,24555.207609375,3,signal_exit,272.4964000000022,253.2863999999973,19.210000000004925,1.53,20.740000000004926,98187.95194374958,6,TREND_06_LONG_T30
2026-03-17 19:45:00+00:00,2026-03-17 22:30:00+00:00,16.00039999999077,0.016295685655157734,16.00039999999077,4679,4683,1,0.26,24767.987,24770.812,24777.164,24774.339,24656.155515625,4,signal_exit,47.720399999998335,18.34039999999077,29.380000000007566,2.34,31.720000000007566,98203.95234374957,6,TREND_06_LONG_T30
2026-03-18 01:45:00+00:00,2026-03-18 11:00:00+00:00,317.37679999998306,0.32318128998418394,317.37679999998306,4696,4733,1,0.26,24864.649,24867.474000000002,24931.783,24928.958,24797.400250000002,37,signal_exit,349.09679999999065,319.7167999999831,29.380000000007556,2.34,31.720000000007555,98521.32914374955,6,TREND_06_LONG_T30
2026-03-23 18:30:00+00:00,2026-03-23 19:30:00+00:00,31.141599999999308,0.03160899296695594,31.141599999999308,5030,5034,1,0.07,24228.71,24231.535,24257.054,24254.229,23935.449765625,4,signal_exit,39.681600000001346,31.77159999999931,7.910000000002036,0.6300000000000001,8.540000000002037,98552.47074374955,6,TREND_06_LONG_T30
2026-03-25 12:00:00+00:00,2026-03-25 12:15:00+00:00,74.55999999998836,0.07565513014265769,74.55999999998836,5182,5183,1,0.16,24284.631,24287.456000000002,24314.031,24311.206,24185.19271875,1,signal_exit,94.079999999993,75.99999999998836,18.080000000004645,1.44,19.520000000004647,98627.03074374954,6,TREND_06_LONG_T30
2026-03-31 23:45:00+00:00,2026-04-01 09:00:00+00:00,262.07519999999374,0.26572350198893385,262.07519999999374,5570,5607,1,0.12,23782.429,23785.254,23897.727,23894.902,23579.27165625,37,signal_exit,276.71519999999725,263.1551999999938,13.56000000000347,1.08,14.64000000000347,98889.10594374954,6,TREND_06_LONG_T30
2026-04-01 12:30:00+00:00,2026-04-01 13:45:00+00:00,-91.00000000000814,-0.09202226992705455,-91.00000000000814,5621,5626,1,0.14,23970.705,23973.530000000002,23944.305,23941.48,23878.595,5,signal_exit,-73.92000000000408,-89.74000000000815,15.820000000004072,1.2600000000000002,17.080000000004073,98798.10594374953,6,TREND_06_LONG_T30
2026-04-01 17:15:00+00:00,2026-04-01 19:00:00+00:00,-120.46800000000584,-0.12193351162885048,-120.46800000000584,5640,5647,1,0.15,24115.806,24118.631,24081.75,24078.925,23987.098578125,7,signal_exit,-102.16800000000148,-119.11800000000585,16.950000000004366,1.3499999999999999,18.300000000004367,98677.63794374952,6,TREND_06_LONG_T30
2026-04-02 20:15:00+00:00,2026-04-05 23:15:00+00:00,-366.94580000000235,-0.3718631775612396,-366.94580000000235,5741,5746,1,0.13,23987.153,23989.978,23852.12,23849.295,23799.304796875,5,signal_exit,-351.0857999999985,-365.7758000000024,14.690000000003863,1.17,15.860000000003863,98310.6921437495,6,TREND_06_LONG_T30
2026-04-06 07:30:00+00:00,2026-04-06 11:15:00+00:00,283.6127999999985,0.28848622038516525,283.6127999999985,5779,5794,1,0.12,24053.642,24056.467,24177.914,24175.089,23956.075828125002,15,signal_exit,298.252800000002,284.69279999999856,13.56000000000347,1.08,14.64000000000347,98594.3049437495,6,TREND_06_LONG_T30
2026-04-08 04:30:00+00:00,2026-04-08 13:30:00+00:00,206.64479999999926,0.20959101047255743,206.64479999999926,5945,5981,1,0.12,24927.127,24929.952,25019.329,25016.504,24744.157390625,36,signal_exit,221.28480000000272,207.72479999999925,13.56000000000347,1.08,14.64000000000347,98800.94974374952,6,TREND_06_LONG_T30
2026-04-10 01:15:00+00:00,2026-04-10 03:15:00+00:00,302.2319999999903,0.30589989345634866,302.2319999999903,6110,6118,1,0.28,25047.789,25050.614,25107.859,25105.034,24943.664625,8,signal_exit,336.3919999999984,304.7519999999903,31.640000000008115,2.5200000000000005,34.16000000000812,99103.1817437495,6,TREND_06_LONG_T30
2026-04-10 05:15:00+00:00,2026-04-10 06:15:00+00:00,-42.49840000001598,-0.04288298241513964,-42.49840000001598,6126,6130,1,0.28,25113.63,25116.455,25112.141,25109.316,25055.693125,4,signal_exit,-8.338400000007825,-39.97840000001598,31.640000000008158,2.5200000000000005,34.16000000000816,99060.6833437495,6,TREND_06_LONG_T30
2026-04-10 14:45:00+00:00,2026-04-10 16:45:00+00:00,-155.03400000001434,-0.1565040687858294,-155.03400000001434,6164,6172,1,0.29,25159.054,25161.879,25138.424,25135.599,25092.683609375,8,signal_exit,-119.6540000000059,-152.42400000001433,32.77000000000844,2.61,35.38000000000844,98905.64934374948,6,TREND_06_LONG_T30
2026-04-13 14:15:00+00:00,2026-04-13 15:00:00+00:00,415.27259999999984,0.4198674218868002,415.27259999999984,6251,6254,1,0.17,25014.403,25017.228,25142.642,25139.817,24955.190578125,3,signal_exit,436.0126000000048,416.8025999999998,19.21000000000498,1.53,20.740000000004983,99320.92194374948,6,TREND_06_LONG_T30
2026-04-13 19:15:00+00:00,2026-04-13 21:00:00+00:00,347.61900000000094,0.3499957442973349,347.61900000000094,6271,6278,1,0.15,25252.456,25255.281,25374.429,25371.604,25145.739749999997,7,signal_exit,365.91900000000527,348.96900000000096,16.95000000000431,1.3499999999999999,18.30000000000431,99668.54094374947,6,TREND_06_LONG_T30
2026-04-13 23:15:00+00:00,2026-04-14 01:00:00+00:00,-15.851999999996771,-0.015904717626942344,-15.851999999996771,6280,6287,1,0.15,25424.403,25427.228,25425.219,25422.394,25312.632843749998,7,signal_exit,2.448000000007596,-14.50199999999677,16.950000000004366,1.3499999999999999,18.300000000004367,99652.68894374947,6,TREND_06_LONG_T30
2026-04-14 03:00:00+00:00,2026-04-14 07:00:00+00:00,-71.8524000000184,-0.07210282106946118,-71.8524000000184,6295,6311,1,0.27,25420.794,25423.619000000002,25413.588,25410.763,25347.993140625,16,signal_exit,-38.912400000010535,-69.4224000000184,30.510000000007864,2.43,32.94000000000786,99580.83654374945,6,TREND_06_LONG_T30
2026-04-14 09:30:00+00:00,2026-04-14 11:45:00+00:00,-142.20639999999722,-0.14280498631633892,-142.20639999999722,6321,6330,1,0.28,25484.099,25486.924,25464.805,25461.98,25443.9665,9,signal_exit,-108.04639999998908,-139.68639999999723,31.640000000008158,2.5200000000000005,34.16000000000816,99438.63014374945,6,TREND_06_LONG_T30
2026-04-14 12:45:00+00:00,2026-04-14 14:45:00+00:00,493.94799999999356,0.49673652913956823,493.94799999999356,6334,6342,1,0.28,25492.772,25495.597,25587.077,25584.252,25449.266296875,8,signal_exit,528.1080000000017,496.46799999999354,31.640000000008115,2.5200000000000005,34.16000000000812,99932.57814374946,6,TREND_06_LONG_T30
2026-04-15 02:45:00+00:00,2026-04-15 04:15:00+00:00,-284.5051999999946,-0.2846971481019373,-284.5051999999946,6383,6389,1,0.34,25871.975,25874.8,25836.236,25833.411,25808.88890625,6,signal_exit,-243.0251999999848,-281.44519999999466,38.42000000000985,3.06,41.48000000000985,99648.07294374946,6,TREND_06_LONG_T30
2026-04-15 05:30:00+00:00,2026-04-15 06:15:00+00:00,-136.60519999999468,-0.1370876485259351,-136.60519999999468,6394,6397,1,0.34,25861.138,25863.963,25847.149,25844.324,25812.752921875,3,signal_exit,-95.12519999998476,-133.54519999999468,38.42000000000992,3.06,41.48000000000992,99511.46774374947,6,TREND_06_LONG_T30
2026-04-16 03:00:00+00:00,2026-04-16 09:15:00+00:00,-115.04720000002109,-0.11561200192150466,-115.04720000002109,6473,6498,1,0.31,26279.914,26282.739,26267.458,26264.632999999998,26201.83009375,25,signal_exit,-77.22720000001209,-112.2572000000211,35.03000000000901,2.79,37.82000000000901,99396.42054374944,6,TREND_06_LONG_T30
2026-04-17 05:30:00+00:00,2026-04-17 05:45:00+00:00,-72.44160000000443,-0.07288149774781798,-72.44160000000443,6572,6573,1,0.28,26321.533,26324.358,26314.697,26311.872,26273.970578125,1,signal_exit,-38.28159999999626,-69.92160000000442,31.640000000008158,2.5200000000000005,34.16000000000816,99323.97894374943,6,TREND_06_LONG_T30
2026-04-17 11:15:00+00:00,2026-04-17 14:00:00+00:00,1047.6087999999856,1.0547390581213851,1047.6087999999856,6595,6606,1,0.28,26390.719,26393.544,26583.892,26581.067,26350.311578125,11,signal_exit,1081.7687999999937,1050.1287999999856,31.640000000008058,2.5200000000000005,34.16000000000806,100371.58774374942,6,TREND_06_LONG_T30
2026-04-20 03:30:00+00:00,2026-04-20 04:15:00+00:00,-47.753000000003965,-0.04757621262494949,-47.753000000003965,6653,6656,1,0.17,26539.892,26542.717,26531.947,26529.122,26431.8798125,3,signal_exit,-27.012999999999014,-46.223000000003964,19.21000000000495,1.53,20.74000000000495,100323.83474374942,6,TREND_06_LONG_T30
2026-04-21 03:30:00+00:00,2026-04-21 08:00:00+00:00,112.03199999999633,0.11167037253525278,112.03199999999633,6742,6760,1,0.3,26667.153,26669.978,26691.925,26689.1,26611.134640624998,18,signal_exit,148.63200000000506,114.73199999999632,33.900000000008745,2.6999999999999997,36.60000000000875,100435.86674374942,6,TREND_06_LONG_T30
2026-04-21 13:00:00+00:00,2026-04-21 13:15:00+00:00,-133.09440000000876,-0.13251680332443774,-133.09440000000876,6780,6781,1,0.32,26716.577,26719.402000000002,26701.881,26699.056,26669.028796875,1,signal_exit,-94.05439999999943,-130.21440000000877,36.16000000000933,2.88,39.040000000009336,100302.7723437494,6,TREND_06_LONG_T30
2026-04-22 04:15:00+00:00,2026-04-22 04:30:00+00:00,-8.146800000006914,-0.008122208199875944,-8.146800000006914,6834,6835,1,0.18,26657.107,26659.932,26660.944,26658.119,26551.925515625,1,signal_exit,13.813199999998323,-6.526800000006914,20.340000000005237,1.6199999999999999,21.960000000005238,100294.6255437494,6,TREND_06_LONG_T30
2026-04-22 19:30:00+00:00,2026-04-23 01:15:00+00:00,-218.9375999999934,-0.21829444879326154,-218.9375999999934,6895,6911,1,0.18,26846.402,26849.227,26791.686,26788.861,26748.457390625,16,signal_exit,-196.97759999998817,-217.3175999999934,20.340000000005233,1.6199999999999999,21.960000000005234,100075.6879437494,6,TREND_06_LONG_T30
2026-04-23 09:00:00+00:00,2026-04-23 09:15:00+00:00,-131.6700000000061,-0.13157041705675332,-131.6700000000061,6942,6943,1,0.21,26849.399,26852.224000000002,26824.149,26821.324,26757.4211875,1,signal_exit,-106.05,-129.7800000000061,23.730000000006115,1.89,25.620000000006115,99944.0179437494,6,TREND_06_LONG_T30
2026-04-24 04:45:00+00:00,2026-04-24 07:30:00+00:00,121.32219999999319,0.12139015670580293,121.32219999999319,7014,7025,1,0.17,26888.186,26891.011000000002,26929.969,26927.144,26795.2438125,11,signal_exit,142.06219999999814,122.85219999999319,19.210000000004953,1.53,20.740000000004954,100065.34014374939,6,TREND_06_LONG_T30
2026-04-24 17:30:00+00:00,2026-04-26 23:00:00+00:00,-10.780800000005403,-0.010773760409466641,-10.780800000005403,7065,7080,1,0.16,27258.0,27260.825,27260.731,27257.906,27125.1609375,15,signal_exit,8.739199999999256,-9.340800000005402,18.08000000000466,1.44,19.52000000000466,100054.55934374938,6,TREND_06_LONG_T30
2026-04-27 00:45:00+00:00,2026-04-27 03:00:00+00:00,709.0209999999793,0.7086343737360864,709.0209999999793,7087,7096,1,0.23,27241.544,27244.369000000002,27401.779,27398.953999999998,27139.334468750003,9,signal_exit,737.080999999986,711.0909999999792,25.99000000000683,2.0700000000000003,28.06000000000683,100763.58034374936,6,TREND_06_LONG_T30
2026-04-27 03:30:00+00:00,2026-04-27 06:15:00+00:00,-230.40959999999848,-0.22866356992672243,-230.40959999999848,7098,7109,1,0.24,27385.316,27388.141,27343.414,27340.589,27308.1688125,11,signal_exit,-201.12959999999148,-228.24959999999845,27.120000000006968,2.16,29.280000000006968,100533.17074374936,6,TREND_06_LONG_T30
2026-04-27 07:30:00+00:00,2026-04-27 09:00:00+00:00,-305.40937500001394,-0.30378965742409225,-305.40937500001394,7114,7120,1,0.24,27315.447,27318.272,27257.920046875,27255.095046874998,27257.920046875,6,atr_stop,-276.129375000007,-303.24937500001397,27.120000000006996,2.16,29.280000000006996,100227.76136874934,6,TREND_06_LONG_T30
2026-04-29 01:45:00+00:00,2026-04-29 02:00:00+00:00,-463.87382812501164,-0.46281970363317504,-463.87382812501164,7269,7270,1,0.25,27146.922,27149.747,27060.247234374998,27057.422234374997,27060.247234374998,1,atr_stop,-433.37382812500437,-461.62382812501164,28.250000000007276,2.25,30.500000000007276,99763.88754062433,6,TREND_06_LONG_T30
2026-04-29 02:45:00+00:00,2026-04-29 08:00:00+00:00,-2.7216000000096394,-0.002728041245286668,-2.7216000000096394,7273,7294,1,0.24,27127.075,27129.9,27132.608,27129.783,27046.463203125,21,signal_exit,26.558399999997345,-0.5616000000096392,27.120000000006986,2.16,29.280000000006986,99761.16594062433,6,TREND_06_LONG_T30
2026-04-30 03:30:00+00:00,2026-04-30 03:45:00+00:00,-221.6084000000086,-0.22213894345611906,-221.6084000000086,7365,7366,1,0.13,27384.823,27387.648,27305.689,27302.863999999998,27230.661125,1,signal_exit,-205.7484000000048,-220.43840000000858,14.690000000003778,1.17,15.860000000003778,99539.55754062432,6,TREND_06_LONG_T30
2026-04-30 14:15:00+00:00,2026-04-30 14:30:00+00:00,-308.7530624999997,-0.3101812687624121,-308.7530624999997,7408,7409,1,0.12,27367.443,27370.268,27244.895890625,27242.070890625,27244.895890625,1,atr_stop,-294.11306249999615,-307.6730624999997,13.560000000003527,1.08,14.640000000003527,99230.80447812432,6,TREND_06_LONG_T30
2026-04-30 20:30:00+00:00,2026-04-30 23:00:00+00:00,91.63879999999858,0.0923491454916105,91.63879999999858,7433,7436,1,0.11,27457.032,27459.857,27504.786,27501.961,27295.66059375,3,signal_exit,105.05880000000178,92.62879999999859,12.43000000000319,0.99,13.42000000000319,99322.44327812432,6,TREND_06_LONG_T30
2026-04-30 23:45:00+00:00,2026-05-01 00:00:00+00:00,-93.33500000000481,-0.09397171164894386,-93.33500000000481,7439,7440,1,0.11,27487.522,27490.347,27451.197,27448.372,27332.02590625,1,signal_exit,-79.9150000000016,-92.3450000000048,12.430000000003204,0.99,13.420000000003204,99229.10827812432,6,TREND_06_LONG_T30
2026-05-01 00:45:00+00:00,2026-05-01 05:15:00+00:00,41.080799999997836,0.04139994877798811,41.080799999997836,7443,7461,1,0.12,27479.425,27482.25,27502.642,27499.817,27348.674453125,18,signal_exit,55.72080000000133,42.160799999997835,13.560000000003498,1.08,14.640000000003498,99270.18907812433,6,TREND_06_LONG_T30
2026-05-04 05:45:00+00:00,2026-05-04 06:15:00+00:00,-6.855200000016776,-0.006905597807033312,-6.855200000016776,7552,7554,1,0.22,27825.258,27828.083000000002,27829.8,27826.975,27743.80284375,2,signal_exit,19.984799999989626,-4.8752000000167754,24.8600000000064,1.98,26.840000000006402,99263.33387812431,6,TREND_06_LONG_T30
2026-05-04 07:00:00+00:00,2026-05-04 07:15:00+00:00,-81.59800000000511,-0.08220356582037763,-81.59800000000511,7557,7558,1,0.22,27815.05,27817.875,27802.605,27799.78,27742.139609374997,1,signal_exit,-54.75799999999872,-79.61800000000513,24.86000000000641,1.98,26.84000000000641,99181.7358781243,6,TREND_06_LONG_T30
2026-05-05 05:45:00+00:00,2026-05-05 13:15:00+00:00,584.2803999999951,0.5891008004921044,584.2803999999951,7641,7671,1,0.19,27716.653,27719.478,27876.511,27873.685999999998,27655.612921874996,30,signal_exit,607.4604000000007,585.9903999999951,21.470000000005598,1.71,23.1800000000056,99766.0162781243,6,TREND_06_LONG_T30
2026-05-05 13:45:00+00:00,2026-05-05 14:45:00+00:00,527.445,0.5286820298904257,527.445,7673,7677,1,0.27,27860.0,27862.825,27963.775,27960.95,27795.860859375,4,signal_exit,560.385000000008,529.8750000000001,30.510000000007835,2.43,32.940000000007835,100293.4612781243,6,TREND_06_LONG_T30
2026-05-05 20:15:00+00:00,2026-05-05 23:15:00+00:00,519.8761999999969,0.5183550287075301,519.8761999999969,7699,7704,1,0.31,28051.126,28053.951,28141.077,28138.252,27962.546703125,5,signal_exit,557.6962000000059,522.6661999999968,35.03000000000907,2.79,37.82000000000907,100813.3374781243,6,TREND_06_LONG_T30
2026-05-06 05:45:00+00:00,2026-05-06 07:30:00+00:00,-12.399999999994181,-0.012299959817008222,-12.399999999994181,7730,7737,1,0.25,28207.566,28210.391,28211.186,28208.361,28124.9250625,7,signal_exit,18.100000000013097,-10.149999999994181,28.250000000007276,2.25,30.500000000007276,100800.93747812431,6,TREND_06_LONG_T30
2026-05-06 09:45:00+00:00,2026-05-06 10:00:00+00:00,571.5099999999838,0.5669689333236729,571.5099999999838,7746,7747,1,0.25,28243.131,28245.956000000002,28363.533,28360.708,28184.707562500003,1,signal_exit,602.0099999999911,573.7599999999838,28.250000000007276,2.25,30.500000000007276,101372.44747812429,6,TREND_06_LONG_T30
2026-05-07 09:00:00+00:00,2026-05-07 10:00:00+00:00,-170.10359999999812,-0.16780062455994832,-170.10359999999812,7832,7836,1,0.18,28661.62,28664.445,28620.469,28617.644,28596.3628125,4,signal_exit,-148.14359999999286,-168.48359999999812,20.34000000000526,1.6199999999999999,21.960000000005262,101202.34387812429,6,TREND_06_LONG_T30
2026-05-08 04:30:00+00:00,2026-05-08 13:45:00+00:00,852.7259999999827,0.8425951092861065,852.7259999999827,7903,7940,1,0.21,28639.436,28642.261000000002,28848.566,28845.740999999998,28522.683109375,37,signal_exit,878.345999999989,854.6159999999828,23.730000000006157,1.89,25.620000000006158,102055.06987812427,6,TREND_06_LONG_T30
2026-05-14 03:45:00+00:00,2026-05-14 04:00:00+00:00,-168.31200000000246,-0.1649227228015259,-168.31200000000246,8256,8257,1,0.2,29515.925,29518.75,29479.947,29477.122,29415.399296875,1,signal_exit,-143.91199999999665,-166.51200000000244,22.600000000005792,1.8,24.400000000005793,101886.75787812428,6,TREND_06_LONG_T30
2026-05-20 09:45:00+00:00,2026-05-20 15:00:00+00:00,-59.719400000000604,-0.05861350507534673,-59.719400000000604,8636,8657,1,0.13,29023.743,29026.568,29006.874,29004.049,28900.70425,21,signal_exit,-43.859399999996825,-58.5494000000006,14.690000000003778,1.17,15.860000000003778,101827.03847812428,6,TREND_06_LONG_T30
2026-05-20 20:00:00+00:00,2026-05-20 23:00:00+00:00,-517.3772500000057,-0.5080941739370678,-517.3772500000057,8677,8682,1,0.16,29210.378,29213.203,29054.797609375,29051.972609375,29054.797609375,5,atr_stop,-497.85725000000093,-515.9372500000056,18.080000000004702,1.44,19.520000000004703,101309.66122812427,6,TREND_06_LONG_T30
2026-05-21 03:45:00+00:00,2026-05-21 06:45:00+00:00,135.36959999999033,0.13361963544145264,135.36959999999033,8701,8713,1,0.16,29246.305,29249.13,29294.708,29291.882999999998,29131.2921875,12,signal_exit,154.88959999999497,136.80959999999033,18.080000000004645,1.44,19.520000000004647,101445.03082812426,6,TREND_06_LONG_T30
2026-05-21 07:30:00+00:00,2026-05-21 08:00:00+00:00,-343.06509375001366,-0.3381783128749402,-343.06509375001366,8716,8718,1,0.18,29276.175,29279.0,29186.979140624997,29184.154140624996,29186.979140624997,2,atr_stop,-321.1050937500084,-341.44509375001365,20.34000000000526,1.6199999999999999,21.960000000005262,101101.96573437424,6,TREND_06_LONG_T30
2026-05-22 02:15:00+00:00,2026-05-22 04:30:00+00:00,-107.2190000000094,-0.10605036135667874,-107.2190000000094,8784,8793,1,0.17,29492.446,29495.271,29467.011,29464.185999999998,29353.5613125,9,signal_exit,-86.47900000000446,-105.6890000000094,19.21000000000494,1.53,20.74000000000494,100994.74673437423,6,TREND_06_LONG_T30
2026-05-22 05:45:00+00:00,2026-05-22 07:15:00+00:00,-59.027400000000206,-0.05844601022194538,-59.027400000000206,8798,8804,1,0.17,29494.153,29496.978,29482.892,29480.067,29412.623078124998,6,signal_exit,-38.28739999999525,-57.497400000000205,19.210000000004953,1.53,20.740000000004954,100935.71933437423,6,TREND_06_LONG_T30
2026-05-22 20:00:00+00:00,2026-05-22 20:15:00+00:00,-226.05600000000854,-0.22396035961376842,-226.05600000000854,8855,8856,1,0.2,29575.169,29577.994000000002,29524.755,29521.93,29442.464078125002,1,signal_exit,-201.65600000000268,-224.25600000000853,22.60000000000585,1.8,24.40000000000585,100709.66333437423,6,TREND_06_LONG_T30
2026-05-25 03:30:00+00:00,2026-05-25 09:45:00+00:00,117.51480000000271,0.11668671715228796,117.51480000000271,8878,8903,1,0.18,29838.279,29841.104,29877.022,29874.197,29732.368765625,25,signal_exit,139.47480000000797,119.13480000000271,20.34000000000526,1.6199999999999999,21.960000000005262,100827.17813437423,6,TREND_06_LONG_T30
2026-05-27 02:45:00+00:00,2026-05-27 05:15:00+00:00,-203.86240000000865,-0.2021899291164506,-203.86240000000865,9040,9050,1,0.28,30068.403,30071.228,30038.099,30035.273999999998,29984.183390624996,10,signal_exit,-169.70240000000052,-201.34240000000867,31.640000000008143,2.5200000000000005,34.16000000000815,100623.31573437424,6,TREND_06_LONG_T30
2026-05-28 14:15:00+00:00,2026-05-28 14:30:00+00:00,-299.6453906250114,-0.2977892235394193,-299.6453906250114,9175,9176,1,0.15,29967.772,29970.597,29873.990203125,29871.165203124998,29873.990203125,1,atr_stop,-281.345390625007,-298.29539062501135,16.950000000004366,1.3499999999999999,18.300000000004367,100323.67034374923,6,TREND_06_LONG_T30
2026-05-28 20:00:00+00:00,2026-05-29 01:45:00+00:00,-180.80800000000167,-0.18022466620338026,-180.80800000000167,9198,9214,1,0.2,30215.343,30218.168,30176.241,30173.416,30090.324484375,16,signal_exit,-156.4079999999958,-179.00800000000166,22.60000000000585,1.8,24.40000000000585,100142.86234374924,6,TREND_06_LONG_T30
2026-05-29 13:00:00+00:00,2026-05-29 13:15:00+00:00,-169.50240000000576,-0.16926059035358285,-169.50240000000576,9256,9257,1,0.24,30276.509,30279.334,30247.296,30244.470999999998,30209.827359375,1,signal_exit,-140.22239999999874,-167.34240000000574,27.120000000006996,2.16,29.280000000006996,99973.35994374922,6,TREND_06_LONG_T30
2026-06-01 02:45:00+00:00,2026-06-01 08:30:00+00:00,-97.02000000000609,-0.09704585306985296,-97.02000000000609,9304,9327,1,0.21,30477.908,30480.733,30460.908,30458.083,30372.898234375,23,signal_exit,-71.39999999999999,-95.1300000000061,23.730000000006115,1.89,25.620000000006115,99876.3399437492,6,TREND_06_LONG_T30
2026-06-03 12:45:00+00:00,2026-06-03 13:30:00+00:00,-107.71200000001087,-0.10784536163487243,-107.71200000001087,9522,9525,1,0.22,30726.588,30729.413,30708.208,30705.382999999998,30653.357375,3,signal_exit,-80.87200000000449,-105.73200000001088,24.860000000006394,1.98,26.840000000006395,99768.62794374919,6,TREND_06_LONG_T30
2026-06-04 20:30:00+00:00,2026-06-04 21:00:00+00:00,-376.67839999999626,-0.3775519497094541,-376.67839999999626,9642,9644,1,0.16,30530.62,30533.445,30419.008,30416.183,30378.899609375,2,signal_exit,-357.15839999999156,-375.2383999999962,18.080000000004645,1.44,19.520000000004647,99391.94954374919,6,TREND_06_LONG_T30
2026-06-08 13:30:00+00:00,2026-06-08 15:00:00+00:00,-203.1102000000051,-0.20435276793781212,-203.1102000000051,9792,9798,1,0.09,29414.338,29417.163,29307.599,29304.773999999998,29254.12784375,6,signal_exit,-192.13020000000253,-202.3002000000051,10.170000000002574,0.8099999999999999,10.980000000002574,99188.83934374918,6,TREND_06_LONG_T30
2026-06-09 05:45:00+00:00,2026-06-09 13:15:00+00:00,119.81279999999852,0.12079262222715892,119.81279999999852,9850,9879,1,0.12,29579.033,29581.858,29635.055,29632.23,29435.164953125,29,signal_exit,134.45280000000204,120.89279999999853,13.560000000003512,1.08,14.640000000003512,99308.65214374918,6,TREND_06_LONG_T30
2026-06-11 07:45:00+00:00,2026-06-11 13:30:00+00:00,-39.860999999999486,-0.040138496636023945,-39.860999999999486,10035,10058,1,0.09,28730.331,28733.156,28714.286,28711.461,28536.318968749998,23,signal_exit,-28.88099999999686,-39.05099999999948,10.170000000002624,0.8099999999999999,10.980000000002624,99268.79114374917,6,TREND_06_LONG_T30
2026-06-12 00:45:00+00:00,2026-06-12 06:15:00+00:00,-70.63360000000569,-0.07115388349770732,-70.63360000000569,10096,10118,1,0.08,29535.489,29538.314000000002,29497.443,29494.618,29210.87525,22,signal_exit,-60.87360000000336,-69.91360000000569,9.04000000000233,0.72,9.76000000000233,99198.15754374917,6,TREND_06_LONG_T30
2026-06-15 03:30:00+00:00,2026-06-15 10:45:00+00:00,10.542400000001072,0.01062761674313515,10.542400000001072,10196,10225,1,0.08,30178.586,30181.411,30191.275,30188.45,30013.905765625,29,signal_exit,20.3024000000034,11.26240000000107,9.040000000002328,0.72,9.760000000002329,99208.69994374918,6,TREND_06_LONG_T30
2026-06-15 15:00:00+00:00,2026-06-16 00:45:00+00:00,213.69779999999722,0.2154022783497443,213.69779999999722,10242,10274,1,0.09,30376.408,30379.233,30501.229,30498.404,30278.09753125,32,signal_exit,224.67779999999985,214.50779999999722,10.17000000000263,0.8099999999999999,10.980000000002631,99422.39774374917,6,TREND_06_LONG_T30
2026-06-17 07:00:00+00:00,2026-06-17 10:45:00+00:00,-32.6640000000014,-0.03285376408260585,-32.6640000000014,10388,10403,1,0.2,30165.697,30168.522,30163.631,30160.806,30090.047234375,15,signal_exit,-8.263999999995578,-30.8640000000014,22.60000000000582,1.8,24.40000000000582,99389.73374374918,6,TREND_06_LONG_T30
2026-06-18 14:15:00+00:00,2026-06-18 14:30:00+00:00,-217.14173437500446,-0.21847501366172134,-217.14173437500446,10506,10507,1,0.09,30194.331,30197.156,30079.796703124997,30076.971703124997,30079.796703124997,1,atr_stop,-206.16173437500183,-216.33173437500446,10.17000000000263,0.8099999999999999,10.980000000002631,99172.59200937417,6,TREND_06_LONG_T30
2026-06-18 19:00:00+00:00,2026-06-18 23:45:00+00:00,-96.58260000000388,-0.09738839939857025,-96.58260000000388,10525,10537,1,0.09,30389.732,30392.557,30342.175,30339.35,30203.56278125,12,signal_exit,-85.60260000000126,-95.77260000000388,10.170000000002617,0.8099999999999999,10.980000000002617,99076.00940937416,6,TREND_06_LONG_T30
2026-06-19 00:45:00+00:00,2026-06-19 01:15:00+00:00,-111.02560000000318,-0.11206103340441807,-111.02560000000318,10541,10543,1,0.14,30367.783,30370.608,30334.231,30331.406,30209.391515625,2,signal_exit,-93.94559999999912,-109.76560000000319,15.820000000004072,1.2600000000000002,17.080000000004073,98964.98380937416,6,TREND_06_LONG_T30
2026-06-25 05:30:00+00:00,2026-06-25 08:45:00+00:00,205.9199999999974,0.20807359540081313,205.9199999999974,10904,10917,1,0.09,29984.38,29987.205,30104.88,30102.055,29756.21515625,13,signal_exit,216.9,206.7299999999974,10.170000000002602,0.8099999999999999,10.980000000002603,99170.90380937415,6,TREND_06_LONG_T30
2026-06-25 11:45:00+00:00,2026-06-25 16:30:00+00:00,-16.700000000002913,-0.01683961661991462,-16.700000000002913,10929,10948,1,0.1,30153.38,30156.205,30151.13,30148.305,30055.752656250002,19,signal_exit,-4.5,-15.800000000002912,11.300000000002912,0.9,12.200000000002913,99154.20380937416,6,TREND_06_LONG_T30
2026-06-29 11:45:00+00:00,2026-06-29 12:15:00+00:00,-66.37500000000524,-0.06694118600116283,-66.37500000000524,11113,11115,1,0.09,29684.75,29687.8375,29654.5,29651.4125,29521.16484375,2,signal_exit,-54.449999999999996,-65.56500000000524,11.115000000005246,0.8099999999999999,11.925000000005246,99087.82880937416,6,TREND_06_LONG_T30
2026-06-29 22:15:00+00:00,2026-06-30 01:15:00+00:00,-14.58000000000349,-0.014714218865419479,-14.58000000000349,11155,11163,1,0.08,30012.75,30015.575,30010.0,30006.9125,29787.5546875,8,signal_exit,-4.4,-13.860000000003492,9.460000000003491,0.72,10.180000000003492,99073.24880937416,6,TREND_06_LONG_T30
2026-06-30 02:15:00+00:00,2026-06-30 04:15:00+00:00,-123.26400000000446,-0.12441703636586653,-123.26400000000446,11167,11175,1,0.09,30029.13,30031.955,29966.75,29963.925,29863.21046875,8,signal_exit,-112.28400000000185,-122.45400000000446,10.170000000002602,0.8099999999999999,10.980000000002603,98949.98480937415,6,TREND_06_LONG_T30
2026-06-30 08:00:00+00:00,2026-06-30 09:45:00+00:00,-189.70600000000547,-0.19171907945763875,-189.70600000000547,11190,11197,1,0.11,30185.13,30187.955,30105.0,30102.175,30067.96046875,7,signal_exit,-176.28600000000222,-188.71600000000547,12.430000000003247,0.99,13.420000000003247,98760.27880937414,6,TREND_06_LONG_T30
2026-06-30 22:30:00+00:00,2026-07-01 04:15:00+00:00,-245.5500000000044,-0.2486323479037174,-245.5500000000044,11248,11267,1,0.15,30574.13,30576.955,30498.38,30495.555,30423.601875,19,signal_exit,-227.25,-244.20000000000437,16.950000000004366,1.3499999999999999,18.300000000004367,98514.72880937414,6,TREND_06_LONG_T30
